snapshot,tier,list_rank,ticker,score_status,critical_data_reasons,price,price_date,mb_research,ev_research,technical_research,market_refreshed_at,source_reviewed_at,promotion_blocker,evidence_status,input_audited_mb_score,mb_input_coverage,ev_input_coverage,completed_passes,warning_count,warnings,audit_file
2026-09-06T191051Z-membership_migration,action,1,ETN,legacy,,410.8500061035156,2026-09-04,73.81742599959672,55.91924193876439,40.48268040445756,2026-09-06T13:22:26.871829+00:00,2026-09-06T13:22:26.871829+00:00,"Use 14% organic growth, not 21% acquisition-inclusive growth.; Acquisition-related debt and a high starting market capitalization constrain per-share multibagger potential.",unreviewed,,1.0,1.0,,0,,
2026-09-06T191051Z-membership_migration,action,2,ZETA,legacy,,31.350000381469727,2026-09-04,72.27293871254759,66.01693056798202,83.24687217044453,2026-09-06T13:22:26.871829+00:00,2026-09-06T13:22:26.871829+00:00,"Reported growth includes acquired revenue; no invented organic growth, so current-growth subcomponent is excluded.",unreviewed,,0.925,1.0,,0,,
2026-09-06T191051Z-membership_migration,action,3,HUBB,legacy,,460.7200012207031,2026-09-04,70.25309925232233,63.73183147681212,25.057414152616644,2026-09-06T13:22:26.871829+00:00,2026-09-06T13:22:26.871829+00:00,"Use 10% organic growth, not 15% acquisition-inclusive growth.; NSI acquisition increased debt; the historical low-leverage narrative no longer describes the latest balance sheet.",unreviewed,,1.0,1.0,,0,,
2026-09-06T191051Z-membership_migration,action,4,VST,legacy,,149.3000030517578,2026-09-04,68.33640323257958,60.55301239331618,60.05627515243009,2026-09-06T13:22:26.871829+00:00,2026-09-06T13:22:26.871829+00:00,"Use conventional CFO-minus-total-capex, not issuer free-cash-flow-before-growth.; Hedging, derivatives and acquisition timing complicate GAAP margins; trailing/forward ratio definitions must remain separate.",unreviewed,,1.0,1.0,,0,,
2026-09-06T191051Z-membership_migration,action,5,FIGR,legacy,,35.959999084472656,2026-09-04,66.1902448640725,59.07533209575477,64.92602042885609,2026-09-06T13:22:26.871829+00:00,2026-09-06T13:22:26.871829+00:00,"Latest-quarter net revenue differs from vendor standardization. Finance-company CFO, gross profit and EV are not directly comparable to industrial/software companies.; September 1 Kiavi acquisition is not incorporated in the June balance sheet; the mechanical score is not promotion-ready.",unreviewed,,1.0,1.0,,0,,
2026-09-06T191051Z-membership_migration,action,6,CRMD,legacy,,8.430000305175781,2026-09-04,65.90310729651831,67.2481677643295,76.59742656145417,2026-09-06T13:22:26.871829+00:00,2026-09-06T13:22:26.871829+00:00,Bridge grant-inclusive GAAP revenue from annual and half-year figures; do not use a mixed standardized revenue denominator.; Trailing cash generation is not a sustainable forecast: FY2026 revenue guidance is $325-345M and FY+1 consensus declines; TDAPA reimbursement transition is material.,unreviewed,,0.925,1.0,,0,,
2026-09-06T191051Z-membership_migration,action,7,AXTI,legacy,,61.63999938964844,2026-09-04,63.170923685565576,51.90593600311274,33.14120938033789,2026-09-06T13:22:26.871829+00:00,2026-09-06T13:22:26.871829+00:00,China manufacturing/export permits and the substrate cycle can undermine extrapolated AI-driven growth.,unreviewed,,1.0,1.0,,0,,
2026-09-06T191051Z-membership_migration,action,8,KTOS,legacy,,47.81999969482422,2026-09-04,62.09315798393596,45.607903960471646,13.055551883893084,2026-09-06T13:22:26.871829+00:00,2026-09-06T13:22:26.871829+00:00,"Use 19.1% organic growth, not 30.5% acquisition-inclusive growth.; Issuer Q2 FCF includes $9.3M asset-sale proceeds; model excludes such proceeds and uses CFO-minus-capex.",unreviewed,,1.0,1.0,,0,,
2026-09-06T191051Z-membership_migration,action,9,EVLV,legacy,,5.0,2026-09-04,58.961169683588494,54.075996711949415,16.711316874913596,2026-09-06T13:22:26.871829+00:00,2026-09-06T13:22:26.871829+00:00,ARR growth is distinct from purchase/subscription hardware revenue; do not equate all revenue growth with recurring growth.,unreviewed,,1.0,0.7,,0,,
2026-09-06T191051Z-membership_migration,action,10,RKLB,legacy,,64.26000213623047,2026-09-04,58.47354551263367,12.386935306665032,15.979714991822755,2026-09-06T13:22:26.871829+00:00,2026-09-06T13:22:26.871829+00:00,"Material acquisition contributions were not separated from latest revenue growth; exclude that half of the growth factor.; Neutron execution, capital spending and financing remain key risks.",unreviewed,,0.925,0.7,,0,,
2026-09-06T191051Z-membership_migration,candidate,1,AVAV,legacy,,144.64999389648438,2026-09-04,58.03644002226487,29.76852487844245,14.52573404503507,2026-09-06T13:22:26.871829+00:00,2026-09-06T13:22:26.871829+00:00,Use FY2026 annual GAAP operating loss including $240.708M goodwill impairment; quarter sums mix classifications.; 133% Q4 headline growth is acquisition-heavy; exclude it as organic. Diluted Q4 weighted shares rose about 79%.,unreviewed,,0.925,1.0,,0,,
2026-09-06T191051Z-membership_migration,candidate,2,BKSY,legacy,,20.5,2026-09-04,57.46454203500005,45.18086632418509,8.185117264594231,2026-09-06T13:22:26.871829+00:00,2026-09-06T13:22:26.871829+00:00,"Productive capex includes satellite work in process, not only PPE.; Reported cost of sales excludes D&A; valuation gross-profit proxy is not a fully harmonized cross-sector margin.",unreviewed,,1.0,0.7,,0,,
2026-09-06T191051Z-membership_migration,candidate,3,GRRR,legacy,,13.789999961853027,2026-09-04,56.27153560624217,39.00907199945465,42.46159884398459,2026-09-06T13:22:26.871829+00:00,2026-09-06T13:22:26.871829+00:00,Rebuilt CFO-minus-capex is negative despite positive vendor info.freeCashflow.; July bond funding makes June liquidity and EV inputs provisional; the mechanical score is not promotion-ready.,unreviewed,,1.0,1.0,,0,,
2026-09-06T191051Z-membership_migration,candidate,4,AMPX,legacy,,9.890000343322754,2026-09-04,55.21469937913151,44.21034442813687,20.869918596675525,2026-09-06T13:22:26.871829+00:00,2026-09-06T13:22:26.871829+00:00,Vendor four-quarter revenue is about 1% below the issuer annual-plus-interim bridge; retain the vendor series with a visible reconciliation flag.; Conventional trailing FCF includes the facility-exit cash payment; current capital-light economics may improve.,unreviewed,,1.0,1.0,,0,,
2026-09-06T191051Z-membership_migration,candidate,5,RGTI,legacy,,15.2,2026-09-04,53.55872565970581,9.0946511566181,19.798664015753765,2026-09-06T17:49:29.121213+00:00,2026-09-06T17:49:29.121213+00:00,"Tiny sales against $5.1b equity value, roughly 103x EV/next-fiscal-year consensus revenue; commercial quantum advantage unproven.",unreviewed,,1.0,0.7,,0,,
2026-09-06T191051Z-membership_migration,candidate,6,NBIS,legacy,,226.38999938964844,2026-09-04,52.49337412462735,43.110315947527944,70.47405897564224,2026-09-06T13:22:26.871829+00:00,2026-09-06T13:22:26.871829+00:00,"Use operating income plus operating D&A, not EBITDA contaminated by nonoperating investment gains.; Customer prepayments support CFO but are not free recurring profit. Gross profit excludes separately reported D&A.",unreviewed,,1.0,0.7,,0,,
2026-09-06T191051Z-membership_migration,candidate,7,SSII,legacy,,3.4100000858306885,2026-09-04,52.240730769298054,30.095061240459106,27.64535933842643,2026-09-06T13:22:26.871829+00:00,2026-09-06T13:22:26.871829+00:00,"Pending U.S./European approvals are future catalysts, not approvals already obtained.; Limited cash and operating losses constrain the thesis despite installed-base growth.",unreviewed,,1.0,0.7,,0,,
2026-09-06T191051Z-membership_migration,candidate,8,QBTS,legacy,,16.58,2026-09-04,50.421063880094195,8.242659352690108,15.301350817511565,2026-09-06T17:49:29.121213+00:00,2026-09-06T17:49:29.121213+00:00,Q2 sales about $3.1m essentially flat; H1 down 67% despite strong bookings; roughly 70x EV/next-fiscal-year consensus sales and acquisition integration risk.,unreviewed,,0.925,0.7,,0,,
2026-09-06T191051Z-membership_migration,candidate,9,IREN,legacy,,44.68000030517578,2026-09-04,49.945542126080454,49.93769620949422,61.68458206734786,2026-09-06T13:22:26.871829+00:00,2026-09-06T13:22:26.871829+00:00,Annual reported operating loss includes impairments; standardized operating income omits material charges. Contracted ARR is not recognized revenue.; Gross profit proxy is before separately reported D&A. Positive CFO includes customer prepayments.,unreviewed,,1.0,0.7,,0,,
2026-09-06T191051Z-membership_migration,candidate,10,TSSI,legacy,,8.420000076293945,2026-09-04,49.69538443861515,44.147041375862656,20.3905795864556,2026-09-06T13:22:26.871829+00:00,2026-09-06T13:22:26.871829+00:00,Procurement is low-margin/pass-through revenue; the decline in consolidated revenue does not describe integration growth.; Customer concentration and working-capital swings weaken comparability.,unreviewed,,1.0,1.0,,0,,
2026-09-06T191051Z-membership_migration,candidate,11,SOUN,legacy,,6.739999771118164,2026-09-04,49.31391094900899,23.92193781277483,26.07711359171761,2026-09-06T13:22:26.871829+00:00,2026-09-06T13:22:26.871829+00:00,"LivePerson closed September 4; 36,894,839 debt-settlement shares are not the entire merger issuance.; The quote vendor capital base/forward consensus and June balance sheet are not verified post-close; mechanical score is provisional and not promotion-ready.",unreviewed,,0.925,0.7,,0,,
2026-09-06T191051Z-membership_migration,candidate,12,POET,legacy,,7.920000076293945,2026-09-04,47.5,,26.4525900324632,2026-09-06T13:22:26.871829+00:00,2026-09-06T13:22:26.871829+00:00,"Vendor Q4 capex is missing and PPE purchases reverse sign; do not invent zero capex.; Gross profit is absent from the vendor statement panel, so its valuation component is unknown, not zero.",unreviewed,,0.7,0,,0,,
2026-09-06T191051Z-membership_migration,candidate,13,OKLO,legacy,,41.27,2026-09-04,46.76357598400801,6.407218301405093,31.936765078511502,2026-09-06T17:49:29.121213+00:00,2026-09-06T17:49:29.121213+00:00,"First $1.21m quarterly revenue is ancillary services, not commercial Aurora electricity. First commercial powerhouse targeted for 2028; licensing, fuel, construction and economics still uncertain.",unreviewed,,0.925,0.7,,0,,
2026-09-06T191051Z-membership_migration,candidate,14,WULF,legacy,,16.510000228881836,2026-09-04,45.55028263068127,17.63886304961562,44.23137433275646,2026-09-06T13:22:26.871829+00:00,2026-09-06T13:22:26.871829+00:00,Do not include restricted cash in available liquidity; long-duration lease values are not current revenue.; Gross profit excludes separately reported D&A. Construction spending and subsequent asset transactions make trailing ratios imperfect.,unreviewed,,1.0,1.0,,0,,
2026-09-06T191051Z-membership_migration,candidate,15,APLD,legacy,,26.3700008392334,2026-09-04,44.52357096801492,15.820086442215372,25.62322265524547,2026-09-06T13:22:26.871829+00:00,2026-09-06T13:22:26.871829+00:00,Use the latest annual statement instead of summing quarters with mixed discontinued-operation restatements.; Preferred/minority capital and future construction obligations complicate EV and common-equity upside.,unreviewed,,0.925,0.7,,0,,
2026-09-06T191051Z-membership_migration,candidate,16,SMR,legacy,,9.7,2026-09-04,41.62308105211615,0.0,60.37994890924229,2026-09-06T17:49:29.121213+00:00,2026-09-06T17:49:29.121213+00:00,"ENTRA1/TVA negotiations not a signed funded fleet; approximately $507m milestone expense followed nonbinding 2025 arrangement, increasing financing risk. Class exchanges must not be mistaken for true new dilution.",unreviewed,,1.0,0.7,,0,,
2026-09-06T191051Z-membership_migration,candidate,17,RR,legacy,,1.75,2026-09-04,41.27601739526702,23.7651159684468,48.66061605867152,2026-09-06T13:22:26.871829+00:00,2026-09-06T13:22:26.871829+00:00,Large cash holdings arose from financing; small revenue scale and dilution must not be mistaken for proven profitability.,unreviewed,,1.0,0.7,,0,,
2026-09-06T191051Z-membership_migration,candidate,18,EOSE,legacy,,3.88,2026-09-04,40.82808468697384,0.0,46.64571322575272,2026-09-06T17:49:29.121213+00:00,2026-09-06T17:49:29.121213+00:00,"Q2 gross margin about -71%; $55.0m of $68.8m sales related-party; downward-guidance narrowing; restricted cash, debt and mezzanine preferred claims.",unreviewed,,1.0,0.7,,0,,
2026-09-06T191051Z-membership_migration,candidate,19,RZLV,legacy,,2.2100000381469727,2026-09-04,40.13737894080806,51.84563424433586,17.75819237722261,2026-09-06T13:22:26.871829+00:00,2026-09-06T13:22:26.871829+00:00,"Use SEC H1 cash flow of -$91.956M, not the earlier approximate -$96.1M. Exclude $67.392M restricted cash.; SEC H1 states substantial doubt about going concern; trailing growth is acquisition-heavy.",unreviewed,,0.925,0.7,,0,,
2026-09-06T191051Z-membership_migration,candidate,20,SERV,legacy,,4.945000171661377,2026-09-04,31.563286298526336,0.0,43.78668988247342,2026-09-06T13:22:26.871829+00:00,2026-09-06T13:22:26.871829+00:00,FY2026 revenue guidance was reduced from $26M to $9-10M on August 6; earlier dashboard optimism did not fully reflect this.; Reported growth includes Diligent Robotics; commercial delivery and unit economics remain unproved.,unreviewed,,0.925,0.7,,0,,
2026-09-06T191052Z-weekly,action,1,ETN,legacy,,410.8500061035156,2026-09-04,73.81742594429045,55.91924168066843,40.48268040445756,2026-09-06T19:10:52+00:00,2026-09-06T13:22:26.871829+00:00,"Use 14% organic growth, not 21% acquisition-inclusive growth.; Acquisition-related debt and a high starting market capitalization constrain per-share multibagger potential.",unreviewed,,1.0,1.0,,0,,
2026-09-06T191052Z-weekly,action,2,ZETA,legacy,,31.350000381469727,2026-09-04,72.27293866947544,66.01693038205389,83.24687217044453,2026-09-06T19:10:52+00:00,2026-09-06T13:22:26.871829+00:00,"Reported growth includes acquired revenue; no invented organic growth, so current-growth subcomponent is excluded.",unreviewed,,0.925,1.0,,0,,
2026-09-06T191052Z-weekly,action,3,HUBB,legacy,,460.7200012207031,2026-09-04,70.25309924293809,63.731831433019025,25.057414152616644,2026-09-06T19:10:52+00:00,2026-09-06T13:22:26.871829+00:00,"Use 10% organic growth, not 15% acquisition-inclusive growth.; NSI acquisition increased debt; the historical low-leverage narrative no longer describes the latest balance sheet.",unreviewed,,1.0,1.0,,0,,
2026-09-06T191052Z-weekly,action,4,VST,legacy,,149.3000030517578,2026-09-04,68.336403155281,60.55301203258951,60.05627515243008,2026-09-06T19:10:52+00:00,2026-09-06T13:22:26.871829+00:00,"Use conventional CFO-minus-total-capex, not issuer free-cash-flow-before-growth.; Hedging, derivatives and acquisition timing complicate GAAP margins; trailing/forward ratio definitions must remain separate.",unreviewed,,1.0,1.0,,0,,
2026-09-06T191052Z-weekly,action,5,FIGR,legacy,,35.959999084472656,2026-09-04,66.19024491178791,59.0753323184267,64.92602042885609,2026-09-06T19:10:52+00:00,2026-09-06T13:22:26.871829+00:00,"Latest-quarter net revenue differs from vendor standardization. Finance-company CFO, gross profit and EV are not directly comparable to industrial/software companies.; September 1 Kiavi acquisition is not incorporated in the June balance sheet; the mechanical score is not promotion-ready.",unreviewed,,1.0,1.0,,0,,
2026-09-06T191052Z-weekly,action,6,CRMD,legacy,,8.430000305175781,2026-09-04,65.9031072477157,67.24816755366486,76.59742656145417,2026-09-06T19:10:52+00:00,2026-09-06T13:22:26.871829+00:00,Bridge grant-inclusive GAAP revenue from annual and half-year figures; do not use a mixed standardized revenue denominator.; Trailing cash generation is not a sustainable forecast: FY2026 revenue guidance is $325-345M and FY+1 consensus declines; TDAPA reimbursement transition is material.,unreviewed,,0.925,1.0,,0,,
2026-09-06T191052Z-weekly,action,7,AXTI,legacy,,61.63999938964844,2026-09-04,63.170923713066315,51.90593613144953,33.14120938033789,2026-09-06T19:10:52+00:00,2026-09-06T13:22:26.871829+00:00,China manufacturing/export permits and the substrate cycle can undermine extrapolated AI-driven growth.,unreviewed,,1.0,1.0,,0,,
2026-09-06T191052Z-weekly,action,8,KTOS,legacy,,47.81999969482422,2026-09-04,62.09315800372171,45.607904052805154,13.055551883893086,2026-09-06T19:10:52+00:00,2026-09-06T13:22:26.871829+00:00,"Use 19.1% organic growth, not 30.5% acquisition-inclusive growth.; Issuer Q2 FCF includes $9.3M asset-sale proceeds; model excludes such proceeds and uses CFO-minus-capex.",unreviewed,,1.0,1.0,,0,,
2026-09-06T191052Z-weekly,action,9,EVLV,legacy,,5.0,2026-09-04,58.961169683588494,54.075996711949415,16.711316874913592,2026-09-06T19:10:52+00:00,2026-09-06T13:22:26.871829+00:00,ARR growth is distinct from purchase/subscription hardware revenue; do not equate all revenue growth with recurring growth.,unreviewed,,1.0,0.7,,0,,
2026-09-06T191052Z-weekly,action,10,RKLB,legacy,,64.26000213623047,2026-09-04,58.473545532111146,12.386935426776123,15.979714991822757,2026-09-06T19:10:52+00:00,2026-09-06T13:22:26.871829+00:00,"Material acquisition contributions were not separated from latest revenue growth; exclude that half of the growth factor.; Neutron execution, capital spending and financing remain key risks.",unreviewed,,0.925,0.7,,0,,
2026-09-06T191052Z-weekly,candidate,1,AVAV,legacy,,144.64999389648438,2026-09-04,58.03644012485716,29.768525321299144,14.525734045035072,2026-09-06T19:10:52+00:00,2026-09-06T13:22:26.871829+00:00,Use FY2026 annual GAAP operating loss including $240.708M goodwill impairment; quarter sums mix classifications.; 133% Q4 headline growth is acquisition-heavy; exclude it as organic. Diluted Q4 weighted shares rose about 79%.,unreviewed,,0.925,1.0,,0,,
2026-09-06T191052Z-weekly,candidate,2,BKSY,legacy,,20.5,2026-09-04,57.46454203500005,45.18086632418509,8.185117264594233,2026-09-06T19:10:52+00:00,2026-09-06T13:22:26.871829+00:00,"Productive capex includes satellite work in process, not only PPE.; Reported cost of sales excludes D&A; valuation gross-profit proxy is not a fully harmonized cross-sector margin.",unreviewed,,1.0,0.7,,0,,
2026-09-06T191052Z-weekly,candidate,3,GRRR,legacy,,13.789999961853027,2026-09-04,56.27153560712215,39.009072003561236,42.46159884398459,2026-09-06T19:10:52+00:00,2026-09-06T13:22:26.871829+00:00,Rebuilt CFO-minus-capex is negative despite positive vendor info.freeCashflow.; July bond funding makes June liquidity and EV inputs provisional; the mechanical score is not promotion-ready.,unreviewed,,1.0,1.0,,0,,
2026-09-06T191052Z-weekly,candidate,4,AMPX,legacy,,9.890000343322754,2026-09-04,55.21469928185485,44.210343974179146,20.869918596675525,2026-09-06T19:10:52+00:00,2026-09-06T13:22:26.871829+00:00,Vendor four-quarter revenue is about 1% below the issuer annual-plus-interim bridge; retain the vendor series with a visible reconciliation flag.; Conventional trailing FCF includes the facility-exit cash payment; current capital-light economics may improve.,unreviewed,,1.0,1.0,,0,,
2026-09-06T191052Z-weekly,candidate,5,RGTI,legacy,,15.199999809265137,2026-09-04,53.5587256467082,9.09465106996739,19.798664015753765,2026-09-06T19:10:52+00:00,2026-09-06T17:49:29.121213+00:00,"Tiny sales against $5.1b equity value, roughly 103x EV/next-fiscal-year consensus revenue; commercial quantum advantage unproven.",unreviewed,,1.0,0.7,,0,,
2026-09-06T191052Z-weekly,candidate,6,NBIS,legacy,,226.38999938964844,2026-09-04,52.49337412747878,43.110315966537435,70.47405897564224,2026-09-06T19:10:52+00:00,2026-09-06T13:22:26.871829+00:00,"Use operating income plus operating D&A, not EBITDA contaminated by nonoperating investment gains.; Customer prepayments support CFO but are not free recurring profit. Gross profit excludes separately reported D&A.",unreviewed,,1.0,0.7,,0,,
2026-09-06T191052Z-weekly,candidate,7,SSII,legacy,,3.4100000858306885,2026-09-04,52.240730672781574,30.09506059701596,27.64535933842643,2026-09-06T19:10:52+00:00,2026-09-06T13:22:26.871829+00:00,"Pending U.S./European approvals are future catalysts, not approvals already obtained.; Limited cash and operating losses constrain the thesis despite installed-base growth.",unreviewed,,1.0,0.7,,0,,
2026-09-06T191052Z-weekly,candidate,8,QBTS,legacy,,16.579999923706055,2026-09-04,50.421063874305666,8.242659316994203,15.301350817511565,2026-09-06T19:10:52+00:00,2026-09-06T17:49:29.121213+00:00,Q2 sales about $3.1m essentially flat; H1 down 67% despite strong bookings; roughly 70x EV/next-fiscal-year consensus sales and acquisition integration risk.,unreviewed,,0.925,0.7,,0,,
2026-09-06T191052Z-weekly,candidate,9,IREN,legacy,,44.68000030517578,2026-09-04,49.94554211402831,49.93769612914653,61.68458206734786,2026-09-06T19:10:52+00:00,2026-09-06T13:22:26.871829+00:00,Annual reported operating loss includes impairments; standardized operating income omits material charges. Contracted ARR is not recognized revenue.; Gross profit proxy is before separately reported D&A. Positive CFO includes customer prepayments.,unreviewed,,1.0,0.7,,0,,
2026-09-06T191052Z-weekly,candidate,10,TSSI,legacy,,8.420000076293945,2026-09-04,49.69538442834772,44.147041327947974,20.3905795864556,2026-09-06T19:10:52+00:00,2026-09-06T13:22:26.871829+00:00,Procurement is low-margin/pass-through revenue; the decline in consolidated revenue does not describe integration growth.; Customer concentration and working-capital swings weaken comparability.,unreviewed,,1.0,1.0,,0,,
2026-09-06T191052Z-weekly,candidate,11,SOUN,legacy,,6.739999771118164,2026-09-04,49.31391103144702,23.921938321142655,26.077113591717605,2026-09-06T19:10:52+00:00,2026-09-06T13:22:26.871829+00:00,"LivePerson closed September 4; 36,894,839 debt-settlement shares are not the entire merger issuance.; The quote vendor capital base/forward consensus and June balance sheet are not verified post-close; mechanical score is provisional and not promotion-ready.",unreviewed,,0.925,0.7,,0,,
2026-09-06T191052Z-weekly,candidate,12,POET,legacy,,7.920000076293945,2026-09-04,47.5,,26.4525900324632,2026-09-06T19:10:52+00:00,2026-09-06T13:22:26.871829+00:00,"Vendor Q4 capex is missing and PPE purchases reverse sign; do not invent zero capex.; Gross profit is absent from the vendor statement panel, so its valuation component is unknown, not zero.",unreviewed,,0.7,0,,0,,
2026-09-06T191052Z-weekly,candidate,13,OKLO,legacy,,41.27000045776367,2026-09-04,46.76357599047031,6.407218341255952,31.936765078511502,2026-09-06T19:10:52+00:00,2026-09-06T17:49:29.121213+00:00,"First $1.21m quarterly revenue is ancillary services, not commercial Aurora electricity. First commercial powerhouse targeted for 2028; licensing, fuel, construction and economics still uncertain.",unreviewed,,0.925,0.7,,0,,
2026-09-06T191052Z-weekly,candidate,14,WULF,legacy,,16.510000228881836,2026-09-04,45.55028258996546,17.638862859608494,44.23137433275646,2026-09-06T19:10:52+00:00,2026-09-06T13:22:26.871829+00:00,Do not include restricted cash in available liquidity; long-duration lease values are not current revenue.; Gross profit excludes separately reported D&A. Construction spending and subsequent asset transactions make trailing ratios imperfect.,unreviewed,,1.0,1.0,,0,,
2026-09-06T191052Z-weekly,candidate,15,APLD,legacy,,26.3700008392334,2026-09-04,44.523570908953964,15.82008607800609,25.623222655245474,2026-09-06T19:10:52+00:00,2026-09-06T13:22:26.871829+00:00,Use the latest annual statement instead of summing quarters with mixed discontinued-operation restatements.; Preferred/minority capital and future construction obligations complicate EV and common-equity upside.,unreviewed,,0.925,0.7,,0,,
2026-09-06T191052Z-weekly,candidate,16,SMR,legacy,,9.699999809265137,2026-09-04,41.62308105211615,0.0,60.37994890924229,2026-09-06T19:10:52+00:00,2026-09-06T17:49:29.121213+00:00,"ENTRA1/TVA negotiations not a signed funded fleet; approximately $507m milestone expense followed nonbinding 2025 arrangement, increasing financing risk. Class exchanges must not be mistaken for true new dilution.",unreviewed,,1.0,0.7,,0,,
2026-09-06T191052Z-weekly,candidate,17,RR,legacy,,1.75,2026-09-04,41.27601739526702,23.7651159684468,48.66061605867152,2026-09-06T19:10:52+00:00,2026-09-06T13:22:26.871829+00:00,Large cash holdings arose from financing; small revenue scale and dilution must not be mistaken for proven profitability.,unreviewed,,1.0,0.7,,0,,
2026-09-06T191052Z-weekly,candidate,18,EOSE,legacy,,3.880000114440918,2026-09-04,40.82808468697384,0.0,46.64571322575272,2026-09-06T19:10:52+00:00,2026-09-06T17:49:29.121213+00:00,"Q2 gross margin about -71%; $55.0m of $68.8m sales related-party; downward-guidance narrowing; restricted cash, debt and mezzanine preferred claims.",unreviewed,,1.0,0.7,,0,,
2026-09-06T191052Z-weekly,candidate,19,RZLV,legacy,,2.2100000381469727,2026-09-04,40.20546494078479,52.265497910859004,17.75819237722262,2026-09-06T19:10:52+00:00,2026-09-06T13:22:26.871829+00:00,"Use SEC H1 cash flow of -$91.956M, not the earlier approximate -$96.1M. Exclude $67.392M restricted cash.; SEC H1 states substantial doubt about going concern; trailing growth is acquisition-heavy.",unreviewed,,0.925,0.7,,0,,
2026-09-06T191052Z-weekly,candidate,20,SERV,legacy,,4.945000171661377,2026-09-04,31.563286298526336,0.0,43.78668988247341,2026-09-06T19:10:52+00:00,2026-09-06T13:22:26.871829+00:00,FY2026 revenue guidance was reduced from $26M to $9-10M on August 6; earlier dashboard optimism did not fully reflect this.; Reported growth includes Diligent Robotics; commercial delivery and unit economics remain unproved.,unreviewed,,0.925,0.7,,0,,
2026-09-07T015822Z-evidence_repair,action,1,ETN,legacy,,410.8500061035156,2026-09-04,73.81626389216373,55.91876120552828,40.48268040445756,2026-09-06T21:00:27.275098+00:00,2026-09-07T01:58:22+00:00,"No material evidence gap; valuation, entry and weekly persistence gates still apply.",reviewed_within_scope,73.81626389216373,1.0,1.0,6,2,"Some historical cells are standardized vendor observations, not independently primary-verified values. Per-cell sources are shown.; The broader six-pass research programme remains incomplete. A passed input audit is not a fully verified MB score.",./evidence_audit/2026-09-06/ETN.json
2026-09-07T015822Z-evidence_repair,action,2,ZETA,legacy,,31.350000381469727,2026-09-04,72.69906989939297,66.01693038205389,83.24687217044453,2026-09-06T21:00:27.276722+00:00,2026-09-07T01:58:22+00:00,"No material evidence gap; valuation, entry and weekly persistence gates still apply.",reviewed_within_scope,72.69906989939297,1.0,1.0,6,2,"Some historical cells are standardized vendor observations, not independently primary-verified values. Per-cell sources are shown.; The broader six-pass research programme remains incomplete. A passed input audit is not a fully verified MB score.",./evidence_audit/2026-09-06/ZETA.json
2026-09-07T015822Z-evidence_repair,action,3,HUBB,legacy,,460.7200012207031,2026-09-04,70.25309924293809,63.731831433019025,25.057414152616644,2026-09-06T21:00:27.278122+00:00,2026-09-07T01:58:22+00:00,"No material evidence gap; valuation, entry and weekly persistence gates still apply.",reviewed_within_scope,70.25309924293809,1.0,1.0,6,2,"Some historical cells are standardized vendor observations, not independently primary-verified values. Per-cell sources are shown.; The broader six-pass research programme remains incomplete. A passed input audit is not a fully verified MB score.",./evidence_audit/2026-09-06/HUBB.json
2026-09-07T015822Z-evidence_repair,action,4,CRMD,legacy,,8.430000305175781,2026-09-04,68.46037420413701,67.24816755366486,76.59742656145417,2026-09-06T21:00:28.774606+00:00,2026-09-07T01:58:22+00:00,"No material evidence gap; valuation, entry and weekly persistence gates still apply.",reviewed_within_scope,68.46037420413701,1.0,1.0,6,2,"Some historical cells are standardized vendor observations, not independently primary-verified values. Per-cell sources are shown.; The broader six-pass research programme remains incomplete. A passed input audit is not a fully verified MB score.",./evidence_audit/2026-09-06/CRMD.json
2026-09-07T015822Z-evidence_repair,action,5,AXTI,legacy,,61.63999938964844,2026-09-04,63.170923713066315,51.90593613144953,33.14120938033789,2026-09-06T21:00:30.071897+00:00,2026-09-07T01:58:22+00:00,"No material evidence gap; valuation, entry and weekly persistence gates still apply.",reviewed_within_scope,63.170923713066315,1.0,1.0,6,2,"Some historical cells are standardized vendor observations, not independently primary-verified values. Per-cell sources are shown.; The broader six-pass research programme remains incomplete. A passed input audit is not a fully verified MB score.",./evidence_audit/2026-09-06/AXTI.json
2026-09-07T015822Z-evidence_repair,action,6,KTOS,legacy,,47.81999969482422,2026-09-04,62.09315800372171,45.607904052805154,13.055551883893086,2026-09-06T21:00:30.143456+00:00,2026-09-07T01:58:22+00:00,"No material evidence gap; valuation, entry and weekly persistence gates still apply.",reviewed_within_scope,62.09315800372171,1.0,1.0,6,2,"Some historical cells are standardized vendor observations, not independently primary-verified values. Per-cell sources are shown.; The broader six-pass research programme remains incomplete. A passed input audit is not a fully verified MB score.",./evidence_audit/2026-09-06/KTOS.json
2026-09-07T015822Z-evidence_repair,action,7,AVAV,legacy,,144.64999389648438,2026-09-04,59.73145297988116,29.768525321299144,14.525734045035072,2026-09-06T21:00:31.505913+00:00,2026-09-07T01:58:22+00:00,"No material evidence gap; valuation, entry and weekly persistence gates still apply.",reviewed_within_scope,59.73145297988116,1.0,1.0,6,2,"Some historical cells are standardized vendor observations, not independently primary-verified values. Per-cell sources are shown.; The broader six-pass research programme remains incomplete. A passed input audit is not a fully verified MB score.",./evidence_audit/2026-09-06/AVAV.json
2026-09-07T015822Z-evidence_repair,action,8,EVLV,legacy,,5.0,2026-09-04,58.961169683588494,54.075996711949415,16.711316874913592,2026-09-06T21:00:30.187063+00:00,2026-09-07T01:58:22+00:00,Comparable positive-baseline EPS revision unavailable; E&V is valuation-only or partially covered. Raw estimates remain visible.,reviewed_within_scope,58.961169683588494,1.0,0.7,6,3,"Comparable positive-baseline EPS revision unavailable; E&V is valuation-only or partially covered. Raw estimates remain visible.; Some historical cells are standardized vendor observations, not independently primary-verified values. Per-cell sources are shown.; The broader six-pass research programme remains incomplete. A passed input audit is not a fully verified MB score.",./evidence_audit/2026-09-06/EVLV.json
2026-09-07T015822Z-evidence_repair,action,9,BKSY,legacy,,20.5,2026-09-04,57.46454203500005,45.18086632418509,8.185117264594233,2026-09-06T21:00:31.529825+00:00,2026-09-07T01:58:22+00:00,Comparable positive-baseline EPS revision unavailable; E&V is valuation-only or partially covered. Raw estimates remain visible.,reviewed_within_scope,57.46454203500005,1.0,0.7,6,3,"Comparable positive-baseline EPS revision unavailable; E&V is valuation-only or partially covered. Raw estimates remain visible.; Some historical cells are standardized vendor observations, not independently primary-verified values. Per-cell sources are shown.; The broader six-pass research programme remains incomplete. A passed input audit is not a fully verified MB score.",./evidence_audit/2026-09-06/BKSY.json
2026-09-07T015822Z-evidence_repair,action,10,AMPX,legacy,,9.890000343322754,2026-09-04,55.20026099572458,44.05613779987506,20.869918596675525,2026-09-06T21:00:32.772248+00:00,2026-09-07T01:58:22+00:00,"No material evidence gap; valuation, entry and weekly persistence gates still apply.",reviewed_within_scope,55.20026099572458,1.0,1.0,6,2,"Some historical cells are standardized vendor observations, not independently primary-verified values. Per-cell sources are shown.; The broader six-pass research programme remains incomplete. A passed input audit is not a fully verified MB score.",./evidence_audit/2026-09-06/AMPX.json
2026-09-07T015822Z-evidence_repair,candidate,1,VST,legacy,,149.3000030517578,2026-09-04,68.336403155281,60.55301203258951,60.05627515243008,2026-09-06T21:00:28.484710+00:00,2026-09-07T01:58:22+00:00,8 required financial-history cells unavailable; blanks are not zero.,provisional_with_explicit_gaps,,1.0,1.0,5,3,"8 required financial-history cells unavailable; blanks are not zero.; Some historical cells are standardized vendor observations, not independently primary-verified values. Per-cell sources are shown.; The broader six-pass research programme remains incomplete. A passed input audit is not a fully verified MB score.",./evidence_audit/2026-09-06/VST.json
2026-09-07T015822Z-evidence_repair,candidate,2,FIGR,legacy,,35.959999084472656,2026-09-04,66.16200396475556,58.96889896136915,64.92602042885609,2026-09-06T21:00:28.657335+00:00,2026-09-07T01:58:22+00:00,"Post-Kiavi full pro forma cash, debt, shares and combined earnings are not reconciled.; Operating-business valuation model is not validated for this finance-company accounting.; 11 required financial-history cells unavailable; blanks are not zero.; Historical quarter sums differ materially from the score-input bridge; classification/restatement mismatch remains visible.",provisional_with_explicit_gaps,,1.0,1.0,3,6,"Post-Kiavi full pro forma cash, debt, shares and combined earnings are not reconciled.; Operating-business valuation model is not validated for this finance-company accounting.; 11 required financial-history cells unavailable; blanks are not zero.; Some historical cells are standardized vendor observations, not independently primary-verified values. Per-cell sources are shown.; Historical quarter sums differ materially from the score-input bridge; classification/restatement mismatch remains visible.; The broader six-pass research programme remains incomplete. A passed input audit is not a fully verified MB score.",./evidence_audit/2026-09-06/FIGR.json
2026-09-07T015822Z-evidence_repair,candidate,3,RKLB,legacy,,64.26000213623047,2026-09-04,58.473545532111146,12.386935426776123,15.979714991822757,2026-09-06T21:00:31.432644+00:00,2026-09-07T01:58:22+00:00,Latest-quarter acquisition-excluded growth not fully separated; half of the growth factor remains unavailable.; Only 92.5% of intended MB factor weight is populated. Missing-weight bounds are not confidence intervals.; Comparable positive-baseline EPS revision unavailable; E&V is valuation-only or partially covered. Raw estimates remain visible.,provisional_with_explicit_gaps,,0.925,0.7,6,5,"Latest-quarter acquisition-excluded growth not fully separated; half of the growth factor remains unavailable.; Only 92.5% of intended MB factor weight is populated. Missing-weight bounds are not confidence intervals.; Comparable positive-baseline EPS revision unavailable; E&V is valuation-only or partially covered. Raw estimates remain visible.; Some historical cells are standardized vendor observations, not independently primary-verified values. Per-cell sources are shown.; The broader six-pass research programme remains incomplete. A passed input audit is not a fully verified MB score.",./evidence_audit/2026-09-06/RKLB.json
2026-09-07T015822Z-evidence_repair,candidate,4,GRRR,legacy,,13.789999961853027,2026-09-04,56.173533832102834,37.9415507195055,42.46159884398459,2026-09-06T21:00:32.739220+00:00,2026-09-07T01:58:22+00:00,"July $125M convertible financing and its net proceeds, derivative/economic claims need a current pro forma reconciliation.; Issuer reports interim half-years; eight independently reported quarterly cash-flow observations are not available.; 2 required financial-history cells unavailable; blanks are not zero.; Issuer half-year financials are retained separately. Vendor quarterly allocations are not independently reported quarter measurements.; Historical quarter sums differ materially from the score-input bridge; classification/restatement mismatch remains visible.",provisional_with_explicit_gaps,,1.0,1.0,3,7,"July $125M convertible financing and its net proceeds, derivative/economic claims need a current pro forma reconciliation.; Issuer reports interim half-years; eight independently reported quarterly cash-flow observations are not available.; 2 required financial-history cells unavailable; blanks are not zero.; Some historical cells are standardized vendor observations, not independently primary-verified values. Per-cell sources are shown.; Issuer half-year financials are retained separately. Vendor quarterly allocations are not independently reported quarter measurements.; Historical quarter sums differ materially from the score-input bridge; classification/restatement mismatch remains visible.; The broader six-pass research programme remains incomplete. A passed input audit is not a fully verified MB score.",./evidence_audit/2026-09-06/GRRR.json
2026-09-07T015822Z-evidence_repair,candidate,5,RGTI,legacy,,15.199999809265137,2026-09-04,53.5587256467082,9.09465106996739,19.798664015753765,2026-09-06T21:00:38.158927+00:00,2026-09-07T01:58:22+00:00,Comparable positive-baseline EPS revision unavailable; E&V is valuation-only or partially covered. Raw estimates remain visible.,reviewed_within_scope,53.5587256467082,1.0,0.7,6,3,"Comparable positive-baseline EPS revision unavailable; E&V is valuation-only or partially covered. Raw estimates remain visible.; Some historical cells are standardized vendor observations, not independently primary-verified values. Per-cell sources are shown.; The broader six-pass research programme remains incomplete. A passed input audit is not a fully verified MB score.",./evidence_audit/2026-09-06/RGTI.json
2026-09-07T015822Z-evidence_repair,candidate,6,NBIS,legacy,,226.38999938964844,2026-09-04,52.49337412747878,43.110315966537435,70.47405897564224,2026-09-06T21:00:32.813433+00:00,2026-09-07T01:58:22+00:00,Comparable positive-baseline EPS revision unavailable; E&V is valuation-only or partially covered. Raw estimates remain visible.; Historical quarter sums differ materially from the score-input bridge; classification/restatement mismatch remains visible.,provisional_with_explicit_gaps,,1.0,0.7,4,4,"Comparable positive-baseline EPS revision unavailable; E&V is valuation-only or partially covered. Raw estimates remain visible.; Some historical cells are standardized vendor observations, not independently primary-verified values. Per-cell sources are shown.; Historical quarter sums differ materially from the score-input bridge; classification/restatement mismatch remains visible.; The broader six-pass research programme remains incomplete. A passed input audit is not a fully verified MB score.",./evidence_audit/2026-09-06/NBIS.json
2026-09-07T015822Z-evidence_repair,candidate,7,SSII,legacy,,3.4100000858306885,2026-09-04,52.24261680340671,30.09506059701596,27.64535933842643,2026-09-06T21:00:34.041529+00:00,2026-09-07T01:58:22+00:00,Comparable positive-baseline EPS revision unavailable; E&V is valuation-only or partially covered. Raw estimates remain visible.,reviewed_within_scope,52.24261680340671,1.0,0.7,6,3,"Comparable positive-baseline EPS revision unavailable; E&V is valuation-only or partially covered. Raw estimates remain visible.; Some historical cells are standardized vendor observations, not independently primary-verified values. Per-cell sources are shown.; The broader six-pass research programme remains incomplete. A passed input audit is not a fully verified MB score.",./evidence_audit/2026-09-06/SSII.json
2026-09-07T015822Z-evidence_repair,candidate,8,QBTS,legacy,,16.579999923706055,2026-09-04,50.421063874305666,8.242659316994203,15.301350817511565,2026-09-06T21:00:38.381565+00:00,2026-09-07T01:58:22+00:00,Quantum Circuits acquisition revenue and comparable current growth are not fully separated.; Only 92.5% of intended MB factor weight is populated. Missing-weight bounds are not confidence intervals.; Comparable positive-baseline EPS revision unavailable; E&V is valuation-only or partially covered. Raw estimates remain visible.,provisional_with_explicit_gaps,,0.925,0.7,6,5,"Quantum Circuits acquisition revenue and comparable current growth are not fully separated.; Only 92.5% of intended MB factor weight is populated. Missing-weight bounds are not confidence intervals.; Comparable positive-baseline EPS revision unavailable; E&V is valuation-only or partially covered. Raw estimates remain visible.; Some historical cells are standardized vendor observations, not independently primary-verified values. Per-cell sources are shown.; The broader six-pass research programme remains incomplete. A passed input audit is not a fully verified MB score.",./evidence_audit/2026-09-06/QBTS.json
2026-09-07T015822Z-evidence_repair,candidate,9,IREN,legacy,,44.68000030517578,2026-09-04,49.94554211402831,49.93769612914653,61.68458206734786,2026-09-06T21:00:34.064046+00:00,2026-09-07T01:58:22+00:00,Comparable positive-baseline EPS revision unavailable; E&V is valuation-only or partially covered. Raw estimates remain visible.; Historical quarter sums differ materially from the score-input bridge; classification/restatement mismatch remains visible.,provisional_with_explicit_gaps,,1.0,0.7,4,4,"Comparable positive-baseline EPS revision unavailable; E&V is valuation-only or partially covered. Raw estimates remain visible.; Some historical cells are standardized vendor observations, not independently primary-verified values. Per-cell sources are shown.; Historical quarter sums differ materially from the score-input bridge; classification/restatement mismatch remains visible.; The broader six-pass research programme remains incomplete. A passed input audit is not a fully verified MB score.",./evidence_audit/2026-09-06/IREN.json
2026-09-07T015822Z-evidence_repair,candidate,10,TSSI,legacy,,8.420000076293945,2026-09-04,49.56668313434999,44.147041327947974,20.3905795864556,2026-09-06T21:00:34.100180+00:00,2026-09-07T01:58:22+00:00,Historical quarter sums differ materially from the score-input bridge; classification/restatement mismatch remains visible.,provisional_with_explicit_gaps,,1.0,1.0,4,3,"Some historical cells are standardized vendor observations, not independently primary-verified values. Per-cell sources are shown.; Historical quarter sums differ materially from the score-input bridge; classification/restatement mismatch remains visible.; The broader six-pass research programme remains incomplete. A passed input audit is not a fully verified MB score.",./evidence_audit/2026-09-06/TSSI.json
2026-09-07T015822Z-evidence_repair,candidate,11,SOUN,legacy,,6.739999771118164,2026-09-04,49.31391103144702,23.921938321142655,26.077113591717605,2026-09-06T21:00:35.337624+00:00,2026-09-07T01:58:22+00:00,"Post-LivePerson combined cash, debt, economic share count and forecast perimeter remain unresolved.; Comparable acquisition-excluded current revenue growth is not fully reconciled.; Only 92.5% of intended MB factor weight is populated. Missing-weight bounds are not confidence intervals.; Comparable positive-baseline EPS revision unavailable; E&V is valuation-only or partially covered. Raw estimates remain visible.",provisional_with_explicit_gaps,,0.925,0.7,4,6,"Post-LivePerson combined cash, debt, economic share count and forecast perimeter remain unresolved.; Comparable acquisition-excluded current revenue growth is not fully reconciled.; Only 92.5% of intended MB factor weight is populated. Missing-weight bounds are not confidence intervals.; Comparable positive-baseline EPS revision unavailable; E&V is valuation-only or partially covered. Raw estimates remain visible.; Some historical cells are standardized vendor observations, not independently primary-verified values. Per-cell sources are shown.; The broader six-pass research programme remains incomplete. A passed input audit is not a fully verified MB score.",./evidence_audit/2026-09-06/SOUN.json
2026-09-07T015822Z-evidence_repair,candidate,12,POET,legacy,,7.920000076293945,2026-09-04,48.68726469107097,17.590181147909814,26.4525900324632,2026-09-06T21:00:35.404518+00:00,2026-09-07T01:58:22+00:00,"Gross-profit and valuation coverage are insufficient for a fully populated, comparable MB score.; A consistent eight-quarter gross-profit series is not available in the retained evidence.; Only 91.0% of intended MB factor weight is populated. Missing-weight bounds are not confidence intervals.; Comparable positive-baseline EPS revision unavailable; E&V is valuation-only or partially covered. Raw estimates remain visible.; 8 required financial-history cells unavailable; blanks are not zero.",provisional_with_explicit_gaps,,0.91,0.27999999999999997,3,7,"Gross-profit and valuation coverage are insufficient for a fully populated, comparable MB score.; A consistent eight-quarter gross-profit series is not available in the retained evidence.; Only 91.0% of intended MB factor weight is populated. Missing-weight bounds are not confidence intervals.; Comparable positive-baseline EPS revision unavailable; E&V is valuation-only or partially covered. Raw estimates remain visible.; 8 required financial-history cells unavailable; blanks are not zero.; Some historical cells are standardized vendor observations, not independently primary-verified values. Per-cell sources are shown.; The broader six-pass research programme remains incomplete. A passed input audit is not a fully verified MB score.",./evidence_audit/2026-09-06/POET.json
2026-09-07T015822Z-evidence_repair,candidate,13,OKLO,legacy,,41.27000045776367,2026-09-04,46.76357599047031,6.407218341255952,31.936765078511502,2026-09-06T21:00:39.613824+00:00,2026-09-07T01:58:22+00:00,"Operating-business formula is only a project-stage proxy; probability-adjusted reactor project economics are not valued.; Project-by-project funding, licensing probabilities and risk-adjusted valuation remain uncalibrated.; Only 92.5% of intended MB factor weight is populated. Missing-weight bounds are not confidence intervals.; Comparable positive-baseline EPS revision unavailable; E&V is valuation-only or partially covered. Raw estimates remain visible.; 12 required financial-history cells unavailable; blanks are not zero.",provisional_with_explicit_gaps,,0.925,0.7,3,7,"Operating-business formula is only a project-stage proxy; probability-adjusted reactor project economics are not valued.; Project-by-project funding, licensing probabilities and risk-adjusted valuation remain uncalibrated.; Only 92.5% of intended MB factor weight is populated. Missing-weight bounds are not confidence intervals.; Comparable positive-baseline EPS revision unavailable; E&V is valuation-only or partially covered. Raw estimates remain visible.; 12 required financial-history cells unavailable; blanks are not zero.; Some historical cells are standardized vendor observations, not independently primary-verified values. Per-cell sources are shown.; The broader six-pass research programme remains incomplete. A passed input audit is not a fully verified MB score.",./evidence_audit/2026-09-06/OKLO.json
2026-09-07T015822Z-evidence_repair,candidate,14,WULF,legacy,,16.510000228881836,2026-09-04,45.55028258996546,17.638862859608494,44.23137433275646,2026-09-06T21:00:35.639874+00:00,2026-09-07T01:58:22+00:00,"No material evidence gap; valuation, entry and weekly persistence gates still apply.",reviewed_within_scope,45.55028258996546,1.0,1.0,6,2,"Some historical cells are standardized vendor observations, not independently primary-verified values. Per-cell sources are shown.; The broader six-pass research programme remains incomplete. A passed input audit is not a fully verified MB score.",./evidence_audit/2026-09-06/WULF.json
2026-09-07T015822Z-evidence_repair,candidate,15,APLD,legacy,,26.3700008392334,2026-09-04,44.523570908953964,15.82008607800609,25.623222655245474,2026-09-06T21:00:36.843315+00:00,2026-09-07T01:58:22+00:00,Comparable acquisition/divestiture-adjusted current growth remains unavailable.; Only 92.5% of intended MB factor weight is populated. Missing-weight bounds are not confidence intervals.; Comparable positive-baseline EPS revision unavailable; E&V is valuation-only or partially covered. Raw estimates remain visible.; 2 required financial-history cells unavailable; blanks are not zero.; Historical quarter sums differ materially from the score-input bridge; classification/restatement mismatch remains visible.,provisional_with_explicit_gaps,,0.925,0.7,4,7,"Comparable acquisition/divestiture-adjusted current growth remains unavailable.; Only 92.5% of intended MB factor weight is populated. Missing-weight bounds are not confidence intervals.; Comparable positive-baseline EPS revision unavailable; E&V is valuation-only or partially covered. Raw estimates remain visible.; 2 required financial-history cells unavailable; blanks are not zero.; Some historical cells are standardized vendor observations, not independently primary-verified values. Per-cell sources are shown.; Historical quarter sums differ materially from the score-input bridge; classification/restatement mismatch remains visible.; The broader six-pass research programme remains incomplete. A passed input audit is not a fully verified MB score.",./evidence_audit/2026-09-06/APLD.json
2026-09-07T015822Z-evidence_repair,candidate,16,RR,legacy,,1.75,2026-09-04,42.58344416097361,32.48129440649078,48.66061605867152,2026-09-06T21:00:36.853924+00:00,2026-09-07T01:58:22+00:00,Comparable positive-baseline EPS revision unavailable; E&V is valuation-only or partially covered. Raw estimates remain visible.; Historical quarter sums differ materially from the score-input bridge; classification/restatement mismatch remains visible.,provisional_with_explicit_gaps,,1.0,0.7,4,4,"Comparable positive-baseline EPS revision unavailable; E&V is valuation-only or partially covered. Raw estimates remain visible.; Some historical cells are standardized vendor observations, not independently primary-verified values. Per-cell sources are shown.; Historical quarter sums differ materially from the score-input bridge; classification/restatement mismatch remains visible.; The broader six-pass research programme remains incomplete. A passed input audit is not a fully verified MB score.",./evidence_audit/2026-09-06/RR.json
2026-09-07T015822Z-evidence_repair,candidate,17,SMR,legacy,,9.699999809265137,2026-09-04,41.62308105211615,0.0,60.37994890924229,2026-09-06T21:00:39.653711+00:00,2026-09-07T01:58:22+00:00,"The operating-business screen is a development-stage proxy, not a risk-adjusted commercial-reactor project valuation.; Site-specific final investment decisions, capital commitments and project valuation probabilities are not fully verified.; Comparable positive-baseline EPS revision unavailable; E&V is valuation-only or partially covered. Raw estimates remain visible.; 9 required financial-history cells unavailable; blanks are not zero.",provisional_with_explicit_gaps,,1.0,0.7,3,6,"The operating-business screen is a development-stage proxy, not a risk-adjusted commercial-reactor project valuation.; Site-specific final investment decisions, capital commitments and project valuation probabilities are not fully verified.; Comparable positive-baseline EPS revision unavailable; E&V is valuation-only or partially covered. Raw estimates remain visible.; 9 required financial-history cells unavailable; blanks are not zero.; Some historical cells are standardized vendor observations, not independently primary-verified values. Per-cell sources are shown.; The broader six-pass research programme remains incomplete. A passed input audit is not a fully verified MB score.",./evidence_audit/2026-09-06/SMR.json
2026-09-07T015822Z-evidence_repair,candidate,18,EOSE,legacy,,3.880000114440918,2026-09-04,40.82808468697384,0.0,46.64571322575272,2026-09-06T21:00:39.698088+00:00,2026-09-07T01:58:22+00:00,"Preferred, derivative and subsequent financing claims require continued current-date reconciliation.; Comparable positive-baseline EPS revision unavailable; E&V is valuation-only or partially covered. Raw estimates remain visible.",provisional_with_explicit_gaps,,1.0,0.7,6,4,"Preferred, derivative and subsequent financing claims require continued current-date reconciliation.; Comparable positive-baseline EPS revision unavailable; E&V is valuation-only or partially covered. Raw estimates remain visible.; Some historical cells are standardized vendor observations, not independently primary-verified values. Per-cell sources are shown.; The broader six-pass research programme remains incomplete. A passed input audit is not a fully verified MB score.",./evidence_audit/2026-09-06/EOSE.json
2026-09-07T015822Z-evidence_repair,candidate,19,RZLV,legacy,,2.2100000381469727,2026-09-04,40.20546494078479,52.265497910859004,17.75819237722262,2026-09-06T21:00:36.965790+00:00,2026-09-07T01:58:22+00:00,Going-concern and financing risks remain material; eight separately reported quarterly cash-flow observations are unavailable.; Acquisition-excluded current revenue growth remains unverified; issuer reports interim half-years.; Only 92.5% of intended MB factor weight is populated. Missing-weight bounds are not confidence intervals.; Comparable positive-baseline EPS revision unavailable; E&V is valuation-only or partially covered. Raw estimates remain visible.; 1 required financial-history cells unavailable; blanks are not zero.; Issuer half-year financials are retained separately. Vendor quarterly allocations are not independently reported quarter measurements.; Historical quarter sums differ materially from the score-input bridge; classification/restatement mismatch remains visible.,provisional_with_explicit_gaps,,0.925,0.7,3,9,"Going-concern and financing risks remain material; eight separately reported quarterly cash-flow observations are unavailable.; Acquisition-excluded current revenue growth remains unverified; issuer reports interim half-years.; Only 92.5% of intended MB factor weight is populated. Missing-weight bounds are not confidence intervals.; Comparable positive-baseline EPS revision unavailable; E&V is valuation-only or partially covered. Raw estimates remain visible.; 1 required financial-history cells unavailable; blanks are not zero.; Some historical cells are standardized vendor observations, not independently primary-verified values. Per-cell sources are shown.; Issuer half-year financials are retained separately. Vendor quarterly allocations are not independently reported quarter measurements.; Historical quarter sums differ materially from the score-input bridge; classification/restatement mismatch remains visible.; The broader six-pass research programme remains incomplete. A passed input audit is not a fully verified MB score.",./evidence_audit/2026-09-06/RZLV.json
2026-09-07T015822Z-evidence_repair,candidate,20,SERV,legacy,,4.945000171661377,2026-09-04,31.563286298526336,0.0,43.78668988247341,2026-09-06T21:00:38.090222+00:00,2026-09-07T01:58:22+00:00,Comparable acquisition-excluded current growth remains unavailable.; Only 92.5% of intended MB factor weight is populated. Missing-weight bounds are not confidence intervals.; Comparable positive-baseline EPS revision unavailable; E&V is valuation-only or partially covered. Raw estimates remain visible.; Historical quarter sums differ materially from the score-input bridge; classification/restatement mismatch remains visible.,provisional_with_explicit_gaps,,0.925,0.7,4,6,"Comparable acquisition-excluded current growth remains unavailable.; Only 92.5% of intended MB factor weight is populated. Missing-weight bounds are not confidence intervals.; Comparable positive-baseline EPS revision unavailable; E&V is valuation-only or partially covered. Raw estimates remain visible.; Some historical cells are standardized vendor observations, not independently primary-verified values. Per-cell sources are shown.; Historical quarter sums differ materially from the score-input bridge; classification/restatement mismatch remains visible.; The broader six-pass research programme remains incomplete. A passed input audit is not a fully verified MB score.",./evidence_audit/2026-09-06/SERV.json
2026-09-07T155915Z-critical_data_rerank,action,1,ETN,scoreable,,410.8500061035156,2026-09-04,73.81626389216373,55.91876120552828,40.48268040445756,2026-09-06T21:00:27.275098+00:00,2026-09-07T01:58:22+00:00,"No material evidence gap; valuation, entry and weekly persistence gates still apply.",reviewed_within_scope,73.81626389216373,1.0,1.0,6,2,"Some historical cells are standardized vendor observations, not independently primary-verified values. Per-cell sources are shown.; The broader six-pass research programme remains incomplete. A passed input audit is not a fully verified MB score.",./evidence_audit/2026-09-06/ETN.json
2026-09-07T155915Z-critical_data_rerank,action,2,ZETA,scoreable,,31.350000381469727,2026-09-04,72.69906989939297,66.01693038205389,83.24687217044453,2026-09-06T21:00:27.276722+00:00,2026-09-07T01:58:22+00:00,"No material evidence gap; valuation, entry and weekly persistence gates still apply.",reviewed_within_scope,72.69906989939297,1.0,1.0,6,2,"Some historical cells are standardized vendor observations, not independently primary-verified values. Per-cell sources are shown.; The broader six-pass research programme remains incomplete. A passed input audit is not a fully verified MB score.",./evidence_audit/2026-09-06/ZETA.json
2026-09-07T155915Z-critical_data_rerank,action,3,HUBB,scoreable,,460.7200012207031,2026-09-04,70.25309924293809,63.731831433019025,25.057414152616644,2026-09-06T21:00:27.278122+00:00,2026-09-07T01:58:22+00:00,"No material evidence gap; valuation, entry and weekly persistence gates still apply.",reviewed_within_scope,70.25309924293809,1.0,1.0,6,2,"Some historical cells are standardized vendor observations, not independently primary-verified values. Per-cell sources are shown.; The broader six-pass research programme remains incomplete. A passed input audit is not a fully verified MB score.",./evidence_audit/2026-09-06/HUBB.json
2026-09-07T155915Z-critical_data_rerank,action,4,CRMD,scoreable,,8.430000305175781,2026-09-04,68.46037420413701,67.24816755366486,76.59742656145417,2026-09-06T21:00:28.774606+00:00,2026-09-07T01:58:22+00:00,"No material evidence gap; valuation, entry and weekly persistence gates still apply.",reviewed_within_scope,68.46037420413701,1.0,1.0,6,2,"Some historical cells are standardized vendor observations, not independently primary-verified values. Per-cell sources are shown.; The broader six-pass research programme remains incomplete. A passed input audit is not a fully verified MB score.",./evidence_audit/2026-09-06/CRMD.json
2026-09-07T155915Z-critical_data_rerank,action,5,VST,scoreable,,149.3000030517578,2026-09-04,68.336403155281,60.55301203258951,60.05627515243008,2026-09-06T21:00:28.484710+00:00,2026-09-07T01:58:22+00:00,No score-critical data gap. Eight historical display cells remain unavailable but all current MB factor inputs are populated; retain the visible noncritical warning.,provisional_with_explicit_gaps,,1.0,1.0,5,3,"8 required financial-history cells unavailable; blanks are not zero.; Some historical cells are standardized vendor observations, not independently primary-verified values. Per-cell sources are shown.; The broader six-pass research programme remains incomplete. A passed input audit is not a fully verified MB score.",./evidence_audit/2026-09-06/VST.json
2026-09-07T155915Z-critical_data_rerank,action,6,AXTI,scoreable,,61.63999938964844,2026-09-04,63.170923713066315,51.90593613144953,33.14120938033789,2026-09-06T21:00:30.071897+00:00,2026-09-07T01:58:22+00:00,"No material evidence gap; valuation, entry and weekly persistence gates still apply.",reviewed_within_scope,63.170923713066315,1.0,1.0,6,2,"Some historical cells are standardized vendor observations, not independently primary-verified values. Per-cell sources are shown.; The broader six-pass research programme remains incomplete. A passed input audit is not a fully verified MB score.",./evidence_audit/2026-09-06/AXTI.json
2026-09-07T155915Z-critical_data_rerank,action,7,KTOS,scoreable,,47.81999969482422,2026-09-04,62.09315800372171,45.607904052805154,13.055551883893086,2026-09-06T21:00:30.143456+00:00,2026-09-07T01:58:22+00:00,"No material evidence gap; valuation, entry and weekly persistence gates still apply.",reviewed_within_scope,62.09315800372171,1.0,1.0,6,2,"Some historical cells are standardized vendor observations, not independently primary-verified values. Per-cell sources are shown.; The broader six-pass research programme remains incomplete. A passed input audit is not a fully verified MB score.",./evidence_audit/2026-09-06/KTOS.json
2026-09-07T155915Z-critical_data_rerank,action,8,AVAV,scoreable,,144.64999389648438,2026-09-04,59.73145297988116,29.768525321299144,14.525734045035072,2026-09-06T21:00:31.505913+00:00,2026-09-07T01:58:22+00:00,"No material evidence gap; valuation, entry and weekly persistence gates still apply.",reviewed_within_scope,59.73145297988116,1.0,1.0,6,2,"Some historical cells are standardized vendor observations, not independently primary-verified values. Per-cell sources are shown.; The broader six-pass research programme remains incomplete. A passed input audit is not a fully verified MB score.",./evidence_audit/2026-09-06/AVAV.json
2026-09-07T155915Z-critical_data_rerank,action,9,EVLV,scoreable,,5.0,2026-09-04,58.961169683588494,54.075996711949415,16.711316874913592,2026-09-06T21:00:30.187063+00:00,2026-09-07T01:58:22+00:00,Comparable positive-baseline EPS revision unavailable; E&V is valuation-only or partially covered. Raw estimates remain visible.,reviewed_within_scope,58.961169683588494,1.0,0.7,6,3,"Comparable positive-baseline EPS revision unavailable; E&V is valuation-only or partially covered. Raw estimates remain visible.; Some historical cells are standardized vendor observations, not independently primary-verified values. Per-cell sources are shown.; The broader six-pass research programme remains incomplete. A passed input audit is not a fully verified MB score.",./evidence_audit/2026-09-06/EVLV.json
2026-09-07T155915Z-critical_data_rerank,action,10,BKSY,scoreable,,20.5,2026-09-04,57.46454203500005,45.18086632418509,8.185117264594233,2026-09-06T21:00:31.529825+00:00,2026-09-07T01:58:22+00:00,Comparable positive-baseline EPS revision unavailable; E&V is valuation-only or partially covered. Raw estimates remain visible.,reviewed_within_scope,57.46454203500005,1.0,0.7,6,3,"Comparable positive-baseline EPS revision unavailable; E&V is valuation-only or partially covered. Raw estimates remain visible.; Some historical cells are standardized vendor observations, not independently primary-verified values. Per-cell sources are shown.; The broader six-pass research programme remains incomplete. A passed input audit is not a fully verified MB score.",./evidence_audit/2026-09-06/BKSY.json
2026-09-07T155915Z-critical_data_rerank,candidate,1,AMPX,scoreable,,9.890000343322754,2026-09-04,55.20026099572458,44.05613779987506,20.869918596675525,2026-09-06T21:00:32.772248+00:00,2026-09-07T01:58:22+00:00,"No material evidence gap; valuation, entry and weekly persistence gates still apply.",reviewed_within_scope,55.20026099572458,1.0,1.0,6,2,"Some historical cells are standardized vendor observations, not independently primary-verified values. Per-cell sources are shown.; The broader six-pass research programme remains incomplete. A passed input audit is not a fully verified MB score.",./evidence_audit/2026-09-06/AMPX.json
2026-09-07T155915Z-critical_data_rerank,candidate,2,RGTI,scoreable,,15.199999809265137,2026-09-04,53.5587256467082,9.09465106996739,19.798664015753765,2026-09-06T21:00:38.158927+00:00,2026-09-07T01:58:22+00:00,Comparable positive-baseline EPS revision unavailable; E&V is valuation-only or partially covered. Raw estimates remain visible.,reviewed_within_scope,53.5587256467082,1.0,0.7,6,3,"Comparable positive-baseline EPS revision unavailable; E&V is valuation-only or partially covered. Raw estimates remain visible.; Some historical cells are standardized vendor observations, not independently primary-verified values. Per-cell sources are shown.; The broader six-pass research programme remains incomplete. A passed input audit is not a fully verified MB score.",./evidence_audit/2026-09-06/RGTI.json
2026-09-07T155915Z-critical_data_rerank,candidate,3,NBIS,scoreable,,226.38999938964844,2026-09-04,52.49337412747878,43.110315966537435,70.47405897564224,2026-09-06T21:00:32.813433+00:00,2026-09-07T01:58:22+00:00,Comparable positive-baseline EPS revision unavailable; E&V is valuation-only or partially covered. Raw estimates remain visible.; Historical quarter sums differ materially from the score-input bridge; classification/restatement mismatch remains visible.,provisional_with_explicit_gaps,,1.0,0.7,4,4,"Comparable positive-baseline EPS revision unavailable; E&V is valuation-only or partially covered. Raw estimates remain visible.; Some historical cells are standardized vendor observations, not independently primary-verified values. Per-cell sources are shown.; Historical quarter sums differ materially from the score-input bridge; classification/restatement mismatch remains visible.; The broader six-pass research programme remains incomplete. A passed input audit is not a fully verified MB score.",./evidence_audit/2026-09-06/NBIS.json
2026-09-07T155915Z-critical_data_rerank,candidate,4,SSII,scoreable,,3.4100000858306885,2026-09-04,52.24261680340671,30.09506059701596,27.64535933842643,2026-09-06T21:00:34.041529+00:00,2026-09-07T01:58:22+00:00,Comparable positive-baseline EPS revision unavailable; E&V is valuation-only or partially covered. Raw estimates remain visible.,reviewed_within_scope,52.24261680340671,1.0,0.7,6,3,"Comparable positive-baseline EPS revision unavailable; E&V is valuation-only or partially covered. Raw estimates remain visible.; Some historical cells are standardized vendor observations, not independently primary-verified values. Per-cell sources are shown.; The broader six-pass research programme remains incomplete. A passed input audit is not a fully verified MB score.",./evidence_audit/2026-09-06/SSII.json
2026-09-07T155915Z-critical_data_rerank,candidate,5,IREN,scoreable,,44.68000030517578,2026-09-04,49.94554211402831,49.93769612914653,61.68458206734786,2026-09-06T21:00:34.064046+00:00,2026-09-07T01:58:22+00:00,Comparable positive-baseline EPS revision unavailable; E&V is valuation-only or partially covered. Raw estimates remain visible.; Historical quarter sums differ materially from the score-input bridge; classification/restatement mismatch remains visible.,provisional_with_explicit_gaps,,1.0,0.7,4,4,"Comparable positive-baseline EPS revision unavailable; E&V is valuation-only or partially covered. Raw estimates remain visible.; Some historical cells are standardized vendor observations, not independently primary-verified values. Per-cell sources are shown.; Historical quarter sums differ materially from the score-input bridge; classification/restatement mismatch remains visible.; The broader six-pass research programme remains incomplete. A passed input audit is not a fully verified MB score.",./evidence_audit/2026-09-06/IREN.json
2026-09-07T155915Z-critical_data_rerank,candidate,6,TSSI,scoreable,,8.420000076293945,2026-09-04,49.56668313434999,44.147041327947974,20.3905795864556,2026-09-06T21:00:34.100180+00:00,2026-09-07T01:58:22+00:00,Historical quarter sums differ materially from the score-input bridge; classification/restatement mismatch remains visible.,provisional_with_explicit_gaps,,1.0,1.0,4,3,"Some historical cells are standardized vendor observations, not independently primary-verified values. Per-cell sources are shown.; Historical quarter sums differ materially from the score-input bridge; classification/restatement mismatch remains visible.; The broader six-pass research programme remains incomplete. A passed input audit is not a fully verified MB score.",./evidence_audit/2026-09-06/TSSI.json
2026-09-07T155915Z-critical_data_rerank,candidate,7,WULF,scoreable,,16.510000228881836,2026-09-04,45.55028258996546,17.638862859608494,44.23137433275646,2026-09-06T21:00:35.639874+00:00,2026-09-07T01:58:22+00:00,"No material evidence gap; valuation, entry and weekly persistence gates still apply.",reviewed_within_scope,45.55028258996546,1.0,1.0,6,2,"Some historical cells are standardized vendor observations, not independently primary-verified values. Per-cell sources are shown.; The broader six-pass research programme remains incomplete. A passed input audit is not a fully verified MB score.",./evidence_audit/2026-09-06/WULF.json
2026-09-07T155915Z-critical_data_rerank,candidate,8,RR,scoreable,,1.75,2026-09-04,42.58344416097361,32.48129440649078,48.66061605867152,2026-09-06T21:00:36.853924+00:00,2026-09-07T01:58:22+00:00,Comparable positive-baseline EPS revision unavailable; E&V is valuation-only or partially covered. Raw estimates remain visible.; Historical quarter sums differ materially from the score-input bridge; classification/restatement mismatch remains visible.,provisional_with_explicit_gaps,,1.0,0.7,4,4,"Comparable positive-baseline EPS revision unavailable; E&V is valuation-only or partially covered. Raw estimates remain visible.; Some historical cells are standardized vendor observations, not independently primary-verified values. Per-cell sources are shown.; Historical quarter sums differ materially from the score-input bridge; classification/restatement mismatch remains visible.; The broader six-pass research programme remains incomplete. A passed input audit is not a fully verified MB score.",./evidence_audit/2026-09-06/RR.json
2026-09-07T155915Z-critical_data_rerank,candidate,,APLD,missing_critical_data,Required MB factor input is missing: growth. Missing factor weight is not reweighted into a comparable headline score.,26.3700008392334,2026-09-04,,,25.623222655245474,2026-09-06T21:00:36.843315+00:00,2026-09-07T01:58:22+00:00,Missing critical data — no MB/E&V headline score: Required MB factor input is missing: growth. Missing factor weight is not reweighted into a comparable headline score.,provisional_with_explicit_gaps,,0.925,0.7,4,8,"Comparable acquisition/divestiture-adjusted current growth remains unavailable.; Only 92.5% of intended MB factor weight is populated. Missing-weight bounds are not confidence intervals.; Comparable positive-baseline EPS revision unavailable; E&V is valuation-only or partially covered. Raw estimates remain visible.; 2 required financial-history cells unavailable; blanks are not zero.; Some historical cells are standardized vendor observations, not independently primary-verified values. Per-cell sources are shown.; Historical quarter sums differ materially from the score-input bridge; classification/restatement mismatch remains visible.; The broader six-pass research programme remains incomplete. A passed input audit is not a fully verified MB score.; Headline investment scores withheld: Required MB factor input is missing: growth. Missing factor weight is not reweighted into a comparable headline score.",./evidence_audit/2026-09-06/APLD.json
2026-09-07T155915Z-critical_data_rerank,candidate,,EOSE,missing_critical_data,"Preferred, derivative and subsequent financing claims require continued current-date reconciliation.",3.880000114440918,2026-09-04,,,46.64571322575272,2026-09-06T21:00:39.698088+00:00,2026-09-07T01:58:22+00:00,"Missing critical data — no MB/E&V headline score: Preferred, derivative and subsequent financing claims require continued current-date reconciliation.",provisional_with_explicit_gaps,,1.0,0.7,6,5,"Preferred, derivative and subsequent financing claims require continued current-date reconciliation.; Comparable positive-baseline EPS revision unavailable; E&V is valuation-only or partially covered. Raw estimates remain visible.; Some historical cells are standardized vendor observations, not independently primary-verified values. Per-cell sources are shown.; The broader six-pass research programme remains incomplete. A passed input audit is not a fully verified MB score.; Headline investment scores withheld: Preferred, derivative and subsequent financing claims require continued current-date reconciliation.",./evidence_audit/2026-09-06/EOSE.json
2026-09-07T155915Z-critical_data_rerank,candidate,,FIGR,missing_critical_data,"Post-Kiavi full pro forma cash, debt, shares and combined earnings are not reconciled.; Operating-business valuation model is not validated for this finance-company accounting.",35.959999084472656,2026-09-04,,,64.92602042885609,2026-09-06T21:00:28.657335+00:00,2026-09-07T01:58:22+00:00,"Missing critical data — no MB/E&V headline score: Post-Kiavi full pro forma cash, debt, shares and combined earnings are not reconciled.; Operating-business valuation model is not validated for this finance-company accounting.",provisional_with_explicit_gaps,,1.0,1.0,3,7,"Post-Kiavi full pro forma cash, debt, shares and combined earnings are not reconciled.; Operating-business valuation model is not validated for this finance-company accounting.; 11 required financial-history cells unavailable; blanks are not zero.; Some historical cells are standardized vendor observations, not independently primary-verified values. Per-cell sources are shown.; Historical quarter sums differ materially from the score-input bridge; classification/restatement mismatch remains visible.; The broader six-pass research programme remains incomplete. A passed input audit is not a fully verified MB score.; Headline investment scores withheld: Post-Kiavi full pro forma cash, debt, shares and combined earnings are not reconciled.; Operating-business valuation model is not validated for this finance-company accounting.",./evidence_audit/2026-09-06/FIGR.json
2026-09-07T155915Z-critical_data_rerank,candidate,,GRRR,missing_critical_data,"July $125M convertible financing and its net proceeds, derivative/economic claims need a current pro forma reconciliation.; Issuer half-year financials are retained separately. Vendor quarterly allocations are not independently reported quarter measurements.",13.789999961853027,2026-09-04,,,42.46159884398459,2026-09-06T21:00:32.739220+00:00,2026-09-07T01:58:22+00:00,"Missing critical data — no MB/E&V headline score: July $125M convertible financing and its net proceeds, derivative/economic claims need a current pro forma reconciliation.; Issuer half-year financials are retained separately. Vendor quarterly allocations are not independently reported quarter measurements.",provisional_with_explicit_gaps,,1.0,1.0,3,8,"July $125M convertible financing and its net proceeds, derivative/economic claims need a current pro forma reconciliation.; Issuer reports interim half-years; eight independently reported quarterly cash-flow observations are not available.; 2 required financial-history cells unavailable; blanks are not zero.; Some historical cells are standardized vendor observations, not independently primary-verified values. Per-cell sources are shown.; Issuer half-year financials are retained separately. Vendor quarterly allocations are not independently reported quarter measurements.; Historical quarter sums differ materially from the score-input bridge; classification/restatement mismatch remains visible.; The broader six-pass research programme remains incomplete. A passed input audit is not a fully verified MB score.; Headline investment scores withheld: July $125M convertible financing and its net proceeds, derivative/economic claims need a current pro forma reconciliation.; Issuer half-year financials are retained separately. Vendor quarterly allocations are not independently reported quarter measurements.",./evidence_audit/2026-09-06/GRRR.json
2026-09-07T155915Z-critical_data_rerank,candidate,,OKLO,missing_critical_data,Required MB factor input is missing: growth. Missing factor weight is not reweighted into a comparable headline score.; Operating-business formula is only a project-stage proxy; probability-adjusted reactor project economics are not valued.,41.27000045776367,2026-09-04,,,31.936765078511502,2026-09-06T21:00:39.613824+00:00,2026-09-07T01:58:22+00:00,Missing critical data — no MB/E&V headline score: Required MB factor input is missing: growth. Missing factor weight is not reweighted into a comparable headline score.; Operating-business formula is only a project-stage proxy; probability-adjusted reactor project economics are not valued.,provisional_with_explicit_gaps,,0.925,0.7,3,8,"Operating-business formula is only a project-stage proxy; probability-adjusted reactor project economics are not valued.; Project-by-project funding, licensing probabilities and risk-adjusted valuation remain uncalibrated.; Only 92.5% of intended MB factor weight is populated. Missing-weight bounds are not confidence intervals.; Comparable positive-baseline EPS revision unavailable; E&V is valuation-only or partially covered. Raw estimates remain visible.; 12 required financial-history cells unavailable; blanks are not zero.; Some historical cells are standardized vendor observations, not independently primary-verified values. Per-cell sources are shown.; The broader six-pass research programme remains incomplete. A passed input audit is not a fully verified MB score.; Headline investment scores withheld: Required MB factor input is missing: growth. Missing factor weight is not reweighted into a comparable headline score.; Operating-business formula is only a project-stage proxy; probability-adjusted reactor project economics are not valued.",./evidence_audit/2026-09-06/OKLO.json
2026-09-07T155915Z-critical_data_rerank,candidate,,POET,missing_critical_data,"Required MB factor input is missing: valuation. Missing factor weight is not reweighted into a comparable headline score.; Gross-profit and valuation coverage are insufficient for a fully populated, comparable MB score.",7.920000076293945,2026-09-04,,,26.4525900324632,2026-09-06T21:00:35.404518+00:00,2026-09-07T01:58:22+00:00,"Missing critical data — no MB/E&V headline score: Required MB factor input is missing: valuation. Missing factor weight is not reweighted into a comparable headline score.; Gross-profit and valuation coverage are insufficient for a fully populated, comparable MB score.",provisional_with_explicit_gaps,,0.91,0.27999999999999997,3,8,"Gross-profit and valuation coverage are insufficient for a fully populated, comparable MB score.; A consistent eight-quarter gross-profit series is not available in the retained evidence.; Only 91.0% of intended MB factor weight is populated. Missing-weight bounds are not confidence intervals.; Comparable positive-baseline EPS revision unavailable; E&V is valuation-only or partially covered. Raw estimates remain visible.; 8 required financial-history cells unavailable; blanks are not zero.; Some historical cells are standardized vendor observations, not independently primary-verified values. Per-cell sources are shown.; The broader six-pass research programme remains incomplete. A passed input audit is not a fully verified MB score.; Headline investment scores withheld: Required MB factor input is missing: valuation. Missing factor weight is not reweighted into a comparable headline score.; Gross-profit and valuation coverage are insufficient for a fully populated, comparable MB score.",./evidence_audit/2026-09-06/POET.json
2026-09-07T155915Z-critical_data_rerank,candidate,,QBTS,missing_critical_data,Required MB factor input is missing: growth. Missing factor weight is not reweighted into a comparable headline score.,16.579999923706055,2026-09-04,,,15.301350817511565,2026-09-06T21:00:38.381565+00:00,2026-09-07T01:58:22+00:00,Missing critical data — no MB/E&V headline score: Required MB factor input is missing: growth. Missing factor weight is not reweighted into a comparable headline score.,provisional_with_explicit_gaps,,0.925,0.7,6,6,"Quantum Circuits acquisition revenue and comparable current growth are not fully separated.; Only 92.5% of intended MB factor weight is populated. Missing-weight bounds are not confidence intervals.; Comparable positive-baseline EPS revision unavailable; E&V is valuation-only or partially covered. Raw estimates remain visible.; Some historical cells are standardized vendor observations, not independently primary-verified values. Per-cell sources are shown.; The broader six-pass research programme remains incomplete. A passed input audit is not a fully verified MB score.; Headline investment scores withheld: Required MB factor input is missing: growth. Missing factor weight is not reweighted into a comparable headline score.",./evidence_audit/2026-09-06/QBTS.json
2026-09-07T155915Z-critical_data_rerank,candidate,,RKLB,missing_critical_data,Required MB factor input is missing: growth. Missing factor weight is not reweighted into a comparable headline score.,64.26000213623047,2026-09-04,,,15.979714991822757,2026-09-06T21:00:31.432644+00:00,2026-09-07T01:58:22+00:00,Missing critical data — no MB/E&V headline score: Required MB factor input is missing: growth. Missing factor weight is not reweighted into a comparable headline score.,provisional_with_explicit_gaps,,0.925,0.7,6,6,"Latest-quarter acquisition-excluded growth not fully separated; half of the growth factor remains unavailable.; Only 92.5% of intended MB factor weight is populated. Missing-weight bounds are not confidence intervals.; Comparable positive-baseline EPS revision unavailable; E&V is valuation-only or partially covered. Raw estimates remain visible.; Some historical cells are standardized vendor observations, not independently primary-verified values. Per-cell sources are shown.; The broader six-pass research programme remains incomplete. A passed input audit is not a fully verified MB score.; Headline investment scores withheld: Required MB factor input is missing: growth. Missing factor weight is not reweighted into a comparable headline score.",./evidence_audit/2026-09-06/RKLB.json
2026-09-07T155915Z-critical_data_rerank,candidate,,RZLV,missing_critical_data,Required MB factor input is missing: growth. Missing factor weight is not reweighted into a comparable headline score.; Going-concern and financing risks remain material; eight separately reported quarterly cash-flow observations are unavailable.; Issuer half-year financials are retained separately. Vendor quarterly allocations are not independently reported quarter measurements.,2.2100000381469727,2026-09-04,,,17.75819237722262,2026-09-06T21:00:36.965790+00:00,2026-09-07T01:58:22+00:00,Missing critical data — no MB/E&V headline score: Required MB factor input is missing: growth. Missing factor weight is not reweighted into a comparable headline score.; Going-concern and financing risks remain material; eight separately reported quarterly cash-flow observations are unavailable.; Issuer half-year financials are retained separately. Vendor quarterly allocations are not independently reported quarter measurements.,provisional_with_explicit_gaps,,0.925,0.7,3,10,"Going-concern and financing risks remain material; eight separately reported quarterly cash-flow observations are unavailable.; Acquisition-excluded current revenue growth remains unverified; issuer reports interim half-years.; Only 92.5% of intended MB factor weight is populated. Missing-weight bounds are not confidence intervals.; Comparable positive-baseline EPS revision unavailable; E&V is valuation-only or partially covered. Raw estimates remain visible.; 1 required financial-history cells unavailable; blanks are not zero.; Some historical cells are standardized vendor observations, not independently primary-verified values. Per-cell sources are shown.; Issuer half-year financials are retained separately. Vendor quarterly allocations are not independently reported quarter measurements.; Historical quarter sums differ materially from the score-input bridge; classification/restatement mismatch remains visible.; The broader six-pass research programme remains incomplete. A passed input audit is not a fully verified MB score.; Headline investment scores withheld: Required MB factor input is missing: growth. Missing factor weight is not reweighted into a comparable headline score.; Going-concern and financing risks remain material; eight separately reported quarterly cash-flow observations are unavailable.; Issuer half-year financials are retained separately. Vendor quarterly allocations are not independently reported quarter measurements.",./evidence_audit/2026-09-06/RZLV.json
2026-09-07T155915Z-critical_data_rerank,candidate,,SERV,missing_critical_data,Required MB factor input is missing: growth. Missing factor weight is not reweighted into a comparable headline score.,4.945000171661377,2026-09-04,,,43.78668988247341,2026-09-06T21:00:38.090222+00:00,2026-09-07T01:58:22+00:00,Missing critical data — no MB/E&V headline score: Required MB factor input is missing: growth. Missing factor weight is not reweighted into a comparable headline score.,provisional_with_explicit_gaps,,0.925,0.7,4,7,"Comparable acquisition-excluded current growth remains unavailable.; Only 92.5% of intended MB factor weight is populated. Missing-weight bounds are not confidence intervals.; Comparable positive-baseline EPS revision unavailable; E&V is valuation-only or partially covered. Raw estimates remain visible.; Some historical cells are standardized vendor observations, not independently primary-verified values. Per-cell sources are shown.; Historical quarter sums differ materially from the score-input bridge; classification/restatement mismatch remains visible.; The broader six-pass research programme remains incomplete. A passed input audit is not a fully verified MB score.; Headline investment scores withheld: Required MB factor input is missing: growth. Missing factor weight is not reweighted into a comparable headline score.",./evidence_audit/2026-09-06/SERV.json
2026-09-07T155915Z-critical_data_rerank,candidate,,SMR,missing_critical_data,"The operating-business screen is a development-stage proxy, not a risk-adjusted commercial-reactor project valuation.",9.699999809265137,2026-09-04,,,60.37994890924229,2026-09-06T21:00:39.653711+00:00,2026-09-07T01:58:22+00:00,"Missing critical data — no MB/E&V headline score: The operating-business screen is a development-stage proxy, not a risk-adjusted commercial-reactor project valuation.",provisional_with_explicit_gaps,,1.0,0.7,3,7,"The operating-business screen is a development-stage proxy, not a risk-adjusted commercial-reactor project valuation.; Site-specific final investment decisions, capital commitments and project valuation probabilities are not fully verified.; Comparable positive-baseline EPS revision unavailable; E&V is valuation-only or partially covered. Raw estimates remain visible.; 9 required financial-history cells unavailable; blanks are not zero.; Some historical cells are standardized vendor observations, not independently primary-verified values. Per-cell sources are shown.; The broader six-pass research programme remains incomplete. A passed input audit is not a fully verified MB score.; Headline investment scores withheld: The operating-business screen is a development-stage proxy, not a risk-adjusted commercial-reactor project valuation.",./evidence_audit/2026-09-06/SMR.json
2026-09-07T155915Z-critical_data_rerank,candidate,,SOUN,missing_critical_data,"Required MB factor input is missing: growth. Missing factor weight is not reweighted into a comparable headline score.; Post-LivePerson combined cash, debt, economic share count and forecast perimeter remain unresolved.",6.739999771118164,2026-09-04,,,26.077113591717605,2026-09-06T21:00:35.337624+00:00,2026-09-07T01:58:22+00:00,"Missing critical data — no MB/E&V headline score: Required MB factor input is missing: growth. Missing factor weight is not reweighted into a comparable headline score.; Post-LivePerson combined cash, debt, economic share count and forecast perimeter remain unresolved.",provisional_with_explicit_gaps,,0.925,0.7,4,7,"Post-LivePerson combined cash, debt, economic share count and forecast perimeter remain unresolved.; Comparable acquisition-excluded current revenue growth is not fully reconciled.; Only 92.5% of intended MB factor weight is populated. Missing-weight bounds are not confidence intervals.; Comparable positive-baseline EPS revision unavailable; E&V is valuation-only or partially covered. Raw estimates remain visible.; Some historical cells are standardized vendor observations, not independently primary-verified values. Per-cell sources are shown.; The broader six-pass research programme remains incomplete. A passed input audit is not a fully verified MB score.; Headline investment scores withheld: Required MB factor input is missing: growth. Missing factor weight is not reweighted into a comparable headline score.; Post-LivePerson combined cash, debt, economic share count and forecast perimeter remain unresolved.",./evidence_audit/2026-09-06/SOUN.json
2026-09-08T122002Z-daily,action,1,ETN,scoreable,,410.8500061035156,2026-09-04,73.81722263659904,55.92323534622635,40.48268040445756,2026-09-08T12:20:02+00:00,2026-09-07T01:58:22+00:00,"No material evidence gap; valuation, entry and weekly persistence gates still apply.",reviewed_within_scope,73.81722263659904,1.0,1.0,6,2,"Some historical cells are standardized vendor observations, not independently primary-verified values. Per-cell sources are shown.; The broader six-pass research programme remains incomplete. A passed input audit is not a fully verified MB score.",./evidence_audit/2026-09-06/ETN.json
2026-09-08T122002Z-daily,action,2,ZETA,scoreable,,31.350000381469727,2026-09-04,72.67605396914189,65.90952270754883,83.24687217044453,2026-09-08T12:20:02+00:00,2026-09-07T01:58:22+00:00,"No material evidence gap; valuation, entry and weekly persistence gates still apply.",reviewed_within_scope,72.67605396914189,1.0,1.0,6,2,"Some historical cells are standardized vendor observations, not independently primary-verified values. Per-cell sources are shown.; The broader six-pass research programme remains incomplete. A passed input audit is not a fully verified MB score.",./evidence_audit/2026-09-06/ZETA.json
2026-09-08T122002Z-daily,action,3,HUBB,scoreable,,460.7200012207031,2026-09-04,70.25248242683055,63.72895295785048,25.047560819265982,2026-09-08T12:20:02+00:00,2026-09-07T01:58:22+00:00,"No material evidence gap; valuation, entry and weekly persistence gates still apply.",reviewed_within_scope,70.25248242683055,1.0,1.0,6,2,"Some historical cells are standardized vendor observations, not independently primary-verified values. Per-cell sources are shown.; The broader six-pass research programme remains incomplete. A passed input audit is not a fully verified MB score.",./evidence_audit/2026-09-06/HUBB.json
2026-09-08T122002Z-daily,action,4,CRMD,scoreable,,8.430000305175781,2026-09-04,68.46037420413701,67.24816755366486,76.59742656145417,2026-09-08T12:20:02+00:00,2026-09-07T01:58:22+00:00,"No material evidence gap; valuation, entry and weekly persistence gates still apply.",reviewed_within_scope,68.46037420413701,1.0,1.0,6,2,"Some historical cells are standardized vendor observations, not independently primary-verified values. Per-cell sources are shown.; The broader six-pass research programme remains incomplete. A passed input audit is not a fully verified MB score.",./evidence_audit/2026-09-06/CRMD.json
2026-09-08T122002Z-daily,action,5,VST,scoreable,,149.3000030517578,2026-09-04,68.336403155281,60.55301203258951,60.05627515243008,2026-09-08T12:20:02+00:00,2026-09-07T01:58:22+00:00,No score-critical data gap. Eight historical display cells remain unavailable but all current MB factor inputs are populated; retain the visible noncritical warning.,provisional_with_explicit_gaps,,1.0,1.0,5,3,"8 required financial-history cells unavailable; blanks are not zero.; Some historical cells are standardized vendor observations, not independently primary-verified values. Per-cell sources are shown.; The broader six-pass research programme remains incomplete. A passed input audit is not a fully verified MB score.",./evidence_audit/2026-09-06/VST.json
2026-09-08T122002Z-daily,action,6,AXTI,scoreable,,61.63999938964844,2026-09-04,63.170923713066315,51.90593613144953,33.14120938033789,2026-09-08T12:20:02+00:00,2026-09-07T01:58:22+00:00,"No material evidence gap; valuation, entry and weekly persistence gates still apply.",reviewed_within_scope,63.170923713066315,1.0,1.0,6,2,"Some historical cells are standardized vendor observations, not independently primary-verified values. Per-cell sources are shown.; The broader six-pass research programme remains incomplete. A passed input audit is not a fully verified MB score.",./evidence_audit/2026-09-06/AXTI.json
2026-09-08T122002Z-daily,action,7,KTOS,scoreable,,47.81999969482422,2026-09-04,62.0964821452892,45.623416713453445,13.055551883893086,2026-09-08T12:20:02+00:00,2026-09-07T01:58:22+00:00,"No material evidence gap; valuation, entry and weekly persistence gates still apply.",reviewed_within_scope,62.0964821452892,1.0,1.0,6,2,"Some historical cells are standardized vendor observations, not independently primary-verified values. Per-cell sources are shown.; The broader six-pass research programme remains incomplete. A passed input audit is not a fully verified MB score.",./evidence_audit/2026-09-06/KTOS.json
2026-09-08T122002Z-daily,action,8,AVAV,scoreable,,144.64999389648438,2026-09-04,59.73145297988116,29.768525321299144,14.525734045035072,2026-09-08T12:20:02+00:00,2026-09-07T01:58:22+00:00,"No material evidence gap; valuation, entry and weekly persistence gates still apply.",reviewed_within_scope,59.73145297988116,1.0,1.0,6,2,"Some historical cells are standardized vendor observations, not independently primary-verified values. Per-cell sources are shown.; The broader six-pass research programme remains incomplete. A passed input audit is not a fully verified MB score.",./evidence_audit/2026-09-06/AVAV.json
2026-09-08T122002Z-daily,action,9,EVLV,scoreable,,5.0,2026-09-04,58.961169683588494,54.075996711949415,16.711316874913592,2026-09-08T12:20:02+00:00,2026-09-07T01:58:22+00:00,Comparable positive-baseline EPS revision unavailable; E&V is valuation-only or partially covered. Raw estimates remain visible.,reviewed_within_scope,58.961169683588494,1.0,0.7,6,3,"Comparable positive-baseline EPS revision unavailable; E&V is valuation-only or partially covered. Raw estimates remain visible.; Some historical cells are standardized vendor observations, not independently primary-verified values. Per-cell sources are shown.; The broader six-pass research programme remains incomplete. A passed input audit is not a fully verified MB score.",./evidence_audit/2026-09-06/EVLV.json
2026-09-08T122002Z-daily,action,10,BKSY,scoreable,,20.5,2026-09-04,57.46454203500005,45.18086632418509,8.185117264594233,2026-09-08T12:20:02+00:00,2026-09-07T01:58:22+00:00,Comparable positive-baseline EPS revision unavailable; E&V is valuation-only or partially covered. Raw estimates remain visible.,reviewed_within_scope,57.46454203500005,1.0,0.7,6,3,"Comparable positive-baseline EPS revision unavailable; E&V is valuation-only or partially covered. Raw estimates remain visible.; Some historical cells are standardized vendor observations, not independently primary-verified values. Per-cell sources are shown.; The broader six-pass research programme remains incomplete. A passed input audit is not a fully verified MB score.",./evidence_audit/2026-09-06/BKSY.json
2026-09-08T122002Z-daily,candidate,1,AMPX,scoreable,,9.890000343322754,2026-09-04,55.20026099572458,44.05613779987506,20.869918596675525,2026-09-06T21:00:32.772248+00:00,2026-09-07T01:58:22+00:00,"No material evidence gap; valuation, entry and weekly persistence gates still apply.",reviewed_within_scope,55.20026099572458,1.0,1.0,6,2,"Some historical cells are standardized vendor observations, not independently primary-verified values. Per-cell sources are shown.; The broader six-pass research programme remains incomplete. A passed input audit is not a fully verified MB score.",./evidence_audit/2026-09-06/AMPX.json
2026-09-08T122002Z-daily,candidate,2,RGTI,scoreable,,15.199999809265137,2026-09-04,53.5587256467082,9.09465106996739,19.798664015753765,2026-09-06T21:00:38.158927+00:00,2026-09-07T01:58:22+00:00,Comparable positive-baseline EPS revision unavailable; E&V is valuation-only or partially covered. Raw estimates remain visible.,reviewed_within_scope,53.5587256467082,1.0,0.7,6,3,"Comparable positive-baseline EPS revision unavailable; E&V is valuation-only or partially covered. Raw estimates remain visible.; Some historical cells are standardized vendor observations, not independently primary-verified values. Per-cell sources are shown.; The broader six-pass research programme remains incomplete. A passed input audit is not a fully verified MB score.",./evidence_audit/2026-09-06/RGTI.json
2026-09-08T122002Z-daily,candidate,3,NBIS,scoreable,,226.38999938964844,2026-09-04,52.49337412747878,43.110315966537435,70.47405897564224,2026-09-06T21:00:32.813433+00:00,2026-09-07T01:58:22+00:00,Comparable positive-baseline EPS revision unavailable; E&V is valuation-only or partially covered. Raw estimates remain visible.; Historical quarter sums differ materially from the score-input bridge; classification/restatement mismatch remains visible.,provisional_with_explicit_gaps,,1.0,0.7,4,4,"Comparable positive-baseline EPS revision unavailable; E&V is valuation-only or partially covered. Raw estimates remain visible.; Some historical cells are standardized vendor observations, not independently primary-verified values. Per-cell sources are shown.; Historical quarter sums differ materially from the score-input bridge; classification/restatement mismatch remains visible.; The broader six-pass research programme remains incomplete. A passed input audit is not a fully verified MB score.",./evidence_audit/2026-09-06/NBIS.json
2026-09-08T122002Z-daily,candidate,4,SSII,scoreable,,3.4100000858306885,2026-09-04,52.24261680340671,30.09506059701596,27.64535933842643,2026-09-06T21:00:34.041529+00:00,2026-09-07T01:58:22+00:00,Comparable positive-baseline EPS revision unavailable; E&V is valuation-only or partially covered. Raw estimates remain visible.,reviewed_within_scope,52.24261680340671,1.0,0.7,6,3,"Comparable positive-baseline EPS revision unavailable; E&V is valuation-only or partially covered. Raw estimates remain visible.; Some historical cells are standardized vendor observations, not independently primary-verified values. Per-cell sources are shown.; The broader six-pass research programme remains incomplete. A passed input audit is not a fully verified MB score.",./evidence_audit/2026-09-06/SSII.json
2026-09-08T122002Z-daily,candidate,5,IREN,scoreable,,44.68000030517578,2026-09-04,49.94554211402831,49.93769612914653,61.68458206734786,2026-09-06T21:00:34.064046+00:00,2026-09-07T01:58:22+00:00,Comparable positive-baseline EPS revision unavailable; E&V is valuation-only or partially covered. Raw estimates remain visible.; Historical quarter sums differ materially from the score-input bridge; classification/restatement mismatch remains visible.,provisional_with_explicit_gaps,,1.0,0.7,4,4,"Comparable positive-baseline EPS revision unavailable; E&V is valuation-only or partially covered. Raw estimates remain visible.; Some historical cells are standardized vendor observations, not independently primary-verified values. Per-cell sources are shown.; Historical quarter sums differ materially from the score-input bridge; classification/restatement mismatch remains visible.; The broader six-pass research programme remains incomplete. A passed input audit is not a fully verified MB score.",./evidence_audit/2026-09-06/IREN.json
2026-09-08T122002Z-daily,candidate,6,TSSI,scoreable,,8.420000076293945,2026-09-04,49.56668313434999,44.147041327947974,20.3905795864556,2026-09-06T21:00:34.100180+00:00,2026-09-07T01:58:22+00:00,Historical quarter sums differ materially from the score-input bridge; classification/restatement mismatch remains visible.,provisional_with_explicit_gaps,,1.0,1.0,4,3,"Some historical cells are standardized vendor observations, not independently primary-verified values. Per-cell sources are shown.; Historical quarter sums differ materially from the score-input bridge; classification/restatement mismatch remains visible.; The broader six-pass research programme remains incomplete. A passed input audit is not a fully verified MB score.",./evidence_audit/2026-09-06/TSSI.json
2026-09-08T122002Z-daily,candidate,7,WULF,scoreable,,16.510000228881836,2026-09-04,45.55028258996546,17.638862859608494,44.23137433275646,2026-09-06T21:00:35.639874+00:00,2026-09-07T01:58:22+00:00,"No material evidence gap; valuation, entry and weekly persistence gates still apply.",reviewed_within_scope,45.55028258996546,1.0,1.0,6,2,"Some historical cells are standardized vendor observations, not independently primary-verified values. Per-cell sources are shown.; The broader six-pass research programme remains incomplete. A passed input audit is not a fully verified MB score.",./evidence_audit/2026-09-06/WULF.json
2026-09-08T122002Z-daily,candidate,8,RR,scoreable,,1.75,2026-09-04,42.58344416097361,32.48129440649078,48.66061605867152,2026-09-06T21:00:36.853924+00:00,2026-09-07T01:58:22+00:00,Comparable positive-baseline EPS revision unavailable; E&V is valuation-only or partially covered. Raw estimates remain visible.; Historical quarter sums differ materially from the score-input bridge; classification/restatement mismatch remains visible.,provisional_with_explicit_gaps,,1.0,0.7,4,4,"Comparable positive-baseline EPS revision unavailable; E&V is valuation-only or partially covered. Raw estimates remain visible.; Some historical cells are standardized vendor observations, not independently primary-verified values. Per-cell sources are shown.; Historical quarter sums differ materially from the score-input bridge; classification/restatement mismatch remains visible.; The broader six-pass research programme remains incomplete. A passed input audit is not a fully verified MB score.",./evidence_audit/2026-09-06/RR.json
2026-09-08T122002Z-daily,candidate,,APLD,missing_critical_data,Required MB factor input is missing: growth. Missing factor weight is not reweighted into a comparable headline score.,26.3700008392334,2026-09-04,,,25.623222655245474,2026-09-06T21:00:36.843315+00:00,2026-09-07T01:58:22+00:00,Missing critical data — no MB/E&V headline score: Required MB factor input is missing: growth. Missing factor weight is not reweighted into a comparable headline score.,provisional_with_explicit_gaps,,0.925,0.7,4,8,"Comparable acquisition/divestiture-adjusted current growth remains unavailable.; Only 92.5% of intended MB factor weight is populated. Missing-weight bounds are not confidence intervals.; Comparable positive-baseline EPS revision unavailable; E&V is valuation-only or partially covered. Raw estimates remain visible.; 2 required financial-history cells unavailable; blanks are not zero.; Some historical cells are standardized vendor observations, not independently primary-verified values. Per-cell sources are shown.; Historical quarter sums differ materially from the score-input bridge; classification/restatement mismatch remains visible.; The broader six-pass research programme remains incomplete. A passed input audit is not a fully verified MB score.; Headline investment scores withheld: Required MB factor input is missing: growth. Missing factor weight is not reweighted into a comparable headline score.",./evidence_audit/2026-09-06/APLD.json
2026-09-08T122002Z-daily,candidate,,EOSE,missing_critical_data,"Preferred, derivative and subsequent financing claims require continued current-date reconciliation.",3.880000114440918,2026-09-04,,,46.64571322575272,2026-09-06T21:00:39.698088+00:00,2026-09-07T01:58:22+00:00,"Missing critical data — no MB/E&V headline score: Preferred, derivative and subsequent financing claims require continued current-date reconciliation.",provisional_with_explicit_gaps,,1.0,0.7,6,5,"Preferred, derivative and subsequent financing claims require continued current-date reconciliation.; Comparable positive-baseline EPS revision unavailable; E&V is valuation-only or partially covered. Raw estimates remain visible.; Some historical cells are standardized vendor observations, not independently primary-verified values. Per-cell sources are shown.; The broader six-pass research programme remains incomplete. A passed input audit is not a fully verified MB score.; Headline investment scores withheld: Preferred, derivative and subsequent financing claims require continued current-date reconciliation.",./evidence_audit/2026-09-06/EOSE.json
2026-09-08T122002Z-daily,candidate,,FIGR,missing_critical_data,"Post-Kiavi full pro forma cash, debt, shares and combined earnings are not reconciled.; Operating-business valuation model is not validated for this finance-company accounting.",35.959999084472656,2026-09-04,,,64.92602042885609,2026-09-06T21:00:28.657335+00:00,2026-09-07T01:58:22+00:00,"Missing critical data — no MB/E&V headline score: Post-Kiavi full pro forma cash, debt, shares and combined earnings are not reconciled.; Operating-business valuation model is not validated for this finance-company accounting.",provisional_with_explicit_gaps,,1.0,1.0,3,7,"Post-Kiavi full pro forma cash, debt, shares and combined earnings are not reconciled.; Operating-business valuation model is not validated for this finance-company accounting.; 11 required financial-history cells unavailable; blanks are not zero.; Some historical cells are standardized vendor observations, not independently primary-verified values. Per-cell sources are shown.; Historical quarter sums differ materially from the score-input bridge; classification/restatement mismatch remains visible.; The broader six-pass research programme remains incomplete. A passed input audit is not a fully verified MB score.; Headline investment scores withheld: Post-Kiavi full pro forma cash, debt, shares and combined earnings are not reconciled.; Operating-business valuation model is not validated for this finance-company accounting.",./evidence_audit/2026-09-06/FIGR.json
2026-09-08T122002Z-daily,candidate,,GRRR,missing_critical_data,"July $125M convertible financing and its net proceeds, derivative/economic claims need a current pro forma reconciliation.; Issuer half-year financials are retained separately. Vendor quarterly allocations are not independently reported quarter measurements.",13.789999961853027,2026-09-04,,,42.46159884398459,2026-09-06T21:00:32.739220+00:00,2026-09-07T01:58:22+00:00,"Missing critical data — no MB/E&V headline score: July $125M convertible financing and its net proceeds, derivative/economic claims need a current pro forma reconciliation.; Issuer half-year financials are retained separately. Vendor quarterly allocations are not independently reported quarter measurements.",provisional_with_explicit_gaps,,1.0,1.0,3,8,"July $125M convertible financing and its net proceeds, derivative/economic claims need a current pro forma reconciliation.; Issuer reports interim half-years; eight independently reported quarterly cash-flow observations are not available.; 2 required financial-history cells unavailable; blanks are not zero.; Some historical cells are standardized vendor observations, not independently primary-verified values. Per-cell sources are shown.; Issuer half-year financials are retained separately. Vendor quarterly allocations are not independently reported quarter measurements.; Historical quarter sums differ materially from the score-input bridge; classification/restatement mismatch remains visible.; The broader six-pass research programme remains incomplete. A passed input audit is not a fully verified MB score.; Headline investment scores withheld: July $125M convertible financing and its net proceeds, derivative/economic claims need a current pro forma reconciliation.; Issuer half-year financials are retained separately. Vendor quarterly allocations are not independently reported quarter measurements.",./evidence_audit/2026-09-06/GRRR.json
2026-09-08T122002Z-daily,candidate,,OKLO,missing_critical_data,Required MB factor input is missing: growth. Missing factor weight is not reweighted into a comparable headline score.; Operating-business formula is only a project-stage proxy; probability-adjusted reactor project economics are not valued.,41.27000045776367,2026-09-04,,,31.936765078511502,2026-09-06T21:00:39.613824+00:00,2026-09-07T01:58:22+00:00,Missing critical data — no MB/E&V headline score: Required MB factor input is missing: growth. Missing factor weight is not reweighted into a comparable headline score.; Operating-business formula is only a project-stage proxy; probability-adjusted reactor project economics are not valued.,provisional_with_explicit_gaps,,0.925,0.7,3,8,"Operating-business formula is only a project-stage proxy; probability-adjusted reactor project economics are not valued.; Project-by-project funding, licensing probabilities and risk-adjusted valuation remain uncalibrated.; Only 92.5% of intended MB factor weight is populated. Missing-weight bounds are not confidence intervals.; Comparable positive-baseline EPS revision unavailable; E&V is valuation-only or partially covered. Raw estimates remain visible.; 12 required financial-history cells unavailable; blanks are not zero.; Some historical cells are standardized vendor observations, not independently primary-verified values. Per-cell sources are shown.; The broader six-pass research programme remains incomplete. A passed input audit is not a fully verified MB score.; Headline investment scores withheld: Required MB factor input is missing: growth. Missing factor weight is not reweighted into a comparable headline score.; Operating-business formula is only a project-stage proxy; probability-adjusted reactor project economics are not valued.",./evidence_audit/2026-09-06/OKLO.json
2026-09-08T122002Z-daily,candidate,,POET,missing_critical_data,"Required MB factor input is missing: valuation. Missing factor weight is not reweighted into a comparable headline score.; Gross-profit and valuation coverage are insufficient for a fully populated, comparable MB score.",7.920000076293945,2026-09-04,,,26.4525900324632,2026-09-06T21:00:35.404518+00:00,2026-09-07T01:58:22+00:00,"Missing critical data — no MB/E&V headline score: Required MB factor input is missing: valuation. Missing factor weight is not reweighted into a comparable headline score.; Gross-profit and valuation coverage are insufficient for a fully populated, comparable MB score.",provisional_with_explicit_gaps,,0.91,0.27999999999999997,3,8,"Gross-profit and valuation coverage are insufficient for a fully populated, comparable MB score.; A consistent eight-quarter gross-profit series is not available in the retained evidence.; Only 91.0% of intended MB factor weight is populated. Missing-weight bounds are not confidence intervals.; Comparable positive-baseline EPS revision unavailable; E&V is valuation-only or partially covered. Raw estimates remain visible.; 8 required financial-history cells unavailable; blanks are not zero.; Some historical cells are standardized vendor observations, not independently primary-verified values. Per-cell sources are shown.; The broader six-pass research programme remains incomplete. A passed input audit is not a fully verified MB score.; Headline investment scores withheld: Required MB factor input is missing: valuation. Missing factor weight is not reweighted into a comparable headline score.; Gross-profit and valuation coverage are insufficient for a fully populated, comparable MB score.",./evidence_audit/2026-09-06/POET.json
2026-09-08T122002Z-daily,candidate,,QBTS,missing_critical_data,Required MB factor input is missing: growth. Missing factor weight is not reweighted into a comparable headline score.,16.579999923706055,2026-09-04,,,15.301350817511565,2026-09-06T21:00:38.381565+00:00,2026-09-07T01:58:22+00:00,Missing critical data — no MB/E&V headline score: Required MB factor input is missing: growth. Missing factor weight is not reweighted into a comparable headline score.,provisional_with_explicit_gaps,,0.925,0.7,6,6,"Quantum Circuits acquisition revenue and comparable current growth are not fully separated.; Only 92.5% of intended MB factor weight is populated. Missing-weight bounds are not confidence intervals.; Comparable positive-baseline EPS revision unavailable; E&V is valuation-only or partially covered. Raw estimates remain visible.; Some historical cells are standardized vendor observations, not independently primary-verified values. Per-cell sources are shown.; The broader six-pass research programme remains incomplete. A passed input audit is not a fully verified MB score.; Headline investment scores withheld: Required MB factor input is missing: growth. Missing factor weight is not reweighted into a comparable headline score.",./evidence_audit/2026-09-06/QBTS.json
2026-09-08T122002Z-daily,candidate,,RKLB,missing_critical_data,Required MB factor input is missing: growth. Missing factor weight is not reweighted into a comparable headline score.,64.26000213623047,2026-09-04,,,15.979714991822757,2026-09-06T21:00:31.432644+00:00,2026-09-07T01:58:22+00:00,Missing critical data — no MB/E&V headline score: Required MB factor input is missing: growth. Missing factor weight is not reweighted into a comparable headline score.,provisional_with_explicit_gaps,,0.925,0.7,6,6,"Latest-quarter acquisition-excluded growth not fully separated; half of the growth factor remains unavailable.; Only 92.5% of intended MB factor weight is populated. Missing-weight bounds are not confidence intervals.; Comparable positive-baseline EPS revision unavailable; E&V is valuation-only or partially covered. Raw estimates remain visible.; Some historical cells are standardized vendor observations, not independently primary-verified values. Per-cell sources are shown.; The broader six-pass research programme remains incomplete. A passed input audit is not a fully verified MB score.; Headline investment scores withheld: Required MB factor input is missing: growth. Missing factor weight is not reweighted into a comparable headline score.",./evidence_audit/2026-09-06/RKLB.json
2026-09-08T122002Z-daily,candidate,,RZLV,missing_critical_data,Required MB factor input is missing: growth. Missing factor weight is not reweighted into a comparable headline score.; Going-concern and financing risks remain material; eight separately reported quarterly cash-flow observations are unavailable.; Issuer half-year financials are retained separately. Vendor quarterly allocations are not independently reported quarter measurements.,2.2100000381469727,2026-09-04,,,17.75819237722262,2026-09-06T21:00:36.965790+00:00,2026-09-07T01:58:22+00:00,Missing critical data — no MB/E&V headline score: Required MB factor input is missing: growth. Missing factor weight is not reweighted into a comparable headline score.; Going-concern and financing risks remain material; eight separately reported quarterly cash-flow observations are unavailable.; Issuer half-year financials are retained separately. Vendor quarterly allocations are not independently reported quarter measurements.,provisional_with_explicit_gaps,,0.925,0.7,3,10,"Going-concern and financing risks remain material; eight separately reported quarterly cash-flow observations are unavailable.; Acquisition-excluded current revenue growth remains unverified; issuer reports interim half-years.; Only 92.5% of intended MB factor weight is populated. Missing-weight bounds are not confidence intervals.; Comparable positive-baseline EPS revision unavailable; E&V is valuation-only or partially covered. Raw estimates remain visible.; 1 required financial-history cells unavailable; blanks are not zero.; Some historical cells are standardized vendor observations, not independently primary-verified values. Per-cell sources are shown.; Issuer half-year financials are retained separately. Vendor quarterly allocations are not independently reported quarter measurements.; Historical quarter sums differ materially from the score-input bridge; classification/restatement mismatch remains visible.; The broader six-pass research programme remains incomplete. A passed input audit is not a fully verified MB score.; Headline investment scores withheld: Required MB factor input is missing: growth. Missing factor weight is not reweighted into a comparable headline score.; Going-concern and financing risks remain material; eight separately reported quarterly cash-flow observations are unavailable.; Issuer half-year financials are retained separately. Vendor quarterly allocations are not independently reported quarter measurements.",./evidence_audit/2026-09-06/RZLV.json
2026-09-08T122002Z-daily,candidate,,SERV,missing_critical_data,Required MB factor input is missing: growth. Missing factor weight is not reweighted into a comparable headline score.,4.945000171661377,2026-09-04,,,43.78668988247341,2026-09-06T21:00:38.090222+00:00,2026-09-07T01:58:22+00:00,Missing critical data — no MB/E&V headline score: Required MB factor input is missing: growth. Missing factor weight is not reweighted into a comparable headline score.,provisional_with_explicit_gaps,,0.925,0.7,4,7,"Comparable acquisition-excluded current growth remains unavailable.; Only 92.5% of intended MB factor weight is populated. Missing-weight bounds are not confidence intervals.; Comparable positive-baseline EPS revision unavailable; E&V is valuation-only or partially covered. Raw estimates remain visible.; Some historical cells are standardized vendor observations, not independently primary-verified values. Per-cell sources are shown.; Historical quarter sums differ materially from the score-input bridge; classification/restatement mismatch remains visible.; The broader six-pass research programme remains incomplete. A passed input audit is not a fully verified MB score.; Headline investment scores withheld: Required MB factor input is missing: growth. Missing factor weight is not reweighted into a comparable headline score.",./evidence_audit/2026-09-06/SERV.json
2026-09-08T122002Z-daily,candidate,,SMR,missing_critical_data,"The operating-business screen is a development-stage proxy, not a risk-adjusted commercial-reactor project valuation.",9.699999809265137,2026-09-04,,,60.37994890924229,2026-09-06T21:00:39.653711+00:00,2026-09-07T01:58:22+00:00,"Missing critical data — no MB/E&V headline score: The operating-business screen is a development-stage proxy, not a risk-adjusted commercial-reactor project valuation.",provisional_with_explicit_gaps,,1.0,0.7,3,7,"The operating-business screen is a development-stage proxy, not a risk-adjusted commercial-reactor project valuation.; Site-specific final investment decisions, capital commitments and project valuation probabilities are not fully verified.; Comparable positive-baseline EPS revision unavailable; E&V is valuation-only or partially covered. Raw estimates remain visible.; 9 required financial-history cells unavailable; blanks are not zero.; Some historical cells are standardized vendor observations, not independently primary-verified values. Per-cell sources are shown.; The broader six-pass research programme remains incomplete. A passed input audit is not a fully verified MB score.; Headline investment scores withheld: The operating-business screen is a development-stage proxy, not a risk-adjusted commercial-reactor project valuation.",./evidence_audit/2026-09-06/SMR.json
2026-09-08T122002Z-daily,candidate,,SOUN,missing_critical_data,"Required MB factor input is missing: growth. Missing factor weight is not reweighted into a comparable headline score.; Post-LivePerson combined cash, debt, economic share count and forecast perimeter remain unresolved.",6.739999771118164,2026-09-04,,,26.077113591717605,2026-09-06T21:00:35.337624+00:00,2026-09-07T01:58:22+00:00,"Missing critical data — no MB/E&V headline score: Required MB factor input is missing: growth. Missing factor weight is not reweighted into a comparable headline score.; Post-LivePerson combined cash, debt, economic share count and forecast perimeter remain unresolved.",provisional_with_explicit_gaps,,0.925,0.7,4,7,"Post-LivePerson combined cash, debt, economic share count and forecast perimeter remain unresolved.; Comparable acquisition-excluded current revenue growth is not fully reconciled.; Only 92.5% of intended MB factor weight is populated. Missing-weight bounds are not confidence intervals.; Comparable positive-baseline EPS revision unavailable; E&V is valuation-only or partially covered. Raw estimates remain visible.; Some historical cells are standardized vendor observations, not independently primary-verified values. Per-cell sources are shown.; The broader six-pass research programme remains incomplete. A passed input audit is not a fully verified MB score.; Headline investment scores withheld: Required MB factor input is missing: growth. Missing factor weight is not reweighted into a comparable headline score.; Post-LivePerson combined cash, debt, economic share count and forecast perimeter remain unresolved.",./evidence_audit/2026-09-06/SOUN.json
