date,same_close_equity,next_day_equity,same_exposure,next_exposure,allocation
2010-06-25,1.0,1.0,0.0,0.0,TQQQ
2010-06-28,0.9932838293733433,0.9932838293733433,0.75,0.75,TQQQ
2010-06-29,0.9101526262240024,0.9101526262240024,0.75,0.75,TQQQ
2010-06-30,0.8771003073649762,0.8426818862053312,0.75,1.5,SOXL
2010-07-01,0.8706878675518537,0.8365210778787053,0.75,0.75,TQQQ
2010-07-02,0.8671152396760362,0.8330886440147289,0.75,0.75,TQQQ
2010-07-06,0.8705141346968003,0.8363541624999705,0.75,0.75,TQQQ
2010-07-07,0.9322104017762075,0.8956293973593612,0.75,0.75,TQQQ
2010-07-08,0.9440055994058895,0.9069617379175421,0.75,0.75,TQQQ
2010-07-09,0.9638432476906648,0.9260209341509967,0.75,0.75,TQQQ
2010-07-12,0.972051986184148,0.9339075523393271,0.75,0.75,TQQQ
2010-07-13,0.9969534149961014,0.9578318205493174,0.75,0.75,TQQQ
2010-07-14,1.0089141498721703,0.9693232024826423,0.75,0.75,TQQQ
2010-07-15,1.0115549549580753,0.9718603793507893,0.75,0.75,TQQQ
2010-07-16,0.9504940979649439,0.9131956203577511,0.75,0.75,TQQQ
2010-07-19,0.9826505034461639,0.9440901716387852,1.5,1.5,TQQQ
2010-07-20,1.029217025055203,0.9888293695777476,1.5,1.5,TQQQ
2010-07-21,0.9751547430528137,0.9368885534729131,1.5,1.5,TQQQ
2010-07-22,1.0737765560816812,1.0316403335444864,1.5,1.5,TQQQ
2010-07-23,1.115703450885402,1.0719219689506752,1.5,1.5,TQQQ
2010-07-26,1.1524843096325692,1.1072595046521845,1.5,1.5,TQQQ
2010-07-27,1.1522995660263076,1.1069045165412883,0.75,1.5,TQQQ
2010-07-28,1.1346339448822733,1.072965154923248,0.75,1.5,TQQQ
2010-07-29,1.114366244277229,1.0346329040370192,0.75,1.5,TQQQ
2010-07-30,1.1200737678510664,1.0452312001006066,0.75,1.5,TQQQ
2010-08-02,1.165269500275439,1.1295827687155662,0.75,1.5,TQQQ
2010-08-03,1.1562353445234859,1.1208252867211548,0.75,0.75,TQQQ
2010-08-04,1.181282747068701,1.1451056049732584,0.75,0.75,TQQQ
2010-08-05,1.1760526668599116,1.1400356975557446,0.75,0.75,TQQQ
2010-08-06,1.1719159282872584,1.136025647855443,0.75,0.75,TQQQ
2010-08-09,1.18728430061433,1.1509233591228893,0.75,0.75,TQQQ
2010-08-10,1.1684069684559455,1.1326241509822907,0.75,0.75,TQQQ
2010-08-11,1.0962741797723266,1.0627004508106503,0.75,0.75,TQQQ
2010-08-12,1.0499260565101365,1.017771752868329,1.5,1.5,TQQQ
2010-08-13,1.0185512265680305,0.9873577866007772,1.5,1.5,TQQQ
2010-08-16,1.0271886902566978,0.9957307253465512,1.5,1.5,TQQQ
2010-08-17,1.0857954842039221,1.0525426684694081,1.5,1.5,TQQQ
2010-08-18,1.1004311850863198,1.0667301465771968,1.5,1.5,TQQQ
2010-08-19,1.0397319170698305,1.0078898120375326,1.5,1.5,TQQQ
2010-08-20,1.0343713763276625,1.0026934394800089,1.5,1.5,TQQQ
2010-08-23,0.9915541310805402,0.9611874853435749,1.5,1.5,TQQQ
2010-08-24,0.877764908486195,0.8508830921729563,2.0,2.0,TQQQ
2010-08-25,0.9304000975728149,0.9019063126436523,2.0,2.0,TQQQ
2010-08-26,0.8848516368756358,0.8430349455960694,1.5,2.0,TQQQ
2010-08-27,0.943398797612793,0.8639525634810568,2.0,0.75,TQQQ
2010-08-30,0.8822643417877857,0.8219629484099821,2.0,1.5,TQQQ
2010-08-31,0.87352311723264,0.8138191729361802,2.0,2.0,TQQQ
2010-09-01,1.0199520472290045,0.9502399136729527,2.0,2.0,TQQQ
2010-09-02,1.0899553584304944,1.0154586076043441,2.0,2.0,TQQQ
2010-09-03,1.2009862710969073,1.1189007303529566,2.0,2.0,TQQQ
2010-09-07,1.1571319258929726,1.098472245840383,1.5,0.75,TQQQ
2010-09-08,1.218436602170975,1.1566691410471648,1.5,1.5,TQQQ
2010-09-09,1.2415602633672098,1.1786205706792512,1.5,1.5,TQQQ
2010-09-10,1.2616029385801117,1.1976472019225086,1.5,1.5,TQQQ
2010-09-13,1.345022336199057,1.2768377341329304,1.5,1.5,TQQQ
2010-09-14,1.3705753906697957,1.3010954013050573,1.5,1.5,TQQQ
2010-09-15,1.4054877707018691,1.334237932111879,1.5,1.5,TQQQ
2010-09-16,1.435212055190365,1.362455372843954,1.5,1.5,TQQQ
2010-09-17,1.4466721866189605,1.3842137152184075,0.75,1.5,TQQQ
2010-09-20,1.503197505965352,1.4382986164282932,0.75,0.75,TQQQ
2010-09-21,1.4996443562916688,1.434898870061405,0.75,0.75,TQQQ
2010-09-22,1.494309225258134,1.429794077408713,0.75,0.75,TQQQ
2010-09-23,1.4909545010667227,1.4265841897233906,0.75,0.75,TQQQ
2010-09-24,1.55427532218132,1.4871712044295793,0.75,0.75,TQQQ
2010-09-27,1.5409308646764868,1.4744028791163586,0.75,0.75,TQQQ
2010-09-28,1.54383421377336,1.4771808793275545,0.75,0.75,TQQQ
2010-09-29,1.5345079289095558,1.4682572464963444,0.75,0.75,TQQQ
2010-09-30,1.5189244152826453,1.4533465338323537,0.75,0.75,TQQQ
2010-10-01,1.5153822994221497,1.449957344905974,0.75,0.75,TQQQ
2010-10-04,1.47595287866911,1.4122302457785403,0.75,0.75,TQQQ
2010-10-05,1.6407695903035544,1.5699311782024836,1.5,1.5,TQQQ
2010-10-06,1.5780482546336585,1.5099177668200505,1.5,1.5,TQQQ
2010-10-07,1.6012570183081805,1.5321245177956244,1.5,1.5,TQQQ
2010-10-08,1.6496414269281463,1.5784199830945151,1.5,1.5,TQQQ
2010-10-11,1.6546587642047557,1.5832207023842049,1.5,1.5,TQQQ
2010-10-12,1.7061860378367029,1.6325233429747088,1.5,1.5,TQQQ
2010-10-13,1.7683757958160957,1.692028126945414,1.5,1.5,TQQQ
2010-10-14,1.7610141263997539,1.6779404519804038,0.75,1.5,TQQQ
2010-10-15,1.8452639127323884,1.8384912646501972,0.75,1.5,TQQQ
2010-10-18,1.8452639127323884,1.8384912646501972,0.75,1.5,TQQQ
2010-10-19,1.7902308050047722,1.7288290237906163,0.75,1.5,TQQQ
2010-10-20,1.8181454430169715,1.7557862386084957,0.75,0.75,TQQQ
2010-10-21,1.8276579254135157,1.7649724595189324,0.75,0.75,TQQQ
2010-10-22,1.8543853549267697,1.790783185010112,0.75,0.75,TQQQ
2010-10-25,1.8754892249855124,1.8111632292870077,0.75,0.75,TQQQ
2010-10-26,1.8839207480521096,1.8193055658793302,0.75,0.75,TQQQ
2010-10-27,1.898465590756882,1.833351545953063,0.75,0.75,TQQQ
2010-10-28,1.9066448517300916,1.841250272599991,0.75,0.75,TQQQ
2010-10-29,1.899781801626071,1.8346226130946413,0.75,0.75,TQQQ
2010-11-01,1.9030563619189238,1.8377848617044907,0.75,0.75,TQQQ
2010-11-02,1.9463188488840657,1.8795635211363404,0.75,0.75,TQQQ
2010-11-03,1.967412290917599,1.899933495051028,0.75,0.75,TQQQ
2010-11-04,2.019694816825937,1.9504228218879545,0.75,0.75,TQQQ
2010-11-05,2.0215085416199967,1.9521743390981228,0.75,0.75,TQQQ
2010-11-08,2.025356790210148,1.955890599501427,0.75,0.75,TQQQ
2010-11-09,2.00079793994996,1.9321740747929677,0.75,0.75,TQQQ
2010-11-10,2.0237409699216595,1.9543301990188977,0.75,0.75,TQQQ
2010-11-11,1.998214570440669,1.9296793103333505,0.75,0.75,TQQQ
2010-11-12,1.9219535053150871,1.8560338661784885,0.75,0.75,TQQQ
2010-11-15,1.8910832975055634,1.826222452430969,1.5,1.5,TQQQ
2010-11-16,1.7503232551858388,1.6902902330366731,1.5,1.5,TQQQ
2010-11-17,1.7751637582564048,1.7142787503573993,1.5,1.5,TQQQ
2010-11-18,1.8989338559212239,1.8338037504423843,1.5,1.5,TQQQ
2010-11-19,1.9056361667252477,1.8402761837242096,1.5,1.5,TQQQ
2010-11-22,1.980987760203625,1.9130433495165238,1.5,1.5,TQQQ
2010-11-23,1.840634887570571,1.7775043346017598,1.5,1.5,TQQQ
2010-11-24,2.001882517295123,1.9332214530347123,1.5,1.5,TQQQ
2010-11-26,1.9829886998344535,1.9149756604224462,1.5,1.5,TQQQ
2010-11-29,1.9415833689614184,1.874990459881354,1.5,1.5,TQQQ
2010-11-30,1.830867843502818,1.7680722830395994,1.5,1.5,TQQQ
2010-12-01,2.0054961354580243,1.8523917067315454,1.5,0.75,TQQQ
2010-12-02,2.096844831145009,1.89457916431861,1.5,0.75,TQQQ
2010-12-03,2.1231394343920242,1.9064582520569755,1.5,0.75,TQQQ
2010-12-06,2.1175458126185727,1.9039468752213,1.5,0.75,TQQQ
2010-12-07,2.120456169115289,1.905255268202619,1.5,0.75,TQQQ
2010-12-08,2.1645162129533837,1.9250495067873272,1.5,0.75,TQQQ
2010-12-09,2.1678873405782157,1.9265485917867058,1.5,0.75,TQQQ
2010-12-10,2.236158376421766,1.956883993793604,1.5,0.75,TQQQ
2010-12-13,2.196782712825616,1.9396549802655896,1.5,0.75,TQQQ
2010-12-14,2.2036812803280594,1.9457460882912903,0.75,0.75,TQQQ
2010-12-15,2.1868424510408677,1.9308782004032194,0.75,0.75,TQQQ
2010-12-16,2.2210631239619745,1.961093432101801,0.75,0.75,TQQQ
2010-12-17,2.2261366937406772,1.9655731536653087,0.75,0.75,TQQQ
2010-12-20,2.2306397574910237,1.9695491454549465,0.75,0.75,TQQQ
2010-12-21,2.258217873135915,1.9938993140194783,0.75,0.75,TQQQ
2010-12-22,2.2600130944071637,1.9954844092858997,0.75,0.75,TQQQ
2010-12-23,2.2471227222828056,1.9841028218660277,0.75,0.75,TQQQ
2010-12-27,2.247799722328134,1.9847005808077265,0.75,0.75,TQQQ
2010-12-28,2.2404998075695937,1.9782551021838055,0.75,0.75,TQQQ
2010-12-29,2.250505369359938,1.9870895388550747,0.75,0.75,TQQQ
2010-12-30,2.237821164947143,1.9758899877495675,0.75,0.75,TQQQ
2010-12-31,2.2224137274596862,1.9622859509546693,0.75,0.75,TQQQ
2011-01-03,2.29770710335491,2.0287664320161447,0.75,0.75,TQQQ
2011-01-04,2.3034402087952124,2.026403673556356,0.75,0.75,SOXL
2011-01-05,2.3202840688490842,2.041221709535631,0.75,0.75,SOXL
2011-01-06,2.416737959048256,2.126075015769541,0.75,0.75,SOXL
2011-01-07,2.428678081993283,2.136579090894275,0.75,0.75,SOXL
2011-01-10,2.4859641052278905,2.186975279813266,0.75,0.75,SOXL
2011-01-11,2.5066655352770923,2.2051869328613445,0.75,0.75,SOXL
2011-01-12,2.6121826298650936,2.298013404883362,0.75,0.75,SOXL
2011-01-13,2.6115369515819467,2.2974453828266537,0.75,0.75,SOXL
2011-01-14,2.7716054154133456,2.4382622887267744,0.75,0.75,SOXL
2011-01-18,2.747176837238753,2.4167717545406733,0.75,0.75,SOXL
2011-01-19,2.603665117603803,2.290520300408613,0.75,0.75,SOXL
2011-01-20,2.461682024758184,2.1656136239397927,1.5,1.5,SOXL
2011-01-21,2.398072125559751,2.1096541365096098,1.5,1.5,SOXL
2011-01-24,2.6578458205087756,2.3381846482754622,1.5,1.5,SOXL
2011-01-25,2.574422780039396,2.2647949613971514,1.5,1.5,SOXL
2011-01-26,2.6814553250929323,2.358954619485266,1.5,1.5,SOXL
2011-01-27,2.9036416206817552,2.5544183974795565,1.5,1.5,SOXL
2011-01-28,2.550910370968831,2.2441104079484333,1.5,1.5,SOXL
2011-01-31,2.5945049049896176,2.2824617936494342,1.5,1.5,SOXL
2011-02-01,2.8762157640832555,2.5302910698634875,1.5,1.5,SOXL
2011-02-02,2.949517851112373,2.5947770581986673,1.5,1.5,SOXL
2011-02-03,2.951871177040179,2.5968473477972305,0.75,0.75,SOXL
2011-02-04,3.0828716701285837,2.712092310274847,0.75,0.75,SOXL
2011-02-07,3.0590242390111535,2.6911130281399234,0.75,0.75,SOXL
2011-02-08,3.0537102779267045,2.686438181264564,0.75,0.75,SOXL
2011-02-09,3.010184625208775,2.6481473924588577,0.75,0.75,SOXL
2011-02-10,3.0295492777035387,2.665183043222745,0.75,0.75,SOXL
2011-02-11,3.0815231307091815,2.710905960734287,0.75,0.75,SOXL
2011-02-14,3.1341993481399193,2.757246768758356,0.75,0.75,SOXL
2011-02-15,3.0669915951238993,2.6981221441715673,0.75,0.75,SOXL
2011-02-16,3.1396729454012244,2.762062052244129,0.75,0.75,SOXL
2011-02-17,3.2434131183194337,2.8533253143397332,0.75,0.75,SOXL
2011-02-18,3.2153882589914304,2.8286710265156665,0.75,0.75,SOXL
2011-02-22,2.9281211108313077,2.575953720418018,0.75,0.75,SOXL
2011-02-23,2.692296171615016,2.368491629012552,1.5,1.5,SOXL
2011-02-24,2.958414817157078,2.602603979256855,2.0,2.0,SOXL
2011-02-25,3.4057317944483088,2.996121797764148,2.0,2.0,SOXL
2011-02-28,3.199711216661909,2.8148794741906955,2.0,2.0,SOXL
2011-03-01,2.817627980122111,2.478749683987235,2.0,2.0,SOXL
2011-03-02,3.057954750504476,2.6901721678430146,2.0,2.0,SOXL
2011-03-03,3.412809283909694,3.002348072094754,2.0,2.0,SOXL
2011-03-04,3.197794959701444,2.8131936869367706,2.0,2.0,SOXL
2011-03-07,2.6682985501143586,2.3473802200079383,2.0,2.0,SOXL
2011-03-08,2.6966855662401104,2.372353107751621,2.0,2.0,SOXL
2011-03-09,2.6486060149228896,1.9493832427638231,0.2,2.0,SOXL
2011-03-10,2.6085111700707584,1.9198732974433088,0.2,0.2,SOXL
2011-03-11,2.622420396942171,1.930110536817592,0.2,0.2,SOXL
2011-03-14,2.6202798631494932,1.928535096498229,0.2,0.2,SOXL
2011-03-15,2.601246436192406,1.9145264280313201,0.2,0.2,SOXL
2011-03-16,2.567662871507246,1.8898088075695876,0.2,0.2,SOXL
2011-03-17,2.5864427949707847,1.9036308965831834,0.2,0.2,SOXL
2011-03-18,2.5915978496376892,1.9074250347549522,0.2,0.2,SOXL
2011-03-21,2.618399122588704,1.9271508649014826,0.2,0.2,SOXL
2011-03-22,2.6061148461607324,1.91810959470756,0.2,0.2,SOXL
2011-03-23,2.620237108947926,1.928503629257113,0.2,0.2,SOXL
2011-03-24,2.6588668774887654,1.9569352733148078,0.2,0.2,SOXL
2011-03-25,2.6544191619841717,1.9536617392276747,0.2,0.2,SOXL
2011-03-28,2.656937938315125,1.9555155673712965,0.2,0.2,SOXL
2011-03-29,2.671528454256271,1.9662542378714378,0.2,0.2,SOXL
2011-03-30,2.67325613876585,1.9675258196819376,0.2,0.2,SOXL
2011-03-31,2.659649443871861,1.957511244895693,0.2,0.2,SOXL
2011-04-01,2.6410355652999744,1.9438113655001037,0.2,0.2,SOXL
2011-04-04,2.6231442309922324,1.9337821191975337,0.75,0.2,TQQQ
2011-04-05,2.600785333708235,1.9172991384822822,0.75,0.75,TQQQ
2011-04-06,2.615499551199882,1.928146460694743,0.75,0.75,TQQQ
2011-04-07,2.6150338453657733,1.9278031423197315,0.75,0.75,TQQQ
2011-04-08,2.5856590293001824,1.9061480257648673,0.75,0.75,TQQQ
2011-04-11,2.5809772437331735,1.8932052282790797,0.2,0.75,TQQQ
2011-04-12,2.5707935745730164,1.8857352764444066,0.2,0.2,TQQQ
2011-04-13,2.5830582071795933,1.8947316620692984,0.2,0.2,TQQQ
2011-04-14,2.5802370499183596,1.892662279361747,0.2,0.2,TQQQ
2011-04-15,2.576900485718652,1.8902148339986728,0.2,0.2,TQQQ
2011-04-18,2.5669637400089917,1.8829260061040114,0.2,0.2,TQQQ
2011-04-19,2.576221137881343,1.8897165169830785,0.2,0.2,TQQQ
2011-04-20,2.8333666323347884,1.9148661224001604,1.5,0.2,TQQQ
2011-04-21,2.941195758406154,1.9877399743633033,1.5,1.5,TQQQ
2011-04-25,2.9739397296450667,2.0098692394300595,1.5,1.5,TQQQ
2011-04-26,3.0122897747126633,2.061705243464558,0.75,1.5,TQQQ
2011-04-27,3.059156373996522,2.0937822084026676,0.75,0.75,TQQQ
2011-04-28,3.0557031587321792,2.0914187199769945,0.75,0.75,TQQQ
2011-04-29,3.0445961157185395,2.083816712689103,0.75,0.75,TQQQ
2011-05-02,3.0322420088793645,2.0753611759534056,0.75,0.75,TQQQ
2011-05-03,2.9980935426696913,2.0519888986805555,0.75,0.75,TQQQ
2011-05-04,2.984931263584247,2.0429802236074566,0.75,0.75,TQQQ
2011-05-05,2.951352144100509,2.0199976250235774,0.75,0.75,TQQQ
2011-05-06,2.9705761342651487,2.0331551245627875,0.75,0.75,TQQQ
2011-05-09,2.9947438020642063,2.0496962315445617,0.75,0.75,TQQQ
2011-05-10,3.052395722594088,2.0891550073403256,0.75,0.75,TQQQ
2011-05-11,3.003007880355408,2.055352424945476,0.75,0.75,TQQQ
2011-05-12,3.042733081928505,2.082541594151069,0.75,0.75,TQQQ
2011-05-13,2.961894687967567,2.0272132714572746,0.75,0.75,TQQQ
2011-05-16,2.9310908970659133,1.9481517327646083,0.2,0.75,TQQQ
2011-05-17,2.9358831847357583,1.9513369303090653,0.2,0.2,TQQQ
2011-05-18,3.043001494659282,1.9608297654987314,1.5,0.2,TQQQ
2011-05-19,3.082282177797681,1.9861411998973273,1.5,1.5,TQQQ
2011-05-20,2.9802654232907764,1.9204042986280383,1.5,1.5,TQQQ
2011-05-23,2.9544061257226235,1.7954314376004084,0.2,1.5,TQQQ
2011-05-24,2.94327208323442,1.7886651336258628,0.2,0.2,TQQQ
2011-05-25,2.9498363213054897,1.792654307387073,0.2,0.2,TQQQ
2011-05-26,2.9608986097102847,1.7993770054619402,0.2,0.2,TQQQ
2011-05-27,2.9697314637485053,1.8047448469668308,0.2,0.2,TQQQ
2011-05-31,3.1840939567388036,1.8221143009317082,1.5,0.2,TQQQ
2011-06-01,3.143406264060729,1.6474862253129063,0.2,1.5,TQQQ
2011-06-02,3.1470516804507427,1.6493968193575714,0.2,0.2,TQQQ
2011-06-03,3.118475735632478,1.6344199212067816,0.2,0.2,TQQQ
2011-06-06,3.1034091193548488,1.6265233781912427,0.2,0.2,TQQQ
2011-06-07,3.0998091327378523,1.6246365942808645,0.2,0.2,TQQQ
2011-06-08,3.0864624784970185,1.6176414981435352,0.2,0.2,TQQQ
2011-06-09,3.0884801074974035,1.619056808489807,0.2,0.2,SOXL
2011-06-10,3.0601139218163196,1.6041865601931264,0.2,0.2,TQQQ
2011-06-13,3.0605364521682126,1.6044080609375753,0.2,0.2,TQQQ
2011-06-14,3.083294208501876,1.6163382334028358,0.2,0.2,TQQQ
2011-06-15,3.0496017865875458,1.5986758418068898,0.2,0.2,TQQQ
2011-06-16,3.0410905187207002,1.5942140270277545,0.2,0.2,TQQQ
2011-06-17,3.036569567482724,1.5918440338181732,0.2,0.2,TQQQ
2011-06-20,3.0446157457848777,1.5960620372726235,0.2,0.2,TQQQ
2011-06-21,3.0852105634794746,1.6173428335511195,0.2,0.2,TQQQ
2011-06-22,3.0713140654911797,1.610057949433687,0.2,0.2,TQQQ
2011-06-23,3.0883142921671896,1.6189698840382998,0.2,0.2,TQQQ
2011-06-24,3.05578424349748,1.6019168369257915,0.2,0.2,TQQQ
2011-06-27,3.085482222943091,1.6174852440860268,0.2,0.2,TQQQ
2011-06-28,3.1131723100053366,1.6320010649511096,0.2,0.2,TQQQ
2011-06-29,3.12097098019063,1.636089318597301,0.2,0.2,TQQQ
2011-06-30,3.209907091827278,1.6485219812278187,0.75,0.2,TQQQ
2011-07-01,3.3214532479603966,1.705809088002687,0.75,0.75,TQQQ
2011-07-05,3.3573530831005645,1.7242462781324897,0.75,0.75,TQQQ
2011-07-06,3.3841847577386477,1.7380263048337774,0.75,0.75,TQQQ
2011-07-07,3.4869089510060673,1.7907826886669416,0.75,0.75,TQQQ
2011-07-08,3.465255019623394,1.7796618116935163,0.75,0.75,TQQQ
2011-07-11,3.3259127000034363,1.708099342675758,0.75,0.75,TQQQ
2011-07-12,3.20428325888159,1.645633731828537,1.5,1.5,TQQQ
2011-07-13,3.26834525540525,1.67853425088078,1.5,1.5,TQQQ
2011-07-14,3.2458543303577434,1.5919037427579055,0.2,1.5,TQQQ
2011-07-15,3.439477672301788,1.6045652155723493,1.5,0.2,TQQQ
2011-07-18,3.3543935274015184,1.5648722527707255,1.5,1.5,TQQQ
2011-07-19,3.709214643815617,1.7304013462529915,1.5,1.5,TQQQ
2011-07-20,3.6313435234862603,1.6940733619243376,1.5,1.5,TQQQ
2011-07-21,3.7418064991832622,1.745605909973532,1.5,1.5,TQQQ
2011-07-22,3.9159593011848197,1.8268506671459632,1.5,1.5,TQQQ
2011-07-25,3.8813658155346613,1.8107123144517012,1.5,1.5,TQQQ
2011-07-26,3.8973587555397695,1.8256341820559518,0.75,1.5,TQQQ
2011-07-27,3.6756190338425463,1.7217649616834079,0.75,0.75,TQQQ
2011-07-28,3.705025989652591,1.7355400198919229,1.5,1.5,TQQQ
2011-07-29,3.6511876478317054,1.7103206025124704,1.5,1.5,TQQQ
2011-08-01,3.5771981812276636,1.6756618226009665,1.5,1.5,TQQQ
2011-08-02,3.5228914576492665,1.4848706667843619,0.2,1.5,TQQQ
2011-08-03,3.5411631630004354,1.4925720449375741,0.2,0.2,TQQQ
2011-08-04,3.444774302451198,1.4519449085767409,0.2,0.2,TQQQ
2011-08-05,3.429580769421802,1.4455409555196053,0.2,0.2,TQQQ
2011-08-08,3.3223294091852393,1.3947501736776036,0.2,0.2,SOXL
2011-08-09,3.4133329870303863,1.4329544696314864,0.2,0.2,TQQQ
2011-08-10,3.33281613730632,1.399152616682728,0.2,0.2,TQQQ
2011-08-11,3.4183797953747965,1.4350731748975636,0.2,0.2,TQQQ
2011-08-12,3.4357727712925823,1.442374936160319,0.2,0.2,TQQQ
2011-08-15,3.465418066042365,1.4548203546930718,0.2,0.2,TQQQ
2011-08-16,3.4476057009752097,1.4473425292846887,0.2,0.2,TQQQ
2011-08-17,3.4364202097565286,1.4426467378990444,0.2,0.2,TQQQ
2011-08-18,3.336752742533641,1.4008052465542051,0.2,0.2,TQQQ
2011-08-19,3.2993434450467625,1.3851004148711312,0.2,0.2,TQQQ
2011-08-22,3.3052656821342588,1.38758663468531,0.2,0.2,TQQQ
2011-08-23,3.387085391584845,1.4219354423775739,0.2,0.2,TQQQ
2011-08-24,3.403057623102823,1.428640759623398,0.2,0.2,TQQQ
2011-08-25,3.370358245881375,1.41491320391123,0.2,0.2,TQQQ
2011-08-26,3.4190558248879586,1.4353569794710317,0.2,0.2,TQQQ
2011-08-29,3.477252453582368,1.459788559841891,0.2,0.2,TQQQ
2011-08-30,3.4914043845275744,1.4657296950252743,0.2,0.2,TQQQ
2011-08-31,3.4954721586723734,1.4674373910409837,0.2,0.2,TQQQ
2011-09-01,3.4757413433957463,1.4591541792806468,0.2,0.2,TQQQ
2011-09-02,3.4270771509076967,1.4387244197459856,0.2,0.2,TQQQ
2011-09-06,3.4269676451334816,1.4386784480259078,0.2,0.2,TQQQ
2011-09-07,3.4787879706499054,1.4604331866783242,0.2,0.2,TQQQ
2011-09-08,3.469151619871455,1.4563877413697695,0.2,0.2,TQQQ
2011-09-09,3.4234697894464428,1.4372100100036247,0.2,0.2,TQQQ
2011-09-12,3.449147821259009,1.4479899282234314,0.2,0.2,TQQQ
2011-09-13,3.4759117044433165,1.4592256987091625,0.2,0.2,TQQQ
2011-09-14,3.505942049325797,1.4718327654932806,0.2,0.2,TQQQ
2011-09-15,3.5377997398317893,1.4852069719290888,0.2,0.2,TQQQ
2011-09-16,3.6071366717042848,1.4929692122820226,0.75,0.2,TQQQ
2011-09-19,3.614021538801036,1.495818811712711,0.75,0.75,TQQQ
2011-09-20,3.6037801485777075,1.4799231564264106,0.2,0.75,TQQQ
2011-09-21,3.567125216869928,1.4648704950555498,0.2,0.2,TQQQ
2011-09-22,3.497710766217696,1.4363648568990712,0.2,0.2,TQQQ
2011-09-23,3.5195220857245353,1.4453218618992587,0.2,0.2,TQQQ
2011-09-26,3.5433986620336517,1.4551269822782,0.2,0.2,TQQQ
2011-09-27,3.565073336912416,1.4640278729925675,0.2,0.2,TQQQ
2011-09-28,3.5314854877232107,1.4502347353037213,0.2,0.2,TQQQ
2011-09-29,3.510558880725098,1.44164104506594,0.2,0.2,TQQQ
2011-09-30,3.4559772887620253,1.419226647258502,0.2,0.2,TQQQ
2011-10-03,3.4018039607914354,1.3969799065531903,0.2,0.2,TQQQ
2011-10-04,3.443202326633197,1.413980499741877,0.2,0.2,TQQQ
2011-10-05,3.4955533575692033,1.4354788985761033,0.2,0.2,TQQQ
2011-10-06,3.5314752043703432,1.450230512356869,0.2,0.2,TQQQ
2011-10-07,3.516911742819114,1.4442499022478157,0.2,0.2,TQQQ
2011-10-10,3.5890822782088465,1.4738873501862284,0.2,0.2,TQQQ
2011-10-11,3.6044118839167427,1.4801825839492968,0.2,0.2,TQQQ
2011-10-12,3.69125788550868,1.4849377911114086,1.5,0.2,TQQQ
2011-10-13,3.8398979108664983,1.5447334482482618,1.5,1.5,TQQQ
2011-10-14,4.157135975404698,1.672353572721601,1.5,1.5,TQQQ
2011-10-17,4.012809176043229,1.614293061836308,0.75,0.75,TQQQ
2011-10-18,4.121969274486615,1.6582065353696502,0.75,0.75,TQQQ
2011-10-19,3.9437263464968315,1.586502073644158,0.75,0.75,TQQQ
2011-10-20,3.8686203489703184,1.5562880551373284,1.5,1.5,TQQQ
2011-10-21,4.075023717764257,1.6393210406510423,1.5,1.5,TQQQ
2011-10-24,4.456949319190073,1.792963992875171,1.5,1.5,TQQQ
2011-10-25,4.077916369648037,1.6404847112023788,1.5,1.5,TQQQ
2011-10-26,4.053737719480411,1.6307580021818788,1.5,1.5,TQQQ
2011-10-27,4.543761861393715,1.8278873790646675,1.5,1.5,TQQQ
2011-10-28,4.566292503472095,1.8369511191006958,1.5,1.5,TQQQ
2011-10-31,4.226870328747953,1.7686788891424738,1.5,0.75,TQQQ
2011-11-01,3.735901566193679,1.6659591440331687,1.5,0.75,TQQQ
2011-11-02,3.873957598417602,1.7275227867569551,1.5,1.5,TQQQ
2011-11-03,4.2276291461520135,1.8852363502684304,1.5,1.5,TQQQ
2011-11-04,4.1293701444824835,1.8414194885512452,1.5,1.5,TQQQ
2011-11-07,4.267138893430494,1.9028550223856635,1.5,1.5,TQQQ
2011-11-08,4.480524925851218,1.9980107446715845,1.5,1.5,TQQQ
2011-11-09,3.785356959271396,1.6880129007662512,1.5,1.5,TQQQ
2011-11-10,3.76195519590886,1.6775772988186235,1.5,1.5,TQQQ
2011-11-11,4.078694527148198,1.818821594420005,1.5,1.5,TQQQ
2011-11-14,3.9748334489755877,1.772506585893939,1.5,1.5,TQQQ
2011-11-15,4.166513258731834,1.8579828025800513,1.5,1.5,TQQQ
2011-11-16,3.8584473546641975,1.7206062682274015,1.5,1.5,TQQQ
2011-11-17,3.4604234413394197,1.6318604104741323,1.5,0.75,TQQQ
2011-11-18,3.44382452153577,1.5731527395559892,0.2,1.5,TQQQ
2011-11-21,3.403814834595601,1.5548761554196306,0.2,0.2,TQQQ
2011-11-22,3.409736284025459,1.5575810970722817,0.2,0.2,TQQQ
2011-11-23,3.3644071265797724,1.536874557650335,0.2,0.2,TQQQ
2011-11-25,3.349153489938818,1.5299066357600501,0.2,0.2,TQQQ
2011-11-28,3.418323180627891,1.5615036255954178,0.2,0.2,TQQQ
2011-11-29,3.405971667479822,1.5558614052601374,0.2,0.2,TQQQ
2011-11-30,4.153617424743769,1.5900141608347067,2.0,0.2,TQQQ
2011-12-01,4.331718334204639,1.6581915924906308,2.0,2.0,TQQQ
2011-12-02,4.269892721864167,1.6266356131851332,1.5,2.0,TQQQ
2011-12-05,4.47979196060508,1.7332517428029763,1.5,2.0,TQQQ
2011-12-06,4.4283312020050065,1.723296542839015,1.5,0.75,TQQQ
2011-12-07,4.4384061380017625,1.7272172302448425,1.5,1.5,TQQQ
2011-12-08,4.393203170424917,1.5952858419896467,0.2,1.5,TQQQ
2011-12-09,4.809835582692596,1.6104148438322896,2.0,0.2,TQQQ
2011-12-12,4.778271182907085,1.5047318592950363,0.2,2.0,TQQQ
2011-12-13,4.745989122902403,1.494565871992665,0.2,0.2,TQQQ
2011-12-14,4.701831536719022,1.4806601466337974,0.2,0.2,TQQQ
2011-12-15,4.694526527652245,1.478359716320311,0.2,0.2,TQQQ
2011-12-16,4.70628963691081,1.4820640530120102,0.2,0.2,TQQQ
2011-12-19,4.680232276249584,1.4738582942228589,0.2,0.2,TQQQ
2011-12-20,4.7633091246434915,1.5000201372332174,0.2,0.2,TQQQ
2011-12-21,4.723646067069981,1.4875297899751103,0.2,0.2,TQQQ
2011-12-22,4.746687173452227,1.4947856960381225,0.2,0.2,TQQQ
2011-12-23,4.771269623262794,1.502526988650773,0.2,0.2,TQQQ
2011-12-27,4.77860468692873,1.504836883498846,0.2,0.2,TQQQ
2011-12-28,4.747924756406659,1.4951754249649183,0.2,0.2,TQQQ
2011-12-29,4.766425272303455,1.5010014475194537,0.2,0.2,TQQQ
2011-12-30,4.758639269865712,1.498549546931113,0.2,0.2,TQQQ
2012-01-03,5.164926949530793,1.5156088275015434,1.5,0.2,TQQQ
2012-01-04,5.2576440188685085,1.5518849930366188,1.5,2.0,TQQQ
2012-01-05,5.451771148819458,1.628284987313138,1.5,2.0,TQQQ
2012-01-06,5.536269369387483,1.6619345249893196,1.5,2.0,TQQQ
2012-01-09,5.466776659111638,1.6341198055487962,1.5,2.0,TQQQ
2012-01-10,5.634851137445801,1.701107197688517,1.5,2.0,TQQQ
2012-01-11,5.693646013570688,1.709982000635715,1.5,0.75,TQQQ
2012-01-12,5.794970201946821,1.7404128595158144,1.5,1.5,TQQQ
2012-01-13,5.695286991644322,1.7104748382590345,1.5,1.5,TQQQ
2012-01-17,5.924660150277794,1.7793628533827954,1.5,1.5,TQQQ
2012-01-18,6.277703235850539,1.885392859522866,1.5,1.5,TQQQ
2012-01-19,6.466204838831281,1.9420058536253746,1.5,1.5,TQQQ
2012-01-20,6.423257684214672,1.929107464579431,1.5,1.5,TQQQ
2012-01-23,6.422100227104983,1.928759843596434,1.5,1.5,TQQQ
2012-01-24,6.368824925719837,1.9127595853735115,1.5,1.5,TQQQ
2012-01-25,6.733783127831013,2.022368077911864,1.5,1.5,TQQQ
2012-01-26,6.680264443361851,1.990221370188257,0.75,1.5,TQQQ
2012-01-27,6.729794418387088,2.0197338589814424,0.75,1.5,TQQQ
2012-01-30,6.738027269106058,2.0222046874078816,0.75,0.75,TQQQ
2012-01-31,6.755671696299964,2.027500101325504,0.75,0.75,TQQQ
2012-02-01,6.880203552335548,2.064874379129543,0.75,0.75,TQQQ
2012-02-02,6.933345606571745,2.0808232773579083,0.75,0.75,TQQQ
2012-02-03,7.140115249392936,2.1428786125809935,0.75,0.75,TQQQ
2012-02-06,7.134921806862504,2.141319965901575,0.75,0.75,TQQQ
2012-02-07,7.157996822791833,2.1482451983933233,0.75,0.75,TQQQ
2012-02-08,7.247340156724301,2.1750587599078726,0.75,0.75,TQQQ
2012-02-09,7.367891293095626,2.2112383512491203,0.75,0.75,TQQQ
2012-02-10,7.249703349570427,2.1757679971163055,0.75,0.75,TQQQ
2012-02-13,7.396091940346196,2.219701879041522,0.75,0.75,TQQQ
2012-02-14,7.44456351627105,2.234249081676143,0.75,0.75,TQQQ
2012-02-15,7.319935002213134,2.196845795039395,0.75,0.75,TQQQ
2012-02-16,7.549428174145976,2.265720875159435,0.75,0.75,TQQQ
2012-02-17,7.501273115599369,2.2512686651540177,0.75,0.75,TQQQ
2012-02-21,7.548963691273232,2.2655814753907833,0.75,0.75,TQQQ
2012-02-22,7.474178307774736,2.24313701991141,0.75,0.75,TQQQ
2012-02-23,7.580475736723997,2.2750388140858226,0.75,0.75,TQQQ
2012-02-24,7.635935376698688,2.2916832619990846,0.75,0.75,TQQQ
2012-02-27,7.663591953558368,2.299983504359297,0.75,0.75,TQQQ
2012-02-28,7.835537828397677,2.351587592647089,0.75,0.75,TQQQ
2012-02-29,7.758308259198436,2.328409592528678,0.75,0.75,TQQQ
2012-03-01,7.899818346193635,2.3708793466285534,0.75,0.75,TQQQ
2012-03-02,7.881950617838477,2.365516915965977,0.75,0.75,TQQQ
2012-03-05,7.6975969647491915,2.310189027471489,0.75,0.75,TQQQ
2012-03-06,7.532041742055169,2.260502890270515,0.75,0.75,TQQQ
2012-03-07,7.788459221387675,2.337458445350704,1.5,1.5,TQQQ
2012-03-08,8.15899532193423,2.4486630768330717,1.5,1.5,TQQQ
2012-03-09,8.306910203645208,2.4930550264627156,1.5,1.5,TQQQ
2012-03-12,8.326840023255073,2.4990363282628807,1.5,1.5,TQQQ
2012-03-13,9.030452504179562,2.7102032470386432,1.5,1.5,TQQQ
2012-03-14,9.106296893306244,2.7557278117458175,0.75,1.5,TQQQ
2012-03-15,9.158518676986123,2.787334297532899,0.75,1.5,TQQQ
2012-03-16,9.143539387724704,2.7827754503892086,0.75,0.75,TQQQ
2012-03-19,9.292818599826939,2.828207586575906,0.75,0.75,TQQQ
2012-03-20,9.330978397986257,2.839821267559456,0.75,0.75,TQQQ
2012-03-21,9.328602200881733,2.839098087761419,0.75,0.75,TQQQ
2012-03-22,9.286315606398754,2.8262284437408796,0.75,0.75,TQQQ
2012-03-23,9.276777649597307,2.8233256299716767,0.75,0.75,TQQQ
2012-03-26,9.640140503148267,2.933912699766823,0.75,0.75,TQQQ
2012-03-27,9.667826498451538,2.9423387484535017,0.75,0.75,TQQQ
2012-03-28,9.583055180177173,2.916539161074053,0.75,0.75,TQQQ
2012-03-29,9.5092570920251,2.894079203361075,0.75,0.75,TQQQ
2012-03-30,9.459532104268675,2.878945733778689,0.75,0.75,TQQQ
2012-04-02,9.675971726077677,2.9448176943534103,0.75,0.75,TQQQ
2012-04-03,9.676571282456337,2.945000165352978,0.75,0.75,TQQQ
2012-04-04,9.380504720795436,2.8548942747853525,0.75,0.75,TQQQ
2012-04-05,9.50899591423964,2.893999715637696,0.75,0.75,TQQQ
2012-04-09,9.344959194106185,2.8440762299508986,0.75,0.75,TQQQ
2012-04-10,9.00660771180526,2.7411012047857137,0.75,0.75,TQQQ
2012-04-11,9.202065371983482,2.8005874447711485,1.5,1.5,TQQQ
2012-04-12,9.66498785782085,2.94147482704139,1.5,1.5,TQQQ
2012-04-13,9.009326318110647,2.7419285945485945,1.5,1.5,TQQQ
2012-04-16,8.583783137225367,2.612417355340955,1.5,1.5,TQQQ
2012-04-17,9.342768370434591,2.8434094673252983,1.5,1.5,TQQQ
2012-04-18,9.240378234757435,2.8122477099529912,1.5,1.5,TQQQ
2012-04-19,8.792237830828423,2.675859156079054,1.5,1.5,TQQQ
2012-04-20,8.65013603595286,2.632611419128652,1.5,1.5,TQQQ
2012-04-23,8.323544150937302,2.533215349250313,1.5,1.5,TQQQ
2012-04-24,8.103142777010389,2.466137655745841,1.5,1.5,TQQQ
2012-04-25,9.068590767414204,2.8579078958974327,1.5,2.0,TQQQ
2012-04-26,9.311909841247108,2.8962481143593903,1.5,0.75,TQQQ
2012-04-27,9.551281860785595,2.9706990886533915,1.5,1.5,TQQQ
2012-04-30,9.253520583252747,2.8780875241852955,1.5,1.5,TQQQ
2012-05-01,9.332338801703427,2.902602056698679,1.5,1.5,TQQQ
2012-05-02,9.424731645830631,2.931338653717522,1.5,1.5,TQQQ
2012-05-03,8.985618367196762,2.794762910726524,1.5,1.5,TQQQ
2012-05-04,8.853753449434164,2.4871620592918413,0.2,1.5,TQQQ
2012-05-07,8.856305375729587,2.487878936523214,0.2,0.2,TQQQ
2012-05-08,8.83675993312506,2.4823883066388737,0.2,0.2,TQQQ
2012-05-09,8.826984843934436,2.4796423265186944,0.2,0.2,TQQQ
2012-05-10,8.808897176587744,2.4745612092024376,0.2,0.2,TQQQ
2012-05-11,8.80716336531608,2.474074153668592,0.2,0.2,TQQQ
2012-05-14,8.758493626202144,2.460402039434651,0.2,0.2,TQQQ
2012-05-15,8.743206159878222,2.4561075437226663,0.2,0.2,TQQQ
2012-05-16,8.70525298498987,2.4454458851220413,0.2,0.2,TQQQ
2012-05-17,8.598122995237837,2.415351344151894,0.2,0.2,TQQQ
2012-05-18,8.529092137566767,2.3959594635104886,0.2,0.2,TQQQ
2012-05-21,8.672567839776436,2.436264100973479,0.2,0.2,TQQQ
2012-05-22,8.666247718894764,2.4344886771425798,0.2,0.2,TQQQ
2012-05-23,8.675939747550135,2.437211324219538,0.2,0.2,TQQQ
2012-05-24,8.644762067118997,2.428453011227435,0.2,0.2,TQQQ
2012-05-25,8.634971806953786,2.4257027693359507,0.2,0.2,TQQQ
2012-05-29,8.699283478641744,2.4437689545652383,0.2,0.2,TQQQ
2012-05-30,8.657027803714335,2.43189865435082,0.2,0.2,TQQQ
2012-05-31,8.632293662031008,2.4249504352576117,0.2,0.2,TQQQ
2012-06-01,8.496571356184916,2.3868238518116294,0.2,0.2,TQQQ
2012-06-04,8.533020488531848,2.3970630006184206,0.2,0.2,TQQQ
2012-06-05,8.556513249822137,2.4036624959491766,0.2,0.2,TQQQ
2012-06-06,8.673490503456593,2.4365232920738276,0.2,0.2,TQQQ
2012-06-07,8.65405706777294,2.431064126739021,0.2,0.2,TQQQ
2012-06-08,8.704965530547986,2.445365134535783,0.2,0.2,TQQQ
2012-06-11,8.621691192627132,2.42197203069883,0.2,0.2,TQQQ
2012-06-12,8.676117131944949,2.4372611543553337,0.2,0.2,TQQQ
2012-06-13,8.642090360493704,2.4277024857706397,0.2,0.2,TQQQ
2012-06-14,8.661465347412237,2.433145231905177,0.2,0.2,TQQQ
2012-06-15,8.725469711111717,2.451125089366945,0.2,0.2,TQQQ
2012-06-18,8.77046096822286,2.4637638587121464,0.2,0.2,TQQQ
2012-06-19,8.82816701071018,2.479974416221574,0.2,0.2,TQQQ
2012-06-20,8.834454403519944,2.481740646209524,0.2,0.2,TQQQ
2012-06-21,8.702100737459153,2.4445603679789825,0.2,0.2,TQQQ
2012-06-22,8.756248067616525,2.4597712258313624,0.2,0.2,TQQQ
2012-06-25,8.652381170993253,2.4305933403195064,0.2,0.2,TQQQ
2012-06-26,8.685832635665243,2.439990395956427,0.2,0.2,TQQQ
2012-06-27,8.717658962005991,2.448930924040187,0.2,0.2,TQQQ
2012-06-28,8.654926227537258,2.4313082877269703,0.2,0.2,TQQQ
2012-06-29,8.82403396032029,2.478813375745623,0.2,0.2,TQQQ
2012-07-02,8.83815379848913,2.4827798658876232,0.2,0.2,TQQQ
2012-07-03,8.88023991414594,2.494602534169772,0.2,0.2,TQQQ
2012-07-05,8.886435703186434,2.496343031182356,0.2,0.2,TQQQ
2012-07-06,8.816414762165307,2.476673020168576,0.2,0.2,TQQQ
2012-07-09,8.810387866496047,2.4749799680263966,0.2,0.2,TQQQ
2012-07-10,8.756357032116323,2.459801835715776,0.2,0.2,TQQQ
2012-07-11,8.732302222929224,2.4530444520710484,0.2,0.2,TQQQ
2012-07-12,8.681813210705517,2.4388612746953613,0.2,0.2,TQQQ
2012-07-13,8.75727327741603,2.460059223789597,0.2,0.2,TQQQ
2012-07-16,8.744142800608037,2.456370661201564,0.2,0.2,TQQQ
2012-07-17,8.77093234988606,2.4638962774196305,0.2,0.2,TQQQ
2012-07-18,8.84234361767166,2.4839568536324936,0.2,0.2,TQQQ
2012-07-19,9.418277946160007,2.500135777279294,2.0,0.2,TQQQ
2012-07-20,9.3458274284873,2.30781173210733,0.2,2.0,TQQQ
2012-07-23,9.27667095664181,2.290734579945319,0.2,0.2,TQQQ
2012-07-24,9.234283095819647,2.2802675342767733,0.2,0.2,TQQQ
2012-07-25,9.193069479000368,2.270090450530481,0.2,0.2,TQQQ
2012-07-26,9.265015109676447,2.2878563435793957,0.2,0.2,TQQQ
2012-07-27,10.668322295847206,2.322508907119397,2.0,0.2,TQQQ
2012-07-30,10.539696218751898,2.294506827555493,2.0,2.0,TQQQ
2012-07-31,10.55204411806167,2.297194982762645,2.0,2.0,TQQQ
2012-08-01,10.345722151147962,2.2522783976986553,2.0,2.0,TQQQ
2012-08-02,10.12915618455339,2.205131679363139,2.0,2.0,TQQQ
2012-08-03,10.993314224159331,2.4559695885159076,1.5,2.0,TQQQ
2012-08-06,11.363844869047746,2.4973589264763953,1.5,0.75,TQQQ
2012-08-07,11.785645127382889,2.5900552499903218,1.5,1.5,TQQQ
2012-08-08,11.75696325724333,2.583752020295928,1.5,1.5,TQQQ
2012-08-09,11.906584292799813,2.6166332707038227,1.5,1.5,TQQQ
2012-08-10,11.980115984451848,2.632792856534345,1.5,1.5,TQQQ
2012-08-13,12.089031329918354,2.6567284798524615,1.5,1.5,TQQQ
2012-08-14,12.114722270050354,2.6623744121410104,1.5,1.5,TQQQ
2012-08-15,12.243343145267728,2.690640592694937,1.5,1.5,TQQQ
2012-08-16,12.90154129676519,2.8352885571800583,1.5,1.5,TQQQ
2012-08-17,13.167387797040448,2.89371192868729,1.5,1.5,TQQQ
2012-08-20,13.243399845051647,2.9104166064445134,1.5,1.5,TQQQ
2012-08-21,13.014964365260889,2.860214813727928,1.5,1.5,TQQQ
2012-08-22,13.225605644455525,2.88336045171151,1.5,0.75,TQQQ
2012-08-23,12.785495380735853,2.835385464292555,1.5,0.75,TQQQ
2012-08-24,13.125730309940788,2.8731116979653546,1.5,0.75,TQQQ
2012-08-27,13.221439985114777,2.883586718434981,1.5,0.75,TQQQ
2012-08-28,13.219787950665076,2.8832264108888346,0.75,0.75,TQQQ
2012-08-29,13.223091163755626,2.883946839329821,0.75,0.75,TQQQ
2012-08-30,12.920419853692149,2.8179344404736475,0.75,0.75,TQQQ
2012-08-31,13.333854231831937,2.90810418621167,1.5,1.5,TQQQ
2012-09-04,13.2496009383054,2.889728602427222,1.5,1.5,TQQQ
2012-09-05,13.158851049014554,2.869936115697097,1.5,1.5,TQQQ
2012-09-06,14.463558299453583,3.154491845106864,1.5,1.5,TQQQ
2012-09-07,14.37018058974027,3.134126232599427,1.5,1.5,TQQQ
2012-09-10,13.576573254481957,2.961041033545477,1.5,1.5,TQQQ
2012-09-11,13.48858907364908,2.941851745875775,1.5,1.5,TQQQ
2012-09-12,13.664183772963005,2.980148825720276,1.5,1.5,TQQQ
2012-09-13,14.481584410388777,3.1584233271645137,1.5,1.5,TQQQ
2012-09-14,15.03812531294178,3.279804504757457,1.5,1.5,TQQQ
2012-09-17,15.059128758811248,3.288966178163493,0.75,1.5,TQQQ
2012-09-18,15.080118242394844,3.293550354493294,0.75,0.75,TQQQ
2012-09-19,15.155294629592593,3.3099691393280573,0.75,0.75,TQQQ
2012-09-20,15.129121618722925,3.3042528625825867,0.75,0.75,TQQQ
2012-09-21,15.129121618722925,3.3042528625825867,0.75,0.75,TQQQ
2012-09-24,14.919540148617846,3.258479539451787,0.75,0.75,TQQQ
2012-09-25,14.470336125520854,3.160371816042056,0.75,0.75,TQQQ
2012-09-26,13.899410074738762,3.0356795777772057,1.5,1.5,TQQQ
2012-09-27,14.784481096545305,3.2289821720120204,1.5,1.5,TQQQ
2012-09-28,14.252634893567773,3.1128251086391288,1.5,1.5,TQQQ
2012-10-01,14.160947244740408,3.0928002067488323,1.5,1.5,TQQQ
2012-10-02,14.298165630252235,3.1227691801336,1.5,1.5,TQQQ
2012-10-03,14.704017842701466,3.2114087170853858,1.5,1.5,TQQQ
2012-10-04,14.96048819556271,3.267422735543707,1.5,1.5,TQQQ
2012-10-05,14.573577051975679,3.182919994011085,1.5,1.5,TQQQ
2012-10-08,13.99475777739681,3.0565038481736213,1.5,1.5,TQQQ
2012-10-09,12.915912689019583,2.820880322803711,1.5,1.5,TQQQ
2012-10-10,12.680755173833951,2.769521102335265,1.5,1.5,TQQQ
2012-10-11,12.658177078379099,2.7510293472242062,0.2,0.75,TQQQ
2012-10-12,12.657723342384555,2.750930735786781,0.2,0.2,TQQQ
2012-10-15,13.03641227010419,2.761904241657596,1.5,0.2,TQQQ
2012-10-16,13.887359208117058,2.9421865086516346,1.5,1.5,TQQQ
2012-10-17,13.824050877582827,2.9287739574824965,1.5,1.5,TQQQ
2012-10-18,13.11472516090763,2.7784956704038706,1.5,1.5,TQQQ
2012-10-19,12.925235233445424,2.477404566751773,0.2,1.5,TQQQ
2012-10-22,12.965787737788013,2.485177342847297,0.2,0.2,TQQQ
2012-10-23,12.889061971240048,2.470471168375392,0.2,0.2,TQQQ
2012-10-24,12.863361536413771,2.4655451168601847,0.2,0.2,TQQQ
2012-10-25,12.863361536413771,2.4655451168601847,0.2,0.2,TQQQ
2012-10-26,12.890269466534127,2.470702611308681,0.2,0.2,TQQQ
2012-10-31,12.840357414901321,2.4611358728766333,0.2,0.2,TQQQ
2012-11-01,12.94928358189723,2.4820139597106863,0.2,0.2,TQQQ
2012-11-02,12.854583817082089,2.4638626746016716,0.2,0.2,TQQQ
2012-11-05,12.91763093927497,2.4759470371389996,0.2,0.2,TQQQ
2012-11-06,12.933339456971153,2.478957918780575,0.2,0.2,TQQQ
2012-11-07,12.747737156054972,2.443383170655329,0.2,0.2,TQQQ
2012-11-08,12.628456017641678,2.4205203266377757,0.2,0.2,TQQQ
2012-11-09,12.655946782319024,2.4257895341009346,0.2,0.2,TQQQ
2012-11-12,12.659686301802573,2.4265062949550837,0.2,0.2,TQQQ
2012-11-13,12.604714769224135,2.415969796129997,0.2,0.2,TQQQ
2012-11-14,12.514543364042412,2.3986864703759267,0.2,0.2,TQQQ
2012-11-15,12.49216949547763,2.3943980281807034,0.2,0.2,TQQQ
2012-11-16,12.520340160987969,2.399797553537361,0.2,0.2,TQQQ
2012-11-19,12.700672935529223,2.4343622814602606,0.2,0.2,TQQQ
2012-11-20,12.701205521630627,2.4344643632573018,0.2,0.2,TQQQ
2012-11-21,12.719161782809323,2.437906074192727,0.2,0.2,TQQQ
2012-11-23,12.835769024551864,2.4602564073194917,0.2,0.2,TQQQ
2012-11-26,12.868715142992782,2.4665712528761183,0.2,0.2,TQQQ
2012-11-27,12.839614242983485,2.460993427693249,0.2,0.2,TQQQ
2012-11-28,12.908472662999584,2.474191652802977,0.2,0.2,TQQQ
2012-11-29,12.95308707431646,2.4827429823798166,0.2,0.2,TQQQ
2012-11-30,12.943797248428355,2.480962383677832,0.2,0.2,TQQQ
2012-12-03,12.93104862707706,2.478518831031783,0.2,0.2,TQQQ
2012-12-04,12.914306844848904,2.475309901600443,0.2,0.2,TQQQ
2012-12-05,12.834628935404885,2.460037884251384,0.2,0.2,TQQQ
2012-12-06,12.881828237968698,2.469084664879137,0.2,0.2,TQQQ
2012-12-07,12.837812082693183,2.460648004182375,0.2,0.2,TQQQ
2012-12-10,12.86063025325872,2.4650216065921557,0.2,0.2,TQQQ
2012-12-11,12.959830151307555,2.484035440848075,0.2,0.2,TQQQ
2012-12-12,12.942240451863553,2.480663989501673,0.2,0.2,TQQQ
2012-12-13,12.883779765135218,2.4694587178249563,0.2,0.2,TQQQ
2012-12-14,12.810732638033482,2.455457635213967,0.2,0.2,TQQQ
2012-12-17,12.910578026622357,2.4745951918766975,0.2,0.2,TQQQ
2012-12-18,13.030271439102767,2.4975370572534894,0.2,0.2,TQQQ
2012-12-19,12.99290493911989,2.4903749487093005,0.2,0.2,TQQQ
2012-12-20,12.994841372958078,2.4907461086880005,0.2,0.2,TQQQ
2012-12-21,12.913959572257825,2.4752433391984816,0.2,0.2,TQQQ
2012-12-24,12.892097910321606,2.471053072627748,0.2,0.2,TQQQ
2012-12-26,12.83107781257967,2.4593572337451923,0.2,0.2,TQQQ
2012-12-27,12.816799722312199,2.456620524865682,0.2,0.2,TQQQ
2012-12-28,12.742536983141532,2.442386443563638,0.2,0.2,TQQQ
2012-12-31,12.908768066361482,2.4742482733305398,0.2,0.2,TQQQ
2013-01-02,15.317445219619843,2.5204158491737396,2.0,0.2,TQQQ
2013-01-03,14.873650735575694,2.4473914880401986,2.0,2.0,TQQQ
2013-01-04,14.580347429611956,2.3991297648633356,2.0,2.0,TQQQ
2013-01-07,14.612032218052658,2.404343352496172,2.0,2.0,TQQQ
2013-01-08,14.442855859323101,2.3765061531633935,2.0,2.0,TQQQ
2013-01-09,14.663581501443346,2.424932018681867,1.5,2.0,TQQQ
2013-01-10,15.051746940043838,2.457027683731888,1.5,0.75,TQQQ
2013-01-11,15.135625387379118,2.4707198928815743,1.5,1.5,TQQQ
2013-01-14,14.843440312077583,2.423023979467083,1.5,1.5,TQQQ
2013-01-15,14.513370603965193,2.36914382763993,1.5,1.5,TQQQ
2013-01-16,14.839662731315961,2.422407332074205,2.0,2.0,TQQQ
2013-01-17,15.297236248400202,2.497101040604975,2.0,2.0,TQQQ
2013-01-18,15.124412752330626,2.4688895568527087,2.0,2.0,TQQQ
2013-01-22,15.247936975241986,2.489053491079987,2.0,2.0,TQQQ
2013-01-23,15.744049834537162,2.570038311938268,2.0,2.0,TQQQ
2013-01-24,14.80303458388892,2.365224830299093,1.5,2.0,TQQQ
2013-01-25,15.242961488317992,2.4355162311585308,2.0,2.0,TQQQ
2013-01-28,15.460729594480677,2.470311159794567,2.0,2.0,TQQQ
2013-01-29,15.460729594480677,2.470311159794567,2.0,0.75,TQQQ
2013-01-30,15.290784934566211,2.449945876220689,2.0,1.5,TQQQ
2013-01-31,15.094489450223334,2.426357487146262,2.0,1.5,TQQQ
2013-02-01,16.085798887376903,2.545868207408519,2.0,1.5,TQQQ
2013-02-04,15.561694883262001,2.3514829254802856,0.75,1.5,SOXL
2013-02-05,16.1126640281065,2.4347382872058163,0.75,0.75,SOXL
2013-02-06,16.178159922964685,2.444635183373195,0.75,0.75,SOXL
2013-02-07,16.01978837209463,2.420704114132574,0.75,0.75,SOXL
2013-02-08,16.486150210506143,2.491174709292475,0.75,0.75,SOXL
2013-02-11,16.540893516584926,2.4994468127165734,0.75,0.75,SOXL
2013-02-12,16.619532376728706,2.511329704541308,0.75,0.75,SOXL
2013-02-13,16.718503452245237,2.5262849389125885,0.75,0.75,SOXL
2013-02-14,17.07617428729287,2.580331549379255,0.75,0.75,SOXL
2013-02-15,16.8292223930652,2.5430153593981775,0.75,0.75,SOXL
2013-02-19,17.284759404439722,2.6118502460996034,0.75,0.75,SOXL
2013-02-20,16.415352115522296,2.480476612924443,0.75,0.75,SOXL
2013-02-21,15.07064819825816,2.277282274197616,1.5,1.5,SOXL
2013-02-22,16.483085824284277,2.4907116587101417,1.5,1.5,SOXL
2013-02-25,15.070277158818925,2.2772262074958474,1.5,1.5,SOXL
2013-02-26,15.635584275661587,2.3626481389037046,1.5,1.5,SOXL
2013-02-27,16.685734550152343,2.5213333244299623,1.5,1.5,SOXL
2013-02-28,17.325191535367043,2.6179598290357555,1.5,1.5,SOXL
2013-03-01,16.406266293112935,2.4791036804501956,1.5,1.5,SOXL
2013-03-04,16.303747686666757,2.4636123888903336,1.5,1.5,SOXL
2013-03-05,17.694982625656976,2.6738378963886116,1.5,1.5,SOXL
2013-03-06,17.81402759915658,2.6918264397091507,1.5,1.5,SOXL
2013-03-07,17.985999532839962,2.7178126236532436,0.75,0.75,SOXL
2013-03-08,18.01747991464152,2.7225695335431546,0.75,0.75,SOXL
2013-03-11,18.08041364944194,2.732079269078393,0.75,0.75,SOXL
2013-03-12,18.282945901980295,2.7626833348485844,0.75,0.75,SOXL
2013-03-13,18.404738548340372,2.7810870711069544,0.75,0.75,SOXL
2013-03-14,18.595666964809357,2.809937714605865,0.75,0.75,SOXL
2013-03-15,17.91754590901778,2.707468793574796,0.75,0.75,SOXL
2013-03-18,17.374404337055623,2.6253962338588703,0.75,0.75,SOXL
2013-03-19,17.069905452377192,2.5793842837775673,1.5,1.5,SOXL
2013-03-20,18.076623182087992,2.7315065024659346,1.5,1.5,SOXL
2013-03-21,16.79262829461789,2.5374857305037852,1.5,1.5,SOXL
2013-03-22,17.58304480265596,2.6569232941247254,1.5,1.5,SOXL
2013-03-25,17.448106929699637,2.636533220508855,1.5,1.5,SOXL
2013-03-26,18.170581394006227,2.7457042574464685,1.5,1.5,SOXL
2013-03-27,18.285454873337283,2.763062458289234,1.5,1.5,SOXL
2013-03-28,18.781793909769043,2.8380628215641863,1.5,1.5,SOXL
2013-04-01,17.192446909648122,2.5979011706975137,1.5,1.5,SOXL
2013-04-02,16.45321991239308,2.486198706721757,1.5,1.5,SOXL
2013-04-03,16.255298284218,2.261893449777563,0.2,1.5,SOXL
2013-04-04,17.4997620463039,2.2792099233527083,2.0,0.2,SOXL
2013-04-05,16.995687129224407,2.229971001557051,2.0,1.5,SOXL
2013-04-08,18.247277721078426,2.3941897650842336,2.0,2.0,SOXL
2013-04-09,19.2450259129087,2.5251023617754056,2.0,2.0,SOXL
2013-04-10,21.715994457312863,2.849313331175168,2.0,2.0,SOXL
2013-04-11,21.5564510589366,2.7934909884574615,0.75,2.0,SOXL
2013-04-12,21.31652920756125,2.7105806766232114,0.75,2.0,SOXL
2013-04-15,19.035042013101716,2.3237662915326833,1.5,2.0,SOXL
2013-04-16,20.749463105460077,2.6028245281731484,1.5,2.0,SOXL
2013-04-17,20.34060410353968,2.0899494560066936,0.2,2.0,SOXL
2013-04-18,20.23035746552551,2.078621872028783,0.2,0.2,SOXL
2013-04-19,20.326958863659133,2.0885474395513186,0.2,0.2,SOXL
2013-04-22,20.450925115413334,2.101284681724563,0.2,0.2,SOXL
2013-04-23,23.085175434642398,2.128350987098946,2.0,0.2,SOXL
2013-04-24,24.746236771458374,2.2432078639457305,2.0,1.5,SOXL
2013-04-25,26.19156298844,2.3414702936792753,2.0,1.5,SOXL
2013-04-26,24.758825584084594,2.245407525133676,2.0,1.5,SOXL
2013-04-29,26.027636030124683,2.360477463076856,1.5,1.5,SOXL
2013-04-30,27.188463233219366,2.465754271476209,1.5,1.5,SOXL
2013-05-01,26.041077597378965,2.3616964948988564,1.5,1.5,SOXL
2013-05-02,26.748151099618703,2.508328955810348,0.75,1.5,TQQQ
2013-05-03,27.449019741344735,2.5740534652059126,0.75,0.75,TQQQ
2013-05-06,27.71448519993998,2.5989476978607975,0.75,0.75,TQQQ
2013-05-07,27.66393069064758,2.594206908898127,0.75,0.75,TQQQ
2013-05-08,27.988233518657474,2.6246186622532965,0.75,0.75,TQQQ
2013-05-09,27.914122120533136,2.6176688074697445,0.75,0.75,TQQQ
2013-05-10,28.270071457905505,2.6510482371883595,0.75,0.75,TQQQ
2013-05-13,28.35278379062007,2.658804651393509,0.75,0.75,TQQQ
2013-05-14,28.665595742408033,2.6881388387723324,0.75,0.75,TQQQ
2013-05-15,28.82436975238815,2.70302799672497,0.75,0.75,TQQQ
2013-05-16,28.74511237959234,2.69559557410986,0.75,0.75,TQQQ
2013-05-17,29.353205954535422,2.75262002848023,0.75,0.75,TQQQ
2013-05-20,29.254005219438206,2.7433174013433,0.75,0.75,TQQQ
2013-05-21,29.33579600108665,2.750987396370735,0.75,0.75,TQQQ
2013-05-22,28.798868854552776,2.7006366299272653,0.75,0.75,TQQQ
2013-05-23,28.563980189140683,2.678609760157818,0.75,0.75,TQQQ
2013-05-24,28.55219427961841,2.677504527201148,0.75,0.75,TQQQ
2013-05-28,28.993902175178718,2.7189260333201175,0.75,0.75,TQQQ
2013-05-29,28.66574587449704,2.688152917527333,0.75,0.75,TQQQ
2013-05-30,29.01574276581435,2.720974151924626,0.75,0.75,TQQQ
2013-05-31,28.394735309921543,2.662738688187761,0.75,0.75,TQQQ
2013-06-03,28.51867391710526,2.6743611287812774,0.75,0.75,TQQQ
2013-06-04,28.197498521280878,2.6442426528447616,0.75,0.75,TQQQ
2013-06-05,26.576612090670658,2.4922427500164255,1.5,1.5,TQQQ
2013-06-06,27.06362807383698,2.537913057768498,1.5,1.5,TQQQ
2013-06-07,28.760969194247156,2.697082559404561,1.5,1.5,TQQQ
2013-06-10,28.778796511482614,2.698754330132174,1.5,1.5,TQQQ
2013-06-11,27.52909687563349,2.5815627616012677,1.5,1.5,TQQQ
2013-06-12,26.098685741059114,2.4474248298166077,1.5,1.5,TQQQ
2013-06-13,27.503433177540998,2.579156128081111,1.5,1.5,TQQQ
2013-06-14,26.777159957845445,2.5110492843591934,1.5,1.5,TQQQ
2013-06-17,27.891595404892076,2.6155563469519554,1.5,1.5,TQQQ
2013-06-18,28.879868847736635,2.708232468143028,1.5,1.5,TQQQ
2013-06-19,28.198540103062815,2.580448187851923,0.75,1.5,TQQQ
2013-06-20,27.78262703441875,2.43772243143458,0.2,0.75,TQQQ
2013-06-21,27.70434830825541,2.430854045430762,0.2,0.2,TQQQ
2013-06-24,27.533107185749646,2.4158288887024515,0.2,0.2,TQQQ
2013-06-25,27.650475322577535,2.4261270847487277,0.2,0.2,TQQQ
2013-06-26,27.801461453920258,2.439375014066344,0.2,0.2,TQQQ
2013-06-27,28.42140256118901,2.444814544106053,2.0,0.2,TQQQ
2013-06-28,28.575977271880806,2.4581110906095796,2.0,2.0,TQQQ
2013-07-01,29.798605896551972,2.563281841321166,2.0,2.0,TQQQ
2013-07-02,29.85619651429547,2.5655524510987213,0.75,2.0,SOXL
2013-07-03,30.21108375333934,2.596048024289255,0.75,0.75,SOXL
2013-07-05,31.094859209870368,2.671991130024054,0.75,0.75,SOXL
2013-07-08,29.708280504807565,2.55284198141392,0.75,0.75,SOXL
2013-07-09,31.083114926112792,2.6709819399898773,1.5,1.5,SOXL
2013-07-10,32.68350315565556,2.808503808960931,1.5,1.5,SOXL
2013-07-11,35.808346723042206,3.077022609397225,1.5,1.5,SOXL
2013-07-12,36.26812617155412,3.1560405975411445,0.75,1.5,SOXL
2013-07-15,36.26302794524777,3.1551533055359164,0.75,1.5,SOXL
2013-07-16,36.48685656738021,3.194102817311988,0.75,1.5,SOXL
2013-07-17,36.557955735085656,3.2003269230103544,0.75,0.75,SOXL
2013-07-18,35.87805490326606,3.1408075955945405,0.75,0.75,SOXL
2013-07-19,35.71468132872419,3.126505678580811,0.75,0.75,SOXL
2013-07-22,35.52036913844961,3.109495358350896,0.75,0.75,SOXL
2013-07-23,35.22834826076086,3.0839315034209145,0.75,0.75,SOXL
2013-07-24,33.77961545045803,2.957107710245551,0.75,0.75,SOXL
2013-07-25,34.68648314325756,3.0364959866006545,1.5,1.5,SOXL
2013-07-26,33.2773905858975,2.913142348311603,1.5,1.5,SOXL
2013-07-29,32.45827640517616,2.841436118768078,1.5,1.5,SOXL
2013-07-30,34.082895569611914,2.9836572125638785,1.5,1.5,SOXL
2013-07-31,34.8143013610038,3.0476853453949126,1.5,1.5,SOXL
2013-08-01,37.64473945985977,3.295465262776603,1.5,1.5,SOXL
2013-08-02,36.57627346753253,3.2019304790938237,1.5,1.5,SOXL
2013-08-05,36.31975728968323,3.1794747478131233,1.5,1.5,SOXL
2013-08-06,35.21077279608028,3.082392926340476,1.5,1.5,SOXL
2013-08-07,33.564547575931904,2.9382804127317566,1.5,1.5,SOXL
2013-08-08,33.72029951474975,2.95191512268988,1.5,1.5,SOXL
2013-08-09,32.97157089246352,2.9191428256651943,1.5,0.75,SOXL
2013-08-12,33.518558493262724,2.967570452477655,1.5,1.5,SOXL
2013-08-13,35.199667296596594,3.1164076649483654,1.5,1.5,SOXL
2013-08-14,32.848074378030546,2.9082090437936103,1.5,1.5,SOXL
2013-08-15,32.397657426602926,2.6091260663841687,0.2,1.5,SOXL
2013-08-16,32.46163347339488,2.6142783392510345,0.2,0.2,SOXL
2013-08-19,32.33034000902292,2.6037046982087815,0.2,0.2,SOXL
2013-08-20,32.459403119494304,2.6140987190265643,0.2,0.2,SOXL
2013-08-21,32.31648556417825,2.6025889387356957,0.2,0.2,SOXL
2013-08-22,32.53545364981431,2.6202234032408405,0.2,0.2,SOXL
2013-08-23,32.53974720594747,2.6205691822296426,0.2,0.2,SOXL
2013-08-26,32.495411545735024,2.616998636211224,0.2,0.2,SOXL
2013-08-27,32.01074611729077,2.577966394275399,0.2,0.2,SOXL
2013-08-28,32.32146493582443,2.594980300038336,0.75,0.2,TQQQ
2013-08-29,32.568363659332356,2.614802957361567,0.2,0.2,SOXL
2013-08-30,32.38972871153367,2.600460966014443,0.2,0.2,SOXL
2013-09-03,32.54862877589898,2.6132185108077106,0.2,0.2,SOXL
2013-09-04,33.34510868918037,2.6533323209278725,0.75,0.2,TQQQ
2013-09-05,33.454521390486065,2.66203849308045,0.75,0.75,TQQQ
2013-09-06,33.54559327416245,2.6692852522599977,0.75,0.75,TQQQ
2013-09-09,34.43122299585947,2.7397564565033816,0.75,0.75,TQQQ
2013-09-10,34.82217541874592,2.7708652679713217,0.75,0.75,TQQQ
2013-09-11,34.690362690767735,2.7603766840319426,0.75,0.75,TQQQ
2013-09-12,34.57335471972068,2.7510661421387,0.75,0.75,TQQQ
2013-09-13,34.65745628874448,2.757758260416425,0.75,0.75,TQQQ
2013-09-16,34.438396184539826,2.740327240468944,0.75,0.75,TQQQ
2013-09-17,34.95561812645655,2.781483552429805,0.75,0.75,TQQQ
2013-09-18,35.919190670238805,2.8581568120016274,0.75,0.75,TQQQ
2013-09-19,36.08526912412766,2.8713719834866143,0.75,0.75,TQQQ
2013-09-20,35.78915486140152,2.847809620823393,0.75,0.75,TQQQ
2013-09-23,35.63768934655009,2.835757228077956,0.75,0.75,TQQQ
2013-09-24,35.643631399145285,2.8362300482552856,0.75,0.75,TQQQ
2013-09-25,35.39088049281497,2.816118188517139,0.75,0.75,TQQQ
2013-09-26,35.99894449134369,2.864502971890552,0.75,0.75,TQQQ
2013-09-27,35.871491188546294,2.8543612755214207,0.75,0.75,TQQQ
2013-09-30,35.70235832942622,2.840903059330935,0.75,0.75,TQQQ
2013-10-01,36.504861694616196,2.904759744770465,0.75,0.75,TQQQ
2013-10-02,36.454693750048875,2.9007677881079226,0.75,0.75,TQQQ
2013-10-03,35.504157298932775,2.8251318346769243,0.75,0.75,TQQQ
2013-10-04,36.18920692402867,2.8796425075510013,0.75,0.75,TQQQ
2013-10-07,35.51734815948395,2.82618145598623,0.75,0.75,TQQQ
2013-10-08,34.010135974561294,2.706249778988901,0.75,0.75,TQQQ
2013-10-09,33.44782899176707,2.6615059664663927,1.5,1.5,TQQQ
2013-10-10,36.63464941398052,2.915087195007885,1.5,1.5,TQQQ
2013-10-11,37.87312258351561,3.0136348086911986,1.5,1.5,TQQQ
2013-10-14,39.05017368142813,3.107294953889294,1.5,1.5,TQQQ
2013-10-15,38.4240487519366,3.0574730286455,1.5,1.5,TQQQ
2013-10-16,40.39283566545155,3.2141330653346007,1.5,1.5,TQQQ
2013-10-17,40.88199022663513,3.253056003604669,0.75,0.75,TQQQ
2013-10-18,42.397704395902885,3.373664199310188,0.75,0.75,TQQQ
2013-10-21,42.58022142203697,3.3881874185647813,0.75,0.75,TQQQ
2013-10-22,42.69020496916133,3.3969390139809343,0.75,0.75,TQQQ
2013-10-23,42.17529013218356,3.3559662826513246,0.75,0.75,TQQQ
2013-10-24,42.569357617119756,3.3873229654006365,0.75,0.75,TQQQ
2013-10-25,43.20733098118553,3.438087692621815,0.75,0.75,TQQQ
2013-10-28,43.27301677905478,3.4433144337350914,0.75,0.75,TQQQ
2013-10-29,43.42929740059797,3.455749973476181,0.75,0.75,TQQQ
2013-10-30,43.32625641464453,3.447550810565693,0.75,0.75,TQQQ
2013-10-31,43.1169296816509,3.430894293069726,0.75,0.75,TQQQ
2013-11-01,43.10126910445857,3.4296481518135638,0.75,0.75,TQQQ
2013-11-04,43.25779609644418,3.4421032957090105,0.75,0.75,TQQQ
2013-11-05,43.39532539358942,3.453046757689938,0.75,0.75,TQQQ
2013-11-06,43.33912261068782,3.448574597716224,0.75,0.75,TQQQ
2013-11-07,41.53645018782237,3.305132600024183,0.75,0.75,TQQQ
2013-11-08,43.99643742955371,3.500878360471318,1.5,1.5,TQQQ
2013-11-11,43.679849971890036,3.475686907606389,1.5,1.5,TQQQ
2013-11-12,44.0021153804882,3.501330165588271,1.5,1.5,TQQQ
2013-11-13,46.36674736211236,3.6894883306260993,1.5,1.5,TQQQ
2013-11-14,46.905663642030305,3.732370901413594,1.5,1.5,TQQQ
2013-11-15,47.393926389353254,3.771222876395981,1.5,1.5,TQQQ
2013-11-18,45.427624427121515,3.6147605719025413,1.5,1.5,TQQQ
2013-11-19,44.75540786471092,3.5612710496960713,1.5,1.5,TQQQ
2013-11-20,44.28787121391532,3.524068288765295,1.5,1.5,TQQQ
2013-11-21,46.31973454618941,3.6857474334183866,1.5,1.5,TQQQ
2013-11-22,46.86809439125268,3.773015459081024,0.75,1.5,TQQQ
2013-11-25,47.100324350840644,3.7917106341029183,0.75,0.75,TQQQ
2013-11-26,47.68484170072099,3.838765950216031,0.75,0.75,TQQQ
2013-11-27,48.400316519862585,3.8963637166340375,0.75,0.75,TQQQ
2013-11-29,48.99576000242661,3.944298617634459,0.75,0.75,TQQQ
2013-12-02,48.76690220486107,3.9258749112866465,0.75,0.75,TQQQ
2013-12-03,48.66039626263664,3.9173008787445474,0.75,0.75,TQQQ
2013-12-04,48.754085306078764,3.9248431143281564,0.75,0.75,TQQQ
2013-12-05,48.641085909232025,3.9157463401429196,0.75,0.75,TQQQ
2013-12-06,49.39391624867226,3.976351332636563,0.75,0.75,TQQQ
2013-12-09,49.837529184132315,4.012063440949878,0.75,0.75,TQQQ
2013-12-10,49.770198132129615,4.006643098958551,0.75,0.75,TQQQ
2013-12-11,48.375359374217986,3.894354595129213,0.75,0.75,TQQQ
2013-12-12,48.080726932709744,3.870635842084181,0.75,0.75,TQQQ
2013-12-13,47.90878031433076,3.8567936482056586,0.75,0.75,TQQQ
2013-12-16,49.14305998820469,3.956156687195035,1.5,1.5,TQQQ
2013-12-17,48.677967599986715,3.9187154215869575,1.5,1.5,TQQQ
2013-12-18,51.198701815732925,4.121641725456909,1.5,1.5,TQQQ
2013-12-19,50.50821103623776,4.0660552455876875,1.5,1.5,TQQQ
2013-12-20,52.78837630913333,4.2496150624660185,1.5,1.5,TQQQ
2013-12-23,55.350038389792516,4.455836176356082,1.5,1.5,TQQQ
2013-12-24,55.465841755789896,4.465158678066398,1.5,1.5,TQQQ
2013-12-26,56.27686612349422,4.530448456044035,1.5,1.5,TQQQ
2013-12-27,55.66047712858621,4.480827381477167,1.5,1.5,TQQQ
2013-12-30,55.22382421424107,4.445675574742211,1.5,1.5,TQQQ
2013-12-31,56.037085550566694,4.5766152954235855,0.75,1.5,TQQQ
2014-01-02,55.055026175550424,4.496409340517921,0.75,0.75,TQQQ
2014-01-03,54.155682397761105,4.422958866624869,0.75,0.75,TQQQ
2014-01-06,53.72406854777904,4.387708451152029,0.75,0.75,TQQQ
2014-01-07,55.81239864962487,4.558264849510338,1.5,1.5,TQQQ
2014-01-08,56.438472967610956,4.609397082238277,1.5,1.5,TQQQ
2014-01-09,55.56571203883054,4.538117661178805,1.5,1.5,TQQQ
2014-01-10,56.399187040360715,4.606188553925611,1.5,1.5,TQQQ
2014-01-13,52.636895121106605,4.298917706872559,1.5,1.5,TQQQ
2014-01-14,57.15703859488461,4.668083189987024,1.5,1.5,TQQQ
2014-01-15,59.159636526143764,4.831637740205626,1.5,1.5,TQQQ
2014-01-16,59.34384511462734,4.846682274290854,1.5,1.5,TQQQ
2014-01-17,57.76288479392751,4.717563368229198,1.5,1.5,TQQQ
2014-01-21,59.70188564087115,4.875923869079189,1.5,1.5,TQQQ
2014-01-22,60.11734963320148,4.943786743934839,0.75,1.5,TQQQ
2014-01-23,59.57529171925203,4.899210282301404,0.75,0.75,TQQQ
2014-01-24,56.92770267953671,4.68148419028648,0.75,0.75,TQQQ
2014-01-27,54.44424377044143,4.477255439205421,1.5,1.5,TQQQ
2014-01-28,54.4157905997611,4.474915575440791,1.5,1.5,TQQQ
2014-01-29,51.84197467488898,4.263256260312172,1.5,1.5,TQQQ
2014-01-30,55.9406930998127,4.600316858290837,1.5,1.5,TQQQ
2014-01-31,55.35274442533615,4.551966542105475,1.5,1.5,TQQQ
2014-02-03,54.619284093835276,4.099592374806008,0.2,1.5,TQQQ
2014-02-04,54.83268173541839,4.115609489617193,0.2,0.2,TQQQ
2014-02-05,54.73158134297956,4.108021136807221,0.2,0.2,TQQQ
2014-02-06,57.87707548868972,4.139500235636361,1.5,0.2,TQQQ
2014-02-07,62.4840783082672,4.469003568280478,1.5,1.5,TQQQ
2014-02-10,64.20435819330073,4.5920419030499735,1.5,1.5,TQQQ
2014-02-11,67.50243996980818,4.709985062545554,1.5,0.75,TQQQ
2014-02-12,67.98369197124701,4.726774749993229,1.5,0.75,TQQQ
2014-02-13,70.60462245501162,4.817888866282955,1.5,0.75,TQQQ
2014-02-14,70.91399073301011,4.828444138234872,1.5,0.75,TQQQ
2014-02-18,72.57707705845594,4.885062862808636,1.5,0.75,TQQQ
2014-02-19,70.19465417863596,4.804884065277699,1.5,0.75,TQQQ
2014-02-20,71.7218458557184,4.857152852977428,1.5,0.75,TQQQ
2014-02-21,71.16547810645011,4.838313661316777,1.5,0.75,TQQQ
2014-02-24,73.04230822731155,4.9021135053939275,1.5,0.75,TQQQ
2014-02-25,72.84477753076403,4.8888565599498985,0.75,0.75,TQQQ
2014-02-26,72.6635088653791,4.876691013785574,0.75,0.75,TQQQ
2014-02-27,73.7353636159146,4.948626769595328,0.75,0.75,TQQQ
2014-02-28,73.4563713569028,4.92990266634621,0.75,0.75,TQQQ
2014-03-03,72.24870452432296,4.848852107653812,0.75,0.75,TQQQ
2014-03-04,75.05823684251365,4.9952270154662095,0.75,0.75,SOXL
2014-03-05,75.4119044958355,5.0187640753638005,0.75,0.75,SOXL
2014-03-06,76.7020840049927,5.104627263869883,0.75,0.75,SOXL
2014-03-07,76.43201354572406,5.086653710120563,0.75,0.75,SOXL
2014-03-10,76.06693906975173,5.062357510772576,0.75,0.75,SOXL
2014-03-11,75.15950749267832,5.0019667139837445,0.75,0.75,SOXL
2014-03-12,76.58051467798457,5.096536660998445,0.75,0.75,SOXL
2014-03-13,73.70871696258752,4.905414645156204,0.75,0.75,SOXL
2014-03-14,71.95616968711856,4.7887802574517275,1.5,1.5,SOXL
2014-03-17,75.82696366436292,5.046386823497296,1.5,1.5,SOXL
2014-03-18,80.67669290117215,5.369142852955267,1.5,1.5,SOXL
2014-03-19,80.40876519847644,5.351311902549312,1.5,1.5,SOXL
2014-03-20,87.19718671898922,5.803090521367477,1.5,1.5,SOXL
2014-03-21,85.47656316280528,5.688580700289062,0.75,0.75,SOXL
2014-03-24,84.68320668032358,5.635781755084648,0.75,0.75,SOXL
2014-03-25,85.99740699402238,5.723243560569054,0.75,0.75,SOXL
2014-03-26,84.04337724989307,5.5932002425068506,0.75,0.75,SOXL
2014-03-27,82.4840408672406,5.48942430061831,0.75,0.75,SOXL
2014-03-28,85.1510139247897,5.666914958899321,1.5,1.5,SOXL
2014-03-31,91.30055574864741,6.076175271204902,1.5,1.5,SOXL
2014-04-01,97.69801206175289,6.501934627536981,1.5,1.5,SOXL
2014-04-02,97.23865258901466,6.440792641139223,0.75,1.5,SOXL
2014-04-03,97.67531553981375,6.498639093044555,0.75,1.5,SOXL
2014-04-04,91.51613854451581,5.679061123290085,0.75,1.5,SOXL
2014-04-07,87.7246221560535,5.443777449148177,1.5,1.5,SOXL
2014-04-08,92.65577568321301,5.749781643976004,1.5,1.5,SOXL
2014-04-09,97.13240814973702,6.027580399564104,1.5,1.5,SOXL
2014-04-10,83.70409749070481,5.1942825984546666,1.5,1.5,SOXL
2014-04-11,77.70828265327239,4.822210530213443,1.5,1.5,SOXL
2014-04-14,81.35481002188956,4.907067906779,2.0,0.75,SOXL
2014-04-15,84.71594750116752,5.059117888676806,2.0,1.5,SOXL
2014-04-16,83.73328661969376,5.01510553866533,2.0,1.5,SOXL
2014-04-17,93.39956634554699,5.449318277843896,2.0,1.5,SOXL
2014-04-21,98.33208541435289,5.665156000939002,2.0,1.5,SOXL
2014-04-22,102.54817082413828,5.908055167157954,1.5,1.5,SOXL
2014-04-23,101.91559862462492,5.871611109483395,1.5,1.5,SOXL
2014-04-24,104.28737334691733,6.008254950039116,1.5,1.5,SOXL
2014-04-25,89.15674100636116,5.572398269887838,1.5,0.75,SOXL
2014-04-28,86.71570243711503,5.419830567811041,1.5,1.5,SOXL
2014-04-29,89.0856787089282,5.567956795033554,1.5,1.5,SOXL
2014-04-30,91.78580019783966,5.736717475868935,1.5,1.5,SOXL
2014-05-01,90.42238918785769,5.651502728588889,1.5,1.5,SOXL
2014-05-02,91.23956956857761,5.7025774368869975,1.5,1.5,SOXL
2014-05-05,91.8954260893019,5.743569219450224,1.5,1.5,SOXL
2014-05-06,90.25205562285245,5.640856685987675,1.5,1.5,SOXL
2014-05-07,90.5134450630225,5.657193824915471,1.5,1.5,SOXL
2014-05-08,93.29289071038045,5.8309123563664995,1.5,1.5,SOXL
2014-05-09,92.15340309603577,5.7596930773859025,1.5,1.5,SOXL
2014-05-12,99.63649857706844,6.227395102395282,1.5,1.5,SOXL
2014-05-13,96.33023597992154,6.124072505762787,1.5,0.75,SOXL
2014-05-14,92.64451960169262,5.889757764328373,1.5,1.5,SOXL
2014-05-15,91.99490689690721,5.580020489398433,0.2,1.5,SOXL
2014-05-16,96.07700905270424,5.6130342209008965,1.5,0.2,SOXL
2014-05-19,100.69868460180874,5.883042865745303,1.5,1.5,SOXL
2014-05-20,98.570039952608,5.758682674083351,1.5,1.5,SOXL
2014-05-21,100.70080505314156,5.883166747265057,1.5,1.5,SOXL
2014-05-22,102.91654690839565,6.0126153529288855,1.5,1.5,SOXL
2014-05-23,107.06363591834825,6.254897588392905,1.5,1.5,SOXL
2014-05-27,113.2054812413078,6.613717958814102,1.5,1.5,SOXL
2014-05-28,113.74938931083238,6.6454942873797735,1.5,1.5,SOXL
2014-05-29,114.80265884726262,6.707028654551552,1.5,1.5,SOXL
2014-05-30,115.51305351441027,6.727780078936848,1.5,0.75,SOXL
2014-06-02,118.32378481793785,6.809632222464324,1.5,0.75,SOXL
2014-06-03,123.32816781111654,6.953635424087468,1.5,0.75,SOXL
2014-06-04,124.58706506863516,7.024616066389517,0.75,0.75,SOXL
2014-06-05,125.87886104828064,7.097451643566939,0.75,0.75,SOXL
2014-06-06,127.2867555589495,7.176833226189322,0.75,0.75,SOXL
2014-06-09,127.96961329515611,7.215334923152588,0.75,0.75,SOXL
2014-06-10,128.92761086672098,7.26934988151981,0.75,0.75,SOXL
2014-06-11,130.33352020041198,7.34861953353298,0.75,0.75,SOXL
2014-06-12,129.31719673665762,7.2913159753489545,0.75,0.75,SOXL
2014-06-13,132.071229751605,7.446597139998822,0.75,0.75,SOXL
2014-06-16,133.92196848129532,7.55094769202531,0.75,0.75,SOXL
2014-06-17,136.18163419123883,7.678354851363995,0.75,0.75,SOXL
2014-06-18,134.95421546793688,7.609149069213622,0.75,0.75,SOXL
2014-06-19,135.2348615292215,7.624972789195972,0.75,0.75,SOXL
2014-06-20,136.12137644514993,7.6749573274632015,0.75,0.75,SOXL
2014-06-23,134.9930655426136,7.611339560326037,0.75,0.75,SOXL
2014-06-24,132.73915360182454,7.48425681684242,0.75,0.75,SOXL
2014-06-25,133.8133241479034,7.544821978016021,0.75,0.75,SOXL
2014-06-26,132.5331687271926,7.472642732675851,0.75,0.75,SOXL
2014-06-27,133.0068253829298,7.4993490055301875,0.75,0.75,SOXL
2014-06-30,136.12732639091575,7.67529280438127,0.75,0.75,SOXL
2014-07-01,140.3345987155418,7.912512236037056,0.75,0.75,SOXL
2014-07-02,141.1302300921891,7.9573724705103634,0.75,0.75,SOXL
2014-07-03,143.26270177529764,8.077608024964052,0.75,0.75,SOXL
2014-07-07,141.0164272207474,7.950955901674023,0.75,0.75,SOXL
2014-07-08,139.41873532543104,7.860872937196156,0.75,0.75,SOXL
2014-07-09,141.23761916445187,7.963427408893865,0.75,0.75,SOXL
2014-07-10,139.711982176736,7.877407129906772,0.75,0.75,SOXL
2014-07-11,139.91795805456584,7.889020706804945,0.75,0.75,SOXL
2014-07-14,141.33202600177668,7.968750367468124,0.75,0.75,SOXL
2014-07-15,140.49352490135252,7.921473001246518,0.75,0.75,SOXL
2014-07-16,144.14026299927403,8.127087725523568,0.75,0.75,SOXL
2014-07-17,135.79103419960396,7.656331578119229,0.75,0.75,SOXL
2014-07-18,143.77204076060644,8.106326181359082,1.5,1.5,SOXL
2014-07-21,145.54211211945682,8.206128449750157,1.5,1.5,SOXL
2014-07-22,149.70766368418649,8.440995531905546,1.5,1.5,SOXL
2014-07-23,134.197540008367,7.566485293584837,1.5,1.5,SOXL
2014-07-24,129.10522205266798,7.279364166627873,1.5,1.5,SOXL
2014-07-25,117.45460976239869,6.622465489125401,1.5,1.5,SOXL
2014-07-28,116.69812831165068,6.579812652332731,2.0,2.0,SOXL
2014-07-29,115.62429030382488,6.51926624072638,2.0,2.0,SOXL
2014-07-30,122.44713594246518,6.903960037512466,2.0,2.0,SOXL
2014-07-31,120.78611564819073,5.967423821707765,0.2,2.0,SOXL
2014-08-01,121.14756542811514,5.985281205526236,0.2,0.2,SOXL
2014-08-04,123.0084364483329,6.000268003691011,0.75,0.2,TQQQ
2014-08-05,120.84829997055759,5.894898013099795,0.75,0.75,TQQQ
2014-08-06,120.69310988058999,5.887327945889701,0.75,0.75,TQQQ
2014-08-07,119.82114070819391,5.844793881752314,0.75,0.75,TQQQ
2014-08-08,121.7369688666756,5.9382466784207475,0.75,0.75,TQQQ
2014-08-11,123.39266655865468,6.019010487569236,0.75,0.75,TQQQ
2014-08-12,123.17920233336775,6.008597847608075,0.75,0.75,TQQQ
2014-08-13,126.1812065049818,6.155033572652419,0.75,0.75,TQQQ
2014-08-14,127.64092454242169,6.226237627328296,0.75,0.75,TQQQ
2014-08-15,128.94267198696443,6.289735983749217,0.75,0.75,TQQQ
2014-08-18,131.28029729043772,6.4037637587379725,0.75,0.75,TQQQ
2014-08-19,132.97664986632614,6.486510685517725,0.75,0.75,TQQQ
2014-08-20,132.97664986632614,6.486510685517725,0.75,0.75,TQQQ
2014-08-21,133.54360636670594,6.514166438626518,0.75,0.75,TQQQ
2014-08-22,133.93642191851424,6.533327714510692,0.75,0.75,TQQQ
2014-08-25,135.05599645529355,6.5879398001915455,0.75,0.75,TQQQ
2014-08-26,135.4013207724411,6.604784485896881,0.75,0.75,TQQQ
2014-08-27,135.41284689751598,6.605346722451465,0.75,0.75,TQQQ
2014-08-28,134.9988366403331,6.585151583230932,0.75,0.75,TQQQ
2014-08-29,136.184574854624,6.642991088173763,0.75,0.75,TQQQ
2014-09-02,137.03401798118668,6.684426347091228,0.75,0.75,TQQQ
2014-09-03,135.26988262844398,6.598373022482974,0.75,0.75,TQQQ
2014-09-04,134.94776482920335,6.582660334963246,0.75,0.75,TQQQ
2014-09-05,136.51369150804658,6.659045175048061,0.75,0.75,TQQQ
2014-09-08,137.0298537803032,6.684223220199743,0.75,0.75,TQQQ
2014-09-09,134.5324905170411,6.562403535999149,0.75,0.75,TQQQ
2014-09-10,136.87249713548582,6.6765474699152305,0.75,0.75,TQQQ
2014-09-11,136.79228465179284,6.672634759427266,0.75,0.75,TQQQ
2014-09-12,135.1758186120708,6.593784643636458,0.75,0.75,TQQQ
2014-09-15,132.12563297749648,6.444998659545509,0.75,0.75,TQQQ
2014-09-16,134.80508869470984,6.575700690003845,0.75,0.75,TQQQ
2014-09-17,135.30057183403508,6.599870021092857,0.75,0.75,TQQQ
2014-09-18,137.4873087085654,6.70653756097535,0.75,0.75,TQQQ
2014-09-19,137.25835716459545,6.695369460125165,0.75,0.75,TQQQ
2014-09-22,134.4633660452619,6.55903169120326,0.75,0.75,TQQQ
2014-09-23,133.58675936123632,6.5162714123975904,0.75,0.75,TQQQ
2014-09-24,136.83511373742576,6.674723933142262,0.75,0.75,TQQQ
2014-09-25,130.32058058573398,6.356949429557713,0.75,0.75,TQQQ
2014-09-26,136.57231325425823,6.661904704022421,1.5,1.5,TQQQ
2014-09-29,135.88531952177593,6.628393616240395,1.5,1.5,TQQQ
2014-09-30,136.6420900529292,6.665308368881142,1.5,1.5,TQQQ
2014-10-01,126.83345249236413,6.186849689023187,1.5,1.5,TQQQ
2014-10-02,126.74095710685948,6.182337826925292,1.5,1.5,TQQQ
2014-10-03,132.46767603093468,6.461683287435175,1.5,1.5,TQQQ
2014-10-06,131.10878306349628,6.395397411210855,1.5,1.5,TQQQ
2014-10-07,130.0005114094074,5.989941870674393,0.2,1.5,TQQQ
2014-10-08,141.26496774350093,6.059145125250808,1.5,0.2,TQQQ
2014-10-09,139.85779314993982,5.60647052295129,0.2,1.5,TQQQ
2014-10-10,137.7637082724864,5.5225250746957615,0.2,0.2,TQQQ
2014-10-13,136.4744044149233,5.470840832368232,0.2,0.2,TQQQ
2014-10-14,136.5240541860701,5.472831139609154,0.2,0.2,TQQQ
2014-10-15,135.940823784222,5.449451219317227,0.2,0.2,TQQQ
2014-10-16,135.51805613588778,5.4325037592933,0.2,0.2,TQQQ
2014-10-17,136.57848321707476,5.475013032738222,0.2,0.2,TQQQ
2014-10-20,137.75551726535977,5.52219672231028,0.2,0.2,TQQQ
2014-10-21,139.91025552142048,5.608573578724198,0.2,0.2,TQQQ
2014-10-22,139.47657308215506,5.591188578165405,0.2,0.2,TQQQ
2014-10-23,152.2296425085597,5.642311727048238,2.0,0.2,TQQQ
2014-10-24,157.48234720751606,5.837000467251884,1.5,1.5,TQQQ
2014-10-27,158.37233621823637,5.86998744238617,1.5,1.5,TQQQ
2014-10-28,168.98810588871658,6.263455368319358,1.5,1.5,TQQQ
2014-10-29,165.94294645607567,6.150588133696802,1.5,1.5,TQQQ
2014-10-30,167.49874087880784,6.20825283665217,1.5,1.5,TQQQ
2014-10-31,177.85499428184832,6.592101928467339,1.5,1.5,TQQQ
2014-11-03,180.6038912225829,6.693988349466334,1.5,1.5,TQQQ
2014-11-04,179.16432305684748,6.640631511668088,0.75,0.75,TQQQ
2014-11-05,179.1497629012205,6.640091847148827,0.75,0.75,TQQQ
2014-11-06,180.30159609817835,6.68278393948842,0.75,0.75,TQQQ
2014-11-07,179.96694327274264,6.670380208320625,0.75,0.75,TQQQ
2014-11-10,181.35004439235544,6.721644124718814,0.75,0.75,TQQQ
2014-11-11,182.64251437408308,6.769548845603576,0.75,0.75,TQQQ
2014-11-12,183.39589239630527,6.7974724062165865,0.75,0.75,TQQQ
2014-11-13,185.1609967569254,6.862895072060599,0.75,0.75,TQQQ
2014-11-14,186.44451396666378,6.91046796315484,0.75,0.75,TQQQ
2014-11-17,185.13512799585837,6.861936260021579,0.75,0.75,TQQQ
2014-11-18,188.25053733916033,6.977407270677602,0.75,0.75,TQQQ
2014-11-19,186.45749933855998,6.910949259142419,0.75,0.75,TQQQ
2014-11-20,188.31382694419958,6.979753066639732,0.75,0.75,TQQQ
2014-11-21,189.33223586639065,7.017499858328388,0.75,0.75,TQQQ
2014-11-24,192.53930035536288,7.1363680188084375,0.75,0.75,TQQQ
2014-11-25,193.00918514336166,7.153784051625687,0.75,0.75,TQQQ
2014-11-26,195.96827719862472,7.263461244120488,0.75,0.75,TQQQ
2014-11-28,198.1624096840093,7.3447856120226644,0.75,0.75,TQQQ
2014-12-01,192.67616167653082,7.141440711778612,0.75,0.75,TQQQ
2014-12-02,194.22815266919258,7.19896444259652,0.75,0.75,TQQQ
2014-12-03,195.54878396033823,7.247912947620558,0.75,0.75,TQQQ
2014-12-04,195.10959064626206,7.23163447816075,0.75,0.75,TQQQ
2014-12-05,195.20883670015144,7.235312981010099,0.75,0.75,TQQQ
2014-12-08,192.04736050220205,7.118134526587396,0.75,0.75,TQQQ
2014-12-09,193.44444036788607,7.1699165578651,0.75,0.75,TQQQ
2014-12-10,186.41916568136944,6.909528442276907,0.75,0.75,TQQQ
2014-12-11,190.79750602198425,7.071809326878409,1.5,1.5,TQQQ
2014-12-12,181.33492919911492,6.721083888021989,1.5,1.5,TQQQ
2014-12-15,173.1754828644151,6.418658296121194,1.5,1.5,TQQQ
2014-12-16,171.45646361070663,5.940799204370599,0.2,1.5,TQQQ
2014-12-17,189.87201341691588,6.004607287969695,2.0,0.2,TQQQ
2014-12-18,217.71403914714955,6.885097401299408,2.0,2.0,TQQQ
2014-12-19,222.57646632361445,7.038869224411186,2.0,2.0,TQQQ
2014-12-22,226.68306071056907,7.168738214268572,2.0,2.0,TQQQ
2014-12-23,222.34682003797369,7.031606775693238,2.0,2.0,TQQQ
2014-12-24,223.27645223790051,7.061005928218971,2.0,2.0,TQQQ
2014-12-26,226.67015556682466,7.347203707805297,0.75,2.0,TQQQ
2014-12-29,226.70330998077,7.3482783628804675,0.75,0.75,TQQQ
2014-12-30,223.19417180027435,7.23453443842572,0.75,0.75,TQQQ
2014-12-31,217.95259954798095,7.064636028154298,0.75,0.75,TQQQ
2015-01-02,215.26888518524044,6.977647090120925,1.5,1.5,TQQQ
2015-01-05,200.73576642197082,6.506575881842736,1.5,1.5,TQQQ
2015-01-06,199.14379048108788,6.119562927721927,0.2,1.5,TQQQ
2015-01-07,214.46592923502715,6.166646892562358,2.0,0.2,TQQQ
2015-01-08,238.9296578110768,6.870064803006601,2.0,2.0,TQQQ
2015-01-09,229.25479540735193,6.591878610958739,2.0,2.0,TQQQ
2015-01-12,215.16228950797836,6.186669690256217,2.0,2.0,TQQQ
2015-01-13,214.7895960246407,6.175953446799272,2.0,2.0,TQQQ
2015-01-14,214.1288557330404,5.9859674625209705,0.2,2.0,TQQQ
2015-01-15,212.42808132024302,5.938422351138196,0.2,0.2,TQQQ
2015-01-16,213.94176054919072,5.980737220762639,0.2,0.2,TQQQ
2015-01-20,221.04167582106652,6.007200950843053,1.5,0.2,TQQQ
2015-01-21,226.13705704836246,6.145677004464263,1.5,1.5,TQQQ
2015-01-22,245.01002955917753,6.658583622598932,1.5,1.5,TQQQ
2015-01-23,247.45904189992763,6.725139891715755,1.5,1.5,TQQQ
2015-01-26,246.64001744302152,6.702881444398007,1.5,1.5,TQQQ
2015-01-27,242.82190013322233,5.924650443999822,0.2,1.5,TQQQ
2015-01-28,241.98587726444947,5.904252188084884,0.2,0.2,TQQQ
2015-01-29,243.38628364336628,5.938420927684062,0.2,0.2,TQQQ
2015-01-30,242.2691326867962,5.911163382515251,0.2,0.2,TQQQ
2015-02-02,243.54084851229996,5.942192180684109,0.2,0.2,TQQQ
2015-02-03,253.39669544448782,5.974629938573472,0.75,0.2,SOXL
2015-02-04,255.66950991834076,6.028218740812922,0.75,0.75,SOXL
2015-02-05,260.9157712610843,6.151915973837031,0.75,0.75,SOXL
2015-02-06,257.9555111963391,6.082118463740202,0.75,0.75,SOXL
2015-02-09,256.2674415429154,5.932862499607786,0.2,0.75,SOXL
2015-02-10,275.74012331167347,6.053079350917074,0.75,0.2,SOXL
2015-02-11,277.82139918832786,6.098767761733873,0.75,0.75,SOXL
2015-02-12,287.8755758934632,6.319478221544383,0.75,0.75,SOXL
2015-02-13,292.4696639065059,6.420328177488633,0.75,0.75,SOXL
2015-02-17,294.66333629617066,6.468483929669638,0.75,0.75,SOXL
2015-02-18,292.49028696426114,6.420780897258073,0.75,0.75,SOXL
2015-02-19,294.50119540424606,6.464924593897025,0.75,0.75,SOXL
2015-02-20,298.4378277926523,6.551342007279694,0.75,0.75,SOXL
2015-02-23,293.9887088483793,6.4536744292431365,0.75,0.75,SOXL
2015-02-24,302.91666449872497,6.649661953089735,0.75,0.75,SOXL
2015-02-25,299.1060673199339,6.56601127933004,0.75,0.75,SOXL
2015-02-26,303.6590528250715,6.665958948226315,0.75,0.75,SOXL
2015-02-27,302.01845835642337,6.629944427081788,0.75,0.75,SOXL
2015-03-02,320.83560182758026,7.043020555504922,0.75,0.75,SOXL
2015-03-03,306.9343131941538,6.737857845894392,0.75,0.75,SOXL
2015-03-04,306.1833317612484,6.721372213880281,1.5,1.5,SOXL
2015-03-05,306.60332649655675,6.730591987300471,1.5,1.5,SOXL
2015-03-06,292.73419578220995,6.42613521208067,1.5,1.5,SOXL
2015-03-09,296.5761505127083,6.510474250473177,1.5,1.5,SOXL
2015-03-10,271.4656770613261,5.9592462082324404,1.5,1.5,SOXL
2015-03-11,274.8920381016664,6.03446208546126,1.5,1.5,SOXL
2015-03-12,274.37166037433144,6.023038692890829,1.5,1.5,SOXL
2015-03-13,282.86695907686436,6.209528480951345,1.5,1.5,SOXL
2015-03-16,301.5471587721487,6.619598403632583,1.5,1.5,SOXL
2015-03-17,291.92083023836244,6.408280116786301,1.5,1.5,SOXL
2015-03-18,301.5307757585817,6.619238761807747,1.5,1.5,SOXL
2015-03-19,304.8381505714258,6.655540700649525,1.5,0.75,SOXL
2015-03-20,324.9033018846841,7.093623765317612,1.5,1.5,SOXL
2015-03-23,311.25556661600746,6.795652342180126,1.5,1.5,SOXL
2015-03-24,299.3090979181224,6.534824724315478,1.5,1.5,SOXL
2015-03-25,291.1086678517768,5.192022913737834,0.2,1.5,SOXL
2015-03-26,288.7078538845333,5.149203573381068,0.2,0.2,SOXL
2015-03-27,293.4484934086942,5.233754504883208,0.2,0.2,SOXL
2015-03-30,317.9026225639675,5.277369282775817,2.0,0.2,SOXL
2015-03-31,315.6660187585953,4.906079982769004,0.2,2.0,SOXL
2015-04-01,314.47799828241045,4.88761577334839,0.2,0.2,SOXL
2015-04-02,314.8740638715301,4.877802198115814,0.75,0.2,TQQQ
2015-04-06,320.555548752009,4.96581566959014,0.75,0.75,TQQQ
2015-04-07,319.44436330940744,4.948601985084681,0.75,0.75,TQQQ
2015-04-08,325.14544821555313,5.036919086039012,0.75,0.75,TQQQ
2015-04-09,329.6843788172939,5.107232929592985,0.75,0.75,TQQQ
2015-04-10,332.6431242272684,5.153067682341394,0.75,0.75,TQQQ
2015-04-13,330.7908292812917,5.124373263220452,0.75,0.75,TQQQ
2015-04-14,328.6601381818724,5.091366131415231,0.75,0.75,TQQQ
2015-04-15,333.02249061653464,5.158944553191605,0.75,0.75,TQQQ
2015-04-16,332.1537198251596,5.145486181855067,0.75,0.75,TQQQ
2015-04-17,320.5079992535778,4.965079067009681,0.75,0.75,TQQQ
2015-04-20,342.00066275328805,5.298027929082436,1.5,1.5,TQQQ
2015-04-21,348.5770188745283,5.399904101255403,1.5,1.5,TQQQ
2015-04-22,357.05186375411466,5.531190293817784,1.5,1.5,TQQQ
2015-04-23,363.4826862071248,5.630811963228395,1.5,1.5,TQQQ
2015-04-24,384.8202627371937,5.961358329674441,1.5,1.5,TQQQ
2015-04-27,382.9759025986572,5.904215332075624,0.75,1.5,TQQQ
2015-04-28,381.10400077256446,5.846498324886587,0.75,1.5,TQQQ
2015-04-29,375.65128284906103,5.679198552954427,0.75,1.5,TQQQ
2015-04-30,362.41230340196114,5.278897548531804,0.75,1.5,TQQQ
2015-05-01,384.39797138492355,5.599140784560602,1.5,1.5,TQQQ
2015-05-04,386.44474125571355,5.628954034143739,1.5,1.5,TQQQ
2015-05-05,358.9686320209696,5.428845532968476,1.5,0.75,TQQQ
2015-05-06,357.4356997071915,5.2549712999231355,0.2,1.5,TQQQ
2015-05-07,366.64123209281354,5.273016432153105,1.5,0.2,TQQQ
2015-05-08,386.7972855799331,5.5628998166220756,1.5,1.5,TQQQ
2015-05-11,380.4296322736963,5.471320535354712,1.5,1.5,TQQQ
2015-05-12,373.0590600245765,5.365317322453273,1.5,1.5,TQQQ
2015-05-13,375.94670438625326,5.406847283724735,1.5,1.5,TQQQ
2015-05-14,400.91690176181356,5.765967452298969,1.5,1.5,TQQQ
2015-05-15,400.89050105957614,5.765208065058621,0.75,1.5,TQQQ
2015-05-18,404.5860466259766,5.871499379259838,0.75,1.5,TQQQ
2015-05-19,403.7176069478072,5.846293156386759,0.75,1.5,TQQQ
2015-05-20,404.2180991042648,5.860788555243622,0.75,1.5,TQQQ
2015-05-21,408.9828871463459,5.9298735746602995,0.75,0.75,TQQQ
2015-05-22,408.1438336499156,5.917708075045085,0.75,0.75,TQQQ
2015-05-26,397.54221568953255,5.763994420592291,0.75,0.75,TQQQ
2015-05-27,411.8926509406367,5.972062458289787,0.75,0.75,TQQQ
2015-05-28,409.61565615950855,5.939048140071089,0.75,0.75,TQQQ
2015-05-29,404.42371138000055,5.863769743060597,0.75,0.75,TQQQ
2015-06-01,407.0835638516968,5.902335143668086,0.75,0.75,TQQQ
2015-06-02,404.2982143200337,5.8619501517696575,0.75,0.75,TQQQ
2015-06-03,406.95830039240326,5.900518939370841,0.75,0.75,TQQQ
2015-06-04,400.3094014497605,5.804116054605504,0.75,0.75,TQQQ
2015-06-05,398.03661732440713,5.7711627870008915,0.75,0.75,TQQQ
2015-06-08,395.60076532515825,5.638721783451999,0.2,0.75,TQQQ
2015-06-09,395.2098577195242,5.633149955931914,0.2,0.2,TQQQ
2015-06-10,418.70231030868723,5.677796787037796,1.5,0.2,TQQQ
2015-06-11,422.14608979729724,5.724496028083973,1.5,1.5,TQQQ
2015-06-12,406.04951013492337,5.506218970520223,1.5,1.5,TQQQ
2015-06-15,404.9281173909632,5.392169442456294,0.2,1.5,TQQQ
2015-06-16,414.21109266682794,5.408651503828935,1.5,0.2,TQQQ
2015-06-17,419.41946771093427,5.476660994674391,1.5,1.5,TQQQ
2015-06-18,446.0198893365935,5.824001790165423,1.5,1.5,TQQQ
2015-06-19,435.8065637404846,5.690639068059567,1.5,1.5,TQQQ
2015-06-22,451.5773891467414,5.896570053637456,1.5,1.5,TQQQ
2015-06-23,452.4125589178329,5.918380875792332,0.75,1.5,TQQQ
2015-06-24,447.2025847202653,5.850224917151371,0.75,0.75,TQQQ
2015-06-25,445.0064491145132,5.821495460566832,0.75,0.75,TQQQ
2015-06-26,438.8124271187609,5.740466363117406,0.75,0.75,TQQQ
2015-06-29,432.60849039643097,5.436120862575622,0.2,0.75,TQQQ
2015-06-30,433.59572324057234,5.448526345083233,0.2,0.2,TQQQ
2015-07-01,435.37295708016114,5.470858911751564,0.2,0.2,TQQQ
2015-07-02,435.70187066541865,5.474992011407478,0.2,0.2,TQQQ
2015-07-06,434.96605711117803,5.465745841944858,0.2,0.2,TQQQ
2015-07-07,435.4089578324008,5.47131129408955,0.2,0.2,TQQQ
2015-07-08,431.04642559059664,5.4164920913697925,0.2,0.2,TQQQ
2015-07-09,430.7956801316783,5.413341245626629,0.2,0.2,TQQQ
2015-07-10,434.80001199622205,5.463659333395954,0.2,0.2,TQQQ
2015-07-13,468.127935821555,5.519498774379401,1.5,0.2,TQQQ
2015-07-14,482.2178444828455,5.685626936439688,1.5,1.5,TQQQ
2015-07-15,483.94152466876665,5.726273306568901,0.75,1.5,TQQQ
2015-07-16,498.12157082821676,5.894059734617931,0.75,0.75,TQQQ
2015-07-17,515.2074499289682,6.0962296423993765,0.75,0.75,TQQQ
2015-07-20,519.5317696403374,6.147397470060438,0.75,0.75,TQQQ
2015-07-21,518.4613373048546,6.1347315015565815,0.75,0.75,TQQQ
2015-07-22,505.6987658030088,5.983717445541823,0.75,0.75,TQQQ
2015-07-23,501.161537375295,5.930030360001465,0.75,0.75,TQQQ
2015-07-24,490.4807111397548,5.803648706336725,0.75,0.75,TQQQ
2015-07-27,471.58249493894493,5.580034187936937,1.5,1.5,TQQQ
2015-07-28,490.23159619083884,5.800701035575839,1.5,1.5,TQQQ
2015-07-29,498.4602024161089,5.898066617523538,1.5,1.5,TQQQ
2015-07-30,508.8656592576973,6.021189942795997,1.5,1.5,TQQQ
2015-07-31,506.5305705222994,5.993559835412403,1.5,1.5,TQQQ
2015-08-03,499.53567417269005,5.910792215344255,1.5,1.5,TQQQ
2015-08-04,494.7056748385861,5.853640896749399,1.5,1.5,TQQQ
2015-08-05,512.0867356886835,6.05930356406005,1.5,1.5,TQQQ
2015-08-06,475.22018612056746,5.6230774335545215,1.5,1.5,TQQQ
2015-08-07,472.3842432478511,5.589520933144467,1.5,1.5,TQQQ
2015-08-10,496.31523568405515,5.872686142579494,1.5,1.5,TQQQ
2015-08-11,467.9296707955899,5.704749011513968,1.5,0.75,TQQQ
2015-08-12,474.1192806839346,5.780209434513339,1.5,1.5,TQQQ
2015-08-13,470.9184595102759,5.741186729679478,1.5,1.5,TQQQ
2015-08-14,474.72634082277915,5.787610387996616,1.5,1.5,TQQQ
2015-08-17,492.21427488167063,6.000813954178389,1.5,1.5,TQQQ
2015-08-18,480.4364993548686,5.857225595739567,1.5,1.5,TQQQ
2015-08-19,478.63162788842004,5.69219536753306,0.2,1.5,TQQQ
2015-08-20,470.7492528734972,5.598453090736505,0.2,0.2,TQQQ
2015-08-21,459.03657639693836,5.459158403765203,0.2,0.2,TQQQ
2015-08-24,448.159944235147,5.329806493865628,0.2,0.2,TQQQ
2015-08-25,445.2212275525147,5.315730149354699,0.2,0.2,SOXL
2015-08-26,458.07230979616503,5.46916597205781,0.2,0.2,TQQQ
2015-08-27,465.2312255747003,5.554640028741602,0.2,0.2,TQQQ
2015-08-28,465.155804480548,5.553739536673228,0.2,0.2,TQQQ
2015-08-31,461.70146362562605,5.512496346339293,0.2,0.2,TQQQ
2015-09-01,453.32459423404583,5.412480501571924,0.2,0.2,TQQQ
2015-09-02,460.69965447471975,5.500535220548757,0.2,0.2,TQQQ
2015-09-03,459.179096364412,5.482380478387782,0.2,0.2,TQQQ
2015-09-04,456.10723071970665,5.445703860536264,0.2,0.2,TQQQ
2015-09-08,463.8504255942603,5.538153932320271,0.2,0.2,TQQQ
2015-09-09,460.6211959289337,5.499598462749489,0.2,0.2,TQQQ
2015-09-10,463.56670234198435,5.534766411346738,0.2,0.2,TQQQ
2015-09-11,465.06585029945023,5.5526655264443106,0.2,0.2,TQQQ
2015-09-14,464.2350992400415,5.542746753079924,0.2,0.2,TQQQ
2015-09-15,467.47617886014734,5.581443705486632,0.2,0.2,TQQQ
2015-09-16,469.0389816271436,5.60010282879862,0.2,0.2,TQQQ
2015-09-17,469.2975503363635,5.603190016466727,0.2,0.2,TQQQ
2015-09-18,465.3260745698177,5.5557724807267705,0.2,0.2,TQQQ
2015-09-21,466.1178910802571,5.565226394055292,0.2,0.2,TQQQ
2015-09-22,462.00539351095944,5.516125124921208,0.2,0.2,TQQQ
2015-09-23,462.1527884699504,5.5178849507760495,0.2,0.2,TQQQ
2015-09-24,461.0831270714356,5.505113701352604,0.2,0.2,TQQQ
2015-09-25,458.844579584395,5.478386506800272,0.2,0.2,TQQQ
2015-09-28,450.93450267434935,5.383943942716815,0.2,0.2,TQQQ
2015-09-29,449.59817762359455,5.367988855847563,0.2,0.2,TQQQ
2015-09-30,455.54661333298105,5.439010355014861,0.2,0.2,TQQQ
2015-10-01,456.82145996833833,5.454231418782699,0.2,0.2,TQQQ
2015-10-02,461.5648557114972,5.510865312680439,0.2,0.2,TQQQ
2015-10-05,465.7735053767391,5.561114592205097,0.2,0.2,TQQQ
2015-10-06,464.4419260165981,5.54521616662941,0.2,0.2,TQQQ
2015-10-07,465.93433344436545,5.563034803001522,0.2,0.2,TQQQ
2015-10-08,467.0729825514028,5.576629732922289,0.2,0.2,TQQQ
2015-10-09,468.2101014979868,5.590206393453475,0.2,0.2,TQQQ
2015-10-12,468.998433819472,5.599618707219524,0.2,0.2,TQQQ
2015-10-13,467.16194014410235,5.577691844358723,0.2,0.2,TQQQ
2015-10-14,466.7641655861923,5.57294260492611,0.2,0.2,TQQQ
2015-10-15,471.32585329775515,5.627406991167522,0.2,0.2,TQQQ
2015-10-16,472.4969755694167,5.641389635261727,0.2,0.2,TQQQ
2015-10-19,485.2029007676393,5.661616664124937,1.5,0.2,TQQQ
2015-10-20,483.59439436183595,5.591233119500822,0.2,0.75,TQQQ
2015-10-21,482.03830928231116,5.573241938182681,0.2,0.2,TQQQ
2015-10-22,503.46814309982665,5.639313394197803,0.75,0.2,TQQQ
2015-10-23,534.8684050139086,5.991025652501088,0.75,0.75,TQQQ
2015-10-26,536.0595184878547,6.004367235796264,0.75,0.75,TQQQ
2015-10-27,538.6778082310437,6.033694526154194,0.75,0.75,TQQQ
2015-10-28,548.048236995489,6.138652079407438,0.75,0.75,TQQQ
2015-10-29,546.5290781117232,6.121636081158992,0.75,0.75,TQQQ
2015-10-30,540.9200042018009,6.058809215024985,0.75,0.75,TQQQ
2015-11-02,554.7537444817841,6.213760025561759,0.75,0.75,TQQQ
2015-11-03,558.7218766971155,6.258206812232487,0.75,0.75,TQQQ
2015-11-04,558.8895170084974,6.2600845402801095,0.75,0.75,TQQQ
2015-11-05,555.1996643092402,6.2187547440760795,0.75,0.75,TQQQ
2015-11-06,556.5780203328295,6.234193618794036,0.75,0.75,TQQQ
2015-11-09,543.1417045918348,6.083694334250747,0.75,0.75,TQQQ
2015-11-10,540.2627800147949,6.051447690345479,0.75,0.75,TQQQ
2015-11-11,538.464456670599,6.031304789427096,0.75,0.75,TQQQ
2015-11-12,526.7453818880513,5.900040207358546,0.75,0.75,TQQQ
2015-11-13,480.2719232245,5.379494068525491,1.5,1.5,TQQQ
2015-11-16,510.30822707097866,5.715928722664188,1.5,1.5,TQQQ
2015-11-17,512.9458555986017,5.74547262546837,1.5,1.5,TQQQ
2015-11-18,557.050083647955,6.239481168785792,1.5,1.5,TQQQ
2015-11-19,558.3027894050327,6.253512643173391,1.5,1.5,TQQQ
2015-11-20,574.9456286076377,6.439927985075413,1.5,1.5,TQQQ
2015-11-23,567.9844250872027,6.400941994809152,1.5,0.75,TQQQ
2015-11-24,565.3236889064767,6.385949314372798,1.5,0.75,TQQQ
2015-11-25,567.2115356526713,6.3966119611635435,1.5,0.75,TQQQ
2015-11-27,570.2910140432402,6.413976054688716,1.5,0.75,TQQQ
2015-11-30,567.5914643348489,6.383614630851251,0.75,0.75,TQQQ
2015-12-01,580.2336816265774,6.525799720552087,0.75,0.75,TQQQ
2015-12-02,572.3195082833436,6.436790220023101,0.75,0.75,TQQQ
2015-12-03,550.4285064010337,6.19058546064803,0.75,0.75,TQQQ
2015-12-04,607.1512967452471,6.8285380323421165,1.5,1.5,TQQQ
2015-12-07,596.013418836835,6.703272018244996,1.5,1.5,TQQQ
2015-12-08,596.0866870995267,6.704096055220682,1.5,1.5,TQQQ
2015-12-09,554.431273602969,6.235603972869862,1.5,1.5,TQQQ
2015-12-10,566.2246310414963,6.36824206526906,1.5,1.5,TQQQ
2015-12-11,507.99024383774,5.713288794243044,1.5,1.5,TQQQ
2015-12-14,525.0794712740584,5.905488728786225,1.5,1.5,TQQQ
2015-12-15,538.4549010339009,6.055920147287054,1.5,1.5,TQQQ
2015-12-16,574.1395200270939,6.457259614518562,1.5,1.5,TQQQ
2015-12-17,538.2735452755654,6.0538804667332675,1.5,1.5,TQQQ
2015-12-18,493.9244807291871,5.55509330185827,1.5,1.5,TQQQ
2015-12-21,515.9313806664809,5.678847425419676,1.5,0.75,TQQQ
2015-12-22,530.5842493903533,5.840131287859062,1.5,1.5,TQQQ
2015-12-23,548.7912477412301,6.040535391164296,1.5,1.5,TQQQ
2015-12-24,547.0983318101825,6.021901495966716,1.5,1.5,TQQQ
2015-12-28,546.8872420574788,6.0195780348562,1.5,1.5,TQQQ
2015-12-29,584.2998004274287,6.4313773917844355,1.5,1.5,TQQQ
2015-12-30,561.909216263079,6.184924634692776,1.5,1.5,TQQQ
2015-12-31,530.6479627915688,5.840832580120042,1.5,1.5,TQQQ
2016-01-04,524.1628982097849,5.3054751612269015,0.2,1.5,TQQQ
2016-01-05,523.2245323409103,5.295977203957396,0.2,0.2,TQQQ
2016-01-06,520.4186458085493,5.267576564855495,0.2,0.2,TQQQ
2016-01-07,510.51741505397376,5.167358228125847,0.2,0.2,TQQQ
2016-01-08,508.1066166157213,5.1429565940602595,0.2,0.2,TQQQ
2016-01-11,508.9961982994624,5.151960767272614,0.2,0.2,TQQQ
2016-01-12,512.4303804279982,5.18672089250144,0.2,0.2,TQQQ
2016-01-13,501.70857013781233,5.078196808915498,0.2,0.2,TQQQ
2016-01-14,508.19966281508175,5.143898389638008,0.2,0.2,TQQQ
2016-01-15,498.85798261308605,5.049343715041453,0.2,0.2,TQQQ
2016-01-19,499.2812944563533,5.053628395390974,0.2,0.2,TQQQ
2016-01-20,498.3773328064233,5.044478670950756,0.2,0.2,TQQQ
2016-01-21,498.7415629372053,5.0481653376691265,0.2,0.2,TQQQ
2016-01-22,507.3363212763651,5.13515981408266,0.2,0.2,TQQQ
2016-01-25,502.76747647685374,5.088914853437607,0.2,0.2,TQQQ
2016-01-26,505.63807212483664,5.117970465653418,0.2,0.2,TQQQ
2016-01-27,498.11476403584976,5.041821000796784,0.2,0.2,TQQQ
2016-01-28,502.04483302314947,5.081600396601486,0.2,0.2,TQQQ
2016-01-29,508.58602170112505,5.147809039323865,0.2,0.2,TQQQ
2016-02-01,509.16185069498016,5.153637468681316,0.2,0.2,TQQQ
2016-02-02,502.6989516267241,5.088221258199311,0.2,0.2,TQQQ
2016-02-03,501.2770680160135,5.073829228155701,0.2,0.2,TQQQ
2016-02-04,501.0972802280256,5.072009451046869,0.2,0.2,TQQQ
2016-02-05,490.787301802884,4.967653849698141,0.2,0.2,TQQQ
2016-02-08,486.3059361809162,4.922294336316081,0.2,0.2,TQQQ
2016-02-09,484.4138819535288,4.910864533212872,0.2,0.2,SOXL
2016-02-10,485.5656237675053,4.922540598322456,0.2,0.2,TQQQ
2016-02-11,485.334765933236,4.920200220408521,0.2,0.2,TQQQ
2016-02-12,489.47161901135576,4.962138583071711,0.2,0.2,TQQQ
2016-02-16,495.9873868393721,5.028193777452628,0.2,0.2,TQQQ
2016-02-17,502.84067251926587,5.097670641834881,0.2,0.2,TQQQ
2016-02-18,499.42517117342027,5.063045159272713,0.2,0.2,TQQQ
2016-02-19,500.46153999210134,5.073551602346689,0.2,0.2,TQQQ
2016-02-22,505.1898317132436,5.121485819306783,0.2,0.2,TQQQ
2016-02-23,500.15424282858714,5.07043630198541,0.2,0.2,TQQQ
2016-02-24,503.12993538736004,5.100603115103341,0.2,0.2,TQQQ
2016-02-25,505.9063183195556,5.128749378000168,0.2,0.2,TQQQ
2016-02-26,505.67409204697486,5.126395127207235,0.2,0.2,TQQQ
2016-02-29,502.9989137407015,5.09927485102663,0.2,0.2,TQQQ
2016-03-01,512.6251148198841,5.196862825340438,0.2,0.2,TQQQ
2016-03-02,519.1671064678633,5.197983198083135,0.75,0.2,SOXL
2016-03-03,520.002298375902,5.206345271587168,0.75,0.75,SOXL
2016-03-04,532.356983727603,5.3300423357418305,0.75,0.75,SOXL
2016-03-07,536.830166952588,5.374828553812559,0.75,0.75,SOXL
2016-03-08,529.5167099328224,5.100240471514168,0.2,0.75,SOXL
2016-03-09,549.102361959856,5.125393353568181,1.5,0.2,SOXL
2016-03-10,560.0752794171708,5.227816002059876,1.5,1.5,SOXL
2016-03-11,609.954594290093,5.69339605896901,1.5,1.5,SOXL
2016-03-14,599.3331284503935,5.5942539059000564,1.5,1.5,SOXL
2016-03-15,594.2355655234401,5.546672585994693,1.5,1.5,SOXL
2016-03-16,618.9247127860597,5.777124319681367,1.5,1.5,SOXL
2016-03-17,639.1632938058708,5.966033885239154,1.5,1.5,SOXL
2016-03-18,658.3156894485269,6.323575823253815,0.75,1.5,SOXL
2016-03-21,660.7098779114477,6.346573653205463,0.75,0.75,SOXL
2016-03-22,659.4221519410507,6.3342041579254715,0.75,0.75,SOXL
2016-03-23,639.5437947774788,6.143258839774434,0.75,0.75,SOXL
2016-03-24,638.4279043109126,6.13253994291556,0.75,0.75,SOXL
2016-03-28,637.8695972486418,6.127177018869371,0.75,0.75,SOXL
2016-03-29,656.1123775069792,6.302411493817389,0.75,0.75,SOXL
2016-03-30,670.8673310781454,6.444142990075696,0.75,0.75,SOXL
2016-03-31,662.262005338642,6.361482906669311,0.75,0.75,SOXL
2016-04-01,672.0080648236373,6.455100523747429,0.75,0.75,SOXL
2016-04-04,658.099429063779,6.321498493239602,0.75,0.75,SOXL
2016-04-05,649.2526693659283,6.236519270298207,0.75,0.75,SOXL
2016-04-06,664.0646174882849,6.378798238493977,0.75,0.75,SOXL
2016-04-07,640.7243320557625,6.1545987138060845,0.75,0.75,SOXL
2016-04-08,655.2354704820178,6.293988197591633,1.5,1.5,SOXL
2016-04-11,653.7355944863383,6.27958085513242,1.5,1.5,SOXL
2016-04-12,650.7396068808846,6.250802329734543,1.5,1.5,SOXL
2016-04-13,717.3096138291749,6.890253117918988,1.5,1.5,SOXL
2016-04-14,691.0663479763352,6.638168465934988,1.5,1.5,SOXL
2016-04-15,663.246029873263,6.37093514038689,1.5,1.5,SOXL
2016-04-18,664.7492387578759,6.385374497540905,1.5,1.5,SOXL
2016-04-19,626.7602589623293,6.020464169509024,1.5,1.5,SOXL
2016-04-20,654.411389327654,6.28607233025373,1.5,1.5,SOXL
2016-04-21,637.2095259903323,6.120836579597496,1.5,1.5,SOXL
2016-04-22,642.3984449872864,6.170679722095663,1.5,1.5,SOXL
2016-04-25,624.9324330236776,6.086793181981253,1.5,0.75,SOXL
2016-04-26,662.487075972885,6.452572476790737,1.5,1.5,SOXL
2016-04-27,694.3856129225248,6.763261740077682,1.5,1.5,SOXL
2016-04-28,610.5408475267348,5.946620261115465,1.5,1.5,SOXL
2016-04-29,540.2061931243001,5.261566210068115,1.5,1.5,SOXL
2016-05-02,562.5599548439791,5.479290106663862,2.0,2.0,SOXL
2016-05-03,525.0240370640945,5.11369319354389,2.0,2.0,SOXL
2016-05-04,521.2623486090554,4.74730767039083,0.2,2.0,SOXL
2016-05-05,522.0654275865163,4.754621574799623,0.2,0.2,SOXL
2016-05-06,522.4879620363818,4.758469735021061,0.2,0.2,SOXL
2016-05-09,522.0199757253672,4.7542076297494145,0.2,0.2,SOXL
2016-05-10,525.918085186138,4.789708994834617,0.2,0.2,SOXL
2016-05-11,524.9602156979597,4.780985362328652,0.2,0.2,SOXL
2016-05-12,519.4004893738357,4.730351105904383,0.2,0.2,SOXL
2016-05-13,520.6485767472584,4.741717848154188,0.2,0.2,SOXL
2016-05-16,525.4984359311698,4.785887111032151,0.2,0.2,SOXL
2016-05-17,523.4349984439742,4.767094707098749,0.2,0.2,SOXL
2016-05-18,574.2176659107142,4.81334415278211,2.0,0.2,SOXL
2016-05-19,571.9753745503442,4.625385463089884,0.2,2.0,SOXL
2016-05-20,651.8290699607189,4.7114857017503375,1.5,0.2,SOXL
2016-05-23,673.1265751983622,4.788455950573511,1.5,0.75,SOXL
2016-05-24,746.3096793688094,5.309062450982666,1.5,1.5,SOXL
2016-05-25,756.2215853373693,5.450084145461716,0.75,1.5,SOXL
2016-05-26,761.8611702307056,5.5313730502222045,0.75,1.5,SOXL
2016-05-27,772.3086687944897,5.683077886368274,0.75,1.5,SOXL
2016-05-31,781.7090018416736,5.821423672252918,0.75,1.5,SOXL
2016-06-01,791.8688703359898,5.972745708510517,0.75,1.5,SOXL
2016-06-02,791.4722294882532,5.966762306435037,0.75,1.5,SOXL
2016-06-03,797.0272206910512,6.050518402698488,0.75,1.5,SOXL
2016-06-06,792.4746907291426,5.981398639663339,0.75,1.5,SOXL
2016-06-07,809.926809985402,6.244847008677084,0.75,1.5,SOXL
2016-06-08,808.350966540054,6.220546291366586,0.75,1.5,SOXL
2016-06-09,810.7156299087358,6.238743211463489,0.75,0.75,SOXL
2016-06-10,780.2056448422355,6.003958096691607,0.75,0.75,SOXL
2016-06-13,764.25025759807,5.8811757545440715,1.5,1.5,SOXL
2016-06-14,761.0816694606266,5.856792349311555,1.5,1.5,SOXL
2016-06-15,761.4773106796106,5.85983694827826,1.5,1.5,SOXL
2016-06-16,760.2904923938431,5.85070396224664,1.5,1.5,SOXL
2016-06-17,731.8191804056655,5.631607157109557,1.5,1.5,SOXL
2016-06-20,768.9042884302016,5.9169901661438224,1.5,1.5,SOXL
2016-06-21,780.8067147742863,6.008583542186741,1.5,1.5,SOXL
2016-06-22,775.6226447323592,5.968690291595944,1.5,1.5,SOXL
2016-06-23,866.3418841804697,6.666806891765283,1.5,1.5,SOXL
2016-06-24,837.0974018876847,4.97895721322804,0.2,1.5,SOXL
2016-06-27,817.1604119877908,4.8603743345232635,0.2,0.2,SOXL
2016-06-28,830.2604176777022,4.938291632648941,0.2,0.2,SOXL
2016-06-29,930.1713598543715,4.9977174897964085,2.0,0.2,SOXL
2016-06-30,1031.5301488828156,5.542308104531469,2.0,2.0,SOXL
2016-07-01,981.5633040896414,5.184352305689004,1.5,2.0,SOXL
2016-07-05,971.6638759162159,4.661491242504696,0.2,2.0,SOXL
2016-07-06,972.498703846695,4.6654962726219855,0.2,0.2,SOXL
2016-07-07,1043.5820197106893,4.699598009097035,2.0,0.2,SOXL
2016-07-08,1218.9489285762422,5.489333708064456,2.0,2.0,SOXL
2016-07-11,1299.0872498905705,5.850223305803603,2.0,2.0,SOXL
2016-07-12,1405.2762250953278,6.32842768939262,2.0,2.0,SOXL
2016-07-13,1407.9905920035483,6.3406513891851555,0.75,0.75,SOXL
2016-07-14,1431.0425648104558,6.4444621136542635,0.75,0.75,SOXL
2016-07-15,1428.681944195237,6.433831451440869,0.75,0.75,SOXL
2016-07-18,1476.927445622384,6.651097040702139,0.75,0.75,SOXL
2016-07-19,1463.9118709199267,6.592483565380017,0.75,0.75,SOXL
2016-07-20,1516.7996287363328,6.830654783976226,0.75,0.75,SOXL
2016-07-21,1492.9754507162702,6.723366561798443,0.75,0.75,SOXL
2016-07-22,1510.6064517112366,6.802764841578409,0.75,0.75,SOXL
2016-07-25,1528.831590033559,6.884838719967814,0.75,0.75,SOXL
2016-07-26,1668.7766251982039,7.515057903722156,0.75,0.75,SOXL
2016-07-27,1661.07055221057,7.480354886051652,0.75,0.75,SOXL
2016-07-28,1641.45389545648,7.392014535906276,0.75,0.75,SOXL
2016-07-29,1622.7278033126852,7.307684695323603,0.75,0.75,SOXL
2016-08-01,1629.2101780151015,7.33687699134854,0.75,0.75,SOXL
2016-08-02,1570.6234848405315,7.073041565476487,0.75,0.75,SOXL
2016-08-03,1587.0117253627363,7.146843280220584,1.5,1.5,SOXL
2016-08-04,1648.8419174940707,7.425285264036157,1.5,1.5,SOXL
2016-08-05,1743.4296201436475,7.8512452467313825,1.5,1.5,SOXL
2016-08-08,1732.5763629946373,7.802369408774872,1.5,1.5,SOXL
2016-08-09,1799.5951834286036,8.104177516939496,1.5,1.5,SOXL
2016-08-10,1737.2181533238136,7.823272939285766,1.5,1.5,SOXL
2016-08-11,1774.4720252560928,7.991039553751423,1.5,1.5,SOXL
2016-08-12,1808.5792959319688,8.144635972946645,1.5,1.5,SOXL
2016-08-15,1921.1585390811772,8.651617865099546,1.5,1.5,SOXL
2016-08-16,1890.3523981803726,8.512887534650272,0.75,0.75,SOXL
2016-08-17,1889.6485980407308,8.50971808780988,0.75,0.75,SOXL
2016-08-18,1920.9783717985335,8.650806511715889,0.75,0.75,SOXL
2016-08-19,1958.4412674746075,8.81951442983726,0.75,0.75,SOXL
2016-08-22,1960.1805190223097,8.827346859829841,0.75,0.75,SOXL
2016-08-23,1983.8304078812757,8.933850199766432,0.75,0.75,SOXL
2016-08-24,1945.3783466172297,8.760687738983249,0.75,0.75,SOXL
2016-08-25,1963.1628692923741,8.840777378109093,0.75,0.75,SOXL
2016-08-26,1983.6756728182397,8.933153376152719,0.75,0.75,SOXL
2016-08-29,1998.9196031222402,9.00180188020356,0.75,0.75,SOXL
2016-08-30,1985.7877103373867,8.942664585748753,0.75,0.75,SOXL
2016-08-31,1986.8266932172035,8.94734347229648,0.75,0.75,SOXL
2016-09-01,2025.9580700261074,9.123565117620855,0.75,0.75,SOXL
2016-09-02,2017.7000071877264,9.08637630548991,0.75,0.75,SOXL
2016-09-06,2004.9513780632715,9.028964975167629,0.75,0.75,SOXL
2016-09-07,1971.8042858001918,8.879692559713297,0.75,0.75,SOXL
2016-09-08,1965.207268285311,8.849983988855103,0.75,0.75,SOXL
2016-09-09,1802.868267235314,8.11891730533283,0.75,0.75,SOXL
2016-09-12,1964.8546350096374,8.848395963564327,1.5,1.5,SOXL
2016-09-13,1879.3634425502812,8.463400601159842,1.5,1.5,SOXL
2016-09-14,1959.9484958755522,8.826301982189205,1.5,1.5,SOXL
2016-09-15,2163.108742884432,9.741200355615842,1.5,1.5,SOXL
2016-09-16,2163.8681515855465,9.748040097107053,0.75,1.5,SOXL
2016-09-19,2171.845638435225,9.819915882725349,0.75,1.5,SOXL
2016-09-20,2151.356994735614,9.634638665854387,0.75,1.5,SOXL
2016-09-21,2214.542978325156,10.200582971817104,0.75,1.5,SOXL
2016-09-22,2233.7717339359338,10.377725180365141,0.75,1.5,SOXL
2016-09-23,2180.383820183214,9.881662768560396,0.75,1.5,SOXL
2016-09-26,2129.5893279798547,9.42125388292512,0.75,1.5,SOXL
2016-09-27,2301.536845643354,9.801599801540164,1.5,0.75,SOXL
2016-09-28,2324.263858331062,9.849993787382951,1.5,0.75,SOXL
2016-09-29,2452.428604455389,10.121568365407112,1.5,0.75,SOXL
2016-09-30,2623.6763679762994,10.474951934402972,1.5,0.75,SOXL
2016-10-03,2582.775283463702,10.311655538717984,0.75,0.75,SOXL
2016-10-04,2567.973207398131,10.252558678598826,0.75,0.75,SOXL
2016-10-05,2612.877613987922,10.431838221766627,0.75,0.75,SOXL
2016-10-06,2646.8772983240656,10.567580977067154,0.75,0.75,SOXL
2016-10-07,2635.456725792919,10.521984671902658,0.75,0.75,SOXL
2016-10-10,2606.0465073056785,10.404565226122555,0.75,0.75,SOXL
2016-10-11,2483.862185133945,9.916747857521672,0.75,0.75,SOXL
2016-10-12,2442.177939583129,9.750324714066888,1.5,1.5,SOXL
2016-10-13,2309.5407638421207,9.220774630237885,1.5,1.5,SOXL
2016-10-14,2394.1356596299297,9.55851730234825,1.5,1.5,SOXL
2016-10-17,2333.224436129478,9.315331006118793,1.5,1.5,SOXL
2016-10-18,2461.338346724252,9.826822084816035,1.5,1.5,SOXL
2016-10-19,2406.531493246232,9.60800730915796,1.5,1.5,SOXL
2016-10-20,2484.002191485012,9.917306828824628,1.5,1.5,SOXL
2016-10-21,2454.020975586247,9.797607692411413,1.5,1.5,SOXL
2016-10-24,2658.8897410239515,10.615540306743599,1.5,1.5,SOXL
2016-10-25,2649.5268374934794,10.578159185487475,1.5,1.5,SOXL
2016-10-26,2638.047333615182,10.48649601176403,0.75,1.5,SOXL
2016-10-27,2611.650763687265,10.381567066120734,0.75,0.75,SOXL
2016-10-28,2544.150976069423,10.11324881245263,1.5,1.5,SOXL
2016-10-31,2604.282497696598,10.352277488583525,1.5,1.5,SOXL
2016-11-01,2494.1816201322326,9.914615738258442,1.5,1.5,SOXL
2016-11-02,2419.3240615259124,9.617049625712685,1.5,1.5,SOXL
2016-11-03,2395.180512916166,9.521076660034707,1.5,1.5,SOXL
2016-11-04,2332.119178206536,9.270401690521245,1.5,1.5,SOXL
2016-11-07,2634.735398353223,10.47333074536672,1.5,1.5,SOXL
2016-11-08,2660.3877265128144,10.575301257233683,1.5,1.5,SOXL
2016-11-09,2596.910110375193,10.322971528353786,1.5,1.5,SOXL
2016-11-10,2352.705047842417,9.352232534526431,1.5,1.5,SOXL
2016-11-11,2750.761257116206,10.934544875104166,1.5,1.5,SOXL
2016-11-14,2681.6327327752106,10.79714855443096,1.5,0.75,SOXL
2016-11-15,2913.8130127080053,11.264566210697668,1.5,0.75,SOXL
2016-11-16,2989.503555264611,11.55717974644412,0.75,0.75,SOXL
2016-11-17,3062.815332485237,11.840597167165349,0.75,0.75,SOXL
2016-11-18,3110.0051096350294,12.023029041432352,0.75,0.75,SOXL
2016-11-21,3141.018806459849,12.142925493194369,0.75,0.75,SOXL
2016-11-22,3235.472994599112,12.50807777013598,0.75,0.75,SOXL
2016-11-23,3245.2524059165507,12.545884185923985,0.75,0.75,SOXL
2016-11-25,3255.4465149281555,12.585293789566865,0.75,0.75,SOXL
2016-11-28,3235.0788889081464,12.506554189305456,0.75,0.75,SOXL
2016-11-29,3221.0466768614892,12.452306788736943,0.75,0.75,SOXL
2016-11-30,3177.611082730644,12.284388283378505,0.75,0.75,SOXL
2016-12-01,2825.1140727289703,10.921663259185362,0.75,0.75,SOXL
2016-12-02,2989.3701152717304,11.556663878188882,1.5,1.5,SOXL
2016-12-05,3153.0548014985256,12.189455679734651,1.5,1.5,SOXL
2016-12-06,3349.235999159851,12.947876374786787,1.5,1.5,SOXL
2016-12-07,3667.2950334006086,14.1774669608985,1.5,1.5,SOXL
2016-12-08,3808.2214230430386,14.449871991701484,1.5,0.75,SOXL
2016-12-09,3736.3847325611086,14.313583831631487,1.5,0.75,SOXL
2016-12-12,3609.2763679678733,14.070116367420466,1.5,0.75,SOXL
2016-12-13,3791.9309280173175,14.426139383244914,1.5,0.75,SOXL
2016-12-14,3779.161709781471,14.401849578712303,1.5,0.75,SOXL
2016-12-15,4077.415360830731,14.970150772016039,1.5,0.75,SOXL
2016-12-16,3977.8596622574046,14.604633971306182,0.75,0.75,SOXL
2016-12-19,4070.646442542256,14.945298820871852,0.75,0.75,SOXL
2016-12-20,4156.269758941952,15.259663152849631,0.75,0.75,SOXL
2016-12-21,4156.269758941952,15.259663152849631,0.75,0.75,SOXL
2016-12-22,4206.538050905527,15.444222203903266,0.75,0.75,SOXL
2016-12-23,4253.478747491962,15.616564053593859,0.75,0.75,SOXL
2016-12-27,4369.878982345089,16.043925239895557,0.75,0.75,SOXL
2016-12-28,4179.30201923226,15.344225646158135,0.75,0.75,SOXL
2016-12-29,4178.255587524753,15.340383692604789,1.5,1.5,SOXL
2016-12-30,3883.2967238242572,14.25744799182808,1.5,1.5,SOXL
2017-01-03,3892.4778391099435,14.291156277082095,1.5,1.5,SOXL
2017-01-04,3945.56487352423,14.486064285928943,1.5,1.5,SOXL
2017-01-05,3782.505464104388,13.887394852527487,1.5,1.5,SOXL
2017-01-06,3918.9906251097764,14.388497452478763,1.5,1.5,SOXL
2017-01-09,4108.224775306476,15.083266934850496,1.5,1.5,SOXL
2017-01-10,4201.719231498763,15.426530002673205,1.5,1.5,SOXL
2017-01-11,4261.376576586689,15.645560778689727,1.5,1.5,SOXL
2017-01-12,4096.288710721798,15.03944390711247,1.5,1.5,SOXL
2017-01-13,4212.496318060216,15.46609786526034,1.5,1.5,SOXL
2017-01-17,3908.810393248016,14.908609397755827,1.5,0.75,SOXL
2017-01-18,4153.790792006982,15.84299011919292,1.5,1.5,SOXL
2017-01-19,4068.412090517141,15.51734687141647,1.5,1.5,SOXL
2017-01-20,4305.196977972806,16.42046906032232,1.5,1.5,SOXL
2017-01-23,4177.7466642881345,15.934360307739071,1.5,1.5,SOXL
2017-01-24,4549.991689661679,17.354141551960645,1.5,1.5,SOXL
2017-01-25,4850.129710815773,18.498899182192893,1.5,1.5,SOXL
2017-01-26,4786.648641823436,18.014652382504913,0.75,1.5,SOXL
2017-01-27,4922.9710725883,19.040757027291036,0.75,1.5,SOXL
2017-01-30,4864.146890155278,18.81324056446378,0.75,0.75,SOXL
2017-01-31,4721.964302789799,18.263315720376834,0.75,0.75,SOXL
2017-02-01,5058.9295987568685,19.5666088400264,1.5,1.5,SOXL
2017-02-02,5039.723149611877,19.492323347356518,1.5,1.5,SOXL
2017-02-03,5170.622506273158,19.99860762334877,1.5,1.5,SOXL
2017-02-06,5251.426547228339,20.31113639671854,1.5,1.5,SOXL
2017-02-07,5338.365095530907,20.647391830708784,1.5,1.5,SOXL
2017-02-08,5377.470944186793,20.798642965770046,1.5,1.5,SOXL
2017-02-09,5166.478006266359,19.98257778761229,1.5,1.5,SOXL
2017-02-10,5148.276581391444,19.912179464428245,1.5,1.5,SOXL
2017-02-13,5202.811467785765,20.12310605855898,1.5,1.5,SOXL
2017-02-14,5120.720613279422,19.80560022889418,1.5,1.5,SOXL
2017-02-15,5216.550540789751,20.54689012833198,0.75,1.5,SOXL
2017-02-16,5231.203682386835,20.604605756327143,0.75,0.75,SOXL
2017-02-17,5294.266871145561,20.852998329242123,0.75,0.75,SOXL
2017-02-21,5464.7608281309085,21.52453799407055,0.75,0.75,SOXL
2017-02-22,5465.315885604916,21.526724248156302,0.75,0.75,SOXL
2017-02-23,5261.615439391419,20.724391240028815,0.75,0.75,SOXL
2017-02-24,5254.868321286617,20.697815767731896,0.75,0.75,SOXL
2017-02-27,5482.132766248293,21.59296238697599,1.5,1.5,SOXL
2017-02-28,5163.8369138866055,20.33926229231741,1.5,1.5,SOXL
2017-03-01,5527.143983840457,21.770252060521184,1.5,1.5,SOXL
2017-03-02,5269.989323581127,20.757374200137786,1.5,1.5,SOXL
2017-03-03,5255.370142261469,20.69979233449833,1.5,1.5,SOXL
2017-03-06,5267.729472408305,20.74847312395894,1.5,1.5,SOXL
2017-03-07,5322.829448613445,20.96550028554939,1.5,1.5,SOXL
2017-03-08,5381.50271350013,21.196601876087175,1.5,1.5,SOXL
2017-03-09,5420.0056385308735,21.34825676067808,1.5,1.5,SOXL
2017-03-10,5700.390723147804,22.45263435315032,1.5,1.5,SOXL
2017-03-13,5799.641498453856,23.234490010224608,0.75,1.5,SOXL
2017-03-14,5759.47802655434,23.073587342900428,0.75,0.75,SOXL
2017-03-15,5864.1476478162085,23.49291417029678,0.75,0.75,SOXL
2017-03-16,5846.996669928497,23.424204022522325,0.75,0.75,SOXL
2017-03-17,5871.030251537366,23.520487217259458,0.75,0.75,SOXL
2017-03-20,5969.325067908188,23.914275338410324,0.75,0.75,SOXL
2017-03-21,5657.863297414751,22.666499006541212,0.75,0.75,SOXL
2017-03-22,5928.828474253197,23.752038120648525,1.5,1.5,SOXL
2017-03-23,5860.626500762402,23.478807771467128,1.5,1.5,SOXL
2017-03-24,6045.701284501952,24.22025329272692,1.5,1.5,SOXL
2017-03-27,6093.036914184294,24.409889016810084,1.5,1.5,SOXL
2017-03-28,6184.398965036745,24.775903133098275,1.5,1.5,SOXL
2017-03-29,6106.893075207933,24.465399488443484,1.5,1.5,SOXL
2017-03-30,6263.619380149972,25.093275498966896,1.5,1.5,SOXL
2017-03-31,6245.661371910196,25.021332230893886,1.5,1.5,SOXL
2017-04-03,6082.981725938058,24.36960598019129,1.5,1.5,SOXL
2017-04-04,6103.714909240421,23.80913392605294,0.75,1.5,TQQQ
2017-04-05,6051.422768059741,23.605154773821237,0.75,0.75,TQQQ
2017-04-06,6055.0581890786425,23.61933568285838,0.75,0.75,TQQQ
2017-04-07,6049.866838136822,23.599085462841742,0.75,0.75,TQQQ
2017-04-10,6055.059674391521,23.61934147670914,0.75,0.75,TQQQ
2017-04-11,5997.95635823954,23.396595080112863,0.75,0.75,TQQQ
2017-04-12,5938.588471936221,23.16501513627202,0.75,0.75,TQQQ
2017-04-13,5885.812021838957,22.959146810638874,0.75,0.75,TQQQ
2017-04-17,5990.630206994092,23.36801751403072,0.75,0.75,TQQQ
2017-04-18,5977.60379036384,23.31720457424929,0.75,0.75,TQQQ
2017-04-19,5993.246227412692,23.37822198482037,0.75,0.75,TQQQ
2017-04-20,6102.128938508866,23.80294743305451,0.75,0.75,TQQQ
2017-04-21,6100.057704374913,23.79486804343347,0.75,0.75,TQQQ
2017-04-24,6266.319643522792,24.44341615468032,0.75,0.75,TQQQ
2017-04-25,6370.54154898557,24.849960913419803,0.75,0.75,TQQQ
2017-04-26,6349.606066660836,24.76829659752564,0.75,0.75,TQQQ
2017-04-27,6432.929181953293,25.093320167701023,0.75,0.75,TQQQ
2017-04-28,6460.41416019791,25.20053250276439,0.75,0.75,TQQQ
2017-05-01,6582.397921268267,25.676362017627692,0.75,0.75,TQQQ
2017-05-02,6611.696957453215,25.790650559409947,0.75,0.75,TQQQ
2017-05-03,6562.769097179223,25.59979466340224,0.75,0.75,TQQQ
2017-05-04,6567.827005960757,25.619524357425625,0.75,0.75,TQQQ
2017-05-05,6621.413362468292,25.828551934510788,0.75,0.75,TQQQ
2017-05-08,6651.158081873028,25.94457898007743,0.75,0.75,TQQQ
2017-05-09,6706.031494201022,26.158627054491724,0.75,0.75,TQQQ
2017-05-10,6714.063304552777,26.189957228193656,0.75,0.75,TQQQ
2017-05-11,6702.018432933107,26.14297306104642,0.75,0.75,TQQQ
2017-05-12,6734.660368543792,26.270301455002667,0.75,0.75,TQQQ
2017-05-15,6781.785143392872,26.454123945453233,0.75,0.75,TQQQ
2017-05-16,6845.807181645126,26.703858624354954,0.75,0.75,TQQQ
2017-05-17,6457.377940609345,25.188688935381577,0.75,0.75,TQQQ
2017-05-18,6702.632918365996,26.145370021943975,1.5,1.5,TQQQ
2017-05-19,6824.1992499448,26.619571244068037,1.5,1.5,TQQQ
2017-05-22,7089.510400112883,27.654486668584997,1.5,1.5,TQQQ
2017-05-23,7115.750852533543,27.756844405676862,1.5,1.5,TQQQ
2017-05-24,7262.855529156936,28.330664611724288,1.5,1.5,TQQQ
2017-05-25,7549.547328483872,29.44898084162264,1.5,1.5,TQQQ
2017-05-26,7597.764996890912,29.637066448793977,1.5,1.5,TQQQ
2017-05-30,7621.386705712746,29.729209092620586,1.5,1.5,TQQQ
2017-05-31,7607.414280855964,29.67470600071123,1.5,1.5,TQQQ
2017-06-01,7743.837748845635,30.206861363194715,1.5,1.5,TQQQ
2017-06-02,7942.115618250622,31.753730578887907,0.75,1.5,TQQQ
2017-06-05,7937.291367313663,31.73444252368192,0.75,0.75,TQQQ
2017-06-06,7869.765192899688,31.46446308086985,0.75,0.75,TQQQ
2017-06-07,7934.260516110801,31.72232474082074,0.75,0.75,TQQQ
2017-06-08,7950.340937197038,31.786616597463325,0.75,0.75,TQQQ
2017-06-09,7519.15160915769,30.062659101857257,0.75,0.75,TQQQ
2017-06-12,7314.9150839620615,29.246091841047384,1.5,1.5,TQQQ
2017-06-13,7571.370038980016,30.271435960761252,1.5,1.5,TQQQ
2017-06-14,7419.242899789776,29.66320958585387,1.5,1.5,TQQQ
2017-06-15,7269.234325817224,29.06345354207359,1.5,1.5,TQQQ
2017-06-16,7138.603600236286,28.541172947732985,1.5,1.5,TQQQ
2017-06-19,7656.884091044357,30.61333354831591,1.5,1.5,TQQQ
2017-06-20,7396.704809212734,29.57309902963112,1.5,1.5,TQQQ
2017-06-21,7718.975736546701,30.86158495603283,1.5,1.5,TQQQ
2017-06-22,7705.7703192943045,30.808787781857873,1.5,1.5,TQQQ
2017-06-23,7835.5452731390305,31.327646876631505,1.5,1.5,TQQQ
2017-06-26,7757.578124778342,30.704198933526683,0.75,1.5,TQQQ
2017-06-27,7117.344767216786,29.43718930382918,1.5,0.75,TQQQ
2017-06-28,7565.496183956088,31.290734203339913,1.5,1.5,TQQQ
2017-06-29,6987.425215788664,28.899844752631648,1.5,1.5,TQQQ
2017-06-30,6951.064619090244,28.749458084117045,1.5,1.5,TQQQ
2017-07-03,6913.198564909564,27.574859014981037,0.2,1.5,TQQQ
2017-07-05,7209.010813687772,27.732180906401258,1.5,0.2,TQQQ
2017-07-06,7170.940587576186,26.63379470790626,0.2,1.5,TQQQ
2017-07-07,7493.193613522464,26.793379927022883,1.5,0.2,TQQQ
2017-07-10,7728.355868534797,27.634248583034953,1.5,1.5,TQQQ
2017-07-11,7823.386440228333,27.974048986359936,1.5,1.5,TQQQ
2017-07-12,8241.128569208135,29.467767706383455,1.5,1.5,TQQQ
2017-07-13,8322.795505829212,29.759783817700242,1.5,1.5,TQQQ
2017-07-14,8616.1070731214,30.284180267651028,1.5,0.75,TQQQ
2017-07-17,8623.31343730435,30.296844852140214,1.5,0.75,TQQQ
2017-07-18,8880.428873851002,30.748514998817573,1.5,0.75,TQQQ
2017-07-19,9124.276421375536,31.170676477671442,1.5,0.75,TQQQ
2017-07-20,9175.6891224447,31.258495423408107,1.5,0.75,TQQQ
2017-07-21,9154.84084087653,31.222983871889294,1.5,0.75,TQQQ
2017-07-24,9333.753763308863,31.52807903349139,1.5,0.75,TQQQ
2017-07-25,9286.886924718865,31.369769587090104,0.75,0.75,TQQQ
2017-07-26,9349.27664570927,31.580513099737217,0.75,0.75,TQQQ
2017-07-27,9224.159212701192,31.157884389319236,0.75,0.75,TQQQ
2017-07-28,9201.872689250513,31.082603715481778,0.75,0.75,TQQQ
2017-07-31,9112.027413517259,30.77911928403694,0.75,0.75,TQQQ
2017-08-01,9156.786559471535,30.9303092475718,0.75,0.75,TQQQ
2017-08-02,9010.344088554726,31.100121900667776,0.75,0.75,SOXL
2017-08-03,8930.161916872288,30.823364954531655,0.75,0.75,SOXL
2017-08-04,8937.473436081213,30.84860140903792,0.75,0.75,SOXL
2017-08-07,9286.115508297136,32.051975091446955,0.75,0.75,SOXL
2017-08-08,9213.205642602908,31.80031925138508,0.75,0.75,SOXL
2017-08-09,9145.169352063725,31.56548505319662,0.75,0.75,SOXL
2017-08-10,8992.508646506529,29.589520051634594,0.2,0.75,SOXL
2017-08-11,9022.1928659358,29.687194887494858,0.2,0.2,SOXL
2017-08-14,10070.187069121639,30.14697975522045,1.5,0.2,SOXL
2017-08-15,10181.621048837484,30.4805781191315,1.5,1.5,SOXL
2017-08-16,10250.319387290223,30.686239384839514,1.5,1.5,SOXL
2017-08-17,10086.989009079798,27.01904017727432,0.2,1.5,SOXL
2017-08-18,10105.480203150464,27.068570747305813,0.2,0.2,SOXL
2017-08-21,10062.19393120111,26.952624004440203,0.2,0.2,SOXL
2017-08-22,10157.66207238843,27.20834526477547,0.2,0.2,SOXL
2017-08-23,10184.553926764298,27.28037786966569,0.2,0.2,SOXL
2017-08-24,10182.13447852786,27.273897128083803,0.2,0.2,SOXL
2017-08-25,10151.756501903339,27.19252658528026,0.2,0.2,SOXL
2017-08-28,10167.575006081983,27.234898079842456,0.2,0.2,SOXL
2017-08-29,10181.967171121585,27.273448977944252,0.2,0.2,SOXL
2017-08-30,10959.733492828835,27.551225950184733,1.5,0.2,SOXL
2017-08-31,11441.759601483747,28.15709881388755,1.5,0.75,SOXL
2017-09-01,11666.475116313897,28.43360073214432,1.5,0.75,SOXL
2017-09-05,11432.164394613756,27.531028629312424,0.75,0.75,TQQQ
2017-09-06,11506.224492057914,27.709380741182457,0.75,0.75,TQQQ
2017-09-07,11559.553615031198,27.83780835652058,0.75,0.75,TQQQ
2017-09-08,11345.798373955387,27.32304129591949,0.75,0.75,TQQQ
2017-09-11,11616.78874597248,27.975642451111565,0.75,0.75,TQQQ
2017-09-12,11690.468375433831,28.153078316979038,0.75,0.75,TQQQ
2017-09-13,11726.850535803103,28.240694123063367,0.75,0.75,TQQQ
2017-09-14,11578.435644168712,27.883280208290778,0.75,0.75,TQQQ
2017-09-15,11648.39895312303,28.05176640174775,0.75,0.75,TQQQ
2017-09-18,11627.148000796486,28.000589690435067,0.75,0.75,TQQQ
2017-09-19,11664.361889607018,28.09020847152376,0.75,0.75,TQQQ
2017-09-20,11591.535165435846,27.914826578915548,0.75,0.75,TQQQ
2017-09-21,11424.291059277828,27.512068000943252,0.75,0.75,TQQQ
2017-09-22,11402.901701005434,27.460557979338127,0.75,0.75,TQQQ
2017-09-25,11134.59558696678,26.81442107542009,0.75,0.75,TQQQ
2017-09-26,11248.639596890456,27.08906276126653,1.5,1.5,TQQQ
2017-09-27,11706.375503734158,28.19138598904618,1.5,1.5,TQQQ
2017-09-28,11676.612613820713,28.119710762377448,1.5,1.5,TQQQ
2017-09-29,12047.634625357181,29.013208902285946,1.5,1.5,TQQQ
2017-10-02,12098.250108641234,29.135101509081935,1.5,1.5,TQQQ
2017-10-03,12212.299693262632,29.409756619959474,1.5,1.5,TQQQ
2017-10-04,12259.96206886837,29.5245375295098,1.5,1.5,TQQQ
2017-10-05,12789.753638167704,30.800385772981556,1.5,1.5,TQQQ
2017-10-06,12859.123063773191,30.96744177186515,1.5,1.5,TQQQ
2017-10-09,12810.637658195476,30.850678835032923,1.5,1.5,TQQQ
2017-10-10,12830.81397113212,30.94785634751769,0.75,1.5,TQQQ
2017-10-11,12914.705863020354,31.150203153006405,0.75,0.75,TQQQ
2017-10-12,12862.385508243962,31.024006730291998,0.75,0.75,TQQQ
2017-10-13,12970.389773182276,31.28451245375977,0.75,0.75,TQQQ
2017-10-16,13070.8545129909,31.526832881955773,0.75,0.75,TQQQ
2017-10-17,13105.330431636166,31.60998861783371,0.75,0.75,TQQQ
2017-10-18,13067.682210288513,31.519181304390607,0.75,0.75,TQQQ
2017-10-19,12959.445057442987,31.25811385650584,0.75,0.75,TQQQ
2017-10-20,13030.196696724775,31.428766441273307,0.75,0.75,TQQQ
2017-10-23,12848.019959583791,30.98935710188272,0.75,0.75,TQQQ
2017-10-24,12897.20335102645,31.107987185404756,0.75,0.75,TQQQ
2017-10-25,12779.626741182352,30.82439301597248,0.75,0.75,TQQQ
2017-10-26,12690.767111855082,30.610064053702335,0.75,0.75,TQQQ
2017-10-27,13510.999581359805,32.58846049019607,0.75,0.75,TQQQ
2017-10-30,13583.220027792819,32.76265583014809,0.75,0.75,TQQQ
2017-10-31,13690.964769214163,33.022535584247116,0.75,0.75,TQQQ
2017-11-01,13677.530016931874,32.99013103184443,0.75,0.75,TQQQ
2017-11-02,13813.296696424644,32.864306808528255,0.75,0.75,SOXL
2017-11-03,14365.751745600084,34.178696315467725,0.75,0.75,SOXL
2017-11-06,14824.441763047917,35.2700020185673,0.75,0.75,SOXL
2017-11-07,14793.76344068918,35.197012795174345,0.75,0.75,SOXL
2017-11-08,14905.64201285363,35.46319195585684,0.75,0.75,SOXL
2017-11-09,14225.18312001671,33.84425837929997,0.75,0.75,SOXL
2017-11-10,14630.388392720135,34.80831429551044,1.5,1.5,SOXL
2017-11-13,14809.064696786312,35.23341722389137,1.5,1.5,SOXL
2017-11-14,14747.391182584797,35.08668488785147,1.5,1.5,SOXL
2017-11-15,14160.991816196856,33.69153577082078,1.5,1.5,SOXL
2017-11-16,15117.663249640469,35.96762845127289,1.5,1.5,SOXL
2017-11-17,14817.28303840358,35.25297013050759,1.5,1.5,SOXL
2017-11-20,15601.708124022405,37.11925790008513,1.5,1.5,SOXL
2017-11-21,16440.821286965987,39.115658400277844,1.5,1.5,SOXL
2017-11-22,15959.653417440522,37.97087386129203,1.5,1.5,SOXL
2017-11-24,16599.617356113577,39.493462689228316,1.5,1.5,SOXL
2017-11-27,16130.841275324385,37.26285818081389,0.75,1.5,SOXL
2017-11-28,16119.834686179705,37.23743254036822,0.75,0.75,SOXL
2017-11-29,14530.60643060943,33.56625469579752,0.75,0.75,SOXL
2017-11-30,14934.380947730719,34.498989220408646,1.5,1.5,SOXL
2017-12-01,14167.151703528838,32.7266604229887,1.5,1.5,SOXL
2017-12-04,12111.208931165373,27.977354255576266,2.0,2.0,SOXL
2017-12-05,12124.423062440193,28.050235327727385,0.75,2.0,TQQQ
2017-12-06,12216.280162662053,28.26274962753995,0.75,0.75,SOXL
2017-12-07,12484.231357896027,28.882663172617626,0.75,0.75,SOXL
2017-12-08,12339.489102350499,28.54779739723112,0.75,0.75,SOXL
2017-12-11,12500.71234678657,28.92079246045529,0.75,0.75,SOXL
2017-12-12,12219.611433492835,28.270456627721536,0.75,0.75,SOXL
2017-12-13,12218.221808583132,28.26724168664486,0.75,0.75,SOXL
2017-12-14,12197.392270730852,28.21905189357056,0.75,0.75,SOXL
2017-12-15,12604.498482722327,29.160904960799495,0.75,0.75,SOXL
2017-12-18,13241.639786231573,30.634951470757915,0.75,0.75,SOXL
2017-12-19,13205.8252568797,30.552093427014455,0.75,0.75,SOXL
2017-12-20,13413.184239779283,31.03182497693621,0.75,0.75,SOXL
2017-12-21,13087.560709105594,30.278484664031943,0.75,0.75,SOXL
2017-12-22,13061.72825932566,30.21872047635166,0.75,0.75,SOXL
2017-12-26,12778.743232868786,29.564025688363877,0.75,0.75,SOXL
2017-12-27,12972.005521132827,30.01114409044068,1.5,1.5,SOXL
2017-12-28,13095.971052543215,30.29794225895397,1.5,1.5,SOXL
2017-12-29,12507.315533887417,28.936069142169366,1.5,1.5,SOXL
2018-01-02,14054.176976867548,32.51478190000742,1.5,1.5,SOXL
2018-01-03,14362.790456047436,34.942459420249875,0.75,1.5,TQQQ
2018-01-04,14425.942517042353,35.09609866851245,0.75,0.75,TQQQ
2018-01-05,14752.697397035976,35.8910430192976,0.75,0.75,TQQQ
2018-01-08,14875.752084447564,36.19041614142934,0.75,0.75,TQQQ
2018-01-09,14884.26646803797,36.21113032674079,0.75,0.75,TQQQ
2018-01-10,14804.831352302304,36.01787691149183,0.75,0.75,TQQQ
2018-01-11,15027.219095461718,36.55891207556309,0.75,0.75,TQQQ
2018-01-12,15266.188652794634,37.140288242355574,0.75,0.75,TQQQ
2018-01-16,15177.56643721417,36.924684026647675,0.75,0.75,TQQQ
2018-01-17,15536.263882036104,37.797339723198654,0.75,0.75,TQQQ
2018-01-18,15547.453036529074,37.824561214594354,0.75,0.75,TQQQ
2018-01-19,15659.319424842333,38.096714926373956,0.75,0.75,TQQQ
2018-01-22,16026.20415973184,38.98928904001968,0.75,0.75,TQQQ
2018-01-23,16330.777965713907,39.7302702503609,0.75,0.75,TQQQ
2018-01-24,16082.434305350907,39.126088333130696,0.75,0.75,TQQQ
2018-01-25,16067.221646885208,39.08907827559776,0.75,0.75,TQQQ
2018-01-26,16605.37645149408,40.398326118445766,0.75,0.75,TQQQ
2018-01-29,16440.452852032744,39.99709237495737,0.75,0.75,TQQQ
2018-01-30,16125.295167753766,39.23036221708186,0.75,0.75,TQQQ
2018-01-31,16274.578326780837,39.593545175323364,0.75,0.75,TQQQ
2018-02-01,15969.344340171785,38.8509578470875,0.75,0.75,TQQQ
2018-02-02,14506.19364040756,35.291337304778814,1.5,1.5,TQQQ
2018-02-05,14171.2909072042,29.180586124236847,0.2,1.5,TQQQ
2018-02-06,16356.509497831557,29.630551901537125,2.0,0.2,TQQQ
2018-02-07,15062.888186367665,27.287098769599222,2.0,2.0,TQQQ
2018-02-08,14689.563378288707,20.524152125401404,0.2,2.0,TQQQ
2018-02-09,14957.169870116266,20.71738027041465,0.2,0.2,SOXL
2018-02-12,15124.618450105947,20.949315585551926,0.2,0.2,TQQQ
2018-02-13,15161.444298361574,21.00032357093402,0.2,0.2,TQQQ
2018-02-14,15827.296270655437,21.246265080521855,0.75,0.2,TQQQ
2018-02-15,16447.717912361797,22.079107433124133,0.75,0.75,TQQQ
2018-02-16,16309.951272581306,21.89417208485142,0.75,0.75,TQQQ
2018-02-20,16371.015709148307,21.976143836950396,0.75,0.75,TQQQ
2018-02-21,16260.475232427996,21.827756378324167,0.75,0.75,TQQQ
2018-02-22,16262.768692139265,21.830835075540914,0.75,0.75,TQQQ
2018-02-23,16989.364954654116,22.806204243838394,0.75,0.75,TQQQ
2018-02-26,17500.85146903168,23.492814128669206,0.75,0.75,TQQQ
2018-02-27,17030.856898618596,22.861902249682256,0.75,0.75,TQQQ
2018-02-28,16774.096842510906,22.517232375506218,0.75,0.75,TQQQ
2018-03-01,15563.195179776729,20.89174073922502,1.5,1.5,TQQQ
2018-03-02,16204.97695389889,21.753256532173676,1.5,1.5,TQQQ
2018-03-05,16967.488097911915,22.77683716246675,1.5,1.5,TQQQ
2018-03-06,17289.265968514905,23.208785728979173,1.5,1.5,TQQQ
2018-03-07,17483.235710108293,23.4691670649332,1.5,1.5,TQQQ
2018-03-08,17874.14840576321,23.993920921384632,1.5,1.5,TQQQ
2018-03-09,19435.380006255098,26.089688882564296,1.5,1.5,TQQQ
2018-03-12,19871.733034486373,26.382564935048343,1.5,0.75,TQQQ
2018-03-13,19330.663889821397,25.664218335951944,0.75,0.75,TQQQ
2018-03-14,19281.45228785155,25.59888290283828,0.75,0.75,TQQQ
2018-03-15,19216.857352603976,25.513123896782453,0.75,0.75,TQQQ
2018-03-16,19121.47365271117,25.386488406470665,0.75,0.75,TQQQ
2018-03-19,17320.739339609983,22.99575631160435,1.5,1.5,TQQQ
2018-03-20,17511.6875485083,23.249267342159577,1.5,1.5,TQQQ
2018-03-21,17131.543886988016,22.744572315444955,1.5,1.5,TQQQ
2018-03-22,16881.223390087973,20.252050619207694,0.2,1.5,TQQQ
2018-03-23,16608.48926688464,19.92485719601407,0.2,0.2,TQQQ
2018-03-26,16982.245645989588,20.373244906665988,0.2,0.2,TQQQ
2018-03-27,16656.558664520537,19.982525046954812,0.2,0.2,TQQQ
2018-03-28,16541.69379492851,19.844724065379488,0.2,0.2,TQQQ
2018-03-29,16724.857056900546,20.064461199787345,0.2,0.2,TQQQ
2018-04-02,16427.82629725758,19.708119610037212,0.2,0.2,TQQQ
2018-04-03,16616.03147904414,19.84036835015753,0.2,0.2,SOXL
2018-04-04,16742.80875759703,19.991746728809023,0.2,0.2,SOXL
2018-04-05,16639.852370227163,19.868811679486573,0.2,0.2,SOXL
2018-04-06,16336.111247914821,19.506129666193118,0.2,0.2,SOXL
2018-04-09,16395.88745164086,19.577505427727658,0.2,0.2,SOXL
2018-04-10,16711.18381869109,19.95398497819267,0.2,0.2,SOXL
2018-04-11,16712.559018872587,19.955627035635235,0.2,0.2,SOXL
2018-04-12,16902.976689248837,20.182995208679944,0.2,0.2,SOXL
2018-04-13,16823.602718047456,20.088218737653374,0.2,0.2,SOXL
2018-04-16,16845.280239168413,20.114102776480607,0.2,0.2,SOXL
2018-04-17,17035.155776959444,20.340823616243664,0.2,0.2,SOXL
2018-04-18,16929.584245219794,20.21476595442191,0.2,0.2,SOXL
2018-04-19,16492.346450355635,19.692682271705237,0.2,0.2,SOXL
2018-04-20,16373.916497880535,19.55127101572868,0.2,0.2,SOXL
2018-04-23,16242.150033568765,19.39393530103408,0.2,0.2,SOXL
2018-04-24,16163.14204827035,19.299595835386018,0.2,0.2,SOXL
2018-04-25,16151.74401242329,19.285986013452355,0.2,0.2,SOXL
2018-04-26,16352.055700381461,19.521504888699457,0.2,0.2,TQQQ
2018-04-27,16279.76931859797,19.435207545953745,0.2,0.2,SOXL
2018-04-30,16171.831843313119,19.306349010363142,0.2,0.2,SOXL
2018-05-01,16331.811970155966,19.497337402616758,0.2,0.2,SOXL
2018-05-02,16274.860168944035,19.443693890631238,0.2,0.2,TQQQ
2018-05-03,16275.083541817065,19.443960755828332,0.2,0.2,TQQQ
2018-05-04,16458.206181977188,19.662738706775773,0.2,0.2,TQQQ
2018-05-07,16751.569054760756,19.756200775890434,0.75,0.2,TQQQ
2018-05-08,16740.48815590613,19.70719421824343,0.2,0.75,TQQQ
2018-05-09,17161.11031804671,19.839237880922845,0.75,0.2,TQQQ
2018-05-10,17561.633866585937,20.30226631026782,0.75,0.75,TQQQ
2018-05-11,17522.20102477629,20.25667966030848,0.75,0.75,TQQQ
2018-05-14,17580.608134087215,20.32420166291096,0.75,0.75,TQQQ
2018-05-15,17154.074506936126,19.831104075608316,0.75,0.75,TQQQ
2018-05-16,17390.988962436357,20.10499091352204,0.75,0.75,TQQQ
2018-05-17,17243.782753034502,19.934812005995227,0.75,0.75,TQQQ
2018-05-18,17036.635200150955,19.69533743226756,0.75,0.75,TQQQ
2018-05-21,17259.768967662123,19.953292996381926,0.75,0.75,TQQQ
2018-05-22,17192.32314078846,19.875321712553337,0.75,0.75,TQQQ
2018-05-23,17516.485102346836,20.25007172278666,0.75,0.75,TQQQ
2018-05-24,17505.43036240464,20.23729180287703,0.75,0.75,TQQQ
2018-05-25,17538.604409679214,20.275642923705217,0.75,0.75,TQQQ
2018-05-29,17370.477984618614,20.081279034712626,0.75,0.75,TQQQ
2018-05-30,17648.42519014839,20.402602109190166,0.75,0.75,TQQQ
2018-05-31,17620.068356028336,20.369819965888748,0.75,0.75,TQQQ
2018-06-01,18234.83215862593,21.08052254248652,0.75,0.75,TQQQ
2018-06-04,18585.561250323313,21.4859856945197,0.75,0.75,TQQQ
2018-06-05,18729.62244313923,21.652528780643852,0.75,0.75,TQQQ
2018-06-06,18961.386940575176,21.92046196863513,0.75,0.75,TQQQ
2018-06-07,18631.30666172365,21.538870040690338,0.75,0.75,TQQQ
2018-06-08,18622.023125648528,21.52813773507857,0.75,0.75,TQQQ
2018-06-11,18731.170670177686,21.65431862080806,0.75,0.75,TQQQ
2018-06-12,18953.682608442166,21.91155531428307,0.75,0.75,TQQQ
2018-06-13,18937.520581296954,21.892871074439068,0.75,0.75,TQQQ
2018-06-14,19369.38790944828,22.392134729144594,0.75,0.75,TQQQ
2018-06-15,19224.966255108844,22.225174928613306,0.75,0.75,TQQQ
2018-06-18,19192.791885514194,22.187979493106678,0.75,0.75,TQQQ
2018-06-19,19064.024292292816,22.03911669425931,0.75,0.75,TQQQ
2018-06-20,19363.627363565458,22.385475204325083,0.75,0.75,TQQQ
2018-06-21,18987.60470661535,21.950771225293792,0.75,0.75,TQQQ
2018-06-22,18844.505239341874,21.785339949621243,0.75,0.75,TQQQ
2018-06-25,17942.07882050345,20.74208272083125,0.75,0.75,TQQQ
2018-06-26,18238.603918739238,21.08488291572175,1.5,1.5,TQQQ
2018-06-27,17140.692228088064,19.815633385860675,1.5,1.5,TQQQ
2018-06-28,17770.838838688775,20.54411937982448,1.5,1.5,TQQQ
2018-06-29,17892.751930288574,20.685057977632088,1.5,1.5,TQQQ
2018-07-02,18494.293253810723,21.380474602278518,1.5,1.5,TQQQ
2018-07-03,17539.329424580174,20.27648108293971,1.5,1.5,TQQQ
2018-07-05,18505.270894267018,21.393165390715126,1.5,1.5,TQQQ
2018-07-06,19754.25674986211,22.83706540882767,1.5,1.5,TQQQ
2018-07-09,20578.96469382677,23.79047557748067,1.5,1.5,TQQQ
2018-07-10,20652.72116769553,23.875742334888646,1.5,1.5,TQQQ
2018-07-11,20426.271439350825,23.352164320944347,0.75,1.5,TQQQ
2018-07-12,21182.252747116734,24.21643364072349,0.75,0.75,TQQQ
2018-07-13,21228.640560113352,24.269466120723703,0.75,0.75,TQQQ
2018-07-16,21121.29608760718,24.146745448556388,0.75,0.75,TQQQ
2018-07-17,21414.55454210074,24.48201072877032,0.75,0.75,TQQQ
2018-07-18,21312.375860833934,24.365195804317533,0.75,0.75,TQQQ
2018-07-19,21076.027288788133,24.094992272174053,0.75,0.75,TQQQ
2018-07-20,21054.01711225477,24.069829321575543,0.75,0.75,TQQQ
2018-07-23,21191.025004618183,24.226462450888267,0.75,0.75,TQQQ
2018-07-24,21393.659533525137,24.45812268463099,0.75,0.75,TQQQ
2018-07-25,22062.92184539884,25.223251236216836,0.75,0.75,TQQQ
2018-07-26,21340.12520759816,24.39692001337649,0.75,0.75,TQQQ
2018-07-27,20672.43369982257,23.633587270464,0.75,0.75,TQQQ
2018-07-30,19337.301368448025,22.107208377231455,1.5,1.5,TQQQ
2018-07-31,19915.20433452627,22.76789111933102,1.5,1.5,TQQQ
2018-08-01,20323.687751840305,23.2348863764841,1.5,1.5,TQQQ
2018-08-02,21537.81981102568,24.62293271854938,1.5,1.5,TQQQ
2018-08-03,21827.211477594585,24.953777325745286,1.5,1.5,TQQQ
2018-08-06,22428.605305281173,25.641315799295757,1.5,1.5,TQQQ
2018-08-07,22757.293564858377,26.017085908432033,1.5,1.5,TQQQ
2018-08-08,22848.75307236271,26.121646226955914,1.5,1.5,TQQQ
2018-08-09,22818.22855325989,26.086749325285762,1.5,1.5,TQQQ
2018-08-10,22019.760579136087,25.173907478837492,1.5,1.5,TQQQ
2018-08-13,21972.021871770357,25.06475372141445,0.75,1.5,TQQQ
2018-08-14,22276.262614206975,25.41181869912557,0.75,0.75,TQQQ
2018-08-15,21668.039412712173,24.717983382462965,0.75,0.75,TQQQ
2018-08-16,21966.183086720906,25.05809308225476,1.5,1.5,TQQQ
2018-08-17,21961.106217926474,25.052301604950078,1.5,1.5,TQQQ
2018-08-20,21895.12013462713,24.97702747057177,1.5,1.5,TQQQ
2018-08-21,22234.850032659015,25.3645769767422,1.5,1.5,TQQQ
2018-08-22,22622.197187230464,25.806446236234326,1.5,1.5,TQQQ
2018-08-23,22453.041819876627,25.613480943912883,1.5,1.5,TQQQ
2018-08-24,23388.725231662735,26.680869025651667,1.5,1.5,TQQQ
2018-08-27,24445.886977738584,27.88683445585796,1.5,1.5,TQQQ
2018-08-28,24608.88293885789,28.072773357925488,1.5,1.5,TQQQ
2018-08-29,25899.931300546406,29.545546752063338,1.5,1.5,TQQQ
2018-08-30,25790.076066366055,29.294910337644275,0.75,1.5,TQQQ
2018-08-31,25846.421920299123,29.35891351214518,0.75,0.75,TQQQ
2018-09-04,25615.843367880596,29.096999665846223,0.75,0.75,TQQQ
2018-09-05,24852.098087444643,28.2294624994728,0.75,0.75,TQQQ
2018-09-06,23835.925236305833,27.075193218333208,1.5,1.5,TQQQ
2018-09-07,23482.288233816966,26.673497455462027,1.5,1.5,TQQQ
2018-09-10,23791.500842386155,27.024731613127692,1.5,1.5,TQQQ
2018-09-11,24583.95504006285,27.924879197333702,1.5,1.5,TQQQ
2018-09-12,24264.612677791763,27.562138666996788,1.5,1.5,TQQQ
2018-09-13,25342.40783745649,28.786404639825847,1.5,1.5,TQQQ
2018-09-14,25052.682649329134,28.457306215032254,1.5,1.5,TQQQ
2018-09-17,23468.05922519506,26.657334745018687,1.5,1.5,TQQQ
2018-09-18,24304.179125590614,27.607082138185614,1.5,1.5,TQQQ
2018-09-19,24223.368023085608,27.51528892299391,1.5,1.5,TQQQ
2018-09-20,25364.209501818215,28.811169119040436,1.5,1.5,TQQQ
2018-09-21,24757.78826219343,28.46675261177741,1.5,0.75,TQQQ
2018-09-24,25077.520229837606,28.834383626656976,1.5,1.5,TQQQ
2018-09-25,25229.9008489115,29.00959238682842,1.5,1.5,TQQQ
2018-09-26,25191.721206653703,28.965693052225152,1.5,1.5,TQQQ
2018-09-27,26238.19295457812,30.168936736511327,1.5,1.5,TQQQ
2018-09-28,26177.4332319032,30.099074599561543,1.5,1.5,TQQQ
2018-10-01,26403.725405057423,30.35926760399885,1.5,1.5,TQQQ
2018-10-02,26176.78490345084,30.098329145021378,1.5,1.5,TQQQ
2018-10-03,26292.69823225893,30.231607450039693,1.5,1.5,TQQQ
2018-10-04,25167.840784619093,27.644862758117718,0.75,1.5,TQQQ
2018-10-05,24978.558310006727,26.085525165963116,0.2,1.5,TQQQ
2018-10-08,24889.059783067834,25.992060361157073,0.2,0.2,TQQQ
2018-10-09,24927.416381944466,26.032116797275577,0.2,0.2,TQQQ
2018-10-10,24280.891188474263,25.356939751611584,0.2,0.2,TQQQ
2018-10-11,24084.101020999213,25.15142849662342,0.2,0.2,TQQQ
2018-10-12,24490.979349694342,25.576338323321057,0.2,0.2,TQQQ
2018-10-15,24306.125242252616,25.38329209495763,0.2,0.2,TQQQ
2018-10-16,24724.867193795348,25.820591300918466,0.2,0.2,TQQQ
2018-10-17,24741.17414272427,25.837620919737383,0.2,0.2,TQQQ
2018-10-18,24398.00857469304,25.47924739193516,0.2,0.2,TQQQ
2018-10-19,24378.191282820673,25.458551863416574,0.2,0.2,TQQQ
2018-10-22,24451.671360142165,25.535288334047817,0.2,0.2,TQQQ
2018-10-23,24397.856200845243,25.479088265383815,0.2,0.2,TQQQ
2018-10-24,23734.261922963495,24.78608569010153,0.2,0.2,TQQQ
2018-10-25,24221.36751520543,25.294778186570312,0.2,0.2,TQQQ
2018-10-26,23845.069726260455,24.90180412771568,0.2,0.2,TQQQ
2018-10-29,23590.083452731647,24.635517708277042,0.2,0.2,TQQQ
2018-10-30,23772.43219169075,24.82594753853645,0.2,0.2,TQQQ
2018-10-31,24093.22116492569,25.160952815079217,0.2,0.2,TQQQ
2018-11-01,24303.650357668244,25.380707531697116,0.2,0.2,TQQQ
2018-11-02,24085.992182540547,25.153403468171696,0.2,0.2,TQQQ
2018-11-05,24038.792294373372,25.104111837512523,0.2,0.2,TQQQ
2018-11-06,24140.46965149045,25.210295197855768,0.2,0.2,TQQQ
2018-11-07,24584.47517910993,25.67397757779139,0.2,0.2,TQQQ
2018-11-08,24500.630176790826,25.5864168430648,0.2,0.2,TQQQ
2018-11-09,24251.676757003763,25.326430633436104,0.2,0.2,TQQQ
2018-11-12,23825.621835180056,24.88149437060694,0.2,0.2,TQQQ
2018-11-13,23823.67264082129,24.87945879441924,0.2,0.2,TQQQ
2018-11-14,23702.8259319086,24.753256560189296,0.2,0.2,TQQQ
2018-11-15,23956.51725727669,25.01819064365979,0.2,0.2,TQQQ
2018-11-16,23904.02231464538,24.96336929928515,0.2,0.2,TQQQ
2018-11-19,23445.680912663072,24.484715726583858,0.2,0.2,TQQQ
2018-11-20,23185.57977111322,24.213087765138372,0.2,0.2,TQQQ
2018-11-21,23240.819299190494,24.321590616298796,0.2,0.2,SOXL
2018-11-23,23137.88371839928,24.21386820670448,0.2,0.2,TQQQ
2018-11-26,23455.559005997045,24.546316396004627,0.2,0.2,TQQQ
2018-11-27,23504.23087294527,24.597251658105606,0.2,0.2,TQQQ
2018-11-28,23949.97383111515,25.063723068133882,0.2,0.2,TQQQ
2018-11-29,23906.002485847068,25.01770691678007,0.2,0.2,TQQQ
2018-11-30,24006.15210160198,25.122513805186774,0.2,0.2,TQQQ
2018-12-03,24252.418160818677,25.38023201201291,0.2,0.2,TQQQ
2018-12-04,23544.977273545475,24.822047064558635,0.2,0.2,SOXL
2018-12-06,23613.48359384828,24.89426913922959,0.2,0.2,TQQQ
2018-12-07,23084.575814678494,24.406936907651673,0.2,0.2,SOXL
2018-12-10,23229.220583141145,24.559867408356176,0.2,0.2,TQQQ
2018-12-11,23311.443771635495,24.612530543025716,0.2,0.2,SOXL
2018-12-12,23517.965902985896,24.83057933980841,0.2,0.2,SOXL
2018-12-13,23465.74703461488,24.775445968177962,0.2,0.2,SOXL
2018-12-14,23265.435580615886,24.56395448665647,0.2,0.2,SOXL
2018-12-17,23090.926116990762,24.379705087709052,0.2,0.2,SOXL
2018-12-18,23273.530531518252,24.57250124284543,0.2,0.2,SOXL
2018-12-19,22685.258444209387,23.95139579530913,0.2,0.2,SOXL
2018-12-20,22503.05809493586,23.828926608369045,0.2,0.2,TQQQ
2018-12-21,22296.703217968796,23.610413409061536,0.2,0.2,SOXL
2018-12-24,21909.410700111992,23.20030181689278,0.2,0.2,SOXL
2018-12-26,22705.107176528927,23.997854287041246,0.2,0.2,TQQQ
2018-12-27,22806.738374341563,24.10527199959212,0.2,0.2,SOXL
2018-12-28,22902.9994765772,24.207013862645237,0.2,0.2,SOXL
2018-12-31,22989.828553217067,24.298786674501237,0.2,0.2,SOXL
2019-01-02,23111.786012706118,24.427687952935255,0.2,0.2,SOXL
2019-01-03,22663.945846867366,23.559452178831215,0.2,0.2,TQQQ
2019-01-04,23243.736764443653,24.162152012684167,0.2,0.2,TQQQ
2019-01-07,23391.93182528292,24.316202612371082,0.2,0.2,TQQQ
2019-01-08,23526.98861451261,24.456595816131017,0.2,0.2,TQQQ
2019-01-09,23638.16711673561,24.57216724504876,0.2,0.2,TQQQ
2019-01-10,23683.63614336809,24.619432860921822,0.2,0.2,TQQQ
2019-01-11,23627.23311505258,24.560801214988718,0.2,0.2,TQQQ
2019-01-14,23504.22718323831,24.432935026643964,0.2,0.2,TQQQ
2019-01-15,23764.803856351187,24.703807703034972,0.2,0.2,TQQQ
2019-01-16,23771.491156256827,24.710759234043604,0.2,0.2,TQQQ
2019-01-17,23882.806494153458,24.826472905337454,0.2,0.2,TQQQ
2019-01-18,24013.94132087058,24.96278918053048,0.2,0.2,TQQQ
2019-01-22,23748.723946296184,24.687092437540585,0.2,0.2,TQQQ
2019-01-23,23753.20163228923,24.691747047542645,0.2,0.2,TQQQ
2019-01-24,23837.09498613873,24.77895522706679,0.2,0.2,TQQQ
2019-01-25,24006.965500205642,24.95553772862205,0.2,0.2,TQQQ
2019-01-28,23829.97101118808,24.771549766944926,0.2,0.2,TQQQ
2019-01-29,23695.095471006498,24.63134497381349,0.2,0.2,TQQQ
2019-01-30,24050.323237537028,25.000608633138985,0.2,0.2,TQQQ
2019-01-31,25636.58371495256,25.220466952682262,1.5,0.2,TQQQ
2019-02-01,25145.775531970656,24.737625256743602,1.5,1.5,TQQQ
2019-02-04,26527.41335877882,26.09683721489805,1.5,1.5,TQQQ
2019-02-05,27052.61381743822,26.613512952914864,0.75,0.75,TQQQ
2019-02-06,26892.370300731676,26.45587040730837,0.75,0.75,TQQQ
2019-02-07,26068.969927420825,25.64583494646807,0.75,0.75,TQQQ
2019-02-08,26168.82228961344,25.744066568466806,0.75,0.75,TQQQ
2019-02-11,26123.115035821425,25.69910120582034,0.75,0.75,TQQQ
2019-02-12,26971.33812744758,26.533556478360502,0.75,0.75,TQQQ
2019-02-13,27012.484446911618,26.574034936871413,0.75,0.75,TQQQ
2019-02-14,27086.516482080762,26.64686533101376,0.75,0.75,TQQQ
2019-02-15,27328.94868410726,26.885362527342973,0.75,0.75,TQQQ
2019-02-19,27451.852560515308,27.006271506002943,0.75,0.75,TQQQ
2019-02-20,27435.489578078286,26.99017411711569,0.75,0.75,TQQQ
2019-02-21,27202.272348462382,26.760742321611147,0.75,0.75,TQQQ
2019-02-22,27645.425538878768,27.196702530589906,0.75,0.75,TQQQ
2019-02-25,27873.993140359762,27.421560167773563,0.75,0.75,TQQQ
2019-02-26,27939.11876041326,27.485628710079933,0.75,0.75,TQQQ
2019-02-27,27874.043703317504,27.421609910025456,0.75,0.75,TQQQ
2019-02-28,27743.793853778923,27.29347419341031,0.75,0.75,TQQQ
2019-03-01,28159.619538812938,27.702550459736706,0.75,0.75,TQQQ
2019-03-04,28169.365584431573,27.706544572965637,0.75,0.75,SOXL
2019-03-05,27867.34784057129,27.40948896278476,0.75,0.75,SOXL
2019-03-06,26845.540284178725,26.40446964414486,0.75,0.75,SOXL
2019-03-07,25475.525179667115,25.73071672548194,1.5,0.75,SOXL
2019-03-08,25413.918126815282,25.668492547018783,1.5,1.5,SOXL
2019-03-11,28132.662052954394,28.414470473646325,1.5,1.5,SOXL
2019-03-12,28624.867229366995,28.911606131332263,1.5,1.5,SOXL
2019-03-13,29150.21794584322,29.442219352133208,1.5,1.5,SOXL
2019-03-14,28404.863530056966,28.689398627244277,1.5,1.5,SOXL
2019-03-15,32075.82944761408,32.39713707296433,1.5,1.5,SOXL
2019-03-18,31918.698061296214,32.238431681750086,0.75,0.75,SOXL
2019-03-19,32888.019305031434,33.2174627385249,0.75,0.75,SOXL
2019-03-20,32185.403909077315,32.50780915561517,0.75,0.75,SOXL
2019-03-21,34687.90068880832,35.035373760920415,0.75,0.75,SOXL
2019-03-22,32474.542536632198,32.79984412123571,0.75,0.75,SOXL
2019-03-25,30616.60650121517,30.923296906439283,1.5,1.5,SOXL
2019-03-26,32013.248471315754,32.333929215140785,1.5,1.5,SOXL
2019-03-27,29908.20836436953,30.207802656193856,1.5,1.5,SOXL
2019-03-28,29674.022222094864,29.971270641822972,1.5,1.5,SOXL
2019-03-29,31722.02559230889,32.03978911985884,1.5,1.5,SOXL
2019-04-01,35226.5787633935,35.57944784165583,1.5,1.5,SOXL
2019-04-02,35394.77117022768,35.74932505302265,1.5,1.5,SOXL
2019-04-03,39010.92494156694,39.401702292349476,1.5,1.5,SOXL
2019-04-04,39121.87453725363,39.513763284116564,0.75,0.75,SOXL
2019-04-05,39792.45082488066,40.19105681891395,0.75,0.75,SOXL
2019-04-08,40007.392734800655,40.40815182902976,0.75,0.75,SOXL
2019-04-09,38995.164473669975,39.385783949859665,0.75,0.75,SOXL
2019-04-10,39746.163828482604,40.1443061598405,0.75,0.75,SOXL
2019-04-11,39672.634312831375,40.07004008976576,0.75,0.75,SOXL
2019-04-12,40910.48487903433,41.32029036106799,0.75,0.75,SOXL
2019-04-15,40256.77575540243,40.66003295077285,0.75,0.75,SOXL
2019-04-16,43133.04000547734,43.5651091022697,0.75,0.75,SOXL
2019-04-17,44605.27374818989,45.0520903958945,0.75,0.75,SOXL
2019-04-18,44669.04556697512,45.116501025024185,0.75,0.75,SOXL
2019-04-22,44683.21647265339,45.13081388245027,0.75,0.75,SOXL
2019-04-23,45688.87133813771,46.146542519441525,0.75,0.75,SOXL
2019-04-24,46681.92762784939,47.14954637913912,0.75,0.75,SOXL
2019-04-25,44776.115480694636,45.224643471560974,0.75,0.75,SOXL
2019-04-26,43094.27682053293,43.52595762161727,1.5,1.5,SOXL
2019-04-29,42755.235841866954,43.183520426746526,1.5,1.5,SOXL
2019-04-30,44177.532497263994,44.62006440695977,1.5,1.5,SOXL
2019-05-01,42553.02814258351,42.97928718745982,1.5,1.5,SOXL
2019-05-02,44679.07179356308,45.126627685587266,1.5,1.5,SOXL
2019-05-03,46022.6117361611,46.48362603708549,1.5,1.5,SOXL
2019-05-06,42630.72919162573,43.05776657770115,1.5,1.5,SOXL
2019-05-07,37963.02949621144,38.34330994627587,1.5,1.5,SOXL
2019-05-08,36140.927467517,36.50295569196271,2.0,2.0,SOXL
2019-05-09,33568.46756925463,33.90472713875194,2.0,2.0,SOXL
2019-05-10,33715.97201237022,34.103369823697065,1.5,2.0,SOXL
2019-05-13,32764.154423952477,30.493042289917188,0.2,0.75,SOXL
2019-05-14,37454.24772320208,30.929541310972716,2.0,0.2,SOXL
2019-05-15,39290.63299393276,32.4460196157483,2.0,2.0,SOXL
2019-05-16,38891.76962617456,29.15222471652013,0.2,2.0,SOXL
2019-05-17,38432.092856728465,28.80766337079937,0.2,0.2,SOXL
2019-05-20,37510.78866862516,28.11707852516193,0.2,0.2,SOXL
2019-05-21,37982.62329569115,28.470753074031155,0.2,0.2,SOXL
2019-05-22,37507.353402292676,28.11450354189302,0.2,0.2,SOXL
2019-05-23,37127.923421168016,27.830093030870994,0.2,0.2,SOXL
2019-05-24,37116.95059954698,27.685527551739167,0.2,0.2,TQQQ
2019-05-28,36914.948781356754,27.534854427663205,0.2,0.2,SOXL
2019-05-29,37015.101653296275,27.609558438921642,0.2,0.2,SOXL
2019-05-30,37183.8793637859,27.735449706345346,0.2,0.2,SOXL
2019-05-31,36861.0671084585,27.49466409641394,0.2,0.2,SOXL
2019-06-03,36932.00747874365,27.547578507332283,0.2,0.2,SOXL
2019-06-04,37530.65078782039,28.246692542204393,0.2,0.2,TQQQ
2019-06-05,37696.07472611516,28.371195555769226,0.2,0.2,TQQQ
2019-06-06,37870.258194862625,28.502291254467874,0.2,0.2,TQQQ
2019-06-07,38302.12441958064,28.827326717826566,0.2,0.2,TQQQ
2019-06-10,39350.541934259854,29.03774550226975,0.75,0.2,TQQQ
2019-06-11,39462.05838534415,29.12003627049632,0.75,0.75,TQQQ
2019-06-12,39328.35837469848,28.750059134355563,0.2,0.75,TQQQ
2019-06-13,39810.979227238306,28.844141393728787,0.75,0.2,TQQQ
2019-06-14,39707.344966704164,28.5625694515688,0.2,0.75,TQQQ
2019-06-17,40249.93127264228,28.666648661161368,0.75,0.2,TQQQ
2019-06-18,41556.614282011666,29.597289324554534,0.75,0.75,TQQQ
2019-06-19,41923.17174073926,29.85835744445501,0.75,0.75,TQQQ
2019-06-20,42786.1357764739,30.472974315526223,0.75,0.75,TQQQ
2019-06-21,42639.90590051807,30.368827045077584,0.75,0.75,TQQQ
2019-06-24,42629.81531248259,30.36164036592432,0.75,0.75,TQQQ
2019-06-25,40994.08522969018,29.196647082574938,0.75,0.75,TQQQ
2019-06-26,41771.81845751129,29.75056120091314,1.5,1.5,TQQQ
2019-06-27,42451.4134765105,30.234579707915344,1.5,1.5,TQQQ
2019-06-28,42720.57126571178,30.42627821604901,1.5,1.5,TQQQ
2019-07-01,45272.62065838431,32.24388885518566,1.5,1.5,TQQQ
2019-07-02,46097.28489261943,32.83122799139711,1.5,1.5,TQQQ
2019-07-03,47628.89835330967,33.92206774128149,1.5,1.5,TQQQ
2019-07-05,47166.58650144732,33.59280180193225,1.5,1.5,TQQQ
2019-07-08,45676.990822059335,32.53188779194427,1.5,1.5,TQQQ
2019-07-09,46705.301649196605,33.264267308230515,1.5,1.5,TQQQ
2019-07-10,48777.14977759868,34.73987088066583,1.5,1.5,TQQQ
2019-07-11,48679.65833423592,34.60100093152636,0.75,1.5,TQQQ
2019-07-12,49292.1100310247,35.036325304298295,0.75,0.75,TQQQ
2019-07-15,49605.203159385404,35.25886868271893,0.75,0.75,TQQQ
2019-07-16,49077.32482837064,34.88365818929752,0.75,0.75,TQQQ
2019-07-17,48531.3442253095,34.49558078691716,0.75,0.75,TQQQ
2019-07-18,48688.71003949765,34.60743479061474,0.75,0.75,TQQQ
2019-07-19,47805.18920232569,33.97943725825511,0.75,0.75,TQQQ
2019-07-22,48650.54966338773,34.58031078739637,0.75,0.75,TQQQ
2019-07-23,49355.463996946644,35.08135665227592,0.75,0.75,TQQQ
2019-07-24,50143.41168814656,35.64142177454955,0.75,0.75,TQQQ
2019-07-25,49069.663691519345,34.878212731946356,0.75,0.75,TQQQ
2019-07-26,50162.10486324968,35.654708691329354,0.75,0.75,TQQQ
2019-07-29,49813.11284796743,35.4066487529673,0.75,0.75,TQQQ
2019-07-30,49312.59759680223,35.050887655531035,0.75,0.75,TQQQ
2019-07-31,47752.010918223474,33.941638680353755,0.75,0.75,TQQQ
2019-08-01,46747.47827438431,33.22762719928338,1.5,1.5,TQQQ
2019-08-02,46319.61122120106,30.946700913177292,0.2,1.5,TQQQ
2019-08-05,45346.98978824865,30.29688059314949,0.2,0.2,TQQQ
2019-08-06,45719.68149058974,30.54588049494257,0.2,0.2,TQQQ
2019-08-07,45853.23969792621,30.63511237293057,0.2,0.2,TQQQ
2019-08-08,51919.83875108739,31.040429303510532,2.0,0.2,TQQQ
2019-08-09,51612.71036328201,29.20425314462857,0.2,2.0,TQQQ
2019-08-12,51267.31569655502,29.008816919502994,0.2,0.2,TQQQ
2019-08-13,57997.5315601164,29.389635765120662,2.0,0.2,TQQQ
2019-08-14,56958.46280612423,24.124264740994562,0.2,2.0,TQQQ
2019-08-15,56910.16557313402,24.10380886530004,0.2,0.2,TQQQ
2019-08-16,57435.15003723002,24.32616149865445,0.2,0.2,TQQQ
2019-08-19,62811.479957135794,24.553871306702135,2.0,0.2,TQQQ
2019-08-20,62553.03028808732,23.796134832723983,0.2,1.5,TQQQ
2019-08-21,65739.65597190744,23.91735897499874,2.0,0.2,TQQQ
2019-08-22,64467.25437937391,23.570165733730608,2.0,1.5,TQQQ
2019-08-23,63287.105719337465,20.3340693881572,0.2,1.5,TQQQ
2019-08-26,63799.93844482509,20.49884191339842,0.2,0.2,TQQQ
2019-08-27,63722.99052472687,20.474118641117798,0.2,0.2,TQQQ
2019-08-28,63851.12251546955,20.51528729247245,0.2,0.2,TQQQ
2019-08-29,68206.85138355326,20.701886004343603,1.5,0.2,TQQQ
2019-08-30,68110.56468176411,20.409640242555838,0.2,2.0,TQQQ
2019-09-03,67714.21581506492,20.290872503400077,0.2,0.2,TQQQ
2019-09-04,71866.54345880594,20.46154739411189,0.75,0.2,SOXL
2019-09-05,76900.35086946866,21.894752386990756,0.75,0.75,SOXL
2019-09-06,77132.70997716805,21.96090871879444,0.75,0.75,SOXL
2019-09-09,77945.22966586788,22.192245990893944,0.75,0.75,SOXL
2019-09-10,78715.2492495607,22.411482807468488,0.75,0.75,SOXL
2019-09-11,81360.38504240778,23.16459501774511,0.75,0.75,SOXL
2019-09-12,81898.07950651394,23.31768517947198,0.75,0.75,SOXL
2019-09-13,81342.03999778244,23.15937189190682,0.75,0.75,SOXL
2019-09-16,80100.34113778047,22.80584048702287,0.75,0.75,SOXL
2019-09-17,80647.44308364521,22.961609108358317,0.75,0.75,SOXL
2019-09-18,80765.11597802815,22.995112452049796,0.75,0.75,SOXL
2019-09-19,79843.81097876918,22.73280227266048,0.75,0.75,SOXL
2019-09-20,76505.14208217643,21.782230162565362,0.75,0.75,SOXL
2019-09-23,80012.89706781707,22.78094377019503,1.5,1.5,SOXL
2019-09-24,74202.30070814928,21.126574614823774,1.5,1.5,SOXL
2019-09-25,79893.44149681223,22.746932870129864,1.5,1.5,SOXL
2019-09-26,80271.7111990698,22.854632267763154,1.5,1.5,SOXL
2019-09-27,71496.7328293674,20.35625642898512,1.5,1.5,SOXL
2019-09-30,74889.5768642827,21.322253062189585,1.5,1.5,SOXL
2019-10-01,71814.26520108292,20.446662943064172,1.5,1.5,SOXL
2019-10-02,71136.72178315409,18.999857577491056,0.2,1.5,SOXL
2019-10-03,78415.03084587285,19.19425342836841,2.0,0.2,SOXL
2019-10-04,86917.60644468985,21.275494602121572,2.0,2.0,SOXL
2019-10-07,83949.26014276159,20.306714500181545,1.5,2.0,SOXL
2019-10-08,82405.21803094156,18.906117477899883,0.2,0.75,SOXL
2019-10-09,90713.73682641561,19.096738698458502,2.0,0.2,SOXL
2019-10-10,95991.58869762378,19.93004488999897,2.0,1.5,SOXL
2019-10-11,108883.55239853504,21.9375443394202,2.0,1.5,SOXL
2019-10-14,108847.00874818293,21.932022307403443,2.0,1.5,SOXL
2019-10-15,123119.82276654865,24.088937405762383,2.0,1.5,SOXL
2019-10-16,119104.43287632488,23.303308629243286,0.75,0.75,SOXL
2019-10-17,120040.07839189837,23.486371809096692,0.75,0.75,SOXL
2019-10-18,117035.14780889021,22.89844386137704,0.75,0.75,SOXL
2019-10-21,127019.74841305497,24.85197509274761,1.5,1.5,SOXL
2019-10-22,122566.21809533663,23.98062220539331,1.5,1.5,SOXL
2019-10-23,111875.65982320117,21.888967236571382,1.5,1.5,SOXL
2019-10-24,124048.56860421826,24.27065063314338,1.5,1.5,SOXL
2019-10-25,135500.9390844837,26.511357527026835,1.5,1.5,SOXL
2019-10-28,146161.454876219,28.597134551797094,1.5,1.5,SOXL
2019-10-29,143287.27028847657,27.472440719870203,0.75,1.5,SOXL
2019-10-30,143303.20292271583,27.478550241654904,0.75,1.5,SOXL
2019-10-31,141282.0835165955,26.70344640569371,0.75,1.5,SOXL
2019-11-01,148587.72318504026,29.465095335123728,0.75,1.5,SOXL
2019-11-04,150576.34356942392,30.91235394282702,0.75,0.75,TQQQ
2019-11-05,150716.67529429132,30.941163142503918,0.75,0.75,TQQQ
2019-11-06,149999.75472687246,30.793983965459244,0.75,0.75,TQQQ
2019-11-07,151139.2805726971,31.027921285479838,0.75,0.75,TQQQ
2019-11-08,152478.34472402642,31.30282253501747,0.75,0.75,TQQQ
2019-11-11,151997.0515103611,31.20401613675848,0.75,0.75,TQQQ
2019-11-12,152929.54578750939,31.39545120857358,0.75,0.75,TQQQ
2019-11-13,152758.9470455864,31.360428385150502,0.75,0.75,TQQQ
2019-11-14,152727.9265583535,31.354060078827672,0.75,0.75,TQQQ
2019-11-15,154884.75273982855,31.79684260850288,0.75,0.75,TQQQ
2019-11-18,155487.13266104707,31.920507328281218,0.75,0.75,TQQQ
2019-11-19,155965.32867060322,32.01867789047601,0.75,0.75,TQQQ
2019-11-20,153915.84947965093,31.59793300686841,0.75,0.75,TQQQ
2019-11-21,153018.0896853063,31.41362870075657,0.75,0.75,TQQQ
2019-11-22,153328.27290987974,31.477307319840055,0.75,0.75,TQQQ
2019-11-25,157311.28655993906,32.29499438004535,0.75,0.75,TQQQ
2019-11-26,158018.26051837625,32.440131582301134,0.75,0.75,TQQQ
2019-11-27,160412.15603622262,32.93158292051015,0.75,0.75,TQQQ
2019-11-29,158808.85718097506,32.60243598736862,0.75,0.75,TQQQ
2019-12-02,154978.52673034623,31.81609380505075,0.75,0.75,TQQQ
2019-12-03,149663.70247209948,31.280118677615285,0.75,0.75,SOXL
2019-12-04,154936.64601593543,32.382178142316164,0.75,0.75,SOXL
2019-12-05,156332.09375089634,32.67383049380148,0.75,0.75,SOXL
2019-12-06,161782.3417407835,33.812947067360035,0.75,0.75,SOXL
2019-12-09,159734.76871405524,33.38499876580653,0.75,0.75,SOXL
2019-12-10,161067.59659250858,33.66356339788642,0.75,0.75,SOXL
2019-12-11,168988.2298521468,35.318997175555644,0.75,0.75,SOXL
2019-12-12,179270.8733799487,37.46809748883446,0.75,0.75,SOXL
2019-12-13,177059.02526050463,37.005815248516576,0.75,0.75,SOXL
2019-12-16,180827.54500178376,37.79344606880931,0.75,0.75,SOXL
2019-12-17,182609.98145057115,38.165980108342175,0.75,0.75,SOXL
2019-12-18,182412.02377659286,38.12460641897791,0.75,0.75,SOXL
2019-12-19,185627.82979426486,38.79671857586994,0.75,0.75,SOXL
2019-12-20,190099.9056004625,39.73139451694678,0.75,0.75,SOXL
2019-12-23,191061.38960558444,39.932347274964044,0.75,0.75,SOXL
2019-12-24,192125.0746679514,40.15466033041346,0.75,0.75,SOXL
2019-12-26,192668.67021066172,40.268273269340796,0.75,0.75,SOXL
2019-12-27,191059.73874093607,39.93200223978672,0.75,0.75,SOXL
2019-12-30,188043.36154484615,39.3015712460878,0.75,0.75,SOXL
2019-12-31,188988.78698175523,39.49916771990794,0.75,0.75,SOXL
2020-01-02,197828.92418912856,41.34678031003873,0.75,0.75,SOXL
2020-01-03,193794.5861096486,39.671792175013564,0.75,0.75,TQQQ
2020-01-06,196557.73682391463,40.237438218513354,0.75,0.75,TQQQ
2020-01-07,196377.6585845312,40.200574306928026,0.75,0.75,TQQQ
2020-01-08,199767.45047977165,40.89450039786865,0.75,0.75,TQQQ
2020-01-09,203545.24556745047,41.66785482745722,0.75,0.75,TQQQ
2020-01-10,202299.10094499917,41.41275590300157,0.75,0.75,TQQQ
2020-01-13,207602.03856657908,42.49832306699524,0.75,0.75,TQQQ
2020-01-14,205784.96638996108,42.126349261096436,0.75,0.75,TQQQ
2020-01-15,205881.76346570998,42.14616464164627,0.75,0.75,TQQQ
2020-01-16,210187.07715338367,43.02750768272067,0.75,0.75,TQQQ
2020-01-17,212541.34807888794,43.50945172850241,0.75,0.75,TQQQ
2020-01-21,212461.55934507985,43.493118134623,0.75,0.75,TQQQ
2020-01-22,213546.74549521372,43.71526716511736,0.75,0.75,TQQQ
2020-01-23,215028.36454380388,44.018570183835095,0.75,0.75,TQQQ
2020-01-24,210847.98201276857,43.16280186588293,0.75,0.75,TQQQ
2020-01-27,201071.4754647513,41.161448041936815,0.75,0.75,TQQQ
2020-01-28,215091.4292269433,44.031480188460684,1.5,1.5,TQQQ
2020-01-29,216255.17783618567,44.269711781492404,1.5,1.5,TQQQ
2020-01-30,219919.39807826557,45.01981624439532,1.5,1.5,TQQQ
2020-01-31,203706.86632292575,41.70094029775387,1.5,1.5,TQQQ
2020-02-03,217738.31252761197,44.57332506825639,1.5,1.5,TQQQ
2020-02-04,240047.97029970848,49.14034690512814,1.5,1.5,TQQQ
2020-02-05,242129.9837720204,49.99276706233938,0.75,1.5,TQQQ
2020-02-06,246556.72250372602,51.82075147643298,0.75,1.5,TQQQ
2020-02-07,244168.90130233427,50.81701742456093,0.75,1.5,TQQQ
2020-02-10,250773.91920567822,53.566321763430544,0.75,1.5,TQQQ
2020-02-11,250909.61594707967,53.595307135335176,0.75,0.75,TQQQ
2020-02-12,256421.4192999372,54.77265058807983,0.75,0.75,TQQQ
2020-02-13,255680.51005992343,54.614389382633156,0.75,0.75,TQQQ
2020-02-14,256978.381785631,54.891620024029685,0.75,0.75,TQQQ
2020-02-18,257314.90188663252,54.963502076466426,0.75,0.75,TQQQ
2020-02-19,262898.9539513992,56.15627814581402,0.75,0.75,TQQQ
2020-02-20,257287.36318764611,54.9576196991621,0.75,0.75,TQQQ
2020-02-21,246251.1450760485,52.600238946451626,0.75,0.75,TQQQ
2020-02-24,203691.2310605602,43.50926945648737,1.5,1.5,TQQQ
2020-02-25,200395.72780287225,36.469941426168425,0.2,2.0,TQQQ
2020-02-26,200947.1893912407,36.57030170853115,0.2,0.2,TQQQ
2020-02-27,194937.92488806148,35.47667797289501,0.2,0.2,TQQQ
2020-02-28,197767.20440203982,35.58710395476167,0.2,0.2,SOXL
2020-03-02,203166.0015777803,36.558587355685795,0.2,0.2,TQQQ
2020-03-03,199339.94922204394,35.87011060175871,0.2,0.2,TQQQ
2020-03-04,204178.22347502408,36.74073103310397,0.2,0.2,TQQQ
2020-03-05,200594.93739250329,36.095938714256775,0.2,0.2,TQQQ
2020-03-06,198492.25826595357,35.71757334833941,0.2,0.2,TQQQ
2020-03-09,190427.55079076538,34.266374277431645,0.2,0.2,TQQQ
2020-03-10,197698.45337755958,35.33303659973981,0.2,0.2,SOXL
2020-03-11,192613.49994795077,34.42424423153035,0.2,0.2,TQQQ
2020-03-12,180896.97083463406,32.5372192812351,0.2,0.2,SOXL
2020-03-13,190661.2061237432,34.293473480791285,0.2,0.2,TQQQ
2020-03-16,177518.8696729801,31.929613649455852,0.2,0.2,TQQQ
2020-03-17,181047.8869808362,32.97021842115197,0.2,0.2,SOXL
2020-03-18,177696.07441855135,32.359827468083346,0.2,0.2,TQQQ
2020-03-19,178518.78686558697,32.50964975835639,0.2,0.2,TQQQ
2020-03-20,174337.6662065696,31.748235396267834,0.2,0.2,TQQQ
2020-03-23,177581.79743388586,31.76790271208026,0.2,0.2,SOXL
2020-03-24,185498.7057571379,33.18417159226864,0.2,0.2,TQQQ
2020-03-25,184638.48966979777,33.03028610755751,0.2,0.2,TQQQ
2020-03-26,190652.80321651857,34.106196647900504,0.2,0.2,TQQQ
2020-03-27,186691.79289455895,33.39760493203837,0.2,0.2,TQQQ
2020-03-30,190615.9378924389,34.09960174884139,0.2,0.2,TQQQ
2020-03-31,189557.82991553153,33.910315055300714,0.2,0.2,TQQQ
2020-04-01,184854.69115010407,33.06896274948717,0.2,0.2,TQQQ
2020-04-02,187043.00252149135,33.46043340557089,0.2,0.2,TQQQ
2020-04-03,185536.50156307497,33.19093294677277,0.2,0.2,TQQQ
2020-04-06,193304.3621940977,34.58053843772519,0.2,0.2,TQQQ
2020-04-07,193229.0062825661,34.56705789354268,0.2,0.2,TQQQ
2020-04-08,195697.20188229115,35.00859750413054,0.2,0.2,TQQQ
2020-04-09,195840.91119971796,35.03430590263086,0.2,0.2,TQQQ
2020-04-13,197202.16560569406,35.2778229644037,0.2,0.2,TQQQ
2020-04-14,202319.58833495862,36.19328721664717,0.2,0.2,TQQQ
2020-04-15,200977.332065495,35.953168763071574,0.2,0.2,TQQQ
2020-04-16,203130.5413888101,36.338359955470025,0.2,0.2,TQQQ
2020-04-17,204147.76039878052,36.520331953797445,0.2,0.2,TQQQ
2020-04-20,202826.14260726623,36.28390555182338,0.2,0.2,TQQQ
2020-04-21,198340.53167809444,35.48146716195842,0.2,0.2,TQQQ
2020-04-22,201849.390809299,36.10917280026857,0.2,0.2,TQQQ
2020-04-23,201584.60508636286,36.06180484247484,0.2,0.2,TQQQ
2020-04-24,203532.27993745485,36.41022763173786,0.2,0.2,TQQQ
2020-04-27,204326.40908392167,36.55229071382361,0.2,0.2,TQQQ
2020-04-28,202115.97253894384,36.15686204868564,0.2,0.2,TQQQ
2020-04-29,206320.55628534648,36.90902701902975,0.2,0.2,TQQQ
2020-04-30,206594.41656957034,36.95801834016538,0.2,0.2,TQQQ
2020-05-01,202887.14489352528,36.29481835213903,0.2,0.2,TQQQ
2020-05-04,204318.3118499776,36.55084218619358,0.2,0.2,TQQQ
2020-05-05,205623.46607505664,36.78432339342152,0.2,0.2,TQQQ
2020-05-06,206435.65846439035,36.929617839027365,0.2,0.2,TQQQ
2020-05-07,208046.80619639094,37.217838732973654,0.2,0.2,TQQQ
2020-05-08,214341.13565629558,37.51810621355178,0.75,0.2,TQQQ
2020-05-11,218339.09876978683,38.21790657744624,0.75,0.75,TQQQ
2020-05-12,215741.2410539101,36.51268032537517,0.2,0.75,TQQQ
2020-05-13,214107.24807939967,36.23613856247088,0.2,0.2,TQQQ
2020-05-14,215527.2334470288,36.476461050381275,0.2,0.2,TQQQ
2020-05-15,221076.19485840743,36.60167738402354,1.5,0.2,TQQQ
2020-05-18,240275.24678761393,39.780298697105216,1.5,1.5,TQQQ
2020-05-19,237517.56248229745,39.323732709370425,1.5,1.5,TQQQ
2020-05-20,258376.38968499293,42.777148688287255,1.5,1.5,TQQQ
2020-05-21,252419.3738920044,41.790897000871766,0.75,0.75,TQQQ
2020-05-22,254131.4394572956,42.07434891898181,0.75,0.75,TQQQ
2020-05-26,253337.47769750335,41.94289952342034,0.75,0.75,TQQQ
2020-05-27,256010.87090335935,42.38551016136827,0.75,0.75,TQQQ
2020-05-28,254786.82360950887,42.1828552161762,0.75,0.75,TQQQ
2020-05-29,262671.75771916524,43.48829569863414,0.75,0.75,TQQQ
2020-06-01,265099.52497640275,43.890240168366915,0.75,0.75,TQQQ
2020-06-02,269062.24684855685,44.54631382487296,0.75,0.75,TQQQ
2020-06-03,271801.33238253626,44.99980057457104,0.75,0.75,TQQQ
2020-06-04,267659.3880863618,44.314054608261685,0.75,0.75,TQQQ
2020-06-05,279558.3376321319,46.28406097987482,0.75,0.75,TQQQ
2020-06-08,284223.301057686,47.05639870904444,0.75,0.75,TQQQ
2020-06-09,288978.9546604323,47.8437512280679,0.75,0.75,TQQQ
2020-06-10,296800.2241079455,49.13865130193043,0.75,0.75,TQQQ
2020-06-11,264026.5169013147,43.712591482944326,0.75,0.75,TQQQ
2020-06-12,272615.3247857654,45.13456627087372,1.5,1.5,TQQQ
2020-06-15,287033.83189192467,47.52171404043297,1.5,1.5,TQQQ
2020-06-16,309789.7945019236,51.28922235378862,1.5,1.5,TQQQ
2020-06-17,314314.49162419926,52.03833740182001,1.5,1.5,TQQQ
2020-06-18,316133.1252642631,52.64052835065536,0.75,1.5,TQQQ
2020-06-19,315805.3711381296,52.531377179898726,0.75,1.5,TQQQ
2020-06-22,324228.420653123,55.33357392204057,0.75,1.5,TQQQ
2020-06-23,330578.9715861454,56.417373666647244,0.75,0.75,TQQQ
2020-06-24,315971.2252006544,53.9243818036028,0.75,0.75,TQQQ
2020-06-25,328536.74347389047,56.0688422825462,1.5,1.5,TQQQ
2020-06-26,293113.6320307499,50.02345196284716,1.5,1.5,TQQQ
2020-06-29,307166.5656492696,52.42175819286703,1.5,1.5,TQQQ
2020-06-30,333661.9921415815,56.943529101953466,1.5,1.5,TQQQ
2020-07-01,351549.49616733595,59.996252007293094,1.5,1.5,TQQQ
2020-07-02,361359.72994793835,61.90932987158776,0.75,1.5,SOXL
2020-07-06,383093.48827398336,65.63282837472849,0.75,0.75,SOXL
2020-07-07,372470.9453639469,63.81293960851957,0.75,0.75,SOXL
2020-07-08,384028.0642555273,65.79294298611534,0.75,0.75,SOXL
2020-07-09,395484.6587994432,67.75572420395196,0.75,0.75,SOXL
2020-07-10,392528.23129526037,67.24921938222137,0.75,0.75,SOXL
2020-07-13,377835.9400344837,64.73208802847613,0.75,0.75,SOXL
2020-07-14,407863.7987222371,69.87655891101022,1.5,1.5,SOXL
2020-07-15,401736.45328319474,68.8268020660029,1.5,1.5,SOXL
2020-07-16,394385.8466858368,67.56747212169044,1.5,1.5,SOXL
2020-07-17,405343.70020661835,69.44480739753963,1.5,1.5,SOXL
2020-07-20,442816.3440813869,75.86474320814534,1.5,1.5,SOXL
2020-07-21,428758.8491878042,73.45636724256568,1.5,1.5,SOXL
2020-07-22,436470.81542906945,74.77760650200895,1.5,1.5,SOXL
2020-07-23,405979.06470560376,69.55366011990037,1.5,1.5,SOXL
2020-07-24,376962.35379731655,64.58242237941262,1.5,1.5,SOXL
2020-07-27,430523.848835897,73.75875275036077,1.5,1.5,SOXL
2020-07-28,411427.00050977396,67.21528382149059,0.75,1.5,SOXL
2020-07-29,451398.23260670045,70.48035600532963,1.5,0.75,SOXL
2020-07-30,491030.0050324636,73.5743661585813,1.5,0.75,SOXL
2020-07-31,484812.2135941362,72.64271216739404,0.75,0.75,SOXL
2020-08-03,506451.18127173826,75.88502590563564,0.75,0.75,SOXL
2020-08-04,511389.6758585253,78.33006123589907,0.75,0.75,TQQQ
2020-08-05,514447.2840516066,78.79839809975414,0.75,0.75,TQQQ
2020-08-06,529216.7181287677,81.06064689025114,0.75,0.75,TQQQ
2020-08-07,516246.2647031788,79.07394974119718,0.75,0.75,TQQQ
2020-08-10,511032.629323213,78.27537206578994,0.75,0.75,TQQQ
2020-08-11,489280.67021449277,74.94360302659997,0.75,0.75,TQQQ
2020-08-12,544183.4771233887,83.3531201330546,1.5,1.5,TQQQ
2020-08-13,549903.4475372671,84.22925364520351,1.5,1.5,TQQQ
2020-08-14,547517.1617198025,83.86374389201077,1.5,1.5,TQQQ
2020-08-17,574628.8971510661,88.01647515897885,1.5,1.5,TQQQ
2020-08-18,599949.4432856023,91.89484819401312,1.5,1.5,TQQQ
2020-08-19,591156.5918615779,89.20122873708641,0.75,1.5,TQQQ
2020-08-20,609396.8686056903,94.70587884326439,0.75,1.5,TQQQ
2020-08-21,618938.6667181503,97.67164523472327,0.75,1.5,TQQQ
2020-08-24,627544.7801892427,100.38782151194746,0.75,1.5,TQQQ
2020-08-25,638531.2683089509,102.14532096572638,0.75,0.75,TQQQ
2020-08-26,669189.8748262225,107.04975299356154,0.75,0.75,TQQQ
2020-08-27,664642.664551306,106.3223395119006,0.75,0.75,TQQQ
2020-08-28,672345.8024246488,107.55460413161084,0.75,0.75,TQQQ
2020-08-31,684016.0983217324,109.4214917522118,0.75,0.75,TQQQ
2020-09-01,710658.7028569863,113.68348725138864,0.75,0.75,TQQQ
2020-09-02,758472.1667081163,116.08955347251248,0.75,0.75,SOXL
2020-09-03,661390.3548581733,101.23049247772784,0.75,0.75,SOXL
2020-09-04,633882.2051561696,99.12533360972314,1.5,0.75,SOXL
2020-09-08,566685.5038869901,88.53947457330608,0.75,0.75,TQQQ
2020-09-09,601828.4628916939,94.03024344578499,0.75,0.75,SOXL
2020-09-10,583082.5408160085,91.10136300047839,0.75,0.75,SOXL
2020-09-11,581556.3532558638,90.86291002480024,0.75,0.75,SOXL
2020-09-14,609131.7970883737,95.17132322984851,0.75,0.75,SOXL
2020-09-15,632623.0506792746,98.8416187213341,0.75,0.75,SOXL
2020-09-16,618337.6580297479,96.60965557672064,0.75,0.75,SOXL
2020-09-17,616217.1383726186,96.27834359683622,0.75,0.75,SOXL
2020-09-18,594675.9208082085,92.91272356290204,0.75,0.75,SOXL
2020-09-21,590378.1755714573,92.2412398166233,1.5,1.5,SOXL
2020-09-22,622474.5146503792,97.25600193473308,1.5,1.5,SOXL
2020-09-23,613205.4543995002,86.394451937795,0.2,1.5,SOXL
2020-09-24,640084.3666884899,86.89938088762317,1.5,0.2,SOXL
2020-09-25,681515.4168215536,92.52415910977194,1.5,1.5,SOXL
2020-09-28,764988.7991040834,103.85670465915878,1.5,1.5,SOXL
2020-09-29,774552.9649389542,105.15515863336951,1.5,1.5,SOXL
2020-09-30,776114.9193595662,105.26118596288241,1.5,0.75,SOXL
2020-10-01,848396.1746382175,110.16278652726467,1.5,0.75,SOXL
2020-10-02,795924.9214923789,102.79802064222383,0.75,0.75,TQQQ
2020-10-05,833575.1109521524,107.6607468224927,0.75,0.75,TQQQ
2020-10-06,799991.3020760013,103.32321575031337,0.75,0.75,TQQQ
2020-10-07,863083.9094792557,111.47196820557063,1.5,1.5,TQQQ
2020-10-08,882143.530092057,113.93362158553263,1.5,1.5,TQQQ
2020-10-09,941012.2004200616,121.5368296572332,1.5,1.5,TQQQ
2020-10-12,1072660.599962502,138.53993450825917,1.5,1.5,TQQQ
2020-10-13,1072764.8282443713,138.55339615618823,0.75,0.75,TQQQ
2020-10-14,1052895.5287178021,135.9871683528811,0.75,0.75,TQQQ
2020-10-15,1036574.1829909291,133.87917802661508,0.75,0.75,TQQQ
2020-10-16,1024651.0853338476,132.33924529429936,0.75,0.75,TQQQ
2020-10-19,948278.8096372851,122.47535165112988,1.5,1.5,TQQQ
2020-10-20,957459.7202943888,123.6611160590011,1.5,1.5,TQQQ
2020-10-21,953734.2488410564,123.17995121415166,1.5,1.5,TQQQ
2020-10-22,954457.768292575,123.27339767562545,1.5,1.5,TQQQ
2020-10-23,962831.2121958688,124.35487337260868,1.5,1.5,TQQQ
2020-10-26,896995.2589910555,115.8518029273975,1.5,1.5,TQQQ
2020-10-27,928772.8408226351,119.95604997994309,1.5,1.5,TQQQ
2020-10-28,906974.7815733689,98.8410181079833,0.2,1.5,TQQQ
2020-10-29,961137.4981404357,99.84654627302207,0.75,0.2,SOXL
2020-10-30,947766.9823634287,98.45756725097164,0.2,0.2,TQQQ
2020-11-02,947831.5305703996,98.46427275933712,0.2,0.2,TQQQ
2020-11-03,990125.4395809028,99.45486733120686,0.75,0.2,SOXL
2020-11-04,1067956.5517940812,107.27274840966737,0.75,0.75,SOXL
2020-11-05,1173589.0558212826,117.88318851545365,0.75,0.75,SOXL
2020-11-06,1218865.550387294,122.43106455244427,0.75,0.75,SOXL
2020-11-09,1183948.6012242096,118.92377102396475,0.75,0.75,SOXL
2020-11-10,1104094.204876636,110.90265766087089,0.75,0.75,SOXL
2020-11-11,1284554.0338111585,129.02925821856593,1.5,1.5,SOXL
2020-11-12,1209973.0269520292,121.53783961029123,1.5,1.5,SOXL
2020-11-13,1277312.129925342,128.30183262035678,1.5,1.5,SOXL
2020-11-16,1418613.2745432039,142.49507120401086,1.5,1.5,SOXL
2020-11-17,1392695.2082889483,137.28830095500183,0.75,1.5,SOXL
2020-11-18,1370532.6512724864,132.91884555729627,0.75,1.5,SOXL
2020-11-19,1418243.1454114816,142.1730925043288,0.75,1.5,SOXL
2020-11-20,1400975.242975096,138.71101888403757,0.75,1.5,SOXL
2020-11-23,1448525.9782621907,148.127046716694,0.75,1.5,SOXL
2020-11-24,1466081.7739913398,151.71757697040783,0.75,1.5,SOXL
2020-11-25,1454319.0221511635,149.28303854375892,0.75,1.5,SOXL
2020-11-27,1491865.190975874,153.1370802515673,0.75,0.75,SOXL
2020-11-30,1533931.8651545185,157.45514310240554,0.75,0.75,SOXL
2020-12-01,1594972.5609140475,163.7208526193787,0.75,0.75,SOXL
2020-12-02,1604066.15878169,164.6542928758148,0.75,0.75,SOXL
2020-12-03,1605881.7611426373,164.8406609512516,0.75,0.75,SOXL
2020-12-04,1706135.3055748355,175.13149364316195,0.75,0.75,SOXL
2020-12-07,1722865.6036717175,176.8488264275129,0.75,0.75,SOXL
2020-12-08,1739159.6478023704,178.52137858487382,0.75,0.75,SOXL
2020-12-09,1627605.3372075555,167.07054407428922,0.75,0.75,SOXL
2020-12-10,1622872.0080992158,166.58467698394793,1.5,1.5,SOXL
2020-12-11,1538863.0274734339,157.96131738968901,1.5,1.5,SOXL
2020-12-14,1625796.209294628,166.884840588436,1.5,1.5,SOXL
2020-12-15,1727491.857584074,177.32370245580688,1.5,1.5,SOXL
2020-12-16,1721760.743072062,176.7354146210443,1.5,1.5,SOXL
2020-12-17,1735591.154124939,178.15507960158533,1.5,1.5,SOXL
2020-12-18,1701604.865105389,174.6664526797149,1.5,1.5,SOXL
2020-12-21,1651356.7215047998,169.5085777955759,1.5,1.5,SOXL
2020-12-22,1642195.6001794955,168.56820638663527,1.5,1.5,SOXL
2020-12-23,1591033.1158044636,163.31647618808844,1.5,1.5,SOXL
2020-12-24,1659924.4807629941,170.38804173443216,1.5,1.5,SOXL
2020-12-28,1645762.514758099,169.6611925064557,1.5,0.75,SOXL
2020-12-29,1626785.3151370345,167.70483836102414,1.5,1.5,SOXL
2020-12-30,1752941.978748814,180.71029315725053,1.5,1.5,SOXL
2020-12-31,1780912.5726908536,183.59377378143878,1.5,1.5,SOXL
2021-01-04,1744033.0305681664,179.79187220723333,1.5,1.5,SOXL
2021-01-05,1895579.7739915026,195.4147831552642,1.5,1.5,SOXL
2021-01-06,1885122.2505454395,193.25865688235046,0.75,1.5,SOXL
2021-01-07,2040931.3257693253,225.20507584710126,0.75,1.5,SOXL
2021-01-08,2042215.647929376,225.34679343740643,0.75,0.75,SOXL
2021-01-11,2097997.9602325493,231.50205192873636,0.75,0.75,SOXL
2021-01-12,2128910.7999726087,234.91310664204727,0.75,0.75,SOXL
2021-01-13,2133161.1168257464,235.38210474952854,0.75,0.75,SOXL
2021-01-14,2237261.027186378,246.86893329316186,0.75,0.75,SOXL
2021-01-15,2130790.0346426144,235.12046941856482,0.75,0.75,SOXL
2021-01-19,2455500.902431011,270.9504528606089,1.5,1.5,SOXL
2021-01-20,2424797.1876530526,267.5624738884348,1.5,1.5,SOXL
2021-01-21,2586707.526950859,285.4283519714456,1.5,1.5,SOXL
2021-01-22,2480233.4990669214,261.9307543574642,0.75,1.5,SOXL
2021-01-25,2496225.370381712,263.61961265191366,1.5,1.5,SOXL
2021-01-26,2321645.78062503,245.1827341654375,1.5,1.5,SOXL
2021-01-27,1794546.4227297667,189.51719602687854,1.5,1.5,SOXL
2021-01-28,2010038.8895476859,212.274772849062,2.0,2.0,SOXL
2021-01-29,1811709.833259956,191.32977741053074,2.0,2.0,SOXL
2021-02-01,2239930.012207445,236.55295278696238,2.0,2.0,SOXL
2021-02-02,2443844.140182386,258.08777254676096,2.0,2.0,SOXL
2021-02-03,2141512.2718470437,246.11460333166949,2.0,0.75,SOXL
2021-02-04,2247362.5446785134,255.23828368116278,2.0,1.5,SOXL
2021-02-05,2149737.721762164,246.92267201955693,2.0,1.5,SOXL
2021-02-08,2449226.215525385,281.32244942984903,1.5,1.5,SOXL
2021-02-09,2402418.3156903638,275.94601137329715,1.5,1.5,SOXL
2021-02-10,2436494.5445187273,279.8600672087933,1.5,1.5,SOXL
2021-02-11,2817350.1760744783,323.60581779289464,1.5,1.5,SOXL
2021-02-12,2894251.030822008,332.4387858069102,0.75,0.75,SOXL
2021-02-16,2932664.8940237854,336.8510699885365,0.75,0.75,SOXL
2021-02-17,2811252.1365066,322.9053861965475,0.75,0.75,SOXL
2021-02-18,2684264.8079070942,308.31939732311764,1.5,1.5,SOXL
2021-02-19,2977937.727060329,342.0511875610724,1.5,1.5,SOXL
2021-02-22,2491050.6144137993,286.1264737648147,1.5,1.5,SOXL
2021-02-23,2415233.018482687,277.4179307719218,1.5,1.5,SOXL
2021-02-24,2756565.278409766,316.62395707664746,1.5,1.5,SOXL
2021-02-25,2045138.6344479425,234.90823608675714,1.5,1.5,SOXL
2021-02-26,2326567.683739383,267.2336738048074,2.0,2.0,SOXL
2021-03-01,2789028.321933801,320.352719598557,2.0,2.0,SOXL
2021-03-02,2263701.7323541665,260.0127795822486,2.0,2.0,SOXL
2021-03-03,1847956.8427038349,212.25958718499803,2.0,2.0,SOXL
2021-03-04,1794856.3676823508,151.26744360822357,0.2,2.0,SOXL
2021-03-05,1828023.456641068,154.06270948523084,0.2,0.2,SOXL
2021-03-08,1769638.3517822265,149.14211209603738,0.2,0.2,SOXL
2021-03-09,1833041.853239622,154.48565141983016,0.2,0.2,SOXL
2021-03-10,1813496.9094828602,152.83843678428275,0.2,0.2,SOXL
2021-03-11,1857771.8584441657,156.56985422015777,0.2,0.2,SOXL
2021-03-12,1846453.7012607825,155.61597917237486,0.2,0.2,SOXL
2021-03-15,2084028.8299139398,157.61822197148322,2.0,0.2,SOXL
2021-03-16,2249252.4414651864,170.11433119348948,2.0,2.0,SOXL
2021-03-17,2380629.677025736,183.36267400548257,1.5,2.0,SOXL
2021-03-18,2322260.323463664,138.40498548970916,0.2,2.0,SOXL
2021-03-19,2336589.395475449,139.25898750827446,0.2,0.2,SOXL
2021-03-22,2639166.3411632795,141.06232356643798,2.0,0.2,SOXL
2021-03-23,2597007.215829797,118.52844956875595,0.2,2.0,SOXL
2021-03-24,2575028.454390237,117.52533009300193,0.2,0.2,SOXL
2021-03-25,2578505.0231044632,117.68400208166823,0.2,0.2,SOXL
2021-03-26,3345533.0617422545,121.18474877352723,2.0,0.2,SOXL
2021-03-29,3008229.375103156,108.96664727180223,2.0,2.0,SOXL
2021-03-30,3003690.457077036,108.35010018810762,0.2,0.75,SOXL
2021-03-31,3344903.6943021202,109.99121418735433,1.5,0.2,SOXL
2021-04-01,4080240.136076539,134.17144640293444,2.0,2.0,SOXL
2021-04-05,4264042.340699842,150.55926391748807,0.75,2.0,TQQQ
2021-04-06,4256492.584479506,150.29268923354536,0.75,0.75,TQQQ
2021-04-07,4280099.875626046,151.126240144657,0.75,0.75,TQQQ
2021-04-08,4380326.547963951,154.66514825259512,0.75,0.75,TQQQ
2021-04-09,4439881.733369269,156.76798498841012,0.75,0.75,TQQQ
2021-04-12,4426844.713560084,156.30766026615922,0.75,0.75,TQQQ
2021-04-13,4540571.365312762,160.3232397580067,0.75,0.75,TQQQ
2021-04-14,4421006.662837118,156.1015242690625,0.75,0.75,TQQQ
2021-04-15,4567468.314317702,161.27294534726812,0.75,0.75,TQQQ
2021-04-16,4581929.16055217,161.7835440211847,0.75,0.75,TQQQ
2021-04-19,4488187.967501374,158.47363199480492,0.75,0.75,TQQQ
2021-04-20,4414526.494610619,155.87271571598347,0.75,0.75,TQQQ
2021-04-21,4498248.657296429,158.82886534593462,0.75,0.75,TQQQ
2021-04-22,4375451.289567848,154.4930075333253,0.75,0.75,TQQQ
2021-04-23,4622739.752629355,163.22452706315173,1.5,1.5,TQQQ
2021-04-26,4760075.14279503,168.07370856770765,1.5,1.5,TQQQ
2021-04-27,4666346.114909375,164.7642260816942,1.5,1.5,TQQQ
2021-04-28,4594283.958212632,162.21978013072186,1.5,1.5,TQQQ
2021-04-29,4663433.031944715,164.66136790350413,1.5,1.5,TQQQ
2021-04-30,4532099.04723809,160.02409029581162,1.5,1.5,TQQQ
2021-05-03,4420963.823178832,156.10001164162998,1.5,1.5,TQQQ
2021-05-04,4071544.813619578,143.76236002502228,1.5,1.5,TQQQ
2021-05-05,4000317.1657720837,141.24737978476213,1.5,1.5,TQQQ
2021-05-06,4131644.3778460855,145.88441825726295,1.5,1.5,TQQQ
2021-05-07,4283339.241195431,151.24061905009864,1.5,1.5,TQQQ
2021-05-10,4218965.3078695815,142.71693608455024,0.2,0.75,TQQQ
2021-05-11,4214746.3088613935,142.57421800846907,0.2,0.2,TQQQ
2021-05-12,4150589.7588384375,140.40396402890863,0.2,0.2,TQQQ
2021-05-13,4168085.604986411,140.9958042964235,0.2,0.2,TQQQ
2021-05-14,4222297.139414139,142.82964352698932,0.2,0.2,TQQQ
2021-05-17,4208042.423205965,142.34744249580504,0.2,0.2,TQQQ
2021-05-18,4190380.7948260186,141.74999423427317,0.2,0.2,TQQQ
2021-05-19,4193465.711153937,141.85434915882695,0.2,0.2,TQQQ
2021-05-20,4241954.343816034,143.49459708301717,0.2,0.2,TQQQ
2021-05-21,4227939.856596916,143.02052239153352,0.2,0.2,TQQQ
2021-05-24,4545529.08418809,144.4529545382094,1.5,0.2,TQQQ
2021-05-25,4578515.17856891,145.85064699710222,1.5,2.0,TQQQ
2021-05-26,4648025.449015624,146.9577873605383,1.5,0.75,TQQQ
2021-05-27,4566639.154907839,144.3845764702909,1.5,1.5,TQQQ
2021-05-28,4633383.768458779,146.49485767104414,1.5,1.5,TQQQ
2021-06-01,4565639.066641402,144.3529564285306,1.5,1.5,TQQQ
2021-06-02,4601368.319473163,145.48261718400536,1.5,1.5,TQQQ
2021-06-03,4384410.331723835,138.62300202492992,1.5,1.5,TQQQ
2021-06-04,4721519.975548971,149.2814822544074,1.5,1.5,TQQQ
2021-06-07,4784182.197817818,151.26268946524016,1.5,1.5,TQQQ
2021-06-08,4792391.538152565,151.52224623929774,1.5,1.5,TQQQ
2021-06-09,4800607.7557383375,151.7820204531273,1.5,1.5,TQQQ
2021-06-10,5021141.110741111,158.75467889613722,1.5,1.5,TQQQ
2021-06-11,5080916.60896746,160.64461582829802,1.5,1.5,TQQQ
2021-06-14,5294443.234893706,164.02017829378843,1.5,0.75,TQQQ
2021-06-15,5147322.1853980785,161.74129648332678,1.5,0.75,TQQQ
2021-06-16,5064647.959219684,160.4423845397746,1.5,0.75,TQQQ
2021-06-17,5348262.095347692,164.93467390084766,1.5,0.75,TQQQ
2021-06-18,5156728.457195725,161.98132778705892,1.5,0.75,TQQQ
2021-06-21,5227500.282772321,164.2043873047294,0.75,0.75,TQQQ
2021-06-22,5337016.98617871,167.644487201375,0.75,0.75,TQQQ
2021-06-23,5343945.4174406845,167.8621206301296,0.75,0.75,TQQQ
2021-06-24,5417698.196251952,170.1788167949556,0.75,0.75,TQQQ
2021-06-25,5404945.153553896,169.77822273484495,0.75,0.75,TQQQ
2021-06-28,5548451.1434163675,174.2859820586625,0.75,0.75,TQQQ
2021-06-29,5595307.336389801,175.75781219590633,0.75,0.75,TQQQ
2021-06-30,5576889.741264157,175.1792852213216,0.75,0.75,TQQQ
2021-07-01,5578938.5474607125,175.24364159588177,0.75,0.75,TQQQ
2021-07-02,5720961.088223001,179.7048033420012,0.75,0.75,TQQQ
2021-07-06,5778522.265617655,181.51289465818482,0.75,0.75,TQQQ
2021-07-07,5806195.906502753,182.3821692636792,0.75,0.75,TQQQ
2021-07-08,5730721.041519178,180.01137953797067,0.75,0.75,TQQQ
2021-07-09,5803483.16572792,182.29695761131143,0.75,0.75,TQQQ
2021-07-12,5858080.694275529,184.01195583963445,0.75,0.75,TQQQ
2021-07-13,5855727.88077516,183.9380500953261,0.75,0.75,TQQQ
2021-07-14,5879586.087728422,184.68747564157823,0.75,0.75,TQQQ
2021-07-15,5788311.419872572,181.8203881043272,0.75,0.75,TQQQ
2021-07-16,5681711.715675837,178.47191595365578,0.75,0.75,TQQQ
2021-07-19,5579533.475665709,175.26232926993384,0.75,0.75,TQQQ
2021-07-20,5855503.827103605,183.93101220075485,1.5,1.5,TQQQ
2021-07-21,6056071.309228504,190.2311669083707,1.5,1.5,TQQQ
2021-07-22,6246945.968226156,196.2268540891061,1.5,1.5,TQQQ
2021-07-23,6558182.525283574,206.00330657957699,1.5,1.5,TQQQ
2021-07-26,6599243.960541635,207.29311383996546,1.5,1.5,TQQQ
2021-07-27,6275847.371753744,197.13469473985347,1.5,1.5,TQQQ
2021-07-28,6378754.933987248,200.36719063493055,1.5,1.5,TQQQ
2021-07-29,6425841.929356951,201.8462706552959,1.5,1.5,TQQQ
2021-07-30,6281362.97144541,197.30794880374572,1.5,1.5,TQQQ
2021-08-02,6278522.378136796,197.21872109287213,1.5,1.5,TQQQ
2021-08-03,6360492.884254834,202.3683781014157,0.75,1.5,TQQQ
2021-08-04,6384165.808322936,203.12156678282102,0.75,0.75,TQQQ
2021-08-05,6474155.969524418,205.9847352980331,0.75,0.75,TQQQ
2021-08-06,6410926.992360258,203.97301296918693,0.75,0.75,TQQQ
2021-08-09,6436655.69959604,204.79160939696385,0.75,0.75,TQQQ
2021-08-10,6364501.223567985,202.4959092755627,0.75,0.75,TQQQ
2021-08-11,6338713.799175845,201.67544467563073,0.75,0.75,TQQQ
2021-08-12,6388241.52383407,203.2512416291891,0.75,0.75,TQQQ
2021-08-13,6436230.023961695,204.7780659044567,0.75,0.75,TQQQ
2021-08-16,6444678.381678621,205.04686275399445,0.75,0.75,TQQQ
2021-08-17,6317665.779830603,201.0057711747472,0.75,0.75,TQQQ
2021-08-18,6179878.534211141,196.6218685548579,0.75,0.75,TQQQ
2021-08-19,6311916.625931443,200.82285344003694,1.5,1.5,TQQQ
2021-08-20,6604441.673369382,210.12996540153247,1.5,1.5,TQQQ
2021-08-23,7045791.746592884,224.17216309257586,1.5,1.5,TQQQ
2021-08-24,7150099.693468621,227.49087288699843,1.5,1.5,TQQQ
2021-08-25,7162079.810504439,227.8720378215596,1.5,1.5,TQQQ
2021-08-26,6980041.048259368,222.08020851878376,1.5,1.5,TQQQ
2021-08-27,7286019.656587627,231.81536518477103,1.5,1.5,TQQQ
2021-08-30,7648312.620321186,243.34224538139983,1.5,1.5,TQQQ
2021-08-31,7632242.157904232,242.83094012977233,0.75,0.75,TQQQ
2021-09-01,7663640.99571015,243.82994004953997,0.75,0.75,TQQQ
2021-09-02,7655609.560130385,243.57440818720167,0.75,0.75,TQQQ
2021-09-03,7707251.294742355,245.21746545743906,0.75,0.75,TQQQ
2021-09-07,7730914.3476695055,245.97034007406657,0.75,0.75,TQQQ
2021-09-08,7671434.480394693,244.0779011563393,0.75,0.75,TQQQ
2021-09-09,7609887.76680412,242.1197025020135,0.75,0.75,TQQQ
2021-09-10,7481481.9269967545,238.03428302062514,0.75,0.75,TQQQ
2021-09-13,7468760.351652256,237.62952750620047,0.75,0.75,TQQQ
2021-09-14,7420542.987737008,236.09542159500464,0.75,0.75,TQQQ
2021-09-15,7667171.45736955,243.9422668476299,1.5,1.5,TQQQ
2021-09-16,7689837.050521482,244.6634058235444,1.5,1.5,TQQQ
2021-09-17,7282269.976339067,231.69606362684019,1.5,1.5,TQQQ
2021-09-20,6610309.501643259,210.31665893493803,1.5,1.5,TQQQ
2021-09-21,6622934.259147921,210.71833404827186,1.5,1.5,TQQQ
2021-09-22,6913550.64022864,219.96471899975793,1.5,1.5,TQQQ
2021-09-23,7201507.86881768,229.12649912789806,1.5,1.5,TQQQ
2021-09-24,7232065.451769229,230.0987332948307,1.5,1.5,TQQQ
2021-09-27,6970411.04320973,221.77381583216862,1.5,1.5,TQQQ
2021-09-28,6854145.043767068,194.03002046475808,0.2,1.5,TQQQ
2021-09-29,6845066.003841685,193.77300718428714,0.2,0.2,TQQQ
2021-09-30,6829636.282502876,193.33621614353476,0.2,0.2,TQQQ
2021-10-01,6854527.073770927,194.04083513077313,0.2,0.2,TQQQ
2021-10-04,6770223.454224578,191.65433281409014,0.2,0.2,TQQQ
2021-10-05,6822319.666921161,193.12909431258606,0.2,0.2,TQQQ
2021-10-06,6849251.396997022,193.89148905392915,0.2,0.2,TQQQ
2021-10-07,6886306.580625873,194.94046277595004,0.2,0.2,TQQQ
2021-10-08,6865137.4493095195,194.34119810379835,0.2,0.2,TQQQ
2021-10-11,6834657.060546908,193.4783464399338,0.2,0.2,TQQQ
2021-10-12,6820729.967355948,193.0840924287331,0.2,0.2,TQQQ
2021-10-13,6852683.13437057,193.9886361187443,0.2,0.2,TQQQ
2021-10-14,6928335.720977381,196.13024135671336,0.2,0.2,TQQQ
2021-10-15,7185210.407170715,196.8574130214609,2.0,0.2,TQQQ
2021-10-18,7616183.654904743,201.2852728451121,2.0,0.75,TQQQ
2021-10-19,7950737.507626284,207.9166219476648,2.0,1.5,TQQQ
2021-10-20,7913162.93290991,206.9340239636847,1.5,1.5,TQQQ
2021-10-21,8125724.630700437,212.49264165388956,1.5,1.5,TQQQ
2021-10-22,7817119.446290398,204.42242836908096,1.5,1.5,TQQQ
2021-10-25,8169019.6283373255,213.62483217675103,1.5,1.5,TQQQ
2021-10-26,8283539.072835011,216.61958530807289,1.5,1.5,TQQQ
2021-10-27,8381669.79799979,219.18576346022104,1.5,1.5,TQQQ
2021-10-28,8794408.975343117,229.97914400087774,1.5,1.5,TQQQ
2021-10-29,8989397.86710408,235.0782221245576,1.5,1.5,TQQQ
2021-11-01,9122360.489895508,238.5552755865262,1.5,1.5,TQQQ
2021-11-02,9304877.21446132,243.32819895172045,1.5,1.5,TQQQ
2021-11-03,9526394.369890453,249.12100730643016,0.75,0.75,TQQQ
2021-11-04,9792873.704223284,256.0896039882097,0.75,0.75,TQQQ
2021-11-05,9820103.993858567,256.8016926252945,0.75,0.75,TQQQ
2021-11-08,9789877.282705085,256.0112457429026,0.75,0.75,TQQQ
2021-11-09,9638584.569847312,252.0548492762209,0.75,0.75,TQQQ
2021-11-10,9321809.31908217,243.770983786694,0.75,0.75,TQQQ
2021-11-11,9435198.441824645,246.73617831658646,1.5,1.5,TQQQ
2021-11-12,9884427.517012902,258.48379188126836,1.5,1.5,TQQQ
2021-11-15,9879945.05029511,258.36657265008864,1.5,1.5,TQQQ
2021-11-16,10186378.601023292,266.3799963931966,1.5,1.5,TQQQ
2021-11-17,10204478.667699594,266.85332414634587,1.5,1.5,TQQQ
2021-11-18,10672682.266784856,279.0971330523966,1.5,1.5,TQQQ
2021-11-19,10943804.718883317,286.1871500879746,1.5,1.5,TQQQ
2021-11-22,10374804.967558537,271.307460490496,1.5,1.5,TQQQ
2021-11-23,10162760.133396558,265.76235909856564,1.5,1.5,TQQQ
2021-11-24,10303750.983082796,269.4493555770905,1.5,1.5,TQQQ
2021-11-26,9877479.08762683,247.15481687563792,0.75,1.5,TQQQ
2021-11-29,10797736.34302243,258.6681803268798,1.5,0.75,TQQQ
2021-11-30,10101822.96926906,250.3326070022798,1.5,0.75,TQQQ
2021-12-01,9324214.398293605,231.06274042554568,1.5,1.5,TQQQ
2021-12-02,9334178.083925117,237.5878662230798,0.75,1.5,SOXL
2021-12-03,9298760.765351105,236.68637012222507,0.75,0.75,SOXL
2021-12-06,9262189.462807091,235.75550104534355,0.75,0.75,SOXL
2021-12-07,10304187.413554927,262.2780365595681,0.75,0.75,SOXL
2021-12-08,10164630.083869109,258.7258086207262,0.75,0.75,SOXL
2021-12-09,9648057.409564603,245.5772058906669,0.75,0.75,SOXL
2021-12-10,10021391.915718932,255.07989031634855,1.5,1.5,SOXL
2021-12-13,8851737.028566588,225.30803398820524,1.5,1.5,SOXL
2021-12-14,8677086.809123423,220.8625678100578,1.5,1.5,SOXL
2021-12-15,10073432.68971747,256.4045121887557,1.5,1.5,SOXL
2021-12-16,8101484.206053916,206.21144448391843,1.5,1.5,SOXL
2021-12-17,8027620.304370289,204.3313467791032,2.0,2.0,SOXL
2021-12-20,7643666.403062817,194.55836116435808,2.0,2.0,SOXL
2021-12-21,9228305.768423084,234.89304110767486,2.0,2.0,SOXL
2021-12-22,9774735.774417825,248.80161859540613,2.0,2.0,SOXL
2021-12-23,10381727.88906478,264.251716079786,2.0,2.0,SOXL
2021-12-27,11670778.086397607,307.99956876841605,1.5,2.0,SOXL
2021-12-28,11078372.099222828,300.18257545250685,1.5,0.75,SOXL
2021-12-29,11191478.18817383,301.7149520858506,1.5,0.75,SOXL
2021-12-30,10567281.706675472,293.30098708762347,1.5,0.75,SOXL
2021-12-31,10486125.46676234,291.04844892922415,1.5,1.5,SOXL
2022-01-03,11432049.58739067,317.30311744203755,1.5,1.5,SOXL
2022-01-04,11187074.531881997,310.5036937504036,1.5,1.5,SOXL
2022-01-05,9520113.032542568,264.23621770834234,1.5,1.5,SOXL
2022-01-06,9861443.262068631,273.7100347240842,1.5,1.5,SOXL
2022-01-07,8552402.882661128,237.3768654119387,1.5,1.5,SOXL
2022-01-10,8608234.350239743,239.44304477649732,1.5,2.0,SOXL
2022-01-11,9552270.332875635,265.7019546602199,2.0,2.0,SOXL
2022-01-12,9941666.682480533,276.5332405872408,2.0,2.0,SOXL
2022-01-13,8593121.24119907,239.02266485914097,2.0,2.0,SOXL
2022-01-14,9815001.649832355,273.0099790390525,2.0,2.0,SOXL
2022-01-18,9556231.338142322,246.01805386259397,0.2,0.75,SOXL
2022-01-19,9489742.875831854,241.48267276088166,0.2,0.2,TQQQ
2022-01-20,9309359.50402884,236.89251059162552,0.2,0.2,SOXL
2022-01-21,9217055.356854541,234.5436743314429,0.2,0.2,SOXL
2022-01-24,9243728.808804719,236.4110150178063,0.2,0.2,TQQQ
2022-01-25,9029770.65379851,230.93897384885992,0.2,0.2,SOXL
2022-01-26,9026378.802601056,233.15699291840824,0.2,0.2,TQQQ
2022-01-27,8779503.359642815,226.78004628628187,0.2,0.2,SOXL
2022-01-28,8943310.207849473,229.3372444537681,0.2,0.2,TQQQ
2022-01-31,9230632.318506787,236.70517194340778,0.2,0.2,SOXL
2022-02-01,9285709.955345292,238.11755205435165,0.2,0.2,SOXL
2022-02-02,9424459.695986593,241.67557279251443,0.2,0.2,SOXL
2022-02-03,9168123.571809473,235.10223260789883,0.2,0.2,SOXL
2022-02-04,9203823.548442427,236.01770283958996,0.2,0.2,SOXL
2022-02-07,9201706.057579571,235.9634030883393,0.2,0.2,SOXL
2022-02-08,9336944.206733666,239.43137453864256,0.2,0.2,SOXL
2022-02-09,9514065.48387151,243.97337349527865,0.2,0.2,SOXL
2022-02-10,9342506.292886663,239.57400556475,0.2,0.2,SOXL
2022-02-11,9065572.421611309,232.47246827507163,0.2,0.2,SOXL
2022-02-14,9067864.699731583,232.53125017298277,0.2,0.2,SOXL
2022-02-15,9361957.696514163,240.07280647906623,0.2,0.2,SOXL
2022-02-16,9365620.370178957,240.16673003377863,0.2,0.2,SOXL
2022-02-17,9153116.034664739,234.71738771995223,0.2,0.2,SOXL
2022-02-18,9097575.051467843,233.29312581417045,0.2,0.2,SOXL
2022-02-22,9050744.46507932,232.09222845190837,0.2,0.2,SOXL
2022-02-23,8924160.31452661,228.84617530105157,0.2,0.2,SOXL
2022-02-24,9124463.026538296,233.9826260068605,0.2,0.2,SOXL
2022-02-25,9208534.401879465,236.13850533007346,0.2,0.2,SOXL
2022-02-28,9174591.970291747,235.26810460042464,0.2,0.2,SOXL
2022-03-01,8976379.766670242,230.1852617224299,0.2,0.2,SOXL
2022-03-02,9062125.29796815,234.6404614535181,0.2,0.2,TQQQ
2022-03-03,8986420.22375693,232.68027298081225,0.2,0.2,TQQQ
2022-03-04,8909506.17696854,230.6887812680755,0.2,0.2,TQQQ
2022-03-07,8710529.165539194,225.53678256520038,0.2,0.2,TQQQ
2022-03-08,8803582.792113338,224.91380686752674,0.2,0.2,SOXL
2022-03-09,8992066.851518767,229.72919491302767,0.2,0.2,TQQQ
2022-03-10,8934227.808592532,228.25152387416745,0.2,0.2,TQQQ
2022-03-11,8823391.096045515,225.41986913219537,0.2,0.2,TQQQ
2022-03-14,8720027.920325946,222.77914820186783,0.2,0.2,TQQQ
2022-03-15,8881477.296260491,226.90385454192239,0.2,0.2,TQQQ
2022-03-16,9080928.199481377,231.9994233558788,0.2,0.2,TQQQ
2022-03-17,9141667.870815827,233.55119960769662,0.2,0.2,TQQQ
2022-03-18,9255253.764615165,236.45309039286036,0.2,0.2,TQQQ
2022-03-21,9242024.77903129,236.11511645896036,0.2,0.2,TQQQ
2022-03-22,9351268.992591418,238.90608605966307,0.2,0.2,TQQQ
2022-03-23,9272324.536627498,236.88921423131634,0.2,0.2,TQQQ
2022-03-24,9392492.155088244,239.95925482370146,0.2,0.2,TQQQ
2022-03-25,9389527.18726298,239.88350586824015,0.2,0.2,TQQQ
2022-03-28,9474961.40977349,242.06617815921015,0.2,0.2,TQQQ
2022-03-29,9839107.47376781,244.54703107081218,0.75,0.2,TQQQ
2022-03-30,9779981.734167153,239.03623240928871,0.2,0.75,TQQQ
2022-03-31,9699086.204037767,237.0590341622485,0.2,0.2,TQQQ
2022-04-01,9690750.835752612,236.85530627350752,0.2,0.2,TQQQ
2022-04-04,10599102.450071862,239.81548832008144,1.5,0.2,TQQQ
2022-04-05,10458928.84196777,216.02870842379727,0.2,1.5,TQQQ
2022-04-06,10321369.162232753,213.1874193784885,0.2,0.2,TQQQ
2022-04-07,10334823.234377371,213.46531263814813,0.2,0.2,TQQQ
2022-04-08,10250308.85438295,211.71967189144263,0.2,0.2,TQQQ
2022-04-11,10104779.969634153,208.71377927225893,0.2,0.2,TQQQ
2022-04-12,10078762.750494309,208.17639477213626,0.2,0.2,TQQQ
2022-04-13,10199606.000971965,210.67240671722854,0.2,0.2,TQQQ
2022-04-14,10062369.574913535,207.83779446218207,0.2,0.2,TQQQ
2022-04-18,10067936.578919973,207.95278068146632,0.2,0.2,TQQQ
2022-04-19,10197390.197298478,210.62663939124926,0.2,0.2,TQQQ
2022-04-20,10105500.12855336,208.72865412259273,0.2,0.2,TQQQ
2022-04-21,9986934.319221398,206.2796826227171,0.2,0.2,TQQQ
2022-04-22,9828348.295879243,203.00409538865898,0.2,0.2,TQQQ
2022-04-25,9901273.59891474,204.51036426802625,0.2,0.2,TQQQ
2022-04-26,9678638.617702337,199.91184866781654,0.2,0.2,TQQQ
2022-04-27,9670026.948364774,199.7339750220086,0.2,0.2,TQQQ
2022-04-28,9874408.37267164,203.95546421903438,0.2,0.2,TQQQ
2022-04-29,9614753.320124239,198.59230069769475,0.2,0.2,TQQQ
2022-05-02,9810161.124887144,200.4624243767167,0.2,0.2,SOXL
2022-05-03,9814778.221307548,200.5567708742138,0.2,0.2,TQQQ
2022-05-04,10009332.800266584,204.53233071214342,0.2,0.2,TQQQ
2022-05-05,9711000.662752511,198.43616340212412,0.2,0.2,TQQQ
2022-05-06,9643299.808129167,197.05275315254707,0.2,0.2,TQQQ
2022-05-09,9415382.611886857,192.39545617910895,0.2,0.2,TQQQ
2022-05-10,9546204.854463588,193.71927095324395,0.2,0.2,SOXL
2022-05-11,9376266.075783234,190.27073650269213,0.2,0.2,TQQQ
2022-05-12,9361269.449024698,189.9664128843839,0.2,0.2,TQQQ
2022-05-13,9564704.07052612,194.09467193232146,0.2,0.2,TQQQ
2022-05-16,9505434.770558435,192.89193160203408,0.2,0.2,TQQQ
2022-05-17,9648713.99367653,195.7994688975706,0.2,0.2,TQQQ
2022-05-18,9367098.267028863,190.08469594990586,0.2,0.2,TQQQ
2022-05-19,9336548.426879913,189.3149001744648,0.2,0.2,SOXL
2022-05-20,9320299.046331923,188.98541547458547,0.2,0.2,TQQQ
2022-05-23,9412343.164623933,190.851771462836,0.2,0.2,TQQQ
2022-05-24,9294893.811586188,188.4702797670524,0.2,0.2,TQQQ
2022-05-25,9369529.576375451,189.98365084536704,0.2,0.2,TQQQ
2022-05-26,9526246.419234501,193.1613597914377,0.2,0.2,TQQQ
2022-05-27,9712875.625887832,196.9455943941839,0.2,0.2,TQQQ
2022-05-31,9698870.302368734,196.66161188772622,0.2,0.2,TQQQ
2022-06-01,9653677.520087948,195.74524893699578,0.2,0.2,TQQQ
2022-06-02,9810385.650692377,198.92278122681853,0.2,0.2,TQQQ
2022-06-03,9655218.29874223,195.77649092748194,0.2,0.2,TQQQ
2022-06-06,9679251.194197452,196.26380004815334,0.2,0.2,TQQQ
2022-06-07,9726249.93940799,197.21678206581652,0.2,0.2,TQQQ
2022-06-08,9686562.60067946,196.41205164231755,0.2,0.2,TQQQ
2022-06-09,9528729.336835029,193.21170530202613,0.2,0.2,TQQQ
2022-06-10,9325382.057826152,189.08848245069035,0.2,0.2,TQQQ
2022-06-13,9067097.660068804,183.85131313046497,0.2,0.2,TQQQ
2022-06-14,9091587.704184968,184.09028991095417,0.2,0.2,SOXL
2022-06-15,9222306.403194163,186.73713708224733,0.2,0.2,TQQQ
2022-06-16,8997119.100365825,182.17744990650215,0.2,0.2,TQQQ
2022-06-17,9063794.953177568,183.5275306045659,0.2,0.2,TQQQ
2022-06-21,9200531.486046014,186.29622940572077,0.2,0.2,TQQQ
2022-06-22,9193738.888102604,186.15869002697448,0.2,0.2,TQQQ
2022-06-23,9272466.475306755,187.75279930952925,0.2,0.2,TQQQ
2022-06-24,9466481.743048413,191.68130201420786,0.2,0.2,TQQQ
2022-06-27,9421822.19420408,190.7770166944654,0.2,0.2,TQQQ
2022-06-28,9250077.153812543,187.29945091550982,0.2,0.2,TQQQ
2022-06-29,9253802.795185179,187.37488926827157,0.2,0.2,TQQQ
2022-06-30,9188341.688504182,186.04940526053886,0.2,0.2,TQQQ
2022-07-01,9218203.578807475,186.65406136925043,0.2,0.2,TQQQ
2022-07-05,9313447.027885355,188.582590766244,0.2,0.2,TQQQ
2022-07-06,9349030.614603817,189.30310218935418,0.2,0.2,TQQQ
2022-07-07,9464910.174719272,191.6494802379967,0.2,0.2,TQQQ
2022-07-08,9473774.98392333,191.82897862150008,0.2,0.2,TQQQ
2022-07-11,9352847.570698714,189.3803895210007,0.2,0.2,TQQQ
2022-07-12,9298399.972878959,188.277911670737,0.2,0.2,TQQQ
2022-07-13,9286662.059874032,188.0402374736293,0.2,0.2,TQQQ
2022-07-14,9305832.872859411,188.42841615431044,0.2,0.2,TQQQ
2022-07-15,9403827.347145887,190.41264946625057,0.2,0.2,TQQQ
2022-07-18,9360300.699747909,189.5313036112623,0.2,0.2,TQQQ
2022-07-19,9524115.129474957,192.84828705147797,0.2,0.2,TQQQ
2022-07-20,9619824.704217317,194.78625475688378,0.2,0.2,TQQQ
2022-07-21,9701572.348256778,196.4415154198629,0.2,0.2,TQQQ
2022-07-22,9600073.37263537,194.38632149161108,0.2,0.2,TQQQ
2022-07-25,9571464.776500557,193.80704261010408,0.2,0.2,TQQQ
2022-07-26,9455646.47214101,191.46190489375894,0.2,0.2,TQQQ
2022-07-27,9691605.057023725,196.23969351675626,0.2,0.2,TQQQ
2022-07-28,9747093.609169412,197.36324904782558,0.2,0.2,TQQQ
2022-07-29,10551647.789574858,199.53537588476564,1.5,0.2,TQQQ
2022-08-01,10539786.265166864,199.31107028070124,0.75,0.75,TQQQ
2022-08-02,10466219.016339632,197.9198876957354,0.75,0.75,TQQQ
2022-08-03,11094194.83639166,209.79513161966798,0.75,0.75,TQQQ
2022-08-04,11213258.978524365,212.04667648058714,0.75,0.75,TQQQ
2022-08-05,11013190.186954184,208.26330516978496,0.75,0.75,TQQQ
2022-08-08,10928926.925593527,206.66985722078437,0.75,0.75,TQQQ
2022-08-09,10647333.784384284,201.344831746254,0.75,0.75,TQQQ
2022-08-10,11958919.551676527,226.1473805330261,1.5,1.5,TQQQ
2022-08-11,11688616.654932095,221.03585755763552,1.5,1.5,TQQQ
2022-08-12,12678647.696728531,239.7576932369515,1.5,1.5,TQQQ
2022-08-15,12906484.83098317,248.37465413834238,0.75,1.5,TQQQ
2022-08-16,12844258.251072643,245.97965573778848,0.75,1.5,TQQQ
2022-08-17,12510188.827110905,233.18416684425628,0.75,1.5,TQQQ
2022-08-18,12573073.823721237,235.5284616817261,0.75,1.5,TQQQ
2022-08-19,12020596.087055497,214.82958831874907,0.75,1.5,TQQQ
2022-08-22,10602609.021997537,189.48761898365495,1.5,1.5,TQQQ
2022-08-23,10530986.432199907,188.20759498408665,2.0,2.0,TQQQ
2022-08-24,10693205.607771857,191.10674228536374,2.0,2.0,TQQQ
2022-08-25,11817772.813665206,198.64350381935475,2.0,0.75,TQQQ
2022-08-26,8941418.894363556,162.382291802278,2.0,1.5,TQQQ
2022-08-29,8886421.990258891,152.39447729984454,0.2,2.0,TQQQ
2022-08-30,8826997.315587236,151.37539535153877,0.2,0.2,TQQQ
2022-08-31,8794593.056457702,150.81969023898085,0.2,0.2,TQQQ
2022-09-01,8796490.502797723,150.85222980816957,0.2,0.2,TQQQ
2022-09-02,8723186.625597535,149.5951314999618,0.2,0.2,TQQQ
2022-09-06,8683297.893263152,148.9110741233354,0.2,0.2,TQQQ
2022-09-07,8785885.442348612,150.67036216271595,0.2,0.2,TQQQ
2022-09-08,8814524.792322706,151.16150232849847,0.2,0.2,TQQQ
2022-09-09,9932830.219892938,153.07929974215898,2.0,0.2,TQQQ
2022-09-12,10477072.780528458,164.26272121453542,1.5,2.0,TQQQ
2022-09-13,10132240.58827624,143.9887827843064,0.2,0.75,TQQQ
2022-09-14,10177725.82211521,144.63517125071445,0.2,0.2,TQQQ
2022-09-15,10075255.055518974,143.17896412410525,0.2,0.2,TQQQ
2022-09-16,10035901.84005706,142.61971747538612,0.2,0.2,TQQQ
2022-09-19,10084041.37165517,143.3038260393536,0.2,0.2,TQQQ
2022-09-20,10036003.157954711,142.6211572991477,0.2,0.2,TQQQ
2022-09-21,9925807.043676773,141.0551656288749,0.2,0.2,TQQQ
2022-09-22,9852345.80059863,140.01121144317554,0.2,0.2,TQQQ
2022-09-23,9758136.777058348,138.67241154904755,0.2,0.2,TQQQ
2022-09-26,9731577.826935036,138.2949835885716,0.2,0.2,TQQQ
2022-09-27,9733429.835051954,138.32130238668324,0.2,0.2,TQQQ
2022-09-28,9847232.844280511,139.9385514673033,0.2,0.2,TQQQ
2022-09-29,9680974.90035313,137.57586783718654,0.2,0.2,TQQQ
2022-09-30,9591355.375640461,136.13196479876652,0.2,0.2,SOXL
2022-10-03,9724403.17761358,138.02033802501126,0.2,0.2,TQQQ
2022-10-04,9905147.494907888,140.58567713255553,0.2,0.2,TQQQ
2022-10-05,9905147.494907888,140.58567713255553,0.2,0.2,TQQQ
2022-10-06,9855139.17676911,139.87589938604395,0.2,0.2,TQQQ
2022-10-07,9630364.877313517,136.68563421258688,0.2,0.2,TQQQ
2022-10-10,9570113.013940841,135.83046784428188,0.2,0.2,TQQQ
2022-10-11,9494119.918293795,134.7518831170548,0.2,0.2,TQQQ
2022-10-12,9489932.981345613,134.69245710989296,0.2,0.2,TQQQ
2022-10-13,9616814.774851164,136.49331498353303,0.2,0.2,TQQQ
2022-10-14,9443502.746825108,134.03346379729018,0.2,0.2,TQQQ
2022-10-17,9629470.779034885,136.67294410252146,0.2,0.2,TQQQ
2022-10-18,9677368.446919784,137.35276498112327,0.2,0.2,TQQQ
2022-10-19,9653884.835879207,137.0194575405875,0.2,0.2,TQQQ
2022-10-20,9621276.18908128,136.55663669992666,0.2,0.2,TQQQ
2022-10-21,9757507.443220478,138.49019327943466,0.2,0.2,TQQQ
2022-10-24,9823917.712069808,139.43276708962154,0.2,0.2,TQQQ
2022-10-25,9942155.301296892,141.11093609745873,0.2,0.2,TQQQ
2022-10-26,9810768.847160833,139.24614270288697,0.2,0.2,TQQQ
2022-10-27,9702691.760708055,137.71218367912797,0.2,0.2,TQQQ
2022-10-28,9878217.90054592,140.20346018321393,0.2,0.2,TQQQ
2022-10-31,9809935.282884253,139.23431176363877,0.2,0.2,TQQQ
2022-11-01,9749062.308233704,138.37032984265076,0.2,0.2,TQQQ
2022-11-02,9547357.683260666,135.5074970279773,0.2,0.2,TQQQ
2022-11-03,9437195.827576658,133.94394847067647,0.2,0.2,TQQQ
2022-11-04,9700336.938054547,135.1935739781423,0.2,0.2,SOXL
2022-11-07,9761943.587430159,136.05218571122893,0.2,0.2,TQQQ
2022-11-08,9804111.368769187,136.63987798443108,0.2,0.2,TQQQ
2022-11-09,9667309.95436364,134.73327698109932,0.2,0.2,TQQQ
2022-11-10,10090254.922544243,140.6278600465691,0.2,0.2,TQQQ
2022-11-11,10205034.418619785,142.22754162391593,0.2,0.2,TQQQ
2022-11-14,10151015.819265554,141.47468452682455,0.2,0.2,TQQQ
2022-11-15,10232885.935784375,142.6157081556807,0.2,0.2,TQQQ
2022-11-16,10149988.729186527,141.46036997471487,0.2,0.2,TQQQ
2022-11-17,10134324.046350759,141.24205132544262,0.2,0.2,TQQQ
2022-11-18,10132469.502985464,141.21620455875268,0.2,0.2,TQQQ
2022-11-21,10071229.55110848,140.3627034878755,0.2,0.2,TQQQ
2022-11-22,10155869.76121873,141.54233390485365,0.2,0.2,TQQQ
2022-11-23,10216611.454797024,142.38889075094826,0.2,0.2,TQQQ
2022-11-25,10174360.340732977,141.80003706974588,0.2,0.2,TQQQ
2022-11-28,10084775.385333817,140.5514917488538,0.2,0.2,TQQQ
2022-11-29,10036436.705346774,139.87779567514355,0.2,0.2,TQQQ
2022-11-30,10306071.733586943,143.6356984542192,0.2,0.2,TQQQ
2022-12-01,10391376.161290457,143.79421680302906,1.5,0.2,TQQQ
2022-12-02,10207146.884227432,142.5195490306242,1.5,0.75,TQQQ
2022-12-05,10104246.809100052,137.13167994657354,0.2,0.75,TQQQ
2022-12-06,9976068.662298832,135.39208619600726,0.2,0.2,TQQQ
2022-12-07,9952111.08175234,135.06694139997583,0.2,0.2,TQQQ
2022-12-08,10022748.180272663,136.0256060258161,0.2,0.2,TQQQ
2022-12-09,9984162.895626824,135.50193860115112,0.2,0.2,TQQQ
2022-12-12,10056809.629792666,136.48787737392755,0.2,0.2,TQQQ
2022-12-13,10530618.320988113,137.34526183842686,1.5,0.2,TQQQ
2022-12-14,10480629.75496095,132.45545445913626,0.2,1.5,TQQQ
2022-12-15,10272940.277780652,129.83064996460908,0.2,0.2,TQQQ
2022-12-16,10212265.353162736,129.06383299822062,0.2,0.2,TQQQ
2022-12-19,10127609.546658382,127.99394277355819,0.2,0.2,TQQQ
2022-12-20,10118739.827477565,127.88184619992778,0.2,0.2,TQQQ
2022-12-21,10206631.799051872,128.9926354664481,0.2,0.2,TQQQ
2022-12-22,10061548.91341313,127.15906057631078,0.2,0.2,TQQQ
2022-12-23,10067285.239707686,127.23155695525325,0.2,0.2,TQQQ
2022-12-27,9981436.23981353,126.14658700958178,0.2,0.2,TQQQ
2022-12-28,9900825.711528523,125.12782149569387,0.2,0.2,TQQQ
2022-12-29,10040516.115366288,126.89324555479234,0.2,0.2,TQQQ
2022-12-30,10040516.115366288,126.89324555479234,0.2,0.2,TQQQ
2023-01-03,9995246.067341855,126.32111726435016,0.2,0.2,TQQQ
2023-01-04,10146882.982045768,126.70956770960274,0.2,0.2,SOXL
2023-01-05,10046120.023831692,125.45128662968511,0.2,0.2,SOXL
2023-01-06,11069626.825741641,128.85957413754534,0.75,0.2,SOXL
2023-01-09,11573717.921101917,134.72760969982832,0.75,0.75,SOXL
2023-01-10,11904968.47377002,138.58363897900674,0.75,0.75,SOXL
2023-01-11,12225716.778165812,142.31741343775073,0.75,0.75,SOXL
2023-01-12,12536289.433751259,145.9327349628127,0.75,0.75,SOXL
2023-01-13,12631632.310672821,147.04260458268018,0.75,0.75,SOXL
2023-01-17,12712104.64073632,147.97936878847295,0.75,0.75,SOXL
2023-01-18,12536898.419442818,145.9398240578748,0.75,0.75,SOXL
2023-01-19,11766788.601757908,136.97511145209359,0.75,0.75,SOXL
2023-01-20,13296373.295471914,154.78073718294013,1.5,1.5,SOXL
2023-01-23,16337176.45461364,190.17819061939355,1.5,1.5,SOXL
2023-01-24,16087795.63989069,187.27519252477435,0.75,0.75,SOXL
2023-01-25,16162999.684923578,188.15062955340332,0.75,0.75,SOXL
2023-01-26,16755345.668117283,195.04602470429742,0.75,0.75,SOXL
2023-01-27,16540956.712745043,192.55036067479125,0.75,0.75,SOXL
2023-01-30,15563736.696482457,181.17471476399558,0.75,0.75,SOXL
2023-01-31,16781769.454010855,195.3536193369755,1.5,1.5,SOXL
2023-02-01,20734495.779418964,241.36660956623086,1.5,1.5,SOXL
2023-02-02,21771224.898702342,253.4349904529459,0.75,0.75,SOXL
2023-02-03,20869150.255225442,242.9340985774943,0.75,0.75,SOXL
2023-02-06,19334475.366702598,225.06921878635563,1.5,1.5,SOXL
2023-02-07,22018486.4578944,256.31331866758643,1.5,1.5,SOXL
2023-02-08,19953077.13562631,232.27025290964468,1.5,1.5,SOXL
2023-02-09,20116424.5351508,234.1717511869176,1.5,1.5,SOXL
2023-02-10,18696875.295870494,217.64702878023598,1.5,1.5,SOXL
2023-02-13,19797388.28982543,230.45790650595072,1.5,1.5,SOXL
2023-02-14,21443149.134239588,249.6159183235033,1.5,1.5,SOXL
2023-02-15,21832915.688435547,254.15312205922046,1.5,1.5,SOXL
2023-02-16,19480336.65556894,226.76716433252005,1.5,1.5,SOXL
2023-02-17,18080332.18071128,210.46995908244796,1.5,1.5,SOXL
2023-02-21,15473266.372103542,180.1215656691731,1.5,1.5,SOXL
2023-02-22,15075667.605900269,178.3859242436388,2.0,0.75,SOXL
2023-02-23,17800841.321290947,202.57055629373997,2.0,1.5,SOXL
2023-02-24,15982985.043333484,181.8836600487031,2.0,2.0,SOXL
2023-02-27,16407410.801303327,186.7135532175451,2.0,2.0,SOXL
2023-02-28,16746869.734732527,190.57653832833233,2.0,2.0,SOXL
2023-03-01,16815463.334229745,191.3571218612984,2.0,2.0,SOXL
2023-03-02,17571470.26111029,199.96035251629795,2.0,2.0,SOXL
2023-03-03,19140142.6826863,217.81157872217568,2.0,2.0,SOXL
2023-03-06,17895055.196667995,203.64269422257436,2.0,2.0,SOXL
2023-03-07,16974938.137668975,189.68165937539115,1.5,2.0,SOXL
2023-03-08,19663125.994812034,219.72005653008574,2.0,2.0,SOXL
2023-03-09,17424437.31040803,194.7044611247422,2.0,2.0,SOXL
2023-03-10,15414381.515728017,186.28166050509037,2.0,0.75,SOXL
2023-03-13,15348549.489891648,185.6849791328261,2.0,1.5,SOXL
2023-03-14,17975975.561664294,217.47127630908074,2.0,2.0,SOXL
2023-03-15,16724033.34737847,202.32542398679666,2.0,2.0,SOXL
2023-03-16,20663124.073795304,249.9800886714777,2.0,2.0,SOXL
2023-03-17,19933237.412678003,246.6688069719883,2.0,0.75,SOXL
2023-03-20,21119602.580118008,257.67953522552165,2.0,1.5,SOXL
2023-03-21,21281960.26523188,259.66045568468877,1.5,1.5,SOXL
2023-03-22,20458508.573777147,249.61355028816024,1.5,1.5,SOXL
2023-03-23,22820561.558020912,278.432876449675,1.5,1.5,SOXL
2023-03-24,21019969.77389208,256.46391882819034,1.5,1.5,SOXL
2023-03-27,19878270.648886148,242.5340875833607,1.5,1.5,SOXL
2023-03-28,19243460.655384738,234.78879297085925,1.5,1.5,SOXL
2023-03-29,21921293.766470183,267.46094145747884,1.5,1.5,SOXL
2023-03-30,23596191.47397378,287.8963100295236,1.5,1.5,SOXL
2023-03-31,24286334.59529563,296.3167222066315,1.5,1.5,SOXL
2023-04-03,23310890.67985227,284.415364980969,1.5,1.5,SOXL
2023-04-04,23136431.524026535,272.1987361047162,0.75,0.75,TQQQ
2023-04-05,22580507.020377893,265.65831749670144,0.75,0.75,TQQQ
2023-04-06,22920601.54449042,269.65950927614375,0.75,0.75,TQQQ
2023-04-10,22882999.10673045,269.2171188400002,0.75,0.75,TQQQ
2023-04-11,22550663.4410525,265.3072095669943,0.75,0.75,TQQQ
2023-04-12,22103263.293199964,260.043573528219,0.75,0.75,TQQQ
2023-04-13,24006528.856817733,271.2394764130349,1.5,0.75,TQQQ
2023-04-14,23798001.4954274,270.0614457893939,1.5,0.75,TQQQ
2023-04-17,23836989.075057972,270.2826627290786,1.5,0.75,TQQQ
2023-04-18,23862993.26111401,270.4300907584156,1.5,0.75,TQQQ
2023-04-19,23784952.35514368,269.9878870278631,1.5,0.75,TQQQ
2023-04-20,22953433.16546521,265.26851434020114,1.5,0.75,TQQQ
2023-04-21,23017623.64084046,265.63943297173734,1.5,0.75,TQQQ
2023-04-24,22812031.11784838,264.4530924075893,1.5,0.75,TQQQ
2023-04-25,20877575.772370163,253.24030965288213,1.5,0.75,TQQQ
2023-04-26,20931351.33583501,259.57136552681425,0.2,1.5,SOXL
2023-04-27,22199729.785834536,275.3006283435681,0.75,0.75,TQQQ
2023-04-28,22536455.130268812,279.4763863278438,0.75,0.75,TQQQ
2023-05-01,22488588.549653284,278.88278902520807,0.75,0.75,TQQQ
2023-05-02,22039534.1971989,273.31403000950195,0.75,0.75,TQQQ
2023-05-03,21714007.225861944,269.2771439475361,0.75,0.75,TQQQ
2023-05-04,21532250.370564774,267.0231626175025,0.75,0.75,TQQQ
2023-05-05,23512921.436382398,291.5856232520214,1.5,1.5,TQQQ
2023-05-08,23800477.272669494,295.1516262249139,1.5,1.5,TQQQ
2023-05-09,23110062.26826372,286.58973441972535,1.5,1.5,TQQQ
2023-05-10,24228695.676129967,300.4619969671818,1.5,1.5,TQQQ
2023-05-11,24531659.360895988,304.21907390397354,1.5,1.5,TQQQ
2023-05-12,24151386.1923606,299.5032758627382,1.5,1.5,TQQQ
2023-05-15,24706205.71800163,306.3836372680252,1.5,1.5,TQQQ
2023-05-16,24845954.83220831,308.1166772339488,1.5,1.5,TQQQ
2023-05-17,26182445.826680172,324.69060917380517,1.5,1.5,TQQQ
2023-05-18,27237770.92780625,350.8649514968487,0.75,1.5,TQQQ
2023-05-19,27097149.32688151,349.0535260568359,0.75,0.75,TQQQ
2023-05-22,27308448.50555726,351.77538888011514,0.75,0.75,TQQQ
2023-05-23,26516528.140029006,341.5742200187976,0.75,0.75,TQQQ
2023-05-24,26193995.06628803,337.41949122053427,0.75,0.75,TQQQ
2023-05-25,29031025.98459296,373.96487219845886,1.5,1.5,TQQQ
2023-05-26,32325135.627147384,416.3981397012797,1.5,1.5,TQQQ
2023-05-30,32664744.8519301,425.1475321899012,0.75,1.5,TQQQ
2023-05-31,32167454.092626903,412.202570271051,0.75,1.5,TQQQ
2023-06-01,33042224.835303884,434.62167421947436,0.75,1.5,TQQQ
2023-06-02,33599657.647957966,449.28608519713544,0.75,1.5,TQQQ
2023-06-05,33654410.3529789,450.0182244573194,0.75,0.75,TQQQ
2023-06-06,33627048.83871107,449.6523532404379,0.75,0.75,TQQQ
2023-06-07,32340714.185893785,432.45181308991,0.75,0.75,TQQQ
2023-06-08,34004903.702821076,454.7049324794112,1.5,1.5,TQQQ
2023-06-09,34625230.0702607,462.99977905468415,1.5,1.5,TQQQ
2023-06-12,37277436.122751854,498.4644045263165,1.5,1.5,TQQQ
2023-06-13,38526789.01163353,515.1704339256813,1.5,1.5,TQQQ
2023-06-14,39143608.20327356,531.6663329488223,0.75,1.5,TQQQ
2023-06-15,40173578.62146197,559.6453885555667,0.75,1.5,TQQQ
2023-06-16,39594153.327239424,551.5735984623917,0.75,0.75,TQQQ
2023-06-20,39448579.73749098,549.5456589311428,0.75,0.75,TQQQ
2023-06-21,38262846.46798038,533.0275846368102,0.75,0.75,TQQQ
2023-06-22,40168603.17020221,559.5760771213091,1.5,1.5,TQQQ
2023-06-23,38382336.870601796,534.6921675566897,1.5,1.5,TQQQ
2023-06-26,36105997.58526769,502.9812065833368,1.5,1.5,TQQQ
2023-06-27,38784262.978706814,540.2912727561676,1.5,1.5,TQQQ
2023-06-28,39139908.33229759,545.245655435732,1.5,1.5,TQQQ
2023-06-29,38738595.444642715,539.6550928159512,1.5,1.5,TQQQ
2023-06-30,41360337.23773805,576.1777466306492,1.5,1.5,TQQQ
2023-07-03,41784036.65328598,582.0801688738696,1.5,1.5,TQQQ
2023-07-05,41738483.97502269,581.4455889534046,1.5,1.5,TQQQ
2023-07-06,40266261.23563432,560.9365206727616,1.5,1.5,TQQQ
2023-07-07,39958860.15708047,552.3719067173715,0.75,1.5,TQQQ
2023-07-10,39981411.90079086,552.6836510870593,0.75,0.75,TQQQ
2023-07-11,40409784.889862664,558.6052715694665,0.75,0.75,TQQQ
2023-07-12,41533116.74633769,574.1336664485563,0.75,0.75,TQQQ
2023-07-13,43084294.47339503,595.5763951796548,0.75,0.75,TQQQ
2023-07-14,43054958.671789736,595.170871283225,0.75,0.75,TQQQ
2023-07-17,43949900.9912338,607.5421199487301,0.75,0.75,TQQQ
2023-07-18,44736797.76680245,618.4197994071016,0.75,0.75,TQQQ
2023-07-19,44736797.76680245,618.4197994071016,0.75,0.75,TQQQ
2023-07-20,42382614.18806743,585.8767071608086,0.75,0.75,TQQQ
2023-07-21,41821714.20362639,578.1230977568991,1.5,1.5,TQQQ
2023-07-24,42071520.25168712,581.5762954340703,1.5,1.5,TQQQ
2023-07-25,43337789.31035012,599.0805848858042,1.5,1.5,TQQQ
2023-07-26,42668689.814119786,589.8312778969788,1.5,1.5,TQQQ
2023-07-27,42121408.40521053,582.2659250775589,1.5,1.5,TQQQ
2023-07-28,45538243.97798377,629.4986032083456,1.5,1.5,TQQQ
2023-07-31,45674203.68594082,631.3780442841356,1.5,1.5,TQQQ
2023-08-01,45144978.09214162,624.0622862975131,1.5,1.5,TQQQ
2023-08-02,40716835.34059881,562.8497881113504,1.5,1.5,TQQQ
2023-08-03,40280783.24334498,556.8220153610428,1.5,1.5,TQQQ
2023-08-04,39440808.42154722,545.2106107292018,1.5,1.5,TQQQ
2023-08-07,40907616.984298535,555.348835886417,1.5,0.75,TQQQ
2023-08-08,39335737.81110836,534.0095026927888,1.5,1.5,TQQQ
2023-08-09,37367992.05620014,507.2960103197631,1.5,1.5,TQQQ
2023-08-10,37622063.76757787,510.7452073042624,1.5,1.5,TQQQ
2023-08-11,36490289.292297184,495.3805959270136,1.5,1.5,TQQQ
2023-08-14,38917379.27502046,528.3299998733327,2.0,2.0,TQQQ
2023-08-15,36527803.335300356,495.889874678675,2.0,2.0,TQQQ
2023-08-16,34101934.586315736,462.9570498143242,2.0,2.0,TQQQ
2023-08-17,33871285.718663886,431.644890956931,0.2,2.0,TQQQ
2023-08-18,33839795.71409348,431.243592355457,0.2,0.2,TQQQ
2023-08-21,37112194.841724664,435.41383371076404,2.0,0.2,TQQQ
2023-08-22,37079128.633102566,431.53438526428164,0.2,2.0,TQQQ
2023-08-23,40573298.7716224,435.600971018373,2.0,0.2,TQQQ
2023-08-24,40038848.79608263,392.5664627295071,0.2,1.5,TQQQ
2023-08-25,40228483.93329651,394.4257668120101,0.2,0.2,TQQQ
2023-08-28,42026283.469084114,396.1884443756316,2.0,0.2,TQQQ
2023-08-29,47386284.470463686,446.7180245168441,2.0,2.0,TQQQ
2023-08-30,48571789.77480458,461.61928672882436,1.5,2.0,TQQQ
2023-08-31,49230041.44685797,469.960525370984,1.5,2.0,TQQQ
2023-09-01,48969045.41748973,468.71476335782336,1.5,0.75,TQQQ
2023-09-05,49160102.15966634,470.54349240356544,1.5,1.5,TQQQ
2023-09-06,47212259.47003773,451.8994159764301,1.5,1.5,TQQQ
2023-09-07,45668246.08525079,437.1206539625549,1.5,1.5,TQQQ
2023-09-08,45871826.98001685,439.06925986452677,1.5,1.5,TQQQ
2023-09-11,48216385.499315426,461.51056298127304,1.5,1.5,TQQQ
2023-09-12,45902277.15811952,439.3607184359961,1.5,1.5,TQQQ
2023-09-13,46581623.28568622,445.8631845695661,1.5,1.5,TQQQ
2023-09-14,48220073.88476632,461.5458669309222,1.5,1.5,TQQQ
2023-09-15,47725212.78610767,426.0210725263221,0.2,1.5,TQQQ
2023-09-18,47746824.78840277,426.21399295264825,0.2,0.2,TQQQ
2023-09-19,47689298.197808914,425.70047947847235,0.2,0.2,TQQQ
2023-09-20,47275744.30183017,422.0088736368827,0.2,0.2,TQQQ
2023-09-21,46737238.10134992,417.20187591601655,0.2,0.2,TQQQ
2023-09-22,46745116.91953844,417.2722065102447,0.2,0.2,TQQQ
2023-09-25,46868440.77513098,418.3730619734373,0.2,0.2,TQQQ
2023-09-26,46450388.45484424,414.64130076246335,0.2,0.2,TQQQ
2023-09-27,46506956.243930474,415.1462554555931,0.2,0.2,TQQQ
2023-09-28,46732119.22727778,417.156182076324,0.2,0.2,TQQQ
2023-09-29,46753156.37663011,417.343971054241,0.2,0.2,TQQQ
2023-10-02,46976290.73353648,419.33578905770923,0.2,0.2,TQQQ
2023-10-03,46479092.17465169,414.897525696497,0.2,0.2,TQQQ
2023-10-04,46855876.353354186,418.2609051462899,0.2,0.2,TQQQ
2023-10-05,46756794.71751528,417.3764488536185,0.2,0.2,TQQQ
2023-10-06,47227516.837645344,421.5783691966127,0.2,0.2,TQQQ
2023-10-09,47366607.46521505,422.8199673975715,0.2,0.2,TQQQ
2023-10-10,47521579.21022833,424.20332904579976,0.2,0.2,TQQQ
2023-10-11,47723905.19734946,426.00940028155503,0.2,0.2,TQQQ
2023-10-12,47612299.566475935,425.0131480327111,0.2,0.2,TQQQ
2023-10-13,47252266.01305067,421.79929372758494,0.2,0.2,TQQQ
2023-10-16,47570565.69200143,424.6406088877525,0.2,0.2,TQQQ
2023-10-17,47479533.31707403,423.82800465327796,0.2,0.2,TQQQ
2023-10-18,47077878.82304379,420.2426193120189,0.2,0.2,TQQQ
2023-10-19,46826317.00799041,417.9970424355779,0.2,0.2,TQQQ
2023-10-20,46403963.624730326,414.22688760928116,0.2,0.2,TQQQ
2023-10-23,46485635.7313769,414.95593702441937,0.2,0.2,TQQQ
2023-10-24,46747868.32693312,417.29676706138343,0.2,0.2,TQQQ
2023-10-25,46063044.22187944,411.18365655448224,0.2,0.2,TQQQ
2023-10-26,45526087.22775381,406.3904878877833,0.2,0.2,TQQQ
2023-10-27,45655909.41902332,407.54935101135334,0.2,0.2,TQQQ
2023-10-30,45950557.579525076,410.1795399204619,0.2,0.2,TQQQ
2023-10-31,46084243.02916344,411.37288857856737,0.2,0.2,TQQQ
2023-11-01,46559425.16169284,415.61462140546524,0.2,0.2,TQQQ
2023-11-02,47053787.5291323,420.02756738722763,0.2,0.2,TQQQ
2023-11-03,47385628.65146,422.9897607979931,0.2,0.2,TQQQ
2023-11-06,47494068.75722816,423.95775585694156,0.2,0.2,TQQQ
2023-11-07,50168038.12662603,426.3446855994215,2.0,0.2,TQQQ
2023-11-08,50347759.568626754,427.87201823084456,2.0,2.0,TQQQ
2023-11-09,50108557.70916475,407.5438480700507,0.2,2.0,TQQQ
2023-11-10,56794961.2776706,412.9820461835833,2.0,0.2,TQQQ
2023-11-13,55764076.83177925,405.4860155804174,2.0,2.0,TQQQ
2023-11-14,62775997.85978547,456.47288886423127,2.0,2.0,TQQQ
2023-11-15,63039163.89607642,459.0243557715886,1.5,2.0,TQQQ
2023-11-16,63192873.38431475,460.51668518405563,1.5,2.0,TQQQ
2023-11-17,63258812.19012398,461.15738866109893,1.5,2.0,TQQQ
2023-11-20,66644522.43502721,494.06653846956283,1.5,2.0,TQQQ
2023-11-21,64833061.43866772,487.3519411452554,1.5,0.75,TQQQ
2023-11-22,65963097.13471073,491.59919615534756,1.5,0.75,TQQQ
2023-11-24,65472809.172411405,489.77222639027747,1.5,0.75,TQQQ
2023-11-27,65183824.44424632,488.6913449106583,1.5,0.75,TQQQ
2023-11-28,65960728.25086173,491.603617774042,1.5,0.75,TQQQ
2023-11-29,65604183.09635072,490.27495682300764,1.5,0.75,TQQQ
2023-11-30,65192665.34161037,487.19959119973765,0.75,0.75,TQQQ
2023-12-01,65605050.80100968,490.2814413769511,0.75,0.75,TQQQ
2023-12-04,64203670.598138325,479.8086089137177,0.75,0.75,TQQQ
2023-12-05,64898303.24233707,484.99975639195424,1.5,1.5,TQQQ
2023-12-06,63166767.46351936,472.05959634224286,1.5,1.5,TQQQ
2023-12-07,67133260.64586557,501.70210055355926,1.5,1.5,TQQQ
2023-12-08,68338023.11643973,510.7055640579403,1.5,1.5,TQQQ
2023-12-11,70944712.96759777,530.1859492088464,1.5,1.5,TQQQ
2023-12-12,73514279.12126173,549.3889005388133,1.5,1.5,TQQQ
2023-12-13,77402356.05789502,578.4453823401766,1.5,1.5,TQQQ
2023-12-14,77307078.8900668,577.7333544306972,0.75,0.75,TQQQ
2023-12-15,77998166.66711225,582.8980103117748,0.75,0.75,TQQQ
2023-12-18,79221840.31954178,592.0428013722661,0.75,0.75,TQQQ
2023-12-19,80108301.76659429,598.6675290522165,0.75,0.75,TQQQ
2023-12-20,77438783.99577634,578.7176165915456,0.75,0.75,TQQQ
2023-12-21,79365172.8460859,593.1139578892148,0.75,0.75,TQQQ
2023-12-22,79602559.0208092,594.8879986754846,0.75,0.75,TQQQ
2023-12-26,80693438.05512626,603.040385401548,0.75,0.75,TQQQ
2023-12-27,81012156.99493667,605.4222444092995,0.75,0.75,TQQQ
2023-12-28,80858899.17327075,604.2769139081987,0.75,0.75,TQQQ
2023-12-29,80021374.88774206,598.0179047483296,0.75,0.75,TQQQ
2024-01-02,76979134.60787931,575.2825523445911,0.75,0.75,TQQQ
2024-01-03,73293524.2542009,547.6718897217779,0.75,1.5,SOXL
2024-01-04,71890474.37318566,537.1878669171917,0.75,0.75,SOXL
2024-01-05,72628214.11425647,542.7004865138944,0.75,0.75,SOXL
2024-01-08,77879963.80739763,581.9431850749959,0.75,0.75,SOXL
2024-01-09,77859418.70214388,581.7896656920306,0.75,0.75,SOXL
2024-01-10,77345737.93443285,577.9512840665227,0.75,0.75,SOXL
2024-01-11,77942924.41805547,582.4136462373956,0.75,0.75,SOXL
2024-01-12,77203482.91620976,576.8883105576701,0.75,0.75,SOXL
2024-01-16,79449526.1523423,593.6714405278328,0.75,0.75,SOXL
2024-01-17,77898098.88069011,582.0786959534994,0.75,0.75,SOXL
2024-01-18,83569888.2370394,624.4600608353721,0.75,0.75,SOXL
2024-01-19,90944889.2428444,679.5683501235316,0.75,0.75,SOXL
2024-01-22,91727536.70685618,685.4165341201788,0.75,0.75,SOXL
2024-01-23,93015270.2257182,695.0388773886949,0.75,0.75,SOXL
2024-01-24,95928466.78768918,716.8071834220099,0.75,0.75,SOXL
2024-01-25,95351675.24837501,712.4972185850602,0.75,0.75,SOXL
2024-01-26,89360066.52415197,667.7260644366002,0.75,0.75,SOXL
2024-01-29,93419529.18892068,698.0596254365878,1.5,1.5,SOXL
2024-01-30,87380846.15187737,652.9367174582777,1.5,1.5,SOXL
2024-01-31,81790877.02018884,611.1667386096649,1.5,1.5,SOXL
2024-02-01,83128572.79448336,621.1624153087388,1.5,1.5,SOXL
2024-02-02,87739721.93327154,655.6183483304658,1.5,1.5,SOXL
2024-02-05,93410839.46091524,697.9946931003913,1.5,1.5,SOXL
2024-02-06,88341125.99673375,660.1122255627893,1.5,1.5,SOXL
2024-02-07,94334122.59534422,704.8937503380706,1.5,1.5,SOXL
2024-02-08,101497205.54736158,758.4185223623924,1.5,1.5,SOXL
2024-02-09,110390159.52215457,824.8694258786675,1.5,1.5,SOXL
2024-02-12,110032198.96648678,822.1946338562714,0.75,0.75,SOXL
2024-02-13,105162969.07743406,785.8102416202217,0.75,0.75,SOXL
2024-02-14,114925631.69714054,858.7598772129509,1.5,1.5,SOXL
2024-02-15,114881565.29500885,858.4305994223919,1.5,1.5,SOXL
2024-02-16,111444842.40959801,832.7503427250185,1.5,1.5,SOXL
2024-02-20,103114828.1741636,770.5058991107767,1.5,1.5,SOXL
2024-02-21,101925667.11150372,761.6201197326188,1.5,1.5,SOXL
2024-02-22,124262441.97098924,928.5274123217479,1.5,1.5,SOXL
2024-02-23,121449889.02964194,886.4948807985572,0.75,1.5,SOXL
2024-02-26,123808147.5409758,920.9219867366588,0.75,1.5,SOXL
2024-02-27,123582824.23218411,917.5699425729767,0.75,1.5,SOXL
2024-02-28,120629285.14294843,873.7114418576122,0.75,1.5,SOXL
2024-02-29,127539704.67204933,973.8150378203491,0.75,1.5,SOXL
2024-03-01,139797995.77071413,1067.4118376604793,0.75,0.75,SOXL
2024-03-04,142921960.3171116,1091.2645167984936,0.75,0.75,SOXL
2024-03-05,136611520.9484338,1043.0818683575744,0.75,0.75,SOXL
2024-03-06,151398453.67353836,1155.985826289511,1.5,1.5,SOXL
2024-03-07,174460917.93622273,1332.0766723985366,1.5,1.5,SOXL
2024-03-08,159394283.02199247,1101.9974874646553,0.75,1.5,SOXL
2024-03-11,148746295.01100913,1028.3809448121285,1.5,1.5,SOXL
2024-03-12,166619996.56232387,1151.9535964016732,2.0,2.0,SOXL
2024-03-13,143095583.4804477,989.3138604035424,2.0,2.0,SOXL
2024-03-14,127258173.3976182,879.8194306891627,2.0,2.0,SOXL
2024-03-15,122639126.55047272,847.8849226031133,2.0,2.0,SOXL
2024-03-18,121491384.36333254,839.9498261711342,2.0,2.0,SOXL
2024-03-19,115288872.54172167,797.0677835169323,2.0,2.0,SOXL
2024-03-20,126311217.80575854,873.2725040166044,2.0,2.0,SOXL
2024-03-21,143249724.56868625,917.1876421733489,2.0,0.75,SOXL
2024-03-22,143992119.693547,920.7526523479697,2.0,1.5,SOXL
2024-03-25,141480024.31476164,899.3346424560356,1.5,2.0,SOXL
2024-03-26,136177263.69133127,865.6270123336882,2.0,2.0,SOXL
2024-03-27,145068246.0800525,922.1436019114102,2.0,2.0,SOXL
2024-03-28,145255420.9634327,923.3334013734669,2.0,2.0,SOXL
2024-04-01,154370978.59231415,981.2775302401604,2.0,2.0,SOXL
2024-04-02,140796394.0285582,894.9890650362361,2.0,2.0,SOXL
2024-04-03,142699017.84335977,907.0833201545848,2.0,2.0,SOXL
2024-04-04,119096075.06359965,757.0484003236369,2.0,2.0,SOXL
2024-04-05,126123216.99622475,801.7172658265517,2.0,2.0,SOXL
2024-04-08,128320704.36934945,815.6858563083712,2.0,2.0,SOXL
2024-04-09,134401336.56836602,835.0119880753651,1.5,0.75,SOXL
2024-04-10,120780571.1119422,771.5444136452663,2.0,1.5,SOXL
2024-04-11,135972759.86136585,868.5918795808145,2.0,2.0,SOXL
2024-04-12,110500110.95123695,705.8729937002201,2.0,2.0,SOXL
2024-04-15,101289565.5926675,647.0361729052244,2.0,2.0,SOXL
2024-04-16,105159827.1075762,671.7593433926904,2.0,2.0,SOXL
2024-04-17,103354422.59085515,556.4303830787802,0.2,2.0,SOXL
2024-04-18,102155222.51625195,549.9742359670009,0.2,0.2,SOXL
2024-04-19,99743994.7499809,536.9928815552246,0.2,0.2,SOXL
2024-04-22,100573303.48380806,541.4576404391357,0.2,0.2,SOXL
2024-04-23,101852812.91055128,548.346149925508,0.2,0.2,SOXL
2024-04-24,102676956.53877336,552.7831013714941,0.2,0.2,SOXL
2024-04-25,103787912.74471283,558.764168961623,0.2,0.2,SOXL
2024-04-26,105114047.88548593,565.9036978361223,0.2,0.2,SOXL
2024-04-29,109392556.26096764,568.2071232674649,2.0,0.2,SOXL
2024-04-30,108083400.16733862,500.2069006477077,0.2,2.0,SOXL
2024-05-01,105926260.2528393,490.22371850110056,0.2,0.2,SOXL
2024-05-02,107208352.88767605,496.1572067353904,0.2,0.2,SOXL
2024-05-03,108690738.2251159,503.017643898344,0.2,0.2,SOXL
2024-05-06,121687861.89101356,509.0326757498477,2.0,0.2,SOXL
2024-05-07,121133931.50775732,485.86120566348893,0.2,2.0,SOXL
2024-05-08,121163947.9178434,485.98159975135997,0.2,0.2,SOXL
2024-05-09,120894088.53821187,484.89920935987016,0.2,0.2,SOXL
2024-05-10,125749825.3003208,487.4960200010699,1.5,0.2,SOXL
2024-05-13,127221006.13147745,489.6347748607026,2.0,0.75,SOXL
2024-05-14,139181650.28066295,524.1594230492443,2.0,1.5,SOXL
2024-05-15,163597220.77304,616.1086945005869,2.0,2.0,SOXL
2024-05-16,159733545.18421796,596.7078423202161,1.5,2.0,SOXL
2024-05-17,153794490.27893686,574.5216407063692,2.0,2.0,SOXL
2024-05-20,173103484.01189792,646.6531893706266,2.0,2.0,SOXL
2024-05-21,171166152.1533085,639.4160050217542,2.0,2.0,SOXL
2024-05-22,181154971.66378838,676.7306901152984,2.0,2.0,SOXL
2024-05-23,176972830.95514342,661.1076964876479,2.0,2.0,SOXL
2024-05-24,196044239.1819556,732.351710009696,2.0,2.0,SOXL
2024-05-28,215862093.88491127,760.1138872630199,2.0,0.75,SOXL
2024-05-29,206694746.35956836,727.8329617981971,0.75,0.75,SOXL
2024-05-30,200734701.13509795,706.8458905514456,1.5,1.5,SOXL
2024-05-31,192243631.3184691,676.9463376972027,1.5,1.5,SOXL
2024-06-03,192243631.3184691,676.9463376972027,1.5,1.5,SOXL
2024-06-04,193316911.01157156,656.0486910509178,0.75,1.5,TQQQ
2024-06-05,202069510.7808303,685.7518949344676,0.75,0.75,TQQQ
2024-06-06,201889785.20268452,685.1419703827358,0.75,0.75,TQQQ
2024-06-07,201327875.44442287,683.2350489475272,0.75,0.75,TQQQ
2024-06-10,202925096.22323847,688.6554469653631,0.75,0.75,TQQQ
2024-06-11,206066370.85440472,699.315813403169,0.75,0.75,TQQQ
2024-06-12,212160836.84982157,719.9982587103374,0.75,0.75,TQQQ
2024-06-13,214703738.8505653,728.6279617214662,0.75,0.75,TQQQ
2024-06-14,217038426.9827513,736.5510610774303,0.75,0.75,TQQQ
2024-06-17,222942128.0425805,756.5861181885228,0.75,0.75,TQQQ
2024-06-18,223029168.64847794,756.8815029806163,0.75,0.75,TQQQ
2024-06-20,219092037.65971157,743.5202837362142,0.75,0.75,TQQQ
2024-06-21,217582140.31856602,738.3962303406967,0.75,0.75,TQQQ
2024-06-24,212054815.27924842,719.6384592896156,0.75,0.75,TQQQ
2024-06-25,222675338.16534263,755.6807284384403,1.5,1.5,TQQQ
2024-06-26,224765175.14477983,762.7728902555071,1.5,1.5,TQQQ
2024-06-27,227210336.40323544,771.0708960255362,1.5,1.5,TQQQ
2024-06-28,221848177.80247593,752.8736409958138,1.5,1.5,TQQQ
2024-07-01,227302680.79275215,771.384279968779,1.5,1.5,TQQQ
2024-07-02,237754450.54910576,806.8538611447938,1.5,1.5,TQQQ
2024-07-03,246516876.56092632,836.590411793181,1.5,1.5,TQQQ
2024-07-05,257717959.4876513,874.6028947879607,1.5,1.5,TQQQ
2024-07-08,258996597.4667992,883.281377887639,0.75,1.5,TQQQ
2024-07-09,259422091.55562893,886.1835859377871,0.75,1.5,TQQQ
2024-07-10,265517825.3018779,927.8295317998382,0.75,1.5,TQQQ
2024-07-11,252434198.88822058,882.1099084343413,0.75,0.75,TQQQ
2024-07-12,258590008.21732086,903.6208622890383,1.5,1.5,TQQQ
2024-07-15,261476041.87178472,913.7058622371034,1.5,1.5,TQQQ
2024-07-16,261765748.4194279,914.7182172085767,1.5,1.5,TQQQ
2024-07-17,227233858.03760242,794.0494536379755,1.5,1.5,TQQQ
2024-07-18,222131465.83602,776.2195766341588,1.5,1.5,TQQQ
2024-07-19,213098989.16665903,744.6563526223702,1.5,1.5,TQQQ
2024-07-22,231691993.43457812,809.6280298536154,2.0,2.0,TQQQ
2024-07-23,226693207.49318123,792.1601961430134,2.0,2.0,TQQQ
2024-07-24,221804585.46611443,621.3314436341062,0.2,2.0,TQQQ
2024-07-25,220327026.33203632,617.1924221260421,0.2,0.2,TQQQ
2024-07-26,221587629.41336575,620.7236941722265,0.2,0.2,TQQQ
2024-07-29,221846398.38638785,621.4485723312495,0.2,0.2,TQQQ
2024-07-30,220036654.09530354,616.3790151323981,0.2,0.2,TQQQ
2024-07-31,258514141.3773248,627.157544652025,2.0,0.2,TQQQ
2024-08-01,254788626.42312577,536.7762293865845,0.2,2.0,TQQQ
2024-08-02,251072959.79914936,528.9482444875906,0.2,0.2,TQQQ
2024-08-05,246696074.17261454,519.7272357006204,0.2,0.2,TQQQ
2024-08-06,247916730.35354546,522.3248859416252,0.2,0.2,SOXL
2024-08-07,246319884.73938102,518.9605619522947,0.2,0.2,TQQQ
2024-08-08,250830429.96150884,528.4636318553331,0.2,0.2,TQQQ
2024-08-09,251513017.97622648,529.9017466062984,0.2,0.2,TQQQ
2024-08-12,251854921.11143336,530.6220873265287,0.2,0.2,TQQQ
2024-08-13,255519037.53257445,538.3418535118122,0.2,0.2,TQQQ
2024-08-14,255607481.8563604,538.5281929785671,0.2,0.2,TQQQ
2024-08-15,270029814.9843799,546.6310679456171,0.75,0.2,TQQQ
2024-08-16,270562298.637855,547.7089937597704,0.75,0.75,TQQQ
2024-08-19,278426095.51523596,563.6279606539958,0.75,0.75,TQQQ
2024-08-20,277137446.59086406,561.0193022813005,0.75,0.75,TQQQ
2024-08-21,279982740.23840964,566.7791325625111,0.75,0.75,TQQQ
2024-08-22,269897054.72037417,546.3623165675579,0.75,0.75,TQQQ
2024-08-23,276261640.27754545,559.246376056874,0.75,0.75,TQQQ
2024-08-26,274640024.5131614,546.9362693405013,0.2,0.75,TQQQ
2024-08-27,276385114.1943363,547.8630124754621,0.75,0.2,TQQQ
2024-08-28,274511592.040118,533.9363377202711,0.2,0.75,TQQQ
2024-08-29,274223485.58220154,533.3759588092378,0.2,0.2,TQQQ
2024-08-30,276091608.15694386,537.0095340566711,0.2,0.2,TQQQ
2024-09-03,271053463.5440134,527.2101355557143,0.2,0.2,TQQQ
2024-09-04,270592651.1174667,526.3138364319586,0.2,0.2,TQQQ
2024-09-05,270767736.6637534,526.6543850210995,0.2,0.2,TQQQ
2024-09-06,266375729.4125592,518.1117502656216,0.2,0.2,TQQQ
2024-09-09,268357534.09794122,521.9664418942181,0.2,0.2,TQQQ
2024-09-10,269801247.0144107,524.7745228995059,0.2,0.2,TQQQ
2024-09-11,273241545.1970985,531.4660443710712,0.2,0.2,TQQQ
2024-09-12,274858068.6201237,534.6102489196462,0.2,0.2,TQQQ
2024-09-13,275577452.1241329,536.009479424604,0.2,0.2,TQQQ
2024-09-16,274840946.1313117,534.5769449746253,0.2,0.2,TQQQ
2024-09-17,274874032.26606995,534.641298867628,0.2,0.2,TQQQ
2024-09-18,274154708.6559278,533.2421848587052,0.2,0.2,TQQQ
2024-09-19,305238398.3501389,541.303392190518,1.5,0.2,TQQQ
2024-09-20,302319181.1068002,536.1265133807044,1.5,1.5,TQQQ
2024-09-23,305681651.455337,542.0894479775343,1.5,1.5,TQQQ
2024-09-24,312171656.0595489,553.5986864173265,1.5,1.5,TQQQ
2024-09-25,313810738.3603668,556.5054006915065,1.5,1.5,TQQQ
2024-09-26,323793894.03105825,574.2093201804053,1.5,1.5,TQQQ
2024-09-27,319613197.94914585,559.3814021786808,0.75,1.5,TQQQ
2024-09-30,321479382.05946743,565.9137274459331,0.75,1.5,TQQQ
2024-10-01,311268234.62681687,529.9634996702537,0.75,1.5,TQQQ
2024-10-02,313016943.0903898,531.4521701386186,1.5,0.75,TQQQ
2024-10-03,311938911.2789229,530.5370082626733,1.5,0.75,TQQQ
2024-10-04,328428690.72613186,558.5823656660369,1.5,1.5,TQQQ
2024-10-07,312205747.2305524,530.9908354139383,1.5,1.5,TQQQ
2024-10-08,332526104.9555221,565.5511336147392,1.5,1.5,TQQQ
2024-10-09,344545885.9532328,585.9940422097364,1.5,1.5,TQQQ
2024-10-10,342739113.01817614,582.921133146725,1.5,1.5,TQQQ
2024-10-11,344057143.4546575,585.1628025867543,1.5,1.5,TQQQ
2024-10-14,357254461.0153746,607.6084325565745,1.5,1.5,TQQQ
2024-10-15,335875489.03232825,571.2476727234574,1.5,1.5,TQQQ
2024-10-16,335737785.6861444,570.7792686951649,0.75,1.5,TQQQ
2024-10-17,336495377.4542829,573.355193680813,0.75,1.5,TQQQ
2024-10-18,340968856.179924,588.5999336268495,0.75,1.5,TQQQ
2024-10-21,342373539.53858894,591.0247783500304,0.75,0.75,TQQQ
2024-10-22,343126263.97073704,592.3241743000461,0.75,0.75,TQQQ
2024-10-23,331228311.6737021,571.785248807582,0.75,0.75,TQQQ
2024-10-24,343062880.3497693,592.2147578697228,1.5,1.5,TQQQ
2024-10-25,351744359.4506237,607.2012234366816,1.5,1.5,TQQQ
2024-10-28,352238490.301797,608.0542203627413,1.5,1.5,TQQQ
2024-10-29,366858316.0834506,633.2917994810423,1.5,1.5,TQQQ
2024-10-30,354618527.5571992,612.1627767460255,1.5,1.5,TQQQ
2024-10-31,314141894.4552015,542.2896985294558,1.5,1.5,TQQQ
2024-11-01,324183586.5512533,559.6242415356899,1.5,1.5,TQQQ
2024-11-04,319658898.29025054,551.8134659711818,1.5,1.5,TQQQ
2024-11-05,337877654.72875655,583.2637249497018,1.5,1.5,TQQQ
2024-11-06,379012115.3184128,654.2723825852007,1.5,1.5,TQQQ
2024-11-07,392313142.5231236,700.1943698163775,0.75,1.5,TQQQ
2024-11-08,393025983.7235368,701.4666376580623,0.75,0.75,TQQQ
2024-11-11,392491641.4285269,700.5129518750308,0.75,0.75,TQQQ
2024-11-12,390887969.4089251,697.6507430998277,0.75,0.75,TQQQ
2024-11-13,389603269.396348,695.3578305812099,0.75,0.75,TQQQ
2024-11-14,383422659.89475405,684.326775268566,0.75,0.75,TQQQ
2024-11-15,362625626.65960544,647.2085551485842,0.75,0.75,TQQQ
2024-11-18,373611159.88780993,666.8153632874835,1.5,1.5,TQQQ
2024-11-19,384853643.04156923,686.880771640592,1.5,1.5,TQQQ
2024-11-20,384181398.5428294,685.680960158034,1.5,1.5,TQQQ
2024-11-21,389854577.066502,695.806360586098,1.5,1.5,TQQQ
2024-11-22,392029865.32673585,699.6887811003525,1.5,1.5,TQQQ
2024-11-25,394735263.04863334,704.5173327027883,1.5,1.5,TQQQ
2024-11-26,403924432.4071795,720.9180186618725,1.5,1.5,TQQQ
2024-11-27,389276349.1540917,694.774348438515,1.5,1.5,TQQQ
2024-11-29,404192663.73921514,721.3967537541812,1.5,1.5,TQQQ
2024-12-02,423848444.68310285,756.4780846082527,1.5,1.5,TQQQ
2024-12-03,426661910.8041344,766.5209453951524,0.75,1.5,TQQQ
2024-12-04,438352692.53788966,787.5240601331825,0.75,0.75,TQQQ
2024-12-05,435646339.9769522,782.6619529915523,0.75,0.75,TQQQ
2024-12-06,444049579.46459496,797.7588222300318,0.75,0.75,TQQQ
2024-12-09,436268363.5732176,783.7794516549995,0.75,0.75,TQQQ
2024-12-10,432717246.9034932,777.3996806045316,0.75,0.75,TQQQ
2024-12-11,450062181.38723475,808.5607832050351,0.75,0.75,TQQQ
2024-12-12,443370953.55924183,796.5396344905862,0.75,0.75,TQQQ
2024-12-13,450513940.0039415,809.372391725036,0.75,0.75,TQQQ
2024-12-16,465216128.1307029,835.7856591316876,0.75,0.75,TQQQ
2024-12-17,460540985.91887087,827.3865160694061,0.75,0.75,TQQQ
2024-12-18,423200863.0848752,760.3029880320865,0.75,0.75,TQQQ
2024-12-19,414230599.6125785,744.1874298744123,1.5,1.5,TQQQ
2024-12-20,430353476.75659776,773.1530410948544,1.5,1.5,TQQQ
2024-12-23,448333639.2749667,805.4553648386432,1.5,1.5,TQQQ
2024-12-24,475056542.61948127,853.4644901358481,1.5,1.5,TQQQ
2024-12-26,473525663.0838453,850.7141831615739,1.5,1.5,TQQQ
2024-12-27,444631199.18947566,798.803733177287,1.5,1.5,TQQQ
2024-12-30,417846237.89761686,750.6831174581273,1.5,1.5,TQQQ
2024-12-31,401417226.8486185,721.1675203019361,1.5,1.5,TQQQ
2025-01-02,397612596.08478457,714.3322976206401,1.5,1.5,TQQQ
2025-01-03,435740436.0734833,782.8310016622788,2.0,2.0,TQQQ
2025-01-06,458029817.8813693,836.2230905989376,1.5,2.0,TQQQ
2025-01-07,421020892.59050226,802.4395718428623,1.5,0.75,TQQQ
2025-01-08,421490913.97159904,803.3354032907594,1.5,1.5,TQQQ
2025-01-10,417468252.0823981,745.833332594616,0.2,1.5,TQQQ
2025-01-13,416598868.30929714,744.280123713315,0.2,0.2,TQQQ
2025-01-14,416302983.6034102,743.751507045689,0.2,0.2,TQQQ
2025-01-15,472571949.9249219,753.804312370139,2.0,0.2,TQQQ
2025-01-16,453290585.0768167,723.0484116587387,2.0,2.0,TQQQ
2025-01-17,498030340.08317167,794.4132488301617,2.0,2.0,TQQQ
2025-01-21,514563356.993972,820.7852318601102,2.0,2.0,TQQQ
2025-01-22,544516618.1910439,884.4902330096397,1.5,2.0,TQQQ
2025-01-23,549540084.888623,888.5701885898926,1.5,0.75,TQQQ
2025-01-24,534703674.1344054,876.5754381937098,1.5,0.75,TQQQ
2025-01-27,525322473.30950636,761.2312210834399,0.2,1.5,TQQQ
2025-01-28,560270989.0197518,767.9836198837579,1.5,0.2,TQQQ
2025-01-29,555085125.2738358,760.8751697054244,1.5,1.5,TQQQ
2025-01-30,565525959.0038458,775.1867964712623,1.5,1.5,TQQQ
2025-01-31,560936091.6506618,768.8953000101448,1.5,1.5,TQQQ
2025-02-03,540592674.4314895,741.0098454658711,1.5,1.5,TQQQ
2025-02-04,570026605.9784423,781.3559953466437,1.5,1.5,TQQQ
2025-02-05,581168175.5061538,796.628145903732,1.5,1.5,TQQQ
2025-02-06,594233110.6011024,814.5367229038009,1.5,1.5,TQQQ
2025-02-07,560241426.8972297,767.9430980178913,1.5,1.5,TQQQ
2025-02-10,589800955.5086243,808.4614083176168,1.5,1.5,TQQQ
2025-02-11,583499308.1085504,804.1424608115116,1.5,0.75,TQQQ
2025-02-12,585249232.7447796,806.5540981239421,1.5,1.5,TQQQ
2025-02-13,622239387.9667485,857.5316297724634,1.5,1.5,TQQQ
2025-02-14,633171995.3261656,872.5982693775478,1.5,1.5,TQQQ
2025-02-18,639092761.0026429,880.7579004427573,1.5,1.5,TQQQ
2025-02-19,639198833.9835742,880.9040836287977,1.5,1.5,TQQQ
2025-02-20,633365396.2758793,864.8255214503357,0.75,1.5,TQQQ
2025-02-21,603629807.6067553,783.6209083545909,0.75,1.5,TQQQ
2025-02-24,599288817.9394213,741.3554723612828,0.2,1.5,TQQQ
2025-02-25,594714338.4865582,735.6965725552678,0.2,0.2,TQQQ
2025-02-26,595480507.2272216,736.6443682952184,0.2,0.2,TQQQ
2025-02-27,585601572.3758123,724.423545556735,0.2,0.2,TQQQ
2025-02-28,590963860.181649,731.0570105743236,0.2,0.2,TQQQ
2025-03-03,583328338.4715893,721.6114216785563,0.2,0.2,TQQQ
2025-03-04,582046492.4132882,720.0257028037845,0.2,0.2,TQQQ
2025-03-05,586581271.5397881,725.6354909739357,0.2,0.2,TQQQ
2025-03-06,576855151.4552616,713.6037090790237,0.2,0.2,TQQQ
2025-03-07,579248519.1011224,716.5644454527344,0.2,0.2,TQQQ
2025-03-10,566187286.0491582,700.4069328995158,0.2,0.2,TQQQ
2025-03-11,564861968.9461145,698.7674377887381,0.2,0.2,TQQQ
2025-03-12,568722651.1144831,703.5433284225876,0.2,0.2,TQQQ
2025-03-13,562507918.1332718,695.8553386470952,0.2,0.2,TQQQ
2025-03-14,570489504.2871013,705.7290295889854,0.2,0.2,TQQQ
2025-03-17,572701784.5427729,708.4657502232502,0.2,0.2,TQQQ
2025-03-18,566928470.7916809,701.3238219661084,0.2,0.2,TQQQ
2025-03-19,571338226.2513391,706.7789485159968,0.2,0.2,TQQQ
2025-03-20,570163232.0471857,705.3254116617017,0.2,0.2,TQQQ
2025-03-21,571236925.2045132,706.6536331702532,0.2,0.2,TQQQ
2025-03-24,578494513.811542,715.6316966163021,0.2,0.2,TQQQ
2025-03-25,580559012.9101533,718.1856032780397,0.2,0.2,TQQQ
2025-03-26,574102198.5597137,710.1981446280051,0.2,0.2,TQQQ
2025-03-27,572145648.4073734,707.7777771541481,0.2,0.2,TQQQ
2025-03-28,563035397.2417909,696.50786129052,0.2,0.2,TQQQ
2025-03-31,562956842.9683762,696.4106850397206,0.2,0.2,TQQQ
2025-04-01,565550574.150841,699.6192828783487,0.2,0.2,TQQQ
2025-04-02,568078279.82523,702.7462032848904,0.2,0.2,TQQQ
2025-04-03,549821676.8753706,680.1617129716179,0.2,0.2,TQQQ
2025-04-04,529687049.4517071,655.2539960617434,0.2,0.2,TQQQ
2025-04-07,534783698.95083326,655.764295760323,0.2,0.2,SOXL
2025-04-08,528690408.17792284,648.2925599157196,0.2,0.2,TQQQ
2025-04-09,565956964.7074778,693.9896842782606,0.2,0.2,TQQQ
2025-04-10,552036629.7894665,676.92024360128,0.2,0.2,TQQQ
2025-04-11,557875264.0298324,684.0797136418723,0.2,0.2,TQQQ
2025-04-14,560217905.3886062,686.952315338351,0.2,0.2,TQQQ
2025-04-15,560647125.942749,687.478635633763,0.2,0.2,TQQQ
2025-04-16,550512903.0202873,675.0518141527342,0.2,0.2,TQQQ
2025-04-17,550196866.5987221,674.6642828913497,0.2,0.2,TQQQ
2025-04-21,542155911.2549633,664.8042751375888,0.2,0.2,TQQQ
2025-04-22,550444958.8910114,674.9684994702317,0.2,0.2,TQQQ
2025-04-23,557750006.3312608,683.9261197184721,0.2,0.2,TQQQ
2025-04-24,567245116.7326884,695.569246458824,0.2,0.2,TQQQ
2025-04-25,570987592.693791,700.158358127424,0.2,0.2,TQQQ
2025-04-28,570902781.7120901,700.0543609154729,0.2,0.2,TQQQ
2025-04-29,573130375.3449036,702.7858883960747,0.2,0.2,TQQQ
2025-04-30,573151271.9329523,702.8115122817176,0.2,0.2,TQQQ
2025-05-01,577098987.7567637,707.6522938764864,0.2,0.2,TQQQ
2025-05-02,582507070.3051103,714.2838113492288,0.2,0.2,TQQQ
2025-05-05,580487952.4264644,711.8079217206839,0.2,0.2,TQQQ
2025-05-06,577187923.5925543,707.7613490811226,0.2,0.2,TQQQ
2025-05-07,578530688.0060276,709.4078782511417,0.2,0.2,TQQQ
2025-05-08,581977683.4490359,713.6346647885922,0.2,0.2,TQQQ
2025-05-09,581702007.2675481,713.2966241987876,0.2,0.2,TQQQ
2025-05-12,634525694.5351955,730.5695955071208,0.75,0.2,TQQQ
2025-05-13,656337230.2370342,755.6825971590935,0.75,0.75,TQQQ
2025-05-14,665023176.4928241,765.6832768752039,0.75,0.75,TQQQ
2025-05-15,666582730.8331211,767.4788905018464,0.75,0.75,TQQQ
2025-05-16,672745179.1536251,774.5741073159458,0.75,0.75,TQQQ
2025-05-19,674086915.622895,776.1189334405201,0.75,0.75,TQQQ
2025-05-20,668794119.1254565,770.0250018164152,0.75,0.75,TQQQ
2025-05-21,647920824.1066239,745.9922560503358,0.75,0.75,TQQQ
2025-05-22,652927606.5445864,751.756881584017,1.5,1.5,TQQQ
2025-05-23,624674448.026948,719.2272318506841,1.5,1.5,TQQQ
2025-05-27,689948981.8128631,794.3819342616309,1.5,1.5,TQQQ
2025-05-28,676673182.4848962,779.0966661809251,1.5,1.5,TQQQ
2025-05-29,681601110.6228768,784.7705017678195,1.5,1.5,TQQQ
2025-05-30,676225281.9465791,778.5809699405303,1.5,1.5,TQQQ
2025-06-02,699555195.7817107,805.4421764457031,1.5,1.5,TQQQ
2025-06-03,724026386.149914,833.6174068624509,1.5,1.5,TQQQ
2025-06-04,732770592.2852136,843.6851648654996,1.5,1.5,TQQQ
2025-06-05,707177523.4602789,814.2182447703018,1.5,1.5,TQQQ
2025-06-06,722320847.0724347,849.0891787647721,0.75,1.5,TQQQ
2025-06-09,724729912.0643728,851.9210380747811,0.75,0.75,TQQQ
2025-06-10,735230468.9703066,864.2644575897631,0.75,0.75,TQQQ
2025-06-11,729569491.2777355,857.6099702944394,0.75,0.75,TQQQ
2025-06-12,733135022.1630042,861.8012568999742,0.75,0.75,TQQQ
2025-06-13,712358462.7862034,837.3783819264705,0.75,0.75,TQQQ
2025-06-16,734145833.4896436,862.9894670460621,0.75,0.75,TQQQ
2025-06-17,717874570.5908629,843.8625744633731,0.75,0.75,TQQQ
2025-06-18,717142597.8171554,843.0021394311786,0.75,0.75,TQQQ
2025-06-20,709747646.0630234,834.3093631706435,0.75,0.75,TQQQ
2025-06-23,726278955.7475674,853.7419411183043,0.75,0.75,TQQQ
2025-06-24,751071633.2873245,882.8857686804365,0.75,0.75,TQQQ
2025-06-25,755396909.5073851,887.970137003055,0.75,0.75,TQQQ
2025-06-26,770917744.801335,906.2149008734264,0.75,0.75,TQQQ
2025-06-27,776582700.1112328,912.874063863551,0.75,0.75,TQQQ
2025-06-30,787885237.6491185,926.1602127472465,0.75,0.75,TQQQ
2025-07-01,772863234.5133696,908.5018267853419,0.75,0.75,TQQQ
2025-07-02,784400325.7395556,922.0636938618355,0.75,0.75,TQQQ
2025-07-03,800872691.0597718,941.4269826257456,0.75,0.75,TQQQ
2025-07-07,787487023.809626,925.6921118149284,0.75,0.75,TQQQ
2025-07-08,788270473.4421415,926.6130579675589,0.75,0.75,TQQQ
2025-07-09,800517577.6097727,941.0095462623204,0.75,0.75,TQQQ
2025-07-10,797754689.0259777,937.7617668189594,0.75,0.75,TQQQ
2025-07-11,793215534.876459,932.4259846873451,0.75,0.75,TQQQ
2025-07-14,799539879.2721443,939.8602604817131,0.75,0.75,TQQQ
2025-07-15,801099038.6149606,941.6930544974484,0.75,0.75,TQQQ
2025-07-16,802798920.8179246,943.6912684345949,0.75,0.75,TQQQ
2025-07-17,816812800.0412902,960.1646033096756,0.75,0.75,TQQQ
2025-07-18,814701506.7592773,957.6827750664212,0.75,0.75,TQQQ
2025-07-21,823998926.6706684,968.6119053403015,0.75,0.75,TQQQ
2025-07-22,814385450.5518881,957.3112505470012,0.75,0.75,TQQQ
2025-07-23,822416589.1782044,966.7518653768278,0.75,0.75,TQQQ
2025-07-24,826489389.4829506,971.5394479034097,0.75,0.75,TQQQ
2025-07-25,829994570.117466,975.6597927037093,0.75,0.75,TQQQ
2025-07-28,836085178.1710227,982.8193110968618,0.75,0.75,TQQQ
2025-07-29,833221807.5354902,979.4534148593693,0.75,0.75,TQQQ
2025-07-30,835389327.5757908,982.0013377366256,0.75,0.75,TQQQ
2025-07-31,825050577.366186,969.8481222223472,0.75,0.75,TQQQ
2025-08-01,787941493.5610303,926.2263416513746,0.75,0.75,TQQQ
2025-08-04,810519557.9973534,1002.2949404904266,0.75,1.5,SOXL
2025-08-05,798848083.1168342,987.8619017002093,0.75,0.75,SOXL
2025-08-06,785897749.2004782,971.847415641296,0.75,0.75,SOXL
2025-08-07,810712982.8206578,1002.5341311673824,0.75,0.75,SOXL
2025-08-08,827981152.5940298,1023.8880874348225,0.75,0.75,SOXL
2025-08-11,825565831.3021396,1020.9012818893749,0.75,0.75,SOXL
2025-08-12,883348974.2671686,1092.3563766715204,0.75,0.75,SOXL
2025-08-13,913398642.5016701,1129.5160357293157,0.75,0.75,SOXL
2025-08-14,916909297.6498566,1133.857339844824,0.75,0.75,SOXL
2025-08-15,868991291.6040897,1074.601551944122,0.75,0.75,SOXL
2025-08-18,876611262.8597089,1084.0244690851475,1.5,1.5,SOXL
2025-08-19,814996841.1086084,1007.8315844434015,1.5,1.5,SOXL
2025-08-20,794497657.1482615,982.48213030018,1.5,1.5,SOXL
2025-08-21,773711474.9999998,956.7777719120961,1.5,1.5,SOXL
2025-08-22,869853132.9223429,1075.6673117820774,1.5,1.5,SOXL
2025-08-25,862723131.2288461,1066.8502949037463,1.5,1.5,SOXL
2025-08-26,893060660.8512725,1104.365925646411,1.5,1.5,SOXL
2025-08-27,904567566.009363,1118.5954562072206,1.5,1.5,SOXL
2025-08-28,921419825.0374618,1139.435093934695,1.5,1.5,SOXL
2025-08-29,800792394.9126213,990.2662531516021,1.5,1.5,SOXL
2025-09-02,764350739.0329789,945.2022112653013,1.5,1.5,SOXL
2025-09-03,748912380.2963169,935.6566125819917,1.5,0.75,SOXL
2025-09-04,793408127.6985291,977.3498146681143,2.0,1.5,SOXL
2025-09-05,842899523.7436945,1023.0738295827824,2.0,1.5,SOXL
2025-09-08,883052709.5428082,1059.6259384714508,2.0,1.5,SOXL
2025-09-09,889574570.2437761,1065.495406418688,2.0,1.5,SOXL
2025-09-10,982525000.6582236,1148.9945249389825,2.0,1.5,SOXL
2025-09-11,997211326.5202879,1183.3437944144193,0.75,1.5,SOXL
2025-09-12,1000544449.1002183,1187.2990542636494,0.75,0.75,SOXL
2025-09-15,1018472342.6887143,1208.5732426534832,0.75,0.75,SOXL
2025-09-16,1030693954.838369,1223.0760551571273,0.75,0.75,SOXL
2025-09-17,1030440356.4720182,1222.7751218994374,0.75,0.75,SOXL
2025-09-18,1110843150.6599987,1318.1853373930041,0.75,0.75,SOXL
2025-09-19,1095488161.9192164,1299.9642942134085,0.75,0.75,SOXL
2025-09-22,1130572249.0182328,1341.5969307942482,0.75,0.75,SOXL
2025-09-23,1127616101.367494,1338.089009368926,0.75,0.75,SOXL
2025-09-24,1125150506.0605133,1335.1632033452079,0.75,0.75,SOXL
2025-09-25,1116514426.1569772,1324.915173373891,0.75,0.75,SOXL
2025-09-26,1120719958.1163955,1329.9056804149159,0.75,0.75,SOXL
2025-09-29,1120719958.1163955,1329.9056804149159,0.75,0.75,SOXL
2025-09-30,1140979878.9998431,1353.9471759486785,0.75,0.75,SOXL
2025-10-01,1190594830.2294207,1412.82290578276,0.75,0.75,SOXL
2025-10-02,1201494778.0423055,1476.6414460067033,0.75,0.75,TQQQ
2025-10-03,1189269314.6579008,1461.6163071047565,0.75,0.75,TQQQ
2025-10-06,1209204090.581453,1486.116219117306,0.75,0.75,TQQQ
2025-10-07,1194546516.2223544,1468.1020069941067,0.75,0.75,TQQQ
2025-10-08,1224917829.5169518,1505.4284613408583,0.75,0.75,TQQQ
2025-10-09,1221289649.2566633,1500.9694146235229,0.75,0.75,TQQQ
2025-10-10,1125174337.3064737,1382.8433471488327,0.75,0.75,TQQQ
2025-10-13,1232278650.0394118,1514.4749364972392,1.5,1.5,TQQQ
2025-10-14,1194676187.1102498,1468.2613729862906,1.5,1.5,TQQQ
2025-10-15,1231356572.6193037,1513.341699998969,1.5,1.5,TQQQ
2025-10-16,1210774268.287991,1488.0459732214788,1.5,1.5,TQQQ
2025-10-17,1245300010.4343693,1530.4782357158292,1.5,1.5,TQQQ
2025-10-20,1315354847.0909445,1616.5758844038091,1.5,1.5,TQQQ
2025-10-21,1313160371.8618262,1613.878866376955,1.5,1.5,TQQQ
2025-10-22,1255221436.0222852,1542.671703797696,1.5,1.5,TQQQ
2025-10-23,1302382268.227296,1600.632537864371,1.5,1.5,TQQQ
2025-10-24,1363237765.8593705,1675.424165479518,1.5,1.5,TQQQ
2025-10-27,1417521920.1928384,1808.8550111479972,0.75,1.5,TQQQ
2025-10-28,1441810827.6667378,1839.8493198592842,0.75,0.75,TQQQ
2025-10-29,1455612720.5874286,1857.4614800786642,0.75,0.75,TQQQ
2025-10-30,1405647994.3607247,1793.7030689187745,0.75,0.75,TQQQ
2025-10-31,1420579012.228443,1812.7560698684094,0.75,0.75,TQQQ
2025-11-03,1435184025.516712,1831.3930666569843,0.75,0.75,TQQQ
2025-11-04,1307116398.7513695,1747.3459381494847,0.75,0.75,SOXL
2025-11-05,1326179403.4366534,1772.8292568788456,0.75,0.75,TQQQ
2025-11-06,1245045358.3165066,1698.2699453813257,0.75,0.75,SOXL
2025-11-07,1217472639.9852946,1660.6601357936029,0.75,0.75,SOXL
2025-11-10,1277293161.1065009,1756.7428103471002,0.75,0.75,TQQQ
2025-11-11,1210175657.504566,1664.4318237298992,0.75,0.75,SOXL
2025-11-12,1251421727.294017,1721.1601761270288,0.75,0.75,SOXL
2025-11-13,1155009905.0579991,1588.5588433219086,0.75,0.75,SOXL
2025-11-14,1155671985.9991293,1566.6867575732201,0.75,1.5,TQQQ
2025-11-17,1110616828.3033576,1505.6077318829741,0.75,0.75,SOXL
2025-11-18,1095603594.0191305,1429.2851389682078,0.2,0.75,SOXL
2025-11-19,1099368472.790626,1442.68339252469,0.2,0.2,TQQQ
2025-11-20,1067879332.8593591,1287.7233165307584,0.2,0.75,SOXL
2025-11-21,1072615224.0863433,1295.4137129604198,0.2,0.2,TQQQ
2025-11-24,1177324539.0500073,1329.1361213774517,0.75,0.2,SOXL
2025-11-25,1184957717.9380326,1337.7535700455962,0.75,0.75,SOXL
2025-11-26,1259160918.7625477,1421.524995227365,0.75,0.75,SOXL
2025-11-28,1309042192.2170334,1477.8382717536153,0.75,0.75,SOXL
2025-12-01,1310232014.8143437,1479.1815175109766,0.75,0.75,SOXL
2025-12-02,1369463583.6137974,1546.05077488731,0.75,0.75,SOXL
2025-12-03,1434653864.1128018,1619.647097481478,0.75,0.75,SOXL
2025-12-04,1401852051.3262284,1582.6156139990433,0.75,0.75,SOXL
2025-12-05,1433049161.0864673,1617.835474020282,0.75,0.75,SOXL
2025-12-08,1467488607.1404068,1656.7157574359808,0.75,0.75,SOXL
2025-12-09,1462901732.310737,1651.53742230566,0.75,0.75,SOXL
2025-12-10,1505604150.1207707,1699.7461566851077,0.75,0.75,SOXL
2025-12-11,1486044928.8479855,1677.6648472097695,0.75,0.75,SOXL
2025-12-12,1324313007.042596,1495.0782008592291,0.75,0.75,SOXL
2025-12-15,1299071423.757564,1466.581810108753,1.5,1.5,SOXL
2025-12-16,1255537791.326923,1417.4346791018486,2.0,2.0,SOXL
2025-12-17,1227754075.413209,1103.7714606590862,0.2,2.0,SOXL
2025-12-18,1245278832.0347857,1119.526510144369,0.2,0.2,SOXL
2025-12-19,1447983579.9326396,1137.7500062133554,2.0,0.2,SOXL
2025-12-22,1554881492.200162,1221.744812530307,2.0,2.0,SOXL
2025-12-23,1586511250.8321643,1246.597827839888,2.0,2.0,SOXL
2025-12-24,1623541825.701359,1275.694522976079,2.0,2.0,SOXL
2025-12-26,1623541825.701359,1275.694522976079,2.0,2.0,SOXL
2025-12-29,1594897612.4371872,1253.1873935645672,2.0,2.0,SOXL
2025-12-30,1586708301.2612748,1244.6077485369065,1.5,2.0,SOXL
2025-12-31,1497326548.751754,1209.5524010408578,1.5,0.75,SOXL
2026-01-02,1868541199.5522382,1434.4550312745139,2.0,1.5,SOXL
2026-01-05,2025175856.127603,1524.6398387798272,2.0,1.5,SOXL
2026-01-06,2172990559.077701,1747.2024218693286,0.75,1.5,SOXL
2026-01-07,2121089916.9599423,1705.4714869483735,0.75,0.75,SOXL
2026-01-08,2040773279.1498313,1640.8925482539555,0.75,0.75,SOXL
2026-01-09,2305888785.907184,1854.0598137749641,1.5,1.5,SOXL
2026-01-12,2350767114.5419083,1890.1444272825895,1.5,1.5,SOXL
2026-01-13,2442388841.1218877,1963.8132713130644,1.5,1.5,SOXL
2026-01-14,2419846773.767208,1927.563178544365,0.75,1.5,SOXL
2026-01-15,2508329818.3142633,2068.5280201561195,0.75,1.5,SOXL
2026-01-16,2594812718.764549,2211.1666010473787,0.75,1.5,SOXL
2026-01-20,2504795097.737865,2134.4581913496213,0.75,0.75,SOXL
2026-01-21,2684419288.2398224,2287.5247336499096,0.75,0.75,SOXL
2026-01-22,2692031116.4479046,2294.011144089055,0.75,0.75,SOXL
2026-01-23,2624856996.25698,2236.768796713929,0.75,0.75,SOXL
2026-01-26,2596094431.1515255,2212.258810747808,0.75,0.75,SOXL
2026-01-27,2732742179.671813,2328.7030286489144,0.75,0.75,SOXL
2026-01-28,2894599015.496878,2466.629140595057,0.75,0.75,SOXL
2026-01-29,2906369187.6021495,2476.659078886768,0.75,0.75,SOXL
2026-01-30,2637879564.3758264,2247.8659627930165,0.75,0.75,SOXL
2026-02-02,2856243993.474921,2433.9449537695173,1.5,1.5,SOXL
2026-02-03,2593399692.5634575,2209.962492434968,1.5,1.5,SOXL
2026-02-04,2084254182.3044395,1776.094745750734,1.5,1.5,SOXL
2026-02-05,2088956499.148006,1780.1018195086378,2.0,2.0,SOXL
2026-02-06,2755853409.6741304,2348.3972360653866,2.0,2.0,SOXL
2026-02-09,2959362475.584354,2521.8172468033054,2.0,2.0,SOXL
2026-02-10,2895581245.4417243,2467.4661466852795,2.0,2.0,SOXL
2026-02-11,3326215790.056747,2834.4308664987975,2.0,2.0,SOXL
2026-02-12,3144752351.607682,2679.7970112274115,0.75,0.75,SOXL
2026-02-13,3256139223.2230916,2774.7152026367753,1.5,1.5,SOXL
2026-02-17,3237990906.8734136,2759.2501362420194,1.5,1.5,SOXL
2026-02-18,3384417723.039817,2884.0275751159165,1.5,1.5,SOXL
2026-02-19,3303240898.312017,2814.8528395678923,1.5,1.5,SOXL
2026-02-20,3446045209.900583,2936.5433654338754,1.5,1.5,SOXL
2026-02-23,3349765449.6592016,2854.498681182461,1.5,1.5,SOXL
2026-02-24,3553467261.0948195,3028.0829397927487,1.5,1.5,SOXL
2026-02-25,3812471770.728929,3248.7933275144,1.5,1.5,SOXL
2026-02-26,3553036771.884016,2806.638870323542,0.75,1.5,SOXL
2026-02-27,3343411189.297636,2641.050010406064,1.5,1.5,SOXL
2026-03-02,3342612051.4783125,2640.4187500475427,1.5,1.5,SOXL
2026-03-03,2596436193.309005,2345.706606310775,1.5,0.75,SOXL
2026-03-04,2907503137.6857443,2556.4777553312424,2.0,1.5,SOXL
2026-03-05,2720584913.626627,2392.126331018247,2.0,2.0,SOXL
2026-03-06,2651974542.824585,1788.8565203446797,0.2,2.0,SOXL
2026-03-09,3253362004.1060543,1829.4223653026434,2.0,0.2,SOXL
2026-03-10,3408342171.3278747,1916.5704243677294,2.0,2.0,SOXL
2026-03-11,3595648023.7807593,2021.8957817048204,2.0,2.0,SOXL
2026-03-12,3521158025.9230094,1603.0254933682522,0.2,2.0,SOXL
2026-03-13,3527320787.122682,1605.8311224368388,0.2,0.2,SOXL
2026-03-16,3568630461.1596327,1624.6375662591395,0.2,0.2,SOXL
2026-03-17,3736128398.1866384,1632.2629969033803,2.0,0.2,SOXL
2026-03-18,3723481990.535147,1577.012585104621,0.2,2.0,SOXL
2026-03-19,3837901932.774988,1581.8586321476266,2.0,0.2,SOXL
2026-03-20,3785983562.481472,1421.3656264877875,0.2,1.5,SOXL
2026-03-23,3813967554.298873,1431.871610838945,0.2,0.2,SOXL
2026-03-24,3841729042.9399066,1442.2940611859383,0.2,0.2,SOXL
2026-03-25,4132515199.3024364,1453.210998369926,2.0,0.2,SOXL
2026-03-26,4015581833.727581,1042.0114147399024,0.2,2.0,SOXL
2026-03-27,3976877421.4658666,1031.9679288772154,0.2,0.2,SOXL
2026-03-30,3874661149.774393,1005.4436227405381,0.2,0.2,SOXL
2026-03-31,4013736896.0666537,1041.5326681517934,0.2,0.2,SOXL
2026-04-01,4086622512.551817,1060.4459035165908,0.2,0.2,SOXL
2026-04-02,4094285933.733311,1062.4345001080003,0.2,0.2,SOXL
2026-04-06,4126264074.571744,1070.7325722568314,0.2,0.2,SOXL
2026-04-07,4388248766.971422,1077.5308657861697,2.0,0.2,SOXL
2026-04-08,6087676812.756941,1390.5007321425112,2.0,1.5,SOXL
2026-04-09,6693739314.02534,1528.9329087606686,1.5,1.5,SOXL
2026-04-10,7308896908.680461,1669.442517279718,1.5,1.5,SOXL
2026-04-13,7608131955.509813,1737.7915056535733,0.75,0.75,SOXL
2026-04-14,7944576480.247916,1814.6395993291976,0.75,0.75,SOXL
2026-04-15,7989975498.37949,1825.0092969810537,0.75,0.75,SOXL
2026-04-16,8157982743.752446,1863.3842312756594,0.75,0.75,SOXL
2026-04-17,8594868985.657526,1963.174456334747,0.75,0.75,SOXL
2026-04-20,8680654420.12872,1982.7689113474362,0.75,0.75,SOXL
2026-04-21,8826553056.353207,2016.093965670888,0.75,0.75,SOXL
2026-04-22,9336088979.99428,2132.4782772347207,0.75,0.75,SOXL
2026-04-23,9808681907.646841,2240.4243512656544,0.75,0.75,SOXL
2026-04-24,10823081435.262539,2472.125758751486,0.75,0.75,SOXL
2026-04-27,10511217300.832226,2400.8921304574187,0.75,0.75,SOXL
2026-04-28,9627615579.240927,2199.0665607720493,0.75,0.75,SOXL
2026-04-29,10736162732.62364,2452.272451262659,1.5,1.5,SOXL
2026-04-30,11966130285.665602,2733.2122638743353,1.5,1.5,SOXL
2026-05-01,12207845819.352665,2843.633903162991,0.75,1.5,SOXL
2026-05-04,12007737016.932354,2750.409237107385,0.75,1.5,SOXL
2026-05-05,13180503663.785671,3287.6608797655063,0.75,1.5,SOXL
2026-05-06,14667836225.09312,3658.651640190475,0.75,0.75,SOXL
2026-05-07,13755794889.521133,3431.1578587557306,0.75,0.75,SOXL
2026-05-08,17125557029.253698,4271.689862957737,1.5,1.5,SOXL
2026-05-11,18104077003.824657,4759.841442370459,0.75,1.5,SOXL
2026-05-12,16827702918.961885,4088.684524090226,0.75,1.5,SOXL
2026-05-13,18542466661.14559,4505.326534523941,1.5,1.5,SOXL
2026-05-14,18836846972.077503,4576.853125366467,1.5,1.5,SOXL
2026-05-15,15496717155.444492,3765.2903615425967,1.5,1.5,SOXL
2026-05-18,13736843029.479418,3337.6877268970766,1.5,1.5,SOXL
2026-05-19,13762189317.977915,3343.8462012905215,2.0,2.0,SOXL
2026-05-20,17623828951.20582,4282.121988664977,2.0,2.0,SOXL
