Date,Close,EMA200_weekly,ATR14,Equity,InPosition
2010-01-04,6.695000171661377,,,1.0,0
2010-01-05,6.734499931335449,,,1.0,0
2010-01-06,6.612500190734863,,,1.0,0
2010-01-07,6.5,,,1.0,0
2010-01-08,6.676000118255615,6.676000118255615,,1.0,1
2010-01-11,6.515500068664551,6.676000118255615,,0.9759586508765669,0
2010-01-12,6.367499828338623,6.676000118255615,,0.9759586508765669,0
2010-01-13,6.45550012588501,6.676000118255615,,0.9759586508765669,0
2010-01-14,6.367499828338623,6.676000118255615,,0.9759586508765669,0
2010-01-15,6.35699987411499,6.672825986473122,,0.9759586508765669,0
2010-01-19,6.380499839782715,6.672825986473122,,0.9759586508765669,0
2010-01-20,6.289000034332275,6.672825986473122,,0.9759586508765669,0
2010-01-21,6.330999851226807,6.672825986473122,,0.9759586508765669,0
2010-01-22,6.071499824523926,6.666842641578106,0.19585718427385604,0.9759586508765669,0
2010-01-25,6.015500068664551,6.666842641578106,0.19832144464765275,0.9759586508765669,0
2010-01-26,5.973999977111816,6.666842641578106,0.1992142881665911,0.9759586508765669,0
2010-01-27,6.137499809265137,6.666842641578106,0.2043928759438651,0.9759586508765669,0
2010-01-28,6.301499843597412,6.666842641578106,0.20771431922912598,0.9759586508765669,0
2010-01-29,6.270500183105469,6.6628989355236525,0.2186429159981864,0.9759586508765669,0
2010-02-01,5.94350004196167,6.6628989355236525,0.24464290482657297,0.9759586508765669,0
2010-02-02,5.906000137329102,6.6628989355236525,0.24757146835327148,0.9759586508765669,0
2010-02-03,5.954999923706055,6.6628989355236525,0.24432148252214705,0.9759586508765669,0
2010-02-04,5.796999931335449,6.6628989355236525,0.24650004931858607,0.9759586508765669,0
2010-02-05,5.869500160217285,6.655004420346475,0.2499286447252546,0.9759586508765669,0
2010-02-08,5.8414998054504395,6.655004420346475,0.25267863273620605,0.9759586508765669,0
2010-02-09,5.901500225067139,6.655004420346475,0.24603581428527832,0.9759586508765669,0
2010-02-10,5.868000030517578,6.655004420346475,0.24410724639892578,0.9759586508765669,0
2010-02-11,6.004499912261963,6.655004420346475,0.2334286825997489,0.9759586508765669,0
2010-02-12,5.982999801635742,6.648317807224975,0.22782155445643834,0.9759586508765669,0
2010-02-16,5.876500129699707,6.648317807224975,0.2256786823272705,0.9759586508765669,0
2010-02-17,5.815499782562256,6.648317807224975,0.216571535382952,0.9759586508765669,0
2010-02-18,5.9039998054504395,6.648317807224975,0.21385720797947474,0.9759586508765669,0
2010-02-19,5.875999927520752,6.640633052203043,0.19378576959882463,0.9759586508765669,0
2010-02-22,5.9004998207092285,6.640633052203043,0.16235719408307756,0.9759586508765669,0
2010-02-23,5.861999988555908,6.640633052203043,0.15578576496669225,0.9759586508765669,0
2010-02-24,5.986000061035156,6.640633052203043,0.15435716084071568,0.9759586508765669,0
2010-02-25,5.909999847412109,6.640633052203043,0.1517857483455113,0.9759586508765669,0
2010-02-26,5.920000076293945,6.633462574830814,0.14778573172433035,0.9759586508765669,0
2010-03-01,6.2270002365112305,6.633462574830814,0.15739284242902482,0.9759586508765669,0
2010-03-02,6.276500225067139,6.633462574830814,0.15935707092285156,0.9759586508765669,0
2010-03-03,6.29449987411499,6.633462574830814,0.15899995395115443,0.9759586508765669,0
2010-03-04,6.426499843597412,6.633462574830814,0.15671423503330775,0.9759586508765669,0
2010-03-05,6.445499897003174,6.631592299429544,0.15596423830304826,0.9759586508765669,0
2010-03-08,6.505499839782715,6.631592299429544,0.15532139369419642,0.9759586508765669,0
2010-03-09,6.440999984741211,6.631592299429544,0.15839283806937082,0.9759586508765669,0
2010-03-10,6.5254998207092285,6.631592299429544,0.15482142993382045,0.9759586508765669,0
2010-03-11,6.678999900817871,6.631592299429544,0.15899998801095144,0.975958650876567,1
2010-03-12,6.591000080108643,6.631188396749734,0.15982140813555037,0.963099811593422,1
2010-03-15,6.55649995803833,6.631188396749734,0.16207139832632883,0.9580585339933585,1
2010-03-16,6.5894999504089355,6.631188396749734,0.15899998801095144,0.9628806074341755,1
2010-03-17,6.566999912261963,6.631188396749734,0.15042856761387416,0.959592823753882,1
2010-03-18,6.638000011444092,6.631188396749734,0.15035714421953475,0.9699676047149369,1
2010-03-19,6.517499923706055,6.630057168162235,0.13935719217572892,0.9523597135926565,1
2010-03-22,6.523499965667725,6.630057168162235,0.13760719980512345,0.9532364605525415,1
2010-03-23,6.4629998207092285,6.630057168162235,0.13889288902282715,0.9443959693520101,1
2010-03-24,6.4019999504089355,6.630057168162235,0.13503571919032506,0.9354824565497971,1
2010-03-25,6.736499786376953,6.630057168162235,0.15821429661342076,0.9843607337586054,1
2010-03-26,6.752999782562256,6.6312804777582555,0.15853571891784668,0.9867717704790139,1
2010-03-29,6.75600004196167,6.6312804777582555,0.15660715103149414,0.9872101787975068,1
2010-03-30,6.828999996185303,6.6312804777582555,0.15796429770333426,0.9978771855194898,1
2010-03-31,6.78849983215332,6.6312804777582555,0.15460715975080216,0.9919591609595414,1
2010-04-01,6.5904998779296875,6.6312804777582555,0.16285715784345353,0.9630267203146394,1
2010-04-05,6.57450008392334,6.630874700645534,0.16139285905020578,0.9606887748730134,1
2010-04-06,6.7779998779296875,6.630874700645534,0.17221430369785853,0.9904248711990179,1
2010-04-07,6.743500232696533,6.630874700645534,0.17489286831447057,0.9853836632760553,1
2010-04-08,7.047999858856201,6.630874700645534,0.18964287212916783,1.0298782056854388,1
2010-04-09,7.002999782562256,6.634577437779034,0.18325001852852957,1.0233026383248518,1
2010-04-12,7.059999942779541,6.634577437779034,0.18650003841945104,1.0316316996052086,1
2010-04-13,7.007999897003174,6.634577437779034,0.18646434375217982,1.0240332724042727,1
2010-04-14,7.214000225067139,6.634577437779034,0.19753578730991908,1.0541347554470886,1
2010-04-15,7.290999889373779,6.634577437779034,0.17689292771475656,1.0653862136909276,1
2010-04-16,7.108500003814697,6.639293085202275,0.18578577041625977,1.03871869688597,1
2010-04-19,7.121500015258789,6.639293085202275,0.19378573553902761,1.040618303686204,1
2010-04-20,7.210000038146973,6.639293085202275,0.1918928623199463,1.0535502342481315,1
2010-04-21,7.321499824523926,6.639293085202275,0.20317854200090682,1.069842970092034,1
2010-04-22,7.504499912261963,6.639293085202275,0.20274996757507324,1.096583578175774,1
2010-04-23,7.18149995803833,6.6446881784643255,0.2195714201245989,1.049385703607953,1
2010-04-26,7.355500221252441,6.6446881784643255,0.21960711479187012,1.074811226090416,1
2010-04-27,7.10099983215332,6.6446881784643255,0.2331071240561349,1.0376227457668388,1
2010-04-28,6.96750020980835,6.6446881784643255,0.22424994196210588,1.018115317521425,1
2010-04-29,7.08650016784668,6.6446881784643255,0.22724989482334682,1.035504004484459,1
2010-04-30,6.855000019073486,6.646780833594765,0.2329284804207938,1.0016763991199578,1
2010-05-03,6.874499797821045,6.646780833594765,0.23460704939705984,1.0045257744817584,1
2010-05-04,6.491499900817871,6.646780833594765,0.24821417672293528,0.9485604999921885,1
2010-05-05,6.546500205993652,6.646780833594765,0.251678466796875,0.9565973355116174,1
2010-05-06,6.435500144958496,6.646780833594765,0.27314274651663645,0.9403776212693965,1
2010-05-07,6.249000072479248,6.642822816071228,0.283428464617048,0.9131255832654821,0
2010-05-10,6.564499855041504,6.642822816071228,0.30017845971243723,0.9131255832654821,0
2010-05-11,6.5229997634887695,6.642822816071228,0.29707132066999165,0.913125583265482,1
2010-05-12,6.69350004196167,6.642822816071228,0.29435702732631136,0.9369931552220118,1
2010-05-13,6.573500156402588,6.642822816071228,0.2883570194244385,0.9201949075651203,1
2010-05-14,6.426499843597412,6.64067034868343,0.2879284790584019,0.899616990772641,1
2010-05-17,6.445499897003174,6.64067034868343,0.2813213212149484,0.9022767233308608,1
2010-05-18,6.314000129699707,6.64067034868343,0.2873213631766183,0.8838686586256689,1
2010-05-19,6.229499816894531,6.64067034868343,0.2909999574933733,0.872039837498275,0
2010-05-20,5.985499858856201,6.64067034868343,0.29599993569510324,0.872039837498275,0
2010-05-21,6.136000156402588,6.635648754730386,0.31071421078273226,0.872039837498275,0
2010-05-24,6.105999946594238,6.635648754730386,0.2919285297393799,0.872039837498275,0
2010-05-25,6.243000030517578,6.635648754730386,0.3013213702610561,0.872039837498275,0
2010-05-26,6.1605000495910645,6.635648754730386,0.271892854145595,0.872039837498275,0
2010-05-27,6.335000038146973,6.635648754730386,0.26771429606846403,0.872039837498275,0
2010-05-28,6.2729997634887695,6.632040307056341,0.2547143186841692,0.872039837498275,0
2010-06-01,6.1620001792907715,6.632040307056341,0.25092860630580355,0.872039837498275,0
2010-06-02,6.315499782562256,6.632040307056341,0.25210717746189665,0.872039837498275,0
2010-06-03,6.438000202178955,6.632040307056341,0.24607147489275252,0.872039837498275,0
2010-06-04,6.138500213623047,6.627129460355513,0.2527500220707485,0.872039837498275,0
2010-06-07,6.100500106811523,6.627129460355513,0.25557146753583637,0.872039837498275,0
2010-06-08,5.941999912261963,6.627129460355513,0.2572500365121024,0.872039837498275,0
2010-06-09,5.895500183105469,6.627129460355513,0.25717861311776297,0.872039837498275,0
2010-06-10,6.1605000495910645,6.627129460355513,0.25492862292698454,0.872039837498275,0
2010-06-11,6.151500225067139,6.622396831148664,0.23989289147513254,0.872039837498275,0
2010-06-14,6.191500186920166,6.622396831148664,0.2356785706111363,0.872039837498275,0
2010-06-15,6.3420000076293945,6.622396831148664,0.2275714533669608,0.872039837498275,0
2010-06-16,6.34499979019165,6.622396831148664,0.22446428026471818,0.872039837498275,0
2010-06-17,6.29449987411499,6.622396831148664,0.21324998991830008,0.872039837498275,0
2010-06-18,6.291500091552734,6.619104326277063,0.20903570311410086,0.872039837498275,0
2010-06-21,6.127500057220459,6.619104326277063,0.21803573199680873,0.872039837498275,0
2010-06-22,6.115499973297119,6.619104326277063,0.21410717282976424,0.872039837498275,0
2010-06-23,6.072500228881836,6.619104326277063,0.21010715620858328,0.872039837498275,0
2010-06-24,5.916500091552734,6.619104326277063,0.20321430478777205,0.872039837498275,0
2010-06-25,6.050000190734863,6.613441598560226,0.20032143592834473,0.872039837498275,0
2010-06-28,5.889999866485596,6.613441598560226,0.19207143783569336,0.872039837498275,0
2010-06-29,5.430500030517578,6.613441598560226,0.2194999967302595,0.872039837498275,0
2010-06-30,5.4629998207092285,6.613441598560226,0.21585713114057267,0.872039837498275,0
2010-07-01,5.547999858856201,6.613441598560226,0.2221071379525321,0.872039837498275,0
2010-07-02,5.456999778747559,6.601934714780996,0.22232144219534739,0.872039837498275,0
2010-07-06,5.502999782562256,6.601934714780996,0.21914287975856236,0.872039837498275,0
2010-07-07,5.671500205993652,6.601934714780996,0.223428589957101,0.872039837498275,0
2010-07-08,5.810999870300293,6.601934714780996,0.22678572790963308,0.872039837498275,0
2010-07-09,5.86299991607666,6.594582129719262,0.22799999373299734,0.872039837498275,0
2010-07-12,5.975500106811523,6.594582129719262,0.21503571101597377,0.872039837498275,0
2010-07-13,6.182499885559082,6.594582129719262,0.2210714135851179,0.872039837498275,0
2010-07-14,6.164999961853027,6.594582129719262,0.21785712242126465,0.872039837498275,0
2010-07-15,6.103000164031982,6.594582129719262,0.2156785556248256,0.872039837498275,0
2010-07-16,5.924499988555908,6.587914645727587,0.2153928620474679,0.872039837498275,0
2010-07-19,5.997000217437744,6.587914645727587,0.21482144083295548,0.872039837498275,0
2010-07-20,6.005000114440918,6.587914645727587,0.1841428620474679,0.872039837498275,0
2010-07-21,5.871500015258789,6.587914645727587,0.18207144737243652,0.872039837498275,0
2010-07-22,6.003499984741211,6.587914645727587,0.1765357426234654,0.872039837498275,0
2010-07-23,5.94350004196167,6.5815025601179755,0.21775003841945104,0.872039837498275,0
2010-07-26,5.920000076293945,6.5815025601179755,0.21939287866864884,0.872039837498275,0
2010-07-27,5.856500148773193,6.5815025601179755,0.21800003732953752,0.872039837498275,0
2010-07-28,5.856500148773193,6.5815025601179755,0.20996430941990443,0.872039837498275,0
2010-07-29,5.8429999351501465,6.5815025601179755,0.21210718154907227,0.872039837498275,0
2010-07-30,5.894499778747559,6.574666711547126,0.2185000010899135,0.872039837498275,0
2010-08-02,6.003499984741211,6.574666711547126,0.2093571594783238,0.872039837498275,0
2010-08-03,6.120999813079834,6.574666711547126,0.21260714530944824,0.872039837498275,0
2010-08-04,6.379000186920166,6.574666711547126,0.2197857243674142,0.872039837498275,0
2010-08-05,6.391499996185303,6.574666711547126,0.21310714312962123,0.872039837498275,0
2010-08-06,6.415999889373779,6.573087937197142,0.20867855208260672,0.872039837498275,0
2010-08-09,6.441500186920166,6.573087937197142,0.2046785695212228,0.872039837498275,0
2010-08-10,6.5,6.573087937197142,0.19978570938110352,0.872039837498275,0
2010-08-11,6.29449987411499,6.573087937197142,0.20464284079415457,0.872039837498275,0
2010-08-12,6.328000068664551,6.573087937197142,0.16599999155317033,0.872039837498275,0
2010-08-13,6.234499931335449,6.569718902312947,0.16325000354221889,0.872039837498275,0
2010-08-16,6.303500175476074,6.569718902312947,0.16646429470607213,0.872039837498275,0
2010-08-17,6.442999839782715,6.569718902312947,0.17400002479553223,0.872039837498275,0
2010-08-18,6.482500076293945,6.569718902312947,0.17114288466317312,0.872039837498275,0
2010-08-19,6.378499984741211,6.569718902312947,0.16746432440621511,0.872039837498275,0
2010-08-20,6.388000011444092,6.567910754145098,0.16464287894112722,0.872039837498275,0
2010-08-23,6.329999923706055,6.567910754145098,0.1629643440246582,0.872039837498275,0
2010-08-24,6.226500034332275,6.567910754145098,0.15357146944318498,0.872039837498275,0
2010-08-25,6.34250020980835,6.567910754145098,0.15842860085623606,0.872039837498275,0
2010-08-26,6.243000030517578,6.567910754145098,0.1593928677695138,0.872039837498275,0
2010-08-27,6.331999778747559,6.565563381255571,0.16764283180236816,0.872039837498275,0
2010-08-30,6.189499855041504,6.565563381255571,0.16992851666041783,0.872039837498275,0
2010-08-31,6.241499900817871,6.565563381255571,0.1649285384586879,0.872039837498275,0
2010-09-01,6.624499797821045,6.565563381255571,0.18035711560930526,0.8720398374982749,1
2010-09-02,6.760499954223633,6.565563381255571,0.18014281136648996,0.8899427068331132,1
2010-09-03,6.939499855041504,6.569284142188765,0.17999993051801408,0.9135060020531941,1
2010-09-07,6.861000061035156,6.569284142188765,0.17282135146004812,0.9031723995627148,1
2010-09-08,6.956999778747559,6.569284142188765,0.17532134056091309,0.9158096674001052,1
2010-09-09,7.019000053405762,6.569284142188765,0.17185708454677037,0.9239712963665023,1
2010-09-10,7.122000217437744,6.574783804629054,0.17378568649291992,0.9375300931128302,1
2010-09-13,7.253499984741211,6.574783804629054,0.1758571011679513,0.9548405375554573,1
2010-09-14,7.287499904632568,6.574783804629054,0.17389280455453054,0.9593162391966237,1
2010-09-15,7.272500038146973,6.574783804629054,0.1690713678087507,0.9573416778664389,1
2010-09-16,7.406499862670898,6.574783804629054,0.17014282090323313,0.9749812263257923,1
2010-09-17,7.415999889373779,6.583154113929997,0.16332142693655832,0.976231796481283,1
2010-09-20,7.565000057220459,6.583154113929997,0.16810716901506698,0.9958459690409943,1
2010-09-21,7.536499977111816,6.583154113929997,0.16921431677682058,0.992094258574522,1
2010-09-22,7.5914998054504395,6.583154113929997,0.15432146617344447,0.9993343586319817,1
2010-09-23,7.642499923706055,6.583154113929997,0.16071431977408274,1.0060479424788178,1
2010-09-24,8.036499977111816,6.597615266797479,0.1741072109767369,1.0579135554356307,1
2010-09-27,7.968500137329102,6.597615266797479,0.17917868069240026,1.048962152153298,1
2010-09-28,7.985000133514404,6.597615266797479,0.1889643669128418,1.0511341884475531,1
2010-09-29,7.94950008392334,6.597615266797479,0.19539291518075125,1.0464610118423165,1
2010-09-30,7.853000164031982,6.597615266797479,0.20528575352260045,1.0337578980935116,1
2010-10-01,7.685500144958496,6.6084399919533094,0.2122143336704799,1.0117084311342333,1
2010-10-04,7.769499778747559,6.6084399919533094,0.2132857527051653,1.0227660247994068,1
2010-10-05,8.043499946594238,6.6084399919533094,0.22625006948198592,1.0588350215743951,1
2010-10-06,7.769999980926514,6.6084399919533094,0.23767863001142228,1.0228318707108213,1
2010-10-07,7.813499927520752,6.6084399919533094,0.24314291136605398,1.0285581425074783,1
2010-10-08,7.777500152587891,6.620072431362609,0.2392143521990095,1.0238191827610001,1
2010-10-11,7.651500225067139,6.620072431362609,0.24128576687404088,1.007232729493067,1
2010-10-12,7.823999881744385,6.620072431362609,0.24825000762939453,1.029940341715625,1
2010-10-13,7.758500099182129,6.620072431362609,0.24107142857142858,1.0213180424500186,1
2010-10-14,7.776500225067139,6.620072431362609,0.22207137516566686,1.023687553708344,1
2010-10-15,8.232000350952148,6.6361115151396195,0.2436070782797677,1.0836489497201398,1
2010-10-18,8.178000450134277,6.6361115151396195,0.23424996648515975,1.0765404787153359,1
2010-10-19,7.933499813079834,6.6361115151396195,0.24328572409493582,1.0443547586893027,1
2010-10-20,7.933499813079834,6.6361115151396195,0.23603575570242746,1.0443547586893027,1
2010-10-21,8.248499870300293,6.6361115151396195,0.24396436555044992,1.085820923244222,1
2010-10-22,8.456500053405762,6.654224833928338,0.26085727555411203,1.1132017748421896,1
2010-10-25,8.449999809265137,6.654224833928338,0.25317863055637907,1.1123460918446666,1
2010-10-26,8.4975004196167,6.654224833928338,0.24328579221452987,1.1185990053922934,1
2010-10-27,8.375499725341797,6.654224833928338,0.24114298820495605,1.102539005564811,1
2010-10-28,8.342000007629395,6.654224833928338,0.24092875208173478,1.0981291498350592,1
2010-10-29,8.261500358581543,6.67021762521842,0.23878587995256698,1.0875322892392678,1
2010-11-01,8.128999710083008,6.67021762521842,0.23221448489597865,1.070090090203639,1
2010-11-02,8.230500221252441,6.67021762521842,0.23371451241629465,1.0834514747560693,1
2010-11-03,8.423500061035156,6.67021762521842,0.2465716770717076,1.1088577022536792,1
2010-11-04,8.446499824523926,6.67021762521842,0.22792880875723703,1.1118853587752844,1
2010-11-05,8.53849983215332,6.688807497924241,0.22682172911507742,1.1239961104020513,1
2010-11-08,8.599499702453613,6.688807497924241,0.21917881284441268,1.1320260475456194,1
2010-11-09,8.513500213623047,6.688807497924241,0.2219644614628383,1.1207051957751342,1
2010-11-10,8.666500091552734,6.688807497924241,0.20946441377912248,1.140845884545469,1
2010-11-11,8.518500328063965,6.688807497924241,0.19521440778459823,1.1213634038085867,1
2010-11-12,8.284000396728516,6.704680064081498,0.20428589412144252,1.0904941626196316,1
2010-11-15,7.945000171661377,6.704680064081498,0.2172144821711949,1.0458686497202783,1
2010-11-16,7.888999938964844,6.704680064081498,0.21982155527387345,1.0384968578399898,1
2010-11-17,7.917500019073486,6.704680064081498,0.21932145527430943,1.042248568306462,1
2010-11-18,8.208499908447266,6.704680064081498,0.2298929010118757,1.080555384516947,1
2010-11-19,8.241000175476074,6.719966831359057,0.22432146753583634,1.0848336739642161,1
2010-11-22,8.519499778747559,6.719966831359057,0.23296427726745605,1.1214949700910697,1
2010-11-23,8.40999984741211,6.719966831359057,0.2309999806540353,1.1070805531173917,1
2010-11-24,8.862500190734863,6.719966831359057,0.2508571147918701,1.1666470619712197,1
2010-11-26,8.859999656677246,6.741260690317447,0.24785705975123815,1.1663178951843203,1
2010-11-29,8.974499702453613,6.741260690317447,0.24864281926836287,1.1813905201914507,1
2010-11-30,8.770000457763672,6.741260690317447,0.25046426909310476,1.1544705272032114,1
2010-12-01,8.827500343322754,6.741260690317447,0.25032135418483187,1.1620397312773973,1
2010-12-02,8.826499938964844,6.741260690317447,0.24896420751299178,1.1619080394545684,1
2010-12-03,8.784000396728516,6.761586458540443,0.23564273970467703,1.1563134594807403,1
2010-12-06,8.90250015258789,6.761586458540443,0.22389275687081472,1.1719126006984946,1
2010-12-07,8.838500022888184,6.761586458540443,0.22660705021449498,1.1634877136267856,1
2010-12-08,8.814499855041504,6.761586458540443,0.22539278439113072,1.1603283652823515,1
2010-12-09,8.742500305175781,6.761586458540443,0.21703570229666574,1.150850445789395,1
2010-12-10,8.781000137329102,6.781680126986101,0.21860708509172713,1.1559185095525994,1
2010-12-13,8.712499618530273,6.781680126986101,0.2130000250680106,1.1469011975886796,1
2010-12-14,8.696999549865723,6.781680126986101,0.20192861557006836,1.1448607903470802,1
2010-12-15,8.778499603271484,6.781680126986101,0.1866429192679269,1.1555893427657002,1
2010-12-16,8.902000427246094,6.781680126986101,0.19035720825195312,1.171846817557253,1
2010-12-17,8.878999710083008,6.802548978559206,0.17996433803013392,1.1688190354953019,1
2010-12-20,9.16450023651123,6.802548978559206,0.18642868314470565,1.2064019233012657,1
2010-12-21,9.237500190734863,6.802548978559206,0.18332161222185409,1.216011534617051,1
2010-12-22,9.23799991607666,6.802548978559206,0.17550018855503627,1.2160773177582926,1
2010-12-23,9.129500389099121,6.802548978559206,0.17767878941127233,1.2017945926074436,1
2010-12-27,9.107000350952148,6.825702723937713,0.17360728127615793,1.1988327192270798,1
2010-12-28,9.054499626159668,6.825702723937713,0.162250178200858,1.1919215976460005,1
2010-12-29,9.168499946594238,6.825702723937713,0.16575016294206893,1.2069284395118896,1
2010-12-30,9.137499809265137,6.825702723937713,0.15678582872663224,1.202847625028691,1
2010-12-31,9.0,6.847337522704502,0.15910727637154715,1.1847473434999554,1
2011-01-03,9.211000442504883,6.847337522704502,0.1655000959123884,1.2125231450260636,1
2011-01-04,9.250499725341797,6.847337522704502,0.1699643816266741,1.2177227750717512,1
2011-01-05,9.371000289916992,6.847337522704502,0.16271441323416574,1.233585299935163,1
2011-01-06,9.293000221252441,6.847337522704502,0.15882158279418945,1.2233174805859253,1
2011-01-07,9.274499893188477,6.8714883920625525,0.1694643838065011,1.2208821234161853,1
2011-01-10,9.234000205993652,6.8714883920625525,0.15725006375994002,1.2155508015476688,1
2011-01-11,9.217000007629395,6.8714883920625525,0.15632152557373047,1.2133129193419991,1
2011-01-12,9.204000473022461,6.8714883920625525,0.15896436146327428,1.2116016788872992,1
2011-01-13,9.27649974822998,6.8714883920625525,0.15842866897583008,1.221145381521497,1
2011-01-14,9.4375,6.897020845872876,0.1631786482674735,1.2423392282534254,1
2011-01-18,9.5625,6.897020845872876,0.1690000125340053,1.2587940524687025,1
2011-01-19,9.343500137329102,6.897020845872876,0.17292860576084682,1.2299652185213468,1
2011-01-20,9.097999572753906,6.897020845872876,0.1874643053327288,1.1976478694426576,1
2011-01-21,8.871000289916992,6.916662432380778,0.19878578186035156,1.1677660030740544,1
2011-01-24,8.842499732971191,6.916662432380778,0.1928571973528181,1.1640142298374092,1
2011-01-25,8.835000038146973,6.916662432380778,0.18803576060703822,1.1630269805574034,1
2011-01-26,8.769499778747559,6.916662432380778,0.18760715212140763,1.154404618521624,1
2011-01-27,9.22249984741211,6.916662432380778,0.21417856216430664,1.2140369105166933,1
2011-01-28,8.557000160217285,6.932984200816962,0.26003571919032503,1.1264314675717912,1
2011-01-31,8.482000350952148,6.932984200816962,0.2637857028416225,1.116558598150694,1
2011-02-01,8.605500221252441,6.932984200816962,0.26664277485438753,1.1328159474019008,1
2011-02-02,8.67650032043457,6.932984200816962,0.27467850276402067,1.1421623006123742,1
2011-02-03,8.685500144958496,6.932984200816962,0.27389274324689594,1.1433470248564506,1
2011-02-04,8.796500205993652,6.951526648629666,0.2719642094203404,1.1579589167941988,1
2011-02-07,8.821499824523926,6.951526648629666,0.2699285234723772,1.161249831421116,1
2011-02-08,9.152999877929688,6.951526648629666,0.2757857186453683,1.2048880322702902,1
2011-02-09,9.265000343322754,6.951526648629666,0.2698571341378348,1.2196316160308673,1
2011-02-10,9.310500144958496,6.951526648629666,0.25996426173618864,1.2256211459328363,1
2011-02-11,9.462499618530273,6.9765114543003195,0.25921426500592915,1.2456301428803425,1
2011-02-14,9.520999908447266,6.9765114543003195,0.2609285627092634,1.2533310387773573,1
2011-02-15,9.451499938964844,6.9765114543003195,0.25728566305977957,1.2441821605309542,1
2011-02-16,9.331000328063965,6.9765114543003195,0.23599992479596818,1.2283197612078882,1
2011-02-17,9.387999534606934,6.9765114543003195,0.18682139260428293,1.2358230566004869,1
2011-02-18,9.324999809265137,6.999879497633303,0.18446425029209682,1.2275298613516068,1
2011-02-22,9.020999908447266,6.999879497633303,0.19728572028023855,1.1875117419162486,1
2011-02-23,8.833999633789062,6.999879497633303,0.2059642927987235,1.1628952887345745,1
2011-02-24,8.887499809265137,6.999879497633303,0.2147857802254813,1.1699379765981366,1
2011-02-25,8.862000465393066,7.018408064476684,0.21539299828665598,1.166581278829978,1
2011-02-28,8.66450023651123,7.018408064476684,0.22364303043910436,1.1405826264401573,1
2011-03-01,8.472000122070312,7.018408064476684,0.21867867878505162,1.1152421820837888,1
2011-03-02,8.60099983215332,7.018408064476684,0.22132158279418945,1.1322235225096897,1
2011-03-03,8.63949966430664,7.018408064476684,0.2170358385358538,1.1372915862728943,1
2011-03-04,8.583499908447266,7.033981117650521,0.2140000888279506,1.1299198571627787,1
2011-03-07,8.454000473022461,7.033981117650521,0.22400004523141043,1.1128727335956363,1
2011-03-08,8.344499588012695,7.033981117650521,0.22667864390781947,1.0984581910816125,1
2011-03-09,8.452500343322754,7.033981117650521,0.23453583036150252,1.1126752586315658,1
2011-03-10,8.307000160217285,7.033981117650521,0.23614297594342912,1.0935218191412368,1
2011-03-11,8.403499603271484,7.04760816725869,0.24225010190691268,1.106224870119869,1
2011-03-14,8.33650016784668,7.04760816725869,0.22914293834141322,1.097405158660365,1
2011-03-15,8.253999710083008,7.04760816725869,0.22685718536376953,1.086544914418916,1
2011-03-16,8.234999656677246,7.04760816725869,0.2271428108215332,1.0840437741079345,1
2011-03-17,8.048500061035156,7.04760816725869,0.23382132393973215,1.0594932296078476,1
2011-03-18,8.090999603271484,7.057990171597126,0.2261784417288644,1.065087809581676,1
2011-03-21,8.22599983215332,7.057990171597126,0.22182130813598633,1.0828590498638582,1
2011-03-22,8.130000114440918,7.057990171597126,0.21224982397896902,1.070221782026468,1
2011-03-23,8.265999794006348,7.057990171597126,0.22296408244541713,1.088124588591133,1
2011-03-24,8.555000305175781,7.057990171597126,0.23510701315743582,1.1261682094664793,1
2011-03-25,8.548999786376953,7.072826088162099,0.225607054574149,1.125378309610198,1
2011-03-28,8.467499732971191,7.072826088162099,0.22653566087995256,1.1146497571915777,1
2011-03-29,8.730999946594238,7.072826088162099,0.22524990354265487,1.1493365547584196,1
2011-03-30,8.970999717712402,7.072826088162099,0.2334998675755092,1.1809297871220685,1
2011-03-31,9.006500244140625,7.072826088162099,0.22632128851754324,1.1856030264974782,1
2011-04-01,9.006500244140625,7.092066627027558,0.23042849131992885,1.1856030264974782,1
2011-04-04,9.147000312805176,7.092066627027558,0.22099992207118443,1.2040982579543547,1
2011-04-05,9.26449966430664,7.092066627027558,0.21846423830304826,1.21956570734928,1
2011-04-06,9.137999534606934,7.092066627027558,0.2242856706891741,1.2029134081699324,1
2011-04-07,9.245499610900879,7.092066627027558,0.22592851093837193,1.2170645670382985,1
2011-04-08,9.23550033569336,7.113394325621248,0.22367852074759348,1.2157482765117391,1
2011-04-11,9.20199966430664,7.113394325621248,0.23214285714285715,1.2113382952416414,1
2011-04-12,9.02400016784668,7.113394325621248,0.23117862428937638,1.1879066918443895,1
2011-04-13,9.114500045776367,7.113394325621248,0.21832145963396346,1.1998199685070858,1
2011-04-14,9.090999603271484,7.113394325621248,0.21739285332815989,1.1967264033038931,1
2011-04-15,9.000499725341797,7.132171493777672,0.21578563962663924,1.1848131266411968,1
2011-04-18,8.916999816894531,7.132171493777672,0.21274988991873606,1.1738213161172648,1
2011-04-19,8.940999984741211,7.132171493777672,0.19964279447283065,1.176980664461699,1
2011-04-20,9.193499565124512,7.132171493777672,0.2107499667576381,1.2102193541388067,1
2011-04-21,9.294500350952148,7.132171493777672,0.2045356205531529,1.2235149555499956,1
2011-04-25,9.270999908447266,7.153687203799309,0.20132132938929967,1.220421390346803,1
2011-04-26,9.114999771118164,7.153687203799309,0.20532138007027761,1.1998857516483272,1
2011-04-27,9.831500053405762,7.153687203799309,0.2351428440638951,1.2942048412102383,1
2011-04-28,9.753499984741211,7.153687203799309,0.23910720007760183,1.2839370218610004,1
2011-04-29,9.790499687194824,7.179924143932598,0.23685720988682338,1.2888076106601345,1
2011-05-02,10.059499740600586,7.179924143932598,0.24746431623186385,1.3242183994016705,1
2011-05-03,9.922499656677246,7.179924143932598,0.25007145745413645,1.3061839010141763,1
2011-05-04,9.998499870300293,7.179924143932598,0.2622500147138323,1.3161884622581022,1
2011-05-05,9.855500221252441,7.179924143932598,0.269214357648577,1.2973641895546724,1
2011-05-06,9.880000114440918,7.2067905714998455,0.26992865971156527,1.300589321040348,1
2011-05-09,10.039999961853027,7.2067905714998455,0.2732858657836914,1.3216514759494473,1
2011-05-10,10.196999549865723,7.2067905714998455,0.279071535382952,1.3423186809304062,1
2011-05-11,10.218999862670898,7.2067905714998455,0.26860720770699636,1.3452147711695284,1
2011-05-12,10.303500175476074,7.2067905714998455,0.278071471623012,1.3563382735162892,1
2011-05-13,10.128000259399414,7.235857334563524,0.28325005940028597,1.3332357113655904,1
2011-05-16,9.625499725341797,7.235857334563524,0.30292865208217074,1.2670872477175825,1
2011-05-17,9.740500450134277,7.235857334563524,0.26264286041259766,1.2822257814063005,1
2011-05-18,9.854499816894531,7.235857334563524,0.26446417399815153,1.2972324977318435,1
2011-05-19,9.9399995803833,7.235857334563524,0.2646427835736956,1.3084875663610873,1
2011-05-20,9.932499885559082,7.262689598752535,0.24660703114100865,1.3075003170810815,1
2011-05-23,9.810999870300293,7.262689598752535,0.24921417236328125,1.2915062259351864,1
2011-05-24,9.66349983215332,7.262689598752535,0.24032136372157506,1.2720895283395455,1
2011-05-25,9.61299991607666,7.262689598752535,0.23435701642717635,1.265441790404124,1
2011-05-26,9.75,7.262689598752535,0.2435356548854283,1.2834762887916182,1
2011-05-27,9.706500053405762,7.287006120689384,0.23296417508806502,1.2777500169949612,1
2011-05-31,9.834500312805176,7.287006120689384,0.23232133047921316,1.294599791138379,1
2011-06-01,9.619999885559082,7.287006120689384,0.23932136808122909,1.2663632565428884,1
2011-06-02,9.682499885559082,7.287006120689384,0.23328569957188197,1.274590668650527,1
2011-06-03,9.416000366210938,7.308190143032882,0.24042858396257674,1.2395090466958905,1
2011-06-06,9.284500122070312,7.308190143032882,0.21714285441807338,1.2221985394830903,1
2011-06-07,9.3774995803833,7.308190143032882,0.2203214509146554,1.2344408573923402,1
2011-06-08,9.40250015258789,7.308190143032882,0.21482154301234654,1.237731897559603,1
2011-06-09,9.484000205993652,7.308190143032882,0.22621440887451172,1.2484604499782233,1
2011-06-10,9.326499938964844,7.328272827569519,0.23310729435511998,1.227727336315677,1
2011-06-13,9.314499855041504,7.328272827569519,0.22532156535557338,1.2261476621434602,1
2011-06-14,9.498000144958496,7.328272827569519,0.22685725348336355,1.250303382255752,1
2011-06-15,9.298999786376953,7.328272827569519,0.24092871802193777,1.2241072549018608,1
2011-06-16,9.182499885559082,7.328272827569519,0.24035726274762834,1.2087713717894184,1
2011-06-17,9.318499565124512,7.34807607868947,0.2443573134286063,1.2266741783540838,1
2011-06-20,9.38599967956543,7.34807607868947,0.2406787872314453,1.235559798495175,1
2011-06-21,9.71150016784668,7.34807607868947,0.2502145086015974,1.2784082250284137,1
2011-06-22,9.581500053405762,7.34807607868947,0.2502145086015974,1.261295192779684,1
2011-06-23,9.708000183105469,7.34807607868947,0.2506787436349051,1.2779474919590315,1
2011-06-24,9.6274995803833,7.370756909552095,0.2467501504080636,1.2673505058228944,1
2011-06-27,10.0625,7.370756909552095,0.2643215996878488,1.3246133493298111,1
2011-06-28,10.117500305175781,7.370756909552095,0.2600001607622419,1.3318535121574437,1
2011-06-29,10.208999633789062,7.370756909552095,0.25703580038888113,1.3438983551026231,1
2011-06-30,10.224499702453613,7.370756909552095,0.25778586523873465,1.3459387623442225,1
2011-07-01,10.474499702453613,7.401639922416787,0.2656787463596889,1.3788484107747767,1
2011-07-05,10.659500122070312,7.401639922416787,0.2702858788626535,1.4032016058511392,1
2011-07-06,10.709500312805176,7.401639922416787,0.2568573270525251,1.409783560645319,1
2011-07-07,10.836999893188477,7.401639922416787,0.25042874472481863,1.4265674261071497,1
2011-07-08,10.913999557495117,7.436588774507118,0.2551787240164621,1.4367035536335586,1
2011-07-11,10.6274995803833,7.436588774507118,0.2694643565586635,1.3989890995451117,1
2011-07-12,10.56149959564209,7.436588774507118,0.25750010354178293,1.3903009543680909,1
2011-07-13,10.675000190734863,7.436588774507118,0.2636429922921317,1.4052420130927383,1
2011-07-14,10.519000053405762,7.436588774507118,0.26496444429670063,1.3847063743942627,1
2011-07-15,10.643500328063965,7.468498342204201,0.2709286553519113,1.4010954154682984,1
2011-07-18,10.576499938964844,7.468498342204201,0.2533215114048549,1.3922755784684486,1
2011-07-19,10.902999877929688,7.468498342204201,0.26971435546875,1.4352555712841706,1
2011-07-20,10.77750015258789,7.468498342204201,0.2717501095363072,1.4187349639276519,1
2011-07-21,10.660499572753906,7.468498342204201,0.2764643260410854,1.4033331721336222,1
2011-07-22,10.826000213623047,7.50190632102429,0.27710717064993723,1.4251194437577615,1
2011-07-25,10.674500465393066,7.50190632102429,0.2692500523158482,1.405176229951497,1
2011-07-26,10.708999633789062,7.50190632102429,0.27589287076677593,1.4097176519637318,1
2011-07-27,11.12600040435791,7.50190632102429,0.3095000130789621,1.4646110469824958,1
2011-07-28,11.194999694824219,7.50190632102429,0.31182139260428293,1.4736940165473116,1
2011-07-29,11.12600040435791,7.537966958669401,0.30810717173985075,1.4646110469824958,1
2011-08-01,11.065999984741211,7.537966958669401,0.3268928527832031,1.4567126761214106,1
2011-08-02,10.585000038146973,7.537966958669401,0.3466428347996303,1.3933945195712836,1
2011-08-03,10.498000144958496,7.537966958669401,0.3564999444144113,1.3819419759779694,1
2011-08-04,10.074000358581543,7.537966958669401,0.36817857197352816,1.3261272403607867,1
2011-08-05,10.135000228881836,7.563808085736191,0.3945357458932059,1.3341571775043548,1
2011-08-08,9.6850004196167,7.563808085736191,0.4151786395481655,1.2749198354374263,1
2011-08-09,10.254500389099121,7.563808085736191,0.4467500959123884,1.349888010544938,1
2011-08-10,9.706500053405762,7.563808085736191,0.4662858418055943,1.2777500169949612,1
2011-08-11,9.918000221252441,7.563808085736191,0.4757501057216099,1.305591601662311,1
2011-08-12,10.114999771118164,7.58919307763054,0.48942858832223074,1.3315243453705445,1
2011-08-15,10.147500038146973,7.58919307763054,0.4955357142857143,1.3358026348178134,1
2011-08-16,9.883999824523926,7.58919307763054,0.4783214160374233,1.3011158372509717,1
2011-08-17,9.796500205993652,7.58919307763054,0.47882141385759625,1.2895975105164161,1
2011-08-18,9.12600040435791,7.58919307763054,0.5144285474504743,1.2013338595380614,1
2011-08-19,8.946499824523926,7.602698617400623,0.5239285741533551,1.177704655636393,1
2011-08-22,8.876999855041504,7.602698617400623,0.509535721370152,1.16855577738999,1
2011-08-23,9.677499771118164,7.602698617400623,0.5381428854806083,1.2739324606170745,1
2011-08-24,9.68649959564209,7.602698617400623,0.5296786172049386,1.2751171848611509,1
2011-08-25,9.601499557495117,7.602698617400623,0.5062499727521624,1.2639278993731484,1
2011-08-26,9.963500022888184,7.6261891786492555,0.4972142492021833,1.31158113156428,1
2011-08-29,10.326499938964844,7.6261891786492555,0.47139276776994976,1.3593659300378944,1
2011-08-30,10.545999526977539,7.6261891786492555,0.45953566687447683,1.3882605471264917,1
2011-08-31,10.761500358581543,7.6261891786492555,0.44439288548060824,1.416628773544811,1
2011-09-01,10.626999855041504,7.6261891786492555,0.43964290618896484,1.3989233164038701,1
2011-09-02,10.5,7.65478431120001,0.43457147053309847,1.382205234083281,1
2011-09-06,10.809000015258789,7.65478431120001,0.44860717228480745,1.4228815615520918,1
2011-09-07,10.994999885559082,7.65478431120001,0.4490000179835728,1.4473663229109373,1
2011-09-08,10.86299991607666,7.65478431120001,0.40646423612322125,1.4299900325568957,1
2011-09-09,10.569499969482422,7.683786457053566,0.38882132938929964,1.3913541123296842,1
2011-09-12,10.82800006866455,7.683786457053566,0.3920713152204241,1.4253827018630734,1
2011-09-13,10.976499557495117,7.683786457053566,0.347928524017334,1.4449309657411973,1
2011-09-14,11.128499984741211,7.683786457053566,0.3555356434413365,1.4649400882290493,1
2011-09-15,11.33899974822998,7.683786457053566,0.35564279556274414,1.49264998107357,1
2011-09-16,11.96500015258789,7.726385598302664,0.36842850276402067,1.5750557939727847,1
2011-09-19,12.084500312805176,7.726385598302664,0.38171420778547016,1.590786627013368,1
2011-09-20,11.662500381469727,7.726385598302664,0.3906070164271763,1.535235149501497,1
2011-09-21,11.593500137329102,7.726385598302664,0.40296411514282227,1.5261520543963356,1
2011-09-22,11.161499977111816,7.726385598302664,0.42742844990321566,1.4692841608175595,1
2011-09-23,11.180500030517578,7.760754896135648,0.42703560420445036,1.4717853011285411,1
2011-09-26,11.492500305175781,7.760754896135648,0.41528565543038504,1.5128565785254926,1
2011-09-27,11.21049976348877,7.760754896135648,0.4380714552743094,1.4757344237889107,1
2011-09-28,11.48550033569336,7.760754896135648,0.46414293561662945,1.511935112386728,1
2011-09-29,11.121999740600586,7.760754896135648,0.5016429764883858,1.4640844052315263,1
2011-09-30,10.81149959564209,7.791110564787453,0.5008572169712612,1.4232106027986453,1
2011-10-03,10.598999977111816,7.791110564787453,0.5196785926818848,1.3952374518488124,1
2011-10-04,10.625,7.791110564787453,0.5421786308288574,1.3986600582985584,1
2011-10-05,10.975000381469727,7.791110564787453,0.5626786776951381,1.4447336163174727,1
2011-10-06,11.075499534606934,7.791110564787453,0.535428660256522,1.4579631835067284,1
2011-10-07,11.237000465393066,7.825398026485022,0.5296072959899902,1.479222938920244,1
2011-10-10,11.565999984741211,7.825398026485022,0.5226073265075684,1.5225319729825193,1
2011-10-11,11.77400016784668,7.825398026485022,0.5191787311008998,1.549912824580487,1
2011-10-12,11.840499877929688,7.825398026485022,0.5000358309064593,1.5586667528987492,1
2011-10-13,11.807499885559082,7.825398026485022,0.4965358461652483,1.5543226803102388,1
2011-10-14,12.33549976348877,7.870274660684064,0.502678666796003,1.6238278417264052,1
2011-10-17,12.116499900817871,7.870274660684064,0.4801429339817592,1.5949990077790495,1
2011-10-18,12.194000244140625,7.870274660684064,0.46725007465907503,1.6052010439870457,1
2011-10-19,11.576499938964844,7.870274660684064,0.45517866952078684,1.523914172190666,1
2011-10-20,11.680500030517578,7.870274660684064,0.44500017166137695,1.5376045979896498,1
2011-10-21,11.73900032043457,7.908769443368149,0.43139307839529856,1.5453054938866646,1
2011-10-24,11.880499839782715,7.908769443368149,0.40246452604021343,1.563932291626024,1
2011-10-25,11.357500076293945,7.908769443368149,0.407571588243757,1.4950853382433102,1
2011-10-26,9.920000076293945,7.908769443368149,0.4953216144016811,1.305854859767623,1
2011-10-27,10.33899974822998,7.908769443368149,0.4978572981698172,1.361011387351353,1
2011-10-28,10.866000175476074,7.938194624782158,0.5119643892560687,1.4303849824850363,1
2011-10-31,10.67549991607666,7.938194624782158,0.5051786558968681,1.40530779623398,1
2011-11-01,10.604999542236328,7.938194624782158,0.5097143990652901,1.396027226164748,1
2011-11-02,10.781000137329102,7.938194624782158,0.5105716160365513,1.419195696997034,1
2011-11-03,10.91450023651123,7.938194624782158,0.4924287796020508,1.4367694623151461,1
2011-11-04,10.824000358581543,7.966909109695584,0.4850002016339983,1.4248561856524495,1
2011-11-07,10.850000381469727,7.966909109695584,0.47860738209315706,1.4282787921021955,1
2011-11-08,10.899499893188477,7.966909109695584,0.4411430358886719,1.4347948382147881,1
2011-11-09,10.560999870300293,7.966909109695584,0.4498929977416992,1.3902351712268495,1
2011-11-10,10.53950023651123,7.966909109695584,0.4483215468270438,1.3874049896693146,1
2011-11-11,10.869500160217285,7.99579061268585,0.4522500719342913,1.4308457155544185,1
2011-11-14,10.946499824523926,7.99579061268585,0.43432160786220003,1.4409818430808277,1
2011-11-15,10.891500473022461,7.99579061268585,0.34657158170427593,1.4337418057935407,1
2011-11-16,10.599499702453613,7.99579061268585,0.33371448516845703,1.3953032349900538,1
2011-11-17,10.22599983215332,7.99579061268585,0.32710742950439453,1.3461362373082928,1
2011-11-18,9.857000350952148,8.014310112569097,0.3356074605669294,1.2975616645187429,1
2011-11-21,9.462499618530273,8.014310112569097,0.34742893491472515,1.2456301428803425,1
2011-11-22,9.616999626159668,8.014310112569097,0.3680359976632254,1.2659683066147478,1
2011-11-23,9.44950008392334,8.014310112569097,0.37242882592337473,1.2439189024256423,1
2011-11-25,9.119999885559082,8.025312000857555,0.39157172611781527,1.20054395968178,1
2011-11-28,9.707500457763672,8.025312000857555,0.4130717005048479,1.27788170881779,1
2011-11-29,9.419500350952148,8.025312000857555,0.4275717054094587,1.2399697797652727,1
2011-11-30,9.614500045776367,8.025312000857555,0.42585740770612446,1.2656392653681945,1
2011-12-01,9.856499671936035,8.025312000857555,0.4277144840785435,1.2974957558371554,1
2011-12-02,9.80150032043457,8.042985516475238,0.4166787692478725,1.2902557185498686,1
2011-12-05,9.812000274658203,8.042985516475238,0.40678582872663227,1.2916379177580153,1
2011-12-06,9.599499702453613,8.042985516475238,0.4144287109375,1.2636646412678367,1
2011-12-07,9.765999794006348,8.042985516475238,0.41796432222638813,1.285582479174459,1
2011-12-08,9.52400016784668,8.042985516475238,0.40014287403651644,1.2537259887054981,1
2011-12-09,9.65149974822998,8.058990633209117,0.3905714579990932,1.2705098541673285,1
2011-12-12,9.47599983215332,8.058990633209117,0.3666785103934152,1.24740729201663,1
2011-12-13,9.025500297546387,8.058990633209117,0.36924995694841656,1.1881041668084598,1
2011-12-14,9.010499954223633,8.058990633209117,0.3827857289995466,1.186129542708102,1
2011-12-15,9.062999725341797,8.058990633209117,0.36832141876220703,1.1930405387488354,1
2011-12-16,9.062999725341797,8.068980773429344,0.3393214089529855,1.1930405387488354,1
2011-12-19,8.966500282287598,8.068980773429344,0.3249285561697824,1.1803374877702033,1
2011-12-20,9.12600040435791,8.068980773429344,0.31396423067365375,1.2013338595380614,1
2011-12-21,8.717499732971191,8.068980773429344,0.3301428386143276,1.147559405622132,1
2011-12-22,8.951499938964844,8.068980773429344,0.3336428233555385,1.1783628636698456,1
2011-12-23,8.86400032043457,8.076891415688102,0.32917860576084684,1.16684453693529,1
2011-12-27,8.81350040435791,8.076891415688102,0.30853571210588726,1.1601967989998685,1
2011-12-28,8.694499969482422,8.076891415688102,0.2970357622419085,1.144531749100527,1
2011-12-29,8.692999839782715,8.076891415688102,0.3033571243286133,1.1443342741364566,1
2011-12-30,8.654999732971191,8.08264373725311,0.2931071008954729,1.1393319935144934,1
2012-01-03,8.951499938964844,8.08264373725311,0.2966071537562779,1.1783628636698456,1
2012-01-04,8.875499725341797,8.08264373725311,0.27249997002737864,1.1683583024259196,1
2012-01-05,8.880499839782715,8.08264373725311,0.24999993188040598,1.1690165104593722,1
2012-01-06,9.130499839782715,8.093070166134002,0.25671420778547016,1.2019261588899266,1
2012-01-09,8.928000450134277,8.093070166134002,0.268392767224993,1.175269424006999,1
2012-01-10,8.967000007629395,8.093070166134002,0.2724285125732422,1.180403270911445,1
2012-01-11,8.944999694824219,8.093070166134002,0.2679285321916853,1.1775071806723227,1
2012-01-12,8.796500205993652,8.093070166134002,0.24196420397077287,1.1579589167941988,1
2012-01-13,8.920999526977539,8.101308269226973,0.24139274869646346,1.1743478323278886,1
2012-01-17,9.083000183105469,8.101308269226973,0.24424988882882254,1.1956733708826457,1
2012-01-18,9.472000122070312,8.101308269226973,0.26817846298217773,1.246880775806006,1
2012-01-19,9.72249984741211,8.101308269226973,0.27578558240618023,1.279856207377802,1
2012-01-20,9.546500205993652,8.115688288498283,0.26803561619349886,1.2566878620858617,1
2012-01-23,9.304499626159668,8.115688288498283,0.28167847224644255,1.224831246076555,1
2012-01-24,9.350000381469727,8.115688288498283,0.27528558458600727,1.2308209015188698,1
2012-01-25,9.390000343322754,8.115688288498283,0.2721784455435617,1.2360864402461444,1
2012-01-26,9.666000366210938,8.115688288498283,0.2823570115225656,1.272418695126445,1
2012-01-27,9.768500328063965,8.132134179439236,0.2717141423906599,1.2859116459613582,1
2012-01-30,9.607500076293945,8.132134179439236,0.2641070229666574,1.26471779922943,1
2012-01-31,9.722000122070312,8.132134179439236,0.2663570131574358,1.2797904242365605,1
2012-02-01,8.972999572753906,8.132134179439236,0.33728558676583426,1.1811930452273804,1
2012-02-02,9.086000442504883,8.132134179439236,0.3422856330871582,1.1960683208107865,1
2012-02-03,9.383999824523926,8.144590554017192,0.345428534916469,1.235296540389863,1
2012-02-06,9.156999588012695,8.144590554017192,0.34499992643083843,1.205414548480914,1
2012-02-07,9.209500312805176,8.144590554017192,0.3226784978594099,1.2123256700619933,1
2012-02-08,9.27400016784668,8.144590554017192,0.3122499329703195,1.2208163402749437,1
2012-02-09,9.24899959564209,8.144590554017192,0.30696419307163786,1.2175253001076807,1
2012-02-10,9.277000427246094,8.155858313949818,0.30199990953717915,1.2212112902030845,1
2012-02-13,9.579500198364258,8.155858313949818,0.3104641778128488,1.2610319346743721,1
2012-02-14,9.5649995803833,8.155858313949818,0.32442849023001535,1.2591230937152558,1
2012-02-15,9.22350025177002,8.155858313949818,0.3288213184901646,1.2141686023395222,1
2012-02-16,8.996500015258789,8.155858313949818,0.3472499166216169,1.1842866104305732,1
2012-02-17,9.125,8.165501514806039,0.34299986703055246,1.2012021677152325,1
2012-02-21,9.11299991607666,8.165501514806039,0.33671413149152485,1.1996224935430153,1
2012-02-22,9.029000282287598,8.165501514806039,0.266214166368757,1.188564899877842,1
2012-02-23,8.944499969482422,8.165501514806039,0.2613927977425711,1.1774413975310811,1
2012-02-24,8.956500053405762,8.173372147030912,0.2477856363568987,1.1790210717032983,1
2012-02-27,8.92650032043457,8.173372147030912,0.2403928211757115,1.1750719490429287,1
2012-02-28,9.1899995803833,8.173372147030912,0.25274998801095144,1.2097586210694244,1
2012-02-29,8.98449993133545,8.173372147030912,0.2577857289995466,1.182706936258356,1
2012-03-01,9.001999855041504,8.173372147030912,0.25771427154541016,1.1850106016052673,1
2012-03-02,8.96500015258789,8.181249042608593,0.24989284787859237,1.180140012806133,1
2012-03-05,9.012999534606934,8.181249042608593,0.2380356788635254,1.1864585839546553,1
2012-03-06,9.054499626159668,8.181249042608593,0.23085709980555943,1.1919215976460005,1
2012-03-07,9.18850040435791,8.181249042608593,0.21703570229666574,1.2095612716456998,1
2012-03-08,9.381999969482422,8.181249042608593,0.20017848696027482,1.2350332822845513,1
2012-03-09,9.215999603271484,8.191545068087827,0.20071424756731307,1.2131812275191705,1
2012-03-12,9.169500350952148,8.191545068087827,0.19725002561296737,1.2070601313347185,1
2012-03-13,9.229499816894531,8.191545068087827,0.20225000381469727,1.2149583766554577,1
2012-03-14,9.11299991607666,8.191545068087827,0.20103563581194198,1.1996224935430153,1
2012-03-15,9.221500396728516,8.191545068087827,0.2073213713509696,1.2139053442342103,1
2012-03-16,9.2524995803833,8.2021018294042,0.20960705620901926,1.2179860331770629,1
2012-03-19,9.276000022888184,8.2021018294042,0.2001070295061384,1.2210795983802556,1
2012-03-20,9.616499900817871,8.2021018294042,0.22346414838518416,1.2659025234735062,1
2012-03-21,9.58650016784668,8.2021018294042,0.22028562000819615,1.2619534008131366,1
2012-03-22,9.619999885559082,8.2021018294042,0.22342852183750697,1.2663632565428884,1
2012-03-23,9.751999855041504,8.217523700306064,0.22614288330078125,1.2837395468969302,1
2012-03-26,10.143500328063965,8.217523700306064,0.23496437072753906,1.3352761186071898,1
2012-03-27,10.272000312805176,8.217523700306064,0.244142941066197,1.352191675891849,1
2012-03-28,10.057999610900879,8.217523700306064,0.2515715871538435,1.3240209244376,1
2012-03-29,10.230500221252441,8.217523700306064,0.25328588485717773,1.346728662200504,1
2012-03-30,10.125499725341797,8.236508536376071,0.25964294161115375,1.3329065445786912,1
2012-04-02,9.90250015258789,8.236508536376071,0.26467861448015484,1.3035511944207117,1
2012-04-03,9.982999801635742,8.236508536376071,0.26982150759015766,1.314148055016503,1
2012-04-04,9.69950008392334,8.236508536376071,0.28114291599818636,1.2768285508561967,1
2012-04-05,9.719499588012695,8.236508536376071,0.2781072344098772,1.279461257449661,1
2012-04-09,9.593500137329102,8.251264666243102,0.2788572311401367,1.262874866951901,1
2012-04-10,9.348999977111816,8.251264666243102,0.26250008174351286,1.230689209696041,1
2012-04-11,9.398500442504883,8.251264666243102,0.270214353288923,1.2372053813489794,1
2012-04-12,9.534500122070312,8.251264666243102,0.28039285114833284,1.2551081879136448,1
2012-04-13,9.42300033569336,8.262923727630668,0.2805000032697405,1.2404305128346549,1
2012-04-16,9.274999618530273,8.262923727630668,0.27296427318028044,1.2209479065574267,1
2012-04-17,9.419500350952148,8.262923727630668,0.26425000599452425,1.2399697797652727,1
2012-04-18,9.553500175476074,8.262923727630668,0.2584285054888044,1.2576093282246261,1
2012-04-19,9.555000305175781,8.262923727630668,0.258857045854841,1.2578068031886966,1
2012-04-20,9.49899959564209,8.275222989998941,0.2542142186846052,1.2504349485382351,1
2012-04-23,9.411999702453613,8.275222989998941,0.25049992970057894,1.238982404944921,1
2012-04-24,9.516500473022461,8.275222989998941,0.247999940599714,1.252738739425492,1
2012-04-25,9.720999717712402,8.275222989998941,0.23789276395525252,1.2796587324137316,1
2012-04-26,9.799500465393066,8.275222989998941,0.24096414021083287,1.2899924604445567,1
2012-04-27,11.342499732971191,8.30574315659568,0.34385694776262554,1.4931107141429525,1
2012-04-30,11.595000267028809,8.30574315659568,0.3575712612697056,1.526349529360406,1
2012-05-01,11.501999855041504,8.30574315659568,0.35539272853306364,1.5141070859108103,1
2012-05-02,11.512499809265137,8.30574315659568,0.34607131140572683,1.515489285118957,1
2012-05-03,11.47249984741211,8.30574315659568,0.3463213103158133,1.510223746391682,1
2012-05-04,11.19950008392334,8.334536757862622,0.34689269747052875,1.4742864414395227,1
2012-05-07,11.258000373840332,8.334536757862622,0.3470355442592076,1.4819873373365375,1
2012-05-08,11.194999694824219,8.334536757862622,0.35464273180280415,1.4736940165473116,1
2012-05-09,11.14900016784668,8.334536757862622,0.3575712612697056,1.467638703504101,1
2012-05-10,11.334500312805176,8.334536757862622,0.36989273343767437,1.4920576817217048,1
2012-05-11,11.383999824523926,8.364879673948804,0.3716070992606027,1.4985737278342977,1
2012-05-14,11.146499633789062,8.364879673948804,0.37510708400181364,1.4673095367172018,1
2012-05-15,11.219499588012695,8.364879673948804,0.38657147543770926,1.476919148032987,1
2012-05-16,11.20300006866455,8.364879673948804,0.3942857469831194,1.474747174508905,1
2012-05-17,10.918000221252441,8.364879673948804,0.3057500975472586,1.4372301953845283,1
2012-05-18,10.692500114440918,8.388040076341762,0.2915714808872768,1.4075456784396496,1
2012-05-21,10.905500411987305,8.388040076341762,0.3008214405604771,1.4355847380710698,1
2012-05-22,10.766500473022461,8.388040076341762,0.3039285796029227,1.4172869815782636,1
2012-05-23,10.86400032043457,8.388040076341762,0.31060709272112164,1.4301217243797244,1
2012-05-24,10.76200008392334,8.388040076341762,0.3069642611912319,1.4166945566860525,1
2012-05-25,10.644499778747559,8.410492411689084,0.30403566360473633,1.4012269817507814,1
2012-05-29,10.737500190734863,8.410492411689084,0.29357140404837473,1.413469425200377,1
2012-05-30,10.46150016784668,8.410492411689084,0.29850006103515625,1.3771371703200768,1
2012-05-31,10.645500183105469,8.410492411689084,0.2968928473336356,1.40135867357361,1
2012-06-01,10.41100025177002,8.430397962336658,0.2992499896458217,1.3704894323846553,1
2012-06-04,10.728500366210938,8.430397962336658,0.31285715103149414,1.4122847009563007,1
2012-06-05,10.660499572753906,8.430397962336658,0.3057857240949358,1.4033331721336222,1
2012-06-06,10.881999969482422,8.430397962336658,0.3046786444527762,1.432491172867877,1
2012-06-07,10.9399995803833,8.430397962336658,0.2901786395481655,1.4401261600833046,1
2012-06-08,10.923999786376953,8.45520992078482,0.2756786346435547,1.4380199697004639,1
2012-06-11,10.824999809265137,8.45520992078482,0.27035720007760183,1.4249877519349325,1
2012-06-12,10.821000099182129,8.45520992078482,0.2652500697544643,1.424461235724309,1
2012-06-13,10.736499786376953,8.45520992078482,0.25628587177821566,1.413337733377548,1
2012-06-14,10.72249984741211,8.45520992078482,0.2526429721287319,1.4114948011000192,1
2012-06-15,10.917499542236328,8.47971031502812,0.2566430228097098,1.4371642867029408,1
2012-06-18,11.133000373840332,8.47971031502812,0.266535827091762,1.4655325131212602,1
2012-06-19,11.201499938964844,8.47971031502812,0.254178660256522,1.4745496995448344,1
2012-06-20,11.151000022888184,8.47971031502812,0.24425016130719865,1.4679019616094129,1
2012-06-21,11.028499603271484,8.47971031502812,0.2438930102757045,1.451776178640689,1
2012-06-22,11.107999801635742,8.50586244922322,0.22310726983206614,1.4622414729539974,1
2012-06-25,11.003499984741211,8.50586244922322,0.2176072256905692,1.448485264013772,1
2012-06-26,11.280500411987305,8.50586244922322,0.22164290291922434,1.4849492107169011,1
2012-06-27,11.281000137329102,8.50586244922322,0.22289289746965682,1.4850149938581427,1
2012-06-28,11.065500259399414,8.50586244922322,0.23757151194981166,1.456646892980169,1
2012-06-29,11.417499542236328,8.534833962586536,0.24246433803013392,1.5029835835640495,1
2012-07-02,11.465999603271484,8.534833962586536,0.24075004032679967,1.509368063394159,1
2012-07-03,11.476499557495117,8.534833962586536,0.23389278139386857,1.510750262602306,1
2012-07-05,11.352999687194824,8.534833962586536,0.23399993351527623,1.4944929133510991,1
2012-07-06,11.2524995803833,8.561875411519837,0.2334284782409668,1.4812632206214975,1
2012-07-09,11.2524995803833,8.561875411519837,0.21742854799543107,1.4812632206214975,1
2012-07-10,10.975000381469727,8.561875411519837,0.2364286014011928,1.4447336163174727,1
2012-07-11,10.918499946594238,8.561875411519837,0.2453571047101702,1.4372959785257697,1
2012-07-12,10.767999649047852,8.561875411519837,0.24624994822910853,1.4174843310019882,1
2012-07-13,10.919500350952148,8.585334366141055,0.254357065473284,1.4374276703485986,1
2012-07-16,10.80049991607666,8.585334366141055,0.25353567940848215,1.421762620449257,1
2012-07-17,10.846500396728516,8.585334366141055,0.24517856325422013,1.4278180590328133,1
2012-07-18,10.873499870300293,8.585334366141055,0.24075004032679967,1.4313722317650424,1
2012-07-19,11.308500289916992,8.585334366141055,0.2520357540675572,1.488635075271959,1
2012-07-20,11.41450023651123,8.613485270323842,0.2415357998439244,1.5025887591762546,1
2012-07-23,11.30049991607666,8.613485270323842,0.25492872510637554,1.4875819173103657,1
2012-07-24,11.152000427246094,8.613485270323842,0.2672145026070731,1.4680336534322418,1
2012-07-25,10.852499961853027,8.613485270323842,0.27850028446742464,1.4286078333487489,1
2012-07-26,11.000499725341797,8.613485270323842,0.2848574093409947,1.4480903140856314,1
2012-07-27,11.866000175476074,8.645848602713418,0.34121452059064594,1.5620235762072536,1
2012-07-30,11.804499626159668,8.645848602713418,0.3333930288042341,1.553927730382098,1
2012-07-31,11.664999961853027,8.645848602713418,0.32728590284075054,1.5355641907480504,1
2012-08-01,11.604499816894531,8.645848602713418,0.3198573248726981,1.5276000367457236,1
2012-08-02,11.540499687194824,8.645848602713418,0.32075023651123047,1.519175149674015,1
2012-08-03,11.748499870300293,8.676720754629706,0.32700020926339285,1.5465560012719823,1
2012-08-06,11.69950008392334,8.676720754629706,0.319678715297154,1.5401057383006311,1
2012-08-07,11.82800006866455,8.676720754629706,0.3260714667184012,1.5570212955852907,1
2012-08-08,11.718999862670898,8.676720754629706,0.30085720334734234,1.5426726617528541,1
2012-08-09,11.70300006866455,8.676720754629706,0.295107228415353,1.5405664713700133,1
2012-08-10,11.637499809265137,8.706181242735532,0.2832143647330148,1.531944109334234,1
2012-08-13,11.621999740600586,8.706181242735532,0.27603578567504883,1.529903702092635,1
2012-08-14,11.659500122070312,8.706181242735532,0.2658572196960449,1.5348401995733563,1
2012-08-15,11.871000289916992,8.706181242735532,0.26367861883980886,1.5626817842407061,1
2012-08-16,12.077500343322754,8.706181242735532,0.22185713904244558,1.5898651608746035,1
2012-08-17,12.058500289916992,8.739537651165199,0.20832136699131557,1.587364020563622,1
2012-08-20,12.017499923706055,8.739537651165199,0.2038928440638951,1.5819667900135181,1
2012-08-21,11.97249984741211,8.739537651165199,0.20967858178274973,1.5760430432527908,1
2012-08-22,12.154999732971191,8.739537651165199,0.2111785752432687,1.6000670715422538,1
2012-08-23,12.0600004196167,8.739537651165199,0.2068213735307966,1.5875614955276922,1
2012-08-24,12.286999702453613,8.774835781028765,0.22017853600638254,1.6174433618962956,1
2012-08-27,12.196000099182129,8.774835781028765,0.21885715212140763,1.6054643020923576,1
2012-08-28,12.305500030517578,8.774835781028765,0.22174998692103795,1.6198787190660355,1
2012-08-29,12.355999946594238,8.774835781028765,0.22364282608032227,1.626526457001457,1
2012-08-30,12.310999870300293,8.774835781028765,0.22839280537196568,1.6206027102407297,1
2012-08-31,12.41349983215332,8.811041393477765,0.23046425410679408,1.634095661075643,1
2012-09-04,12.394000053405762,8.811041393477765,0.2378213746207101,1.63152873762342,1
2012-09-05,12.310999870300293,8.811041393477765,0.22860710961478098,1.6206027102407297,1
2012-09-06,12.569000244140625,8.811041393477765,0.228107179914202,1.6545655166328772,1
2012-09-07,12.956999778747559,8.852294710744133,0.2465357780456543,1.7056412297334087,1
2012-09-10,12.854499816894531,8.852294710744133,0.2455714770725795,1.6921482788984954,1
2012-09-11,12.783499717712402,8.852294710744133,0.2385714394705636,1.682801925688022,1
2012-09-12,12.781499862670898,8.852294710744133,0.2320713996887207,1.68253866758271,1
2012-09-13,13.01200008392334,8.852294710744133,0.24542863028390066,1.7128813925610413,1
2012-09-14,13.06350040435791,8.894197254959195,0.24067865099225724,1.7196608223192917,1
2012-09-17,12.899999618530273,8.894197254959195,0.24028580529349192,1.6981378088004642,1
2012-09-18,12.9375,8.894197254959195,0.2392857415335519,1.7030743062811857,1
2012-09-19,13.083999633789062,8.894197254959195,0.24389287403651647,1.7223593120539977,1
2012-09-20,13.040499687194824,8.894197254959195,0.2400714329310826,1.7166330402573406,1
2012-09-21,12.873499870300293,8.933792305858113,0.2447500228881836,1.6946494192094768,1
2012-09-24,12.739999771118164,8.933792305858113,0.23807144165039062,1.677075653891365,1
2012-09-25,12.623000144958496,8.933792305858113,0.25453574316842215,1.661673987637681,1
2012-09-26,12.483499526977539,8.933792305858113,0.254178592136928,1.6433103224632875,1
2012-09-27,12.829500198364258,8.933792305858113,0.2530715124947684,1.6888573642715783,1
2012-09-28,12.715999603271484,8.971426209314961,0.25528580801827566,1.6739163055469308,1
2012-10-01,12.600500106811523,8.971426209314961,0.26360722950526644,1.6587121142573173,1
2012-10-02,12.529999732971191,8.971426209314961,0.26303584235055105,1.6494315441880854,1
2012-10-03,12.795999526977539,8.971426209314961,0.2571072578430176,1.6844473830014806,1
2012-10-04,13.023500442504883,8.971426209314961,0.2617858478001186,1.7143952835920169,1
2012-10-05,12.92549991607666,9.010770226297664,0.26228584562029156,1.7014946321089688,1
2012-10-08,12.95300006866455,9.010770226297664,0.2649287496294294,1.705114713522785,1
2012-10-09,12.54800033569336,9.010770226297664,0.2803215980529785,1.651801118216584,1
2012-10-10,12.249500274658203,9.010770226297664,0.2973573548453195,1.61250698995592,1
2012-10-11,12.211000442504883,9.010770226297664,0.30503593172345844,1.6074389261927153,1
2012-10-12,12.118000030517578,9.041687935792389,0.30175018310546875,1.5951964827431198,1
2012-10-15,12.208999633789062,9.041687935792389,0.2958573613848005,1.6071755425470577,1
2012-10-16,12.196999549865723,9.041687935792389,0.286250182560512,1.6055958683748406,1
2012-10-17,12.374500274658203,9.041687935792389,0.27828584398542133,1.628961814171197,1
2012-10-18,12.242500305175781,9.041687935792389,0.29403577532087055,1.6115855238171555,1
2012-10-19,12.0,9.071123876729779,0.30192865644182476,1.579663124666607,1
2012-10-22,11.689000129699707,9.071123876729779,0.31464290618896484,1.5387235390924845,1
2012-10-23,11.715499877929688,9.071123876729779,0.31446429661342074,1.542211928683472,1
2012-10-24,11.424500465393066,9.071123876729779,0.3228214127676828,1.5039051752431598,1
2012-10-25,11.145999908447266,9.071123876729779,0.33564281463623047,1.4672437535759604,1
2012-10-26,11.911999702453613,9.09939129788126,0.37689283915928434,1.568078889250464,1
2012-10-31,11.644499778747559,9.09939129788126,0.3753929138183594,1.5328655754729985,1
2012-11-01,11.607000350952148,9.09939129788126,0.35667855398995535,1.527929203532623,1
2012-11-02,11.621000289916992,9.124481934617934,0.34910706111363005,1.529772135810152,1
2012-11-05,11.716500282287598,9.124481934617934,0.35328565325055805,1.5423436205063008,1
2012-11-06,11.878000259399414,9.124481934617934,0.3431070191519601,1.5636032503794706,1
2012-11-07,11.602999687194824,9.124481934617934,0.3589999335152762,1.5274025617816533,1
2012-11-08,11.367500305175781,9.124481934617934,0.3620356832231794,1.4964017543102153,1
2012-11-09,11.315500259399414,9.146283111978944,0.35546432222638813,1.4895565414107235,1
2012-11-12,11.32349967956543,9.146283111978944,0.34092862265450613,1.490609573831971,1
2012-11-13,11.329999923706055,9.146283111978944,0.3248929296221052,1.491465256829494,1
2012-11-14,11.147500038146973,9.146283111978944,0.3192143440246582,1.4674412285400307,1
2012-11-15,11.029999732971191,9.146283111978944,0.3156072071620396,1.4519736536047594,1
2012-11-16,11.261500358581543,9.167330049756085,0.3142143658229283,1.4824480704059197,1
2012-11-19,11.48550033569336,9.167330049756085,0.2837857518877302,1.511935112386728,1
2012-11-20,11.689000129699707,9.167330049756085,0.2699285234723772,1.5387235390924845,1
2012-11-21,11.90149974822998,9.167330049756085,0.2796071597508022,1.5666966900423174,1
2012-11-23,11.994000434875488,9.195456123239861,0.27328572954450336,1.5788733503506716,1
2012-11-26,12.180999755859375,9.195456123239861,0.2790000098092215,1.6034896779919998,1
2012-11-27,12.170000076293945,9.195456123239861,0.2815357616969517,1.6020416956426118,1
2012-11-28,12.355500221252441,9.195456123239861,0.2729285785130092,1.6264606738602156,1
2012-11-29,12.56350040435791,9.195456123239861,0.26942852565220426,1.653841525458183,1
2012-11-30,12.602499961853027,9.229357056957406,0.2623213359287807,1.658975372362629,1
2012-12-03,12.516500473022461,9.229357056957406,0.26357133047921316,1.6476545205921438,1
2012-12-04,12.624500274658203,9.229357056957406,0.2676784651620047,1.6618714626017514,1
2012-12-05,12.697999954223633,9.229357056957406,0.26864276613507954,1.6715468570587781,1
2012-12-06,12.668499946594238,9.229357056957406,0.2567856652396066,1.66766351753965,1
2012-12-07,12.66349983215332,9.263527631834977,0.24103566578456334,1.6670053095061974,1
2012-12-10,12.388500213623047,9.263527631834977,0.24178573063441686,1.6308047464487259,1
2012-12-11,12.534500122070312,9.263527631834977,0.2507499967302595,1.6500239690802965,1
2012-12-12,12.588000297546387,9.263527631834977,0.24496425901140487,1.6570666569438588,1
2012-12-13,12.5625,9.263527631834977,0.24853570120675222,1.6537098336353542,1
2012-12-14,12.459500312805176,9.295328355028712,0.240642888205392,1.6401510996591993,1
2012-12-17,12.692999839782715,9.295328355028712,0.24307141985212052,1.6708886490253256,1
2012-12-18,13.020000457763672,9.295328355028712,0.2556428909301758,1.7139345505226347,1
2012-12-19,12.899499893188477,9.295328355028712,0.2507143701825823,1.6980720256592228,1
2012-12-20,13.074999809265137,9.295328355028712,0.25603580474853516,1.7211745878099214,1
2012-12-21,12.845999717712402,9.330658418338997,0.26175008501325336,1.6910293377956604,1
2012-12-24,12.930999755859375,9.330658418338997,0.25546441759381977,1.7022186232836627,1
2012-12-26,12.431500434875488,9.330658418338997,0.2747857911246164,1.6364652351041415,1
2012-12-27,12.415499687194824,9.330658418338997,0.28489289964948383,1.6343589191809549,1
2012-12-28,12.258999824523926,9.359796143773673,0.2851072038922991,1.6137574973412376,1
2012-12-31,12.543499946594238,9.359796143773673,0.2928928647722517,1.6512086933243728,1
2013-01-02,12.865500450134277,9.359796143773673,0.29432146889822824,1.6935963867882293,1
2013-01-03,12.923999786376953,9.359796143773673,0.29507146562848774,1.7012971571448983,1
2013-01-04,12.957500457763672,9.395594196649196,0.29017857142857145,1.7057071384149962,1
2013-01-07,13.42300033569336,9.395594196649196,0.3132856232779367,1.766984887723524,1
2013-01-08,13.319000244140625,9.395594196649196,0.31542852946690153,1.75329446192454,1
2013-01-09,13.317500114440918,9.395594196649196,0.29703562600272043,1.7530969869604698,1
2013-01-10,13.267000198364258,9.395594196649196,0.3057856559753418,1.7464492490250483,1
2013-01-11,13.397000312805176,9.435409182879603,0.3002499852861677,1.7635622812737781,1
2013-01-14,13.636500358581543,9.435409182879603,0.3036785806928362,1.7950897304961857,1
2013-01-15,13.595000267028809,9.435409182879603,0.30671426228114534,1.7896267168048405,1
2013-01-16,13.446499824523926,9.435409182879603,0.28346429552350727,1.7700783273863707,1
2013-01-17,13.52400016784668,9.435409182879603,0.27114289147513254,1.7802803635943671,1
2013-01-18,13.605999946594238,9.476907598438952,0.2770000866481236,1.7910746991542286,1
2013-01-22,13.509499549865723,9.476907598438952,0.2528215135846819,1.7783715226352508,1
2013-01-23,13.405500411987305,9.476907598438952,0.24285718372889928,1.7646812223766128,1
2013-01-24,13.67300033569336,9.476907598438952,0.2572500365121024,1.7998945361540784,1
2013-01-25,14.19950008392334,9.523898568443771,0.28621435165405273,1.8692022226061744,1
2013-01-28,13.802000045776367,9.523898568443771,0.28442866461617605,1.816875876579979,1
2013-01-29,13.017499923706055,9.523898568443771,0.3282858303615025,1.7136053837357355,1
2013-01-30,13.637999534606934,9.523898568443771,0.3988215582711356,1.79528707991991,1
2013-01-31,13.274999618530273,9.523898568443771,0.4195357731410435,1.7475022814462957,1
2013-02-01,13.25,9.56097420457866,0.4259999820164272,1.7442113668193786,1
2013-02-04,12.99899959564209,9.56097420457866,0.4231785365513393,1.7111700265659955,1
2013-02-05,13.344499588012695,9.56097420457866,0.43967853273664204,1.7566511596926988,1
2013-02-06,13.111000061035156,9.56097420457866,0.44578565870012554,1.7259136103265726,1
2013-02-07,13.011500358581543,9.56097420457866,0.4670356341770717,1.7128156094198,1
2013-02-08,13.09749984741211,9.5961635144576,0.4674641064235142,1.7241364611902852,1
2013-02-11,12.86050033569336,9.5961635144576,0.4808927263532366,1.6929381787547768,1
2013-02-12,12.9350004196167,9.5961635144576,0.47632135663713726,1.7027452650346324,1
2013-02-13,13.47350025177002,9.5961635144576,0.4860356194632394,1.7736326256589454,1
2013-02-14,13.461999893188477,9.5961635144576,0.464571339743478,1.7721187346279699,1
2013-02-15,13.254500389099121,9.632564876394333,0.45046418053763254,1.7448037917115897,1
2013-02-19,13.487500190734863,9.632564876394333,0.40732124873570036,1.7754755579364745,1
2013-02-20,13.320500373840332,9.632564876394333,0.35046413966587614,1.7534919368886106,1
2013-02-21,13.29699993133545,9.632564876394333,0.3289998599461147,1.750398371685418,1
2013-02-22,13.270999908447266,9.6687682100466,0.32674993787493023,1.746975765235672,1
2013-02-25,12.993499755859375,9.6687682100466,0.3378570420401437,1.7104460353913014,1
2013-02-26,12.968000411987305,9.6687682100466,0.3316427639552525,1.7070893376231429,1
2013-02-27,13.162500381469727,9.6687682100466,0.3430356298174177,1.732693040084823,1
2013-02-28,13.213500022888184,9.6687682100466,0.33367851802280973,1.739406561161486,1
2013-03-01,13.286999702453613,9.704770513453635,0.33560711996895926,1.7490819556185129,1
2013-03-04,13.655500411987305,9.704770513453635,0.3445713860648019,1.797590870807167,1
2013-03-05,13.779500007629395,9.704770513453635,0.35717848369053434,1.8139140031996155,1
2013-03-06,13.689499855041504,9.704770513453635,0.3336070605686733,1.8020665096781605,1
2013-03-07,13.694000244140625,9.704770513453635,0.3253927912030901,1.8026589345703716,1
2013-03-08,13.709500312805176,9.744618571158627,0.3175714356558664,1.804699341811971,1
2013-03-11,13.562000274658203,9.744618571158627,0.31107146399361746,1.78528264421633,1
2013-03-12,13.706500053405762,9.744618571158627,0.3078928674970354,1.8043043918838302,1
2013-03-13,13.755000114440918,9.744618571158627,0.2994285992213658,1.8106888717139398,1
2013-03-14,13.286999702453613,9.744618571158627,0.32110711506434847,1.7490819556185129,1
2013-03-15,13.090999603271484,9.777915894861243,0.3145714487348284,1.7232807781927622,1
2013-03-18,12.894499778747559,9.777915894861243,0.30882140568324495,1.6974138176257703,1
2013-03-19,12.820500373840332,9.777915894861243,0.30135720116751535,1.687672640027502,1
2013-03-20,12.86400032043457,9.777915894861243,0.29721430369785856,1.693398911824159,1
2013-03-21,12.669500350952148,9.777915894861243,0.293785776410784,1.6677952093624788,1
2013-03-22,12.887499809265137,9.808857028337899,0.2814286095755441,1.6964923514870056,1
2013-03-25,12.800999641418457,9.808857028337899,0.2751429421561105,1.685105591034933,1
2013-03-26,13.01550006866455,9.808857028337899,0.27800015040806364,1.7133421256304235,1
2013-03-27,13.265000343322754,9.808857028337899,0.2961429868425642,1.7461859909197364,1
2013-03-28,13.32450008392334,9.808857028337899,0.2939286913190569,1.7540184530992342,1
2013-04-01,13.080499649047852,9.843838551279047,0.3032144137791225,1.7218985789846155,1
2013-04-02,13.166000366210938,9.843838551279047,0.29714298248291016,1.7331537731542053,1
2013-04-03,12.951499938964844,9.843838551279047,0.3045001711164202,1.7049172385587146,1
2013-04-04,12.954000473022461,9.843838551279047,0.2785002163478306,1.705246405345614,1
2013-04-05,12.77400016784668,9.872994388259821,0.2720716340201242,1.681551418302704,1
2013-04-08,12.947500228881836,9.872994388259821,0.2702859469822475,1.704390722348091,1
2013-04-09,13.057000160217285,9.872994388259821,0.2657501356942313,1.718805139321769,1
2013-04-10,13.238499641418457,9.872994388259821,0.2709287234715053,1.742697475788403,1
2013-04-11,13.492500305175781,9.872994388259821,0.2767500877380371,1.776133765969927,1
2013-04-12,13.643500328063965,9.910511860297675,0.27871438435145784,1.7960111966349501,1
2013-04-15,13.38599967956543,9.910511860297675,0.2897500991821289,1.762114173384044,1
2013-04-16,13.616999626159668,9.910511860297675,0.2883929525102888,1.7925226815036168,1
2013-04-17,13.369999885559082,9.910511860297675,0.28860725675310406,1.7600079830012032,1
2013-04-18,12.970999717712402,9.910511860297675,0.3153215135846819,1.7074841620109376,1
2013-04-19,13.015999794006348,9.941412237747512,0.3117143767220633,1.7134079087716652,1
2013-04-22,13.177499771118164,9.941412237747512,0.3161072049822126,1.734667538644835,1
2013-04-23,13.444999694824219,9.941412237747512,0.31753574098859516,1.7698808524223004,1
2013-04-24,13.439000129699707,9.941412237747512,0.31885712487357004,1.7690910781063647,1
2013-04-25,13.734999656677246,9.941412237747512,0.3246070998055594,1.8080560395801295,1
2013-04-26,12.740500450134277,9.969263861751362,0.38778563908168245,1.6771415625729522,1
2013-04-29,12.487000465393066,9.969263861751362,0.3958213669913156,1.6437711810730156,1
2013-04-30,12.690500259399414,9.969263861751362,0.393892765045166,1.670559607778772,1
2013-05-01,12.411499977111816,9.969263861751362,0.40182134083339144,1.6338324029703313,1
2013-05-02,12.6274995803833,9.969263861751362,0.4050356319972447,1.6622662869895461,1
2013-05-03,12.90250015258789,9.998450292505956,0.4003213473728725,1.6984669755873636,1
2013-05-06,12.78600025177002,9.998450292505956,0.4038927895682199,1.6831310924749212,1
2013-05-07,12.886500358581543,9.998450292505956,0.3993928091866629,1.6963607852045228,1
2013-05-08,12.934000015258789,9.998450292505956,0.37857137407575336,1.7026135732118035,1
2013-05-09,13.008000373840332,9.998450292505956,0.38317850657871794,1.7123548763504177,1
2013-05-10,13.181500434875488,10.030122433226051,0.3721784864153181,1.7351941803958044,1
2013-05-13,13.225500106811523,10.030122433226051,0.36346415110996794,1.7409862353337031,1
2013-05-14,13.416500091552734,10.030122433226051,0.3659999029976981,1.766129204726001,1
2013-05-15,13.32800006866455,10.030122433226051,0.35696424756731304,1.7544791861686164,1
2013-05-16,13.206000328063965,10.030122433226051,0.2951428549630301,1.7384193118814801,1
2013-05-17,13.494999885559082,10.06459882578658,0.2879999705723354,1.7764628072164803,1
2013-05-20,13.381500244140625,10.06459882578658,0.28503574643816265,1.7615218740321787,1
2013-05-21,13.442999839782715,10.06459882578658,0.26607145581926617,1.7696175943169885,1
2013-05-22,13.14799976348877,10.06459882578658,0.2693214416503906,1.7307841991257067,1
2013-05-23,13.09000015258789,10.06459882578658,0.25817857469831196,1.7231492119102791,1
2013-05-24,13.086999893188477,10.094672468248291,0.24928569793701172,1.7227542619821385,1
2013-05-28,13.364500045776367,10.094672468248291,0.2583214214869908,1.759283991826509,1
2013-05-29,13.27649974822998,10.094672468248291,0.25275005613054546,1.747699756410366,1
2013-05-30,13.341500282287598,10.094672468248291,0.23978580747331893,1.7562563353049039,1
2013-05-31,13.460000038146973,10.128158314714945,0.24864298956734793,1.7718554765226582,1
2013-06-03,13.343999862670898,10.128158314714945,0.2571073259626116,1.7565853765514572,1
2013-06-04,13.28499984741211,10.128158314714945,0.25885731833321707,1.748818697513201,1
2013-06-05,13.358499526977539,10.128158314714945,0.266535827091762,1.7584940919702277,1
2013-06-06,13.391500473022461,10.128158314714945,0.27264295305524555,1.762838290099084,1
2013-06-07,13.843500137329102,10.16512689006434,0.29553583690098356,1.8223388902713245,1
2013-06-10,14.053500175476074,10.16512689006434,0.302464348929269,1.8499829999746038,1
2013-06-11,13.73900032043457,10.16512689006434,0.31564296994890484,1.808582681331099,1
2013-06-12,13.583499908447266,10.16512689006434,0.30953584398542133,1.788112825773865,1
2013-06-13,13.78950023651123,10.16512689006434,0.32000017166137695,1.8152304192665207,1
2013-06-14,13.69950008392334,10.200294782540547,0.3201430184500558,1.8033829257450658,1
2013-06-17,13.902999877929688,10.200294782540547,0.3088929993765695,1.8301713524508223,1
2013-06-18,14.088000297546387,10.200294782540547,0.31403582436697824,1.8545245475271845,1
2013-06-19,13.907999992370605,10.200294782540547,0.32271432876586914,1.8308295604842748,1
2013-06-20,13.67199993133545,10.200294782540547,0.3235714776175363,1.7997628443312494,1
2013-06-21,13.668000221252441,10.234799314269024,0.322857175554548,1.7992363281206256,1
2013-06-24,13.530500411987305,10.234799314269024,0.3317857469831194,1.78113604659189,1
2013-06-25,13.604499816894531,10.234799314269024,0.32403578077043804,1.7908772241901583,1
2013-06-26,13.878499984741211,10.234799314269024,0.3226072447640555,1.8269462209651466,1
2013-06-27,13.8774995803833,10.234799314269024,0.2990001269749233,1.8268145291423177,1
2013-06-28,13.884499549865723,10.271114739498842,0.28617872510637554,1.8277359952810823,1
2013-07-01,14.104999542236328,10.271114739498842,0.2836787360055106,1.8567623041925083,1
2013-07-02,14.18649959564209,10.271114739498842,0.2823930467878069,1.8674908566111283,1
2013-07-03,14.201499938964844,10.271114739498842,0.27128587450299946,1.8694654807114863,1
2013-07-05,14.293999671936035,10.311143445294237,0.273714406149728,1.8816420154794944,1
2013-07-08,14.529500007629395,10.311143445294237,0.272214412689209,1.9126429484912784,1
2013-07-09,14.576499938964844,10.311143445294237,0.2711786542619978,1.9188299533573177,1
2013-07-10,14.616499900817871,10.311143445294237,0.26571437290736605,1.9240954920845925,1
2013-07-11,14.982999801635742,10.311143445294237,0.27421440396990093,1.9723410236275891,1
2013-07-12,15.3774995803833,10.361554949125969,0.28492866243634907,2.024272419725644,1
2013-07-15,15.328499794006348,10.361554949125969,0.2680715152195522,2.0178221567542924,1
2013-07-16,15.343500137329102,10.361554949125969,0.26596430369785856,2.01979678085465,1
2013-07-17,15.434499740600586,10.361554949125969,0.2560356685093471,2.031775840658588,1
2013-07-18,15.205499649047852,10.361554949125969,0.2601784978594099,2.0016305906443272,1
2013-07-19,15.261500358581543,10.410310624841944,0.261035646711077,2.0090024452947888,1
2013-07-22,15.173999786376953,10.410310624841944,0.2650355611528669,1.997483993019887,1
2013-07-23,15.053000450134277,10.410310624841944,0.25971412658691406,1.9815558105555797,1
2013-07-24,14.946999549865723,10.410310624841944,0.2682855469839914,1.967602001110938,1
2013-07-25,15.170000076293945,10.410310624841944,0.2805713244846889,1.9969574768092635,1
2013-07-26,15.600500106811523,10.461954301279453,0.32442842211042133,2.053627895423969,1
2013-07-29,15.305000305175781,10.461954301279453,0.3334998403276716,2.0147287170914456,1
2013-07-30,15.120499610900879,10.461954301279453,0.3487499100821359,1.990441305156325,1
2013-07-31,15.060999870300293,10.461954301279453,0.332892690386091,1.9826088429768272,1
2013-08-01,15.278499603271484,10.461954301279453,0.3266784804207938,2.0112402019601126,1
2013-08-02,15.21049976348877,10.50920350985865,0.328214168548584,2.00228879867778,1
2013-08-05,15.049500465393066,10.50920350985865,0.33546420506068636,1.9810950774861973,1
2013-08-06,15.037500381469727,10.50920350985865,0.338071346282959,1.9795154033139803,1
2013-08-07,14.845499992370605,10.50920350985865,0.3309999874659947,1.9542407420988535,1
2013-08-08,14.786999702453613,10.50920350985865,0.33846426010131836,1.9465398462018386,1
2013-08-09,14.86299991607666,10.552524867134453,0.33032144818987164,1.9565444074457647,1
2013-08-12,14.834500312805176,10.552524867134453,0.3278929165431431,1.9527927597494654,1
2013-08-13,14.69849967956543,10.552524867134453,0.32867867606026785,1.9348898276444542,1
2013-08-14,14.567000389099121,10.552524867134453,0.31439290727887836,1.917579445972,1
2013-08-15,14.32349967956543,10.552524867134453,0.2719644137791225,1.8855253549986226,1
2013-08-16,14.241000175476074,10.589226113983624,0.2602858543395996,1.8746652362975196,1
2013-08-19,14.278499603271484,10.589226113983624,0.2526786667960031,1.8796016082378952,1
2013-08-20,14.354499816894531,10.589226113983624,0.2519287381853376,1.8896061694818211,1
2013-08-21,14.228500366210938,10.589226113983624,0.24250016893659318,1.873019778984061,1
2013-08-22,14.486499786376953,10.589226113983624,0.24689299719674246,1.906982459835863,1
2013-08-23,14.500499725341797,10.628144259370274,0.23864296504429408,1.9088253921133918,1
2013-08-26,14.310500144958496,10.628144259370274,0.24432155064174108,1.8838141145439227,1
2013-08-27,14.046500205993652,10.628144259370274,0.2501429149082729,1.8490615338358394,1
2013-08-28,14.079000473022461,10.628144259370274,0.2419285774230957,1.8533398232831082,1
2013-08-29,14.199000358581543,10.628144259370274,0.24553571428571427,1.8691364394649328,1
2013-08-30,14.048999786376953,10.662182622823076,0.2492856298174177,1.8493905750823927,1
2013-09-03,14.4399995803833,10.662182622823076,0.2649641718183245,1.900861238111065,1
2013-09-04,14.682000160217285,10.662182622823076,0.2788927895682199,1.9327178541203718,1
2013-09-05,14.704999923706055,10.662182622823076,0.27210705620901926,1.935745510641977,1
2013-09-06,14.793000221252441,10.703285285494017,0.2872856685093471,1.94732974605812,1
2013-09-09,14.98550033569336,10.703285285494017,0.2802142415727888,1.9726701904144885,1
2013-09-10,15.017999649047852,10.703285285494017,0.27964278629847933,1.9769483543214115,1
2013-09-11,14.982000350952148,10.703285285494017,0.27732133865356445,1.972209457345106,1
2013-09-12,14.942999839782715,10.703285285494017,0.27389281136648996,1.9670754849003143,1
2013-09-13,14.895999908447266,10.745003838956238,0.27539280482700895,1.960888480034275,1
2013-09-16,14.803000450134277,10.745003838956238,0.2765000207083566,1.9486461621250253,1
2013-09-17,15.208499908447266,10.745003838956238,0.284250055040632,2.002025540572468,1
2013-09-18,15.601499557495117,10.745003838956238,0.30625009536743164,2.053759461706452,1
2013-09-19,15.602999687194824,10.745003838956238,0.29739298139299664,2.0539569366705224,1
2013-09-20,15.817000389099121,10.795471466320846,0.31039299283708843,2.0821276881247717,1
2013-09-23,15.57450008392334,10.795471466320846,0.30025012152535574,2.0502052889742233,1
2013-09-24,15.706500053405762,10.795471466320846,0.2972143718174526,2.0675815793282646,1
2013-09-25,15.632499694824219,10.795471466320846,0.30317858287266325,2.0578402761896504,1
2013-09-26,15.906000137329102,10.795471466320846,0.29832145145961214,2.0938434898233975,1
2013-09-27,15.80049991607666,10.84527274442787,0.3007143565586635,2.079955589060343,1
2013-09-30,15.631999969482422,10.84527274442787,0.3048928805759975,2.057774493048409,1
2013-10-01,16.047500610351562,10.84527274442787,0.3203928130013602,2.112470413103103,1
2013-10-02,16.02549934387207,10.84527274442787,0.31992850984845844,2.1095741973236346,1
2013-10-03,15.73799991607666,10.84527274442787,0.3409285545349121,2.0717281769527047,1
2013-10-04,15.95199966430664,10.896085947610743,0.34392854145595003,2.099898802866608,1
2013-10-07,15.501500129699707,10.896085947610743,0.34628561564854216,2.040595677658438,1
2013-10-08,15.161499977111816,10.896085947610743,0.35146420342581614,1.9958385357064286,1
2013-10-09,14.911499977111816,10.896085947610743,0.3639642170497349,1.9629288872758743,1
2013-10-10,15.258500099182129,10.896085947610743,0.3638213702610561,2.008607495366648,1
2013-10-11,15.544500350952148,10.942338827245981,0.36210707255772184,2.0462561663138534,1
2013-10-14,15.53499984741211,10.942338827245981,0.35442849567958284,2.04500553338819,1
2013-10-15,15.319999694824219,10.942338827245981,0.3528928756713867,2.0167032156514577,1
2013-10-16,15.524499893188477,10.942338827245981,0.3476428304399763,2.043623334180043,1
2013-10-17,15.53849983215332,10.942338827245981,0.35117850984845844,2.045466266457572,1
2013-10-18,16.446500778198242,10.997106607852473,0.408928530556815,2.1649942340933683,1
2013-10-21,16.32200050354004,10.997106607852473,0.40121425901140484,2.148605193019333,1
2013-10-22,16.62700080871582,10.997106607852473,0.42699990953717915,2.1887550042775197,1
2013-10-23,16.33799934387207,10.997106607852473,0.4219286101205008,2.1507112578618277,1
2013-10-24,16.61050033569336,10.997106607852473,0.4195000103541783,2.1865829052130916,1
2013-10-25,18.16950035095215,11.068473709773862,0.5155357633318219,2.391807474834674,1
2013-10-28,17.908000946044922,11.068473709773862,0.4973571641104562,2.35738406091349,1
2013-10-29,18.135000228881836,11.068473709773862,0.49592855998447966,2.387265927282093,1
2013-10-30,18.054000854492188,11.068473709773862,0.4883570671081543,2.37660328354506,1
2013-10-31,18.201499938964844,11.068473709773862,0.48803554262433735,2.3960198556003554,1
2013-11-01,17.950000762939453,11.136946615775509,0.5059640748160226,2.3629128577460765,1
2013-11-04,17.937000274658203,11.136946615775509,0.5097854478018624,2.3612014917510304,1
2013-11-05,17.944499969482422,11.136946615775509,0.5100710732596261,2.3621887410310367,1
2013-11-06,17.80900001525879,11.136946615775509,0.5193924222673688,2.3443517176076125,1
2013-11-07,17.17799949645996,11.136946615775509,0.5011781964983258,2.2612876966749456,1
2013-11-08,17.515499114990234,11.200414799847298,0.5057853971208844,2.3057156718400553,1
2013-11-11,17.7189998626709,11.200414799847298,0.49107115609305246,2.3325042240861578,1
2013-11-12,17.476499557495117,11.200414799847298,0.4900710242135184,2.3005818249356094,1
2013-11-13,17.81100082397461,11.200414799847298,0.5066424778529576,2.3446151012532703,1
2013-11-14,18.3700008392334,11.200414799847298,0.422821044921875,2.418201077152635,1
2013-11-15,18.458499908447266,11.272634552171677,0.4269639423915318,2.429850970169674,1
2013-11-18,18.30900001525879,11.272634552171677,0.43489251817975727,2.4101710144687214,1
2013-11-19,18.246999740600586,11.272634552171677,0.43464251926967074,2.4020093855023243,1
2013-11-20,18.12849998474121,11.272634552171677,0.4350355693272182,2.38641024428457,1
2013-11-21,18.445999145507812,11.272634552171677,0.4243570055280413,2.4282053873158698,1
2013-11-22,18.61549949645996,11.345697884950667,0.4300355911254883,2.450518175150633,1
2013-11-25,18.832000732421875,11.345697884950667,0.43057141985212055,2.479018093391781,1
2013-11-26,19.068500518798828,11.345697884950667,0.42810726165771484,2.510150592686048,1
2013-11-27,19.335500717163086,11.345697884950667,0.3910000664847238,2.545298123322272,1
2013-11-29,19.680999755859375,11.428636212024387,0.3906428473336356,2.590779130908629,1
2013-12-02,19.614999771118164,11.428636212024387,0.399892943246024,2.5820909857316083,1
2013-12-03,19.232999801635742,11.428636212024387,0.40346431732177734,2.5318050469470124,1
2013-12-04,19.29800033569336,11.428636212024387,0.3951072692871094,2.5403616258415505,1
2013-12-05,19.22450065612793,11.428636212024387,0.3685358592442104,2.5306862313845238,1
2013-12-06,19.34749984741211,11.50743087506307,0.35842868259974886,2.546877671954143,1
2013-12-09,19.24449920654297,11.50743087506307,0.3470715114048549,2.533318812437642,1
2013-12-10,19.388999938964844,11.50743087506307,0.3462144306727818,2.5523406856454884,1
2013-12-11,19.109500885009766,11.50743087506307,0.34574999128069195,2.5155478232361514,1
2013-12-12,19.0625,11.50743087506307,0.34153570447649273,2.5093606928297665,1
2013-12-13,19.211999893188477,11.584093253352876,0.34146431514195036,2.529040648530719,1
2013-12-16,19.44849967956543,11.584093253352876,0.3485356739589146,2.5601731478249863,1
2013-12-17,19.38249969482422,11.584093253352876,0.33846419198172434,2.5514850026479654,1
2013-12-18,19.79800033569336,11.584093253352876,0.3654999051775251,2.606180922702659,1
2013-12-19,19.75950050354004,11.584093253352876,0.3558571679251535,2.6011128589394543,1
2013-12-20,20.110000610351562,11.66892815242749,0.3545356478009905,2.6472522000996106,1
2013-12-23,20.145999908447266,11.66892815242749,0.3423929214477539,2.6519910970759155,1
2013-12-24,19.959999084472656,11.66892815242749,0.3393571036202567,2.6275062101767244,1
2013-12-26,20.219499588012695,11.66892815242749,0.34803567613874165,2.661666491532942,1
2013-12-27,19.90399932861328,11.750869159155709,0.3653928211757115,2.620134481066609,1
2013-12-30,19.668500900268555,11.750869159155709,0.37192862374441965,2.589133799135517,1
2013-12-31,19.93950080871582,11.750869159155709,0.36985710688999723,2.6248078459823643,1
2014-01-02,19.898500442504883,11.750869159155709,0.3640000479561942,2.6194106154322605,1
2014-01-03,19.82200050354004,11.831178923776449,0.3675357273646763,2.609340271047093,1
2014-01-06,19.681499481201172,11.831178923776449,0.3690000261579241,2.5908449140498706,1
2014-01-07,19.901500701904297,11.831178923776449,0.35964298248291016,2.619805565360401,1
2014-01-08,20.09600067138672,11.831178923776449,0.36714294978550505,2.6454092678220813,1
2014-01-09,20.050500869750977,11.831178923776449,0.3501785823277065,2.6394197379201128,1
2014-01-10,19.882999420166016,11.911296540655949,0.36899988991873606,2.6173700826503152,1
2014-01-13,19.548999786376953,11.911296540655949,0.37542847224644255,2.5734028405545875,1
2014-01-14,19.87700080871582,11.911296540655949,0.38203552791050505,2.616580433874726,1
2014-01-15,19.793500900268555,11.911296540655949,0.37999984196254183,2.6055886233507937,1
2014-01-16,19.790000915527344,11.911296540655949,0.3877498081752232,2.6051278902814117,1
2014-01-17,19.980499267578125,11.991587115053186,0.3893568856375558,2.6302048254517763,1
2014-01-21,20.352500915527344,11.991587115053186,0.39192826407296316,2.6791745992501586,1
2014-01-22,20.226999282836914,11.991587115053186,0.394071170261928,2.6626537408129485,1
2014-01-23,19.993499755859375,11.991587115053186,0.404928343636649,2.6319161914468223,1
2014-01-24,19.3799991607666,12.06510365282148,0.42792837960379465,2.551155835861066,1
2014-01-27,19.31399917602539,12.06510365282148,0.44589260646275114,2.5424676906840453,1
2014-01-28,19.721500396728516,12.06510365282148,0.4588211604527065,2.5961105783174916,1
2014-01-29,19.209999084472656,12.06510365282148,0.4739283152988979,2.5287772648850613,1
2014-01-30,20.15049934387207,12.06510365282148,0.5224999019077846,2.6525833964277807,1
2014-01-31,17.934499740600586,12.123505603943661,0.6485355922154018,2.3608723249641312,1
2014-02-03,17.3075008392334,12.123505603943661,0.6821784973144531,2.2783350713227795,1
2014-02-04,17.397499084472656,12.123505603943661,0.690499986921038,2.290182313763543,1
2014-02-05,17.322500228881836,12.123505603943661,0.7078571319580078,2.2803095698827915,1
2014-02-06,17.72949981689453,12.123505603943661,0.7024642399379185,2.3338864232943046,1
2014-02-07,18.054000854492188,12.182515506934195,0.7006071635654995,2.37660328354506,1
2014-02-10,18.043500900268555,12.182515506934195,0.6915356772286552,2.3752210843369137,1
2014-02-11,18.089500427246094,12.182515506934195,0.6961785725184849,2.381276397380124,1
2014-02-12,17.462499618530273,12.182515506934195,0.7214999880109515,2.2987388926580805,1
2014-02-13,17.860000610351562,12.182515506934195,0.7135357175554548,2.3510653642246218,1
2014-02-14,17.86750030517578,12.239082519852023,0.6863213947841099,2.3520526135046276,1
2014-02-18,17.6825008392334,12.239082519852023,0.684321403503418,2.327699543968611,1
2014-02-19,17.368999481201172,12.239082519852023,0.6744999204363141,2.2864306660672433,1
2014-02-20,17.489999771118164,12.239082519852023,0.6174642017909459,2.302358974071897,1
2014-02-21,17.33799934387207,12.289818010638292,0.48225007738385883,2.282349851584045,1
2014-02-24,17.589000701904297,12.289818010638292,0.4428215026855469,2.315391317377774,1
2014-02-25,17.916000366210938,12.289818010638292,0.4411072049822126,2.358437093334737,1
2014-02-26,17.989999771118164,12.289818010638292,0.4266071319580078,2.3681782709330053,1
2014-02-27,18.006500244140625,12.289818010638292,0.4148928778512137,2.3703503699974338,1
2014-02-28,18.104999542236328,12.347680513440263,0.41303580147879465,2.3833166790813776,1
2014-03-03,17.98900032043457,12.347680513440263,0.42007146562848774,2.3680467046505225,1
2014-03-04,18.19499969482422,12.347680513440263,0.41485718318394255,2.3951641726028323,1
2014-03-05,18.618499755859375,12.347680513440263,0.3911428451538086,2.4509131250787735,1
2014-03-06,18.607999801635742,12.347680513440263,0.3758929116385324,2.4495309258706266,1
2014-03-07,18.60300064086914,12.409922504757963,0.37400014059884207,2.44887284337752,1
2014-03-10,18.526500701904297,12.409922504757963,0.36625003814697266,2.4388024989923527,1
2014-03-11,18.44099998474121,12.409922504757963,0.35582147325788227,2.4275473048227627,1
2014-03-12,18.531999588012695,12.409922504757963,0.3610714503696987,2.4395263646267007,1
2014-03-13,18.57550048828125,12.409922504757963,0.38835716247558594,2.4452527619637037,1
2014-03-14,18.687000274658203,12.472380990030604,0.37889276232038227,2.4599304370426935,1
2014-03-17,18.75200080871582,12.472380990030604,0.3632140840802874,2.468487015937231,1
2014-03-18,18.938499450683594,12.472380990030604,0.3504284449986049,2.4930374348969724,1
2014-03-19,18.661500930786133,12.472380990030604,0.3664642061505999,2.456573739274535,1
2014-03-20,18.44849967956543,12.472380990030604,0.3601070131574358,2.428534554102769,1
2014-03-21,18.0310001373291,12.527690633287307,0.3844642639160156,2.373575501483109,1
2014-03-24,17.592500686645508,12.527690633287307,0.40946429116385324,2.3158520504471563,1
2014-03-25,17.73550033569336,12.527690633287307,0.41410718645368305,2.334676323150586,1
2014-03-26,17.170499801635742,12.527690633287307,0.441857065473284,2.2603004473949393,1
2014-03-27,16.923500061035156,12.527690633287307,0.4692141669137137,2.2277857488925257,1
2014-03-28,16.914499282836914,12.571340470596258,0.4877499171665737,2.226600899108104,1
2014-03-31,16.818500518798828,12.571340470596258,0.5117143903459821,2.2139637568110593,1
2014-04-01,17.149499893188477,12.571340470596258,0.51353577205113,2.257536048978646,1
2014-04-02,17.097999572753906,12.571340470596258,0.4881429672241211,2.250756619220396,1
2014-04-03,16.680999755859375,12.571340470596258,0.5130716051374163,2.1958633497419777,1
2014-04-04,16.149999618530273,12.60694901933192,0.5656430380684989,2.1259632383976705,1
2014-04-07,15.887999534606934,12.60694901933192,0.5935358319963727,2.091473915794899,1
2014-04-08,16.353500366210938,12.60694901933192,0.5958929743085589,2.1527517906437725,1
2014-04-09,16.590499877929688,12.60694901933192,0.6054286275591169,2.183950073079281,1
2014-04-10,15.855500221252441,12.60694901933192,0.6085357666015625,2.087195751887976,1
2014-04-11,15.58650016784668,12.636596294441519,0.5896428653172084,2.05178496314644,1
2014-04-14,15.795499801635742,12.636596294441519,0.5863214220319476,2.079297381026891,1
2014-04-15,15.803999900817871,12.636596294441519,0.5812500544956752,2.0804163221297256,1
2014-04-16,16.18400001525879,12.636596294441519,0.5675715037754604,2.1304390028090094,1
2014-04-17,16.245500564575195,12.636596294441519,0.5603572981698173,2.138534848634165,1
2014-04-21,16.543500900268555,12.672505789666731,0.5482501302446637,2.1777631937535875,1
2014-04-22,16.465999603271484,12.672505789666731,0.5500358172825405,2.1675610320052456,1
2014-04-23,16.229000091552734,12.672505789666731,0.5565356527056012,2.136362749569737,1
2014-04-24,16.857500076293945,12.672505789666731,0.5580000877380371,2.2190976037155052,1
2014-04-25,15.191499710083008,12.697570405790277,0.6101787430899483,1.9997876583667984,1
2014-04-28,14.829000473022461,12.697570405790277,0.6265358924865723,1.9520687685747713,1
2014-04-29,15.019000053405762,12.697570405790277,0.6306430271693638,1.9770800461442404,1
2014-04-30,15.206500053405762,12.697570405790277,0.6191430773053851,2.001762282467156,1
2014-05-01,15.394499778747559,12.697570405790277,0.5876073837280273,2.0265103019313133,1
2014-05-02,15.400500297546387,12.72446523058387,0.5925002779279437,2.027300201787595,1
2014-05-05,15.5024995803833,12.72446523058387,0.5783217293875558,2.0407272439409208,1
2014-05-06,14.869000434875488,12.72446523058387,0.5791431154523577,1.9573343073020462,1
2014-05-07,14.635499954223633,12.72446523058387,0.5841788564409528,1.926596632395574,1
2014-05-08,14.416000366210938,12.72446523058387,0.5832859448024205,1.8977020153069768,1
2014-05-09,14.612000465393066,12.74324667570635,0.5849287169320243,1.9235031927327273,1
2014-05-12,15.142999649047852,12.74324667570635,0.5940001351492745,1.9934031785366886,1
2014-05-13,15.232000350952148,12.74324667570635,0.576535837990897,2.0051191057756603,1
2014-05-14,14.880999565124512,12.74324667570635,0.5534285817827497,1.9589138559339172,1
2014-05-15,14.759499549865723,12.74324667570635,0.46192857197352816,1.9429197647880223,1
2014-05-16,14.885000228881836,12.764557656334963,0.4295714242117746,1.959440497684887,1
2014-05-19,14.838000297546387,12.764557656334963,0.40742853709629606,1.9532534928188476,1
2014-05-20,15.059499740600586,12.764557656334963,0.41189282281058176,1.9824113680127566,1
2014-05-21,15.250499725341797,12.764557656334963,0.4057856968470982,2.007554337405055,1
2014-05-22,15.245499610900879,12.764557656334963,0.39346422467912945,2.006896129371602,1
2014-05-23,15.612000465393066,12.7928904206042,0.4013928004673549,2.0551417864549446,1
2014-05-27,15.541000366210938,12.7928904206042,0.3808213642665318,2.045795433244471,1
2014-05-28,15.508000373840332,12.7928904206042,0.3654641423906599,2.041451360655961,1
2014-05-29,15.689000129699707,12.7928904206042,0.35139267785208567,2.0652779139813537,1
2014-05-30,15.6274995803833,12.821095486870659,0.3434641020638602,2.057182068156198,1
2014-06-02,15.442000389099121,12.821095486870659,0.32382127216884066,2.03276321547894,1
2014-06-03,15.35949993133545,12.821095486870659,0.31996420451572966,2.021902971237491,1
2014-06-04,15.33899974822998,12.821095486870659,0.31167847769601004,2.0192043559624393,1
2014-06-05,16.178499221801758,12.821095486870659,0.3557498795645578,2.1297148860939696,1
2014-06-06,16.48349952697754,12.857537318115504,0.3556785583496094,2.1698646973521565,1
2014-06-09,16.375,12.857537318115504,0.36339289801461355,2.1555819722013077,1
2014-06-10,16.620500564575195,12.857537318115504,0.36442858832223074,2.1878993212799966,1
2014-06-11,16.760000228881836,12.857537318115504,0.37707131249564035,2.206262860914044,1
2014-06-12,16.295499801635742,12.857537318115504,0.3962142126900809,2.1451166778879993,1
2014-06-13,16.313499450683594,12.89192500102663,0.39021417072841097,2.147486126376152,1
2014-06-16,16.381000518798828,12.89192500102663,0.38278559276035856,2.156371872057589,1
2014-06-17,16.2810001373291,12.89192500102663,0.3817499024527414,2.143207962469229,1
2014-06-18,16.7189998626709,12.89192500102663,0.40332140241350445,2.2008656303639405,1
2014-06-19,16.350000381469727,12.89192500102663,0.4241785321916853,2.1522910575743905,1
2014-06-20,16.209999084472656,12.924940663548481,0.43203565052577425,2.13386148371841,1
2014-06-23,16.36199951171875,12.924940663548481,0.4404999869210379,2.1538706062062616,1
2014-06-24,16.20800018310547,12.924940663548481,0.4452500343322754,2.1335983511534438,1
2014-06-25,16.371999740600586,12.924940663548481,0.39257144927978516,2.155187022273167,1
2014-06-26,16.284500122070312,12.924940663548481,0.38974993569510324,2.143668695538611,1
2014-06-27,16.228500366210938,12.957811904370994,0.37510708400181364,2.1362969664284956,1
2014-06-30,16.23900032043457,12.957811904370994,0.36346435546875,2.137679165636642,1
2014-07-01,16.61949920654297,12.957811904370994,0.3638572692871094,2.187767503916822,1
2014-07-02,16.642499923706055,12.957811904370994,0.3431786128452846,2.190795285978773,1
2014-07-03,16.874500274658203,12.957811904370994,0.3420358385358538,2.2213354859211747,1
2014-07-07,16.677499771118164,12.996783927955942,0.34153597695486887,2.1954026166725953,1
2014-07-08,16.190500259399414,12.996783927955942,0.36378601619175505,2.1312946858065325,1
2014-07-09,16.49850082397461,12.996783927955942,0.35057176862444195,2.1718394469928604,1
2014-07-10,16.395999908447266,12.996783927955942,0.3306075504847935,2.158346370617601,1
2014-07-11,17.309999465942383,13.039701495498095,0.37089334215436665,2.278663987028987,1
2014-07-14,17.766000747680664,13.039701495498095,0.38614327566964285,2.3386913544925427,1
2014-07-15,17.722000122070312,13.039701495498095,0.3832860674176897,2.3328991740142984,1
2014-07-16,17.795000076293945,13.039701495498095,0.3829646791730608,2.3425087853300837,1
2014-07-17,17.622499465942383,13.039701495498095,0.37960747310093473,2.31980104756718,1
2014-07-18,17.933000564575195,13.088391038473986,0.39514310019356863,2.3606749755404066,1
2014-07-21,17.988000869750977,13.088391038473986,0.3960358755929129,2.3679151383680392,1
2014-07-22,18.04199981689453,13.088391038473986,0.3933929715837751,2.3750234838324973,1
2014-07-23,17.906999588012695,13.088391038473986,0.39025020599365234,2.357252243550315,1
2014-07-24,17.930500030517578,13.088391038473986,0.39475018637520926,2.3603458087535074,1
2014-07-25,16.20050048828125,13.11935730165615,0.5333929743085589,2.132611101873438,1
2014-07-28,16.02050018310547,13.11935730165615,0.5190357480730329,2.108916114830528,1
2014-07-29,16.0,13.11935730165615,0.5059999738420758,2.106217499555476,1
2014-07-30,16.125499725341797,13.11935730165615,0.4949284281049456,2.122738106911995,1
2014-07-31,15.649499893188477,13.11935730165615,0.4648212024143764,2.0600781583953203,1
2014-08-01,15.352999687194824,13.141582599024694,0.4677854946681431,2.021047288239968,1
2014-08-04,15.682499885559082,13.141582599024694,0.4782498223440988,2.0644222309838307,1
2014-08-05,15.616000175476074,13.141582599024694,0.47171408789498465,2.0556683026655684,1
2014-08-06,15.694499969482422,13.141582599024694,0.47171408789498465,2.066001905156048,1
2014-08-07,15.572500228881836,13.141582599024694,0.4668212618146624,2.049942030868911,1
2014-08-08,15.84000015258789,13.168432524930797,0.47278554098946707,2.0851553446463766,1
2014-08-11,15.916500091552734,13.168432524930797,0.45814268929617746,2.0952256890315444,1
2014-08-12,15.965999603271484,13.168432524930797,0.4586426871163504,2.1017417351441368,1
2014-08-13,16.31399917602539,13.168432524930797,0.4789641244070871,2.1475519095173934,1
2014-08-14,16.660499572753906,13.168432524930797,0.35024990354265484,2.193164734466926,1
2014-08-15,16.681499481201172,13.20338841504294,0.3443927764892578,2.195929132883219,1
2014-08-18,16.726499557495117,13.20338841504294,0.34714276450020926,2.2018528796439463,1
2014-08-19,16.756500244140625,13.20338841504294,0.34203577041625977,2.205802127844662,1
2014-08-20,16.788999557495117,13.20338841504294,0.31521436146327425,2.210080291751585,1
2014-08-21,16.64550018310547,13.20338841504294,0.29060724803379606,2.1911902359069138,1
2014-08-22,16.579500198364258,13.23698156711579,0.2697500501360212,2.182502090729893,1
2014-08-25,16.701000213623047,13.23698156711579,0.27221427645002094,2.1984961818757878,1
2014-08-26,17.09149932861328,13.23698156711579,0.28921433857509066,2.249900936222873,1
2014-08-27,17.159000396728516,13.23698156711579,0.2860001155308315,2.2587866819043096,1
2014-08-28,17.000999450683594,13.23698156711579,0.27785723549979074,2.237987659560176,1
2014-08-29,16.95199966430664,13.273946921316695,0.2798572267804827,2.231537396588825,1
2014-09-02,17.118999481201172,13.273946921316695,0.28335721152169363,2.253521017636689,1
2014-09-03,16.950000762939453,13.273946921316695,0.25949995858328684,2.231274264023859,1
2014-09-04,17.297500610351562,13.273946921316695,0.2686783926827567,2.2770186552558744,1
2014-09-05,17.319000244140625,13.314196208110962,0.26028551374162945,2.279848836813409,1
2014-09-08,17.117000579833984,13.314196208110962,0.2716069902692522,2.253257885071723,1
2014-09-09,16.487499237060547,13.314196208110962,0.30860696520124165,2.1703912135627803,1
2014-09-10,16.566499710083008,13.314196208110962,0.3193927492414202,2.1807907247348473,1
2014-09-11,16.525999069213867,13.314196208110962,0.3274997983660017,2.175459277325985,1
2014-09-12,16.559499740600586,13.34648778554867,0.33042839595249723,2.1798692585960824,1
2014-09-15,16.194499969482422,13.34648778554867,0.35596418380737305,2.1318212020171563,1
2014-09-16,16.38800048828125,13.34648778554867,0.3525357246398926,2.1572933381963533,1
2014-09-17,16.200000762939453,13.34648778554867,0.3566427912030901,2.132545318732196,1
2014-09-18,16.25,13.34648778554867,0.35310711179460796,2.1391271479860303,1
2014-09-19,16.56599998474121,13.378522732804317,0.3660358020237514,2.1807249415936054,1
2014-09-22,16.225000381469727,13.378522732804317,0.38360725130353657,2.135836233359113,1
2014-09-23,16.181499481201172,13.378522732804317,0.385857241494315,2.1301098360221102,1
2014-09-24,16.410499572753906,13.378522732804317,0.3840716225760324,2.160255086036371,1
2014-09-25,16.096500396728516,13.378522732804317,0.39410740988595144,2.118920676074454,1
2014-09-26,16.160499572753906,13.406204094395857,0.3888216018676758,2.127345437605817,1
2014-09-29,16.090999603271484,13.406204094395857,0.358785833631243,2.118196559359414,1
2014-09-30,16.121999740600586,13.406204094395857,0.3543571744646345,2.1222773738426124,1
2014-10-01,15.873000144958496,13.406204094395857,0.35532147543770926,2.089499417234887,1
2014-10-02,15.920499801635742,13.406204094395857,0.3664643423897879,2.0957522052421678,1
2014-10-03,16.136999130249023,13.433376184304844,0.3465357507978167,2.1242518724026245,1
2014-10-06,16.110000610351562,13.433376184304844,0.32921416418892996,2.1206978252107413,1
2014-10-07,15.848999977111816,13.433376184304844,0.3258213996887207,2.086340068890453,1
2014-10-08,16.135000228881836,13.433376184304844,0.3493213653564453,2.1239887398376585,1
2014-10-09,15.768500328063965,13.433376184304844,0.3508213588169643,2.0757432082946616,1
2014-10-10,15.569499969482422,13.454631147341438,0.33699989318847656,2.0495470809407705,1
2014-10-13,15.322500228881836,13.454631147341438,0.34907136644635883,2.017032382438357,1
2014-10-14,15.415499687194824,13.454631147341438,0.33696419852120535,2.0292747003476066,1
2014-10-15,15.298500061035156,13.454631147341438,0.3443570137023926,2.013873034093923,1
2014-10-16,15.142999649047852,13.454631147341438,0.369821344103132,1.9934031785366886,1
2014-10-17,15.182000160217285,13.471818898713337,0.37599992752075195,1.9985371509814804,1
2014-10-20,15.310500144958496,13.471818898713337,0.3745356968470982,2.0154527082661398,1
2014-10-21,15.766500473022461,13.471818898713337,0.38360711506434847,2.07547995018935,1
2014-10-22,15.648500442504883,13.471818898713337,0.3804642813546317,2.059946592112837,1
2014-10-23,15.659000396728516,13.471818898713337,0.37564291272844585,2.061328791320984,1
2014-10-24,14.352999687194824,13.48058686675793,0.4636787005833217,1.8894086945177508,1
2014-10-27,14.498499870300293,13.48058686675793,0.4632143293108259,1.9085621340080798,1
2014-10-28,14.779500007629395,13.48058686675793,0.4570357458932059,1.9455525969218328,1
2014-10-29,14.706000328063965,13.48058686675793,0.45117861883980886,1.9358772024648059,1
2014-10-30,14.953499794006348,13.48058686675793,0.45471436636788504,1.9684576841084611,1
2014-10-31,15.27299976348877,13.498421820954258,0.44371441432407926,2.0105162107854184,1
2014-11-03,15.28600025177002,13.498421820954258,0.4375715936933245,2.0122275767804645,1
2014-11-04,15.14050006866455,13.498421820954258,0.42450019291469027,1.9930741372901353,1
2014-11-05,14.826000213623047,13.498421820954258,0.41325017384120394,1.9516738186466305,1
2014-11-06,14.831999778747559,13.498421820954258,0.4069287436349051,1.952463592962566,1
2014-11-07,14.993000030517578,13.51329324592504,0.40403590883527485,1.9736574396944944,1
2014-11-10,15.255499839782715,13.51329324592504,0.39157165799822125,2.008212545438507,1
2014-11-11,15.600500106811523,13.51329324592504,0.40010738372802734,2.053627895423969,1
2014-11-12,15.575499534606934,13.51329324592504,0.3943573406764439,2.050336855256706,1
2014-11-13,15.824000358581543,13.51329324592504,0.31292874472481863,2.083049154263536,1
2014-11-14,16.391000747680664,13.541927151415146,0.3525001662118094,2.1576882881244943,1
2014-11-17,16.15250015258789,13.541927151415146,0.3586787496294294,2.1262924051845697,1
2014-11-18,16.24650001525879,13.541927151415146,0.35857159750802176,2.1386664149166483,1
2014-11-19,16.32699966430664,13.541927151415146,0.34785727092197966,2.1492632755124395,1
2014-11-20,16.527000427246094,13.541927151415146,0.3574643135070801,2.1755910946891595,1
2014-11-21,16.631500244140625,13.572669172238287,0.3682499613080706,2.189347303629385,1
2014-11-24,16.781999588012695,13.572669172238287,0.36542844772338867,2.2091588256128207,1
2014-11-25,16.75200080871582,13.572669172238287,0.34832136971609934,2.2052098284927966,1
2014-11-26,16.678499221801758,13.572669172238287,0.343250002179827,2.195534182955078,1
2014-11-28,16.93199920654297,13.606095341733857,0.3575000081743513,2.2289045644550147,1
2014-12-01,16.299999237060547,13.606095341733857,0.38882146562848774,2.1457089772398645,1
2014-12-02,16.315500259399414,13.606095341733857,0.37435708727155415,2.14774951002181,1
2014-12-03,15.824999809265137,13.606095341733857,0.4051427159990583,2.083180720546019,1
2014-12-04,15.846500396728516,13.606095341733857,0.4006426674979074,2.0860110276438997,1
2014-12-05,15.631500244140625,13.626248624344871,0.36353560856410433,2.0577087099071676,1
2014-12-08,15.331999778747559,13.626248624344871,0.36985703877040316,2.018282889823675,1
2014-12-09,15.625,13.626248624344871,0.39124986103602816,2.0568530269096446,1
2014-12-10,15.291999816894531,13.626248624344871,0.4059998648507254,2.0130173510964,1
2014-12-11,15.368000030517578,13.626248624344871,0.3969285147530692,2.023021912340326,1
2014-12-12,15.366000175476074,13.643559585052644,0.39635705947875977,2.022758654235014,1
2014-12-15,15.303500175476074,13.643559585052644,0.4104642868041992,2.0145312421273753,1
2014-12-16,14.753000259399414,13.643559585052644,0.43192856652396067,1.9420642073308452,1
2014-12-17,14.944000244140625,13.643559585052644,0.44389275142124723,1.9672071767231432,1
2014-12-18,14.886500358581543,13.643559585052644,0.45660700116838726,1.9596379726489572,1
2014-12-19,14.994999885559082,13.657006752221863,0.42557123729160856,1.9739206977998063,1
2014-12-22,15.32699966430664,13.657006752221863,0.43549987248011995,2.017624681790222,1
2014-12-23,15.314499855041504,13.657006752221863,0.4063213893345424,2.0159792244767636,1
2014-12-24,15.15149974822998,13.657006752221863,0.40275001525878906,1.9945221196395235,1
2014-12-26,15.454500198364258,13.674892259148653,0.4086785316467285,2.0344086727923987,1
2014-12-29,15.60200023651123,13.674892259148653,0.39421422140938894,2.0538253703880396,1
2014-12-30,15.515000343322754,13.674892259148653,0.3659999029976981,2.0423728267947254,1
2014-12-31,15.517499923706055,13.674892259148653,0.34621422631399973,2.0427018680412785,1
2015-01-02,15.425999641418457,13.692316213201089,0.3497499738420759,2.0306568995557535,1
2015-01-05,15.10949993133545,13.692316213201089,0.3498928887503488,1.9889933228069367,1
2015-01-06,14.76449966430664,13.692316213201089,0.35671424865722656,1.943577972821475,1
2015-01-07,14.920999526977539,13.692316213201089,0.33860710688999723,1.964179394661192,1
2015-01-08,15.02299976348877,13.692316213201089,0.33999994822910856,1.977606562354864,1
2015-01-09,14.846500396728516,13.70380063293768,0.3219285692487444,1.9543724339216824,1
2015-01-12,14.570500373840332,13.70380063293768,0.33339289256504606,1.9180401790413821,1
2015-01-13,14.737000465393066,13.70380063293768,0.34278569902692524,1.9399580169480044,1
2015-01-14,14.66349983215332,13.70380063293768,0.3612499918256487,1.9302824969506318,1
2015-01-15,14.34749984741211,13.70380063293768,0.3793214389256069,1.8886847033430567,1
2015-01-16,14.536999702453613,13.712091170942815,0.37142862592424664,1.9136301977712844,1
2015-01-20,14.472000122070312,13.712091170942815,0.3688572474888393,1.9050737444170924,1
2015-01-21,14.862500190734863,13.712091170942815,0.4193572998046875,1.9564786243045231,1
2015-01-22,15.515999794006348,13.712091170942815,0.4623215539114816,2.042504393077208,1
2015-01-23,15.619500160217285,13.731070364865944,0.4673929895673479,2.0561290357349504,1
2015-01-26,15.482999801635742,13.731070364865944,0.4595714977809361,2.0381603204886978,1
2015-01-27,15.337499618530273,13.731070364865944,0.4488215446472168,2.019006880998369,1
2015-01-28,15.195500373840332,13.731070364865944,0.4549643652779715,2.000314300117768,1
2015-01-29,15.58899974822998,13.731070364865944,0.4779644012451172,2.0521140043929935,1
2015-01-30,17.726499557495117,13.770825879220464,0.6262858254568917,2.3334914733661636,1
2015-02-02,18.223499298095703,13.770825879220464,0.6468572616577148,2.3989158202991314,1
2015-02-03,18.177499771118164,13.770825879220464,0.6380002158028739,2.392860507255921,1
2015-02-04,18.237499237060547,13.770825879220464,0.6375001498631069,2.4007587525766607,1
2015-02-05,18.694499969482422,13.770825879220464,0.654893057686942,2.4609176863226994,1
2015-02-06,18.714000701904297,13.820011698351646,0.652892930167062,2.4634847353152685,1
2015-02-09,18.527999877929688,13.820011698351646,0.6537500790187291,2.438999848416077,1
2015-02-10,18.649999618530273,13.820011698351646,0.6075000081743512,2.4550597227032136,1
2015-02-11,18.756999969482422,13.820011698351646,0.5753570965358189,2.469145098430338,1
2015-02-12,18.85849952697754,13.820011698351646,0.5616071564810616,2.4825063574424227,1
2015-02-13,19.09149932861328,13.87246431158808,0.5634286063058036,2.5131781236673074,1
2015-02-17,18.771499633789062,13.87246431158808,0.5689643451145717,2.4710538138491085,1
2015-02-18,18.668500900268555,13.87246431158808,0.555321489061628,2.4574952054132995,1
2015-02-19,18.950000762939453,13.87246431158808,0.53760712487357,2.494551451468294,1
2015-02-20,19.183000564575195,13.925305468334221,0.39524991171700613,2.5252232176931786,1
2015-02-23,19.006999969482422,13.925305468334221,0.36507129669189453,2.5020547468608925,1
2015-02-24,18.929500579833984,13.925305468334221,0.35332121167864117,2.491852836193242,1
2015-02-25,19.26849937438965,13.925305468334221,0.36060701097760883,2.5364781607820763,1
2015-02-26,19.239999771118164,13.925305468334221,0.3321783883231027,2.532726513085777,1
2015-02-27,19.007999420166016,13.975879537506676,0.33653559003557476,2.5021863131433753,1
2015-03-02,19.283000946044922,13.975879537506676,0.33371407645089285,2.5383871272815384,1
2015-03-03,19.230499267578125,13.975879537506676,0.3291070120675223,2.531475880160113,1
2015-03-04,19.13599967956543,13.975879537506676,0.3280713217599051,2.519036087286793,1
2015-03-05,19.39150047302246,13.975879537506676,0.32928548540387836,2.5526698524323876,1
2015-03-06,19.004499435424805,14.025915556391436,0.33985696520124165,2.5017255800739933,1
2015-03-09,18.92799949645996,14.025915556391436,0.32432120186941965,2.4916552356888255,1
2015-03-10,18.475500106811523,14.025915556391436,0.34392833709716797,2.4320888523753434,1
2015-03-11,18.318500518798828,14.025915556391436,0.33885696956089567,2.411421647394385,1
2015-03-12,18.711999893188477,14.025915556391436,0.3433926446097238,2.4632213516696106,1
2015-03-13,18.52899932861328,14.070722360095136,0.3470355442592076,2.43913141469856,1
2015-03-16,18.667499542236328,14.070722360095136,0.3573927198137556,2.4573633880501244,1
2015-03-17,18.59600067138672,14.070722360095136,0.3343569891793387,2.4479513772387556,1
2015-03-18,18.756999969482422,14.070722360095136,0.3457855497087751,2.469145098430338,1
2015-03-19,18.66200065612793,14.070722360095136,0.34121404375348774,2.4566395224157764,1
2015-03-20,18.92449951171875,14.119018650161042,0.34017835344587055,2.4911945026194435,1
2015-03-23,18.75550079345703,14.119018650161042,0.3484997068132673,2.4689477490066136,1
2015-03-24,18.704500198364258,14.119018650161042,0.33871391841343473,2.462234102389605,1
2015-03-25,18.54800033569336,14.119018650161042,0.3548210688999721,2.4416326805498874,1
2015-03-26,18.36750030517578,14.119018650161042,0.3433925083705357,2.417871910365736,1
2015-03-27,18.527999877929688,14.16288911013884,0.349785396030971,2.438999848416077,1
2015-03-30,18.72949981689453,14.16288911013884,0.33614253997802734,2.4655250170165215,1
2015-03-31,18.604999542236328,14.16288911013884,0.3329282488141741,2.449135975942486,1
2015-04-01,18.51300048828125,14.16288911013884,0.31753553662981304,2.4370253498560652,1
2015-04-02,18.612499237060547,14.16288911013884,0.3058211462838309,2.450123225222492,1
2015-04-06,18.851999282836914,14.207163837769903,0.3187497002737863,2.4816506744448996,1
2015-04-07,18.720500946044922,14.207163837769903,0.32024969373430523,2.464340418312791,1
2015-04-08,19.059999465942383,14.207163837769903,0.3126782008579799,2.5090315260428673,1
2015-04-09,19.177000045776367,14.207163837769903,0.31517832619803293,2.524433317836897,1
2015-04-10,19.13249969482422,14.25617215475552,0.3139998572213309,2.518575354217411,1
2015-04-13,19.118000030517578,14.25617215475552,0.30796418871198383,2.5166666387986405,1
2015-04-14,19.25550079345703,14.25617215475552,0.32092857360839844,2.534767045867722,1
2015-04-15,19.172500610351562,14.25617215475552,0.2992499215262277,2.5238410184850317,1
2015-04-16,19.302000045776367,14.25617215475552,0.2929998125348772,2.5408881420521743,1
2015-04-17,18.777999877929688,14.30116546543387,0.31099987030029297,2.4719094968466315,1
2015-04-20,19.475500106811523,14.30116546543387,0.3496427536010742,2.5637274460975608,1
2015-04-21,19.55900001525879,14.30116546543387,0.35539272853306364,2.574719256621493,1
2015-04-22,19.489999771118164,14.30116546543387,0.36060701097760883,2.5656361615163314,1
2015-04-23,19.499500274658203,14.30116546543387,0.3657855987548828,2.566886794441995,1
2015-04-24,22.2549991607666,14.380308089268027,0.5508569989885602,2.929616792812441,1
2015-04-27,21.92799949645996,14.380308089268027,0.5662141527448382,2.8865710168554775,1
2015-04-28,21.465499877929688,14.380308089268027,0.5797499247959682,2.8256882174750904,1
2015-04-29,21.4685001373291,14.380308089268027,0.5889998844691685,2.826083167403231,1
2015-04-30,21.089000701904297,14.380308089268027,0.6129640851702008,2.776126395405534,1
2015-05-01,21.14349937438965,14.44760352494088,0.6290355409894671,2.7833005240112336,1
2015-05-04,21.152000427246094,14.44760352494088,0.6317141396658761,2.7844195906544145,1
2015-05-05,21.059499740600586,14.44760352494088,0.6401070186070034,2.77224293034606,1
2015-05-06,20.954999923706055,14.44760352494088,0.6549998692103794,2.758486721405835,1
2015-05-07,21.3439998626709,14.44760352494088,0.6469997678484235,2.8096941263291955,1
2015-05-08,21.684499740600586,14.519612442509633,0.6182140622820173,2.854517051422446,1
2015-05-11,21.642499923706055,14.519612442509633,0.6176069804600307,2.8489882545898593,1
2015-05-12,21.551000595092773,14.519612442509633,0.6185354505266462,2.83694341164468,1
2015-05-13,21.3435001373291,14.519612442509633,0.6256783349173409,2.8096283431879536,1
2015-05-14,21.61400032043457,14.519612442509633,0.42378548213413786,2.84523660689356,1
2015-05-15,21.299999237060547,14.587078977778797,0.41807120186941965,2.8039019458509506,1
2015-05-18,21.261999130249023,14.587078977778797,0.3996783665248326,2.798899665228988,1
2015-05-19,21.085500717163086,14.587078977778797,0.3975355965750558,2.775665662336152,1
2015-05-20,21.19300079345703,14.587078977778797,0.38407135009765625,2.7898168212045182,1
2015-05-21,21.581499099731445,14.587078977778797,0.39621407645089285,2.840958191905945,1
2015-05-22,21.381500244140625,14.65468515953364,0.387213979448591,2.814630623809917,1
2015-05-26,21.273500442504883,14.65468515953364,0.3841426031930106,2.8004136818003094,1
2015-05-27,21.570999145507812,14.65468515953364,0.37939276014055523,2.8395759926977986,1
2015-05-28,21.328500747680664,14.65468515953364,0.3670712879725865,2.807653844627942,1
2015-05-29,21.46150016784668,14.72241466210392,0.35853549412318636,2.8251617012644665,1
2015-06-01,21.54599952697754,14.72241466210392,0.3561427252633231,2.8362850780708815,1
2015-06-02,21.54949951171875,14.72241466210392,0.35771424429757254,2.8367458111402635,1
2015-06-03,21.829500198364258,14.72241466210392,0.35653577532087055,2.8736047077715337,1
2015-06-04,21.538999557495117,14.72241466210392,0.36142866952078684,2.835363611932117,1
2015-06-05,21.34749984741211,14.788335907728879,0.34828581128801617,2.8101548593985775,1
2015-06-08,21.174999237060547,14.788335907728879,0.34724998474121094,2.7874471216356738,1
2015-06-09,21.27400016784668,14.788335907728879,0.3498927525111607,2.8004794649415508,1
2015-06-10,21.53849983215332,14.788335907728879,0.34267847878592356,2.8352978287908757,1
2015-06-11,21.648500442504883,14.788335907728879,0.32510716574532644,2.849778154446141,1
2015-06-12,21.496000289916992,14.85507883690488,0.32467869349888395,2.8297032488170473,1
2015-06-15,21.183500289916992,14.85507883690488,0.3305715833391462,2.7885661882788546,1
2015-06-16,21.363000869750977,14.85507883690488,0.3250716073172433,2.8121953921805227,1
2015-06-17,21.390499114990234,14.85507883690488,0.3273931230817522,2.8158152225136472,1
2015-06-18,21.969499588012695,14.85507883690488,0.34878608158656527,2.8920340305468226,1
2015-06-19,21.746000289916992,14.923645219521916,0.3658930914742606,2.8626128972476015,1
2015-06-22,21.81450080871582,14.923645219521916,0.35903590066092356,2.8716302092115216,1
2015-06-23,22.29949951171875,14.923645219521916,0.38028580801827566,2.9354747564319266,1
2015-06-24,22.04199981689453,14.923645219521916,0.37578582763671875,2.9015778587213665,1
2015-06-25,22.0049991607666,14.923645219521916,0.3857143947056362,2.896707144381886,1
2015-06-26,21.905000686645508,14.993111443075385,0.39610726492745535,2.883543485874218,1
2015-06-29,21.493000030517578,14.993111443075385,0.3987858636038644,2.8293082988889067,1
2015-06-30,21.704500198364258,14.993111443075385,0.3951786586216518,2.8571498835562563,1
2015-07-01,21.86949920654297,14.993111443075385,0.38728577750069754,2.8788701209584624,1
2015-07-02,21.885499954223633,14.993111443075385,0.38732147216796875,2.880976436881649,1
2015-07-06,21.802000045776367,15.061692423285816,0.38349996294294086,2.8699846263577173,1
2015-07-07,21.836000442504883,15.061692423285816,0.4079998561314174,2.8744603907690567,1
2015-07-08,21.485000610351562,15.061692423285816,0.412607056753976,2.828255266467659,1
2015-07-09,21.719499588012695,15.061692423285816,0.402249881199428,2.8591243821162684,1
2015-07-10,22.175500869750977,15.132476586932237,0.3971785136631557,2.9191517495798243,1
2015-07-13,22.778499603271484,15.132476586932237,0.4303926740373884,2.9985296548767417,1
2015-07-14,23.278499603271484,15.132476586932237,0.43282127380371094,3.0643489517378506,1
2015-07-15,23.059499740600586,15.132476586932237,0.42971406664167133,3.0355201177904947,1
2015-07-16,23.77400016784668,15.132476586932237,0.45689269474574495,3.129575949247094,1
2015-07-17,24.15049934387207,15.222208156653032,0.46228558676583426,3.17913777131665,1
2015-07-20,24.405000686645508,15.222208156653032,0.46617848532540457,3.212639970179761,1
2015-07-21,24.399999618530273,15.222208156653032,0.46839278084891184,3.211981636605963,1
2015-07-22,24.41349983215332,15.222208156653032,0.47442844935825895,3.2137587857422503,1
2015-07-23,24.108999252319336,15.222208156653032,0.5145713261195591,3.173674757625305,1
2015-07-24,26.47100067138672,15.334136440381725,0.8437856946672712,3.4846053028012163,1
2015-07-27,26.570499420166016,15.334136440381725,0.8658928189958844,3.4977031781676433,1
2015-07-28,26.30150032043457,15.334136440381725,0.8851070404052734,3.462292514966453,1
2015-07-29,26.450000762939453,15.334136440381725,0.8812856674194336,3.481840904384923,1
2015-07-30,26.83799934387207,15.334136440381725,0.8976426805768695,3.532916491945109,1
2015-07-31,26.8075008392334,15.448299270221046,0.8760713849748883,3.5289017116838433,1
2015-08-03,26.75149917602539,15.448299270221046,0.8655355998447963,3.521529731493036,1
2015-08-04,26.594999313354492,15.448299270221046,0.8741784776960101,3.500928309653319,1
2015-08-05,26.850500106811523,15.448299270221046,0.8475713729858398,3.534562074798913,1
2015-08-06,26.472999572753906,15.448299270221046,0.8664285114833287,3.4848684353661823,1
2015-08-07,26.131000518798828,15.554594805032767,0.8702141898018974,3.4398481608492073,1
2015-08-10,26.200000762939453,15.554594805032767,0.8821070534842355,3.448931255954369,1
2015-08-11,26.37299919128418,15.554594805032767,0.8798927579607282,3.4717045257778225,1
2015-08-12,26.295499801635742,15.554594805032767,0.8744641712733677,3.461502615110172,1
2015-08-13,26.482999801635742,15.554594805032767,0.555821282523019,3.4861848514330878,1
2015-08-14,26.576000213623047,15.664260530491378,0.511214120047433,3.498427294882683,1
2015-08-17,26.76099967956543,15.664260530491378,0.5053212302071708,3.5227803644186997,1
2015-08-18,26.750999450683594,15.664260530491378,0.5001069477626255,3.5214639483517947,1
2015-08-19,26.645999908447266,15.664260530491378,0.4763212203979492,3.507641956270328,1
2015-08-20,25.788999557495117,15.664260530491378,0.5090355191911969,3.3948276352515405,1
2015-08-21,24.723499298095703,15.754402209771023,0.5455713272094727,3.2545666794935437,1
2015-08-24,23.168500900268555,15.754402209771023,0.6729999269757952,3.049868877163277,1
2015-08-25,23.318500518798828,15.754402209771023,0.7402497700282505,3.069614616005471,1
2015-08-26,25.03849983215332,15.754402209771023,0.8192855290004185,3.296032906818636,1
2015-08-27,25.918500900268555,15.754402209771023,0.8573927198137555,3.4118750098993744,1
2015-08-28,25.90049934387207,15.855358400160089,0.853107043675014,3.40950531033053,1
2015-08-31,25.644500732421875,15.855358400160089,0.8651071275983538,3.375806013124386,1
2015-09-01,24.82699966430664,15.855358400160089,0.8830357960292271,3.268191322151286,1
2015-09-02,25.52750015258789,15.855358400160089,0.9014286313738141,3.360404221330356,1
2015-09-03,25.236000061035156,15.855358400160089,0.9278929574148995,3.322031559208457,1
2015-09-04,24.950000762939453,15.94585235401859,0.9188216073172433,3.2843830138015973,1
2015-09-08,25.87700080871582,15.94585235401859,0.9647500174386161,3.4064119962080293,1
2015-09-09,25.844499588012695,15.94585235401859,0.98846435546875,3.4021335812204145,1
2015-09-10,26.11199951171875,15.94585235401859,0.966571399143764,3.43734689499788,1
2015-09-11,26.472000122070312,16.050590142755425,0.9219999313354492,3.4847368690836995,1
2015-09-14,26.069000244140625,16.050590142755425,0.8162855420793805,3.4316865318828103,1
2015-09-15,26.118499755859375,16.050590142755425,0.7614641189575195,3.438202577995403,1
2015-09-16,26.36949920654297,16.050590142755425,0.6629998343331474,3.47124379270844,1
2015-09-17,26.943500518798828,16.050590142755425,0.6575711114065987,3.546804518248509,1
2015-09-18,27.01300048828125,16.159668852661156,0.6805354527064732,3.5559533964949117,1
2015-09-21,27.41950035095215,16.159668852661156,0.679999760219029,3.6094644667651834,1
2015-09-22,26.920000076293945,16.159668852661156,0.6666782924107143,3.5437109530453164,1
2015-09-23,26.803499221801758,16.159668852661156,0.6412853513445173,3.528374944392528,1
2015-09-24,26.6875,16.159668852661156,0.6410353524344308,3.513104969961673,1
2015-09-25,26.212499618530273,16.259697019485724,0.6850352968488421,3.4505765877274817,1
2015-09-28,25.202999114990234,16.259697019485724,0.722785404750279,3.3176873610796007,1
2015-09-29,24.803499221801758,16.259697019485724,0.7445354461669922,3.2650977569480935,1
2015-09-30,25.594499588012695,16.259697019485724,0.7637498038155692,3.3692239327898603,1
2015-10-01,26.035999298095703,16.259697019485724,0.7850713729858398,3.427342333753954,1
2015-10-02,26.62700080871582,16.362854271119854,0.823035648890904,3.5051409414996924,1
2015-10-05,27.18400001525879,16.362854271119854,0.8324999128069196,3.5784635337533994,1
2015-10-06,26.874000549316406,16.362854271119854,0.8624642235892159,3.537655640002106,1
2015-10-07,27.097000122070312,16.362854271119854,0.8360357284545898,3.5670109901600853,1
2015-10-08,26.658000946044922,16.362854271119854,0.8616071428571429,3.5092217559828907,1
2015-10-09,26.989999771118164,16.468597012413372,0.8663571221487862,3.5529256144329606,1
2015-10-12,27.50950050354004,16.468597012413372,0.8495356695992606,3.621311960286638,1
2015-10-13,27.44499969482422,16.468597012413372,0.8598571504865374,3.612821164533342,1
2015-10-14,27.241500854492188,16.468597012413372,0.8576071602957589,3.5860328633679313,1
2015-10-15,28.121999740600586,16.468597012413372,0.8460713795253209,3.7019404985092197,1
2015-10-16,28.538000106811523,16.588690575541715,0.7771786281040737,3.756702201705155,1
2015-10-19,28.657499313354492,16.588690575541715,0.7437501634870257,3.772432909205392,1
2015-10-20,28.04400062561035,16.588690575541715,0.747821535382952,3.6916728047003278,1
2015-10-21,27.78849983215332,16.588690575541715,0.7404286520821708,3.6580390395547333,1
2015-10-22,28.195499420166016,16.588690575541715,0.7007145200456891,3.7116158929662464,1
2015-10-23,29.951499938964844,16.721653852789707,0.8513217653547015,3.942773331836408,1
2015-10-26,30.430500030517578,16.721653852789707,0.8348573957170758,4.005828230281224,1
2015-10-27,30.550500869750977,16.721653852789707,0.8212145396641323,4.021624972003393,1
2015-10-28,30.854999542236328,16.721653852789707,0.7700715746198382,4.0617087490396475,1
2015-10-29,31.327499389648438,16.721653852789707,0.7723215648106166,4.12390796448694,1
2015-10-30,31.295000076293945,16.866662272924078,0.7523929050990513,4.119629800580017,1
2015-11-02,31.417499542236328,16.866662272924078,0.7456786291939872,4.135755458008394,1
2015-11-03,31.265499114990234,16.866662272924078,0.7289642606462751,4.115746335520543,1
2015-11-04,32.04750061035156,16.866662272924078,0.7377144949776786,4.218687912658579,1
2015-11-05,32.782501220703125,16.866662272924078,0.7570713588169643,4.31544235939023,1
2015-11-06,32.96849822998047,17.02687954612862,0.7522141592843192,4.339926744128038,1
2015-11-09,32.77450180053711,17.02687954612862,0.7387854712350028,4.314389326968983,1
2015-11-10,32.98400115966797,17.02687954612862,0.738821165902274,4.341967527990675,1
2015-11-11,33.662498474121094,17.02687954612862,0.7491782052176339,4.431283960309585,1
2015-11-12,33.279998779296875,17.02687954612862,0.5916069575718471,4.380932238383748,1
2015-11-13,32.11750030517578,17.1770349765669,0.6379998070853097,4.227902574046223,1
2015-11-16,32.390499114990234,17.1770349765669,0.7041427067347935,4.263839753458037,1
2015-11-17,32.165000915527344,17.1770349765669,0.7202855518886021,4.23415548759385,1
2015-11-18,33.176998138427734,17.1770349765669,0.7539640154157367,4.367373378867247,1
2015-11-19,33.063499450683594,17.1770349765669,0.7840355464390346,4.352432571223291,1
2015-11-20,33.42250061035156,17.338681400783667,0.7950354984828404,4.399690979026627,1
2015-11-23,33.949501037597656,17.338681400783667,0.8179998397827148,4.469064574160311,1
2015-11-24,33.557498931884766,17.338681400783667,0.807856832231794,4.417461968228118,1
2015-11-25,33.766998291015625,17.338681400783667,0.781071390424456,4.44504016924981,1
2015-11-27,33.66299819946289,17.501112413705847,0.7761784962245396,4.431349743450826,1
2015-11-30,33.2400016784668,17.501112413705847,0.7853928974696568,4.3756670762775105,1
2015-12-01,33.952999114990234,17.501112413705847,0.7977497918265206,4.469525056149002,1
2015-12-02,33.800498962402344,17.501112413705847,0.7773569652012416,4.449450150519908,1
2015-12-03,33.3125,17.501112413705847,0.8126780646187919,4.385210653371362,1
2015-12-04,33.63199996948242,17.66161875754442,0.7656423023768834,4.427269180048319,1
2015-12-07,33.49150085449219,17.66161875754442,0.720142092023577,4.408774074131789,1
2015-12-08,33.86650085449219,17.66161875754442,0.74853515625,4.4581385467776204,1
2015-12-09,33.239498138427734,17.66161875754442,0.7547495705740792,4.375600790974885,1
2015-12-10,33.11600112915039,17.66161875754442,0.7372850690569196,4.359343818344716,1
2015-12-11,32.00749969482422,17.80436384149745,0.7779994692121234,4.213422248390958,1
2015-12-14,32.89550018310547,17.80436384149745,0.8101423808506557,4.330317383892944,1
2015-12-15,32.93199920654297,17.80436384149745,0.7971781321934291,4.335122064010491,1
2015-12-16,33.78850173950195,17.80436384149745,0.8334638050624302,4.4478708529687285,1
2015-12-17,33.532501220703125,17.80436384149745,0.8440351486206055,4.414171304681893,1
2015-12-18,33.207000732421875,17.957623910063866,0.8298207691737584,4.371322878148654,1
2015-12-21,33.22549819946289,17.957623910063866,0.8111423764910016,4.373757858697356,1
2015-12-22,33.157501220703125,17.957623910063866,0.806356566292899,4.364806832036061,1
2015-12-23,33.185001373291016,17.957623910063866,0.7658567428588867,4.368426913449878,1
2015-12-24,33.13949966430664,17.957623910063866,0.7326427187238421,4.362437132467217,1
2015-12-28,33.7599983215332,18.10868735040459,0.7246073314121791,4.444118703111045,1
2015-12-29,34.69850158691406,18.10868735040459,0.7283214841570173,4.567661953169491,1
2015-12-30,34.45349884033203,18.10868735040459,0.6775715691702706,4.535410136151351,1
2015-12-31,33.794498443603516,18.10868735040459,0.6926074709211077,4.448660250663627,1
2016-01-04,31.84950065612793,18.26476507272498,0.7843216487339565,4.192623477127516,1
2016-01-05,31.68950080871582,18.26476507272498,0.7698217119489398,4.171561322218417,1
2016-01-06,31.63249969482422,18.26476507272498,0.7888574600219727,4.1640577757451265,1
2016-01-07,30.39699935913086,18.26476507272498,0.8200359344482422,4.001418249011126,1
2016-01-08,30.352500915527344,18.385041051260327,0.8425004141671317,3.9955605364723312,1
2016-01-11,30.886999130249023,18.385041051260327,0.873107773917062,4.065921129805329,1
2016-01-12,30.894500732421875,18.385041051260327,0.8830363409859794,4.066908630166027,1
2016-01-13,29.090499877929688,18.385041051260327,0.9990722111293248,3.829432494606997,1
2016-01-14,29.649999618530273,18.385041051260327,1.0790721348353796,3.903084253647603,1
2016-01-15,28.509000778198242,18.485776968941305,1.163429124014718,3.752884770867614,1
2016-01-19,28.724000930786133,18.485776968941305,1.1807147434779577,3.781187088604346,1
2016-01-20,28.588499069213867,18.485776968941305,1.216536249433245,3.7633498141002306,1
2016-01-21,28.750999450683594,18.485776968941305,1.2575362069266183,3.7847411357962293,1
2016-01-22,29.819000244140625,18.598545359739312,1.3000361578805106,3.925331258341125,1
2016-01-25,29.826499938964844,18.598545359739312,1.1770361491612025,3.9263185076211307,1
2016-01-26,30.0625,18.598545359739312,1.1586790084838867,3.9573852237741565,1
2016-01-27,29.167499542236328,18.598545359739312,1.1770004544939314,3.839568622133406,1
2016-01-28,31.767499923706055,18.598545359739312,1.2743933541434151,4.181829016027309,1
2016-01-29,29.350000381469727,18.705525011696828,1.443000384739467,3.8635927759632147,1
2016-02-01,28.74049949645996,18.705525011696828,1.426607540675572,3.7833589365880824,1
2016-02-02,27.604999542236328,18.705525011696828,1.4657861164637975,3.6338833194424414,1
2016-02-03,26.553499221801758,18.705525011696828,1.4385717936924525,3.495465295961974,1
2016-02-04,26.812999725341797,18.705525011696828,1.3935717173985072,3.5296255773181917,1
2016-02-05,25.10650062561035,18.76921631133776,1.4270360129220145,3.3049844356413143,1
2016-02-08,24.405000686645508,18.76921631133776,1.4605003084455217,3.212639970179761,1
2016-02-09,24.103500366210938,18.76921631133776,1.4358930587768555,3.1729508919909564,1
2016-02-10,24.52400016784668,18.76921631133776,1.4430358069283622,3.228304894538757,1
2016-02-11,25.19099998474121,18.76921631133776,1.4438214983258928,3.3161078124477292,1
2016-02-12,25.354000091552734,18.834736547956815,1.4485359191894531,3.3375649172849697,1
2016-02-16,26.05500030517578,18.834736547956815,1.4601429530552454,3.4298435996052814,1
2016-02-17,26.704999923706055,18.834736547956815,1.4368572235107422,3.5154086353085843,1
2016-02-18,26.25,18.834736547956815,1.3038571221487862,3.455513085208203,1
2016-02-19,26.7450008392334,18.913445645382453,1.144035748073033,3.520674299576205,1
2016-02-22,27.975000381469727,18.913445645382453,1.1763926914760046,3.6825897095951663,1
2016-02-23,27.64699935913086,18.913445645382453,1.138714109148298,3.639412116275028,1
2016-02-24,27.70199966430664,18.913445645382453,1.0923569543021066,3.6466522791026605,1
2016-02-25,27.75749969482422,18.913445645382453,1.0721070425851005,3.653958225071535,1
2016-02-26,27.761499404907227,19.001485981298124,0.9730355398995536,3.6544847412821584,1
2016-02-29,27.625999450683594,19.001485981298124,0.9208211898803711,3.6366477178587346,1
2016-03-01,28.95199966430664,19.001485981298124,0.9292140688214984,3.811200521255432,1
2016-03-02,29.010499954223633,19.001485981298124,0.8888927187238421,3.818901417152447,1
2016-03-03,28.874500274658203,19.001485981298124,0.8238927296229771,3.800998610587782,1
2016-03-04,28.756999969482422,19.098555772225335,0.8062855856759208,3.7855310356525105,1
2016-03-07,28.139999389648438,19.098555772225335,0.8142141614641462,3.7043099469973724,1
2016-03-08,28.01300048828125,19.098555772225335,0.8089283534458706,3.687591990217129,1
2016-03-09,27.973499298095703,19.098555772225335,0.7830355507986886,3.68239210909075,1
2016-03-10,27.946500778198242,19.098555772225335,0.7776783534458706,3.6788380618988668,1
2016-03-11,28.480499267578125,19.191908443820886,0.7254641396658761,3.7491328720906227,1
2016-03-14,28.668500900268555,19.191908443820886,0.724285534449986,3.773881142635472,1
2016-03-15,28.85099983215332,19.191908443820886,0.700714111328125,3.797905045384589,1
2016-03-16,28.713499069213867,19.191908443820886,0.6867141723632812,3.7798046383155075,1
2016-03-17,27.972000122070312,19.191908443820886,0.7221784591674805,3.6821947596670253,1
2016-03-18,27.604000091552734,19.275610848275928,0.7362499237060547,3.633751753159958,1
2016-03-21,27.698999404907227,19.275610848275928,0.7002855028424945,3.64625732917452,1
2016-03-22,28.02400016784668,19.275610848275928,0.7231783185686383,3.6890399725665173,1
2016-03-23,28.48150062561035,19.275610848275928,0.7491783414568219,3.7492646894537978,1
2016-03-24,29.147499084472656,19.275610848275928,0.7711068562098912,3.8369357899995955,1
2016-03-28,28.993499755859375,19.37383859191968,0.7339639663696289,3.8166635349467777,1
2016-03-29,29.69300079345703,19.37383859191968,0.7437496185302734,3.9087448678433647,1
2016-03-30,29.934499740600586,19.37383859191968,0.7407496316092355,3.9405354496307385,1
2016-03-31,29.68199920654297,19.37383859191968,0.7030353546142578,3.9072966344132847,1
2016-04-01,29.924999237060547,19.47882526500566,0.7016067504882812,3.939284816705075,1
2016-04-04,29.659500122070312,19.47882526500566,0.6841425214494977,3.9043348865732668,1
2016-04-05,29.30699920654297,19.47882526500566,0.6616424833025251,3.8579321617674536,1
2016-04-06,30.104000091552734,19.47882526500566,0.6833209991455078,3.9628482374655016,1
2016-04-07,29.571500778198242,19.47882526500566,0.660963875906808,3.89275077669747,1
2016-04-08,29.729999542236328,19.580826999107458,0.6346066338675362,3.913615331102153,1
2016-04-11,29.796499252319336,19.580826999107458,0.6086782727922712,3.922369259420415,1
2016-04-12,30.15850067138672,19.580826999107458,0.5873925345284599,3.9700226171518924,1
2016-04-13,30.740999221801758,19.580826999107458,0.5847496305193219,4.046701907173759,1
2016-04-14,31.037500381469727,19.580826999107458,0.5600711277553013,4.085732902869457,1
2016-04-15,31.29450035095215,19.697380962807408,0.558178220476423,4.119564017438775,1
2016-04-18,31.767499923706055,19.697380962807408,0.5343569346836635,4.181829016027309,1
2016-04-19,31.395000457763672,19.697380962807408,0.5623211179460798,4.132793710168377,1
2016-04-20,31.649499893188477,19.697380962807408,0.5802139554704938,4.166295657950796,1
2016-04-21,31.549999237060547,19.697380962807408,0.5751784188406808,4.153197531503678,1
2016-04-22,31.024999618530273,19.81009358624744,0.6126426969255719,4.0840873200156524,1
2016-04-25,31.309999465942383,19.81009358624744,0.6216070992606026,4.121604299140029,1
2016-04-26,30.8439998626709,19.81009358624744,0.6059642519269671,4.060260766690259,1
2016-04-27,30.328500747680664,19.81009358624744,0.6152500425066266,3.9924011881278973,1
2016-04-28,30.100000381469727,19.81009358624744,0.6821787697928292,3.962321721254878,1
2016-04-29,32.97949981689453,19.94113245421408,0.8913929803030831,4.341374977558117,1
2016-05-02,34.192501068115234,19.94113245421408,0.9419645581926618,4.501052756452101,1
2016-05-03,33.566001892089844,19.94113245421408,0.9411790030343192,4.418581285951991,1
2016-05-04,33.54499816894531,19.94113245421408,0.9493934086390904,4.415816385374314,1
2016-05-05,32.954498291015625,19.94113245421408,0.9916436331612724,4.338083811850509,1
2016-05-06,33.6974983215332,20.078011716575464,1.0211436407906669,4.435891291003407,1
2016-05-09,33.98749923706055,20.078011716575464,1.015286581856864,4.474066603701583,1
2016-05-10,35.153499603271484,20.078011716575464,1.0554652895246233,4.62755725218918,1
2016-05-11,35.6614990234375,20.078011716575464,1.084143774850028,4.694429581471536,1
2016-05-12,35.89649963378906,20.078011716575464,1.0537866864885603,4.725364731342079,1
2016-05-13,35.49599838256836,20.23142451922216,1.0609652655465263,4.672643309847397,1
2016-05-16,35.53300094604492,20.23142451922216,1.0648937225341797,4.677514275267569,1
2016-05-17,34.76350021362305,20.23142451922216,1.0826079504830497,4.576218280983337,1
2016-05-18,34.872501373291016,20.23142451922216,1.0332506724766322,4.590567040356119,1
2016-05-19,34.92599868774414,20.23142451922216,0.8256078447614398,4.597609351598644,1
2016-05-20,35.13999938964844,20.379768547783616,0.7642149244035993,4.625780103052893,1
2016-05-23,34.837501525878906,20.379768547783616,0.7505005427769252,4.585959709662297,1
2016-05-24,35.209999084472656,20.379768547783616,0.7465359824044364,4.634994764440537,1
2016-05-25,35.41749954223633,20.379768547783616,0.6971430097307477,4.662309832897264,1
2016-05-26,35.74549865722656,20.379768547783616,0.649893079485212,4.70548717513671,1
2016-05-27,35.61199951171875,20.531333034986954,0.6139289311000279,4.687913535358944,1
2016-05-31,36.13949966430664,20.531333034986954,0.5714642660958427,4.757352913633869,1
2016-06-01,35.97200012207031,20.531333034986954,0.5388213566371373,4.735303509444764,1
2016-06-02,36.4119987487793,20.531333034986954,0.5453927176339286,4.793224309904441,1
2016-06-03,36.277000427246094,20.688006342372617,0.5349281855991909,4.77545332070295,1
2016-06-06,36.33649826049805,20.688006342372617,0.513892582484654,4.783285531801757,1
2016-06-07,36.1870002746582,20.688006342372617,0.4742140088762556,4.763605827181496,1
2016-06-08,36.332000732421875,20.688006342372617,0.4529282706124442,4.782693483530583,1
2016-06-09,36.38249969482422,20.688006342372617,0.4413923536028181,4.789341095925659,1
2016-06-10,35.89550018310547,20.839324689046578,0.45824950081961496,4.725233165059596,1
2016-06-13,35.762001037597656,20.839324689046578,0.46271378653390066,4.70765952528183,1
2016-06-14,35.96500015258789,20.839324689046578,0.45482117789132254,4.734382043305999,1
2016-06-15,35.7130012512207,20.839324689046578,0.46392822265625,4.701209262310479,1
2016-06-16,35.8754997253418,20.839324689046578,0.48174967084612164,4.7226003329257855,1
2016-06-17,35.31949996948242,20.983406035120566,0.5300352913992745,4.649409306954562,1
2016-06-20,35.70050048828125,20.983406035120566,0.5372140066964286,4.699563679456674,1
2016-06-21,35.79100036621094,20.983406035120566,0.5281780787876674,4.711476956119371,1
2016-06-22,35.529998779296875,20.983406035120566,0.5162135532924107,4.677119074258736,1
2016-06-23,36.104000091552734,20.983406035120566,0.5223208836146763,4.752679799798805,1
2016-06-24,34.948001861572266,21.122357237373816,0.6037494114467076,4.600505818458804,1
2016-06-27,34.56800079345703,21.122357237373816,0.6301424843924386,4.550483012239174,1
2016-06-28,35.397499084472656,21.122357237373816,0.6616426195417132,4.659677000763454,1
2016-06-29,35.779998779296875,21.122357237373816,0.6792855943952288,4.710028722689291,1
2016-06-30,35.78099822998047,21.122357237373816,0.6556783403669085,4.710160288971774,1
2016-07-01,36.284000396728516,21.27321935836242,0.6612142835344587,4.776374786841715,1
2016-07-05,36.404998779296875,21.27321935836242,0.6662499564034599,4.792302843765676,1
2016-07-06,36.88050079345703,21.27321935836242,0.6876070840018136,4.854897260221802,1
2016-07-07,36.82849884033203,21.27321935836242,0.6705354963030133,4.848051796241617,1
2016-07-08,37.29050064086914,21.432595291521693,0.6366427285330636,4.908869063561455,1
2016-07-11,37.68899917602539,21.432595291521693,0.6193926674979073,4.961326850329788,1
2016-07-12,37.410499572753906,21.432595291521693,0.6598573412214007,4.924665554202933,1
2016-07-13,37.131500244140625,21.432595291521693,0.681964601789202,4.887938474934838,1
2016-07-14,37.060001373291016,21.432595291521693,0.6766074044363839,4.878526464123469,1
2016-07-15,36.77199935913086,21.58522617776656,0.6145360129220145,4.84061428399026,1
2016-07-18,36.80350112915039,21.58522617776656,0.6003930228097099,4.8447611326953925,1
2016-07-19,36.997501373291016,21.58522617776656,0.5803214481898716,4.870299052015831,1
2016-07-20,37.2859992980957,21.58522617776656,0.5615713936941964,4.908276513128898,1
2016-07-21,37.221500396728516,21.58522617776656,0.5606427873883929,4.899785968456293,1
2016-07-22,37.24300003051758,21.741024922570055,0.5441068921770368,4.902616150013828,1
2016-07-25,36.980499267578125,21.741024922570055,0.5555351802280971,4.868060918729469,1
2016-07-26,36.77949905395508,21.741024922570055,0.5383567810058594,4.841601533270267,1
2016-07-27,36.833499908447266,21.741024922570055,0.5353567940848214,4.848710129815416,1
2016-07-28,37.63050079345703,21.741024922570055,0.5609280722481864,4.953626205513464,1
2016-07-29,37.94049835205078,21.90221371291315,0.5727138519287109,4.994433848184066,1
2016-08-01,38.387001037597656,21.90221371291315,0.5599637712751117,5.05321083380265,1
2016-08-02,38.02899932861328,21.90221371291315,0.542463847569057,5.006083992281797,1
2016-08-03,37.731998443603516,21.90221371291315,0.5364281790597099,4.966987213444857,1
2016-08-04,38.03850173950195,21.90221371291315,0.5441066196986607,5.007334876288152,1
2016-08-05,38.29899978637695,22.06536581314662,0.5256064278738839,5.041626472846161,1
2016-08-08,38.327999114990234,22.06536581314662,0.5076065063476562,5.045443903683702,1
2016-08-09,38.41550064086914,22.06536581314662,0.5066781725202288,5.05696248149895,1
2016-08-10,38.428001403808594,22.06536581314662,0.5043209620884487,5.058608064352754,1
2016-08-11,38.5620002746582,22.06536581314662,0.49517795017787386,5.076247487271761,1
2016-08-12,38.62799835205078,22.230168126966564,0.465106691632952,5.084935381368091,1
2016-08-15,38.42449951171875,22.230168126966564,0.4453563690185547,5.05814708020268,1
2016-08-16,38.20199966430664,22.230168126966564,0.4376062665666853,5.028857513185942,1
2016-08-17,38.23149871826172,22.230168126966564,0.39949934823172434,5.032740727164724,1
2016-08-18,38.222999572753906,22.230168126966564,0.3679994855608259,5.031621911602235,1
2016-08-19,37.865501403808594,22.38574358245753,0.34703499930245535,4.984561355384007,1
2016-08-22,37.9739990234375,22.38574358245753,0.33642796107700895,4.998843829454164,1
2016-08-23,38.122501373291016,22.38574358245753,0.3253209250313895,5.0183924699533256,1
2016-08-24,37.86249923706055,22.38574358245753,0.3017496381487165,4.984166154375174,1
2016-08-25,37.96099853515625,22.38574358245753,0.2950354984828404,4.997132463459118,1
2016-08-26,38.45000076293945,22.5455869374872,0.31217847551618305,5.06150402905153,1
2016-08-29,38.56449890136719,22.5455869374872,0.31339263916015625,5.0765764029779685,1
2016-08-30,38.37900161743164,22.5455869374872,0.3147141592843192,5.052157801381402,1
2016-08-31,38.45800018310547,22.5455869374872,0.3163212367466518,5.062557061472778,1
2016-09-01,38.53099822998047,22.5455869374872,0.31832122802734375,5.0721664217078715,1
2016-09-02,38.62200164794922,22.705551262964438,0.3202144077845982,5.084145983673192,1
2016-09-06,39.44350051879883,22.705551262964438,0.37146432059151785,5.192286939776224,1
2016-09-07,39.2239990234375,22.705551262964438,0.37303570338657926,5.1633920716069355,1
2016-09-08,39.202999114990234,22.705551262964438,0.3747858319963728,5.160627673190642,1
2016-09-09,38.00699996948242,22.857804483924816,0.4332858494349888,5.00318802758302,1
2016-09-12,38.574501037597656,22.857804483924816,0.46510723658970426,5.077893070125566,1
2016-09-13,38.050498962402344,22.857804483924816,0.49089295523507254,5.008914173839331,1
2016-09-14,38.054500579833984,22.857804483924816,0.49303572518484934,5.009440941130647,1
2016-09-15,38.484500885009766,22.857804483924816,0.5197140829903739,5.066045576604111,1
2016-09-16,38.92599868774414,23.017687013316053,0.5196781158447266,5.124163726487513,1
2016-09-19,38.755001068115234,23.017687013316053,0.535963875906808,5.101653840309718,1
2016-09-20,39.01100158691406,23.017687013316053,0.5359281812395368,5.1353533885965525,1
2016-09-21,39.48699951171875,23.017687013316053,0.557499749319894,5.198013086032535,1
2016-09-22,40.23500061035156,23.017687013316053,0.5962854112897601,5.296478898759233,1
2016-09-23,40.287498474121094,23.189525933324067,0.5971783229282924,5.3033896437192745,1
2016-09-26,39.95800018310547,23.189525933324067,0.5597501482282367,5.260014952056103,1
2016-09-27,40.80550003051758,23.189525933324067,0.599107197352818,5.371578640149227,1
2016-09-28,41.43600082397461,23.189525933324067,0.6311427525111607,5.454576877940653,1
2016-09-29,41.45249938964844,23.189525933324067,0.591571535382952,5.456748725924389,1
2016-09-30,41.865501403808594,23.37535653502043,0.571000235421317,5.511115730272875,1
2016-10-03,41.83700180053711,23.37535653502043,0.5573215484619141,5.507364082576577,1
2016-10-04,41.701499938964844,23.37535653502043,0.569678715297154,5.489526808072461,1
2016-10-05,42.21799850463867,23.37535653502043,0.5637860979352679,5.557517952917306,1
2016-10-06,42.08300018310547,23.37535653502043,0.5489292144775391,5.539746963715816,1
2016-10-07,41.971500396728516,23.560392792350857,0.5402148110525948,5.525069288636826,1
2016-10-10,42.08549880981445,23.560392792350857,0.5384289877755302,5.540075879422023,1
2016-10-11,41.54999923706055,23.560392792350857,0.544428961617606,5.46958346872585,1
2016-10-12,41.704498291015625,23.560392792350857,0.5137860434395927,5.489921506919909,1
2016-10-13,41.4640007019043,23.560392792350857,0.5396785736083984,5.458262742495711,1
2016-10-14,41.14799880981445,23.735393847250993,0.5539640699114118,5.416664697807444,1
2016-10-17,40.647499084472656,23.735393847250993,0.5318211146763393,5.3507796178050935,1
2016-10-18,40.88249969482422,23.735393847250993,0.5185353415352958,5.3817147676756365,1
2016-10-19,40.884498596191406,23.735393847250993,0.49221393040248324,5.381977900240602,1
2016-10-20,40.51599884033203,23.735393847250993,0.505392347063337,5.333469110592294,1
2016-10-21,40.949501037597656,23.90667849591116,0.5118566240583148,5.3905347302158315,1
2016-10-24,41.90449905395508,23.90667849591116,0.5375709533691406,5.51624932609663,1
2016-10-25,41.75899887084961,23.90667849591116,0.5312494550432477,5.497095886606301,1
2016-10-26,41.12950134277344,23.90667849591116,0.5618564060756138,5.414229717258742,1
2016-10-27,40.917999267578125,23.90667849591116,0.5896778106689453,5.3863878815107,1
2016-10-28,38.816001892089844,24.055029972490054,0.7253208160400391,5.109683902993631,1
2016-10-31,39.49100112915039,24.055029972490054,0.739677974155971,5.198539853323851,1
2016-11-01,39.27050018310547,24.055029972490054,0.798821040562221,5.1695134188720795,1
2016-11-02,38.27799987792969,24.055029972490054,0.8308925628662109,5.0388620744298676,1
2016-11-03,38.35150146484375,24.055029972490054,0.8316781180245536,5.0485377199675865,1
2016-11-04,37.752498626708984,24.191323192930046,0.8406783512660435,4.969685828719909,1
2016-11-07,39.246498107910156,24.191323192930046,0.9205714634486607,5.166353819446953,1
2016-11-08,39.38750076293945,24.191323192930046,0.9460713522774833,5.184915210666109,1
2016-11-09,38.59400177001953,24.191323192930046,0.9927498953683036,5.080460119118134,1
2016-11-10,37.11899948120117,24.191323192930046,1.1738572801862444,4.886292892081034,1
2016-11-11,36.95050048828125,24.31828018094349,1.1561786106654577,4.864111921609446,1
2016-11-14,35.95349884033203,24.31828018094349,1.249142783028739,4.732868026734677,1
2016-11-15,37.1619987487793,24.31828018094349,1.2938929966517858,4.891953255196104,1
2016-11-16,37.324501037597656,24.31828018094349,1.2866431644984655,4.913344827972795,1
2016-11-17,37.81999969482422,24.31828018094349,1.1697145189557756,4.978571574401346,1
2016-11-18,38.007999420166016,24.45449629277655,1.1481432233537947,5.003319593865503,1
2016-11-21,39.0,24.45449629277655,1.1340718950544084,5.133905155166473,1
2016-11-22,39.26649856567383,24.45449629277655,1.1002862112862724,5.168986651580764,1
2016-11-23,39.00600051879883,24.45449629277655,1.0974649701799666,5.134695055022754,1
2016-11-25,39.01850128173828,24.599411765303536,1.0797863006591797,5.136340637876559,1
2016-11-28,38.3385009765625,24.599411765303536,1.020678928920201,5.04682635397254,1
2016-11-29,38.125999450683594,24.599411765303536,1.006143024989537,5.018852951942016,1
2016-11-30,37.528499603271484,24.599411765303536,0.9710715157645089,4.940198912279446,1
2016-12-01,37.182498931884766,24.599411765303536,0.8075354439871651,4.894651870471156,1
2016-12-02,37.016998291015625,24.722969840186245,0.7983570098876953,4.872865598847016,1
2016-12-05,37.96799850463867,24.722969840186245,0.7456787654331752,4.998053929597883,1
2016-12-06,38.236000061035156,24.722969840186245,0.6859643118722099,5.033333277597281,1
2016-12-07,38.520999908447266,24.722969840186245,0.687178475516183,5.070850256721657,1
2016-12-08,38.36650085449219,24.722969840186245,0.6785714285714286,5.050512218527598,1
2016-12-09,38.43299865722656,24.859388037370728,0.6556072235107422,5.059265895765169,1
2016-12-12,38.00600051879883,24.859388037370728,0.6244283403669085,5.003056461300537,1
2016-12-13,38.71699905395508,24.859388037370728,0.659928458077567,5.096651308607062,1
2016-12-14,38.441001892089844,24.859388037370728,0.6807855878557477,5.0603194303478,1
2016-12-15,38.04999923706055,24.859388037370728,0.6805714198521206,5.00884839069809,1
2016-12-16,37.88850021362305,24.98903094459712,0.6627142769949776,4.987588886365266,1
2016-12-19,38.29999923706055,24.98903094459712,0.6833218165806362,5.041758039128644,1
2016-12-20,38.56100082397461,24.98903094459712,0.6495720999581474,5.076115920989278,1
2016-12-21,38.529998779296875,24.98903094459712,0.6145008632114956,5.072034855425388,1
2016-12-22,38.31700134277344,24.98903094459712,0.6016436985560826,5.043996172415006,1
2016-12-23,38.02949905395508,25.118786846182772,0.5565005711146763,5.006149775423038,1
2016-12-27,38.56999969482422,25.118786846182772,0.5674648284912109,5.077300519693009,1
2016-12-28,38.60649871826172,25.118786846182772,0.5492504664829799,5.082105199810556,1
2016-12-29,38.25749969482422,25.118786846182772,0.5633574894496373,5.036163459154816,1
2016-12-30,37.493499755859375,25.24191831792085,0.6141071319580078,4.935591581585624,1
2017-01-03,37.68349838256836,25.24191831792085,0.6126788003104073,4.960602733614747,1
2017-01-04,37.85900115966797,25.24191831792085,0.5543575286865234,4.983705672386484,1
2017-01-05,39.022499084472656,25.24191831792085,0.5799645015171596,5.13686690300649,1
2017-01-06,39.79949951171875,25.386769872087992,0.6234286172049386,5.239150146570728,1
2017-01-09,39.84600067138672,25.386769872087992,0.6193929399762835,5.245271493835872,1
2017-01-10,39.79499816894531,25.386769872087992,0.5983927590506417,5.238557596138172,1
2017-01-11,39.95100021362305,25.386769872087992,0.6041069030761719,5.259093485917339,1
2017-01-12,40.68199920654297,25.386769872087992,0.6383568899972099,5.355321165357674,1
2017-01-13,40.856998443603516,25.540702494690137,0.6457140786307198,5.378357818826786,1
2017-01-17,40.486000061035156,25.540702494690137,0.6642496926443917,5.32952011347227,1
2017-01-18,40.374000549316406,25.540702494690137,0.6406781332833427,5.314776655252039,1
2017-01-19,40.45199966430664,25.540702494690137,0.6288566589355469,5.3250443490609305,1
2017-01-20,40.416500091552734,25.688720381226084,0.6188923971993583,5.320371235225867,1
2017-01-23,40.89400100708008,25.688720381226084,0.5985352652413505,5.383228784246958,1
2017-01-24,41.12200164794922,25.688720381226084,0.5929282052176339,5.413242467978736,1
2017-01-25,41.82600021362305,25.688720381226084,0.6249634878976005,5.505915849146496,1
2017-01-26,41.95750045776367,25.688720381226084,0.5736064910888672,5.523226356359297,1
2017-01-27,41.78850173950195,25.848917210661664,0.5353922162737165,5.500979602746467,1
2017-01-30,41.51900100708008,25.848917210661664,0.5689280373709542,5.465502905323343,1
2017-01-31,41.17399978637695,25.848917210661664,0.5773566109793526,5.420087429797536,1
2017-02-01,41.61750030517578,25.848917210661664,0.5784636906215123,5.478469214407287,1
2017-02-02,41.997501373291016,25.848917210661664,0.5753209250313895,5.528492020626917,1
2017-02-03,40.5099983215332,25.99479861474994,0.6671066284179688,5.332679210736012,1
2017-02-06,40.38199996948242,25.99479861474994,0.6457495008196149,5.315829687673286,1
2017-02-07,40.625,25.99479861474994,0.6500353131975446,5.347817869965076,1
2017-02-08,40.98550033569336,25.99479861474994,0.6599998474121094,5.395273627192137,1
2017-02-09,41.06800079345703,25.99479861474994,0.6440356118338448,5.406133871433586,1
2017-02-10,41.37300109863281,26.147815554888076,0.6198215484619141,5.446283682691773,1
2017-02-13,41.826499938964844,26.147815554888076,0.6414285387311663,5.505981632287738,1
2017-02-14,41.81949996948242,26.147815554888076,0.6124289376395089,5.505060166148973,1
2017-02-15,42.1349983215332,26.147815554888076,0.6093932560511998,5.546591925534615,1
2017-02-16,42.207000732421875,26.147815554888076,0.5928216661725726,5.55607022164861,1
2017-02-17,42.253501892089844,26.30807114033287,0.5469286782400948,5.562191568913753,1
2017-02-21,42.821998596191406,26.30807114033287,0.5543926783970424,5.637027675577398,1
2017-02-22,42.78049850463867,26.30807114033287,0.5399284362792969,5.631564661886053,1
2017-02-23,42.609500885009766,26.30807114033287,0.5350352696010044,5.609054775708257,1
2017-02-24,42.262001037597656,26.466816711449933,0.45821380615234375,5.563310384476242,1
2017-02-27,42.43199920654297,26.466816711449933,0.476463862827846,5.585688704371555,1
2017-02-28,42.25199890136719,26.466816711449933,0.4885351998465402,5.561993717328645,1
2017-03-01,42.65399932861328,26.466816711449933,0.4914281027657645,5.614912488247051,1
2017-03-02,42.445499420166016,26.466816711449933,0.4994640350341797,5.587465853507842,1
2017-03-03,42.49399948120117,26.626291166870345,0.496178218296596,5.593850333337952,1
2017-03-06,42.330501556396484,26.626291166870345,0.47196388244628906,5.572327696440162,1
2017-03-07,42.30099868774414,26.626291166870345,0.4642851693289621,5.568443980299996,1
2017-03-08,42.525001525878906,26.626291166870345,0.45378521510532926,5.597931398901842,1
2017-03-09,42.650001525878906,26.626291166870345,0.45546395438058035,5.614386223117119,1
2017-03-10,42.62300109863281,26.78546240997246,0.452214104788644,5.610831924844544,1
2017-03-13,42.72949981689453,26.78546240997246,0.42032160077776226,5.624851266349736,1
2017-03-14,42.62649917602539,26.78546240997246,0.4231431143624442,5.611292406833235,1
2017-03-15,42.64849853515625,26.78546240997246,0.4034290313720703,5.614188371532012,1
2017-03-16,42.67100143432617,26.78546240997246,0.36967904227120535,5.617150621533413,1
2017-03-17,42.615501403808594,26.942975235781777,0.33525058201381136,5.609844675564538,1
2017-03-20,42.8484992980957,26.942975235781777,0.31650079999651226,5.640516190708731,1
2017-03-21,42.15999984741211,26.942975235781777,0.3582864488874163,5.549883091242224,1
2017-03-22,42.40299987792969,26.942975235781777,0.3682147434779576,5.581871273534014,1
2017-03-23,42.36899948120117,26.942975235781777,0.3695359911237444,5.577395509122675,1
2017-03-24,42.28049850463867,27.095587407611198,0.367786134992327,5.565745365024944,1
2017-03-27,42.340999603271484,27.095587407611198,0.41096469334193636,5.573709644567617,1
2017-03-28,42.79999923706055,27.095587407611198,0.4273575374058315,5.634131710878622,1
2017-03-29,43.715999603271484,27.095587407611198,0.47860745021275114,5.7547127109356655,1
2017-03-30,43.81700134277344,27.095587407611198,0.4777859279087612,5.7680084378872,1
2017-03-31,44.32699966430664,27.267044245986277,0.5136072976248605,5.835143899734523,1
2017-04-03,44.57550048828125,27.267044245986277,0.5172857557024274,5.867856198741352,1
2017-04-04,45.34149932861328,27.267044245986277,0.5562855856759208,5.96869120887551,1
2017-04-05,45.4640007019043,27.267044245986277,0.603107179914202,5.98481711738458,1
2017-04-06,44.91400146484375,27.267044245986277,0.672785895211356,5.912415991269637,1
2017-04-07,44.74399948120117,27.44094429807797,0.6870359693254743,5.890037169212941,1
2017-04-10,45.35200119018555,27.44094429807797,0.6589644295828683,5.970073659164349,1
2017-04-11,45.11800003051758,27.44094429807797,0.6711788177490234,5.939270075576289,1
2017-04-12,44.811500549316406,27.44094429807797,0.6810003008161273,5.898922914894378,1
2017-04-13,44.23350143432617,27.44094429807797,0.6933931623186383,5.8228359242243775,1
2017-04-17,45.0994987487793,27.608034418836656,0.6966430119105748,5.936834592866203,1
2017-04-18,45.18899917602539,27.608034418836656,0.6866070883614677,5.948616303246417,1
2017-04-19,44.959999084472656,27.608034418836656,0.6605001177106585,5.918471053232156,1
2017-04-20,45.10300064086914,27.608034418836656,0.6734643663678851,5.937295577016277,1
2017-04-21,44.92649841308594,27.78035744365506,0.6479998997279576,5.914061071962058,1
2017-04-24,45.37049865722656,27.78035744365506,0.6601072038922992,5.972508639713051,1
2017-04-25,45.38100051879883,27.78035744365506,0.6180357251848493,5.97389109000189,1
2017-04-26,45.464500427246094,27.78035744365506,0.5826426914760044,5.984882900525822,1
2017-04-27,45.91899871826172,27.78035744365506,0.5464638301304409,6.044712416404269,1
2017-04-28,46.2495002746582,27.96413000913768,0.6194280896868024,6.0882191765113065,1
2017-05-01,47.4114990234375,27.96413000913768,0.6757853371756417,6.241183057707589,1
2017-05-02,47.34700012207031,27.96413000913768,0.6577497209821429,6.232692513034984,1
2017-05-03,47.05149841308594,27.96413000913768,0.665607179914202,6.193793083621769,1
2017-05-04,46.87649917602539,27.96413000913768,0.6621785845075335,6.170756430152658,1
2017-05-05,46.70750045776367,28.150631207631474,0.6363931383405413,6.148509676539828,1
2017-05-08,47.45199966430664,28.150631207631474,0.658071790422712,6.246514505116451,1
2017-05-09,47.64099884033203,28.150631207631474,0.6427860260009766,6.271394090863092,1
2017-05-10,47.4474983215332,28.150631207631474,0.6417860303606305,6.245921954683895,1
2017-05-11,47.38100051879883,28.150631207631474,0.6511789049421038,6.237168277446324,1
2017-05-12,48.067501068115234,28.348809017188525,0.6644287109375,6.327538244347865,1
2017-05-15,47.89849853515625,28.348809017188525,0.6666074480329242,6.305290988573652,1
2017-05-16,48.30350112915039,28.348809017188525,0.6805359976632255,6.358604960500891,1
2017-05-17,47.237998962402344,28.348809017188525,0.714036124093192,6.218343753662203,1
2017-05-18,47.92449951171875,28.348809017188525,0.6668218885149274,6.308713720563744,1
2017-05-19,47.992000579833984,28.54426365960291,0.5990360804966518,6.317599466245181,1
2017-05-22,48.53350067138672,28.54426365960291,0.6092145102364677,6.388881776797635,1
2017-05-23,48.57699966430664,28.54426365960291,0.5996071951729911,6.394607923053946,1
2017-05-24,49.01750183105469,28.54426365960291,0.5995712280273438,6.452595008816249,1
2017-05-25,49.66899871826172,28.54426365960291,0.628713880266462,6.538357142862584,1
2017-05-26,49.78900146484375,28.755654085525702,0.6090709141322544,6.5541541356654465,1
2017-05-30,49.834999084472656,28.755654085525702,0.5977494376046317,6.560209197627965,1
2017-05-31,49.73099899291992,28.755654085525702,0.6306422097342355,6.546518771828981,1
2017-06-01,49.79750061035156,28.755654085525702,0.6238923754010882,6.555272951227935,1
2017-06-02,50.33649826049805,28.970388853435878,0.6154638017926898,6.626225843912798,1
2017-06-05,50.56700134277344,28.970388853435878,0.6247852870396206,6.656568945512167,1
2017-06-06,50.150001525878906,28.970388853435878,0.6360710688999721,6.601675676033749,1
2017-06-07,50.503501892089844,28.970388853435878,0.5871426718575614,6.648209967122045,1
2017-06-08,50.51350021362305,28.970388853435878,0.5496782575334821,6.649526132108259,1
2017-06-09,48.91550064086914,29.168847677191433,0.819535664149693,6.43916771558223,1
2017-06-12,48.24549865722656,29.168847677191433,0.8972857339041573,6.3509695966644255,1
2017-06-13,49.03950119018555,29.168847677191433,0.9374286106654576,6.455490973515025,1
2017-06-14,48.82350158691406,29.168847677191433,0.9833572932652065,6.4270570894958094,1
2017-06-15,48.208499908447266,29.168847677191433,1.0082146780831474,6.346099133405637,1
2017-06-16,49.385501861572266,29.370008415344476,1.101714815412249,6.501038015323315,1
2017-06-19,49.75849914550781,29.370008415344476,1.1860359736851283,6.550138853242798,1
2017-06-20,49.62950134277344,29.370008415344476,1.1678216116768974,6.533157763897588,1
2017-06-21,50.11149978637695,29.370008415344476,1.17678587777274,6.596607361189853,1
2017-06-22,50.064998626708984,29.370008415344476,1.1658930097307478,6.590486013924709,1
2017-06-23,50.1870002746582,29.577142662700833,1.1548213958740234,6.606546139292537,1
2017-06-26,49.69900131225586,29.577142662700833,1.163928713117327,6.542306642143991,1
2017-06-27,48.8390007019043,29.577142662700833,1.2158927917480469,6.429097371197063,1
2017-06-28,49.51649856567383,29.577142662700833,1.2657857622419084,6.518282237233491,1
2017-06-29,48.79650115966797,29.577142662700833,1.0482496534075056,6.4235027912232345,1
2017-06-30,48.400001525878906,29.764434790692658,0.9859281267438617,6.371308137019868,1
2017-07-03,47.68299865722656,29.764434790692658,0.999856676374163,6.276922887695679,1
2017-07-05,48.56999969482422,29.764434790692658,0.9916782379150391,6.393686456915182,1
2017-07-06,48.25699996948242,29.764434790692658,0.9551424298967633,6.352483613235747,1
2017-07-07,48.9379997253418,29.955216531335935,0.881535393851144,6.442129463422249,1
2017-07-10,49.82350158691406,29.955216531335935,0.850785664149693,6.558695683218027,1
2017-07-11,49.70650100708008,29.955216531335935,0.8503930228097099,6.543293891423997,1
2017-07-12,50.32550048828125,29.955216531335935,0.8657144818987165,6.624778112644101,1
2017-07-13,50.03150177001953,29.955216531335935,0.8700719560895648,6.586076534815994,1
2017-07-14,50.09049987792969,30.155567609411495,0.8735005514962333,6.593842962773559,1
2017-07-17,50.50199890136719,30.155567609411495,0.8561431339808873,6.648012115536938,1
2017-07-18,51.22249984741211,30.155567609411495,0.8533930097307477,6.742857846849818,1
2017-07-19,51.34349822998047,30.155567609411495,0.8091784885951451,6.75878590377378,1
2017-07-20,51.435001373291016,30.155567609411495,0.7640716007777623,6.770831248880342,1
2017-07-21,51.28350067138672,30.365795799082893,0.7706432342529297,6.750887909533732,1
2017-07-24,51.9474983215332,30.365795799082893,0.7486790248325893,6.838295626433872,1
2017-07-25,51.993499755859375,30.365795799082893,0.7112146105085101,6.8443511905577745,1
2017-07-26,52.63999938964844,30.365795799082893,0.7038931165422712,6.929455493191695,1
2017-07-27,52.29999923706055,30.365795799082893,0.804464612688337,6.8846983512396855,1
2017-07-28,51.00199890136719,30.57113115333448,0.8913217272077288,6.713831412398046,1
2017-07-31,49.388999938964844,30.57113115333448,0.9637143271309989,6.501498497312006,1
2017-08-01,49.80950164794922,30.57113115333448,0.9787142617361886,6.556852750940498,1
2017-08-02,49.794498443603516,30.57113115333448,1.016214098249163,6.554877750219103,1
2017-08-03,49.34600067138672,30.57113115333448,1.042464120047433,6.495838134196936,1
2017-08-04,49.37900161743164,30.75827414302699,1.0307856968470983,6.500182332325792,1
2017-08-07,49.61349868774414,30.75827414302699,0.9801788330078125,6.53105119689371,1
2017-08-08,49.492000579833984,30.75827414302699,0.9851788112095424,6.515057356828507,1
2017-08-09,49.10049819946289,30.75827414302699,0.9927501678466797,6.463520534037555,1
2017-08-10,47.84600067138672,30.75827414302699,1.0271426609584264,6.29838024361361,1
2017-08-11,48.39950180053711,30.933808746584308,1.0331069401332311,6.371242353878627,1
2017-08-14,49.165000915527344,30.933808746584308,1.0568926674979073,6.472011580871543,1
2017-08-15,49.137001037597656,30.933808746584308,1.0440714699881417,6.468325716316485,1
2017-08-16,48.909000396728516,30.933808746584308,0.937321526663644,6.438312032584708,1
2017-08-17,48.028499603271484,30.933808746584308,0.84039306640625,6.322404146362728,1
2017-08-18,47.923500061035156,31.102860401454468,0.7609648023332868,6.308582154281261,1
2017-08-21,47.66450119018555,31.102860401454468,0.7506792885916573,6.274487907146976,1
2017-08-22,48.345001220703125,31.102860401454468,0.7262505122593471,6.364067974192236,1
2017-08-23,47.900001525878906,31.102860401454468,0.718357903616769,6.30548884015876,1
2017-08-24,47.622501373291016,31.102860401454468,0.747607912336077,6.268959110314389,1
2017-08-25,47.26300048828125,31.26365781525374,0.7678219931466239,6.221634919369811,1
2017-08-28,47.30099868774414,31.26365781525374,0.7687508719308036,6.226636948911082,1
2017-08-29,47.702999114990234,31.26365781525374,0.7869649614606585,6.279555719829489,1
2017-08-30,48.37950134277344,31.26365781525374,0.7441795894077846,6.368609521744816,1
2017-08-31,49.029998779296875,31.26365781525374,0.7241794041224888,6.454240089508669,1
2017-09-01,48.912498474121094,31.439268170068345,0.6888577597481864,6.438772514573398,1
2017-09-05,48.26350021362305,31.439268170068345,0.7179287501743862,6.35333929623327,1
2017-09-06,48.38999938964844,31.439268170068345,0.7107857295445034,6.3699914698722715,1
2017-09-07,48.9734992980957,31.439268170068345,0.6926784515380859,6.446802577257312,1
2017-09-08,48.29499816894531,31.606986876524832,0.7127854483468192,6.357485642777018,1
2017-09-11,48.89799880981445,31.606986876524832,0.7138568333217076,6.436863799154628,1
2017-09-12,49.12900161743164,31.606986876524832,0.6942498343331474,6.467272683895239,1
2017-09-13,49.97999954223633,31.606986876524832,0.7223924909319196,6.579296853977053,1
2017-09-14,49.61050033569336,31.606986876524832,0.7009637015206474,6.530656498046261,1
2017-09-15,49.339500427246094,31.78342979742753,0.6963209424700055,6.494982451199413,1
2017-09-18,48.70949935913086,31.78342979742753,0.7458564213344029,6.412049996549229,1
2017-09-19,48.49300003051758,31.78342979742753,0.7141064235142299,6.383550329388773,1
2017-09-20,48.660499572753906,31.78342979742753,0.7044634137834821,6.405599733577878,1
2017-09-21,48.23249816894531,31.78342979742753,0.6965348379952567,6.349258230669379,1
2017-09-22,47.755001068115234,31.942350904598552,0.709284918648856,6.286401183809672,1
2017-09-25,46.989498138427734,31.942350904598552,0.7247494288853237,6.185631454655373,1
2017-09-26,46.93000030517578,31.942350904598552,0.7448921203613281,6.177799243556566,1
2017-09-27,47.54349899291992,31.942350904598552,0.7588563646589007,6.258559348061631,1
2017-09-28,47.81999969482422,31.942350904598552,0.7345349448067802,6.294957511623519,1
2017-09-29,48.067501068115234,32.10280015995693,0.7073563167027065,6.327538244347865,1
2017-10-02,47.95949935913086,32.10280015995693,0.7289278847830636,6.313321051257566,1
2017-10-03,47.85499954223633,32.10280015995693,0.7029993874686105,6.2995648423173405,1
2017-10-04,48.272499084472656,32.10280015995693,0.7097137996128627,6.354523894937,1
2017-10-05,49.04249954223633,32.10280015995693,0.7234281812395368,6.455885672362474,1
2017-10-06,49.479000091552734,32.275697671714106,0.7073208945138114,6.513345990833461,1
2017-10-09,49.54949951171875,32.275697671714106,0.7081067221505302,6.522626435362347,1
2017-10-10,49.36000061035156,32.275697671714106,0.7266780308314732,6.497681066474465,1
2017-10-11,49.75,32.275697671714106,0.7181426456996373,6.549020037680308,1
2017-10-12,50.04650115966797,32.275697671714106,0.735464368547712,6.588051033376007,1
2017-10-13,50.14699935913086,32.45352156910134,0.6805714198521206,6.601280475024916,1
2017-10-16,50.31700134277344,32.45352156910134,0.6507502964564732,6.623659297081613,1
2017-10-17,50.45650100708008,32.45352156910134,0.6164289202008929,6.64202283671566,1
2017-10-18,49.849998474121094,32.45352156910134,0.6741433824811663,6.562183696187977,1
2017-10-19,49.330501556396484,32.45352156910134,0.7038931165422712,6.493797852495683,1
2017-10-20,49.14550018310547,32.61961090854417,0.6947144099644252,6.469444531878975,1
2017-10-23,48.314998626708984,32.61961090854417,0.7338572910853794,6.360118474910829,1
2017-10-24,48.79499816894531,32.61961090854417,0.7378215789794922,6.423304939638127,1
2017-10-25,48.64550018310547,32.61961090854417,0.7454643249511719,6.4036252350178655,1
2017-10-26,48.621498107910156,32.61961090854417,0.7248930249895368,6.40046563559274,1
2017-10-27,55.04750061035156,32.84277399015419,1.1611431666782923,7.246375568269576,1
2017-10-30,55.54249954223633,32.84277399015419,1.2017860412597656,7.311536531556886,1
2017-10-31,55.263999938964844,32.84277399015419,1.2051072801862444,7.274875235430033,1
2017-11-01,55.183998107910156,32.84277399015419,1.191499982561384,7.264343906894791,1
2017-11-02,54.71099853515625,32.84277399015419,1.2271071842738561,7.202078908306257,1
2017-11-03,55.58000183105469,33.06901506319798,1.282928466796875,7.3164732801182994,1
2017-11-06,56.03300094604492,33.06901506319798,1.3170356750488281,7.376105446573023,1
2017-11-07,56.15850067138672,33.06901506319798,1.2718211582728796,7.392626053929542,1
2017-11-08,56.64400100708008,33.06901506319798,1.2706426892961775,7.456536635371879,1
2017-11-09,56.45650100708008,33.06901506319798,1.2866783142089844,7.431854399048964,1
2017-11-10,56.26750183105469,33.299845777306004,1.2274284362792969,7.406974813302323,1
2017-11-13,56.458499908447266,33.299845777306004,1.2371068681989397,7.43211753161393,1
2017-11-14,56.84199905395508,33.299845777306004,1.2224998474121094,7.48260081982225,1
2017-11-15,56.33449935913086,33.299845777306004,1.2255712236676897,7.4157942736811355,1
2017-11-16,56.864498138427734,33.299845777306004,0.7909998212541852,7.485562567662268,1
2017-11-17,56.49399948120117,33.53063337634973,0.7329998016357422,7.436790645448993,1
2017-11-20,56.31549835205078,33.53063337634973,0.7370714460100446,7.413293007829808,1
2017-11-21,56.9744987487793,33.53063337634973,0.7422858646937779,7.500042893317533,1
2017-11-22,57.80799865722656,33.53063337634973,0.7564645494733538,7.609763649133128,1
2017-11-24,59.29999923706055,33.78704497695382,0.7797502790178571,7.806168507295206,1
2017-11-27,59.791500091552734,33.78704497695382,0.8182146889822823,7.870868988593826,1
2017-11-28,59.68000030517578,33.78704497695382,0.8315004621233258,7.856191313514836,1
2017-11-29,58.063499450683594,33.78704497695382,0.9500007629394531,7.643397414278723,1
2017-11-30,58.837501525878906,33.78704497695382,0.9552151816231864,7.745285958995511,1
2017-12-01,58.11750030517578,34.02913905982171,1.0265007019042969,7.6505060108238725,1
2017-12-04,56.6974983215332,34.02913905982171,1.1323577335902624,7.463578946614404,1
2017-12-05,57.07849884033203,34.02913905982171,1.2052862984793526,7.513733319116517,1
2017-12-06,57.61750030517578,34.02913905982171,1.2217148372105189,7.584686713962763,1
2017-12-07,57.989498138427734,34.02913905982171,1.2242862156459264,7.633655985599763,1
2017-12-08,58.099998474121094,34.26865009876996,1.233929225376674,7.648202094396269,1
2017-12-11,58.44599914550781,34.26865009876996,1.2411790575299944,7.69374913620456,1
2017-12-12,58.25400161743164,34.26865009876996,1.235107421875,7.668474851610471,1
2017-12-13,58.20650100708008,34.26865009876996,1.1987500871930803,7.662221938062844,1
2017-12-14,58.7130012512207,34.26865009876996,1.1444642203194755,7.7288969179214755,1
2017-12-15,58.957000732421875,34.51430532895556,1.0944998604910714,7.761016666495748,1
2017-12-18,59.52899932861328,34.51430532895556,1.0902854374476842,7.836313757309467,1
2017-12-19,59.36899948120117,34.51430532895556,0.9624993460518974,7.815251602400368,1
2017-12-20,58.88100051879883,34.51430532895556,0.949749265398298,7.751012105251823,1
2017-12-21,58.737998962402344,34.51430532895556,0.8921778542654855,7.732187581467701,1
2017-12-22,58.417999267578125,34.75215302983737,0.748356682913644,7.690063271649502,1
2017-12-26,58.8380012512207,34.75215302983737,0.6884994506835938,7.745351742136752,1
2017-12-27,59.112998962402344,34.75215302983737,0.6594638824462891,7.781552054113533,1
2017-12-28,59.30500030517578,34.75215302983737,0.6439282553536552,7.806826840869005,1
2017-12-29,58.4734992980957,34.98818632603895,0.6543211255754743,7.697369217618376,1
2018-01-02,59.45050048828125,34.98818632603895,0.6815711430140904,7.825980280359334,1
2018-01-03,60.209999084472656,34.98818632603895,0.7001427241734096,7.925959607495969,1
2018-01-04,60.47949981689453,34.98818632603895,0.7039642333984375,7.961436304919092,1
2018-01-05,61.457000732421875,35.25155761366465,0.7185001373291016,8.090113150801292,1
2018-01-08,62.34349822998047,35.25155761366465,0.7560713631766183,8.20681043471817,1
2018-01-09,62.6349983215332,35.25155761366465,0.7629642486572266,8.24518309684007,1
2018-01-10,62.71649932861328,35.25155761366465,0.7746429443359375,8.255911774799035,1
2018-01-11,63.83399963378906,35.25155761366465,0.8012144906180245,8.403017943456524,1
2018-01-12,65.26000213623047,35.55014910145138,0.8756433214460101,8.590734907522274,1
2018-01-16,65.24299621582031,35.55014910145138,1.0210364205496651,8.588496272074527,1
2018-01-17,64.75,35.55014910145138,1.075857707432338,8.523598943513568,1
2018-01-18,64.66600036621094,35.55014910145138,1.1076439448765345,8.512541349848394,1
2018-01-19,64.72899627685547,35.84048588926635,1.1511083330426897,8.52083404293589,1
2018-01-22,66.3655014038086,35.84048588926635,1.2020726885114397,8.736261276467198,1
2018-01-23,68.12699890136719,35.84048588926635,1.2630013057163783,8.968142329891016,1
2018-01-24,67.87550354003906,35.84048588926635,1.3807509286063058,8.935035834198121,1
2018-01-25,68.89749908447266,35.84048588926635,1.4134649549211775,9.069569890457732,1
2018-01-26,70.10250091552734,36.18140146166695,1.43142945425851,9.228194636930468,1
2018-01-29,70.88400268554688,36.18140146166695,1.4564653124128069,9.331070430927262,1
2018-01-30,71.89099884033203,36.18140146166695,1.5624656677246094,9.46362998862686,1
2018-01-31,72.54450225830078,36.18140146166695,1.6255370548793249,9.549656259560928,1
2018-02-01,69.5,36.18140146166695,1.8123226165771484,9.1488822636941,1
2018-02-02,71.49749755859375,36.5328054029299,2.0824296133858815,9.411830033270943,1
2018-02-05,69.5,36.5328054029299,2.40607179914202,9.1488822636941,1
2018-02-06,72.14199829101562,36.5328054029299,2.617071969168527,9.496671203339897,1
2018-02-07,70.83899688720703,36.5328054029299,2.7072857448032925,9.325145930924458,1
2018-02-08,67.5250015258789,36.5328054029299,2.9351425170898438,8.888896241957273,1
2018-02-09,66.9800033569336,36.83576259650208,3.237642560686384,8.817153449416129,1
2018-02-12,69.3115005493164,36.83576259650208,3.296999250139509,9.1240684610887,1
2018-02-13,70.72550201416016,36.83576259650208,3.2471068246023997,9.310205625441887,1
2018-02-14,72.55249786376953,36.83576259650208,3.346642630440848,9.550708789820792,1
2018-02-15,73.08799743652344,36.83576259650208,3.373499189104353,9.621201200516966,1
2018-02-16,72.43450164794922,37.189978905471705,3.331677573067801,9.535175933905663,1
2018-02-20,73.4175033569336,37.189978905471705,3.313927241734096,9.664576896502902,1
2018-02-21,74.14600372314453,37.189978905471705,3.315284184047154,9.76047566023703,1
2018-02-22,74.26699829101562,37.189978905471705,3.143998282296317,9.77640321499961,1
2018-02-23,75.0,37.56619802084015,2.8106411525181363,9.872894529166294,1
2018-02-26,76.09750366210938,37.56619802084015,2.3984271458217075,10.017368367851356,1
2018-02-27,75.5989990234375,37.56619802084015,2.1390342712402344,9.951745918252588,1
2018-02-28,75.62249755859375,37.56619802084015,2.0350341796875,9.95483923237509,1
2018-03-01,74.67250061035156,37.56619802084015,1.926748548235212,9.82978297006809,1
2018-03-02,75.01249694824219,37.93879801016754,1.6712837219238281,9.874539609858715,1
2018-03-05,76.18049621582031,37.93879801016754,1.636176518031529,10.02829339091128,1
2018-03-06,76.88200378417969,37.93879801016754,1.5730694362095423,10.1206388606956,1
2018-03-07,77.25,37.93879801016754,1.4826763698032923,10.169081365041283,1
2018-03-08,77.59300231933594,37.93879801016754,1.4033197675432478,10.214233708002125,1
2018-03-09,78.94450378417969,38.34681498304329,1.4313196454729353,10.392143460247672,1
2018-03-12,79.91950225830078,38.34681498304329,1.3747482299804688,10.52049088826228,1
2018-03-13,79.40899658203125,38.34681498304329,1.3904271806989397,10.45328863895095,1
2018-03-14,79.55000305175781,38.34681498304329,1.3599989754813058,10.471850532331489,1
2018-03-15,79.11599731445312,38.34681498304329,1.374784197126116,10.414718627405327,1
2018-03-16,78.58399963378906,38.74718497956812,1.371570042201451,10.344687200859228,1
2018-03-19,77.24649810791016,38.74718497956812,1.4671412876674108,10.168620380891209,1
2018-03-20,79.32550048828125,38.74718497956812,1.5576771327427454,10.442297330588403,1
2018-03-21,79.09300231933594,38.74718497956812,1.4624628339494978,10.41169159858545,1
2018-03-22,77.24600219726562,38.74718497956812,1.4389632088797433,10.168555099911352,1
2018-03-23,74.77799987792969,39.1057005506961,1.4721063886369978,9.843670745290797,1
2018-03-26,77.79299926757812,39.1057005506961,1.6253564017159599,10.240561025017461,1
2018-03-27,74.85250091552734,39.1057005506961,1.8762855529785156,9.853477957111,1
2018-03-28,71.57099914550781,39.1057005506961,2.23699951171875,9.42150567880866,1
2018-03-29,72.36699676513672,39.1057005506961,2.4626780918666293,9.526289686062842,1
2018-04-02,68.59950256347656,39.43665872198407,2.698035103934152,9.030342047499692,1
2018-04-03,69.60250091552734,39.43665872198407,2.7663917541503906,9.162375340069358,1
2018-04-04,70.52850341796875,39.43665872198407,2.9244275774274553,9.284273007273999,1
2018-04-05,72.5875015258789,39.43665872198407,3.0322489057268416,9.555316622676,1
2018-04-06,70.2614974975586,39.743373535671374,3.1404631478445872,9.2491247233957,1
2018-04-09,70.30400085449219,39.743373535671374,3.1032491411481584,9.254719805530913,1
2018-04-10,71.81099700927734,39.743373535671374,3.0683561052594865,9.45309866009162,1
2018-04-11,71.35250091552734,39.743373535671374,3.05785642351423,9.392742879083238,1
2018-04-12,72.42500305175781,39.743373535671374,3.0064637320382253,9.533925552060692,1
2018-04-13,71.53949737548828,40.0597528773611,2.9407495771135603,9.41735883010353,1
2018-04-16,72.07499694824219,40.0597528773611,2.7910706656319753,9.487851240799701,1
2018-04-17,75.19149780273438,40.0597528773611,2.6912133353097096,9.898103030619142,1
2018-04-18,76.39199829101562,40.0597528773611,2.4022494724818637,10.05613522665932,1
2018-04-19,77.84549713134766,40.0597528773611,2.2251428876604353,10.247471769977503,1
2018-04-20,76.37449645996094,40.421093609526274,2.056464603969029,10.053831310231718,1
2018-04-23,75.89299774169922,40.421093609526274,2.0061792646135603,9.990447496080694,1
2018-04-24,73.00450134277344,40.421093609526274,2.108107430594308,9.610209892154417,1
2018-04-25,73.00849914550781,40.421093609526274,2.1294648306710378,9.610736157284348,1
2018-04-26,75.89800262451172,40.421093609526274,2.1902149745396207,9.991106331815876,1
2018-04-27,78.63099670410156,40.80129165026832,2.4910360063825334,10.35087382910423,1
2018-04-30,78.30650329589844,40.80129165026832,2.5008937290736606,10.308157973176241,1
2018-05-01,79.11299896240234,40.80129165026832,2.5327862330845425,10.414323928557877,1
2018-05-02,78.48400115966797,40.80129165026832,2.522321973528181,10.33152354235156,1
2018-05-03,78.60399627685547,40.80129165026832,2.4991787501743863,10.347319530831655,1
2018-05-04,79.04750061035156,41.181850943403475,2.5105721609933034,10.40570181760279,1
2018-05-07,80.00700378417969,41.181850943403475,2.3688223702566966,10.532009466077529,1
2018-05-08,79.61949920654297,41.181850943403475,2.3247506277901784,10.48099890841651,1
2018-05-09,80.4000015258789,41.181850943403475,2.236607687813895,10.58374313613082,1
2018-05-10,80.4540023803711,41.181850943403475,2.118929181780134,10.59085173267597,1
2018-05-11,80.14550018310547,41.56954894578857,2.0068577357700894,10.55024093726771,1
2018-05-14,80.0770034790039,41.56954894578857,1.7214290073939733,10.541224127465172,1
2018-05-15,78.80599975585938,41.56954894578857,1.6548222133091517,10.373910984734724,1
2018-05-16,79.36399841308594,41.56954894578857,1.472893306187221,10.447365143270915,1
2018-05-17,79.08799743652344,41.56954894578857,1.1189651489257812,10.411032762850269,1
2018-05-18,78.71849822998047,41.93919023219844,1.0347856794084822,10.362392406919477,1
2018-05-21,79.27300262451172,41.93919023219844,0.9807145254952567,10.435386585628361,1
2018-05-22,79.06999969482422,41.93919023219844,0.9539288112095424,10.408663565442808,1
2018-05-23,80.09300231933594,41.93919023219844,0.9780006408691406,10.543330192307668,1
2018-05-24,80.15350341796875,41.93919023219844,0.9678219386509487,10.55129447185034,1
2018-05-25,80.50749969482422,42.3229545054584,0.9237861633300781,10.597894043918496,1
2018-05-29,80.64350128173828,42.3229545054584,0.9381076267787388,10.615797101563853,1
2018-05-30,81.24449920654297,42.3229545054584,0.9278575352260044,10.694911623215113,1
2018-05-31,81.48100280761719,42.3229545054584,0.9331790379115513,10.726044624670763,1
2018-06-01,82.0770034790039,42.71851718181209,0.9471075875418526,10.804501314909608,1
2018-06-04,83.26349639892578,42.71851718181209,0.9935716901506696,10.960689574349491,1
2018-06-05,84.81749725341797,42.71851718181209,0.9843215942382812,11.165256061477965,1
2018-06-06,84.7874984741211,42.71851718181209,1.019035884312221,11.161307064357942,1
2018-06-07,84.46499633789062,42.71851718181209,1.028857639857701,11.118853336672153,1
2018-06-08,84.19950103759766,43.13126328982986,1.0465011596679688,11.083903908701728,1
2018-06-11,84.45600128173828,43.13126328982986,1.0321077619280135,11.117669240129805,1
2018-06-12,84.9375,43.13126328982986,1.0169290815080916,11.181053054280829,1
2018-06-13,85.24299621582031,43.13126328982986,0.943643297467913,11.221268146518874,1
2018-06-14,86.19300079345703,43.13126328982986,0.9439288548060826,11.346325413148639,1
2018-06-15,85.79850006103516,43.555812909443844,0.9498928615025112,11.29439389151024,1
2018-06-18,86.18949890136719,43.555812909443844,0.9589642116001674,11.345864428998565,1
2018-06-19,86.73899841308594,43.555812909443844,1.039642333984375,11.418199771972267,1
2018-06-20,87.50399780273438,43.555812909443844,1.091427939278739,11.518903215823942,1
2018-06-21,86.51100158691406,43.555812909443844,1.1929637363978796,11.388186590401872,1
2018-06-22,85.78350067138672,43.97598890707512,1.2178213936941964,11.292419392950228,1
2018-06-25,83.15750122070312,43.97598890707512,1.345071520124163,10.946736518146924,1
2018-06-26,84.55449676513672,43.97598890707512,1.382178715297154,11.130635047052365,1
2018-06-27,83.02549743652344,43.97598890707512,1.4827499389648438,10.9293597256315,1
2018-06-28,85.07250213623047,43.97598890707512,1.584750039236886,11.198824545643703,1
2018-06-29,84.98999786376953,44.38408849868402,1.6398931230817522,11.18796379924087,1
2018-07-02,85.68900299072266,44.38408849868402,1.730750492640904,11.279979851157599,1
2018-07-03,84.697998046875,44.38408849868402,1.7933218819754464,11.14952535397773,1
2018-07-05,84.98650360107422,44.38408849868402,1.8240361894880022,11.187503819413562,1
2018-07-06,85.53150177001953,44.79351549640875,1.8535357883998327,11.259246611954707,1
2018-07-09,86.95099639892578,44.79351549640875,1.870499747140067,11.446106888700166,1
2018-07-10,87.15350341796875,44.79351549640875,1.8107855660574776,11.472764627905862,1
2018-07-11,87.75,44.79351549640875,1.7922499520438058,11.551286599124564,1
2018-07-12,89.83100128173828,44.79351549640875,1.7831786019461495,11.825226681386724,1
2018-07-13,90.65149688720703,45.249813818705256,1.7437858581542969,11.93323556904589,1
2018-07-16,91.12449645996094,45.249813818705256,1.5993576049804688,11.995500567634423,1
2018-07-17,92.19650268554688,45.249813818705256,1.6561077662876673,12.136617959632018,1
2018-07-18,92.14600372314453,45.249813818705256,1.5691789899553572,12.129970347236942,1
2018-07-19,90.64849853515625,45.249813818705256,1.521536145891462,11.93284087019844,1
2018-07-20,90.68499755859375,45.70190519920166,1.506143297467913,11.937645550315986,1
2018-07-23,90.0999984741211,45.70190519920166,1.5532144818987166,11.860637093507222,1
2018-07-24,91.46199798583984,45.70190519920166,1.5727860586983817,12.039928793880224,1
2018-07-25,93.18049621582031,45.70190519920166,1.6180000305175781,12.266149484188972,1
2018-07-26,90.4000015258789,45.70190519920166,1.7448218209402901,11.900129073352993,1
2018-07-27,90.8635025024414,46.15127432659708,1.9040723528180803,11.961143690096556,1
2018-07-30,88.96099853515625,46.15127432659708,2.062929425920759,11.710700743292199,1
2018-07-31,88.87200164794922,46.15127432659708,2.204178946358817,11.698985318214609,1
2018-08-01,89.8584976196289,46.15127432659708,2.130678449358259,11.828846260639157,1
2018-08-02,91.71649932861328,46.15127432659708,2.2395711626325334,12.073430992743335,1
2018-08-03,91.16449737548828,46.59916709325272,2.205928257533482,12.000766231902043,1
2018-08-06,92.38749694824219,46.59916709325272,2.1149994986397878,12.16176017578224,1
2018-08-07,93.1240005493164,46.59916709325272,2.100142342703683,12.258712474099,1
2018-08-08,94.32599639892578,46.59916709325272,2.1192850385393416,12.416941517401519,1
2018-08-09,94.9260025024414,46.59916709325272,2.1632494245256697,12.495925477093063,1
2018-08-10,94.31500244140625,47.07395152457763,2.0642493111746654,12.415494288294205,1
2018-08-13,94.80999755859375,47.07395152457763,2.066749027797154,12.480654749420133,1
2018-08-14,95.98249816894531,47.07395152457763,2.008213588169643,12.635001080905253,1
2018-08-15,94.13099670410156,47.07395152457763,1.9751777648925781,12.391272031798596,1
2018-08-16,94.32599639892578,47.07395152457763,1.7925349644252233,12.416941517401519,1
2018-08-17,94.11100006103516,47.54198185827373,1.6817141941615514,12.38863970182617,1
2018-08-20,93.83550262451172,47.54198185827373,1.5502144949776786,12.352373606708149,1
2018-08-21,94.1709976196289,47.54198185827373,1.5535005841936385,12.396537696066218,1
2018-08-22,95.24500274658203,47.54198185827373,1.477072034563337,12.537918220628779,1
2018-08-23,95.1449966430664,47.54198185827373,1.4743570600237166,12.524753557798343,1
2018-08-24,95.26950073242188,48.01688254358864,1.4194286891392298,12.541143101033763,1
2018-08-27,96.38400268554688,48.01688254358864,1.4153573172433036,12.687854570843802,1
2018-08-28,96.64099884033203,48.01688254358864,1.3335353306361608,12.721685183251738,1
2018-08-29,99.90499877929688,48.01688254358864,1.4363212585449219,13.151353545126472,1
2018-08-30,100.11900329589844,48.01688254358864,1.4983929225376673,13.179524798742104,1
2018-08-31,100.635498046875,48.54045085705418,1.431607382638114,13.247515441425566,1
2018-09-04,101.97550201416016,48.54045085705418,1.4779646737234933,13.423911679261176,1
2018-09-05,99.74099731445312,48.54045085705418,1.4802148001534599,13.129764622926057,1
2018-09-06,97.91549682617188,48.54045085705418,1.6584647042410714,12.889458305809493,1
2018-09-07,97.60350036621094,49.02864040440898,1.6777501787458147,12.848387530573925,1
2018-09-10,96.95050048828125,49.02864040440898,1.734286172049386,12.762427544942481,1
2018-09-11,99.35749816894531,49.02864040440898,1.9076434544154577,13.079281334717736,1
2018-09-12,99.5,49.02864040440898,1.937643323625837,13.098040075360617,1
2018-09-13,99.49349975585938,49.02864040440898,1.966179438999721,13.097184392363094,1
2018-09-14,98.5094985961914,49.52098725208841,2.0410368783133372,12.967651863483372,1
2018-09-17,95.40149688720703,49.52098725208841,2.257001059395926,12.55851888922642,1
2018-09-18,97.05249786376953,49.52098725208841,2.3858233860560825,12.775854336015115,1
2018-09-19,96.32099914550781,49.52098725208841,2.279679979596819,12.67956087343354,1
2018-09-20,97.21499633789062,49.52098725208841,2.2436441693987166,12.797245406630422,1
2018-09-21,95.75050354003906,49.9809824390332,2.3393941606794084,12.604461634204927,1
2018-09-24,96.71800231933594,49.9809824390332,2.461144038609096,12.731821812939529,1
2018-09-25,98.72750091552734,49.9809824390332,2.429215567452567,12.996349382228937,1
2018-09-26,98.74250030517578,49.9809824390332,2.2915011814662387,12.998323880788949,1
2018-09-27,100.64900207519531,49.9809824390332,2.303858075823103,13.249293092723237,1
2018-09-28,100.1500015258789,50.480176658802804,2.2629290989467075,13.183605362144611,1
2018-10-01,100.21800231933594,50.480176658802804,2.1140360151018416,13.19255689096729,1
2018-10-02,98.56549835205078,50.480176658802804,2.1499650137765065,12.975023592593487,1
2018-10-03,97.63800048828125,50.480176658802804,2.196964808872768,12.852929078126506,1
2018-10-04,95.47100067138672,50.480176658802804,2.286250523158482,12.567668269634208,1
2018-10-05,94.48249816894531,50.91801070367984,2.227214813232422,12.437543190321929,1
2018-10-08,93.22100067138672,50.91801070367984,2.302821568080357,12.271481433759218,1
2018-10-09,93.51599884033203,50.91801070367984,2.3321435110909596,12.310314577869809,1
2018-10-10,87.76249694824219,50.91801070367984,2.644036429268973,11.552931679816986,1
2018-10-11,85.96800231933594,50.91801070367984,2.727929251534598,11.316706930425694,1
2018-10-12,89.43049621582031,51.30121951474592,2.7911791120256697,11.772504757730658,1
2018-10-15,88.04750061035156,51.30121951474592,2.8600006103515625,11.590449161102745,1
2018-10-16,90.99800109863281,51.30121951474592,2.9642862592424666,11.978848896156805,1
2018-10-17,91.58650207519531,51.30121951474592,2.952465057373047,12.056318337115643,1
2018-10-18,88.53600311279297,51.30121951474592,3.0731795174734935,11.654754943553916,1
2018-10-19,88.20149993896484,51.66838648414114,3.16571535382952,11.610721416155563,1
2018-10-22,89.46499633789062,51.66838648414114,3.1867147173200334,11.777046305283239,1
2018-10-23,88.43499755859375,51.66838648414114,3.3131790161132812,11.641458714440997,1
2018-10-24,83.20999908447266,51.66838648414114,3.533606937953404,10.953647263106966,1
2018-10-25,89.1084976196289,51.66838648414114,3.7634642464773997,11.730117315347494,1
2018-10-26,82.1405029296875,51.97159162290279,4.148571014404297,10.81286029329973,1
2018-10-29,76.94400024414062,51.97159162290279,4.5999281747000555,10.128799987500614,1
2018-10-30,76.52100372314453,51.97159162290279,4.416785103934152,10.073117320327297,1
2018-10-31,79.90049743652344,51.97159162290279,4.499606541224888,10.51798912024957,1
2018-11-01,83.27649688720703,51.97159162290279,4.438356672014509,10.962400940344537,1
2018-11-02,83.27649688720703,52.28308321757249,4.384035382952009,10.962400940344537,1
2018-11-05,81.38999938964844,52.28308321757249,4.40632084437779,10.71406506270544,1
2018-11-06,82.1405029296875,52.28308321757249,4.450784955705915,10.81286029329973,1
2018-11-07,87.77449798583984,52.28308321757249,4.6384991237095425,11.554511479529548,1
2018-11-08,87.74549865722656,52.28308321757249,4.648463112967355,11.550694048692007,1
2018-11-09,85.62149810791016,52.614808738869385,4.646820613316128,11.271093603314778,1
2018-11-12,81.84249877929688,52.614808738869385,4.672248840332031,10.773631446018923,1
2018-11-13,81.55850219726562,52.614808738869385,4.465677533830915,10.736246535338413,1
2018-11-14,79.95050048828125,52.614808738869385,4.270391736711774,10.524571451664787,1
2018-11-15,80.97200012207031,52.614808738869385,3.9101775033133372,10.65904022694454,1
2018-11-16,79.67050170898438,52.88401961419392,3.4658203125,10.48771280611421,1
2018-11-19,75.614501953125,52.88401961419392,3.5566062927246094,9.953786702115226,1
2018-11-20,74.77300262451172,52.88401961419392,3.6325351170131137,9.843012913878383,1
2018-11-21,75.83650207519531,52.88401961419392,3.5686062404087613,9.983010485990722,1
2018-11-23,75.10299682617188,53.105103964561856,3.528534480503627,9.886452886521411,1
2018-11-26,79.06649780273438,53.105103964561856,3.5770350864955356,10.408202581292734,1
2018-11-27,79.07099914550781,53.105103964561856,3.538428170340402,10.408795131725292,1
2018-11-28,83.88749694824219,53.105103964561856,3.4798927307128906,11.042832129143394,1
2018-11-29,83.67849731445312,53.105103964561856,3.404071262904576,11.015319711262944,1
2018-11-30,84.50849914550781,53.41757555840212,3.320000239780971,11.124579985089847,1
2018-12-03,88.61799621582031,53.41757555840212,3.3405363900320872,11.665548400331357,1
2018-12-04,83.41999816894531,53.41757555840212,3.4978577750069753,10.9812912472699,1
2018-12-06,84.95950317382812,53.41757555840212,3.552393232073103,11.183949521140988,1
2018-12-07,81.45649719238281,53.69656980351636,3.606536320277623,10.722818739943012,1
2018-12-10,82.05149841308594,53.69656980351636,3.680821555001395,10.801143863899373,1
2018-12-11,82.16200256347656,53.69656980351636,3.573035648890904,10.815690474857265,1
2018-12-12,83.177001953125,53.69656980351636,3.3837492806570872,10.949303567139493,1
2018-12-13,82.91899871826172,53.69656980351636,3.3697498866489957,10.915340384126308,1
2018-12-14,79.59549713134766,53.95427057294752,3.5089999607631137,10.477839308991383,1
2018-12-17,76.04550170898438,53.95427057294752,3.523820604596819,10.010522903871172,1
2018-12-18,77.5739974975586,53.95427057294752,3.5488204956054688,10.211731939989415,1
2018-12-19,74.75399780273438,53.95427057294752,3.553534916469029,9.840511145865673,1
2018-12-20,73.04149627685547,53.95427057294752,3.6933566502162387,9.615079853251821,1
2018-12-21,68.87249755859375,54.102710642456444,4.0024277823311945,9.066278724750122,1
2018-12-24,67.197998046875,54.102710642456444,4.005499158586774,8.845849963838926,1
2018-12-26,73.54499816894531,54.102710642456444,4.083499363490513,9.681360134263004,1
2018-12-27,73.08200073242188,54.102710642456444,4.045606340680804,9.620411802822067,1
2018-12-28,73.9010009765625,54.299708556228644,3.942035130092076,9.728223843218892,1
2018-12-31,75.09850311279297,54.299708556228644,3.854964120047433,9.885861340411621,1
2019-01-02,76.95649719238281,54.299708556228644,3.9712497166224887,10.130445068193033,1
2019-01-03,75.01399993896484,54.299708556228644,3.9007857186453685,9.874737461443823,1
2019-01-04,78.76950073242188,54.54318907539475,4.054713657924107,10.369106304617178,1
2019-01-07,81.47550201416016,54.54318907539475,4.003963470458984,10.725320507955722,1
2019-01-08,82.8290023803711,54.54318907539475,3.907892499651228,10.903493392766237,1
2019-01-09,82.97100067138672,54.54318907539475,3.835606711251395,10.92218584810649,1
2019-01-10,82.81099700927734,54.54318907539475,3.6223204476492747,10.901123191036008,1
2019-01-11,82.02799987792969,54.81666977989759,3.4339637756347656,10.798050549776873,1
2019-01-14,80.8604965209961,54.81666977989759,3.2089996337890625,10.644362049704167,1
2019-01-15,83.72799682617188,54.81666977989759,3.0980001177106584,11.021835757375536,1
2019-01-16,84.18900299072266,54.81666977989759,2.745286124093192,11.082521960574272,1
2019-01-17,84.66100311279297,54.81666977989759,2.5384292602539062,11.144655392880324,1
2019-01-18,84.80999755859375,55.11511085232243,2.3962500435965404,11.16426881219796,1
2019-01-22,81.6084976196289,55.11511085232243,2.5507496425083707,10.742827862430863,1
2019-01-23,82.0009994506836,55.11511085232243,2.382892608642578,10.794496251504299,1
2019-01-24,82.74649810791016,55.11511085232243,2.323821476527623,10.892632646363404,1
2019-01-25,83.52850341796875,55.397831176358714,2.0910720825195312,10.995574725662824,1
2019-01-28,81.89450073242188,55.397831176358714,2.081465584891183,10.780476909999107,1
2019-01-29,79.69400024414062,55.397831176358714,2.035643986293248,10.49080612023671,1
2019-01-30,83.52149963378906,55.397831176358714,2.238037109375,10.994652757362676,1
2019-01-31,85.9365005493164,55.397831176358714,2.3250018528529575,11.312560081720562,1
2019-02-01,81.3115005493164,55.65567863280605,2.584465571812221,10.703731585755307,1
2019-02-04,81.66549682617188,55.65567863280605,2.524036407470703,10.750331157823462,1
2019-02-05,82.94049835205078,55.65567863280605,2.4311790466308594,10.918170565683843,1
2019-02-06,82.01300048828125,55.65567863280605,2.4614644731794084,10.796076051216861,1
2019-02-07,80.71849822998047,55.65567863280605,2.549607413155692,10.625669594363911,1
2019-02-08,79.41100311279297,55.89205002066662,2.6315721784319197,10.453552775838684,1
2019-02-11,79.55000305175781,55.89205002066662,2.4076080322265625,10.471850532331489,1
2019-02-12,81.90049743652344,55.89205002066662,2.418215070452009,10.781266307694004,1
2019-02-13,82.0,55.89205002066662,2.3960364205496654,10.794364685221815,1
2019-02-14,81.13249969482422,55.89205002066662,2.4152859279087613,10.68016816499488,1
2019-02-15,80.39749908447266,56.13588533473435,2.300750187465123,10.58341371826323,1
2019-02-19,81.37899780273438,56.13588533473435,2.251714433942522,10.712616829275362,1
2019-02-20,81.1050033569336,56.13588533473435,2.0436428615025113,10.676548585742449,1
2019-02-21,80.97200012207031,56.13588533473435,1.888892582484654,10.65904022694454,1
2019-02-22,81.5780029296875,56.38904073368911,1.5988213675362724,10.738813584330982,1
2019-02-25,81.6500015258789,56.38904073368911,1.5562504359654017,10.748291378283593,1
2019-02-26,81.81999969482422,56.38904073368911,1.5273568289620536,10.770669698178905,1
2019-02-27,82.05449676513672,56.38904073368911,1.4837499346051897,10.801538562746822,1
2019-02-28,81.99150085449219,56.38904073368911,1.3787144252232142,10.793245869659327,1
2019-03-01,83.58650207519531,56.65966223957474,1.3316426958356584,11.003209587337905,1
2019-03-04,84.80850219726562,56.65966223957474,1.3831067766462053,11.16407196493562,1
2019-03-05,84.62149810791016,56.65966223957474,1.2773568289620536,11.139455009592561,1
2019-03-06,83.44750213623047,56.65966223957474,1.3137850080217635,10.9849118308451,1
2019-03-07,81.29750061035156,56.65966223957474,1.3684283665248327,10.701888653477779,1
2019-03-08,81.04000091552734,56.90225267416134,1.4218924386160714,10.667991755767218,1
2019-03-11,83.53099822998047,56.90225267416134,1.4863570077078683,10.995903139207648,1
2019-03-12,83.65499877929688,56.90225267416134,1.4809281485421317,11.012226397140441,1
2019-03-13,84.54049682617188,56.90225267416134,1.4961068289620536,11.128792114774837,1
2019-03-14,84.31099700927734,56.90225267416134,1.5038206917898995,11.098581081619335,1
2019-03-15,85.61799621582031,57.18798146562064,1.5337137494768416,11.270632619164704,1
2019-03-18,87.10749816894531,57.18798146562064,1.5829287937709264,11.466708561620576,1
2019-03-19,88.09249877929688,57.18798146562064,1.6375716073172433,11.596372656782782,1
2019-03-20,89.8635025024414,57.18798146562064,1.7079642159598214,11.829505096374339,1
2019-03-21,90.96299743652344,57.18798146562064,1.7152502877371651,11.974241063301598,1
2019-03-22,88.2385025024414,57.496941873947215,1.7811431884765625,11.615592381575736,1
2019-03-25,88.71299743652344,57.496941873947215,1.839679173060826,11.67805422742661,1
2019-03-26,89.18800354003906,57.496941873947215,1.8501793997628349,11.740583362902877,1
2019-03-27,88.28500366210938,57.496941873947215,1.8236792428152901,11.621713728840879,1
2019-03-28,88.6709976196289,57.496941873947215,1.7703933715820312,11.672525430594023,1
2019-03-29,89.0374984741211,57.81077825802855,1.6559290204729353,11.720771087677365,1
2019-04-01,90.70950317382812,57.81077825802855,1.697465079171317,11.940871435043737,1
2019-04-02,90.6989974975586,57.81077825802855,1.6545366559709822,11.939488482593516,1
2019-04-03,91.03500366210938,57.81077825802855,1.6642510550362724,11.983719861576976,1
2019-04-04,90.94300079345703,57.81077825802855,1.6355721609933036,11.971608733329171,1
2019-04-05,91.86399841308594,58.14961626952166,1.5715718950544084,12.09284756479863,1
2019-04-08,92.49299621582031,58.14961626952166,1.5111432756696428,12.17564795100495,1
2019-04-09,91.79199981689453,58.14961626952166,1.452786581856864,12.08336977084602,1
2019-04-10,92.36650085449219,58.14961626952166,1.3910724094935827,12.15899627952733,1
2019-04-11,92.20349884033203,58.14961626952166,1.2249652317592077,12.137538923609398,1
2019-04-12,92.15299987792969,58.487958394978456,1.1357503618512834,12.130891311214322,1
2019-04-15,92.24349975585938,58.487958394978456,1.1198218209402901,12.142804587877018,1
2019-04-16,93.1520004272461,58.487958394978456,1.0593932015555245,12.262398338654057,1
2019-04-17,93.24099731445312,58.487958394978456,1.0292859758649553,12.274113763731645,1
2019-04-18,93.08450317382812,58.487958394978456,1.0003574916294642,12.253513095134004,1
2019-04-22,94.3655014038086,58.83220262163368,1.0284287588936942,12.422141900689281,1
2019-04-23,96.1884994506836,58.83220262163368,1.1251068115234375,12.662118799938256,1
2019-04-24,95.0875015258789,58.83220262163368,1.1649284362792969,12.517184981425887,1
2019-04-25,95.11250305175781,58.83220262163368,1.1563208443777901,12.520476147133495,1
2019-04-26,97.53150177001953,59.21727027485145,1.2751780918666296,12.838909736621314,1
2019-04-29,96.92150115966797,59.21727027485145,1.2650353567940849,12.75861011410494,1
2019-04-30,96.32599639892578,59.21727027485145,1.3013561793736048,12.680218704845954,1
2019-05-01,95.57599639892578,59.21727027485145,1.350999014718192,12.581489759554291,1
2019-05-02,95.04100036621094,59.21727027485145,1.458285195486886,12.511063634160744,1
2019-05-03,98.12300109863281,59.60439197459057,1.648928506033761,12.916773876427602,1
2019-05-06,97.52749633789062,59.60439197459057,1.7346785409109933,12.838382467168616,1
2019-05-07,96.05000305175781,59.60439197459057,1.8142138889857702,12.643887328748074,1
2019-05-08,95.88849639892578,59.60439197459057,1.8475712367466517,12.622626820092483,1
2019-05-09,94.99349975585938,59.60439197459057,1.9562492370605469,12.504810720613117,1
2019-05-10,94.4990005493164,59.95160201015999,1.9741418021065849,12.439715540467049,1
2019-05-13,91.13400268554688,59.95160201015999,2.0813920157296315,11.996751953802162,1
2019-05-14,92.00599670410156,59.95160201015999,2.099820818219866,12.111540020138886,1
2019-05-15,93.55750274658203,59.95160201015999,2.2044279915945872,12.315778093722537,1
2019-05-16,95.37850189208984,59.95160201015999,2.180713653564453,12.555491860406544,1
2019-05-17,93.44999694824219,60.28491937272798,2.2555345807756697,12.301626181612097,1
2019-05-20,92.94850158691406,60.28491937272798,2.262605939592634,12.235610037488646,1
2019-05-21,92.8759994506836,60.28491937272798,2.2622838701520647,12.226065958233411,1
2019-05-22,92.98400115966797,60.28491937272798,2.1937479291643416,12.24028315132371,1
2019-05-23,90.77400207519531,60.28491937272798,2.1648194449288503,11.949361979716342,1
2019-05-24,91.16400146484375,60.59217392090824,2.0731048583984375,12.000700950922186,1
2019-05-28,91.82150268554688,60.59217392090824,1.9974621364048548,12.087253486986185,1
2019-05-29,90.95950317382812,60.59217392090824,2.0100691659109935,11.973781083474291,1
2019-05-30,90.81600189208984,60.59217392090824,1.9381768362862724,11.954890776548929,1
2019-05-31,88.75350189208984,60.87238613952697,1.9232842581612724,11.683386176996855,1
2019-06-03,84.6344985961914,60.87238613952697,2.034320286342076,11.141166375587607,1
2019-06-04,86.47799682617188,60.87238613952697,2.0816056387765065,11.383841890111633,1
2019-06-05,86.92500305175781,60.87238613952697,2.0291775294712613,11.442685161032841,1
2019-06-06,87.71800231933594,60.87238613952697,1.984570094517299,11.547074469439574,1
2019-06-07,90.20149993896484,61.16421811763083,2.015605926513672,11.873998603599997,1
2019-06-10,93.03150177001953,61.16421811763083,2.1848204476492747,12.246536064871338,1
2019-06-11,93.18499755859375,61.16421811763083,2.194463457380022,12.26674203462153,1
2019-06-12,92.76599884033203,61.16421811763083,2.194927760532924,12.211585632578146,1
2019-06-13,93.51499938964844,61.16421811763083,2.095963614327567,12.310183011587325,1
2019-06-14,93.4834976196289,61.48580298829748,2.062821524483817,12.306036162882194,1
2019-06-17,94.30149841308594,61.48580298829748,2.0629288809640065,12.413716636996535,1
2019-06-18,95.06849670410156,61.48580298829748,2.087000710623605,12.514683213413177,1
2019-06-19,95.43949890136719,61.48580298829748,2.106536320277623,12.563521420929076,1
2019-06-20,95.90950012207031,61.48580298829748,2.055750710623605,12.62539172067016,1
2019-06-21,95.56500244140625,61.824899500268714,1.7532506670270647,12.580042530446978,1
2019-06-24,95.69499969482422,61.824899500268714,1.6305007934570312,12.59715518607467,1
2019-06-25,93.91349792480469,61.824899500268714,1.6562865121023995,12.362640798355658,1
2019-06-26,94.8915023803711,61.824899500268714,1.6265013558523995,12.491383929540483,1
2019-06-27,95.21399688720703,61.824899500268714,1.489072527204241,12.533836652903505,1
2019-06-28,94.68150329589844,62.15183088131976,1.3037158421107702,12.463739945377549,1
2019-07-01,96.1094970703125,62.15183088131976,1.3054656982421875,12.651719037685497,1
2019-07-02,96.71549987792969,62.15183088131976,1.332394736153739,12.731492395071939,1
2019-07-03,96.94999694824219,62.15183088131976,1.2728227887834822,12.762361259639857,1
2019-07-05,97.14550018310547,62.5000265957654,1.2856794084821428,12.788097030545403,1
2019-07-08,97.61599731445312,62.5000265957654,1.291858128138951,12.850032611266347,1
2019-07-09,99.41500091552734,62.5000265957654,1.3307506016322546,13.08685091541296,1
2019-07-10,100.87049865722656,62.5000265957654,1.3647864205496651,13.278450591296108,1
2019-07-11,100.05349731445312,62.5000265957654,1.4044292994907923,13.17090168346425,1
2019-07-12,100.55000305175781,62.878633326670794,1.3957148960658483,13.236261000498052,1
2019-07-15,101.04949951171875,62.878633326670794,1.4163932800292969,13.302014012056535,1
2019-07-16,100.49500274658203,62.878633326670794,1.3490006583077567,13.229020837670419,1
2019-07-17,99.60150146484375,62.878633326670794,1.3291429792131697,13.111401585453393,1
2019-07-18,98.8949966430664,62.878633326670794,1.4258221217564173,13.018398284256659,1
2019-07-19,98.22599792480469,63.230348397299,1.4430716378348214,12.93033223378272,1
2019-07-22,99.28150177001953,63.230348397299,1.423607417515346,13.069277275635194,1
2019-07-23,99.72450256347656,63.230348397299,1.4111071995326452,13.127593277103704,1
2019-07-24,100.04049682617188,63.230348397299,1.4980359758649553,13.169190317469205,1
2019-07-25,98.69100189208984,63.230348397299,1.5261786324637276,12.991544702111389,1
2019-07-26,97.15249633789062,63.56788220765315,1.6031782967703683,12.789017994522784,1
2019-07-29,95.62249755859375,63.56788220765315,1.624535151890346,12.587611106819434,1
2019-07-30,94.92649841308594,63.56788220765315,1.5971418108258928,12.49599075807292,1
2019-07-31,93.33899688720703,63.56788220765315,1.6314631870814733,12.287014289674348,1
2019-08-01,92.76599884033203,63.56788220765315,1.767106192452567,12.211585632578146,1
2019-08-02,91.16200256347656,63.84245056940264,1.8597848074776786,12.00043781835722,1
2019-08-05,88.25650024414062,63.84245056940264,2.0360701424734935,11.617961578983197,1
2019-08-06,89.3915023803711,63.84245056940264,2.1089275905064175,11.767371664068287,1
2019-08-07,89.66999816894531,63.84245056940264,2.1141063145228793,11.804032458033758,1
2019-08-08,91.64450073242188,63.84245056940264,2.139427730015346,12.063953198790726,1
2019-08-09,90.37899780273438,64.10649581550544,2.139178139822824,11.897364172775317,1
2019-08-12,89.24600219726562,64.10649581550544,2.160320826939174,11.748218224577958,1
2019-08-13,91.21700286865234,64.10649581550544,2.2185707092285156,12.007677981184852,1
2019-08-14,88.14800262451172,64.10649581550544,2.3565711975097656,11.603679104913038,1
2019-08-15,88.80599975585938,64.10649581550544,2.2734642028808594,11.690296921956897,1
2019-08-16,89.62850189208984,64.36044612472519,2.1816073826381137,11.798569946503795,1
2019-08-19,90.80599975585938,64.36044612472519,2.1975364685058594,11.953574109401332,1
2019-08-20,90.06900024414062,64.36044612472519,2.0790721348353793,11.856556530104715,1
2019-08-21,91.177001953125,64.36044612472519,1.9872501918247767,12.002412316917232,1
2019-08-22,90.23300170898438,64.36044612472519,1.9230003356933594,11.87814545230513,1
2019-08-23,87.48100280761719,64.59050141510222,1.8701793125697546,11.515876187004066,1
2019-08-26,88.44349670410156,64.59050141510222,1.8206078665597099,11.642577530003486,1
2019-08-27,88.09149932861328,64.59050141510222,1.7877148219517298,11.596241090500298,1
2019-08-28,88.2125015258789,64.59050141510222,1.7268218994140625,11.612169649585644,1
2019-08-29,89.31999969482422,64.59050141510222,1.739785875592913,11.757959151095534,1
2019-08-30,88.81449890136719,64.83153621596058,1.756178719656808,11.691415737519385,1
2019-09-03,89.49199676513672,64.83153621596058,1.6885359627859933,11.780600603555813,1
2019-09-04,90.03099822998047,64.83153621596058,1.512357439313616,11.85155399840206,1
2019-09-05,92.03600311279297,64.83153621596058,1.5671430315290178,12.115490021581676,1
2019-09-06,91.67549896240234,65.09864032289036,1.5226075308663505,12.068033762193231,1
2019-09-09,91.56749725341797,65.09864032289036,1.4938932146344865,12.053816569102933,1
2019-09-10,91.02749633789062,65.09864032289036,1.5262859889439173,11.982731607974204,1
2019-09-11,91.14949798583984,65.09864032289036,1.512500217982701,11.998791733342031,1
2019-09-12,92.17749786376953,65.09864032289036,1.517357417515346,12.134116191619306,1
2019-09-13,91.96700286865234,65.36598721389298,1.3433570861816406,12.106406926476515,1
2019-09-16,90.39199829101562,65.36598721389298,1.388535635811942,11.899075538770363,1
2019-09-17,91.12750244140625,65.36598721389298,1.3427140372140067,11.99589627080464,1
2019-09-18,90.87300109863281,65.36598721389298,1.354285648890904,11.962394071941528,1
2019-09-19,91.07499694824219,65.36598721389298,1.285750252859933,11.98898452152183,1
2019-09-20,89.70800018310547,65.60819629816376,1.337679181780134,11.809034989736412,1
2019-09-23,89.26499938964844,65.60819629816376,1.3163937159946986,11.750718988267902,1
2019-09-24,87.08049774169922,65.60819629816376,1.467715127127511,11.463154263348,1
2019-09-25,88.41649627685547,65.60819629816376,1.4985008239746094,11.639023231730912,1
2019-09-26,86.99199676513672,65.60819629816376,1.5788933890206474,11.45150411925027,1
2019-09-27,86.27249908447266,65.81381125126136,1.614286150251116,11.356790456381257,1
2019-09-30,86.79550170898438,65.81381125126136,1.622250693184989,11.425637786385007,1
2019-10-01,86.78250122070312,65.81381125126136,1.6324293954031808,11.423926420389963,1
2019-10-02,85.6614990234375,65.81381125126136,1.6323580060686385,11.2763592675824,1
2019-10-03,86.22100067138672,65.81381125126136,1.735893794468471,11.350011277703697,1
2019-10-04,86.98249816894531,66.02444495193483,1.6723578316824776,11.450253737405298,1
2019-10-07,86.63300323486328,66.02444495193483,1.6875010899135046,11.4042467157697,1
2019-10-08,85.27549743652344,66.02444495193483,1.6896798270089286,11.225546561506487,1
2019-10-09,86.09950256347656,66.02444495193483,1.723001207624163,11.334017437638494,1
2019-10-10,86.01300048828125,66.02444495193483,1.6331078665597099,11.32263042610573,1
2019-10-11,86.59600067138672,66.22913704864578,1.6272147042410714,11.39937575034953,1
2019-10-14,86.82150268554688,66.22913704864578,1.4833929879324776,11.429060518375099,1
2019-10-15,88.36900329589844,66.22913704864578,1.4477500915527344,11.632771322506052,1
2019-10-16,88.87149810791016,66.22913704864578,1.3835710797991072,11.698919032911984,1
2019-10-17,89.3740005493164,66.22913704864578,1.3339996337890625,11.765067747640684,1
2019-10-18,87.87550354003906,66.44452377990342,1.3930707659040178,11.567807708642466,1
2019-10-21,89.28299713134766,66.44452377990342,1.397284916469029,11.753088185675363,1
2019-10-22,88.2864990234375,66.44452377990342,1.3870348249162947,11.62191057610322,1
2019-10-23,88.1084976196289,66.44452377990342,1.3445707048688615,11.598478721625275,1
2019-10-24,89.03900146484375,66.44452377990342,1.3685711451939173,11.720968939262473,1
2019-10-25,88.06649780273438,66.6596678000311,1.5887494768415178,11.59294992479269,1
2019-10-28,88.85399627685547,66.6596678000311,1.6192490713936942,11.696615116484383,1
2019-10-29,88.135498046875,66.6596678000311,1.6079275948660714,11.602033019897851,1
2019-10-30,88.99949645996094,66.6596678000311,1.6033564976283483,11.71576855597471,1
2019-10-31,88.83300018310547,66.6596678000311,1.5866780962262834,11.693851220229472,1
2019-11-01,89.5719985961914,66.88765119103768,1.5898922511509486,11.791131932091055,1
2019-11-04,90.23300170898438,66.88765119103768,1.5313208443777901,11.87814545230513,1
2019-11-05,90.08550262451172,66.88765119103768,1.5219999040876115,11.858728880249835,1
2019-11-06,89.78849792480469,66.88765119103768,1.4952141898018974,11.819631599251512,1
2019-11-07,89.41000366210938,66.88765119103768,1.4153567722865514,11.769807146778373,1
2019-11-08,89.29399871826172,67.11059992265184,1.3706071036202567,11.754536419105444,1
2019-11-11,88.5824966430664,67.11059992265184,1.3383571079799108,11.660875286496292,1
2019-11-12,88.9000015258789,67.11059992265184,1.2902139936174666,11.702671182769668,1
2019-11-13,87.65550231933594,67.11059992265184,1.2995354788643974,11.538847057331935,1
2019-11-14,87.7300033569336,67.11059992265184,1.053999764578683,11.548654269152138,1
2019-11-15,86.97450256347656,67.30825069519737,1.0276429312569755,11.449201207145434,1
2019-11-18,87.62650299072266,67.30825069519737,1.0623572213309151,11.535029626494396,1
2019-11-19,87.6395034790039,67.30825069519737,1.0423213413783483,11.536740992489442,1
2019-11-20,87.27649688720703,67.30825069519737,1.0704639979771204,11.488955315233406,1
2019-11-21,86.7354965209961,67.30825069519737,1.055178506033761,11.417738787822193,1
2019-11-22,87.28600311279297,67.5070343013426,1.0259284973144531,11.490206701401144,1
2019-11-25,88.69200134277344,67.5070343013426,1.0811070033482142,11.6752903311717,1
2019-11-26,89.84700012207031,67.5070343013426,1.1142142159598214,11.827332746229217,1
2019-11-27,90.92549896240234,67.5070343013426,1.1325716291155135,11.96930481690157,1
2019-11-29,90.04000091552734,67.73124292436931,1.1613573346819197,11.852739099267174,1
2019-12-02,89.08000183105469,67.73124292436931,1.247499738420759,11.726366169812577,1
2019-12-03,88.49800109863281,67.73124292436931,1.318213871547154,11.649752411851262,1
2019-12-04,88.03450012207031,67.73124292436931,1.311749049595424,11.588737795107699,1
2019-12-05,87.02400207519531,67.73124292436931,1.3348563058035714,11.455717253258028,1
2019-12-06,87.58000183105469,67.92874301299305,1.2828919546944755,11.52890827922925,1
2019-12-09,87.47550201416016,67.92874301299305,1.2482130868094308,11.515152070289027,1
2019-12-10,86.96050262451172,67.92874301299305,1.2411417279924666,11.447358274867906,1
2019-12-11,87.43599700927734,67.92874301299305,1.190749032156808,11.509951687001264,1
2019-12-12,88.0165023803711,67.92874301299305,1.1980699811662947,11.586368597700238,1
2019-12-13,88.0469970703125,68.1289246454042,1.1929272242954798,11.59038287580012,1
2019-12-16,88.46050262451172,68.1289246454042,1.1241771153041296,11.644816165451232,1
2019-12-17,89.53299713134766,68.1289246454042,1.1227482386997767,11.785997834105917,1
2019-12-18,89.20149993896484,68.1289246454042,1.0808917454310827,11.74236000987778,1
2019-12-19,89.61399841308594,68.1289246454042,1.0631414140973772,11.796660728923642,1
2019-12-20,89.32499694824219,68.33983083747225,0.9833205086844308,11.758616982507949,1
2019-12-23,89.6500015258789,68.33983083747225,0.8908920288085938,11.80140012806133,1
2019-12-24,89.46050262451172,68.33983083747225,0.8163212367466518,11.776454759173449,1
2019-12-26,93.4384994506836,68.33983083747225,1.022571018763951,12.300112667202157,1
2019-12-27,93.48999786376953,68.59008125564436,1.0979995727539062,12.306891845879717,1
2019-12-30,92.34449768066406,68.59008125564436,1.1769283839634486,12.15609981266717,1
2019-12-31,92.39199829101562,68.59008125564436,1.1960710797991072,12.162352726214797,1
2020-01-02,94.90049743652344,68.59008125564436,1.3242138453892298,12.492568026082829,1
2020-01-03,93.74849700927734,68.8404137507054,1.3776070731026786,12.34092030987276,1
2020-01-06,95.14399719238281,68.8404137507054,1.4836785452706474,12.524621991515861,1
2020-01-07,95.34300231933594,68.8404137507054,1.5172506059919084,12.550818746571482,1
2020-01-08,94.59850311279297,68.8404137507054,1.5235726492745536,12.452813917994858,1
2020-01-09,95.05249786376953,68.8404137507054,1.5593218122209822,12.512577148570681,1
2020-01-10,94.15799713134766,69.0923300032491,1.5879293169294084,12.394826330071172,1
2020-01-13,94.56500244140625,69.0923300032491,1.5760721479143416,12.44840393672476,1
2020-01-14,93.47200012207031,69.0923300032491,1.6627153669084822,12.304522648472256,1
2020-01-15,93.10099792480469,69.0923300032491,1.7190720694405692,12.255684440956356,1
2020-01-16,93.89700317382812,69.0923300032491,1.5130724225725447,12.360469452533305,1
2020-01-17,93.23600006103516,69.33256552621215,1.4916436331612724,12.27345593231923,1
2020-01-21,94.5999984741211,69.33256552621215,1.4591080801827567,12.453010765257199,1
2020-01-22,94.37300109863281,69.33256552621215,1.4524296351841517,12.423129149969288,1
2020-01-23,94.22899627685547,69.33256552621215,1.3347511291503906,12.4041725577413,1
2020-01-24,93.08200073242188,69.56887831433365,1.3848936898367745,12.253183677266412,1
2020-01-27,91.41699981689453,69.56887831433365,1.3942151750837053,12.034005298200189,1
2020-01-28,92.6624984741211,69.56887831433365,1.4225006103515625,12.197960989920404,1
2020-01-29,92.9000015258789,69.56887831433365,1.411572047642299,12.229225557658536,1
2020-01-30,93.53399658203125,69.56887831433365,1.3987508501325334,12.31268377527727,1
2020-01-31,100.43599700927734,69.87601382373607,1.9633941650390625,13.221253405390089,1
2020-02-03,100.20999908447266,69.87601382373607,2.0742874145507812,13.19150335638466,1
2020-02-04,102.4834976196289,69.87601382373607,2.1558941432407925,13.490783506382149,1
2020-02-05,101.99349975585938,69.87601382373607,2.2103587559291293,13.426280876668637,1
2020-02-06,102.5114974975586,69.87601382373607,2.238680158342634,13.494469370937207,1
2020-02-07,103.96399688720703,70.21519773481539,2.3495374407087053,13.685674347972906,1
2020-02-10,106.69550323486328,70.21519773481539,2.4282875061035156,14.045246002321685,1
2020-02-11,107.54000091552734,70.21519773481539,2.545715876988002,14.156414489405975,1
2020-02-12,108.0,70.21519773481539,2.5893941606794084,14.216968121999464,1
2020-02-13,107.49349975585938,70.21519773481539,2.520573207310268,14.150293142140832,1
2020-02-14,106.74349975585938,70.57866342656708,2.473608834402902,14.051564196849169,1
2020-02-18,107.78350067138672,70.57866342656708,2.517144339425223,14.188468454839008,1
2020-02-19,108.51100158691406,70.57866342656708,2.5454651968819753,14.284235652290652,1
2020-02-20,107.65499877929688,70.57866342656708,2.6421797616141185,14.171552646473655,1
2020-02-21,104.79850006103516,70.91915931347721,2.2138219560895647,13.795527172232367,1
2020-02-24,100.4645004272461,70.91915931347721,2.4272144862583707,13.22500555524777,1
2020-02-25,98.63700103759766,70.91915931347721,2.5007149832589284,12.98443610556624,1
2020-02-26,98.97949981689453,70.91915931347721,2.5550003051757812,13.029522163224456,1
2020-02-27,94.21499633789062,70.91915931347721,2.7883213588169644,12.402329625463771,1
2020-02-28,94.1875,71.15068509145257,2.853321075439453,12.398710046211338,1
2020-03-02,97.69750213623047,71.15068509145257,2.9539996555873325,12.860761791386695,1
2020-03-03,95.44950103759766,71.15068509145257,3.1547137669154575,12.564838088076673,1
2020-03-04,98.79149627685547,71.15068509145257,3.2959997994559154,13.004773641598916,1
2020-03-05,96.20149993896484,71.15068509145257,3.4301065717424666,12.663830165933302,1
2020-03-06,95.05449676513672,71.38853396382754,3.5064637320382253,12.512840281135647,1
2020-03-09,90.03050231933594,71.38853396382754,3.8558921813964844,11.851488717422201,1
2020-03-10,94.59100341796875,71.38853396382754,4.085285186767578,12.451826668714853,1
2020-03-11,91.04299926757812,71.38853396382754,4.231642586844308,11.98477239183684,1
2020-03-12,83.83049774169922,71.38853396382754,4.520071302141462,11.035328833750794,1
2020-03-13,89.25,71.56625999403822,4.526142665318081,11.74874448970789,1
2020-03-16,84.4574966430664,71.56625999403822,4.821820940290179,11.117866087392146,1
2020-03-17,90.39199829101562,71.56625999403822,5.230428423200335,11.899075538770363,1
2020-03-18,91.5,71.56625999403822,5.229821341378348,12.04493132558288,1
2020-03-19,94.04650115966797,71.56625999403822,5.359714508056641,12.380149157153566,1
2020-03-20,92.30449676513672,71.77261060867602,5.544571467808315,12.15083414839955,1
2020-03-23,95.1415023803711,71.77261060867602,5.541572025844029,12.524293577971036,1
2020-03-24,97.00499725341797,71.77261060867602,5.490322113037109,12.769601422467488,1
2020-03-25,94.29199981689453,71.77261060867602,5.485500880650112,12.412466255151562,1
2020-03-26,97.77449798583984,71.77261060867602,5.5430722917829245,12.87089741675172,1
2020-03-27,95.00499725341797,72.00377863499186,5.242250714983259,12.506324235023055,1
2020-03-30,98.19750213623047,72.00377863499186,5.170358385358538,12.926581088247804,1
2020-03-31,97.48600006103516,72.00377863499186,5.02282224382673,12.832919955638653,1
2020-04-01,95.38500213623047,72.00377863499186,4.704465048653739,12.556347543404067,1
2020-04-02,95.94149780273438,72.00377863499186,4.446715218680246,12.62960385035515,1
2020-04-03,95.32949829101562,72.23587534798713,4.011750902448382,12.549041095273811,1
2020-04-06,99.87950134277344,72.23587534798713,3.7378223964146207,13.147997098439005,1
2020-04-07,100.58000183105469,72.23587534798713,3.5287867954799106,13.240209997618075,1
2020-04-08,102.1500015258789,72.23587534798713,3.235393524169922,13.446882549589047,1
2020-04-09,102.13800048828125,72.23587534798713,2.8749291556222096,13.445302749876483,1
2020-04-13,108.44349670410156,72.53340893147264,2.998500279017857,14.275349404447832,1
2020-04-14,114.16600036621094,72.53340893147264,3.2430359976632253,15.028651739098148,1
2020-04-15,115.38400268554688,72.53340893147264,3.328357696533203,15.18898785156593,1
2020-04-16,120.40950012207031,72.53340893147264,3.623607635498047,15.850537266864483,1
2020-04-17,118.75,72.99327550926893,3.754322052001953,15.6320830045133,1
2020-04-20,119.68049621582031,72.99327550926893,3.74164308820452,15.75457221782773,1
2020-04-21,116.40599822998047,72.99327550926893,4.097499847412109,15.32352190782554,1
2020-04-22,118.17449951171875,72.99327550926893,4.130214146205357,15.556324929549506,1
2020-04-23,119.97250366210938,72.99327550926893,4.213071005684989,15.793011667413637,1
2020-04-24,120.51100158691406,73.46608870407137,4.217535291399274,15.86389877695726,1
2020-04-27,118.80000305175781,73.46608870407137,4.181642259870257,15.638665335928517,1
2020-04-28,115.7040023803711,73.46608870407137,4.295463562011719,15.231112161384129,1
2020-04-29,118.635498046875,73.46608870407137,4.470606667654855,15.617010128425477,1
2020-04-30,123.69999694824219,73.46608870407137,4.709714072091239,16.283693641709167,1
2020-05-01,114.302001953125,73.87241619908683,4.973321097237723,15.046554796743505,1
2020-05-04,115.79949951171875,73.87241619908683,4.785713740757534,15.24368326945924,1
2020-05-05,115.88999938964844,73.87241619908683,4.6267852783203125,15.255596546121936,1
2020-05-06,117.56300354003906,73.87241619908683,4.220820835658482,15.475828459770792,1
2020-05-07,118.38050079345703,73.87241619908683,4.009106772286551,15.583442648582508,1
2020-05-08,118.98049926757812,74.3212528465345,3.8671782357352122,15.662425603951284,1
2020-05-11,120.44999694824219,74.3212528465345,3.5061427525111606,15.855868212111961,1
2020-05-12,117.84750366210938,74.3212528465345,3.4994283403669084,15.513279655753927,1
2020-05-13,118.39600372314453,74.3212528465345,3.5321786063058034,15.585483432445145,1
2020-05-14,119.44249725341797,74.3212528465345,3.531214032854353,15.72324236910974,1
2020-05-15,120.48899841308594,74.78063339943552,3.4338929312569753,15.8610023100971,1
2020-05-18,121.31300354003906,74.78063339943552,3.3588572910853793,15.969473186229106,1
2020-05-19,122.46649932861328,74.78063339943552,3.276178632463728,16.121317749701515,1
2020-05-20,124.89700317382812,74.78063339943552,3.091857365199498,16.44126585792204,1
2020-05-21,122.33699798583984,74.78063339943552,2.6172147478376115,16.104270375053684,1
2020-05-22,121.84400177001953,75.2489256220284,2.5069291251046315,16.03937304649272,1
2020-05-26,121.09300231933594,75.2489256220284,2.5214642116001675,15.940512534918575,1
2020-05-27,120.51950073242188,75.2489256220284,2.707928793770926,15.865017592519749,1
2020-05-28,120.05500030517578,75.2489256220284,2.800250462123326,15.803871409493704,1
2020-05-29,122.11849975585938,75.71528954375806,2.8500001089913503,16.07550757532826,1
2020-06-01,123.552001953125,75.71528954375806,2.8035714285714284,16.264211788674015,1
2020-06-02,123.62049865722656,75.71528954375806,2.675785609654018,16.27322859847655,1
2020-06-03,123.91999816894531,75.71528954375806,2.5219639369419644,16.312654293019698,1
2020-06-04,123.02999877929688,75.71528954375806,2.591142381940569,16.195496024952746,1
2020-06-05,124.1500015258789,76.19722697641599,2.580035073416574,16.342931611477827,1
2020-06-08,126.2030029296875,76.19722697641599,2.5729277474539622,16.61318582918493,1
2020-06-09,130.04299926757812,76.19722697641599,2.7287494114467075,17.118677547003312,1
2020-06-10,132.37249755859375,76.19722697641599,2.9816414969308034,17.425329426110917,1
2020-06-11,127.89800262451172,76.19722697641599,3.168212890625,16.836313205371173,1
2020-06-12,127.2509994506836,76.70522471247835,3.448248726981027,16.751142617434628,1
2020-06-15,128.63400268554688,76.70522471247835,3.5484630039760043,16.933199218385308,1
2020-06-16,130.7635040283203,76.70522471247835,3.3893912179129466,17.213523780477576,1
2020-06-17,132.0489959716797,76.70522471247835,3.321497780936105,17.382744132142644,1
2020-06-18,132.69900512695312,76.70522471247835,3.247783660888672,17.468310423249406,1
2020-06-19,133.75050354003906,77.27283942718046,3.279533931187221,17.606728195649183,1
2020-06-22,135.6909942626953,77.27283942718046,3.343034471784319,17.86217166551066,1
2020-06-23,138.2205047607422,77.27283942718046,3.494677952357701,18.195152870279138,1
2020-06-24,136.72000122070312,77.27283942718046,3.5570711408342635,17.997628694393185,1
2020-06-25,137.72900390625,77.27283942718046,3.5305350167410716,18.13045238898052,1
2020-06-26,134.64349365234375,77.84369170802786,3.700428009033203,17.724280158240816,1
2020-06-29,134.0189971923828,77.84369170802786,3.573106493268694,17.642072322467055,1
2020-06-30,137.9409942626953,77.84369170802786,3.4770720345633372,18.15835850138565,1
2020-07-01,143.93499755859375,77.84369170802786,3.4979651314871654,18.947400666024055,1
2020-07-02,144.51499938964844,77.84369170802786,3.377715519496373,19.023751291420407,1
2020-07-06,152.8520050048828,78.5070878043624,3.711930411202567,20.121222986464087,1
2020-07-07,150.00599670410156,78.5070878043624,3.8270372663225447,19.746578456027486,1
2020-07-08,154.0554962158203,78.5070878043624,3.9846093314034596,20.279648877028947,1
2020-07-09,159.13150024414062,78.5070878043624,4.3287168230329245,20.947846909045342,1
2020-07-10,160.0,79.3179625525777,4.456752232142857,21.062174995554763,1
2020-07-13,155.1999969482422,79.3179625525777,5.277823311941964,20.43030934395901,1
2020-07-14,154.1999969482422,79.3179625525777,5.663858686174665,20.298670750236795,1
2020-07-15,150.44349670410156,79.3179625525777,5.843037196568081,19.804170340780956,1
2020-07-16,149.9949951171875,79.3179625525777,6.091894967215402,19.745130222597407,1
2020-07-17,148.09849548339844,80.00234596482467,6.023966108049665,19.495477677810715,1
2020-07-20,159.8419952392578,80.00234596482467,6.640644618443081,21.041375471049243,1
2020-07-21,156.9145050048828,80.00234596482467,6.784430367606027,20.656004773460594,1
2020-07-22,154.99549865722656,80.00234596482467,6.583501543317523,20.40338947651112,1
2020-07-23,149.32749938964844,80.00234596482467,6.745822361537388,19.657262023708576,1
2020-07-24,150.44549560546875,80.70327282692064,6.652965000697544,19.804433473345924,1
2020-07-27,152.760498046875,80.70327282692064,6.687036786760602,20.10917713919614,1
2020-07-28,150.01649475097656,80.70327282692064,6.678037370954241,19.74796040415494,1
2020-07-29,151.67649841308594,80.70327282692064,6.401286533900669,19.96648095180875,1
2020-07-30,152.593994140625,80.70327282692064,6.4287872314453125,20.087258799128136,1
2020-07-31,158.23399353027344,81.47472278416794,6.139645167759487,20.82970038737562,1
2020-08-03,155.59449768066406,81.47472278416794,5.791859218052456,20.48224086559741,1
2020-08-04,156.94149780273438,81.47472278416794,5.580644880022321,20.6595580674104,1
2020-08-05,160.25149536132812,81.47472278416794,5.4825014386858255,21.095281491247658,1
2020-08-06,161.25,81.47472278416794,5.505680629185268,21.22672323770753,1
2020-08-07,158.3730010986328,82.23987978232182,5.008359636579241,20.847999148191192,1
2020-08-10,157.4080047607422,82.23987978232182,4.780251639229911,20.72096838732418,1
2020-08-11,154.0334930419922,82.23987978232182,4.7855377197265625,20.27675241016879,1
2020-08-12,158.11199951171875,82.23987978232182,4.656288146972656,20.813641266330556,1
2020-08-13,158.05099487304688,82.23987978232182,4.366788591657366,20.80561070148526,1
2020-08-14,157.4010009765625,82.98775163500083,4.2566103254045755,20.720046419024033,1
2020-08-17,159.12049865722656,82.98775163500083,4.133823939732143,20.946398675615264,1
2020-08-18,165.62449645996094,82.98775163500083,4.473824637276786,21.802575799939607,1
2020-08-19,163.0240020751953,82.98775163500083,4.377038138253348,21.46025037614654,1
2020-08-20,164.86849975585938,82.98775163500083,3.9473233904157365,21.703057456953047,1
2020-08-21,164.23599243164062,83.79619184193257,3.8009305681501115,21.61979508227389,1
2020-08-24,165.3730010986328,83.79619184193257,4.003537859235491,21.769469304246712,1
2020-08-25,167.32449340820312,83.79619184193257,4.018215724400112,22.02636100753827,1
2020-08-26,172.09249877929688,83.79619184193257,4.107965741838727,22.65401452944903,1
2020-08-27,170.0,83.79619184193257,4.018179757254464,22.378560932776935,1
2020-08-28,170.08999633789062,84.65483666278787,3.932037353515625,22.390407924137005,1
2020-08-31,172.54800415039062,84.65483666278787,3.956965855189732,22.71397661593273,1
2020-09-01,174.95599365234375,84.65483666278787,3.846929277692522,23.0309609676677,1
2020-09-02,176.57249450683594,84.65483666278787,3.857785906110491,23.243754866903814,1
2020-09-03,168.39999389648438,84.65483666278787,4.465678623744419,22.16793837936317,1
2020-09-04,164.7310028076172,85.45161443537324,5.263606480189732,21.68495755204535,1
2020-09-08,157.49200439453125,85.45161443537324,5.360142299107143,20.732025980989356,1
2020-09-09,163.4304962158203,85.45161443537324,5.693856375558036,21.513760693174735,1
2020-09-10,158.7554931640625,85.45161443537324,6.067856924874442,20.898349865794263,1
2020-09-11,155.81100463867188,86.15170787023195,6.404821123395648,20.510741537080634,1
2020-09-14,155.14849853515625,86.15170787023195,6.29278564453125,20.423530165281452,1
2020-09-15,157.80650329589844,86.15170787023195,6.227251325334821,20.773426174092513,1
2020-09-16,153.90499877929688,86.15170787023195,6.248393467494419,20.259837606126204,1
2020-09-17,150.43649291992188,86.15170787023195,6.357500348772321,19.80324837248081,1
2020-09-18,147.74549865722656,86.76458141040105,6.662464686802456,19.449009672025042,1
2020-09-21,148.02349853515625,86.76458141040105,6.654607500348773,19.485605185010655,1
2020-09-22,156.44949340820312,86.76458141040105,7.049643380301339,20.59479130080916,1
2020-09-23,149.9929962158203,86.76458141040105,7.303392682756696,19.74486709003244,1
2020-09-24,150.989501953125,86.76458141040105,6.859999520438058,19.87604570392735,1
2020-09-25,154.75650024414062,87.44111791620941,6.260607038225446,20.371928061510644,1
2020-09-28,158.70249938964844,87.44111791620941,5.958071027483259,20.891373839854364,1
2020-09-29,157.24400329589844,87.44111791620941,5.609428405761719,20.699379465123766,1
2020-09-30,157.43649291992188,87.44111791620941,5.250677926199777,20.72471852853633,1
2020-10-01,161.06300354003906,87.44111791620941,5.043213980538504,21.20210728668724,1
2020-10-02,156.25,88.12578340958046,5.067750113351004,20.568530269096446,1
2020-10-05,159.9600067138672,88.12578340958046,5.087320600237165,21.056910335609906,1
2020-10-06,154.9980010986328,88.12578340958046,5.073428562709263,20.40371889437871,1
2020-10-07,159.7845001220703,88.12578340958046,5.053750174386161,21.033806894676786,1
2020-10-08,159.52749633789062,88.12578340958046,4.789607456752232,20.999975277946085,1
2020-10-09,164.33250427246094,88.88405923906187,4.816178458077567,21.632499765277018,1
2020-10-12,172.14649963378906,88.88405923906187,4.944999694824219,22.66112312599418,1
2020-10-13,172.18150329589844,88.88405923906187,4.700536455426898,22.665730958849387,1
2020-10-14,168.1855010986328,88.88405923906187,4.774036952427456,22.139702849090448,1
2020-10-15,166.9324951171875,88.88405923906187,4.706787109375,21.974758903767462,1
2020-10-16,163.635498046875,89.6278546500849,5.277323041643415,21.540746845925252,1
2020-10-19,160.36050415039062,89.6278546500849,5.564966474260602,21.109631254943206,1
2020-10-20,160.85049438476562,89.6278546500849,5.5474668230329245,21.17413288033395,1
2020-10-21,159.2469940185547,89.6278546500849,5.542502267020089,20.96305034709288,1
2020-10-22,158.82000732421875,89.6278546500849,5.465894426618304,20.9068424191124,1
2020-10-23,160.22000122070312,90.33026406869803,5.422322954450335,21.091135646865293,1
2020-10-26,160.3520050048828,90.33026406869803,5.495465959821429,21.108512439380718,1
2020-10-27,164.31649780273438,90.33026406869803,5.440393720354352,21.630392696111755,1
2020-10-28,158.13900756835938,90.33026406869803,5.674535478864398,20.8171965689259,1
2020-10-29,160.55050659179688,90.33026406869803,5.660356794084821,21.134642909133714,1
2020-10-30,151.8074951171875,90.94197781047404,5.597572326660156,19.983725173718927,1
2020-11-02,150.2239990234375,90.94197781047404,5.81696537562779,19.775275974773052,1
2020-11-03,152.42050170898438,90.94197781047404,5.706393650599888,20.064420499405514,1
2020-11-04,162.05799865722656,90.94197781047404,6.109000069754464,21.333087044674276,1
2020-11-05,166.10000610351562,90.94197781047404,5.701785496303013,21.8651712207185,1
2020-11-06,165.56849670410156,91.6845302372763,5.536570957728794,21.79520407082949,1
2020-11-09,157.18699645996094,91.6845302372763,5.9839630126953125,20.6918751654084,1
2020-11-10,151.75100708007812,91.6845302372763,6.1638913835797995,19.97628916795172,1
2020-11-11,156.8695068359375,91.6845302372763,6.2614626203264505,20.650081277780558,1
2020-11-12,155.51400756835938,91.6845302372763,6.348963056291852,20.47164526040508,1
2020-11-13,156.4405059814453,92.32886830438247,6.086997985839844,20.59360820858958,1
2020-11-16,156.55299377441406,92.32886830438247,6.034819466727121,20.608415943466902,1
2020-11-17,156.7830047607422,92.32886830438247,5.800284249441964,20.638694266247796,1
2020-11-18,155.2729949951172,92.32886830438247,5.58753422328404,20.439918704194106,1
2020-11-19,155.8509979248047,92.32886830438247,5.059211730957031,20.51600619702549,1
2020-11-20,154.97000122070312,92.95216315927124,4.720818655831473,20.40003302982365,1
2020-11-23,154.91949462890625,92.95216315927124,4.650712149483817,20.393384413105807,1
2020-11-24,155.9029998779297,92.95216315927124,4.120533534458706,20.522851661005674,1
2020-11-25,159.2534942626953,92.95216315927124,3.9573189871651784,20.963906030090406,1
2020-11-27,159.76699829101562,93.61698738943784,3.747033255440848,21.031502978249186,1
2020-11-30,158.40199279785156,93.61698738943784,3.4026761736188615,20.851815574705967,1
2020-12-01,161.00399780273438,93.61698738943784,3.2866407121930803,21.19433985440691,1
2020-12-02,160.17649841308594,93.61698738943784,3.1245346069335938,21.085408998447598,1
2020-12-03,159.3365020751953,93.61698738943784,2.9727488926478793,20.974833061795863,1
2020-12-04,158.12899780273438,94.25889794081392,2.912463596888951,20.815878897455537,1
2020-12-07,157.89999389648438,94.25889794081392,2.8019638061523438,20.78573314527989,1
2020-12-08,158.864501953125,94.25889794081392,2.823105948311942,20.91269962948981,1
2020-12-09,155.2100067138672,94.25889794081392,3.0173568725585938,20.431627015429374,1
2020-12-10,155.07449340820312,94.25889794081392,3.0959995814732144,20.41378823444111,1
2020-12-11,155.8209991455078,94.87145616175616,3.135320390973772,20.512057199905467,1
2020-12-14,157.84849548339844,94.87145616175616,3.134462629045759,20.778953966602334,1
2020-12-15,158.25599670410156,94.87145616175616,3.1702488490513394,20.832596854235778,1
2020-12-16,162.04800415039062,94.87145616175616,3.1823207310267856,21.331771381849446,1
2020-12-17,161.8040008544922,94.87145616175616,3.2229995727539062,21.29965113111379,1
2020-12-18,160.08250427246094,95.52032231211143,3.133641924176897,21.073035741957593,1
2020-12-21,160.3090057373047,95.52032231211143,3.0236413138253346,21.10285207626565,1
2020-12-22,160.3260040283203,95.52032231211143,2.9635696411132812,21.105089707390626,1
2020-12-23,159.2635040283203,95.52032231211143,2.8872484479631697,20.96522370156077,1
2020-12-24,158.63450622558594,95.52032231211143,2.864213126046317,20.88242331535445,1
2020-12-28,164.197998046875,96.14832414209626,3.1936416625976562,21.614793554894,1
2020-12-29,166.10000610351562,96.14832414209626,3.212642124720982,21.8651712207185,1
2020-12-30,164.29249572753906,96.14832414209626,3.1067123413085938,21.62723309668663,1
2020-12-31,162.84649658203125,96.14832414209626,3.0301055908203125,21.436883802648453,0
