Date,Close,EMA200_weekly,ATR14,Equity,InPosition
2010-01-04,30.950000762939453,,,1.0,0
2010-01-05,30.959999084472656,,,1.0,0
2010-01-06,30.770000457763672,,,1.0,0
2010-01-07,30.450000762939453,,,1.0,0
2010-01-08,30.65999984741211,30.65999984741211,,1.0,1
2010-01-11,30.270000457763672,30.65999984741211,,0.9872798632880178,0
2010-01-12,30.06999969482422,30.65999984741211,,0.9872798632880178,0
2010-01-13,30.350000381469727,30.65999984741211,,0.9872798632880178,0
2010-01-14,30.959999084472656,30.65999984741211,,0.9872798632880178,1
2010-01-15,30.860000610351562,30.66198990475479,,0.984091023404983,1
2010-01-19,31.100000381469727,30.66198990475479,,0.9917443486060659,1
2010-01-20,30.59000015258789,30.66198990475479,,0.9754810097450566,0
2010-01-21,30.010000228881836,30.66198990475479,,0.9754810097450566,1
2010-01-22,28.959999084472656,30.645054672712185,0.656428609575544,0.9413505142845474,0
2010-01-25,29.31999969482422,30.645054672712185,0.6700000762939453,0.9413505142845474,0
2010-01-26,29.5,30.645054672712185,0.6914285932268415,0.9413505142845474,0
2010-01-27,29.670000076293945,30.645054672712185,0.7085714340209961,0.9413505142845474,0
2010-01-28,29.15999984741211,30.645054672712185,0.7371429715837751,0.9413505142845474,0
2010-01-29,28.18000030517578,30.620526768557593,0.8528573172433036,0.9413505142845474,0
2010-02-01,28.40999984741211,30.620526768557593,0.8471430369785854,0.9413505142845474,0
2010-02-02,28.459999084472656,30.620526768557593,0.8378573826381138,0.9413505142845474,0
2010-02-03,28.6299991607666,30.620526768557593,0.8492859431675502,0.9413505142845474,0
2010-02-04,27.84000015258789,30.620526768557593,0.8478573390415737,0.9413505142845474,0
2010-02-05,28.020000457763672,30.594650884868102,0.8607145036969867,0.9413505142845474,0
2010-02-08,27.719999313354492,30.594650884868102,0.8571431296212333,0.9413505142845474,0
2010-02-09,28.010000228881836,30.594650884868102,0.8450002670288086,0.9413505142845474,0
2010-02-10,27.989999771118164,30.594650884868102,0.8221431459699359,0.9413505142845474,0
2010-02-11,28.1200008392334,30.594650884868102,0.7750001634870257,0.9413505142845474,0
2010-02-12,27.93000030517578,30.56813694875176,0.7635716029575893,0.9413505142845474,0
2010-02-16,28.350000381469727,30.56813694875176,0.7407144818987165,0.9413505142845474,0
2010-02-17,28.59000015258789,30.56813694875176,0.7050001961844308,0.9413505142845474,0
2010-02-18,28.969999313354492,30.56813694875176,0.6721429824829102,0.9413505142845474,0
2010-02-19,28.770000457763672,30.550245043368793,0.5307143075125558,0.9413505142845474,0
2010-02-22,28.729999542236328,30.550245043368793,0.5114286967686245,0.9413505142845474,0
2010-02-23,28.329999923706055,30.550245043368793,0.5385714939662388,0.9413505142845474,0
2010-02-24,28.6299991607666,30.550245043368793,0.5235715593610492,0.9413505142845474,0
2010-02-25,28.600000381469727,30.550245043368793,0.5100000926426479,0.9413505142845474,0
2010-02-26,28.670000076293945,30.53153613822377,0.4835714612688337,0.9413505142845474,0
2010-03-01,29.020000457763672,30.53153613822377,0.48428562709263395,0.9413505142845474,0
2010-03-02,28.459999084472656,30.53153613822377,0.5157141004289899,0.9413505142845474,0
2010-03-03,28.459999084472656,30.53153613822377,0.5057141440255302,0.9413505142845474,0
2010-03-04,28.6299991607666,30.53153613822377,0.4828570229666574,0.9413505142845474,0
2010-03-05,28.59000015258789,30.512217372197544,0.46285697392054964,0.9413505142845474,0
2010-03-08,28.6299991607666,30.512217372197544,0.46214267185756136,0.9413505142845474,0
2010-03-09,28.799999237060547,30.512217372197544,0.4807142530168806,0.9413505142845474,0
2010-03-10,28.969999313354492,30.512217372197544,0.46571431841169086,0.9413505142845474,0
2010-03-11,29.18000030517578,30.512217372197544,0.47000013078962055,0.9413505142845474,0
2010-03-12,29.270000457763672,30.499857004889744,0.4735713686261858,0.9413505142845474,0
2010-03-15,29.290000915527344,30.499857004889744,0.44642857142857145,0.9413505142845474,0
2010-03-16,29.3700008392334,30.499857004889744,0.4342855725969587,0.9413505142845474,0
2010-03-17,29.6299991607666,30.499857004889744,0.42499991825648714,0.9413505142845474,0
2010-03-18,29.610000610351562,30.499857004889744,0.41642842973981586,0.9413505142845474,0
2010-03-19,29.59000015258789,30.49080370287679,0.4185713359287807,0.9413505142845474,0
2010-03-22,29.600000381469727,30.49080370287679,0.3650000435965402,0.9413505142845474,0
2010-03-23,29.8799991607666,30.49080370287679,0.3814285823277065,0.9413505142845474,0
2010-03-24,29.649999618530273,30.49080370287679,0.3742856979370117,0.9413505142845474,0
2010-03-25,30.010000228881836,30.49080370287679,0.42142854418073383,0.9413505142845474,1
2010-03-26,29.65999984741211,30.48253699784729,0.43428570883614676,0.9303717393234188,1
2010-03-29,29.59000015258789,30.48253699784729,0.4135713577270508,0.928175996297095,1
2010-03-30,29.770000457763672,30.48253699784729,0.41714273180280415,0.9338222268387903,1
2010-03-31,29.290000915527344,30.48253699784729,0.4357141767229353,0.9187656519472763,0
2010-04-01,29.15999984741211,30.48253699784729,0.4771428789411272,0.9187656519472763,0
2010-04-05,29.270000457763672,30.46937742421112,0.4799999509538923,0.9187656519472763,0
2010-04-06,29.31999969482422,30.46937742421112,0.5021429061889648,0.9187656519472763,0
2010-04-07,29.350000381469727,30.46937742421112,0.49642862592424664,0.9187656519472763,0
2010-04-08,29.920000076293945,30.46937742421112,0.5292858396257673,0.9187656519472763,0
2010-04-09,30.34000015258789,30.46809008817507,0.5264287676130023,0.9187656519472763,0
2010-04-12,30.31999969482422,30.46809008817507,0.5242858614240374,0.9187656519472763,1
2010-04-13,30.450000762939453,30.46809008817507,0.5157145091465541,0.9227049829928873,1
2010-04-14,30.81999969482422,30.46809008817507,0.5350002561296735,0.9339168007136813,1
2010-04-15,30.8700008392334,30.46809008817507,0.4864289419991629,0.9354319502685493,1
2010-04-16,30.670000076293945,30.47009914278322,0.4700002670288086,0.929371467643169,1
2010-04-19,31.040000915527344,30.47009914278322,0.4921430860246931,0.9405833431610089,1
2010-04-20,31.360000610351562,30.47009914278322,0.49500015803745817,0.9502800691239808,1
2010-04-21,31.329999923706055,30.47009914278322,0.4714287349155971,0.9493709793910601,1
2010-04-22,31.389999389648438,30.47009914278322,0.4507145200456892,0.9511891010598558,1
2010-04-23,30.959999084472656,30.474973769068686,0.4885717119489397,0.9381591038732201,1
2010-04-26,31.110000610351562,30.474973769068686,0.4757145472935268,0.9427044947407782,1
2010-04-27,30.850000381469727,30.474973769068686,0.48142882755824495,0.9348258904466021,1
2010-04-28,30.90999984741211,30.474973769068686,0.4600001743861607,0.9366440121153979,1
2010-04-29,31.0,30.474973769068686,0.47785731724330355,0.9393712235171146,1
2010-04-30,30.540000915527344,30.47562080535186,0.4978572300502232,0.9254321943946038,1
2010-05-03,30.860000610351562,30.47562080535186,0.5085713522774833,0.9351289203575758,1
2010-05-04,30.1299991607666,30.47562080535186,0.5485714503696987,0.9130081992328696,1
2010-05-05,29.850000381469727,30.47562080535186,0.562856946672712,0.904523592913792,1
2010-05-06,28.979999542236328,30.47562080535186,0.6764283861432757,0.8781605686295471,1
2010-05-07,28.209999084472656,30.45307730564162,0.7535712378365653,0.8548277856579922,0
2010-05-10,28.940000534057617,30.45307730564162,0.8157141549246651,0.8548277856579922,0
2010-05-11,28.8799991607666,30.45307730564162,0.8735712596348354,0.8548277856579922,0
2010-05-12,29.440000534057617,30.45307730564162,0.8785712378365653,0.8548277856579922,0
2010-05-13,29.239999771118164,30.45307730564162,0.8514283043997628,0.8548277856579922,0
2010-05-14,28.93000030517578,30.437922310612112,0.8642854690551758,0.8548277856579922,0
2010-05-17,28.940000534057617,30.437922310612112,0.8842853818620954,0.8548277856579922,0
2010-05-18,28.600000381469727,30.437922310612112,0.8999997547694615,0.8548277856579922,0
2010-05-19,28.239999771118164,30.437922310612112,0.9099997111729213,0.8548277856579922,0
2010-05-20,27.110000610351562,30.437922310612112,0.9557139532906669,0.8548277856579922,0
2010-05-21,26.84000015258789,30.40212209013426,0.9664283479963031,0.8548277856579922,0
2010-05-24,26.270000457763672,30.40212209013426,0.929999760219029,0.8548277856579922,0
2010-05-25,26.06999969482422,30.40212209013426,0.9664284842354911,0.8548277856579922,0
2010-05-26,25.010000228881836,30.40212209013426,0.9721429007393974,0.8548277856579922,0
2010-05-27,26.0,30.40212209013426,0.9500000817435128,0.8548277856579922,0
2010-05-28,25.799999237060547,30.3563298229395,0.8921429770333427,0.8548277856579922,0
2010-06-01,25.889999389648438,30.3563298229395,0.8714286259242466,0.8548277856579922,0
2010-06-02,26.459999084472656,30.3563298229395,0.875,0.8548277856579922,0
2010-06-03,26.860000610351562,30.3563298229395,0.8728572300502232,0.8548277856579922,0
2010-06-04,25.790000915527344,30.31089371440804,0.9185714721679688,0.8548277856579922,0
2010-06-07,25.290000915527344,30.31089371440804,0.9050001416887555,0.8548277856579922,0
2010-06-08,25.110000610351562,30.31089371440804,0.9078573499407087,0.8548277856579922,0
2010-06-09,24.790000915527344,30.31089371440804,0.8985716956002372,0.8548277856579922,0
2010-06-10,25.0,30.31089371440804,0.8392859867640904,0.8548277856579922,0
2010-06-11,25.65999984741211,30.264616163492658,0.8592858995710101,0.8548277856579922,0
2010-06-14,25.5,30.264616163492658,0.851428713117327,0.8548277856579922,0
2010-06-15,26.579999923706055,30.264616163492658,0.8657143456595284,0.8548277856579922,0
2010-06-16,26.31999969482422,30.264616163492658,0.7442857197352818,0.8548277856579922,0
2010-06-17,26.3700008392334,30.264616163492658,0.69285706111363,0.8548277856579922,0
2010-06-18,26.440000534057617,30.226560286582856,0.6857141767229352,0.8548277856579922,0
2010-06-21,25.950000762939453,30.226560286582856,0.700714247567313,0.8548277856579922,0
2010-06-22,25.770000457763672,30.226560286582856,0.6964285714285714,0.8548277856579922,0
2010-06-23,25.309999465942383,30.226560286582856,0.6992857796805245,0.8548277856579922,0
2010-06-24,25.0,30.226560286582856,0.6671428680419922,0.8548277856579922,0
2010-06-25,24.530000686645508,30.169878101508854,0.68214293888637,0.8548277856579922,0
2010-06-28,24.309999465942383,30.169878101508854,0.6714285441807338,0.8548277856579922,0
2010-06-29,23.309999465942383,30.169878101508854,0.7021427154541016,0.8548277856579922,0
2010-06-30,23.010000228881836,30.169878101508854,0.7278570447649274,0.8548277856579922,0
2010-07-01,23.15999984741211,30.169878101508854,0.7021428516932896,0.8548277856579922,0
2010-07-02,23.270000457763672,30.101222602566118,0.697857175554548,0.8548277856579922,0
2010-07-06,23.81999969482422,30.101222602566118,0.674285752432687,0.8548277856579922,0
2010-07-07,24.299999237060547,30.101222602566118,0.6999999455043248,0.8548277856579922,0
2010-07-08,24.40999984741211,30.101222602566118,0.7014286858694894,0.8548277856579922,0
2010-07-09,24.270000457763672,30.043200491672565,0.6942858014787946,0.8548277856579922,0
2010-07-12,24.829999923706055,30.043200491672565,0.6671428680419922,0.8548277856579922,0
2010-07-13,25.1299991607666,30.043200491672565,0.6514284951346261,0.8548277856579922,0
2010-07-14,25.440000534057617,30.043200491672565,0.6464283806937081,0.8548277856579922,0
2010-07-15,25.510000228881836,30.043200491672565,0.6335713522774833,0.8548277856579922,0
2010-07-16,24.889999389648438,29.991924858816606,0.6307141440255302,0.8548277856579922,0
2010-07-19,25.229999542236328,29.991924858816606,0.624999863760812,0.8548277856579922,0
2010-07-20,25.479999542236328,29.991924858816606,0.5949998583112445,0.8548277856579922,0
2010-07-21,25.1200008392334,29.991924858816606,0.5907141821725028,0.8548277856579922,0
2010-07-22,25.84000015258789,29.991924858816606,0.6107140949794224,0.8548277856579922,0
2010-07-23,25.809999465942383,29.950313660877562,0.6349998201642718,0.8548277856579922,0
2010-07-26,26.100000381469727,29.950313660877562,0.6049999509538923,0.8548277856579922,0
2010-07-27,26.15999984741211,29.950313660877562,0.5742857796805245,0.8548277856579922,0
2010-07-28,25.950000762939453,29.950313660877562,0.5535714285714286,0.8548277856579922,0
2010-07-29,26.030000686645508,29.950313660877562,0.5928570883614677,0.8548277856579922,0
2010-07-30,25.809999465942383,29.909116504709054,0.5971429007393974,0.8548277856579922,0
2010-08-02,26.329999923706055,29.909116504709054,0.6085714612688337,0.8548277856579922,0
2010-08-03,26.15999984741211,29.909116504709054,0.6007144110543388,0.8548277856579922,0
2010-08-04,25.729999542236328,29.909116504709054,0.6142857415335519,0.8548277856579922,0
2010-08-05,25.3700008392334,29.909116504709054,0.5971429007393974,0.8548277856579922,0
2010-08-06,25.549999237060547,29.865742203538424,0.6064285550798688,0.8548277856579922,0
2010-08-09,25.610000610351562,29.865742203538424,0.5764285496303013,0.8548277856579922,0
2010-08-10,25.06999969482422,29.865742203538424,0.580714362008231,0.8548277856579922,0
2010-08-11,24.860000610351562,29.865742203538424,0.5550001689365932,0.8548277856579922,0
2010-08-12,24.489999771118164,29.865742203538424,0.5357144219534737,0.8548277856579922,0
2010-08-13,24.399999618530273,29.81135670518014,0.5378571919032505,0.8548277856579922,0
2010-08-16,24.5,29.81135670518014,0.5400000980922154,0.8548277856579922,0
2010-08-17,24.709999084472656,29.81135670518014,0.5471428462437221,0.8548277856579922,0
2010-08-18,24.81999969482422,29.81135670518014,0.5278572354997907,0.8548277856579922,0
2010-08-19,24.440000534057617,29.81135670518014,0.5228572572980609,0.8548277856579922,0
2010-08-20,24.229999542236328,29.755820813011542,0.49500015803745817,0.8548277856579922,0
2010-08-23,24.280000686645508,29.755820813011542,0.4971429279872349,0.8548277856579922,0
2010-08-24,24.040000915527344,29.755820813011542,0.4650001525878906,0.8548277856579922,0
2010-08-25,24.100000381469727,29.755820813011542,0.4528571537562779,0.8548277856579922,0
2010-08-26,23.81999969482422,29.755820813011542,0.4428571973528181,0.8548277856579922,0
2010-08-27,23.93000030517578,29.697852449749497,0.45357159205845426,0.8548277856579922,0
2010-08-30,23.639999389648438,29.697852449749497,0.42500005449567524,0.8548277856579922,0
2010-08-31,23.469999313354492,29.697852449749497,0.41785717010498047,0.8548277856579922,0
2010-09-01,23.899999618530273,29.697852449749497,0.41642870221819195,0.8548277856579922,0
2010-09-02,23.940000534057617,29.697852449749497,0.4028573717389788,0.8548277856579922,0
2010-09-03,24.290000915527344,29.64404298174729,0.41714300428118023,0.8548277856579922,0
2010-09-07,23.959999084472656,29.64404298174729,0.4114287240164621,0.8548277856579922,0
2010-09-08,23.93000030517578,29.64404298174729,0.40571444375174387,0.8548277856579922,0
2010-09-09,24.010000228881836,29.64404298174729,0.38214288439069477,0.8548277856579922,0
2010-09-10,23.850000381469727,29.5863908165704,0.38214288439069477,0.8548277856579922,0
2010-09-13,25.110000610351562,29.5863908165704,0.455714362008231,0.8548277856579922,0
2010-09-14,25.030000686645508,29.5863908165704,0.46357154846191406,0.8548277856579922,0
2010-09-15,25.1200008392334,29.5863908165704,0.4600001743861607,0.8548277856579922,0
2010-09-16,25.329999923706055,29.5863908165704,0.4542860303606306,0.8548277856579922,0
2010-09-17,25.219999313354492,29.542944134946364,0.45000035422188894,0.8548277856579922,0
2010-09-20,25.43000030517578,29.542944134946364,0.45571463448660715,0.8548277856579922,0
2010-09-21,25.149999618530273,29.542944134946364,0.4514289583478655,0.8548277856579922,0
2010-09-22,24.610000610351562,29.542944134946364,0.47357164110456196,0.8548277856579922,0
2010-09-23,24.43000030517578,29.542944134946364,0.47428580692836214,0.8548277856579922,0
2010-09-24,24.780000686645508,29.49555166282397,0.4642857142857143,0.8548277856579922,0
2010-09-27,24.729999542236328,29.49555166282397,0.46571431841169086,0.8548277856579922,0
2010-09-28,24.68000030517578,29.49555166282397,0.47214276450020926,0.8548277856579922,0
2010-09-29,24.5,29.49555166282397,0.4721429007393973,0.8548277856579922,0
2010-09-30,24.489999771118164,29.49555166282397,0.48857143947056364,0.8548277856579922,0
2010-10-01,24.3799991607666,29.444650642903007,0.4228571483067104,0.8548277856579922,0
2010-10-04,23.90999984741211,29.444650642903007,0.43285696847098215,0.8548277856579922,0
2010-10-05,24.350000381469727,29.444650642903007,0.44999994550432476,0.8548277856579922,0
2010-10-06,24.43000030517578,29.444650642903007,0.45642852783203125,0.8548277856579922,0
2010-10-07,24.530000686645508,29.444650642903007,0.45785699571881977,0.8548277856579922,0
2010-10-08,24.56999969482422,29.396146653369883,0.44857120513916016,0.8548277856579922,0
2010-10-11,24.59000015258789,29.396146653369883,0.4407140186854771,0.8548277856579922,0
2010-10-12,24.829999923706055,29.396146653369883,0.4199998038155692,0.8548277856579922,0
2010-10-13,25.34000015258789,29.396146653369883,0.45285701751708984,0.8548277856579922,0
2010-10-14,25.229999542236328,29.396146653369883,0.45071424756731304,0.8548277856579922,0
2010-10-15,25.540000915527344,29.357777044038116,0.4449999673025949,0.8548277856579922,0
2010-10-18,25.81999969482422,29.357777044038116,0.4414285932268415,0.8548277856579922,0
2010-10-19,25.100000381469727,29.357777044038116,0.48357132502964567,0.8548277856579922,0
2010-10-20,25.309999465942383,29.357777044038116,0.471428462437221,0.8548277856579922,0
2010-10-21,25.420000076293945,29.357777044038116,0.4692856924874442,0.8548277856579922,0
2010-10-22,25.3799991607666,29.318197164602577,0.4457144056047712,0.8548277856579922,0
2010-10-25,25.190000534057617,29.318197164602577,0.4221428462437221,0.8548277856579922,0
2010-10-26,25.899999618530273,29.318197164602577,0.45785699571881977,0.8548277856579922,0
2010-10-27,26.049999237060547,29.318197164602577,0.45928559984479633,0.8548277856579922,0
2010-10-28,26.280000686645508,29.318197164602577,0.47214276450020926,0.8548277856579922,0
2010-10-29,26.670000076293945,29.29184694481841,0.5207142148699079,0.8548277856579922,0
2010-11-01,26.950000762939453,29.29184694481841,0.5242855889456612,0.8548277856579922,0
2010-11-02,27.389999389648438,29.29184694481841,0.5071426119123187,0.8548277856579922,0
2010-11-03,27.030000686645508,29.29184694481841,0.5207140786307198,0.8548277856579922,0
2010-11-04,27.139999389648438,29.29184694481841,0.5278569630214146,0.8548277856579922,0
2010-11-05,26.850000381469727,29.267549964088573,0.539285523550851,0.8548277856579922,0
2010-11-08,26.809999465942383,29.267549964088573,0.6407142366681781,0.8548277856579922,0
2010-11-09,26.950000762939453,29.267549964088573,0.6478572572980609,0.8548277856579922,0
2010-11-10,26.940000534057617,29.267549964088573,0.6321428843906948,0.8548277856579922,0
2010-11-11,26.68000030517578,29.267549964088573,0.6599999836512974,0.8548277856579922,0
2010-11-12,26.270000457763672,29.23772360084156,0.6864286150251117,0.8548277856579922,0
2010-11-15,26.200000762939453,29.23772360084156,0.6450000490461077,0.8548277856579922,0
2010-11-16,25.809999465942383,29.23772360084156,0.6492858614240374,0.8548277856579922,0
2010-11-17,25.56999969482422,29.23772360084156,0.6421431132725307,0.8548277856579922,0
2010-11-18,25.84000015258789,29.23772360084156,0.6128574098859515,0.8548277856579922,0
2010-11-19,25.690000534057617,29.202422873808885,0.590714590890067,0.8548277856579922,0
2010-11-22,25.729999542236328,29.202422873808885,0.5785717282976423,0.8548277856579922,0
2010-11-23,25.1200008392334,29.202422873808885,0.5864287785121373,0.8548277856579922,0
2010-11-24,25.3700008392334,29.202422873808885,0.580714362008231,0.8548277856579922,0
2010-11-26,25.25,29.163095283024717,0.5507143565586635,0.8548277856579922,0
2010-11-29,25.309999465942383,29.163095283024717,0.4221428462437221,0.8548277856579922,0
2010-11-30,25.260000228881836,29.163095283024717,0.42714268820626394,0.8548277856579922,0
2010-12-01,26.040000915527344,29.163095283024717,0.4785712105887277,0.8548277856579922,0
2010-12-02,26.889999389648438,29.163095283024717,0.4985711233956473,0.8548277856579922,0
2010-12-03,27.020000457763672,29.141770956405207,0.47714247022356304,0.8548277856579922,0
2010-12-06,26.84000015258789,29.141770956405207,0.47214249202183317,0.8548277856579922,0
2010-12-07,26.8700008392334,29.141770956405207,0.45357091086251394,0.8548277856579922,0
2010-12-08,27.229999542236328,29.141770956405207,0.45928519112723215,0.8548277856579922,0
2010-12-09,27.079999923706055,29.141770956405207,0.4464280264718192,0.8548277856579922,0
2010-12-10,27.34000015258789,29.123842888705532,0.4521423067365374,0.8548277856579922,0
2010-12-13,27.25,29.123842888705532,0.45071383884974886,0.8548277856579922,0
2010-12-14,27.6200008392334,29.123842888705532,0.44071388244628906,0.8548277856579922,0
2010-12-15,27.850000381469727,29.123842888705532,0.4492853709629604,0.8548277856579922,0
2010-12-16,27.989999771118164,29.123842888705532,0.45571395329066683,0.8548277856579922,0
2010-12-17,27.899999618530273,29.111665343728667,0.44499969482421875,0.8548277856579922,0
2010-12-20,27.809999465942383,29.111665343728667,0.4335711342947824,0.8548277856579922,0
2010-12-21,28.06999969482422,29.111665343728667,0.38999966212681364,0.8548277856579922,0
2010-12-22,28.190000534057617,29.111665343728667,0.3528569085257394,0.8548277856579922,0
2010-12-23,28.299999237060547,29.111665343728667,0.35857132502964567,0.8548277856579922,0
2010-12-27,28.06999969482422,29.10358906406033,0.36999988555908203,0.8548277856579922,0
2010-12-28,28.010000228881836,29.10358906406033,0.3642857415335519,0.8548277856579922,0
2010-12-29,27.969999313354492,29.10358906406033,0.3500001089913504,0.8548277856579922,0
2010-12-30,27.850000381469727,29.10358906406033,0.3421429225376674,0.8548277856579922,0
2010-12-31,27.90999984741211,29.09171255444194,0.3400001525878906,0.8548277856579922,0
2011-01-03,27.979999542236328,29.09171255444194,0.33928585052490234,0.8548277856579922,0
2011-01-04,28.09000015258789,29.09171255444194,0.3264286858694894,0.8548277856579922,0
2011-01-05,28.0,29.09171255444194,0.31642872946602957,0.8548277856579922,0
2011-01-06,28.81999969482422,29.09171255444194,0.3635715757097517,0.8548277856579922,0
2011-01-07,28.600000381469727,29.08681989600441,0.38000011444091797,0.8548277856579922,0
2011-01-10,28.219999313354492,29.08681989600441,0.3978572572980608,0.8548277856579922,0
2011-01-11,28.110000610351562,29.08681989600441,0.38500022888183594,0.8548277856579922,0
2011-01-12,28.549999237060547,29.08681989600441,0.3921431132725307,0.8548277856579922,0
2011-01-13,28.190000534057617,29.08681989600441,0.4050001416887556,0.8548277856579922,0
2011-01-14,28.299999237060547,29.078990834721388,0.40857151576450895,0.8548277856579922,0
2011-01-18,28.65999984741211,29.078990834721388,0.4364286150251116,0.8548277856579922,0
2011-01-19,28.469999313354492,29.078990834721388,0.4485713413783482,0.8548277856579922,0
2011-01-20,28.350000381469727,29.078990834721388,0.46285711015973774,0.8548277856579922,0
2011-01-21,28.020000457763672,29.06845361704022,0.471428462437221,0.8548277856579922,0
2011-01-24,28.3799991607666,29.06845361704022,0.4928569793701172,0.8548277856579922,0
2011-01-25,28.450000762939453,29.06845361704022,0.49357128143310547,0.8548277856579922,0
2011-01-26,28.780000686645508,29.06845361704022,0.5092855181012835,0.8548277856579922,0
2011-01-27,28.8700008392334,29.06845361704022,0.507856913975307,0.8548277856579922,1
2011-01-28,27.75,29.055334675577132,0.5728569030761719,0.8216650627793738,1
2011-01-31,27.729999542236328,29.055334675577132,0.5671426228114537,0.8210728581889593,1
2011-02-01,27.989999771118164,29.055334675577132,0.5849996294294085,0.8287713484371338,1
2011-02-02,27.940000534057617,29.055334675577132,0.5642854145595005,0.8272908934368357,1
2011-02-03,27.649999618530273,29.055334675577132,0.5564282281058175,0.8187040963030392,0
2011-02-04,27.770000457763672,29.04254528037501,0.5464282717023577,0.8187040963030392,0
2011-02-07,28.200000762939453,29.04254528037501,0.5442853655133929,0.8187040963030392,0
2011-02-08,28.280000686645508,29.04254528037501,0.5357140132359096,0.8187040963030392,0
2011-02-09,27.969999313354492,29.04254528037501,0.5321426391601562,0.8187040963030392,0
2011-02-10,27.5,29.04254528037501,0.5514282499040876,0.8187040963030392,0
2011-02-11,27.25,29.024709008928493,0.5635711124965123,0.8187040963030392,0
2011-02-14,27.229999542236328,29.024709008928493,0.562856810433524,0.8187040963030392,0
2011-02-15,26.959999084472656,29.024709008928493,0.5514282499040876,0.8187040963030392,0
2011-02-16,27.020000457763672,29.024709008928493,0.5157139641898019,0.8187040963030392,0
2011-02-17,27.209999084472656,29.024709008928493,0.44285692487444195,0.8187040963030392,0
2011-02-18,27.059999465942383,29.005159660242064,0.4242854799543108,0.8187040963030392,0
2011-02-22,26.59000015258789,29.005159660242064,0.43357127053397043,0.8187040963030392,0
2011-02-23,26.59000015258789,29.005159660242064,0.4478569030761719,0.8187040963030392,0
2011-02-24,26.770000457763672,29.005159660242064,0.4571426936558315,0.8187040963030392,0
2011-02-25,26.549999237060547,28.980730203294986,0.46571418217250277,0.8187040963030392,0
2011-02-28,26.579999923706055,28.980730203294986,0.44999994550432476,0.8187040963030392,0
2011-03-01,26.15999984741211,28.980730203294986,0.4742856706891741,0.8187040963030392,0
2011-03-02,26.079999923706055,28.980730203294986,0.471428462437221,0.8187040963030392,0
2011-03-03,26.200000762939453,28.980730203294986,0.44571426936558317,0.8187040963030392,0
2011-03-04,25.950000762939453,28.950573691450654,0.42428575243268696,0.8187040963030392,0
2011-03-07,25.719999313354492,28.950573691450654,0.452857289995466,0.8187040963030392,0
2011-03-08,25.90999984741211,28.950573691450654,0.45214312417166574,0.8187040963030392,0
2011-03-09,25.889999389648438,28.950573691450654,0.4414288657052176,0.8187040963030392,0
2011-03-10,25.40999984741211,28.950573691450654,0.4471430097307478,0.8187040963030392,0
2011-03-11,25.68000030517578,28.918030672681752,0.4664287567138672,0.8187040963030392,0
2011-03-14,25.690000534057617,28.918030672681752,0.45428589412144255,0.8187040963030392,0
2011-03-15,25.389999389648438,28.918030672681752,0.4728573390415737,0.8187040963030392,0
2011-03-16,24.790000915527344,28.918030672681752,0.48357159750802176,0.8187040963030392,0
2011-03-17,24.780000686645508,28.918030672681752,0.4850000653948103,0.8187040963030392,0
2011-03-18,24.799999237060547,28.877055235511396,0.48857143947056364,0.8187040963030392,0
2011-03-21,25.329999923706055,28.877055235511396,0.4992856979370117,0.8187040963030392,0
2011-03-22,25.299999237060547,28.877055235511396,0.49214281354631695,0.8187040963030392,0
2011-03-23,25.540000915527344,28.877055235511396,0.5,0.8187040963030392,0
2011-03-24,25.809999465942383,28.877055235511396,0.4950000217982701,0.8187040963030392,0
2011-03-25,25.6200008392334,28.844646734055896,0.4692856924874442,0.8187040963030392,0
2011-03-28,25.40999984741211,28.844646734055896,0.46714278629847933,0.8187040963030392,0
2011-03-29,25.489999771118164,28.844646734055896,0.46000003814697266,0.8187040963030392,0
2011-03-30,25.610000610351562,28.844646734055896,0.43785721915108816,0.8187040963030392,0
2011-03-31,25.389999389648438,28.844646734055896,0.4271429606846401,0.8187040963030392,0
2011-04-01,25.479999542236328,28.81116765752038,0.4135716302054269,0.8187040963030392,0
2011-04-04,25.549999237060547,28.81116765752038,0.3821430206298828,0.8187040963030392,0
2011-04-05,25.780000686645508,28.81116765752038,0.3764288766043527,0.8187040963030392,0
2011-04-06,26.149999618530273,28.81116765752038,0.3807145527430943,0.8187040963030392,0
2011-04-07,26.200000762939453,28.81116765752038,0.37285750252859934,0.8187040963030392,0
2011-04-08,26.06999969482422,28.783892354408973,0.34000042506626676,0.8187040963030392,0
2011-04-11,25.979999542236328,28.783892354408973,0.3557147979736328,0.8187040963030392,0
2011-04-12,25.639999389648438,28.783892354408973,0.3557147979736328,0.8187040963030392,0
2011-04-13,25.6299991607666,28.783892354408973,0.35142912183489117,0.8187040963030392,0
2011-04-14,25.420000076293945,28.783892354408973,0.36428615025111605,0.8187040963030392,0
2011-04-15,25.3700008392334,28.74992328460623,0.36714322226388113,0.8187040963030392,0
2011-04-18,25.079999923706055,28.74992328460623,0.39785752977643696,0.8187040963030392,0
2011-04-19,25.149999618530273,28.74992328460623,0.40285750797816683,0.8187040963030392,0
2011-04-20,25.760000228881836,28.74992328460623,0.43928609575544086,0.8187040963030392,0
2011-04-21,25.520000457763672,28.74992328460623,0.46142877851213726,0.8187040963030392,0
2011-04-25,25.610000610351562,28.717784749015756,0.4635716847011021,0.8187040963030392,0
2011-04-26,26.190000534057617,28.717784749015756,0.47785731724330355,0.8187040963030392,0
2011-04-27,26.3799991607666,28.717784749015756,0.45857170649937223,0.8187040963030392,0
2011-04-28,26.709999084472656,28.717784749015756,0.4728574752807617,0.8187040963030392,0
2011-04-29,25.920000076293945,28.68994609555584,0.5464286804199219,0.8187040963030392,0
2011-05-02,25.65999984741211,28.68994609555584,0.5514286586216518,0.8187040963030392,0
2011-05-03,25.809999465942383,28.68994609555584,0.5464286804199219,0.8187040963030392,0
2011-05-04,26.059999465942383,28.68994609555584,0.557142802647182,0.8187040963030392,0
2011-05-05,25.790000915527344,28.68994609555584,0.5471428462437221,0.8187040963030392,0
2011-05-06,25.8700008392334,28.66188693877651,0.5535714285714286,0.8187040963030392,0
2011-05-09,25.829999923706055,28.66188693877651,0.5278569630214146,0.8187040963030392,0
2011-05-10,25.670000076293945,28.66188693877651,0.5492856161934989,0.8187040963030392,0
2011-05-11,25.360000610351562,28.66188693877651,0.5214285169328962,0.8187040963030392,0
2011-05-12,25.31999969482422,28.66188693877651,0.5042856761387416,0.8187040963030392,0
2011-05-13,25.030000686645508,28.625748767113517,0.5107141222272601,0.8187040963030392,0
2011-05-16,24.56999969482422,28.625748767113517,0.4921426773071289,0.8187040963030392,0
2011-05-17,24.520000457763672,28.625748767113517,0.5042855398995536,0.8187040963030392,0
2011-05-18,24.690000534057617,28.625748767113517,0.5042854036603656,0.8187040963030392,0
2011-05-19,24.719999313354492,28.625748767113517,0.43499973842075895,0.8187040963030392,0
2011-05-20,24.489999771118164,28.584597035810084,0.42857115609305246,0.8187040963030392,0
2011-05-23,24.170000076293945,28.584597035810084,0.43571390424455914,0.8187040963030392,0
2011-05-24,24.149999618530273,28.584597035810084,0.4207139696393694,0.8187040963030392,0
2011-05-25,24.190000534057617,28.584597035810084,0.40357112884521484,0.8187040963030392,0
2011-05-26,24.670000076293945,28.584597035810084,0.429999760219029,0.8187040963030392,0
2011-05-27,24.760000228881836,28.546541346188906,0.42714268820626394,0.8187040963030392,0
2011-05-31,25.010000228881836,28.546541346188906,0.40999971117292133,0.8187040963030392,0
2011-06-01,24.43000030517578,28.546541346188906,0.4292853219168527,0.8187040963030392,0
2011-06-02,24.219999313354492,28.546541346188906,0.4421424865722656,0.8187040963030392,0
2011-06-03,23.90999984741211,28.500406604907546,0.4428567886352539,0.8187040963030392,0
2011-06-06,24.010000228881836,28.500406604907546,0.4364282063075474,0.8187040963030392,0
2011-06-07,24.059999465942383,28.500406604907546,0.42499964577811106,0.8187040963030392,0
2011-06-08,23.940000534057617,28.500406604907546,0.4042852946690151,0.8187040963030392,0
2011-06-09,23.959999084472656,28.500406604907546,0.39285687037876676,0.8187040963030392,0
2011-06-10,23.709999084472656,28.452740858435558,0.385713985988072,0.8187040963030392,0
2011-06-13,24.040000915527344,28.452740858435558,0.38785689217703684,0.8187040963030392,0
2011-06-14,24.219999313354492,28.452740858435558,0.3992854527064732,0.8187040963030392,0
2011-06-15,23.739999771118164,28.452740858435558,0.4271425519670759,0.8187040963030392,0
2011-06-16,24.0,28.452740858435558,0.3992854527064732,0.8187040963030392,0
2011-06-17,24.260000228881836,28.411022046201193,0.4042854309082031,0.8187040963030392,0
2011-06-20,24.469999313354492,28.411022046201193,0.414285523550851,0.8187040963030392,0
2011-06-21,24.760000228881836,28.411022046201193,0.39499991280691965,0.8187040963030392,0
2011-06-22,24.649999618530273,28.411022046201193,0.3771427699497768,0.8187040963030392,0
2011-06-23,24.6299991607666,28.411022046201193,0.3821427481515067,0.8187040963030392,0
2011-06-24,24.299999237060547,28.370116346607755,0.37928553989955355,0.8187040963030392,0
2011-06-27,25.200000762939453,28.370116346607755,0.4478569030761719,0.8187040963030392,0
2011-06-28,25.799999237060547,28.370116346607755,0.48785700116838726,0.8187040963030392,0
2011-06-29,25.6200008392334,28.370116346607755,0.5035711015973773,0.8187040963030392,0
2011-06-30,26.0,28.370116346607755,0.5071424756731305,0.8187040963030392,0
2011-07-01,26.020000457763672,28.346732108907815,0.4957139151436942,0.8187040963030392,0
2011-07-05,26.030000686645508,28.346732108907815,0.4842853546142578,0.8187040963030392,0
2011-07-06,26.329999923706055,28.346732108907815,0.47428553444998606,0.8187040963030392,0
2011-07-07,26.770000457763672,28.346732108907815,0.48142828260149273,0.8187040963030392,0
2011-07-08,26.920000076293945,28.332535770274845,0.49214254106794086,0.8187040963030392,0
2011-07-11,26.6299991607666,28.332535770274845,0.48714256286621094,0.8187040963030392,0
2011-07-12,26.540000915527344,28.332535770274845,0.48642826080322266,0.8187040963030392,0
2011-07-13,26.6299991607666,28.332535770274845,0.502856799534389,0.8187040963030392,0
2011-07-14,26.469999313354492,28.332535770274845,0.5171425683157784,0.8187040963030392,0
2011-07-15,26.780000686645508,28.31708765998998,0.518571308680943,0.8187040963030392,0
2011-07-18,26.59000015258789,28.31708765998998,0.4764284406389509,0.8187040963030392,0
2011-07-19,27.540000915527344,28.31708765998998,0.49714265550885883,0.8187040963030392,0
2011-07-20,27.059999465942383,28.31708765998998,0.5057142802647182,0.8187040963030392,0
2011-07-21,27.100000381469727,28.31708765998998,0.5257143293108258,0.8187040963030392,0
2011-07-22,27.530000686645508,28.309255948812424,0.5642856870378766,0.8187040963030392,0
2011-07-25,27.90999984741211,28.309255948812424,0.6107142312186105,0.8187040963030392,0
2011-07-26,28.079999923706055,28.309255948812424,0.6078568867274693,0.8187040963030392,0
2011-07-27,27.329999923706055,28.309255948812424,0.6314283098493304,0.8187040963030392,0
2011-07-28,27.719999313354492,28.309255948812424,0.6592855453491211,0.8187040963030392,0
2011-07-29,27.399999618530273,28.300208622142954,0.6614283152988979,0.8187040963030392,0
2011-08-01,27.270000457763672,28.300208622142954,0.6964282989501953,0.8187040963030392,0
2011-08-02,26.799999237060547,28.300208622142954,0.713571275983538,0.8187040963030392,0
2011-08-03,26.920000076293945,28.300208622142954,0.7042856216430664,0.8187040963030392,0
2011-08-04,25.940000534057617,28.300208622142954,0.7421426773071289,0.8187040963030392,0
2011-08-05,25.68000030517578,28.27413689759602,0.7585713522774833,0.8187040963030392,0
2011-08-08,24.479999542236328,28.27413689759602,0.7757143293108258,0.8187040963030392,0
2011-08-09,25.579999923706055,28.27413689759602,0.8492856706891742,0.8187040963030392,0
2011-08-10,24.200000762939453,28.27413689759602,0.9078570774623326,0.8187040963030392,0
2011-08-11,25.190000534057617,28.27413689759602,0.9299998964582171,0.8187040963030392,0
2011-08-12,25.100000381469727,28.242553449674368,0.9149999618530273,0.8187040963030392,0
2011-08-15,25.510000228881836,28.242553449674368,0.9228571483067104,0.8187040963030392,0
2011-08-16,25.350000381469727,28.242553449674368,0.8985715593610492,0.8187040963030392,0
2011-08-17,25.25,28.242553449674368,0.8921429770333427,0.8187040963030392,0
2011-08-18,24.670000076293945,28.242553449674368,0.9464287076677594,0.8187040963030392,0
2011-08-19,24.049999237060547,28.20083649233493,0.9335715430123466,0.8187040963030392,0
2011-08-22,23.979999542236328,28.20083649233493,0.9342857088361468,0.8187040963030392,0
2011-08-23,24.719999313354492,28.20083649233493,0.9521428516932896,0.8187040963030392,0
2011-08-24,24.899999618530273,28.20083649233493,0.9178571701049805,0.8187040963030392,0
2011-08-25,24.56999969482422,28.20083649233493,0.9028570992606026,0.8187040963030392,0
2011-08-26,25.25,28.171474935197267,0.8764284678867885,0.8187040963030392,0
2011-08-29,25.84000015258789,28.171474935197267,0.8064285005841937,0.8187040963030392,0
2011-08-30,26.229999542236328,28.171474935197267,0.7528570720127651,0.8187040963030392,0
2011-08-31,26.600000381469727,28.171474935197267,0.7028571537562779,0.8187040963030392,0
2011-09-01,26.209999084472656,28.171474935197267,0.7000000817435128,0.8187040963030392,0
2011-09-02,25.799999237060547,28.147878162081483,0.7050000599452427,0.8187040963030392,0
2011-09-06,25.510000228881836,28.147878162081483,0.7157141821725028,0.8187040963030392,0
2011-09-07,26.0,28.147878162081483,0.6957141331263951,0.8187040963030392,0
2011-09-08,26.219999313354492,28.147878162081483,0.6592855453491211,0.8187040963030392,0
2011-09-09,25.739999771118164,28.123919173116676,0.656428337097168,0.8187040963030392,0
2011-09-12,25.889999389648438,28.123919173116676,0.6535712650844029,0.8187040963030392,0
2011-09-13,26.040000915527344,28.123919173116676,0.6257141658238002,0.8187040963030392,0
2011-09-14,26.5,28.123919173116676,0.6542855671473912,0.8187040963030392,0
2011-09-15,26.989999771118164,28.123919173116676,0.6585713795253209,0.8187040963030392,0
2011-09-16,27.1200008392334,28.11392993596361,0.6242856979370117,0.8187040963030392,0
2011-09-19,27.209999084472656,28.11392993596361,0.6314284460885184,0.8187040963030392,0
2011-09-20,26.979999542236328,28.11392993596361,0.619999885559082,0.8187040963030392,0
2011-09-21,25.989999771118164,28.11392993596361,0.6635713577270508,0.8187040963030392,0
2011-09-22,25.059999465942383,28.11392993596361,0.7164283479963031,0.8187040963030392,0
2011-09-23,25.059999465942383,28.083542568102704,0.7099997656685966,0.8187040963030392,0
2011-09-26,25.440000534057617,28.083542568102704,0.7171427862984794,0.8187040963030392,0
2011-09-27,25.670000076293945,28.083542568102704,0.7164284842354911,0.8187040963030392,0
2011-09-28,25.579999923706055,28.083542568102704,0.7271428789411273,0.8187040963030392,0
2011-09-29,25.450000762939453,28.083542568102704,0.7528572082519531,0.8187040963030392,0
2011-09-30,24.889999389648438,28.05176601906336,0.750000136239188,0.8187040963030392,0
2011-10-03,24.530000686645508,28.05176601906336,0.781428609575544,0.8187040963030392,0
2011-10-04,25.34000015258789,28.05176601906336,0.7971428462437221,0.8187040963030392,0
2011-10-05,25.889999389648438,28.05176601906336,0.8171427590506417,0.8187040963030392,0
2011-10-06,26.34000015258789,28.05176601906336,0.8357140677315849,0.8187040963030392,0
2011-10-07,26.25,28.03383799897318,0.8071426664079938,0.8187040963030392,0
2011-10-10,26.940000534057617,28.03383799897318,0.817856924874442,0.8187040963030392,0
2011-10-11,27.0,28.03383799897318,0.7649997983660016,0.8187040963030392,0
2011-10-12,26.959999084472656,28.03383799897318,0.6949998310634068,0.8187040963030392,0
2011-10-13,27.18000030517578,28.03383799897318,0.7035713195800781,0.8187040963030392,0
2011-10-14,27.270000457763672,28.026237625428806,0.6814283643450055,0.8187040963030392,0
2011-10-17,26.979999542236328,28.026237625428806,0.687856946672712,0.8187040963030392,0
2011-10-18,27.309999465942383,28.026237625428806,0.669285501752581,0.8187040963030392,0
2011-10-19,27.1299991607666,28.026237625428806,0.6249997275216239,0.8187040963030392,0
2011-10-20,27.040000915527344,28.026237625428806,0.6478568485804966,0.8187040963030392,0
2011-10-21,27.15999984741211,28.017618344055506,0.6171426773071289,0.8187040963030392,0
2011-10-24,27.190000534057617,28.017618344055506,0.5621426446097237,0.8187040963030392,0
2011-10-25,26.809999465942383,28.017618344055506,0.5271426609584263,0.8187040963030392,0
2011-10-26,26.59000015258789,28.017618344055506,0.5457141058785575,0.8187040963030392,0
2011-10-27,27.25,28.017618344055506,0.5814283915928432,0.8187040963030392,0
2011-10-28,26.979999542236328,28.007293778863275,0.562856946672712,0.8187040963030392,0
2011-10-31,26.6299991607666,28.007293778863275,0.5649997166224888,0.8187040963030392,0
2011-11-01,25.989999771118164,28.007293778863275,0.5907139096941266,0.8187040963030392,0
2011-11-02,26.010000228881836,28.007293778863275,0.5849996294294085,0.8187040963030392,0
2011-11-03,26.530000686645508,28.007293778863275,0.594285420009068,0.8187040963030392,0
2011-11-04,26.25,27.98980826862583,0.5914283479963031,0.8187040963030392,0
2011-11-07,26.799999237060547,27.98980826862583,0.5978569303240094,0.8187040963030392,0
2011-11-08,27.15999984741211,27.98980826862583,0.6014284406389508,0.8187040963030392,0
2011-11-09,26.200000762939453,27.98980826862583,0.6128570011683873,0.8187040963030392,0
2011-11-10,26.280000686645508,27.98980826862583,0.6121425628662109,0.8187040963030392,0
2011-11-11,26.90999984741211,27.979063906225694,0.643571172441755,0.8187040963030392,0
2011-11-14,26.760000228881836,27.979063906225694,0.6321426119123187,0.8187040963030392,0
2011-11-15,26.739999771118164,27.979063906225694,0.6021427427019391,0.8187040963030392,0
2011-11-16,26.06999969482422,27.979063906225694,0.5942855562482562,0.8187040963030392,0
2011-11-17,25.540000915527344,27.979063906225694,0.6064284188406808,0.8187040963030392,0
2011-11-18,25.299999237060547,27.952406546333506,0.6071428571428571,0.8187040963030392,0
2011-11-21,25.0,27.952406546333506,0.580714362008231,0.8187040963030392,0
2011-11-22,24.790000915527344,27.952406546333506,0.5700001035417829,0.8187040963030392,0
2011-11-23,24.469999313354492,27.952406546333506,0.549285888671875,0.8187040963030392,0
2011-11-25,24.299999237060547,27.91606418504721,0.5378573281424386,0.8187040963030392,0
2011-11-28,24.8700008392334,27.91606418504721,0.536428724016462,0.8187040963030392,0
2011-11-29,24.84000015258789,27.91606418504721,0.5207144873482841,0.8187040963030392,0
2011-11-30,25.579999923706055,27.91606418504721,0.49571446010044645,0.8187040963030392,0
2011-12-01,25.280000686645508,27.91606418504721,0.49928583417619976,0.8187040963030392,0
2011-12-02,25.219999313354492,27.88923766891097,0.4750002452305385,0.8187040963030392,0
2011-12-05,25.700000762939453,27.88923766891097,0.4914287839617048,0.8187040963030392,0
2011-12-06,25.65999984741211,27.88923766891097,0.4714287349155971,0.8187040963030392,0
2011-12-07,25.600000381469727,27.88923766891097,0.45142882210867746,0.8187040963030392,0
2011-12-08,25.399999618530273,27.88923766891097,0.43142877306256977,0.8187040963030392,0
2011-12-09,25.700000762939453,27.86745421711026,0.4371430533272879,0.8187040963030392,0
2011-12-12,25.510000228881836,27.86745421711026,0.4378573553902762,0.8187040963030392,0
2011-12-13,25.760000228881836,27.86745421711026,0.4550001961844308,0.8187040963030392,0
2011-12-14,25.59000015258789,27.86745421711026,0.452857289995466,0.8187040963030392,0
2011-12-15,25.559999465942383,27.86745421711026,0.45071424756731304,0.8187040963030392,0
2011-12-16,26.0,27.848872583109166,0.44642857142857145,0.8187040963030392,0
2011-12-19,25.530000686645508,27.848872583109166,0.4728572028023856,0.8187040963030392,0
2011-12-20,26.030000686645508,27.848872583109166,0.46000003814697266,0.8187040963030392,0
2011-12-21,25.760000228881836,27.848872583109166,0.4828572954450335,0.8187040963030392,0
2011-12-22,25.809999465942383,27.848872583109166,0.47714301518031527,0.8187040963030392,0
2011-12-23,26.030000686645508,27.83077435528366,0.45785740443638395,0.8187040963030392,0
2011-12-27,26.040000915527344,27.83077435528366,0.45428589412144255,0.8187040963030392,0
2011-12-28,25.81999969482422,27.83077435528366,0.4521429879324777,0.8187040963030392,0
2011-12-29,26.020000457763672,27.83077435528366,0.4435716356549944,0.8187040963030392,0
2011-12-30,25.959999084472656,27.812159675972108,0.4250001907348633,0.8187040963030392,0
2012-01-03,26.770000457763672,27.812159675972108,0.46714305877685547,0.8187040963030392,0
2012-01-04,27.399999618530273,27.812159675972108,0.4750001089913504,0.8187040963030392,0
2012-01-05,27.68000030517578,27.812159675972108,0.4857142312186105,0.8187040963030392,0
2012-01-06,28.110000610351562,27.81512326735897,0.5085714885166713,0.8187040963030392,1
2012-01-09,27.739999771118164,27.81512326735897,0.4928572518484933,0.8079278175361012,1
2012-01-10,27.84000015258789,27.81512326735897,0.4749999727521624,0.8108403298151291,1
2012-01-11,27.719999313354492,27.81512326735897,0.47785704476492746,0.8073453039699854,1
2012-01-12,28.0,27.81512326735897,0.45071424756731304,0.8155003272409533,1
2012-01-13,28.25,27.81945039902704,0.4564283915928432,0.8227815801627476,1
2012-01-17,28.260000228881836,27.81945039902704,0.4685711179460798,0.8230728369458055,1
2012-01-18,28.229999542236328,27.81945039902704,0.48428549085344585,0.8221990665966318,1
2012-01-19,28.1200008392334,27.81945039902704,0.4857140949794224,0.818995353086097,1
2012-01-20,29.709999084472656,27.83826182873297,0.5849997656685966,0.8653040705612812,1
2012-01-23,29.729999542236328,27.83826182873297,0.6128568649291992,0.865886584127397,1
2012-01-24,29.34000015258789,27.83826182873297,0.5807139532906669,0.8545278473458945,1
2012-01-25,29.559999465942383,27.83826182873297,0.5721426010131836,0.860935329918515,1
2012-01-26,29.5,27.83826182873297,0.5621427808489118,0.8591878447717187,1
2012-01-27,29.229999542236328,27.852109965185743,0.5407142639160156,0.8513240782838086,1
2012-01-30,29.610000610351562,27.852109965185743,0.5692856652396066,0.8623916138338046,1
2012-01-31,29.530000686645508,27.852109965185743,0.5735714776175362,0.8600616151208924,1
2012-02-01,29.889999389648438,27.852109965185743,0.5671428952898298,0.8705465815532213,1
2012-02-02,29.950000762939453,27.852109965185743,0.5735714776175362,0.8722941222515688,1
2012-02-03,30.239999771118164,27.875870062757212,0.572857175554548,0.8807403467540434,1
2012-02-06,30.200000762939453,27.875870062757212,0.5578572409493583,0.879575375173363,1
2012-02-07,30.350000381469727,27.875870062757212,0.5585715430123466,0.8839441158161293,1
2012-02-08,30.65999984741211,27.875870062757212,0.5614287512642997,0.8929728538847198,1
2012-02-09,30.770000457763672,27.875870062757212,0.46857166290283203,0.8961766229468057,1
2012-02-10,30.5,27.90198080840142,0.4571429661342076,0.8883128564588956,1
2012-02-13,30.579999923706055,27.90198080840142,0.44214303152901785,0.8906428551718077,1
2012-02-14,30.25,27.90198080840142,0.452857289995466,0.8810316035371014,1
2012-02-15,30.049999237060547,27.90198080840142,0.45714282989501953,0.8752065789790455,1
2012-02-16,31.290000915527344,27.90198080840142,0.5385713577270508,0.9113216423565099,1
2012-02-17,31.25,27.935294432198422,0.5085712160382952,0.9101566152242783,1
2012-02-21,31.440000534057617,27.935294432198422,0.507856913975307,0.9156903829992762,1
2012-02-22,31.270000457763672,27.935294432198422,0.5064284460885184,0.9107391287903941,1
2012-02-23,31.3700008392334,27.935294432198422,0.5157141004289899,0.9136516410694221,1
2012-02-24,31.479999542236328,27.97056512981074,0.5021427699497768,0.9168553545799567,1
2012-02-27,31.350000381469727,27.97056512981074,0.5114284242902484,0.9130691275033063,1
2012-02-28,31.8700008392334,27.97056512981074,0.5214283806937081,0.9282141469130105,1
2012-02-29,31.739999771118164,27.97056512981074,0.5171425683157784,0.9244278642848088,1
2012-03-01,32.290000915527344,27.97056512981074,0.5407139914376395,0.9404466540436869,1
2012-03-02,32.08000183105469,28.011455047236055,0.5407139914376395,0.9343304282541243,1
2012-03-05,31.799999237060547,28.011455047236055,0.5492854799543109,0.9261753494316051,1
2012-03-06,31.559999465942383,28.011455047236055,0.5321426391601562,0.9191853532928688,1
2012-03-07,31.84000015258789,28.011455047236055,0.5342855453491211,0.9273403765638367,1
2012-03-08,32.0099983215332,28.011455047236055,0.4535711833408901,0.9322915752211677,1
2012-03-09,31.989999771118164,28.051042556926426,0.4442855290004185,0.931709117206603,1
2012-03-12,32.040000915527344,28.051042556926426,0.43857124873570036,0.9331654011218926,1
2012-03-13,32.66999816894531,28.051042556926426,0.4492853709629604,0.9515140784905803,1
2012-03-14,32.77000045776367,28.051042556926426,0.43499960218157085,0.9544266463211595,1
2012-03-15,32.849998474121094,28.051042556926426,0.4421422140938895,0.9567565894825204,1
2012-03-16,32.599998474121094,28.096305799883588,0.4457137244088309,0.9494753365607261,1
2012-03-19,32.20000076293945,28.096305799883588,0.4371422358921596,0.9378253985477168,1
2012-03-20,31.989999771118164,28.096305799883588,0.4421423503330776,0.931709117206603,1
2012-03-21,31.90999984741211,28.096305799883588,0.41928536551339285,0.9293791184936909,1
2012-03-22,32.0,28.096305799883588,0.40928540910993305,0.932000373989661,1
2012-03-23,32.0099983215332,28.135248014029354,0.4042854309082031,0.9322915752211677,1
2012-03-26,32.59000015258789,28.135248014029354,0.4121427536010742,0.9491841353292194,1
2012-03-27,32.52000045776367,28.135248014029354,0.40571417127336773,0.9471453933993652,1
2012-03-28,32.189998626708984,28.135248014029354,0.4264285223824637,0.9375340862131077,1
2012-03-29,32.119998931884766,28.135248014029354,0.43642847878592356,0.9354953442832535,1
2012-03-30,32.2599983215332,28.176290305646308,0.43571404048374723,0.9395728281429618,1
2012-04-02,32.290000915527344,28.176290305646308,0.4257140840802874,0.9404466540436869,1
2012-04-03,31.940000534057617,28.176290305646308,0.44285706111363005,0.9302528888428647,1
2012-04-04,31.209999084472656,28.176290305646308,0.4807145254952567,0.9089915880920466,1
2012-04-05,31.520000457763672,28.176290305646308,0.49000017983572824,0.9180203817121884,1
2012-04-09,31.100000381469727,28.209561053428573,0.4964288984026228,0.905787874581512,1
2012-04-10,30.469999313354492,28.209561053428573,0.5271432059151786,0.8874390861097219,1
2012-04-11,30.350000381469727,28.209561053428573,0.5250002997262138,0.8839441158161293,1
2012-04-12,30.979999542236328,28.209561053428573,0.5528575352260044,0.9022928487363682,1
2012-04-13,30.809999465942383,28.235436062508313,0.5564289093017578,0.8973415945274861,1
2012-04-16,31.079999923706055,28.235436062508313,0.5435716084071568,0.9052053610153962,1
2012-04-17,31.440000534057617,28.235436062508313,0.5600002833775112,0.9156903829992762,1
2012-04-18,31.139999389648438,28.235436062508313,0.54142883845738,0.9069528461621924,1
2012-04-19,31.010000228881836,28.235436062508313,0.567143167768206,0.903166619085542,1
2012-04-20,32.41999816894531,28.277073496403208,0.6750003269740513,0.9442328255687861,1
2012-04-23,32.119998931884766,28.277073496403208,0.6721433912004743,0.9354953442832535,1
2012-04-24,31.920000076293945,28.277073496403208,0.6764290673392159,0.9296703752767489,1
2012-04-25,32.20000076293945,28.277073496403208,0.6450003215244838,0.9378253985477168,1
2012-04-26,32.11000061035156,28.277073496403208,0.6257145745413644,0.9352041430517468,1
2012-04-27,31.979999542236328,28.31391853168513,0.6107146399361747,0.9314178604235451,1
2012-04-30,32.02000045776367,28.31391853168513,0.5607145854404995,0.9325828875557768,1
2012-05-01,32.0099983215332,28.31391853168513,0.5671430315290179,0.9322915752211677,1
2012-05-02,31.799999237060547,28.31391853168513,0.544285774230957,0.9261753494316051,1
2012-05-03,31.760000228881836,28.31391853168513,0.5335713795253209,0.9250103778509247,1
2012-05-04,30.979999542236328,28.340446700944344,0.5635713849748883,0.9022928487363682,1
2012-05-07,30.649999618530273,28.340446700944344,0.5549998964582171,0.8926815971016618,1
2012-05-08,30.5,28.340446700944344,0.5699999673025948,0.8883128564588956,1
2012-05-09,30.760000228881836,28.340446700944344,0.5692856652396066,0.8958853661637477,1
2012-05-10,30.739999771118164,28.340446700944344,0.47571427481515066,0.8953028525976319,1
2012-05-11,31.15999984741211,28.36850195613308,0.5028570720127651,0.9075353597283082,1
2012-05-14,30.68000030517578,28.36850195613308,0.4907142094203404,0.8935553674508356,1
2012-05-15,30.209999084472656,28.36850195613308,0.5049999782017299,0.8798665764048698,1
2012-05-16,29.899999618530273,28.36850195613308,0.5242857251848493,0.8708378383362793,1
2012-05-17,29.719999313354492,28.36850195613308,0.5357141494750977,0.8655953273443392,1
2012-05-18,29.270000457763672,28.377472090477664,0.567856924874442,0.8524891054160403,1
2012-05-21,29.75,28.377472090477664,0.5921427862984794,0.8664690976935129,1
2012-05-22,29.760000228881836,28.377472090477664,0.5928570883614677,0.8667603544765708,1
2012-05-23,29.110000610351562,28.377472090477664,0.6521429334368024,0.847829107990216,1
2012-05-24,29.06999969482422,28.377472090477664,0.6307142802647182,0.8466640808579844,1
2012-05-25,29.059999465942383,28.38426340764647,0.6264286041259766,0.8463728240749265,1
2012-05-29,29.559999465942383,28.38426340764647,0.6299999782017299,0.860935329918515,1
2012-05-30,29.34000015258789,28.38426340764647,0.6092856270926339,0.8545278473458945,1
2012-05-31,29.190000534057617,28.38426340764647,0.6028570447649274,0.8501591067031282,1
2012-06-01,28.450000762939453,28.38491751068421,0.5957141603742327,0.8286066047208034,1
2012-06-04,28.549999237060547,28.38491751068421,0.5914284842354911,0.8315190614482801,1
2012-06-05,28.510000228881836,28.38491751068421,0.5707142693655831,0.8303540898675997,1
2012-06-06,29.350000381469727,28.38491751068421,0.5907143184116909,0.8548191041289525,1
2012-06-07,29.229999542236328,28.38491751068421,0.5928572246006557,0.8513240782838086,1
2012-06-08,29.649999618530273,28.397505392354322,0.5921430587768555,0.863556585414485,1
2012-06-11,28.899999618530273,28.397505392354322,0.6107143674577985,0.8417128266491023,1
2012-06-12,29.290000915527344,28.397505392354322,0.6164286477225167,0.8530716189821561,1
2012-06-13,29.1299991607666,28.397505392354322,0.5642858232770648,0.8484115660047807,1
2012-06-14,29.34000015258789,28.397505392354322,0.5671430315290179,0.8545278473458945,1
2012-06-15,30.020000457763672,28.413649621860884,0.5950001307896206,0.874332864181423,1
2012-06-18,29.84000015258789,28.413649621860884,0.5707145418439593,0.8690903531894829,1
2012-06-19,30.700000762939453,28.413649621860884,0.630000386919294,0.8941378810169515,1
2012-06-20,30.93000030517578,28.413649621860884,0.6250004087175641,0.9008366203726299,1
2012-06-21,30.139999389648438,28.413649621860884,0.6485718318394252,0.8778278344750156,1
2012-06-22,30.700000762939453,28.436399384458685,0.6657145363943917,0.8941378810169515,1
2012-06-25,29.8700008392334,28.436399384458685,0.7171430587768555,0.8699641235386567,1
2012-06-26,30.020000457763672,28.436399384458685,0.6842858450753349,0.874332864181423,1
2012-06-27,30.170000076293945,28.436399384458685,0.6807143347603934,0.8787016048241892,1
2012-06-28,29.90999984741211,28.436399384458685,0.6892856870378766,0.8711290951193371,1
2012-06-29,30.59000015258789,28.457828247823155,0.674285752432687,0.8909341119548656,1
2012-07-02,30.559999465942383,28.457828247823155,0.6707145145961216,0.8900603416056919,1
2012-07-03,30.760000228881836,28.457828247823155,0.6850001471383231,0.8958853661637477,1
2012-07-05,30.700000762939453,28.457828247823155,0.6721431187220982,0.8941378810169515,1
2012-07-06,30.190000534057617,28.475063792959816,0.6728574207850865,0.8792841183903051,1
2012-07-09,30.0,28.475063792959816,0.68214293888637,0.8737503506153071,1
2012-07-10,29.739999771118164,28.475063792959816,0.6421428407941546,0.866177840910455,1
2012-07-11,29.299999237060547,28.475063792959816,0.6578570774623326,0.8533628202136628,1
2012-07-12,28.6299991607666,28.475063792959816,0.6349998201642718,0.8338490601611922,1
2012-07-13,29.389999389648438,28.484167629742785,0.6457142148699079,0.8559840757096329,1
2012-07-16,29.440000534057617,28.484167629742785,0.6035713468279157,0.8574403596249224,1
2012-07-17,29.65999984741211,28.484167629742785,0.6221427917480469,0.8638478421975428,1
2012-07-18,30.450000762939453,28.484167629742785,0.6585715157645089,0.8868566280951572,1
2012-07-19,30.670000076293945,28.484167629742785,0.6350000926426479,0.8932641106677778,1
2012-07-20,30.1200008392334,28.500444577100904,0.6507143293108258,0.8772453764604509,1
2012-07-23,29.280000686645508,28.500444577100904,0.700714247567313,0.8527803621990983,1
2012-07-24,29.149999618530273,28.500444577100904,0.6914285932268415,0.8489940795708966,1
2012-07-25,28.829999923706055,28.500444577100904,0.7021427154541016,0.8396740847192481,1
2012-07-26,29.15999984741211,28.500444577100904,0.6964284351893834,0.8492853363539544,1
2012-07-27,29.760000228881836,28.512977469158425,0.713571412222726,0.8667603544765708,1
2012-07-30,29.639999389648438,28.512977469158425,0.6885715212140765,0.863265328631427,1
2012-07-31,29.469999313354492,28.512977469158425,0.6707143783569336,0.8583140744225449,1
2012-08-01,29.40999984741211,28.512977469158425,0.6478573935372489,0.8565665892757487,1
2012-08-02,29.190000534057617,28.512977469158425,0.6271431786673409,0.8501591067031282,1
2012-08-03,29.75,28.525286151057347,0.6457146235874721,0.8664690976935129,1
2012-08-06,29.950000762939453,28.525286151057347,0.6242861066545758,0.8722941222515688,1
2012-08-07,30.260000228881836,28.525286151057347,0.5878573826381138,0.8813228603201593,1
2012-08-08,30.329999923706055,28.525286151057347,0.5835715702601841,0.8833616022500135,1
2012-08-09,30.5,28.525286151057347,0.5371430260794503,0.8883128564588956,1
2012-08-10,30.420000076293945,28.544139025935326,0.48428589957101004,0.8859828577459835,1
2012-08-13,30.389999389648438,28.544139025935326,0.4728572028023856,0.8851090873968097,1
2012-08-14,30.1299991607666,28.544139025935326,0.46071434020996094,0.8775365776919576,1
2012-08-15,30.200000762939453,28.544139025935326,0.4314286368233817,0.879575375173363,1
2012-08-16,30.780000686645508,28.544139025935326,0.43500001089913504,0.8964678797298635,1
2012-08-17,30.899999618530273,28.56758042486662,0.4328571047101702,0.8999628500234561,1
2012-08-20,30.739999771118164,28.56758042486662,0.42857142857142855,0.8953028525976319,1
2012-08-21,30.799999237060547,28.56758042486662,0.422142710004534,0.8970503377444282,1
2012-08-22,30.540000915527344,28.56758042486662,0.4057140350341797,0.8894778835911272,1
2012-08-23,30.260000228881836,28.56758042486662,0.38499982016427176,0.8813228603201593,1
2012-08-24,30.559999465942383,28.58740548995195,0.3914282662527902,0.8900603416056919,1
2012-08-27,30.690000534057617,28.58740548995195,0.385713985988072,0.8938466242338936,1
2012-08-28,30.6299991607666,28.58740548995195,0.3799997057233538,0.892099083535546,1
2012-08-29,30.649999618530273,28.58740548995195,0.37714249747140066,0.8926815971016618,1
2012-08-30,30.31999969482422,28.58740548995195,0.3814281736101423,0.8830703454669555,1
2012-08-31,30.81999969482422,28.609620357662127,0.40571389879499165,0.897632851310544,1
2012-09-04,30.389999389648438,28.609620357662127,0.4264282499040876,0.8851090873968097,1
2012-09-05,30.389999389648438,28.609620357662127,0.4307140622820173,0.8851090873968097,1
2012-09-06,31.350000381469727,28.609620357662127,0.44714273725237164,0.9130691275033063,1
2012-09-07,30.950000762939453,28.63290772487882,0.4678570883614676,0.9014191339387457,1
2012-09-10,30.719999313354492,28.63290772487882,0.47642857687813894,0.894720339031516,1
2012-09-11,30.790000915527344,28.63290772487882,0.4728572028023856,0.8967591365129215,1
2012-09-12,30.780000686645508,28.63290772487882,0.4814286913190569,0.8964678797298635,1
2012-09-13,30.940000534057617,28.63290772487882,0.5042858123779297,0.9011278771556878,1
2012-09-14,31.209999084472656,28.65855042497428,0.5035716465541294,0.9089915880920466,1
2012-09-17,31.209999084472656,28.65855042497428,0.4907144818987165,0.9089915880920466,1
2012-09-18,31.18000030517578,28.65855042497428,0.48357159750802176,0.9081178732944241,1
2012-09-19,31.049999237060547,28.65855042497428,0.4721430369785854,0.9043315906662224,1
2012-09-20,31.450000762939453,28.65855042497428,0.4821429933820452,0.9159816397823342,1
2012-09-21,31.190000534057617,28.683738983273617,0.47357164110456196,0.908409130077482,1
2012-09-24,30.780000686645508,28.683738983273617,0.46500028882707867,0.8964678797298635,1
2012-09-25,30.389999389648438,28.683738983273617,0.4878572736467634,0.8851090873968097,1
2012-09-26,30.170000076293945,28.683738983273617,0.4585714340209961,0.8787016048241892,1
2012-09-27,30.15999984741211,28.683738983273617,0.45071424756731304,0.8784103480411314,1
2012-09-28,29.760000228881836,28.694448050394097,0.45642852783203125,0.8667603544765708,1
2012-10-01,29.489999771118164,28.694448050394097,0.4749999727521624,0.8588965879886608,1
2012-10-02,29.65999984741211,28.694448050394097,0.471428462437221,0.8638478421975428,1
2012-10-03,29.860000610351562,28.694448050394097,0.43928555079868864,0.8696728667555987,1
2012-10-04,30.030000686645508,28.694448050394097,0.4407141549246652,0.8746241209644809,1
2012-10-05,29.850000381469727,28.70594608353913,0.4614285060337612,0.8693816099725409,1
2012-10-08,29.780000686645508,28.70594608353913,0.4750001089913504,0.8673428680426867,1
2012-10-09,29.280000686645508,28.70594608353913,0.5071430206298828,0.8527803621990983,1
2012-10-10,28.979999542236328,28.70594608353913,0.49214294978550505,0.8440428253620144,1
2012-10-11,28.950000762939453,28.70594608353913,0.48214285714285715,0.8431691105643919,1
2012-10-12,29.200000762939453,28.71086205049834,0.4799999509538923,0.8504503634861861,1
2012-10-15,29.510000228881836,28.71086205049834,0.471428462437221,0.8594791015547766,1
2012-10-16,29.489999771118164,28.71086205049834,0.4614285060337612,0.8588965879886608,1
2012-10-17,29.59000015258789,28.71086205049834,0.4642855780465262,0.8618091002676888,1
2012-10-18,29.5,28.71086205049834,0.4607140677315848,0.8591878447717187,1
2012-10-19,28.639999389648438,28.710156949395355,0.4921426773071289,0.8341403169442502,1
2012-10-22,28.0,28.710156949395355,0.5349998474121094,0.8155003272409533,1
2012-10-23,28.049999237060547,28.710156949395355,0.5428570338657924,0.8169565556046917,1
2012-10-24,27.899999618530273,28.710156949395355,0.5335712432861328,0.8125878149619254,1
2012-10-25,27.8799991607666,28.710156949395355,0.5214283806937081,0.8120053013958096,1
2012-10-26,28.209999084472656,28.705180254221997,0.5307140350341797,0.821616553030516,1
2012-10-31,28.540000915527344,28.705180254221997,0.5357140132359096,0.8312278602167734,1
2012-11-01,29.520000457763672,28.705180254221997,0.5828568594796317,0.8597703583378346,1
2012-11-02,29.5,28.713088908408846,0.5871426718575614,0.8591878447717187,1
2012-11-05,29.6299991607666,28.713088908408846,0.5792854854038784,0.8629740718483692,1
2012-11-06,29.860000610351562,28.713088908408846,0.5842855998447963,0.8696728667555987,1
2012-11-07,29.079999923706055,28.713088908408846,0.612142835344587,0.8469553376410424,1
2012-11-08,28.809999465942383,28.713088908408846,0.6135715757097516,0.8390915711531323,1
2012-11-09,28.829999923706055,28.714252202093398,0.6071431296212333,0.8396740847192481,1
2012-11-12,28.219999313354492,28.714252202093398,0.5928574970790318,0.8219078098135738,1
2012-11-13,27.09000015258789,28.714252202093398,0.6264288766043526,0.7889965710497464,0
2012-11-14,26.84000015258789,28.714252202093398,0.630000386919294,0.7889965710497464,0
2012-11-15,26.65999984741211,28.714252202093398,0.6307146889822823,0.7889965710497464,0
2012-11-16,26.520000457763672,28.692418851403552,0.6321432931082589,0.7889965710497464,0
2012-11-19,26.729999542236328,28.692418851403552,0.6200004305158343,0.7889965710497464,0
2012-11-20,26.709999084472656,28.692418851403552,0.5964290073939732,0.7889965710497464,0
2012-11-21,26.950000762939453,28.692418851403552,0.559286253792899,0.7889965710497464,0
2012-11-23,27.700000762939453,28.682544044553165,0.5864290509905133,0.7889965710497464,0
2012-11-26,27.389999389648438,28.682544044553165,0.5950005395071847,0.7889965710497464,0
2012-11-27,27.079999923706055,28.682544044553165,0.5778575624738421,0.7889965710497464,0
2012-11-28,27.360000610351562,28.682544044553165,0.5642859595162528,0.7889965710497464,0
2012-11-29,26.950000762939453,28.682544044553165,0.5592858450753349,0.7889965710497464,0
2012-11-30,26.6200008392334,28.662021226589786,0.5778571537562779,0.7889965710497464,0
2012-12-03,26.43000030517578,28.662021226589786,0.5507142203194755,0.7889965710497464,0
2012-12-04,26.3700008392334,28.662021226589786,0.46642848423549105,0.7889965710497464,0
2012-12-05,26.670000076293945,28.662021226589786,0.479285512651716,0.7889965710497464,0
2012-12-06,26.729999542236328,28.662021226589786,0.48142828260149273,0.7889965710497464,0
2012-12-07,26.459999084472656,28.64011055850902,0.4878567286900112,0.7889965710497464,0
2012-12-10,26.940000534057617,28.64011055850902,0.5007138933454242,0.7889965710497464,0
2012-12-11,27.31999969482422,28.64011055850902,0.5157138279506138,0.7889965710497464,0
2012-12-12,27.239999771118164,28.64011055850902,0.518571036202567,0.7889965710497464,0
2012-12-13,27.110000610351562,28.64011055850902,0.5007138933454242,0.7889965710497464,0
2012-12-14,26.809999465942383,28.621900497886468,0.4935708727155413,0.7889965710497464,0
2012-12-17,27.100000381469727,28.621900497886468,0.5071423394339425,0.7889965710497464,0
2012-12-18,27.559999465942383,28.621900497886468,0.500713757106236,0.7889965710497464,0
2012-12-19,27.309999465942383,28.621900497886468,0.4992851529802595,0.7889965710497464,0
2012-12-20,27.68000030517578,28.621900497886468,0.4914281027657645,0.7889965710497464,0
2012-12-21,27.450000762939453,28.610239804006397,0.5099995476858956,0.7889965710497464,0
2012-12-24,27.059999465942383,28.610239804006397,0.5214282444545201,0.7889965710497464,0
2012-12-26,26.860000610351562,28.610239804006397,0.5092853818620954,0.7889965710497464,0
2012-12-27,26.959999084472656,28.610239804006397,0.5199997765677316,0.7889965710497464,0
2012-12-28,26.549999237060547,28.589739897867634,0.5171427045549665,0.7889965710497464,0
2012-12-31,26.709999084472656,28.589739897867634,0.5092855181012835,0.7889965710497464,0
2013-01-02,27.6200008392334,28.589739897867634,0.5428570338657924,0.7889965710497464,0
2013-01-03,27.25,28.589739897867634,0.539285523550851,0.7889965710497464,0
2013-01-04,26.739999771118164,28.571334523472117,0.5421427318028041,0.7889965710497464,0
2013-01-07,26.690000534057617,28.571334523472117,0.5285714013235909,0.7889965710497464,0
2013-01-08,26.549999237060547,28.571334523472117,0.5135716029575893,0.7889965710497464,0
2013-01-09,26.700000762939453,28.571334523472117,0.4900003160749163,0.7889965710497464,0
2013-01-10,26.459999084472656,28.571334523472117,0.505000250680106,0.7889965710497464,0
2013-01-11,26.829999923706055,28.554007811036637,0.5135716029575893,0.7889965710497464,0
2013-01-14,26.889999389648438,28.554007811036637,0.4878572736467634,0.7889965710497464,0
2013-01-15,27.209999084472656,28.554007811036637,0.4885715757097517,0.7889965710497464,0
2013-01-16,27.040000915527344,28.554007811036637,0.468571526663644,0.7889965710497464,0
2013-01-17,27.25,28.554007811036637,0.46214280809674946,0.7889965710497464,0
2013-01-18,27.25,28.54103260893677,0.45071424756731304,0.7889965710497464,0
2013-01-22,27.149999618530273,28.54103260893677,0.45428575788225445,0.7889965710497464,0
2013-01-23,27.610000610351562,28.54103260893677,0.4164285659790039,0.7889965710497464,0
2013-01-24,27.6299991607666,28.54103260893677,0.42428575243268696,0.7889965710497464,0
2013-01-25,27.8799991607666,28.534455161691298,0.44071429116385324,0.7889965710497464,0
2013-01-28,27.90999984741211,28.534455161691298,0.45714282989501953,0.7889965710497464,0
2013-01-29,28.010000228881836,28.534455161691298,0.47142832619803293,0.7889965710497464,0
2013-01-30,27.850000381469727,28.534455161691298,0.4878568649291992,0.7889965710497464,0
2013-01-31,27.450000762939453,28.534455161691298,0.479285512651716,0.7889965710497464,0
2013-02-01,27.93000030517578,28.528440685507064,0.4757140023367746,0.7889965710497464,0
2013-02-04,27.440000534057617,28.528440685507064,0.49571405138288227,0.7889965710497464,0
2013-02-05,27.5,28.528440685507064,0.4842853546142578,0.7889965710497464,0
2013-02-06,27.34000015258789,28.528440685507064,0.4892854690551758,0.7889965710497464,0
2013-02-07,27.280000686645508,28.528440685507064,0.479285512651716,0.7889965710497464,0
2013-02-08,27.549999237060547,28.51870494970163,0.49214254106794086,0.7889965710497464,0
2013-02-11,27.860000610351562,28.51870494970163,0.489999634878976,0.7889965710497464,0
2013-02-12,27.8799991607666,28.51870494970163,0.47285679408482145,0.7889965710497464,0
2013-02-13,28.030000686645508,28.51870494970163,0.4464282989501953,0.7889965710497464,0
2013-02-14,28.040000915527344,28.51870494970163,0.39999961853027344,0.7889965710497464,0
2013-02-15,28.010000228881836,28.51364321118601,0.3864282880510603,0.7889965710497464,0
2013-02-19,28.049999237060547,28.51364321118601,0.36928558349609375,0.7889965710497464,0
2013-02-20,27.8700008392334,28.51364321118601,0.3649999073573521,0.7889965710497464,0
2013-02-21,27.489999771118164,28.51364321118601,0.3700000217982701,0.7889965710497464,0
2013-02-22,27.760000228881836,28.506144276038707,0.3471430369785854,0.7889965710497464,0
2013-02-25,27.3700008392334,28.506144276038707,0.3528571810041155,0.7889965710497464,0
2013-02-26,27.3700008392334,28.506144276038707,0.3500001089913504,0.7889965710497464,0
2013-02-27,27.809999465942383,28.506144276038707,0.37714290618896484,0.7889965710497464,0
2013-02-28,27.799999237060547,28.506144276038707,0.3728572300502232,0.7889965710497464,0
2013-03-01,27.950000762939453,28.500610509739214,0.37500013623918804,0.7889965710497464,0
2013-03-04,28.149999618530273,28.500610509739214,0.37714290618896484,0.7889965710497464,0
2013-03-05,28.350000381469727,28.500610509739214,0.38714299883161274,0.7889965710497464,1
2013-03-06,28.09000015258789,28.500610509739214,0.411428587777274,0.7817606173883841,1
2013-03-07,28.139999389648438,28.500610509739214,0.41714300428118023,0.783152124480626,1
2013-03-08,28.0,28.495629310637334,0.4235715866088867,0.7792558621562744,1
2013-03-11,27.8700008392334,28.495629310637334,0.4264286586216518,0.7756379118668897,1
2013-03-12,27.90999984741211,28.495629310637334,0.42214298248291016,0.7767511069241646,1
2013-03-13,27.920000076293945,28.495629310637334,0.395714351109096,0.7770294189591316,1
2013-03-14,28.139999389648438,28.495629310637334,0.39285714285714285,0.783152124480626,1
2013-03-15,28.040000915527344,28.491095694765594,0.3571429933820452,0.7803691102961422,1
2013-03-18,28.100000381469727,28.491095694765594,0.372143064226423,0.7820389294233511,1
2013-03-19,28.18000030517578,28.491095694765594,0.3378572463989258,0.7842653726204939,1
2013-03-20,28.31999969482422,28.491095694765594,0.343571526663644,0.7881616349448455,1
2013-03-21,28.110000610351562,28.491095694765594,0.33285740443638395,0.782317241458318,1
2013-03-22,28.25,28.488696732628625,0.3178574698311942,0.7862135037826696,1
2013-03-25,28.15999984741211,28.488696732628625,0.3178574698311942,0.7837087485505599,1
2013-03-26,28.15999984741211,28.488696732628625,0.2935717446463449,0.7837087485505599,1
2013-03-27,28.3700008392334,28.488696732628625,0.3007146290370396,0.7895531951196804,1
2013-03-28,28.610000610351562,28.488696732628625,0.3028573989868164,0.7962325247111086,1
2013-04-01,28.610000610351562,28.489903736387063,0.30071449279785156,0.7962325247111086,1
2013-04-02,28.799999237060547,28.489903736387063,0.3021429606846401,0.8015202941277022,1
2013-04-03,28.559999465942383,28.489903736387063,0.3121429170880999,0.7948409645362738,1
2013-04-04,28.600000381469727,28.489903736387063,0.31928580147879465,0.7959542126761417,1
2013-04-05,28.700000762939453,28.491994254064203,0.35428578513009207,0.7987372799432184,1
2013-04-08,28.59000015258789,28.491994254064203,0.3392857142857143,0.7956759006411748,1
2013-04-09,29.610000610351562,28.491994254064203,0.4135714939662388,0.8240630912166899,1
2013-04-10,30.280000686645508,28.491994254064203,0.4485714776175363,0.842709572898733,1
2013-04-11,28.940000534057617,28.491994254064203,0.5371428898402623,0.8054166095346468,1
2013-04-12,28.790000915527344,28.494959494476774,0.5457143783569336,0.8012420351753281,1
2013-04-15,28.690000534057617,28.494959494476774,0.5514285223824638,0.7984589679082514,1
2013-04-16,28.969999313354492,28.494959494476774,0.5671427590506417,0.8062514925569547,1
2013-04-17,28.829999923706055,28.494959494476774,0.5721427372523716,0.802355230232603,1
2013-04-18,28.790000915527344,28.494959494476774,0.5778570175170898,0.8012420351753281,1
2013-04-19,29.770000457763672,28.507646469235848,0.6599998474121094,0.8285159776109754,1
2013-04-22,30.829999923706055,28.507646469235848,0.737142699105399,0.8580163632437655,1
2013-04-23,30.600000381469727,28.507646469235848,0.744999885559082,0.8516153456873041,1
2013-04-24,31.760000228881836,28.507646469235848,0.8149998528616769,0.8838987985871709,1
2013-04-25,31.940000534057617,28.507646469235848,0.8599997929164341,0.8889083090513904,1
2013-04-26,31.790000915527344,28.54030671248253,0.8792854036603656,0.8847337346920718,1
2013-04-29,32.61000061035156,28.54030671248253,0.8564282826014927,0.9075547907334336,1
2013-04-30,33.099998474121094,28.54030671248253,0.8585713250296456,0.9211917088686642,1
2013-05-01,32.720001220703125,28.54030671248253,0.7835712432861328,0.9106161700354772,1
2013-05-02,33.15999984741211,28.54030671248253,0.8135711124965123,0.922861581078466,1
2013-05-03,33.4900016784668,28.589557408661477,0.8114282063075474,0.9320457189845971,1
2013-05-06,33.75,28.589557408661477,0.8264282771519252,0.9392816195633664,1
2013-05-07,33.310001373291016,28.589557408661477,0.8342853273664202,0.9270362085203776,1
2013-05-08,32.9900016784668,28.589557408661477,0.8471424920218331,0.9181304357318065,1
2013-05-09,32.65999984741211,28.589557408661477,0.7728568485804966,0.9089462978256755,1
2013-05-10,32.689998626708984,28.630357818791303,0.700714111328125,0.9097811808479834,1
2013-05-13,33.029998779296875,28.630357818791303,0.700714111328125,0.9192435777064885,1
2013-05-14,33.529998779296875,28.630357818791303,0.6585712432861328,0.933158860959279,1
2013-05-15,33.849998474121094,28.630357818791303,0.5992856706891742,0.9420646337478502,1
2013-05-16,34.08000183105469,28.630357818791303,0.6042859213692802,0.9484657574694975,1
2013-05-17,34.869998931884766,28.692443800016115,0.5957142966134208,0.9704518243233653,1
2013-05-20,35.08000183105469,28.692443800016115,0.5664283207484654,0.9762963239750787,1
2013-05-21,34.849998474121094,28.692443800016115,0.5699996948242188,0.9698952002534313,1
2013-05-22,34.61000061035156,28.692443800016115,0.5492853437151227,0.9632159237445961,1
2013-05-23,34.150001525878906,28.692443800016115,0.5685710906982422,0.9504138886316733,1
2013-05-24,34.27000045776367,28.747941876212607,0.5485709054129464,0.9537535268860909,1
2013-05-28,35.02000045776367,28.747941876212607,0.5742852347237724,0.9746264517652768,1
2013-05-29,34.880001068115234,28.747941876212607,0.5592853001185826,0.9707301894409253,1
2013-05-30,35.029998779296875,28.747941876212607,0.5614280700683594,0.9749047107176508,1
2013-05-31,34.900001525878906,28.809156400089883,0.5678563799176898,0.9712868135108592,1
2013-06-03,35.59000015258789,28.809156400089883,0.5878562927246094,0.9904898661802433,1
2013-06-04,34.9900016784668,28.809156400089883,0.604999269757952,0.9737915687429689,1
2013-06-05,34.779998779296875,28.809156400089883,0.6114278520856585,0.9679470690912556,1
2013-06-06,34.959999084472656,28.809156400089883,0.6128561837332589,0.9729565795554751,1
2013-06-07,35.66999816894531,28.877423482367053,0.6149992261614118,0.9927162562947931,1
2013-06-10,35.470001220703125,28.877423482367053,0.6228564126150948,0.9871502279258256,1
2013-06-11,34.84000015258789,28.877423482367053,0.6399993896484375,0.9696169413010574,1
2013-06-12,35.0,28.877423482367053,0.6357138497488839,0.974069827695343,1
2013-06-13,34.720001220703125,28.877423482367053,0.6157139369419643,0.9662773030466397,1
2013-06-14,34.400001525878906,28.93237450767563,0.6221427917480469,0.9573715302580686,1
2013-06-17,35.0,28.93237450767563,0.6114283970424107,0.974069827695343,1
2013-06-18,34.97999954223633,28.93237450767563,0.5985709599086216,0.973513203625409,1
2013-06-19,34.59000015258789,28.93237450767563,0.6028567722865513,0.9626592996746621,1
2013-06-20,33.4900016784668,28.93237450767563,0.6549998692103794,0.9320457189845971,1
2013-06-21,33.27000045776367,28.975534964890436,0.6464285169328962,0.9259229603805097,1
2013-06-24,33.720001220703125,28.975534964890436,0.6935713631766183,0.9384467365410585,1
2013-06-25,33.66999816894531,28.975534964890436,0.7192856924874442,0.9370551232836307,1
2013-06-26,34.349998474121094,28.975534964890436,0.7328572954450335,0.9559799170006408,1
2013-06-27,34.619998931884766,28.975534964890436,0.7050001961844308,0.9634941826969701,1
2013-06-28,34.540000915527344,29.030902785294785,0.6992860521589007,0.9612677925824202,1
2013-07-01,34.36000061035156,29.030902785294785,0.6900002615792411,0.9562582821182007,1
2013-07-02,33.939998626708984,29.030902785294785,0.7171429225376674,0.9445693889799599,1
2013-07-03,34.0099983215332,29.030902785294785,0.7414286477225167,0.9465175201421357,1
2013-07-05,34.209999084472656,29.08243608180402,0.7549999782017299,0.9520836546762892,1
2013-07-08,34.33000183105469,29.08243608180402,0.7442858559744698,0.9554233990958928,1
2013-07-09,34.349998474121094,29.08243608180402,0.7578574589320591,0.9559799170006408,1
2013-07-10,34.70000076293945,29.08243608180402,0.7571432931082589,0.9657206789767058,1
2013-07-11,35.689998626708984,29.08243608180402,0.7464288984026227,0.993272880364727,1
2013-07-12,35.66999816894531,29.147983963268114,0.7300003596714565,0.9927162562947931,1
2013-07-15,36.16999816894531,29.147983963268114,0.6592859540666852,1.0066315395475838,1
2013-07-16,36.27000045776367,29.147983963268114,0.6271430424281529,1.0094146598972533,1
2013-07-17,35.7400016784668,29.147983963268114,0.6335713522774833,0.9946644936221549,1
2013-07-18,35.439998626708984,29.147983963268114,0.6507140568324498,0.9863152387383317,1
2013-07-19,31.399999618530273,29.170392079240873,0.9342853001185826,0.8738797776587319,1
2013-07-22,32.0099983215332,29.170392079240873,0.9307137898036412,0.8908563871309733,1
2013-07-23,31.81999969482422,29.170392079240873,0.8964283806937081,0.8855686177143798,1
2013-07-24,31.959999084472656,29.170392079240873,0.8678568431309291,0.8894648800387314,1
2013-07-25,31.389999389648438,29.170392079240873,0.8714282172066825,0.873601465623765,1
2013-07-26,31.6200008392334,29.194766295758214,0.857142584664481,0.8800025362628193,1
2013-07-29,31.540000915527344,29.194766295758214,0.8399998801095145,0.8777760930656765,1
2013-07-30,31.850000381469727,29.194766295758214,0.8464281899588448,0.8864035538192807,1
2013-07-31,31.84000015258789,29.194766295758214,0.7942853655133929,0.8861252417843137,1
2013-08-01,31.670000076293945,29.194766295758214,0.7971424375261579,0.8813940433550612,1
2013-08-02,31.889999389648438,29.221584535498415,0.7749996185302734,0.8875167488765556,1
2013-08-05,31.700000762939453,29.221584535498415,0.7671424320765904,0.882228979459962,1
2013-08-06,31.579999923706055,29.221584535498415,0.7257141385759626,0.8788892881229514,1
2013-08-07,32.060001373291016,29.221584535498415,0.7385713032313755,0.8922480003884011,1
2013-08-08,32.88999938964844,29.221584535498415,0.49571432386125835,0.9153473153821368,1
2013-08-09,32.70000076293945,29.25619564223912,0.4828572954450335,0.9100595459655433,1
2013-08-12,32.869998931884766,29.25619564223912,0.49571446010044645,0.9147906913122029,1
2013-08-13,32.22999954223633,29.25619564223912,0.5164288112095424,0.8969791457350607,1
2013-08-14,32.349998474121094,29.25619564223912,0.5842860085623605,0.9003187839894783,1
2013-08-15,31.790000915527344,29.25619564223912,0.6628571919032505,0.8847337346920718,1
2013-08-16,31.799999237060547,29.281507120794558,0.6707142421177456,0.8850119936444458,1
2013-08-19,31.389999389648438,29.281507120794558,0.6714286804199219,0.873601465623765,1
2013-08-20,31.6200008392334,29.281507120794558,0.6850000108991351,0.8800025362628193,1
2013-08-21,31.610000610351562,29.281507120794558,0.6835712705339704,0.8797242242278523,1
2013-08-22,32.38999938964844,29.281507120794558,0.7228570665631976,0.9014320321293462,1
2013-08-23,34.75,29.335919985264265,0.8978571210588727,0.9671121860689477,1
2013-08-26,34.150001525878906,29.335919985264265,0.9264285223824638,0.9504138886316733,1
2013-08-27,33.2599983215332,29.335919985264265,0.9371429170880999,0.9256445952629498,1
2013-08-28,33.02000045776367,29.335919985264265,0.9071427753993443,0.9189653187541145,1
2013-08-29,33.54999923706055,29.335919985264265,0.9335712705339704,0.933715485029213,1
2013-08-30,33.400001525878906,29.376358607558938,0.9299996239798409,0.9295409637524874,1
2013-09-03,31.8799991607666,29.376358607558938,1.0335711070469447,0.8872384368415887,1
2013-09-04,31.200000762939453,29.376358607558938,0.9699995858328683,0.8683136962071715,1
2013-09-05,31.229999542236328,29.376358607558938,0.8971425465175084,0.8691485792294794,1
2013-09-06,31.149999618530273,29.394006776822337,0.8921425683157784,0.8669221360323366,1
2013-09-09,31.65999984741211,29.394006776822337,0.8957140786307198,0.8811157313200942,1
2013-09-10,32.38999938964844,29.394006776822337,0.9107142857142857,0.9014320321293462,1
2013-09-11,32.7400016784668,29.394006776822337,0.9157145363943917,0.9111727941054112,1
2013-09-12,32.689998626708984,29.394006776822337,0.8664286477225167,0.9097811808479834,1
2013-09-13,33.029998779296875,29.430185801722583,0.705714362008231,0.9192435777064885,1
2013-09-16,32.79999923706055,29.430185801722583,0.7092857360839844,0.9128425601500271,1
2013-09-17,32.93000030517578,29.430185801722583,0.6857144492013114,0.9164605635220047,1
2013-09-18,33.31999969482422,29.430185801722583,0.6835716792515346,0.9273144674727516,1
2013-09-19,33.63999938964844,29.430185801722583,0.6521432059151786,0.9362202402613228,1
2013-09-20,32.790000915527344,29.463616797879844,0.6871433258056641,0.9125643011976531,1
2013-09-23,32.7400016784668,29.463616797879844,0.5700005122593471,0.9111727941054112,1
2013-09-24,32.45000076293945,29.463616797879844,0.5664290019444057,0.903101904339148,1
2013-09-25,32.5099983215332,29.463616797879844,0.5600002833775112,0.9047716703837638,1
2013-09-26,32.77000045776367,29.463616797879844,0.5764289583478656,0.9120076771277191,1
2013-09-27,33.27000045776367,29.501491262157295,0.6007145472935268,0.9259229603805097,1
2013-09-30,33.279998779296875,29.501491262157295,0.5914287567138672,0.9262012193328837,1
2013-10-01,33.58000183105469,29.501491262157295,0.5764288221086774,0.9345504742167069,1
2013-10-02,33.91999816894531,29.501491262157295,0.6157144818987165,0.944012764910026,1
2013-10-03,33.86000061035156,29.501491262157295,0.617143086024693,0.9423429988654101,1
2013-10-04,33.880001068115234,29.54505852390812,0.5885718209402901,0.942899622935344,1
2013-10-07,33.29999923706055,29.54505852390812,0.5892859867640904,0.9267578434028176,1
2013-10-08,33.0099983215332,29.54505852390812,0.5864290509905133,0.9186869536365545,1
2013-10-09,33.06999969482422,29.54505852390812,0.5885718209402901,0.9203568258463564,1
2013-10-10,33.7599983215332,29.54505852390812,0.5792860303606305,0.9395598785157404,1
2013-10-11,34.130001068115234,29.590679842755957,0.5785715920584542,0.9498572645617394,1
2013-10-14,34.45000076293945,29.590679842755957,0.5785718645368304,0.9587630373503104,1
2013-10-15,34.4900016784668,29.590679842755957,0.5885720934186663,0.9598762854901783,1
2013-10-16,34.63999938964844,29.590679842755957,0.5828576769147601,0.9640508067669039,1
2013-10-17,34.91999816894531,29.590679842755957,0.5571436200823102,0.9718433314156072,1
2013-10-18,34.959999084472656,29.64410590486259,0.5607149941580636,0.9729565795554751,1
2013-10-21,34.9900016784668,29.64410590486259,0.5578577859061105,0.9737915687429689,1
2013-10-22,34.58000183105469,29.64410590486259,0.5464292253766742,0.9623810407222881,1
2013-10-23,33.7599983215332,29.64410590486259,0.5700007847377232,0.9395598785157404,1
2013-10-24,33.720001220703125,29.64410590486259,0.5814290727887835,0.9384467365410585,1
2013-10-25,35.72999954223633,29.70466206045835,0.7164290291922433,0.994386128504595,1
2013-10-28,35.56999969482422,29.70466206045835,0.7114287785121373,0.9899332421103094,1
2013-10-29,35.52000045776367,29.70466206045835,0.7164290291922433,0.9885417350180675,1
2013-10-30,35.540000915527344,29.70466206045835,0.6835719517299107,0.9890983590880015,1
2013-10-31,35.40999984741211,29.70466206045835,0.6757147652762276,0.9854803557160238,1
2013-11-01,35.529998779296875,29.76262560989953,0.6457146235874721,0.9888199939704415,1
2013-11-04,35.939998626708984,29.76262560989953,0.6392860412597656,1.0002305219911223,1
2013-11-05,36.63999938964844,29.76262560989953,0.6771430969238281,1.0197119397780665,1
2013-11-06,38.18000030517578,29.76262560989953,0.7457144601004464,1.0625710376763062,1
2013-11-07,37.5,29.76262560989953,0.7521430424281529,1.043646243959296,1
2013-11-08,37.779998779296875,29.842400467306472,0.762857164655413,1.0514387686079993,1
2013-11-11,37.59000015258789,29.842400467306472,0.7521430424281529,1.0461509991914058,1
2013-11-12,37.36000061035156,29.842400467306472,0.7157140459333148,1.0397499816349445,1
2013-11-13,38.15999984741211,29.842400467306472,0.7678568703787667,1.0620144136063723,1
2013-11-14,38.02000045776367,29.842400467306472,0.6157139369419643,1.0581181512820206,1
2013-11-15,37.84000015258789,29.921978573627683,0.6042853764125279,1.053108640817801,1
2013-11-18,37.20000076293945,29.921978573627683,0.6264280591692243,1.0352970952406588,1
2013-11-19,36.7400016784668,29.921978573627683,0.6407138279506138,1.022495060127736,1
2013-11-20,37.08000183105469,29.921978573627683,0.6635709490094867,1.031957456986241,1
2013-11-21,37.400001525878906,29.921978573627683,0.6742850712367466,1.0408632297748124,1
2013-11-22,37.56999969482422,29.998078286276407,0.6671420506068638,1.0455943751214718,1
2013-11-25,37.63999938964844,29.998078286276407,0.6271422249930245,1.0475425062836476,1
2013-11-26,37.349998474121094,29.998078286276407,0.5357137407575335,1.0394716165173845,1
2013-11-27,37.599998474121094,29.998078286276407,0.5114280155726841,1.0464292581437797,1
2013-11-29,38.130001068115234,30.078992940822065,0.5292854309082031,1.0611795305840643,1
2013-12-02,38.45000076293945,30.078992940822065,0.549999509538923,1.0700853033726354,1
2013-12-03,38.310001373291016,30.078992940822065,0.5507139478410993,1.0661890410482837,1
2013-12-04,38.939998626708984,30.078992940822065,0.5221426827566964,1.0837222215078661,1
2013-12-05,38.0,30.078992940822065,0.6164283752441406,1.0575615272120866,1
2013-12-06,38.36000061035156,30.161391027086044,0.6349996839250837,1.0675805481405256,1
2013-12-09,38.709999084472656,30.161391027086044,0.6164281027657645,1.0773212039514046,1
2013-12-10,38.11000061035156,30.161391027086044,0.6392852238246373,1.0606229065141304,1
2013-12-11,37.61000061035156,30.161391027086044,0.6564282008579799,1.0467076232613397,1
2013-12-12,37.220001220703125,30.161391027086044,0.6571426391601562,1.0358537193105928,1
2013-12-13,36.689998626708984,30.226352296734035,0.6914285932268415,1.0211034468703082,1
2013-12-16,36.88999938964844,30.226352296734035,0.6971427372523716,1.0266695814044617,1
2013-12-17,36.52000045776367,30.226352296734035,0.7314281463623047,1.0163723015236488,1
2013-12-18,36.58000183105469,30.226352296734035,0.7785709926060268,1.0180421737334506,1
2013-12-19,36.25,30.226352296734035,0.7649993896484375,1.0088580358273196,1
2013-12-20,36.79999923706055,30.291761719025843,0.7664282662527901,1.024164826172352,1
2013-12-23,36.619998931884766,30.291761719025843,0.7614282880510602,1.0191553157081326,1
2013-12-24,37.08000183105469,30.291761719025843,0.7392853328159877,1.031957456986241,1
2013-12-26,37.439998626708984,30.291761719025843,0.6428568703787667,1.0419763717494943,1
2013-12-27,37.290000915527344,30.361395939886556,0.6349999564034599,1.0378018504727686,1
2013-12-30,37.290000915527344,30.361395939886556,0.632857186453683,1.0378018504727686,1
2013-12-31,37.40999984741211,30.361395939886556,0.5957142966134208,1.0411414887271864,1
2014-01-02,37.15999984741211,30.361395939886556,0.5528572627476284,1.034183847100791,1
2014-01-03,36.90999984741211,30.426556177772383,0.5642860957554409,1.0272262054743957,1
2014-01-06,36.130001068115234,30.426556177772383,0.562143053327288,1.0055183975729018,1
2014-01-07,36.40999984741211,30.426556177772383,0.5550003051757812,1.013310922221605,1
2014-01-08,35.7599983215332,30.426556177772383,0.5585716792515346,0.9952210115269029,1
2014-01-09,35.529998779296875,30.426556177772383,0.5185715811593192,0.9888199939704415,1
2014-01-10,36.040000915527344,30.482411349292335,0.5271432059151786,1.003013642340792,1
2014-01-13,34.97999954223633,30.482411349292335,0.5607144492013114,0.973513203625409,1
2014-01-14,35.779998779296875,30.482411349292335,0.6257144383021763,0.9957776355968369,1
2014-01-15,36.7599983215332,30.482411349292335,0.6585717882428851,1.023051578032484,1
2014-01-16,36.88999938964844,30.482411349292335,0.6785717010498047,1.0266695814044617,1
2014-01-17,36.380001068115234,30.541093834056742,0.6992857796805245,1.012476039199297,1
2014-01-21,36.16999816894531,30.541093834056742,0.7192856924874442,1.0066315395475838,1
2014-01-22,35.93000030517578,30.541093834056742,0.7342856270926339,0.9999522630387484,1
2014-01-23,36.060001373291016,30.541093834056742,0.7557141440255302,1.003570266410726,1
2014-01-24,36.810001373291016,30.60347102350186,0.8178566523960659,1.024443191289912,1
2014-01-27,36.029998779296875,30.60347102350186,0.8257138388497489,1.002735277223232,1
2014-01-28,36.27000045776367,30.60347102350186,0.8457137516566685,1.0094146598972533,1
2014-01-29,36.65999984741211,30.60347102350186,0.8564281463623047,1.0202685638480002,1
2014-01-30,36.86000061035156,30.60347102350186,0.8664283752441406,1.0258346983821538,1
2014-01-31,37.84000015258789,30.675476288467895,0.9171423230852399,1.053108640817801,1
2014-02-03,36.47999954223633,30.675476288467895,0.9421424865722656,1.0152590533837809,1
2014-02-04,36.349998474121094,30.675476288467895,0.919999531337193,1.0116410500118032,1
2014-02-05,35.81999969482422,30.675476288467895,0.8957138061523438,0.9968908837367046,1
2014-02-06,36.18000030517578,30.675476288467895,0.8864282880510602,1.0069099046651437,1
2014-02-07,36.560001373291016,30.734028776874098,0.875,1.0174855496635167,1
2014-02-10,36.79999923706055,30.734028776874098,0.8571428571428571,1.024164826172352,1
2014-02-11,37.16999816894531,30.734028776874098,0.8492856706891742,1.034462106053165,1
2014-02-12,37.470001220703125,30.734028776874098,0.8364285060337612,1.042811360936988,1
2014-02-13,37.61000061035156,30.734028776874098,0.7678571428571429,1.0467076232613397,1
2014-02-14,37.619998931884766,30.802545892844353,0.7349997929164341,1.0469858822137137,1
2014-02-18,37.41999816894531,30.802545892844353,0.7157140459333148,1.0414197476795604,1
2014-02-19,37.5099983215332,30.802545892844353,0.6842855725969587,1.04392450291167,1
2014-02-20,37.75,30.802545892844353,0.6714281354631696,1.0506038855856914,1
2014-02-21,37.97999954223633,30.873963342092036,0.6192853110177177,1.0570049031421527,1
2014-02-24,37.689998626708984,30.873963342092036,0.5392851148332868,1.0489340133758895,1
2014-02-25,37.540000915527344,30.873963342092036,0.5078566414969308,1.0447594920991639,1
2014-02-26,37.470001220703125,30.873963342092036,0.49928528921944754,1.042811360936988,1
2014-02-27,37.86000061035156,30.873963342092036,0.5064280373709542,1.053665264887735,1
2014-02-28,38.310001373291016,30.947953770263172,0.5107135772705078,1.0661890410482837,1
2014-03-03,37.779998779296875,30.947953770263172,0.5328565325055804,1.0514387686079993,1
2014-03-04,38.40999984741211,30.947953770263172,0.549999509538923,1.0689720552327675,1
2014-03-05,38.11000061035156,30.947953770263172,0.5535708836146763,1.0606229065141304,1
2014-03-06,38.150001525878906,30.947953770263172,0.5407139914376395,1.0617361546539983,1
2014-03-07,37.900001525878906,31.017128374796663,0.5564286368233817,1.0547785130276028,1
2014-03-10,37.81999969482422,31.017128374796663,0.5507142203194755,1.0525520167478672,1
2014-03-11,38.02000045776367,31.017128374796663,0.5485711778913226,1.0581181512820206,1
2014-03-12,38.27000045776367,31.017128374796663,0.5607141767229352,1.0650757929084158,1
2014-03-13,37.88999938964844,31.017128374796663,0.5757143838065011,1.0545001479100429,1
2014-03-14,37.70000076293945,31.08362461746475,0.5892859867640904,1.0492123784934495,1
2014-03-17,38.04999923706055,31.08362461746475,0.6042859213692802,1.0589530343043285,1
2014-03-18,39.54999923706055,31.08362461746475,0.6971430097307477,1.1006988840627003,1
2014-03-19,39.27000045776367,31.08362461746475,0.6957144056047712,1.0929063594139972,1
2014-03-20,40.33000183105469,31.08362461746475,0.7507144383021763,1.1224067981293802,1
2014-03-21,40.15999984741211,31.17393680880751,0.7585716247558594,1.1176755466175345,1
2014-03-24,40.5,31.17393680880751,0.7642857687813895,1.1271379434760398,1
2014-03-25,40.34000015258789,31.17393680880751,0.8035717010498047,1.1226850570817541,1
2014-03-26,39.790000915527344,31.17393680880751,0.8578572954450335,1.1073782667367216,1
2014-03-27,39.36000061035156,31.17393680880751,0.8550000871930804,1.095411114646107,1
2014-03-28,40.29999923706055,31.264743400133412,0.9257144927978516,1.1215718089418862,1
2014-03-31,40.9900016784668,31.264743400133412,0.9750003814697266,1.1407749677764563,1
2014-04-01,41.41999816894531,31.264743400133412,0.9721431732177734,1.1527420137018851,1
2014-04-02,41.349998474121094,31.264743400133412,0.9492860521589007,1.1507938825397093,1
2014-04-03,41.0099983215332,31.264743400133412,0.9500002179827008,1.1413314856812042,1
2014-04-04,39.869998931884766,31.35036783328517,1.0242859976632255,1.1096046568512714,1
2014-04-07,39.79999923706055,31.35036783328517,0.9300000326974052,1.1076565256890956,1
2014-04-08,39.81999969482422,31.35036783328517,0.9364286150251117,1.1082131497590295,1
2014-04-09,40.470001220703125,31.35036783328517,0.887857164655413,1.1263030604537319,1
2014-04-10,39.36000061035156,31.35036783328517,0.9357141767229352,1.095411114646107,1
2014-04-11,39.209999084472656,31.42857311936664,0.9364286150251117,1.0912364872041953,1
2014-04-14,39.18000030517578,31.42857311936664,0.8992854527064732,1.0904016041818874,1
2014-04-15,39.75,31.42857311936664,0.8849996839250837,1.1062650185968539,1
2014-04-16,40.400001525878906,31.42857311936664,0.8878566196986607,1.124354929291556,1
2014-04-17,40.0099983215332,31.42857311936664,0.8599997929164341,1.113500919175623,1
2014-04-21,39.939998626708984,31.513960434811086,0.7999997820172992,1.1115527880134473,1
2014-04-22,39.9900016784668,31.513960434811086,0.7792854309082031,1.1129444012708751,1
2014-04-23,39.689998626708984,31.513960434811086,0.7814282008579799,1.104595146387052,1
2014-04-24,39.86000061035156,31.513960434811086,0.7835712432861328,1.1093263978988974,1
2014-04-25,39.90999984741211,31.597503115533485,0.7249998365129743,1.1107179049911393,1
2014-04-28,40.869998931884766,31.597503115533485,0.7857142857142857,1.1374352233568528,1
2014-04-29,40.5099983215332,31.597503115533485,0.7907142639160156,1.1274162024284138,1
2014-04-30,40.400001525878906,31.597503115533485,0.762857164655413,1.124354929291556,1
2014-05-01,40.0,31.597503115533485,0.6807144709995815,1.1132226602232491,1
2014-05-02,39.689998626708984,31.678025458928268,0.6728572845458984,1.104595146387052,1
2014-05-05,39.43000030517578,31.678025458928268,0.6642859322684151,1.0973592458082826,1
2014-05-06,39.060001373291016,31.678025458928268,0.6335716247558594,1.0870619659274696,1
2014-05-07,39.41999816894531,31.678025458928268,0.6571431841169085,1.0970808806907226,1
2014-05-08,39.63999938964844,31.678025458928268,0.6600001198904855,1.1032036392948101,1
2014-05-09,39.540000915527344,31.756254070436714,0.6685714721679688,1.1004206251103263,1
2014-05-12,39.970001220703125,31.756254070436714,0.6807144709995815,1.1123877772009412,1
2014-05-13,40.41999816894531,31.756254070436714,0.6900002615792411,1.124911447196304,1
2014-05-14,40.2400016784668,31.756254070436714,0.6707145145961216,1.1199020428972704,1
2014-05-15,39.599998474121094,31.756254070436714,0.6678575788225446,1.1020903911549422,1
2014-05-16,39.83000183105469,31.836589869049828,0.6100003378731864,1.1084915148765895,1
2014-05-19,39.75,31.836589869049828,0.5792863028390067,1.1062650185968539,1
2014-05-20,39.68000030517578,31.836589869049828,0.5892862592424665,1.104316887434678,1
2014-05-21,40.349998474121094,31.836589869049828,0.6050003596714565,1.1229633160341281,1
2014-05-22,40.099998474121094,31.836589869049828,0.5921431950160435,1.116005674407733,1
2014-05-23,40.119998931884766,31.919011849774556,0.590714590890067,1.1165622984776669,1
2014-05-27,40.189998626708984,31.919011849774556,0.5885715484619141,1.1185104296398425,1
2014-05-28,40.0099983215332,31.919011849774556,0.5435714721679688,1.113500919175623,1
2014-05-29,40.34000015258789,31.919011849774556,0.5085713522774833,1.1226850570817541,1
2014-05-30,40.939998626708984,32.00877291223162,0.5257143293108258,1.1393833545190284,1
2014-06-02,40.790000915527344,32.00877291223162,0.520714351109096,1.135208833242303,1
2014-06-03,40.290000915527344,32.00877291223162,0.512857164655413,1.1212935499895123,1
2014-06-04,40.31999969482422,32.00877291223162,0.5207140786307198,1.1221284330118202,1
2014-06-05,41.209999084472656,32.00877291223162,0.5235710144042969,1.1468976202153578,1
2014-06-06,41.47999954223633,32.103013973226695,0.5149996621268136,1.154411885911687,1
2014-06-09,41.27000045776367,32.103013973226695,0.521427971976144,1.1485674924251597,1
2014-06-10,41.11000061035156,32.103013973226695,0.5164279937744141,1.144114606030874,1
2014-06-11,40.86000061035156,32.103013973226695,0.49285670689174105,1.1371569644044788,1
2014-06-12,40.58000183105469,32.103013973226695,0.49928528921944754,1.1293644397557754,1
2014-06-13,41.22999954223633,32.19382975003276,0.5435709272112165,1.1474542442852917,1
2014-06-16,41.5,32.19382975003276,0.5521425519670758,1.154968509981621,1
2014-06-17,41.68000030517578,32.19382975003276,0.6378568921770368,1.1599780204458405,1
2014-06-18,41.650001525878906,32.19382975003276,0.6464285169328962,1.1591431374235326,1
2014-06-19,41.5099983215332,32.19382975003276,0.6264283316476005,1.155246768933995,1
2014-06-20,41.68000030517578,32.28821950680035,0.6292855398995536,1.1599780204458405,1
2014-06-23,41.9900016784668,32.28821950680035,0.6135711669921875,1.1686055342820376,1
2014-06-24,41.75,32.28821950680035,0.6078570229666573,1.1619261516080162,1
2014-06-25,42.029998779296875,32.28821950680035,0.583571297781808,1.1697186762567195,1
2014-06-26,41.720001220703125,32.28821950680035,0.594285420009068,1.1610912685857082,1
2014-06-27,42.25,32.38734170076254,0.617142813546317,1.1758414348608068,1
2014-06-30,41.70000076293945,32.38734170076254,0.6271427699497768,1.1605346445157743,1
2014-07-01,41.869998931884766,32.38734170076254,0.6357143947056362,1.165265789862434,1
2014-07-02,41.900001525878906,32.38734170076254,0.6200002942766462,1.1661007790499278,1
2014-07-03,41.79999923706055,32.38734170076254,0.580000468662807,1.163317658700258,1
2014-07-07,41.9900016784668,32.480999984705804,0.5685719081333706,1.1686055342820376,1
2014-07-08,41.779998779296875,32.480999984705804,0.4842861720493862,1.162761034630324,1
2014-07-09,41.66999816894531,32.480999984705804,0.47714342389787945,1.1596996553282806,1
2014-07-10,41.689998626708984,32.480999984705804,0.5135721479143415,1.1602562793982145,1
2014-07-11,42.09000015258789,32.57661192667478,0.5250007084437779,1.1713885484665212,1
2014-07-14,42.13999938964844,32.57661192667478,0.5314292907714844,1.172780055558763,1
2014-07-15,42.45000076293945,32.57661192667478,0.5321437290736607,1.1814075693949604,1
2014-07-16,44.08000183105469,32.57661192667478,0.6228580474853516,1.2267714225253097,1
2014-07-17,44.529998779296875,32.57661192667478,0.6964293888636998,1.2392950925206725,1
2014-07-18,44.689998626708984,32.697143137620394,0.6828577859061105,1.2437479789149581,1
2014-07-21,44.84000015258789,32.697143137620394,0.7107148851667132,1.2479226063568696,1
2014-07-22,44.83000183105469,32.697143137620394,0.7178576333182198,1.2476443474044956,1
2014-07-23,44.869998931884766,32.697143137620394,0.7507147107805524,1.2487574893791775,1
2014-07-24,44.400001525878906,32.697143137620394,0.7685718536376953,1.2356771953138808,1
2014-07-25,44.5,32.814584499435114,0.765000479561942,1.2384602094983646,1
2014-07-28,43.970001220703125,32.814584499435114,0.7785718100411552,1.2237100432232662,1
2014-07-29,43.88999938964844,32.814584499435114,0.7778573717389788,1.2214835469435303,1
2014-07-30,43.58000183105469,32.814584499435114,0.7678571428571429,1.2128561392725192,1
2014-07-31,43.15999984741211,32.814584499435114,0.7678568703787667,1.2011672461342784,1
2014-08-01,42.86000061035156,32.914538888598464,0.7849998474121094,1.192818097415641,1
2014-08-04,43.369998931884766,32.914538888598464,0.8007139478410993,1.2070116396208057,1
2014-08-05,43.08000183105469,32.914538888598464,0.7128565652029855,1.1989408560197286,1
2014-08-06,42.7400016784668,32.914538888598464,0.6649995531354632,1.1894784591612235,1
2014-08-07,43.22999954223633,32.914538888598464,0.6799994877406529,1.2031153772964542,1
2014-08-08,43.20000076293945,33.01688179282076,0.6421424320765904,1.2022804942741463,1
2014-08-11,43.20000076293945,33.01688179282076,0.6328566414969308,1.2022804942741463,1
2014-08-12,43.52000045776367,33.01688179282076,0.6157136644635882,1.2111862670627174,1
2014-08-13,44.08000183105469,33.01688179282076,0.6142850603376117,1.2267714225253097,1
2014-08-14,44.27000045776367,33.01688179282076,0.6178564344133649,1.2320591919419033,1
2014-08-15,44.790000915527344,33.134027256728295,0.6214280809674945,1.2465310992646277,1
2014-08-18,45.11000061035156,33.134027256728295,0.6199994768415179,1.255436872053199,1
2014-08-19,45.33000183105469,33.134027256728295,0.5985709599086216,1.2615596306572863,1
2014-08-20,44.95000076293945,33.134027256728295,0.5907140459333148,1.2509839856589133,1
2014-08-21,45.220001220703125,33.134027256728295,0.5742852347237724,1.2584982513552425,1
2014-08-22,45.150001525878906,33.25358918975467,0.5557139260428292,1.2565501201930669,1
2014-08-25,45.16999816894531,33.25358918975467,0.539285387311663,1.2571066380978149,1
2014-08-26,45.0099983215332,33.25358918975467,0.5035713740757534,1.2526537517035292,1
2014-08-27,44.869998931884766,33.25358918975467,0.4642857142857143,1.2487574893791775,1
2014-08-28,44.880001068115234,33.25358918975467,0.4614285060337612,1.2490358544967375,1
2014-08-29,45.43000030517578,33.3747475093111,0.4721426282610212,1.26434264484177,1
2014-09-02,45.09000015258789,33.3747475093111,0.4735712323869978,1.254880247983265,1
2014-09-03,44.959999084472656,33.3747475093111,0.4678570883614676,1.2512622446112873,1
2014-09-04,45.2599983215332,33.3747475093111,0.47785704476492746,1.2596113933299244,1
2014-09-05,45.90999984741211,33.499476388297175,0.4914283752441406,1.2777013040246268,1
2014-09-08,46.470001220703125,33.499476388297175,0.5242854527064732,1.293286459487219,1
2014-09-09,46.7599983215332,33.499476388297175,0.5271429334368024,1.3013572430882963,1
2014-09-10,46.84000015258789,33.499476388297175,0.5385714939662388,1.303583739368032,1
2014-09-11,47.0,33.499476388297175,0.5464286804199219,1.3080366257623177,1
2014-09-12,46.70000076293945,33.630824889537394,0.5478572845458984,1.2996874770436806,1
2014-09-15,46.2400016784668,33.630824889537394,0.5628574916294643,1.2868854419307578,1
2014-09-16,46.7599983215332,33.630824889537394,0.5735713413783482,1.3013572430882963,1
2014-09-17,46.52000045776367,33.630824889537394,0.5935712541852679,1.294677966579461,1
2014-09-18,46.68000030517578,33.630824889537394,0.593571526663644,1.2991308529737466,1
2014-09-19,47.52000045776367,33.76902564146004,0.6214288984026227,1.3225085330850421,1
2014-09-22,47.060001373291016,33.76902564146004,0.6164289202008929,1.3097064979721196,1
2014-09-23,46.560001373291016,33.76902564146004,0.617143086024693,1.295791214719329,1
2014-09-24,47.08000183105469,33.76902564146004,0.6328574589320591,1.3102631220420535,1
2014-09-25,46.040000915527344,33.76902564146004,0.6500004359654018,1.2813193073966043,1
2014-09-26,46.40999984741211,33.894806479330214,0.647857666015625,1.2916165872774172,1
2014-09-29,46.439998626708984,33.894806479330214,0.6657148088727679,1.2924514702997252,1
2014-09-30,46.36000061035156,33.894806479330214,0.6521434783935547,1.2902250801851753,1
2014-10-01,45.900001525878906,33.894806479330214,0.6628578730991909,1.2774230450722528,1
2014-10-02,45.7599983215332,33.894806479330214,0.6657148088727679,1.2735266765827151,1
2014-10-03,46.09000015258789,34.016151690009394,0.671428952898298,1.2827108144888462,1
2014-10-06,46.09000015258789,34.016151690009394,0.6550006866455078,1.2827108144888462,1
2014-10-07,45.529998779296875,34.016151690009394,0.6650009155273438,1.2671256590262538,1
2014-10-08,46.779998779296875,34.016151690009394,0.749286379132952,1.3019138671582302,1
2014-10-09,45.849998474121094,34.016151690009394,0.7557146889822823,1.276031431814825,1
2014-10-10,44.029998779296875,34.11579195955454,0.872143064226423,1.225379809267882,1
2014-10-13,43.650001525878906,34.11579195955454,0.9064287458147321,1.2148042704346949,1
2014-10-14,43.72999954223633,34.11579195955454,0.9100001198904855,1.2170306605492447,1
2014-10-15,43.220001220703125,34.11579195955454,0.9507143838065011,1.2028371183440802,1
2014-10-16,42.7400016784668,34.11579195955454,0.9607143402099609,1.1894784591612235,1
2014-10-17,43.630001068115234,34.210460706903405,0.9892853328159877,1.214247646364761,1
2014-10-20,44.08000183105469,34.210460706903405,1.0507136753627233,1.2267714225253097,1
2014-10-21,44.880001068115234,34.210460706903405,1.066427775791713,1.2490358544967375,1
2014-10-22,44.380001068115234,34.210460706903405,1.0935707092285156,1.235120571243947,1
2014-10-23,45.02000045776367,34.210460706903405,1.1207136426653181,1.2529321168210892,1
2014-10-24,46.130001068115234,34.329063098557256,1.2278564998081751,1.283824062628714,1
2014-10-27,45.90999984741211,34.329063098557256,1.2099993569510323,1.2777013040246268,1
2014-10-28,46.4900016784668,34.329063098557256,1.151427950177874,1.293843083557153,1
2014-10-29,46.619998931884766,34.329063098557256,1.1014281681605749,1.2974609807639448,1
2014-10-30,46.04999923706055,34.329063098557256,1.0071424756731306,1.2815975663489783,1
2014-10-31,46.95000076293945,34.454644567854594,0.9964283534458706,1.3066451186700758,1
2014-11-03,47.439998626708984,34.454644567854594,0.9899997711181641,1.3202820368053065,1
2014-11-04,47.56999969482422,34.454644567854594,0.9078568049839565,1.323900040177284,1
2014-11-05,47.86000061035156,34.454644567854594,0.8821427481515067,1.3319709299435474,1
2014-11-06,48.70000076293945,34.454644567854594,0.8728572300502232,1.3553486100548429,1
2014-11-07,48.68000030517578,34.59619039608665,0.822857175554548,1.354791985984909,1
2014-11-10,48.88999938964844,34.59619039608665,0.8014289311000279,1.3606363794714365,1
2014-11-11,48.869998931884766,34.59619039608665,0.7628574371337891,1.3600797554015025,1
2014-11-12,48.779998779296875,34.59619039608665,0.7150001525878906,1.3575750001693927,1
2014-11-13,49.61000061035156,34.59619039608665,0.6478573935372489,1.3806744213283144,1
2014-11-14,49.58000183105469,34.74528304718086,0.6650000980922154,1.3798395383060065,1
2014-11-17,49.459999084472656,34.74528304718086,0.653571537562779,1.376499793886403,1
2014-11-18,48.7400016784668,34.74528304718086,0.682142802647182,1.3564618581947108,1
2014-11-19,48.220001220703125,34.74528304718086,0.6800000326974052,1.3419899508719864,1
2014-11-20,48.70000076293945,34.74528304718086,0.6735714503696987,1.3553486100548429,1
2014-11-21,47.97999954223633,34.876971768524704,0.7271428789411273,1.335310568197965,1
2014-11-24,47.59000015258789,34.876971768524704,0.7364286695207868,1.324456664247218,1
2014-11-25,47.470001220703125,34.876971768524704,0.7278570447649274,1.3211170259928005,1
2014-11-26,47.75,34.876971768524704,0.7021429879324776,1.3289095506415036,1
2014-11-28,47.810001373291016,35.005658630263675,0.6992860521589007,1.3305794228513055,1
2014-12-01,48.619998931884766,35.005658630263675,0.7328572954450335,1.3531221137751073,1
2014-12-02,48.459999084472656,35.005658630263675,0.7721429552350726,1.3486692273808216,1
2014-12-03,48.08000183105469,35.005658630263675,0.7928573063441685,1.3380936885476347,1
2014-12-04,48.84000015258789,35.005658630263675,0.7957142421177456,1.3592448723791946,1
2014-12-05,48.41999816894531,35.13913464557394,0.7907142639160156,1.3475559792409537,1
2014-12-08,47.70000076293945,35.13913464557394,0.8192855290004185,1.3275180435492617,1
2014-12-09,47.59000015258789,35.13913464557394,0.8271427154541016,1.324456664247218,1
2014-12-10,46.900001525878906,35.13913464557394,0.8371426718575614,1.305253611577834,1
2014-12-11,47.16999816894531,35.13913464557394,0.8535712105887276,1.3127677711089771,1
2014-12-12,46.95000076293945,35.25665570146813,0.8235713413783482,1.3066451186700758,1
2014-12-15,46.66999816894531,35.25665570146813,0.8599997929164341,1.2988524878561867,1
2014-12-16,45.15999984741211,35.25665570146813,0.932856695992606,1.2568283791454409,1
2014-12-17,45.7400016784668,35.25665570146813,0.9571421486990792,1.2729701586779671,1
2014-12-18,47.52000045776367,35.25665570146813,1.042142050606864,1.3225085330850421,1
2014-12-19,47.65999984741211,35.38007206112926,1.032142094203404,1.3264047954093938,1
2014-12-22,47.97999954223633,35.38007206112926,1.0042849949428014,1.335310568197965,1
2014-12-23,48.45000076293945,35.38007206112926,1.013570785522461,1.3483909684284476,1
2014-12-24,48.13999938964844,35.38007206112926,0.9835706438337054,1.3397634545922505,1
2014-12-26,47.880001068115234,35.50444946418385,0.9835706438337054,1.3325275540134813,1
2014-12-29,47.45000076293945,35.50444946418385,0.958571025303432,1.3205604019228665,1
2014-12-30,47.02000045776367,35.50444946418385,0.9521424429757255,1.3085932498322517,1
2014-12-31,46.45000076293945,35.50444946418385,0.9542852129255023,1.2927298354172851,1
2015-01-02,46.7599983215332,35.616444975202256,0.9478563581194196,1.3013572430882963,1
2015-01-05,46.33000183105469,35.616444975202256,0.9085704258510044,1.2893901971628674,1
2015-01-06,45.650001525878906,35.616444975202256,0.9149990081787109,1.2704654034458573,1
2015-01-07,46.22999954223633,35.616444975202256,0.8742847442626953,1.2866070768131979,1
2015-01-08,47.59000015258789,35.616444975202256,0.9078562600272042,1.324456664247218,1
2015-01-09,47.189998626708984,35.7316047130282,0.8464276450020927,1.313324395178911,1
2015-01-12,46.599998474121094,35.7316047130282,0.8642847878592355,1.2969043566940108,1
2015-01-13,46.36000061035156,35.7316047130282,0.9635704585484096,1.2902250801851753,1
2015-01-14,45.959999084472656,35.7316047130282,0.9578563145228794,1.2790928111168687,1
2015-01-15,45.47999954223633,35.7316047130282,0.9871422903878349,1.265734151934012,1
2015-01-16,46.2400016784668,35.83616587686341,1.024285180228097,1.2868854419307578,1
2015-01-20,46.38999938964844,35.83616587686341,1.0571422576904297,1.2910599632074833,1
2015-01-21,45.91999816894531,35.83616587686341,1.0664280482700892,1.2779795629770008,1
2015-01-22,47.130001068115234,35.83616587686341,1.0828568594796317,1.3116546291342952,1
2015-01-23,47.18000030517578,35.949039851274485,1.0557141985212053,1.313046136226537,1
2015-01-26,47.0099983215332,35.949039851274485,1.086428506033761,1.3083148847146917,1
2015-01-27,42.65999984741211,35.949039851274485,1.3499998365129744,1.1872519628814877,1
2015-01-28,41.189998626708984,35.949039851274485,1.3971429552350725,1.1463409961454238,1
2015-01-29,42.0099983215332,35.949039851274485,1.3835713522774833,1.1691620521867856,1
2015-01-30,40.400001525878906,35.993328027141196,1.4364286150251115,1.124354929291556,1
2015-02-02,41.279998779296875,35.993328027141196,1.4335714067731584,1.1488457513775336,1
2015-02-03,41.599998474121094,35.993328027141196,1.36428587777274,1.1577515241661047,1
2015-02-04,41.84000015258789,35.993328027141196,1.3721427917480469,1.164430906840126,1
2015-02-05,42.45000076293945,35.993328027141196,1.3599997929164342,1.1814075693949604,1
2015-02-06,42.40999984741211,36.05717550793991,1.3264282771519251,1.1802943212550925,1
2015-02-09,42.36000061035156,36.05717550793991,1.287142617361886,1.1789028141628506,1
2015-02-10,42.599998474121094,36.05717550793991,1.2642854963030135,1.1855820906716859,1
2015-02-11,42.380001068115234,36.05717550793991,1.208571297781808,1.1794594382327845,1
2015-02-12,43.09000015258789,36.05717550793991,1.2171426500592912,1.1992191149721025,1
2015-02-13,43.869998931884766,36.13491504449657,1.2057140895298548,1.2209269228735964,1
2015-02-17,43.58000183105469,36.13491504449657,0.9135714939662388,1.2128561392725192,1
2015-02-18,43.529998779296875,36.13491504449657,0.8192858014787946,1.2114645260150914,1
2015-02-19,43.5,36.13491504449657,0.7585716247558594,1.2106296429927834,1
2015-02-20,43.86000061035156,36.21178156753991,0.682143075125558,1.2206486639212224,1
2015-02-23,44.150001525878906,36.21178156753991,0.6392857687813895,1.2287195536874855,1
2015-02-24,44.09000015258789,36.21178156753991,0.6035714830671038,1.2270496814776837,1
2015-02-25,43.9900016784668,36.21178156753991,0.5635716574532645,1.2242666672932,1
2015-02-26,44.060001373291016,36.21178156753991,0.530714579990932,1.2262147984553757,1
2015-02-27,43.849998474121094,36.28778372581435,0.5235718318394252,1.2203702988036624,1
2015-03-02,43.880001068115234,36.28778372581435,0.5314287458147321,1.2212052879911564,1
2015-03-03,43.279998779296875,36.28778372581435,0.5457145145961216,1.204506884388696,1
2015-03-04,43.060001373291016,36.28778372581435,0.5428570338657924,1.1983842319497946,1
2015-03-05,43.11000061035156,36.28778372581435,0.5221429552350726,1.1997757390420365,1
2015-03-06,42.36000061035156,36.348203794317214,0.5350001198904855,1.1789028141628506,1
2015-03-09,42.849998474121094,36.348203794317214,0.5442859104701451,1.1925397322980813,1
2015-03-10,42.029998779296875,36.348203794317214,0.580714362008231,1.1697186762567195,1
2015-03-11,41.97999954223633,36.348203794317214,0.5842857360839844,1.1683271691644777,1
2015-03-12,41.02000045776367,36.348203794317214,0.6221427917480469,1.1416098507987642,1
2015-03-13,41.380001068115234,36.398271428882374,0.6450001852852958,1.1516288717272032,1
2015-03-16,41.560001373291016,36.398271428882374,0.6435715811593192,1.1566383821914228,1
2015-03-17,41.70000076293945,36.398271428882374,0.6714286804199219,1.1605346445157743,1
2015-03-18,42.5,36.398271428882374,0.7542858123779297,1.182799076487202,1
2015-03-19,42.290000915527344,36.398271428882374,0.742142813546317,1.1769546830006747,1
2015-03-20,42.880001068115234,36.462766251163295,0.7457141876220703,1.193374721485575,1
2015-03-23,42.86000061035156,36.462766251163295,0.7142857142857143,1.192818097415641,1
2015-03-24,42.900001525878906,36.462766251163295,0.7157143184116909,1.193931345555509,1
2015-03-25,41.459999084472656,36.462766251163295,0.7921428680419922,1.153855261841753,1
2015-03-26,41.209999084472656,36.462766251163295,0.7728573935372489,1.1468976202153578,1
2015-03-27,40.970001220703125,36.50761436031295,0.7485713958740234,1.1402183437065223,1
2015-03-30,40.959999084472656,36.50761436031295,0.7350000653948102,1.1399399785889623,1
2015-03-31,40.65999984741211,36.50761436031295,0.7321428571428571,1.1315908298703252,1
2015-04-01,40.720001220703125,36.50761436031295,0.6842855725969587,1.133260702080127,1
2015-04-02,40.290000915527344,36.50761436031295,0.6671428680419922,1.1212935499895123,1
2015-04-06,41.54999923706055,36.54525004742951,0.7557141440255302,1.1563600170738628,1
2015-04-07,41.529998779296875,36.54525004742951,0.7499997275216239,1.1558033930039289,1
2015-04-08,41.41999816894531,36.54525004742951,0.6892852783203125,1.1527420137018851,1
2015-04-09,41.47999954223633,36.54525004742951,0.6892852783203125,1.154411885911687,1
2015-04-10,41.720001220703125,36.59674010885512,0.6785711560930524,1.1610912685857082,1
2015-04-13,41.7599983215332,36.59674010885512,0.7014282771519252,1.1622044105603901,1
2015-04-14,41.650001525878906,36.59674010885512,0.7171426500592913,1.1591431374235326,1
2015-04-15,42.2599983215332,36.59674010885512,0.6685709272112165,1.1761196938131808,1
2015-04-16,42.15999984741211,36.59674010885512,0.6564279283796038,1.173336679628697,1
2015-04-17,41.619998931884766,36.64672278371114,0.6849994659423828,1.1583081482360387,1
2015-04-20,42.90999984741211,36.64672278371114,0.750713620867048,1.194209604507883,1
2015-04-21,42.63999938964844,36.64672278371114,0.7599996839250837,1.1866953388115538,1
2015-04-22,42.9900016784668,36.64672278371114,0.7692857469831195,1.1964361007876188,1
2015-04-23,43.34000015258789,36.64672278371114,0.7828570774623326,1.2061767565984978,1
2015-04-24,47.869998931884766,36.75839717324521,1.0114285605294364,1.3322491888959214,1
2015-04-27,48.029998779296875,36.75839717324521,1.033571515764509,1.3367020752902068,1
2015-04-28,49.15999984741211,36.75839717324521,1.0950001307896204,1.3681506451677656,1
2015-04-29,49.060001373291016,36.75839717324521,1.1264288766043526,1.3653676309832818,1
2015-04-30,48.63999938964844,36.75839717324521,1.1550004141671317,1.3536787378450412,1
2015-05-01,48.65999984741211,36.876821080450846,1.1414288112095423,1.3542353619149752,1
2015-05-04,48.2400016784668,36.876821080450846,1.1450001852852958,1.3425465749419203,1
2015-05-05,47.599998474121094,36.876821080450846,1.1535718100411552,1.324734923199592,1
2015-05-06,46.279998779296875,36.876821080450846,1.2414289202008928,1.2879985839054398,1
2015-05-07,46.70000076293945,36.876821080450846,1.236428941999163,1.2996874770436806,1
2015-05-08,47.75,36.98501191547124,1.2171431950160436,1.3289095506415036,1
2015-05-11,47.369998931884766,36.98501191547124,1.2114287785121374,1.3183339056431307,1
2015-05-12,47.349998474121094,36.98501191547124,1.260000228881836,1.3177772815731967,1
2015-05-13,47.630001068115234,36.98501191547124,1.2714287894112724,1.3255699123870859,1
2015-05-14,48.720001220703125,36.98501191547124,1.0135716029575892,1.3559052341247768,1
2015-05-15,48.29999923706055,37.09759885399452,1.010000228881836,1.3442163409865362,1
2015-05-18,48.0099983215332,37.09759885399452,0.9514288221086774,1.3361454512202728,1
2015-05-19,47.58000183105469,37.09759885399452,0.9528571537562779,1.324178405294844,1
2015-05-20,47.58000183105469,37.09759885399452,0.9328569684709821,1.324178405294844,1
2015-05-21,47.41999816894531,37.09759885399452,0.9407141549246651,1.3197254127353726,1
2015-05-22,46.900001525878906,37.195135198988396,0.9342855725969587,1.305253611577834,1
2015-05-26,46.59000015258789,37.195135198988396,0.9185714721679688,1.2966260977416368,1
2015-05-27,47.61000061035156,37.195135198988396,0.8778572082519531,1.325013288317152,1
2015-05-28,47.45000076293945,37.195135198988396,0.856428691319057,1.3205604019228665,1
2015-05-29,46.86000061035156,37.29130301402684,0.8350001743861607,1.304140363437966,1
2015-06-01,47.22999954223633,37.29130301402684,0.8785716465541294,1.314437643318779,1
2015-06-02,46.91999816894531,37.29130301402684,0.8407143184116909,1.305810129482582,1
2015-06-03,46.849998474121094,37.29130301402684,0.8371429443359375,1.303861998320406,1
2015-06-04,46.36000061035156,37.29130301402684,0.8207144056047712,1.2902250801851753,1
2015-06-05,46.13999938964844,37.37934974413253,0.8078572409493583,1.284102321581088,1
2015-06-08,45.72999954223633,37.37934974413253,0.8128574916294643,1.2726917935604072,1
2015-06-09,45.650001525878906,37.37934974413253,0.7878576006208148,1.2704654034458573,1
2015-06-10,46.61000061035156,37.37934974413253,0.825000490461077,1.2971827218115708,1
2015-06-11,46.439998626708984,37.37934974413253,0.8392859867640904,1.2924514702997252,1
2015-06-12,45.970001220703125,37.464828863302394,0.8371432168143136,1.2793711762344284,1
2015-06-15,45.47999954223633,37.464828863302394,0.8542859213692802,1.265734151934012,1
2015-06-16,45.83000183105469,37.464828863302394,0.8371432168143136,1.275474913910077,1
2015-06-17,45.970001220703125,37.464828863302394,0.8428573608398438,1.2793711762344284,1
2015-06-18,46.720001220703125,37.464828863302394,0.8321429661342076,1.3002441011136145,1
2015-06-19,46.099998474121094,37.550750948982184,0.8100000108991351,1.2829890734412202,1
2015-06-22,46.22999954223633,37.550750948982184,0.8021430969238281,1.2866070768131979,1
2015-06-23,45.90999984741211,37.550750948982184,0.7835715157645089,1.2777013040246268,1
2015-06-24,45.63999938964844,37.550750948982184,0.7650002070835659,1.2701870383282974,1
2015-06-25,45.650001525878906,37.550750948982184,0.7564288548060826,1.2704654034458573,1
2015-06-26,45.2599983215332,37.6274598780623,0.791428702218192,1.2596113933299244,1
2015-06-29,44.369998931884766,37.6274598780623,0.8214285714285714,1.234842206126387,1
2015-06-30,44.150001525878906,37.6274598780623,0.7928573063441685,1.2287195536874855,1
2015-07-01,44.45000076293945,37.6274598780623,0.817143304007394,1.2370687024061227,1
2015-07-02,44.400001525878906,37.6274598780623,0.8257146562848773,1.2356771953138808,1
2015-07-06,44.38999938964844,37.69484835216993,0.7957145145961216,1.235398830196321,1
2015-07-07,44.29999923706055,37.69484835216993,0.812143053327288,1.2328940749642112,1
2015-07-08,44.2400016784668,37.69484835216993,0.8235718863351005,1.2312243089195953,1
2015-07-09,44.52000045776367,37.69484835216993,0.8342862810407367,1.2390168335682985,1
2015-07-10,44.61000061035156,37.76365583732596,0.8185719081333706,1.2415215888004083,1
2015-07-13,45.540000915527344,37.76365583732596,0.8464287349155971,1.2674040241438138,1
2015-07-14,45.619998931884766,37.76365583732596,0.8457142966134208,1.2696304142583634,1
2015-07-15,45.7599983215332,37.76365583732596,0.8285713195800781,1.2735266765827151,1
2015-07-16,46.65999984741211,37.76365583732596,0.8549998147147042,1.2985742289038127,1
2015-07-17,46.619998931884766,37.85177865418725,0.8028569902692523,1.2974609807639448,1
2015-07-20,46.91999816894531,37.85177865418725,0.7878573281424386,1.305810129482582,1
2015-07-21,47.279998779296875,37.85177865418725,0.7928573063441685,1.3158291504110209,1
2015-07-22,45.540000915527344,37.85177865418725,0.8607142312186105,1.2674040241438138,1
2015-07-23,46.11000061035156,37.85177865418725,0.8921429770333427,1.2832674385587801,1
2015-07-24,45.939998626708984,37.93225845490886,0.8914288112095424,1.2785361870469347,1
2015-07-27,45.349998474121094,37.93225845490886,0.862142835344587,1.2621161485620342,1
2015-07-28,45.34000015258789,37.93225845490886,0.8607139587402344,1.2618378896096603,1
2015-07-29,46.290000915527344,37.93225845490886,0.8992854527064732,1.2882769490229997,1
2015-07-30,46.880001068115234,37.93225845490886,0.9599999019077846,1.3046969875079,1
2015-07-31,46.70000076293945,38.01949967190419,0.9499999455043248,1.2996874770436806,1
2015-08-03,46.810001373291016,38.01949967190419,0.942857197352818,1.3027488563457241,1
2015-08-04,47.540000915527344,38.01949967190419,0.9835714612688337,1.323065157154976,1
2015-08-05,47.58000183105469,38.01949967190419,0.979285648890904,1.324178405294844,1
2015-08-06,46.619998931884766,38.01949967190419,1.0449998038155692,1.2974609807639448,1
2015-08-07,46.7400016784668,38.1062708361486,1.0328568049839564,1.3008007251835483,1
2015-08-10,47.33000183105469,38.1062708361486,1.0257137843540736,1.3172207636684488,1
2015-08-11,46.40999984741211,38.1062708361486,0.9792853764125279,1.2916165872774172,1
2015-08-12,46.7400016784668,38.1062708361486,0.9835711887904576,1.3008007251835483,1
2015-08-13,46.72999954223633,38.1062708361486,0.989999498639788,1.3005223600659885,1
2015-08-14,47.0,38.19476565369936,0.977142333984375,1.3080366257623177,1
2015-08-17,47.31999969482422,38.19476565369936,0.9792853764125279,1.3169423985508888,1
2015-08-18,47.27000045776367,38.19476565369936,0.9228567395891462,1.315550891458647,1
2015-08-19,46.61000061035156,38.19476565369936,0.8871424538748605,1.2971827218115708,1
2015-08-20,45.65999984741211,38.19476565369936,0.8928568703787667,1.2707436623982313,1
2015-08-21,43.06999969482422,38.243275445153344,1.0385712214878626,1.1986624909021686,1
2015-08-24,41.68000030517578,38.243275445153344,1.2042854854038783,1.1599780204458405,1
2015-08-25,40.470001220703125,38.243275445153344,1.3457142966134208,1.1263030604537319,1
2015-08-26,42.709999084472656,38.243275445153344,1.4121428898402624,1.1886434699737296,1
2015-08-27,43.900001525878906,38.243275445153344,1.463571548461914,1.2217619120610903,1
2015-08-28,43.93000030517578,38.299859772118744,1.4642859867640905,1.2225967950833982,1
2015-08-31,43.52000045776367,38.299859772118744,1.421428952898298,1.2111862670627174,1
2015-09-01,41.81999969482422,38.299859772118744,1.4692859649658203,1.163874282770192,1
2015-09-02,43.36000061035156,38.299859772118744,1.5371434347970145,1.2067333806684317,1
2015-09-03,43.5,38.299859772118744,1.545715059552874,1.2106296429927834,1
2015-09-04,42.61000061035156,38.3427467456335,1.5757149287632533,1.1858604557892458,1
2015-09-08,43.88999938964844,38.3427467456335,1.6228577750069755,1.2214835469435303,1
2015-09-09,43.06999969482422,38.3427467456335,1.6600006648472376,1.1986624909021686,1
2015-09-10,43.290000915527344,38.3427467456335,1.6664292471749442,1.2047852495062559,1
2015-09-11,43.47999954223633,38.39386368888328,1.5278579166957311,1.2100730189228495,1
2015-09-14,43.040000915527344,38.39386368888328,1.332857949393136,1.1978276078798606,1
2015-09-15,43.97999954223633,38.39386368888328,1.2185720716203963,1.2239883021756401,1
2015-09-16,44.29999923706055,38.39386368888328,1.087857927594866,1.2328940749642112,1
2015-09-17,44.25,38.39386368888328,1.0650005340576172,1.2315025678719693,1
2015-09-18,43.47999954223633,38.44447200583207,1.0764288221086775,1.2100730189228495,1
2015-09-21,44.11000061035156,38.44447200583207,1.087857382638114,1.2276063055476176,1
2015-09-22,43.900001525878906,38.44447200583207,1.0121429988316126,1.2217619120610903,1
2015-09-23,43.869998931884766,38.44447200583207,0.947857175554548,1.2209269228735964,1
2015-09-24,43.90999984741211,38.44447200583207,0.9592857360839844,1.2220401710134643,1
2015-09-25,43.939998626708984,38.49915386275622,0.9357144492013114,1.2228750540357722,1
2015-09-28,43.290000915527344,38.49915386275622,0.8992859976632255,1.2047852495062559,1
2015-09-29,43.439998626708984,38.49915386275622,0.8300001961844308,1.2089597707829816,1
2015-09-30,44.2599983215332,38.49915386275622,0.8171430315290179,1.2317808268243433,1
2015-10-01,44.61000061035156,38.49915386275622,0.8421429225376674,1.2415215888004083,1
2015-10-02,45.56999969482422,38.56951053770218,0.9157145363943917,1.2682389071661218,1
2015-10-05,46.630001068115234,38.56951053770218,0.9207145145961216,1.2977393458815047,1
2015-10-06,46.75,38.56951053770218,0.9507143838065011,1.3010789841359223,1
2015-10-07,46.79999923706055,38.56951053770218,0.9850000653948102,1.3024704912281642,1
2015-10-08,47.45000076293945,38.56951053770218,0.992143086024693,1.3205604019228665,1
2015-10-09,47.11000061035156,38.65449053842506,0.965714590890067,1.3110980050643615,1
2015-10-12,47.0,38.65449053842506,0.9521432604108538,1.3080366257623177,1
2015-10-13,46.88999938964844,38.65449053842506,0.9457146780831474,1.304975246460274,1
2015-10-14,46.68000030517578,38.65449053842506,0.9250003269740513,1.2991308529737466,1
2015-10-15,47.0099983215332,38.65449053842506,0.8914288112095424,1.3083148847146917,1
2015-10-16,47.5099983215332,38.74260504372962,0.8742858341761998,1.3222301679674824,1
2015-10-19,47.619998931884766,38.74260504372962,0.8985715593610492,1.325291547269526,1
2015-10-20,47.77000045776367,38.74260504372962,0.8935715811593192,1.3294661747114376,1
2015-10-21,47.20000076293945,38.74260504372962,0.8850002288818359,1.313602760296471,1
2015-10-22,48.029998779296875,38.74260504372962,0.9000001634870257,1.3367020752902068,1
2015-10-23,52.869998931884766,38.88317612719385,1.237143107822963,1.4714020214238275,1
2015-10-26,54.25,38.88317612719385,1.2985717228480749,1.5098082329277815,1
2015-10-27,53.689998626708984,38.88317612719385,1.2550002506801061,1.4942230774651892,1
2015-10-28,53.97999954223633,38.88317612719385,1.2621429988316126,1.5022939672314524,1
2015-10-29,53.36000061035156,38.88317612719385,1.2721426827566964,1.485039045724244,1
2015-10-30,52.63999938964844,39.02005994075061,1.3264285496303014,1.465001003867366,1
2015-11-02,53.2400016784668,39.02005994075061,1.338571548461914,1.4816994074698264,1
2015-11-03,54.150001525878906,39.02005994075061,1.4042857033865792,1.5070252187432978,1
2015-11-04,54.400001525878906,39.02005994075061,1.427142824445452,1.5139828603696932,1
2015-11-05,54.380001068115234,39.02005994075061,1.4314286368233817,1.5134262362997593,1
2015-11-06,54.91999816894531,39.178268281329665,1.4428571973528181,1.5284546615272316,1
2015-11-09,54.15999984741211,39.178268281329665,1.4835711887904577,1.5073034776956717,1
2015-11-10,53.5099983215332,39.178268281329665,1.4842853546142578,1.4892135670009696,1
2015-11-11,53.650001525878906,39.178268281329665,1.4042854309082031,1.4931099354905073,1
2015-11-12,53.31999969482422,39.178268281329665,1.0292854309082031,1.4839257975843763,1
2015-11-13,52.84000015258789,39.31420591188945,0.9557140895298549,1.4705671384015195,1
2015-11-16,53.77000045776367,39.31420591188945,0.9742856706891742,1.4964495737449248,1
2015-11-17,52.970001220703125,39.31420591188945,0.9600001743861607,1.474185141773497,1
2015-11-18,53.849998474121094,39.31420591188945,0.9778573172433036,1.4986759638594747,1
2015-11-19,53.939998626708984,39.31420591188945,0.942857197352818,1.5011807190915845,1
2015-11-20,54.189998626708984,39.46222374984786,0.963571275983538,1.5081383607179797,1
2015-11-23,54.189998626708984,39.46222374984786,0.9078570774623326,1.5081383607179797,1
2015-11-24,54.25,39.46222374984786,0.9107140132359096,1.5098082329277815,1
2015-11-25,53.689998626708984,39.46222374984786,0.9007140568324498,1.4942230774651892,1
2015-11-27,53.93000030517578,39.60618172552276,0.8557142530168805,1.5009024601392105,1
2015-11-30,54.349998474121094,39.60618172552276,0.8321429661342076,1.5125912471122653,1
2015-12-01,55.220001220703125,39.60618172552276,0.8350001743861607,1.536803916411055,1
2015-12-02,55.209999084472656,39.60618172552276,0.846428462437221,1.536525551293495,1
2015-12-03,54.20000076293945,39.60618172552276,0.9214284079415458,1.5084167258355397,1
2015-12-04,55.90999984741211,39.76840877151171,1.0171427045549666,1.556006969080439,1
2015-12-07,55.810001373291016,39.76840877151171,0.9907142094203404,1.5532239548959552,1
2015-12-08,55.790000915527344,39.76840877151171,1.0042852674211775,1.5526673308260213,1
2015-12-09,54.97999954223633,39.76840877151171,1.0292854309082031,1.5301245337370335,1
2015-12-10,55.27000045776367,39.76840877151171,1.0149996621268136,1.5381954235032966,1
2015-12-11,54.060001373291016,39.91061367302195,1.0314284733363561,1.5045204635111882,1
2015-12-14,55.13999938964844,39.91061367302195,1.0899998801095145,1.5345774201313191,1
2015-12-15,55.20000076293945,39.91061367302195,1.0864287785121374,1.536247292341121,1
2015-12-16,56.130001068115234,39.91061367302195,1.1528573717389787,1.5621297276845263,1
2015-12-17,55.70000076293945,39.91061367302195,1.2150001525878906,1.5501625755939115,1
2015-12-18,54.130001068115234,40.05210011476417,1.2821431841169084,1.5064685946733638,1
2015-12-21,54.83000183105469,40.05210011476417,1.3028572627476283,1.525950012460308,1
2015-12-22,55.349998474121094,40.05210011476417,1.3085716792515345,1.5404218136178465,1
2015-12-23,55.81999969482422,40.05210011476417,1.2150004250662667,1.5535022138483292,1
2015-12-24,55.66999816894531,40.05210011476417,1.1007145472935267,1.5493275864064178,1
2015-12-28,55.95000076293945,40.207502085452546,1.1214288984026228,1.557120217220307,1
2015-12-29,56.54999923706055,40.207502085452546,1.106428963797433,1.5738185146575812,1
2015-12-30,56.310001373291016,40.207502085452546,1.0442859104701452,1.567139238148746,1
2015-12-31,55.47999954223633,40.207502085452546,1.059286117553711,1.5440398169898242,1
2016-01-04,54.79999923706055,40.359467234276266,1.1185716901506697,1.5251150232728141,1
2016-01-05,55.04999923706055,40.359467234276266,1.070000239780971,1.5320726648992093,1
2016-01-06,54.04999923706055,40.359467234276266,1.1128572736467635,1.5042420983936282,1
2016-01-07,52.16999816894531,40.359467234276266,1.1478571210588728,1.4519206036368835,1
2016-01-08,52.33000183105469,40.478577031259135,1.138571058000837,1.4563735961963549,1
2016-01-11,52.29999923706055,40.478577031259135,1.0971423557826452,1.455538607008861,1
2016-01-12,52.779998779296875,40.478577031259135,1.0842851911272322,1.4688972661917177,1
2016-01-13,51.63999938964844,40.478577031259135,1.2121423993791853,1.4371704373617848,1
2016-01-14,53.11000061035156,40.478577031259135,1.3064278193882533,1.4780814040978487,1
2016-01-15,50.9900016784668,40.58316832128111,1.466427939278739,1.4190806328322685,1
2016-01-19,50.560001373291016,40.58316832128111,1.5128563472202845,1.4071134807416539,1
2016-01-20,50.790000915527344,40.58316832128111,1.6114281245640345,1.4135144982981152,1
2016-01-21,50.47999954223633,40.58316832128111,1.6678570338657923,1.404886984461918,1
2016-01-22,52.290000915527344,40.69965421774127,1.7364283970424108,1.455260348056487,1
2016-01-25,51.790000915527344,40.69965421774127,1.6585712432861328,1.4413450648036963,1
2016-01-26,52.16999816894531,40.69965421774127,1.661428451538086,1.4519206036368835,1
2016-01-27,51.220001220703125,40.69965421774127,1.6449999128069197,1.42548165038873,1
2016-01-28,52.060001373291016,40.69965421774127,1.5742855072021484,1.4488593305000257,1
2016-01-29,55.09000015258789,40.84284173948104,1.7099999019077845,1.5331859130390773,1
2016-02-01,54.709999084472656,40.84284173948104,1.6528570992606026,1.5226102680407043,1
2016-02-02,53.0,40.84284173948104,1.7257142748151506,1.475020024795805,1
2016-02-03,52.15999984741211,40.84284173948104,1.6800000326974052,1.4516423446845095,1
2016-02-04,52.0,40.84284173948104,1.650714601789202,1.4471894582902238,1
2016-02-05,50.15999984741211,40.93554978035598,1.627143042428153,1.395981211673347,1
2016-02-08,49.40999984741211,40.93554978035598,1.6521432059151786,1.375108286794161,1
2016-02-09,49.279998779296875,40.93554978035598,1.6014289855957031,1.3714902834221834,1
2016-02-10,49.709999084472656,40.93554978035598,1.5892859867640905,1.3834574355127982,1
2016-02-11,49.689998626708984,40.93554978035598,1.5714288439069475,1.3829008114428643,1
2016-02-12,50.5,41.03071843925791,1.5707146780831474,1.405443608531852,1
2016-02-16,51.09000015258789,41.03071843925791,1.5757146562848772,1.4218636470167523,1
2016-02-17,52.41999816894531,41.03071843925791,1.611428941999163,1.4588782452632787,1
2016-02-18,52.189998626708984,41.03071843925791,1.6014292580740792,1.4524772277068172,1
2016-02-19,51.81999969482422,41.138074471651606,1.4385722024100167,1.4421799478260042,1
2016-02-22,52.650001525878906,41.138074471651606,1.480715070452009,1.465279368984926,1
2016-02-23,51.18000030517578,41.138074471651606,1.4528582436697823,1.424368402248862,1
2016-02-24,51.36000061035156,41.138074471651606,1.3935723985944475,1.4293779127130817,1
2016-02-25,52.099998474121094,41.138074471651606,1.3971435001918249,1.4499724724747076,1
2016-02-26,51.29999923706055,41.239188150909406,1.3357151576450892,1.4277080405032798,1
2016-02-29,50.880001068115234,41.239188150909406,1.2657151903424944,1.416019253530225,1
2016-03-01,52.58000183105469,41.239188150909406,1.2757148742675781,1.46333123782275,1
2016-03-02,52.95000076293945,41.239188150909406,1.2535719190325056,1.473628517703563,1
2016-03-03,52.349998474121094,41.239188150909406,1.2242862156459264,1.4569301141011028,1
2016-03-04,52.029998779296875,41.346559400943114,1.2064290727887834,1.4480243413125318,1
2016-03-07,51.029998779296875,41.346559400943114,1.2414289202008928,1.4201937748069504,1
2016-03-08,51.650001525878906,41.346559400943114,1.2307147979736328,1.4374488024793448,1
2016-03-09,52.84000015258789,41.346559400943114,1.2557144165039062,1.4705671384015195,1
2016-03-10,52.04999923706055,41.346559400943114,1.3292857578822546,1.4485809653824657,1
2016-03-11,53.06999969482422,41.463210548145916,1.3178571973528181,1.4769681559579808,1
2016-03-14,53.16999816894531,41.463210548145916,1.2671427045549666,1.4797511701424646,1
2016-03-15,53.59000015258789,41.463210548145916,1.2349997929164342,1.4914400632807054,1
2016-03-16,54.349998474121094,41.463210548145916,1.214285441807338,1.5125912471122653,1
2016-03-17,54.65999984741211,41.463210548145916,1.1728567395891463,1.5212187609484624,1
2016-03-18,53.4900016784668,41.582880111631695,1.2107137952532088,1.4886570490962217,1
2016-03-21,53.86000061035156,41.582880111631695,1.1599995749337333,1.4989543289770346,1
2016-03-22,54.06999969482422,41.582880111631695,1.159285409109933,1.5047987224635622,1
2016-03-23,53.970001220703125,41.582880111631695,1.109999520438058,1.5020157082790784,1
2016-03-24,54.209999084472656,41.582880111631695,1.0999995640345983,1.5086949847879136,1
2016-03-28,53.540000915527344,41.70852308648584,1.064999716622489,1.4900485561884635,1
2016-03-29,54.709999084472656,41.70852308648584,1.0564280918666296,1.5226102680407043,1
2016-03-30,55.04999923706055,41.70852308648584,1.037142617361886,1.5320726648992093,1
2016-03-31,55.22999954223633,41.70852308648584,0.9621426718575614,1.537082175363429,1
2016-04-01,55.56999969482422,41.84644822686732,0.963571275983538,1.546544572221934,1
2016-04-04,55.43000030517578,41.84644822686732,0.9421427590506417,1.5426483098975823,1
2016-04-05,54.560001373291016,41.84644822686732,0.9507143838065011,1.5184357467639786,1
2016-04-06,55.119998931884766,41.84644822686732,0.9357147216796875,1.5340207960613852,1
2016-04-07,54.459999084472656,41.84644822686732,0.9278575352260044,1.515652626414309,1
2016-04-08,54.41999816894531,41.97155817653974,0.8878574371337891,1.5145393782744412,1
2016-04-11,54.310001373291016,41.97155817653974,0.877143314906529,1.5114781051375834,1
2016-04-12,54.650001525878906,41.97155817653974,0.8935718536376953,1.5209405019960884,1
2016-04-13,55.349998474121094,41.97155817653974,0.9142859322684151,1.5404218136178465,1
2016-04-14,55.36000061035156,41.97155817653974,0.9078573499407087,1.5407001787354064,1
2016-04-15,55.650001525878906,42.10766209046351,0.8971429552350726,1.5487710685016696,1
2016-04-18,56.459999084472656,42.10766209046351,0.8950001852852958,1.5713137594254714,1
2016-04-19,56.38999938964844,42.10766209046351,0.9064287458147321,1.5693656282632957,1
2016-04-20,55.59000015258789,42.10766209046351,0.9264286586216518,1.547101196291868,1
2016-04-21,55.779998779296875,42.10766209046351,0.9100001198904855,1.5523889657084613,1
2016-04-22,51.779998779296875,42.20390424657131,1.2207142966134208,1.4410666996861365,1
2016-04-25,52.11000061035156,42.20390424657131,1.187142780848912,1.4502508375922676,1
2016-04-26,51.439998626708984,42.20390424657131,1.2064282553536552,1.4316043028276313,1
2016-04-27,50.939998626708984,42.20390424657131,1.2107140677315849,1.4176890195748408,1
2016-04-28,49.900001525878906,42.20390424657131,1.2407139369419642,1.3887453110945776,1
2016-04-29,49.869998931884766,42.28018379567891,1.2442853110177177,1.3879103219070836,1
2016-05-02,50.61000061035156,42.28018379567891,1.2407139369419642,1.4085049878338958,1
2016-05-03,49.779998779296875,42.28018379567891,1.2564285823277064,1.385405566674974,1
2016-05-04,49.869998931884766,42.28018379567891,1.262857164655413,1.3879103219070836,1
2016-05-05,49.939998626708984,42.28018379567891,1.2457144601004464,1.3898584530692595,1
2016-05-06,50.38999938964844,42.360878478205976,1.1992857796805245,1.4023822292298083,1
2016-05-09,50.06999969482422,42.360878478205976,1.163571493966239,1.3934764564412372,1
2016-05-10,51.02000045776367,42.360878478205976,1.1650000980922155,1.4199155158545764,1
2016-05-11,51.04999923706055,42.360878478205976,1.1628570556640625,1.4207503988768844,1
2016-05-12,51.5099983215332,42.360878478205976,0.8685716901506696,1.4335524339898071,1
2016-05-13,51.08000183105469,42.447635924502976,0.8942860194614956,1.4215853880643783,1
2016-05-16,51.83000183105469,42.447635924502976,0.8907146453857422,1.4424583129435642,1
2016-05-17,50.5099983215332,42.447635924502976,0.9278575352260044,1.405721867484226,1
2016-05-18,50.810001373291016,42.447635924502976,0.8892863137381417,1.414071122368049,1
2016-05-19,50.31999969482422,42.447635924502976,0.8957148960658482,1.4004340980676324,1
2016-05-20,50.619998931884766,42.52895296935255,0.8907149178641183,1.4087832467862698,1
2016-05-23,50.029998779296875,42.52895296935255,0.8685719626290458,1.3923632083013693,1
2016-05-24,51.59000015258789,42.52895296935255,0.9457146780831474,1.435778930269543,1
2016-05-25,52.119998931884766,42.52895296935255,0.9692862374441964,1.4505290965446416,1
2016-05-26,51.88999938964844,42.52895296935255,0.9714290073939732,1.44412807898818,1
2016-05-27,52.31999969482422,42.62637631985476,0.9685717991420201,1.456095231078795,1
2016-05-31,53.0,42.62637631985476,0.960714612688337,1.475020024795805,1
2016-06-01,52.849998474121094,42.62637631985476,0.9450005122593471,1.4708453973538935,1
2016-06-02,52.47999954223633,42.62637631985476,0.9535715920584542,1.4605481174730806,1
2016-06-03,51.790000915527344,42.71755666409031,0.9550001961844308,1.4413450648036963,1
2016-06-06,52.130001068115234,42.71755666409031,0.9085715157645089,1.4508074616622015,1
2016-06-07,52.099998474121094,42.71755666409031,0.8485715048653739,1.4499724724747076,1
2016-06-08,52.040000915527344,42.71755666409031,0.8292857578822544,1.4483027064300917,1
2016-06-09,51.619998931884766,42.71755666409031,0.7978570120675224,1.436613813291851,1
2016-06-10,51.47999954223633,42.80474515044002,0.8057139260428292,1.4327175509674992,1
2016-06-13,50.13999938964844,42.80474515044002,0.9285708836146763,1.395424587603413,1
2016-06-14,49.83000183105469,42.80474515044002,0.8492851257324219,1.3867971799324017,1
2016-06-15,49.689998626708984,42.80474515044002,0.815713609967913,1.3829008114428643,1
2016-06-16,50.38999938964844,42.80474515044002,0.8299996512276786,1.4023822292298083,1
2016-06-17,50.130001068115234,42.87763326902385,0.8342854636056083,1.395146328651039,1
2016-06-20,50.06999969482422,42.87763326902385,0.8257143838065011,1.3934764564412372,1
2016-06-21,51.189998626708984,42.87763326902385,0.882857186453683,1.424646661201236,1
2016-06-22,50.9900016784668,42.87763326902385,0.8471429007393974,1.4190806328322685,1
2016-06-23,51.90999984741211,42.87763326902385,0.8607142312186105,1.444684703058114,1
2016-06-24,49.83000183105469,42.94681106566098,0.9914286477225167,1.3867971799324017,1
2016-06-27,48.43000030517578,42.94681106566098,1.0742857796805245,1.3478343443585137,1
2016-06-28,49.439998626708984,42.94681106566098,1.1078572954450334,1.375943169816469,1
2016-06-29,50.540000915527344,42.94681106566098,1.1600003923688615,1.40655685667172,1
2016-06-30,51.16999816894531,42.94681106566098,1.1450004577636719,1.4240900371313021,1
2016-07-01,51.15999984741211,43.028534337121194,1.0185721261160714,1.4238117781789281,1
2016-07-05,51.16999816894531,43.028534337121194,1.0164290836879186,1.4240900371313021,1
2016-07-06,51.380001068115234,43.028534337121194,1.0678577423095703,1.4299345367830156,1
2016-07-07,51.380001068115234,43.028534337121194,1.0378576006208147,1.4299345367830156,1
2016-07-08,52.29999923706055,43.12078771921014,1.0642860957554408,1.455538607008861,1
2016-07-11,52.59000015258789,43.12078771921014,1.0450003487723214,1.463609496775124,1
2016-07-12,53.209999084472656,43.12078771921014,1.0057146889822823,1.4808644182823325,1
2016-07-13,53.5099983215332,43.12078771921014,1.0178576878138952,1.4892135670009696,1
2016-07-14,53.7400016784668,43.12078771921014,0.975715092250279,1.4956146907226169,1
2016-07-15,53.70000076293945,43.226053520640285,0.8614294869559151,1.4945014425827492,1
2016-07-18,53.959999084472656,43.226053520640285,0.7900009155273438,1.5017373431615184,1
2016-07-19,53.09000015258789,43.226053520640285,0.7892864772251674,1.4775247800279148,1
2016-07-20,55.90999984741211,43.226053520640285,0.965714863368443,1.556006969080439,1
2016-07-21,55.79999923706055,43.226053520640285,0.9421435764857701,1.5529455897783953,1
2016-07-22,56.56999969482422,43.35882910446301,0.9564293452671596,1.574375138727515,1
2016-07-25,56.72999954223633,43.35882910446301,0.9521440778459821,1.5788280251218008,1
2016-07-26,56.7599983215332,43.35882910446301,0.925715582711356,1.5796629081441087,1
2016-07-27,56.189998626708984,43.35882910446301,0.9364297049386161,1.5637994937291422,1
2016-07-28,56.209999084472656,43.35882910446301,0.912858145577567,1.5643561177990761,1
2016-07-29,56.68000030517578,43.49137807163429,0.9257150377546038,1.5774365180295589,1
2016-08-01,56.58000183105469,43.49137807163429,0.9114292689732143,1.574653503845075,1
2016-08-02,56.58000183105469,43.49137807163429,0.9050006866455078,1.574653503845075,1
2016-08-03,56.970001220703125,43.49137807163429,0.9150003705705915,1.585507407795822,1
2016-08-04,57.38999938964844,43.49137807163429,0.9192861829485212,1.5971961947688769,1
2016-08-05,57.959999084472656,43.63534444987148,0.921428952898298,1.6130596091838434,1
2016-08-08,58.060001373291016,43.63534444987148,0.8700005667550224,1.615842729533513,1
2016-08-09,58.20000076293945,43.63534444987148,0.6364291054861886,1.6197389918578646,1
2016-08-10,58.02000045776367,43.63534444987148,0.6385718754359654,1.614729481393645,1
2016-08-11,58.29999923706055,43.63534444987148,0.6085717337472099,1.6225220060423484,1
2016-08-12,57.939998626708984,43.7776793173027,0.6228572300502232,1.6125029851139094,1
2016-08-15,58.119998931884766,43.7776793173027,0.6071428571428571,1.6175124955781288,1
2016-08-16,57.439998626708984,43.7776793173027,0.6185714176722935,1.5985877018611188,1
2016-08-17,57.560001373291016,43.7776793173027,0.6042859213692802,1.6019274462807225,1
2016-08-18,57.599998474121094,43.7776793173027,0.5842860085623605,1.6030405882554044,1
2016-08-19,57.619998931884766,43.91541384083088,0.5785715920584542,1.6035972123253381,1
2016-08-22,57.66999816894531,43.91541384083088,0.5714288439069476,1.60498871941758,1
2016-08-23,57.88999938964844,43.91541384083088,0.5635719299316406,1.6111114780216675,1
2016-08-24,57.95000076293945,43.91541384083088,0.525714601789202,1.6127813502314694,1
2016-08-25,58.16999816894531,43.91541384083088,0.5035719190325055,1.6189040026703707,1
2016-08-26,58.029998779296875,44.0558574720594,0.5535719735281808,1.615007740346019,1
2016-08-29,58.099998474121094,44.0558574720594,0.5600005558558873,1.6169558715081949,1
2016-08-30,57.88999938964844,44.0558574720594,0.5657146998814174,1.6111114780216675,1
2016-08-31,57.459999084472656,44.0558574720594,0.5771432604108538,1.5991443259310527,1
2016-09-01,57.59000015258789,44.0558574720594,0.5864290509905133,1.6027623293030304,1
2016-09-02,57.66999816894531,44.19132155859558,0.6014289855957031,1.60498871941758,1
2016-09-06,57.61000061035156,44.19132155859558,0.5828576769147601,1.6033189533729642,1
2016-09-07,57.65999984741211,44.19132155859558,0.5814290727887835,1.604710460465206,1
2016-09-08,57.43000030517578,44.19132155859558,0.5942862374441964,1.5983094429087448,1
2016-09-09,56.209999084472656,44.31091038969884,0.6500007084437779,1.5643561177990761,1
2016-09-12,57.04999923706055,44.31091038969884,0.7292861938476562,1.5877337979103718,1
2016-09-13,56.529998779296875,44.31091038969884,0.7642860412597656,1.5732618905876472,1
2016-09-14,56.2599983215332,44.31091038969884,0.7842862265450614,1.565747624891318,1
2016-09-15,57.189998626708984,44.31091038969884,0.8457145690917969,1.5916300602347235,1
2016-09-16,57.25,44.43965755000035,0.8364287785121373,1.5932999324445252,1
2016-09-19,56.93000030517578,44.43965755000035,0.8600003378731864,1.584394159655954,1
2016-09-20,56.810001373291016,44.43965755000035,0.861428941999163,1.5810545214015364,1
2016-09-21,57.7599983215332,44.43965755000035,0.8935715811593192,1.6074934746496898,1
2016-09-22,57.81999969482422,44.43965755000035,0.862142835344587,1.6091633468594917,1
2016-09-23,57.43000030517578,44.56891469184289,0.8449998583112445,1.5983094429087448,1
2016-09-26,56.900001525878906,44.56891469184289,0.8457140241350446,1.5835592766336462,1
2016-09-27,57.95000076293945,44.56891469184289,0.9135712214878627,1.6127813502314694,1
2016-09-28,58.029998779296875,44.56891469184289,0.8978571210588727,1.615007740346019,1
2016-09-29,57.400001525878906,44.56891469184289,0.8728569575718471,1.5974745598864368,1
2016-09-30,57.599998474121094,44.6985772170397,0.7892856597900391,1.6030405882554044,1
2016-10-03,57.41999816894531,44.6985772170397,0.7564283098493304,1.5980310777911848,1
2016-10-04,57.2400016784668,44.6985772170397,0.758570807320731,1.5930216734921512,1
2016-10-05,57.63999938964844,44.6985772170397,0.7121421269008091,1.604153836395272,1
2016-10-06,57.7400016784668,44.6985772170397,0.690713609967913,1.6069369567449419,1
2016-10-07,57.79999923706055,44.82893962519911,0.6664278847830636,1.6086067227895577,1
2016-10-10,58.040000915527344,44.82893962519911,0.6657137189592633,1.615286105463579,1
2016-10-11,57.189998626708984,44.82893962519911,0.6735711778913226,1.5916300602347235,1
2016-10-12,57.11000061035156,44.82893962519911,0.7092854636056083,1.5894036701201737,1
2016-10-13,56.91999816894531,44.82893962519911,0.7414283752441406,1.5841157945383941,1
2016-10-14,57.41999816894531,44.954223789813504,0.7571430206298828,1.5980310777911848,1
2016-10-17,57.220001220703125,44.954223789813504,0.7007143838065011,1.5924650494222172,1
2016-10-18,57.65999984741211,44.954223789813504,0.7249998365129743,1.604710460465206,1
2016-10-19,57.529998779296875,44.954223789813504,0.687856946672712,1.6010924570932286,1
2016-10-20,57.25,44.954223789813504,0.719285420009068,1.5932999324445252,1
2016-10-21,59.65999984741211,45.10054991973986,0.9092856815883091,1.6603715934763685,1
2016-10-24,61.0,45.10054991973986,0.9600001743861607,1.697664556840455,1
2016-10-25,60.9900016784668,45.10054991973986,0.9492860521589007,1.697386297888081,1
2016-10-26,60.630001068115234,45.10054991973986,0.9600001743861607,1.687367276959642,1
2016-10-27,60.099998474121094,45.10054991973986,0.9728573390415737,1.6726170045193574,1
2016-10-28,59.869998931884766,45.247509611403,0.9978572300502232,1.666215986962896,1
2016-10-31,59.91999816894531,45.247509611403,0.9549999237060547,1.667607494055138,1
2016-11-01,59.79999923706055,45.247509611403,0.947857175554548,1.6642678558007202,1
2016-11-02,59.43000030517578,45.247509611403,0.9228572845458984,1.6539705759199073,1
2016-11-03,59.209999084472656,45.247509611403,0.9021426609584263,1.6478478173158198,1
2016-11-04,58.709999084472656,45.38146473053802,0.914285387311663,1.6339325340630293,1
2016-11-07,60.41999816894531,45.38146473053802,0.9914283752441406,1.6815227773079284,1
2016-11-08,60.470001220703125,45.38146473053802,1.0049997057233537,1.6829143905653563,1
2016-11-09,60.16999816894531,45.38146473053802,1.042142595563616,1.6745651356815332,1
2016-11-10,58.70000076293945,45.38146473053802,1.0178568703787667,1.6336542751106553,1
2016-11-11,59.02000045776367,45.517171553694496,1.0014283316476005,1.6425600478992264,1
2016-11-14,58.119998931884766,45.517171553694496,1.0892857142857142,1.6175124955781288,1
2016-11-15,58.869998931884766,45.517171553694496,1.135000228881836,1.6383854204573147,1
2016-11-16,59.650001525878906,45.517171553694496,1.1428571428571428,1.6600933345239945,1
2016-11-17,60.63999938964844,45.517171553694496,1.1685714721679688,1.687645535912016,1
2016-11-18,60.349998474121094,45.66476187131068,1.1892858232770647,1.6795746461457526,1
2016-11-21,60.86000061035156,45.66476187131068,1.1785717010498047,1.6937682945161032,1
2016-11-22,61.119998931884766,45.66476187131068,1.1657142639160156,1.7010041950948724,1
2016-11-23,60.400001525878906,45.66476187131068,1.189999989100865,1.6809662594031805,1
2016-11-25,60.529998779296875,45.81267467636527,1.164285659790039,1.6845841566099722,1
2016-11-28,60.61000061035156,45.81267467636527,1.0928570883614677,1.686810652889708,1
2016-11-29,61.09000015258789,45.81267467636527,1.111428669520787,1.7001693120725645,1
2016-11-30,60.2599983215332,45.81267467636527,1.0807143620082311,1.677069890913643,1
2016-12-01,59.20000076293945,45.81267467636527,0.9707142966134208,1.6475695583634458,1
2016-12-02,59.25,45.94637940595368,0.9392858232770648,1.6489610654556877,1
2016-12-05,60.220001220703125,45.94637940595368,0.906428473336356,1.675956748938961,1
2016-12-06,59.95000076293945,45.94637940595368,0.8557139805385044,1.6684424832426317,1
2016-12-07,61.369998931884766,45.94637940595368,0.9078570774623326,1.707961836721268,1
2016-12-08,61.0099983215332,45.94637940595368,0.8678572518484933,1.697942815792829,1
2016-12-09,61.970001220703125,46.10581842898601,0.8778574807303292,1.724660240323728,1
2016-12-12,62.16999816894531,46.10581842898601,0.875,1.7302262686926957,1
2016-12-13,62.97999954223633,46.10581842898601,0.932143075125558,1.7527690657816835,1
2016-12-14,62.68000030517578,46.10581842898601,0.9357147216796875,1.744419917063046,1
2016-12-15,62.58000183105469,46.10581842898601,0.967857905796596,1.7416369028785625,1
2016-12-16,62.29999923706055,46.26695455642954,0.9692865099225726,1.7338442720646732,1
2016-12-19,63.619998931884766,46.26695455642954,1.0107152121407645,1.7705806113588256,1
2016-12-20,63.540000915527344,46.26695455642954,0.9971438816615513,1.7683542212442758,1
2016-12-21,63.540000915527344,46.26695455642954,0.9442868913922992,1.7683542212442758,1
2016-12-22,63.54999923706055,46.26695455642954,0.9457152230398995,1.7686324801966498,1
2016-12-23,63.2400016784668,46.43584059744484,0.9035723549979073,1.7600050725256386,1
2016-12-27,63.279998779296875,46.43584059744484,0.9178581237792969,1.7611182145003206,1
2016-12-28,62.9900016784668,46.43584059744484,0.8457151140485492,1.7530474308992434,1
2016-12-29,62.900001525878906,46.43584059744484,0.8264293670654297,1.7505426756671336,1
2016-12-30,62.13999938964844,46.59210088393443,0.8250007629394531,1.7293913856703877,1
2017-01-03,62.58000183105469,46.59210088393443,0.8342865535191127,1.7416369028785625,1
2017-01-04,62.29999923706055,46.59210088393443,0.7900009155273438,1.7338442720646732,1
2017-01-05,62.29999923706055,46.59210088393443,0.7692865644182477,1.7338442720646732,1
2017-01-06,62.84000015258789,46.753771523423524,0.7878578730991909,1.7488728034573318,1
2017-01-09,62.63999938964844,46.753771523423524,0.7671435219900948,1.7433066689231784,1
2017-01-10,62.619998931884766,46.753771523423524,0.7185720716203962,1.7427500448532445,1
2017-01-11,63.189998626708984,46.753771523423524,0.720714841570173,1.7586134592682108,1
2017-01-12,62.61000061035156,46.753771523423524,0.7828576224190849,1.7424717859008705,1
2017-01-13,62.70000076293945,46.9124404710804,0.7707148960658482,1.74497654113298,1
2017-01-17,62.529998779296875,46.9124404710804,0.765000752040318,1.7402452896211347,1
2017-01-18,62.5,46.9124404710804,0.7450008392333984,1.7394104065988267,1
2017-01-19,62.29999923706055,46.9124404710804,0.7600007738385882,1.7338442720646732,1
2017-01-20,62.7400016784668,47.06992864229818,0.7635721479143415,1.746089789272848,1
2017-01-23,62.959999084472656,47.06992864229818,0.7342861720493862,1.7522124417117495,1
2017-01-24,63.52000045776367,47.06992864229818,0.7407150268554688,1.7677975971743418,1
2017-01-25,63.68000030517578,47.06992864229818,0.7421433585030692,1.7722504835686275,1
2017-01-26,64.2699966430664,47.06992864229818,0.7678576878138951,1.7886704158883417,1
2017-01-27,65.77999877929688,47.25609849440762,0.8057152884347099,1.8306946307642735,1
2017-01-30,65.12999725341797,47.25609849440762,0.8378579275948661,1.8126047200695714,1
2017-01-31,64.6500015258789,47.25609849440762,0.8450006757463727,1.7992461670519007,1
2017-02-01,63.58000183105469,47.25609849440762,0.8721436091831752,1.7694674693841437,1
2017-02-02,63.16999816894531,47.25609849440762,0.8278579711914062,1.7580568351982768,1
2017-02-03,63.68000030517578,47.41952040297248,0.8357151576450893,1.7722504835686275,1
2017-02-06,63.63999938964844,47.41952040297248,0.8264293670654297,1.7711372354287596,1
2017-02-07,63.43000030517578,47.41952040297248,0.8242863246372768,1.765292841942232,1
2017-02-08,63.34000015258789,47.41952040297248,0.8107149941580636,1.7627880867101224,1
2017-02-09,64.05999755859375,47.41952040297248,0.8535723005022321,1.7828260224018144,1
2017-02-10,64.0,47.584500299460316,0.837144034249442,1.7811562563571985,1
2017-02-13,64.72000122070312,47.584500299460316,0.8414295741489956,1.8011942982140765,1
2017-02-14,64.56999969482422,47.584500299460316,0.8450014931815011,1.797019670772165,1
2017-02-15,64.52999877929688,47.584500299460316,0.803572518484933,1.7959064226322972,1
2017-02-16,64.5199966430664,47.584500299460316,0.7435716901506696,1.7956280575147372,1
2017-02-17,64.62000274658203,47.75400778649636,0.7007146562848773,1.7984112840295927,1
2017-02-21,64.48999786376953,47.75400778649636,0.6728575570242745,1.7947931744924293,1
2017-02-22,64.36000061035156,47.75400778649636,0.6200000217982701,1.7911752772856375,1
2017-02-23,64.62000274658203,47.75400778649636,0.5992856706891742,1.7984112840295927,1
2017-02-24,64.62000274658203,47.92182863187035,0.601428713117327,1.7984112840295927,1
2017-02-27,64.2300033569336,47.92182863187035,0.6035714830671038,1.7875573800788458,1
2017-02-28,63.97999954223633,47.92182863187035,0.5978576115199498,1.7805996322872646,1
2017-03-01,64.94000244140625,47.92182863187035,0.6278574807303292,1.807317056818164,1
2017-03-02,64.01000213623047,47.92182863187035,0.6235716683523995,1.7814346214747585,1
2017-03-03,64.25,48.08429799871741,0.6478571210588727,1.7881138979835938,1
2017-03-06,64.2699966430664,48.08429799871741,0.6399996621268136,1.7886704158883417,1
2017-03-07,64.4000015258789,48.08429799871741,0.6321419307163784,1.7922885254255054,1
2017-03-08,64.98999786376953,48.08429799871741,0.6621423448835101,1.80870845774522,1
2017-03-09,64.7300033569336,48.08429799871741,0.6564279283796038,1.8014726633316365,1
2017-03-10,64.93000030517578,48.25191692713988,0.6664278847830636,1.807038691700604,1
2017-03-13,64.70999908447266,48.25191692713988,0.674999509538923,1.8009159330965165,1
2017-03-14,64.41000366210938,48.25191692713988,0.6835711342947823,1.7925668905430654,1
2017-03-15,64.75,48.25191692713988,0.6928566523960659,1.8020291812363844,1
2017-03-16,64.63999938964844,48.25191692713988,0.6785706111363002,1.7989678019343407,1
2017-03-17,64.87000274658203,48.417271014895526,0.680713381086077,1.8053689256559882,1
2017-03-20,64.93000030517578,48.417271014895526,0.6799986703055245,1.807038691700604,1
2017-03-21,64.20999908447266,48.417271014895526,0.7057132720947266,1.7870006498437259,1
2017-03-22,65.02999877929688,48.417271014895526,0.7028557913643974,1.8098217058850876,1
2017-03-23,64.87000274658203,48.417271014895526,0.6892844608851841,1.8053689256559882,1
2017-03-24,64.9800033569336,48.58207432178148,0.6849986485072544,1.8084303049580317,1
2017-03-27,65.0999984741211,48.58207432178148,0.7049991062709263,1.8117698370472635,1
2017-03-28,65.29000091552734,48.58207432178148,0.70428466796875,1.817057712629043,1
2017-03-29,65.47000122070312,48.58207432178148,0.6921424865722656,1.8220672230932624,1
2017-03-30,65.70999908447266,48.58207432178148,0.6985713413783482,1.828746499602098,1
2017-03-31,65.86000061035156,48.75399398634437,0.7071429661342076,1.8329211270440093,1
2017-04-03,65.55000305175781,48.75399398634437,0.7207145690917969,1.8242937193729982,1
2017-04-04,65.7300033569336,48.75399398634437,0.710714612688337,1.8293032298372176,1
2017-04-05,65.55999755859375,48.75399398634437,0.7428572518484933,1.8245718721601862,1
2017-04-06,65.7300033569336,48.75399398634437,0.7414283752441406,1.8293032298372176,1
2017-04-07,65.68000030517578,48.92241195966608,0.7457139151436942,1.82791161657979,1
2017-04-10,65.52999877929688,48.92241195966608,0.6807136535644531,1.8237369891378783,1
2017-04-11,65.4800033569336,48.92241195966608,0.6621426173618862,1.8223455882108224,1
2017-04-12,65.2300033569336,48.92241195966608,0.6571426391601562,1.8153879465844271,1
2017-04-13,64.94999694824219,48.92241195966608,0.6728575570242745,1.807595209605352,1
2017-04-17,65.4800033569336,49.08189041726385,0.6492859976632255,1.8223455882108224,1
2017-04-18,65.38999938964844,49.08189041726385,0.6299999782017299,1.8198407268135266,1
2017-04-19,65.04000091552734,49.08189041726385,0.6521426609584263,1.8101000710026476,1
2017-04-20,65.5,49.08189041726385,0.6585709708077567,1.8229021061155704,1
2017-04-21,66.4000015258789,49.25420993078241,0.6949991498674665,1.847949658436668,1
2017-04-24,67.52999877929688,49.25420993078241,0.7314278738839286,1.8793981221490408,1
2017-04-25,67.91999816894531,49.25420993078241,0.7299995422363281,1.8902520260997877,1
2017-04-26,67.83000183105469,49.25420993078241,0.714285169328962,1.8877473770328639,1
2017-04-27,68.2699966430664,49.25420993078241,0.7299995422363281,1.8999926819106667,1
2017-04-28,68.45999908447266,49.44531231042112,0.7964281354631696,1.9052805574924463,1
2017-05-01,69.41000366210938,49.44531231042112,0.8414284842354911,1.9317197230709715,1
2017-05-02,69.30000305175781,49.44531231042112,0.8285713195800781,1.9286583437689278,1
2017-05-03,69.08000183105469,49.44531231042112,0.8478567940848214,1.9225355851648405,1
2017-05-04,68.80999755859375,49.44531231042112,0.8142852783203125,1.9150212133033253,1
2017-05-05,69.0,49.6398863172826,0.8142852783203125,1.9203090888851047,1
2017-05-08,68.94000244140625,49.6398863172826,0.820000239780971,1.9186393228404888,1
2017-05-09,69.04000091552734,49.6398863172826,0.8014286586216518,1.9214223370249726,1
2017-05-10,69.30999755859375,49.6398863172826,0.7964286804199219,1.9289364965561158,1
2017-05-11,68.45999908447266,49.6398863172826,0.7921425955636161,1.9052805574924463,1
2017-05-12,68.37999725341797,49.82635508281629,0.7428567068917411,1.9030540612127105,1
2017-05-15,68.43000030517578,49.82635508281629,0.7714282444545201,1.9044456744701383,1
2017-05-16,69.41000366210938,49.82635508281629,0.8135713849748883,1.9317197230709715,1
2017-05-17,67.4800033569336,49.82635508281629,0.897857666015625,1.8780067212219849,1
2017-05-18,67.70999908447266,49.82635508281629,0.8650005885532924,1.8844076326132602,1
2017-05-19,67.69000244140625,50.00410281772764,0.8350001743861607,1.8838511147085122,1
2017-05-22,68.44999694824219,50.00410281772764,0.8650000435965401,1.9050021923748863,1
2017-05-23,68.68000030517578,50.00410281772764,0.8435717991420201,1.9114033160965336,1
2017-05-24,68.7699966430664,50.00410281772764,0.8428573608398438,1.9139079651634574,1
2017-05-25,69.62000274658203,50.00410281772764,0.8835716247558594,1.9375641165574988,1
2017-05-26,69.95999908447266,50.202668949735056,0.8885716029575893,1.947026407250818,1
2017-05-30,70.41000366210938,50.202668949735056,0.8914293561662946,1.9595502895765526,1
2017-05-31,69.83999633789062,50.202668949735056,0.9121437072753906,1.9436866628312144,1
2017-06-01,70.0999984741211,50.202668949735056,0.9100014822823661,1.9509226695751696,1
2017-06-02,71.76000213623047,50.41716977746138,0.9950016566685268,1.997121511893013,1
2017-06-05,72.27999877929688,50.41716977746138,1.0107154846191406,2.0115933130505517,1
2017-06-06,72.5199966430664,50.41716977746138,0.9442874363490513,2.018272589559387,1
2017-06-07,72.38999938964844,50.41716977746138,0.8614300319126674,2.0146546923525954,1
2017-06-08,71.94999694824219,50.41716977746138,0.8635728018624442,2.0024091751444204,1
2017-06-09,70.31999969482422,50.61520788609186,1.0650018964494978,1.957045428179257,1
2017-06-12,69.77999877929688,50.61520788609186,1.1500020708356584,1.9420168967865985,1
2017-06-13,70.6500015258789,50.61520788609186,1.1978590829031808,1.9662295660853881,1
2017-06-14,70.2699966430664,50.61520788609186,1.2864303588867188,1.9556538149218292,1
2017-06-15,69.9000015258789,50.61520788609186,1.3121441432407923,1.9453566412062022,1
2017-06-16,70.0,50.808091389712835,1.3200007847377233,1.948139655390686,1
2017-06-19,70.87000274658203,50.808091389712835,1.3414290291922433,1.9723523246894754,1
2017-06-20,69.91000366210938,50.808091389712835,1.3464290073939733,1.9456350063237622,1
2017-06-21,70.2699966430664,50.808091389712835,1.3142858232770647,1.9556538149218292,1
2017-06-22,70.26000213623047,50.808091389712835,1.2514283316476005,1.9553756621346412,1
2017-06-23,71.20999908447266,51.01109544637711,1.265714372907366,1.9818146153827945,1
2017-06-26,70.52999877929688,51.01109544637711,1.331427982875279,1.9628898216657844,1
2017-06-27,69.20999908447266,51.01109544637711,1.3692850385393416,1.9261534823716322,1
2017-06-28,69.80000305175781,51.01109544637711,1.3714278084891183,1.9425736270217184,1
2017-06-29,68.48999786376953,51.01109544637711,1.2442850385393416,1.906115440514754,1
2017-06-30,68.93000030517578,51.18939300716118,1.1514276776994978,1.9183609577229288,1
2017-07-03,68.16999816894531,51.18939300716118,1.1899991716657365,1.897209667726183,1
2017-07-05,69.08000183105469,51.18939300716118,1.1614281790597099,1.9225355851648405,1
2017-07-06,68.56999969482422,51.18939300716118,1.125,1.9083419367944898,1
2017-07-07,69.45999908447266,51.37119008255732,1.1578570774623327,1.9331111239980274,1
2017-07-10,69.9800033569336,51.37119008255732,1.1657142639160156,1.9475831374859378,1
2017-07-11,69.98999786376953,51.37119008255732,1.1607142857142858,1.947861290273126,1
2017-07-12,71.1500015258789,51.37119008255732,1.2021429879324776,1.9801448493381788,1
2017-07-13,71.7699966430664,51.37119008255732,1.202857426234654,1.997399664680201,1
2017-07-14,72.77999877929688,51.58421305466418,1.2150001525878906,2.025508596303342,1
2017-07-17,73.3499984741211,51.58421305466418,1.1764286586216517,2.0413720107183084,1
2017-07-18,73.30000305175781,51.58421305466418,1.1321427481515067,2.0399806097912525,1
2017-07-19,73.86000061035156,51.58421305466418,1.1100000653948103,2.0555656590886593,1
2017-07-20,74.22000122070312,51.58421305466418,1.0607141767229353,2.065584680017098,1
2017-07-21,73.79000091552734,51.8051661677076,1.0771429879324776,2.0536175279264834,1
2017-07-24,73.5999984741211,51.8051661677076,1.0114288330078125,2.048329652344704,1
2017-07-25,74.19000244140625,51.8051661677076,0.9785712105887276,2.06474979699479,1
2017-07-26,74.05000305175781,51.8051661677076,0.950714111328125,2.0608535346704384,1
2017-07-27,73.16000366210938,51.8051661677076,1.0099999564034599,2.0360843474669013,1
2017-07-28,73.04000091552734,52.0164580557456,0.989999498639788,2.0327446030472975,1
2017-07-31,72.69999694824219,52.0164580557456,0.9971422467912946,2.0232821000236063,1
2017-08-01,72.58000183105469,52.0164580557456,0.9714279174804688,2.0199425679343745,1
2017-08-02,72.26000213623047,52.0164580557456,0.9892850603376117,2.0110367951458037,1
2017-08-03,72.1500015258789,52.0164580557456,0.9242853437151227,2.00797541584376,1
2017-08-04,72.68000030517578,52.222065441312076,0.9357141767229352,2.0227255821188583,1
2017-08-07,72.4000015258789,52.222065441312076,0.9292858668736049,2.0149330574701554,1
2017-08-08,72.79000091552734,52.222065441312076,0.9750001089913505,2.025786961420902,1
2017-08-09,72.47000122070312,52.222065441312076,0.9549996512276786,2.0168811886323312,1
2017-08-10,71.41000366210938,52.222065441312076,0.9549996512276786,1.987380856082134,1
2017-08-11,72.5,52.423835934433356,1.0092849731445312,2.017716071654639,1
2017-08-14,73.58999633789062,52.423835934433356,1.0385709490094865,2.048051287227144,1
2017-08-15,73.22000122070312,52.423835934433356,1.037142072405134,2.037754113511517,1
2017-08-16,73.6500015258789,52.423835934433356,0.9535707746233258,2.0497212656021317,1
2017-08-17,72.4000015258789,52.423835934433356,1.0035711015973772,2.0149330574701554,1
2017-08-18,72.48999786376953,52.623499237212826,0.9949994768415179,2.017437706537079,1
2017-08-21,72.1500015258789,52.623499237212826,0.984999520438058,2.00797541584376,1
2017-08-22,73.16000366210938,52.623499237212826,0.9814278738839286,2.0360843474669013,1
2017-08-23,72.72000122070312,52.623499237212826,0.9842850821358817,2.0238388302587262,1
2017-08-24,72.69000244140625,52.623499237212826,0.977142333984375,2.0230039472364183,1
2017-08-25,72.81999969482422,52.82445944077115,0.9935706002371651,2.02662184444321,1
2017-08-28,72.83000183105469,52.82445944077115,0.933570316859654,2.02690020956077,1
2017-08-29,73.05000305175781,52.82445944077115,0.9599990844726562,2.0330229681648575,1
2017-08-30,74.01000213623047,52.82445944077115,0.9785701206752232,2.059740286530571,1
2017-08-31,74.7699966430664,52.82445944077115,0.959998539515904,2.080891364196945,1
2017-09-01,73.94000244140625,53.03456434625011,0.9535696847098214,2.057792155368395,1
2017-09-05,73.61000061035156,53.03456434625011,0.9828556605747768,2.048608017462264,1
2017-09-06,73.4000015258789,53.03456434625011,0.9657129560198102,2.0427636239757363,1
2017-09-07,74.33999633789062,53.03456434625011,0.9464269365583148,2.06892421210633,1
2017-09-08,73.9800033569336,53.24297667471462,0.9242847987583706,2.058905403508263,1
2017-09-11,74.76000213623047,53.24297667471462,0.9364275251116071,2.080613211409757,1
2017-09-12,74.68000030517578,53.24297667471462,0.9207131522042411,2.078386715130021,1
2017-09-13,75.20999908447266,53.24297667471462,0.9242842538016183,2.0931368814051194,1
2017-09-14,74.7699966430664,53.24297667471462,0.9371414184570312,2.080891364196945,1
2017-09-15,75.30999755859375,53.4625490218179,0.9692846025739398,2.0959198955896032,1
2017-09-18,75.16000366210938,53.4625490218179,0.9971422467912946,2.0917454804780635,1
2017-09-19,75.44000244140625,53.4625490218179,0.9678562709263393,2.099538005126767,1
2017-09-20,74.94000244140625,53.4625490218179,0.9578568594796317,2.085622721873976,1
2017-09-21,74.20999908447266,53.4625490218179,0.9557140895298549,2.065306314899538,1
2017-09-22,74.41000366210938,53.67098140629841,0.9221431187220982,2.0708725555988776,1
2017-09-25,73.26000213623047,53.67098140629841,0.960000719342913,2.038867361651385,1
2017-09-26,73.26000213623047,53.67098140629841,0.9692862374441964,2.038867361651385,1
2017-09-27,73.8499984741211,53.67098140629841,0.955000741141183,2.0552872939710993,1
2017-09-28,73.87000274658203,53.67098140629841,0.9592862810407367,2.0558440242062193,1
2017-09-29,74.48999786376953,53.878135798910066,0.9385719299316406,2.0730988395482415,1
2017-10-02,74.61000061035156,53.878135798910066,0.9271436418805804,2.076438583967845,1
2017-10-03,74.26000213623047,53.878135798910066,0.9278575352260044,2.066697928156966,1
2017-10-04,74.69000244140625,53.878135798910066,0.9307147434779576,2.078665080247581,1
2017-10-05,75.97000122070312,53.878135798910066,0.9385719299316406,2.1142881714018653,1
2017-10-06,76.0,54.0982538506622,0.9071431841169085,2.1151230544241733,1
2017-10-09,76.29000091552734,54.0982538506622,0.9064292907714844,2.1231939441904366,1
2017-10-10,76.29000091552734,54.0982538506622,0.8528573172433036,2.1231939441904366,1
2017-10-11,76.41999816894531,54.0982538506622,0.8085719517299107,2.1268118413972283,1
2017-10-12,77.12000274658203,54.0982538506622,0.8271429879324776,2.1462933653493583,1
2017-10-13,77.48999786376953,54.33100752243441,0.7742854527064732,2.156590539064985,1
2017-10-16,77.6500015258789,54.33100752243441,0.7485711233956474,2.1610435316244567,1
2017-10-17,77.58999633789062,54.33100752243441,0.7057140895298549,2.159373553249469,1
2017-10-18,77.61000061035156,54.33100752243441,0.6928563799176898,2.159930283484589,1
2017-10-19,77.91000366210938,54.33100752243441,0.6864280700683594,2.168279538368412,1
2017-10-20,78.80999755859375,54.574579562595204,0.7114279610770089,2.1933268783591373,1
2017-10-23,78.83000183105469,54.574579562595204,0.7035707746233258,2.1938836085942572,1
2017-10-24,78.86000061035156,54.574579562595204,0.6842847551618304,2.194718491616565,1
2017-10-25,78.62999725341797,54.574579562595204,0.6599987574986049,2.188317367894918,1
2017-10-26,78.76000213623047,54.574579562595204,0.6814275469098773,2.1919354774320814,1
2017-10-27,83.80999755859375,54.86547924414743,1.1635698590959822,2.3324797108870436,1
2017-10-30,83.88999938964844,54.86547924414743,1.2157129560198103,2.3347062071667795,1
2017-10-31,83.18000030517578,54.86547924414743,1.2685699462890625,2.3149465304274615,1
2017-11-01,83.18000030517578,54.86547924414743,1.2657132829938615,2.3149465304274615,1
2017-11-02,84.05000305175781,54.86547924414743,1.3078558785574776,2.339159199726251,1
2017-11-03,84.13999938964844,55.156768001814115,1.3564273289271764,2.341663848793175,1
2017-11-06,84.47000122070312,55.156768001814115,1.3721411568777901,2.3508479866993057,1
2017-11-07,84.2699966430664,55.156768001814115,1.4071415492466517,2.345281745999966,1
2017-11-08,84.55999755859375,55.156768001814115,1.4214270455496651,2.3533526357662296,1
2017-11-09,84.08999633789062,55.156768001814115,1.4642840794154577,2.340272235535747,1
2017-11-10,83.87000274658203,55.44247183012026,1.4849984305245536,2.3341496892620315,1
2017-11-13,83.93000030517578,55.44247183012026,1.4664273943219865,2.3358194553066474,1
2017-11-14,84.05000305175781,55.44247183012026,1.4685701642717635,2.339159199726251,1
2017-11-15,82.9800033569336,55.44247183012026,1.509284428187779,2.309380502058494,1
2017-11-16,83.19999694824219,55.44247183012026,1.0121416364397322,2.3155030483322094,1
2017-11-17,82.4000015258789,55.71070595644622,0.993570055280413,2.2932387225259676,1
2017-11-20,82.52999877929688,55.71070595644622,0.9285697937011719,2.2968566197327593,1
2017-11-21,83.72000122070312,55.71070595644622,0.9592835562569755,2.32997506182012,1
2017-11-22,83.11000061035156,55.71070595644622,0.9249981471470424,2.3129983992652856,1
2017-11-24,83.26000213623047,55.984828306493824,0.889998299734933,2.3171730267071973,1
2017-11-27,83.87000274658203,55.984828306493824,0.897141592843192,2.3341496892620315,1
2017-11-28,84.87999725341797,55.984828306493824,0.9128554207938058,2.362258408554801,1
2017-11-29,83.33999633789062,55.984828306493824,0.9814267839704242,2.319399310656561,1
2017-11-30,84.16999816894531,55.984828306493824,0.9471413748604911,2.342498731815483,1
2017-12-01,84.26000213623047,56.266173319725034,0.9985700334821429,2.345003593212778,1
2017-12-04,81.08000183105469,56.266173319725034,1.230712890625,2.256502383231815,1
2017-12-05,81.58999633789062,56.266173319725034,1.272141592843192,2.270695819271794,1
2017-12-06,82.77999877929688,56.266173319725034,1.2971414838518416,2.3038142613591543,1
2017-12-07,82.48999786376953,56.266173319725034,1.3199991498674666,2.2957433715928914,1
2017-12-08,84.16000366210938,56.54372387039553,1.4007137843540736,2.3422205790282944,1
2017-12-11,85.2300033569336,56.54372387039553,1.4657140459333147,2.3719992766960516,1
2017-12-12,85.58000183105469,56.54372387039553,1.4414285932268416,2.381739932506931,1
2017-12-13,85.3499984741211,56.54372387039553,1.4392858232770647,2.3753388087852834,1
2017-12-14,84.69000244140625,56.54372387039553,1.4885717119489397,2.3569707453033932,1
2017-12-15,86.8499984741211,56.845278841576885,1.6085711887904577,2.417084658543655,1
2017-12-18,86.37999725341797,56.845278841576885,1.614285605294364,2.4040042583131727,1
2017-12-19,85.83000183105469,56.845278841576885,1.5692858014787947,2.388697574133326,1
2017-12-20,85.5199966430664,56.845278841576885,1.59857177734375,2.380069954131943,1
2017-12-21,85.5,56.845278841576885,1.5350003923688615,2.379513436227195,1
2017-12-22,85.51000213623047,57.13049996888687,1.3192858014787947,2.379791801344755,1
2017-12-26,85.4000015258789,57.13049996888687,1.2335717337472099,2.3767304220427112,1
2017-12-27,85.70999908447266,57.13049996888687,1.1657148088727678,2.3853578297137226,1
2017-12-28,85.72000122070312,57.13049996888687,1.135714394705636,2.385636194831282,1
2017-12-29,85.54000091552734,57.41318157034599,1.025714329310826,2.380626684367063,1
2018-01-02,85.94999694824219,57.41318157034599,0.9942855834960938,2.3920371062225576,1
2018-01-03,86.3499984741211,57.41318157034599,0.9650001525878906,2.4031693752908647,1
2018-01-04,87.11000061035156,57.41318157034599,0.9992861066545758,2.4243206652876106,1
2018-01-05,88.19000244140625,57.719418593938634,0.9964288984026227,2.4543777280729273,1
2018-01-08,88.27999877929688,57.719418593938634,0.8950010027204242,2.456882377139851,1
2018-01-09,88.22000122070312,57.719418593938634,0.8664300101143974,2.4552126110952353,1
2018-01-10,87.81999969482422,57.719418593938634,0.845001220703125,2.4440803420269286,1
2018-01-11,88.08000183105469,57.719418593938634,0.7950008937290737,2.4513163487708836,1
2018-01-12,89.5999984741211,58.03663829423896,0.8664294651576451,2.493618716434004,1
2018-01-16,88.3499984741211,58.03663829423896,1.0142865862165178,2.458830508302027,1
2018-01-17,90.13999938964844,58.03663829423896,1.1164294651576452,2.508647247826662,1
2018-01-18,90.0999984741211,58.03663829423896,1.1342860630580358,2.5075339996867942,1
2018-01-19,90.0,58.35468169429629,1.1750003269740514,2.5047509855023105,1
2018-01-22,91.61000061035156,58.35468169429629,1.2700004577636719,2.549558214562726,1
2018-01-23,91.9000015258789,58.35468169429629,1.2664293561662947,2.5576291043289894,1
2018-01-24,91.81999969482422,58.35468169429629,1.3585717337472099,2.5554026080492536,1
2018-01-25,92.33000183105469,58.35468169429629,1.3664283752441406,2.569596256419604,1
2018-01-26,94.05999755859375,58.70995846906542,1.3971421377999442,2.6177430175692513,1
2018-01-29,93.91999816894531,58.70995846906542,1.4507130214146204,2.6138467552448996,1
2018-01-30,92.73999786376953,58.70995846906542,1.5185699462890625,2.5810066782750987,1
2018-01-31,95.01000213623047,58.70995846906542,1.6507132393973214,2.6441821831477763,1
2018-02-01,94.26000213623047,58.70995846906542,1.7649988446916853,2.6233092582685904,1
2018-02-02,91.77999877929688,59.03901359653042,1.8407135009765625,2.5542893599093857,1
2018-02-05,88.0,59.03901359653042,2.0164277212960378,2.449089852491148,1
2018-02-06,91.33000183105469,59.03901359653042,2.323570796421596,2.5417656899140226,1
2018-02-07,89.61000061035156,59.03901359653042,2.434999738420759,2.4938970815515633,1
2018-02-08,85.01000213623047,59.03901359653042,2.7328567504882812,2.365876518091964,1
2018-02-09,88.18000030517578,59.328973663283115,2.9628562927246094,2.4540993629553673,1
2018-02-12,89.12999725341797,59.328973663283115,3.0407131740025113,2.480538316203521,1
2018-02-13,89.83000183105469,59.328973663283115,3.0657130650111606,2.500019840155651,1
2018-02-14,90.80999755859375,59.328973663283115,3.1485699244907925,2.5272936764261122,1
2018-02-15,92.66000366210938,59.328973663283115,3.1749986921037947,2.578780394325735,1
2018-02-16,92.0,59.65405850245443,3.172855922154018,2.5604121185134727,1
2018-02-20,92.72000122070312,59.65405850245443,3.189284188406808,2.5804501603703507,1
2018-02-21,91.48999786376953,59.65405850245443,3.132855551583426,2.5462184701431223,1
2018-02-22,91.7300033569336,59.65405850245443,3.052855900355748,2.5528979589823297,1
2018-02-23,94.05999755859375,59.99640615475433,3.022855486188616,2.6177430175692513,1
2018-02-26,95.41999816894531,59.99640615475433,2.7478555951799666,2.6555926050032714,1
2018-02-27,94.19999694824219,59.99640615475433,2.4199981689453125,2.621639279893603,1
2018-02-28,93.7699966430664,59.99640615475433,2.384998321533203,2.609672127802988,1
2018-03-01,92.8499984741211,59.99640615475433,2.2142846243722096,2.5840680575771424,1
2018-03-02,93.05000305175781,60.3252976661673,2.0135705130440846,2.589634298276482,1
2018-03-05,93.63999938964844,60.3252976661673,2.024998801095145,2.6060542305961962,1
2018-03-06,93.31999969482422,60.3252976661673,1.9785701206752233,2.5971484578076254,1
2018-03-07,93.86000061035156,60.3252976661673,1.902142116001674,2.6121769892002837,1
2018-03-08,94.43000030517578,60.3252976661673,1.8471423557826452,2.62804040361525,1
2018-03-09,96.54000091552734,60.685642972131085,1.8764283316476005,2.6867629159284565,1
2018-03-12,96.7699966430664,60.685642972131085,1.8135713849748885,2.6931638273197316,1
2018-03-13,94.41000366210938,60.685642972131085,1.9135709490094865,2.627483885710502,1
2018-03-14,93.8499984741211,60.685642972131085,1.9521424429757255,2.6118986240827238,1
2018-03-15,94.18000030517578,60.685642972131085,1.9099998474121094,2.621082761988855,1
2018-03-16,94.5999984741211,61.02309924578273,1.9149998256138392,2.6327715489619097,1
2018-03-19,92.88999938964844,61.02309924578273,1.9757140023367745,2.5851813057170103,1
2018-03-20,93.12999725341797,61.02309924578273,1.8899993896484375,2.591860582225846,1
2018-03-21,92.4800033569336,61.02309924578273,1.826428004673549,2.5737708838615156,1
2018-03-22,89.79000091552734,61.02309924578273,1.8642850603376115,2.498906592015783,1
2018-03-23,87.18000030517578,61.2833669180155,1.9621423993791853,2.4262687964497864,1
2018-03-26,93.77999877929688,61.2833669180155,2.3385712759835378,2.609950492920548,1
2018-03-27,89.47000122070312,61.2833669180155,2.704285212925502,2.490000819227212,1
2018-03-28,89.38999938964844,61.2833669180155,2.7778565543038503,2.4877743229474762,1
2018-03-29,91.2699966430664,61.2833669180155,2.904999324253627,2.540095711539035,1
2018-04-02,88.5199966430664,61.58174134314039,3.0899990626743863,2.4635616536486866,1
2018-04-03,89.70999908447266,61.58174134314039,3.010713849748884,2.496680095736047,1
2018-04-04,92.33000183105469,61.58174134314039,3.2335706438337053,2.569596256419604,1
2018-04-05,92.37999725341797,61.58174134314039,3.227856227329799,2.57098765734666,1
2018-04-06,90.2300033569336,61.866798676610976,3.3364274161202565,2.511152109223958,1
2018-04-09,90.7699966430664,61.866798676610976,3.3685700552804128,2.5261804282862443,1
2018-04-10,92.87999725341797,61.866798676610976,3.484998975481306,2.5849029405994504,1
2018-04-11,91.86000061035156,61.866798676610976,3.482855660574777,2.5565158561891215,1
2018-04-12,93.58000183105469,61.866798676610976,3.4457130432128906,2.6043844645515803,1
2018-04-13,93.08000183105469,62.17737781247609,3.328570229666574,2.59046918129879,1
2018-04-16,94.16999816894531,62.17737781247609,2.95428466796875,2.620804396871295,1
2018-04-17,96.06999969482422,62.17737781247609,2.649999346051897,2.6736825156979735,1
2018-04-18,96.44000244140625,62.17737781247609,2.5671424865722656,2.6839799017439727,1
2018-04-19,96.11000061035156,62.17737781247609,2.4128570556640625,2.6747957638378415,1
2018-04-20,95.0,62.50397106807335,2.291428702218192,2.643903818030217,1
2018-04-23,95.3499984741211,62.50397106807335,2.2557144165039062,2.6536444738410956,1
2018-04-24,93.12000274658203,62.50397106807335,2.1864286150251115,2.591582429438658,1
2018-04-25,92.30999755859375,62.50397106807335,2.2828576224190846,2.569039526184484,1
2018-04-26,94.26000213623047,62.50397106807335,2.272858210972377,2.6233092582685904,1
2018-04-27,95.81999969482422,62.83547384047883,2.347858428955078,2.666724874071578,1
2018-04-30,93.5199966430664,62.83547384047883,2.4007154192243303,2.6027144861765925,1
2018-05-01,95.0,62.83547384047883,2.4500013078962053,2.643903818030217,1
2018-05-02,93.51000213623047,62.83547384047883,2.4271436418805803,2.6024363333894045,1
2018-05-03,94.06999969482422,62.83547384047883,2.4800011771065846,2.6180213826868113,1
2018-05-04,95.16000366210938,63.15711095313188,2.542144230433873,2.648356810589688,1
2018-05-07,96.22000122070312,63.15711095313188,2.487858363560268,2.677857143139885,1
2018-05-08,95.80999755859375,63.15711095313188,2.4850011553083147,2.6664465089540186,1
2018-05-09,96.94000244140625,63.15711095313188,2.498572213309152,2.697895184996763,1
2018-05-10,97.91000366210938,63.15711095313188,2.423571995326451,2.7248908684800366,1
2018-05-11,97.69999694824219,63.500821261540935,2.367143358503069,2.719046262663137,1
2018-05-14,98.02999877929688,63.500821261540935,2.17571531023298,2.7282304005692684,1
2018-05-15,97.31999969482422,63.500821261540935,2.0807151794433594,2.7084707238299504,1
2018-05-16,97.1500015258789,63.500821261540935,1.9335719517299108,2.7037395784832907,1
2018-05-17,96.18000030517578,63.500821261540935,1.7707148960658483,2.6767438950000173,1
2018-05-18,96.36000061035156,63.82777826998681,1.6042861938476562,2.681753405464237,1
2018-05-21,97.5999984741211,63.82777826998681,1.543572017124721,2.7162632484786533,1
2018-05-22,97.5,63.82777826998681,1.4714295523507255,2.7134802342941695,1
2018-05-23,98.66000366210938,63.82777826998681,1.4664295741489954,2.7457637933592225,1
2018-05-24,98.30999755859375,63.82777826998681,1.4435724530901228,2.7360229252179713,1
2018-05-25,98.36000061035156,64.1713824723785,1.4085726056780135,2.737414538475399,1
2018-05-29,98.01000213623047,64.1713824723785,1.4435719081333704,2.7276738826645204,1
2018-05-30,98.94999694824219,64.1713824723785,1.4021432059151786,2.7538344707951135,1
2018-05-31,98.83999633789062,64.1713824723785,1.4285719735281808,2.75077309149307,1
2018-06-01,100.79000091552734,64.5357468349969,1.5107149396623885,2.8050428235771765,1
2018-06-04,101.66999816894531,64.5357468349969,1.4885717119489397,2.829533645663154,1
2018-06-05,102.19000244140625,64.5357468349969,1.4250003269740514,2.8440056591510645,1
2018-06-06,102.48999786376953,64.5357468349969,1.4192859104701452,2.852354701704516,1
2018-06-07,100.87999725341797,64.5357468349969,1.4621434892926897,2.8075474726441003,1
2018-06-08,101.62999725341797,64.90484385408567,1.497143336704799,2.8284203975232862,1
2018-06-11,101.05000305175781,64.90484385408567,1.447857448032924,2.812278830321132,1
2018-06-12,101.30999755859375,64.90484385408567,1.4285714285714286,2.819514624734715,1
2018-06-13,100.8499984741211,64.90484385408567,1.3600000653948103,2.8067125896217924,1
2018-06-14,101.41999816894531,64.90484385408567,1.292142595563616,2.8225760040367587,1
2018-06-15,100.12999725341797,65.255342892885,1.3164280482700892,2.7866745477649144,1
2018-06-18,100.86000061035156,65.255342892885,1.3192858014787947,2.8069909547393523,1
2018-06-19,100.86000061035156,65.255342892885,1.3307146344866072,2.8069909547393523,1
2018-06-20,101.87000274658203,65.255342892885,1.3507145472935267,2.8350998863624937,1
2018-06-21,101.13999938964844,65.255342892885,1.3192858014787947,2.8147834793880557,1
2018-06-22,100.41000366210938,65.60514051247928,1.3507145472935267,2.7944672847439898,1
2018-06-25,98.38999938964844,65.60514051247928,1.515714372907366,2.738249421497707,1
2018-06-26,99.08000183105469,65.60514051247928,1.5864290509905135,2.757452580332277,1
2018-06-27,97.54000091552734,65.60514051247928,1.6085711887904577,2.7145934824340374,1
2018-06-28,98.62999725341797,65.60514051247928,1.6399999346051897,2.7449286980065426,1
2018-06-29,98.61000061035156,65.93354708061732,1.6842858450753349,2.7443721801017946,1
2018-07-02,100.01000213623047,65.93354708061732,1.7814287458147322,2.7833350156756826,1
2018-07-03,99.05000305175781,65.93354708061732,1.7985709054129464,2.756617697309969,1
2018-07-05,99.76000213623047,65.93354708061732,1.7778565543038505,2.776377374049287,1
2018-07-06,101.16000366210938,66.28405908640332,1.7992853437151228,2.8153402096231757,1
2018-07-09,101.8499984741211,66.28405908640332,1.7564277648925781,2.8345431561273737,1
2018-07-10,102.12000274658203,66.28405908640332,1.6964280264718192,2.8420575279888887,1
2018-07-11,101.9800033569336,66.28405908640332,1.6664281572614397,2.838161265664537,1
2018-07-12,104.19000244140625,66.28405908640332,1.727142333984375,2.8996667921622272,1
2018-07-13,105.43000030517578,66.67357093932642,1.727142333984375,2.9341766351766436,1
2018-07-16,104.91000366210938,66.67357093932642,1.5978567940848214,2.919704834019105,1
2018-07-17,105.94999694824219,66.67357093932642,1.6328566414969308,2.948648436334182,1
2018-07-18,105.12000274658203,66.67357093932642,1.5407142639160156,2.9255492275056323,1
2018-07-19,104.4000015258789,66.67357093932642,1.5099999564034599,2.9055111856487543,1
2018-07-20,106.2699966430664,67.06756522493578,1.6685709272112166,2.9575542091227534,1
2018-07-23,107.97000122070312,67.06756522493578,1.6649998256138392,3.0048662995804647,1
2018-07-24,107.66000366210938,67.06756522493578,1.6557143075125558,2.9962388919094534,1
2018-07-25,110.83000183105469,67.06756522493578,1.8457145690917969,3.0844617367728566,1
2018-07-26,109.62000274658203,67.06756522493578,1.8271429879324776,3.050786776780748,1
2018-07-27,107.68000030517578,67.47166905657996,2.0378576006208147,2.9967954098142013,1
2018-07-30,105.37000274658203,67.47166905657996,2.1992857796805247,2.9325068691320277,1
2018-07-31,106.08000183105469,67.47166905657996,2.2071429661342075,2.9522665458713457,1
2018-08-01,106.27999877929688,67.47166905657996,2.107142857142857,2.9578325742403133,1
2018-08-02,107.56999969482422,67.47166905657996,2.231428418840681,2.9937340305121576,1
2018-08-03,108.04000091552734,67.87533405020133,2.226428440638951,3.0068144307426405,1
2018-08-06,108.12999725341797,67.87533405020133,2.1321427481515065,3.0093190798095644,1
2018-08-07,108.87999725341797,67.87533405020133,2.106428418840681,3.0301920046887503,1
2018-08-08,109.48999786376953,67.87533405020133,2.075714111328125,3.0471686672435845,1
2018-08-09,109.66999816894531,67.87533405020133,1.8521434238978796,3.052178177707804,1
2018-08-10,109.0,68.28453470641823,1.8021436418805803,3.0335317491083535,1
2018-08-13,108.20999908447266,68.28453470641823,1.7964297703334264,3.0115455760893,1
2018-08-14,109.55999755859375,68.28453470641823,1.6650009155273438,3.0491167984057603,1
2018-08-15,107.66000366210938,68.28453470641823,1.7535721915108817,2.9962388919094534,1
2018-08-16,107.63999938964844,68.28453470641823,1.5764290945870536,2.9956821616743334,1
2018-08-17,107.58000183105469,68.67553437930019,1.4542863028390067,2.9940123956297175,1
2018-08-20,106.87000274658203,68.67553437930019,1.4592862810407365,2.9742527188903995,1
2018-08-21,105.9800033569336,68.67553437930019,1.4928577968052454,2.949483531686862,1
2018-08-22,107.05999755859375,68.67553437930019,1.372143336704799,2.979540382141807,1
2018-08-23,107.55999755859375,68.67553437930019,1.3778572082519531,2.9934556653945976,1
2018-08-24,108.4000015258789,69.0708027091169,1.387857164655413,3.0168334516710793,1
2018-08-27,109.5999984741211,69.0708027091169,1.4071426391601562,3.0502300465456282,1
2018-08-28,110.26000213623047,69.0708027091169,1.400714329310826,3.0685983223578903,1
2018-08-29,112.0199966430664,69.0708027091169,1.4792851039341517,3.1175799665298456,1
2018-08-30,111.94999694824219,69.0708027091169,1.4692846025739397,3.1156318353676697,1
2018-08-31,112.33000183105469,69.50124250137499,1.4535702296665736,3.1262075865312284,1
2018-09-04,111.70999908447266,69.50124250137499,1.4821417672293526,3.1089525588588343,1
2018-09-05,108.48999786376953,69.50124250137499,1.5442848205566406,3.019338100738003,1
2018-09-06,108.73999786376953,69.50124250137499,1.5385704040527344,3.0262957423643986,1
2018-09-07,108.20999908447266,69.88640425842074,1.5599986485072546,3.0115455760893,1
2018-09-10,109.37999725341797,69.88640425842074,1.5607130868094308,3.0441072879415407,1
2018-09-11,111.23999786376953,69.88640425842074,1.6464271545410156,3.0958721586283517,1
2018-09-12,111.70999908447266,69.88640425842074,1.6307127816336495,3.1089525588588343,1
2018-09-13,112.91000366210938,69.88640425842074,1.6814275469098772,3.1423493660637547,1
2018-09-14,113.37000274658203,70.31907688019349,1.7021418980189733,3.1551514011766777,1
2018-09-17,112.13999938964844,70.31907688019349,1.7449989318847656,3.120919710949449,1
2018-09-18,113.20999908447266,70.31907688019349,1.822141374860491,3.150698408617206,1
2018-09-19,111.69999694824219,70.31907688019349,1.8585700988769531,3.1086741937412743,1
2018-09-20,113.56999969482422,70.31907688019349,1.9249992370605469,3.1607174295456453,1
2018-09-21,114.26000213623047,70.75630001706948,1.962141854422433,3.1799205883802153,1
2018-09-24,114.66999816894531,70.75630001706948,2.002856118338449,3.19133101023571,1
2018-09-25,114.44999694824219,70.75630001706948,1.8414273943219865,3.185208251631623,1
2018-09-26,113.9800033569336,70.75630001706948,1.8299991062709264,3.172128063731512,1
2018-09-27,114.41000366210938,70.75630001706948,1.7885709490094865,3.1840952158221265,1
2018-09-28,114.37000274658203,71.19026720840792,1.7499994550432478,3.182981967682259,1
2018-10-01,115.61000061035156,71.19026720840792,1.6507137843540736,3.2174918106966754,1
2018-10-02,115.1500015258789,71.19026720840792,1.6549993242536272,3.204689775583753,1
2018-10-03,115.16999816894531,71.19026720840792,1.599999019077846,3.205246293488501,1
2018-10-04,112.79000091552734,71.19026720840792,1.7607133047921317,3.1390096216441514,1
2018-10-05,112.12999725341797,71.59762770636821,1.8099991934640067,3.120641345831889,1
2018-10-08,110.8499984741211,71.59762770636821,1.867856706891741,3.0850182546776046,1
2018-10-09,112.26000213623047,71.59762770636821,1.867856706891741,3.1242594553690526,1
2018-10-10,106.16000366210938,71.59762770636821,2.179999215262277,2.9544930421510815,1
2018-10-11,105.91000366210938,71.59762770636821,2.3907138279506137,2.947535400524686,1
2018-10-12,109.56999969482422,71.97546225351704,2.579999106270926,3.0493951635233203,1
2018-10-15,107.5999984741211,71.97546225351704,2.6707136971609935,2.9945689135344655,1
2018-10-16,111.0,71.97546225351704,2.848571232386998,3.0891928821195163,1
2018-10-17,110.70999908447266,71.97546225351704,2.943570818219866,3.081121992353253,1
2018-10-18,108.5,71.97546225351704,3.0857135227748325,3.019616465855563,1
2018-10-19,108.66000366210938,72.34048256604034,3.1814280918666293,3.0240694584150347,1
2018-10-22,109.62999725341797,72.34048256604034,3.2457144601004466,3.051064929567936,1
2018-10-23,108.0999984741211,72.34048256604034,3.479285648890904,3.0084841967872564,1
2018-10-24,102.31999969482422,72.34048256604034,3.719285692487444,2.8476235563578562,1
2018-10-25,108.30000305175781,72.34048256604034,4.034999847412109,3.0140504374865955,1
2018-10-26,106.95999908447266,72.68495536721878,4.1207139151436945,2.9767573679573234,1
2018-10-29,103.8499984741211,72.68495536721878,4.462856837681362,2.890204289138536,1
2018-10-30,103.7300033569336,72.68495536721878,4.305713653564453,2.8868647570493042,1
2018-10-31,106.80999755859375,72.68495536721878,4.282855987548828,2.9725827405154117,1
2018-11-01,105.91999816894531,72.68495536721878,4.029999324253628,2.947813553311874,1
2018-11-02,106.16000366210938,73.01804042487939,4.009998866489956,2.9544930421510815,1
2018-11-05,107.51000213623047,73.01804042487939,3.8692839486258372,2.9920642644675417,1
2018-11-06,107.72000122070312,73.01804042487939,3.8907127380371094,2.9979086579540692,1
2018-11-07,111.95999908447266,73.01804042487939,4.007855551583426,3.1159102004852297,1
2018-11-08,111.75,73.01804042487939,3.911426544189453,3.110065806998702,1
2018-11-09,109.56999969482422,73.38174151214253,3.960711887904576,3.0493951635233203,1
2018-11-12,106.87000274658203,73.38174151214253,3.91356931413923,2.9742527188903995,1
2018-11-13,106.94000244140625,73.38174151214253,3.5707119532993863,2.9762008500525754,1
2018-11-14,104.97000122070312,73.38174151214253,3.3449979509626115,2.921374600063721,1
2018-11-15,107.27999877929688,73.38174151214253,3.337855202811105,2.9856631407458947,1
2018-11-16,108.29000091552734,73.72908737685282,2.981426239013672,3.0137720723690355,1
2018-11-19,104.62000274658203,73.72908737685282,3.034283229282924,2.911633944252842,1
2018-11-20,101.70999908447266,73.72908737685282,3.0957123892647878,2.830646893803022,1
2018-11-21,103.11000061035156,73.72908737685282,3.1621409824916293,2.86960972937691,1
2018-11-23,103.06999969482422,74.02103675315104,3.124283926827567,2.868496481237042,1
2018-11-26,106.47000122070312,74.02103675315104,3.2471411568777904,2.963120449822093,1
2018-11-27,107.13999938964844,74.02103675315104,3.204998561314174,2.981766878421543,1
2018-11-28,111.12000274658203,74.02103675315104,3.181427546909877,3.09253262653912,1
2018-11-29,110.19000244140625,74.02103675315104,3.2378567286900113,3.0666501911957145,1
2018-11-30,110.88999938964844,74.38789210276794,3.1392854963030135,3.0861315028174725,1
2018-12-03,112.08999633789062,74.38789210276794,3.055713653564453,3.1195280976920214,1
2018-12-04,108.5199966430664,74.38789210276794,3.222142355782645,3.020172983760311,1
2018-12-06,109.19000244140625,74.38789210276794,3.254284994942801,3.038819624690133,1
2018-12-07,104.81999969482422,74.69069914348492,3.3442846025739397,2.9171999726218094,1
2018-12-10,107.58999633789062,74.69069914348492,3.4878567286900113,2.9942905484169056,1
2018-12-11,108.58999633789062,74.69069914348492,3.380713871547154,3.022121114922487,1
2018-12-12,109.08000183105469,74.69069914348492,3.195713588169643,3.0357582453880894,1
2018-12-13,109.44999694824219,74.69069914348492,3.1614281790597096,3.0460554191037166,1
2018-12-14,106.02999877929688,75.00253297070694,3.3142852783203125,2.950874932613918,1
2018-12-17,102.88999938964844,75.00253297070694,3.3685711451939175,2.8634869707728225,1
2018-12-18,103.97000122070312,75.00253297070694,3.37000002179827,2.8935440335581397,1
2018-12-19,103.69000244140625,75.00253297070694,3.4657140459333147,2.8857515089094363,1
2018-12-20,101.51000213623047,75.00253297070694,3.711427961077009,2.8250808654340545,1
2018-12-21,98.2300033569336,75.23365207902759,3.9921422685895647,2.7337966412686074,1
2018-12-24,94.12999725341797,75.23365207902759,4.103571210588727,2.619691148731427,1
2018-12-26,100.55999755859375,75.23365207902759,4.267857142857143,2.798641699855529,1
2018-12-27,101.18000030517578,75.23365207902759,4.307143075125558,2.8158967275279236,1
2018-12-28,100.38999938964844,75.48396399256612,4.145715441022601,2.79391055450887,1
2018-12-31,101.56999969482422,75.48396399256612,3.997143881661551,2.8267506314786703,1
2019-01-02,101.12000274658203,75.48396399256612,3.947144099644252,2.8142269614833078,1
2019-01-03,97.4000015258789,75.48396399256612,4.0357159205845425,2.7106972201096857,1
2019-01-04,101.93000030517578,75.7471086324926,4.240715571812221,2.8367696524071095,1
2019-01-07,102.05999755859375,75.7471086324926,4.122143881661551,2.840387549613901,1
2019-01-08,102.80000305175781,75.7471086324926,3.975001198904855,2.8609823217058987,1
2019-01-09,104.2699966430664,75.7471086324926,3.981428963797433,2.901893076111591,1
2019-01-10,103.5999984741211,75.7471086324926,3.721429007393973,2.8832466475121405,1
2019-01-11,102.80000305175781,76.01629166154002,3.4664290291922435,2.8609823217058987,1
2019-01-14,102.05000305175781,76.01629166154002,3.1857147216796875,2.840109396826713,1
2019-01-15,105.01000213623047,76.01629166154002,3.1085722787039622,2.922487848203589,1
2019-01-16,105.37999725341797,76.01629166154002,2.720715114048549,2.9327850219192158,1
2019-01-17,106.12000274658203,76.01629166154002,2.5121432713099887,2.9533797940112136,1
2019-01-18,107.70999908447266,76.33165193440503,2.447856903076172,2.9976302928365093,1
2019-01-22,105.68000030517578,76.33165193440503,2.507856641496931,2.941134276803039,1
2019-01-23,106.70999908447266,76.33165193440503,2.4285714285714284,2.969799726330928,1
2019-01-24,106.19999694824219,76.33165193440503,2.2671427045549666,2.9556060779605775,1
2019-01-25,107.16999816894531,76.63850115066913,2.0221426827566966,2.982601761443851,1
2019-01-28,105.08000183105469,76.63850115066913,2.0378570556640625,2.924435979365765,1
2019-01-29,102.94000244140625,76.63850115066913,2.0842857360839844,2.8648785840302504,1
2019-01-30,106.37999725341797,76.63850115066913,2.1814286368233815,2.960615588424797,1
2019-01-31,104.43000030517578,76.63850115066913,2.2749998910086497,2.9063460686710623,1
2019-02-01,102.77999877929688,76.8986155549341,2.283571515764509,2.8604255914707792,1
2019-02-04,105.73999786376953,76.8986155549341,2.3850005013602122,2.942804042847655,1
2019-02-05,107.22000122070312,76.8986155549341,2.267857142857143,2.983993374701279,1
2019-02-06,106.02999877929688,76.8986155549341,2.2957142421177457,2.950874932613918,1
2019-02-07,105.2699966430664,76.8986155549341,2.2864287240164622,2.929723642617172,1
2019-02-08,105.66999816894531,77.18489796900387,2.252857208251953,2.940855911685479,1
2019-02-11,105.25,77.18489796900387,2.1642859322684154,2.929167124712424,1
2019-02-12,106.88999938964844,77.18489796900387,2.177856990269252,2.9748092367951475,1
2019-02-13,106.80999755859375,77.18489796900387,2.135713849748884,2.9725827405154117,1
2019-02-14,106.9000015258789,77.18489796900387,2.1321422031947543,2.9750876019127075,1
2019-02-15,108.22000122070312,77.49370496653322,2.052856990269252,3.0118239412068597,1
2019-02-19,108.16999816894531,77.49370496653322,1.9078570774623327,3.0104323279494323,1
2019-02-20,107.1500015258789,77.49370496653322,1.7964286804199219,2.982045243539103,1
2019-02-21,109.41000366210938,77.49370496653322,1.7542860848563058,3.0449423832942206,1
2019-02-22,110.97000122070312,77.82680244169909,1.7335711887904577,3.0883579990972083,1
2019-02-25,111.58999633789062,77.82680244169909,1.6035706656319755,3.1056128144392305,1
2019-02-26,112.36000061035156,77.82680244169909,1.6421421595982142,3.1270424695535364,1
2019-02-27,112.16999816894531,77.82680244169909,1.6271422249930245,3.121754593971757,1
2019-02-28,112.02999877929688,77.82680244169909,1.5849990844726562,3.1178583316474056,1
2019-03-01,112.52999877929688,78.17210787789409,1.5728563581194197,3.131773614900196,1
2019-03-04,112.26000213623047,78.17210787789409,1.6328560965401786,3.1242594553690526,1
2019-03-05,111.69999694824219,78.17210787789409,1.5807129996163505,3.1086741937412743,1
2019-03-06,111.75,78.17210787789409,1.592141832624163,3.110065806998702,1
2019-03-07,110.38999938964844,78.17210787789409,1.6099989754813058,3.072216219564682,1
2019-03-08,110.51000213623047,78.49387797001684,1.6464271545410156,3.0755559639842858,1
2019-03-11,112.83000183105469,78.49387797001684,1.757855006626674,3.1401228697840193,1
2019-03-12,113.62000274658203,78.49387797001684,1.7192835126604353,3.1621090428030727,1
2019-03-13,114.5,78.49387797001684,1.6314261300223214,3.1865998648890503,1
2019-03-14,114.58999633789062,78.49387797001684,1.5657119750976562,3.189104513955974,1
2019-03-15,115.91000366210938,78.86617772814711,1.669283730643136,3.2258410655804988,1
2019-03-18,117.56999969482422,78.86617772814711,1.642854963030134,3.27203969556797,1
2019-03-19,117.6500015258789,78.86617772814711,1.6407121930803572,3.2742661918477056,1
2019-03-20,117.5199966430664,78.86617772814711,1.7042841230119978,3.2706480823105424,1
2019-03-21,120.22000122070312,78.86617772814711,1.8742844717843192,3.3457907392738346,1
2019-03-22,117.05000305175781,79.24611628858105,1.9264275687081474,3.2575678944104314,1
2019-03-25,117.66000366210938,79.24611628858105,1.964285169328962,3.2745445569652656,1
2019-03-26,117.91000366210938,79.24611628858105,2.0092849731445312,3.281502198591661,1
2019-03-27,116.7699966430664,79.24611628858105,2.0671424865722656,3.2497751574313565,1
2019-03-28,116.93000030517578,79.24611628858105,2.0342859540666853,3.2542281499908277,1
2019-03-29,117.94000244140625,79.63113008114647,1.9592862810407365,3.282337081613969,1
2019-04-01,119.0199966430664,79.63113008114647,1.9471435546875,3.312393932068914,1
2019-04-02,119.19000244140625,79.63113008114647,1.9171442304338728,3.3171252897459453,1
2019-04-03,119.97000122070312,79.63113008114647,1.9464302062988281,3.338833097647439,1
2019-04-04,119.36000061035156,79.63113008114647,1.888573237827846,3.321856435092605,1
2019-04-05,119.88999938964844,80.03171584541016,1.8292879377092635,3.3366066013677034,1
2019-04-08,119.93000030517578,80.03171584541016,1.8242874145507812,3.3377198495075713,1
2019-04-09,119.27999877929688,80.03171584541016,1.7750015258789062,3.319629938812869,1
2019-04-10,120.19000244140625,80.03171584541016,1.5850012642996651,3.3449558562515267,1
2019-04-11,120.33000183105469,80.03171584541016,1.4242869785853796,3.3488521185758784,1
2019-04-12,120.94999694824219,80.43886292106023,1.3500011989048548,3.3661069339179006,1
2019-04-15,121.05000305175781,80.43886292106023,1.2892870221819197,3.3688901604327564,1
2019-04-16,120.7699966430664,80.43886292106023,1.2078584943498885,3.361097423453681,1
2019-04-17,121.7699966430664,80.43886292106023,1.1978579929896764,3.3889279899592624,1
2019-04-18,123.37000274658203,80.43886292106023,1.257143293108259,3.43345706623249,1
2019-04-22,123.76000213623047,80.86603844171219,1.2757148742675781,3.4443109701832366,1
2019-04-23,125.44000244140625,80.86603844171219,1.3371429443359375,3.491066330405828,1
2019-04-24,125.01000213623047,80.86603844171219,1.340714590890067,3.4790991783152134,1
2019-04-25,129.14999389648438,80.86603844171219,1.6628565107073103,3.594317494331518,1
2019-04-26,129.88999938964844,81.35383904815932,1.7078563145228796,3.614912266423516,1
2019-04-29,129.77000427246094,81.35383904815932,1.668569837297712,3.6115727343342843,1
2019-04-30,130.60000610351562,81.35383904815932,1.665712629045759,3.634672155493206,1
2019-05-01,127.87999725341797,81.35383904815932,1.7999981471470423,3.5589727682947934,1
2019-05-02,126.20999908447266,81.35383904815932,1.910712650844029,3.512495773189762,1
2019-05-03,128.89999389648438,81.82693511630187,2.0942835126604353,3.5873598527051227,1
2019-05-06,128.14999389648438,81.82693511630187,2.2214257376534596,3.566486927825937,1
2019-05-07,125.5199966430664,81.82693511630187,2.391424996512277,3.493292614355192,1
2019-05-08,125.51000213623047,81.82693511630187,2.4135682242257253,3.493014461568004,1
2019-05-09,125.5,81.82693511630187,2.413568769182478,3.492736096450444,1
2019-05-10,127.12999725341797,82.27771185398461,2.604997362409319,3.5380998434156075,1
2019-05-13,123.3499984741211,82.27771185398461,2.7671399797712053,3.43290033599737,1
2019-05-14,124.7300033569336,82.27771185398461,2.8528540475027904,3.47130665366651,1
2019-05-15,126.0199966430664,82.27771185398461,2.6135689871651784,3.507207897607983,1
2019-05-16,128.92999267578125,82.27771185398461,2.7464267185756137,3.5881947357274306,1
2019-05-17,128.07000732421875,82.73335658503173,2.8685711451939175,3.564260856206945,1
2019-05-20,126.22000122070312,82.73335658503173,2.940000261579241,3.512774138307322,1
2019-05-21,126.9000015258789,82.73335658503173,2.822857448032924,3.531698932024332,1
2019-05-22,127.66999816894531,82.73335658503173,2.7685721261160716,3.553128374808266,1
2019-05-23,126.18000030517578,82.73335658503173,2.747858319963728,3.511660890167454,1
2019-05-24,126.23999786376953,83.16625848830276,2.652144295828683,3.51333065621207,1
2019-05-28,126.16000366210938,83.16625848830276,2.510716029575893,3.511104372262706,1
2019-05-29,124.94000244140625,83.16625848830276,2.5464303152901784,3.4771510471530376,1
2019-05-30,125.7300033569336,83.16625848830276,2.4578590393066406,3.4991372201720914,1
2019-05-31,123.68000030517578,83.56938029742588,2.33643068586077,3.4420844739035013,1
2019-06-03,119.83999633789062,83.56938029742588,2.4271452767508372,3.335214988110276,1
2019-06-04,123.16000366210938,83.56938029742588,2.492145538330078,3.4276126727459624,1
2019-06-05,125.83000183105469,83.56938029742588,2.470716748918806,3.501920234356575,1
2019-06-06,127.81999969482422,83.56938029742588,2.4000020708356584,3.5573030022501775,1
2019-06-07,131.39999389648438,84.04530680089911,2.535001482282366,3.656936268969076,1
2019-06-10,132.60000610351562,84.04530680089911,2.5614302498953685,3.6903332885043683,1
2019-06-11,132.10000610351562,84.04530680089911,2.6792880467006137,3.676418005251578,1
2019-06-12,131.49000549316406,84.04530680089911,2.6557159423828125,3.659441342696743,1
2019-06-13,132.32000732421875,84.04530680089911,2.5542869567871094,3.682540763855665,1
2019-06-14,132.4499969482422,84.52694550883287,2.6042867388044084,3.6861584487320846,1
2019-06-17,132.85000610351562,84.52694550883287,2.5564297267368863,3.6972909301307637,1
2019-06-18,135.16000366210938,84.52694550883287,2.5757152012416293,3.7615794708129373,1
2019-06-19,135.69000244140625,84.52694550883287,2.6571431841169084,3.7763296370880357,1
2019-06-20,136.9499969482422,84.52694550883287,2.625714438302176,3.8113959980072005,1
2019-06-21,136.97000122070312,85.04876695870223,2.333570752825056,3.81195272824232,1
2019-06-24,137.77999877929688,85.04876695870223,2.1899986267089844,3.834495419166122,1
2019-06-25,133.42999267578125,85.04876695870223,2.357141767229353,3.713432285002546,1
2019-06-26,133.92999267578125,85.04876695870223,2.352856772286551,3.7273475682553365,1
2019-06-27,134.14999389648438,85.04876695870223,2.122143336704799,3.733470326859424,1
2019-06-28,133.9600067138672,85.53544596124118,2.033571515764509,3.7281828759383884,1
2019-07-01,135.67999267578125,85.53544596124118,2.0178560529436385,3.776051059640104,1
2019-07-02,136.5800018310547,85.53544596124118,2.0078560965401784,3.8010988242915733,1
2019-07-03,137.4600067138672,85.53544596124118,2.0035716465541293,3.825589858707923,1
2019-07-05,137.05999755859375,86.04812806668748,1.9742867606026786,3.814457377309244,1
2019-07-08,136.9600067138672,86.04812806668748,2.0064304896763394,3.811674575455132,1
2019-07-09,136.4600067138672,86.04812806668748,1.9192875453404017,3.7977592922023415,1
2019-07-10,137.85000610351562,86.04812806668748,1.9192875453404017,3.8364437626586696,1
2019-07-11,138.39999389648438,86.04812806668748,1.8764299665178572,3.8517502345081445,1
2019-07-12,138.89999389648438,86.57401727892426,1.8657172066824776,3.865665517760935,1
2019-07-15,138.89999389648438,86.57401727892426,1.840716770717076,3.865665517760935,1
2019-07-16,137.0800018310547,86.57401727892426,1.6607164655412947,3.8150141075443638,1
2019-07-17,136.27000427246094,86.57401727892426,1.6178577968052454,3.792471416620562,1
2019-07-18,136.4199981689453,86.57401727892426,1.6714281354631697,3.7966458317321017,1
2019-07-19,136.6199951171875,87.0719872076632,1.8721422467912947,3.8022118601010693,1
2019-07-22,138.42999267578125,87.0719872076632,1.8600006103515625,3.8525851175304524,1
2019-07-23,139.2899932861328,87.0719872076632,1.9107153756277901,3.876519421711682,1
2019-07-24,140.72000122070312,87.0719872076632,1.9421430315290178,3.91631735263825,1
2019-07-25,140.19000244140625,87.0719872076632,1.9178564889090401,3.901567186363151,1
2019-07-26,141.33999633789062,87.61196739801373,1.900712149483817,3.933572167980272,1
2019-07-29,141.02999877929688,87.61196739801373,1.9699979509626115,3.924944760309261,1
2019-07-30,140.35000610351562,87.61196739801373,1.9199981689453125,3.9060201789226228,1
2019-07-31,136.27000427246094,87.61196739801373,2.2085702078683034,3.792471416620562,1
2019-08-01,138.05999755859375,87.61196739801373,2.4621407645089284,3.842287943814825,1
2019-08-02,136.89999389648438,88.10239552237663,2.603571210588728,3.8100043847497727,1
2019-08-05,132.2100067138672,88.10239552237663,2.859999520438058,3.679479384553621,1
2019-08-06,134.69000244140625,88.10239552237663,2.985713413783482,3.7484990705824544,1
2019-08-07,135.27999877929688,88.10239552237663,3.1192844935825894,3.764919002902169,1
2019-08-08,138.88999938964844,88.10239552237663,3.080713544573103,3.865387364973747,1
2019-08-09,137.7100067138672,88.59600359393376,3.105712890625,3.832547500334318,1
2019-08-12,135.7899932861328,88.59600359393376,3.1528549194335938,3.7791124389421475,1
2019-08-13,138.60000610351562,88.59600359393376,3.2892837524414062,3.8573166875378555,1
2019-08-14,133.97999572753906,88.59600359393376,3.5414276123046875,3.7287391815127644,1
2019-08-15,133.67999267578125,88.59600359393376,3.601428440638951,3.7203899266289415,1
2019-08-16,136.1300048828125,89.06897873113654,3.647143772670201,3.7885751542962103,1
2019-08-19,138.41000366210938,89.06897873113654,3.718572344098772,3.8520288119560764,1
2019-08-20,137.25999450683594,89.06897873113654,3.4371435982840404,3.8200234056782114,1
2019-08-21,138.7899932861328,89.06897873113654,3.2628587995256697,3.862604138458891,1
2019-08-22,137.77999877929688,89.06897873113654,3.2521438598632812,3.834495419166122,1
2019-08-23,133.38999938964844,89.50998391181825,3.211430140904018,3.71231924919305,1
2019-08-26,135.4499969482422,89.50998391181825,3.1185738699776784,3.7696501482488283,1
2019-08-27,135.74000549316406,89.50998391181825,2.9928599766322543,3.7777212503454636,1
2019-08-28,135.55999755859375,89.50998391181825,2.885716029575893,3.772711527550872,1
2019-08-29,138.1199951171875,89.50998391181825,2.882859366280692,3.843957709859441,1
2019-08-30,137.86000061035156,89.991078605336,2.9035731724330356,3.8367219154458576,1
2019-09-03,136.0399932861328,89.991078605336,2.7864303588867188,3.786070080568543,1
2019-09-04,137.6300048828125,89.991078605336,2.5521447317940846,3.8303210040545825,1
2019-09-05,140.0500030517578,89.991078605336,2.5821446010044644,3.8976709240387994,1
2019-09-06,139.10000610351562,90.47972465009401,2.525000435965402,3.8712319707906464,1
2019-09-09,137.52000427246094,90.47972465009401,2.5871429443359375,3.827259624752539,1
2019-09-10,136.0800018310547,90.47972465009401,2.6971435546875,3.787183541038783,1
2019-09-11,136.1199951171875,90.47972465009401,2.622143336704799,3.788296576848279,1
2019-09-12,137.52000427246094,90.47972465009401,2.5785718645368303,3.827259624752539,1
2019-09-13,137.32000732421875,90.94579711451317,2.2885709490094865,3.821693596383571,1
2019-09-16,136.3300018310547,90.94579711451317,2.252142769949777,3.794141182665178,1
2019-09-17,137.38999938964844,90.94579711451317,2.190000261579241,3.823641515215375,1
2019-09-18,138.52000427246094,90.94579711451317,2.1850008283342635,3.8550901912581197,1
2019-09-19,141.07000732421875,90.94579711451317,2.2542855398995534,3.9260582207795007,1
2019-09-20,139.44000244140625,91.42832652075091,2.2892859322684154,3.8806942614839652,1
2019-09-23,139.13999938964844,91.42832652075091,2.2200001307896207,3.8723450066001424,1
2019-09-24,137.3800048828125,91.42832652075091,2.3742850167410716,3.823363362428187,1
2019-09-25,139.36000061035156,91.42832652075091,2.458571297781808,3.8784677652042294,1
2019-09-26,139.5399932861328,91.42832652075091,2.4414280482700894,3.883477063338077,1
2019-09-27,137.72999572753906,91.88903964718664,2.471429007393973,3.8331038059086944,1
2019-09-30,139.02999877929688,91.88903964718664,2.3628572736467635,3.8692836272980986,1
2019-10-01,137.07000732421875,91.88903964718664,2.510713849748884,3.8147359547571758,1
2019-10-02,134.64999389648438,91.88903964718664,2.5957140241350447,3.747385610112215,1
2019-10-03,136.27999877929688,91.88903964718664,2.741428920200893,3.79274956940775,1
2019-10-04,138.1199951171875,92.34904915435084,2.7635716029575894,3.843957709859441,1
2019-10-07,137.1199951171875,92.34904915435084,2.761427743094308,3.8161271433538597,1
2019-10-08,135.6699981689453,92.34904915435084,2.761427743094308,3.7757729068529158,1
2019-10-09,138.24000549316406,92.34904915435084,2.702856881277902,3.8472976666094167,1
2019-10-10,139.10000610351562,92.34904915435084,2.5621425083705356,3.8712319707906464,1
2019-10-11,139.67999267578125,92.82000381625562,2.6149989536830356,3.8873733256624288,1
2019-10-14,139.5500030517578,92.82000381625562,2.397855486188616,3.883755640786009,1
2019-10-15,141.57000732421875,92.82000381625562,2.2771399361746654,3.939973504032291,1
2019-10-16,140.41000366210938,92.82000381625562,2.298569815499442,3.9076899449672386,1
2019-10-17,139.69000244140625,92.82000381625562,2.2049974714006697,3.8876519031103607,1
2019-10-18,137.41000366210938,93.26368540676164,2.344282967703683,3.824198245450495,1
2019-10-21,138.42999267578125,93.26368540676164,2.218569074358259,3.8525851175304524,1
2019-10-22,136.3699951171875,93.26368540676164,2.237140110560826,3.795254218474674,1
2019-10-23,137.24000549316406,93.26368540676164,2.1164256504603793,3.8194671001038354,1
2019-10-24,139.94000244140625,93.26368540676164,2.2028536115373885,3.894609544736756,1
2019-10-25,140.72999572753906,93.73598700199327,2.258568899972098,3.916595505425438,1
2019-10-28,144.19000244140625,93.73598700199327,2.458569117954799,4.012889452385476,1
2019-10-29,142.8300018310547,93.73598700199327,2.374283926827567,3.975039864951456,1
2019-10-30,144.61000061035156,93.73598700199327,2.429999215262277,4.024578239358531,1
2019-10-31,143.3699951171875,93.73598700199327,2.430713108607701,3.9900681840137424,1
2019-11-01,143.72000122070312,94.23334037730382,2.479285103934152,3.9998090521549936,1
2019-11-04,144.5500030517578,94.23334037730382,2.4107142857142856,4.022908473313915,1
2019-11-05,144.4600067138672,94.23334037730382,2.344285147530692,4.0204038242469915,1
2019-11-06,144.05999755859375,94.23334037730382,2.2671432495117188,4.009271342848312,1
2019-11-07,144.25999450683594,94.23334037730382,2.100714547293527,4.01483737121728,1
2019-11-08,145.9600067138672,94.74803357468257,2.1535720825195312,4.062149674005363,1
2019-11-11,146.11000061035156,94.74803357468257,2.0064293997628346,4.066324089116903,1
2019-11-12,147.07000732421875,94.74803357468257,1.9828589303152901,4.093041619812988,1
2019-11-13,147.30999755859375,94.74803357468257,1.8400028773716517,4.0997206839914515,1
2019-11-14,148.05999755859375,94.74803357468257,1.8021458217075892,4.120593608870638,1
2019-11-15,149.97000122070312,95.29750588956834,1.587146214076451,4.173750092814876,1
2019-11-18,150.33999633789062,95.29750588956834,1.5671463012695312,4.184047266530503,1
2019-11-19,150.38999938964844,95.29750588956834,1.4900033133370536,4.185438879787931,1
2019-11-20,149.6199951171875,95.29750588956834,1.5214320591517858,4.1640092246736256,1
2019-11-21,149.47999572753906,95.29750588956834,1.5107182094029017,4.160112962349274,1
2019-11-22,149.58999633789062,95.8377296751238,1.5250037057059151,4.163174341651318,1
2019-11-25,151.22999572753906,95.8377296751238,1.5714329310825892,4.208816453734041,1
2019-11-26,152.02999877929688,95.8377296751238,1.5621468680245536,4.2310809918706545,1
2019-11-27,152.32000732421875,95.8377296751238,1.5528608049665178,4.23915209396729,1
2019-11-29,151.3800048828125,96.39038912992667,1.4678606305803572,4.212991293506324,1
2019-12-02,149.5500030517578,96.39038912992667,1.5978600638253349,4.162061305841822,1
2019-12-03,149.30999755859375,96.39038912992667,1.697145734514509,4.155381817002614,1
2019-12-04,149.85000610351562,96.39038912992667,1.682859148297991,4.170410560725644,1
2019-12-05,149.92999267578125,96.39038912992667,1.6421454293387276,4.172636632344636,1
2019-12-06,151.75,96.94123102913139,1.6428593226841517,4.223288467221951,1
2019-12-09,151.36000061035156,96.94123102913139,1.6235733032226562,4.212434563271204,1
2019-12-10,151.1300048828125,96.94123102913139,1.6235733032226562,4.206033651879929,1
2019-12-11,151.6999969482422,96.94123102913139,1.5635735648018974,4.221896853964523,1
2019-12-12,153.24000549316406,96.94123102913139,1.643573216029576,4.264756164193135,1
2019-12-13,154.52999877929688,97.51425359380966,1.6850019182477678,4.300657408134607,1
2019-12-16,155.52999877929688,97.51425359380966,1.6571437290736608,4.328487974640189,1
2019-12-17,154.69000244140625,97.51425359380966,1.6621442522321428,4.305110400694079,1
2019-12-18,154.3699951171875,97.51425359380966,1.6850019182477678,4.296204415575136,1
2019-12-19,155.7100067138672,97.51425359380966,1.7550016130719865,4.3334976974347805,1
2019-12-20,157.41000366210938,98.11023120642956,1.7028590611049108,4.38080957556212,1
2019-12-23,157.41000366210938,98.11023120642956,1.556429181780134,4.38080957556212,1
2019-12-24,157.3800048828125,98.11023120642956,1.5285731724330358,4.379974692539812,1
2019-12-26,158.6699981689453,98.11023120642956,1.565000261579241,4.415875936481284,1
2019-12-27,158.9600067138672,98.71570160948865,1.5214287894112724,4.423947038577919,1
2019-12-30,157.58999633789062,98.71570160948865,1.5921434674944197,4.385818873695967,1
2019-12-31,157.6999969482422,98.71570160948865,1.605715070452009,4.38888025299801,1
2020-01-02,160.6199951171875,98.71570160948865,1.712144034249442,4.470145456235019,1
2020-01-03,158.6199951171875,99.31176423145581,1.7221439906529017,4.414484323223856,1
2020-01-06,159.02999877929688,99.31176423145581,1.7600021362304688,4.4258949574097235,1
2020-01-07,157.5800018310547,99.31176423145581,1.8300018310546875,4.385540720908779,1
2020-01-08,160.08999633789062,99.31176423145581,1.970001220703125,4.45539528995992,1
2020-01-09,162.08999633789062,99.31176423145581,2.0292870657784596,4.511056422971083,1
2020-01-10,161.33999633789062,99.92896057082332,2.0307159423828125,4.490183498091897,1
2020-01-13,163.27999877929688,99.92896057082332,1.9785733904157365,4.5441748650584435,1
2020-01-14,162.1300048828125,99.92896057082332,2.0521458217075894,4.512169883441322,1
2020-01-15,163.17999267578125,99.92896057082332,2.139287676130022,4.541391638543588,1
2020-01-16,166.1699981689453,99.92896057082332,2.261432102748326,4.624605185273143,1
2020-01-17,167.10000610351562,100.59732918308893,2.3121468680245534,4.65048783294692,1
2020-01-21,166.5,100.59732918308893,2.274289812360491,4.633789323179275,1
2020-01-22,165.6999969482422,100.59732918308893,2.309290204729353,4.61152478504266,1
2020-01-23,166.72000122070312,100.59732918308893,2.2021473475864957,4.639912081783362,1
2020-01-24,165.0399932861328,101.23854972142767,2.239290509905134,4.593156509230399,1
2020-01-27,162.27999877929688,101.23854972142767,2.4000037057059154,4.516344298552862,1
2020-01-28,165.4600067138672,101.23854972142767,2.480718340192522,4.604845720864197,1
2020-01-29,168.0399932861328,101.23854972142767,2.4857177734375,4.676648208747142,1
2020-01-30,172.77999877929688,101.23854972142767,2.7628609793526784,4.808565246861465,1
2020-01-31,170.22999572753906,101.92503177123973,2.845717293875558,4.737597217340084,1
2020-02-03,174.3800048828125,101.92503177123973,3.004288809640067,4.853094323134693,1
2020-02-04,180.1199951171875,101.92503177123973,3.317145211356027,5.012841503093853,1
2020-02-05,179.89999389648438,101.92503177123973,3.6014306204659596,5.006718744489765,1
2020-02-06,183.6300048828125,101.92503177123973,3.6628592354910716,5.110527063311319,1
2020-02-07,183.88999938964844,102.74060358833832,3.742144993373326,5.117762857724902,1
2020-02-10,188.6999969482422,102.74060358833832,4.015715462820871,5.2516278146710285,1
2020-02-11,184.44000244140625,102.74060358833832,4.4007143293108255,5.1330697542351205,1
2020-02-12,184.7100067138672,102.74060358833832,4.577142987932477,5.140584126096636,1
2020-02-13,183.7100067138672,102.74060358833832,4.597142900739398,5.112753559591055,1
2020-02-14,185.35000610351562,103.56258769296694,4.448572431291852,5.1583956716737775,1
2020-02-18,187.22999572753906,103.56258769296694,4.367857796805246,5.210716847934965,1
2020-02-19,187.27999877929688,103.56258769296694,4.255000523158482,5.2121084611923925,1
2020-02-20,184.4199981689453,103.56258769296694,4.267142159598214,5.1325130240000005,1
2020-02-21,178.58999633789062,104.30912907251843,4.550713675362723,4.970260770313173,1
2020-02-24,170.88999938964844,104.30912907251843,5.342856270926339,4.755965493152346,1
2020-02-25,168.07000732421875,104.30912907251843,5.409285409109933,4.677483516430194,1
2020-02-26,170.1699981689453,104.30912907251843,5.366427830287388,4.735927451295468,1
2020-02-27,158.17999267578125,104.30912907251843,5.9571413312639505,4.402238806015681,1
2020-02-28,162.00999450683594,104.883267037039,6.568569728306362,4.508829926691347,1
2020-03-02,172.7899932861328,104.883267037039,6.948570251464844,4.808843399648653,1
2020-03-03,164.50999450683594,104.883267037039,7.344285147530692,4.5784063429553,1
2020-03-04,170.5500030517578,104.883267037039,7.5007138933454245,4.746503202459027,1
2020-03-05,166.27000427246094,104.883267037039,7.630713326590402,4.627388411787999,1
2020-03-06,161.57000732421875,105.44731420407562,8.167141505650111,4.496584834143916,1
2020-03-09,150.6199951171875,105.44731420407562,8.825714111328125,4.1918397911792065,1
2020-03-10,160.9199981689453,105.44731420407562,9.4471435546875,4.478494711118842,1
2020-03-11,153.6300048828125,105.44731420407562,9.703572954450335,4.275610068143882,1
2020-03-12,139.05999755859375,105.44731420407562,10.266430446079799,3.8701185103204065,1
2020-03-13,158.8300018310547,105.9784852252396,10.801430838448661,4.420328929040756,1
2020-03-16,135.4199981689453,105.9784852252396,11.990002223423549,3.7688152652265203,1
2020-03-17,146.57000732421875,105.9784852252396,12.51214599609375,4.079126336560197,1
2020-03-18,140.39999389648438,105.9784852252396,12.466431753976005,3.9074113675193067,1
2020-03-19,142.7100067138672,105.9784852252396,12.426430838448661,3.9717003328622242,1
2020-03-20,137.35000610351562,106.29063966183936,12.45000239780971,3.822528479405879,1
2020-03-23,135.97999572753906,106.29063966183936,12.115002223423549,3.784400314523927,1
2020-03-24,148.33999633789062,106.29063966183936,12.645717075892858,4.12838613351934,1
2020-03-25,146.9199981689453,106.29063966183936,12.98214612688337,4.088866780040704,1
2020-03-26,156.11000061035156,106.29063966183936,12.944289071219307,4.344629754172715,1
2020-03-27,149.6999969482422,106.72257356518665,12.611431666782924,4.166235720953361,1
2020-03-30,160.22999572753906,106.72257356518665,12.646432059151786,4.459291552284272,1
2020-03-31,157.7100067138672,106.72257356518665,12.535717555454799,4.389158830445942,1
2020-04-01,152.11000061035156,106.72257356518665,11.955716814313616,4.23330748815039,1
2020-04-02,155.25999450683594,106.72257356518665,10.689287458147321,4.320973602778674,1
2020-04-03,153.8300018310547,107.19130419469778,9.35785893031529,4.28117609651285,1
2020-04-06,165.27000427246094,107.19130419469778,9.370001656668526,4.599557845282417,1
2020-04-07,163.49000549316406,107.19130419469778,9.026430402483259,4.550019470875343,1
2020-04-08,165.1300048828125,107.19130419469778,8.457144601004464,4.5956615829580665,1
2020-04-09,165.13999938964844,107.19130419469778,7.942858014787946,4.5959397357452545,1
2020-04-13,165.50999450683594,107.76790812698586,7.601429530552456,4.606236909460881,1
2020-04-14,173.6999969482422,107.76790812698586,7.217143467494419,4.83416931708731,1
2020-04-15,171.8800048828125,107.76790812698586,6.829285757882254,4.783517906870739,1
2020-04-16,177.0399932861328,107.76790812698586,6.519284929547991,4.927123307297373,1
2020-04-17,178.60000610351562,108.4727051217772,6.320713588169643,4.970539347761105,1
2020-04-20,175.05999755859375,108.4727051217772,5.810712541852679,4.8720189045213305,1
2020-04-21,167.82000732421875,108.4727051217772,5.862855093819754,4.670525874803799,1
2020-04-22,173.52000427246094,108.4727051217772,5.8092836652483255,4.829160018953463,1
2020-04-23,171.4199981689453,108.4727051217772,5.739997863769531,4.770715659427445,1
2020-04-24,174.5500030517578,109.13019067331929,5.644282749720982,4.8578254684813515,1
2020-04-27,174.0500030517578,109.13019067331929,4.996425083705357,4.8439101852285615,1
2020-04-28,169.80999755859375,109.13019067331929,4.963567461286273,4.72590843036703,1
2020-04-29,177.42999267578125,109.13019067331929,5.298567635672433,4.93797721124812,1
2020-04-30,179.2100067138672,109.13019067331929,5.307853698730469,4.987516010315939,1
2020-05-01,174.57000732421875,109.78133312755709,5.445711408342634,4.8583821987164715,1
2020-05-04,178.83999633789062,109.78133312755709,5.228567940848214,4.977218411939568,1
2020-05-05,180.75999450683594,109.78133312755709,5.253568376813616,5.030653048670995,1
2020-05-06,182.5399932861328,109.78133312755709,5.113568987165179,5.08019142307807,1
2020-05-07,183.60000610351562,109.78133312755709,4.962140764508929,5.109692180289011,1
2020-05-08,184.67999267578125,110.52659342156927,4.810712541852679,5.139748818413584,1
2020-05-11,186.74000549316406,110.52659342156927,4.504283360072544,5.1970801421301065,1
2020-05-12,182.50999450683594,110.52659342156927,4.401426042829241,5.079356540055762,1
2020-05-13,179.75,110.52659342156927,4.641427176339286,5.0025443293782255,1
2020-05-14,180.52999877929688,110.52659342156927,4.7242856706891745,5.02425213727972,1
2020-05-15,183.16000366210938,111.24931392147515,5.1857147216796875,5.097446663080836,1
2020-05-18,184.91000366210938,111.24931392147515,4.954285757882254,5.146150154465603,1
2020-05-19,183.6300048828125,111.24931392147515,4.614286150251116,5.110527063311319,1
2020-05-20,185.66000366210938,111.24931392147515,4.475000653948102,5.167023079344789,1
2020-05-21,183.42999267578125,111.24931392147515,4.345000130789621,5.104960610281608,1
2020-05-22,183.50999450683594,111.96832566859317,4.110715593610491,5.1071871065613434,1
2020-05-26,181.57000732421875,111.96832566859317,4.152858189174107,5.0531961642555405,1
2020-05-27,181.80999755859375,111.96832566859317,4.292143685477121,5.059875228434004,1
2020-05-28,181.39999389648438,111.96832566859317,4.41785648890904,5.048464594248137,1
2020-05-29,183.25,112.67759605995046,4.5764280046735495,5.09995131214776,1
2020-06-01,182.8300018310547,112.67759605995046,4.371428353445871,5.088262525174705,1
2020-06-02,184.91000366210938,112.67759605995046,4.293571472167969,5.146150154465603,1
2020-06-03,185.36000061035156,112.67759605995046,3.925713675362723,5.1586738244609665,1
2020-06-04,182.9199981689453,112.67759605995046,3.8207124982561385,5.090767174241629,1
2020-06-05,187.1999969482422,113.41911248669965,3.5107127598353793,5.209881964912657,1
2020-06-08,188.36000061035156,113.41911248669965,3.587141854422433,5.24216552397771,1
2020-06-09,189.8000030517578,113.41911248669965,3.610713413783482,5.282241607691466,1
2020-06-10,196.83999633789062,113.41911248669965,4.074999128069196,5.47816860904003,1
2020-06-11,186.27000427246094,113.41911248669965,4.602855137416294,5.1839997418996235,1
2020-06-12,187.74000549316406,114.1586238598983,4.932854788643973,5.224910708635687,1
2020-06-15,188.94000244140625,114.1586238598983,5.033570425851004,5.258307303510236,1
2020-06-16,193.57000732421875,114.1586238598983,5.122856140136719,5.387162962322515,1
2020-06-17,194.24000549316406,114.1586238598983,5.0499997820172995,5.4058093909219656,1
2020-06-18,196.32000732421875,114.1586238598983,4.952142987932477,5.463697020212863,1
2020-06-19,195.14999389648438,114.9645081388693,5.175714765276227,5.431134883699879,1
2020-06-22,200.57000732421875,114.9645081388693,5.315715244838169,5.581976927861584,1
2020-06-23,201.91000366210938,114.9645081388693,5.388571602957589,5.619269785060484,1
2020-06-24,197.83999633789062,114.9645081388693,5.613572256905692,5.505999175545612,1
2020-06-25,200.33999633789062,114.9645081388693,5.5721435546875,5.575575591809565,1
2020-06-26,196.3300018310547,115.7741150412791,5.668571472167969,5.463975173000051,1
2020-06-29,198.44000244140625,115.7741150412791,5.778570992606027,5.522697685313258,1
2020-06-30,203.50999450683594,115.7741150412791,5.6314272199358255,5.663798436672968,1
2020-07-01,204.6999969482422,115.7741150412791,5.1892852783203125,5.696916878760328,1
2020-07-02,206.25999450683594,115.7741150412791,4.959285191127232,5.740332494563316,1
2020-07-06,210.6999969482422,116.67447205088664,4.820713588169643,5.863900277793816,1
2020-07-07,208.25,116.67447205088664,4.823570251464844,5.795715474787291,1
2020-07-08,212.8300018310547,116.67447205088664,4.984998430524554,5.923179520342142,1
2020-07-09,214.32000732421875,116.67447205088664,5.1578554425920755,5.964647217313326,1
2020-07-10,213.6699981689453,117.63960166400165,5.037855965750558,5.946557094288251,1
2020-07-13,207.07000732421875,117.63960166400165,5.301427568708148,5.762875610147861,1
2020-07-14,208.35000610351562,117.63960166400165,5.547143118722098,5.7984987013021465,1
2020-07-15,208.0399932861328,117.63960166400165,5.519286019461496,5.789870868970391,1
2020-07-16,203.9199981689453,117.63960166400165,5.561428615025112,5.675209070858835,1
2020-07-17,202.8800048828125,118.48776488010922,5.432143075125558,5.646265468543757,1
2020-07-20,211.60000610351562,118.48776488010922,5.7492861066545755,5.888948042445286,1
2020-07-21,208.75,118.48776488010922,5.695715767996652,5.809630758040081,1
2020-07-22,211.75,118.48776488010922,5.647858755929129,5.893122457556825,1
2020-07-23,202.5399932861328,118.48776488010922,6.096430097307477,5.636802753189695,1
2020-07-24,201.3000030517578,119.31176724997638,6.130715506417411,5.60229312250565,1
2020-07-27,203.85000610351562,119.31176724997638,5.875716073172433,5.673261152027031,1
2020-07-28,202.02000427246094,119.31176724997638,5.729287283761161,5.622331164362528,1
2020-07-29,204.05999755859375,119.31176724997638,5.567144121442523,5.679105333183186,1
2020-07-30,203.89999389648438,119.31176724997638,5.685000828334263,5.674652340623715,1
2020-07-31,205.00999450683594,120.16448592914912,5.455715724400112,5.70554428643134,1
2020-08-03,216.5399932861328,120.16448592914912,5.8707155500139505,6.026430684267831,1
2020-08-04,213.2899932861328,120.16448592914912,5.865715026855469,5.935981343124693,1
2020-08-05,212.94000244140625,120.16448592914912,5.701429094587054,5.926240899644186,1
2020-08-06,216.35000610351562,120.16448592914912,5.785000392368862,6.0211432333467965,1
2020-08-07,212.47999572753906,121.08304821570027,5.499287196568081,5.913438652200891,1
2020-08-10,208.25,121.08304821570027,5.515000479561942,5.795715474787291,1
2020-08-11,203.3800048828125,121.08304821570027,5.600714547293527,5.660180751796548,1
2020-08-12,209.19000244140625,121.08304821570027,5.407856532505581,5.821876275248256,1
2020-08-13,208.6999969482422,121.08304821570027,5.254285539899554,5.808239144782654,1
2020-08-14,208.89999389648438,121.95684867023544,5.180714198521206,5.8138051731516205,1
2020-08-17,210.27999877929688,121.95684867023544,5.1328582763671875,5.8522114908207605,1
2020-08-18,211.49000549316406,121.95684867023544,5.169286455426898,5.885886663143242,1
2020-08-19,209.6999969482422,121.95684867023544,5.023572649274554,5.836069711288235,1
2020-08-20,214.5800018310547,121.95684867023544,5.0235715593610495,5.971883011726909,1
2020-08-21,213.02000427246094,122.86294972100386,4.364285060337612,5.928467395923922,1
2020-08-24,213.69000244140625,122.86294972100386,4.140000479561942,5.947113824523371,1
2020-08-25,216.47000122070312,122.86294972100386,4.145714896065848,6.024482765436027,1
2020-08-26,221.14999389648438,122.86294972100386,4.202857971191406,6.154729612844991,1
2020-08-27,226.5800018310547,122.86294972100386,4.654999869210379,6.305849809793884,1
2020-08-28,228.91000366210938,123.91814428758204,4.507143293108259,6.370695080711177,1
2020-08-31,225.52999877929688,123.91814428758204,4.4707151140485495,6.276627630030875,1
2020-09-01,227.27000427246094,123.91814428758204,4.193572998046875,6.325052968628453,1
2020-09-02,231.64999389648438,123.91814428758204,4.364286150251116,6.446950561153594,1
2020-09-03,217.3000030517578,123.91814428758204,5.407856532505581,6.0475821865949495,1
2020-09-04,214.25,124.81696872253147,6.184998648507254,5.962698873820778,1
2020-09-08,202.66000366210938,124.81696872253147,6.820713588169643,5.64014270993967,1
2020-09-09,211.2899932861328,124.81696872253147,7.487141200474331,5.88032021011353,1
2020-09-10,205.3699951171875,124.81696872253147,7.811427525111607,5.715563307359779,1
2020-09-11,204.02999877929688,125.60515807633013,8.096427917480469,5.678270450160879,1
2020-09-14,205.41000366210938,125.60515807633013,8.244998386928014,5.716676767830019,1
2020-09-15,208.77999877929688,125.60515807633013,8.306427001953125,5.810465641062389,1
2020-09-16,205.0500030517578,125.60515807633013,8.334284101213727,5.70665774690158,1
2020-09-17,202.91000366210938,125.60515807633013,7.8585695539202005,5.647100351566065,1
2020-09-18,200.38999938964844,126.349285850592,8.097140720912389,5.5769672050669925,1
2020-09-21,202.5399932861328,126.349285850592,8.220711844308036,5.636802753189695,1
2020-09-22,207.4199981689453,126.349285850592,8.43499755859375,5.772616053628369,1
2020-09-23,200.58999633789062,126.349285850592,8.61214120047433,5.58253323343596,1
2020-09-24,203.19000244140625,126.349285850592,7.875,5.6548928762147685,1
2020-09-25,207.82000732421875,127.15993979560321,7.3985715593610495,5.783748535027048,1
2020-09-28,209.44000244140625,127.15993979560321,6.877142769949777,5.828833916874651,1
2020-09-29,207.25999450683594,127.15993979560321,6.240001133510044,5.768163061068897,1
2020-09-30,210.3300018310547,127.15993979560321,5.869286673409598,5.853603104078188,1
2020-10-01,212.4600067138672,127.15993979560321,5.602858407156808,5.912882346626515,1
2020-10-02,206.19000244140625,127.94630857814852,5.7278594970703125,5.738384575731512,1
2020-10-05,210.3800048828125,127.94630857814852,5.717145647321429,5.854994717335616,1
2020-10-06,205.91000366210938,127.94630857814852,5.685003008161273,5.730592051082809,1
2020-10-07,209.8300018310547,127.94630857814852,5.621431623186384,5.839687820825398,1
2020-10-08,210.5800018310547,127.94630857814852,5.297860281808036,5.860560745704584,1
2020-10-09,215.80999755859375,128.820574140143,5.222860063825335,6.006114489623766,1
2020-10-12,221.39999389648438,128.820574140143,5.367859976632254,6.161687254471386,1
2020-10-13,222.86000061035156,128.820574140143,5.132860456194196,6.202320068420262,1
2020-10-14,220.86000061035156,128.820574140143,5.0414308820452005,6.1466589354091,1
2020-10-15,219.66000366210938,128.820574140143,4.92357417515346,6.1132623405345505,1
2020-10-16,219.66000366210938,129.72444906075958,4.796430315290179,6.1132623405345505,1
2020-10-19,214.22000122070312,129.72444906075958,5.176429748535156,5.96186399079847,1
2020-10-20,214.64999389648438,129.72444906075958,5.093572344098773,5.973830930558713,1
2020-10-21,214.8000030517578,129.72444906075958,5.103572300502232,5.978005770330997,1
2020-10-22,214.88999938964844,129.72444906075958,4.920714242117746,5.980510419397921,1
2020-10-23,216.22999572753906,130.58520076888672,4.842142377580915,6.017803276596821,1
2020-10-26,210.0800018310547,130.58520076888672,5.033570425851004,5.846645462451794,1
2020-10-27,213.25,130.58520076888672,5.061427525111607,5.934868307315197,1
2020-10-28,202.67999267578125,130.58520076888672,5.652856009347098,5.640699015514046,1
2020-10-29,204.72000122070312,130.58520076888672,5.609999520438058,5.697473608995448,1
2020-10-30,202.47000122070312,131.30047241517346,5.399285452706473,5.63485483435789,1
2020-11-02,202.3300018310547,131.30047241517346,5.426427568708148,5.630958572033539,1
2020-11-03,206.42999267578125,131.30047241517346,5.476427350725446,5.745063639909976,1
2020-11-04,216.38999938964844,131.30047241517346,5.979285103934152,6.022256269156292,1
2020-11-05,223.2899932861328,131.30047241517346,6.319285801478794,6.214287008180505,1
2020-11-06,223.72000122070312,132.220069716721,6.158571515764509,6.226254372601492,1
2020-11-09,218.38999938964844,132.220069716721,6.584285191127232,6.077917402167454,1
2020-11-10,211.00999450683594,132.220069716721,6.932141985212054,5.872527685464827,1
2020-11-11,216.5500030517578,132.220069716721,7.122856140136719,6.026709261715763,1
2020-11-12,215.44000244140625,132.220069716721,7.232141767229352,5.9958173159081385,1
2020-11-13,216.50999450683594,133.05877543602566,6.876427786690848,6.025595801245523,1
2020-11-16,217.22999572753906,133.05877543602566,6.778570992606027,6.045633843102402,1
2020-11-17,214.4600067138672,133.05877543602566,6.239285060337612,5.9685434796376775,1
2020-11-18,211.0800018310547,133.05877543602566,6.207856314522879,5.874476028957375,1
2020-11-19,212.4199981689453,133.05877543602566,6.064999171665737,5.911768886156275,1
2020-11-20,210.38999938964844,133.82824035098707,5.931427001953125,5.855272870122804,1
2020-11-23,210.11000061035156,133.82824035098707,5.812855311802456,5.847480345474102,1
2020-11-24,213.86000061035156,133.82824035098707,5.348568507603237,5.951844969870031,1
2020-11-25,213.8699951171875,133.82824035098707,4.998567853655134,5.952123122657219,1
2020-11-27,215.22999572753906,134.63820806617665,4.717854091099331,5.989972710091239,1
2020-11-30,214.07000732421875,134.63820806617665,4.29999760219029,5.95768957568693,1
2020-12-01,216.2100067138672,134.63820806617665,3.9642835344587053,6.017246971022445,1
2020-12-02,215.3699951171875,134.63820806617665,3.705712454659598,5.993868972415591,1
2020-12-03,214.24000549316406,134.63820806617665,3.568570818219866,5.96242072103359,1
2020-12-04,214.36000061035156,135.43145973328288,3.4928577968052457,5.965760253122822,1
2020-12-07,214.2899932861328,135.43145973328288,3.4449996948242188,5.963811909630274,1
2020-12-08,216.00999450683594,135.43145973328288,3.4778573172433034,6.011680517992733,1
2020-12-09,211.8000030517578,135.43145973328288,3.5178560529436385,5.894514070814252,1
2020-12-10,210.52000427246094,135.43145973328288,3.4907128470284596,5.858890979659968,1
2020-12-11,213.25999450683594,136.20587301461177,3.5564280918666293,5.935146460102385,1
2020-12-14,214.1999969482422,136.20587301461177,3.499286106654576,5.96130726056335,1
2020-12-15,214.1300048828125,136.20587301461177,3.341428484235491,5.959359341731546,1
2020-12-16,219.27999877929688,136.20587301461177,3.5664291381835938,6.102686589370992,1
2020-12-17,219.4199981689453,136.20587301461177,3.607142857142857,6.106582851695344,1
2020-12-18,218.58999633789062,137.0256155352414,3.5557141985212053,6.083483430536422,1
2020-12-21,222.58999633789062,137.0256155352414,3.752142769949777,6.194805696558747,1
2020-12-22,223.94000244140625,137.0256155352414,3.778570992606027,6.232377131205579,1
2020-12-23,221.02000427246094,137.0256155352414,3.807855878557478,6.1511119279685715,1
2020-12-24,222.75,137.0256155352414,3.835711887904576,6.199258689118218,1
2020-12-28,224.9600067138672,137.8785944851395,3.8878555297851562,6.26076442794628,1
2020-12-29,224.14999389648438,137.8785944851395,3.8549979073660716,6.238221312361735,1
2020-12-30,221.67999267578125,137.8785944851395,3.8092847551618303,6.169479779120089,1
2020-12-31,222.4199981689453,137.8785944851395,3.852142333984375,6.190074551212088,0
