strategy,top_n,signal_date,trade_date,action,ticker,company,nasdaq100_date_added,date_source,price,old_weight,new_weight,rank,score,skipped_not_yet_nasdaq100_before_buy,equity_before_trade
Nasdaq-100 Top1 current-member baseline,1,2019-12-31,2020-01-02,BUY,PDD,PDD Holdings,2020-08-24,Wikipedia Nasdaq-100 changes table,38.5,0.0,1.0,1,0.770064091986985,0,1.0
Nasdaq-100 Top1 current-member baseline,1,2020-01-31,2020-02-03,SELL,PDD,PDD Holdings,2020-08-24,Wikipedia Nasdaq-100 changes table,35.0,1.0,0.0,,,,0.909090909090909
Nasdaq-100 Top1 current-member baseline,1,2020-01-31,2020-02-03,BUY,TSLA,"Tesla, Inc.",2013-07-15,Wikipedia Nasdaq-100 changes table,44.91266632080078,0.0,1.0,1,0.7888817113529452,0,0.909090909090909
Nasdaq-100 Top1 current-member baseline,1,2020-04-30,2020-05-01,SELL,TSLA,"Tesla, Inc.",2013-07-15,Wikipedia Nasdaq-100 changes table,50.33333206176758,1.0,0.0,,,,1.0188122494169256
Nasdaq-100 Top1 current-member baseline,1,2020-04-30,2020-05-01,BUY,DXCM,DexCom,2020-04-20,Wikipedia Nasdaq-100 changes table,82.75,0.0,1.0,1,0.739020895002303,0,1.0188122494169256
Nasdaq-100 Top1 current-member baseline,1,2020-05-29,2020-06-01,SELL,DXCM,DexCom,2020-04-20,Wikipedia Nasdaq-100 changes table,95.625,1.0,0.0,,,,1.1773283546887436
Nasdaq-100 Top1 current-member baseline,1,2020-05-29,2020-06-01,BUY,TSLA,"Tesla, Inc.",2013-07-15,Wikipedia Nasdaq-100 changes table,57.20000076293945,0.0,1.0,1,1.4337529042314907,0,1.1773283546887436
Nasdaq-100 Top1 current-member baseline,1,2020-06-30,2020-07-01,SELL,TSLA,"Tesla, Inc.",2013-07-15,Wikipedia Nasdaq-100 changes table,72.19999694824219,1.0,0.0,,,,1.4860682252067516
Nasdaq-100 Top1 current-member baseline,1,2020-06-30,2020-07-01,BUY,ZS,Zscaler,2021-12-20,Wikipedia Nasdaq-100 changes table,109.3000030517578,0.0,1.0,1,1.365161362514701,0,1.4860682252067516
Nasdaq-100 Top1 current-member baseline,1,2020-07-31,2020-08-03,SELL,ZS,Zscaler,2021-12-20,Wikipedia Nasdaq-100 changes table,131.0500030517578,1.0,0.0,,,,1.7817862764033383
Nasdaq-100 Top1 current-member baseline,1,2020-07-31,2020-08-03,BUY,PDD,PDD Holdings,2020-08-24,Wikipedia Nasdaq-100 changes table,92.97000122070312,0.0,1.0,1,1.4261781370414242,0,1.7817862764033383
Nasdaq-100 Top1 current-member baseline,1,2020-09-30,2020-10-01,SELL,PDD,PDD Holdings,2020-08-24,Wikipedia Nasdaq-100 changes table,74.87999725341797,1.0,0.0,,,,1.435088197606143
Nasdaq-100 Top1 current-member baseline,1,2020-09-30,2020-10-01,BUY,TSLA,"Tesla, Inc.",2013-07-15,Wikipedia Nasdaq-100 changes table,146.9199981689453,0.0,1.0,1,4.174017995285337,0,1.435088197606143
Nasdaq-100 Top1 current-member baseline,1,2020-12-31,2021-01-04,SELL,TSLA,"Tesla, Inc.",2013-07-15,Wikipedia Nasdaq-100 changes table,239.82000732421875,1.0,0.0,,,,2.3425188289551127
Nasdaq-100 Top1 current-member baseline,1,2020-12-31,2021-01-04,BUY,MSTR,MicroStrategy,2024-12-23,Wikipedia Nasdaq-100 changes table,41.632999420166016,0.0,1.0,1,1.7609716637224797,0,2.3425188289551127
Nasdaq-100 Top1 current-member baseline,1,2021-06-30,2021-07-01,SELL,MSTR,MicroStrategy,2024-12-23,Wikipedia Nasdaq-100 changes table,65.05899810791016,1.0,0.0,,,,3.660604092505399
Nasdaq-100 Top1 current-member baseline,1,2021-06-30,2021-07-01,BUY,FANG,Diamondback Energy,2022-12-19,Wikipedia Nasdaq-100 changes table,78.46908620610809,0.0,1.0,1,0.862541427589512,0,3.660604092505399
Nasdaq-100 Top1 current-member baseline,1,2021-08-31,2021-09-01,SELL,FANG,Diamondback Energy,2022-12-19,Wikipedia Nasdaq-100 changes table,62.78097823968585,1.0,0.0,,,,2.928749613217713
Nasdaq-100 Top1 current-member baseline,1,2021-08-31,2021-09-01,BUY,FTNT,Fortinet,2021-12-20,Wikipedia Nasdaq-100 changes table,63.507999420166016,0.0,1.0,1,0.6754178500113119,0,2.928749613217713
Nasdaq-100 Top1 current-member baseline,1,2021-10-29,2021-11-01,SELL,FTNT,Fortinet,2021-12-20,Wikipedia Nasdaq-100 changes table,67.26799774169922,1.0,0.0,,,,3.102146566836645
Nasdaq-100 Top1 current-member baseline,1,2021-10-29,2021-11-01,BUY,DDOG,Datadog,2021-12-20,Wikipedia Nasdaq-100 changes table,167.4600067138672,0.0,1.0,1,0.7631284686528661,0,3.102146566836645
Nasdaq-100 Top1 current-member baseline,1,2021-11-30,2021-12-01,SELL,DDOG,Datadog,2021-12-20,Wikipedia Nasdaq-100 changes table,182.8500061035156,1.0,0.0,,,,3.38724170511519
Nasdaq-100 Top1 current-member baseline,1,2021-11-30,2021-12-01,BUY,TSLA,"Tesla, Inc.",2013-07-15,Wikipedia Nasdaq-100 changes table,386.8999938964844,0.0,1.0,1,0.840957230808149,0,3.38724170511519
Nasdaq-100 Top1 current-member baseline,1,2022-01-31,2022-02-01,SELL,TSLA,"Tesla, Inc.",2013-07-15,Wikipedia Nasdaq-100 changes table,311.7366638183594,1.0,0.0,,,,2.7291999104593803
Nasdaq-100 Top1 current-member baseline,1,2022-01-31,2022-02-01,BUY,DDOG,Datadog,2021-12-20,Wikipedia Nasdaq-100 changes table,147.88999938964844,0.0,1.0,1,0.6028845030747563,0,2.7291999104593803
Nasdaq-100 Top1 current-member baseline,1,2022-02-28,2022-03-01,SELL,DDOG,Datadog,2021-12-20,Wikipedia Nasdaq-100 changes table,160.24000549316406,1.0,0.0,,,,2.957110084852463
Nasdaq-100 Top1 current-member baseline,1,2022-02-28,2022-03-01,BUY,FANG,Diamondback Energy,2022-12-19,Wikipedia Nasdaq-100 changes table,114.13524314726315,0.0,1.0,1,0.6855610904233194,0,2.957110084852463
Nasdaq-100 Top1 current-member baseline,1,2022-04-29,2022-05-02,SELL,FANG,Diamondback Energy,2022-12-19,Wikipedia Nasdaq-100 changes table,101.77687796798406,1.0,0.0,,,,2.636919359391938
Nasdaq-100 Top1 current-member baseline,1,2022-04-29,2022-05-02,BUY,BKR,Baker Hughes,2022-12-19,Wikipedia Nasdaq-100 changes table,27.896569016950824,0.0,1.0,1,0.49304865275139753,0,2.636919359391938
Nasdaq-100 Top1 current-member baseline,1,2022-05-31,2022-06-01,SELL,BKR,Baker Hughes,2022-12-19,Wikipedia Nasdaq-100 changes table,33.31261737313318,1.0,0.0,,,,3.1488705872702534
Nasdaq-100 Top1 current-member baseline,1,2022-05-31,2022-06-01,BUY,VRTX,Vertex Pharmaceuticals,,No add date found; assumed already member before test window,275.3299865722656,0.0,1.0,1,0.4371679572012275,0,3.1488705872702534
Nasdaq-100 Top1 current-member baseline,1,2022-06-30,2022-07-01,SELL,VRTX,Vertex Pharmaceuticals,,No add date found; assumed already member before test window,280.1700134277344,1.0,0.0,,,,3.2042245950066524
Nasdaq-100 Top1 current-member baseline,1,2022-06-30,2022-07-01,BUY,BKR,Baker Hughes,2022-12-19,Wikipedia Nasdaq-100 changes table,26.54613770617282,0.0,1.0,1,0.4999588441914331,0,3.2042245950066524
Nasdaq-100 Top1 current-member baseline,1,2022-07-29,2022-08-01,SELL,BKR,Baker Hughes,2022-12-19,Wikipedia Nasdaq-100 changes table,23.263206103683373,1.0,0.0,,,,2.8079616696480154
Nasdaq-100 Top1 current-member baseline,1,2022-07-29,2022-08-01,BUY,TMUS,T-Mobile US,2015-12-21,Wikipedia Nasdaq-100 changes table,137.49199170874357,0.0,1.0,1,0.2672827696615574,0,2.8079616696480154
Nasdaq-100 Top1 current-member baseline,1,2022-08-31,2022-09-01,SELL,TMUS,T-Mobile US,2015-12-21,Wikipedia Nasdaq-100 changes table,137.9631716128819,1.0,0.0,,,,2.8175844490832826
Nasdaq-100 Top1 current-member baseline,1,2022-08-31,2022-09-01,BUY,CEG,Constellation Energy,2022-02-02,Wikipedia Nasdaq-100 changes table,79.25524266217225,0.0,1.0,1,0.3344562993329263,0,2.8175844490832826
Nasdaq-100 Top1 current-member baseline,1,2022-09-30,2022-10-03,SELL,CEG,Constellation Energy,2022-02-02,Wikipedia Nasdaq-100 changes table,82.59678766722348,1.0,0.0,,,,2.936378927857089
Nasdaq-100 Top1 current-member baseline,1,2022-09-30,2022-10-03,BUY,PDD,PDD Holdings,2020-08-24,Wikipedia Nasdaq-100 changes table,62.40999984741211,0.0,1.0,1,0.777611617222383,0,2.936378927857089
Nasdaq-100 Top1 current-member baseline,1,2022-10-31,2022-11-01,SELL,PDD,PDD Holdings,2020-08-24,Wikipedia Nasdaq-100 changes table,59.630001068115234,1.0,0.0,,,,2.805580500442348
Nasdaq-100 Top1 current-member baseline,1,2022-10-31,2022-11-01,BUY,ALNY,Alnylam Pharmaceuticals,2025-12-22,Wikipedia Nasdaq-100 changes table,209.4600067138672,0.0,1.0,1,0.43948219539128597,0,2.805580500442348
Nasdaq-100 Top1 current-member baseline,1,2022-11-30,2022-12-01,SELL,ALNY,Alnylam Pharmaceuticals,2025-12-22,Wikipedia Nasdaq-100 changes table,220.3500061035156,1.0,0.0,,,,2.9514449564631255
Nasdaq-100 Top1 current-member baseline,1,2022-11-30,2022-12-01,BUY,DXCM,DexCom,2020-04-20,Wikipedia Nasdaq-100 changes table,116.38999938964844,0.0,1.0,1,0.7020256640086218,0,2.9514449564631255
Nasdaq-100 Top1 current-member baseline,1,2022-12-30,2023-01-03,SELL,DXCM,DexCom,2020-04-20,Wikipedia Nasdaq-100 changes table,114.3000030517578,1.0,0.0,,,,2.898446338172538
Nasdaq-100 Top1 current-member baseline,1,2022-12-30,2023-01-03,BUY,AXON,Axon Enterprise,2024-12-23,Wikipedia Nasdaq-100 changes table,167.8800048828125,0.0,1.0,1,0.9739353443411671,0,2.898446338172538
Nasdaq-100 Top1 current-member baseline,1,2023-01-31,2023-02-01,SELL,AXON,Axon Enterprise,2024-12-23,Wikipedia Nasdaq-100 changes table,197.16000366210935,1.0,0.0,,,,3.4039651776721547
Nasdaq-100 Top1 current-member baseline,1,2023-01-31,2023-02-01,BUY,PDD,PDD Holdings,2020-08-24,Wikipedia Nasdaq-100 changes table,102.30999755859376,0.0,1.0,1,0.728035354061749,0,3.4039651776721547
Nasdaq-100 Top1 current-member baseline,1,2023-03-31,2023-04-03,SELL,PDD,PDD Holdings,2020-08-24,Wikipedia Nasdaq-100 changes table,74.06999969482422,1.0,0.0,,,,2.4643896558297844
Nasdaq-100 Top1 current-member baseline,1,2023-03-31,2023-04-03,BUY,AXON,Axon Enterprise,2024-12-23,Wikipedia Nasdaq-100 changes table,223.97999572753903,0.0,1.0,1,0.9123159649218946,0,2.4643896558297844
Nasdaq-100 Top1 current-member baseline,1,2023-04-28,2023-05-01,SELL,AXON,Axon Enterprise,2024-12-23,Wikipedia Nasdaq-100 changes table,211.3300018310547,1.0,0.0,,,,2.3252052880314733
Nasdaq-100 Top1 current-member baseline,1,2023-04-28,2023-05-01,BUY,NVDA,Nvidia,,No add date found; assumed already member before test window,27.815378452063836,0.0,1.0,1,1.093322441343867,0,2.3252052880314733
Nasdaq-100 Top1 current-member baseline,1,2023-05-31,2023-06-01,SELL,NVDA,Nvidia,,No add date found; assumed already member before test window,38.45495609590561,1.0,0.0,,,,3.2146126438406735
Nasdaq-100 Top1 current-member baseline,1,2023-05-31,2023-06-01,BUY,META,Meta Platforms,,No add date found; assumed already member before test window,263.8295904214734,0.0,1.0,1,1.2355208296885665,0,3.2146126438406735
Nasdaq-100 Top1 current-member baseline,1,2023-06-30,2023-07-03,SELL,META,Meta Platforms,,No add date found; assumed already member before test window,284.4676359393377,1.0,0.0,,,,3.4660754231290056
Nasdaq-100 Top1 current-member baseline,1,2023-06-30,2023-07-03,BUY,NVDA,Nvidia,,No add date found; assumed already member before test window,42.4837864062488,0.0,1.0,1,1.6959552380209386,0,3.4660754231290056
Nasdaq-100 Top1 current-member baseline,1,2023-07-31,2023-08-01,SELL,NVDA,Nvidia,,No add date found; assumed already member before test window,46.42370462471362,1.0,0.0,,,,3.787516962627719
Nasdaq-100 Top1 current-member baseline,1,2023-07-31,2023-08-01,BUY,APP,AppLovin,2024-11-18,Wikipedia Nasdaq-100 changes table,31.13999938964844,0.0,1.0,1,1.030976916991401,0,3.787516962627719
Nasdaq-100 Top1 current-member baseline,1,2023-08-31,2023-09-01,SELL,APP,AppLovin,2024-11-18,Wikipedia Nasdaq-100 changes table,43.4900016784668,1.0,0.0,,,,5.289631415877835
Nasdaq-100 Top1 current-member baseline,1,2023-08-31,2023-09-01,BUY,PLTR,Palantir Technologies,2024-12-23,Wikipedia Nasdaq-100 changes table,15.15999984741211,0.0,1.0,1,1.3801756352239911,0,5.289631415877835
Nasdaq-100 Top1 current-member baseline,1,2023-09-29,2023-10-02,SELL,PLTR,Palantir Technologies,2024-12-23,Wikipedia Nasdaq-100 changes table,16.030000686645508,1.0,0.0,,,,5.593192353698995
Nasdaq-100 Top1 current-member baseline,1,2023-09-29,2023-10-02,BUY,APP,AppLovin,2024-11-18,Wikipedia Nasdaq-100 changes table,40.150001525878906,0.0,1.0,1,1.8653333028157553,0,5.593192353698995
Nasdaq-100 Top1 current-member baseline,1,2023-11-30,2023-12-01,SELL,APP,AppLovin,2024-11-18,Wikipedia Nasdaq-100 changes table,37.650001525878906,1.0,0.0,,,,5.244923851760466
Nasdaq-100 Top1 current-member baseline,1,2023-11-30,2023-12-01,BUY,PDD,PDD Holdings,2020-08-24,Wikipedia Nasdaq-100 changes table,143.32000732421875,0.0,1.0,1,0.4679404189420133,0,5.244923851760466
Nasdaq-100 Top1 current-member baseline,1,2024-02-29,2024-03-01,SELL,PDD,PDD Holdings,2020-08-24,Wikipedia Nasdaq-100 changes table,126.9000015258789,1.0,0.0,,,,4.644019053709952
Nasdaq-100 Top1 current-member baseline,1,2024-02-29,2024-03-01,BUY,CRWD,CrowdStrike,2021-08-26,Wikipedia Nasdaq-100 changes table,319.25,0.0,1.0,1,1.0541923133770488,0,4.644019053709952
Nasdaq-100 Top1 current-member baseline,1,2024-03-28,2024-04-01,SELL,CRWD,CrowdStrike,2021-08-26,Wikipedia Nasdaq-100 changes table,321.0,1.0,0.0,,,,4.669475696917445
Nasdaq-100 Top1 current-member baseline,1,2024-03-28,2024-04-01,BUY,MSTR,MicroStrategy,2024-12-23,Wikipedia Nasdaq-100 changes table,164.50100708007812,0.0,1.0,1,2.0508823307953987,0,4.669475696917445
Nasdaq-100 Top1 current-member baseline,1,2024-08-30,2024-09-03,SELL,MSTR,MicroStrategy,2024-12-23,Wikipedia Nasdaq-100 changes table,132.0,1.0,0.0,,,,3.7469119668857536
Nasdaq-100 Top1 current-member baseline,1,2024-08-30,2024-09-03,BUY,INSM,Insmed Incorporated,2025-12-22,Wikipedia Nasdaq-100 changes table,77.55000305175781,0.0,1.0,1,1.6846045354521806,0,3.7469119668857536
Nasdaq-100 Top1 current-member baseline,1,2024-11-29,2024-12-02,SELL,INSM,Insmed Incorporated,2025-12-22,Wikipedia Nasdaq-100 changes table,75.0199966430664,1.0,0.0,,,,3.6246719808641332
Nasdaq-100 Top1 current-member baseline,1,2024-11-29,2024-12-02,BUY,APP,AppLovin,2024-11-18,Wikipedia Nasdaq-100 changes table,335.7850036621094,0.0,1.0,1,1.1066517774250646,0,3.6246719808641332
Nasdaq-100 Top1 current-member baseline,1,2025-04-30,2025-05-01,SELL,APP,AppLovin,2024-11-18,Wikipedia Nasdaq-100 changes table,282.0,1.0,0.0,,,,3.0440832302095657
Nasdaq-100 Top1 current-member baseline,1,2025-04-30,2025-05-01,BUY,PLTR,Palantir Technologies,2024-12-23,Wikipedia Nasdaq-100 changes table,120.04000091552734,0.0,1.0,1,0.8814088358795829,0,3.0440832302095657
Nasdaq-100 Top1 current-member baseline,1,2025-09-30,2025-10-01,SELL,PLTR,Palantir Technologies,2024-12-23,Wikipedia Nasdaq-100 changes table,181.32000732421875,1.0,0.0,,,,4.598077219155814
Nasdaq-100 Top1 current-member baseline,1,2025-09-30,2025-10-01,BUY,WDC,Western Digital,2025-12-22,Wikipedia Nasdaq-100 changes table,118.02855982084074,0.0,1.0,1,0.9908408375683342,0,4.598077219155814
Nasdaq-100 Top1 current-member baseline,1,2025-10-31,2025-11-03,SELL,WDC,Western Digital,2025-12-22,Wikipedia Nasdaq-100 changes table,151.8751474176861,1.0,0.0,,,,5.916649805413335
Nasdaq-100 Top1 current-member baseline,1,2025-10-31,2025-11-03,BUY,SNDK,Sandisk,2026-04-20,Wikipedia Nasdaq-100 changes table,210.8500061035156,0.0,1.0,1,2.6087207524179523,0,5.916649805413335
Nasdaq-100 Top1 PIT membership,1,2019-12-31,2020-01-02,BUY,TSLA,"Tesla, Inc.",2013-07-15,Wikipedia Nasdaq-100 changes table,28.299999237060547,0.0,1.0,1,0.4693386705117728,3,1.0
Nasdaq-100 Top1 PIT membership,1,2020-04-30,2020-05-01,SELL,TSLA,"Tesla, Inc.",2013-07-15,Wikipedia Nasdaq-100 changes table,50.33333206176758,1.0,0.0,,,,1.7785630183287442
Nasdaq-100 Top1 PIT membership,1,2020-04-30,2020-05-01,BUY,DXCM,DexCom,2020-04-20,Wikipedia Nasdaq-100 changes table,82.75,0.0,1.0,1,0.739020895002303,0,1.7785630183287442
Nasdaq-100 Top1 PIT membership,1,2020-05-29,2020-06-01,SELL,DXCM,DexCom,2020-04-20,Wikipedia Nasdaq-100 changes table,95.625,1.0,0.0,,,,2.055288080092884
Nasdaq-100 Top1 PIT membership,1,2020-05-29,2020-06-01,BUY,TSLA,"Tesla, Inc.",2013-07-15,Wikipedia Nasdaq-100 changes table,57.20000076293945,0.0,1.0,1,1.4337529042314907,0,2.055288080092884
Nasdaq-100 Top1 PIT membership,1,2020-07-31,2020-08-03,SELL,TSLA,"Tesla, Inc.",2013-07-15,Wikipedia Nasdaq-100 changes table,96.61333465576172,1.0,0.0,,,,3.471472595235808
Nasdaq-100 Top1 PIT membership,1,2020-07-31,2020-08-03,BUY,REGN,Regeneron Pharmaceuticals,2012-12-24,Wikipedia Nasdaq-100 changes table,630.579945221257,0.0,1.0,1,0.8025983268585326,4,3.471472595235808
Nasdaq-100 Top1 PIT membership,1,2020-08-31,2020-09-01,SELL,REGN,Regeneron Pharmaceuticals,2012-12-24,Wikipedia Nasdaq-100 changes table,611.4989530131073,1.0,0.0,,,,3.366427799500578
Nasdaq-100 Top1 PIT membership,1,2020-08-31,2020-09-01,BUY,PDD,PDD Holdings,2020-08-24,Wikipedia Nasdaq-100 changes table,89.37000274658203,0.0,1.0,1,1.5649622996218127,0,3.366427799500578
Nasdaq-100 Top1 PIT membership,1,2020-09-30,2020-10-01,SELL,PDD,PDD Holdings,2020-08-24,Wikipedia Nasdaq-100 changes table,74.87999725341797,1.0,0.0,,,,2.8206120245428092
Nasdaq-100 Top1 PIT membership,1,2020-09-30,2020-10-01,BUY,TSLA,"Tesla, Inc.",2013-07-15,Wikipedia Nasdaq-100 changes table,146.9199981689453,0.0,1.0,1,4.174017995285337,0,2.8206120245428092
Nasdaq-100 Top1 PIT membership,1,2021-03-31,2021-04-01,SELL,TSLA,"Tesla, Inc.",2013-07-15,Wikipedia Nasdaq-100 changes table,229.4566650390625,1.0,0.0,,,,4.405174493512025
Nasdaq-100 Top1 PIT membership,1,2021-03-31,2021-04-01,BUY,PDD,PDD Holdings,2020-08-24,Wikipedia Nasdaq-100 changes table,141.00999450683594,0.0,1.0,1,1.3815469679832497,2,4.405174493512025
Nasdaq-100 Top1 PIT membership,1,2021-04-30,2021-05-03,SELL,PDD,PDD Holdings,2020-08-24,Wikipedia Nasdaq-100 changes table,133.0500030517578,1.0,0.0,,,,4.156503103593037
Nasdaq-100 Top1 PIT membership,1,2021-04-30,2021-05-03,BUY,AMAT,Applied Materials,,No add date found; assumed already member before test window,128.6474312803209,0.0,1.0,1,1.3421271782490432,2,4.156503103593037
Nasdaq-100 Top1 PIT membership,1,2021-07-30,2021-08-02,SELL,AMAT,Applied Materials,,No add date found; assumed already member before test window,135.39034163190564,1.0,0.0,,,,4.374361536712787
Nasdaq-100 Top1 PIT membership,1,2021-07-30,2021-08-02,BUY,NVDA,Nvidia,,No add date found; assumed already member before test window,19.65497762771269,0.0,1.0,1,0.5407523063203368,2,4.374361536712787
Nasdaq-100 Top1 PIT membership,1,2021-10-29,2021-11-01,SELL,NVDA,Nvidia,,No add date found; assumed already member before test window,25.59488846504044,1.0,0.0,,,,5.696332896358326
Nasdaq-100 Top1 PIT membership,1,2021-10-29,2021-11-01,BUY,DXCM,DexCom,2020-04-20,Wikipedia Nasdaq-100 changes table,156.8175048828125,0.0,1.0,1,0.43694977225484966,4,5.696332896358326
Nasdaq-100 Top1 PIT membership,1,2021-11-30,2021-12-01,SELL,DXCM,DexCom,2020-04-20,Wikipedia Nasdaq-100 changes table,141.8524932861328,1.0,0.0,,,,5.152734859160543
Nasdaq-100 Top1 PIT membership,1,2021-11-30,2021-12-01,BUY,TSLA,"Tesla, Inc.",2013-07-15,Wikipedia Nasdaq-100 changes table,386.8999938964844,0.0,1.0,1,0.840957230808149,0,5.152734859160543
Nasdaq-100 Top1 PIT membership,1,2022-01-31,2022-02-01,SELL,TSLA,"Tesla, Inc.",2013-07-15,Wikipedia Nasdaq-100 changes table,311.7366638183594,1.0,0.0,,,,4.1517094853328915
Nasdaq-100 Top1 PIT membership,1,2022-01-31,2022-02-01,BUY,DDOG,Datadog,2021-12-20,Wikipedia Nasdaq-100 changes table,147.88999938964844,0.0,1.0,1,0.6028845030747563,0,4.1517094853328915
Nasdaq-100 Top1 PIT membership,1,2022-02-28,2022-03-01,SELL,DDOG,Datadog,2021-12-20,Wikipedia Nasdaq-100 changes table,160.24000549316406,1.0,0.0,,,,4.498410666585814
Nasdaq-100 Top1 PIT membership,1,2022-02-28,2022-03-01,BUY,TSLA,"Tesla, Inc.",2013-07-15,Wikipedia Nasdaq-100 changes table,289.8933410644531,0.0,1.0,1,0.1645971323542179,3,4.498410666585814
Nasdaq-100 Top1 PIT membership,1,2022-03-31,2022-04-01,SELL,TSLA,"Tesla, Inc.",2013-07-15,Wikipedia Nasdaq-100 changes table,360.3833312988281,1.0,0.0,,,,5.592236840010549
Nasdaq-100 Top1 PIT membership,1,2022-03-31,2022-04-01,BUY,QCOM,Qualcomm,,No add date found; assumed already member before test window,138.63044940793944,0.0,1.0,1,0.322674315264714,1,5.592236840010549
Nasdaq-100 Top1 PIT membership,1,2022-04-29,2022-05-02,SELL,QCOM,Qualcomm,,No add date found; assumed already member before test window,128.28382000342376,1.0,0.0,,,,5.174862429316651
Nasdaq-100 Top1 PIT membership,1,2022-04-29,2022-05-02,BUY,VRTX,Vertex Pharmaceuticals,,No add date found; assumed already member before test window,264.1499938964844,0.0,1.0,1,0.40945048908610926,1,5.174862429316651
Nasdaq-100 Top1 PIT membership,1,2022-06-30,2022-07-01,SELL,VRTX,Vertex Pharmaceuticals,,No add date found; assumed already member before test window,280.1700134277344,1.0,0.0,,,,5.488704561077868
Nasdaq-100 Top1 PIT membership,1,2022-06-30,2022-07-01,BUY,EXC,Exelon,2019-11-21,Wikipedia Nasdaq-100 changes table,39.42972562810287,0.0,1.0,1,0.23527330696732052,2,5.488704561077868
Nasdaq-100 Top1 PIT membership,1,2022-07-29,2022-08-01,SELL,EXC,Exelon,2019-11-21,Wikipedia Nasdaq-100 changes table,40.48525374405027,1.0,0.0,,,,5.635636397200439
Nasdaq-100 Top1 PIT membership,1,2022-07-29,2022-08-01,BUY,TMUS,T-Mobile US,2015-12-21,Wikipedia Nasdaq-100 changes table,137.49199170874357,0.0,1.0,1,0.2672827696615574,0,5.635636397200439
Nasdaq-100 Top1 PIT membership,1,2022-08-31,2022-09-01,SELL,TMUS,T-Mobile US,2015-12-21,Wikipedia Nasdaq-100 changes table,137.9631716128819,1.0,0.0,,,,5.654949511981818
Nasdaq-100 Top1 PIT membership,1,2022-08-31,2022-09-01,BUY,CEG,Constellation Energy,2022-02-02,Wikipedia Nasdaq-100 changes table,79.25524266217225,0.0,1.0,1,0.3344562993329263,0,5.654949511981818
Nasdaq-100 Top1 PIT membership,1,2022-09-30,2022-10-03,SELL,CEG,Constellation Energy,2022-02-02,Wikipedia Nasdaq-100 changes table,82.59678766722348,1.0,0.0,,,,5.893372456141181
Nasdaq-100 Top1 PIT membership,1,2022-09-30,2022-10-03,BUY,PDD,PDD Holdings,2020-08-24,Wikipedia Nasdaq-100 changes table,62.40999984741211,0.0,1.0,1,0.777611617222383,0,5.893372456141181
Nasdaq-100 Top1 PIT membership,1,2022-10-31,2022-11-01,SELL,PDD,PDD Holdings,2020-08-24,Wikipedia Nasdaq-100 changes table,59.630001068115234,1.0,0.0,,,,5.630857341991673
Nasdaq-100 Top1 PIT membership,1,2022-10-31,2022-11-01,BUY,CEG,Constellation Energy,2022-02-02,Wikipedia Nasdaq-100 changes table,92.5146346871925,0.0,1.0,1,0.4354709151316667,1,5.630857341991673
Nasdaq-100 Top1 PIT membership,1,2022-11-30,2022-12-01,SELL,CEG,Constellation Energy,2022-02-02,Wikipedia Nasdaq-100 changes table,94.36841939492692,1.0,0.0,,,,5.743687028530589
Nasdaq-100 Top1 PIT membership,1,2022-11-30,2022-12-01,BUY,DXCM,DexCom,2020-04-20,Wikipedia Nasdaq-100 changes table,116.38999938964844,0.0,1.0,1,0.7020256640086218,0,5.743687028530589
Nasdaq-100 Top1 PIT membership,1,2022-12-30,2023-01-03,SELL,DXCM,DexCom,2020-04-20,Wikipedia Nasdaq-100 changes table,114.3000030517578,1.0,0.0,,,,5.6405485723181155
Nasdaq-100 Top1 PIT membership,1,2022-12-30,2023-01-03,BUY,NFLX,"Netflix, Inc.",2013-06-06,Wikipedia Nasdaq-100 changes table,29.80599975585937,0.0,1.0,1,0.6978604096448346,1,5.6405485723181155
Nasdaq-100 Top1 PIT membership,1,2023-01-31,2023-02-01,SELL,NFLX,"Netflix, Inc.",2013-06-06,Wikipedia Nasdaq-100 changes table,35.38600158691406,1.0,0.0,,,,6.696519572099821
Nasdaq-100 Top1 PIT membership,1,2023-01-31,2023-02-01,BUY,PDD,PDD Holdings,2020-08-24,Wikipedia Nasdaq-100 changes table,102.30999755859376,0.0,1.0,1,0.728035354061749,0,6.696519572099821
Nasdaq-100 Top1 PIT membership,1,2023-03-31,2023-04-03,SELL,PDD,PDD Holdings,2020-08-24,Wikipedia Nasdaq-100 changes table,74.06999969482422,1.0,0.0,,,,4.848120560043498
Nasdaq-100 Top1 PIT membership,1,2023-03-31,2023-04-03,BUY,NVDA,Nvidia,,No add date found; assumed already member before test window,27.48466960367856,0.0,1.0,1,0.9083439264623381,1,4.848120560043498
Nasdaq-100 Top1 PIT membership,1,2023-05-31,2023-06-01,SELL,NVDA,Nvidia,,No add date found; assumed already member before test window,38.45495609590561,1.0,0.0,,,,6.78320918433662
Nasdaq-100 Top1 PIT membership,1,2023-05-31,2023-06-01,BUY,META,Meta Platforms,,No add date found; assumed already member before test window,263.8295904214734,0.0,1.0,1,1.2355208296885665,0,6.78320918433662
Nasdaq-100 Top1 PIT membership,1,2023-06-30,2023-07-03,SELL,META,Meta Platforms,,No add date found; assumed already member before test window,284.4676359393377,1.0,0.0,,,,7.313825100769247
Nasdaq-100 Top1 PIT membership,1,2023-06-30,2023-07-03,BUY,NVDA,Nvidia,,No add date found; assumed already member before test window,42.4837864062488,0.0,1.0,1,1.6959552380209386,0,7.313825100769247
Nasdaq-100 Top1 PIT membership,1,2023-10-31,2023-11-01,SELL,NVDA,Nvidia,,No add date found; assumed already member before test window,40.8554341335007,1.0,0.0,,,,7.033495009391898
Nasdaq-100 Top1 PIT membership,1,2023-10-31,2023-11-01,BUY,ZS,Zscaler,2021-12-20,Wikipedia Nasdaq-100 changes table,159.60000610351562,0.0,1.0,1,0.849310337812051,2,7.033495009391898
Nasdaq-100 Top1 PIT membership,1,2023-11-30,2023-12-01,SELL,ZS,Zscaler,2021-12-20,Wikipedia Nasdaq-100 changes table,197.88999938964844,1.0,0.0,,,,8.720916477991278
Nasdaq-100 Top1 PIT membership,1,2023-11-30,2023-12-01,BUY,PDD,PDD Holdings,2020-08-24,Wikipedia Nasdaq-100 changes table,143.32000732421875,0.0,1.0,1,0.4679404189420133,0,8.720916477991278
Nasdaq-100 Top1 PIT membership,1,2024-02-29,2024-03-01,SELL,PDD,PDD Holdings,2020-08-24,Wikipedia Nasdaq-100 changes table,126.9000015258789,1.0,0.0,,,,7.721771265756451
Nasdaq-100 Top1 PIT membership,1,2024-02-29,2024-03-01,BUY,CRWD,CrowdStrike,2021-08-26,Wikipedia Nasdaq-100 changes table,319.25,0.0,1.0,1,1.0541923133770488,0,7.721771265756451
Nasdaq-100 Top1 PIT membership,1,2024-04-30,2024-05-01,SELL,CRWD,CrowdStrike,2021-08-26,Wikipedia Nasdaq-100 changes table,290.44000244140625,1.0,0.0,,,,7.024937401028296
Nasdaq-100 Top1 PIT membership,1,2024-04-30,2024-05-01,BUY,NVDA,Nvidia,,No add date found; assumed already member before test window,85.02901046138126,0.0,1.0,1,1.2314859455466576,2,7.024937401028296
Nasdaq-100 Top1 PIT membership,1,2024-07-31,2024-08-01,SELL,NVDA,Nvidia,,No add date found; assumed already member before test window,117.47335365334,1.0,0.0,,,,9.705428197102021
Nasdaq-100 Top1 PIT membership,1,2024-07-31,2024-08-01,BUY,ARM,Arm Holdings,2024-06-24,Wikipedia Nasdaq-100 changes table,128.7100067138672,0.0,1.0,1,1.2068917484659587,2,9.705428197102021
Nasdaq-100 Top1 PIT membership,1,2024-08-30,2024-09-03,SELL,ARM,Arm Holdings,2024-06-24,Wikipedia Nasdaq-100 changes table,129.86500549316406,1.0,0.0,,,,9.79252133000137
Nasdaq-100 Top1 PIT membership,1,2024-08-30,2024-09-03,BUY,NVDA,Nvidia,,No add date found; assumed already member before test window,115.95409419910476,0.0,1.0,1,0.32748425804466663,3,9.79252133000137
Nasdaq-100 Top1 PIT membership,1,2024-09-30,2024-10-01,SELL,NVDA,Nvidia,,No add date found; assumed already member before test window,121.72171083436712,1.0,0.0,,,,10.279606407196628
Nasdaq-100 Top1 PIT membership,1,2024-09-30,2024-10-01,BUY,AAPL,Apple Inc.,,No add date found; assumed already member before test window,227.8122709144617,0.0,1.0,1,0.3548667677323891,4,10.279606407196628
Nasdaq-100 Top1 PIT membership,1,2024-10-31,2024-11-01,SELL,AAPL,Apple Inc.,,No add date found; assumed already member before test window,219.32585141181025,1.0,0.0,,,,9.896672459242748
Nasdaq-100 Top1 PIT membership,1,2024-10-31,2024-11-01,BUY,CEG,Constellation Energy,2022-02-02,Wikipedia Nasdaq-100 changes table,260.10385127360286,0.0,1.0,1,0.4302329792631543,5,9.896672459242748
Nasdaq-100 Top1 PIT membership,1,2024-11-29,2024-12-02,SELL,CEG,Constellation Energy,2022-02-02,Wikipedia Nasdaq-100 changes table,254.83023885036357,1.0,0.0,,,,9.69601716492766
Nasdaq-100 Top1 PIT membership,1,2024-11-29,2024-12-02,BUY,APP,AppLovin,2024-11-18,Wikipedia Nasdaq-100 changes table,335.7850036621094,0.0,1.0,1,1.1066517774250646,0,9.69601716492766
Nasdaq-100 Top1 PIT membership,1,2025-04-30,2025-05-01,SELL,APP,AppLovin,2024-11-18,Wikipedia Nasdaq-100 changes table,282.0,1.0,0.0,,,,8.142939114877873
Nasdaq-100 Top1 PIT membership,1,2025-04-30,2025-05-01,BUY,PLTR,Palantir Technologies,2024-12-23,Wikipedia Nasdaq-100 changes table,120.04000091552734,0.0,1.0,1,0.8814088358795829,0,8.142939114877873
Nasdaq-100 Top1 PIT membership,1,2025-10-31,2025-11-03,SELL,PLTR,Palantir Technologies,2024-12-23,Wikipedia Nasdaq-100 changes table,205.0449981689453,1.0,0.0,,,,13.909271269290636
Nasdaq-100 Top1 PIT membership,1,2025-10-31,2025-11-03,BUY,MU,Micron Technology,2010-12-20,Wikipedia Nasdaq-100 changes table,233.68739709189376,0.0,1.0,1,1.278530084746686,3,13.909271269290636
Nasdaq-100 Top1 PIT membership,1,2025-12-31,2026-01-02,SELL,MU,Micron Technology,2010-12-20,Wikipedia Nasdaq-100 changes table,295.00607846003123,1.0,0.0,,,,17.559010979854627
Nasdaq-100 Top1 PIT membership,1,2025-12-31,2026-01-02,BUY,WDC,Western Digital,2025-12-22,Wikipedia Nasdaq-100 changes table,177.11522230299764,0.0,1.0,1,1.4890602155250843,1,17.559010979854627
Nasdaq-100 Top1 PIT membership,1,2026-01-30,2026-02-02,SELL,WDC,Western Digital,2025-12-22,Wikipedia Nasdaq-100 changes table,243.6433847555615,1.0,0.0,,,,24.15454082638409
Nasdaq-100 Top1 PIT membership,1,2026-01-30,2026-02-02,BUY,MU,Micron Technology,2010-12-20,Wikipedia Nasdaq-100 changes table,412.0069129532501,0.0,1.0,1,1.683998028348407,1,24.15454082638409
Nasdaq-100 Top1 PIT membership,1,2026-04-30,2026-05-01,SELL,MU,Micron Technology,2010-12-20,Wikipedia Nasdaq-100 changes table,511.7799987792969,1.0,0.0,,,,30.003891891114954
Nasdaq-100 Top1 PIT membership,1,2026-04-30,2026-05-01,BUY,SNDK,Sandisk,2026-04-20,Wikipedia Nasdaq-100 changes table,1059.02001953125,0.0,1.0,1,2.6195523914650924,0,30.003891891114954
Nasdaq-100 Top2 current-member baseline,2,2019-12-31,2020-01-02,BUY,PDD,PDD Holdings,2020-08-24,Wikipedia Nasdaq-100 changes table,38.5,0.0,0.5,1,0.770064091986985,0,1.0
Nasdaq-100 Top2 current-member baseline,2,2019-12-31,2020-01-02,BUY,ALNY,Alnylam Pharmaceuticals,2025-12-22,Wikipedia Nasdaq-100 changes table,115.56999969482422,0.0,0.5,2,0.6053172184463846,0,1.0
Nasdaq-100 Top2 current-member baseline,2,2020-01-31,2020-02-03,SELL,ALNY,Alnylam Pharmaceuticals,2025-12-22,Wikipedia Nasdaq-100 changes table,115.91999816894533,0.5,0.0,,,,0.9589649780174675
Nasdaq-100 Top2 current-member baseline,2,2020-01-31,2020-02-03,BUY,TSLA,"Tesla, Inc.",2013-07-15,Wikipedia Nasdaq-100 changes table,44.91266632080078,0.0,0.5,1,0.7888817113529452,0,0.9589649780174675
Nasdaq-100 Top2 current-member baseline,2,2020-02-28,2020-03-02,SELL,PDD,PDD Holdings,2020-08-24,Wikipedia Nasdaq-100 changes table,37.0,0.5,0.0,,,,1.0335097712266768
Nasdaq-100 Top2 current-member baseline,2,2020-02-28,2020-03-02,BUY,AAPL,Apple Inc.,,No add date found; assumed already member before test window,68.14337454443714,0.0,0.5,2,0.5828039268401015,0,1.0335097712266768
Nasdaq-100 Top2 current-member baseline,2,2020-03-31,2020-04-01,SELL,AAPL,Apple Inc.,,No add date found; assumed already member before test window,59.50596558883749,0.5,0.0,,,,0.8240970167344317
Nasdaq-100 Top2 current-member baseline,2,2020-03-31,2020-04-01,BUY,DXCM,DexCom,2020-04-20,Wikipedia Nasdaq-100 changes table,63.87749862670898,0.0,0.5,2,0.9145671433214735,0,0.8240970167344317
Nasdaq-100 Top2 current-member baseline,2,2020-05-29,2020-06-01,SELL,DXCM,DexCom,2020-04-20,Wikipedia Nasdaq-100 changes table,95.625,0.5,0.0,,,,1.3358679388997847
Nasdaq-100 Top2 current-member baseline,2,2020-05-29,2020-06-01,BUY,SHOP,Shopify,2025-05-19,Wikipedia Nasdaq-100 changes table,75.47200012207031,0.0,0.5,2,0.9036557166165193,0,1.3358679388997847
Nasdaq-100 Top2 current-member baseline,2,2020-06-30,2020-07-01,SELL,SHOP,Shopify,2025-05-19,Wikipedia Nasdaq-100 changes table,94.8010025024414,0.5,0.0,,,,1.6893949254725897
Nasdaq-100 Top2 current-member baseline,2,2020-06-30,2020-07-01,BUY,ZS,Zscaler,2021-12-20,Wikipedia Nasdaq-100 changes table,109.3000030517578,0.0,0.5,1,1.365161362514701,0,1.6893949254725897
Nasdaq-100 Top2 current-member baseline,2,2020-07-31,2020-08-03,SELL,TSLA,"Tesla, Inc.",2013-07-15,Wikipedia Nasdaq-100 changes table,96.61333465576172,0.5,0.0,,,,2.1617627084291122
Nasdaq-100 Top2 current-member baseline,2,2020-07-31,2020-08-03,SELL,ZS,Zscaler,2021-12-20,Wikipedia Nasdaq-100 changes table,131.0500030517578,0.5,0.0,,,,2.1617627084291122
Nasdaq-100 Top2 current-member baseline,2,2020-07-31,2020-08-03,BUY,PDD,PDD Holdings,2020-08-24,Wikipedia Nasdaq-100 changes table,92.97000122070312,0.0,0.5,1,1.4261781370414242,0,2.1617627084291122
Nasdaq-100 Top2 current-member baseline,2,2020-07-31,2020-08-03,BUY,SHOP,Shopify,2025-05-19,Wikipedia Nasdaq-100 changes table,103.1999969482422,0.0,0.5,2,1.1832237541121908,0,2.1617627084291122
Nasdaq-100 Top2 current-member baseline,2,2020-08-31,2020-09-01,SELL,SHOP,Shopify,2025-05-19,Wikipedia Nasdaq-100 changes table,107.5,0.5,0.0,,,,2.170991069942475
Nasdaq-100 Top2 current-member baseline,2,2020-08-31,2020-09-01,BUY,ZS,Zscaler,2021-12-20,Wikipedia Nasdaq-100 changes table,147.60000610351562,0.0,0.5,2,1.5297097500775125,0,2.170991069942475
Nasdaq-100 Top2 current-member baseline,2,2020-09-30,2020-10-01,SELL,PDD,PDD Holdings,2020-08-24,Wikipedia Nasdaq-100 changes table,74.87999725341797,0.5,0.0,,,,1.9553912767439963
Nasdaq-100 Top2 current-member baseline,2,2020-09-30,2020-10-01,SELL,ZS,Zscaler,2021-12-20,Wikipedia Nasdaq-100 changes table,142.1999969482422,0.5,0.0,,,,1.9553912767439963
Nasdaq-100 Top2 current-member baseline,2,2020-09-30,2020-10-01,BUY,TSLA,"Tesla, Inc.",2013-07-15,Wikipedia Nasdaq-100 changes table,146.9199981689453,0.0,0.5,1,4.174017995285337,0,1.9553912767439963
Nasdaq-100 Top2 current-member baseline,2,2020-09-30,2020-10-01,BUY,SHOP,Shopify,2025-05-19,Wikipedia Nasdaq-100 changes table,103.06300354003906,0.0,0.5,2,1.772298357390345,0,1.9553912767439963
Nasdaq-100 Top2 current-member baseline,2,2020-10-30,2020-11-02,SELL,SHOP,Shopify,2025-05-19,Wikipedia Nasdaq-100 changes table,93.45700073242188,0.5,0.0,,,,1.7648202465888576
Nasdaq-100 Top2 current-member baseline,2,2020-10-30,2020-11-02,BUY,DDOG,Datadog,2021-12-20,Wikipedia Nasdaq-100 changes table,91.77999877929688,0.0,0.5,2,1.2585642155940624,0,1.7648202465888576
Nasdaq-100 Top2 current-member baseline,2,2020-11-30,2020-12-01,SELL,DDOG,Datadog,2021-12-20,Wikipedia Nasdaq-100 changes table,98.5999984741211,0.5,0.0,,,,2.2668481984142157
Nasdaq-100 Top2 current-member baseline,2,2020-11-30,2020-12-01,BUY,QCOM,Qualcomm,,No add date found; assumed already member before test window,132.17528894175868,0.0,0.5,2,0.5136606004637174,0,2.2668481984142157
Nasdaq-100 Top2 current-member baseline,2,2020-12-31,2021-01-04,SELL,QCOM,Qualcomm,,No add date found; assumed already member before test window,136.51062668871091,0.5,0.0,,,,2.5429206509466917
Nasdaq-100 Top2 current-member baseline,2,2020-12-31,2021-01-04,BUY,MSTR,MicroStrategy,2024-12-23,Wikipedia Nasdaq-100 changes table,41.632999420166016,0.0,0.5,1,1.7609716637224797,0,2.5429206509466917
Nasdaq-100 Top2 current-member baseline,2,2021-03-31,2021-04-01,SELL,TSLA,"Tesla, Inc.",2013-07-15,Wikipedia Nasdaq-100 changes table,229.4566650390625,0.5,0.0,,,,3.3767866594074865
Nasdaq-100 Top2 current-member baseline,2,2021-03-31,2021-04-01,BUY,WBD,Warner Bros. Discovery,2022-12-19,Wikipedia Nasdaq-100 changes table,43.97999954223633,0.0,0.5,2,1.7236782380904274,0,3.3767866594074865
Nasdaq-100 Top2 current-member baseline,2,2021-04-30,2021-05-03,SELL,WBD,Warner Bros. Discovery,2022-12-19,Wikipedia Nasdaq-100 changes table,37.36000061035156,0.5,0.0,,,,3.1370332355909256
Nasdaq-100 Top2 current-member baseline,2,2021-04-30,2021-05-03,BUY,FANG,Diamondback Energy,2022-12-19,Wikipedia Nasdaq-100 changes table,67.19346108517327,0.0,0.5,2,2.039501753061315,0,3.1370332355909256
Nasdaq-100 Top2 current-member baseline,2,2021-06-30,2021-07-01,SELL,MSTR,MicroStrategy,2024-12-23,Wikipedia Nasdaq-100 changes table,65.05899810791016,0.5,0.0,,,,3.396787743452232
Nasdaq-100 Top2 current-member baseline,2,2021-06-30,2021-07-01,BUY,AMAT,Applied Materials,,No add date found; assumed already member before test window,136.02390386035498,0.0,0.5,2,0.6460716822190078,0,3.396787743452232
Nasdaq-100 Top2 current-member baseline,2,2021-07-30,2021-08-02,SELL,AMAT,Applied Materials,,No add date found; assumed already member before test window,135.39034163190564,0.5,0.0,,,,3.040044704260391
Nasdaq-100 Top2 current-member baseline,2,2021-07-30,2021-08-02,BUY,FTNT,Fortinet,2021-12-20,Wikipedia Nasdaq-100 changes table,54.854000091552734,0.0,0.5,2,0.6455267437942651,0,3.040044704260391
Nasdaq-100 Top2 current-member baseline,2,2021-08-31,2021-09-01,SELL,FANG,Diamondback Energy,2022-12-19,Wikipedia Nasdaq-100 changes table,62.78097823968585,0.5,0.0,,,,3.283576819815606
Nasdaq-100 Top2 current-member baseline,2,2021-08-31,2021-09-01,BUY,NVDA,Nvidia,,No add date found; assumed already member before test window,22.43756357362474,0.0,0.5,2,0.5432827018426578,0,3.283576819815606
Nasdaq-100 Top2 current-member baseline,2,2021-10-29,2021-11-01,SELL,FTNT,Fortinet,2021-12-20,Wikipedia Nasdaq-100 changes table,67.26799774169922,0.5,0.0,,,,3.616000492752117
Nasdaq-100 Top2 current-member baseline,2,2021-10-29,2021-11-01,SELL,NVDA,Nvidia,,No add date found; assumed already member before test window,25.59488846504044,0.5,0.0,,,,3.616000492752117
Nasdaq-100 Top2 current-member baseline,2,2021-10-29,2021-11-01,BUY,DDOG,Datadog,2021-12-20,Wikipedia Nasdaq-100 changes table,167.4600067138672,0.0,0.5,1,0.7631284686528661,0,3.616000492752117
Nasdaq-100 Top2 current-member baseline,2,2021-10-29,2021-11-01,BUY,DASH,DoorDash,2023-12-18,Wikipedia Nasdaq-100 changes table,195.00999450683597,0.0,0.5,2,0.46636288130949866,0,3.616000492752117
Nasdaq-100 Top2 current-member baseline,2,2021-11-30,2021-12-01,SELL,DASH,DoorDash,2023-12-18,Wikipedia Nasdaq-100 changes table,183.0,0.5,0.0,,,,3.697649489941788
Nasdaq-100 Top2 current-member baseline,2,2021-11-30,2021-12-01,BUY,TSLA,"Tesla, Inc.",2013-07-15,Wikipedia Nasdaq-100 changes table,386.8999938964844,0.0,0.5,1,0.840957230808149,0,3.697649489941788
Nasdaq-100 Top2 current-member baseline,2,2021-12-31,2022-01-03,SELL,DDOG,Datadog,2021-12-20,Wikipedia Nasdaq-100 changes table,178.75,0.5,0.0,,,,3.6512159627737195
Nasdaq-100 Top2 current-member baseline,2,2021-12-31,2022-01-03,BUY,AMD,Advanced Micro Devices,2018-12-24,Wikipedia Nasdaq-100 changes table,145.13999938964844,0.0,0.5,2,0.5745512715469978,0,3.6512159627737195
Nasdaq-100 Top2 current-member baseline,2,2022-01-31,2022-02-01,SELL,AMD,Advanced Micro Devices,2018-12-24,Wikipedia Nasdaq-100 changes table,116.75,0.5,0.0,,,,2.9600735922807484
Nasdaq-100 Top2 current-member baseline,2,2022-01-31,2022-02-01,BUY,DDOG,Datadog,2021-12-20,Wikipedia Nasdaq-100 changes table,147.88999938964844,0.0,0.5,1,0.6028845030747563,0,2.9600735922807484
Nasdaq-100 Top2 current-member baseline,2,2022-02-28,2022-03-01,SELL,DDOG,Datadog,2021-12-20,Wikipedia Nasdaq-100 changes table,160.24000549316406,0.5,0.0,,,,2.986095068774232
Nasdaq-100 Top2 current-member baseline,2,2022-02-28,2022-03-01,SELL,TSLA,"Tesla, Inc.",2013-07-15,Wikipedia Nasdaq-100 changes table,289.8933410644531,0.5,0.0,,,,2.986095068774232
Nasdaq-100 Top2 current-member baseline,2,2022-02-28,2022-03-01,BUY,FANG,Diamondback Energy,2022-12-19,Wikipedia Nasdaq-100 changes table,114.13524314726315,0.0,0.5,1,0.6855610904233194,0,2.986095068774232
Nasdaq-100 Top2 current-member baseline,2,2022-02-28,2022-03-01,BUY,STX,Seagate Technology,2025-12-22,Wikipedia Nasdaq-100 changes table,89.9429962178508,0.0,0.5,2,0.21915081171429507,0,2.986095068774232
Nasdaq-100 Top2 current-member baseline,2,2022-03-31,2022-04-01,SELL,STX,Seagate Technology,2025-12-22,Wikipedia Nasdaq-100 changes table,79.76456497348579,0.5,0.0,,,,2.8041455655115763
Nasdaq-100 Top2 current-member baseline,2,2022-03-31,2022-04-01,BUY,QCOM,Qualcomm,,No add date found; assumed already member before test window,138.63044940793944,0.0,0.5,2,0.322674315264714,0,2.8041455655115763
Nasdaq-100 Top2 current-member baseline,2,2022-04-29,2022-05-02,SELL,FANG,Diamondback Energy,2022-12-19,Wikipedia Nasdaq-100 changes table,101.77687796798406,0.5,0.0,,,,2.5739524296835277
Nasdaq-100 Top2 current-member baseline,2,2022-04-29,2022-05-02,SELL,QCOM,Qualcomm,,No add date found; assumed already member before test window,128.28382000342376,0.5,0.0,,,,2.5739524296835277
Nasdaq-100 Top2 current-member baseline,2,2022-04-29,2022-05-02,BUY,BKR,Baker Hughes,2022-12-19,Wikipedia Nasdaq-100 changes table,27.896569016950824,0.0,0.5,1,0.49304865275139753,0,2.5739524296835277
Nasdaq-100 Top2 current-member baseline,2,2022-04-29,2022-05-02,BUY,VRTX,Vertex Pharmaceuticals,,No add date found; assumed already member before test window,264.1499938964844,0.0,0.5,2,0.40945048908610926,0,2.5739524296835277
Nasdaq-100 Top2 current-member baseline,2,2022-06-30,2022-07-01,SELL,VRTX,Vertex Pharmaceuticals,,No add date found; assumed already member before test window,280.1700134277344,0.5,0.0,,,,2.5981141336568347
Nasdaq-100 Top2 current-member baseline,2,2022-06-30,2022-07-01,BUY,FANG,Diamondback Energy,2022-12-19,Wikipedia Nasdaq-100 changes table,102.40960986089408,0.0,0.5,2,0.4383534667361284,0,2.5981141336568347
Nasdaq-100 Top2 current-member baseline,2,2022-07-29,2022-08-01,SELL,BKR,Baker Hughes,2022-12-19,Wikipedia Nasdaq-100 changes table,23.263206103683373,0.5,0.0,,,,2.475639555305299
Nasdaq-100 Top2 current-member baseline,2,2022-07-29,2022-08-01,SELL,FANG,Diamondback Energy,2022-12-19,Wikipedia Nasdaq-100 changes table,105.75490748125652,0.5,0.0,,,,2.475639555305299
Nasdaq-100 Top2 current-member baseline,2,2022-07-29,2022-08-01,BUY,TMUS,T-Mobile US,2015-12-21,Wikipedia Nasdaq-100 changes table,137.49199170874357,0.0,0.5,1,0.2672827696615574,0,2.475639555305299
Nasdaq-100 Top2 current-member baseline,2,2022-07-29,2022-08-01,BUY,CEG,Constellation Energy,2022-02-02,Wikipedia Nasdaq-100 changes table,64.0451825840418,0.0,0.5,2,0.25961135473316355,0,2.475639555305299
Nasdaq-100 Top2 current-member baseline,2,2022-08-31,2022-09-01,SELL,TMUS,T-Mobile US,2015-12-21,Wikipedia Nasdaq-100 changes table,137.9631716128819,0.5,0.0,,,,2.765397410125964
Nasdaq-100 Top2 current-member baseline,2,2022-08-31,2022-09-01,BUY,CSGP,CoStar Group,2022-12-19,Wikipedia Nasdaq-100 changes table,69.04000091552734,0.0,0.5,2,0.18871393859180685,0,2.765397410125964
Nasdaq-100 Top2 current-member baseline,2,2022-09-30,2022-10-03,SELL,CSGP,CoStar Group,2022-12-19,Wikipedia Nasdaq-100 changes table,70.16000366210938,0.5,0.0,,,,2.850843695689066
Nasdaq-100 Top2 current-member baseline,2,2022-09-30,2022-10-03,BUY,PDD,PDD Holdings,2020-08-24,Wikipedia Nasdaq-100 changes table,62.40999984741211,0.0,0.5,1,0.777611617222383,0,2.850843695689066
Nasdaq-100 Top2 current-member baseline,2,2022-10-31,2022-11-01,SELL,PDD,PDD Holdings,2020-08-24,Wikipedia Nasdaq-100 changes table,59.630001068115234,0.5,0.0,,,,2.973425626303269
Nasdaq-100 Top2 current-member baseline,2,2022-10-31,2022-11-01,BUY,ALNY,Alnylam Pharmaceuticals,2025-12-22,Wikipedia Nasdaq-100 changes table,209.4600067138672,0.0,0.5,1,0.43948219539128597,0,2.973425626303269
Nasdaq-100 Top2 current-member baseline,2,2022-11-30,2022-12-01,SELL,CEG,Constellation Energy,2022-02-02,Wikipedia Nasdaq-100 changes table,94.36841939492692,0.5,0.0,,,,3.0870500270589547
Nasdaq-100 Top2 current-member baseline,2,2022-11-30,2022-12-01,BUY,DXCM,DexCom,2020-04-20,Wikipedia Nasdaq-100 changes table,116.38999938964844,0.0,0.5,1,0.7020256640086218,0,3.0870500270589547
Nasdaq-100 Top2 current-member baseline,2,2022-12-30,2023-01-03,SELL,ALNY,Alnylam Pharmaceuticals,2025-12-22,Wikipedia Nasdaq-100 changes table,238.0,0.5,0.0,,,,3.1832606988981715
Nasdaq-100 Top2 current-member baseline,2,2022-12-30,2023-01-03,SELL,DXCM,DexCom,2020-04-20,Wikipedia Nasdaq-100 changes table,114.3000030517578,0.5,0.0,,,,3.1832606988981715
Nasdaq-100 Top2 current-member baseline,2,2022-12-30,2023-01-03,BUY,AXON,Axon Enterprise,2024-12-23,Wikipedia Nasdaq-100 changes table,167.8800048828125,0.0,0.5,1,0.9739353443411671,0,3.1832606988981715
Nasdaq-100 Top2 current-member baseline,2,2022-12-30,2023-01-03,BUY,NFLX,"Netflix, Inc.",2013-06-06,Wikipedia Nasdaq-100 changes table,29.80599975585937,0.0,0.5,2,0.6978604096448346,0,3.1832606988981715
Nasdaq-100 Top2 current-member baseline,2,2023-01-31,2023-02-01,SELL,AXON,Axon Enterprise,2024-12-23,Wikipedia Nasdaq-100 changes table,197.16000366210935,0.5,0.0,,,,3.763521642150749
Nasdaq-100 Top2 current-member baseline,2,2023-01-31,2023-02-01,SELL,NFLX,"Netflix, Inc.",2013-06-06,Wikipedia Nasdaq-100 changes table,35.38600158691406,0.5,0.0,,,,3.763521642150749
Nasdaq-100 Top2 current-member baseline,2,2023-01-31,2023-02-01,BUY,PDD,PDD Holdings,2020-08-24,Wikipedia Nasdaq-100 changes table,102.30999755859376,0.0,0.5,1,0.728035354061749,0,3.763521642150749
Nasdaq-100 Top2 current-member baseline,2,2023-01-31,2023-02-01,BUY,ALNY,Alnylam Pharmaceuticals,2025-12-22,Wikipedia Nasdaq-100 changes table,228.1499938964844,0.0,0.5,2,0.700964689122473,0,3.763521642150749
Nasdaq-100 Top2 current-member baseline,2,2023-02-28,2023-03-01,SELL,ALNY,Alnylam Pharmaceuticals,2025-12-22,Wikipedia Nasdaq-100 changes table,191.4499969482422,0.5,0.0,,,,3.296460518537509
Nasdaq-100 Top2 current-member baseline,2,2023-02-28,2023-03-01,BUY,NFLX,"Netflix, Inc.",2013-06-06,Wikipedia Nasdaq-100 changes table,32.154998779296875,0.0,0.5,2,0.615773965168505,0,3.296460518537509
Nasdaq-100 Top2 current-member baseline,2,2023-03-31,2023-04-03,SELL,NFLX,"Netflix, Inc.",2013-06-06,Wikipedia Nasdaq-100 changes table,34.18299865722656,0.5,0.0,,,,3.0551723719659907
Nasdaq-100 Top2 current-member baseline,2,2023-03-31,2023-04-03,SELL,PDD,PDD Holdings,2020-08-24,Wikipedia Nasdaq-100 changes table,74.06999969482422,0.5,0.0,,,,3.0551723719659907
Nasdaq-100 Top2 current-member baseline,2,2023-03-31,2023-04-03,BUY,AXON,Axon Enterprise,2024-12-23,Wikipedia Nasdaq-100 changes table,223.97999572753903,0.0,0.5,1,0.9123159649218946,0,3.0551723719659907
Nasdaq-100 Top2 current-member baseline,2,2023-03-31,2023-04-03,BUY,NVDA,Nvidia,,No add date found; assumed already member before test window,27.48466960367856,0.0,0.5,2,0.9083439264623381,0,3.0551723719659907
Nasdaq-100 Top2 current-member baseline,2,2023-04-28,2023-05-01,SELL,AXON,Axon Enterprise,2024-12-23,Wikipedia Nasdaq-100 changes table,211.3300018310547,0.5,0.0,,,,2.9874588386124614
Nasdaq-100 Top2 current-member baseline,2,2023-04-28,2023-05-01,BUY,AMD,Advanced Micro Devices,2018-12-24,Wikipedia Nasdaq-100 changes table,91.02999877929688,0.0,0.5,2,0.6087392779895031,0,2.9874588386124614
Nasdaq-100 Top2 current-member baseline,2,2023-05-31,2023-06-01,SELL,AMD,Advanced Micro Devices,2018-12-24,Wikipedia Nasdaq-100 changes table,117.29000091552734,0.5,0.0,,,,4.0048837868485645
Nasdaq-100 Top2 current-member baseline,2,2023-05-31,2023-06-01,BUY,META,Meta Platforms,,No add date found; assumed already member before test window,263.8295904214734,0.0,0.5,1,1.2355208296885665,0,4.0048837868485645
Nasdaq-100 Top2 current-member baseline,2,2023-06-30,2023-07-03,SELL,META,Meta Platforms,,No add date found; assumed already member before test window,284.4676359393377,0.5,0.0,,,,4.374774909314275
Nasdaq-100 Top2 current-member baseline,2,2023-06-30,2023-07-03,BUY,APP,AppLovin,2024-11-18,Wikipedia Nasdaq-100 changes table,25.649999618530277,0.0,0.5,2,1.6606384301951977,0,4.374774909314275
Nasdaq-100 Top2 current-member baseline,2,2023-07-31,2023-08-01,SELL,NVDA,Nvidia,,No add date found; assumed already member before test window,46.42370462471362,0.5,0.0,,,,5.051666786159502
Nasdaq-100 Top2 current-member baseline,2,2023-07-31,2023-08-01,BUY,PLTR,Palantir Technologies,2024-12-23,Wikipedia Nasdaq-100 changes table,19.459999084472656,0.0,0.5,2,1.0132449569892894,0,5.051666786159502
Nasdaq-100 Top2 current-member baseline,2,2023-11-30,2023-12-01,SELL,PLTR,Palantir Technologies,2024-12-23,Wikipedia Nasdaq-100 changes table,19.93000030517578,0.5,0.0,,,,5.781779678410551
Nasdaq-100 Top2 current-member baseline,2,2023-11-30,2023-12-01,BUY,PDD,PDD Holdings,2020-08-24,Wikipedia Nasdaq-100 changes table,143.32000732421875,0.0,0.5,1,0.4679404189420133,0,5.781779678410551
Nasdaq-100 Top2 current-member baseline,2,2023-12-29,2024-01-02,SELL,APP,AppLovin,2024-11-18,Wikipedia Nasdaq-100 changes table,39.40999984741211,0.5,0.0,,,,5.940594382980966
Nasdaq-100 Top2 current-member baseline,2,2023-12-29,2024-01-02,BUY,CRWD,CrowdStrike,2021-08-26,Wikipedia Nasdaq-100 changes table,251.47000122070312,0.0,0.5,2,0.5962416438725056,0,5.940594382980966
Nasdaq-100 Top2 current-member baseline,2,2024-02-29,2024-03-01,SELL,PDD,PDD Holdings,2020-08-24,Wikipedia Nasdaq-100 changes table,126.9000015258789,0.5,0.0,,,,6.355462222104637
Nasdaq-100 Top2 current-member baseline,2,2024-02-29,2024-03-01,BUY,ZS,Zscaler,2021-12-20,Wikipedia Nasdaq-100 changes table,227.0,0.0,0.5,2,0.6699217129747685,0,6.355462222104637
Nasdaq-100 Top2 current-member baseline,2,2024-03-28,2024-04-01,SELL,CRWD,CrowdStrike,2021-08-26,Wikipedia Nasdaq-100 changes table,321.0,0.5,0.0,,,,5.8869264940481765
Nasdaq-100 Top2 current-member baseline,2,2024-03-28,2024-04-01,SELL,ZS,Zscaler,2021-12-20,Wikipedia Nasdaq-100 changes table,192.5,0.5,0.0,,,,5.8869264940481765
Nasdaq-100 Top2 current-member baseline,2,2024-03-28,2024-04-01,BUY,MSTR,MicroStrategy,2024-12-23,Wikipedia Nasdaq-100 changes table,164.50100708007812,0.0,0.5,1,2.0508823307953987,0,5.8869264940481765
Nasdaq-100 Top2 current-member baseline,2,2024-03-28,2024-04-01,BUY,ARM,Arm Holdings,2024-06-24,Wikipedia Nasdaq-100 changes table,126.36000061035156,0.0,0.5,2,1.5261369384848948,0,5.8869264940481765
Nasdaq-100 Top2 current-member baseline,2,2024-05-31,2024-06-03,SELL,ARM,Arm Holdings,2024-06-24,Wikipedia Nasdaq-100 changes table,125.0,0.5,0.0,,,,5.931240323598134
Nasdaq-100 Top2 current-member baseline,2,2024-05-31,2024-06-03,BUY,APP,AppLovin,2024-11-18,Wikipedia Nasdaq-100 changes table,83.05000305175781,0.0,0.5,2,0.7868306442469708,0,5.931240323598134
Nasdaq-100 Top2 current-member baseline,2,2024-06-28,2024-07-01,SELL,APP,AppLovin,2024-11-18,Wikipedia Nasdaq-100 changes table,85.12000274658203,0.5,0.0,,,,5.6496994346154805
Nasdaq-100 Top2 current-member baseline,2,2024-06-28,2024-07-01,BUY,NVDA,Nvidia,,No add date found; assumed already member before test window,123.41050281013467,0.0,0.5,2,1.3237018686812823,0,5.6496994346154805
Nasdaq-100 Top2 current-member baseline,2,2024-07-31,2024-08-01,SELL,NVDA,Nvidia,,No add date found; assumed already member before test window,117.47335365334,0.5,0.0,,,,5.95932120482407
Nasdaq-100 Top2 current-member baseline,2,2024-07-31,2024-08-01,BUY,INSM,Insmed Incorporated,2025-12-22,Wikipedia Nasdaq-100 changes table,72.8499984741211,0.0,0.5,2,1.2899550538584048,0,5.95932120482407
Nasdaq-100 Top2 current-member baseline,2,2024-08-30,2024-09-03,SELL,MSTR,MicroStrategy,2024-12-23,Wikipedia Nasdaq-100 changes table,132.0,0.5,0.0,,,,5.646920936894841
Nasdaq-100 Top2 current-member baseline,2,2024-08-30,2024-09-03,BUY,ALNY,Alnylam Pharmaceuticals,2025-12-22,Wikipedia Nasdaq-100 changes table,260.44000244140625,0.0,0.5,2,0.7601073604434718,0,5.646920936894841
Nasdaq-100 Top2 current-member baseline,2,2024-10-31,2024-11-01,SELL,ALNY,Alnylam Pharmaceuticals,2025-12-22,Wikipedia Nasdaq-100 changes table,267.04998779296875,0.5,0.0,,,,5.354491239744731
Nasdaq-100 Top2 current-member baseline,2,2024-10-31,2024-11-01,BUY,APP,AppLovin,2024-11-18,Wikipedia Nasdaq-100 changes table,171.13999938964844,0.0,0.5,2,0.8126120932481071,0,5.354491239744731
Nasdaq-100 Top2 current-member baseline,2,2024-11-29,2024-12-02,SELL,INSM,Insmed Incorporated,2025-12-22,Wikipedia Nasdaq-100 changes table,75.0199966430664,0.5,0.0,,,,8.02999025679574
Nasdaq-100 Top2 current-member baseline,2,2024-11-29,2024-12-02,BUY,PLTR,Palantir Technologies,2024-12-23,Wikipedia Nasdaq-100 changes table,67.44000244140625,0.0,0.5,2,1.0152213105033319,0,8.02999025679574
Nasdaq-100 Top2 current-member baseline,2,2024-12-31,2025-01-02,SELL,PLTR,Palantir Technologies,2024-12-23,Wikipedia Nasdaq-100 changes table,76.19999694824219,0.5,0.0,,,,8.518271180836265
Nasdaq-100 Top2 current-member baseline,2,2024-12-31,2025-01-02,BUY,MSTR,MicroStrategy,2024-12-23,Wikipedia Nasdaq-100 changes table,300.1099853515625,0.0,0.5,2,1.934956403706566,0,8.518271180836265
Nasdaq-100 Top2 current-member baseline,2,2025-01-31,2025-02-03,SELL,MSTR,MicroStrategy,2024-12-23,Wikipedia Nasdaq-100 changes table,310.0,0.5,0.0,,,,8.99027745969785
Nasdaq-100 Top2 current-member baseline,2,2025-01-31,2025-02-03,BUY,PLTR,Palantir Technologies,2024-12-23,Wikipedia Nasdaq-100 changes table,80.125,0.0,0.5,2,1.8702120512091551,0,8.99027745969785
Nasdaq-100 Top2 current-member baseline,2,2025-05-30,2025-06-02,SELL,APP,AppLovin,2024-11-18,Wikipedia Nasdaq-100 changes table,392.30999755859375,0.5,0.0,,,,12.62298998407551
Nasdaq-100 Top2 current-member baseline,2,2025-05-30,2025-06-02,BUY,NFLX,"Netflix, Inc.",2013-06-06,Wikipedia Nasdaq-100 changes table,120.12000274658205,0.0,0.5,2,0.3074550254061954,0,12.62298998407551
Nasdaq-100 Top2 current-member baseline,2,2025-06-30,2025-07-01,SELL,NFLX,"Netflix, Inc.",2013-06-06,Wikipedia Nasdaq-100 changes table,133.822998046875,0.5,0.0,,,,13.548704492594672
Nasdaq-100 Top2 current-member baseline,2,2025-06-30,2025-07-01,BUY,MELI,Mercado Libre,2017-06-19,Wikipedia Nasdaq-100 changes table,2645.219970703125,0.0,0.5,2,0.4601643634717716,0,13.548704492594672
Nasdaq-100 Top2 current-member baseline,2,2025-07-31,2025-08-01,SELL,MELI,Mercado Libre,2017-06-19,Wikipedia Nasdaq-100 changes table,2379.989990234375,0.5,0.0,,,,13.781532798131975
Nasdaq-100 Top2 current-member baseline,2,2025-07-31,2025-08-01,BUY,ZS,Zscaler,2021-12-20,Wikipedia Nasdaq-100 changes table,281.45001220703125,0.0,0.5,2,0.5241779491243546,0,13.781532798131975
Nasdaq-100 Top2 current-member baseline,2,2025-08-29,2025-09-02,SELL,ZS,Zscaler,2021-12-20,Wikipedia Nasdaq-100 changes table,279.7099914550781,0.5,0.0,,,,13.624256762882695
Nasdaq-100 Top2 current-member baseline,2,2025-08-29,2025-09-02,BUY,AMD,Advanced Micro Devices,2018-12-24,Wikipedia Nasdaq-100 changes table,158.4199981689453,0.0,0.5,2,0.7655717652811362,0,13.624256762882695
Nasdaq-100 Top2 current-member baseline,2,2025-09-30,2025-10-01,SELL,AMD,Advanced Micro Devices,2018-12-24,Wikipedia Nasdaq-100 changes table,160.92999267578125,0.5,0.0,,,,15.054142492175329
Nasdaq-100 Top2 current-member baseline,2,2025-09-30,2025-10-01,SELL,PLTR,Palantir Technologies,2024-12-23,Wikipedia Nasdaq-100 changes table,181.32000732421875,0.5,0.0,,,,15.054142492175329
Nasdaq-100 Top2 current-member baseline,2,2025-09-30,2025-10-01,BUY,WDC,Western Digital,2025-12-22,Wikipedia Nasdaq-100 changes table,118.02855982084074,0.0,0.5,1,0.9908408375683342,0,15.054142492175329
Nasdaq-100 Top2 current-member baseline,2,2025-09-30,2025-10-01,BUY,STX,Seagate Technology,2025-12-22,Wikipedia Nasdaq-100 changes table,233.31981484529493,0.0,0.5,2,0.9810350023738086,0,15.054142492175329
Nasdaq-100 Top2 current-member baseline,2,2025-10-31,2025-11-03,SELL,STX,Seagate Technology,2025-12-22,Wikipedia Nasdaq-100 changes table,257.6235367248701,0.5,0.0,,,,17.963683023326617
Nasdaq-100 Top2 current-member baseline,2,2025-10-31,2025-11-03,BUY,SNDK,Sandisk,2026-04-20,Wikipedia Nasdaq-100 changes table,210.8500061035156,0.0,0.5,1,2.6087207524179523,0,17.963683023326617
Nasdaq-100 Top2 current-member baseline,2,2026-01-30,2026-02-02,SELL,WDC,Western Digital,2025-12-22,Wikipedia Nasdaq-100 changes table,243.6433847555615,0.5,0.0,,,,38.84796664135921
Nasdaq-100 Top2 current-member baseline,2,2026-01-30,2026-02-02,BUY,MU,Micron Technology,2010-12-20,Wikipedia Nasdaq-100 changes table,412.0069129532501,0.0,0.5,2,1.683998028348407,0,38.84796664135921
Nasdaq-100 Top2 current-member baseline,2,2026-04-30,2026-05-01,SELL,MU,Micron Technology,2010-12-20,Wikipedia Nasdaq-100 changes table,511.7799987792969,0.5,0.0,,,,58.66606791917889
Nasdaq-100 Top2 current-member baseline,2,2026-04-30,2026-05-01,BUY,WDC,Western Digital,2025-12-22,Wikipedia Nasdaq-100 changes table,406.2200012207031,0.0,0.5,2,1.1680840618443677,0,58.66606791917889
Nasdaq-100 Top2 PIT membership,2,2019-12-31,2020-01-02,BUY,TSLA,"Tesla, Inc.",2013-07-15,Wikipedia Nasdaq-100 changes table,28.299999237060547,0.0,0.5,1,0.4693386705117728,3,1.0
Nasdaq-100 Top2 PIT membership,2,2019-12-31,2020-01-02,BUY,LRCX,Lam Research,2014-12-22,Wikipedia Nasdaq-100 changes table,27.519421214789357,0.0,0.5,2,0.43261053975283636,3,1.0
Nasdaq-100 Top2 PIT membership,2,2020-01-31,2020-02-03,SELL,LRCX,Lam Research,2014-12-22,Wikipedia Nasdaq-100 changes table,27.912043177663616,0.5,0.0,,,,1.2748146575129042
Nasdaq-100 Top2 PIT membership,2,2020-01-31,2020-02-03,BUY,AMD,Advanced Micro Devices,2018-12-24,Wikipedia Nasdaq-100 changes table,46.400001525878906,0.0,0.5,2,0.5358338805409564,1,1.2748146575129042
Nasdaq-100 Top2 PIT membership,2,2020-02-28,2020-03-02,SELL,AMD,Advanced Micro Devices,2018-12-24,Wikipedia Nasdaq-100 changes table,47.41999816894531,0.5,0.0,,,,1.343175279329455
Nasdaq-100 Top2 PIT membership,2,2020-02-28,2020-03-02,BUY,AAPL,Apple Inc.,,No add date found; assumed already member before test window,68.14337454443714,0.0,0.5,2,0.5828039268401015,0,1.343175279329455
Nasdaq-100 Top2 PIT membership,2,2020-03-31,2020-04-01,SELL,AAPL,Apple Inc.,,No add date found; assumed already member before test window,59.50596558883749,0.5,0.0,,,,1.0710171993178632
Nasdaq-100 Top2 PIT membership,2,2020-03-31,2020-04-01,BUY,REGN,Regeneron Pharmaceuticals,2012-12-24,Wikipedia Nasdaq-100 changes table,480.8912585361074,0.0,0.5,2,0.6753787804111404,1,1.0710171993178632
Nasdaq-100 Top2 PIT membership,2,2020-04-30,2020-05-01,SELL,REGN,Regeneron Pharmaceuticals,2012-12-24,Wikipedia Nasdaq-100 changes table,520.7121966336025,0.5,0.0,,,,1.3815082473247644
Nasdaq-100 Top2 PIT membership,2,2020-04-30,2020-05-01,BUY,DXCM,DexCom,2020-04-20,Wikipedia Nasdaq-100 changes table,82.75,0.0,0.5,1,0.739020895002303,0,1.3815082473247644
Nasdaq-100 Top2 PIT membership,2,2020-07-31,2020-08-03,SELL,DXCM,DexCom,2020-04-20,Wikipedia Nasdaq-100 changes table,110.15499877929688,0.5,0.0,,,,2.2490833771700807
Nasdaq-100 Top2 PIT membership,2,2020-07-31,2020-08-03,BUY,REGN,Regeneron Pharmaceuticals,2012-12-24,Wikipedia Nasdaq-100 changes table,630.579945221257,0.0,0.5,1,0.8025983268585326,4,2.2490833771700807
Nasdaq-100 Top2 PIT membership,2,2020-08-31,2020-09-01,SELL,REGN,Regeneron Pharmaceuticals,2012-12-24,Wikipedia Nasdaq-100 changes table,611.4989530131073,0.5,0.0,,,,2.934899362284593
Nasdaq-100 Top2 PIT membership,2,2020-08-31,2020-09-01,BUY,PDD,PDD Holdings,2020-08-24,Wikipedia Nasdaq-100 changes table,89.37000274658203,0.0,0.5,1,1.5649622996218127,4,2.934899362284593
Nasdaq-100 Top2 PIT membership,2,2020-09-30,2020-10-01,SELL,PDD,PDD Holdings,2020-08-24,Wikipedia Nasdaq-100 changes table,74.87999725341797,0.5,0.0,,,,2.543442808517934
Nasdaq-100 Top2 PIT membership,2,2020-09-30,2020-10-01,BUY,MELI,Mercado Libre,2017-06-19,Wikipedia Nasdaq-100 changes table,1097.989990234375,0.0,0.5,2,1.6123082563304667,1,2.543442808517934
Nasdaq-100 Top2 PIT membership,2,2020-10-30,2020-11-02,SELL,MELI,Mercado Libre,2017-06-19,Wikipedia Nasdaq-100 changes table,1229.449951171875,0.5,0.0,,,,2.553004770942294
Nasdaq-100 Top2 PIT membership,2,2020-10-30,2020-11-02,BUY,NVDA,Nvidia,,No add date found; assumed already member before test window,12.617840220098946,0.0,0.5,2,0.8709584455777348,3,2.553004770942294
Nasdaq-100 Top2 PIT membership,2,2020-11-30,2020-12-01,SELL,NVDA,Nvidia,,No add date found; assumed already member before test window,13.449711765076747,0.5,0.0,,,,3.263042911714138
Nasdaq-100 Top2 PIT membership,2,2020-11-30,2020-12-01,BUY,QCOM,Qualcomm,,No add date found; assumed already member before test window,132.17528894175868,0.0,0.5,2,0.5136606004637174,0,3.263042911714138
Nasdaq-100 Top2 PIT membership,2,2020-12-31,2021-01-04,SELL,QCOM,Qualcomm,,No add date found; assumed already member before test window,136.51062668871091,0.5,0.0,,,,3.6604388467334377
Nasdaq-100 Top2 PIT membership,2,2020-12-31,2021-01-04,BUY,AMD,Advanced Micro Devices,2018-12-24,Wikipedia Nasdaq-100 changes table,92.11000061035156,0.0,0.5,2,0.7697744933773749,1,3.6604388467334377
Nasdaq-100 Top2 PIT membership,2,2021-01-29,2021-02-01,SELL,AMD,Advanced Micro Devices,2018-12-24,Wikipedia Nasdaq-100 changes table,86.83000183105469,0.5,0.0,,,,3.7944231592795314
Nasdaq-100 Top2 PIT membership,2,2021-01-29,2021-02-01,BUY,PDD,PDD Holdings,2020-08-24,Wikipedia Nasdaq-100 changes table,173.52999877929688,0.0,0.5,2,0.9565575425553854,1,3.7944231592795314
Nasdaq-100 Top2 PIT membership,2,2021-03-31,2021-04-01,SELL,TSLA,"Tesla, Inc.",2013-07-15,Wikipedia Nasdaq-100 changes table,229.4566650390625,0.5,0.0,,,,3.1749184517166875
Nasdaq-100 Top2 PIT membership,2,2021-03-31,2021-04-01,BUY,AMAT,Applied Materials,,No add date found; assumed already member before test window,132.37505011619731,0.0,0.5,2,0.979417367492287,3,3.1749184517166875
Nasdaq-100 Top2 PIT membership,2,2021-04-30,2021-05-03,SELL,PDD,PDD Holdings,2020-08-24,Wikipedia Nasdaq-100 changes table,133.0500030517578,0.5,0.0,,,,3.0467700529090753
Nasdaq-100 Top2 PIT membership,2,2021-04-30,2021-05-03,BUY,LRCX,Lam Research,2014-12-22,Wikipedia Nasdaq-100 changes table,59.65801417832439,0.0,0.5,2,0.7651637497457688,4,3.0467700529090753
Nasdaq-100 Top2 PIT membership,2,2021-05-28,2021-06-01,SELL,LRCX,Lam Research,2014-12-22,Wikipedia Nasdaq-100 changes table,62.192157124050325,0.5,0.0,,,,3.1687537200309164
Nasdaq-100 Top2 PIT membership,2,2021-05-28,2021-06-01,BUY,ASML,ASML Holding,2017-12-18,Wikipedia Nasdaq-100 changes table,654.1423565308215,0.0,0.5,2,0.5643717894335165,5,3.1687537200309164
Nasdaq-100 Top2 PIT membership,2,2021-07-30,2021-08-02,SELL,ASML,ASML Holding,2017-12-18,Wikipedia Nasdaq-100 changes table,736.3662572765717,0.5,0.0,,,,3.3892225403985163
Nasdaq-100 Top2 PIT membership,2,2021-07-30,2021-08-02,BUY,NVDA,Nvidia,,No add date found; assumed already member before test window,19.65497762771269,0.0,0.5,1,0.5407523063203368,2,3.3892225403985163
Nasdaq-100 Top2 PIT membership,2,2021-08-31,2021-09-01,SELL,AMAT,Applied Materials,,No add date found; assumed already member before test window,130.48330097380196,0.5,0.0,,,,3.559040404944753
Nasdaq-100 Top2 PIT membership,2,2021-08-31,2021-09-01,BUY,ASML,ASML Holding,2017-12-18,Wikipedia Nasdaq-100 changes table,801.2418708950923,0.0,0.5,2,0.41993553842646714,1,3.559040404944753
Nasdaq-100 Top2 PIT membership,2,2021-09-30,2021-10-01,SELL,ASML,ASML Holding,2017-12-18,Wikipedia Nasdaq-100 changes table,711.7098112814783,0.5,0.0,,,,3.224372513049041
Nasdaq-100 Top2 PIT membership,2,2021-09-30,2021-10-01,BUY,CRWD,CrowdStrike,2021-08-26,Wikipedia Nasdaq-100 changes table,246.6499938964844,0.0,0.5,2,0.5024327746031352,3,3.224372513049041
Nasdaq-100 Top2 PIT membership,2,2021-10-29,2021-11-01,SELL,CRWD,CrowdStrike,2021-08-26,Wikipedia Nasdaq-100 changes table,275.5409851074219,0.5,0.0,,,,3.7941299897678293
Nasdaq-100 Top2 PIT membership,2,2021-10-29,2021-11-01,BUY,DXCM,DexCom,2020-04-20,Wikipedia Nasdaq-100 changes table,156.8175048828125,0.0,0.5,1,0.43694977225484966,4,3.7941299897678293
Nasdaq-100 Top2 PIT membership,2,2021-11-30,2021-12-01,SELL,NVDA,Nvidia,,No add date found; assumed already member before test window,33.15298499754876,0.5,0.0,,,,4.128315718189886
Nasdaq-100 Top2 PIT membership,2,2021-11-30,2021-12-01,BUY,TSLA,"Tesla, Inc.",2013-07-15,Wikipedia Nasdaq-100 changes table,386.8999938964844,0.0,0.5,1,0.840957230808149,1,4.128315718189886
Nasdaq-100 Top2 PIT membership,2,2021-12-31,2022-01-03,SELL,DXCM,DexCom,2020-04-20,Wikipedia Nasdaq-100 changes table,132.9499969482422,0.5,0.0,,,,3.990528850918168
Nasdaq-100 Top2 PIT membership,2,2021-12-31,2022-01-03,BUY,AMD,Advanced Micro Devices,2018-12-24,Wikipedia Nasdaq-100 changes table,145.13999938964844,0.0,0.5,2,0.5745512715469978,0,3.990528850918168
Nasdaq-100 Top2 PIT membership,2,2022-01-31,2022-02-01,SELL,AMD,Advanced Micro Devices,2018-12-24,Wikipedia Nasdaq-100 changes table,116.75,0.5,0.0,,,,3.235157599898278
Nasdaq-100 Top2 PIT membership,2,2022-01-31,2022-02-01,BUY,DDOG,Datadog,2021-12-20,Wikipedia Nasdaq-100 changes table,147.88999938964844,0.0,0.5,1,0.6028845030747563,0,3.235157599898278
Nasdaq-100 Top2 PIT membership,2,2022-02-28,2022-03-01,SELL,DDOG,Datadog,2021-12-20,Wikipedia Nasdaq-100 changes table,160.24000549316406,0.5,0.0,,,,3.2635972906066444
Nasdaq-100 Top2 PIT membership,2,2022-02-28,2022-03-01,BUY,PCAR,Paccar,,No add date found; assumed already member before test window,52.17555364575536,0.0,0.5,2,0.15738728090321796,3,3.2635972906066444
Nasdaq-100 Top2 PIT membership,2,2022-03-31,2022-04-01,SELL,PCAR,Paccar,,No add date found; assumed already member before test window,50.52171530423361,0.5,0.0,,,,3.5937307553634326
Nasdaq-100 Top2 PIT membership,2,2022-03-31,2022-04-01,SELL,TSLA,"Tesla, Inc.",2013-07-15,Wikipedia Nasdaq-100 changes table,360.3833312988281,0.5,0.0,,,,3.5937307553634326
Nasdaq-100 Top2 PIT membership,2,2022-03-31,2022-04-01,BUY,QCOM,Qualcomm,,No add date found; assumed already member before test window,138.63044940793944,0.0,0.5,1,0.322674315264714,1,3.5937307553634326
Nasdaq-100 Top2 PIT membership,2,2022-03-31,2022-04-01,BUY,MU,Micron Technology,2010-12-20,Wikipedia Nasdaq-100 changes table,76.6803668137586,0.0,0.5,2,0.31585584342246875,1,3.5937307553634326
Nasdaq-100 Top2 PIT membership,2,2022-04-29,2022-05-02,SELL,MU,Micron Technology,2010-12-20,Wikipedia Nasdaq-100 changes table,66.7305317350173,0.5,0.0,,,,3.2282980588939707
Nasdaq-100 Top2 PIT membership,2,2022-04-29,2022-05-02,SELL,QCOM,Qualcomm,,No add date found; assumed already member before test window,128.28382000342376,0.5,0.0,,,,3.2282980588939707
Nasdaq-100 Top2 PIT membership,2,2022-04-29,2022-05-02,BUY,VRTX,Vertex Pharmaceuticals,,No add date found; assumed already member before test window,264.1499938964844,0.0,0.5,1,0.40945048908610926,2,3.2282980588939707
Nasdaq-100 Top2 PIT membership,2,2022-04-29,2022-05-02,BUY,EXC,Exelon,2019-11-21,Wikipedia Nasdaq-100 changes table,40.59631949077061,0.0,0.5,2,0.2746548901370456,2,3.2282980588939707
Nasdaq-100 Top2 PIT membership,2,2022-05-31,2022-06-01,SELL,EXC,Exelon,2019-11-21,Wikipedia Nasdaq-100 changes table,43.180784743506,0.5,0.0,,,,3.4034200243754658
Nasdaq-100 Top2 PIT membership,2,2022-05-31,2022-06-01,BUY,KHC,Kraft Heinz,2015-07-02,Wikipedia Nasdaq-100 changes table,31.451639582367648,0.0,0.5,2,0.23868186076051345,1,3.4034200243754658
Nasdaq-100 Top2 PIT membership,2,2022-06-30,2022-07-01,SELL,KHC,Kraft Heinz,2015-07-02,Wikipedia Nasdaq-100 changes table,31.634162822619118,0.5,0.0,,,,3.4479580322309777
Nasdaq-100 Top2 PIT membership,2,2022-06-30,2022-07-01,BUY,EXC,Exelon,2019-11-21,Wikipedia Nasdaq-100 changes table,39.42972562810287,0.0,0.5,1,0.23527330696732052,2,3.4479580322309777
Nasdaq-100 Top2 PIT membership,2,2022-07-29,2022-08-01,SELL,EXC,Exelon,2019-11-21,Wikipedia Nasdaq-100 changes table,40.48525374405027,0.5,0.0,,,,3.494919785351073
Nasdaq-100 Top2 PIT membership,2,2022-07-29,2022-08-01,SELL,VRTX,Vertex Pharmaceuticals,,No add date found; assumed already member before test window,279.7900085449219,0.5,0.0,,,,3.494919785351073
Nasdaq-100 Top2 PIT membership,2,2022-07-29,2022-08-01,BUY,TMUS,T-Mobile US,2015-12-21,Wikipedia Nasdaq-100 changes table,137.49199170874357,0.0,0.5,1,0.2672827696615574,0,3.494919785351073
Nasdaq-100 Top2 PIT membership,2,2022-07-29,2022-08-01,BUY,CEG,Constellation Energy,2022-02-02,Wikipedia Nasdaq-100 changes table,64.0451825840418,0.0,0.5,2,0.25961135473316355,0,3.494919785351073
Nasdaq-100 Top2 PIT membership,2,2022-08-31,2022-09-01,SELL,TMUS,T-Mobile US,2015-12-21,Wikipedia Nasdaq-100 changes table,137.9631716128819,0.5,0.0,,,,3.9039779043342877
Nasdaq-100 Top2 PIT membership,2,2022-08-31,2022-09-01,BUY,ADP,Automatic Data Processing,2008-12-22,Wikipedia Nasdaq-100 changes table,223.61914701397265,0.0,0.5,2,0.1777979226021953,1,3.9039779043342877
Nasdaq-100 Top2 PIT membership,2,2022-09-30,2022-10-03,SELL,ADP,Automatic Data Processing,2008-12-22,Wikipedia Nasdaq-100 changes table,210.96745491007985,0.5,0.0,,,,3.8739524438532618
Nasdaq-100 Top2 PIT membership,2,2022-09-30,2022-10-03,BUY,PDD,PDD Holdings,2020-08-24,Wikipedia Nasdaq-100 changes table,62.40999984741211,0.0,0.5,1,0.777611617222383,0,3.8739524438532618
Nasdaq-100 Top2 PIT membership,2,2022-11-30,2022-12-01,SELL,CEG,Constellation Energy,2022-02-02,Wikipedia Nasdaq-100 changes table,94.36841939492692,0.5,0.0,,,,4.747888503619857
Nasdaq-100 Top2 PIT membership,2,2022-11-30,2022-12-01,SELL,PDD,PDD Holdings,2020-08-24,Wikipedia Nasdaq-100 changes table,79.23999786376953,0.5,0.0,,,,4.747888503619857
Nasdaq-100 Top2 PIT membership,2,2022-11-30,2022-12-01,BUY,DXCM,DexCom,2020-04-20,Wikipedia Nasdaq-100 changes table,116.38999938964844,0.0,0.5,1,0.7020256640086218,1,4.747888503619857
Nasdaq-100 Top2 PIT membership,2,2022-11-30,2022-12-01,BUY,NFLX,"Netflix, Inc.",2013-06-06,Wikipedia Nasdaq-100 changes table,30.39900016784668,0.0,0.5,2,0.5130371246307115,1,4.747888503619857
Nasdaq-100 Top2 PIT membership,2,2022-12-30,2023-01-03,SELL,DXCM,DexCom,2020-04-20,Wikipedia Nasdaq-100 changes table,114.3000030517578,0.5,0.0,,,,4.666832480143815
Nasdaq-100 Top2 PIT membership,2,2022-12-30,2023-01-03,BUY,CEG,Constellation Energy,2022-02-02,Wikipedia Nasdaq-100 changes table,83.66684891768972,0.0,0.5,2,0.6742975189564664,1,4.666832480143815
Nasdaq-100 Top2 PIT membership,2,2023-01-31,2023-02-01,SELL,CEG,Constellation Energy,2022-02-02,Wikipedia Nasdaq-100 changes table,83.1366271103242,0.5,0.0,,,,5.0768791653381
Nasdaq-100 Top2 PIT membership,2,2023-01-31,2023-02-01,SELL,NFLX,"Netflix, Inc.",2013-06-06,Wikipedia Nasdaq-100 changes table,35.38600158691406,0.5,0.0,,,,5.0768791653381
Nasdaq-100 Top2 PIT membership,2,2023-01-31,2023-02-01,BUY,PDD,PDD Holdings,2020-08-24,Wikipedia Nasdaq-100 changes table,102.30999755859376,0.0,0.5,1,0.728035354061749,2,5.0768791653381
Nasdaq-100 Top2 PIT membership,2,2023-01-31,2023-02-01,BUY,GILD,Gilead Sciences,,No add date found; assumed already member before test window,75.16967807179442,0.0,0.5,2,0.45875941463704994,2,5.0768791653381
Nasdaq-100 Top2 PIT membership,2,2023-02-28,2023-03-01,SELL,GILD,Gilead Sciences,,No add date found; assumed already member before test window,71.88586060771588,0.5,0.0,,,,4.7470143266989195
Nasdaq-100 Top2 PIT membership,2,2023-02-28,2023-03-01,BUY,NFLX,"Netflix, Inc.",2013-06-06,Wikipedia Nasdaq-100 changes table,32.154998779296875,0.0,0.5,2,0.615773965168505,0,4.7470143266989195
Nasdaq-100 Top2 PIT membership,2,2023-03-31,2023-04-03,SELL,NFLX,"Netflix, Inc.",2013-06-06,Wikipedia Nasdaq-100 changes table,34.18299865722656,0.5,0.0,,,,4.399551257690049
Nasdaq-100 Top2 PIT membership,2,2023-03-31,2023-04-03,BUY,NVDA,Nvidia,,No add date found; assumed already member before test window,27.48466960367856,0.0,0.5,1,0.9083439264623381,1,4.399551257690049
Nasdaq-100 Top2 PIT membership,2,2023-04-28,2023-05-01,SELL,PDD,PDD Holdings,2020-08-24,Wikipedia Nasdaq-100 changes table,67.69000244140625,0.5,0.0,,,,4.236223931418169
Nasdaq-100 Top2 PIT membership,2,2023-04-28,2023-05-01,BUY,AMD,Advanced Micro Devices,2018-12-24,Wikipedia Nasdaq-100 changes table,91.02999877929688,0.0,0.5,2,0.6087392779895031,0,4.236223931418169
Nasdaq-100 Top2 PIT membership,2,2023-05-31,2023-06-01,SELL,AMD,Advanced Micro Devices,2018-12-24,Wikipedia Nasdaq-100 changes table,117.29000091552734,0.5,0.0,,,,5.678934993553332
Nasdaq-100 Top2 PIT membership,2,2023-05-31,2023-06-01,BUY,META,Meta Platforms,,No add date found; assumed already member before test window,263.8295904214734,0.0,0.5,1,1.2355208296885665,0,5.678934993553332
Nasdaq-100 Top2 PIT membership,2,2023-09-29,2023-10-02,SELL,META,Meta Platforms,,No add date found; assumed already member before test window,300.3827511018216,0.5,0.0,,,,6.518297142606054
Nasdaq-100 Top2 PIT membership,2,2023-09-29,2023-10-02,BUY,ADBE,Adobe Inc.,,No add date found; assumed already member before test window,508.239990234375,0.0,0.5,2,0.4280177901741069,2,6.518297142606054
Nasdaq-100 Top2 PIT membership,2,2023-10-31,2023-11-01,SELL,ADBE,Adobe Inc.,,No add date found; assumed already member before test window,535.0,0.5,0.0,,,,6.451757401779791
Nasdaq-100 Top2 PIT membership,2,2023-10-31,2023-11-01,BUY,ZS,Zscaler,2021-12-20,Wikipedia Nasdaq-100 changes table,159.60000610351562,0.0,0.5,1,0.849310337812051,2,6.451757401779791
Nasdaq-100 Top2 PIT membership,2,2023-11-30,2023-12-01,SELL,NVDA,Nvidia,,No add date found; assumed already member before test window,46.49249632095064,0.5,0.0,,,,7.679676101393936
Nasdaq-100 Top2 PIT membership,2,2023-11-30,2023-12-01,SELL,ZS,Zscaler,2021-12-20,Wikipedia Nasdaq-100 changes table,197.88999938964844,0.5,0.0,,,,7.679676101393936
Nasdaq-100 Top2 PIT membership,2,2023-11-30,2023-12-01,BUY,PDD,PDD Holdings,2020-08-24,Wikipedia Nasdaq-100 changes table,143.32000732421875,0.0,0.5,1,0.4679404189420133,3,7.679676101393936
Nasdaq-100 Top2 PIT membership,2,2023-11-30,2023-12-01,BUY,CEG,Constellation Energy,2022-02-02,Wikipedia Nasdaq-100 changes table,118.7769696370951,0.0,0.5,2,0.27387500266105924,3,7.679676101393936
Nasdaq-100 Top2 PIT membership,2,2023-12-29,2024-01-02,SELL,CEG,Constellation Energy,2022-02-02,Wikipedia Nasdaq-100 changes table,114.62144351042728,0.5,0.0,,,,7.566754172275887
Nasdaq-100 Top2 PIT membership,2,2023-12-29,2024-01-02,BUY,CRWD,CrowdStrike,2021-08-26,Wikipedia Nasdaq-100 changes table,251.47000122070312,0.0,0.5,2,0.5962416438725056,0,7.566754172275887
Nasdaq-100 Top2 PIT membership,2,2024-02-29,2024-03-01,SELL,PDD,PDD Holdings,2020-08-24,Wikipedia Nasdaq-100 changes table,126.9000015258789,0.5,0.0,,,,8.095186640519385
Nasdaq-100 Top2 PIT membership,2,2024-02-29,2024-03-01,BUY,ZS,Zscaler,2021-12-20,Wikipedia Nasdaq-100 changes table,227.0,0.0,0.5,2,0.6699217129747685,0,8.095186640519385
Nasdaq-100 Top2 PIT membership,2,2024-03-28,2024-04-01,SELL,ZS,Zscaler,2021-12-20,Wikipedia Nasdaq-100 changes table,192.5,0.5,0.0,,,,7.498395402711882
Nasdaq-100 Top2 PIT membership,2,2024-03-28,2024-04-01,BUY,NVDA,Nvidia,,No add date found; assumed already member before test window,90.24806771473165,0.0,0.5,2,0.8289026171890554,2,7.498395402711882
Nasdaq-100 Top2 PIT membership,2,2024-04-30,2024-05-01,SELL,CRWD,CrowdStrike,2021-08-26,Wikipedia Nasdaq-100 changes table,290.44000244140625,0.5,0.0,,,,6.928046415879227
Nasdaq-100 Top2 PIT membership,2,2024-04-30,2024-05-01,BUY,DASH,DoorDash,2023-12-18,Wikipedia Nasdaq-100 changes table,128.14999389648438,0.0,0.5,2,0.9568293986428209,2,6.928046415879227
Nasdaq-100 Top2 PIT membership,2,2024-05-31,2024-06-03,SELL,DASH,DoorDash,2023-12-18,Wikipedia Nasdaq-100 changes table,110.25,0.5,0.0,,,,7.452049746907232
Nasdaq-100 Top2 PIT membership,2,2024-05-31,2024-06-03,BUY,CEG,Constellation Energy,2022-02-02,Wikipedia Nasdaq-100 changes table,212.9492940886588,0.0,0.5,2,0.5336098279714332,2,7.452049746907232
Nasdaq-100 Top2 PIT membership,2,2024-07-31,2024-08-01,SELL,CEG,Constellation Energy,2022-02-02,Wikipedia Nasdaq-100 changes table,186.06333843699755,0.5,0.0,,,,7.129476896699087
Nasdaq-100 Top2 PIT membership,2,2024-07-31,2024-08-01,BUY,ARM,Arm Holdings,2024-06-24,Wikipedia Nasdaq-100 changes table,128.7100067138672,0.0,0.5,1,1.2068917484659587,3,7.129476896699087
Nasdaq-100 Top2 PIT membership,2,2024-08-30,2024-09-03,SELL,ARM,Arm Holdings,2024-06-24,Wikipedia Nasdaq-100 changes table,129.86500549316406,0.5,0.0,,,,7.127491104911529
Nasdaq-100 Top2 PIT membership,2,2024-08-30,2024-09-03,BUY,CHTR,Charter Communications,2013-07-25,Wikipedia Nasdaq-100 changes table,345.5299987792969,0.0,0.5,2,0.28588482914330826,3,7.127491104911529
Nasdaq-100 Top2 PIT membership,2,2024-09-30,2024-10-01,SELL,CHTR,Charter Communications,2013-07-25,Wikipedia Nasdaq-100 changes table,323.44000244140625,0.5,0.0,,,,7.092131422752563
Nasdaq-100 Top2 PIT membership,2,2024-09-30,2024-10-01,SELL,NVDA,Nvidia,,No add date found; assumed already member before test window,121.72171083436712,0.5,0.0,,,,7.092131422752563
Nasdaq-100 Top2 PIT membership,2,2024-09-30,2024-10-01,BUY,AAPL,Apple Inc.,,No add date found; assumed already member before test window,227.8122709144617,0.0,0.5,1,0.3548667677323891,5,7.092131422752563
Nasdaq-100 Top2 PIT membership,2,2024-09-30,2024-10-01,BUY,MELI,Mercado Libre,2017-06-19,Wikipedia Nasdaq-100 changes table,2060.0,0.0,0.5,2,0.3184146659068092,5,7.092131422752563
Nasdaq-100 Top2 PIT membership,2,2024-10-31,2024-11-01,SELL,AAPL,Apple Inc.,,No add date found; assumed already member before test window,219.32585141181025,0.5,0.0,,,,6.913716077255041
Nasdaq-100 Top2 PIT membership,2,2024-10-31,2024-11-01,SELL,MELI,Mercado Libre,2017-06-19,Wikipedia Nasdaq-100 changes table,2030.43994140625,0.5,0.0,,,,6.913716077255041
Nasdaq-100 Top2 PIT membership,2,2024-10-31,2024-11-01,BUY,CEG,Constellation Energy,2022-02-02,Wikipedia Nasdaq-100 changes table,260.10385127360286,0.0,0.5,1,0.4302329792631543,5,6.913716077255041
Nasdaq-100 Top2 PIT membership,2,2024-10-31,2024-11-01,BUY,ARM,Arm Holdings,2024-06-24,Wikipedia Nasdaq-100 changes table,144.1699981689453,0.0,0.5,2,0.3982652936662947,5,6.913716077255041
Nasdaq-100 Top2 PIT membership,2,2024-11-29,2024-12-02,SELL,ARM,Arm Holdings,2024-06-24,Wikipedia Nasdaq-100 changes table,134.1999969482422,0.5,0.0,,,,6.6342669326064305
Nasdaq-100 Top2 PIT membership,2,2024-11-29,2024-12-02,SELL,CEG,Constellation Energy,2022-02-02,Wikipedia Nasdaq-100 changes table,254.83023885036357,0.5,0.0,,,,6.6342669326064305
Nasdaq-100 Top2 PIT membership,2,2024-11-29,2024-12-02,BUY,APP,AppLovin,2024-11-18,Wikipedia Nasdaq-100 changes table,335.7850036621094,0.0,0.5,1,1.1066517774250646,4,6.6342669326064305
Nasdaq-100 Top2 PIT membership,2,2024-11-29,2024-12-02,BUY,TSLA,"Tesla, Inc.",2013-07-15,Wikipedia Nasdaq-100 changes table,352.3800048828125,0.0,0.5,2,0.44626002439795354,4,6.6342669326064305
Nasdaq-100 Top2 PIT membership,2,2024-12-31,2025-01-02,SELL,TSLA,"Tesla, Inc.",2013-07-15,Wikipedia Nasdaq-100 changes table,390.1000061035156,0.5,0.0,,,,6.984053517501493
Nasdaq-100 Top2 PIT membership,2,2024-12-31,2025-01-02,BUY,MSTR,MicroStrategy,2024-12-23,Wikipedia Nasdaq-100 changes table,300.1099853515625,0.0,0.5,2,1.934956403706566,0,6.984053517501493
Nasdaq-100 Top2 PIT membership,2,2025-01-31,2025-02-03,SELL,MSTR,MicroStrategy,2024-12-23,Wikipedia Nasdaq-100 changes table,310.0,0.5,0.0,,,,7.371047197578535
Nasdaq-100 Top2 PIT membership,2,2025-01-31,2025-02-03,BUY,PLTR,Palantir Technologies,2024-12-23,Wikipedia Nasdaq-100 changes table,80.125,0.0,0.5,2,1.8702120512091551,0,7.371047197578535
Nasdaq-100 Top2 PIT membership,2,2025-05-30,2025-06-02,SELL,APP,AppLovin,2024-11-18,Wikipedia Nasdaq-100 changes table,392.30999755859375,0.5,0.0,,,,10.349475348707292
Nasdaq-100 Top2 PIT membership,2,2025-05-30,2025-06-02,BUY,NFLX,"Netflix, Inc.",2013-06-06,Wikipedia Nasdaq-100 changes table,120.12000274658205,0.0,0.5,2,0.3074550254061954,0,10.349475348707292
Nasdaq-100 Top2 PIT membership,2,2025-06-30,2025-07-01,SELL,NFLX,"Netflix, Inc.",2013-06-06,Wikipedia Nasdaq-100 changes table,133.822998046875,0.5,0.0,,,,11.108460303773098
Nasdaq-100 Top2 PIT membership,2,2025-06-30,2025-07-01,BUY,MELI,Mercado Libre,2017-06-19,Wikipedia Nasdaq-100 changes table,2645.219970703125,0.0,0.5,2,0.4601643634717716,0,11.108460303773098
Nasdaq-100 Top2 PIT membership,2,2025-07-31,2025-08-01,SELL,MELI,Mercado Libre,2017-06-19,Wikipedia Nasdaq-100 changes table,2379.989990234375,0.5,0.0,,,,11.299354126209739
Nasdaq-100 Top2 PIT membership,2,2025-07-31,2025-08-01,BUY,ZS,Zscaler,2021-12-20,Wikipedia Nasdaq-100 changes table,281.45001220703125,0.0,0.5,2,0.5241779491243546,0,11.299354126209739
Nasdaq-100 Top2 PIT membership,2,2025-08-29,2025-09-02,SELL,ZS,Zscaler,2021-12-20,Wikipedia Nasdaq-100 changes table,279.7099914550781,0.5,0.0,,,,11.170404927025691
Nasdaq-100 Top2 PIT membership,2,2025-08-29,2025-09-02,BUY,AMD,Advanced Micro Devices,2018-12-24,Wikipedia Nasdaq-100 changes table,158.4199981689453,0.0,0.5,2,0.7655717652811362,0,11.170404927025691
Nasdaq-100 Top2 PIT membership,2,2025-09-30,2025-10-01,SELL,AMD,Advanced Micro Devices,2018-12-24,Wikipedia Nasdaq-100 changes table,160.92999267578125,0.5,0.0,,,,12.342755307201196
Nasdaq-100 Top2 PIT membership,2,2025-09-30,2025-10-01,BUY,APP,AppLovin,2024-11-18,Wikipedia Nasdaq-100 changes table,714.8350219726562,0.0,0.5,2,0.8062044538364765,2,12.342755307201196
Nasdaq-100 Top2 PIT membership,2,2025-10-31,2025-11-03,SELL,APP,AppLovin,2024-11-18,Wikipedia Nasdaq-100 changes table,646.9849853515625,0.5,0.0,,,,12.547407953973005
Nasdaq-100 Top2 PIT membership,2,2025-10-31,2025-11-03,SELL,PLTR,Palantir Technologies,2024-12-23,Wikipedia Nasdaq-100 changes table,205.0449981689453,0.5,0.0,,,,12.547407953973005
Nasdaq-100 Top2 PIT membership,2,2025-10-31,2025-11-03,BUY,MU,Micron Technology,2010-12-20,Wikipedia Nasdaq-100 changes table,233.68739709189376,0.0,0.5,1,1.278530084746686,3,12.547407953973005
Nasdaq-100 Top2 PIT membership,2,2025-10-31,2025-11-03,BUY,WBD,Warner Bros. Discovery,2022-12-19,Wikipedia Nasdaq-100 changes table,22.5,0.0,0.5,2,1.2529273837307406,3,12.547407953973005
Nasdaq-100 Top2 PIT membership,2,2025-11-28,2025-12-01,SELL,WBD,Warner Bros. Discovery,2022-12-19,Wikipedia Nasdaq-100 changes table,23.81999969482422,0.5,0.0,,,,12.92890024990021
Nasdaq-100 Top2 PIT membership,2,2025-11-28,2025-12-01,BUY,AMD,Advanced Micro Devices,2018-12-24,Wikipedia Nasdaq-100 changes table,213.8800048828125,0.0,0.5,2,1.387157758139037,3,12.92890024990021
Nasdaq-100 Top2 PIT membership,2,2025-12-31,2026-01-02,SELL,AMD,Advanced Micro Devices,2018-12-24,Wikipedia Nasdaq-100 changes table,218.8999938964844,0.5,0.0,,,,14.79424736665983
Nasdaq-100 Top2 PIT membership,2,2025-12-31,2026-01-02,SELL,MU,Micron Technology,2010-12-20,Wikipedia Nasdaq-100 changes table,295.00607846003123,0.5,0.0,,,,14.79424736665983
Nasdaq-100 Top2 PIT membership,2,2025-12-31,2026-01-02,BUY,WDC,Western Digital,2025-12-22,Wikipedia Nasdaq-100 changes table,177.11522230299764,0.0,0.5,1,1.4890602155250843,1,14.79424736665983
Nasdaq-100 Top2 PIT membership,2,2025-12-31,2026-01-02,BUY,INSM,Insmed Incorporated,2025-12-22,Wikipedia Nasdaq-100 changes table,175.7899932861328,0.0,0.5,2,1.1519748397722274,1,14.79424736665983
Nasdaq-100 Top2 PIT membership,2,2026-01-30,2026-02-02,SELL,INSM,Insmed Incorporated,2025-12-22,Wikipedia Nasdaq-100 changes table,156.6300048828125,0.5,0.0,,,,16.623258700801905
Nasdaq-100 Top2 PIT membership,2,2026-01-30,2026-02-02,BUY,MU,Micron Technology,2010-12-20,Wikipedia Nasdaq-100 changes table,412.0069129532501,0.0,0.5,1,1.683998028348407,1,16.623258700801905
Nasdaq-100 Top2 PIT membership,2,2026-04-30,2026-05-01,SELL,MU,Micron Technology,2010-12-20,Wikipedia Nasdaq-100 changes table,511.7799987792969,0.5,0.0,,,,24.112209225767614
Nasdaq-100 Top2 PIT membership,2,2026-04-30,2026-05-01,BUY,SNDK,Sandisk,2026-04-20,Wikipedia Nasdaq-100 changes table,1059.02001953125,0.0,0.5,1,2.6195523914650924,0,24.112209225767614
Nasdaq-100 Top3 current-member baseline,3,2019-12-31,2020-01-02,BUY,PDD,PDD Holdings,2020-08-24,Wikipedia Nasdaq-100 changes table,38.5,0.0,0.3333333333333333,1,0.770064091986985,0,1.0
Nasdaq-100 Top3 current-member baseline,3,2019-12-31,2020-01-02,BUY,ALNY,Alnylam Pharmaceuticals,2025-12-22,Wikipedia Nasdaq-100 changes table,115.56999969482422,0.0,0.3333333333333333,2,0.6053172184463846,0,1.0
Nasdaq-100 Top3 current-member baseline,3,2019-12-31,2020-01-02,BUY,DXCM,DexCom,2020-04-20,Wikipedia Nasdaq-100 changes table,54.63999938964844,0.0,0.3333333333333333,3,0.5604448439339165,0,1.0
Nasdaq-100 Top3 current-member baseline,3,2020-01-31,2020-02-03,SELL,ALNY,Alnylam Pharmaceuticals,2025-12-22,Wikipedia Nasdaq-100 changes table,115.91999816894533,0.3333333333333333,0.0,,,,1.0054958173934672
Nasdaq-100 Top3 current-member baseline,3,2020-01-31,2020-02-03,SELL,DXCM,DexCom,2020-04-20,Wikipedia Nasdaq-100 changes table,60.2599983215332,0.3333333333333333,0.0,,,,1.0054958173934672
Nasdaq-100 Top3 current-member baseline,3,2020-01-31,2020-02-03,BUY,TSLA,"Tesla, Inc.",2013-07-15,Wikipedia Nasdaq-100 changes table,44.91266632080078,0.0,0.3333333333333333,1,0.7888817113529452,0,1.0054958173934672
Nasdaq-100 Top3 current-member baseline,3,2020-01-31,2020-02-03,BUY,AMD,Advanced Micro Devices,2018-12-24,Wikipedia Nasdaq-100 changes table,46.400001525878906,0.0,0.3333333333333333,3,0.5358338805409564,0,1.0054958173934672
Nasdaq-100 Top3 current-member baseline,3,2020-02-28,2020-03-02,SELL,PDD,PDD Holdings,2020-08-24,Wikipedia Nasdaq-100 changes table,37.0,0.3333333333333333,0.0,,,,1.0689511330482087
Nasdaq-100 Top3 current-member baseline,3,2020-02-28,2020-03-02,BUY,AAPL,Apple Inc.,,No add date found; assumed already member before test window,68.14337454443714,0.0,0.3333333333333333,2,0.5828039268401015,0,1.0689511330482087
Nasdaq-100 Top3 current-member baseline,3,2020-03-31,2020-04-01,SELL,AAPL,Apple Inc.,,No add date found; assumed already member before test window,59.50596558883749,0.3333333333333333,0.0,,,,0.9014457748183127
Nasdaq-100 Top3 current-member baseline,3,2020-03-31,2020-04-01,SELL,AMD,Advanced Micro Devices,2018-12-24,Wikipedia Nasdaq-100 changes table,44.18000030517578,0.3333333333333333,0.0,,,,0.9014457748183127
Nasdaq-100 Top3 current-member baseline,3,2020-03-31,2020-04-01,BUY,DXCM,DexCom,2020-04-20,Wikipedia Nasdaq-100 changes table,63.87749862670898,0.0,0.3333333333333333,2,0.9145671433214735,0,0.9014457748183127
Nasdaq-100 Top3 current-member baseline,3,2020-03-31,2020-04-01,BUY,REGN,Regeneron Pharmaceuticals,2012-12-24,Wikipedia Nasdaq-100 changes table,480.8912585361074,0.0,0.3333333333333333,3,0.6753787804111404,0,0.9014457748183127
Nasdaq-100 Top3 current-member baseline,3,2020-05-29,2020-06-01,SELL,REGN,Regeneron Pharmaceuticals,2012-12-24,Wikipedia Nasdaq-100 changes table,600.940247610499,0.3333333333333333,0.0,,,,1.3494109007110426
Nasdaq-100 Top3 current-member baseline,3,2020-05-29,2020-06-01,BUY,SHOP,Shopify,2025-05-19,Wikipedia Nasdaq-100 changes table,75.47200012207031,0.0,0.3333333333333333,2,0.9036557166165193,0,1.3494109007110426
Nasdaq-100 Top3 current-member baseline,3,2020-06-30,2020-07-01,SELL,DXCM,DexCom,2020-04-20,Wikipedia Nasdaq-100 changes table,102.23999786376952,0.3333333333333333,0.0,,,,1.6155999653012358
Nasdaq-100 Top3 current-member baseline,3,2020-06-30,2020-07-01,BUY,ZS,Zscaler,2021-12-20,Wikipedia Nasdaq-100 changes table,109.3000030517578,0.0,0.3333333333333333,1,1.365161362514701,0,1.6155999653012358
Nasdaq-100 Top3 current-member baseline,3,2020-07-31,2020-08-03,SELL,TSLA,"Tesla, Inc.",2013-07-15,Wikipedia Nasdaq-100 changes table,96.61333465576172,0.3333333333333333,0.0,,,,1.968584898628484
Nasdaq-100 Top3 current-member baseline,3,2020-07-31,2020-08-03,BUY,PDD,PDD Holdings,2020-08-24,Wikipedia Nasdaq-100 changes table,92.97000122070312,0.0,0.3333333333333333,1,1.4261781370414242,0,1.968584898628484
Nasdaq-100 Top3 current-member baseline,3,2020-08-31,2020-09-01,SELL,SHOP,Shopify,2025-05-19,Wikipedia Nasdaq-100 changes table,107.5,0.3333333333333333,0.0,,,,2.057387104773784
Nasdaq-100 Top3 current-member baseline,3,2020-08-31,2020-09-01,BUY,DDOG,Datadog,2021-12-20,Wikipedia Nasdaq-100 changes table,83.98999786376953,0.0,0.3333333333333333,3,1.162672749086978,0,2.057387104773784
Nasdaq-100 Top3 current-member baseline,3,2020-09-30,2020-10-01,SELL,DDOG,Datadog,2021-12-20,Wikipedia Nasdaq-100 changes table,101.43000030517578,0.3333333333333333,0.0,,,,2.0474171916115957
Nasdaq-100 Top3 current-member baseline,3,2020-09-30,2020-10-01,SELL,PDD,PDD Holdings,2020-08-24,Wikipedia Nasdaq-100 changes table,74.87999725341797,0.3333333333333333,0.0,,,,2.0474171916115957
Nasdaq-100 Top3 current-member baseline,3,2020-09-30,2020-10-01,SELL,ZS,Zscaler,2021-12-20,Wikipedia Nasdaq-100 changes table,142.1999969482422,0.3333333333333333,0.0,,,,2.0474171916115957
Nasdaq-100 Top3 current-member baseline,3,2020-09-30,2020-10-01,BUY,TSLA,"Tesla, Inc.",2013-07-15,Wikipedia Nasdaq-100 changes table,146.9199981689453,0.0,0.3333333333333333,1,4.174017995285337,0,2.0474171916115957
Nasdaq-100 Top3 current-member baseline,3,2020-09-30,2020-10-01,BUY,SHOP,Shopify,2025-05-19,Wikipedia Nasdaq-100 changes table,103.06300354003906,0.0,0.3333333333333333,2,1.772298357390345,0,2.0474171916115957
Nasdaq-100 Top3 current-member baseline,3,2020-09-30,2020-10-01,BUY,MELI,Mercado Libre,2017-06-19,Wikipedia Nasdaq-100 changes table,1097.989990234375,0.0,0.3333333333333333,3,1.6123082563304667,0,2.0474171916115957
Nasdaq-100 Top3 current-member baseline,3,2020-10-30,2020-11-02,SELL,MELI,Mercado Libre,2017-06-19,Wikipedia Nasdaq-100 changes table,1229.449951171875,0.3333333333333333,0.0,,,,1.9893976210252393
Nasdaq-100 Top3 current-member baseline,3,2020-10-30,2020-11-02,SELL,SHOP,Shopify,2025-05-19,Wikipedia Nasdaq-100 changes table,93.45700073242188,0.3333333333333333,0.0,,,,1.9893976210252393
Nasdaq-100 Top3 current-member baseline,3,2020-10-30,2020-11-02,BUY,DDOG,Datadog,2021-12-20,Wikipedia Nasdaq-100 changes table,91.77999877929688,0.0,0.3333333333333333,2,1.2585642155940624,0,1.9893976210252393
Nasdaq-100 Top3 current-member baseline,3,2020-10-30,2020-11-02,BUY,ZS,Zscaler,2021-12-20,Wikipedia Nasdaq-100 changes table,136.75,0.0,0.3333333333333333,3,1.0888099934021422,0,1.9893976210252393
Nasdaq-100 Top3 current-member baseline,3,2020-11-30,2020-12-01,SELL,DDOG,Datadog,2021-12-20,Wikipedia Nasdaq-100 changes table,98.5999984741211,0.3333333333333333,0.0,,,,2.4590695804954463
Nasdaq-100 Top3 current-member baseline,3,2020-11-30,2020-12-01,SELL,ZS,Zscaler,2021-12-20,Wikipedia Nasdaq-100 changes table,155.50999450683594,0.3333333333333333,0.0,,,,2.4590695804954463
Nasdaq-100 Top3 current-member baseline,3,2020-11-30,2020-12-01,BUY,QCOM,Qualcomm,,No add date found; assumed already member before test window,132.17528894175868,0.0,0.3333333333333333,2,0.5136606004637174,0,2.4590695804954463
Nasdaq-100 Top3 current-member baseline,3,2020-11-30,2020-12-01,BUY,MELI,Mercado Libre,2017-06-19,Wikipedia Nasdaq-100 changes table,1556.0400390625,0.0,0.3333333333333333,3,0.5131720703381231,0,2.4590695804954463
Nasdaq-100 Top3 current-member baseline,3,2020-12-31,2021-01-04,SELL,MELI,Mercado Libre,2017-06-19,Wikipedia Nasdaq-100 changes table,1690.989990234375,0.3333333333333333,0.0,,,,2.7328292872004796
Nasdaq-100 Top3 current-member baseline,3,2020-12-31,2021-01-04,SELL,QCOM,Qualcomm,,No add date found; assumed already member before test window,136.51062668871091,0.3333333333333333,0.0,,,,2.7328292872004796
Nasdaq-100 Top3 current-member baseline,3,2020-12-31,2021-01-04,BUY,MSTR,MicroStrategy,2024-12-23,Wikipedia Nasdaq-100 changes table,41.632999420166016,0.0,0.3333333333333333,1,1.7609716637224797,0,2.7328292872004796
Nasdaq-100 Top3 current-member baseline,3,2020-12-31,2021-01-04,BUY,AMD,Advanced Micro Devices,2018-12-24,Wikipedia Nasdaq-100 changes table,92.11000061035156,0.0,0.3333333333333333,3,0.7697744933773749,0,2.7328292872004796
Nasdaq-100 Top3 current-member baseline,3,2021-01-29,2021-02-01,SELL,AMD,Advanced Micro Devices,2018-12-24,Wikipedia Nasdaq-100 changes table,86.83000183105469,0.3333333333333333,0.0,,,,3.260458770836087
Nasdaq-100 Top3 current-member baseline,3,2021-01-29,2021-02-01,BUY,PDD,PDD Holdings,2020-08-24,Wikipedia Nasdaq-100 changes table,173.52999877929688,0.0,0.3333333333333333,3,0.9565575425553854,0,3.260458770836087
Nasdaq-100 Top3 current-member baseline,3,2021-02-26,2021-03-01,SELL,PDD,PDD Holdings,2020-08-24,Wikipedia Nasdaq-100 changes table,181.5,0.3333333333333333,0.0,,,,3.4901400302824785
Nasdaq-100 Top3 current-member baseline,3,2021-02-26,2021-03-01,BUY,AXON,Axon Enterprise,2024-12-23,Wikipedia Nasdaq-100 changes table,170.74000549316406,0.0,0.3333333333333333,3,0.9960087852220272,0,3.4901400302824785
Nasdaq-100 Top3 current-member baseline,3,2021-03-31,2021-04-01,SELL,AXON,Axon Enterprise,2024-12-23,Wikipedia Nasdaq-100 changes table,144.4199981689453,0.3333333333333333,0.0,,,,3.1599496211821116
Nasdaq-100 Top3 current-member baseline,3,2021-03-31,2021-04-01,SELL,TSLA,"Tesla, Inc.",2013-07-15,Wikipedia Nasdaq-100 changes table,229.4566650390625,0.3333333333333333,0.0,,,,3.1599496211821116
Nasdaq-100 Top3 current-member baseline,3,2021-03-31,2021-04-01,BUY,WBD,Warner Bros. Discovery,2022-12-19,Wikipedia Nasdaq-100 changes table,43.97999954223633,0.0,0.3333333333333333,2,1.7236782380904274,0,3.1599496211821116
Nasdaq-100 Top3 current-member baseline,3,2021-03-31,2021-04-01,BUY,PDD,PDD Holdings,2020-08-24,Wikipedia Nasdaq-100 changes table,141.00999450683594,0.0,0.3333333333333333,3,1.3815469679832497,0,3.1599496211821116
Nasdaq-100 Top3 current-member baseline,3,2021-04-30,2021-05-03,SELL,PDD,PDD Holdings,2020-08-24,Wikipedia Nasdaq-100 changes table,133.0500030517578,0.3333333333333333,0.0,,,,2.962297143925559
Nasdaq-100 Top3 current-member baseline,3,2021-04-30,2021-05-03,SELL,WBD,Warner Bros. Discovery,2022-12-19,Wikipedia Nasdaq-100 changes table,37.36000061035156,0.3333333333333333,0.0,,,,2.962297143925559
Nasdaq-100 Top3 current-member baseline,3,2021-04-30,2021-05-03,BUY,FANG,Diamondback Energy,2022-12-19,Wikipedia Nasdaq-100 changes table,67.19346108517327,0.0,0.3333333333333333,2,2.039501753061315,0,2.962297143925559
Nasdaq-100 Top3 current-member baseline,3,2021-04-30,2021-05-03,BUY,AMAT,Applied Materials,,No add date found; assumed already member before test window,128.6474312803209,0.0,0.3333333333333333,3,1.3421271782490432,0,2.962297143925559
Nasdaq-100 Top3 current-member baseline,3,2021-05-28,2021-06-01,SELL,AMAT,Applied Materials,,No add date found; assumed already member before test window,133.43210048962595,0.3333333333333333,0.0,,,,2.678751598867846
Nasdaq-100 Top3 current-member baseline,3,2021-05-28,2021-06-01,BUY,STX,Seagate Technology,2025-12-22,Wikipedia Nasdaq-100 changes table,84.6137667505003,0.0,0.3333333333333333,3,0.6919539936195815,0,2.678751598867846
Nasdaq-100 Top3 current-member baseline,3,2021-06-30,2021-07-01,SELL,MSTR,MicroStrategy,2024-12-23,Wikipedia Nasdaq-100 changes table,65.05899810791016,0.3333333333333333,0.0,,,,3.0655999149437485
Nasdaq-100 Top3 current-member baseline,3,2021-06-30,2021-07-01,BUY,AMAT,Applied Materials,,No add date found; assumed already member before test window,136.02390386035498,0.0,0.3333333333333333,2,0.6460716822190078,0,3.0655999149437485
Nasdaq-100 Top3 current-member baseline,3,2021-07-30,2021-08-02,SELL,AMAT,Applied Materials,,No add date found; assumed already member before test window,135.39034163190564,0.3333333333333333,0.0,,,,2.8589809983700443
Nasdaq-100 Top3 current-member baseline,3,2021-07-30,2021-08-02,SELL,STX,Seagate Technology,2025-12-22,Wikipedia Nasdaq-100 changes table,76.42394620896907,0.3333333333333333,0.0,,,,2.8589809983700443
Nasdaq-100 Top3 current-member baseline,3,2021-07-30,2021-08-02,BUY,FTNT,Fortinet,2021-12-20,Wikipedia Nasdaq-100 changes table,54.854000091552734,0.0,0.3333333333333333,2,0.6455267437942651,0,2.8589809983700443
Nasdaq-100 Top3 current-member baseline,3,2021-07-30,2021-08-02,BUY,NVDA,Nvidia,,No add date found; assumed already member before test window,19.65497762771269,0.0,0.3333333333333333,3,0.5407523063203368,0,2.8589809983700443
Nasdaq-100 Top3 current-member baseline,3,2021-08-31,2021-09-01,SELL,FANG,Diamondback Energy,2022-12-19,Wikipedia Nasdaq-100 changes table,62.78097823968585,0.3333333333333333,0.0,,,,3.147691546257776
Nasdaq-100 Top3 current-member baseline,3,2021-08-31,2021-09-01,BUY,ASML,ASML Holding,2017-12-18,Wikipedia Nasdaq-100 changes table,801.2418708950923,0.0,0.3333333333333333,3,0.41993553842646714,0,3.147691546257776
Nasdaq-100 Top3 current-member baseline,3,2021-09-30,2021-10-01,SELL,ASML,ASML Holding,2017-12-18,Wikipedia Nasdaq-100 changes table,711.7098112814783,0.3333333333333333,0.0,,,,2.864980013812313
Nasdaq-100 Top3 current-member baseline,3,2021-09-30,2021-10-01,BUY,ZS,Zscaler,2021-12-20,Wikipedia Nasdaq-100 changes table,263.1700134277344,0.0,0.3333333333333333,3,0.5835466209947633,0,2.864980013812313
Nasdaq-100 Top3 current-member baseline,3,2021-10-29,2021-11-01,SELL,FTNT,Fortinet,2021-12-20,Wikipedia Nasdaq-100 changes table,67.26799774169922,0.3333333333333333,0.0,,,,3.4458144581973973
Nasdaq-100 Top3 current-member baseline,3,2021-10-29,2021-11-01,SELL,NVDA,Nvidia,,No add date found; assumed already member before test window,25.59488846504044,0.3333333333333333,0.0,,,,3.4458144581973973
Nasdaq-100 Top3 current-member baseline,3,2021-10-29,2021-11-01,BUY,DDOG,Datadog,2021-12-20,Wikipedia Nasdaq-100 changes table,167.4600067138672,0.0,0.3333333333333333,1,0.7631284686528661,0,3.4458144581973973
Nasdaq-100 Top3 current-member baseline,3,2021-10-29,2021-11-01,BUY,DASH,DoorDash,2023-12-18,Wikipedia Nasdaq-100 changes table,195.00999450683597,0.0,0.3333333333333333,2,0.46636288130949866,0,3.4458144581973973
Nasdaq-100 Top3 current-member baseline,3,2021-11-30,2021-12-01,SELL,DASH,DoorDash,2023-12-18,Wikipedia Nasdaq-100 changes table,183.0,0.3333333333333333,0.0,,,,3.6868701080892037
Nasdaq-100 Top3 current-member baseline,3,2021-11-30,2021-12-01,SELL,ZS,Zscaler,2021-12-20,Wikipedia Nasdaq-100 changes table,371.05999755859375,0.3333333333333333,0.0,,,,3.6868701080892037
Nasdaq-100 Top3 current-member baseline,3,2021-11-30,2021-12-01,BUY,TSLA,"Tesla, Inc.",2013-07-15,Wikipedia Nasdaq-100 changes table,386.8999938964844,0.0,0.3333333333333333,1,0.840957230808149,0,3.6868701080892037
Nasdaq-100 Top3 current-member baseline,3,2021-11-30,2021-12-01,BUY,DXCM,DexCom,2020-04-20,Wikipedia Nasdaq-100 changes table,141.8524932861328,0.0,0.3333333333333333,3,0.6798567033545562,0,3.6868701080892037
Nasdaq-100 Top3 current-member baseline,3,2021-12-31,2022-01-03,SELL,DXCM,DexCom,2020-04-20,Wikipedia Nasdaq-100 changes table,132.9499969482422,0.3333333333333333,0.0,,,,3.5876908079526597
Nasdaq-100 Top3 current-member baseline,3,2021-12-31,2022-01-03,BUY,AMD,Advanced Micro Devices,2018-12-24,Wikipedia Nasdaq-100 changes table,145.13999938964844,0.0,0.3333333333333333,2,0.5745512715469978,0,3.5876908079526597
Nasdaq-100 Top3 current-member baseline,3,2022-01-31,2022-02-01,SELL,AMD,Advanced Micro Devices,2018-12-24,Wikipedia Nasdaq-100 changes table,116.75,0.3333333333333333,0.0,,,,2.9428736256621875
Nasdaq-100 Top3 current-member baseline,3,2022-01-31,2022-02-01,BUY,NVDA,Nvidia,,No add date found; assumed already member before test window,25.05411045530758,0.0,0.3333333333333333,3,0.49847280370975877,0,2.9428736256621875
Nasdaq-100 Top3 current-member baseline,3,2022-02-28,2022-03-01,SELL,DDOG,Datadog,2021-12-20,Wikipedia Nasdaq-100 changes table,160.24000549316406,0.3333333333333333,0.0,,,,2.932216121456148
Nasdaq-100 Top3 current-member baseline,3,2022-02-28,2022-03-01,SELL,NVDA,Nvidia,,No add date found; assumed already member before test window,24.24272310643019,0.3333333333333333,0.0,,,,2.932216121456148
Nasdaq-100 Top3 current-member baseline,3,2022-02-28,2022-03-01,SELL,TSLA,"Tesla, Inc.",2013-07-15,Wikipedia Nasdaq-100 changes table,289.8933410644531,0.3333333333333333,0.0,,,,2.932216121456148
Nasdaq-100 Top3 current-member baseline,3,2022-02-28,2022-03-01,BUY,FANG,Diamondback Energy,2022-12-19,Wikipedia Nasdaq-100 changes table,114.13524314726315,0.0,0.3333333333333333,1,0.6855610904233194,0,2.932216121456148
Nasdaq-100 Top3 current-member baseline,3,2022-02-28,2022-03-01,BUY,STX,Seagate Technology,2025-12-22,Wikipedia Nasdaq-100 changes table,89.9429962178508,0.0,0.3333333333333333,2,0.21915081171429507,0,2.932216121456148
Nasdaq-100 Top3 current-member baseline,3,2022-02-28,2022-03-01,BUY,BKR,Baker Hughes,2022-12-19,Wikipedia Nasdaq-100 changes table,26.87109106801837,0.0,0.3333333333333333,3,0.1919093394549305,0,2.932216121456148
Nasdaq-100 Top3 current-member baseline,3,2022-03-31,2022-04-01,SELL,BKR,Baker Hughes,2022-12-19,Wikipedia Nasdaq-100 changes table,33.305265184342744,0.3333333333333333,0.0,,,,3.0292293113341917
Nasdaq-100 Top3 current-member baseline,3,2022-03-31,2022-04-01,SELL,STX,Seagate Technology,2025-12-22,Wikipedia Nasdaq-100 changes table,79.76456497348579,0.3333333333333333,0.0,,,,3.0292293113341917
Nasdaq-100 Top3 current-member baseline,3,2022-03-31,2022-04-01,BUY,QCOM,Qualcomm,,No add date found; assumed already member before test window,138.63044940793944,0.0,0.3333333333333333,2,0.322674315264714,0,3.0292293113341917
Nasdaq-100 Top3 current-member baseline,3,2022-03-31,2022-04-01,BUY,MU,Micron Technology,2010-12-20,Wikipedia Nasdaq-100 changes table,76.6803668137586,0.0,0.3333333333333333,3,0.31585584342246875,0,3.0292293113341917
Nasdaq-100 Top3 current-member baseline,3,2022-04-29,2022-05-02,SELL,MU,Micron Technology,2010-12-20,Wikipedia Nasdaq-100 changes table,66.7305317350173,0.3333333333333333,0.0,,,,2.73352418829328
Nasdaq-100 Top3 current-member baseline,3,2022-04-29,2022-05-02,SELL,QCOM,Qualcomm,,No add date found; assumed already member before test window,128.28382000342376,0.3333333333333333,0.0,,,,2.73352418829328
Nasdaq-100 Top3 current-member baseline,3,2022-04-29,2022-05-02,BUY,BKR,Baker Hughes,2022-12-19,Wikipedia Nasdaq-100 changes table,27.896569016950824,0.0,0.3333333333333333,1,0.49304865275139753,0,2.73352418829328
Nasdaq-100 Top3 current-member baseline,3,2022-04-29,2022-05-02,BUY,VRTX,Vertex Pharmaceuticals,,No add date found; assumed already member before test window,264.1499938964844,0.0,0.3333333333333333,2,0.40945048908610926,0,2.73352418829328
Nasdaq-100 Top3 current-member baseline,3,2022-05-31,2022-06-01,SELL,FANG,Diamondback Energy,2022-12-19,Wikipedia Nasdaq-100 changes table,129.44093369537651,0.3333333333333333,0.0,,,,3.194838776553404
Nasdaq-100 Top3 current-member baseline,3,2022-05-31,2022-06-01,BUY,KHC,Kraft Heinz,2015-07-02,Wikipedia Nasdaq-100 changes table,31.451639582367648,0.0,0.3333333333333333,3,0.23868186076051345,0,3.194838776553404
Nasdaq-100 Top3 current-member baseline,3,2022-06-30,2022-07-01,SELL,KHC,Kraft Heinz,2015-07-02,Wikipedia Nasdaq-100 changes table,31.634162822619118,0.3333333333333333,0.0,,,,2.9959829054656506
Nasdaq-100 Top3 current-member baseline,3,2022-06-30,2022-07-01,SELL,VRTX,Vertex Pharmaceuticals,,No add date found; assumed already member before test window,280.1700134277344,0.3333333333333333,0.0,,,,2.9959829054656506
Nasdaq-100 Top3 current-member baseline,3,2022-06-30,2022-07-01,BUY,FANG,Diamondback Energy,2022-12-19,Wikipedia Nasdaq-100 changes table,102.40960986089408,0.0,0.3333333333333333,2,0.4383534667361284,0,2.9959829054656506
Nasdaq-100 Top3 current-member baseline,3,2022-06-30,2022-07-01,BUY,EXC,Exelon,2019-11-21,Wikipedia Nasdaq-100 changes table,39.42972562810287,0.0,0.3333333333333333,3,0.23527330696732052,0,2.9959829054656506
Nasdaq-100 Top3 current-member baseline,3,2022-07-29,2022-08-01,SELL,BKR,Baker Hughes,2022-12-19,Wikipedia Nasdaq-100 changes table,23.263206103683373,0.3333333333333333,0.0,,,,2.929890961387269
Nasdaq-100 Top3 current-member baseline,3,2022-07-29,2022-08-01,SELL,EXC,Exelon,2019-11-21,Wikipedia Nasdaq-100 changes table,40.48525374405027,0.3333333333333333,0.0,,,,2.929890961387269
Nasdaq-100 Top3 current-member baseline,3,2022-07-29,2022-08-01,SELL,FANG,Diamondback Energy,2022-12-19,Wikipedia Nasdaq-100 changes table,105.75490748125652,0.3333333333333333,0.0,,,,2.929890961387269
Nasdaq-100 Top3 current-member baseline,3,2022-07-29,2022-08-01,BUY,TMUS,T-Mobile US,2015-12-21,Wikipedia Nasdaq-100 changes table,137.49199170874357,0.0,0.3333333333333333,1,0.2672827696615574,0,2.929890961387269
Nasdaq-100 Top3 current-member baseline,3,2022-07-29,2022-08-01,BUY,CEG,Constellation Energy,2022-02-02,Wikipedia Nasdaq-100 changes table,64.0451825840418,0.0,0.3333333333333333,2,0.25961135473316355,0,2.929890961387269
Nasdaq-100 Top3 current-member baseline,3,2022-07-29,2022-08-01,BUY,PDD,PDD Holdings,2020-08-24,Wikipedia Nasdaq-100 changes table,47.47999954223633,0.0,0.3333333333333333,3,0.24080262488386306,0,2.929890961387269
Nasdaq-100 Top3 current-member baseline,3,2022-08-31,2022-09-01,SELL,PDD,PDD Holdings,2020-08-24,Wikipedia Nasdaq-100 changes table,69.44999694824219,0.3333333333333333,0.0,,,,3.6069597539609544
Nasdaq-100 Top3 current-member baseline,3,2022-08-31,2022-09-01,SELL,TMUS,T-Mobile US,2015-12-21,Wikipedia Nasdaq-100 changes table,137.9631716128819,0.3333333333333333,0.0,,,,3.6069597539609544
Nasdaq-100 Top3 current-member baseline,3,2022-08-31,2022-09-01,BUY,CSGP,CoStar Group,2022-12-19,Wikipedia Nasdaq-100 changes table,69.04000091552734,0.0,0.3333333333333333,2,0.18871393859180685,0,3.6069597539609544
Nasdaq-100 Top3 current-member baseline,3,2022-08-31,2022-09-01,BUY,ADP,Automatic Data Processing,2008-12-22,Wikipedia Nasdaq-100 changes table,223.61914701397265,0.0,0.3333333333333333,3,0.1777979226021953,0,3.6069597539609544
Nasdaq-100 Top3 current-member baseline,3,2022-09-30,2022-10-03,SELL,ADP,Automatic Data Processing,2008-12-22,Wikipedia Nasdaq-100 changes table,210.96745491007985,0.3333333333333333,0.0,,,,3.612002514307706
Nasdaq-100 Top3 current-member baseline,3,2022-09-30,2022-10-03,SELL,CSGP,CoStar Group,2022-12-19,Wikipedia Nasdaq-100 changes table,70.16000366210938,0.3333333333333333,0.0,,,,3.612002514307706
Nasdaq-100 Top3 current-member baseline,3,2022-09-30,2022-10-03,BUY,PDD,PDD Holdings,2020-08-24,Wikipedia Nasdaq-100 changes table,62.40999984741211,0.0,0.3333333333333333,1,0.777611617222383,0,3.612002514307706
Nasdaq-100 Top3 current-member baseline,3,2022-09-30,2022-10-03,BUY,ALNY,Alnylam Pharmaceuticals,2025-12-22,Wikipedia Nasdaq-100 changes table,205.1000061035156,0.0,0.3333333333333333,3,0.2656623594000509,0,3.612002514307706
Nasdaq-100 Top3 current-member baseline,3,2022-11-30,2022-12-01,SELL,CEG,Constellation Energy,2022-02-02,Wikipedia Nasdaq-100 changes table,94.36841939492692,0.3333333333333333,0.0,,,,4.258794875459956
Nasdaq-100 Top3 current-member baseline,3,2022-11-30,2022-12-01,SELL,PDD,PDD Holdings,2020-08-24,Wikipedia Nasdaq-100 changes table,79.23999786376953,0.3333333333333333,0.0,,,,4.258794875459956
Nasdaq-100 Top3 current-member baseline,3,2022-11-30,2022-12-01,BUY,DXCM,DexCom,2020-04-20,Wikipedia Nasdaq-100 changes table,116.38999938964844,0.0,0.3333333333333333,1,0.7020256640086218,0,4.258794875459956
Nasdaq-100 Top3 current-member baseline,3,2022-11-30,2022-12-01,BUY,NFLX,"Netflix, Inc.",2013-06-06,Wikipedia Nasdaq-100 changes table,30.39900016784668,0.0,0.3333333333333333,3,0.5130371246307115,0,4.258794875459956
Nasdaq-100 Top3 current-member baseline,3,2022-12-30,2023-01-03,SELL,ALNY,Alnylam Pharmaceuticals,2025-12-22,Wikipedia Nasdaq-100 changes table,238.0,0.3333333333333333,0.0,,,,4.323726041213453
Nasdaq-100 Top3 current-member baseline,3,2022-12-30,2023-01-03,SELL,DXCM,DexCom,2020-04-20,Wikipedia Nasdaq-100 changes table,114.3000030517578,0.3333333333333333,0.0,,,,4.323726041213453
Nasdaq-100 Top3 current-member baseline,3,2022-12-30,2023-01-03,BUY,AXON,Axon Enterprise,2024-12-23,Wikipedia Nasdaq-100 changes table,167.8800048828125,0.0,0.3333333333333333,1,0.9739353443411671,0,4.323726041213453
Nasdaq-100 Top3 current-member baseline,3,2022-12-30,2023-01-03,BUY,CEG,Constellation Energy,2022-02-02,Wikipedia Nasdaq-100 changes table,83.66684891768972,0.0,0.3333333333333333,3,0.6742975189564664,0,4.323726041213453
Nasdaq-100 Top3 current-member baseline,3,2023-01-31,2023-02-01,SELL,CEG,Constellation Energy,2022-02-02,Wikipedia Nasdaq-100 changes table,83.1366271103242,0.3333333333333333,0.0,,,,4.829332968344106
Nasdaq-100 Top3 current-member baseline,3,2023-01-31,2023-02-01,SELL,NFLX,"Netflix, Inc.",2013-06-06,Wikipedia Nasdaq-100 changes table,35.38600158691406,0.3333333333333333,0.0,,,,4.829332968344106
Nasdaq-100 Top3 current-member baseline,3,2023-01-31,2023-02-01,BUY,PDD,PDD Holdings,2020-08-24,Wikipedia Nasdaq-100 changes table,102.30999755859376,0.0,0.3333333333333333,1,0.728035354061749,0,4.829332968344106
Nasdaq-100 Top3 current-member baseline,3,2023-01-31,2023-02-01,BUY,ALNY,Alnylam Pharmaceuticals,2025-12-22,Wikipedia Nasdaq-100 changes table,228.1499938964844,0.0,0.3333333333333333,2,0.700964689122473,0,4.829332968344106
Nasdaq-100 Top3 current-member baseline,3,2023-02-28,2023-03-01,SELL,ALNY,Alnylam Pharmaceuticals,2025-12-22,Wikipedia Nasdaq-100 changes table,191.4499969482422,0.3333333333333333,0.0,,,,4.5110741571929465
Nasdaq-100 Top3 current-member baseline,3,2023-02-28,2023-03-01,BUY,NFLX,"Netflix, Inc.",2013-06-06,Wikipedia Nasdaq-100 changes table,32.154998779296875,0.0,0.3333333333333333,2,0.615773965168505,0,4.5110741571929465
Nasdaq-100 Top3 current-member baseline,3,2023-03-31,2023-04-03,SELL,NFLX,"Netflix, Inc.",2013-06-06,Wikipedia Nasdaq-100 changes table,34.18299865722656,0.3333333333333333,0.0,,,,4.401487882298617
Nasdaq-100 Top3 current-member baseline,3,2023-03-31,2023-04-03,BUY,NVDA,Nvidia,,No add date found; assumed already member before test window,27.48466960367856,0.0,0.3333333333333333,2,0.9083439264623381,0,4.401487882298617
Nasdaq-100 Top3 current-member baseline,3,2023-04-28,2023-05-01,SELL,AXON,Axon Enterprise,2024-12-23,Wikipedia Nasdaq-100 changes table,211.3300018310547,0.3333333333333333,0.0,,,,4.212549395289765
Nasdaq-100 Top3 current-member baseline,3,2023-04-28,2023-05-01,SELL,PDD,PDD Holdings,2020-08-24,Wikipedia Nasdaq-100 changes table,67.69000244140625,0.3333333333333333,0.0,,,,4.212549395289765
Nasdaq-100 Top3 current-member baseline,3,2023-04-28,2023-05-01,BUY,AMD,Advanced Micro Devices,2018-12-24,Wikipedia Nasdaq-100 changes table,91.02999877929688,0.0,0.3333333333333333,2,0.6087392779895031,0,4.212549395289765
Nasdaq-100 Top3 current-member baseline,3,2023-04-28,2023-05-01,BUY,SHOP,Shopify,2025-05-19,Wikipedia Nasdaq-100 changes table,48.130001068115234,0.0,0.3333333333333333,3,0.607020014493487,0,4.212549395289765
Nasdaq-100 Top3 current-member baseline,3,2023-05-31,2023-06-01,SELL,AMD,Advanced Micro Devices,2018-12-24,Wikipedia Nasdaq-100 changes table,117.29000091552734,0.3333333333333333,0.0,,,,5.43970877062945
Nasdaq-100 Top3 current-member baseline,3,2023-05-31,2023-06-01,SELL,SHOP,Shopify,2025-05-19,Wikipedia Nasdaq-100 changes table,56.41999816894531,0.3333333333333333,0.0,,,,5.43970877062945
Nasdaq-100 Top3 current-member baseline,3,2023-05-31,2023-06-01,BUY,META,Meta Platforms,,No add date found; assumed already member before test window,263.8295904214734,0.0,0.3333333333333333,1,1.2355208296885665,0,5.43970877062945
Nasdaq-100 Top3 current-member baseline,3,2023-05-31,2023-06-01,BUY,MSTR,MicroStrategy,2024-12-23,Wikipedia Nasdaq-100 changes table,29.850000381469727,0.0,0.3333333333333333,3,0.7403633927248903,0,5.43970877062945
Nasdaq-100 Top3 current-member baseline,3,2023-06-30,2023-07-03,SELL,META,Meta Platforms,,No add date found; assumed already member before test window,284.4676359393377,0.3333333333333333,0.0,,,,6.093863064724498
Nasdaq-100 Top3 current-member baseline,3,2023-06-30,2023-07-03,SELL,MSTR,MicroStrategy,2024-12-23,Wikipedia Nasdaq-100 changes table,34.70000076293945,0.3333333333333333,0.0,,,,6.093863064724498
Nasdaq-100 Top3 current-member baseline,3,2023-06-30,2023-07-03,BUY,APP,AppLovin,2024-11-18,Wikipedia Nasdaq-100 changes table,25.649999618530277,0.0,0.3333333333333333,2,1.6606384301951977,0,6.093863064724498
Nasdaq-100 Top3 current-member baseline,3,2023-06-30,2023-07-03,BUY,PLTR,Palantir Technologies,2024-12-23,Wikipedia Nasdaq-100 changes table,15.489999771118164,0.0,0.3333333333333333,3,1.4233936774536864,0,6.093863064724498
Nasdaq-100 Top3 current-member baseline,3,2023-10-31,2023-11-01,SELL,NVDA,Nvidia,,No add date found; assumed already member before test window,40.8554341335007,0.3333333333333333,0.0,,,,6.836261544259424
Nasdaq-100 Top3 current-member baseline,3,2023-10-31,2023-11-01,BUY,ZS,Zscaler,2021-12-20,Wikipedia Nasdaq-100 changes table,159.60000610351562,0.0,0.3333333333333333,3,0.849310337812051,0,6.836261544259424
Nasdaq-100 Top3 current-member baseline,3,2023-11-30,2023-12-01,SELL,PLTR,Palantir Technologies,2024-12-23,Wikipedia Nasdaq-100 changes table,19.93000030517578,0.3333333333333333,0.0,,,,8.254147033232156
Nasdaq-100 Top3 current-member baseline,3,2023-11-30,2023-12-01,SELL,ZS,Zscaler,2021-12-20,Wikipedia Nasdaq-100 changes table,197.88999938964844,0.3333333333333333,0.0,,,,8.254147033232156
Nasdaq-100 Top3 current-member baseline,3,2023-11-30,2023-12-01,BUY,PDD,PDD Holdings,2020-08-24,Wikipedia Nasdaq-100 changes table,143.32000732421875,0.0,0.3333333333333333,1,0.4679404189420133,0,8.254147033232156
Nasdaq-100 Top3 current-member baseline,3,2023-11-30,2023-12-01,BUY,MSTR,MicroStrategy,2024-12-23,Wikipedia Nasdaq-100 changes table,50.35300064086914,0.0,0.3333333333333333,3,0.4115823642805754,0,8.254147033232156
Nasdaq-100 Top3 current-member baseline,3,2023-12-29,2024-01-02,SELL,MSTR,MicroStrategy,2024-12-23,Wikipedia Nasdaq-100 changes table,69.2490005493164,0.3333333333333333,0.0,,,,9.38374103662325
Nasdaq-100 Top3 current-member baseline,3,2023-12-29,2024-01-02,BUY,CRWD,CrowdStrike,2021-08-26,Wikipedia Nasdaq-100 changes table,251.47000122070312,0.0,0.3333333333333333,2,0.5962416438725056,0,9.38374103662325
Nasdaq-100 Top3 current-member baseline,3,2024-01-31,2024-02-01,SELL,APP,AppLovin,2024-11-18,Wikipedia Nasdaq-100 changes table,41.540000915527344,0.3333333333333333,0.0,,,,9.739135474422893
Nasdaq-100 Top3 current-member baseline,3,2024-01-31,2024-02-01,BUY,MSTR,MicroStrategy,2024-12-23,Wikipedia Nasdaq-100 changes table,50.18000030517578,0.0,0.3333333333333333,3,0.4520666962501996,0,9.739135474422893
Nasdaq-100 Top3 current-member baseline,3,2024-02-29,2024-03-01,SELL,MSTR,MicroStrategy,2024-12-23,Wikipedia Nasdaq-100 changes table,99.5999984741211,0.3333333333333333,0.0,,,,12.732676327446422
Nasdaq-100 Top3 current-member baseline,3,2024-02-29,2024-03-01,SELL,PDD,PDD Holdings,2020-08-24,Wikipedia Nasdaq-100 changes table,126.9000015258789,0.3333333333333333,0.0,,,,12.732676327446422
Nasdaq-100 Top3 current-member baseline,3,2024-02-29,2024-03-01,BUY,ZS,Zscaler,2021-12-20,Wikipedia Nasdaq-100 changes table,227.0,0.0,0.3333333333333333,2,0.6699217129747685,0,12.732676327446422
Nasdaq-100 Top3 current-member baseline,3,2024-02-29,2024-03-01,BUY,AMD,Advanced Micro Devices,2018-12-24,Wikipedia Nasdaq-100 changes table,197.91000366210935,0.0,0.3333333333333333,3,0.6244335397754945,0,12.732676327446422
Nasdaq-100 Top3 current-member baseline,3,2024-03-28,2024-04-01,SELL,AMD,Advanced Micro Devices,2018-12-24,Wikipedia Nasdaq-100 changes table,180.10000610351562,0.3333333333333333,0.0,,,,11.760751430232816
Nasdaq-100 Top3 current-member baseline,3,2024-03-28,2024-04-01,SELL,ZS,Zscaler,2021-12-20,Wikipedia Nasdaq-100 changes table,192.5,0.3333333333333333,0.0,,,,11.760751430232816
Nasdaq-100 Top3 current-member baseline,3,2024-03-28,2024-04-01,BUY,MSTR,MicroStrategy,2024-12-23,Wikipedia Nasdaq-100 changes table,164.50100708007812,0.0,0.3333333333333333,1,2.0508823307953987,0,11.760751430232816
Nasdaq-100 Top3 current-member baseline,3,2024-03-28,2024-04-01,BUY,ARM,Arm Holdings,2024-06-24,Wikipedia Nasdaq-100 changes table,126.36000061035156,0.0,0.3333333333333333,2,1.5261369384848948,0,11.760751430232816
Nasdaq-100 Top3 current-member baseline,3,2024-04-30,2024-05-01,SELL,CRWD,CrowdStrike,2021-08-26,Wikipedia Nasdaq-100 changes table,290.44000244140625,0.3333333333333333,0.0,,,,9.059531321799122
Nasdaq-100 Top3 current-member baseline,3,2024-04-30,2024-05-01,BUY,NVDA,Nvidia,,No add date found; assumed already member before test window,85.02901046138126,0.0,0.3333333333333333,3,1.2314859455466576,0,9.059531321799122
Nasdaq-100 Top3 current-member baseline,3,2024-05-31,2024-06-03,SELL,ARM,Arm Holdings,2024-06-24,Wikipedia Nasdaq-100 changes table,125.0,0.3333333333333333,0.0,,,,12.650509719349794
Nasdaq-100 Top3 current-member baseline,3,2024-05-31,2024-06-03,BUY,APP,AppLovin,2024-11-18,Wikipedia Nasdaq-100 changes table,83.05000305175781,0.0,0.3333333333333333,2,0.7868306442469708,0,12.650509719349794
Nasdaq-100 Top3 current-member baseline,3,2024-07-31,2024-08-01,SELL,APP,AppLovin,2024-11-18,Wikipedia Nasdaq-100 changes table,78.88999938964844,0.3333333333333333,0.0,,,,12.76916720015602
Nasdaq-100 Top3 current-member baseline,3,2024-07-31,2024-08-01,SELL,NVDA,Nvidia,,No add date found; assumed already member before test window,117.47335365334,0.3333333333333333,0.0,,,,12.76916720015602
Nasdaq-100 Top3 current-member baseline,3,2024-07-31,2024-08-01,BUY,INSM,Insmed Incorporated,2025-12-22,Wikipedia Nasdaq-100 changes table,72.8499984741211,0.0,0.3333333333333333,2,1.2899550538584048,0,12.76916720015602
Nasdaq-100 Top3 current-member baseline,3,2024-07-31,2024-08-01,BUY,ARM,Arm Holdings,2024-06-24,Wikipedia Nasdaq-100 changes table,128.7100067138672,0.0,0.3333333333333333,3,1.2068917484659587,0,12.76916720015602
Nasdaq-100 Top3 current-member baseline,3,2024-08-30,2024-09-03,SELL,ARM,Arm Holdings,2024-06-24,Wikipedia Nasdaq-100 changes table,129.86500549316406,0.3333333333333333,0.0,,,,12.389517957535451
Nasdaq-100 Top3 current-member baseline,3,2024-08-30,2024-09-03,BUY,ALNY,Alnylam Pharmaceuticals,2025-12-22,Wikipedia Nasdaq-100 changes table,260.44000244140625,0.0,0.3333333333333333,2,0.7601073604434718,0,12.389517957535451
Nasdaq-100 Top3 current-member baseline,3,2024-09-30,2024-10-01,SELL,MSTR,MicroStrategy,2024-12-23,Wikipedia Nasdaq-100 changes table,168.52000427246094,0.3333333333333333,0.0,,,,13.455936450689187
Nasdaq-100 Top3 current-member baseline,3,2024-09-30,2024-10-01,BUY,MPWR,Monolithic Power Systems,2025-12-22,Wikipedia Nasdaq-100 changes table,910.0435751106426,0.0,0.3333333333333333,3,0.39427836563033036,0,13.455936450689187
Nasdaq-100 Top3 current-member baseline,3,2024-10-31,2024-11-01,SELL,MPWR,Monolithic Power Systems,2025-12-22,Wikipedia Nasdaq-100 changes table,756.8254370770082,0.3333333333333333,0.0,,,,12.256235900940663
Nasdaq-100 Top3 current-member baseline,3,2024-10-31,2024-11-01,BUY,APP,AppLovin,2024-11-18,Wikipedia Nasdaq-100 changes table,171.13999938964844,0.0,0.3333333333333333,2,0.8126120932481071,0,12.256235900940663
Nasdaq-100 Top3 current-member baseline,3,2024-11-29,2024-12-02,SELL,INSM,Insmed Incorporated,2025-12-22,Wikipedia Nasdaq-100 changes table,75.0199966430664,0.3333333333333333,0.0,,,,15.847616746313427
Nasdaq-100 Top3 current-member baseline,3,2024-11-29,2024-12-02,BUY,PLTR,Palantir Technologies,2024-12-23,Wikipedia Nasdaq-100 changes table,67.44000244140625,0.0,0.3333333333333333,2,1.0152213105033319,0,15.847616746313427
Nasdaq-100 Top3 current-member baseline,3,2024-12-31,2025-01-02,SELL,ALNY,Alnylam Pharmaceuticals,2025-12-22,Wikipedia Nasdaq-100 changes table,237.9199981689453,0.3333333333333333,0.0,,,,16.217118891943628
Nasdaq-100 Top3 current-member baseline,3,2024-12-31,2025-01-02,BUY,MSTR,MicroStrategy,2024-12-23,Wikipedia Nasdaq-100 changes table,300.1099853515625,0.0,0.3333333333333333,2,1.934956403706566,0,16.217118891943628
Nasdaq-100 Top3 current-member baseline,3,2025-01-31,2025-02-03,SELL,MSTR,MicroStrategy,2024-12-23,Wikipedia Nasdaq-100 changes table,310.0,0.3333333333333333,0.0,,,,17.133120027004043
Nasdaq-100 Top3 current-member baseline,3,2025-01-31,2025-02-03,BUY,AXON,Axon Enterprise,2024-12-23,Wikipedia Nasdaq-100 changes table,640.75,0.0,0.3333333333333333,3,1.0143328144161856,0,17.133120027004043
Nasdaq-100 Top3 current-member baseline,3,2025-02-28,2025-03-03,SELL,AXON,Axon Enterprise,2024-12-23,Wikipedia Nasdaq-100 changes table,532.8400268554688,0.3333333333333333,0.0,,,,17.14713987635693
Nasdaq-100 Top3 current-member baseline,3,2025-02-28,2025-03-03,BUY,MSTR,MicroStrategy,2024-12-23,Wikipedia Nasdaq-100 changes table,293.1499938964844,0.0,0.3333333333333333,3,1.4373260009187314,0,17.14713987635693
Nasdaq-100 Top3 current-member baseline,3,2025-04-30,2025-05-01,SELL,MSTR,MicroStrategy,2024-12-23,Wikipedia Nasdaq-100 changes table,392.2900085449219,0.3333333333333333,0.0,,,,19.91442611249075
Nasdaq-100 Top3 current-member baseline,3,2025-04-30,2025-05-01,BUY,WBD,Warner Bros. Discovery,2022-12-19,Wikipedia Nasdaq-100 changes table,8.6899995803833,0.0,0.3333333333333333,3,0.4118420627473789,0,19.91442611249075
Nasdaq-100 Top3 current-member baseline,3,2025-05-30,2025-06-02,SELL,APP,AppLovin,2024-11-18,Wikipedia Nasdaq-100 changes table,392.30999755859375,0.3333333333333333,0.0,,,,24.16707865923992
Nasdaq-100 Top3 current-member baseline,3,2025-05-30,2025-06-02,SELL,WBD,Warner Bros. Discovery,2022-12-19,Wikipedia Nasdaq-100 changes table,9.93000030517578,0.3333333333333333,0.0,,,,24.16707865923992
Nasdaq-100 Top3 current-member baseline,3,2025-05-30,2025-06-02,BUY,NFLX,"Netflix, Inc.",2013-06-06,Wikipedia Nasdaq-100 changes table,120.12000274658205,0.0,0.3333333333333333,2,0.3074550254061954,0,24.16707865923992
Nasdaq-100 Top3 current-member baseline,3,2025-05-30,2025-06-02,BUY,TTWO,Take-Two Interactive,2023-12-14,Wikipedia Nasdaq-100 changes table,226.1000061035156,0.0,0.3333333333333333,3,0.24357751517095494,0,24.16707865923992
Nasdaq-100 Top3 current-member baseline,3,2025-06-30,2025-07-01,SELL,NFLX,"Netflix, Inc.",2013-06-06,Wikipedia Nasdaq-100 changes table,133.822998046875,0.3333333333333333,0.0,,,,25.94467055289822
Nasdaq-100 Top3 current-member baseline,3,2025-06-30,2025-07-01,SELL,TTWO,Take-Two Interactive,2023-12-14,Wikipedia Nasdaq-100 changes table,242.42999267578125,0.3333333333333333,0.0,,,,25.94467055289822
Nasdaq-100 Top3 current-member baseline,3,2025-06-30,2025-07-01,BUY,MELI,Mercado Libre,2017-06-19,Wikipedia Nasdaq-100 changes table,2645.219970703125,0.0,0.3333333333333333,2,0.4601643634717716,0,25.94467055289822
Nasdaq-100 Top3 current-member baseline,3,2025-06-30,2025-07-01,BUY,STX,Seagate Technology,2025-12-22,Wikipedia Nasdaq-100 changes table,142.5652994418409,0.0,0.3333333333333333,3,0.3459991325908647,0,25.94467055289822
Nasdaq-100 Top3 current-member baseline,3,2025-07-31,2025-08-01,SELL,MELI,Mercado Libre,2017-06-19,Wikipedia Nasdaq-100 changes table,2379.989990234375,0.3333333333333333,0.0,,,,26.872072391084156
Nasdaq-100 Top3 current-member baseline,3,2025-07-31,2025-08-01,BUY,ZS,Zscaler,2021-12-20,Wikipedia Nasdaq-100 changes table,281.45001220703125,0.0,0.3333333333333333,2,0.5241779491243546,0,26.872072391084156
Nasdaq-100 Top3 current-member baseline,3,2025-08-29,2025-09-02,SELL,STX,Seagate Technology,2025-12-22,Wikipedia Nasdaq-100 changes table,163.17988845635796,0.3333333333333333,0.0,,,,27.361928000192986
Nasdaq-100 Top3 current-member baseline,3,2025-08-29,2025-09-02,SELL,ZS,Zscaler,2021-12-20,Wikipedia Nasdaq-100 changes table,279.7099914550781,0.3333333333333333,0.0,,,,27.361928000192986
Nasdaq-100 Top3 current-member baseline,3,2025-08-29,2025-09-02,BUY,AMD,Advanced Micro Devices,2018-12-24,Wikipedia Nasdaq-100 changes table,158.4199981689453,0.0,0.3333333333333333,2,0.7655717652811362,0,27.361928000192986
Nasdaq-100 Top3 current-member baseline,3,2025-08-29,2025-09-02,BUY,WDC,Western Digital,2025-12-22,Wikipedia Nasdaq-100 changes table,78.32818919925519,0.0,0.3333333333333333,3,0.6112126168913987,0,27.361928000192986
Nasdaq-100 Top3 current-member baseline,3,2025-09-30,2025-10-01,SELL,AMD,Advanced Micro Devices,2018-12-24,Wikipedia Nasdaq-100 changes table,160.92999267578125,0.3333333333333333,0.0,,,,33.593311619355916
Nasdaq-100 Top3 current-member baseline,3,2025-09-30,2025-10-01,BUY,STX,Seagate Technology,2025-12-22,Wikipedia Nasdaq-100 changes table,233.31981484529493,0.0,0.3333333333333333,2,0.9810350023738086,0,33.593311619355916
Nasdaq-100 Top3 current-member baseline,3,2025-10-31,2025-11-03,SELL,PLTR,Palantir Technologies,2024-12-23,Wikipedia Nasdaq-100 changes table,205.0449981689453,0.3333333333333333,0.0,,,,39.64972234959322
Nasdaq-100 Top3 current-member baseline,3,2025-10-31,2025-11-03,BUY,SNDK,Sandisk,2026-04-20,Wikipedia Nasdaq-100 changes table,210.8500061035156,0.0,0.3333333333333333,1,2.6087207524179523,0,39.64972234959322
Nasdaq-100 Top3 current-member baseline,3,2025-11-28,2025-12-01,SELL,STX,Seagate Technology,2025-12-22,Wikipedia Nasdaq-100 changes table,270.905460168472,0.3333333333333333,0.0,,,,41.36482731943537
Nasdaq-100 Top3 current-member baseline,3,2025-11-28,2025-12-01,BUY,MU,Micron Technology,2010-12-20,Wikipedia Nasdaq-100 changes table,232.09867831862545,0.0,0.3333333333333333,3,1.4029790725738058,0,41.36482731943537
Nasdaq-100 Top3 current-member baseline,3,2025-12-31,2026-01-02,SELL,MU,Micron Technology,2010-12-20,Wikipedia Nasdaq-100 changes table,295.00607846003123,0.3333333333333333,0.0,,,,48.894017954477086
Nasdaq-100 Top3 current-member baseline,3,2025-12-31,2026-01-02,BUY,INSM,Insmed Incorporated,2025-12-22,Wikipedia Nasdaq-100 changes table,175.7899932861328,0.0,0.3333333333333333,3,1.1519748397722274,0,48.894017954477086
Nasdaq-100 Top3 current-member baseline,3,2026-01-30,2026-02-02,SELL,INSM,Insmed Incorporated,2025-12-22,Wikipedia Nasdaq-100 changes table,156.6300048828125,0.3333333333333333,0.0,,,,71.6849933906208
Nasdaq-100 Top3 current-member baseline,3,2026-01-30,2026-02-02,BUY,MU,Micron Technology,2010-12-20,Wikipedia Nasdaq-100 changes table,412.0069129532501,0.0,0.3333333333333333,2,1.683998028348407,0,71.6849933906208
Nasdaq-100 Top3 current-member baseline,3,2026-04-30,2026-05-01,SELL,MU,Micron Technology,2010-12-20,Wikipedia Nasdaq-100 changes table,511.7799987792969,0.3333333333333333,0.0,,,,112.68264127303462
Nasdaq-100 Top3 current-member baseline,3,2026-04-30,2026-05-01,BUY,STX,Seagate Technology,2025-12-22,Wikipedia Nasdaq-100 changes table,667.010009765625,0.0,0.3333333333333333,3,0.7644528477405941,0,112.68264127303462
Nasdaq-100 Top3 PIT membership,3,2019-12-31,2020-01-02,BUY,TSLA,"Tesla, Inc.",2013-07-15,Wikipedia Nasdaq-100 changes table,28.299999237060547,0.0,0.3333333333333333,1,0.4693386705117728,3,1.0
Nasdaq-100 Top3 PIT membership,3,2019-12-31,2020-01-02,BUY,LRCX,Lam Research,2014-12-22,Wikipedia Nasdaq-100 changes table,27.519421214789357,0.0,0.3333333333333333,2,0.43261053975283636,3,1.0
Nasdaq-100 Top3 PIT membership,3,2019-12-31,2020-01-02,BUY,KLAC,KLA Corporation,2016-12-19,Wikipedia Nasdaq-100 changes table,168.03766829330235,0.0,0.3333333333333333,3,0.3840242995180567,3,1.0
Nasdaq-100 Top3 PIT membership,3,2020-01-31,2020-02-03,SELL,KLAC,KLA Corporation,2016-12-19,Wikipedia Nasdaq-100 changes table,155.4799248210016,0.3333333333333333,0.0,,,,1.1484075647048313
Nasdaq-100 Top3 PIT membership,3,2020-01-31,2020-02-03,BUY,AMD,Advanced Micro Devices,2018-12-24,Wikipedia Nasdaq-100 changes table,46.400001525878906,0.0,0.3333333333333333,2,0.5358338805409564,3,1.1484075647048313
Nasdaq-100 Top3 PIT membership,3,2020-02-28,2020-03-02,SELL,LRCX,Lam Research,2014-12-22,Wikipedia Nasdaq-100 changes table,27.59943146324823,0.3333333333333333,0.0,,,,1.1924444276334867
Nasdaq-100 Top3 PIT membership,3,2020-02-28,2020-03-02,BUY,AAPL,Apple Inc.,,No add date found; assumed already member before test window,68.14337454443714,0.0,0.3333333333333333,2,0.5828039268401015,0,1.1924444276334867
Nasdaq-100 Top3 PIT membership,3,2020-03-31,2020-04-01,SELL,AAPL,Apple Inc.,,No add date found; assumed already member before test window,59.50596558883749,0.3333333333333333,0.0,,,,1.0055875874611846
Nasdaq-100 Top3 PIT membership,3,2020-03-31,2020-04-01,BUY,REGN,Regeneron Pharmaceuticals,2012-12-24,Wikipedia Nasdaq-100 changes table,480.8912585361074,0.0,0.3333333333333333,2,0.6753787804111404,1,1.0055875874611846
Nasdaq-100 Top3 PIT membership,3,2020-04-30,2020-05-01,SELL,AMD,Advanced Micro Devices,2018-12-24,Wikipedia Nasdaq-100 changes table,51.06999969482422,0.3333333333333333,0.0,,,,1.2535344612826191
Nasdaq-100 Top3 PIT membership,3,2020-04-30,2020-05-01,BUY,DXCM,DexCom,2020-04-20,Wikipedia Nasdaq-100 changes table,82.75,0.0,0.3333333333333333,1,0.739020895002303,0,1.2535344612826191
Nasdaq-100 Top3 PIT membership,3,2020-08-31,2020-09-01,SELL,DXCM,DexCom,2020-04-20,Wikipedia Nasdaq-100 changes table,105.75499725341795,0.3333333333333333,0.0,,,,2.200721266975377
Nasdaq-100 Top3 PIT membership,3,2020-08-31,2020-09-01,SELL,REGN,Regeneron Pharmaceuticals,2012-12-24,Wikipedia Nasdaq-100 changes table,611.4989530131073,0.3333333333333333,0.0,,,,2.200721266975377
Nasdaq-100 Top3 PIT membership,3,2020-08-31,2020-09-01,BUY,PDD,PDD Holdings,2020-08-24,Wikipedia Nasdaq-100 changes table,89.37000274658203,0.0,0.3333333333333333,1,1.5649622996218127,4,2.200721266975377
Nasdaq-100 Top3 PIT membership,3,2020-08-31,2020-09-01,BUY,MELI,Mercado Libre,2017-06-19,Wikipedia Nasdaq-100 changes table,1200.0,0.0,0.3333333333333333,3,0.8001697217626051,4,2.200721266975377
Nasdaq-100 Top3 PIT membership,3,2020-10-30,2020-11-02,SELL,PDD,PDD Holdings,2020-08-24,Wikipedia Nasdaq-100 changes table,91.91000366210938,0.3333333333333333,0.0,,,,2.0945440789257526
Nasdaq-100 Top3 PIT membership,3,2020-10-30,2020-11-02,BUY,NVDA,Nvidia,,No add date found; assumed already member before test window,12.617840220098946,0.0,0.3333333333333333,2,0.8709584455777348,3,2.0945440789257526
Nasdaq-100 Top3 PIT membership,3,2020-11-30,2020-12-01,SELL,NVDA,Nvidia,,No add date found; assumed already member before test window,13.449711765076747,0.3333333333333333,0.0,,,,2.6731385222310218
Nasdaq-100 Top3 PIT membership,3,2020-11-30,2020-12-01,BUY,QCOM,Qualcomm,,No add date found; assumed already member before test window,132.17528894175868,0.0,0.3333333333333333,2,0.5136606004637174,0,2.6731385222310218
Nasdaq-100 Top3 PIT membership,3,2020-12-31,2021-01-04,SELL,MELI,Mercado Libre,2017-06-19,Wikipedia Nasdaq-100 changes table,1690.989990234375,0.3333333333333333,0.0,,,,2.970729783426831
Nasdaq-100 Top3 PIT membership,3,2020-12-31,2021-01-04,BUY,AMD,Advanced Micro Devices,2018-12-24,Wikipedia Nasdaq-100 changes table,92.11000061035156,0.0,0.3333333333333333,2,0.7697744933773749,1,2.970729783426831
Nasdaq-100 Top3 PIT membership,3,2021-01-29,2021-02-01,SELL,AMD,Advanced Micro Devices,2018-12-24,Wikipedia Nasdaq-100 changes table,86.83000183105469,0.3333333333333333,0.0,,,,3.0741646076102276
Nasdaq-100 Top3 PIT membership,3,2021-01-29,2021-02-01,SELL,QCOM,Qualcomm,,No add date found; assumed already member before test window,140.40052065256984,0.3333333333333333,0.0,,,,3.0741646076102276
Nasdaq-100 Top3 PIT membership,3,2021-01-29,2021-02-01,BUY,PDD,PDD Holdings,2020-08-24,Wikipedia Nasdaq-100 changes table,173.52999877929688,0.0,0.3333333333333333,2,0.9565575425553854,3,3.0741646076102276
Nasdaq-100 Top3 PIT membership,3,2021-01-29,2021-02-01,BUY,MELI,Mercado Libre,2017-06-19,Wikipedia Nasdaq-100 changes table,1812.5799560546875,0.0,0.3333333333333333,3,0.5110519099181716,3,3.0741646076102276
Nasdaq-100 Top3 PIT membership,3,2021-02-26,2021-03-01,SELL,MELI,Mercado Libre,2017-06-19,Wikipedia Nasdaq-100 changes table,1691.030029296875,0.3333333333333333,0.0,,,,2.899032890348735
Nasdaq-100 Top3 PIT membership,3,2021-02-26,2021-03-01,BUY,MU,Micron Technology,2010-12-20,Wikipedia Nasdaq-100 changes table,92.20364852599036,0.0,0.3333333333333333,3,0.670151365926307,4,2.899032890348735
Nasdaq-100 Top3 PIT membership,3,2021-03-31,2021-04-01,SELL,TSLA,"Tesla, Inc.",2013-07-15,Wikipedia Nasdaq-100 changes table,229.4566650390625,0.3333333333333333,0.0,,,,2.6658954879046624
Nasdaq-100 Top3 PIT membership,3,2021-03-31,2021-04-01,BUY,AMAT,Applied Materials,,No add date found; assumed already member before test window,132.37505011619731,0.0,0.3333333333333333,2,0.979417367492287,5,2.6658954879046624
Nasdaq-100 Top3 PIT membership,3,2021-04-30,2021-05-03,SELL,PDD,PDD Holdings,2020-08-24,Wikipedia Nasdaq-100 changes table,133.0500030517578,0.3333333333333333,0.0,,,,2.5393820413280386
Nasdaq-100 Top3 PIT membership,3,2021-04-30,2021-05-03,BUY,LRCX,Lam Research,2014-12-22,Wikipedia Nasdaq-100 changes table,59.65801417832439,0.0,0.3333333333333333,2,0.7651637497457688,4,2.5393820413280386
Nasdaq-100 Top3 PIT membership,3,2021-05-28,2021-06-01,SELL,MU,Micron Technology,2010-12-20,Wikipedia Nasdaq-100 changes table,82.82137178261938,0.3333333333333333,0.0,,,,2.5872137977599303
Nasdaq-100 Top3 PIT membership,3,2021-05-28,2021-06-01,BUY,ASML,ASML Holding,2017-12-18,Wikipedia Nasdaq-100 changes table,654.1423565308215,0.0,0.3333333333333333,2,0.5643717894335165,5,2.5872137977599303
Nasdaq-100 Top3 PIT membership,3,2021-06-30,2021-07-01,SELL,LRCX,Lam Research,2014-12-22,Wikipedia Nasdaq-100 changes table,61.52541501221455,0.3333333333333333,0.0,,,,2.5983538278758815
Nasdaq-100 Top3 PIT membership,3,2021-06-30,2021-07-01,BUY,GOOG,Alphabet Inc. (Class C),2014-04-03,Wikipedia Nasdaq-100 changes table,123.83307666034744,0.0,0.3333333333333333,3,0.3815787839318969,5,2.5983538278758815
Nasdaq-100 Top3 PIT membership,3,2021-07-30,2021-08-02,SELL,ASML,ASML Holding,2017-12-18,Wikipedia Nasdaq-100 changes table,736.3662572765717,0.3333333333333333,0.0,,,,2.773599150196172
Nasdaq-100 Top3 PIT membership,3,2021-07-30,2021-08-02,BUY,NVDA,Nvidia,,No add date found; assumed already member before test window,19.65497762771269,0.0,0.3333333333333333,1,0.5407523063203368,2,2.773599150196172
Nasdaq-100 Top3 PIT membership,3,2021-08-31,2021-09-01,SELL,AMAT,Applied Materials,,No add date found; assumed already member before test window,130.48330097380196,0.3333333333333333,0.0,,,,2.9365500257096047
Nasdaq-100 Top3 PIT membership,3,2021-08-31,2021-09-01,SELL,GOOG,Alphabet Inc. (Class C),2014-04-03,Wikipedia Nasdaq-100 changes table,144.4639658109284,0.3333333333333333,0.0,,,,2.9365500257096047
Nasdaq-100 Top3 PIT membership,3,2021-08-31,2021-09-01,BUY,ASML,ASML Holding,2017-12-18,Wikipedia Nasdaq-100 changes table,801.2418708950923,0.0,0.3333333333333333,2,0.41993553842646714,1,2.9365500257096047
Nasdaq-100 Top3 PIT membership,3,2021-08-31,2021-09-01,BUY,DXCM,DexCom,2020-04-20,Wikipedia Nasdaq-100 changes table,132.97500610351562,0.0,0.3333333333333333,3,0.3868998892692852,1,2.9365500257096047
Nasdaq-100 Top3 PIT membership,3,2021-09-30,2021-10-01,SELL,ASML,ASML Holding,2017-12-18,Wikipedia Nasdaq-100 changes table,711.7098112814783,0.3333333333333333,0.0,,,,2.7854408860756985
Nasdaq-100 Top3 PIT membership,3,2021-09-30,2021-10-01,BUY,CRWD,CrowdStrike,2021-08-26,Wikipedia Nasdaq-100 changes table,246.6499938964844,0.0,0.3333333333333333,2,0.5024327746031352,3,2.7854408860756985
Nasdaq-100 Top3 PIT membership,3,2021-10-29,2021-11-01,SELL,CRWD,CrowdStrike,2021-08-26,Wikipedia Nasdaq-100 changes table,275.5409851074219,0.3333333333333333,0.0,,,,3.2444748613599836
Nasdaq-100 Top3 PIT membership,3,2021-10-29,2021-11-01,BUY,MRVL,Marvell Technology,2020-12-21,Wikipedia Nasdaq-100 changes table,67.48674748537871,0.0,0.3333333333333333,3,0.36253506981221983,7,3.2444748613599836
Nasdaq-100 Top3 PIT membership,3,2021-11-30,2021-12-01,SELL,MRVL,Marvell Technology,2020-12-21,Wikipedia Nasdaq-100 changes table,71.49645010010153,0.3333333333333333,0.0,,,,3.501756041230457
Nasdaq-100 Top3 PIT membership,3,2021-11-30,2021-12-01,BUY,TSLA,"Tesla, Inc.",2013-07-15,Wikipedia Nasdaq-100 changes table,386.8999938964844,0.0,0.3333333333333333,1,0.840957230808149,4,3.501756041230457
Nasdaq-100 Top3 PIT membership,3,2021-12-31,2022-01-03,SELL,DXCM,DexCom,2020-04-20,Wikipedia Nasdaq-100 changes table,132.9499969482422,0.3333333333333333,0.0,,,,3.309593684482434
Nasdaq-100 Top3 PIT membership,3,2021-12-31,2022-01-03,SELL,NVDA,Nvidia,,No add date found; assumed already member before test window,29.75574653768631,0.3333333333333333,0.0,,,,3.309593684482434
Nasdaq-100 Top3 PIT membership,3,2021-12-31,2022-01-03,BUY,AMD,Advanced Micro Devices,2018-12-24,Wikipedia Nasdaq-100 changes table,145.13999938964844,0.0,0.3333333333333333,2,0.5745512715469978,0,3.309593684482434
Nasdaq-100 Top3 PIT membership,3,2021-12-31,2022-01-03,BUY,DDOG,Datadog,2021-12-20,Wikipedia Nasdaq-100 changes table,178.75,0.0,0.3333333333333333,3,0.5453179007506572,0,3.309593684482434
Nasdaq-100 Top3 PIT membership,3,2022-01-31,2022-02-01,SELL,AMD,Advanced Micro Devices,2018-12-24,Wikipedia Nasdaq-100 changes table,116.75,0.3333333333333333,0.0,,,,2.714759015501542
Nasdaq-100 Top3 PIT membership,3,2022-01-31,2022-02-01,BUY,NVDA,Nvidia,,No add date found; assumed already member before test window,25.05411045530758,0.0,0.3333333333333333,3,0.49847280370975877,0,2.714759015501542
Nasdaq-100 Top3 PIT membership,3,2022-02-28,2022-03-01,SELL,DDOG,Datadog,2021-12-20,Wikipedia Nasdaq-100 changes table,160.24000549316406,0.3333333333333333,0.0,,,,2.7049276196258254
Nasdaq-100 Top3 PIT membership,3,2022-02-28,2022-03-01,SELL,NVDA,Nvidia,,No add date found; assumed already member before test window,24.24272310643019,0.3333333333333333,0.0,,,,2.7049276196258254
Nasdaq-100 Top3 PIT membership,3,2022-02-28,2022-03-01,BUY,PCAR,Paccar,,No add date found; assumed already member before test window,52.17555364575536,0.0,0.3333333333333333,2,0.15738728090321796,3,2.7049276196258254
Nasdaq-100 Top3 PIT membership,3,2022-02-28,2022-03-01,BUY,EXC,Exelon,2019-11-21,Wikipedia Nasdaq-100 changes table,36.37818293040838,0.0,0.3333333333333333,3,0.1514723833212357,3,2.7049276196258254
Nasdaq-100 Top3 PIT membership,3,2022-03-31,2022-04-01,SELL,EXC,Exelon,2019-11-21,Wikipedia Nasdaq-100 changes table,41.22861620757824,0.3333333333333333,0.0,,,,3.0121402177031205
Nasdaq-100 Top3 PIT membership,3,2022-03-31,2022-04-01,SELL,PCAR,Paccar,,No add date found; assumed already member before test window,50.52171530423361,0.3333333333333333,0.0,,,,3.0121402177031205
Nasdaq-100 Top3 PIT membership,3,2022-03-31,2022-04-01,SELL,TSLA,"Tesla, Inc.",2013-07-15,Wikipedia Nasdaq-100 changes table,360.3833312988281,0.3333333333333333,0.0,,,,3.0121402177031205
Nasdaq-100 Top3 PIT membership,3,2022-03-31,2022-04-01,BUY,QCOM,Qualcomm,,No add date found; assumed already member before test window,138.63044940793944,0.0,0.3333333333333333,1,0.322674315264714,1,3.0121402177031205
Nasdaq-100 Top3 PIT membership,3,2022-03-31,2022-04-01,BUY,MU,Micron Technology,2010-12-20,Wikipedia Nasdaq-100 changes table,76.6803668137586,0.0,0.3333333333333333,2,0.31585584342246875,1,3.0121402177031205
Nasdaq-100 Top3 PIT membership,3,2022-03-31,2022-04-01,BUY,VRTX,Vertex Pharmaceuticals,,No add date found; assumed already member before test window,261.54998779296875,0.0,0.3333333333333333,3,0.29064447542917726,1,3.0121402177031205
Nasdaq-100 Top3 PIT membership,3,2022-04-29,2022-05-02,SELL,MU,Micron Technology,2010-12-20,Wikipedia Nasdaq-100 changes table,66.7305317350173,0.3333333333333333,0.0,,,,2.8185879156976203
Nasdaq-100 Top3 PIT membership,3,2022-04-29,2022-05-02,SELL,QCOM,Qualcomm,,No add date found; assumed already member before test window,128.28382000342376,0.3333333333333333,0.0,,,,2.8185879156976203
Nasdaq-100 Top3 PIT membership,3,2022-04-29,2022-05-02,BUY,EXC,Exelon,2019-11-21,Wikipedia Nasdaq-100 changes table,40.59631949077061,0.0,0.3333333333333333,2,0.2746548901370456,2,2.8185879156976203
Nasdaq-100 Top3 PIT membership,3,2022-04-29,2022-05-02,BUY,PANW,Palo Alto Networks,2021-12-20,Wikipedia Nasdaq-100 changes table,93.0433349609375,0.0,0.3333333333333333,3,0.23547820362000582,2,2.8185879156976203
Nasdaq-100 Top3 PIT membership,3,2022-05-31,2022-06-01,SELL,PANW,Palo Alto Networks,2021-12-20,Wikipedia Nasdaq-100 changes table,84.53666687011719,0.3333333333333333,0.0,,,,2.8405079898778363
Nasdaq-100 Top3 PIT membership,3,2022-05-31,2022-06-01,BUY,KHC,Kraft Heinz,2015-07-02,Wikipedia Nasdaq-100 changes table,31.451639582367648,0.0,0.3333333333333333,2,0.23868186076051345,1,2.8405079898778363
Nasdaq-100 Top3 PIT membership,3,2022-06-30,2022-07-01,SELL,KHC,Kraft Heinz,2015-07-02,Wikipedia Nasdaq-100 changes table,31.634162822619118,0.3333333333333333,0.0,,,,2.781932167125938
Nasdaq-100 Top3 PIT membership,3,2022-06-30,2022-07-01,BUY,AEP,American Electric Power,2020-12-21,Wikipedia Nasdaq-100 changes table,82.92736457882702,0.0,0.3333333333333333,3,0.17105380401093395,2,2.781932167125938
Nasdaq-100 Top3 PIT membership,3,2022-07-29,2022-08-01,SELL,AEP,American Electric Power,2020-12-21,Wikipedia Nasdaq-100 changes table,84.8968869793459,0.3333333333333333,0.0,,,,2.829745082404337
Nasdaq-100 Top3 PIT membership,3,2022-07-29,2022-08-01,SELL,EXC,Exelon,2019-11-21,Wikipedia Nasdaq-100 changes table,40.48525374405027,0.3333333333333333,0.0,,,,2.829745082404337
Nasdaq-100 Top3 PIT membership,3,2022-07-29,2022-08-01,SELL,VRTX,Vertex Pharmaceuticals,,No add date found; assumed already member before test window,279.7900085449219,0.3333333333333333,0.0,,,,2.829745082404337
Nasdaq-100 Top3 PIT membership,3,2022-07-29,2022-08-01,BUY,TMUS,T-Mobile US,2015-12-21,Wikipedia Nasdaq-100 changes table,137.49199170874357,0.0,0.3333333333333333,1,0.2672827696615574,0,2.829745082404337
Nasdaq-100 Top3 PIT membership,3,2022-07-29,2022-08-01,BUY,CEG,Constellation Energy,2022-02-02,Wikipedia Nasdaq-100 changes table,64.0451825840418,0.0,0.3333333333333333,2,0.25961135473316355,0,2.829745082404337
Nasdaq-100 Top3 PIT membership,3,2022-07-29,2022-08-01,BUY,PDD,PDD Holdings,2020-08-24,Wikipedia Nasdaq-100 changes table,47.47999954223633,0.0,0.3333333333333333,3,0.24080262488386306,0,2.829745082404337
Nasdaq-100 Top3 PIT membership,3,2022-08-31,2022-09-01,SELL,PDD,PDD Holdings,2020-08-24,Wikipedia Nasdaq-100 changes table,69.44999694824219,0.3333333333333333,0.0,,,,3.4836711538809535
Nasdaq-100 Top3 PIT membership,3,2022-08-31,2022-09-01,SELL,TMUS,T-Mobile US,2015-12-21,Wikipedia Nasdaq-100 changes table,137.9631716128819,0.3333333333333333,0.0,,,,3.4836711538809535
Nasdaq-100 Top3 PIT membership,3,2022-08-31,2022-09-01,BUY,ADP,Automatic Data Processing,2008-12-22,Wikipedia Nasdaq-100 changes table,223.61914701397265,0.0,0.3333333333333333,2,0.1777979226021953,1,3.4836711538809535
Nasdaq-100 Top3 PIT membership,3,2022-08-31,2022-09-01,BUY,VRTX,Vertex Pharmaceuticals,,No add date found; assumed already member before test window,281.6499938964844,0.0,0.3333333333333333,3,0.16979191250941073,1,3.4836711538809535
Nasdaq-100 Top3 PIT membership,3,2022-09-30,2022-10-03,SELL,ADP,Automatic Data Processing,2008-12-22,Wikipedia Nasdaq-100 changes table,210.96745491007985,0.3333333333333333,0.0,,,,3.5171254538885046
Nasdaq-100 Top3 PIT membership,3,2022-09-30,2022-10-03,SELL,VRTX,Vertex Pharmaceuticals,,No add date found; assumed already member before test window,293.7099914550781,0.3333333333333333,0.0,,,,3.5171254538885046
Nasdaq-100 Top3 PIT membership,3,2022-09-30,2022-10-03,BUY,PDD,PDD Holdings,2020-08-24,Wikipedia Nasdaq-100 changes table,62.40999984741211,0.0,0.3333333333333333,1,0.777611617222383,1,3.5171254538885046
Nasdaq-100 Top3 PIT membership,3,2022-09-30,2022-10-03,BUY,TMUS,T-Mobile US,2015-12-21,Wikipedia Nasdaq-100 changes table,131.01164322796626,0.0,0.3333333333333333,3,0.12162049459815139,1,3.5171254538885046
Nasdaq-100 Top3 PIT membership,3,2022-10-31,2022-11-01,SELL,TMUS,T-Mobile US,2015-12-21,Wikipedia Nasdaq-100 changes table,147.09724045671848,0.3333333333333333,0.0,,,,3.7677243459655743
Nasdaq-100 Top3 PIT membership,3,2022-10-31,2022-11-01,BUY,NFLX,"Netflix, Inc.",2013-06-06,Wikipedia Nasdaq-100 changes table,29.617000579833984,0.0,0.3333333333333333,3,0.1803871269548749,1,3.7677243459655743
Nasdaq-100 Top3 PIT membership,3,2022-11-30,2022-12-01,SELL,PDD,PDD Holdings,2020-08-24,Wikipedia Nasdaq-100 changes table,79.23999786376953,0.3333333333333333,0.0,,,,4.250174393206079
Nasdaq-100 Top3 PIT membership,3,2022-11-30,2022-12-01,BUY,DXCM,DexCom,2020-04-20,Wikipedia Nasdaq-100 changes table,116.38999938964844,0.0,0.3333333333333333,1,0.7020256640086218,1,4.250174393206079
Nasdaq-100 Top3 PIT membership,3,2022-12-30,2023-01-03,SELL,DXCM,DexCom,2020-04-20,Wikipedia Nasdaq-100 changes table,114.3000030517578,0.3333333333333333,0.0,,,,4.041204691307314
Nasdaq-100 Top3 PIT membership,3,2022-12-30,2023-01-03,BUY,ROST,Ross Stores,2008-12-22,Wikipedia Nasdaq-100 changes table,112.64427650749974,0.0,0.3333333333333333,3,0.6542950332381965,1,4.041204691307314
Nasdaq-100 Top3 PIT membership,3,2023-01-31,2023-02-01,SELL,CEG,Constellation Energy,2022-02-02,Wikipedia Nasdaq-100 changes table,83.1366271103242,0.3333333333333333,0.0,,,,4.3065319626214995
Nasdaq-100 Top3 PIT membership,3,2023-01-31,2023-02-01,SELL,NFLX,"Netflix, Inc.",2013-06-06,Wikipedia Nasdaq-100 changes table,35.38600158691406,0.3333333333333333,0.0,,,,4.3065319626214995
Nasdaq-100 Top3 PIT membership,3,2023-01-31,2023-02-01,BUY,PDD,PDD Holdings,2020-08-24,Wikipedia Nasdaq-100 changes table,102.30999755859376,0.0,0.3333333333333333,1,0.728035354061749,2,4.3065319626214995
Nasdaq-100 Top3 PIT membership,3,2023-01-31,2023-02-01,BUY,GILD,Gilead Sciences,,No add date found; assumed already member before test window,75.16967807179442,0.0,0.3333333333333333,2,0.45875941463704994,2,4.3065319626214995
Nasdaq-100 Top3 PIT membership,3,2023-02-28,2023-03-01,SELL,GILD,Gilead Sciences,,No add date found; assumed already member before test window,71.88586060771588,0.3333333333333333,0.0,,,,3.9786888589031864
Nasdaq-100 Top3 PIT membership,3,2023-02-28,2023-03-01,SELL,ROST,Ross Stores,2008-12-22,Wikipedia Nasdaq-100 changes table,103.3240398889522,0.3333333333333333,0.0,,,,3.9786888589031864
Nasdaq-100 Top3 PIT membership,3,2023-02-28,2023-03-01,BUY,NFLX,"Netflix, Inc.",2013-06-06,Wikipedia Nasdaq-100 changes table,32.154998779296875,0.0,0.3333333333333333,2,0.615773965168505,2,3.9786888589031864
Nasdaq-100 Top3 PIT membership,3,2023-02-28,2023-03-01,BUY,IDXX,Idexx Laboratories,2017-03-20,Wikipedia Nasdaq-100 changes table,470.8599853515625,0.0,0.3333333333333333,3,0.3918262603459084,2,3.9786888589031864
Nasdaq-100 Top3 PIT membership,3,2023-03-31,2023-04-03,SELL,IDXX,Idexx Laboratories,2017-03-20,Wikipedia Nasdaq-100 changes table,500.0,0.3333333333333333,0.0,,,,3.865232305495873
Nasdaq-100 Top3 PIT membership,3,2023-03-31,2023-04-03,SELL,NFLX,"Netflix, Inc.",2013-06-06,Wikipedia Nasdaq-100 changes table,34.18299865722656,0.3333333333333333,0.0,,,,3.865232305495873
Nasdaq-100 Top3 PIT membership,3,2023-03-31,2023-04-03,BUY,NVDA,Nvidia,,No add date found; assumed already member before test window,27.48466960367856,0.0,0.3333333333333333,1,0.9083439264623381,2,3.865232305495873
Nasdaq-100 Top3 PIT membership,3,2023-03-31,2023-04-03,BUY,BKNG,Booking Holdings,,No add date found; assumed already member before test window,103.8515273478454,0.0,0.3333333333333333,3,0.53540975577691,2,3.865232305495873
Nasdaq-100 Top3 PIT membership,3,2023-04-28,2023-05-01,SELL,BKNG,Booking Holdings,,No add date found; assumed already member before test window,105.2466622132202,0.3333333333333333,0.0,,,,3.7878183917520856
Nasdaq-100 Top3 PIT membership,3,2023-04-28,2023-05-01,SELL,PDD,PDD Holdings,2020-08-24,Wikipedia Nasdaq-100 changes table,67.69000244140625,0.3333333333333333,0.0,,,,3.7878183917520856
Nasdaq-100 Top3 PIT membership,3,2023-04-28,2023-05-01,BUY,AMD,Advanced Micro Devices,2018-12-24,Wikipedia Nasdaq-100 changes table,91.02999877929688,0.0,0.3333333333333333,2,0.6087392779895031,2,3.7878183917520856
Nasdaq-100 Top3 PIT membership,3,2023-04-28,2023-05-01,BUY,META,Meta Platforms,,No add date found; assumed already member before test window,236.7619924001167,0.0,0.3333333333333333,3,0.5818056874743978,2,3.7878183917520856
Nasdaq-100 Top3 PIT membership,3,2023-05-31,2023-06-01,SELL,AMD,Advanced Micro Devices,2018-12-24,Wikipedia Nasdaq-100 changes table,117.29000091552734,0.3333333333333333,0.0,,,,4.792077639174495
Nasdaq-100 Top3 PIT membership,3,2023-05-31,2023-06-01,BUY,MELI,Mercado Libre,2017-06-19,Wikipedia Nasdaq-100 changes table,1240.0899658203125,0.0,0.3333333333333333,3,0.4019254420351852,1,4.792077639174495
Nasdaq-100 Top3 PIT membership,3,2023-06-30,2023-07-03,SELL,MELI,Mercado Libre,2017-06-19,Wikipedia Nasdaq-100 changes table,1190.0,0.3333333333333333,0.0,,,,5.017634181517494
Nasdaq-100 Top3 PIT membership,3,2023-06-30,2023-07-03,BUY,AMD,Advanced Micro Devices,2018-12-24,Wikipedia Nasdaq-100 changes table,115.16000366210938,0.0,0.3333333333333333,3,0.8892440412501867,3,5.017634181517494
Nasdaq-100 Top3 PIT membership,3,2023-07-31,2023-08-01,SELL,AMD,Advanced Micro Devices,2018-12-24,Wikipedia Nasdaq-100 changes table,114.26000213623048,0.3333333333333333,0.0,,,,5.344119030942375
Nasdaq-100 Top3 PIT membership,3,2023-07-31,2023-08-01,BUY,PANW,Palo Alto Networks,2021-12-20,Wikipedia Nasdaq-100 changes table,124.94499969482422,0.0,0.3333333333333333,3,0.5854925758322094,2,5.344119030942375
Nasdaq-100 Top3 PIT membership,3,2023-08-31,2023-09-01,SELL,PANW,Palo Alto Networks,2021-12-20,Wikipedia Nasdaq-100 changes table,121.625,0.3333333333333333,0.0,,,,5.34393702588619
Nasdaq-100 Top3 PIT membership,3,2023-08-31,2023-09-01,BUY,ADBE,Adobe Inc.,,No add date found; assumed already member before test window,564.7999877929688,0.0,0.3333333333333333,3,0.5901049109234446,3,5.34393702588619
Nasdaq-100 Top3 PIT membership,3,2023-10-31,2023-11-01,SELL,ADBE,Adobe Inc.,,No add date found; assumed already member before test window,535.0,0.3333333333333333,0.0,,,,4.942476269307573
Nasdaq-100 Top3 PIT membership,3,2023-10-31,2023-11-01,SELL,META,Meta Platforms,,No add date found; assumed already member before test window,299.4996780690973,0.3333333333333333,0.0,,,,4.942476269307573
Nasdaq-100 Top3 PIT membership,3,2023-10-31,2023-11-01,BUY,ZS,Zscaler,2021-12-20,Wikipedia Nasdaq-100 changes table,159.60000610351562,0.0,0.3333333333333333,1,0.849310337812051,2,4.942476269307573
Nasdaq-100 Top3 PIT membership,3,2023-10-31,2023-11-01,BUY,TSLA,"Tesla, Inc.",2013-07-15,Wikipedia Nasdaq-100 changes table,204.0399932861328,0.0,0.3333333333333333,3,0.5694592348275416,2,4.942476269307573
Nasdaq-100 Top3 PIT membership,3,2023-11-30,2023-12-01,SELL,NVDA,Nvidia,,No add date found; assumed already member before test window,46.49249632095064,0.3333333333333333,0.0,,,,5.812369765820549
Nasdaq-100 Top3 PIT membership,3,2023-11-30,2023-12-01,SELL,TSLA,"Tesla, Inc.",2013-07-15,Wikipedia Nasdaq-100 changes table,233.13999938964844,0.3333333333333333,0.0,,,,5.812369765820549
Nasdaq-100 Top3 PIT membership,3,2023-11-30,2023-12-01,SELL,ZS,Zscaler,2021-12-20,Wikipedia Nasdaq-100 changes table,197.88999938964844,0.3333333333333333,0.0,,,,5.812369765820549
Nasdaq-100 Top3 PIT membership,3,2023-11-30,2023-12-01,BUY,PDD,PDD Holdings,2020-08-24,Wikipedia Nasdaq-100 changes table,143.32000732421875,0.0,0.3333333333333333,1,0.4679404189420133,3,5.812369765820549
Nasdaq-100 Top3 PIT membership,3,2023-11-30,2023-12-01,BUY,CEG,Constellation Energy,2022-02-02,Wikipedia Nasdaq-100 changes table,118.7769696370951,0.0,0.3333333333333333,2,0.27387500266105924,3,5.812369765820549
Nasdaq-100 Top3 PIT membership,3,2023-11-30,2023-12-01,BUY,FANG,Diamondback Energy,2022-12-19,Wikipedia Nasdaq-100 changes table,142.00902398017325,0.0,0.3333333333333333,3,0.25860833108329984,3,5.812369765820549
Nasdaq-100 Top3 PIT membership,3,2023-12-29,2024-01-02,SELL,CEG,Constellation Energy,2022-02-02,Wikipedia Nasdaq-100 changes table,114.62144351042728,0.3333333333333333,0.0,,,,5.789579870972585
Nasdaq-100 Top3 PIT membership,3,2023-12-29,2024-01-02,SELL,FANG,Diamondback Energy,2022-12-19,Wikipedia Nasdaq-100 changes table,144.09821913972888,0.3333333333333333,0.0,,,,5.789579870972585
Nasdaq-100 Top3 PIT membership,3,2023-12-29,2024-01-02,BUY,CRWD,CrowdStrike,2021-08-26,Wikipedia Nasdaq-100 changes table,251.47000122070312,0.0,0.3333333333333333,2,0.5962416438725056,2,5.789579870972585
Nasdaq-100 Top3 PIT membership,3,2023-12-29,2024-01-02,BUY,ZS,Zscaler,2021-12-20,Wikipedia Nasdaq-100 changes table,218.1000061035156,0.0,0.3333333333333333,3,0.3659603019091635,2,5.789579870972585
Nasdaq-100 Top3 PIT membership,3,2024-01-31,2024-02-01,SELL,ZS,Zscaler,2021-12-20,Wikipedia Nasdaq-100 changes table,236.6100006103516,0.3333333333333333,0.0,,,,6.055279851854387
Nasdaq-100 Top3 PIT membership,3,2024-01-31,2024-02-01,BUY,INTC,Intel,,No add date found; assumed already member before test window,42.57974063356224,0.0,0.3333333333333333,3,0.41331303314629264,1,6.055279851854387
Nasdaq-100 Top3 PIT membership,3,2024-02-29,2024-03-01,SELL,INTC,Intel,,No add date found; assumed already member before test window,42.96186273403715,0.3333333333333333,0.0,,,,6.262124324019811
Nasdaq-100 Top3 PIT membership,3,2024-02-29,2024-03-01,SELL,PDD,PDD Holdings,2020-08-24,Wikipedia Nasdaq-100 changes table,126.9000015258789,0.3333333333333333,0.0,,,,6.262124324019811
Nasdaq-100 Top3 PIT membership,3,2024-02-29,2024-03-01,BUY,ZS,Zscaler,2021-12-20,Wikipedia Nasdaq-100 changes table,227.0,0.0,0.3333333333333333,2,0.6699217129747685,0,6.262124324019811
Nasdaq-100 Top3 PIT membership,3,2024-02-29,2024-03-01,BUY,AMD,Advanced Micro Devices,2018-12-24,Wikipedia Nasdaq-100 changes table,197.91000366210935,0.0,0.3333333333333333,3,0.6244335397754945,0,6.262124324019811
Nasdaq-100 Top3 PIT membership,3,2024-03-28,2024-04-01,SELL,ZS,Zscaler,2021-12-20,Wikipedia Nasdaq-100 changes table,192.5,0.3333333333333333,0.0,,,,5.784116842839898
Nasdaq-100 Top3 PIT membership,3,2024-03-28,2024-04-01,BUY,NVDA,Nvidia,,No add date found; assumed already member before test window,90.24806771473165,0.0,0.3333333333333333,2,0.8289026171890554,2,5.784116842839898
Nasdaq-100 Top3 PIT membership,3,2024-04-30,2024-05-01,SELL,CRWD,CrowdStrike,2021-08-26,Wikipedia Nasdaq-100 changes table,290.44000244140625,0.3333333333333333,0.0,,,,5.146642906830695
Nasdaq-100 Top3 PIT membership,3,2024-04-30,2024-05-01,BUY,DASH,DoorDash,2023-12-18,Wikipedia Nasdaq-100 changes table,128.14999389648438,0.0,0.3333333333333333,2,0.9568293986428209,3,5.146642906830695
Nasdaq-100 Top3 PIT membership,3,2024-05-31,2024-06-03,SELL,AMD,Advanced Micro Devices,2018-12-24,Wikipedia Nasdaq-100 changes table,170.82000732421875,0.3333333333333333,0.0,,,,5.672816796084761
Nasdaq-100 Top3 PIT membership,3,2024-05-31,2024-06-03,SELL,DASH,DoorDash,2023-12-18,Wikipedia Nasdaq-100 changes table,110.25,0.3333333333333333,0.0,,,,5.672816796084761
Nasdaq-100 Top3 PIT membership,3,2024-05-31,2024-06-03,BUY,CEG,Constellation Energy,2022-02-02,Wikipedia Nasdaq-100 changes table,212.9492940886588,0.0,0.3333333333333333,2,0.5336098279714332,4,5.672816796084761
Nasdaq-100 Top3 PIT membership,3,2024-05-31,2024-06-03,BUY,MU,Micron Technology,2010-12-20,Wikipedia Nasdaq-100 changes table,127.23750696940004,0.0,0.3333333333333333,3,0.43373202054235716,4,5.672816796084761
Nasdaq-100 Top3 PIT membership,3,2024-06-28,2024-07-01,SELL,MU,Micron Technology,2010-12-20,Wikipedia Nasdaq-100 changes table,129.59099769760752,0.3333333333333333,0.0,,,,5.823764666812861
Nasdaq-100 Top3 PIT membership,3,2024-06-28,2024-07-01,BUY,ARM,Arm Holdings,2024-06-24,Wikipedia Nasdaq-100 changes table,163.42999267578125,0.0,0.3333333333333333,3,0.6249158454663826,3,5.823764666812861
Nasdaq-100 Top3 PIT membership,3,2024-08-30,2024-09-03,SELL,ARM,Arm Holdings,2024-06-24,Wikipedia Nasdaq-100 changes table,129.86500549316406,0.3333333333333333,0.0,,,,5.222796571131058
Nasdaq-100 Top3 PIT membership,3,2024-08-30,2024-09-03,SELL,CEG,Constellation Energy,2022-02-02,Wikipedia Nasdaq-100 changes table,193.5458373065293,0.3333333333333333,0.0,,,,5.222796571131058
Nasdaq-100 Top3 PIT membership,3,2024-08-30,2024-09-03,BUY,CHTR,Charter Communications,2013-07-25,Wikipedia Nasdaq-100 changes table,345.5299987792969,0.0,0.3333333333333333,2,0.28588482914330826,3,5.222796571131058
Nasdaq-100 Top3 PIT membership,3,2024-08-30,2024-09-03,BUY,BKR,Baker Hughes,2022-12-19,Wikipedia Nasdaq-100 changes table,33.41074419246227,0.0,0.3333333333333333,3,0.2649954930935785,3,5.222796571131058
Nasdaq-100 Top3 PIT membership,3,2024-09-30,2024-10-01,SELL,BKR,Baker Hughes,2022-12-19,Wikipedia Nasdaq-100 changes table,34.67717843110828,0.3333333333333333,0.0,,,,5.280106174080527
Nasdaq-100 Top3 PIT membership,3,2024-09-30,2024-10-01,SELL,CHTR,Charter Communications,2013-07-25,Wikipedia Nasdaq-100 changes table,323.44000244140625,0.3333333333333333,0.0,,,,5.280106174080527
Nasdaq-100 Top3 PIT membership,3,2024-09-30,2024-10-01,BUY,AAPL,Apple Inc.,,No add date found; assumed already member before test window,227.8122709144617,0.0,0.3333333333333333,1,0.3548667677323891,5,5.280106174080527
Nasdaq-100 Top3 PIT membership,3,2024-09-30,2024-10-01,BUY,MELI,Mercado Libre,2017-06-19,Wikipedia Nasdaq-100 changes table,2060.0,0.0,0.3333333333333333,2,0.3184146659068092,5,5.280106174080527
Nasdaq-100 Top3 PIT membership,3,2024-10-31,2024-11-01,SELL,AAPL,Apple Inc.,,No add date found; assumed already member before test window,219.32585141181025,0.3333333333333333,0.0,,,,5.374260090036211
Nasdaq-100 Top3 PIT membership,3,2024-10-31,2024-11-01,SELL,MELI,Mercado Libre,2017-06-19,Wikipedia Nasdaq-100 changes table,2030.43994140625,0.3333333333333333,0.0,,,,5.374260090036211
Nasdaq-100 Top3 PIT membership,3,2024-10-31,2024-11-01,SELL,NVDA,Nvidia,,No add date found; assumed already member before test window,134.64660922766117,0.3333333333333333,0.0,,,,5.374260090036211
Nasdaq-100 Top3 PIT membership,3,2024-10-31,2024-11-01,BUY,CEG,Constellation Energy,2022-02-02,Wikipedia Nasdaq-100 changes table,260.10385127360286,0.0,0.3333333333333333,1,0.4302329792631543,5,5.374260090036211
Nasdaq-100 Top3 PIT membership,3,2024-10-31,2024-11-01,BUY,ARM,Arm Holdings,2024-06-24,Wikipedia Nasdaq-100 changes table,144.1699981689453,0.0,0.3333333333333333,2,0.3982652936662947,5,5.374260090036211
Nasdaq-100 Top3 PIT membership,3,2024-10-31,2024-11-01,BUY,AVGO,Broadcom,2016-02-01,Wikipedia Nasdaq-100 changes table,165.9594329407063,0.0,0.3333333333333333,3,0.3868006787514051,5,5.374260090036211
Nasdaq-100 Top3 PIT membership,3,2024-11-29,2024-12-02,SELL,ARM,Arm Holdings,2024-06-24,Wikipedia Nasdaq-100 changes table,134.1999969482422,0.3333333333333333,0.0,,,,5.180267823338084
Nasdaq-100 Top3 PIT membership,3,2024-11-29,2024-12-02,SELL,AVGO,Broadcom,2016-02-01,Wikipedia Nasdaq-100 changes table,160.72202989492314,0.3333333333333333,0.0,,,,5.180267823338084
Nasdaq-100 Top3 PIT membership,3,2024-11-29,2024-12-02,SELL,CEG,Constellation Energy,2022-02-02,Wikipedia Nasdaq-100 changes table,254.83023885036357,0.3333333333333333,0.0,,,,5.180267823338084
Nasdaq-100 Top3 PIT membership,3,2024-11-29,2024-12-02,BUY,APP,AppLovin,2024-11-18,Wikipedia Nasdaq-100 changes table,335.7850036621094,0.0,0.3333333333333333,1,1.1066517774250646,4,5.180267823338084
Nasdaq-100 Top3 PIT membership,3,2024-11-29,2024-12-02,BUY,TSLA,"Tesla, Inc.",2013-07-15,Wikipedia Nasdaq-100 changes table,352.3800048828125,0.0,0.3333333333333333,2,0.44626002439795354,4,5.180267823338084
Nasdaq-100 Top3 PIT membership,3,2024-11-29,2024-12-02,BUY,ADSK,Autodesk,,No add date found; assumed already member before test window,291.739990234375,0.0,0.3333333333333333,3,0.4326388818456597,4,5.180267823338084
Nasdaq-100 Top3 PIT membership,3,2024-12-31,2025-01-02,SELL,ADSK,Autodesk,,No add date found; assumed already member before test window,297.75,0.3333333333333333,0.0,,,,5.407174325588692
Nasdaq-100 Top3 PIT membership,3,2024-12-31,2025-01-02,SELL,TSLA,"Tesla, Inc.",2013-07-15,Wikipedia Nasdaq-100 changes table,390.1000061035156,0.3333333333333333,0.0,,,,5.407174325588692
Nasdaq-100 Top3 PIT membership,3,2024-12-31,2025-01-02,BUY,MSTR,MicroStrategy,2024-12-23,Wikipedia Nasdaq-100 changes table,300.1099853515625,0.0,0.3333333333333333,2,1.934956403706566,0,5.407174325588692
Nasdaq-100 Top3 PIT membership,3,2024-12-31,2025-01-02,BUY,PLTR,Palantir Technologies,2024-12-23,Wikipedia Nasdaq-100 changes table,76.19999694824219,0.0,0.3333333333333333,3,1.5969803340762128,0,5.407174325588692
Nasdaq-100 Top3 PIT membership,3,2025-01-31,2025-02-03,SELL,MSTR,MicroStrategy,2024-12-23,Wikipedia Nasdaq-100 changes table,310.0,0.3333333333333333,0.0,,,,5.71259095678632
Nasdaq-100 Top3 PIT membership,3,2025-01-31,2025-02-03,BUY,AXON,Axon Enterprise,2024-12-23,Wikipedia Nasdaq-100 changes table,640.75,0.0,0.3333333333333333,3,1.0143328144161856,0,5.71259095678632
Nasdaq-100 Top3 PIT membership,3,2025-02-28,2025-03-03,SELL,AXON,Axon Enterprise,2024-12-23,Wikipedia Nasdaq-100 changes table,532.8400268554688,0.3333333333333333,0.0,,,,5.717265509027975
Nasdaq-100 Top3 PIT membership,3,2025-02-28,2025-03-03,BUY,MSTR,MicroStrategy,2024-12-23,Wikipedia Nasdaq-100 changes table,293.1499938964844,0.0,0.3333333333333333,3,1.4373260009187314,0,5.717265509027975
Nasdaq-100 Top3 PIT membership,3,2025-04-30,2025-05-01,SELL,MSTR,MicroStrategy,2024-12-23,Wikipedia Nasdaq-100 changes table,392.2900085449219,0.3333333333333333,0.0,,,,6.639944758485239
Nasdaq-100 Top3 PIT membership,3,2025-04-30,2025-05-01,BUY,WBD,Warner Bros. Discovery,2022-12-19,Wikipedia Nasdaq-100 changes table,8.6899995803833,0.0,0.3333333333333333,3,0.4118420627473789,0,6.639944758485239
Nasdaq-100 Top3 PIT membership,3,2025-05-30,2025-06-02,SELL,APP,AppLovin,2024-11-18,Wikipedia Nasdaq-100 changes table,392.30999755859375,0.3333333333333333,0.0,,,,8.057880571846937
Nasdaq-100 Top3 PIT membership,3,2025-05-30,2025-06-02,SELL,WBD,Warner Bros. Discovery,2022-12-19,Wikipedia Nasdaq-100 changes table,9.93000030517578,0.3333333333333333,0.0,,,,8.057880571846937
Nasdaq-100 Top3 PIT membership,3,2025-05-30,2025-06-02,BUY,NFLX,"Netflix, Inc.",2013-06-06,Wikipedia Nasdaq-100 changes table,120.12000274658205,0.0,0.3333333333333333,2,0.3074550254061954,0,8.057880571846937
Nasdaq-100 Top3 PIT membership,3,2025-05-30,2025-06-02,BUY,TTWO,Take-Two Interactive,2023-12-14,Wikipedia Nasdaq-100 changes table,226.1000061035156,0.0,0.3333333333333333,3,0.24357751517095494,0,8.057880571846937
Nasdaq-100 Top3 PIT membership,3,2025-06-30,2025-07-01,SELL,NFLX,"Netflix, Inc.",2013-06-06,Wikipedia Nasdaq-100 changes table,133.822998046875,0.3333333333333333,0.0,,,,8.650572116677298
Nasdaq-100 Top3 PIT membership,3,2025-06-30,2025-07-01,SELL,TTWO,Take-Two Interactive,2023-12-14,Wikipedia Nasdaq-100 changes table,242.42999267578125,0.3333333333333333,0.0,,,,8.650572116677298
Nasdaq-100 Top3 PIT membership,3,2025-06-30,2025-07-01,BUY,MELI,Mercado Libre,2017-06-19,Wikipedia Nasdaq-100 changes table,2645.219970703125,0.0,0.3333333333333333,2,0.4601643634717716,1,8.650572116677298
Nasdaq-100 Top3 PIT membership,3,2025-06-30,2025-07-01,BUY,ZS,Zscaler,2021-12-20,Wikipedia Nasdaq-100 changes table,314.5,0.0,0.3333333333333333,3,0.3409698172408351,1,8.650572116677298
Nasdaq-100 Top3 PIT membership,3,2025-07-31,2025-08-01,SELL,MELI,Mercado Libre,2017-06-19,Wikipedia Nasdaq-100 changes table,2379.989990234375,0.3333333333333333,0.0,,,,8.436659097623018
Nasdaq-100 Top3 PIT membership,3,2025-07-31,2025-08-01,BUY,EA,Electronic Arts,2014-12-22,Wikipedia Nasdaq-100 changes table,152.30472961448726,0.0,0.3333333333333333,3,0.3620496701614899,1,8.436659097623018
Nasdaq-100 Top3 PIT membership,3,2025-08-29,2025-09-02,SELL,EA,Electronic Arts,2014-12-22,Wikipedia Nasdaq-100 changes table,169.68053550741192,0.3333333333333333,0.0,,,,8.695280134310972
Nasdaq-100 Top3 PIT membership,3,2025-08-29,2025-09-02,SELL,ZS,Zscaler,2021-12-20,Wikipedia Nasdaq-100 changes table,279.7099914550781,0.3333333333333333,0.0,,,,8.695280134310972
Nasdaq-100 Top3 PIT membership,3,2025-08-29,2025-09-02,BUY,AMD,Advanced Micro Devices,2018-12-24,Wikipedia Nasdaq-100 changes table,158.4199981689453,0.0,0.3333333333333333,2,0.7655717652811362,2,8.695280134310972
Nasdaq-100 Top3 PIT membership,3,2025-08-29,2025-09-02,BUY,MSTR,MicroStrategy,2024-12-23,Wikipedia Nasdaq-100 changes table,334.92999267578125,0.0,0.3333333333333333,3,0.5732685936441524,2,8.695280134310972
Nasdaq-100 Top3 PIT membership,3,2025-09-30,2025-10-01,SELL,AMD,Advanced Micro Devices,2018-12-24,Wikipedia Nasdaq-100 changes table,160.92999267578125,0.3333333333333333,0.0,,,,9.288120669390846
Nasdaq-100 Top3 PIT membership,3,2025-09-30,2025-10-01,SELL,MSTR,MicroStrategy,2024-12-23,Wikipedia Nasdaq-100 changes table,332.4700012207031,0.3333333333333333,0.0,,,,9.288120669390846
Nasdaq-100 Top3 PIT membership,3,2025-09-30,2025-10-01,BUY,APP,AppLovin,2024-11-18,Wikipedia Nasdaq-100 changes table,714.8350219726562,0.0,0.3333333333333333,2,0.8062044538364765,3,9.288120669390846
Nasdaq-100 Top3 PIT membership,3,2025-09-30,2025-10-01,BUY,AVGO,Broadcom,2016-02-01,Wikipedia Nasdaq-100 changes table,326.8376971837535,0.0,0.3333333333333333,3,0.7803858698148745,3,9.288120669390846
Nasdaq-100 Top3 PIT membership,3,2025-10-31,2025-11-03,SELL,AVGO,Broadcom,2016-02-01,Wikipedia Nasdaq-100 changes table,370.5123492029235,0.3333333333333333,0.0,,,,9.813275808136389
Nasdaq-100 Top3 PIT membership,3,2025-10-31,2025-11-03,SELL,PLTR,Palantir Technologies,2024-12-23,Wikipedia Nasdaq-100 changes table,205.0449981689453,0.3333333333333333,0.0,,,,9.813275808136389
Nasdaq-100 Top3 PIT membership,3,2025-10-31,2025-11-03,BUY,MU,Micron Technology,2010-12-20,Wikipedia Nasdaq-100 changes table,233.68739709189376,0.0,0.3333333333333333,1,1.278530084746686,3,9.813275808136389
Nasdaq-100 Top3 PIT membership,3,2025-10-31,2025-11-03,BUY,WBD,Warner Bros. Discovery,2022-12-19,Wikipedia Nasdaq-100 changes table,22.5,0.0,0.3333333333333333,2,1.2529273837307406,3,9.813275808136389
Nasdaq-100 Top3 PIT membership,3,2025-11-28,2025-12-01,SELL,APP,AppLovin,2024-11-18,Wikipedia Nasdaq-100 changes table,588.1300048828125,0.3333333333333333,0.0,,,,9.720027215015374
Nasdaq-100 Top3 PIT membership,3,2025-11-28,2025-12-01,BUY,AMD,Advanced Micro Devices,2018-12-24,Wikipedia Nasdaq-100 changes table,213.8800048828125,0.0,0.3333333333333333,2,1.387157758139037,4,9.720027215015374
Nasdaq-100 Top3 PIT membership,3,2025-12-31,2026-01-02,SELL,AMD,Advanced Micro Devices,2018-12-24,Wikipedia Nasdaq-100 changes table,218.8999938964844,0.3333333333333333,0.0,,,,11.350350773452046
Nasdaq-100 Top3 PIT membership,3,2025-12-31,2026-01-02,SELL,MU,Micron Technology,2010-12-20,Wikipedia Nasdaq-100 changes table,295.00607846003123,0.3333333333333333,0.0,,,,11.350350773452046
Nasdaq-100 Top3 PIT membership,3,2025-12-31,2026-01-02,BUY,WDC,Western Digital,2025-12-22,Wikipedia Nasdaq-100 changes table,177.11522230299764,0.0,0.3333333333333333,1,1.4890602155250843,1,11.350350773452046
Nasdaq-100 Top3 PIT membership,3,2025-12-31,2026-01-02,BUY,INSM,Insmed Incorporated,2025-12-22,Wikipedia Nasdaq-100 changes table,175.7899932861328,0.0,0.3333333333333333,2,1.1519748397722274,1,11.350350773452046
Nasdaq-100 Top3 PIT membership,3,2026-01-30,2026-02-02,SELL,INSM,Insmed Incorporated,2025-12-22,Wikipedia Nasdaq-100 changes table,156.6300048828125,0.3333333333333333,0.0,,,,12.117588752960682
Nasdaq-100 Top3 PIT membership,3,2026-01-30,2026-02-02,BUY,MU,Micron Technology,2010-12-20,Wikipedia Nasdaq-100 changes table,412.0069129532501,0.0,0.3333333333333333,1,1.683998028348407,1,12.117588752960682
Nasdaq-100 Top3 PIT membership,3,2026-02-27,2026-03-02,SELL,WBD,Warner Bros. Discovery,2022-12-19,Wikipedia Nasdaq-100 changes table,28.01000022888184,0.3333333333333333,0.0,,,,12.584655684014667
Nasdaq-100 Top3 PIT membership,3,2026-02-27,2026-03-02,BUY,STX,Seagate Technology,2025-12-22,Wikipedia Nasdaq-100 changes table,392.9046064309741,0.0,0.3333333333333333,3,1.6637877685315892,1,12.584655684014667
Nasdaq-100 Top3 PIT membership,3,2026-03-31,2026-04-01,SELL,STX,Seagate Technology,2025-12-22,Wikipedia Nasdaq-100 changes table,396.489990234375,0.3333333333333333,0.0,,,,12.22252900066712
Nasdaq-100 Top3 PIT membership,3,2026-03-31,2026-04-01,BUY,AMAT,Applied Materials,,No add date found; assumed already member before test window,345.2900085449219,0.0,0.3333333333333333,3,0.8217839796579607,1,12.22252900066712
Nasdaq-100 Top3 PIT membership,3,2026-04-30,2026-05-01,SELL,AMAT,Applied Materials,,No add date found; assumed already member before test window,389.4500122070313,0.3333333333333333,0.0,,,,16.42121707722936
Nasdaq-100 Top3 PIT membership,3,2026-04-30,2026-05-01,SELL,MU,Micron Technology,2010-12-20,Wikipedia Nasdaq-100 changes table,511.7799987792969,0.3333333333333333,0.0,,,,16.42121707722936
Nasdaq-100 Top3 PIT membership,3,2026-04-30,2026-05-01,BUY,SNDK,Sandisk,2026-04-20,Wikipedia Nasdaq-100 changes table,1059.02001953125,0.0,0.3333333333333333,1,2.6195523914650924,0,16.42121707722936
Nasdaq-100 Top3 PIT membership,3,2026-04-30,2026-05-01,BUY,STX,Seagate Technology,2025-12-22,Wikipedia Nasdaq-100 changes table,667.010009765625,0.0,0.3333333333333333,3,0.7644528477405941,0,16.42121707722936
