strategy,top_n,date,equity,daily_return,holdings
Nasdaq-100 Top1 PIT membership,1,2020-01-03,1.0376914341172783,0.037691434117278266,TSLA
Nasdaq-100 Top1 PIT membership,1,2020-01-06,1.0376208015582298,-6.806701561401507e-05,TSLA
Nasdaq-100 Top1 PIT membership,1,2020-01-07,1.0869258324431252,0.04751738863643862,TSLA
Nasdaq-100 Top1 PIT membership,1,2020-01-08,1.11590108745834,0.026657987279671058,TSLA
Nasdaq-100 Top1 PIT membership,1,2020-01-09,1.1710247449847853,0.049398336596300885,TSLA
Nasdaq-100 Top1 PIT membership,1,2020-01-10,1.1349587358928652,-0.030798673765334184,TSLA
Nasdaq-100 Top1 PIT membership,1,2020-01-13,1.1625442548703107,0.024305305651261433,TSLA
Nasdaq-100 Top1 PIT membership,1,2020-01-14,1.2821201899260992,0.1028571037660222,TSLA
Nasdaq-100 Top1 PIT membership,1,2020-01-15,1.2479623382881717,-0.026641692336111134,TSLA
Nasdaq-100 Top1 PIT membership,1,2020-01-16,1.1631331740506226,-0.06797413802880403,TSLA
Nasdaq-100 Top1 PIT membership,1,2020-01-17,1.195783344060766,0.028070878501761598,TSLA
Nasdaq-100 Top1 PIT membership,1,2020-01-21,1.2491165875307926,0.044601092442809964,TSLA
Nasdaq-100 Top1 PIT membership,1,2020-01-22,1.3472084974742802,0.07852902677194606,TSLA
Nasdaq-100 Top1 PIT membership,1,2020-01-23,1.3292109440028044,-0.013359144857842842,TSLA
Nasdaq-100 Top1 PIT membership,1,2020-01-24,1.3442403124547178,0.011306985185251195,TSLA
Nasdaq-100 Top1 PIT membership,1,2020-01-27,1.276772739067287,-0.05019011315337529,TSLA
Nasdaq-100 Top1 PIT membership,1,2020-01-28,1.3391991157450627,0.048893882809073475,TSLA
Nasdaq-100 Top1 PIT membership,1,2020-01-29,1.356160230768972,0.01266511814747795,TSLA
Nasdaq-100 Top1 PIT membership,1,2020-01-30,1.4897997283881559,0.09854255757330943,TSLA
Nasdaq-100 Top1 PIT membership,1,2020-01-31,1.5076561515364943,0.01198578762506397,TSLA
Nasdaq-100 Top1 PIT membership,1,2020-02-03,1.5870200541201767,0.052640585522634176,TSLA
Nasdaq-100 Top1 PIT membership,1,2020-02-04,2.0800000000000005,0.3106324615117264,TSLA
Nasdaq-100 Top1 PIT membership,1,2020-02-05,1.939363969981163,-0.06761347597059497,TSLA
Nasdaq-100 Top1 PIT membership,1,2020-02-06,1.6488103333816353,-0.14981903402193752,TSLA
Nasdaq-100 Top1 PIT membership,1,2020-02-07,1.7209659406834783,0.0437622240963611,TSLA
Nasdaq-100 Top1 PIT membership,1,2020-02-10,1.884570088324398,0.09506530244052636,TSLA
Nasdaq-100 Top1 PIT membership,1,2020-02-11,1.8110483341027885,-0.03901248071223451,TSLA
Nasdaq-100 Top1 PIT membership,1,2020-02-12,1.832438272332998,0.011810804729740276,TSLA
Nasdaq-100 Top1 PIT membership,1,2020-02-13,1.747561929859443,-0.04631880034108504,TSLA
Nasdaq-100 Top1 PIT membership,1,2020-02-14,1.8544641731845652,0.0611722202793239,TSLA
Nasdaq-100 Top1 PIT membership,1,2020-02-18,1.982567776590834,0.06907850001021254,TSLA
Nasdaq-100 Top1 PIT membership,1,2020-02-19,2.175500611632132,0.09731462264208668,TSLA
Nasdaq-100 Top1 PIT membership,1,2020-02-20,2.1482921141578526,-0.012506775373354984,TSLA
Nasdaq-100 Top1 PIT membership,1,2020-02-21,2.136584228315704,-0.005449857477477171,TSLA
Nasdaq-100 Top1 PIT membership,1,2020-02-24,1.9764429631976068,-0.07495200188964168,TSLA
Nasdaq-100 Top1 PIT membership,1,2020-02-25,2.0000000000000004,0.011918905448342176,TSLA
Nasdaq-100 Top1 PIT membership,1,2020-02-26,1.8433452065227287,-0.07832739673863587,TSLA
Nasdaq-100 Top1 PIT membership,1,2020-02-27,1.7196702915278004,-0.06709265012180099,TSLA
Nasdaq-100 Top1 PIT membership,1,2020-02-28,1.4833922499637744,-0.13739729221821373,TSLA
Nasdaq-100 Top1 PIT membership,1,2020-03-02,1.6755241333526545,0.12952196790402004,TSLA
Nasdaq-100 Top1 PIT membership,1,2020-03-03,1.896348741520555,0.13179434648072763,TSLA
Nasdaq-100 Top1 PIT membership,1,2020-03-04,1.7996702915278004,-0.050981366388987426,TSLA
Nasdaq-100 Top1 PIT membership,1,2020-03-05,1.7049940858711297,-0.052607528224682176,TSLA
Nasdaq-100 Top1 PIT membership,1,2020-03-06,1.6254417399333443,-0.04665842925615771,TSLA
Nasdaq-100 Top1 PIT membership,1,2020-03-09,1.4261248807907074,-0.12262319481891137,TSLA
Nasdaq-100 Top1 PIT membership,1,2020-03-10,1.5534276673395184,0.0892648240441809,TSLA
Nasdaq-100 Top1 PIT membership,1,2020-03-11,1.5081272599217517,-0.029161581430663275,TSLA
Nasdaq-100 Top1 PIT membership,1,2020-03-12,1.368409992350386,-0.09264288981727886,TSLA
Nasdaq-100 Top1 PIT membership,1,2020-03-13,1.4016490815408411,0.024290299965848305,TSLA
Nasdaq-100 Top1 PIT membership,1,2020-03-16,1.1060070699956528,-0.21092441427649444,TSLA
Nasdaq-100 Top1 PIT membership,1,2020-03-17,1.0365371174771774,-0.0628114904534457,TSLA
Nasdaq-100 Top1 PIT membership,1,2020-03-18,0.9163721958435972,-0.11592920273424356,TSLA
Nasdaq-100 Top1 PIT membership,1,2020-03-19,0.8826855199884074,-0.03676091004068316,TSLA
Nasdaq-100 Top1 PIT membership,1,2020-03-20,1.032273283301937,0.169468921746325,TSLA
Nasdaq-100 Top1 PIT membership,1,2020-03-23,1.021437049068735,-0.010497447147464811,TSLA
Nasdaq-100 Top1 PIT membership,1,2020-03-24,1.1243816449702944,0.10078408257798754,TSLA
Nasdaq-100 Top1 PIT membership,1,2020-03-25,1.2844522775293428,0.14236325652868276,TSLA
Nasdaq-100 Top1 PIT membership,1,2020-03-26,1.2894936090339582,0.003924888135441229,TSLA
Nasdaq-100 Top1 PIT membership,1,2020-03-27,1.1896349415495353,-0.07744021900134368,TSLA
Nasdaq-100 Top1 PIT membership,1,2020-03-30,1.202025968249047,0.010415822759351823,TSLA
Nasdaq-100 Top1 PIT membership,1,2020-03-31,1.1808010190498976,-0.017657646140596395,TSLA
Nasdaq-100 Top1 PIT membership,1,2020-04-01,1.1872791300333279,0.0054862003664619685,TSLA
Nasdaq-100 Top1 PIT membership,1,2020-04-02,1.1331685240288867,-0.0455753029221716,TSLA
Nasdaq-100 Top1 PIT membership,1,2020-04-03,1.2002356215901087,0.059185457537040076,TSLA
Nasdaq-100 Top1 PIT membership,1,2020-04-06,1.2042403798521972,0.0033366433973880394,TSLA
Nasdaq-100 Top1 PIT membership,1,2020-04-07,1.283863358349031,0.06611884124547163,TSLA
Nasdaq-100 Top1 PIT membership,1,2020-04-08,1.3055359616103952,0.01688077093284579,TSLA
Nasdaq-100 Top1 PIT membership,1,2020-04-09,1.3241225690571428,0.014236764051922979,TSLA
Nasdaq-100 Top1 PIT membership,1,2020-04-13,1.39024744984785,0.04993864037661733,TSLA
Nasdaq-100 Top1 PIT membership,1,2020-04-14,1.646572467455442,0.18437366501599728,TSLA
Nasdaq-100 Top1 PIT membership,1,2020-04-15,1.7479388165676486,0.061562033324202625,TSLA
Nasdaq-100 Top1 PIT membership,1,2020-04-16,1.6889046898536464,-0.033773565844784526,TSLA
Nasdaq-100 Top1 PIT membership,1,2020-04-17,1.819269748304111,0.0771891150718289,TSLA
Nasdaq-100 Top1 PIT membership,1,2020-04-20,1.7260307265111356,-0.05125079547982969,TSLA
Nasdaq-100 Top1 PIT membership,1,2020-04-21,1.7199529565589542,-0.003521240878756937,TSLA
Nasdaq-100 Top1 PIT membership,1,2020-04-22,1.6583745749746417,-0.03580236386668978,TSLA
Nasdaq-100 Top1 PIT membership,1,2020-04-23,1.71401658651983,0.03355213736681839,TSLA
Nasdaq-100 Top1 PIT membership,1,2020-04-24,1.6744641057870846,-0.02307590314108543,TSLA
Nasdaq-100 Top1 PIT membership,1,2020-04-27,1.7375972124402266,0.03770346968618132,TSLA
Nasdaq-100 Top1 PIT membership,1,2020-04-28,1.8742992515509842,0.07867303085666078,TSLA
Nasdaq-100 Top1 PIT membership,1,2020-04-29,1.8614135273482122,-0.006874955635877811,TSLA
Nasdaq-100 Top1 PIT membership,1,2020-04-30,2.0145819839796184,0.08228609837686718,TSLA
Nasdaq-100 Top1 PIT membership,1,2020-05-01,1.7785630183287442,-0.11715530443920719,TSLA
Nasdaq-100 Top1 PIT membership,1,2020-05-04,1.843365029382671,0.03643503794137093,DXCM
Nasdaq-100 Top1 PIT membership,1,2020-05-05,1.9341201817474498,0.04923341330565001,DXCM
Nasdaq-100 Top1 PIT membership,1,2020-05-06,1.9947846451830324,0.031365405318698025,DXCM
Nasdaq-100 Top1 PIT membership,1,2020-05-07,2.1054209171893663,0.05546276500247593,DXCM
Nasdaq-100 Top1 PIT membership,1,2020-05-08,2.1874713462752844,0.03897103349550246,DXCM
Nasdaq-100 Top1 PIT membership,1,2020-05-11,2.171082676268142,-0.0074920615691940196,DXCM
Nasdaq-100 Top1 PIT membership,1,2020-05-12,2.258398836533526,0.04021779604242015,DXCM
Nasdaq-100 Top1 PIT membership,1,2020-05-13,2.218797625776145,-0.017535082872326413,DXCM
Nasdaq-100 Top1 PIT membership,1,2020-05-14,2.157649420842698,-0.027559162774954182,DXCM
Nasdaq-100 Top1 PIT membership,1,2020-05-15,2.1442161654172547,-0.006225874924665531,DXCM
Nasdaq-100 Top1 PIT membership,1,2020-05-18,2.2837608293359697,0.06507956901423717,DXCM
Nasdaq-100 Top1 PIT membership,1,2020-05-19,2.21337070209078,-0.03082202231555764,DXCM
Nasdaq-100 Top1 PIT membership,1,2020-05-20,2.2019255422314754,-0.005170918657454671,DXCM
Nasdaq-100 Top1 PIT membership,1,2020-05-21,2.1456132764551543,-0.02557410080236089,DXCM
Nasdaq-100 Top1 PIT membership,1,2020-05-22,2.131803850522558,-0.006436120657964728,DXCM
Nasdaq-100 Top1 PIT membership,1,2020-05-26,2.194940151022143,0.029616374172562354,DXCM
Nasdaq-100 Top1 PIT membership,1,2020-05-27,2.042929550693543,-0.06925500918911676,DXCM
Nasdaq-100 Top1 PIT membership,1,2020-05-28,1.937720202372574,-0.05149925423774515,DXCM
Nasdaq-100 Top1 PIT membership,1,2020-05-29,1.9745811405296794,0.019022838339597392,DXCM
Nasdaq-100 Top1 PIT membership,1,2020-06-01,2.055288080092884,0.04087294156043386,DXCM
Nasdaq-100 Top1 PIT membership,1,2020-06-02,2.1432007527052246,0.04277389309257695,TSLA
Nasdaq-100 Top1 PIT membership,1,2020-06-03,2.1274387307581644,-0.00735443094967414,TSLA
Nasdaq-100 Top1 PIT membership,1,2020-06-04,2.13165467481653,0.0019816994009802524,TSLA
Nasdaq-100 Top1 PIT membership,1,2020-06-05,2.1028136041000685,-0.01352989818528827,TSLA
Nasdaq-100 Top1 PIT membership,1,2020-06-08,2.2014099214124956,0.046887806470427895,TSLA
Nasdaq-100 Top1 PIT membership,1,2020-06-09,2.251738079146236,0.022861783825089743,TSLA
Nasdaq-100 Top1 PIT membership,1,2020-06-10,2.375989727796603,0.05518032927589789,TSLA
Nasdaq-100 Top1 PIT membership,1,2020-06-11,2.371965405098326,-0.0016937458319776777,TSLA
Nasdaq-100 Top1 PIT membership,1,2020-06-12,2.3475318998003183,-0.01030095348165272,TSLA
Nasdaq-100 Top1 PIT membership,1,2020-06-15,2.198511477005895,-0.06347961567938609,TSLA
Nasdaq-100 Top1 PIT membership,1,2020-06-16,2.4238265337127727,0.10248527654435047,TSLA
Nasdaq-100 Top1 PIT membership,1,2020-06-17,2.36600074479389,-0.02385723075252666,TSLA
Nasdaq-100 Top1 PIT membership,1,2020-06-18,2.4026270158038376,0.015480244919845898,TSLA
Nasdaq-100 Top1 PIT membership,1,2020-06-19,2.4260544404272757,0.009750753849573357,TSLA
Nasdaq-100 Top1 PIT membership,1,2020-06-22,2.3953207318423604,-0.012668185871172133,TSLA
Nasdaq-100 Top1 PIT membership,1,2020-06-23,2.392757830418233,-0.001069961692418686,TSLA
Nasdaq-100 Top1 PIT membership,1,2020-06-24,2.3813315501466463,-0.004775360099684378,TSLA
Nasdaq-100 Top1 PIT membership,1,2020-06-25,2.2858971223438878,-0.040076077519269226,TSLA
Nasdaq-100 Top1 PIT membership,1,2020-06-26,2.3829363447703322,0.04245126409142319,TSLA
Nasdaq-100 Top1 PIT membership,1,2020-06-29,2.3212060307702806,-0.02590514603360128,TSLA
Nasdaq-100 Top1 PIT membership,1,2020-06-30,2.41101093004644,0.03868889624001115,TSLA
Nasdaq-100 Top1 PIT membership,1,2020-07-01,2.594262082713283,0.07600594023989493,TSLA
Nasdaq-100 Top1 PIT membership,1,2020-07-02,2.9259827810313483,0.1278670726941844,TSLA
Nasdaq-100 Top1 PIT membership,1,2020-07-06,3.05823496413593,0.04519923492439881,TSLA
Nasdaq-100 Top1 PIT membership,1,2020-07-07,3.365618104904244,0.10050998185980187,TSLA
Nasdaq-100 Top1 PIT membership,1,2020-07-08,3.3655939808989683,-7.167778554695303e-06,TSLA
Nasdaq-100 Top1 PIT membership,1,2020-07-09,3.3464066243391715,-0.005701031279676805,TSLA
Nasdaq-100 Top1 PIT membership,1,2020-07-10,3.3440350701387085,-0.0007086867995103052,TSLA
Nasdaq-100 Top1 PIT membership,1,2020-07-13,3.974035935143413,0.18839541206682764,TSLA
Nasdaq-100 Top1 PIT membership,1,2020-07-14,3.7273054780940247,-0.062085612982884286,TSLA
Nasdaq-100 Top1 PIT membership,1,2020-07-15,3.6961649510565047,-0.008354702135507264,TSLA
Nasdaq-100 Top1 PIT membership,1,2020-07-16,3.53844905797407,-0.042670144642043994,TSLA
Nasdaq-100 Top1 PIT membership,1,2020-07-17,3.6253796368489057,0.024567424159727125,TSLA
Nasdaq-100 Top1 PIT membership,1,2020-07-20,3.6386982808525223,0.0036737239510709063,TSLA
Nasdaq-100 Top1 PIT membership,1,2020-07-21,3.928354938062342,0.07960447249337621,TSLA
Nasdaq-100 Top1 PIT membership,1,2020-07-22,3.8303094978931167,-0.024958396508230618,TSLA
Nasdaq-100 Top1 PIT membership,1,2020-07-23,4.021825041321878,0.050000017892576576,TSLA
Nasdaq-100 Top1 PIT membership,1,2020-07-24,3.391967823803134,-0.15660980053764972,TSLA
Nasdaq-100 Top1 PIT membership,1,2020-07-27,3.437457199524116,0.01341091015125806,TSLA
Nasdaq-100 Top1 PIT membership,1,2020-07-28,3.602742821671096,0.04808368877141578,TSLA
Nasdaq-100 Top1 PIT membership,1,2020-07-29,3.595556335326727,-0.0019947264348543214,TSLA
Nasdaq-100 Top1 PIT membership,1,2020-07-30,3.5644155341527837,-0.008660913157716776,TSLA
Nasdaq-100 Top1 PIT membership,1,2020-07-31,3.629092540569986,0.018145192612223138,TSLA
Nasdaq-100 Top1 PIT membership,1,2020-08-03,3.471472595235808,-0.04343233014097303,TSLA
Nasdaq-100 Top1 PIT membership,1,2020-08-04,3.5787600083005526,0.030905447219138127,REGN
Nasdaq-100 Top1 PIT membership,1,2020-08-05,3.5814394892113457,0.0007487176856169064,REGN
Nasdaq-100 Top1 PIT membership,1,2020-08-06,3.438882179737745,-0.039804472448309536,REGN
Nasdaq-100 Top1 PIT membership,1,2020-08-07,3.3957919122130322,-0.012530312256292198,REGN
Nasdaq-100 Top1 PIT membership,1,2020-08-10,3.4067287753219504,0.0032207106299957378,REGN
Nasdaq-100 Top1 PIT membership,1,2020-08-11,3.2870279624489998,-0.035136584321021624,REGN
Nasdaq-100 Top1 PIT membership,1,2020-08-12,3.280412282006106,-0.0020126632686034984,REGN
Nasdaq-100 Top1 PIT membership,1,2020-08-13,3.343789114877414,0.019319776730182925,REGN
Nasdaq-100 Top1 PIT membership,1,2020-08-14,3.3361329750391904,-0.002289659896361096,REGN
Nasdaq-100 Top1 PIT membership,1,2020-08-17,3.3615605817340874,0.007621880448155149,REGN
Nasdaq-100 Top1 PIT membership,1,2020-08-18,3.406783478090809,0.01345294700397548,REGN
Nasdaq-100 Top1 PIT membership,1,2020-08-19,3.439428439265422,0.009582341051186383,REGN
Nasdaq-100 Top1 PIT membership,1,2020-08-20,3.3356960727936946,-0.030159768782362706,REGN
Nasdaq-100 Top1 PIT membership,1,2020-08-21,3.3749033195242673,0.011753842638827727,REGN
Nasdaq-100 Top1 PIT membership,1,2020-08-24,3.348655517366223,-0.007777349355816199,REGN
Nasdaq-100 Top1 PIT membership,1,2020-08-25,3.2618746566222736,-0.025915135281578405,REGN
Nasdaq-100 Top1 PIT membership,1,2020-08-26,3.311033608991566,0.015070766827134152,REGN
Nasdaq-100 Top1 PIT membership,1,2020-08-27,3.3611780071832444,0.015144635818707508,REGN
Nasdaq-100 Top1 PIT membership,1,2020-08-28,3.341109610720071,-0.00597064375057943,REGN
Nasdaq-100 Top1 PIT membership,1,2020-08-31,3.2936995871569423,-0.014189903680804639,REGN
Nasdaq-100 Top1 PIT membership,1,2020-09-01,3.366427799500578,0.022081009642537897,REGN
Nasdaq-100 Top1 PIT membership,1,2020-09-02,3.497513779127884,0.03893919235301979,PDD
Nasdaq-100 Top1 PIT membership,1,2020-09-03,3.314821945301784,-0.05223477171594004,PDD
Nasdaq-100 Top1 PIT membership,1,2020-09-04,3.220650867310256,-0.02840909090909094,PDD
Nasdaq-100 Top1 PIT membership,1,2020-09-08,3.074497457726841,-0.045380084835297874,PDD
Nasdaq-100 Top1 PIT membership,1,2020-09-09,3.152471098808333,0.025361426429391987,PDD
Nasdaq-100 Top1 PIT membership,1,2020-09-10,3.187125986536258,0.010992927973558553,PDD
Nasdaq-100 Top1 PIT membership,1,2020-09-11,3.2089737456032505,0.006855003272316917,PDD
Nasdaq-100 Top1 PIT membership,1,2020-09-14,3.2296912103289928,0.006456102906459815,PDD
Nasdaq-100 Top1 PIT membership,1,2020-09-15,3.2413686194233216,0.003615642590530932,PDD
Nasdaq-100 Top1 PIT membership,1,2020-09-16,3.1234662458500417,-0.03637425649979176,PDD
Nasdaq-100 Top1 PIT membership,1,2020-09-17,3.014981267463238,-0.034732239713152424,PDD
Nasdaq-100 Top1 PIT membership,1,2020-09-18,3.081277786837724,0.021989031935268688,PDD
Nasdaq-100 Top1 PIT membership,1,2020-09-21,2.934370847693476,-0.0476772784887457,PDD
Nasdaq-100 Top1 PIT membership,1,2020-09-22,3.0002906022875453,0.0224646978911629,PDD
Nasdaq-100 Top1 PIT membership,1,2020-09-23,2.9995370727267123,-0.00025115219181048865,PDD
Nasdaq-100 Top1 PIT membership,1,2020-09-24,2.8477333409863412,-0.050609053350480826,PDD
Nasdaq-100 Top1 PIT membership,1,2020-09-25,2.825132339745839,-0.0079364879131113,PDD
Nasdaq-100 Top1 PIT membership,1,2020-09-28,2.8481101057667577,0.00813334147135425,PDD
Nasdaq-100 Top1 PIT membership,1,2020-09-29,2.8285223606076193,-0.0068774536207283354,PDD
Nasdaq-100 Top1 PIT membership,1,2020-09-30,2.7776700359696584,-0.017978406445065764,PDD
Nasdaq-100 Top1 PIT membership,1,2020-10-01,2.8206120245428092,0.015459715523107542,PDD
Nasdaq-100 Top1 PIT membership,1,2020-10-02,2.6966551277649935,-0.04394680860013278,TSLA
Nasdaq-100 Top1 PIT membership,1,2020-10-05,2.7091980503855098,0.004651289106780254,TSLA
Nasdaq-100 Top1 PIT membership,1,2020-10-06,2.7120138145032295,0.001039334912159351,TSLA
Nasdaq-100 Top1 PIT membership,1,2020-10-07,2.686927969262197,-0.009249895817963427,TSLA
Nasdaq-100 Top1 PIT membership,1,2020-10-08,2.805765401441462,0.04422799328405391,TSLA
Nasdaq-100 Top1 PIT membership,1,2020-10-09,2.7525860694491358,-0.018953591759669264,TSLA
Nasdaq-100 Top1 PIT membership,1,2020-10-12,2.8285472532590794,0.027596297406658588,TSLA
Nasdaq-100 Top1 PIT membership,1,2020-10-13,2.8371867159473636,0.0030543816011310287,TSLA
Nasdaq-100 Top1 PIT membership,1,2020-10-14,2.878334896013478,0.014503162528862523,TSLA
Nasdaq-100 Top1 PIT membership,1,2020-10-15,2.881726585251405,0.001178351151085666,TSLA
Nasdaq-100 Top1 PIT membership,1,2020-10-16,2.9081561581253945,0.009171436668993893,TSLA
Nasdaq-100 Top1 PIT membership,1,2020-10-19,2.8556810601050824,-0.018044112890463815,TSLA
Nasdaq-100 Top1 PIT membership,1,2020-10-20,2.762953307498043,-0.032471326683669366,TSLA
Nasdaq-100 Top1 PIT membership,1,2020-10-21,2.7050382656922487,-0.020961281411678412,TSLA
Nasdaq-100 Top1 PIT membership,1,2020-10-22,2.8280354825647747,0.04546967724356743,TSLA
Nasdaq-100 Top1 PIT membership,1,2020-10-23,2.6995347533660317,-0.045438160161344276,TSLA
Nasdaq-100 Top1 PIT membership,1,2020-10-26,2.63419683942344,-0.024203397960008588,TSLA
Nasdaq-100 Top1 PIT membership,1,2020-10-27,2.7118216441681033,0.029468110956223592,TSLA
Nasdaq-100 Top1 PIT membership,1,2020-10-28,2.665233813259091,-0.01717953354683255,TSLA
Nasdaq-100 Top1 PIT membership,1,2020-10-29,2.6235097080727687,-0.015654951163665887,TSLA
Nasdaq-100 Top1 PIT membership,1,2020-10-30,2.6039273751579533,-0.007464173985923805,TSLA
Nasdaq-100 Top1 PIT membership,1,2020-11-02,2.5213746902646963,-0.03170314413559616,TSLA
Nasdaq-100 Top1 PIT membership,1,2020-11-03,2.622037671588006,0.03992384857037723,TSLA
Nasdaq-100 Top1 PIT membership,1,2020-11-04,2.7557217268686185,0.05098479580564086,TSLA
Nasdaq-100 Top1 PIT membership,1,2020-11-05,2.740875103767271,-0.005387562523672451,TSLA
Nasdaq-100 Top1 PIT membership,1,2020-11-06,2.7907907624308916,0.018211577242251087,TSLA
Nasdaq-100 Top1 PIT membership,1,2020-11-09,2.8125487799173157,0.007796362872962925,TSLA
Nasdaq-100 Top1 PIT membership,1,2020-11-10,2.688335851321056,-0.044163830858041764,TSLA
Nasdaq-100 Top1 PIT membership,1,2020-11-11,2.6650419358665496,-0.00866480854431173,TSLA
Nasdaq-100 Top1 PIT membership,1,2020-11-12,2.656082872819086,-0.0033616968374460265,TSLA
Nasdaq-100 Top1 PIT membership,1,2020-11-13,2.629205097791527,-0.010119328467726452,TSLA
Nasdaq-100 Top1 PIT membership,1,2020-11-16,2.616918206989455,-0.004673234055567854,TSLA
Nasdaq-100 Top1 PIT membership,1,2020-11-17,2.9448249531390687,0.12530263470742664,TSLA
Nasdaq-100 Top1 PIT membership,1,2020-11-18,2.8691836626308884,-0.025686175481347218,TSLA
Nasdaq-100 Top1 PIT membership,1,2020-11-19,3.148518770692422,0.09735699798506392,TSLA
Nasdaq-100 Top1 PIT membership,1,2020-11-20,3.186851479583401,0.012174838926733988,TSLA
Nasdaq-100 Top1 PIT membership,1,2020-11-23,3.222112099595632,0.011064406433160867,TSLA
Nasdaq-100 Top1 PIT membership,1,2020-11-24,3.45825106598608,0.07328701146682115,TSLA
Nasdaq-100 Top1 PIT membership,1,2020-11-25,3.5200695677241063,0.01787565464695362,TSLA
Nasdaq-100 Top1 PIT membership,1,2020-11-27,3.7190918298898943,0.056539297970314095,TSLA
Nasdaq-100 Top1 PIT membership,1,2020-11-30,3.8537997195017,0.03622064089119137,TSLA
Nasdaq-100 Top1 PIT membership,1,2020-12-01,3.8242344892082283,-0.0076717090781496244,TSLA
Nasdaq-100 Top1 PIT membership,1,2020-12-02,3.560897854488457,-0.06885996019932672,TSLA
Nasdaq-100 Top1 PIT membership,1,2020-12-03,3.7757908670293703,0.060347985626727274,TSLA
Nasdaq-100 Top1 PIT membership,1,2020-12-04,3.7821260433516546,0.001677840893573812,TSLA
Nasdaq-100 Top1 PIT membership,1,2020-12-07,3.871142213419003,0.023536013619594787,TSLA
Nasdaq-100 Top1 PIT membership,1,2020-12-08,4.002906323003867,0.03403752751012701,TSLA
Nasdaq-100 Top1 PIT membership,1,2020-12-09,4.183242363619396,0.0450512767633795,TSLA
Nasdaq-100 Top1 PIT membership,1,2020-12-10,3.675639656400365,-0.12134193123341919,TSLA
Nasdaq-100 Top1 PIT membership,1,2020-12-11,3.9357123248488457,0.07075575757150676,TSLA
Nasdaq-100 Top1 PIT membership,1,2020-12-14,3.9612460793008646,0.006487708537742165,TSLA
Nasdaq-100 Top1 PIT membership,1,2020-12-15,4.116624290584582,0.03922457938062274,TSLA
Nasdaq-100 Top1 PIT membership,1,2020-12-16,4.020312971347074,-0.02339570299329674,TSLA
Nasdaq-100 Top1 PIT membership,1,2020-12-17,4.02005693952863,-6.368454900618215e-05,TSLA
Nasdaq-100 Top1 PIT membership,1,2020-12-18,4.280577517188097,0.06480519594083511,TSLA
Nasdaq-100 Top1 PIT membership,1,2020-12-21,4.2635552095151406,-0.003976638106565122,TSLA
Nasdaq-100 Top1 PIT membership,1,2020-12-22,4.146829600424165,-0.02737752963312745,TSLA
Nasdaq-100 Top1 PIT membership,1,2020-12-23,4.0457187098898695,-0.02438269721137165,TSLA
Nasdaq-100 Top1 PIT membership,1,2020-12-24,4.114768499314737,0.01706737278992554,TSLA
Nasdaq-100 Top1 PIT membership,1,2020-12-28,4.316478509689023,0.04902098633443841,TSLA
Nasdaq-100 Top1 PIT membership,1,2020-12-29,4.230022071920949,-0.02002939145277982,TSLA
Nasdaq-100 Top1 PIT membership,1,2020-12-30,4.3004158819213565,0.016641475813491402,TSLA
Nasdaq-100 Top1 PIT membership,1,2020-12-31,4.479535917870566,0.041651793888636934,TSLA
Nasdaq-100 Top1 PIT membership,1,2021-01-04,4.604132894194493,0.027814706391093402,TSLA
Nasdaq-100 Top1 PIT membership,1,2021-01-05,4.631010376279468,0.005837685988357544,TSLA
Nasdaq-100 Top1 PIT membership,1,2021-01-06,4.85390247901997,0.04813033973799308,TSLA
Nasdaq-100 Top1 PIT membership,1,2021-01-07,4.976387339313023,0.025234305967717585,TSLA
Nasdaq-100 Top1 PIT membership,1,2021-01-08,5.4779109020282135,0.10078065241288559,TSLA
Nasdaq-100 Top1 PIT membership,1,2021-01-11,5.435674440262419,-0.007710322880599696,TSLA
Nasdaq-100 Top1 PIT membership,1,2021-01-12,5.317924996840251,-0.021662342864022577,TSLA
Nasdaq-100 Top1 PIT membership,1,2021-01-13,5.457176425930399,0.026185293920633956,TSLA
Nasdaq-100 Top1 PIT membership,1,2021-01-14,5.397214008404802,-0.01098780996719817,TSLA
Nasdaq-100 Top1 PIT membership,1,2021-01-15,5.452312993150293,0.010208782653363002,TSLA
Nasdaq-100 Top1 PIT membership,1,2021-01-19,5.361441031813099,-0.016666680994168126,TSLA
Nasdaq-100 Top1 PIT membership,1,2021-01-20,5.495445273338059,0.024994071692632902,TSLA
Nasdaq-100 Top1 PIT membership,1,2021-01-21,5.4715112783374416,-0.004355242170591023,TSLA
Nasdaq-100 Top1 PIT membership,1,2021-01-22,5.3391070892064665,-0.024198833264802655,TSLA
Nasdaq-100 Top1 PIT membership,1,2021-01-25,5.4715112783374416,0.02479893864624727,TSLA
Nasdaq-100 Top1 PIT membership,1,2021-01-26,5.704322709915866,0.04254974900630493,TSLA
Nasdaq-100 Top1 PIT membership,1,2021-01-27,5.569742543270698,-0.023592663579714013,TSLA
Nasdaq-100 Top1 PIT membership,1,2021-01-28,5.2475314797824275,-0.05785026165662954,TSLA
Nasdaq-100 Top1 PIT membership,1,2021-01-29,5.311525373149479,0.012195047064244458,TSLA
Nasdaq-100 Top1 PIT membership,1,2021-02-01,5.210990407735392,-0.018927701244223716,TSLA
Nasdaq-100 Top1 PIT membership,1,2021-02-02,5.405469130422837,0.03732087520229421,TSLA
Nasdaq-100 Top1 PIT membership,1,2021-02-03,5.612426621304897,0.03828668444654881,TSLA
Nasdaq-100 Top1 PIT membership,1,2021-02-04,5.471511278337443,-0.025107739036183574,TSLA
Nasdaq-100 Top1 PIT membership,1,2021-02-05,5.407516799085224,-0.011695942125822367,TSLA
Nasdaq-100 Top1 PIT membership,1,2021-02-08,5.565391174127481,0.029195355448357496,TSLA
Nasdaq-100 Top1 PIT membership,1,2021-02-09,5.472279373792776,-0.016730504185863193,TSLA
Nasdaq-100 Top1 PIT membership,1,2021-02-10,5.398813474913619,-0.013425100193347417,TSLA
Nasdaq-100 Top1 PIT membership,1,2021-02-11,5.199151426144305,-0.03698257954216666,TSLA
Nasdaq-100 Top1 PIT membership,1,2021-02-12,5.127606058846066,-0.013760970095709868,TSLA
Nasdaq-100 Top1 PIT membership,1,2021-02-16,5.234732232400884,0.02089204442100323,TSLA
Nasdaq-100 Top1 PIT membership,1,2021-02-17,4.985730450088155,-0.04756724341533791,TSLA
Nasdaq-100 Top1 PIT membership,1,2021-02-18,4.997313399860798,0.0023232202158938176,TSLA
Nasdaq-100 Top1 PIT membership,1,2021-02-19,5.087545574594465,0.018056136870699513,TSLA
Nasdaq-100 Top1 PIT membership,1,2021-02-22,4.880460067803185,-0.04070440328346103,TSLA
Nasdaq-100 Top1 PIT membership,1,2021-02-23,4.237253652550377,-0.1317921684261072,TSLA
Nasdaq-100 Top1 PIT membership,1,2021-02-24,4.555433240197194,0.07509099377501438,TSLA
Nasdaq-100 Top1 PIT membership,1,2021-02-25,4.646944988137915,0.020088484039941568,TSLA
Nasdaq-100 Top1 PIT membership,1,2021-02-26,4.479599779353888,-0.036011876450270486,TSLA
Nasdaq-100 Top1 PIT membership,1,2021-03-01,4.416309534073683,-0.014128549066348417,TSLA
Nasdaq-100 Top1 PIT membership,1,2021-03-02,4.596581420263308,0.04081957679794668,TSLA
Nasdaq-100 Top1 PIT membership,1,2021-03-03,4.402742777121974,-0.04217017505375342,TSLA
Nasdaq-100 Top1 PIT membership,1,2021-03-04,4.1967452590877885,-0.04678845175889279,TSLA
Nasdaq-100 Top1 PIT membership,1,2021-03-05,4.0064260281510204,-0.045349245471748345,TSLA
Nasdaq-100 Top1 PIT membership,1,2021-03-08,3.843176742576935,-0.040746861274117974,TSLA
Nasdaq-100 Top1 PIT membership,1,2021-03-09,3.892004412483459,0.012705028463974255,TSLA
Nasdaq-100 Top1 PIT membership,1,2021-03-10,4.481519725049637,0.15146830529670763,TSLA
Nasdaq-100 Top1 PIT membership,1,2021-03-11,4.475760180904974,-0.0012851765691155315,TSLA
Nasdaq-100 Top1 PIT membership,1,2021-03-12,4.287616927482399,-0.042036044340636125,TSLA
Nasdaq-100 Top1 PIT membership,1,2021-03-15,4.441779134099798,0.03595521923361744,TSLA
Nasdaq-100 Top1 PIT membership,1,2021-03-16,4.501037903538549,0.01334122378661684,TSLA
Nasdaq-100 Top1 PIT membership,1,2021-03-17,4.203592499046963,-0.06608373687716462,TSLA
Nasdaq-100 Top1 PIT membership,1,2021-03-18,4.3790648139398005,0.04174341707304419,TSLA
Nasdaq-100 Top1 PIT membership,1,2021-03-19,4.137870537376705,-0.055078946489968694,TSLA
Nasdaq-100 Top1 PIT membership,1,2021-03-22,4.380984759635549,0.05875346269604931,TSLA
Nasdaq-100 Top1 PIT membership,1,2021-03-23,4.3245417543145175,-0.012883634255264287,TSLA
Nasdaq-100 Top1 PIT membership,1,2021-03-24,4.274242340865814,-0.011631154537592447,TSLA
Nasdaq-100 Top1 PIT membership,1,2021-03-25,3.9228495089265687,-0.08221172407085953,TSLA
Nasdaq-100 Top1 PIT membership,1,2021-03-26,4.107601073111217,0.04709626605972028,TSLA
Nasdaq-100 Top1 PIT membership,1,2021-03-29,3.9397440936328865,-0.04086496631261005,TSLA
Nasdaq-100 Top1 PIT membership,1,2021-03-30,3.85085593947476,-0.022561910633175586,TSLA
Nasdaq-100 Top1 PIT membership,1,2021-03-31,4.137998260343341,0.07456584338175642,TSLA
Nasdaq-100 Top1 PIT membership,1,2021-04-01,4.405174493512025,0.06456654071829293,TSLA
Nasdaq-100 Top1 PIT membership,1,2021-04-05,4.490772697758349,0.019431285723730873,PDD
Nasdaq-100 Top1 PIT membership,1,2021-04-06,4.48733626132215,-0.0007652216372282528,PDD
Nasdaq-100 Top1 PIT membership,1,2021-04-07,4.557938846563072,0.015733740715949907,PDD
Nasdaq-100 Top1 PIT membership,1,2021-04-08,4.456408333396362,-0.022275532117608354,PDD
Nasdaq-100 Top1 PIT membership,1,2021-04-09,4.320513932554645,-0.03049415373885811,PDD
Nasdaq-100 Top1 PIT membership,1,2021-04-12,4.248036537422812,-0.016775179125270934,PDD
Nasdaq-100 Top1 PIT membership,1,2021-04-13,4.154941000360767,-0.02191495676694999,PDD
Nasdaq-100 Top1 PIT membership,1,2021-04-14,4.233353625076053,0.01887213914914243,PDD
Nasdaq-100 Top1 PIT membership,1,2021-04-15,4.212735483145841,-0.004870403882180185,PDD
Nasdaq-100 Top1 PIT membership,1,2021-04-16,4.194616134362883,-0.004301088652598595,PDD
Nasdaq-100 Top1 PIT membership,1,2021-04-19,4.154628770389107,-0.00953302106626508,PDD
Nasdaq-100 Top1 PIT membership,1,2021-04-20,4.129948778705414,-0.005940360269873657,PDD
Nasdaq-100 Top1 PIT membership,1,2021-04-21,3.873779579283725,-0.06202720981493348,PDD
Nasdaq-100 Top1 PIT membership,1,2021-04-22,4.0496618207861985,0.04540326518397175,PDD
Nasdaq-100 Top1 PIT membership,1,2021-04-23,4.248349244081456,0.04906271982401833,PDD
Nasdaq-100 Top1 PIT membership,1,2021-04-26,4.223981959056403,-0.005735706653354655,PDD
Nasdaq-100 Top1 PIT membership,1,2021-04-27,4.451722500386539,0.05391607813140609,PDD
Nasdaq-100 Top1 PIT membership,1,2021-04-28,4.4154838028206225,-0.008140376576206143,PDD
Nasdaq-100 Top1 PIT membership,1,2021-04-29,4.467342579335263,0.011744755236450688,PDD
Nasdaq-100 Top1 PIT membership,1,2021-04-30,4.230854355241821,-0.05293711415537583,PDD
Nasdaq-100 Top1 PIT membership,1,2021-05-03,4.156503103593037,-0.017573578621695174,PDD
Nasdaq-100 Top1 PIT membership,1,2021-05-04,4.024609545187265,-0.0317318561104305,AMAT
Nasdaq-100 Top1 PIT membership,1,2021-05-05,4.078481180179021,0.013385555638851354,AMAT
Nasdaq-100 Top1 PIT membership,1,2021-05-06,4.0137726768761715,-0.01586583349147863,AMAT
Nasdaq-100 Top1 PIT membership,1,2021-05-07,4.103869379765214,0.022446887290877404,AMAT
Nasdaq-100 Top1 PIT membership,1,2021-05-10,4.08436339126775,-0.004753072452461815,AMAT
Nasdaq-100 Top1 PIT membership,1,2021-05-11,3.715309201325778,-0.09035782436278805,AMAT
Nasdaq-100 Top1 PIT membership,1,2021-05-12,3.6945660410781707,-0.0055831585269418005,AMAT
Nasdaq-100 Top1 PIT membership,1,2021-05-13,3.6685588860556413,-0.007039298995705545,AMAT
Nasdaq-100 Top1 PIT membership,1,2021-05-14,3.7738259177787863,0.02869438245172229,AMAT
Nasdaq-100 Top1 PIT membership,1,2021-05-17,3.7772311140878085,0.0009023193923651807,AMAT
Nasdaq-100 Top1 PIT membership,1,2021-05-18,3.8806406567156166,0.02737707582735016,AMAT
Nasdaq-100 Top1 PIT membership,1,2021-05-19,3.666391249342989,-0.05520980330963132,AMAT
Nasdaq-100 Top1 PIT membership,1,2021-05-20,3.9261533972832874,0.07084954394511156,AMAT
Nasdaq-100 Top1 PIT membership,1,2021-05-21,4.020274741476634,0.02397291564269355,AMAT
Nasdaq-100 Top1 PIT membership,1,2021-05-24,4.030801612692501,0.002618445726423113,AMAT
Nasdaq-100 Top1 PIT membership,1,2021-05-25,4.22461732070622,0.04808366340913861,AMAT
Nasdaq-100 Top1 PIT membership,1,2021-05-26,4.279145261836535,0.012907190637849286,AMAT
Nasdaq-100 Top1 PIT membership,1,2021-05-27,4.216186325563652,-0.014712970095776101,AMAT
Nasdaq-100 Top1 PIT membership,1,2021-05-28,4.316364213980164,0.023760308648864026,AMAT
Nasdaq-100 Top1 PIT membership,1,2021-06-01,4.311092217578592,-0.001221397486453335,AMAT
Nasdaq-100 Top1 PIT membership,1,2021-06-02,4.281627082441634,-0.006834726247982537,AMAT
Nasdaq-100 Top1 PIT membership,1,2021-06-03,4.26146791748262,-0.004708295367825022,AMAT
Nasdaq-100 Top1 PIT membership,1,2021-06-04,4.271701642732336,0.0024014554251909903,AMAT
Nasdaq-100 Top1 PIT membership,1,2021-06-07,4.32535841492733,0.012560983112264612,AMAT
Nasdaq-100 Top1 PIT membership,1,2021-06-08,4.352653214407384,0.006310413348835198,AMAT
Nasdaq-100 Top1 PIT membership,1,2021-06-09,4.244408732883927,-0.024868620630094318,AMAT
Nasdaq-100 Top1 PIT membership,1,2021-06-10,4.214014254905027,-0.007161062916352989,AMAT
Nasdaq-100 Top1 PIT membership,1,2021-06-11,4.2468898574776635,0.00780149296703736,AMAT
Nasdaq-100 Top1 PIT membership,1,2021-06-14,4.2428599809536145,-0.0009489006447750414,AMAT
Nasdaq-100 Top1 PIT membership,1,2021-06-15,4.315123732819456,0.017031849316318848,AMAT
Nasdaq-100 Top1 PIT membership,1,2021-06-16,4.326908728943844,0.002731091123704177,AMAT
Nasdaq-100 Top1 PIT membership,1,2021-06-17,4.235105241476312,-0.02121687634717928,AMAT
Nasdaq-100 Top1 PIT membership,1,2021-06-18,4.19478644513465,-0.00952014036081128,AMAT
Nasdaq-100 Top1 PIT membership,1,2021-06-21,4.068865292746734,-0.030018489387932057,AMAT
Nasdaq-100 Top1 PIT membership,1,2021-06-22,4.119418419963322,0.012424379668382057,AMAT
Nasdaq-100 Top1 PIT membership,1,2021-06-23,4.165320975293356,0.011142969868654928,AMAT
Nasdaq-100 Top1 PIT membership,1,2021-06-24,4.2490612472036675,0.020104158216621926,AMAT
Nasdaq-100 Top1 PIT membership,1,2021-06-25,4.3020971351088635,0.012481789463519632,AMAT
Nasdaq-100 Top1 PIT membership,1,2021-06-28,4.304267390175348,0.0005044644503198192,AMAT
Nasdaq-100 Top1 PIT membership,1,2021-06-29,4.356064113019245,0.012033806952171267,AMAT
Nasdaq-100 Top1 PIT membership,1,2021-06-30,4.403827592546666,0.010964824733563416,AMAT
Nasdaq-100 Top1 PIT membership,1,2021-07-01,4.394831462483251,-0.0020427979693484755,AMAT
Nasdaq-100 Top1 PIT membership,1,2021-07-02,4.339934857140199,-0.012491174192157173,AMAT
Nasdaq-100 Top1 PIT membership,1,2021-07-06,4.319775387207456,-0.004645108877516013,AMAT
Nasdaq-100 Top1 PIT membership,1,2021-07-07,4.295894631363093,-0.0055282401754229715,AMAT
Nasdaq-100 Top1 PIT membership,1,2021-07-08,4.082820948797877,-0.04959937355297939,AMAT
Nasdaq-100 Top1 PIT membership,1,2021-07-09,4.138028011084123,0.013521793627149226,AMAT
Nasdaq-100 Top1 PIT membership,1,2021-07-12,4.217737330848378,0.01926263417036922,AMAT
Nasdaq-100 Top1 PIT membership,1,2021-07-13,4.2180463971548665,7.327775113652457e-05,AMAT
Nasdaq-100 Top1 PIT membership,1,2021-07-14,4.285970375101941,0.01610318416433043,AMAT
Nasdaq-100 Top1 PIT membership,1,2021-07-15,4.186411026948898,-0.023229126531392752,AMAT
Nasdaq-100 Top1 PIT membership,1,2021-07-16,4.156016732958495,-0.007260226909098999,AMAT
Nasdaq-100 Top1 PIT membership,1,2021-07-19,3.882773534753859,-0.06574641435818418,AMAT
Nasdaq-100 Top1 PIT membership,1,2021-07-20,4.00714483571742,0.032031561936420205,AMAT
Nasdaq-100 Top1 PIT membership,1,2021-07-21,4.119418805972324,0.028018445765712663,AMAT
Nasdaq-100 Top1 PIT membership,1,2021-07-22,4.249061150555676,0.031471027999240286,AMAT
Nasdaq-100 Top1 PIT membership,1,2021-07-23,4.278525581142958,0.006934339032383496,AMAT
Nasdaq-100 Top1 PIT membership,1,2021-07-26,4.2872098876091655,0.0020297427937518986,AMAT
Nasdaq-100 Top1 PIT membership,1,2021-07-27,4.268601582871875,-0.004340423078205813,AMAT
Nasdaq-100 Top1 PIT membership,1,2021-07-28,4.206571076555295,-0.014531809800540363,AMAT
Nasdaq-100 Top1 PIT membership,1,2021-07-29,4.199748836377584,-0.0016218055165486689,AMAT
Nasdaq-100 Top1 PIT membership,1,2021-07-30,4.233554225178848,0.008049383455612125,AMAT
Nasdaq-100 Top1 PIT membership,1,2021-08-02,4.374361536712787,0.03325983418294132,AMAT
Nasdaq-100 Top1 PIT membership,1,2021-08-03,4.383242797165201,0.002030298679676079,NVDA
Nasdaq-100 Top1 PIT membership,1,2021-08-04,4.438755414843257,0.01266473710148075,NVDA
Nasdaq-100 Top1 PIT membership,1,2021-08-05,4.551999912997817,0.02551266910897354,NVDA
Nasdaq-100 Top1 PIT membership,1,2021-08-06,4.557330089820328,0.0011709527514029983,NVDA
Nasdaq-100 Top1 PIT membership,1,2021-08-09,4.540008741989742,-0.003800766564896585,NVDA
Nasdaq-100 Top1 PIT membership,1,2021-08-10,4.512474911855463,-0.006064708616004055,NVDA
Nasdaq-100 Top1 PIT membership,1,2021-08-11,4.450523031727966,-0.013729024833962766,NVDA
Nasdaq-100 Top1 PIT membership,1,2021-08-12,4.412109309920541,-0.00863128255568435,NVDA
Nasdaq-100 Top1 PIT membership,1,2021-08-13,4.41988103141756,0.0017614526184890344,NVDA
Nasdaq-100 Top1 PIT membership,1,2021-08-16,4.47095249482988,0.011554940743719433,NVDA
Nasdaq-100 Top1 PIT membership,1,2021-08-17,4.371030567251219,-0.022349136497023525,NVDA
Nasdaq-100 Top1 PIT membership,1,2021-08-18,4.329951719970405,-0.009397977581896977,NVDA
Nasdaq-100 Top1 PIT membership,1,2021-08-19,4.328619414627523,-0.00030769519593887296,NVDA
Nasdaq-100 Top1 PIT membership,1,2021-08-20,4.438977114473927,0.025494895548792362,NVDA
Nasdaq-100 Top1 PIT membership,1,2021-08-23,4.656585414885124,0.049022172180535506,NVDA
Nasdaq-100 Top1 PIT membership,1,2021-08-24,4.830227179287177,0.037289504847692445,NVDA
Nasdaq-100 Top1 PIT membership,1,2021-08-25,4.826674762606734,-0.0007354554037699579,NVDA
Nasdaq-100 Top1 PIT membership,1,2021-08-26,4.929482894143533,0.02129999152486417,NVDA
Nasdaq-100 Top1 PIT membership,1,2021-08-27,4.925930626250829,-0.0007206167399270713,NVDA
Nasdaq-100 Top1 PIT membership,1,2021-08-30,5.069373409127786,0.029119935654906337,NVDA
Nasdaq-100 Top1 PIT membership,1,2021-08-31,5.040285458991384,-0.005737977416306772,NVDA
Nasdaq-100 Top1 PIT membership,1,2021-09-01,4.993646746034685,-0.009253188799753564,NVDA
Nasdaq-100 Top1 PIT membership,1,2021-09-02,5.000977236931996,0.0014679634483820703,NVDA
Nasdaq-100 Top1 PIT membership,1,2021-09-03,4.958114230101754,-0.008570926200923368,NVDA
Nasdaq-100 Top1 PIT membership,1,2021-09-07,5.070933862827066,0.022754544871185223,NVDA
Nasdaq-100 Top1 PIT membership,1,2021-09-08,4.999865256730327,-0.014014895090175505,NVDA
Nasdaq-100 Top1 PIT membership,1,2021-09-09,4.95522545894154,-0.00892820016073359,NVDA
Nasdaq-100 Top1 PIT membership,1,2021-09-10,4.963221285241063,0.0016136150344268074,NVDA
Nasdaq-100 Top1 PIT membership,1,2021-09-13,5.037842254246827,0.015034785820987162,NVDA
Nasdaq-100 Top1 PIT membership,1,2021-09-14,4.94700844203675,-0.018030300995134474,NVDA
Nasdaq-100 Top1 PIT membership,1,2021-09-15,4.9545597310756095,0.0015264354462574126,NVDA
Nasdaq-100 Top1 PIT membership,1,2021-09-16,4.92657656305272,-0.005647962592392641,NVDA
Nasdaq-100 Top1 PIT membership,1,2021-09-17,4.95256086934581,0.0052743128946703965,NVDA
Nasdaq-100 Top1 PIT membership,1,2021-09-20,4.6962717740502296,-0.05174880270162818,NVDA
Nasdaq-100 Top1 PIT membership,1,2021-09-21,4.756457629932259,0.012815667145712029,NVDA
Nasdaq-100 Top1 PIT membership,1,2021-09-22,4.74513004788737,-0.002381516440639664,NVDA
Nasdaq-100 Top1 PIT membership,1,2021-09-23,4.917025875179625,0.03622573576645949,NVDA
Nasdaq-100 Top1 PIT membership,1,2021-09-24,4.901480401673424,-0.00316156024003722,NVDA
Nasdaq-100 Top1 PIT membership,1,2021-09-27,4.821528761571388,-0.0163117330989917,NVDA
Nasdaq-100 Top1 PIT membership,1,2021-09-28,4.71137398046153,-0.02284644281038306,NVDA
Nasdaq-100 Top1 PIT membership,1,2021-09-29,4.65052128517802,-0.012916125006393164,NVDA
Nasdaq-100 Top1 PIT membership,1,2021-09-30,4.612322435614534,-0.00821388554552649,NVDA
Nasdaq-100 Top1 PIT membership,1,2021-10-01,4.608323978065555,-0.0008669076381356833,NVDA
Nasdaq-100 Top1 PIT membership,1,2021-10-04,4.553691094858373,-0.011855260929400813,NVDA
Nasdaq-100 Top1 PIT membership,1,2021-10-05,4.430654289520695,-0.02701913739309214,NVDA
Nasdaq-100 Top1 PIT membership,1,2021-10-06,4.468409422666123,0.008521344857513657,NVDA
Nasdaq-100 Top1 PIT membership,1,2021-10-07,4.684278398169682,0.04831002602594081,NVDA
Nasdaq-100 Top1 PIT membership,1,2021-10-08,4.6862769849626655,0.00042665841418920714,NVDA
Nasdaq-100 Top1 PIT membership,1,2021-10-11,4.569459191529539,-0.02492763313136881,NVDA
Nasdaq-100 Top1 PIT membership,1,2021-10-12,4.625648119875117,0.012296625484638612,NVDA
Nasdaq-100 Top1 PIT membership,1,2021-10-13,4.645635389926691,0.004320966388622338,NVDA
Nasdaq-100 Top1 PIT membership,1,2021-10-14,4.727808763303401,0.01768829589056642,NVDA
Nasdaq-100 Top1 PIT membership,1,2021-10-15,4.843738241223938,0.02452076294209804,NVDA
Nasdaq-100 Top1 PIT membership,1,2021-10-18,4.830190349696139,-0.002796990847378167,NVDA
Nasdaq-100 Top1 PIT membership,1,2021-10-19,4.947230870916176,0.024231037028882296,NVDA
Nasdaq-100 Top1 PIT membership,1,2021-10-20,4.953670914274221,0.0013017470835865463,NVDA
Nasdaq-100 Top1 PIT membership,1,2021-10-21,4.907476376609476,-0.009325314189045808,NVDA
Nasdaq-100 Top1 PIT membership,1,2021-10-22,5.068712841169435,0.03285527064958704,NVDA
Nasdaq-100 Top1 PIT membership,1,2021-10-25,5.102027908118032,0.006572687779430542,NVDA
Nasdaq-100 Top1 PIT membership,1,2021-10-26,5.327668742416442,0.04422571541394049,NVDA
Nasdaq-100 Top1 PIT membership,1,2021-10-27,5.435380202408223,0.0202173718373726,NVDA
Nasdaq-100 Top1 PIT membership,1,2021-10-28,5.52510313816437,0.016507205092367583,NVDA
Nasdaq-100 Top1 PIT membership,1,2021-10-29,5.5524211880609,0.004944351121308754,NVDA
Nasdaq-100 Top1 PIT membership,1,2021-11-01,5.696332896358326,0.025918730482275443,NVDA
Nasdaq-100 Top1 PIT membership,1,2021-11-02,5.727027226398528,0.005388436841502919,DXCM
Nasdaq-100 Top1 PIT membership,1,2021-11-03,5.875957747522663,0.02600485648778572,DXCM
Nasdaq-100 Top1 PIT membership,1,2021-11-04,5.626317033289806,-0.04248511050613102,DXCM
Nasdaq-100 Top1 PIT membership,1,2021-11-05,5.748912553092113,0.021789657261923612,DXCM
Nasdaq-100 Top1 PIT membership,1,2021-11-08,5.788415332209547,0.006871348059762417,DXCM
Nasdaq-100 Top1 PIT membership,1,2021-11-09,5.758538549513222,-0.005161478743599401,DXCM
Nasdaq-100 Top1 PIT membership,1,2021-11-10,5.738559909506376,-0.0034693941587895516,DXCM
Nasdaq-100 Top1 PIT membership,1,2021-11-11,5.652652588881018,-0.014970187987938588,DXCM
Nasdaq-100 Top1 PIT membership,1,2021-11-12,5.81157270714327,0.02811425534533174,DXCM
Nasdaq-100 Top1 PIT membership,1,2021-11-15,5.902747249740749,0.01568844565695815,DXCM
Nasdaq-100 Top1 PIT membership,1,2021-11-16,5.84798765151308,-0.009276968149038445,DXCM
Nasdaq-100 Top1 PIT membership,1,2021-11-17,5.878137134747159,0.005155531275152114,DXCM
Nasdaq-100 Top1 PIT membership,1,2021-11-18,5.966587997583404,0.015047430981728782,DXCM
Nasdaq-100 Top1 PIT membership,1,2021-11-19,5.9352579205578255,-0.005250920130276726,DXCM
Nasdaq-100 Top1 PIT membership,1,2021-11-22,5.799676423318414,-0.022843404457589034,DXCM
Nasdaq-100 Top1 PIT membership,1,2021-11-23,5.560024751954287,-0.04132155897535483,DXCM
Nasdaq-100 Top1 PIT membership,1,2021-11-24,5.357787372662351,-0.036373467442002316,DXCM
Nasdaq-100 Top1 PIT membership,1,2021-11-26,5.420810573161127,0.011762915568532373,DXCM
Nasdaq-100 Top1 PIT membership,1,2021-11-29,5.375586625444701,-0.008342654130054528,DXCM
Nasdaq-100 Top1 PIT membership,1,2021-11-30,5.194417579771858,-0.03370219071818148,DXCM
Nasdaq-100 Top1 PIT membership,1,2021-12-01,5.152734859160543,-0.00802452247459573,DXCM
Nasdaq-100 Top1 PIT membership,1,2021-12-02,4.87909438362019,-0.05310587154584023,TSLA
Nasdaq-100 Top1 PIT membership,1,2021-12-03,4.81574527209994,-0.012983784805008503,TSLA
Nasdaq-100 Top1 PIT membership,1,2021-12-06,4.446037408914386,-0.07677064344068596,TSLA
Nasdaq-100 Top1 PIT membership,1,2021-12-07,4.635552722463625,0.04262566778436372,TSLA
Nasdaq-100 Top1 PIT membership,1,2021-12-08,4.673331091478795,0.008149701077090343,TSLA
Nasdaq-100 Top1 PIT membership,1,2021-12-09,4.708535112833995,0.007532961107632463,TSLA
Nasdaq-100 Top1 PIT membership,1,2021-12-10,4.478178143513474,-0.048923277367655116,TSLA
Nasdaq-100 Top1 PIT membership,1,2021-12-13,4.444172693558537,-0.007593590264869943,TSLA
Nasdaq-100 Top1 PIT membership,1,2021-12-14,4.195170602845336,-0.056028896238462744,TSLA
Nasdaq-100 Top1 PIT membership,1,2021-12-15,4.231617496815659,0.008687821645585236,TSLA
Nasdaq-100 Top1 PIT membership,1,2021-12-16,4.414917634422949,0.04331680208459887,TSLA
Nasdaq-100 Top1 PIT membership,1,2021-12-17,4.06096962359974,-0.08017092053167418,TSLA
Nasdaq-100 Top1 PIT membership,1,2021-12-20,4.04290163729976,-0.004449180361995486,TSLA
Nasdaq-100 Top1 PIT membership,1,2021-12-21,4.070291981079499,0.0067749221319250985,TSLA
Nasdaq-100 Top1 PIT membership,1,2021-12-22,4.286887123471275,0.05321366216443568,TSLA
Nasdaq-100 Top1 PIT membership,1,2021-12-23,4.469521523556142,0.04260303451539915,TSLA
Nasdaq-100 Top1 PIT membership,1,2021-12-27,4.766379900015912,0.06641837943842743,TSLA
Nasdaq-100 Top1 PIT membership,1,2021-12-28,4.92539646894811,0.033362126449817175,TSLA
Nasdaq-100 Top1 PIT membership,1,2021-12-29,4.8772296682643415,-0.009779273808196653,TSLA
Nasdaq-100 Top1 PIT membership,1,2021-12-30,4.711598399590108,-0.033960112592601455,TSLA
Nasdaq-100 Top1 PIT membership,1,2021-12-31,4.765358533475098,0.011410168975706236,TSLA
Nasdaq-100 Top1 PIT membership,1,2022-01-03,5.095245700997018,0.0692260960438904,TSLA
Nasdaq-100 Top1 PIT membership,1,2022-01-04,5.280809671327082,0.03641904261726836,TSLA
Nasdaq-100 Top1 PIT membership,1,2022-01-05,5.090362406533083,-0.03606402742141224,TSLA
Nasdaq-100 Top1 PIT membership,1,2022-01-06,4.781162687052305,-0.060742181948370555,TSLA
Nasdaq-100 Top1 PIT membership,1,2022-01-07,4.7961230853813115,0.0031290293403987146,TSLA
Nasdaq-100 Top1 PIT membership,1,2022-01-10,4.439334106742629,-0.0743911222224849,TSLA
Nasdaq-100 Top1 PIT membership,1,2022-01-11,4.677592949635171,0.05366995075470116,TSLA
Nasdaq-100 Top1 PIT membership,1,2022-01-12,4.789375481994689,0.02389744758962764,TSLA
Nasdaq-100 Top1 PIT membership,1,2022-01-13,4.923532160025424,0.028011309310595367,TSLA
Nasdaq-100 Top1 PIT membership,1,2022-01-14,4.5275878168123675,-0.08041875839214829,TSLA
Nasdaq-100 Top1 PIT membership,1,2022-01-18,4.557464718688681,0.0065988564076817635,TSLA
Nasdaq-100 Top1 PIT membership,1,2022-01-19,4.624498553272604,0.01470858003772113,TSLA
Nasdaq-100 Top1 PIT membership,1,2022-01-20,4.482528604099572,-0.030699533698105297,TSLA
Nasdaq-100 Top1 PIT membership,1,2022-01-21,4.423086128150471,-0.01326092507133958,TSLA
Nasdaq-100 Top1 PIT membership,1,2022-01-24,4.016531847194507,-0.09191642875061223,TSLA
Nasdaq-100 Top1 PIT membership,1,2022-01-25,4.058439170721465,0.01043370876200811,TSLA
Nasdaq-100 Top1 PIT membership,1,2022-01-26,4.228154686259461,0.04181792763148029,TSLA
Nasdaq-100 Top1 PIT membership,1,2022-01-27,4.143496690390507,-0.020022445286610013,TSLA
Nasdaq-100 Top1 PIT membership,1,2022-01-28,3.6915726817845496,-0.10906826827062477,TSLA
Nasdaq-100 Top1 PIT membership,1,2022-01-31,3.8742509766511137,0.04948522231946284,TSLA
Nasdaq-100 Top1 PIT membership,1,2022-02-01,4.1517094853328915,0.07161603890763213,TSLA
Nasdaq-100 Top1 PIT membership,1,2022-02-02,4.106231433253793,-0.01095405452615672,DDOG
Nasdaq-100 Top1 PIT membership,1,2022-02-03,3.877156007301077,-0.05578726617734642,DDOG
Nasdaq-100 Top1 PIT membership,1,2022-02-04,3.982429593305893,0.0271522698097717,DDOG
Nasdaq-100 Top1 PIT membership,1,2022-02-07,4.231998157393604,0.06266741400958176,DDOG
Nasdaq-100 Top1 PIT membership,1,2022-02-08,4.189888722991678,-0.00995024875621886,DDOG
Nasdaq-100 Top1 PIT membership,1,2022-02-09,4.292944692806931,0.02459635007720906,DDOG
Nasdaq-100 Top1 PIT membership,1,2022-02-10,4.782649348798817,0.11407196948342069,DDOG
Nasdaq-100 Top1 PIT membership,1,2022-02-11,4.952630893388786,0.03554129357876956,DDOG
Nasdaq-100 Top1 PIT membership,1,2022-02-14,4.614913263754082,-0.06818954145876688,DDOG
Nasdaq-100 Top1 PIT membership,1,2022-02-15,4.749944114865435,0.029259672586242624,DDOG
Nasdaq-100 Top1 PIT membership,1,2022-02-16,4.6547768102514535,-0.020035457746996443,DDOG
Nasdaq-100 Top1 PIT membership,1,2022-02-17,4.781947267876526,0.027320420034962378,DDOG
Nasdaq-100 Top1 PIT membership,1,2022-02-18,4.701378020462489,-0.01684862732704595,DDOG
Nasdaq-100 Top1 PIT membership,1,2022-02-22,4.5169384921695785,-0.039230950476678794,DDOG
Nasdaq-100 Top1 PIT membership,1,2022-02-23,4.391873848952057,-0.02768792256842323,DDOG
Nasdaq-100 Top1 PIT membership,1,2022-02-24,4.035487463517947,-0.08114677189991393,DDOG
Nasdaq-100 Top1 PIT membership,1,2022-02-25,4.475952215899589,0.10914784307065228,DDOG
Nasdaq-100 Top1 PIT membership,1,2022-02-28,4.550626382378575,0.01668341458466127,DDOG
Nasdaq-100 Top1 PIT membership,1,2022-03-01,4.498410666585814,-0.011474401852667349,DDOG
Nasdaq-100 Top1 PIT membership,1,2022-03-02,4.511083012954895,0.002817071919025027,TSLA
Nasdaq-100 Top1 PIT membership,1,2022-03-03,4.545428575926134,0.0076135958643646084,TSLA
Nasdaq-100 Top1 PIT membership,1,2022-03-04,4.391960589307808,-0.0337631499549097,TSLA
Nasdaq-100 Top1 PIT membership,1,2022-03-07,4.429202417988812,0.008479545279087564,TSLA
Nasdaq-100 Top1 PIT membership,1,2022-03-08,4.114870454259174,-0.07096807372203318,TSLA
Nasdaq-100 Top1 PIT membership,1,2022-03-09,4.342201266920753,0.05524616514385672,TSLA
Nasdaq-100 Top1 PIT membership,1,2022-03-10,4.40411628657791,0.014258901384611278,TSLA
Nasdaq-100 Top1 PIT membership,1,2022-03-11,4.345925781277734,-0.013212754049551023,TSLA
Nasdaq-100 Top1 PIT membership,1,2022-03-14,4.0376970014047755,-0.07092361797820146,TSLA
Nasdaq-100 Top1 PIT membership,1,2022-03-15,4.010075927164514,-0.006840799156215049,TSLA
Nasdaq-100 Top1 PIT membership,1,2022-03-16,4.18454373440081,0.043507357567581284,TSLA
Nasdaq-100 Top1 PIT membership,1,2022-03-17,4.298287040618659,0.027181770208965395,TSLA
Nasdaq-100 Top1 PIT membership,1,2022-03-18,4.52329032777934,0.05234719902007656,TSLA
Nasdaq-100 Top1 PIT membership,1,2022-03-21,4.732724529305631,0.046301295373430085,TSLA
Nasdaq-100 Top1 PIT membership,1,2022-03-22,4.8104151048145525,0.01641561325360308,TSLA
Nasdaq-100 Top1 PIT membership,1,2022-03-23,5.068729236081882,0.053698927356350845,TSLA
Nasdaq-100 Top1 PIT membership,1,2022-03-24,5.222817580463418,0.030399797898978953,TSLA
Nasdaq-100 Top1 PIT membership,1,2022-03-25,5.213869274895774,-0.0017133099959524278,TSLA
Nasdaq-100 Top1 PIT membership,1,2022-03-28,5.509218291071189,0.05664680117652532,TSLA
Nasdaq-100 Top1 PIT membership,1,2022-03-29,5.731066277639298,0.040268505411676925,TSLA
Nasdaq-100 Top1 PIT membership,1,2022-03-30,5.644065126571241,-0.015180622043668768,TSLA
Nasdaq-100 Top1 PIT membership,1,2022-03-31,5.661651558824924,0.0031159158973714796,TSLA
Nasdaq-100 Top1 PIT membership,1,2022-04-01,5.592236840010549,-0.012260507043422186,TSLA
Nasdaq-100 Top1 PIT membership,1,2022-04-04,5.437654847234421,-0.027642247136270504,QCOM
Nasdaq-100 Top1 PIT membership,1,2022-04-05,5.587452969314942,0.02754829541207604,QCOM
Nasdaq-100 Top1 PIT membership,1,2022-04-06,5.259514271636823,-0.05869198353508953,QCOM
Nasdaq-100 Top1 PIT membership,1,2022-04-07,5.145048690516685,-0.021763527049906584,QCOM
Nasdaq-100 Top1 PIT membership,1,2022-04-08,5.099042250718387,-0.008941886183331138,QCOM
Nasdaq-100 Top1 PIT membership,1,2022-04-11,4.942619377120342,-0.030676912625308805,QCOM
Nasdaq-100 Top1 PIT membership,1,2022-04-12,5.076222667738092,0.02703086772900365,QCOM
Nasdaq-100 Top1 PIT membership,1,2022-04-13,5.0622372105267655,-0.0027550913596070536,QCOM
Nasdaq-100 Top1 PIT membership,1,2022-04-14,5.1914255075678275,0.025520000677253796,QCOM
Nasdaq-100 Top1 PIT membership,1,2022-04-18,4.991569949297625,-0.038497240878996086,QCOM
Nasdaq-100 Top1 PIT membership,1,2022-04-19,5.109717579281918,0.023669432900748744,QCOM
Nasdaq-100 Top1 PIT membership,1,2022-04-20,5.27092428971948,0.031549045115760954,QCOM
Nasdaq-100 Top1 PIT membership,1,2022-04-21,5.2389024258002985,-0.00607518950360153,QCOM
Nasdaq-100 Top1 PIT membership,1,2022-04-22,5.010341108873373,-0.04362771022443901,QCOM
Nasdaq-100 Top1 PIT membership,1,2022-04-25,4.833307601643842,-0.035333623676041204,QCOM
Nasdaq-100 Top1 PIT membership,1,2022-04-26,4.969487322147141,0.028175264586301818,QCOM
Nasdaq-100 Top1 PIT membership,1,2022-04-27,4.814903938112632,-0.03110650536235171,QCOM
Nasdaq-100 Top1 PIT membership,1,2022-04-28,5.258410691925786,0.09211123617701933,QCOM
Nasdaq-100 Top1 PIT membership,1,2022-04-29,5.366619383944259,0.02057821238356783,QCOM
Nasdaq-100 Top1 PIT membership,1,2022-05-02,5.174862429316651,-0.03573142436769461,QCOM
Nasdaq-100 Top1 PIT membership,1,2022-05-03,5.221879800251641,0.009085723838498039,VRTX
Nasdaq-100 Top1 PIT membership,1,2022-05-04,5.27653780036595,0.010467111884052693,VRTX
Nasdaq-100 Top1 PIT membership,1,2022-05-05,5.322575879392041,0.008725054338262872,VRTX
Nasdaq-100 Top1 PIT membership,1,2022-05-06,5.021468129596357,-0.056571809706182474,VRTX
Nasdaq-100 Top1 PIT membership,1,2022-05-09,4.917245882153953,-0.02075533384910322,VRTX
Nasdaq-100 Top1 PIT membership,1,2022-05-10,4.693521025697969,-0.045498000673088845,VRTX
Nasdaq-100 Top1 PIT membership,1,2022-05-11,4.659629334991253,-0.007220952142570902,VRTX
Nasdaq-100 Top1 PIT membership,1,2022-05-12,4.634161467847654,-0.005465642288829731,VRTX
Nasdaq-100 Top1 PIT membership,1,2022-05-13,4.725649632253681,0.019742118404976416,VRTX
Nasdaq-100 Top1 PIT membership,1,2022-05-16,4.816354303346759,0.01919411682025607,VRTX
Nasdaq-100 Top1 PIT membership,1,2022-05-17,5.011672819074139,0.04055318679351694,VRTX
Nasdaq-100 Top1 PIT membership,1,2022-05-18,5.105119866227118,0.01864587943517071,VRTX
Nasdaq-100 Top1 PIT membership,1,2022-05-19,4.947611404558663,-0.030853038869949057,VRTX
Nasdaq-100 Top1 PIT membership,1,2022-05-20,5.027148979241263,0.01607595426943087,VRTX
Nasdaq-100 Top1 PIT membership,1,2022-05-23,5.094540763462795,0.013405567350363912,VRTX
Nasdaq-100 Top1 PIT membership,1,2022-05-24,5.201505984823409,0.020996047794484385,VRTX
Nasdaq-100 Top1 PIT membership,1,2022-05-25,5.283590734828269,0.015780958484785224,VRTX
Nasdaq-100 Top1 PIT membership,1,2022-05-26,5.305923731932608,0.004226859767378466,VRTX
Nasdaq-100 Top1 PIT membership,1,2022-05-27,5.311996776627718,0.001144578211435876,VRTX
Nasdaq-100 Top1 PIT membership,1,2022-05-31,5.36841786089303,0.010621445501164173,VRTX
Nasdaq-100 Top1 PIT membership,1,2022-06-01,5.393885429107477,0.004743961605516711,VRTX
Nasdaq-100 Top1 PIT membership,1,2022-06-02,5.26164873705752,-0.024516036498728133,VRTX
Nasdaq-100 Top1 PIT membership,1,2022-06-03,5.262432529299623,0.00014896323971291814,VRTX
Nasdaq-100 Top1 PIT membership,1,2022-06-06,5.317678224130932,0.010498128864117051,VRTX
Nasdaq-100 Top1 PIT membership,1,2022-06-07,5.235005779409072,-0.015546718179882402,VRTX
Nasdaq-100 Top1 PIT membership,1,2022-06-08,5.332567287439364,0.018636370644332878,VRTX
Nasdaq-100 Top1 PIT membership,1,2022-06-09,5.351570213766801,0.0035635605334409792,VRTX
Nasdaq-100 Top1 PIT membership,1,2022-06-10,5.025190395423467,-0.06098767376792136,VRTX
Nasdaq-100 Top1 PIT membership,1,2022-06-13,4.913523616326846,-0.022221402635473786,VRTX
Nasdaq-100 Top1 PIT membership,1,2022-06-14,4.825757717747927,-0.017862109848681085,VRTX
Nasdaq-100 Top1 PIT membership,1,2022-06-15,4.913327817730898,0.018146393811050654,VRTX
Nasdaq-100 Top1 PIT membership,1,2022-06-16,4.868073530946911,-0.009210516469240204,VRTX
Nasdaq-100 Top1 PIT membership,1,2022-06-17,4.918617369113059,0.010382718717134143,VRTX
Nasdaq-100 Top1 PIT membership,1,2022-06-21,5.2154151583646335,0.06034171129377652,VRTX
Nasdaq-100 Top1 PIT membership,1,2022-06-22,5.229912026622859,0.0027796192283897625,VRTX
Nasdaq-100 Top1 PIT membership,1,2022-06-23,5.387420787220468,0.03011690441365178,VRTX
Nasdaq-100 Top1 PIT membership,1,2022-06-24,5.6080113714954996,0.040945490056818246,VRTX
Nasdaq-100 Top1 PIT membership,1,2022-06-27,5.677557837059931,0.01240127042500716,VRTX
Nasdaq-100 Top1 PIT membership,1,2022-06-28,5.650914879411484,-0.004692679214033935,VRTX
Nasdaq-100 Top1 PIT membership,1,2022-06-29,5.403680739629697,-0.043751170395887384,VRTX
Nasdaq-100 Top1 PIT membership,1,2022-06-30,5.427581321218243,0.004423018816279045,VRTX
Nasdaq-100 Top1 PIT membership,1,2022-07-01,5.488704561077868,0.01126159816724881,VRTX
Nasdaq-100 Top1 PIT membership,1,2022-07-05,5.566420305137744,0.014159214290924593,EXC
Nasdaq-100 Top1 PIT membership,1,2022-07-06,5.35998767907964,-0.03708534654984097,EXC
Nasdaq-100 Top1 PIT membership,1,2022-07-07,5.441346270103897,0.01517887650037042,EXC
Nasdaq-100 Top1 PIT membership,1,2022-07-08,5.410989190787969,-0.005578964801912445,EXC
Nasdaq-100 Top1 PIT membership,1,2022-07-11,5.372130161134799,-0.007181501992154504,EXC
Nasdaq-100 Top1 PIT membership,1,2022-07-12,5.389130957430791,0.00316462851533017,EXC
Nasdaq-100 Top1 PIT membership,1,2022-07-13,5.302914051926612,-0.015998294750158015,EXC
Nasdaq-100 Top1 PIT membership,1,2022-07-14,5.208198214293121,-0.017861092355264452,EXC
Nasdaq-100 Top1 PIT membership,1,2022-07-15,5.380630788135867,0.033107913091619645,EXC
Nasdaq-100 Top1 PIT membership,1,2022-07-18,5.379416833579501,-0.00022561565811995976,EXC
Nasdaq-100 Top1 PIT membership,1,2022-07-19,5.369702632733534,-0.001805809281282822,EXC
Nasdaq-100 Top1 PIT membership,1,2022-07-20,5.330844370214885,-0.00723657624572549,EXC
Nasdaq-100 Top1 PIT membership,1,2022-07-21,5.2421991989991215,-0.01662872990835229,EXC
Nasdaq-100 Top1 PIT membership,1,2022-07-22,5.27984306896267,0.007180930852596301,EXC
Nasdaq-100 Top1 PIT membership,1,2022-07-25,5.355130031813947,0.01425931829183491,EXC
Nasdaq-100 Top1 PIT membership,1,2022-07-26,5.419488755919829,0.01201814404571655,EXC
Nasdaq-100 Top1 PIT membership,1,2022-07-27,5.4085605457876555,-0.0020164651361692654,EXC
Nasdaq-100 Top1 PIT membership,1,2022-07-28,5.4680610330009785,0.011001168741591183,EXC
Nasdaq-100 Top1 PIT membership,1,2022-07-29,5.588278680741861,0.021985425366568112,EXC
Nasdaq-100 Top1 PIT membership,1,2022-08-01,5.635636397200439,0.008474472939544064,EXC
Nasdaq-100 Top1 PIT membership,1,2022-08-02,5.66677073836967,0.005524547535518343,TMUS
Nasdaq-100 Top1 PIT membership,1,2022-08-03,5.618297012771506,-0.008554029770420857,TMUS
Nasdaq-100 Top1 PIT membership,1,2022-08-04,5.6797754548725266,0.010942540410602719,TMUS
Nasdaq-100 Top1 PIT membership,1,2022-08-05,5.604898278318419,-0.013183122669025993,TMUS
Nasdaq-100 Top1 PIT membership,1,2022-08-08,5.720368510813494,0.020601664251740592,TMUS
Nasdaq-100 Top1 PIT membership,1,2022-08-09,5.732191819278353,0.0020668788107809366,TMUS
Nasdaq-100 Top1 PIT membership,1,2022-08-10,5.790124656802123,0.010106576916866672,TMUS
Nasdaq-100 Top1 PIT membership,1,2022-08-11,5.7448040699948715,-0.007827221259219419,TMUS
Nasdaq-100 Top1 PIT membership,1,2022-08-12,5.70105837485838,-0.00761482804347946,TMUS
Nasdaq-100 Top1 PIT membership,1,2022-08-15,5.753474173183338,0.009194046943302947,TMUS
Nasdaq-100 Top1 PIT membership,1,2022-08-16,5.734952361251591,-0.0032192396062323825,TMUS
Nasdaq-100 Top1 PIT membership,1,2022-08-17,5.732192616055756,-0.000481215016620129,TMUS
Nasdaq-100 Top1 PIT membership,1,2022-08-18,5.714457459311939,-0.0030939568733509004,TMUS
Nasdaq-100 Top1 PIT membership,1,2022-08-19,5.747955677371058,0.005862011975350745,TMUS
Nasdaq-100 Top1 PIT membership,1,2022-08-22,5.721945249567598,-0.004525161511919729,TMUS
Nasdaq-100 Top1 PIT membership,1,2022-08-23,5.697906048797669,-0.004201228729293849,TMUS
Nasdaq-100 Top1 PIT membership,1,2022-08-24,5.655736181330468,-0.0074009411713797935,TMUS
Nasdaq-100 Top1 PIT membership,1,2022-08-25,5.726675167851951,0.012542838676890877,TMUS
Nasdaq-100 Top1 PIT membership,1,2022-08-26,5.7968241899833215,0.012249520022572291,TMUS
Nasdaq-100 Top1 PIT membership,1,2022-08-29,5.634849095363471,-0.027942040212248775,TMUS
Nasdaq-100 Top1 PIT membership,1,2022-08-30,5.698299492810188,0.011260354336538603,TMUS
Nasdaq-100 Top1 PIT membership,1,2022-08-31,5.751502761972786,0.009336692328953067,TMUS
Nasdaq-100 Top1 PIT membership,1,2022-09-01,5.654949511981818,-0.0167874821567241,TMUS
Nasdaq-100 Top1 PIT membership,1,2022-09-02,5.723566411103916,0.012133954330929342,CEG
Nasdaq-100 Top1 PIT membership,1,2022-09-06,5.662574033921309,-0.010656358780825936,CEG
Nasdaq-100 Top1 PIT membership,1,2022-09-07,5.724951174833776,0.011015686600969854,CEG
Nasdaq-100 Top1 PIT membership,1,2022-09-08,5.743665846076162,0.003268966087371039,CEG
Nasdaq-100 Top1 PIT membership,1,2022-09-09,5.995258178103615,0.04380344169905537,CEG
Nasdaq-100 Top1 PIT membership,1,2022-09-12,6.13803549172742,0.023815040050363168,CEG
Nasdaq-100 Top1 PIT membership,1,2022-09-13,6.022982383545294,-0.018744288516609253,CEG
Nasdaq-100 Top1 PIT membership,1,2022-09-14,5.9869405435934295,-0.0059840520288304555,CEG
Nasdaq-100 Top1 PIT membership,1,2022-09-15,6.090905977046992,0.01736536928946375,CEG
Nasdaq-100 Top1 PIT membership,1,2022-09-16,6.002882569533011,-0.014451611606826509,CEG
Nasdaq-100 Top1 PIT membership,1,2022-09-19,5.919017401163399,-0.013970816086801396,CEG
Nasdaq-100 Top1 PIT membership,1,2022-09-20,6.127639916810781,0.035246139943156285,CEG
Nasdaq-100 Top1 PIT membership,1,2022-09-21,6.153975707195667,0.004297868468516874,CEG
Nasdaq-100 Top1 PIT membership,1,2022-09-22,6.099221034864094,-0.008897446941096954,CEG
Nasdaq-100 Top1 PIT membership,1,2022-09-23,5.807083745337473,-0.04789747540820688,CEG
Nasdaq-100 Top1 PIT membership,1,2022-09-26,5.799112695303555,-0.00137264251446656,CEG
Nasdaq-100 Top1 PIT membership,1,2022-09-27,5.80049932550225,0.0002391107522048408,CEG
Nasdaq-100 Top1 PIT membership,1,2022-09-28,5.829608175651051,0.005018335235523974,CEG
Nasdaq-100 Top1 PIT membership,1,2022-09-29,5.894759982769547,0.011176018208328253,CEG
Nasdaq-100 Top1 PIT membership,1,2022-09-30,5.772083026045516,-0.020811187746849313,CEG
Nasdaq-100 Top1 PIT membership,1,2022-10-03,5.893372456141181,0.02101311251906246,CEG
Nasdaq-100 Top1 PIT membership,1,2022-10-04,6.090731042308572,0.03348822556798248,PDD
Nasdaq-100 Top1 PIT membership,1,2022-10-05,6.279590919589458,0.03100775193798455,PDD
Nasdaq-100 Top1 PIT membership,1,2022-10-06,6.257871716707123,-0.003458697096745733,PDD
Nasdaq-100 Top1 PIT membership,1,2022-10-07,6.042571932099462,-0.0344046337723507,PDD
Nasdaq-100 Top1 PIT membership,1,2022-10-10,5.807441226387243,-0.03891235526103609,PDD
Nasdaq-100 Top1 PIT membership,1,2022-10-11,5.391005211391755,-0.0717073145920668,PDD
Nasdaq-100 Top1 PIT membership,1,2022-10-12,5.291853847863615,-0.018391999198706488,PDD
Nasdaq-100 Top1 PIT membership,1,2022-10-13,5.03783708237898,-0.04800147033296931,PDD
Nasdaq-100 Top1 PIT membership,1,2022-10-14,5.3069626236372205,0.053420850427968514,PDD
Nasdaq-100 Top1 PIT membership,1,2022-10-17,5.157763147678939,-0.028113911202944375,PDD
Nasdaq-100 Top1 PIT membership,1,2022-10-18,5.4741036582574,0.06133288821546956,PDD
Nasdaq-100 Top1 PIT membership,1,2022-10-19,5.219142751883878,-0.046575827256929325,PDD
Nasdaq-100 Top1 PIT membership,1,2022-10-20,5.2172541098844745,-0.00036186823951545044,PDD
Nasdaq-100 Top1 PIT membership,1,2022-10-21,5.205922618109677,-0.002171926368955024,PDD
Nasdaq-100 Top1 PIT membership,1,2022-10-24,4.5468016896259815,-0.1266098205514683,PDD
Nasdaq-100 Top1 PIT membership,1,2022-10-25,4.408933705442497,-0.0303219699460493,PDD
Nasdaq-100 Top1 PIT membership,1,2022-10-26,4.540191622738882,0.029770898377164734,PDD
Nasdaq-100 Top1 PIT membership,1,2022-10-27,4.896192174418318,0.07841090889125901,PDD
Nasdaq-100 Top1 PIT membership,1,2022-10-28,4.707332297137432,-0.03857280730679713,PDD
Nasdaq-100 Top1 PIT membership,1,2022-10-31,4.93679707685144,0.04874624633012359,PDD
Nasdaq-100 Top1 PIT membership,1,2022-11-01,5.630857341991673,0.14058918248729935,PDD
Nasdaq-100 Top1 PIT membership,1,2022-11-02,5.597748585310332,-0.005879878439546848,CEG
Nasdaq-100 Top1 PIT membership,1,2022-11-03,5.448759724593476,-0.026615854293248198,CEG
Nasdaq-100 Top1 PIT membership,1,2022-11-04,5.62198936440964,0.03179249013941221,CEG
Nasdaq-100 Top1 PIT membership,1,2022-11-07,5.620214061002932,-0.00031577850679453956,CEG
Nasdaq-100 Top1 PIT membership,1,2022-11-08,5.295039819910729,-0.057857981486594046,CEG
Nasdaq-100 Top1 PIT membership,1,2022-11-09,5.143685240470341,-0.028584219304877534,CEG
Nasdaq-100 Top1 PIT membership,1,2022-11-10,5.3506151802175,0.04022989939567867,CEG
Nasdaq-100 Top1 PIT membership,1,2022-11-11,5.6338137517785825,0.05292822638565653,CEG
Nasdaq-100 Top1 PIT membership,1,2022-11-14,5.447621241857327,-0.03304910636466729,CEG
Nasdaq-100 Top1 PIT membership,1,2022-11-15,5.596245990291576,0.027282504020704756,CEG
Nasdaq-100 Top1 PIT membership,1,2022-11-16,5.584403628739388,-0.002116125983870787,CEG
Nasdaq-100 Top1 PIT membership,1,2022-11-17,5.3546566829913225,-0.04114082022397225,CEG
Nasdaq-100 Top1 PIT membership,1,2022-11-18,5.3362997042778515,-0.00342822701813561,CEG
Nasdaq-100 Top1 PIT membership,1,2022-11-21,5.570191467406985,0.04383032739739745,CEG
Nasdaq-100 Top1 PIT membership,1,2022-11-22,5.599206820421387,0.005209040512194507,CEG
Nasdaq-100 Top1 PIT membership,1,2022-11-23,5.686249755628625,0.015545583151130415,CEG
Nasdaq-100 Top1 PIT membership,1,2022-11-25,5.7200009369684155,0.005935578419921095,CEG
Nasdaq-100 Top1 PIT membership,1,2022-11-28,5.688618674585582,-0.005486408608783577,CEG
Nasdaq-100 Top1 PIT membership,1,2022-11-29,5.606905807933888,-0.014364272124049005,CEG
Nasdaq-100 Top1 PIT membership,1,2022-11-30,5.574337187042557,-0.005808662033388368,CEG
Nasdaq-100 Top1 PIT membership,1,2022-12-01,5.743687028530589,0.030380265098006953,CEG
Nasdaq-100 Top1 PIT membership,1,2022-12-02,5.738258649098336,-0.0009451036251258982,DXCM
Nasdaq-100 Top1 PIT membership,1,2022-12-05,5.803398825785204,0.011351906679407664,DXCM
Nasdaq-100 Top1 PIT membership,1,2022-12-06,5.715558324427172,-0.01513604423803272,DXCM
Nasdaq-100 Top1 PIT membership,1,2022-12-07,5.739739047761648,0.004230684381459682,DXCM
Nasdaq-100 Top1 PIT membership,1,2022-12-08,6.104425394163913,0.06353709521767947,DXCM
Nasdaq-100 Top1 PIT membership,1,2022-12-09,6.003260928335912,-0.01657231586853669,DXCM
Nasdaq-100 Top1 PIT membership,1,2022-12-12,5.823138353129747,-0.030004122318916915,DXCM
Nasdaq-100 Top1 PIT membership,1,2022-12-13,5.946509928407919,0.021186440677966045,DXCM
Nasdaq-100 Top1 PIT membership,1,2022-12-14,5.908018057161156,-0.006473018915326811,DXCM
Nasdaq-100 Top1 PIT membership,1,2022-12-15,5.900615687344431,-0.0012529362207605033,DXCM
Nasdaq-100 Top1 PIT membership,1,2022-12-16,5.6311722121169225,-0.04566362046004924,DXCM
Nasdaq-100 Top1 PIT membership,1,2022-12-19,5.632652610780233,0.0002628935162247714,DXCM
Nasdaq-100 Top1 PIT membership,1,2022-12-20,5.52655298074097,-0.018836530027823928,DXCM
Nasdaq-100 Top1 PIT membership,1,2022-12-21,5.619328646310264,0.01678725706468409,DXCM
Nasdaq-100 Top1 PIT membership,1,2022-12-22,5.614887073820162,-0.0007904098104350998,DXCM
Nasdaq-100 Top1 PIT membership,1,2022-12-23,5.648937749076992,0.006064356203278498,DXCM
Nasdaq-100 Top1 PIT membership,1,2022-12-27,5.499904675300865,-0.02638249532852044,DXCM
Nasdaq-100 Top1 PIT membership,1,2022-12-28,5.452036820353075,-0.008703397199365304,DXCM
Nasdaq-100 Top1 PIT membership,1,2022-12-29,5.473749961581919,0.0039825742092911565,DXCM
Nasdaq-100 Top1 PIT membership,1,2022-12-30,5.474243553303078,9.01743274033251e-05,DXCM
Nasdaq-100 Top1 PIT membership,1,2023-01-03,5.6405485723181155,0.030379543291363165,DXCM
Nasdaq-100 Top1 PIT membership,1,2023-01-04,5.643954862849241,0.0006038934843752841,NFLX
Nasdaq-100 Top1 PIT membership,1,2023-01-05,5.8097311578861515,0.029372363717526495,NFLX
Nasdaq-100 Top1 PIT membership,1,2023-01-06,5.896214553559238,0.014885954844174432,NFLX
Nasdaq-100 Top1 PIT membership,1,2023-01-09,5.995756058011016,0.016882273117366342,NFLX
Nasdaq-100 Top1 PIT membership,1,2023-01-10,5.886752595311607,-0.018180103000316028,NFLX
Nasdaq-100 Top1 PIT membership,1,2023-01-11,6.178753304752911,0.0496030204622262,NFLX
Nasdaq-100 Top1 PIT membership,1,2023-01-12,6.292298247526773,0.018376675224518024,NFLX
Nasdaq-100 Top1 PIT membership,1,2023-01-13,6.244420320091096,-0.007608972994008423,NFLX
Nasdaq-100 Top1 PIT membership,1,2023-01-17,6.265426199475363,0.0033639438582764303,NFLX
Nasdaq-100 Top1 PIT membership,1,2023-01-18,6.1834839229261584,-0.013078484039292682,NFLX
Nasdaq-100 Top1 PIT membership,1,2023-01-19,6.1043808835622695,-0.01279263281830545,NFLX
Nasdaq-100 Top1 PIT membership,1,2023-01-20,6.373483249779667,0.04408348223192138,NFLX
Nasdaq-100 Top1 PIT membership,1,2023-01-23,6.466779587465574,0.01463820238158342,NFLX
Nasdaq-100 Top1 PIT membership,1,2023-01-24,6.765970793216144,0.04626587340791488,NFLX
Nasdaq-100 Top1 PIT membership,1,2023-01-25,6.8235005388993875,0.008502807275036606,NFLX
Nasdaq-100 Top1 PIT membership,1,2023-01-26,6.978678964244198,0.022741762012059574,NFLX
Nasdaq-100 Top1 PIT membership,1,2023-01-27,6.873271291125277,-0.015104244465032113,NFLX
Nasdaq-100 Top1 PIT membership,1,2023-01-30,6.783192466822271,-0.0131056698459312,NFLX
Nasdaq-100 Top1 PIT membership,1,2023-01-31,6.623093563304282,-0.02360229409692549,NFLX
Nasdaq-100 Top1 PIT membership,1,2023-02-01,6.696519572099821,0.011086361394977207,NFLX
Nasdaq-100 Top1 PIT membership,1,2023-02-02,6.728592013246447,0.004789419459065192,PDD
Nasdaq-100 Top1 PIT membership,1,2023-02-03,6.444524745106095,-0.04221793617165592,PDD
Nasdaq-100 Top1 PIT membership,1,2023-02-06,6.029551520818695,-0.06439159452409993,PDD
Nasdaq-100 Top1 PIT membership,1,2023-02-07,6.276964641844116,0.04103342017580558,PDD
Nasdaq-100 Top1 PIT membership,1,2023-02-08,6.118567950518745,-0.025234599900316623,PDD
Nasdaq-100 Top1 PIT membership,1,2023-02-09,6.283509864746194,0.02695760111865142,PDD
Nasdaq-100 Top1 PIT membership,1,2023-02-10,5.9568983980580885,-0.051979144414265765,PDD
Nasdaq-100 Top1 PIT membership,1,2023-02-13,6.217401964887665,0.04373141011008319,PDD
Nasdaq-100 Top1 PIT membership,1,2023-02-14,6.151294564397634,-0.010632640589006148,PDD
Nasdaq-100 Top1 PIT membership,1,2023-02-15,6.1382036192249805,-0.00212816099694213,PDD
Nasdaq-100 Top1 PIT membership,1,2023-02-16,6.16700319923632,0.004691858041518726,PDD
Nasdaq-100 Top1 PIT membership,1,2023-02-17,6.220674826022954,0.008703032097223451,PDD
Nasdaq-100 Top1 PIT membership,1,2023-02-21,5.643377377174137,-0.09280302619802727,PDD
Nasdaq-100 Top1 PIT membership,1,2023-02-22,5.579887666350138,-0.011250303954649099,PDD
Nasdaq-100 Top1 PIT membership,1,2023-02-23,5.666940579116416,0.015601194499175186,PDD
Nasdaq-100 Top1 PIT membership,1,2023-02-24,5.460762811805732,-0.03638255323701156,PDD
Nasdaq-100 Top1 PIT membership,1,2023-02-27,5.6126142802290255,0.027807739258515873,PDD
Nasdaq-100 Top1 PIT membership,1,2023-02-28,5.628322915067711,0.002798808906933292,PDD
Nasdaq-100 Top1 PIT membership,1,2023-03-01,6.064241651631358,0.07745091089152667,PDD
Nasdaq-100 Top1 PIT membership,1,2023-03-02,5.934644040948829,-0.021370786015373455,PDD
Nasdaq-100 Top1 PIT membership,1,2023-03-03,6.212820258919363,0.04687327766436011,PDD
Nasdaq-100 Top1 PIT membership,1,2023-03-06,6.1931845902131295,-0.0031605080926079276,PDD
Nasdaq-100 Top1 PIT membership,1,2023-03-07,6.1382036192249805,-0.008877657396976879,PDD
Nasdaq-100 Top1 PIT membership,1,2023-03-08,6.021696953715105,-0.018980580107341938,PDD
Nasdaq-100 Top1 PIT membership,1,2023-03-09,5.895372204167863,-0.02097826418669324,PDD
Nasdaq-100 Top1 PIT membership,1,2023-03-10,5.575960632482591,-0.05418005184803387,PDD
Nasdaq-100 Top1 PIT membership,1,2023-03-13,5.5458522076382355,-0.005399683898225538,PDD
Nasdaq-100 Top1 PIT membership,1,2023-03-14,6.02627865968341,0.08662806617592311,PDD
Nasdaq-100 Top1 PIT membership,1,2023-03-15,5.9673706548277154,-0.009775187670924779,PDD
Nasdaq-100 Top1 PIT membership,1,2023-03-16,5.905844960305987,-0.010310352428326786,PDD
Nasdaq-100 Top1 PIT membership,1,2023-03-17,6.204966191184268,0.050648337856600945,PDD
Nasdaq-100 Top1 PIT membership,1,2023-03-20,5.231676514653527,-0.1568565640073183,PDD
Nasdaq-100 Top1 PIT membership,1,2023-03-21,5.282075280304873,0.009633387215395084,PDD
Nasdaq-100 Top1 PIT membership,1,2023-03-22,5.282075280304873,0.0,PDD
Nasdaq-100 Top1 PIT membership,1,2023-03-23,5.139387223818188,-0.02701363553426095,PDD
Nasdaq-100 Top1 PIT membership,1,2023-03-24,4.924700716671652,-0.04177278297918152,PDD
Nasdaq-100 Top1 PIT membership,1,2023-03-27,4.728995705499091,-0.03973947300188996,PDD
Nasdaq-100 Top1 PIT membership,1,2023-03-28,4.76957688648157,0.008581352893868965,PDD
Nasdaq-100 Top1 PIT membership,1,2023-03-29,4.719832293562483,-0.010429560965895757,PDD
Nasdaq-100 Top1 PIT membership,1,2023-03-30,4.872338434086533,0.03231177106272565,PDD
Nasdaq-100 Top1 PIT membership,1,2023-03-31,4.9103009266659825,0.007791431792559145,PDD
Nasdaq-100 Top1 PIT membership,1,2023-04-03,4.848120560043498,-0.012663249676777899,PDD
Nasdaq-100 Top1 PIT membership,1,2023-04-04,4.9286611374922735,0.01661274228874654,NVDA
Nasdaq-100 Top1 PIT membership,1,2023-04-05,4.728279040350773,-0.04065649707933783,NVDA
Nasdaq-100 Top1 PIT membership,1,2023-04-06,4.685100789022875,-0.009131916910871452,NVDA
Nasdaq-100 Top1 PIT membership,1,2023-04-10,4.727221415200567,0.008990335122860182,NVDA
Nasdaq-100 Top1 PIT membership,1,2023-04-11,4.886011974283102,0.03359067518435621,NVDA
Nasdaq-100 Top1 PIT membership,1,2023-04-12,4.823624004596666,-0.01276868947820986,NVDA
Nasdaq-100 Top1 PIT membership,1,2023-04-13,4.711535969229991,-0.02323730772959509,NVDA
Nasdaq-100 Top1 PIT membership,1,2023-04-14,4.671001668915213,-0.008603202985077107,NVDA
Nasdaq-100 Top1 PIT membership,1,2023-04-17,4.6817523570137904,0.002301580872925202,NVDA
Nasdaq-100 Top1 PIT membership,1,2023-04-18,4.852350563652273,0.03643896422306647,NVDA
Nasdaq-100 Top1 PIT membership,1,2023-04-19,4.82203734419615,-0.006247120660075933,NVDA
Nasdaq-100 Top1 PIT membership,1,2023-04-20,4.876671084829354,0.011330011929285844,NVDA
Nasdaq-100 Top1 PIT membership,1,2023-04-21,4.74995624563985,-0.025983880599144027,NVDA
Nasdaq-100 Top1 PIT membership,1,2023-04-24,4.760706312748758,0.0022631928702030457,NVDA
Nasdaq-100 Top1 PIT membership,1,2023-04-25,4.772161697847762,0.0024062364587220664,NVDA
Nasdaq-100 Top1 PIT membership,1,2023-04-26,4.758767457866702,-0.0028067447897043296,NVDA
Nasdaq-100 Top1 PIT membership,1,2023-04-27,4.822389989525318,0.013369539953762999,NVDA
Nasdaq-100 Top1 PIT membership,1,2023-04-28,4.798069614875127,-0.005043220208862609,NVDA
Nasdaq-100 Top1 PIT membership,1,2023-05-01,4.906455493312273,0.022589476005334452,NVDA
Nasdaq-100 Top1 PIT membership,1,2023-05-02,5.0544949275593725,0.030172378909557818,NVDA
Nasdaq-100 Top1 PIT membership,1,2023-05-03,4.906454901109168,-0.029288787222443213,NVDA
Nasdaq-100 Top1 PIT membership,1,2023-05-04,4.873146377520441,-0.006788714919441552,NVDA
Nasdaq-100 Top1 PIT membership,1,2023-05-05,4.903987966364109,0.0063288861967985,NVDA
Nasdaq-100 Top1 PIT membership,1,2023-05-08,5.026648671612399,0.025012440097652355,NVDA
Nasdaq-100 Top1 PIT membership,1,2023-05-09,5.0930903957766915,0.01321789695379283,NVDA
Nasdaq-100 Top1 PIT membership,1,2023-05-10,5.111771613285025,0.0036679532575789597,NVDA
Nasdaq-100 Top1 PIT membership,1,2023-05-11,5.092562061235492,-0.0037579049892622063,NVDA
Nasdaq-100 Top1 PIT membership,1,2023-05-12,5.0278826318771355,-0.012700764090966321,NVDA
Nasdaq-100 Top1 PIT membership,1,2023-05-15,5.024181745566689,-0.0007360725341882812,NVDA
Nasdaq-100 Top1 PIT membership,1,2023-05-16,5.082868758713199,0.011680909672166173,NVDA
Nasdaq-100 Top1 PIT membership,1,2023-05-17,5.21381347158604,0.025761970078092444,NVDA
Nasdaq-100 Top1 PIT membership,1,2023-05-18,5.359385639451972,0.027920478678277183,NVDA
Nasdaq-100 Top1 PIT membership,1,2023-05-19,5.557829095107903,0.03702727681977791,NVDA
Nasdaq-100 Top1 PIT membership,1,2023-05-22,5.44591823753036,-0.02013571408232917,NVDA
Nasdaq-100 Top1 PIT membership,1,2023-05-23,5.463365484277755,0.0032037291024971104,NVDA
Nasdaq-100 Top1 PIT membership,1,2023-05-24,5.324138432493629,-0.02548375212765619,NVDA
Nasdaq-100 Top1 PIT membership,1,2023-05-25,6.7892019975961055,0.2751738302221971,NVDA
Nasdaq-100 Top1 PIT membership,1,2023-05-26,6.67764364757508,-0.016431732339165173,NVDA
Nasdaq-100 Top1 PIT membership,1,2023-05-30,7.15436613415446,0.07139082462905866,NVDA
Nasdaq-100 Top1 PIT membership,1,2023-05-31,6.959271444188809,-0.02726931866602167,NVDA
Nasdaq-100 Top1 PIT membership,1,2023-06-01,6.78320918433662,-0.02529894993522719,NVDA
Nasdaq-100 Top1 PIT membership,1,2023-06-02,6.955659584415395,0.025423128697989572,META
Nasdaq-100 Top1 PIT membership,1,2023-06-05,6.895454478730797,-0.008655556666328446,META
Nasdaq-100 Top1 PIT membership,1,2023-06-06,6.891373586184671,-0.0005918235786652737,META
Nasdaq-100 Top1 PIT membership,1,2023-06-07,6.930406299603698,0.005663996144001926,META
Nasdaq-100 Top1 PIT membership,1,2023-06-08,6.648514568443049,-0.04067463276673533,META
Nasdaq-100 Top1 PIT membership,1,2023-06-09,6.695963817450485,0.007136819588642096,META
Nasdaq-100 Top1 PIT membership,1,2023-06-12,6.815607842382975,0.017868081159680527,META
Nasdaq-100 Top1 PIT membership,1,2023-06-13,7.012292549089138,0.028857984680849214,META
Nasdaq-100 Top1 PIT membership,1,2023-06-14,6.9360175081314726,-0.010877332972591636,META
Nasdaq-100 Top1 PIT membership,1,2023-06-15,6.946475015176641,0.0015077105893848142,META
Nasdaq-100 Top1 PIT membership,1,2023-06-16,7.2640788942002965,0.045721589486718894,META
Nasdaq-100 Top1 PIT membership,1,2023-06-20,7.110507220722376,-0.021141245258298857,META
Nasdaq-100 Top1 PIT membership,1,2023-06-21,7.232957233597395,0.017220995503409275,META
Nasdaq-100 Top1 PIT membership,1,2023-06-22,7.119436255940231,-0.01569496044160934,META
Nasdaq-100 Top1 PIT membership,1,2023-06-23,7.181425768485538,0.00870708161669187,META
Nasdaq-100 Top1 PIT membership,1,2023-06-26,7.364847192464051,0.025541087507083393,META
Nasdaq-100 Top1 PIT membership,1,2023-06-27,7.1941804506435885,-0.023173154494650516,META
Nasdaq-100 Top1 PIT membership,1,2023-06-28,7.26586527202006,0.00996427902639807,META
Nasdaq-100 Top1 PIT membership,1,2023-06-29,7.257703068093229,-0.0011233629610862828,META
Nasdaq-100 Top1 PIT membership,1,2023-06-30,7.264334867266664,0.0009137600575848115,META
Nasdaq-100 Top1 PIT membership,1,2023-07-03,7.313825100769247,0.006812768740272146,META
Nasdaq-100 Top1 PIT membership,1,2023-07-05,7.24811323128262,-0.008984610457763886,NVDA
Nasdaq-100 Top1 PIT membership,1,2023-07-06,7.198055771226276,-0.006906274565399717,NVDA
Nasdaq-100 Top1 PIT membership,1,2023-07-07,7.280280646059145,0.011423206133183594,NVDA
Nasdaq-100 Top1 PIT membership,1,2023-07-10,7.337908147572584,0.007915560445411307,NVDA
Nasdaq-100 Top1 PIT membership,1,2023-07-11,7.307632038504782,-0.004125986379076907,NVDA
Nasdaq-100 Top1 PIT membership,1,2023-07-12,7.402587792976926,0.012994052515481247,NVDA
Nasdaq-100 Top1 PIT membership,1,2023-07-13,7.65804123528371,0.034508667705250406,NVDA
Nasdaq-100 Top1 PIT membership,1,2023-07-14,8.013263483649977,0.04638552306686661,NVDA
Nasdaq-100 Top1 PIT membership,1,2023-07-17,7.962690216594116,-0.006311194828305444,NVDA
Nasdaq-100 Top1 PIT membership,1,2023-07-18,8.033562424627362,0.008900535636253926,NVDA
Nasdaq-100 Top1 PIT membership,1,2023-07-19,8.164815758213694,0.016338123319234565,NVDA
Nasdaq-100 Top1 PIT membership,1,2023-07-20,8.000189462388162,-0.020162891692922624,NVDA
Nasdaq-100 Top1 PIT membership,1,2023-07-21,7.876505922483368,-0.015460076350225949,NVDA
Nasdaq-100 Top1 PIT membership,1,2023-07-24,7.6946810122860825,-0.02308446308384904,NVDA
Nasdaq-100 Top1 PIT membership,1,2023-07-25,7.730804972928748,0.004694666430614447,NVDA
Nasdaq-100 Top1 PIT membership,1,2023-07-26,7.916587867980461,0.024031507158992493,NVDA
Nasdaq-100 Top1 PIT membership,1,2023-07-27,8.002255106556772,0.0108212325821333,NVDA
Nasdaq-100 Top1 PIT membership,1,2023-07-28,8.027885992537135,0.0032029578711332274,NVDA
Nasdaq-100 Top1 PIT membership,1,2023-07-31,8.042679367356584,0.001842748493588564,NVDA
Nasdaq-100 Top1 PIT membership,1,2023-08-01,7.99210439738457,-0.00628832353771136,NVDA
Nasdaq-100 Top1 PIT membership,1,2023-08-02,7.883904593803412,-0.013538337113885412,NVDA
Nasdaq-100 Top1 PIT membership,1,2023-08-03,7.534528096642114,-0.04431516046451156,NVDA
Nasdaq-100 Top1 PIT membership,1,2023-08-04,7.738373306838655,0.0270548078900108,NVDA
Nasdaq-100 Top1 PIT membership,1,2023-08-07,7.76005044562636,0.0028012526571377094,NVDA
Nasdaq-100 Top1 PIT membership,1,2023-08-08,7.71566765181519,-0.005719395011946737,NVDA
Nasdaq-100 Top1 PIT membership,1,2023-08-09,7.616066942113204,-0.012908890610205837,NVDA
Nasdaq-100 Top1 PIT membership,1,2023-08-10,7.25241568176061,-0.047747907563913006,NVDA
Nasdaq-100 Top1 PIT membership,1,2023-08-11,7.182057708271467,-0.009701315613511952,NVDA
Nasdaq-100 Top1 PIT membership,1,2023-08-14,6.964451193938951,-0.030298630722766506,NVDA
Nasdaq-100 Top1 PIT membership,1,2023-08-15,7.665266067845831,0.10062743702142507,NVDA
Nasdaq-100 Top1 PIT membership,1,2023-08-16,7.658383078712293,-0.0008979452340748262,NVDA
Nasdaq-100 Top1 PIT membership,1,2023-08-17,7.563772838271813,-0.012353814045090616,NVDA
Nasdaq-100 Top1 PIT membership,1,2023-08-18,7.334123884760494,-0.030361693617941832,NVDA
Nasdaq-100 Top1 PIT membership,1,2023-08-21,7.653912172910755,0.04360279334996586,NVDA
Nasdaq-100 Top1 PIT membership,1,2023-08-22,8.280240581447869,0.08183114652841939,NVDA
Nasdaq-100 Top1 PIT membership,1,2023-08-23,7.889925897175972,-0.04713808499071981,NVDA
Nasdaq-100 Top1 PIT membership,1,2023-08-24,8.638217717580607,0.09484142565552744,NVDA
Nasdaq-100 Top1 PIT membership,1,2023-08-25,8.087061007882333,-0.06380444759762816,NVDA
Nasdaq-100 Top1 PIT membership,1,2023-08-28,7.995889515763901,-0.011273748526141825,NVDA
Nasdaq-100 Top1 PIT membership,1,2023-08-29,8.027541170935079,0.00395849081065669,NVDA
Nasdaq-100 Top1 PIT membership,1,2023-08-30,8.436608136570477,0.05095794053557601,NVDA
Nasdaq-100 Top1 PIT membership,1,2023-08-31,8.494408083879122,0.006851088301481845,NVDA
Nasdaq-100 Top1 PIT membership,1,2023-09-01,8.560120042850652,0.0077359079435139755,NVDA
Nasdaq-100 Top1 PIT membership,1,2023-09-05,8.295379126383628,-0.030927243443055863,NVDA
Nasdaq-100 Top1 PIT membership,1,2023-09-06,8.333565961005016,0.004603386299721235,NVDA
Nasdaq-100 Top1 PIT membership,1,2023-09-07,7.831911250632479,-0.06019688482936525,NVDA
Nasdaq-100 Top1 PIT membership,1,2023-09-08,7.90364961682199,0.009159752184847214,NVDA
Nasdaq-100 Top1 PIT membership,1,2023-09-11,7.939088352797449,0.004483844514062474,NVDA
Nasdaq-100 Top1 PIT membership,1,2023-09-12,7.696518221843867,-0.030553902434919844,NVDA
Nasdaq-100 Top1 PIT membership,1,2023-09-13,7.67277832940315,-0.003084497659388341,NVDA
Nasdaq-100 Top1 PIT membership,1,2023-09-14,7.905026229855499,0.030269074705617793,NVDA
Nasdaq-100 Top1 PIT membership,1,2023-09-15,7.800255185948492,-0.013253725017547735,NVDA
Nasdaq-100 Top1 PIT membership,1,2023-09-18,7.354167174906411,-0.0571888996459593,NVDA
Nasdaq-100 Top1 PIT membership,1,2023-09-19,7.540826875273636,0.025381487247684298,NVDA
Nasdaq-100 Top1 PIT membership,1,2023-09-20,7.500743249890881,-0.005315547756995831,NVDA
Nasdaq-100 Top1 PIT membership,1,2023-09-21,7.1537469355272085,-0.04626159072552183,NVDA
Nasdaq-100 Top1 PIT membership,1,2023-09-22,7.151854689064682,-0.00026451123859705383,NVDA
Nasdaq-100 Top1 PIT membership,1,2023-09-25,7.155123602066711,0.00045707206649869825,NVDA
Nasdaq-100 Top1 PIT membership,1,2023-09-26,7.225658104809307,0.00985790136766096,NVDA
Nasdaq-100 Top1 PIT membership,1,2023-09-27,7.282257519479753,0.00783311552379895,NVDA
Nasdaq-100 Top1 PIT membership,1,2023-09-28,7.304622140490152,0.0030711109776844214,NVDA
Nasdaq-100 Top1 PIT membership,1,2023-09-29,7.539794675128199,0.03219503077845265,NVDA
Nasdaq-100 Top1 PIT membership,1,2023-10-02,7.574716424435511,0.004631657864969441,NVDA
Nasdaq-100 Top1 PIT membership,1,2023-10-03,7.708560737115356,0.017669877679918455,NVDA
Nasdaq-100 Top1 PIT membership,1,2023-10-04,7.525172661075208,-0.0237901837053921,NVDA
Nasdaq-100 Top1 PIT membership,1,2023-10-05,7.578159007886274,0.007041213430908133,NVDA
Nasdaq-100 Top1 PIT membership,1,2023-10-06,7.602760154936808,0.0032463223620582404,NVDA
Nasdaq-100 Top1 PIT membership,1,2023-10-09,7.714409804185943,0.01468540990032885,NVDA
Nasdaq-100 Top1 PIT membership,1,2023-10-10,7.79492287239758,0.01043671133052193,NVDA
Nasdaq-100 Top1 PIT membership,1,2023-10-11,7.9473475522912,0.01955435382604853,NVDA
Nasdaq-100 Top1 PIT membership,1,2023-10-12,8.047299988951298,0.012576829690968072,NVDA
Nasdaq-100 Top1 PIT membership,1,2023-10-13,8.078781696502968,0.003912083257104015,NVDA
Nasdaq-100 Top1 PIT membership,1,2023-10-16,7.752430115167401,-0.04039613813018783,NVDA
Nasdaq-100 Top1 PIT membership,1,2023-10-17,7.569557784315798,-0.02358903313347116,NVDA
Nasdaq-100 Top1 PIT membership,1,2023-10-18,7.327157817959299,-0.032023002302559056,NVDA
Nasdaq-100 Top1 PIT membership,1,2023-10-19,7.36500687156324,0.00516558460241856,NVDA
Nasdaq-100 Top1 PIT membership,1,2023-10-20,7.2065621780296745,-0.02151317660616603,NVDA
Nasdaq-100 Top1 PIT membership,1,2023-10-23,7.092846832963415,-0.01577941635096658,NVDA
Nasdaq-100 Top1 PIT membership,1,2023-10-24,7.410768812012945,0.044822902078191396,NVDA
Nasdaq-100 Top1 PIT membership,1,2023-10-25,7.465991305128763,0.007451655086892162,NVDA
Nasdaq-100 Top1 PIT membership,1,2023-10-26,7.2001968473948725,-0.03560069210786554,NVDA
Nasdaq-100 Top1 PIT membership,1,2023-10-27,7.075815257262234,-0.01727474856158151,NVDA
Nasdaq-100 Top1 PIT membership,1,2023-10-30,7.068417917939197,-0.0010454398615685756,NVDA
Nasdaq-100 Top1 PIT membership,1,2023-10-31,6.958831338080722,-0.015503692782560474,NVDA
Nasdaq-100 Top1 PIT membership,1,2023-11-01,7.033495009391898,0.010729340557888767,NVDA
Nasdaq-100 Top1 PIT membership,1,2023-11-02,7.05112254677987,0.0025062273257367984,ZS
Nasdaq-100 Top1 PIT membership,1,2023-11-03,6.982374209540358,-0.009749984741210915,ZS
Nasdaq-100 Top1 PIT membership,1,2023-11-06,7.3419816208135185,0.05150216824268905,ZS
Nasdaq-100 Top1 PIT membership,1,2023-11-07,7.345506590333154,0.000480111460595678,ZS
Nasdaq-100 Top1 PIT membership,1,2023-11-08,7.579956737788359,0.031917491948580734,ZS
Nasdaq-100 Top1 PIT membership,1,2023-11-09,7.702029485164772,0.016104676002679952,ZS
Nasdaq-100 Top1 PIT membership,1,2023-11-10,7.520462622320926,-0.023573898696904516,ZS
Nasdaq-100 Top1 PIT membership,1,2023-11-13,7.739929295751611,0.029182602780220224,ZS
Nasdaq-100 Top1 PIT membership,1,2023-11-14,8.009634517982757,0.034845954262035184,ZS
Nasdaq-100 Top1 PIT membership,1,2023-11-15,8.285068992466346,0.0343878954607979,ZS
Nasdaq-100 Top1 PIT membership,1,2023-11-16,8.09645151813578,-0.022765950953706815,ZS
Nasdaq-100 Top1 PIT membership,1,2023-11-17,8.198251992313322,0.01257346801243897,ZS
Nasdaq-100 Top1 PIT membership,1,2023-11-20,8.323409256131276,0.015266335303586898,ZS
Nasdaq-100 Top1 PIT membership,1,2023-11-21,8.380699761313352,0.006883057581227758,ZS
Nasdaq-100 Top1 PIT membership,1,2023-11-22,8.50673860373494,0.01503917882888528,ZS
Nasdaq-100 Top1 PIT membership,1,2023-11-24,8.368360350652283,-0.016266898458817236,ZS
Nasdaq-100 Top1 PIT membership,1,2023-11-27,8.460906603057749,0.011059066355603608,ZS
Nasdaq-100 Top1 PIT membership,1,2023-11-28,8.097773549817504,-0.04291892940988262,ZS
Nasdaq-100 Top1 PIT membership,1,2023-11-29,8.693593593305685,0.0735782545440049,ZS
Nasdaq-100 Top1 PIT membership,1,2023-11-30,8.841667193685963,0.017032496261879304,ZS
Nasdaq-100 Top1 PIT membership,1,2023-12-01,8.720916477991278,-0.013657007558587675,ZS
Nasdaq-100 Top1 PIT membership,1,2023-12-04,8.601043360287427,-0.013745472509267942,PDD
Nasdaq-100 Top1 PIT membership,1,2023-12-05,8.43735870065699,-0.01903079112310946,PDD
Nasdaq-100 Top1 PIT membership,1,2023-12-06,8.754382828544449,0.037573859205816795,PDD
Nasdaq-100 Top1 PIT membership,1,2023-12-07,8.639986849945947,-0.013067280793970348,PDD
Nasdaq-100 Top1 PIT membership,1,2023-12-08,8.427622596120854,-0.02457923345409041,PDD
Nasdaq-100 Top1 PIT membership,1,2023-12-11,8.441617666087781,0.0016606189714012398,PDD
Nasdaq-100 Top1 PIT membership,1,2023-12-12,8.71361393534616,0.03222087045603361,PDD
Nasdaq-100 Top1 PIT membership,1,2023-12-13,8.865128928549442,0.017388306887073712,PDD
Nasdaq-100 Top1 PIT membership,1,2023-12-14,8.896770804048874,0.003569251587253408,PDD
Nasdaq-100 Top1 PIT membership,1,2023-12-15,8.961270871750228,0.007249829080906656,PDD
Nasdaq-100 Top1 PIT membership,1,2023-12-18,8.960053626561702,-0.0001358339911766704,PDD
Nasdaq-100 Top1 PIT membership,1,2023-12-19,9.00569057202806,0.005093378607809784,PDD
Nasdaq-100 Top1 PIT membership,1,2023-12-20,8.991086415223855,-0.0016216587375950109,PDD
Nasdaq-100 Top1 PIT membership,1,2023-12-21,8.96978973109784,-0.0023686441373708123,PDD
Nasdaq-100 Top1 PIT membership,1,2023-12-22,8.579137589324136,-0.043551984325711834,PDD
Nasdaq-100 Top1 PIT membership,1,2023-12-26,8.931454399790567,0.041066693102679075,PDD
Nasdaq-100 Top1 PIT membership,1,2023-12-27,8.889468261403753,-0.0047009296031114145,PDD
Nasdaq-100 Top1 PIT membership,1,2023-12-28,8.883992050784437,-0.0006160335419714835,PDD
Nasdaq-100 Top1 PIT membership,1,2023-12-29,8.835312456589781,-0.005479472957245268,PDD
Nasdaq-100 Top1 PIT membership,1,2024-01-02,8.754991915381728,-0.009090854636176093,PDD
Nasdaq-100 Top1 PIT membership,1,2024-01-03,8.748906617925135,-0.000695066028091107,PDD
Nasdaq-100 Top1 PIT membership,1,2024-01-04,9.03063899171965,0.03220200947365126,PDD
Nasdaq-100 Top1 PIT membership,1,2024-01-05,8.961879030101473,-0.007614074893396161,PDD
Nasdaq-100 Top1 PIT membership,1,2024-01-08,8.762901687892061,-0.022202636471780002,PDD
Nasdaq-100 Top1 PIT membership,1,2024-01-09,8.82253463181138,0.0068051595285743005,PDD
Nasdaq-100 Top1 PIT membership,1,2024-01-10,9.127389093271683,0.03455406798416982,PDD
Nasdaq-100 Top1 PIT membership,1,2024-01-11,9.24300231705871,0.012666625976562429,PDD
Nasdaq-100 Top1 PIT membership,1,2024-01-12,9.17789409100611,-0.007044056013319255,PDD
Nasdaq-100 Top1 PIT membership,1,2024-01-16,8.870605139168756,-0.033481422730567534,PDD
Nasdaq-100 Top1 PIT membership,1,2024-01-17,8.356429072611657,-0.05796403497735669,PDD
Nasdaq-100 Top1 PIT membership,1,2024-01-18,8.777505844696268,0.0503895585573384,PDD
Nasdaq-100 Top1 PIT membership,1,2024-01-19,8.557839976712089,-0.025026000765002165,PDD
Nasdaq-100 Top1 PIT membership,1,2024-01-22,8.442834911276307,-0.01343856227140705,PDD
Nasdaq-100 Top1 PIT membership,1,2024-01-23,8.823142790162628,0.04504504504504503,PDD
Nasdaq-100 Top1 PIT membership,1,2024-01-24,8.825576352053645,0.00027581576643309624,PDD
Nasdaq-100 Top1 PIT membership,1,2024-01-25,8.870605139168758,0.005102078925942832,PDD
Nasdaq-100 Top1 PIT membership,1,2024-01-26,8.616255675442883,-0.02867329339266589,PDD
Nasdaq-100 Top1 PIT membership,1,2024-01-29,8.341216757456207,-0.03192093275163155,PDD
Nasdaq-100 Top1 PIT membership,1,2024-01-30,7.6092002264547,-0.08775896278527451,PDD
Nasdaq-100 Top1 PIT membership,1,2024-01-31,7.558695228720273,-0.006637359542575494,PDD
Nasdaq-100 Top1 PIT membership,1,2024-02-01,7.741243010585706,0.02415070013298304,PDD
Nasdaq-100 Top1 PIT membership,1,2024-02-02,7.461944662925224,-0.036079263663284844,PDD
Nasdaq-100 Top1 PIT membership,1,2024-02-05,7.411440129433813,-0.006768280357578038,PDD
Nasdaq-100 Top1 PIT membership,1,2024-02-06,7.673091671561793,0.03530373821531074,PDD
Nasdaq-100 Top1 PIT membership,1,2024-02-07,7.5495677467784,-0.01609832516939702,PDD
Nasdaq-100 Top1 PIT membership,1,2024-02-08,7.848946461862403,0.03965508028082221,PDD
Nasdaq-100 Top1 PIT membership,1,2024-02-09,7.7582807292809335,-0.011551325139241286,PDD
Nasdaq-100 Top1 PIT membership,1,2024-02-12,7.855030830832965,0.012470559512867574,PDD
Nasdaq-100 Top1 PIT membership,1,2024-02-13,7.887889951520921,0.0041831943623920065,PDD
Nasdaq-100 Top1 PIT membership,1,2024-02-14,7.955432667950574,0.008562837063494921,PDD
Nasdaq-100 Top1 PIT membership,1,2024-02-15,8.092951662700896,0.01728617417684064,PDD
Nasdaq-100 Top1 PIT membership,1,2024-02-16,8.409367632237108,0.039097721415354725,PDD
Nasdaq-100 Top1 PIT membership,1,2024-02-20,8.214650183944519,-0.023154826475434986,PDD
Nasdaq-100 Top1 PIT membership,1,2024-02-21,8.086258206893056,-0.01562963415075236,PDD
Nasdaq-100 Top1 PIT membership,1,2024-02-22,8.027842508162264,-0.007224070421223638,PDD
Nasdaq-100 Top1 PIT membership,1,2024-02-23,8.099036960157491,0.00886844154239963,PDD
Nasdaq-100 Top1 PIT membership,1,2024-02-26,7.495411941964431,-0.07453046839550692,PDD
Nasdaq-100 Top1 PIT membership,1,2024-02-27,7.761323378009231,0.03547656060850324,PDD
Nasdaq-100 Top1 PIT membership,1,2024-02-28,7.697431468659123,-0.008232089585538671,PDD
Nasdaq-100 Top1 PIT membership,1,2024-02-29,7.706558950600998,0.0011857828132719739,PDD
Nasdaq-100 Top1 PIT membership,1,2024-03-01,7.721771265756451,0.001973943916210086,PDD
Nasdaq-100 Top1 PIT membership,1,2024-03-04,7.67533147087424,-0.006014137596662139,CRWD
Nasdaq-100 Top1 PIT membership,1,2024-03-05,7.438296970813127,-0.03088264017789888,CRWD
Nasdaq-100 Top1 PIT membership,1,2024-03-06,8.708609710182325,0.17078005144910624,CRWD
Nasdaq-100 Top1 PIT membership,1,2024-03-07,7.975737117879999,-0.08415494742466556,CRWD
Nasdaq-100 Top1 PIT membership,1,2024-03-08,8.005971147894707,0.0037907505686125553,CRWD
Nasdaq-100 Top1 PIT membership,1,2024-03-11,7.719352395728174,-0.03580062266923145,CRWD
Nasdaq-100 Top1 PIT membership,1,2024-03-12,7.706291088083881,-0.0016920211663767892,CRWD
Nasdaq-100 Top1 PIT membership,1,2024-03-13,7.9752536391285425,0.03490168590446241,CRWD
Nasdaq-100 Top1 PIT membership,1,2024-03-14,8.054345595918239,0.0099171713363011,CRWD
Nasdaq-100 Top1 PIT membership,1,2024-03-15,7.874876068971312,-0.02228232260580898,CRWD
Nasdaq-100 Top1 PIT membership,1,2024-03-18,7.716450046948441,-0.02011790669914204,CRWD
Nasdaq-100 Top1 PIT membership,1,2024-03-19,7.695165171716406,-0.0027583765983753006,CRWD
Nasdaq-100 Top1 PIT membership,1,2024-03-20,7.764098907777039,0.008958058017259907,CRWD
Nasdaq-100 Top1 PIT membership,1,2024-03-21,7.882374787499617,0.015233690493574814,CRWD
Nasdaq-100 Top1 PIT membership,1,2024-03-22,7.926879191105007,0.005646065406071266,CRWD
Nasdaq-100 Top1 PIT membership,1,2024-03-25,7.885035027835872,-0.005278768890043084,CRWD
Nasdaq-100 Top1 PIT membership,1,2024-03-26,7.885035027835872,0.0,CRWD
Nasdaq-100 Top1 PIT membership,1,2024-03-27,8.062569163505978,0.022515326189848528,CRWD
Nasdaq-100 Top1 PIT membership,1,2024-03-28,7.7984450906533676,-0.03275929390449506,CRWD
Nasdaq-100 Top1 PIT membership,1,2024-04-01,7.76409890777704,-0.004404234751552272,CRWD
Nasdaq-100 Top1 PIT membership,1,2024-04-02,7.568666462541586,-0.02517129773291471,CRWD
Nasdaq-100 Top1 PIT membership,1,2024-04-03,7.656949682557433,0.0116643031441237,CRWD
Nasdaq-100 Top1 PIT membership,1,2024-04-04,7.843916451761669,0.024417917964140168,CRWD
Nasdaq-100 Top1 PIT membership,1,2024-04-05,7.491267050449733,-0.04495833216488865,CRWD
Nasdaq-100 Top1 PIT membership,1,2024-04-08,7.647516310887805,0.020857521082323638,CRWD
Nasdaq-100 Top1 PIT membership,1,2024-04-09,7.618733455262963,-0.0037636867258280526,CRWD
Nasdaq-100 Top1 PIT membership,1,2024-04-10,7.401048439157065,-0.028572336515529817,CRWD
Nasdaq-100 Top1 PIT membership,1,2024-04-11,7.5836624233272,0.024674069582354186,CRWD
Nasdaq-100 Top1 PIT membership,1,2024-04-12,7.592128099358418,0.0011163044395512411,CRWD
Nasdaq-100 Top1 PIT membership,1,2024-04-15,7.498765030842541,-0.012297351584961702,CRWD
Nasdaq-100 Top1 PIT membership,1,2024-04-16,7.1969082094469154,-0.04025420454622641,CRWD
Nasdaq-100 Top1 PIT membership,1,2024-04-17,7.352916099577008,0.021677070985192115,CRWD
Nasdaq-100 Top1 PIT membership,1,2024-04-18,7.086856635447577,-0.03618421052631582,CRWD
Nasdaq-100 Top1 PIT membership,1,2024-04-19,7.061460345489422,-0.0035835760852175325,CRWD
Nasdaq-100 Top1 PIT membership,1,2024-04-22,6.911257152918793,-0.021270839914377282,CRWD
Nasdaq-100 Top1 PIT membership,1,2024-04-23,7.067748521800343,0.022642967179344442,CRWD
Nasdaq-100 Top1 PIT membership,1,2024-04-24,7.343241357599403,0.03897886787416205,CRWD
Nasdaq-100 Top1 PIT membership,1,2024-04-25,7.0036525257962605,-0.04624508650416448,CRWD
Nasdaq-100 Top1 PIT membership,1,2024-04-26,7.264390771117685,0.03722889511737737,CRWD
Nasdaq-100 Top1 PIT membership,1,2024-04-29,7.560200786510368,0.0407205538238371,CRWD
Nasdaq-100 Top1 PIT membership,1,2024-04-30,7.3045416515534765,-0.03381644776062864,CRWD
Nasdaq-100 Top1 PIT membership,1,2024-05-01,7.024937401028296,-0.03827813761123755,CRWD
Nasdaq-100 Top1 PIT membership,1,2024-05-02,6.97308215191977,-0.00738159589876719,NVDA
Nasdaq-100 Top1 PIT membership,1,2024-05-03,7.248871196246049,0.039550522755615436,NVDA
Nasdaq-100 Top1 PIT membership,1,2024-05-06,7.381068497913145,0.01823695001444592,NVDA
Nasdaq-100 Top1 PIT membership,1,2024-05-07,7.522100515037565,0.019107263015414766,NVDA
Nasdaq-100 Top1 PIT membership,1,2024-05-08,7.388749243282818,-0.017727930049347473,NVDA
Nasdaq-100 Top1 PIT membership,1,2024-05-09,7.475117556908429,0.011689165619489517,NVDA
Nasdaq-100 Top1 PIT membership,1,2024-05-10,7.456620737938536,-0.0024744519171873147,NVDA
Nasdaq-100 Top1 PIT membership,1,2024-05-13,7.470906916115382,0.001915905163871301,NVDA
Nasdaq-100 Top1 PIT membership,1,2024-05-14,7.398325939951889,-0.009715149308972104,NVDA
Nasdaq-100 Top1 PIT membership,1,2024-05-15,7.635555282066457,0.03206527314963248,NVDA
Nasdaq-100 Top1 PIT membership,1,2024-05-16,7.836864331872187,0.026364690237858923,NVDA
Nasdaq-100 Top1 PIT membership,1,2024-05-17,7.792193122779533,-0.005700138116590536,NVDA
Nasdaq-100 Top1 PIT membership,1,2024-05-20,7.74108112811261,-0.006559384997466777,NVDA
Nasdaq-100 Top1 PIT membership,1,2024-05-21,7.728612000731979,-0.001610773375743002,NVDA
Nasdaq-100 Top1 PIT membership,1,2024-05-22,7.8821949373967835,0.019871994693259065,NVDA
Nasdaq-100 Top1 PIT membership,1,2024-05-23,8.424608056830346,0.06881498411820597,NVDA
Nasdaq-100 Top1 PIT membership,1,2024-05-24,8.624513145450612,0.023728710851799395,NVDA
Nasdaq-100 Top1 PIT membership,1,2024-05-28,9.10301588157428,0.055481709872061025,NVDA
Nasdaq-100 Top1 PIT membership,1,2024-05-29,9.334710519253559,0.02545251383645941,NVDA
Nasdaq-100 Top1 PIT membership,1,2024-05-30,9.4668256193943,0.0141531009310083,NVDA
Nasdaq-100 Top1 PIT membership,1,2024-05-31,9.290947803683892,-0.018578330559939182,NVDA
Nasdaq-100 Top1 PIT membership,1,2024-06-03,9.381859371348463,0.009784961619149879,NVDA
Nasdaq-100 Top1 PIT membership,1,2024-06-04,9.55484759142776,0.01843858591694425,NVDA
Nasdaq-100 Top1 PIT membership,1,2024-06-05,9.774073529510014,0.022943949234620398,NVDA
Nasdaq-100 Top1 PIT membership,1,2024-06-06,10.242832470036282,0.04795942440078682,NVDA
Nasdaq-100 Top1 PIT membership,1,2024-06-07,9.889590781508298,-0.034486719328987836,NVDA
Nasdaq-100 Top1 PIT membership,1,2024-06-10,9.939134005208887,0.00500963334026161,NVDA
Nasdaq-100 Top1 PIT membership,1,2024-06-11,10.055560743298761,0.01171397206525815,NVDA
Nasdaq-100 Top1 PIT membership,1,2024-06-12,10.162086820896068,0.010593748107811773,NVDA
Nasdaq-100 Top1 PIT membership,1,2024-06-13,10.684806771198971,0.05143824880811354,NVDA
Nasdaq-100 Top1 PIT membership,1,2024-06-14,10.731877882660104,0.00440542468096039,NVDA
Nasdaq-100 Top1 PIT membership,1,2024-06-17,10.982089522368117,0.023314804961794167,NVDA
Nasdaq-100 Top1 PIT membership,1,2024-06-18,10.829318285677799,-0.013910944395340907,NVDA
Nasdaq-100 Top1 PIT membership,1,2024-06-20,11.544448513044891,0.06603649541937284,NVDA
Nasdaq-100 Top1 PIT membership,1,2024-06-21,10.497354265856584,-0.09070110590428992,NVDA
Nasdaq-100 Top1 PIT membership,1,2024-06-24,10.17695039956223,-0.03052234479086713,NVDA
Nasdaq-100 Top1 PIT membership,1,2024-06-25,10.008491241215083,-0.016553009667256924,NVDA
Nasdaq-100 Top1 PIT membership,1,2024-06-26,10.41560208380624,0.04067654482372629,NVDA
Nasdaq-100 Top1 PIT membership,1,2024-06-27,10.247967440200442,-0.016094570650546314,NVDA
Nasdaq-100 Top1 PIT membership,1,2024-06-28,10.287605666869071,0.0038679110662604987,NVDA
Nasdaq-100 Top1 PIT membership,1,2024-07-01,10.195944327311409,-0.008909880736666986,NVDA
Nasdaq-100 Top1 PIT membership,1,2024-07-02,10.002710777490321,-0.018952001268139673,NVDA
Nasdaq-100 Top1 PIT membership,1,2024-07-03,10.04647681710311,0.0043754178828481205,NVDA
Nasdaq-100 Top1 PIT membership,1,2024-07-05,10.518824331501795,0.04701623494462859,NVDA
Nasdaq-100 Top1 PIT membership,1,2024-07-08,10.527907192282322,0.0008634863074312715,NVDA
Nasdaq-100 Top1 PIT membership,1,2024-07-09,10.764083635213861,0.022433370528254004,NVDA
Nasdaq-100 Top1 PIT membership,1,2024-07-10,11.06797056921212,0.028231565667523828,NVDA
Nasdaq-100 Top1 PIT membership,1,2024-07-11,11.210005768699592,0.012832993962106576,NVDA
Nasdaq-100 Top1 PIT membership,1,2024-07-12,10.591495777581034,-0.055174814703981,NVDA
Nasdaq-100 Top1 PIT membership,1,2024-07-15,10.78142201016222,0.017931955652874088,NVDA
Nasdaq-100 Top1 PIT membership,1,2024-07-16,10.606358072189956,-0.016237555473411214,NVDA
Nasdaq-100 Top1 PIT membership,1,2024-07-17,10.02087772131747,-0.05520088487372732,NVDA
Nasdaq-100 Top1 PIT membership,1,2024-07-18,10.062166759096936,0.0041203015272435195,NVDA
Nasdaq-100 Top1 PIT membership,1,2024-07-19,9.938299547099431,-0.012310192721216806,NVDA
Nasdaq-100 Top1 PIT membership,1,2024-07-22,9.938299150044019,-3.9952047115043854e-08,NVDA
Nasdaq-100 Top1 PIT membership,1,2024-07-23,10.138965085799137,0.02019117484043842,NVDA
Nasdaq-100 Top1 PIT membership,1,2024-07-24,9.840856822426131,-0.02940223788624574,NVDA
Nasdaq-100 Top1 PIT membership,1,2024-07-25,9.334651740225555,-0.05143912682958618,NVDA
Nasdaq-100 Top1 PIT membership,1,2024-07-26,9.594774354395469,0.027866343748955913,NVDA
Nasdaq-100 Top1 PIT membership,1,2024-07-29,9.38832738653616,-0.021516604792767513,NVDA
Nasdaq-100 Top1 PIT membership,1,2024-07-30,9.209132278903496,-0.019087010950390226,NVDA
Nasdaq-100 Top1 PIT membership,1,2024-07-31,9.323090485566532,0.012374478203998951,NVDA
Nasdaq-100 Top1 PIT membership,1,2024-08-01,9.705428197102021,0.041009760886414615,NVDA
Nasdaq-100 Top1 PIT membership,1,2024-08-02,8.652014237541604,-0.10853863818960197,ARM
Nasdaq-100 Top1 PIT membership,1,2024-08-05,7.427430872098241,-0.14153737289633928,ARM
Nasdaq-100 Top1 PIT membership,1,2024-08-06,8.711584564333215,0.1728933886223032,ARM
Nasdaq-100 Top1 PIT membership,1,2024-08-07,8.882755120811096,0.019648613316420427,ARM
Nasdaq-100 Top1 PIT membership,1,2024-08-08,8.430322783424401,-0.05093378475859445,ARM
Nasdaq-100 Top1 PIT membership,1,2024-08-09,8.971733503509046,0.06422182566356294,ARM
Nasdaq-100 Top1 PIT membership,1,2024-08-12,8.872198412295873,-0.011094298685336956,ARM
Nasdaq-100 Top1 PIT membership,1,2024-08-13,9.02602490074558,0.017338035208559033,ARM
Nasdaq-100 Top1 PIT membership,1,2024-08-14,9.713722835977912,0.07619056481613784,ARM
Nasdaq-100 Top1 PIT membership,1,2024-08-15,9.78460293566875,0.007296903657608045,ARM
Nasdaq-100 Top1 PIT membership,1,2024-08-16,9.893186880736746,0.01109742988876583,ARM
Nasdaq-100 Top1 PIT membership,1,2024-08-19,9.849451616717973,-0.00442074576635465,ARM
Nasdaq-100 Top1 PIT membership,1,2024-08-20,9.969723305120866,0.012211003524170705,ARM
Nasdaq-100 Top1 PIT membership,1,2024-08-21,9.909022518807053,-0.0060885126353140695,ARM
Nasdaq-100 Top1 PIT membership,1,2024-08-22,9.985935187734439,0.007761882545065157,ARM
Nasdaq-100 Top1 PIT membership,1,2024-08-23,9.802700643378396,-0.018349262328590688,ARM
Nasdaq-100 Top1 PIT membership,1,2024-08-26,10.142402291556618,0.03465388371394229,ARM
Nasdaq-100 Top1 PIT membership,1,2024-08-27,9.611547704689732,-0.052340123336343414,ARM
Nasdaq-100 Top1 PIT membership,1,2024-08-28,9.802700643378394,0.019887841642339588,ARM
Nasdaq-100 Top1 PIT membership,1,2024-08-29,9.463376390338373,-0.0346153846153846,ARM
Nasdaq-100 Top1 PIT membership,1,2024-08-30,10.053047089017934,0.06231081533242033,ARM
Nasdaq-100 Top1 PIT membership,1,2024-09-03,9.79252133000137,-0.025915103819732943,ARM
Nasdaq-100 Top1 PIT membership,1,2024-09-04,8.897764720071725,-0.09137142312760405,NVDA
Nasdaq-100 Top1 PIT membership,1,2024-09-05,8.862311712606788,-0.003984484708273062,NVDA
Nasdaq-100 Top1 PIT membership,1,2024-09-06,9.119765098616176,0.029050364550273766,NVDA
Nasdaq-100 Top1 PIT membership,1,2024-09-09,8.8530266134564,-0.029248394259655974,NVDA
Nasdaq-100 Top1 PIT membership,1,2024-09-10,9.100350230947173,0.02793661741791742,NVDA
Nasdaq-100 Top1 PIT membership,1,2024-09-11,9.233719504568478,0.01465540009303834,NVDA
Nasdaq-100 Top1 PIT membership,1,2024-09-12,9.863425961153878,0.06819640300681051,NVDA
Nasdaq-100 Top1 PIT membership,1,2024-09-13,10.052522570757096,0.01917149379413985,NVDA
Nasdaq-100 Top1 PIT membership,1,2024-09-16,9.859205039398068,-0.019230748302062173,NVDA
Nasdaq-100 Top1 PIT membership,1,2024-09-17,9.975702073090588,0.01181606764713683,NVDA
Nasdaq-100 Top1 PIT membership,1,2024-09-18,9.783228381577754,-0.019294250179346384,NVDA
Nasdaq-100 Top1 PIT membership,1,2024-09-19,9.90647945055721,0.01259820012088686,NVDA
Nasdaq-100 Top1 PIT membership,1,2024-09-20,9.881997983768946,-0.0024712580196072365,NVDA
Nasdaq-100 Top1 PIT membership,1,2024-09-23,9.838944832171553,-0.0043567253978504805,NVDA
Nasdaq-100 Top1 PIT membership,1,2024-09-24,9.836412080199405,-0.00025742109701298865,NVDA
Nasdaq-100 Top1 PIT membership,1,2024-09-25,10.300711823642793,0.04720214440568404,NVDA
Nasdaq-100 Top1 PIT membership,1,2024-09-26,10.704231188988484,0.039173930137479385,NVDA
Nasdaq-100 Top1 PIT membership,1,2024-09-27,10.465327988517577,-0.02231857629501388,NVDA
Nasdaq-100 Top1 PIT membership,1,2024-09-30,9.987520550823527,-0.04565623153123288,NVDA
Nasdaq-100 Top1 PIT membership,1,2024-10-01,10.279606407196628,0.029245081888619184,NVDA
Nasdaq-100 Top1 PIT membership,1,2024-10-02,10.117027164024215,-0.015815707015649272,AAPL
Nasdaq-100 Top1 PIT membership,1,2024-10-03,10.083436429988717,-0.003320217835822814,AAPL
Nasdaq-100 Top1 PIT membership,1,2024-10-04,10.20705012653732,0.01225908423253097,AAPL
Nasdaq-100 Top1 PIT membership,1,2024-10-07,10.05477200220295,-0.014918916087074185,AAPL
Nasdaq-100 Top1 PIT membership,1,2024-10-08,10.045815696964961,-0.0008907516984002495,AAPL
Nasdaq-100 Top1 PIT membership,1,2024-10-09,10.087467200466692,0.004146154454567119,AAPL
Nasdaq-100 Top1 PIT membership,1,2024-10-10,10.201674666056459,0.011321718655450175,AAPL
Nasdaq-100 Top1 PIT membership,1,2024-10-11,10.269752710257551,0.0066732224296079945,AAPL
Nasdaq-100 Top1 PIT membership,1,2024-10-14,10.24288038451719,-0.0026166477907030306,AAPL
Nasdaq-100 Top1 PIT membership,1,2024-10-15,10.462786334310206,0.02146915140446426,AAPL
Nasdaq-100 Top1 PIT membership,1,2024-10-16,10.372763631189807,-0.008604085015593843,AAPL
Nasdaq-100 Top1 PIT membership,1,2024-10-17,10.454724272983553,0.007901524097907675,AAPL
Nasdaq-100 Top1 PIT membership,1,2024-10-18,10.577889450811401,0.011780815506165387,AAPL
Nasdaq-100 Top1 PIT membership,1,2024-10-21,10.500407890507756,-0.007324860092738361,AAPL
Nasdaq-100 Top1 PIT membership,1,2024-10-22,10.475325466101348,-0.002388709530901423,AAPL
Nasdaq-100 Top1 PIT membership,1,2024-10-23,10.483835945196692,0.0008124309953789766,AAPL
Nasdaq-100 Top1 PIT membership,1,2024-10-24,10.300206868519295,-0.017515447364619297,AAPL
Nasdaq-100 Top1 PIT membership,1,2024-10-25,10.28945942568707,-0.0010434200952869066,AAPL
Nasdaq-100 Top1 PIT membership,1,2024-10-28,10.449797299040249,0.015582730512829768,AAPL
Nasdaq-100 Top1 PIT membership,1,2024-10-29,10.439944469761679,-0.0009428727655295122,AAPL
Nasdaq-100 Top1 PIT membership,1,2024-10-30,10.417998525744938,-0.0021021130984273384,AAPL
Nasdaq-100 Top1 PIT membership,1,2024-10-31,10.271543418686491,-0.014057892856917498,AAPL
Nasdaq-100 Top1 PIT membership,1,2024-11-01,9.896672459242748,-0.0364960692043379,AAPL
Nasdaq-100 Top1 PIT membership,1,2024-11-04,8.757949770177309,-0.11506116765559493,CEG
Nasdaq-100 Top1 PIT membership,1,2024-11-05,8.676962859347057,-0.009247245411937555,CEG
Nasdaq-100 Top1 PIT membership,1,2024-11-06,8.996016145796577,0.03677015698019592,CEG
Nasdaq-100 Top1 PIT membership,1,2024-11-07,9.135389564421255,0.015492793294929808,CEG
Nasdaq-100 Top1 PIT membership,1,2024-11-08,9.162887323030626,0.003010025835840091,CEG
Nasdaq-100 Top1 PIT membership,1,2024-11-11,9.115426478995328,-0.005179682163722221,CEG
Nasdaq-100 Top1 PIT membership,1,2024-11-12,8.868695828115873,-0.02706737325433939,CEG
Nasdaq-100 Top1 PIT membership,1,2024-11-13,8.701447199139164,-0.01885831155089246,CEG
Nasdaq-100 Top1 PIT membership,1,2024-11-14,8.595975616899302,-0.01212115408231118,CEG
Nasdaq-100 Top1 PIT membership,1,2024-11-15,8.48307122529339,-0.013134563967811652,CEG
Nasdaq-100 Top1 PIT membership,1,2024-11-18,8.526082377055472,0.005070233482637576,CEG
Nasdaq-100 Top1 PIT membership,1,2024-11-19,8.537965645084485,0.0013937547754632185,CEG
Nasdaq-100 Top1 PIT membership,1,2024-11-20,8.984472438985396,0.052296625737534574,CEG
Nasdaq-100 Top1 PIT membership,1,2024-11-21,8.953159038606055,-0.003485279808246311,CEG
Nasdaq-100 Top1 PIT membership,1,2024-11-22,9.47757379468209,0.05857315320935963,CEG
Nasdaq-100 Top1 PIT membership,1,2024-11-25,9.563970446398992,0.009115903878836429,CEG
Nasdaq-100 Top1 PIT membership,1,2024-11-26,9.414945453573443,-0.015581916910006766,CEG
Nasdaq-100 Top1 PIT membership,1,2024-11-27,9.997839355903142,0.06191155383788893,CEG
Nasdaq-100 Top1 PIT membership,1,2024-11-29,9.732991311021856,-0.026490528148455317,CEG
Nasdaq-100 Top1 PIT membership,1,2024-12-02,9.69601716492766,-0.003798847128562044,CEG
Nasdaq-100 Top1 PIT membership,1,2024-12-03,9.759976669605393,0.0065964718904465425,APP
Nasdaq-100 Top1 PIT membership,1,2024-12-04,10.770625141310093,0.10355029585798814,APP
Nasdaq-100 Top1 PIT membership,1,2024-12-05,10.7908384632304,0.0018767083298425469,APP
Nasdaq-100 Top1 PIT membership,1,2024-12-06,11.055916908031502,0.024565138817002286,APP
Nasdaq-100 Top1 PIT membership,1,2024-12-09,10.683998129449687,-0.03363979502339032,APP
Nasdaq-100 Top1 PIT membership,1,2024-12-10,9.878655252870686,-0.07537841796875,APP
Nasdaq-100 Top1 PIT membership,1,2024-12-11,9.459669871399102,-0.04241320005066784,APP
Nasdaq-100 Top1 PIT membership,1,2024-12-12,9.708000814975366,0.026251544393433912,APP
Nasdaq-100 Top1 PIT membership,1,2024-12-13,9.413468622163782,-0.030339119085903254,APP
Nasdaq-100 Top1 PIT membership,1,2024-12-16,9.418088835208867,0.0004908087794766036,APP
Nasdaq-100 Top1 PIT membership,1,2024-12-17,9.834764550765676,0.044242066819235815,APP
Nasdaq-100 Top1 PIT membership,1,2024-12-18,9.789429536400338,-0.004609669517894988,APP
Nasdaq-100 Top1 PIT membership,1,2024-12-19,9.10738633734725,-0.06967139367181963,APP
Nasdaq-100 Top1 PIT membership,1,2024-12-20,9.043860390712275,-0.0069752115790311375,APP
Nasdaq-100 Top1 PIT membership,1,2024-12-23,10.037327803149376,0.10984992796409765,APP
Nasdaq-100 Top1 PIT membership,1,2024-12-24,9.962106363946335,-0.007494169830683406,APP
Nasdaq-100 Top1 PIT membership,1,2024-12-26,9.85671034242595,-0.010579692453577927,APP
Nasdaq-100 Top1 PIT membership,1,2024-12-27,9.962106363946333,0.010692819192091862,APP
Nasdaq-100 Top1 PIT membership,1,2024-12-30,9.49229952019434,-0.047159388445425776,APP
Nasdaq-100 Top1 PIT membership,1,2024-12-31,9.587011684579759,0.009977789278975413,APP
Nasdaq-100 Top2 PIT membership,2,2020-01-03,1.012540277681504,0.012540277681504008,"TSLA, LRCX"
Nasdaq-100 Top2 PIT membership,2,2020-01-06,1.0085879824897115,-0.003903346147219433,"TSLA, LRCX"
Nasdaq-100 Top2 PIT membership,2,2020-01-07,1.0359441900786783,0.027123273392012592,"TSLA, LRCX"
Nasdaq-100 Top2 PIT membership,2,2020-01-08,1.0599433155955575,0.023166427059219008,"TSLA, LRCX"
Nasdaq-100 Top2 PIT membership,2,2020-01-09,1.0943894556351186,0.032498096391321285,"TSLA, LRCX"
Nasdaq-100 Top2 PIT membership,2,2020-01-10,1.0720849196694908,-0.020380803059440677,"TSLA, LRCX"
Nasdaq-100 Top2 PIT membership,2,2020-01-13,1.0766368690668493,0.0042458851102596395,"TSLA, LRCX"
Nasdaq-100 Top2 PIT membership,2,2020-01-14,1.1425397777373911,0.06121182597774266,"TSLA, LRCX"
Nasdaq-100 Top2 PIT membership,2,2020-01-15,1.1256833150581502,-0.014753501810345904,"TSLA, LRCX"
Nasdaq-100 Top2 PIT membership,2,2020-01-16,1.092201475369315,-0.029743569297823014,"TSLA, LRCX"
Nasdaq-100 Top2 PIT membership,2,2020-01-17,1.116994014603336,0.022699602402237562,"TSLA, LRCX"
Nasdaq-100 Top2 PIT membership,2,2020-01-21,1.1439771690642255,0.024156937376671572,"TSLA, LRCX"
Nasdaq-100 Top2 PIT membership,2,2020-01-22,1.1941099864199651,0.04382326737932041,"TSLA, LRCX"
Nasdaq-100 Top2 PIT membership,2,2020-01-23,1.1880536359390825,-0.005071853137280924,"TSLA, LRCX"
Nasdaq-100 Top2 PIT membership,2,2020-01-24,1.202176622999644,0.01188749954828272,"TSLA, LRCX"
Nasdaq-100 Top2 PIT membership,2,2020-01-27,1.1361202768604115,-0.054947288838814834,"TSLA, LRCX"
Nasdaq-100 Top2 PIT membership,2,2020-01-28,1.1672419347718033,0.027392925331281126,"TSLA, LRCX"
Nasdaq-100 Top2 PIT membership,2,2020-01-29,1.1813724787643052,0.012105925576829324,"TSLA, LRCX"
Nasdaq-100 Top2 PIT membership,2,2020-01-30,1.271183350855073,0.07602248546090096,"TSLA, LRCX"
Nasdaq-100 Top2 PIT membership,2,2020-01-31,1.2580408743826856,-0.010338773288327774,"TSLA, LRCX"
Nasdaq-100 Top2 PIT membership,2,2020-02-03,1.2748146575129042,0.01333325766418314,"TSLA, LRCX"
Nasdaq-100 Top2 PIT membership,2,2020-02-04,1.5114156378476797,0.18559637586562705,"TSLA, AMD"
Nasdaq-100 Top2 PIT membership,2,2020-02-05,1.4769049710365536,-0.02283333978221297,"TSLA, AMD"
Nasdaq-100 Top2 PIT membership,2,2020-02-06,1.3443917227870676,-0.08972361177475263,"TSLA, AMD"
Nasdaq-100 Top2 PIT membership,2,2020-02-07,1.3753237127302043,0.02300816749973089,"TSLA, AMD"
Nasdaq-100 Top2 PIT membership,2,2020-02-10,1.4485699685055051,0.05325746593134573,"TSLA, AMD"
Nasdaq-100 Top2 PIT membership,2,2020-02-11,1.4752171624941763,0.018395517350234147,"TSLA, AMD"
Nasdaq-100 Top2 PIT membership,2,2020-02-12,1.502084971634265,0.018212782377519887,"TSLA, AMD"
Nasdaq-100 Top2 PIT membership,2,2020-02-13,1.452147289309301,-0.03324557749261803,"TSLA, AMD"
Nasdaq-100 Top2 PIT membership,2,2020-02-14,1.5204798838584936,0.04705624219544169,"TSLA, AMD"
Nasdaq-100 Top2 PIT membership,2,2020-02-18,1.5695523790642396,0.0322743468865998,"TSLA, AMD"
Nasdaq-100 Top2 PIT membership,2,2020-02-19,1.6894895569270012,0.0764148934833686,"TSLA, AMD"
Nasdaq-100 Top2 PIT membership,2,2020-02-20,1.6854796636099136,-0.0023734348049958554,"TSLA, AMD"
Nasdaq-100 Top2 PIT membership,2,2020-02-21,1.655939220604032,-0.017526430987967356,"TSLA, AMD"
Nasdaq-100 Top2 PIT membership,2,2020-02-24,1.4693427135785286,-0.11268318589461229,"TSLA, AMD"
Nasdaq-100 Top2 PIT membership,2,2020-02-25,1.5232346534044607,0.03667758333566751,"TSLA, AMD"
Nasdaq-100 Top2 PIT membership,2,2020-02-26,1.4123479700324044,-0.07279684920785018,"TSLA, AMD"
Nasdaq-100 Top2 PIT membership,2,2020-02-27,1.3306224833409475,-0.05786497975394972,"TSLA, AMD"
Nasdaq-100 Top2 PIT membership,2,2020-02-28,1.1802737323923698,-0.11299129003974123,"TSLA, AMD"
Nasdaq-100 Top2 PIT membership,2,2020-03-02,1.343175279329455,0.13802014097771198,"TSLA, AMD"
Nasdaq-100 Top2 PIT membership,2,2020-03-03,1.4825768787147677,0.10378511392415246,"TSLA, AAPL"
Nasdaq-100 Top2 PIT membership,2,2020-03-04,1.4271359730179196,-0.03739496176745266,"TSLA, AAPL"
Nasdaq-100 Top2 PIT membership,2,2020-03-05,1.3873819763404907,-0.027855787695801992,"TSLA, AAPL"
Nasdaq-100 Top2 PIT membership,2,2020-03-06,1.3232794782823196,-0.04620392880355473,"TSLA, AAPL"
Nasdaq-100 Top2 PIT membership,2,2020-03-09,1.1993280922203775,-0.0936698468435685,"TSLA, AAPL"
Nasdaq-100 Top2 PIT membership,2,2020-03-10,1.2833007130686123,0.0700163878366028,"TSLA, AAPL"
Nasdaq-100 Top2 PIT membership,2,2020-03-11,1.2651680466811355,-0.01412970958624199,"TSLA, AAPL"
Nasdaq-100 Top2 PIT membership,2,2020-03-12,1.1576470857977268,-0.0849855172721633,"TSLA, AAPL"
Nasdaq-100 Top2 PIT membership,2,2020-03-13,1.1919479673316093,0.02962982583785112,"TSLA, AAPL"
Nasdaq-100 Top2 PIT membership,2,2020-03-16,1.0146298747197278,-0.14876328285440182,"TSLA, AAPL"
Nasdaq-100 Top2 PIT membership,2,2020-03-17,0.9944227370550772,-0.019915772409355104,"TSLA, AAPL"
Nasdaq-100 Top2 PIT membership,2,2020-03-18,0.9212329016977598,-0.07360032371551017,"TSLA, AAPL"
Nasdaq-100 Top2 PIT membership,2,2020-03-19,0.9189389615877245,-0.0024900761857373777,"TSLA, AAPL"
Nasdaq-100 Top2 PIT membership,2,2020-03-20,0.9964146110080742,0.08430989723897309,"TSLA, AAPL"
Nasdaq-100 Top2 PIT membership,2,2020-03-23,0.9526874466961188,-0.04388450734149363,"TSLA, AAPL"
Nasdaq-100 Top2 PIT membership,2,2020-03-24,1.0179880629713927,0.06854358845782371,"TSLA, AAPL"
Nasdaq-100 Top2 PIT membership,2,2020-03-25,1.1214385071591804,0.10162245310208029,"TSLA, AAPL"
Nasdaq-100 Top2 PIT membership,2,2020-03-26,1.1141802661204883,-0.006472259506300149,"TSLA, AAPL"
Nasdaq-100 Top2 PIT membership,2,2020-03-27,1.085117711020566,-0.02608424864776704,"TSLA, AAPL"
Nasdaq-100 Top2 PIT membership,2,2020-03-30,1.0864542548931886,0.0012317040437626048,"TSLA, AAPL"
Nasdaq-100 Top2 PIT membership,2,2020-03-31,1.0873912837348032,0.0008624650668856981,"TSLA, AAPL"
Nasdaq-100 Top2 PIT membership,2,2020-04-01,1.0710171993178632,-0.01505813469526901,"TSLA, AAPL"
Nasdaq-100 Top2 PIT membership,2,2020-04-02,1.0578381607200071,-0.012305160557878836,"TSLA, REGN"
Nasdaq-100 Top2 PIT membership,2,2020-04-03,1.0905014413908336,0.030877389267744637,"TSLA, REGN"
Nasdaq-100 Top2 PIT membership,2,2020-04-06,1.1009248739818498,0.009558384973542111,"TSLA, REGN"
Nasdaq-100 Top2 PIT membership,2,2020-04-07,1.1366975285666021,0.03249327490927606,"TSLA, REGN"
Nasdaq-100 Top2 PIT membership,2,2020-04-08,1.145613484937301,0.007843736919127542,"TSLA, REGN"
Nasdaq-100 Top2 PIT membership,2,2020-04-09,1.1627675489404978,0.0149736924614986,"TSLA, REGN"
Nasdaq-100 Top2 PIT membership,2,2020-04-13,1.1939780404589524,0.026841557065204746,"TSLA, REGN"
Nasdaq-100 Top2 PIT membership,2,2020-04-14,1.3187498851450667,0.10450095433761353,"TSLA, REGN"
Nasdaq-100 Top2 PIT membership,2,2020-04-15,1.3601969851932367,0.031429083342525255,"TSLA, REGN"
Nasdaq-100 Top2 PIT membership,2,2020-04-16,1.3289675526750273,-0.02295949252804208,"TSLA, REGN"
Nasdaq-100 Top2 PIT membership,2,2020-04-17,1.420044009500026,0.06853173852264072,"TSLA, REGN"
Nasdaq-100 Top2 PIT membership,2,2020-04-20,1.4052398443251548,-0.010425145330589636,"TSLA, REGN"
Nasdaq-100 Top2 PIT membership,2,2020-04-21,1.4019598373172675,-0.00233412610746353,"TSLA, REGN"
Nasdaq-100 Top2 PIT membership,2,2020-04-22,1.3637862437792063,-0.027228735461572506,"TSLA, REGN"
Nasdaq-100 Top2 PIT membership,2,2020-04-23,1.3908756329007261,0.01986336879777595,"TSLA, REGN"
Nasdaq-100 Top2 PIT membership,2,2020-04-24,1.3931303487808542,0.0016210765555116913,"TSLA, REGN"
Nasdaq-100 Top2 PIT membership,2,2020-04-27,1.406655397616839,0.00970838719278544,"TSLA, REGN"
Nasdaq-100 Top2 PIT membership,2,2020-04-28,1.429928560331582,0.016545034948980852,"TSLA, REGN"
Nasdaq-100 Top2 PIT membership,2,2020-04-29,1.4185750239522141,-0.007939932591272458,"TSLA, REGN"
Nasdaq-100 Top2 PIT membership,2,2020-04-30,1.4521043700073233,0.023635934292494942,"TSLA, REGN"
Nasdaq-100 Top2 PIT membership,2,2020-05-01,1.3815082473247644,-0.04861642464597976,"TSLA, REGN"
Nasdaq-100 Top2 PIT membership,2,2020-05-04,1.3572709890219585,-0.017544056178991574,"DXCM, TSLA"
Nasdaq-100 Top2 PIT membership,2,2020-05-05,1.476639814981416,0.08794767362225409,"DXCM, TSLA"
Nasdaq-100 Top2 PIT membership,2,2020-05-06,1.4873735967164208,0.007269058863308309,"DXCM, TSLA"
Nasdaq-100 Top2 PIT membership,2,2020-05-07,1.5293005116124805,0.028188556653566343,"DXCM, TSLA"
Nasdaq-100 Top2 PIT membership,2,2020-05-08,1.5753921137021785,0.030139009135032202,"DXCM, TSLA"
Nasdaq-100 Top2 PIT membership,2,2020-05-11,1.5662556276189032,-0.005799499695224752,"DXCM, TSLA"
Nasdaq-100 Top2 PIT membership,2,2020-05-12,1.6339004838822608,0.04318889909828738,"DXCM, TSLA"
Nasdaq-100 Top2 PIT membership,2,2020-05-13,1.6134802036611886,-0.012497872681053512,"DXCM, TSLA"
Nasdaq-100 Top2 PIT membership,2,2020-05-14,1.5511179845881227,-0.03865074943687452,"DXCM, TSLA"
Nasdaq-100 Top2 PIT membership,2,2020-05-15,1.5565805020672212,0.0035216647175612126,"DXCM, TSLA"
Nasdaq-100 Top2 PIT membership,2,2020-05-18,1.6440901813976014,0.05621917993586745,"DXCM, TSLA"
Nasdaq-100 Top2 PIT membership,2,2020-05-19,1.6062304363234912,-0.023027778830189527,"DXCM, TSLA"
Nasdaq-100 Top2 PIT membership,2,2020-05-20,1.6073288007268247,0.0006838149611007038,"DXCM, TSLA"
Nasdaq-100 Top2 PIT membership,2,2020-05-21,1.582368151795891,-0.015529273736429483,"DXCM, TSLA"
Nasdaq-100 Top2 PIT membership,2,2020-05-22,1.5832583240737448,0.0005625569984099577,"DXCM, TSLA"
Nasdaq-100 Top2 PIT membership,2,2020-05-26,1.6185754715586582,0.022306623592568298,"DXCM, TSLA"
Nasdaq-100 Top2 PIT membership,2,2020-05-27,1.5493003542909722,-0.04280005380346924,"DXCM, TSLA"
Nasdaq-100 Top2 PIT membership,2,2020-05-28,1.5024702418436118,-0.030226619594876325,"DXCM, TSLA"
Nasdaq-100 Top2 PIT membership,2,2020-05-29,1.5123652497769042,0.006585826233171166,"DXCM, TSLA"
Nasdaq-100 Top2 PIT membership,2,2020-06-01,1.5893214835192964,0.050884687911034954,"DXCM, TSLA"
Nasdaq-100 Top2 PIT membership,2,2020-06-02,1.6098289741160836,0.012903299181092343,"TSLA, DXCM"
Nasdaq-100 Top2 PIT membership,2,2020-06-03,1.59960651240455,-0.006350029646563282,"TSLA, DXCM"
Nasdaq-100 Top2 PIT membership,2,2020-06-04,1.579079282198256,-0.012832674815406453,"TSLA, DXCM"
Nasdaq-100 Top2 PIT membership,2,2020-06-05,1.5171373541239914,-0.039226610577801024,"TSLA, DXCM"
Nasdaq-100 Top2 PIT membership,2,2020-06-08,1.6022277941375438,0.05608618084727368,"TSLA, DXCM"
Nasdaq-100 Top2 PIT membership,2,2020-06-09,1.6443162531752333,0.02626871109819018,"TSLA, DXCM"
Nasdaq-100 Top2 PIT membership,2,2020-06-10,1.7166182584070373,0.0439708633252186,"TSLA, DXCM"
Nasdaq-100 Top2 PIT membership,2,2020-06-11,1.699077607846299,-0.010218142836844524,"TSLA, DXCM"
Nasdaq-100 Top2 PIT membership,2,2020-06-12,1.6692004646232008,-0.0175843311012554,"TSLA, DXCM"
Nasdaq-100 Top2 PIT membership,2,2020-06-15,1.6035405842320078,-0.03933612635676731,"TSLA, DXCM"
Nasdaq-100 Top2 PIT membership,2,2020-06-16,1.7718508442413219,0.10496164653663809,"TSLA, DXCM"
Nasdaq-100 Top2 PIT membership,2,2020-06-17,1.743045887657933,-0.016256987249805843,"TSLA, DXCM"
Nasdaq-100 Top2 PIT membership,2,2020-06-18,1.7709489323254117,0.016008210033397918,"TSLA, DXCM"
Nasdaq-100 Top2 PIT membership,2,2020-06-19,1.7796704250870847,0.00492475678009574,"TSLA, DXCM"
Nasdaq-100 Top2 PIT membership,2,2020-06-22,1.7900973863393863,0.0058589282067724735,"TSLA, DXCM"
Nasdaq-100 Top2 PIT membership,2,2020-06-23,1.7726202469502328,-0.00976323384555794,"TSLA, DXCM"
Nasdaq-100 Top2 PIT membership,2,2020-06-24,1.764884970692352,-0.004363752626198036,"TSLA, DXCM"
Nasdaq-100 Top2 PIT membership,2,2020-06-25,1.7065760714055274,-0.033038356751346976,"TSLA, DXCM"
Nasdaq-100 Top2 PIT membership,2,2020-06-26,1.7530116759055854,0.02720980639428172,"TSLA, DXCM"
Nasdaq-100 Top2 PIT membership,2,2020-06-29,1.7034586459979446,-0.02826737014289543,"TSLA, DXCM"
Nasdaq-100 Top2 PIT membership,2,2020-06-30,1.7586220833110122,0.0323831972338553,"TSLA, DXCM"
Nasdaq-100 Top2 PIT membership,2,2020-07-01,1.8501234092094814,0.05203012447460942,"TSLA, DXCM"
Nasdaq-100 Top2 PIT membership,2,2020-07-02,1.9531625790524751,0.05569313340401444,"TSLA, DXCM"
Nasdaq-100 Top2 PIT membership,2,2020-07-06,2.0215345526847837,0.035005776971969715,"TSLA, DXCM"
Nasdaq-100 Top2 PIT membership,2,2020-07-07,2.160399057121995,0.06869261979855179,"TSLA, DXCM"
Nasdaq-100 Top2 PIT membership,2,2020-07-08,2.1650922697873156,0.0021723822966172035,"TSLA, DXCM"
Nasdaq-100 Top2 PIT membership,2,2020-07-09,2.175413739638859,0.004767219390865551,"TSLA, DXCM"
Nasdaq-100 Top2 PIT membership,2,2020-07-10,2.183453368901779,0.003695678259462709,"TSLA, DXCM"
Nasdaq-100 Top2 PIT membership,2,2020-07-13,2.3943481428225,0.09658771601190441,"TSLA, DXCM"
Nasdaq-100 Top2 PIT membership,2,2020-07-14,2.1983318106290626,-0.08186626192228252,"TSLA, DXCM"
Nasdaq-100 Top2 PIT membership,2,2020-07-15,2.240259717701343,0.01907260171988434,"TSLA, DXCM"
Nasdaq-100 Top2 PIT membership,2,2020-07-16,2.1874162956504892,-0.023588078486308117,"TSLA, DXCM"
Nasdaq-100 Top2 PIT membership,2,2020-07-17,2.2236311019186235,0.016555973520058664,"TSLA, DXCM"
Nasdaq-100 Top2 PIT membership,2,2020-07-20,2.2653400615287946,0.018757139875487105,"TSLA, DXCM"
Nasdaq-100 Top2 PIT membership,2,2020-07-21,2.359739068179925,0.04167100924680778,"TSLA, DXCM"
Nasdaq-100 Top2 PIT membership,2,2020-07-22,2.3260617442584337,-0.014271630442371952,"TSLA, DXCM"
Nasdaq-100 Top2 PIT membership,2,2020-07-23,2.374602828671357,0.020868355937988414,"TSLA, DXCM"
Nasdaq-100 Top2 PIT membership,2,2020-07-24,2.1697634019732397,-0.08626260536071617,"TSLA, DXCM"
Nasdaq-100 Top2 PIT membership,2,2020-07-27,2.2041804228385344,0.01586210774593899,"TSLA, DXCM"
Nasdaq-100 Top2 PIT membership,2,2020-07-28,2.2443286765533212,0.018214595002656042,"TSLA, DXCM"
Nasdaq-100 Top2 PIT membership,2,2020-07-29,2.2597512154661663,0.006871782673351534,"TSLA, DXCM"
Nasdaq-100 Top2 PIT membership,2,2020-07-30,2.2329318148583677,-0.011868297901221014,"TSLA, DXCM"
Nasdaq-100 Top2 PIT membership,2,2020-07-31,2.283333676796354,0.022572055986037065,"TSLA, DXCM"
Nasdaq-100 Top2 PIT membership,2,2020-08-03,2.2490833771700807,-0.01500012896683961,"TSLA, DXCM"
Nasdaq-100 Top2 PIT membership,2,2020-08-04,2.319385224675533,0.03125799968959342,"REGN, TSLA"
Nasdaq-100 Top2 PIT membership,2,2020-08-05,2.3186865776372785,-0.00030122078506900074,"REGN, TSLA"
Nasdaq-100 Top2 PIT membership,2,2020-08-06,2.2708621806317533,-0.020625641027455233,"REGN, TSLA"
Nasdaq-100 Top2 PIT membership,2,2020-08-07,2.263268485783244,-0.003343969930573454,"REGN, TSLA"
Nasdaq-100 Top2 PIT membership,2,2020-08-10,2.2280183043624686,-0.015574900477870635,"REGN, TSLA"
Nasdaq-100 Top2 PIT membership,2,2020-08-11,2.148869968240681,-0.035524095994550364,"REGN, TSLA"
Nasdaq-100 Top2 PIT membership,2,2020-08-12,2.203661794769324,0.025497972114851608,"REGN, TSLA"
Nasdaq-100 Top2 PIT membership,2,2020-08-13,2.3306347596264816,0.057619079823657327,"REGN, TSLA"
Nasdaq-100 Top2 PIT membership,2,2020-08-14,2.3670202778672844,0.01561184912844682,"REGN, TSLA"
Nasdaq-100 Top2 PIT membership,2,2020-08-17,2.3845778141953105,0.007417569039098293,"REGN, TSLA"
Nasdaq-100 Top2 PIT membership,2,2020-08-18,2.558444791627934,0.07291310704880316,"REGN, TSLA"
Nasdaq-100 Top2 PIT membership,2,2020-08-19,2.547805962037001,-0.004158319001350552,"REGN, TSLA"
Nasdaq-100 Top2 PIT membership,2,2020-08-20,2.506434511979605,-0.01623806941103123,"REGN, TSLA"
Nasdaq-100 Top2 PIT membership,2,2020-08-21,2.6451474168861293,0.05534272060312795,"REGN, TSLA"
Nasdaq-100 Top2 PIT membership,2,2020-08-24,2.687589301674259,0.01604518694012602,"REGN, TSLA"
Nasdaq-100 Top2 PIT membership,2,2020-08-25,2.5570872199561054,-0.04855730063996605,"REGN, TSLA"
Nasdaq-100 Top2 PIT membership,2,2020-08-26,2.631456020318294,0.029083403875236447,"REGN, TSLA"
Nasdaq-100 Top2 PIT membership,2,2020-08-27,2.7283204316922,0.03681019581022282,"REGN, TSLA"
Nasdaq-100 Top2 PIT membership,2,2020-08-28,2.7919101760442664,0.02330728590872505,"REGN, TSLA"
Nasdaq-100 Top2 PIT membership,2,2020-08-31,2.728266839341726,-0.022795624747753818,"REGN, TSLA"
Nasdaq-100 Top2 PIT membership,2,2020-09-01,2.934899362284593,0.07573765145081013,"REGN, TSLA"
Nasdaq-100 Top2 PIT membership,2,2020-09-02,2.924387234473454,-0.0035817677247224067,"PDD, TSLA"
Nasdaq-100 Top2 PIT membership,2,2020-09-03,2.628951014800389,-0.10102499976418444,"PDD, TSLA"
Nasdaq-100 Top2 PIT membership,2,2020-09-04,2.577340938685513,-0.01963143315502014,"PDD, TSLA"
Nasdaq-100 Top2 PIT membership,2,2020-09-08,2.3691062674523895,-0.08079438312081694,"PDD, TSLA"
Nasdaq-100 Top2 PIT membership,2,2020-09-09,2.4011447082085455,0.013523429149764787,"PDD, TSLA"
Nasdaq-100 Top2 PIT membership,2,2020-09-10,2.5140310419755436,0.047013548738268574,"PDD, TSLA"
Nasdaq-100 Top2 PIT membership,2,2020-09-11,2.508750131928303,-0.00210057471807934,"PDD, TSLA"
Nasdaq-100 Top2 PIT membership,2,2020-09-14,2.513597110347344,0.0019320291635881448,"PDD, TSLA"
Nasdaq-100 Top2 PIT membership,2,2020-09-15,2.7016052141385227,0.07479643536238734,"PDD, TSLA"
Nasdaq-100 Top2 PIT membership,2,2020-09-16,2.6627125575762367,-0.014396128775124528,"PDD, TSLA"
Nasdaq-100 Top2 PIT membership,2,2020-09-17,2.5430135015976565,-0.0449538030824993,"PDD, TSLA"
Nasdaq-100 Top2 PIT membership,2,2020-09-18,2.6699152487830617,0.049902113026800254,"PDD, TSLA"
Nasdaq-100 Top2 PIT membership,2,2020-09-21,2.6217353807535115,-0.018045467192829567,"PDD, TSLA"
Nasdaq-100 Top2 PIT membership,2,2020-09-22,2.58311323959212,-0.014731517698132912,"PDD, TSLA"
Nasdaq-100 Top2 PIT membership,2,2020-09-23,2.509312028950916,-0.028570644720499083,"PDD, TSLA"
Nasdaq-100 Top2 PIT membership,2,2020-09-24,2.3177359310128396,-0.07634606447017661,"PDD, TSLA"
Nasdaq-100 Top2 PIT membership,2,2020-09-25,2.403050911788676,0.03680962081756828,"PDD, TSLA"
Nasdaq-100 Top2 PIT membership,2,2020-09-28,2.5079449692741265,0.04365036835918468,"PDD, TSLA"
Nasdaq-100 Top2 PIT membership,2,2020-09-29,2.4738646615898032,-0.013588937597058592,"PDD, TSLA"
Nasdaq-100 Top2 PIT membership,2,2020-09-30,2.4674450267669514,-0.0025949822245839305,"PDD, TSLA"
Nasdaq-100 Top2 PIT membership,2,2020-10-01,2.543442808517934,0.030800192477058452,"PDD, TSLA"
Nasdaq-100 Top2 PIT membership,2,2020-10-02,2.470829984620754,-0.028549029549239935,"TSLA, MELI"
Nasdaq-100 Top2 PIT membership,2,2020-10-05,2.4791187802701757,0.00335466045863686,"TSLA, MELI"
Nasdaq-100 Top2 PIT membership,2,2020-10-06,2.4815601553806594,0.0009847753685354732,"TSLA, MELI"
Nasdaq-100 Top2 PIT membership,2,2020-10-07,2.491672374473656,0.004074944172145267,"TSLA, MELI"
Nasdaq-100 Top2 PIT membership,2,2020-10-08,2.6063102412269603,0.046008403001827625,"TSLA, MELI"
Nasdaq-100 Top2 PIT membership,2,2020-10-09,2.5890233312020587,-0.006632713846362104,"TSLA, MELI"
Nasdaq-100 Top2 PIT membership,2,2020-10-12,2.7037423202514796,0.04430975482795596,"TSLA, MELI"
Nasdaq-100 Top2 PIT membership,2,2020-10-13,2.69869660534179,-0.0018661966681869369,"TSLA, MELI"
Nasdaq-100 Top2 PIT membership,2,2020-10-14,2.7645986586716007,0.024419956359438277,"TSLA, MELI"
Nasdaq-100 Top2 PIT membership,2,2020-10-15,2.7032403624104178,-0.02219428706901916,"TSLA, MELI"
Nasdaq-100 Top2 PIT membership,2,2020-10-16,2.780043609857355,0.02841154952956304,"TSLA, MELI"
Nasdaq-100 Top2 PIT membership,2,2020-10-19,2.7583660899321365,-0.007797546717740467,"TSLA, MELI"
Nasdaq-100 Top2 PIT membership,2,2020-10-20,2.7406566335607354,-0.006420270476801271,"TSLA, MELI"
Nasdaq-100 Top2 PIT membership,2,2020-10-21,2.749347971007389,0.0031712609818476123,"TSLA, MELI"
Nasdaq-100 Top2 PIT membership,2,2020-10-22,2.7708641385400186,0.007825916457110393,"TSLA, MELI"
Nasdaq-100 Top2 PIT membership,2,2020-10-23,2.714702323725966,-0.02026870030648431,"TSLA, MELI"
Nasdaq-100 Top2 PIT membership,2,2020-10-26,2.6850551695973404,-0.01092095949876909,"TSLA, MELI"
Nasdaq-100 Top2 PIT membership,2,2020-10-27,2.7069683466217622,0.008161164534920273,"TSLA, MELI"
Nasdaq-100 Top2 PIT membership,2,2020-10-28,2.6437731514414984,-0.023345376483300984,"TSLA, MELI"
Nasdaq-100 Top2 PIT membership,2,2020-10-29,2.666379345813329,0.008550731502627196,"TSLA, MELI"
Nasdaq-100 Top2 PIT membership,2,2020-10-30,2.646632652732533,-0.00740580784643502,"TSLA, MELI"
Nasdaq-100 Top2 PIT membership,2,2020-11-02,2.553004770942294,-0.03537622861773876,"TSLA, MELI"
Nasdaq-100 Top2 PIT membership,2,2020-11-03,2.6090861720611263,0.02196682190222965,"TSLA, NVDA"
Nasdaq-100 Top2 PIT membership,2,2020-11-04,2.7454775706428576,0.05227554384452726,"TSLA, NVDA"
Nasdaq-100 Top2 PIT membership,2,2020-11-05,2.8173595323663236,0.026181951909603318,"TSLA, NVDA"
Nasdaq-100 Top2 PIT membership,2,2020-11-06,2.8377674157002963,0.007243620524652106,"TSLA, NVDA"
Nasdaq-100 Top2 PIT membership,2,2020-11-09,2.893352358327071,0.019587561094416617,"TSLA, NVDA"
Nasdaq-100 Top2 PIT membership,2,2020-11-10,2.735418973250224,-0.05458491241908875,"TSLA, NVDA"
Nasdaq-100 Top2 PIT membership,2,2020-11-11,2.6680063074478815,-0.02464436580340118,"TSLA, NVDA"
Nasdaq-100 Top2 PIT membership,2,2020-11-12,2.706979325785808,0.01460754355382582,"TSLA, NVDA"
Nasdaq-100 Top2 PIT membership,2,2020-11-13,2.7081693469612325,0.0004396122142819592,"TSLA, NVDA"
Nasdaq-100 Top2 PIT membership,2,2020-11-16,2.6566547683279427,-0.019021919250025165,"TSLA, NVDA"
Nasdaq-100 Top2 PIT membership,2,2020-11-17,2.8614172175329684,0.07707529470752417,"TSLA, NVDA"
Nasdaq-100 Top2 PIT membership,2,2020-11-18,2.8154569621148444,-0.01606206013457545,"TSLA, NVDA"
Nasdaq-100 Top2 PIT membership,2,2020-11-19,2.9261115409346505,0.03930252897088771,"TSLA, NVDA"
Nasdaq-100 Top2 PIT membership,2,2020-11-20,2.970638055964311,0.015216957524263774,"TSLA, NVDA"
Nasdaq-100 Top2 PIT membership,2,2020-11-23,2.9558567474689963,-0.004975802577374733,"TSLA, NVDA"
Nasdaq-100 Top2 PIT membership,2,2020-11-24,3.0609433851031853,0.03555200627505756,"TSLA, NVDA"
Nasdaq-100 Top2 PIT membership,2,2020-11-25,3.075491850640327,0.004752935192445962,"TSLA, NVDA"
Nasdaq-100 Top2 PIT membership,2,2020-11-27,3.20284750782665,0.04140985031704991,"TSLA, NVDA"
Nasdaq-100 Top2 PIT membership,2,2020-11-30,3.247681745152184,0.013998242881053558,"TSLA, NVDA"
Nasdaq-100 Top2 PIT membership,2,2020-12-01,3.263042911714138,0.004729886659887106,"TSLA, NVDA"
Nasdaq-100 Top2 PIT membership,2,2020-12-02,3.1766798352369907,-0.026467036693605395,"TSLA, QCOM"
Nasdaq-100 Top2 PIT membership,2,2020-12-03,3.278125214265049,0.031934404563779606,"TSLA, QCOM"
Nasdaq-100 Top2 PIT membership,2,2020-12-04,3.2728451263190843,-0.0016107035579324691,"TSLA, QCOM"
Nasdaq-100 Top2 PIT membership,2,2020-12-07,3.401183546539363,0.03921310519346788,"TSLA, QCOM"
Nasdaq-100 Top2 PIT membership,2,2020-12-08,3.4473763185899378,0.01358138172154072,"TSLA, QCOM"
Nasdaq-100 Top2 PIT membership,2,2020-12-09,3.5375104569583495,0.026145720698481534,"TSLA, QCOM"
Nasdaq-100 Top2 PIT membership,2,2020-12-10,3.2762689867310133,-0.07384896056306184,"TSLA, QCOM"
Nasdaq-100 Top2 PIT membership,2,2020-12-11,3.3372254883981225,0.018605463078271156,"TSLA, QCOM"
Nasdaq-100 Top2 PIT membership,2,2020-12-14,3.299526328716072,-0.011296557518547135,"TSLA, QCOM"
Nasdaq-100 Top2 PIT membership,2,2020-12-15,3.415131216446957,0.035036813231270614,"TSLA, QCOM"
Nasdaq-100 Top2 PIT membership,2,2020-12-16,3.3725525116017443,-0.012467662923215772,"TSLA, QCOM"
Nasdaq-100 Top2 PIT membership,2,2020-12-17,3.3920055898394783,0.005768057923728198,"TSLA, QCOM"
Nasdaq-100 Top2 PIT membership,2,2020-12-18,3.5010160299474586,0.032137458863427004,"TSLA, QCOM"
Nasdaq-100 Top2 PIT membership,2,2020-12-21,3.426955304489817,-0.021154066369342805,"TSLA, QCOM"
Nasdaq-100 Top2 PIT membership,2,2020-12-22,3.398950870261104,-0.008171811926470929,"TSLA, QCOM"
Nasdaq-100 Top2 PIT membership,2,2020-12-23,3.369336875968029,-0.008712686774081102,"TSLA, QCOM"
Nasdaq-100 Top2 PIT membership,2,2020-12-24,3.400029319370504,0.009109342441057433,"TSLA, QCOM"
Nasdaq-100 Top2 PIT membership,2,2020-12-28,3.515801603154477,0.034050378073036014,"TSLA, QCOM"
Nasdaq-100 Top2 PIT membership,2,2020-12-29,3.461334507393476,-0.015492084568176911,"TSLA, QCOM"
Nasdaq-100 Top2 PIT membership,2,2020-12-30,3.491878038545709,0.008824206700332349,"TSLA, QCOM"
Nasdaq-100 Top2 PIT membership,2,2020-12-31,3.578649572430385,0.02484953166371573,"TSLA, QCOM"
Nasdaq-100 Top2 PIT membership,2,2021-01-04,3.6604388467334377,0.02285478716137801,"TSLA, QCOM"
Nasdaq-100 Top2 PIT membership,2,2021-01-05,3.6709243512528364,0.0028645484758626494,"TSLA, AMD"
Nasdaq-100 Top2 PIT membership,2,2021-01-06,3.7496999276812057,0.02145932982832638,"TSLA, AMD"
Nasdaq-100 Top2 PIT membership,2,2021-01-07,3.7910760821024243,0.011034524153724912,"TSLA, AMD"
Nasdaq-100 Top2 PIT membership,2,2021-01-08,4.0786196021121315,0.07584746752173943,"TSLA, AMD"
Nasdaq-100 Top2 PIT membership,2,2021-01-11,4.021463657255436,-0.014013551258150625,"TSLA, AMD"
Nasdaq-100 Top2 PIT membership,2,2021-01-12,4.0598070233753365,0.009534679258066392,"TSLA, AMD"
Nasdaq-100 Top2 PIT membership,2,2021-01-13,4.012357446311491,-0.011687643474343257,"TSLA, AMD"
Nasdaq-100 Top2 PIT membership,2,2021-01-14,3.963567644161327,-0.012159884258321929,"TSLA, AMD"
Nasdaq-100 Top2 PIT membership,2,2021-01-15,3.96177229753709,-0.0004529622767713848,"TSLA, AMD"
Nasdaq-100 Top2 PIT membership,2,2021-01-19,3.9027821903328572,-0.014889827777559261,"TSLA, AMD"
Nasdaq-100 Top2 PIT membership,2,2021-01-20,3.973126278633716,0.01802408765600605,"TSLA, AMD"
Nasdaq-100 Top2 PIT membership,2,2021-01-21,3.9379281565427173,-0.00885904942923238,"TSLA, AMD"
Nasdaq-100 Top2 PIT membership,2,2021-01-22,4.002239677718747,0.01633130890648138,"TSLA, AMD"
Nasdaq-100 Top2 PIT membership,2,2021-01-25,4.045931083897016,0.010916739050264024,"TSLA, AMD"
Nasdaq-100 Top2 PIT membership,2,2021-01-26,4.148554308929631,0.025364550928971608,"TSLA, AMD"
Nasdaq-100 Top2 PIT membership,2,2021-01-27,4.016348158765505,-0.03186800516979038,"TSLA, AMD"
Nasdaq-100 Top2 PIT membership,2,2021-01-28,3.872179434805493,-0.035895474759918555,"TSLA, AMD"
Nasdaq-100 Top2 PIT membership,2,2021-01-29,3.8468651501512974,-0.006537477170261041,"TSLA, AMD"
Nasdaq-100 Top2 PIT membership,2,2021-02-01,3.7944231592795314,-0.013632396464353103,"TSLA, AMD"
Nasdaq-100 Top2 PIT membership,2,2021-02-02,3.944274636769551,0.03949255820968389,"TSLA, PDD"
Nasdaq-100 Top2 PIT membership,2,2021-02-03,4.051748364568206,0.0272480335919707,"TSLA, PDD"
Nasdaq-100 Top2 PIT membership,2,2021-02-04,4.173483375840081,0.030045057174928558,"TSLA, PDD"
Nasdaq-100 Top2 PIT membership,2,2021-02-05,4.129920042078325,-0.010438123226736706,"TSLA, PDD"
Nasdaq-100 Top2 PIT membership,2,2021-02-08,4.185607233415219,0.013483842488357323,"TSLA, PDD"
Nasdaq-100 Top2 PIT membership,2,2021-02-09,4.0904866285262145,-0.022725640411174253,"TSLA, PDD"
Nasdaq-100 Top2 PIT membership,2,2021-02-10,4.122224654142367,0.007758985298917276,"TSLA, PDD"
Nasdaq-100 Top2 PIT membership,2,2021-02-11,4.109313625759726,-0.0031320535550306006,"TSLA, PDD"
Nasdaq-100 Top2 PIT membership,2,2021-02-12,4.021525308040949,-0.021363255695176386,"TSLA, PDD"
Nasdaq-100 Top2 PIT membership,2,2021-02-16,4.211240551674135,0.04717494709130776,"TSLA, PDD"
Nasdaq-100 Top2 PIT membership,2,2021-02-17,4.026299895367058,-0.04391595636434398,"TSLA, PDD"
Nasdaq-100 Top2 PIT membership,2,2021-02-18,3.9806183803691586,-0.011345780539214922,"TSLA, PDD"
Nasdaq-100 Top2 PIT membership,2,2021-02-19,4.037564457940102,0.014305836965376684,"TSLA, PDD"
Nasdaq-100 Top2 PIT membership,2,2021-02-22,3.8534885760843984,-0.04559082183659219,"TSLA, PDD"
Nasdaq-100 Top2 PIT membership,2,2021-02-23,3.498247196883555,-0.09218695532291188,"TSLA, PDD"
Nasdaq-100 Top2 PIT membership,2,2021-02-24,3.6684600394245837,0.04865660799861826,"TSLA, PDD"
Nasdaq-100 Top2 PIT membership,2,2021-02-25,3.6669276096232,-0.00041773108740855713,"TSLA, PDD"
Nasdaq-100 Top2 PIT membership,2,2021-02-26,3.492104550113026,-0.04767562333419989,"TSLA, PDD"
Nasdaq-100 Top2 PIT membership,2,2021-03-01,3.5914909345409853,0.028460311826787155,"TSLA, PDD"
Nasdaq-100 Top2 PIT membership,2,2021-03-02,3.7104034560677923,0.033109514598289036,"TSLA, PDD"
Nasdaq-100 Top2 PIT membership,2,2021-03-03,3.5712629090965198,-0.037500112486077486,"TSLA, PDD"
Nasdaq-100 Top2 PIT membership,2,2021-03-04,3.3208585660159096,-0.0701164684467207,"TSLA, PDD"
Nasdaq-100 Top2 PIT membership,2,2021-03-05,3.212387451224345,-0.03266357558903782,"TSLA, PDD"
Nasdaq-100 Top2 PIT membership,2,2021-03-08,3.078943984567479,-0.04154027765424334,"TSLA, PDD"
Nasdaq-100 Top2 PIT membership,2,2021-03-09,3.0236152492262325,-0.017970036356156294,"TSLA, PDD"
Nasdaq-100 Top2 PIT membership,2,2021-03-10,3.390920524549678,0.1214788407412094,"TSLA, PDD"
Nasdaq-100 Top2 PIT membership,2,2021-03-11,3.3884217339425793,-0.0007369062733873499,"TSLA, PDD"
Nasdaq-100 Top2 PIT membership,2,2021-03-12,3.304630500034708,-0.024728690962083022,"TSLA, PDD"
Nasdaq-100 Top2 PIT membership,2,2021-03-15,3.373253012637384,0.020765562928126258,"TSLA, PDD"
Nasdaq-100 Top2 PIT membership,2,2021-03-16,3.4818396475744744,0.03219048038504291,"TSLA, PDD"
Nasdaq-100 Top2 PIT membership,2,2021-03-17,3.216497830623782,-0.0762073627185948,"TSLA, PDD"
Nasdaq-100 Top2 PIT membership,2,2021-03-18,3.202480625088397,-0.004357909214776856,"TSLA, PDD"
Nasdaq-100 Top2 PIT membership,2,2021-03-19,3.074008796439774,-0.04011634844631634,"TSLA, PDD"
Nasdaq-100 Top2 PIT membership,2,2021-03-22,3.176079937997507,0.03320457042151215,"TSLA, PDD"
Nasdaq-100 Top2 PIT membership,2,2021-03-23,3.0834519032327656,-0.02916426430473995,"TSLA, PDD"
Nasdaq-100 Top2 PIT membership,2,2021-03-24,3.0588162418482794,-0.007989636990496762,"TSLA, PDD"
Nasdaq-100 Top2 PIT membership,2,2021-03-25,2.7770835336951754,-0.09210514325727132,"TSLA, PDD"
Nasdaq-100 Top2 PIT membership,2,2021-03-26,2.9427393723671833,0.059651010371872704,"TSLA, PDD"
Nasdaq-100 Top2 PIT membership,2,2021-03-29,2.8901904281650594,-0.017857151977360652,"TSLA, PDD"
Nasdaq-100 Top2 PIT membership,2,2021-03-30,2.8604598702740933,-0.01028671246061863,"TSLA, PDD"
Nasdaq-100 Top2 PIT membership,2,2021-03-31,3.007389754349369,0.051365826034537654,"TSLA, PDD"
Nasdaq-100 Top2 PIT membership,2,2021-04-01,3.1749184517166875,0.05570568202044124,"TSLA, PDD"
Nasdaq-100 Top2 PIT membership,2,2021-04-05,3.2903439920218456,0.03635543465462787,"PDD, AMAT"
Nasdaq-100 Top2 PIT membership,2,2021-04-06,3.270767601462169,-0.005949648610340974,"PDD, AMAT"
Nasdaq-100 Top2 PIT membership,2,2021-04-07,3.255238755993986,-0.004747767912719136,"PDD, AMAT"
Nasdaq-100 Top2 PIT membership,2,2021-04-08,3.2231600300792342,-0.0098544925024881,"PDD, AMAT"
Nasdaq-100 Top2 PIT membership,2,2021-04-09,3.1477699621041664,-0.02339011010049502,"PDD, AMAT"
Nasdaq-100 Top2 PIT membership,2,2021-04-12,3.115678691211375,-0.010194922525831374,"PDD, AMAT"
Nasdaq-100 Top2 PIT membership,2,2021-04-13,3.068087506962678,-0.015274740743627058,"PDD, AMAT"
Nasdaq-100 Top2 PIT membership,2,2021-04-14,3.075032034236636,0.00226347105752317,"PDD, AMAT"
Nasdaq-100 Top2 PIT membership,2,2021-04-15,3.082727576750161,0.0025025893804828114,"PDD, AMAT"
Nasdaq-100 Top2 PIT membership,2,2021-04-16,3.0477645340466037,-0.011341593388675575,"PDD, AMAT"
Nasdaq-100 Top2 PIT membership,2,2021-04-19,3.031981537126858,-0.005178548652113146,"PDD, AMAT"
Nasdaq-100 Top2 PIT membership,2,2021-04-20,2.9774022915026714,-0.01800118007179774,"PDD, AMAT"
Nasdaq-100 Top2 PIT membership,2,2021-04-21,2.8938068601457387,-0.028076632974828097,"PDD, AMAT"
Nasdaq-100 Top2 PIT membership,2,2021-04-22,3.0109783712923397,0.04049043934490493,"PDD, AMAT"
Nasdaq-100 Top2 PIT membership,2,2021-04-23,3.070542836916722,0.019782428924860374,"PDD, AMAT"
Nasdaq-100 Top2 PIT membership,2,2021-04-26,3.0771483568621045,0.0021512547768313683,"PDD, AMAT"
Nasdaq-100 Top2 PIT membership,2,2021-04-27,3.197986983932544,0.03926967862988051,"PDD, AMAT"
Nasdaq-100 Top2 PIT membership,2,2021-04-28,3.167493564440386,-0.009535191870812643,"PDD, AMAT"
Nasdaq-100 Top2 PIT membership,2,2021-04-29,3.1931646812876493,0.008104552171931068,"PDD, AMAT"
Nasdaq-100 Top2 PIT membership,2,2021-04-30,3.0475744493744945,-0.04559433867170459,"PDD, AMAT"
Nasdaq-100 Top2 PIT membership,2,2021-05-03,3.0467700529090753,-0.00026394645275501505,"PDD, AMAT"
Nasdaq-100 Top2 PIT membership,2,2021-05-04,2.947857812731739,-0.03246462268555311,"AMAT, LRCX"
Nasdaq-100 Top2 PIT membership,2,2021-05-05,2.989222032288252,0.014031958861062122,"AMAT, LRCX"
Nasdaq-100 Top2 PIT membership,2,2021-05-06,2.945776403144425,-0.0145340923740514,"AMAT, LRCX"
Nasdaq-100 Top2 PIT membership,2,2021-05-07,3.0195311702499166,0.025037462798182197,"AMAT, LRCX"
Nasdaq-100 Top2 PIT membership,2,2021-05-10,3.001309140002056,-0.006034721690371558,"AMAT, LRCX"
Nasdaq-100 Top2 PIT membership,2,2021-05-11,2.7380848700680724,-0.08770315141005541,"AMAT, LRCX"
Nasdaq-100 Top2 PIT membership,2,2021-05-12,2.7459483075367035,0.0028718749935737198,"AMAT, LRCX"
Nasdaq-100 Top2 PIT membership,2,2021-05-13,2.7314124566677394,-0.005293563185100103,"AMAT, LRCX"
Nasdaq-100 Top2 PIT membership,2,2021-05-14,2.8255184510547995,0.034453234683518685,"AMAT, LRCX"
Nasdaq-100 Top2 PIT membership,2,2021-05-17,2.8134953306432435,-0.004255190903838468,"AMAT, LRCX"
Nasdaq-100 Top2 PIT membership,2,2021-05-18,2.8699502269067096,0.020065750829079576,"AMAT, LRCX"
Nasdaq-100 Top2 PIT membership,2,2021-05-19,2.7215590843264974,-0.05170512756249135,"AMAT, LRCX"
Nasdaq-100 Top2 PIT membership,2,2021-05-20,2.9100272751785874,0.06925008240220898,"AMAT, LRCX"
Nasdaq-100 Top2 PIT membership,2,2021-05-21,2.9828641926546786,0.025029633947888486,"AMAT, LRCX"
Nasdaq-100 Top2 PIT membership,2,2021-05-24,2.991314578819937,0.0028329771720976282,"AMAT, LRCX"
Nasdaq-100 Top2 PIT membership,2,2021-05-25,3.1006617368165417,0.036554884187320114,"AMAT, LRCX"
Nasdaq-100 Top2 PIT membership,2,2021-05-26,3.122534565856445,0.007054245479341081,"AMAT, LRCX"
Nasdaq-100 Top2 PIT membership,2,2021-05-27,3.0827772945837615,-0.012732371871047365,"AMAT, LRCX"
Nasdaq-100 Top2 PIT membership,2,2021-05-28,3.163418486500726,0.02615861744494019,"AMAT, LRCX"
Nasdaq-100 Top2 PIT membership,2,2021-06-01,3.1687537200309164,0.0016865405424409396,"AMAT, LRCX"
Nasdaq-100 Top2 PIT membership,2,2021-06-02,3.125022473491238,-0.013800771660869737,"AMAT, ASML"
Nasdaq-100 Top2 PIT membership,2,2021-06-03,3.1102782092664403,-0.004718130621417793,"AMAT, ASML"
Nasdaq-100 Top2 PIT membership,2,2021-06-04,3.131397076318641,0.006790025081769735,"AMAT, ASML"
Nasdaq-100 Top2 PIT membership,2,2021-06-07,3.1635235226368335,0.010259461044129559,"AMAT, ASML"
Nasdaq-100 Top2 PIT membership,2,2021-06-08,3.1978995923471327,0.010866386630072,"AMAT, ASML"
Nasdaq-100 Top2 PIT membership,2,2021-06-09,3.145009620457749,-0.016538972022747123,"AMAT, ASML"
Nasdaq-100 Top2 PIT membership,2,2021-06-10,3.1437576037295276,-0.00039809631108200794,"AMAT, ASML"
Nasdaq-100 Top2 PIT membership,2,2021-06-11,3.1761778633824718,0.010312582501425416,"AMAT, ASML"
Nasdaq-100 Top2 PIT membership,2,2021-06-14,3.177650435805022,0.0004636303399528363,"AMAT, ASML"
Nasdaq-100 Top2 PIT membership,2,2021-06-15,3.223086062139493,0.014298497349649497,"AMAT, ASML"
Nasdaq-100 Top2 PIT membership,2,2021-06-16,3.223957312796072,0.00027031566634644344,"AMAT, ASML"
Nasdaq-100 Top2 PIT membership,2,2021-06-17,3.1562174946705013,-0.021011388040625634,"AMAT, ASML"
Nasdaq-100 Top2 PIT membership,2,2021-06-18,3.1274753471016434,-0.009106516777563911,"AMAT, ASML"
Nasdaq-100 Top2 PIT membership,2,2021-06-21,3.064904777124603,-0.020006734836463924,"AMAT, ASML"
Nasdaq-100 Top2 PIT membership,2,2021-06-22,3.0884390749693647,0.00767863916047673,"AMAT, ASML"
Nasdaq-100 Top2 PIT membership,2,2021-06-23,3.1193528414003096,0.010009511497730217,"AMAT, ASML"
Nasdaq-100 Top2 PIT membership,2,2021-06-24,3.1623857203621504,0.013795450899527939,"AMAT, ASML"
Nasdaq-100 Top2 PIT membership,2,2021-06-25,3.187288435714858,0.007874660953710477,"AMAT, ASML"
Nasdaq-100 Top2 PIT membership,2,2021-06-28,3.1995751018896468,0.0038548962300091194,"AMAT, ASML"
Nasdaq-100 Top2 PIT membership,2,2021-06-29,3.221161542649546,0.0067466585632417475,"AMAT, ASML"
Nasdaq-100 Top2 PIT membership,2,2021-06-30,3.226510823838865,0.0016606684012869244,"AMAT, ASML"
Nasdaq-100 Top2 PIT membership,2,2021-07-01,3.2061210048887845,-0.006319463985501594,"AMAT, ASML"
Nasdaq-100 Top2 PIT membership,2,2021-07-02,3.189012405579966,-0.005336230068275882,"AMAT, ASML"
Nasdaq-100 Top2 PIT membership,2,2021-07-06,3.183806578257652,-0.001632426174700774,"AMAT, ASML"
Nasdaq-100 Top2 PIT membership,2,2021-07-07,3.185627023542898,0.0005717826257655712,"AMAT, ASML"
Nasdaq-100 Top2 PIT membership,2,2021-07-08,3.053702103365027,-0.041412544281832,"AMAT, ASML"
Nasdaq-100 Top2 PIT membership,2,2021-07-09,3.1039073652838414,0.016440785714981976,"AMAT, ASML"
Nasdaq-100 Top2 PIT membership,2,2021-07-12,3.1701747294215745,0.02134965910352593,"AMAT, ASML"
Nasdaq-100 Top2 PIT membership,2,2021-07-13,3.1844434965935147,0.004500940291875866,"AMAT, ASML"
Nasdaq-100 Top2 PIT membership,2,2021-07-14,3.241037513611059,0.017772027381890765,"AMAT, ASML"
Nasdaq-100 Top2 PIT membership,2,2021-07-15,3.1867159349245204,-0.016760552279450447,"AMAT, ASML"
Nasdaq-100 Top2 PIT membership,2,2021-07-16,3.153480019355366,-0.010429519369740181,"AMAT, ASML"
Nasdaq-100 Top2 PIT membership,2,2021-07-19,2.984693244331753,-0.05352397160839345,"AMAT, ASML"
Nasdaq-100 Top2 PIT membership,2,2021-07-20,3.039161380608837,0.01824915722261411,"AMAT, ASML"
Nasdaq-100 Top2 PIT membership,2,2021-07-21,3.147023999735417,0.03549091529485415,"AMAT, ASML"
Nasdaq-100 Top2 PIT membership,2,2021-07-22,3.2568596147610718,0.034901422752063205,"AMAT, ASML"
Nasdaq-100 Top2 PIT membership,2,2021-07-23,3.3010086565940275,0.013555709196938937,"AMAT, ASML"
Nasdaq-100 Top2 PIT membership,2,2021-07-26,3.32733569678488,0.0079754532416213,"AMAT, ASML"
Nasdaq-100 Top2 PIT membership,2,2021-07-27,3.304688904225803,-0.006806284253482453,"AMAT, ASML"
Nasdaq-100 Top2 PIT membership,2,2021-07-28,3.27810416902898,-0.008044550021888086,"AMAT, ASML"
Nasdaq-100 Top2 PIT membership,2,2021-07-29,3.300862317496287,0.006942472628637786,"AMAT, ASML"
Nasdaq-100 Top2 PIT membership,2,2021-07-30,3.312283576722792,0.0034600834957478344,"AMAT, ASML"
Nasdaq-100 Top2 PIT membership,2,2021-08-02,3.3892225403985163,0.023228374592204615,"AMAT, ASML"
Nasdaq-100 Top2 PIT membership,2,2021-08-03,3.41068611987135,0.00633289175231011,"NVDA, AMAT"
Nasdaq-100 Top2 PIT membership,2,2021-08-04,3.4377879304162517,0.007946146198268167,"NVDA, AMAT"
Nasdaq-100 Top2 PIT membership,2,2021-08-05,3.4868092898637055,0.014259564708378636,"NVDA, AMAT"
Nasdaq-100 Top2 PIT membership,2,2021-08-06,3.468065927843445,-0.0053755053580786805,"NVDA, AMAT"
Nasdaq-100 Top2 PIT membership,2,2021-08-09,3.4831321202315273,0.0043442635467577095,"NVDA, AMAT"
Nasdaq-100 Top2 PIT membership,2,2021-08-10,3.4655305944402346,-0.005053361510192311,"NVDA, AMAT"
Nasdaq-100 Top2 PIT membership,2,2021-08-11,3.388391572979396,-0.022258935351658182,"NVDA, AMAT"
Nasdaq-100 Top2 PIT membership,2,2021-08-12,3.294141376251766,-0.02781561537315358,"NVDA, AMAT"
Nasdaq-100 Top2 PIT membership,2,2021-08-13,3.261231284426855,-0.009990491623148745,"NVDA, AMAT"
Nasdaq-100 Top2 PIT membership,2,2021-08-16,3.2838614198546017,0.006939138458474381,"NVDA, AMAT"
Nasdaq-100 Top2 PIT membership,2,2021-08-17,3.255030805790641,-0.008779485604857473,"NVDA, AMAT"
Nasdaq-100 Top2 PIT membership,2,2021-08-18,3.2242171604923837,-0.009466468103294212,"NVDA, AMAT"
Nasdaq-100 Top2 PIT membership,2,2021-08-19,3.1913064884442655,-0.010207337288376805,"NVDA, AMAT"
Nasdaq-100 Top2 PIT membership,2,2021-08-20,3.2845776424070676,0.029226636269671036,"NVDA, AMAT"
Nasdaq-100 Top2 PIT membership,2,2021-08-23,3.339011842684767,0.016572663582343605,"NVDA, AMAT"
Nasdaq-100 Top2 PIT membership,2,2021-08-24,3.446677157255989,0.03224466388374725,"NVDA, AMAT"
Nasdaq-100 Top2 PIT membership,2,2021-08-25,3.4451562598184786,-0.0004412648380219264,"NVDA, AMAT"
Nasdaq-100 Top2 PIT membership,2,2021-08-26,3.4980856496026944,0.015363422089598955,"NVDA, AMAT"
Nasdaq-100 Top2 PIT membership,2,2021-08-27,3.4998547636339254,0.0005057377687227027,"NVDA, AMAT"
Nasdaq-100 Top2 PIT membership,2,2021-08-30,3.6108054862501153,0.03170152195143916,"NVDA, AMAT"
Nasdaq-100 Top2 PIT membership,2,2021-08-31,3.5857482180143148,-0.0069395231427498705,"NVDA, AMAT"
Nasdaq-100 Top2 PIT membership,2,2021-09-01,3.559040404944753,-0.007448323598234052,"NVDA, AMAT"
Nasdaq-100 Top2 PIT membership,2,2021-09-02,3.590168161271905,0.008746109283812808,"NVDA, ASML"
Nasdaq-100 Top2 PIT membership,2,2021-09-03,3.5671151798126286,-0.006421142526958801,"NVDA, ASML"
Nasdaq-100 Top2 PIT membership,2,2021-09-07,3.642948994480115,0.02125914383046923,"NVDA, ASML"
Nasdaq-100 Top2 PIT membership,2,2021-09-08,3.601254565506499,-0.011445240939906842,"NVDA, ASML"
Nasdaq-100 Top2 PIT membership,2,2021-09-09,3.580706045582307,-0.005705933737928326,"NVDA, ASML"
Nasdaq-100 Top2 PIT membership,2,2021-09-10,3.615949730193922,0.009842663475572722,"NVDA, ASML"
Nasdaq-100 Top2 PIT membership,2,2021-09-13,3.639561822965298,0.0065299836925858945,"NVDA, ASML"
Nasdaq-100 Top2 PIT membership,2,2021-09-14,3.6373168993824425,-0.0006168114987607498,"NVDA, ASML"
Nasdaq-100 Top2 PIT membership,2,2021-09-15,3.6466157170602074,0.00255650468050872,"NVDA, ASML"
Nasdaq-100 Top2 PIT membership,2,2021-09-16,3.616070021404164,-0.008376450392932666,"NVDA, ASML"
Nasdaq-100 Top2 PIT membership,2,2021-09-17,3.6214009265377323,0.0014742261908683996,"NVDA, ASML"
Nasdaq-100 Top2 PIT membership,2,2021-09-20,3.4527556047595716,-0.04656908340148774,"NVDA, ASML"
Nasdaq-100 Top2 PIT membership,2,2021-09-21,3.5183439464332555,0.018995940976323955,"NVDA, ASML"
Nasdaq-100 Top2 PIT membership,2,2021-09-22,3.4974429352841554,-0.005940582122531957,"NVDA, ASML"
Nasdaq-100 Top2 PIT membership,2,2021-09-23,3.6132633794450015,0.033115749507271475,"NVDA, ASML"
Nasdaq-100 Top2 PIT membership,2,2021-09-24,3.5868987892593793,-0.007296614560567127,"NVDA, ASML"
Nasdaq-100 Top2 PIT membership,2,2021-09-27,3.507854098299853,-0.022037056411019385,"NVDA, ASML"
Nasdaq-100 Top2 PIT membership,2,2021-09-28,3.3670335020936224,-0.04014437096300055,"NVDA, ASML"
Nasdaq-100 Top2 PIT membership,2,2021-09-29,3.3244471731720724,-0.012648026488322694,"NVDA, ASML"
Nasdaq-100 Top2 PIT membership,2,2021-09-30,3.2456810663528013,-0.02369299396750979,"NVDA, ASML"
Nasdaq-100 Top2 PIT membership,2,2021-10-01,3.224372513049041,-0.006565202454628438,"NVDA, ASML"
Nasdaq-100 Top2 PIT membership,2,2021-10-04,3.1982004734815384,-0.00811694041602945,"NVDA, CRWD"
Nasdaq-100 Top2 PIT membership,2,2021-10-05,3.119309485552251,-0.02466730543736273,"NVDA, CRWD"
Nasdaq-100 Top2 PIT membership,2,2021-10-06,3.1537122492850838,0.011028967754618924,"NVDA, CRWD"
Nasdaq-100 Top2 PIT membership,2,2021-10-07,3.2816529174706695,0.04056827575647981,"NVDA, CRWD"
Nasdaq-100 Top2 PIT membership,2,2021-10-08,3.2746752599168514,-0.002126263114746507,"NVDA, CRWD"
Nasdaq-100 Top2 PIT membership,2,2021-10-11,3.188422432916391,-0.026339352807352945,"NVDA, CRWD"
Nasdaq-100 Top2 PIT membership,2,2021-10-12,3.2275593509735256,0.01227469661896008,"NVDA, CRWD"
Nasdaq-100 Top2 PIT membership,2,2021-10-13,3.2844816369937067,0.017636325108324358,"NVDA, CRWD"
Nasdaq-100 Top2 PIT membership,2,2021-10-14,3.418673349297207,0.040856283314869124,"NVDA, CRWD"
Nasdaq-100 Top2 PIT membership,2,2021-10-15,3.498184656419031,0.023257942189232605,"NVDA, CRWD"
Nasdaq-100 Top2 PIT membership,2,2021-10-18,3.474280588053097,-0.00683327803238476,"NVDA, CRWD"
Nasdaq-100 Top2 PIT membership,2,2021-10-19,3.5814684061412296,0.03085180237218499,"NVDA, CRWD"
Nasdaq-100 Top2 PIT membership,2,2021-10-20,3.580505468447451,-0.00026886672855391813,"NVDA, CRWD"
Nasdaq-100 Top2 PIT membership,2,2021-10-21,3.56565346025163,-0.0041480199727947364,"NVDA, CRWD"
Nasdaq-100 Top2 PIT membership,2,2021-10-22,3.631977465750151,0.018600799611592334,"NVDA, CRWD"
Nasdaq-100 Top2 PIT membership,2,2021-10-25,3.6424438175573,0.0028817226719734523,"NVDA, CRWD"
Nasdaq-100 Top2 PIT membership,2,2021-10-26,3.722988659400578,0.022112857706970246,"NVDA, CRWD"
Nasdaq-100 Top2 PIT membership,2,2021-10-27,3.785917277434133,0.016902715476894925,"NVDA, CRWD"
Nasdaq-100 Top2 PIT membership,2,2021-10-28,3.752331967572171,-0.00887111561104259,"NVDA, CRWD"
Nasdaq-100 Top2 PIT membership,2,2021-10-29,3.7818547864663477,0.007867859013891754,"NVDA, CRWD"
Nasdaq-100 Top2 PIT membership,2,2021-11-01,3.7941299897678293,0.0032458156102158076,"NVDA, CRWD"
Nasdaq-100 Top2 PIT membership,2,2021-11-02,3.817147871331244,0.006066708738364346,"DXCM, NVDA"
Nasdaq-100 Top2 PIT membership,2,2021-11-03,3.929458415785673,0.029422633924648278,"DXCM, NVDA"
Nasdaq-100 Top2 PIT membership,2,2021-11-04,3.8871668270654327,-0.010762701686915399,"DXCM, NVDA"
Nasdaq-100 Top2 PIT membership,2,2021-11-05,4.140656689815297,0.06521198446767829,"DXCM, NVDA"
Nasdaq-100 Top2 PIT membership,2,2021-11-08,4.15227613595482,0.0028061843832897226,"DXCM, NVDA"
Nasdaq-100 Top2 PIT membership,2,2021-11-09,4.2884443725087875,0.03279363705483784,"DXCM, NVDA"
Nasdaq-100 Top2 PIT membership,2,2021-11-10,4.086655832619246,-0.04705401827830952,"DXCM, NVDA"
Nasdaq-100 Top2 PIT membership,2,2021-11-11,4.133467238146424,0.01145469729883647,"DXCM, NVDA"
Nasdaq-100 Top2 PIT membership,2,2021-11-12,4.16050442228881,0.006541042322258772,"DXCM, NVDA"
Nasdaq-100 Top2 PIT membership,2,2021-11-15,4.230711071930946,0.01687455234178392,"DXCM, NVDA"
Nasdaq-100 Top2 PIT membership,2,2021-11-16,4.156181516618182,-0.017616318875386672,"DXCM, NVDA"
Nasdaq-100 Top2 PIT membership,2,2021-11-17,4.21291349855933,0.013650025080548134,"DXCM, NVDA"
Nasdaq-100 Top2 PIT membership,2,2021-11-18,4.379579520431541,0.039560750993156035,"DXCM, NVDA"
Nasdaq-100 Top2 PIT membership,2,2021-11-19,4.359692078054915,-0.004540947888683644,"DXCM, NVDA"
Nasdaq-100 Top2 PIT membership,2,2021-11-22,4.39602724485101,0.008334342459411725,"DXCM, NVDA"
Nasdaq-100 Top2 PIT membership,2,2021-11-23,4.175224244361498,-0.05022785078234765,"DXCM, NVDA"
Nasdaq-100 Top2 PIT membership,2,2021-11-24,4.094391246061965,-0.01936015733973928,"DXCM, NVDA"
Nasdaq-100 Top2 PIT membership,2,2021-11-26,4.192588717234115,0.02398341176276153,"DXCM, NVDA"
Nasdaq-100 Top2 PIT membership,2,2021-11-29,4.160052435050216,-0.007760427835469763,"DXCM, NVDA"
Nasdaq-100 Top2 PIT membership,2,2021-11-30,4.141556467192176,-0.004446090078625897,"DXCM, NVDA"
Nasdaq-100 Top2 PIT membership,2,2021-12-01,4.128315718189886,-0.0031970465952059768,"DXCM, NVDA"
Nasdaq-100 Top2 PIT membership,2,2021-12-02,3.9492501992667246,-0.04337495752424547,"TSLA, DXCM"
Nasdaq-100 Top2 PIT membership,2,2021-12-03,3.9695277427706763,0.005134529969186619,"TSLA, DXCM"
Nasdaq-100 Top2 PIT membership,2,2021-12-06,3.6633473614298127,-0.07713269718255045,"TSLA, DXCM"
Nasdaq-100 Top2 PIT membership,2,2021-12-07,3.8146070758713457,0.041290027812840524,"TSLA, DXCM"
Nasdaq-100 Top2 PIT membership,2,2021-12-08,3.907148943484592,0.02425986891247711,"TSLA, DXCM"
Nasdaq-100 Top2 PIT membership,2,2021-12-09,3.938296177370959,0.007971857315116404,"TSLA, DXCM"
Nasdaq-100 Top2 PIT membership,2,2021-12-10,3.828568796759147,-0.027861637538155237,"TSLA, DXCM"
Nasdaq-100 Top2 PIT membership,2,2021-12-13,3.8244764685811927,-0.001068892423042922,"TSLA, DXCM"
Nasdaq-100 Top2 PIT membership,2,2021-12-14,3.660436437888583,-0.04289215322416806,"TSLA, DXCM"
Nasdaq-100 Top2 PIT membership,2,2021-12-15,3.6470013097791707,-0.0036703623563429377,"TSLA, DXCM"
Nasdaq-100 Top2 PIT membership,2,2021-12-16,3.732255420098379,0.023376495667990604,"TSLA, DXCM"
Nasdaq-100 Top2 PIT membership,2,2021-12-17,3.551661086519911,-0.04838745296100544,"TSLA, DXCM"
Nasdaq-100 Top2 PIT membership,2,2021-12-20,3.60760514262922,0.01575151872503855,"TSLA, DXCM"
Nasdaq-100 Top2 PIT membership,2,2021-12-21,3.6176298983795947,0.0027787840836340783,"TSLA, DXCM"
Nasdaq-100 Top2 PIT membership,2,2021-12-22,3.760149522554913,0.03939585534693735,"TSLA, DXCM"
Nasdaq-100 Top2 PIT membership,2,2021-12-23,3.877764534123092,0.03127934430869739,"TSLA, DXCM"
Nasdaq-100 Top2 PIT membership,2,2021-12-27,4.004147780028429,0.03259177930820828,"TSLA, DXCM"
Nasdaq-100 Top2 PIT membership,2,2021-12-28,4.059471791604475,0.013816675761066155,"TSLA, DXCM"
Nasdaq-100 Top2 PIT membership,2,2021-12-29,3.9151366504225464,-0.03555515313111235,"TSLA, DXCM"
Nasdaq-100 Top2 PIT membership,2,2021-12-30,3.836677928719705,-0.020039842464853352,"TSLA, DXCM"
Nasdaq-100 Top2 PIT membership,2,2021-12-31,3.899799847660176,0.01645223292473097,"TSLA, DXCM"
Nasdaq-100 Top2 PIT membership,2,2022-01-03,3.990528850918168,0.023265040977020257,"TSLA, DXCM"
Nasdaq-100 Top2 PIT membership,2,2022-01-04,4.143890299118699,0.03843135933354935,"TSLA, AMD"
Nasdaq-100 Top2 PIT membership,2,2022-01-05,3.956796214275224,-0.04514938170136068,"TSLA, AMD"
Nasdaq-100 Top2 PIT membership,2,2022-01-06,3.7447825986571037,-0.05358214174721032,"TSLA, AMD"
Nasdaq-100 Top2 PIT membership,2,2022-01-07,3.7518786694205963,0.0018949219551590568,"TSLA, AMD"
Nasdaq-100 Top2 PIT membership,2,2022-01-10,3.5132150936356465,-0.06361175208840286,"TSLA, AMD"
Nasdaq-100 Top2 PIT membership,2,2022-01-11,3.666961969104519,0.04376244305319987,"TSLA, AMD"
Nasdaq-100 Top2 PIT membership,2,2022-01-12,3.7813963784853137,0.03120687106791553,"TSLA, AMD"
Nasdaq-100 Top2 PIT membership,2,2022-01-13,3.845953421419595,0.017072276078114013,"TSLA, AMD"
Nasdaq-100 Top2 PIT membership,2,2022-01-14,3.584293973498525,-0.0680350017927383,"TSLA, AMD"
Nasdaq-100 Top2 PIT membership,2,2022-01-18,3.6345000144612998,0.014007233037799605,"TSLA, AMD"
Nasdaq-100 Top2 PIT membership,2,2022-01-19,3.648393628027356,0.003822702850673987,"TSLA, AMD"
Nasdaq-100 Top2 PIT membership,2,2022-01-20,3.489810418514525,-0.04346658438787343,"TSLA, AMD"
Nasdaq-100 Top2 PIT membership,2,2022-01-21,3.3849913920431947,-0.030035736587647632,"TSLA, AMD"
Nasdaq-100 Top2 PIT membership,2,2022-01-24,3.1626475867057873,-0.0656851907688899,"TSLA, AMD"
Nasdaq-100 Top2 PIT membership,2,2022-01-25,3.1613327441527126,-0.00041574108939668175,"TSLA, AMD"
Nasdaq-100 Top2 PIT membership,2,2022-01-26,3.2336670037053623,0.022880938327811573,"TSLA, AMD"
Nasdaq-100 Top2 PIT membership,2,2022-01-27,3.1647370370681434,-0.021316346599150215,"TSLA, AMD"
Nasdaq-100 Top2 PIT membership,2,2022-01-28,2.8450228496404453,-0.10102393459011866,"TSLA, AMD"
Nasdaq-100 Top2 PIT membership,2,2022-01-31,3.0047870813229665,0.056155693688967,"TSLA, AMD"
Nasdaq-100 Top2 PIT membership,2,2022-02-01,3.235157599898278,0.07666783447227876,"TSLA, AMD"
Nasdaq-100 Top2 PIT membership,2,2022-02-02,3.2052792227543914,-0.009235524459403732,"DDOG, TSLA"
Nasdaq-100 Top2 PIT membership,2,2022-02-03,3.0361357238063977,-0.05277028526789118,"DDOG, TSLA"
Nasdaq-100 Top2 PIT membership,2,2022-02-04,3.1035508511107683,0.022204253510726635,"DDOG, TSLA"
Nasdaq-100 Top2 PIT membership,2,2022-02-07,3.246750369128002,0.046140541878339825,"DDOG, TSLA"
Nasdaq-100 Top2 PIT membership,2,2022-02-08,3.1985090857117844,-0.014858328461259007,"DDOG, TSLA"
Nasdaq-100 Top2 PIT membership,2,2022-02-09,3.28989181652233,0.028570414640610498,"DDOG, TSLA"
Nasdaq-100 Top2 PIT membership,2,2022-02-10,3.4306839626032715,0.042795372593670666,"DDOG, TSLA"
Nasdaq-100 Top2 PIT membership,2,2022-02-11,3.4940286894768025,0.018464168534330194,"DDOG, TSLA"
Nasdaq-100 Top2 PIT membership,2,2022-02-14,3.2825977183716457,-0.06051208787779494,"DDOG, TSLA"
Nasdaq-100 Top2 PIT membership,2,2022-02-15,3.4038310782792043,0.03693214042922599,"DDOG, TSLA"
Nasdaq-100 Top2 PIT membership,2,2022-02-16,3.396301133196077,-0.0022121970538367397,"DDOG, TSLA"
Nasdaq-100 Top2 PIT membership,2,2022-02-17,3.4412277874921435,0.013228112742107945,"DDOG, TSLA"
Nasdaq-100 Top2 PIT membership,2,2022-02-18,3.360878992313441,-0.0233488743380334,"DDOG, TSLA"
Nasdaq-100 Top2 PIT membership,2,2022-02-22,3.1965740282193402,-0.048887497726004814,"DDOG, TSLA"
Nasdaq-100 Top2 PIT membership,2,2022-02-23,3.1452311411128986,-0.016061848295452263,"DDOG, TSLA"
Nasdaq-100 Top2 PIT membership,2,2022-02-24,2.771356985081119,-0.11887016860054656,"DDOG, TSLA"
Nasdaq-100 Top2 PIT membership,2,2022-02-25,3.137934126046545,0.13227351905178553,"DDOG, TSLA"
Nasdaq-100 Top2 PIT membership,2,2022-02-28,3.1753163432145564,0.01191300252536176,"DDOG, TSLA"
Nasdaq-100 Top2 PIT membership,2,2022-03-01,3.2635972906066444,0.02780225270491199,"DDOG, TSLA"
Nasdaq-100 Top2 PIT membership,2,2022-03-02,3.238408388987727,-0.007718140253215822,"TSLA, PCAR"
Nasdaq-100 Top2 PIT membership,2,2022-03-03,3.2891344207161595,0.01566387732348007,"TSLA, PCAR"
Nasdaq-100 Top2 PIT membership,2,2022-03-04,3.2155443111099893,-0.022373700856575807,"TSLA, PCAR"
Nasdaq-100 Top2 PIT membership,2,2022-03-07,3.1734871516068317,-0.013079328236232424,"TSLA, PCAR"
Nasdaq-100 Top2 PIT membership,2,2022-03-08,2.9889430761899787,-0.058151826870769974,"TSLA, PCAR"
Nasdaq-100 Top2 PIT membership,2,2022-03-09,3.0948663755284223,0.03543837960054563,"TSLA, PCAR"
Nasdaq-100 Top2 PIT membership,2,2022-03-10,3.1280206917204523,0.010712680991394663,"TSLA, PCAR"
Nasdaq-100 Top2 PIT membership,2,2022-03-11,3.1248694271639117,-0.0010074308539204102,"TSLA, PCAR"
Nasdaq-100 Top2 PIT membership,2,2022-03-14,3.0117130651509325,-0.03621154888243705,"TSLA, PCAR"
Nasdaq-100 Top2 PIT membership,2,2022-03-15,3.0226359775217375,0.0036268104346313668,"TSLA, PCAR"
Nasdaq-100 Top2 PIT membership,2,2022-03-16,3.0980307250533934,0.024943376606491707,"TSLA, PCAR"
Nasdaq-100 Top2 PIT membership,2,2022-03-17,3.1510070383231366,0.01709999608503876,"TSLA, PCAR"
Nasdaq-100 Top2 PIT membership,2,2022-03-18,3.243221115209409,0.029264954271681298,"TSLA, PCAR"
Nasdaq-100 Top2 PIT membership,2,2022-03-21,3.3047161747961913,0.018961106073957013,"TSLA, PCAR"
Nasdaq-100 Top2 PIT membership,2,2022-03-22,3.341148687853691,0.011024400018179059,"TSLA, PCAR"
Nasdaq-100 Top2 PIT membership,2,2022-03-23,3.420563182264544,0.02376862026510651,"TSLA, PCAR"
Nasdaq-100 Top2 PIT membership,2,2022-03-24,3.4588667313797785,0.011198024148139196,"TSLA, PCAR"
Nasdaq-100 Top2 PIT membership,2,2022-03-25,3.473394746994307,0.004200224160915644,"TSLA, PCAR"
Nasdaq-100 Top2 PIT membership,2,2022-03-28,3.56727918567429,0.02702959079477657,"TSLA, PCAR"
Nasdaq-100 Top2 PIT membership,2,2022-03-29,3.6523817305053528,0.023856429620878417,"TSLA, PCAR"
Nasdaq-100 Top2 PIT membership,2,2022-03-30,3.657576227151316,0.0014222217252315428,"TSLA, PCAR"
Nasdaq-100 Top2 PIT membership,2,2022-03-31,3.637128718904175,-0.005590453069809764,"TSLA, PCAR"
Nasdaq-100 Top2 PIT membership,2,2022-04-01,3.5937307553634326,-0.011931929523191998,"TSLA, PCAR"
Nasdaq-100 Top2 PIT membership,2,2022-04-04,3.509008196674732,-0.023575099097854546,"QCOM, MU"
Nasdaq-100 Top2 PIT membership,2,2022-04-05,3.5530071000652024,0.012538843150086021,"QCOM, MU"
Nasdaq-100 Top2 PIT membership,2,2022-04-06,3.3669902517024184,-0.0523547640418085,"QCOM, MU"
Nasdaq-100 Top2 PIT membership,2,2022-04-07,3.3416237895363796,-0.007533868609572947,"QCOM, MU"
Nasdaq-100 Top2 PIT membership,2,2022-04-08,3.3023954631850923,-0.01173930065799833,"QCOM, MU"
Nasdaq-100 Top2 PIT membership,2,2022-04-11,3.20732994580898,-0.02878683623324252,"QCOM, MU"
Nasdaq-100 Top2 PIT membership,2,2022-04-12,3.3015960280567613,0.02939082783514635,"QCOM, MU"
Nasdaq-100 Top2 PIT membership,2,2022-04-13,3.287295727565507,-0.004331329565983033,"QCOM, MU"
Nasdaq-100 Top2 PIT membership,2,2022-04-14,3.333784346546025,0.014141903507703613,"QCOM, MU"
Nasdaq-100 Top2 PIT membership,2,2022-04-18,3.21654744511596,-0.03516631228757444,"QCOM, MU"
Nasdaq-100 Top2 PIT membership,2,2022-04-19,3.270868824125054,0.01688810127504148,"QCOM, MU"
Nasdaq-100 Top2 PIT membership,2,2022-04-20,3.388149355018718,0.03585607898079979,"QCOM, MU"
Nasdaq-100 Top2 PIT membership,2,2022-04-21,3.381530192207686,-0.0019536219090304785,"QCOM, MU"
Nasdaq-100 Top2 PIT membership,2,2022-04-22,3.2316506946440207,-0.044322980734888495,"QCOM, MU"
Nasdaq-100 Top2 PIT membership,2,2022-04-25,3.1237770062848447,-0.033380367667198874,"QCOM, MU"
Nasdaq-100 Top2 PIT membership,2,2022-04-26,3.1739475242441086,0.01606085128942414,"QCOM, MU"
Nasdaq-100 Top2 PIT membership,2,2022-04-27,3.065437483261328,-0.03418772369547057,"QCOM, MU"
Nasdaq-100 Top2 PIT membership,2,2022-04-28,3.2418476624409287,0.057548124906438236,"QCOM, MU"
Nasdaq-100 Top2 PIT membership,2,2022-04-29,3.309945894729171,0.021005993920444888,"QCOM, MU"
Nasdaq-100 Top2 PIT membership,2,2022-05-02,3.2282980588939707,-0.0246674231035674,"QCOM, MU"
Nasdaq-100 Top2 PIT membership,2,2022-05-03,3.2422751985021954,0.0043295691269019665,"VRTX, EXC"
Nasdaq-100 Top2 PIT membership,2,2022-05-04,3.272739008042453,0.009395812408006354,"VRTX, EXC"
Nasdaq-100 Top2 PIT membership,2,2022-05-05,3.300872086624816,0.008596187631591756,"VRTX, EXC"
Nasdaq-100 Top2 PIT membership,2,2022-05-06,3.180481598060643,-0.03647232773787168,"VRTX, EXC"
Nasdaq-100 Top2 PIT membership,2,2022-05-09,3.154263396383872,-0.008243469068570708,"VRTX, EXC"
Nasdaq-100 Top2 PIT membership,2,2022-05-10,3.087869108479613,-0.021049062668759888,"VRTX, EXC"
Nasdaq-100 Top2 PIT membership,2,2022-05-11,3.0600446935053545,-0.009010879022640472,"VRTX, EXC"
Nasdaq-100 Top2 PIT membership,2,2022-05-12,3.0834032940182943,0.007633418087819477,"VRTX, EXC"
Nasdaq-100 Top2 PIT membership,2,2022-05-13,3.0754112853260454,-0.002591944008022873,"VRTX, EXC"
Nasdaq-100 Top2 PIT membership,2,2022-05-16,3.12824484940631,0.017179349094657348,"VRTX, EXC"
Nasdaq-100 Top2 PIT membership,2,2022-05-17,3.1963484176936605,0.021770536376101046,"VRTX, EXC"
Nasdaq-100 Top2 PIT membership,2,2022-05-18,3.2475700249222106,0.016025038742650488,"VRTX, EXC"
Nasdaq-100 Top2 PIT membership,2,2022-05-19,3.1780389968464267,-0.021410170540494933,"VRTX, EXC"
Nasdaq-100 Top2 PIT membership,2,2022-05-20,3.2140513224524367,0.011331618536382093,"VRTX, EXC"
Nasdaq-100 Top2 PIT membership,2,2022-05-23,3.2501820741569505,0.011241498059509802,"VRTX, EXC"
Nasdaq-100 Top2 PIT membership,2,2022-05-24,3.2877025145688887,0.011544104162739988,"VRTX, EXC"
Nasdaq-100 Top2 PIT membership,2,2022-05-25,3.34556024304604,0.017598224967363962,"VRTX, EXC"
Nasdaq-100 Top2 PIT membership,2,2022-05-26,3.3601670735246274,0.004366034211743419,"VRTX, EXC"
Nasdaq-100 Top2 PIT membership,2,2022-05-27,3.3617476215622153,0.00047037781247272203,"VRTX, EXC"
Nasdaq-100 Top2 PIT membership,2,2022-05-31,3.394339768843757,0.009695001216776578,"VRTX, EXC"
Nasdaq-100 Top2 PIT membership,2,2022-06-01,3.4034200243754658,0.0026751168563192707,"VRTX, EXC"
Nasdaq-100 Top2 PIT membership,2,2022-06-02,3.321301070051017,-0.02412836315715028,"VRTX, KHC"
Nasdaq-100 Top2 PIT membership,2,2022-06-03,3.2959729321565585,-0.007625968667173411,"VRTX, KHC"
Nasdaq-100 Top2 PIT membership,2,2022-06-06,3.310107983634523,0.004288582390971407,"VRTX, KHC"
Nasdaq-100 Top2 PIT membership,2,2022-06-07,3.2943885243918767,-0.004748926415804211,"VRTX, KHC"
Nasdaq-100 Top2 PIT membership,2,2022-06-08,3.343993221179775,0.015057330494148369,"VRTX, KHC"
Nasdaq-100 Top2 PIT membership,2,2022-06-09,3.369829692195738,0.007726233071383759,"VRTX, KHC"
Nasdaq-100 Top2 PIT membership,2,2022-06-10,3.2427754725238906,-0.037703454262420055,"VRTX, KHC"
Nasdaq-100 Top2 PIT membership,2,2022-06-13,3.21157816731522,-0.009620556672210567,"VRTX, KHC"
Nasdaq-100 Top2 PIT membership,2,2022-06-14,3.149495512949953,-0.019330886913198286,"VRTX, KHC"
Nasdaq-100 Top2 PIT membership,2,2022-06-15,3.1867599834226743,0.011831885557384902,"VRTX, KHC"
Nasdaq-100 Top2 PIT membership,2,2022-06-16,3.135363977191141,-0.016127981554585946,"VRTX, KHC"
Nasdaq-100 Top2 PIT membership,2,2022-06-17,3.162647016031699,0.008701713433921676,"VRTX, KHC"
Nasdaq-100 Top2 PIT membership,2,2022-06-21,3.257625346581513,0.030031277619146646,"VRTX, KHC"
Nasdaq-100 Top2 PIT membership,2,2022-06-22,3.324170644185119,0.020427547837395643,"VRTX, KHC"
Nasdaq-100 Top2 PIT membership,2,2022-06-23,3.3704311286480455,0.013916398829840027,"VRTX, KHC"
Nasdaq-100 Top2 PIT membership,2,2022-06-24,3.4771041554932167,0.0316496681799755,"VRTX, KHC"
Nasdaq-100 Top2 PIT membership,2,2022-06-27,3.517213935518517,0.011535397914938406,"VRTX, KHC"
Nasdaq-100 Top2 PIT membership,2,2022-06-28,3.5224832350977953,0.001498145883611579,"VRTX, KHC"
Nasdaq-100 Top2 PIT membership,2,2022-06-29,3.409892232718566,-0.03196353108437239,"VRTX, KHC"
Nasdaq-100 Top2 PIT membership,2,2022-06-30,3.4133820899685503,0.0010234508928166908,"VRTX, KHC"
Nasdaq-100 Top2 PIT membership,2,2022-07-01,3.4479580322309777,0.01012952589282079,"VRTX, KHC"
Nasdaq-100 Top2 PIT membership,2,2022-07-05,3.507749877645581,0.017341233523053057,"EXC, VRTX"
Nasdaq-100 Top2 PIT membership,2,2022-07-06,3.4685929188646467,-0.011162984861171676,"EXC, VRTX"
Nasdaq-100 Top2 PIT membership,2,2022-07-07,3.492705782145383,0.006951770889455977,"EXC, VRTX"
Nasdaq-100 Top2 PIT membership,2,2022-07-08,3.4925453503548374,-4.593338246972056e-05,"EXC, VRTX"
Nasdaq-100 Top2 PIT membership,2,2022-07-11,3.4958274772841937,0.0009397521292094368,"EXC, VRTX"
Nasdaq-100 Top2 PIT membership,2,2022-07-12,3.4954136901185247,-0.00011836601444376038,"EXC, VRTX"
Nasdaq-100 Top2 PIT membership,2,2022-07-13,3.4434746498974103,-0.014859196886464476,"EXC, VRTX"
Nasdaq-100 Top2 PIT membership,2,2022-07-14,3.3926439928718004,-0.01476144365608284,"EXC, VRTX"
Nasdaq-100 Top2 PIT membership,2,2022-07-15,3.451597150068654,0.01737675904713798,"EXC, VRTX"
Nasdaq-100 Top2 PIT membership,2,2022-07-18,3.492169009192292,0.0117545175058541,"EXC, VRTX"
Nasdaq-100 Top2 PIT membership,2,2022-07-19,3.471905065478121,-0.005802681273681443,"EXC, VRTX"
Nasdaq-100 Top2 PIT membership,2,2022-07-20,3.451560929506567,-0.005859646386601969,"EXC, VRTX"
Nasdaq-100 Top2 PIT membership,2,2022-07-21,3.4054680779020003,-0.013354204820934745,"EXC, VRTX"
Nasdaq-100 Top2 PIT membership,2,2022-07-22,3.410307261943587,0.0014210040825188286,"EXC, VRTX"
Nasdaq-100 Top2 PIT membership,2,2022-07-25,3.41934089752375,0.0026489213101034137,"EXC, VRTX"
Nasdaq-100 Top2 PIT membership,2,2022-07-26,3.4528621469510483,0.009803424236399905,"EXC, VRTX"
Nasdaq-100 Top2 PIT membership,2,2022-07-27,3.4623225557219266,0.0027398744485736537,"EXC, VRTX"
Nasdaq-100 Top2 PIT membership,2,2022-07-28,3.4890475456006045,0.007718804198214135,"EXC, VRTX"
Nasdaq-100 Top2 PIT membership,2,2022-07-29,3.4925765667815156,0.0010114568903943355,"EXC, VRTX"
Nasdaq-100 Top2 PIT membership,2,2022-08-01,3.494919785351073,0.0006709140156994642,"EXC, VRTX"
Nasdaq-100 Top2 PIT membership,2,2022-08-02,3.4847306935940994,-0.002915400748160546,"TMUS, CEG"
Nasdaq-100 Top2 PIT membership,2,2022-08-03,3.5053140582746716,0.00590673038763373,"TMUS, CEG"
Nasdaq-100 Top2 PIT membership,2,2022-08-04,3.4950322181912803,-0.002933215087852048,"TMUS, CEG"
Nasdaq-100 Top2 PIT membership,2,2022-08-05,3.5853657528097114,0.025846266637616244,"TMUS, CEG"
Nasdaq-100 Top2 PIT membership,2,2022-08-08,3.808607028413734,0.062264575219160734,"TMUS, CEG"
Nasdaq-100 Top2 PIT membership,2,2022-08-09,3.781385787143013,-0.0071472958663467145,"TMUS, CEG"
Nasdaq-100 Top2 PIT membership,2,2022-08-10,3.807982160094982,0.007033498946972916,"TMUS, CEG"
Nasdaq-100 Top2 PIT membership,2,2022-08-11,3.8198681755637436,0.003121342214603473,"TMUS, CEG"
Nasdaq-100 Top2 PIT membership,2,2022-08-12,3.8715157085289076,0.013520763175954797,"TMUS, CEG"
Nasdaq-100 Top2 PIT membership,2,2022-08-15,3.9038950559943957,0.00836348084399019,"TMUS, CEG"
Nasdaq-100 Top2 PIT membership,2,2022-08-16,3.918286097120043,0.003686328889284496,"TMUS, CEG"
Nasdaq-100 Top2 PIT membership,2,2022-08-17,3.9009164219003676,-0.004432977783945302,"TMUS, CEG"
Nasdaq-100 Top2 PIT membership,2,2022-08-18,3.8706284669407465,-0.007764317838131474,"TMUS, CEG"
Nasdaq-100 Top2 PIT membership,2,2022-08-19,3.9036607859851458,0.008534097066285162,"TMUS, CEG"
Nasdaq-100 Top2 PIT membership,2,2022-08-22,3.905522443827407,0.0004769005157788664,"TMUS, CEG"
Nasdaq-100 Top2 PIT membership,2,2022-08-23,3.885710634081206,-0.00507276812030949,"TMUS, CEG"
Nasdaq-100 Top2 PIT membership,2,2022-08-24,3.8565673013930226,-0.0075001294312989075,"TMUS, CEG"
Nasdaq-100 Top2 PIT membership,2,2022-08-25,3.889225700805686,0.008468256057885148,"TMUS, CEG"
Nasdaq-100 Top2 PIT membership,2,2022-08-26,3.9793978141390616,0.02318510682336994,"TMUS, CEG"
Nasdaq-100 Top2 PIT membership,2,2022-08-29,3.8494946658087463,-0.03264392111508957,"TMUS, CEG"
Nasdaq-100 Top2 PIT membership,2,2022-08-30,3.9178064991027535,0.01774566254130794,"TMUS, CEG"
Nasdaq-100 Top2 PIT membership,2,2022-08-31,3.9043999681674024,-0.0034219482096478626,"TMUS, CEG"
Nasdaq-100 Top2 PIT membership,2,2022-09-01,3.9039779043342877,-0.00010809953809959305,"TMUS, CEG"
Nasdaq-100 Top2 PIT membership,2,2022-09-02,3.9452486877539767,0.010571469519299659,"CEG, ADP"
Nasdaq-100 Top2 PIT membership,2,2022-09-06,3.868816169632311,-0.01937330803984849,"CEG, ADP"
Nasdaq-100 Top2 PIT membership,2,2022-09-07,3.879413749168941,0.002739230573893303,"CEG, ADP"
Nasdaq-100 Top2 PIT membership,2,2022-09-08,3.8910135183565626,0.0029900830222368002,"CEG, ADP"
Nasdaq-100 Top2 PIT membership,2,2022-09-09,4.029496709986225,0.03559051927636403,"CEG, ADP"
Nasdaq-100 Top2 PIT membership,2,2022-09-12,4.093302919585598,0.015834783892798132,"CEG, ADP"
Nasdaq-100 Top2 PIT membership,2,2022-09-13,4.012016274436246,-0.01985844848188789,"CEG, ADP"
Nasdaq-100 Top2 PIT membership,2,2022-09-14,3.9670719278936177,-0.0112024337560655,"CEG, ADP"
Nasdaq-100 Top2 PIT membership,2,2022-09-15,3.980924637227085,0.0034919229056737944,"CEG, ADP"
Nasdaq-100 Top2 PIT membership,2,2022-09-16,3.9212221731369303,-0.014997134970065662,"CEG, ADP"
Nasdaq-100 Top2 PIT membership,2,2022-09-19,3.9015057651493175,-0.005028128251105934,"CEG, ADP"
Nasdaq-100 Top2 PIT membership,2,2022-09-20,4.001109910229163,0.025529667537485645,"CEG, ADP"
Nasdaq-100 Top2 PIT membership,2,2022-09-21,4.019434656891261,0.004579915841664173,"CEG, ADP"
Nasdaq-100 Top2 PIT membership,2,2022-09-22,3.9524213531262893,-0.016672320732986134,"CEG, ADP"
Nasdaq-100 Top2 PIT membership,2,2022-09-23,3.8611188738828623,-0.023100391149139088,"CEG, ADP"
Nasdaq-100 Top2 PIT membership,2,2022-09-26,3.8562049840980395,-0.0012726595438594668,"CEG, ADP"
Nasdaq-100 Top2 PIT membership,2,2022-09-27,3.860355402215638,0.0010762960306086589,"CEG, ADP"
Nasdaq-100 Top2 PIT membership,2,2022-09-28,3.860156624905781,-5.149197137210848e-05,"CEG, ADP"
Nasdaq-100 Top2 PIT membership,2,2022-09-29,3.8950301830151246,0.009034233969766658,"CEG, ADP"
Nasdaq-100 Top2 PIT membership,2,2022-09-30,3.828849480130822,-0.01699106291214214,"CEG, ADP"
Nasdaq-100 Top2 PIT membership,2,2022-10-03,3.8739524438532618,0.011779769342329494,"CEG, ADP"
Nasdaq-100 Top2 PIT membership,2,2022-10-04,4.013308859902592,0.035972670823681496,"PDD, CEG"
Nasdaq-100 Top2 PIT membership,2,2022-10-05,4.061441350465916,0.011993218624218316,"PDD, CEG"
Nasdaq-100 Top2 PIT membership,2,2022-10-06,4.067155942993366,0.0014070355901591447,"PDD, CEG"
Nasdaq-100 Top2 PIT membership,2,2022-10-07,3.9391090799018684,-0.031483145688595504,"PDD, CEG"
Nasdaq-100 Top2 PIT membership,2,2022-10-10,3.845004539753719,-0.02388980305934907,"PDD, CEG"
Nasdaq-100 Top2 PIT membership,2,2022-10-11,3.6949264222077383,-0.03903197408333714,"PDD, CEG"
Nasdaq-100 Top2 PIT membership,2,2022-10-12,3.632494912563351,-0.016896550163801094,"PDD, CEG"
Nasdaq-100 Top2 PIT membership,2,2022-10-13,3.489585976138857,-0.03934181323426761,"PDD, CEG"
Nasdaq-100 Top2 PIT membership,2,2022-10-14,3.6618468258036674,0.049364265801931206,"PDD, CEG"
Nasdaq-100 Top2 PIT membership,2,2022-10-17,3.5888472593790284,-0.019935177493017542,"PDD, CEG"
Nasdaq-100 Top2 PIT membership,2,2022-10-18,3.769629453919695,0.05037333201300587,"PDD, CEG"
Nasdaq-100 Top2 PIT membership,2,2022-10-19,3.6511188973715076,-0.03143825089358826,"PDD, CEG"
Nasdaq-100 Top2 PIT membership,2,2022-10-20,3.6779202354647302,0.007340582119228389,"PDD, CEG"
Nasdaq-100 Top2 PIT membership,2,2022-10-21,3.6383688033126957,-0.010753749298490933,"PDD, CEG"
Nasdaq-100 Top2 PIT membership,2,2022-10-24,3.469641315323385,-0.046374487335007486,"PDD, CEG"
Nasdaq-100 Top2 PIT membership,2,2022-10-25,3.415690950148195,-0.015549262956064847,"PDD, CEG"
Nasdaq-100 Top2 PIT membership,2,2022-10-26,3.509084947517377,0.027342636887312644,"PDD, CEG"
Nasdaq-100 Top2 PIT membership,2,2022-10-27,3.64910549254278,0.039902295646751185,"PDD, CEG"
Nasdaq-100 Top2 PIT membership,2,2022-10-28,3.6414052448447918,-0.002110174045043156,"PDD, CEG"
Nasdaq-100 Top2 PIT membership,2,2022-10-31,3.754658615477324,0.031101556409539155,"PDD, CEG"
Nasdaq-100 Top2 PIT membership,2,2022-11-01,4.040526490123575,0.07613684862529368,"PDD, CEG"
Nasdaq-100 Top2 PIT membership,2,2022-11-02,3.83790326409983,-0.050147728648488155,"CEG, PDD"
Nasdaq-100 Top2 PIT membership,2,2022-11-03,3.7235744388694982,-0.029789397325298894,"CEG, PDD"
Nasdaq-100 Top2 PIT membership,2,2022-11-04,4.123962201932056,0.10752779879542773,"CEG, PDD"
Nasdaq-100 Top2 PIT membership,2,2022-11-07,4.164023348992775,0.009714237206624177,"CEG, PDD"
Nasdaq-100 Top2 PIT membership,2,2022-11-08,3.954347543869067,-0.05035413770540609,"CEG, PDD"
Nasdaq-100 Top2 PIT membership,2,2022-11-09,3.900782096426984,-0.013545963486475077,"CEG, PDD"
Nasdaq-100 Top2 PIT membership,2,2022-11-10,4.061588773788601,0.04122421437201307,"CEG, PDD"
Nasdaq-100 Top2 PIT membership,2,2022-11-11,4.315860071962513,0.06260390018183226,"CEG, PDD"
Nasdaq-100 Top2 PIT membership,2,2022-11-14,4.247419535648636,-0.015857913642403132,"CEG, PDD"
Nasdaq-100 Top2 PIT membership,2,2022-11-15,4.379197963176032,0.031025526539438464,"CEG, PDD"
Nasdaq-100 Top2 PIT membership,2,2022-11-16,4.323221332193255,-0.012782393363687805,"CEG, PDD"
Nasdaq-100 Top2 PIT membership,2,2022-11-17,4.174474752065449,-0.03440642259514953,"CEG, PDD"
Nasdaq-100 Top2 PIT membership,2,2022-11-18,4.317238137217325,0.034199125310612866,"CEG, PDD"
Nasdaq-100 Top2 PIT membership,2,2022-11-21,4.3284540621823115,0.0025979398422102395,"CEG, PDD"
Nasdaq-100 Top2 PIT membership,2,2022-11-22,4.236940266368139,-0.021142374274854436,"CEG, PDD"
Nasdaq-100 Top2 PIT membership,2,2022-11-23,4.376804213027676,0.03301060148752755,"CEG, PDD"
Nasdaq-100 Top2 PIT membership,2,2022-11-25,4.303817204504709,-0.016675867818286172,"CEG, PDD"
Nasdaq-100 Top2 PIT membership,2,2022-11-28,4.586434453858944,0.06566664798366117,"CEG, PDD"
Nasdaq-100 Top2 PIT membership,2,2022-11-29,4.651625987813542,0.014213990107227625,"CEG, PDD"
Nasdaq-100 Top2 PIT membership,2,2022-11-30,4.710890829879281,0.012740672233967798,"CEG, PDD"
Nasdaq-100 Top2 PIT membership,2,2022-12-01,4.747888503619857,0.007853647022748877,"CEG, PDD"
Nasdaq-100 Top2 PIT membership,2,2022-12-02,4.796405196416255,0.01021858300998607,"DXCM, NFLX"
Nasdaq-100 Top2 PIT membership,2,2022-12-05,4.869741232135635,0.015289791566020061,"DXCM, NFLX"
Nasdaq-100 Top2 PIT membership,2,2022-12-06,4.790877246720869,-0.016194697347435894,"DXCM, NFLX"
Nasdaq-100 Top2 PIT membership,2,2022-12-07,4.766350845675877,-0.005119396674539978,"DXCM, NFLX"
Nasdaq-100 Top2 PIT membership,2,2022-12-08,4.938064789256102,0.036026291211022854,"DXCM, NFLX"
Nasdaq-100 Top2 PIT membership,2,2022-12-09,4.995713698890799,0.011674393126660854,"DXCM, NFLX"
Nasdaq-100 Top2 PIT membership,2,2022-12-12,4.909500302404145,-0.01725747344284284,"DXCM, NFLX"
Nasdaq-100 Top2 PIT membership,2,2022-12-13,5.0228764161160635,0.023093208418054068,"DXCM, NFLX"
Nasdaq-100 Top2 PIT membership,2,2022-12-14,4.937478717869445,-0.017001751819458844,"DXCM, NFLX"
Nasdaq-100 Top2 PIT membership,2,2022-12-15,4.80397125563422,-0.027039602571255983,"DXCM, NFLX"
Nasdaq-100 Top2 PIT membership,2,2022-12-16,4.588070039325936,-0.044942237332304846,"DXCM, NFLX"
Nasdaq-100 Top2 PIT membership,2,2022-12-19,4.596379237949066,0.001811044415605867,"DXCM, NFLX"
Nasdaq-100 Top2 PIT membership,2,2022-12-20,4.485745214602077,-0.024069820530377928,"DXCM, NFLX"
Nasdaq-100 Top2 PIT membership,2,2022-12-21,4.593177632248011,0.023949736890142348,"DXCM, NFLX"
Nasdaq-100 Top2 PIT membership,2,2022-12-22,4.6555106558338295,0.013570784449568662,"DXCM, NFLX"
Nasdaq-100 Top2 PIT membership,2,2022-12-23,4.654711993400868,-0.0001715520577663665,"DXCM, NFLX"
Nasdaq-100 Top2 PIT membership,2,2022-12-27,4.569815398451357,-0.018238850238182613,"DXCM, NFLX"
Nasdaq-100 Top2 PIT membership,2,2022-12-28,4.462098767503171,-0.023571330908616017,"DXCM, NFLX"
Nasdaq-100 Top2 PIT membership,2,2022-12-29,4.480955542183905,0.0042259877387889055,"DXCM, NFLX"
Nasdaq-100 Top2 PIT membership,2,2022-12-30,4.499750320853589,0.004194368476265753,"DXCM, NFLX"
Nasdaq-100 Top2 PIT membership,2,2023-01-03,4.666832480143815,0.03713142894082422,"DXCM, NFLX"
Nasdaq-100 Top2 PIT membership,2,2023-01-04,4.5583536788526064,-0.0232446315038643,"NFLX, CEG"
Nasdaq-100 Top2 PIT membership,2,2023-01-05,4.652276418253597,0.02060453093772041,"NFLX, CEG"
Nasdaq-100 Top2 PIT membership,2,2023-01-06,4.706540284263201,0.011663938496151216,"NFLX, CEG"
Nasdaq-100 Top2 PIT membership,2,2023-01-09,4.752741684759802,0.009816425167140541,"NFLX, CEG"
Nasdaq-100 Top2 PIT membership,2,2023-01-10,4.696785228768946,-0.011773510891678884,"NFLX, CEG"
Nasdaq-100 Top2 PIT membership,2,2023-01-11,4.802009196187347,0.02240340196393864,"NFLX, CEG"
Nasdaq-100 Top2 PIT membership,2,2023-01-12,4.871588225288377,0.014489565983396013,"NFLX, CEG"
Nasdaq-100 Top2 PIT membership,2,2023-01-13,4.851021587085002,-0.004221752178604543,"NFLX, CEG"
Nasdaq-100 Top2 PIT membership,2,2023-01-17,4.862653787836846,0.002397886825079021,"NFLX, CEG"
Nasdaq-100 Top2 PIT membership,2,2023-01-18,4.813184667659122,-0.010173276226545791,"NFLX, CEG"
Nasdaq-100 Top2 PIT membership,2,2023-01-19,4.732718303222445,-0.016717905086283014,"NFLX, CEG"
Nasdaq-100 Top2 PIT membership,2,2023-01-20,4.823116205176892,0.01910063015854907,"NFLX, CEG"
Nasdaq-100 Top2 PIT membership,2,2023-01-23,4.912224448241024,0.01847524282506141,"NFLX, CEG"
Nasdaq-100 Top2 PIT membership,2,2023-01-24,5.0575485094394095,0.029584165530226025,"NFLX, CEG"
Nasdaq-100 Top2 PIT membership,2,2023-01-25,5.06159012896225,0.0007991262002325361,"NFLX, CEG"
Nasdaq-100 Top2 PIT membership,2,2023-01-26,5.125515981250536,0.012629598734694936,"NFLX, CEG"
Nasdaq-100 Top2 PIT membership,2,2023-01-27,5.155756268600729,0.005899949870571797,"NFLX, CEG"
Nasdaq-100 Top2 PIT membership,2,2023-01-30,5.123171719058084,-0.006320032958324562,"NFLX, CEG"
Nasdaq-100 Top2 PIT membership,2,2023-01-31,4.972079366370704,-0.029491955564424965,"NFLX, CEG"
Nasdaq-100 Top2 PIT membership,2,2023-02-01,5.0768791653381,0.021077660118666186,"NFLX, CEG"
Nasdaq-100 Top2 PIT membership,2,2023-02-02,5.039482783986588,-0.007366017613109954,"PDD, GILD"
Nasdaq-100 Top2 PIT membership,2,2023-02-03,5.003156847870599,-0.00720826673551056,"PDD, GILD"
Nasdaq-100 Top2 PIT membership,2,2023-02-06,4.837348671017893,-0.03314071133374025,"PDD, GILD"
Nasdaq-100 Top2 PIT membership,2,2023-02-07,4.996704007877316,0.03294270223152851,"PDD, GILD"
Nasdaq-100 Top2 PIT membership,2,2023-02-08,4.899039921234122,-0.01954570182448795,"PDD, GILD"
Nasdaq-100 Top2 PIT membership,2,2023-02-09,4.9774072612709865,0.01599646896062079,"PDD, GILD"
Nasdaq-100 Top2 PIT membership,2,2023-02-10,4.840217681718426,-0.027562458193852835,"PDD, GILD"
Nasdaq-100 Top2 PIT membership,2,2023-02-13,4.9782972490624715,0.02852755318538147,"PDD, GILD"
Nasdaq-100 Top2 PIT membership,2,2023-02-14,4.977383168336574,-0.00018361312717313227,"PDD, GILD"
Nasdaq-100 Top2 PIT membership,2,2023-02-15,4.90616892778487,-0.014307566474835609,"PDD, GILD"
Nasdaq-100 Top2 PIT membership,2,2023-02-16,4.890060835694837,-0.0032832322586384133,"PDD, GILD"
Nasdaq-100 Top2 PIT membership,2,2023-02-17,4.891038766507766,0.00019998336335419475,"PDD, GILD"
Nasdaq-100 Top2 PIT membership,2,2023-02-21,4.696846728196394,-0.0397036391617126,"PDD, GILD"
Nasdaq-100 Top2 PIT membership,2,2023-02-22,4.667654526266993,-0.006215276677893733,"PDD, GILD"
Nasdaq-100 Top2 PIT membership,2,2023-02-23,4.663251447422441,-0.0009433172099121978,"PDD, GILD"
Nasdaq-100 Top2 PIT membership,2,2023-02-24,4.553744780271222,-0.023482899943503444,"PDD, GILD"
Nasdaq-100 Top2 PIT membership,2,2023-02-27,4.586339777692298,0.007157844585909068,"PDD, GILD"
Nasdaq-100 Top2 PIT membership,2,2023-02-28,4.5828684415805645,-0.0007568859439105458,"PDD, GILD"
Nasdaq-100 Top2 PIT membership,2,2023-03-01,4.7470143266989195,0.03581728064219608,"PDD, GILD"
Nasdaq-100 Top2 PIT membership,2,2023-03-02,4.618121131104229,-0.027152476635629474,"PDD, NFLX"
Nasdaq-100 Top2 PIT membership,2,2023-03-03,4.759695209320707,0.030656207188447415,"PDD, NFLX"
Nasdaq-100 Top2 PIT membership,2,2023-03-06,4.763867389487695,0.0008765645663228461,"PDD, NFLX"
Nasdaq-100 Top2 PIT membership,2,2023-03-07,4.710260893958021,-0.011252726229946164,"PDD, NFLX"
Nasdaq-100 Top2 PIT membership,2,2023-03-08,4.640025494704144,-0.014911148413025377,"PDD, NFLX"
Nasdaq-100 Top2 PIT membership,2,2023-03-09,4.612283650138275,-0.005978812960732938,"PDD, NFLX"
Nasdaq-100 Top2 PIT membership,2,2023-03-10,4.382552499642302,-0.049808547765505584,"PDD, NFLX"
Nasdaq-100 Top2 PIT membership,2,2023-03-13,4.293043519987436,-0.020423937799301073,"PDD, NFLX"
Nasdaq-100 Top2 PIT membership,2,2023-03-14,4.543461477647137,0.058331101581852396,"PDD, NFLX"
Nasdaq-100 Top2 PIT membership,2,2023-03-15,4.494697449894718,-0.010732792165692895,"PDD, NFLX"
Nasdaq-100 Top2 PIT membership,2,2023-03-16,4.565566251247414,0.01576720171773871,"PDD, NFLX"
Nasdaq-100 Top2 PIT membership,2,2023-03-17,4.7209609148814975,0.034036230137198364,"PDD, NFLX"
Nasdaq-100 Top2 PIT membership,2,2023-03-20,4.2725187291227105,-0.09498959933033968,"PDD, NFLX"
Nasdaq-100 Top2 PIT membership,2,2023-03-21,4.339629951707785,0.015707648541743113,"PDD, NFLX"
Nasdaq-100 Top2 PIT membership,2,2023-03-22,4.339559155708077,-1.631383332123537e-05,"PDD, NFLX"
Nasdaq-100 Top2 PIT membership,2,2023-03-23,4.269399234659734,-0.016167522674753187,"PDD, NFLX"
Nasdaq-100 Top2 PIT membership,2,2023-03-24,4.291978380179224,0.005288600170297697,"PDD, NFLX"
Nasdaq-100 Top2 PIT membership,2,2023-03-27,4.2530138229079695,-0.009078460751619277,"PDD, NFLX"
Nasdaq-100 Top2 PIT membership,2,2023-03-28,4.261588676776038,0.0020161829293574574,"PDD, NFLX"
Nasdaq-100 Top2 PIT membership,2,2023-03-29,4.240868643400703,-0.0048620444033584675,"PDD, NFLX"
Nasdaq-100 Top2 PIT membership,2,2023-03-30,4.400234240451204,0.037578527054473176,"PDD, NFLX"
Nasdaq-100 Top2 PIT membership,2,2023-03-31,4.415953868801771,0.0035724526221938002,"PDD, NFLX"
Nasdaq-100 Top2 PIT membership,2,2023-04-03,4.399551257690049,-0.0037143982023011834,"PDD, NFLX"
Nasdaq-100 Top2 PIT membership,2,2023-04-04,4.460745459448946,0.013909191682204947,"NVDA, PDD"
Nasdaq-100 Top2 PIT membership,2,2023-04-05,4.317656962084612,-0.03207726122575255,"NVDA, PDD"
Nasdaq-100 Top2 PIT membership,2,2023-04-06,4.27905225050987,-0.008941125224571744,"NVDA, PDD"
Nasdaq-100 Top2 PIT membership,2,2023-04-10,4.254021249616131,-0.005849660024776826,"NVDA, PDD"
Nasdaq-100 Top2 PIT membership,2,2023-04-11,4.356924854982237,0.02418972528061336,"NVDA, PDD"
Nasdaq-100 Top2 PIT membership,2,2023-04-12,4.241728386355098,-0.026439856656102212,"NVDA, PDD"
Nasdaq-100 Top2 PIT membership,2,2023-04-13,4.157792425181664,-0.019788150849885167,"NVDA, PDD"
Nasdaq-100 Top2 PIT membership,2,2023-04-14,4.154269801710517,-0.0008472340874479123,"NVDA, PDD"
Nasdaq-100 Top2 PIT membership,2,2023-04-17,4.184521819902726,0.00728215056705106,"NVDA, PDD"
Nasdaq-100 Top2 PIT membership,2,2023-04-18,4.273434870230825,0.021248079029055233,"NVDA, PDD"
Nasdaq-100 Top2 PIT membership,2,2023-04-19,4.2245561490655525,-0.011437806506837567,"NVDA, PDD"
Nasdaq-100 Top2 PIT membership,2,2023-04-20,4.2835902639922425,0.013974039601709953,"NVDA, PDD"
Nasdaq-100 Top2 PIT membership,2,2023-04-21,4.195998496913417,-0.020448213223173806,"NVDA, PDD"
Nasdaq-100 Top2 PIT membership,2,2023-04-24,4.2025791461234325,0.0015683154354930728,"NVDA, PDD"
Nasdaq-100 Top2 PIT membership,2,2023-04-25,4.0759225958500025,-0.030137814391969497,"NVDA, PDD"
Nasdaq-100 Top2 PIT membership,2,2023-04-26,4.128384979866406,0.01287129055635644,"NVDA, PDD"
Nasdaq-100 Top2 PIT membership,2,2023-04-27,4.150065831770628,0.005251654584045973,"NVDA, PDD"
Nasdaq-100 Top2 PIT membership,2,2023-04-28,4.117626449158141,-0.007816594706558377,"NVDA, PDD"
Nasdaq-100 Top2 PIT membership,2,2023-05-01,4.236223931418169,0.028802389853571086,"NVDA, PDD"
Nasdaq-100 Top2 PIT membership,2,2023-05-02,4.2603436619747415,0.005693686393131281,"NVDA, AMD"
Nasdaq-100 Top2 PIT membership,2,2023-05-03,4.060107670274605,-0.04699996234747972,"NVDA, AMD"
Nasdaq-100 Top2 PIT membership,2,2023-05-04,3.9984544336569634,-0.015185123554487256,"NVDA, AMD"
Nasdaq-100 Top2 PIT membership,2,2023-05-05,4.094929228230952,0.024128021507988984,"NVDA, AMD"
Nasdaq-100 Top2 PIT membership,2,2023-05-08,4.266594583191611,0.041921446108806215,"NVDA, AMD"
Nasdaq-100 Top2 PIT membership,2,2023-05-09,4.410951418335165,0.033834204850925476,"NVDA, AMD"
Nasdaq-100 Top2 PIT membership,2,2023-05-10,4.454601914516387,0.009895936735956457,"NVDA, AMD"
Nasdaq-100 Top2 PIT membership,2,2023-05-11,4.486426037974481,0.007144100431149103,"NVDA, AMD"
Nasdaq-100 Top2 PIT membership,2,2023-05-12,4.427541495474844,-0.013125044746357173,"NVDA, AMD"
Nasdaq-100 Top2 PIT membership,2,2023-05-15,4.388646100012521,-0.008784874292443179,"NVDA, AMD"
Nasdaq-100 Top2 PIT membership,2,2023-05-16,4.4647564972377145,0.017342568867645958,"NVDA, AMD"
Nasdaq-100 Top2 PIT membership,2,2023-05-17,4.623124005414322,0.03547058126788949,"NVDA, AMD"
Nasdaq-100 Top2 PIT membership,2,2023-05-18,4.7373969654044075,0.02471769302667548,"NVDA, AMD"
Nasdaq-100 Top2 PIT membership,2,2023-05-19,4.879320535627158,0.02995813339248732,"NVDA, AMD"
Nasdaq-100 Top2 PIT membership,2,2023-05-22,4.791660788633482,-0.017965564334954665,"NVDA, AMD"
Nasdaq-100 Top2 PIT membership,2,2023-05-23,4.858156435258262,0.01387736936273043,"NVDA, AMD"
Nasdaq-100 Top2 PIT membership,2,2023-05-24,4.767490574195454,-0.018662606334533927,"NVDA, AMD"
Nasdaq-100 Top2 PIT membership,2,2023-05-25,5.678273727216632,0.19104036785114753,"NVDA, AMD"
Nasdaq-100 Top2 PIT membership,2,2023-05-26,5.756262140417443,0.013734528652080358,"NVDA, AMD"
Nasdaq-100 Top2 PIT membership,2,2023-05-30,6.148815140617258,0.0681958171160264,"NVDA, AMD"
Nasdaq-100 Top2 PIT membership,2,2023-05-31,5.8763931009424555,-0.044304802379772856,"NVDA, AMD"
Nasdaq-100 Top2 PIT membership,2,2023-06-01,5.678934993553332,-0.03360192281170826,"NVDA, AMD"
Nasdaq-100 Top2 PIT membership,2,2023-06-02,5.869750824145507,0.03360063652934708,"META, NVDA"
Nasdaq-100 Top2 PIT membership,2,2023-06-05,5.7573926046319315,-0.019141906169404144,"META, NVDA"
Nasdaq-100 Top2 PIT membership,2,2023-06-06,5.749845067975172,-0.0013109296473350351,"META, NVDA"
Nasdaq-100 Top2 PIT membership,2,2023-06-07,5.77271910799462,0.003978201107860957,"META, NVDA"
Nasdaq-100 Top2 PIT membership,2,2023-06-08,5.566980668325983,-0.03563978011396918,"META, NVDA"
Nasdaq-100 Top2 PIT membership,2,2023-06-09,5.683726275223631,0.020971081786197998,"META, NVDA"
Nasdaq-100 Top2 PIT membership,2,2023-06-12,5.746371827035235,0.011021915690184958,"META, NVDA"
Nasdaq-100 Top2 PIT membership,2,2023-06-13,5.901554849687185,0.027005391805983048,"META, NVDA"
Nasdaq-100 Top2 PIT membership,2,2023-06-14,5.916306000560899,0.0024995363509155433,"META, NVDA"
Nasdaq-100 Top2 PIT membership,2,2023-06-15,6.049601791478503,0.022530239461070134,"META, NVDA"
Nasdaq-100 Top2 PIT membership,2,2023-06-16,6.248108804716045,0.03281323632196087,"META, NVDA"
Nasdaq-100 Top2 PIT membership,2,2023-06-20,6.149563782915343,-0.01577197594995794,"META, NVDA"
Nasdaq-100 Top2 PIT membership,2,2023-06-21,6.23848469923059,0.014459711201351477,"META, NVDA"
Nasdaq-100 Top2 PIT membership,2,2023-06-22,6.100039472145226,-0.022192124171185157,"META, NVDA"
Nasdaq-100 Top2 PIT membership,2,2023-06-23,6.141827907606836,0.006850518861792665,"META, NVDA"
Nasdaq-100 Top2 PIT membership,2,2023-06-26,6.2200453134614895,0.012735199851135304,"META, NVDA"
Nasdaq-100 Top2 PIT membership,2,2023-06-27,6.026244123272339,-0.031157520632482172,"META, NVDA"
Nasdaq-100 Top2 PIT membership,2,2023-06-28,6.04600205436674,0.0032786476435793244,"META, NVDA"
Nasdaq-100 Top2 PIT membership,2,2023-06-29,6.109370963564708,0.010481125978480277,"META, NVDA"
Nasdaq-100 Top2 PIT membership,2,2023-06-30,6.1211306856254915,0.0019248662637965097,"META, NVDA"
Nasdaq-100 Top2 PIT membership,2,2023-07-03,6.203441508841801,0.013446996550752321,"META, NVDA"
Nasdaq-100 Top2 PIT membership,2,2023-07-05,6.185851800363716,-0.0028354758327315266,"NVDA, META"
Nasdaq-100 Top2 PIT membership,2,2023-07-06,6.253090734869348,0.010869793954921103,"NVDA, META"
Nasdaq-100 Top2 PIT membership,2,2023-07-07,6.249604151713338,-0.0005575775730500832,"NVDA, META"
Nasdaq-100 Top2 PIT membership,2,2023-07-10,6.310379704308769,0.009724704336476986,"NVDA, META"
Nasdaq-100 Top2 PIT membership,2,2023-07-11,6.279746362169975,-0.0048544372247325,"NVDA, META"
Nasdaq-100 Top2 PIT membership,2,2023-07-12,6.404411823519605,0.019851989898928335,"NVDA, META"
Nasdaq-100 Top2 PIT membership,2,2023-07-13,6.640881260142497,0.03692289676851834,"NVDA, META"
Nasdaq-100 Top2 PIT membership,2,2023-07-14,6.775526927530214,0.020275271024018826,"NVDA, META"
Nasdaq-100 Top2 PIT membership,2,2023-07-17,6.707967096616497,-0.009971155252768316,"NVDA, META"
Nasdaq-100 Top2 PIT membership,2,2023-07-18,6.774245449190452,0.009880542289389838,"NVDA, META"
Nasdaq-100 Top2 PIT membership,2,2023-07-19,6.853009571691499,0.011626995669378859,"NVDA, META"
Nasdaq-100 Top2 PIT membership,2,2023-07-20,6.789065431520334,-0.009330811448929777,"NVDA, META"
Nasdaq-100 Top2 PIT membership,2,2023-07-21,6.639893195692466,-0.02197242570903646,"NVDA, META"
Nasdaq-100 Top2 PIT membership,2,2023-07-24,6.4674390166302755,-0.025972432685222535,"NVDA, META"
Nasdaq-100 Top2 PIT membership,2,2023-07-25,6.476170150140265,0.0013500140453646114,"NVDA, META"
Nasdaq-100 Top2 PIT membership,2,2023-07-26,6.6198028708730865,0.022178651487362533,"NVDA, META"
Nasdaq-100 Top2 PIT membership,2,2023-07-27,6.91859653018238,0.045136337914830515,"NVDA, META"
Nasdaq-100 Top2 PIT membership,2,2023-07-28,6.842003235227754,-0.011070640500640216,"NVDA, META"
Nasdaq-100 Top2 PIT membership,2,2023-07-31,6.921826803578976,0.011666695499386925,"NVDA, META"
Nasdaq-100 Top2 PIT membership,2,2023-08-01,6.834307554603822,-0.012643952450515084,"NVDA, META"
Nasdaq-100 Top2 PIT membership,2,2023-08-02,6.792995030876397,-0.006044873368275028,"NVDA, META"
Nasdaq-100 Top2 PIT membership,2,2023-08-03,6.556284563542082,-0.034846259456747464,"NVDA, META"
Nasdaq-100 Top2 PIT membership,2,2023-08-04,6.6981763636230305,0.021642105174929926,"NVDA, META"
Nasdaq-100 Top2 PIT membership,2,2023-08-07,6.689162306387336,-0.001345747968752864,"NVDA, META"
Nasdaq-100 Top2 PIT membership,2,2023-08-08,6.68252601566002,-0.0009920959341919167,"NVDA, META"
Nasdaq-100 Top2 PIT membership,2,2023-08-09,6.623240530279575,-0.008871717856617944,"NVDA, META"
Nasdaq-100 Top2 PIT membership,2,2023-08-10,6.412831128587042,-0.031768346737612974,"NVDA, META"
Nasdaq-100 Top2 PIT membership,2,2023-08-11,6.325810388659627,-0.013569785042287397,"NVDA, META"
Nasdaq-100 Top2 PIT membership,2,2023-08-14,6.213356733074747,-0.01777695641754884,"NVDA, META"
Nasdaq-100 Top2 PIT membership,2,2023-08-15,6.579235431992008,0.05888583492552857,"NVDA, META"
Nasdaq-100 Top2 PIT membership,2,2023-08-16,6.512452962523933,-0.010150490913175048,"NVDA, META"
Nasdaq-100 Top2 PIT membership,2,2023-08-17,6.394671079935025,-0.01808564042868127,"NVDA, META"
Nasdaq-100 Top2 PIT membership,2,2023-08-18,6.1446289919782675,-0.03910163397478417,"NVDA, META"
Nasdaq-100 Top2 PIT membership,2,2023-08-21,6.327257477653813,0.029721645670383823,"NVDA, META"
Nasdaq-100 Top2 PIT membership,2,2023-08-22,6.6877071153791645,0.05696775245805363,"NVDA, META"
Nasdaq-100 Top2 PIT membership,2,2023-08-23,6.483793548542124,-0.030490803995904203,"NVDA, META"
Nasdaq-100 Top2 PIT membership,2,2023-08-24,6.903630077714172,0.06475168063709347,"NVDA, META"
Nasdaq-100 Top2 PIT membership,2,2023-08-25,6.54034394277964,-0.052622479890292395,"NVDA, META"
Nasdaq-100 Top2 PIT membership,2,2023-08-28,6.524849484607773,-0.0023690586164007987,"NVDA, META"
Nasdaq-100 Top2 PIT membership,2,2023-08-29,6.544333502621518,0.002986125282998242,"NVDA, META"
Nasdaq-100 Top2 PIT membership,2,2023-08-30,6.808477682767468,0.04036227371972101,"NVDA, META"
Nasdaq-100 Top2 PIT membership,2,2023-08-31,6.81610555226635,0.0011203487555211389,"NVDA, META"
Nasdaq-100 Top2 PIT membership,2,2023-09-01,6.883602056404607,0.009902502773862398,"NVDA, META"
Nasdaq-100 Top2 PIT membership,2,2023-09-05,6.7501383106778805,-0.019388649232352007,"NVDA, META"
Nasdaq-100 Top2 PIT membership,2,2023-09-06,6.818968031997679,0.010196786814118952,"NVDA, META"
Nasdaq-100 Top2 PIT membership,2,2023-09-07,6.571803325678575,-0.03624664394367244,"NVDA, META"
Nasdaq-100 Top2 PIT membership,2,2023-09-08,6.615353729839535,0.006626857500557248,"NVDA, META"
Nasdaq-100 Top2 PIT membership,2,2023-09-11,6.6543932537161306,0.005901350928598226,"NVDA, META"
Nasdaq-100 Top2 PIT membership,2,2023-09-12,6.607045206123471,-0.007115306503146346,"NVDA, META"
Nasdaq-100 Top2 PIT membership,2,2023-09-13,6.554042059923548,-0.008022216368490931,"NVDA, META"
Nasdaq-100 Top2 PIT membership,2,2023-09-14,6.700705996311422,0.02237763124601988,"NVDA, META"
Nasdaq-100 Top2 PIT membership,2,2023-09-15,6.709493568311519,0.001311439720670493,"NVDA, META"
Nasdaq-100 Top2 PIT membership,2,2023-09-18,6.373161266191312,-0.050127822419963386,"NVDA, META"
Nasdaq-100 Top2 PIT membership,2,2023-09-19,6.499886856769831,0.019884259205989463,"NVDA, META"
Nasdaq-100 Top2 PIT membership,2,2023-09-20,6.510224035936998,0.001590362939379697,"NVDA, META"
Nasdaq-100 Top2 PIT membership,2,2023-09-21,6.25986604036335,-0.03845612596304693,"NVDA, META"
Nasdaq-100 Top2 PIT membership,2,2023-09-22,6.297143488722679,0.0059549913878294,"NVDA, META"
Nasdaq-100 Top2 PIT membership,2,2023-09-25,6.260080002421075,-0.005885761753401331,"NVDA, META"
Nasdaq-100 Top2 PIT membership,2,2023-09-26,6.312322537365873,0.008345346213561755,"NVDA, META"
Nasdaq-100 Top2 PIT membership,2,2023-09-27,6.366627832224026,0.008603060844355248,"NVDA, META"
Nasdaq-100 Top2 PIT membership,2,2023-09-28,6.360405359277971,-0.0009773577331724792,"NVDA, META"
Nasdaq-100 Top2 PIT membership,2,2023-09-29,6.552579125512507,0.030214075263962692,"NVDA, META"
Nasdaq-100 Top2 PIT membership,2,2023-10-02,6.518297142606054,-0.005231830436503326,"NVDA, META"
Nasdaq-100 Top2 PIT membership,2,2023-10-03,6.635395175932546,0.017964512934075194,"NVDA, ADBE"
Nasdaq-100 Top2 PIT membership,2,2023-10-04,6.5206302100368365,-0.017295875053828957,"NVDA, ADBE"
Nasdaq-100 Top2 PIT membership,2,2023-10-05,6.59396321156693,0.011246305827497527,"NVDA, ADBE"
Nasdaq-100 Top2 PIT membership,2,2023-10-06,6.5626798919550735,-0.00474423629737275,"NVDA, ADBE"
Nasdaq-100 Top2 PIT membership,2,2023-10-09,6.667003995802066,0.015896570541994448,"NVDA, ADBE"
Nasdaq-100 Top2 PIT membership,2,2023-10-10,6.758694053028168,0.013752812700252637,"NVDA, ADBE"
Nasdaq-100 Top2 PIT membership,2,2023-10-11,6.873660061954346,0.01701009219002425,"NVDA, ADBE"
Nasdaq-100 Top2 PIT membership,2,2023-10-12,7.013303747171528,0.02031576830371773,"NVDA, ADBE"
Nasdaq-100 Top2 PIT membership,2,2023-10-13,7.066920676950426,0.007645031744207942,"NVDA, ADBE"
Nasdaq-100 Top2 PIT membership,2,2023-10-16,6.881149979703703,-0.02628736131886067,"NVDA, ADBE"
Nasdaq-100 Top2 PIT membership,2,2023-10-17,6.751663494119503,-0.018817564791659358,"NVDA, ADBE"
Nasdaq-100 Top2 PIT membership,2,2023-10-18,6.699698314663713,-0.0076966483150487375,"NVDA, ADBE"
Nasdaq-100 Top2 PIT membership,2,2023-10-19,6.75035102730374,0.007560446793426934,"NVDA, ADBE"
Nasdaq-100 Top2 PIT membership,2,2023-10-20,6.65206477924307,-0.014560168450962474,"NVDA, ADBE"
Nasdaq-100 Top2 PIT membership,2,2023-10-23,6.480303485620842,-0.025820748793395354,"NVDA, ADBE"
Nasdaq-100 Top2 PIT membership,2,2023-10-24,6.678933394394106,0.03065132816912086,"NVDA, ADBE"
Nasdaq-100 Top2 PIT membership,2,2023-10-25,6.635880692445552,-0.006446044511342119,"NVDA, ADBE"
Nasdaq-100 Top2 PIT membership,2,2023-10-26,6.495621891600321,-0.021136425946431447,"NVDA, ADBE"
Nasdaq-100 Top2 PIT membership,2,2023-10-27,6.362917459376633,-0.02042982711097946,"NVDA, ADBE"
Nasdaq-100 Top2 PIT membership,2,2023-10-30,6.351045978138592,-0.0018657292529461467,"NVDA, ADBE"
Nasdaq-100 Top2 PIT membership,2,2023-10-31,6.391214050968517,0.006324638959974371,"NVDA, ADBE"
Nasdaq-100 Top2 PIT membership,2,2023-11-01,6.451757401779791,0.009472903008482358,"NVDA, ADBE"
Nasdaq-100 Top2 PIT membership,2,2023-11-02,6.652681740280728,0.03114257495880257,"ZS, NVDA"
Nasdaq-100 Top2 PIT membership,2,2023-11-03,6.67337472276503,0.0031104723316328076,"ZS, NVDA"
Nasdaq-100 Top2 PIT membership,2,2023-11-06,6.941107968934154,0.04011961822791088,"ZS, NVDA"
Nasdaq-100 Top2 PIT membership,2,2023-11-07,6.976035389656265,0.005031966204593452,"ZS, NVDA"
Nasdaq-100 Top2 PIT membership,2,2023-11-08,7.116431475463034,0.020125483597021487,"ZS, NVDA"
Nasdaq-100 Top2 PIT membership,2,2023-11-09,7.27924691378821,0.0228788036372658,"ZS, NVDA"
Nasdaq-100 Top2 PIT membership,2,2023-11-10,7.195977410083194,-0.011439301989782491,"ZS, NVDA"
Nasdaq-100 Top2 PIT membership,2,2023-11-13,7.3630884794756435,0.02322284519102147,"ZS, NVDA"
Nasdaq-100 Top2 PIT membership,2,2023-11-14,7.594995004494445,0.03149582212209345,"ZS, NVDA"
Nasdaq-100 Top2 PIT membership,2,2023-11-15,7.745075411922018,0.019760435304929325,"ZS, NVDA"
Nasdaq-100 Top2 PIT membership,2,2023-11-16,7.559508430504013,-0.023959351142322116,"ZS, NVDA"
Nasdaq-100 Top2 PIT membership,2,2023-11-17,7.672644341108586,0.01496604066847107,"ZS, NVDA"
Nasdaq-100 Top2 PIT membership,2,2023-11-20,7.714788291072408,0.0054927542696098786,"ZS, NVDA"
Nasdaq-100 Top2 PIT membership,2,2023-11-21,7.805013077134599,0.011695043682092843,"ZS, NVDA"
Nasdaq-100 Top2 PIT membership,2,2023-11-22,7.842372038197732,0.004786534076743454,"ZS, NVDA"
Nasdaq-100 Top2 PIT membership,2,2023-11-24,7.669883715410433,-0.02199440704255845,"ZS, NVDA"
Nasdaq-100 Top2 PIT membership,2,2023-11-27,7.659283604119685,-0.001382043285669321,"ZS, NVDA"
Nasdaq-100 Top2 PIT membership,2,2023-11-28,7.52985096850775,-0.016898791362460752,"ZS, NVDA"
Nasdaq-100 Top2 PIT membership,2,2023-11-29,7.818029329295408,0.03827145610091265,"ZS, NVDA"
Nasdaq-100 Top2 PIT membership,2,2023-11-30,7.855924782261667,0.004847187362710226,"ZS, NVDA"
Nasdaq-100 Top2 PIT membership,2,2023-12-01,7.679676101393936,-0.02243512835887801,"ZS, NVDA"
Nasdaq-100 Top2 PIT membership,2,2023-12-04,7.575324110901889,-0.013588071829371273,"PDD, CEG"
Nasdaq-100 Top2 PIT membership,2,2023-12-05,7.49385221472173,-0.010754905663100334,"PDD, CEG"
Nasdaq-100 Top2 PIT membership,2,2023-12-06,7.654682407552186,0.021461617899870555,"PDD, CEG"
Nasdaq-100 Top2 PIT membership,2,2023-12-07,7.409678380338257,-0.03200707934952407,"PDD, CEG"
Nasdaq-100 Top2 PIT membership,2,2023-12-08,7.21165163384053,-0.026725417262805307,"PDD, CEG"
Nasdaq-100 Top2 PIT membership,2,2023-12-11,7.268781414070472,0.007921871872160535,"PDD, CEG"
Nasdaq-100 Top2 PIT membership,2,2023-12-12,7.536082363010698,0.036773832326667755,"PDD, CEG"
Nasdaq-100 Top2 PIT membership,2,2023-12-13,7.550673574089804,0.0019361798844880207,"PDD, CEG"
Nasdaq-100 Top2 PIT membership,2,2023-12-14,7.631689522989381,0.010729632012908663,"PDD, CEG"
Nasdaq-100 Top2 PIT membership,2,2023-12-15,7.627620086073833,-0.0005332288352781211,"PDD, CEG"
Nasdaq-100 Top2 PIT membership,2,2023-12-18,7.755690491165024,0.01679034923684991,"PDD, CEG"
Nasdaq-100 Top2 PIT membership,2,2023-12-19,7.78192829104496,0.003383038545675121,"PDD, CEG"
Nasdaq-100 Top2 PIT membership,2,2023-12-20,7.777568007651902,-0.0005603088630456998,"PDD, CEG"
Nasdaq-100 Top2 PIT membership,2,2023-12-21,7.6924177559169165,-0.01094818478619669,"PDD, CEG"
Nasdaq-100 Top2 PIT membership,2,2023-12-22,7.443394171704069,-0.0323726027517553,"PDD, CEG"
Nasdaq-100 Top2 PIT membership,2,2023-12-26,7.615325555726921,0.023098519312123256,"PDD, CEG"
Nasdaq-100 Top2 PIT membership,2,2023-12-27,7.653096451455966,0.004959853055873709,"PDD, CEG"
Nasdaq-100 Top2 PIT membership,2,2023-12-28,7.697396739416376,0.0057885443155471505,"PDD, CEG"
Nasdaq-100 Top2 PIT membership,2,2023-12-29,7.612114533422336,-0.011079356941202212,"PDD, CEG"
Nasdaq-100 Top2 PIT membership,2,2024-01-02,7.566754172275887,-0.005958969869316266,"PDD, CEG"
Nasdaq-100 Top2 PIT membership,2,2024-01-03,7.396372333133289,-0.022517163272842422,"PDD, CRWD"
Nasdaq-100 Top2 PIT membership,2,2024-01-04,7.602868440078035,0.027918565702771958,"PDD, CRWD"
Nasdaq-100 Top2 PIT membership,2,2024-01-05,7.558471050590035,-0.005839557771901316,"PDD, CRWD"
Nasdaq-100 Top2 PIT membership,2,2024-01-08,7.5809975766844,0.0029803019610169512,"PDD, CRWD"
Nasdaq-100 Top2 PIT membership,2,2024-01-09,7.81437483190416,0.030784504659059575,"PDD, CRWD"
Nasdaq-100 Top2 PIT membership,2,2024-01-10,8.084307162053413,0.03454304867066116,"PDD, CRWD"
Nasdaq-100 Top2 PIT membership,2,2024-01-11,8.269770652451385,0.02294117314944588,"PDD, CRWD"
Nasdaq-100 Top2 PIT membership,2,2024-01-12,8.284322654726902,0.0017596621341854912,"PDD, CRWD"
Nasdaq-100 Top2 PIT membership,2,2024-01-16,8.035805189767013,-0.029998525566612144,"PDD, CRWD"
Nasdaq-100 Top2 PIT membership,2,2024-01-17,7.8050684026521315,-0.02871358646283595,"PDD, CRWD"
Nasdaq-100 Top2 PIT membership,2,2024-01-18,8.031451432722953,0.029004618331582854,"PDD, CRWD"
Nasdaq-100 Top2 PIT membership,2,2024-01-19,7.978428980212524,-0.006601851851384899,"PDD, CRWD"
Nasdaq-100 Top2 PIT membership,2,2024-01-22,8.141497161061528,0.020438632875398488,"PDD, CRWD"
Nasdaq-100 Top2 PIT membership,2,2024-01-23,8.293569555895731,0.01867867688531827,"PDD, CRWD"
Nasdaq-100 Top2 PIT membership,2,2024-01-24,8.328229887342571,0.0041791813782042775,"PDD, CRWD"
Nasdaq-100 Top2 PIT membership,2,2024-01-25,8.419159122228463,0.010918194636304168,"PDD, CRWD"
Nasdaq-100 Top2 PIT membership,2,2024-01-26,8.090188475047391,-0.0390740503184594,"PDD, CRWD"
Nasdaq-100 Top2 PIT membership,2,2024-01-29,8.00994243514048,-0.009918933304757072,"PDD, CRWD"
Nasdaq-100 Top2 PIT membership,2,2024-01-30,7.753826772662833,-0.03197471948787539,"PDD, CRWD"
Nasdaq-100 Top2 PIT membership,2,2024-01-31,7.689453971848194,-0.008302068475606661,"PDD, CRWD"
Nasdaq-100 Top2 PIT membership,2,2024-02-01,7.75830972012818,0.008954569275279267,"PDD, CRWD"
Nasdaq-100 Top2 PIT membership,2,2024-02-02,7.665640072155287,-0.011944566705357318,"PDD, CRWD"
Nasdaq-100 Top2 PIT membership,2,2024-02-05,7.706828764132781,0.005373157569334375,"PDD, CRWD"
Nasdaq-100 Top2 PIT membership,2,2024-02-06,7.847543268862743,0.018258418480093908,"PDD, CRWD"
Nasdaq-100 Top2 PIT membership,2,2024-02-07,7.814701521930588,-0.004184971755742006,"PDD, CRWD"
Nasdaq-100 Top2 PIT membership,2,2024-02-08,8.083669642232369,0.03441822052281451,"PDD, CRWD"
Nasdaq-100 Top2 PIT membership,2,2024-02-09,8.20658742400646,0.015205690882259482,"PDD, CRWD"
Nasdaq-100 Top2 PIT membership,2,2024-02-12,8.254027677214813,0.0057807527973902095,"PDD, CRWD"
Nasdaq-100 Top2 PIT membership,2,2024-02-13,7.993904339987947,-0.031514715893785405,"PDD, CRWD"
Nasdaq-100 Top2 PIT membership,2,2024-02-14,8.29091939153213,0.03715519212037899,"PDD, CRWD"
Nasdaq-100 Top2 PIT membership,2,2024-02-15,8.48576847297705,0.02350150474794488,"PDD, CRWD"
Nasdaq-100 Top2 PIT membership,2,2024-02-16,8.579872370748477,0.011089614107561596,"PDD, CRWD"
Nasdaq-100 Top2 PIT membership,2,2024-02-20,8.418606400506002,-0.018795847219392592,"PDD, CRWD"
Nasdaq-100 Top2 PIT membership,2,2024-02-21,7.7868132689077285,-0.07504723484403542,"PDD, CRWD"
Nasdaq-100 Top2 PIT membership,2,2024-02-22,8.059946898356127,0.03507643242698599,"PDD, CRWD"
Nasdaq-100 Top2 PIT membership,2,2024-02-23,8.212648704715644,0.018945758363576704,"PDD, CRWD"
Nasdaq-100 Top2 PIT membership,2,2024-02-26,7.898488777474975,-0.038253179764073,"PDD, CRWD"
Nasdaq-100 Top2 PIT membership,2,2024-02-27,8.167730365402974,0.0340877344405206,"PDD, CRWD"
Nasdaq-100 Top2 PIT membership,2,2024-02-28,8.076780813770352,-0.01113522944120049,"PDD, CRWD"
Nasdaq-100 Top2 PIT membership,2,2024-02-29,8.158193494018144,0.010079842715180365,"PDD, CRWD"
Nasdaq-100 Top2 PIT membership,2,2024-03-01,8.095186640519385,-0.007723137915882583,"PDD, CRWD"
Nasdaq-100 Top2 PIT membership,2,2024-03-04,7.948167814153256,-0.018161264575451086,"CRWD, ZS"
Nasdaq-100 Top2 PIT membership,2,2024-03-05,7.6416462880611915,-0.038565054646461205,"CRWD, ZS"
Nasdaq-100 Top2 PIT membership,2,2024-03-06,8.379340635272008,0.09653604987754283,"CRWD, ZS"
Nasdaq-100 Top2 PIT membership,2,2024-03-07,7.791722323745825,-0.07012703470397919,"CRWD, ZS"
Nasdaq-100 Top2 PIT membership,2,2024-03-08,7.778797553793073,-0.0016587821556940385,"CRWD, ZS"
Nasdaq-100 Top2 PIT membership,2,2024-03-11,7.553699330537934,-0.028937406032038593,"CRWD, ZS"
Nasdaq-100 Top2 PIT membership,2,2024-03-12,7.6721157513389375,0.015676612957345626,"CRWD, ZS"
Nasdaq-100 Top2 PIT membership,2,2024-03-13,7.748799600753889,0.009995137182539027,"CRWD, ZS"
Nasdaq-100 Top2 PIT membership,2,2024-03-14,7.811610570251217,0.008105896749635577,"CRWD, ZS"
Nasdaq-100 Top2 PIT membership,2,2024-03-15,7.673389549973021,-0.0176943050392937,"CRWD, ZS"
Nasdaq-100 Top2 PIT membership,2,2024-03-18,7.50375525773816,-0.0221068266025225,"CRWD, ZS"
Nasdaq-100 Top2 PIT membership,2,2024-03-19,7.482576051274817,-0.0028224809759756497,"CRWD, ZS"
Nasdaq-100 Top2 PIT membership,2,2024-03-20,7.570631681873195,0.011768090293365785,"CRWD, ZS"
Nasdaq-100 Top2 PIT membership,2,2024-03-21,7.6917512335126,0.01599860576091816,"CRWD, ZS"
Nasdaq-100 Top2 PIT membership,2,2024-03-22,7.673956119983816,-0.0023135321188303415,"CRWD, ZS"
Nasdaq-100 Top2 PIT membership,2,2024-03-25,7.602023747968895,-0.009373570931374309,"CRWD, ZS"
Nasdaq-100 Top2 PIT membership,2,2024-03-26,7.621532123792269,0.002566208219039856,"CRWD, ZS"
Nasdaq-100 Top2 PIT membership,2,2024-03-27,7.7374936058851596,0.015214983051884179,"CRWD, ZS"
Nasdaq-100 Top2 PIT membership,2,2024-03-28,7.491199076038553,-0.03183130641416937,"CRWD, ZS"
Nasdaq-100 Top2 PIT membership,2,2024-04-01,7.498395402711882,0.0009606374894437497,"CRWD, ZS"
Nasdaq-100 Top2 PIT membership,2,2024-04-02,7.3271694029936585,-0.022835018763654125,"CRWD, NVDA"
Nasdaq-100 Top2 PIT membership,2,2024-04-03,7.37139507261818,0.006035846476601603,"CRWD, NVDA"
Nasdaq-100 Top2 PIT membership,2,2024-04-04,7.541449976022141,0.023069568477702362,"CRWD, NVDA"
Nasdaq-100 Top2 PIT membership,2,2024-04-05,7.2242754568077885,-0.042057498256012016,"CRWD, NVDA"
Nasdaq-100 Top2 PIT membership,2,2024-04-08,7.375878125043165,0.020985172719641287,"CRWD, NVDA"
Nasdaq-100 Top2 PIT membership,2,2024-04-09,7.309693500666219,-0.008973117946760922,"CRWD, NVDA"
Nasdaq-100 Top2 PIT membership,2,2024-04-10,7.058306622908727,-0.03439089172953408,"CRWD, NVDA"
Nasdaq-100 Top2 PIT membership,2,2024-04-11,7.292310558376913,0.03315298526543087,"CRWD, NVDA"
Nasdaq-100 Top2 PIT membership,2,2024-04-12,7.391434168116229,0.013592894727371463,"CRWD, NVDA"
Nasdaq-100 Top2 PIT membership,2,2024-04-15,7.321224875664396,-0.009498737437815208,"CRWD, NVDA"
Nasdaq-100 Top2 PIT membership,2,2024-04-16,7.064377805627412,-0.03508252709061549,"CRWD, NVDA"
Nasdaq-100 Top2 PIT membership,2,2024-04-17,7.218877124914997,0.021870194876116633,"CRWD, NVDA"
Nasdaq-100 Top2 PIT membership,2,2024-04-18,6.95057923080659,-0.0371661533318543,"CRWD, NVDA"
Nasdaq-100 Top2 PIT membership,2,2024-04-19,6.863687166149441,-0.012501413446525889,"CRWD, NVDA"
Nasdaq-100 Top2 PIT membership,2,2024-04-22,6.582425672742195,-0.04097819242030454,"CRWD, NVDA"
Nasdaq-100 Top2 PIT membership,2,2024-04-23,6.769248497032256,0.028382063630994603,"CRWD, NVDA"
Nasdaq-100 Top2 PIT membership,2,2024-04-24,7.034477429577295,0.03918144424175274,"CRWD, NVDA"
Nasdaq-100 Top2 PIT membership,2,2024-04-25,6.658902216067263,-0.05339063452402054,"CRWD, NVDA"
Nasdaq-100 Top2 PIT membership,2,2024-04-26,6.991821568567048,0.049996131749237005,"CRWD, NVDA"
Nasdaq-100 Top2 PIT membership,2,2024-04-29,7.291709340982215,0.04289122219070407,"CRWD, NVDA"
Nasdaq-100 Top2 PIT membership,2,2024-04-30,7.153643268635727,-0.018934664821388836,"CRWD, NVDA"
Nasdaq-100 Top2 PIT membership,2,2024-05-01,6.928046415879227,-0.03153593830231949,"CRWD, NVDA"
Nasdaq-100 Top2 PIT membership,2,2024-05-02,6.607838599869011,-0.04621906332444503,"NVDA, DASH"
Nasdaq-100 Top2 PIT membership,2,2024-05-03,6.716813049439677,0.016491693603537305,"NVDA, DASH"
Nasdaq-100 Top2 PIT membership,2,2024-05-06,6.719241870517043,0.00036160319774974914,"NVDA, DASH"
Nasdaq-100 Top2 PIT membership,2,2024-05-07,6.78460934025783,0.009728399572518587,"NVDA, DASH"
Nasdaq-100 Top2 PIT membership,2,2024-05-08,6.69631998911879,-0.013013181262354678,"NVDA, DASH"
Nasdaq-100 Top2 PIT membership,2,2024-05-09,6.719826773333693,0.0035104033638029275,"NVDA, DASH"
Nasdaq-100 Top2 PIT membership,2,2024-05-10,6.822122403547493,0.015222956433898038,"NVDA, DASH"
Nasdaq-100 Top2 PIT membership,2,2024-05-13,6.789204902847313,-0.004825111417388672,"NVDA, DASH"
Nasdaq-100 Top2 PIT membership,2,2024-05-14,6.784913812138259,-0.0006320461335986294,"NVDA, DASH"
Nasdaq-100 Top2 PIT membership,2,2024-05-15,6.890049044959465,0.015495441170250146,"NVDA, DASH"
Nasdaq-100 Top2 PIT membership,2,2024-05-16,6.950344548620521,0.008751099341617385,"NVDA, DASH"
Nasdaq-100 Top2 PIT membership,2,2024-05-17,6.96341973436664,0.001881228427548176,"NVDA, DASH"
Nasdaq-100 Top2 PIT membership,2,2024-05-20,6.986393794764999,0.0032992496897717993,"NVDA, DASH"
Nasdaq-100 Top2 PIT membership,2,2024-05-21,6.888848658326827,-0.013962158347166798,"NVDA, DASH"
Nasdaq-100 Top2 PIT membership,2,2024-05-22,6.9065501364729505,0.002569584414476467,"NVDA, DASH"
Nasdaq-100 Top2 PIT membership,2,2024-05-23,7.118827106630594,0.03073560112691065,"NVDA, DASH"
Nasdaq-100 Top2 PIT membership,2,2024-05-24,7.17029165091602,0.007229357240252587,"NVDA, DASH"
Nasdaq-100 Top2 PIT membership,2,2024-05-28,7.440162623020663,0.03763737728439043,"NVDA, DASH"
Nasdaq-100 Top2 PIT membership,2,2024-05-29,7.486275441328723,0.006197823978387418,"NVDA, DASH"
Nasdaq-100 Top2 PIT membership,2,2024-05-30,7.492408803846051,0.0008192809048234162,"NVDA, DASH"
Nasdaq-100 Top2 PIT membership,2,2024-05-31,7.4407836383104575,-0.006890329517136529,"NVDA, DASH"
Nasdaq-100 Top2 PIT membership,2,2024-06-03,7.452049746907232,0.00151410243119654,"NVDA, DASH"
Nasdaq-100 Top2 PIT membership,2,2024-06-04,7.3736137800593,-0.010525421798275647,"NVDA, CEG"
Nasdaq-100 Top2 PIT membership,2,2024-06-05,7.41367422416794,0.005432945812401668,"NVDA, CEG"
Nasdaq-100 Top2 PIT membership,2,2024-06-06,7.6822691758526025,0.036229667444661384,"NVDA, CEG"
Nasdaq-100 Top2 PIT membership,2,2024-06-07,7.413757003271675,-0.03495219529991639,"NVDA, CEG"
Nasdaq-100 Top2 PIT membership,2,2024-06-10,7.38555108830636,-0.003804537288296328,"NVDA, CEG"
Nasdaq-100 Top2 PIT membership,2,2024-06-11,7.6440493995944285,0.0350005447389502,"NVDA, CEG"
Nasdaq-100 Top2 PIT membership,2,2024-06-12,7.867530889359803,0.029236008047937467,"NVDA, CEG"
Nasdaq-100 Top2 PIT membership,2,2024-06-13,8.052809847369677,0.02354982276084211,"NVDA, CEG"
Nasdaq-100 Top2 PIT membership,2,2024-06-14,8.04295114243454,-0.0012242565169171549,"NVDA, CEG"
Nasdaq-100 Top2 PIT membership,2,2024-06-17,8.046098769451294,0.0003913522488215859,"NVDA, CEG"
Nasdaq-100 Top2 PIT membership,2,2024-06-18,7.969819063925841,-0.009480334222973452,"NVDA, CEG"
Nasdaq-100 Top2 PIT membership,2,2024-06-20,8.43952680523094,0.058935809902028846,"NVDA, CEG"
Nasdaq-100 Top2 PIT membership,2,2024-06-21,8.041329855355032,-0.04718237871216907,"NVDA, CEG"
Nasdaq-100 Top2 PIT membership,2,2024-06-24,7.828460387520449,-0.026471923383770246,"NVDA, CEG"
Nasdaq-100 Top2 PIT membership,2,2024-06-25,7.736735492674425,-0.011716849840901766,"NVDA, CEG"
Nasdaq-100 Top2 PIT membership,2,2024-06-26,7.9668092213419435,0.02973783049522194,"NVDA, CEG"
Nasdaq-100 Top2 PIT membership,2,2024-06-27,7.668283578673549,-0.037471167486813506,"NVDA, CEG"
Nasdaq-100 Top2 PIT membership,2,2024-06-28,7.639894931010208,-0.0037020863107219415,"NVDA, CEG"
Nasdaq-100 Top2 PIT membership,2,2024-07-01,7.66057685945355,0.002707095926070213,"NVDA, CEG"
Nasdaq-100 Top2 PIT membership,2,2024-07-02,7.500962360641426,-0.02083583282832685,"NVDA, CEG"
Nasdaq-100 Top2 PIT membership,2,2024-07-03,7.551474311980405,0.006734062765602067,"NVDA, CEG"
Nasdaq-100 Top2 PIT membership,2,2024-07-05,7.815245905364058,0.034929814031834816,"NVDA, CEG"
Nasdaq-100 Top2 PIT membership,2,2024-07-08,7.852672864521473,0.004788967565528157,"NVDA, CEG"
Nasdaq-100 Top2 PIT membership,2,2024-07-09,8.037322217737424,0.0235142041953893,"NVDA, CEG"
Nasdaq-100 Top2 PIT membership,2,2024-07-10,8.171883207153856,0.01674201752412896,"NVDA, CEG"
Nasdaq-100 Top2 PIT membership,2,2024-07-11,8.250162496606361,0.009579100369909499,"NVDA, CEG"
Nasdaq-100 Top2 PIT membership,2,2024-07-12,7.960561253542113,-0.03510248957925055,"NVDA, CEG"
Nasdaq-100 Top2 PIT membership,2,2024-07-15,8.045555181862214,0.010676876367515353,"NVDA, CEG"
Nasdaq-100 Top2 PIT membership,2,2024-07-16,7.927216108554872,-0.014708627388961837,"NVDA, CEG"
Nasdaq-100 Top2 PIT membership,2,2024-07-17,7.486123184142268,-0.05564285347747572,"NVDA, CEG"
Nasdaq-100 Top2 PIT membership,2,2024-07-18,7.283773152324011,-0.027030016316975825,"NVDA, CEG"
Nasdaq-100 Top2 PIT membership,2,2024-07-19,7.193983843654059,-0.012327307123960074,"NVDA, CEG"
Nasdaq-100 Top2 PIT membership,2,2024-07-22,7.2747160579902905,0.011222184549030845,"NVDA, CEG"
Nasdaq-100 Top2 PIT membership,2,2024-07-23,7.299531788217659,0.003411230078198324,"NVDA, CEG"
Nasdaq-100 Top2 PIT membership,2,2024-07-24,7.165665568735874,-0.01833901452389891,"NVDA, CEG"
Nasdaq-100 Top2 PIT membership,2,2024-07-25,6.760830499325991,-0.05649650622493424,"NVDA, CEG"
Nasdaq-100 Top2 PIT membership,2,2024-07-26,6.851969300852392,0.013480415096264964,"NVDA, CEG"
Nasdaq-100 Top2 PIT membership,2,2024-07-29,6.768744657928911,-0.012146091038838736,"NVDA, CEG"
Nasdaq-100 Top2 PIT membership,2,2024-07-30,6.654549634039997,-0.016870930971690012,"NVDA, CEG"
Nasdaq-100 Top2 PIT membership,2,2024-07-31,7.075692077998025,0.06328639308718331,"NVDA, CEG"
Nasdaq-100 Top2 PIT membership,2,2024-08-01,7.129476896699087,0.007601350950291574,"NVDA, CEG"
Nasdaq-100 Top2 PIT membership,2,2024-08-02,6.324914639714338,-0.11285011069427225,"ARM, NVDA"
Nasdaq-100 Top2 PIT membership,2,2024-08-05,5.520709264764877,-0.12714881081553736,"ARM, NVDA"
Nasdaq-100 Top2 PIT membership,2,2024-08-06,6.351171597894487,0.15042674651061871,"ARM, NVDA"
Nasdaq-100 Top2 PIT membership,2,2024-08-07,6.534975828839806,0.02894020860753521,"ARM, NVDA"
Nasdaq-100 Top2 PIT membership,2,2024-08-08,6.192461808415734,-0.052412438759529445,"ARM, NVDA"
Nasdaq-100 Top2 PIT membership,2,2024-08-09,6.501800828015157,0.04995412635069019,"ARM, NVDA"
Nasdaq-100 Top2 PIT membership,2,2024-08-12,6.486660208860493,-0.0023286808616815313,"ARM, NVDA"
Nasdaq-100 Top2 PIT membership,2,2024-08-13,6.729585792291036,0.037450024451522346,"ARM, NVDA"
Nasdaq-100 Top2 PIT membership,2,2024-08-14,7.168195930354808,0.06517639444707213,"ARM, NVDA"
Nasdaq-100 Top2 PIT membership,2,2024-08-15,7.201303554240455,0.0046186828885979025,"ARM, NVDA"
Nasdaq-100 Top2 PIT membership,2,2024-08-16,7.33767523539492,0.018937082727774057,"ARM, NVDA"
Nasdaq-100 Top2 PIT membership,2,2024-08-19,7.391860555225516,0.007384535032188444,"ARM, NVDA"
Nasdaq-100 Top2 PIT membership,2,2024-08-20,7.559514872571323,0.02268093615852751,"ARM, NVDA"
Nasdaq-100 Top2 PIT membership,2,2024-08-21,7.504709131930222,-0.007249901821075322,"ARM, NVDA"
Nasdaq-100 Top2 PIT membership,2,2024-08-22,7.613408872336956,0.014484204317026905,"ARM, NVDA"
Nasdaq-100 Top2 PIT membership,2,2024-08-23,7.421762663422543,-0.025172194496312028,"ARM, NVDA"
Nasdaq-100 Top2 PIT membership,2,2024-08-26,7.659745502083623,0.032065541496490546,"ARM, NVDA"
Nasdaq-100 Top2 PIT membership,2,2024-08-27,7.325685994760852,-0.04361235072782754,"ARM, NVDA"
Nasdaq-100 Top2 PIT membership,2,2024-08-28,7.48845504817727,0.02221895035261212,"ARM, NVDA"
Nasdaq-100 Top2 PIT membership,2,2024-08-29,7.161290602200057,-0.04368917805774203,"ARM, NVDA"
Nasdaq-100 Top2 PIT membership,2,2024-08-30,7.330410429350949,0.023615830797166004,"ARM, NVDA"
Nasdaq-100 Top2 PIT membership,2,2024-09-03,7.127491104911529,-0.02768185034045717,"ARM, NVDA"
Nasdaq-100 Top2 PIT membership,2,2024-09-04,6.832704921330867,-0.04135903914036826,"NVDA, CHTR"
Nasdaq-100 Top2 PIT membership,2,2024-09-05,6.679407494528556,-0.022435833036450303,"NVDA, CHTR"
Nasdaq-100 Top2 PIT membership,2,2024-09-06,6.747852887102275,0.010247225166271912,"NVDA, CHTR"
Nasdaq-100 Top2 PIT membership,2,2024-09-09,6.6055983395790525,-0.021081453597651123,"NVDA, CHTR"
Nasdaq-100 Top2 PIT membership,2,2024-09-10,6.6980691912586385,0.013998860803498325,"NVDA, CHTR"
Nasdaq-100 Top2 PIT membership,2,2024-09-11,6.731078467686156,0.004928177880066775,"NVDA, CHTR"
Nasdaq-100 Top2 PIT membership,2,2024-09-12,7.002254469093108,0.04028715497951574,"NVDA, CHTR"
Nasdaq-100 Top2 PIT membership,2,2024-09-13,7.185475345117212,0.02616598366037881,"NVDA, CHTR"
Nasdaq-100 Top2 PIT membership,2,2024-09-16,7.125140768468429,-0.008396741168944732,"NVDA, CHTR"
Nasdaq-100 Top2 PIT membership,2,2024-09-17,7.200527516056487,0.010580387116234213,"NVDA, CHTR"
Nasdaq-100 Top2 PIT membership,2,2024-09-18,7.078191853019826,-0.016989819532508554,"NVDA, CHTR"
Nasdaq-100 Top2 PIT membership,2,2024-09-19,7.139769972871113,0.008699696353245301,"NVDA, CHTR"
Nasdaq-100 Top2 PIT membership,2,2024-09-20,7.044507844780773,-0.013342464596521553,"NVDA, CHTR"
Nasdaq-100 Top2 PIT membership,2,2024-09-23,7.019850606246262,-0.0035002074066506905,"NVDA, CHTR"
Nasdaq-100 Top2 PIT membership,2,2024-09-24,6.984903991508803,-0.0049782561905752365,"NVDA, CHTR"
Nasdaq-100 Top2 PIT membership,2,2024-09-25,7.081663141971526,0.01385260994000026,"NVDA, CHTR"
Nasdaq-100 Top2 PIT membership,2,2024-09-26,7.167208467987723,0.01207983552750308,"NVDA, CHTR"
Nasdaq-100 Top2 PIT membership,2,2024-09-27,7.111605825750306,-0.007757921718862415,"NVDA, CHTR"
Nasdaq-100 Top2 PIT membership,2,2024-09-30,6.960829287385147,-0.021201475736916497,"NVDA, CHTR"
Nasdaq-100 Top2 PIT membership,2,2024-10-01,7.092131422752563,0.018863001798560042,"NVDA, CHTR"
Nasdaq-100 Top2 PIT membership,2,2024-10-02,6.921093336842831,-0.024116598482794294,"AAPL, MELI"
Nasdaq-100 Top2 PIT membership,2,2024-10-03,6.846112328944467,-0.010833694078249245,"AAPL, MELI"
Nasdaq-100 Top2 PIT membership,2,2024-10-04,6.904433152638604,0.008518823661067376,"AAPL, MELI"
Nasdaq-100 Top2 PIT membership,2,2024-10-07,6.844150025215174,-0.008731075540993838,"AAPL, MELI"
Nasdaq-100 Top2 PIT membership,2,2024-10-08,6.844679277207187,7.73291044268154e-05,"AAPL, MELI"
Nasdaq-100 Top2 PIT membership,2,2024-10-09,6.936710514567086,0.013445661021161959,"AAPL, MELI"
Nasdaq-100 Top2 PIT membership,2,2024-10-10,7.038687560296788,0.014701066956095299,"AAPL, MELI"
Nasdaq-100 Top2 PIT membership,2,2024-10-11,7.086639527690806,0.006812629056658248,"AAPL, MELI"
Nasdaq-100 Top2 PIT membership,2,2024-10-14,7.135229525552571,0.006856564055770287,"AAPL, MELI"
Nasdaq-100 Top2 PIT membership,2,2024-10-15,7.1839550450090925,0.006828865039593568,"AAPL, MELI"
Nasdaq-100 Top2 PIT membership,2,2024-10-16,7.073161432229412,-0.015422370001695995,"AAPL, MELI"
Nasdaq-100 Top2 PIT membership,2,2024-10-17,7.166511173902436,0.013197739450377721,"AAPL, MELI"
Nasdaq-100 Top2 PIT membership,2,2024-10-18,7.207025874861665,0.0056533367458864725,"AAPL, MELI"
Nasdaq-100 Top2 PIT membership,2,2024-10-21,7.1791128947331835,-0.0038730234375656813,"AAPL, MELI"
Nasdaq-100 Top2 PIT membership,2,2024-10-22,7.19299698043317,0.0019339556159052584,"AAPL, MELI"
Nasdaq-100 Top2 PIT membership,2,2024-10-23,7.168866425179502,-0.003354728956415476,"AAPL, MELI"
Nasdaq-100 Top2 PIT membership,2,2024-10-24,7.065081920822651,-0.01447711509762889,"AAPL, MELI"
Nasdaq-100 Top2 PIT membership,2,2024-10-25,7.087889688934509,0.0032282383088351185,"AAPL, MELI"
Nasdaq-100 Top2 PIT membership,2,2024-10-28,7.146582087966189,0.008280659209935037,"AAPL, MELI"
Nasdaq-100 Top2 PIT membership,2,2024-10-29,7.147105991921662,7.330832403845688e-05,"AAPL, MELI"
Nasdaq-100 Top2 PIT membership,2,2024-10-30,7.065092812379841,-0.011475019348323734,"AAPL, MELI"
Nasdaq-100 Top2 PIT membership,2,2024-10-31,7.015292503499309,-0.007048783392239133,"AAPL, MELI"
Nasdaq-100 Top2 PIT membership,2,2024-11-01,6.913716077255041,-0.01447928595901049,"AAPL, MELI"
Nasdaq-100 Top2 PIT membership,2,2024-11-04,6.415979190157777,-0.07199267102314688,"CEG, ARM"
Nasdaq-100 Top2 PIT membership,2,2024-11-05,6.3633999116997195,-0.008195051277397336,"CEG, ARM"
Nasdaq-100 Top2 PIT membership,2,2024-11-06,6.588660778953734,0.035399451610742094,"CEG, ARM"
Nasdaq-100 Top2 PIT membership,2,2024-11-07,6.554206647465092,-0.005229307236259584,"CEG, ARM"
Nasdaq-100 Top2 PIT membership,2,2024-11-08,6.767719305390154,0.032576430590213534,"CEG, ARM"
Nasdaq-100 Top2 PIT membership,2,2024-11-11,6.687612201514589,-0.011836646920590166,"CEG, ARM"
Nasdaq-100 Top2 PIT membership,2,2024-11-12,6.49561023903049,-0.02871009213731246,"CEG, ARM"
Nasdaq-100 Top2 PIT membership,2,2024-11-13,6.389610776509188,-0.01631863037045811,"CEG, ARM"
Nasdaq-100 Top2 PIT membership,2,2024-11-14,6.297780283921886,-0.014371844514364962,"CEG, ARM"
Nasdaq-100 Top2 PIT membership,2,2024-11-15,6.162814591154265,-0.021430676632556767,"CEG, ARM"
Nasdaq-100 Top2 PIT membership,2,2024-11-18,6.047240523904417,-0.01875345518519017,"CEG, ARM"
Nasdaq-100 Top2 PIT membership,2,2024-11-19,6.075169377804894,0.004618446015182576,"CEG, ARM"
Nasdaq-100 Top2 PIT membership,2,2024-11-20,6.293594662632687,0.03595377696394608,"CEG, ARM"
Nasdaq-100 Top2 PIT membership,2,2024-11-21,6.408239588957109,0.018216128058756387,"CEG, ARM"
Nasdaq-100 Top2 PIT membership,2,2024-11-22,6.495969967468069,0.013690246329450484,"CEG, ARM"
Nasdaq-100 Top2 PIT membership,2,2024-11-25,6.689699906790812,0.029823096518756476,"CEG, ARM"
Nasdaq-100 Top2 PIT membership,2,2024-11-26,6.657842229450348,-0.004762198272619755,"CEG, ARM"
Nasdaq-100 Top2 PIT membership,2,2024-11-27,6.752746482053589,0.01425450608959189,"CEG, ARM"
Nasdaq-100 Top2 PIT membership,2,2024-11-29,6.617985487016036,-0.01995647184381938,"CEG, ARM"
Nasdaq-100 Top2 PIT membership,2,2024-12-02,6.6342669326064305,0.002460181519336635,"CEG, ARM"
Nasdaq-100 Top2 PIT membership,2,2024-12-03,6.650688312336623,0.0024752365102289065,"APP, TSLA"
Nasdaq-100 Top2 PIT membership,2,2024-12-04,7.006371644647335,0.05348067983443783,"APP, TSLA"
Nasdaq-100 Top2 PIT membership,2,2024-12-05,7.081124203210551,0.010669225435725127,"APP, TSLA"
Nasdaq-100 Top2 PIT membership,2,2024-12-06,7.340763538831103,0.03666640044286107,"APP, TSLA"
Nasdaq-100 Top2 PIT membership,2,2024-12-09,7.413638634984605,0.009927454517232148,"APP, TSLA"
Nasdaq-100 Top2 PIT membership,2,2024-12-10,7.088263359669372,-0.04388874226750189,"APP, TSLA"
Nasdaq-100 Top2 PIT membership,2,2024-12-11,7.091559510914196,0.0004650153468588325,"APP, TSLA"
Nasdaq-100 Top2 PIT membership,2,2024-12-12,7.315671843796162,0.03160268662161658,"APP, TSLA"
Nasdaq-100 Top2 PIT membership,2,2024-12-13,7.163024370913898,-0.020865817404277398,"APP, TSLA"
Nasdaq-100 Top2 PIT membership,2,2024-12-16,7.3446252534797445,0.025352542887227103,"APP, TSLA"
Nasdaq-100 Top2 PIT membership,2,2024-12-17,7.796907998420853,0.06158009828027988,"APP, TSLA"
Nasdaq-100 Top2 PIT membership,2,2024-12-18,7.701935009423668,-0.012180852847875012,"APP, TSLA"
Nasdaq-100 Top2 PIT membership,2,2024-12-19,7.312944363147917,-0.050505573703206186,"APP, TSLA"
Nasdaq-100 Top2 PIT membership,2,2024-12-20,7.074061913158553,-0.032665700452086555,"APP, TSLA"
Nasdaq-100 Top2 PIT membership,2,2024-12-23,7.508239781829039,0.06137603458952867,"APP, TSLA"
Nasdaq-100 Top2 PIT membership,2,2024-12-24,7.522785965978466,0.0019373627603942456,"APP, TSLA"
Nasdaq-100 Top2 PIT membership,2,2024-12-26,7.735477010476009,0.028272909193406748,"APP, TSLA"
Nasdaq-100 Top2 PIT membership,2,2024-12-27,7.646789567410816,-0.011465025743737034,"APP, TSLA"
Nasdaq-100 Top2 PIT membership,2,2024-12-30,7.210294820495504,-0.057082092173109056,"APP, TSLA"
Nasdaq-100 Top2 PIT membership,2,2024-12-31,7.284002631238474,0.01022257932275572,"APP, TSLA"
Nasdaq-100 Top3 PIT membership,3,2020-01-03,1.0056865164019375,0.00568651640193744,"TSLA, LRCX, KLAC"
Nasdaq-100 Top3 PIT membership,3,2020-01-06,0.9974428474446116,-0.008197056262441937,"TSLA, LRCX, KLAC"
Nasdaq-100 Top3 PIT membership,3,2020-01-07,1.015139320426703,0.017741841577618708,"TSLA, LRCX, KLAC"
Nasdaq-100 Top3 PIT membership,3,2020-01-08,1.0315090575489785,0.016125606399912524,"TSLA, LRCX, KLAC"
Nasdaq-100 Top3 PIT membership,3,2020-01-09,1.057577928860256,0.025272556862681407,"TSLA, LRCX, KLAC"
Nasdaq-100 Top3 PIT membership,3,2020-01-10,1.0392565740787905,-0.017323881561343086,"TSLA, LRCX, KLAC"
Nasdaq-100 Top3 PIT membership,3,2020-01-13,1.0374068296110672,-0.0017798727608366134,"TSLA, LRCX, KLAC"
Nasdaq-100 Top3 PIT membership,3,2020-01-14,1.0835973713591807,0.04452500256377778,"TSLA, LRCX, KLAC"
Nasdaq-100 Top3 PIT membership,3,2020-01-15,1.0753622838902686,-0.007599766930573588,"TSLA, LRCX, KLAC"
Nasdaq-100 Top3 PIT membership,3,2020-01-16,1.058917142212636,-0.015292652461401247,"TSLA, LRCX, KLAC"
Nasdaq-100 Top3 PIT membership,3,2020-01-17,1.0776356250477876,0.017677004261201185,"TSLA, LRCX, KLAC"
Nasdaq-100 Top3 PIT membership,3,2020-01-21,1.0885956953808258,0.010170478850448231,"TSLA, LRCX, KLAC"
Nasdaq-100 Top3 PIT membership,3,2020-01-22,1.125199580547343,0.03362486671758513,"TSLA, LRCX, KLAC"
Nasdaq-100 Top3 PIT membership,3,2020-01-23,1.1210199236429463,-0.0037145915948204973,"TSLA, LRCX, KLAC"
Nasdaq-100 Top3 PIT membership,3,2020-01-24,1.1383408826500094,0.01545107151242749,"TSLA, LRCX, KLAC"
Nasdaq-100 Top3 PIT membership,3,2020-01-27,1.0778428219681047,-0.05314582090829226,"TSLA, LRCX, KLAC"
Nasdaq-100 Top3 PIT membership,3,2020-01-28,1.092243096018717,0.013360272719836716,"TSLA, LRCX, KLAC"
Nasdaq-100 Top3 PIT membership,3,2020-01-29,1.1098323851245526,0.016103822647128174,"TSLA, LRCX, KLAC"
Nasdaq-100 Top3 PIT membership,3,2020-01-30,1.160101874656158,0.04529466810068249,"TSLA, LRCX, KLAC"
Nasdaq-100 Top3 PIT membership,3,2020-01-31,1.147380659209431,-0.01096560200844195,"TSLA, LRCX, KLAC"
Nasdaq-100 Top3 PIT membership,3,2020-02-03,1.1484075647048313,0.0008949998304031617,"TSLA, LRCX, KLAC"
Nasdaq-100 Top3 PIT membership,3,2020-02-04,1.3116318010716177,0.14213093102424756,"TSLA, AMD, LRCX"
Nasdaq-100 Top3 PIT membership,3,2020-02-05,1.3119270606139424,0.0002251085572059948,"TSLA, AMD, LRCX"
Nasdaq-100 Top3 PIT membership,3,2020-02-06,1.226548111752587,-0.06507903634627424,"TSLA, AMD, LRCX"
Nasdaq-100 Top3 PIT membership,3,2020-02-07,1.2386272362438444,0.00984806415298119,"TSLA, AMD, LRCX"
Nasdaq-100 Top3 PIT membership,3,2020-02-10,1.274041384358451,0.02859144953246839,"TSLA, AMD, LRCX"
Nasdaq-100 Top3 PIT membership,3,2020-02-11,1.301690210016407,0.02170166997509152,"TSLA, AMD, LRCX"
Nasdaq-100 Top3 PIT membership,3,2020-02-12,1.324389125552325,0.017438031999666093,"TSLA, AMD, LRCX"
Nasdaq-100 Top3 PIT membership,3,2020-02-13,1.3045246036739806,-0.014999007085670629,"TSLA, AMD, LRCX"
Nasdaq-100 Top3 PIT membership,3,2020-02-14,1.353806553216055,0.037777707989009736,"TSLA, AMD, LRCX"
Nasdaq-100 Top3 PIT membership,3,2020-02-18,1.3588186894455179,0.003702254371243833,"TSLA, AMD, LRCX"
Nasdaq-100 Top3 PIT membership,3,2020-02-19,1.4391673453503637,0.05913125608953243,"TSLA, AMD, LRCX"
Nasdaq-100 Top3 PIT membership,3,2020-02-20,1.438005332745704,-0.0008074200741240067,"TSLA, AMD, LRCX"
Nasdaq-100 Top3 PIT membership,3,2020-02-21,1.4129293219977295,-0.017438051290181795,"TSLA, AMD, LRCX"
Nasdaq-100 Top3 PIT membership,3,2020-02-24,1.2677771676188851,-0.1027313625097786,"TSLA, AMD, LRCX"
Nasdaq-100 Top3 PIT membership,3,2020-02-25,1.3081267873217002,0.031827059781017374,"TSLA, AMD, LRCX"
Nasdaq-100 Top3 PIT membership,3,2020-02-26,1.2309823529901214,-0.058973208926885956,"TSLA, AMD, LRCX"
Nasdaq-100 Top3 PIT membership,3,2020-02-27,1.1688129065250756,-0.050503929901214994,"TSLA, AMD, LRCX"
Nasdaq-100 Top3 PIT membership,3,2020-02-28,1.0673750534813748,-0.08678707471264953,"TSLA, AMD, LRCX"
Nasdaq-100 Top3 PIT membership,3,2020-03-02,1.1924444276334867,0.11717472105440613,"TSLA, AMD, LRCX"
Nasdaq-100 Top3 PIT membership,3,2020-03-03,1.28844501266564,0.08050738701733472,"TSLA, AAPL, AMD"
Nasdaq-100 Top3 PIT membership,3,2020-03-04,1.2494916579981281,-0.030232842134971606,"TSLA, AAPL, AMD"
Nasdaq-100 Top3 PIT membership,3,2020-03-05,1.2299997330876045,-0.015599883989423875,"TSLA, AAPL, AMD"
Nasdaq-100 Top3 PIT membership,3,2020-03-06,1.1985134901557288,-0.02559857704427097,"TSLA, AAPL, AMD"
Nasdaq-100 Top3 PIT membership,3,2020-03-09,1.0718738415268967,-0.10566393258733967,"TSLA, AAPL, AMD"
Nasdaq-100 Top3 PIT membership,3,2020-03-10,1.1416682102602378,0.06511435024285912,"TSLA, AAPL, AMD"
Nasdaq-100 Top3 PIT membership,3,2020-03-11,1.1206897619098113,-0.01837525838233215,"TSLA, AAPL, AMD"
Nasdaq-100 Top3 PIT membership,3,2020-03-12,1.0386815221132628,-0.07317657623354663,"TSLA, AAPL, AMD"
Nasdaq-100 Top3 PIT membership,3,2020-03-13,1.0608475309654486,0.021340524867610695,"TSLA, AAPL, AMD"
Nasdaq-100 Top3 PIT membership,3,2020-03-16,0.9294933230776,-0.12382006278348659,"TSLA, AAPL, AMD"
Nasdaq-100 Top3 PIT membership,3,2020-03-17,0.9259524638669493,-0.003809450937126443,"TSLA, AAPL, AMD"
Nasdaq-100 Top3 PIT membership,3,2020-03-18,0.8755270160605512,-0.05445792281367456,"TSLA, AAPL, AMD"
Nasdaq-100 Top3 PIT membership,3,2020-03-19,0.8742212189061261,-0.0014914413038908947,"TSLA, AAPL, AMD"
Nasdaq-100 Top3 PIT membership,3,2020-03-20,0.937722296587212,0.07263730999407898,"TSLA, AAPL, AMD"
Nasdaq-100 Top3 PIT membership,3,2020-03-23,0.9035861987896985,-0.03640320585502754,"TSLA, AAPL, AMD"
Nasdaq-100 Top3 PIT membership,3,2020-03-24,0.9702353811913907,0.07376073526904783,"TSLA, AAPL, AMD"
Nasdaq-100 Top3 PIT membership,3,2020-03-25,1.0561620585816738,0.08856271277673891,"TSLA, AAPL, AMD"
Nasdaq-100 Top3 PIT membership,3,2020-03-26,1.044005501908065,-0.011510124393158017,"TSLA, AAPL, AMD"
Nasdaq-100 Top3 PIT membership,3,2020-03-27,1.0299556471545601,-0.013457644358987404,"TSLA, AAPL, AMD"
Nasdaq-100 Top3 PIT membership,3,2020-03-30,1.0376203305044263,0.007441760595265615,"TSLA, AAPL, AMD"
Nasdaq-100 Top3 PIT membership,3,2020-03-31,1.0432688472707377,0.005443722140222003,"TSLA, AAPL, AMD"
Nasdaq-100 Top3 PIT membership,3,2020-04-01,1.0055875874611846,-0.03611845585932131,"TSLA, AAPL, AMD"
Nasdaq-100 Top3 PIT membership,3,2020-04-02,0.9914204200661045,-0.014088446965468255,"TSLA, REGN, AMD"
Nasdaq-100 Top3 PIT membership,3,2020-04-03,1.018681855099882,0.027497350752529195,"TSLA, REGN, AMD"
Nasdaq-100 Top3 PIT membership,3,2020-04-06,1.0251731573242864,0.006372256649028074,"TSLA, REGN, AMD"
Nasdaq-100 Top3 PIT membership,3,2020-04-07,1.0833272739774398,0.05672614059164034,"TSLA, REGN, AMD"
Nasdaq-100 Top3 PIT membership,3,2020-04-08,1.0824278889541634,-0.0008302062034995315,"TSLA, REGN, AMD"
Nasdaq-100 Top3 PIT membership,3,2020-04-09,1.1050925421136242,0.020938718773551836,"TSLA, REGN, AMD"
Nasdaq-100 Top3 PIT membership,3,2020-04-13,1.1161127990663577,0.009972248054136653,"TSLA, REGN, AMD"
Nasdaq-100 Top3 PIT membership,3,2020-04-14,1.2228064808860366,0.0955939954357028,"TSLA, REGN, AMD"
Nasdaq-100 Top3 PIT membership,3,2020-04-15,1.260053300836269,0.030460110027584676,"TSLA, REGN, AMD"
Nasdaq-100 Top3 PIT membership,3,2020-04-16,1.2581988476954544,-0.0014717259496751893,"TSLA, REGN, AMD"
Nasdaq-100 Top3 PIT membership,3,2020-04-17,1.3261007516260166,0.05396754579368183,"TSLA, REGN, AMD"
Nasdaq-100 Top3 PIT membership,3,2020-04-20,1.306324753802883,-0.014912892401942306,"TSLA, REGN, AMD"
Nasdaq-100 Top3 PIT membership,3,2020-04-21,1.3114482571246429,0.003922074742015372,"TSLA, REGN, AMD"
Nasdaq-100 Top3 PIT membership,3,2020-04-22,1.2723534873462774,-0.029810379148378252,"TSLA, REGN, AMD"
Nasdaq-100 Top3 PIT membership,3,2020-04-23,1.3026418558923187,0.02380499511123535,"TSLA, REGN, AMD"
Nasdaq-100 Top3 PIT membership,3,2020-04-24,1.292169097978722,-0.008039629516144193,"TSLA, REGN, AMD"
Nasdaq-100 Top3 PIT membership,3,2020-04-27,1.3188244005628027,0.020628339298452758,"TSLA, REGN, AMD"
Nasdaq-100 Top3 PIT membership,3,2020-04-28,1.3312281371359356,0.009405146407542753,"TSLA, REGN, AMD"
Nasdaq-100 Top3 PIT membership,3,2020-04-29,1.3037644211438961,-0.020630360210929823,"TSLA, REGN, AMD"
Nasdaq-100 Top3 PIT membership,3,2020-04-30,1.3155415485126822,0.009033171313612956,"TSLA, REGN, AMD"
Nasdaq-100 Top3 PIT membership,3,2020-05-01,1.2535344612826191,-0.047134267481074035,"TSLA, REGN, AMD"
Nasdaq-100 Top3 PIT membership,3,2020-05-04,1.2420215004678234,-0.009184399129335143,"DXCM, TSLA, REGN"
Nasdaq-100 Top3 PIT membership,3,2020-05-05,1.3421836651192387,0.08064446920901765,"DXCM, TSLA, REGN"
Nasdaq-100 Top3 PIT membership,3,2020-05-06,1.3456209574682967,0.0025609701849207407,"DXCM, TSLA, REGN"
Nasdaq-100 Top3 PIT membership,3,2020-05-07,1.3750712192796466,0.021886001141628197,"DXCM, TSLA, REGN"
Nasdaq-100 Top3 PIT membership,3,2020-05-08,1.4007591018486882,0.018681128809094488,"DXCM, TSLA, REGN"
Nasdaq-100 Top3 PIT membership,3,2020-05-11,1.3980268508456095,-0.0019505502405608626,"DXCM, TSLA, REGN"
Nasdaq-100 Top3 PIT membership,3,2020-05-12,1.4479670321962235,0.0357219042827448,"DXCM, TSLA, REGN"
Nasdaq-100 Top3 PIT membership,3,2020-05-13,1.4222423829922237,-0.01776604620961671,"DXCM, TSLA, REGN"
Nasdaq-100 Top3 PIT membership,3,2020-05-14,1.3995728120301933,-0.015939316134241672,"DXCM, TSLA, REGN"
Nasdaq-100 Top3 PIT membership,3,2020-05-15,1.3944526045381866,-0.0036584073711601883,"DXCM, TSLA, REGN"
Nasdaq-100 Top3 PIT membership,3,2020-05-18,1.4591978858096395,0.04643060729403206,"DXCM, TSLA, REGN"
Nasdaq-100 Top3 PIT membership,3,2020-05-19,1.4192459714530745,-0.027379366941994682,"DXCM, TSLA, REGN"
Nasdaq-100 Top3 PIT membership,3,2020-05-20,1.420795332214958,0.0010916788161089799,"DXCM, TSLA, REGN"
Nasdaq-100 Top3 PIT membership,3,2020-05-21,1.4190957416069914,-0.0011962247970769644,"DXCM, TSLA, REGN"
Nasdaq-100 Top3 PIT membership,3,2020-05-22,1.4037458038673085,-0.010816703404592435,"DXCM, TSLA, REGN"
Nasdaq-100 Top3 PIT membership,3,2020-05-26,1.4165893231916258,0.009149462309296696,"DXCM, TSLA, REGN"
Nasdaq-100 Top3 PIT membership,3,2020-05-27,1.3676987806725578,-0.034512855432875814,"DXCM, TSLA, REGN"
Nasdaq-100 Top3 PIT membership,3,2020-05-28,1.347585618302317,-0.014705842144825435,"DXCM, TSLA, REGN"
Nasdaq-100 Top3 PIT membership,3,2020-05-29,1.3807410429631808,0.024603575617431206,"DXCM, TSLA, REGN"
Nasdaq-100 Top3 PIT membership,3,2020-06-01,1.4468396686798157,0.047871848275605824,"DXCM, TSLA, REGN"
Nasdaq-100 Top3 PIT membership,3,2020-06-02,1.4570536353749972,0.00705950141974021,"TSLA, DXCM, REGN"
Nasdaq-100 Top3 PIT membership,3,2020-06-03,1.4615072267684661,0.003056573406319929,"TSLA, DXCM, REGN"
Nasdaq-100 Top3 PIT membership,3,2020-06-04,1.4344530350637585,-0.018511158350223877,"TSLA, DXCM, REGN"
Nasdaq-100 Top3 PIT membership,3,2020-06-05,1.3873372654143157,-0.03284580847036833,"TSLA, DXCM, REGN"
Nasdaq-100 Top3 PIT membership,3,2020-06-08,1.4414876049254735,0.03903184961660081,"TSLA, DXCM, REGN"
Nasdaq-100 Top3 PIT membership,3,2020-06-09,1.479490194297597,0.026363452063181837,"TSLA, DXCM, REGN"
Nasdaq-100 Top3 PIT membership,3,2020-06-10,1.5306558752406743,0.0345833187271433,"TSLA, DXCM, REGN"
Nasdaq-100 Top3 PIT membership,3,2020-06-11,1.5268621368294488,-0.0024785051118226447,"TSLA, DXCM, REGN"
Nasdaq-100 Top3 PIT membership,3,2020-06-12,1.504873340853351,-0.014401297566889532,"TSLA, DXCM, REGN"
Nasdaq-100 Top3 PIT membership,3,2020-06-15,1.4397829199277623,-0.043253089252467326,"TSLA, DXCM, REGN"
Nasdaq-100 Top3 PIT membership,3,2020-06-16,1.5450137366493029,0.07308797407238331,"TSLA, DXCM, REGN"
Nasdaq-100 Top3 PIT membership,3,2020-06-17,1.5337943696044656,-0.007261661678923908,"TSLA, DXCM, REGN"
Nasdaq-100 Top3 PIT membership,3,2020-06-18,1.5544585183988389,0.013472567903416072,"TSLA, DXCM, REGN"
Nasdaq-100 Top3 PIT membership,3,2020-06-19,1.5603979142584128,0.00382087768137529,"TSLA, DXCM, REGN"
Nasdaq-100 Top3 PIT membership,3,2020-06-22,1.593936784562609,0.021493793344459666,"TSLA, DXCM, REGN"
Nasdaq-100 Top3 PIT membership,3,2020-06-23,1.5812494738597185,-0.007959732673069448,"TSLA, DXCM, REGN"
Nasdaq-100 Top3 PIT membership,3,2020-06-24,1.5755389056689957,-0.0036114277254326215,"TSLA, DXCM, REGN"
Nasdaq-100 Top3 PIT membership,3,2020-06-25,1.5197213102876157,-0.03542762110192317,"TSLA, DXCM, REGN"
Nasdaq-100 Top3 PIT membership,3,2020-06-26,1.5526086970347033,0.021640406385341406,"TSLA, DXCM, REGN"
Nasdaq-100 Top3 PIT membership,3,2020-06-29,1.5219522985366785,-0.01974509002595104,"TSLA, DXCM, REGN"
Nasdaq-100 Top3 PIT membership,3,2020-06-30,1.565265970001374,0.028459283189322372,"TSLA, DXCM, REGN"
Nasdaq-100 Top3 PIT membership,3,2020-07-01,1.6221355320152402,0.0363322036662026,"TSLA, DXCM, REGN"
Nasdaq-100 Top3 PIT membership,3,2020-07-02,1.6712030411860932,0.030248711160339743,"TSLA, DXCM, REGN"
Nasdaq-100 Top3 PIT membership,3,2020-07-06,1.7310453997692852,0.03580795218079569,"TSLA, DXCM, REGN"
Nasdaq-100 Top3 PIT membership,3,2020-07-07,1.81125465182047,0.04633572987853192,"TSLA, DXCM, REGN"
Nasdaq-100 Top3 PIT membership,3,2020-07-08,1.8275280103802507,0.008984577924161297,"TSLA, DXCM, REGN"
Nasdaq-100 Top3 PIT membership,3,2020-07-09,1.8310789664291904,0.0019430378241923247,"TSLA, DXCM, REGN"
Nasdaq-100 Top3 PIT membership,3,2020-07-10,1.8265479753461622,-0.002474492452864648,"TSLA, DXCM, REGN"
Nasdaq-100 Top3 PIT membership,3,2020-07-13,1.9301145280139196,0.05670070212534646,"TSLA, DXCM, REGN"
Nasdaq-100 Top3 PIT membership,3,2020-07-14,1.8164281658317634,-0.05890135560978289,"TSLA, DXCM, REGN"
Nasdaq-100 Top3 PIT membership,3,2020-07-15,1.8655006958854718,0.027015948649550627,"TSLA, DXCM, REGN"
Nasdaq-100 Top3 PIT membership,3,2020-07-16,1.8233406652110762,-0.022599847197797025,"TSLA, DXCM, REGN"
Nasdaq-100 Top3 PIT membership,3,2020-07-17,1.8495069941203035,0.014350762536302112,"TSLA, DXCM, REGN"
Nasdaq-100 Top3 PIT membership,3,2020-07-20,1.8839355562283753,0.01861499427551368,"TSLA, DXCM, REGN"
Nasdaq-100 Top3 PIT membership,3,2020-07-21,1.947304735182814,0.03363659587236818,"TSLA, DXCM, REGN"
Nasdaq-100 Top3 PIT membership,3,2020-07-22,1.913575668768907,-0.017320897856667905,"TSLA, DXCM, REGN"
Nasdaq-100 Top3 PIT membership,3,2020-07-23,1.9355622042699172,0.011489765395666523,"TSLA, DXCM, REGN"
Nasdaq-100 Top3 PIT membership,3,2020-07-24,1.8098690502917953,-0.06493883467079409,"TSLA, DXCM, REGN"
Nasdaq-100 Top3 PIT membership,3,2020-07-27,1.825429011088681,0.008597285419283396,"TSLA, DXCM, REGN"
Nasdaq-100 Top3 PIT membership,3,2020-07-28,1.863494182016931,0.020852725960319986,"TSLA, DXCM, REGN"
Nasdaq-100 Top3 PIT membership,3,2020-07-29,1.8699320792796879,0.0034547450294634126,"TSLA, DXCM, REGN"
Nasdaq-100 Top3 PIT membership,3,2020-07-30,1.8469478871930884,-0.012291458252030816,"TSLA, DXCM, REGN"
Nasdaq-100 Top3 PIT membership,3,2020-07-31,1.8835566406051607,0.019821216216180677,"TSLA, DXCM, REGN"
Nasdaq-100 Top3 PIT membership,3,2020-08-03,1.8648791253562027,-0.00991608898098073,"TSLA, DXCM, REGN"
Nasdaq-100 Top3 PIT membership,3,2020-08-04,1.905828717882045,0.021958309237881814,"REGN, TSLA, DXCM"
Nasdaq-100 Top3 PIT membership,3,2020-08-05,1.9049430592933891,-0.00046471048544186966,"REGN, TSLA, DXCM"
Nasdaq-100 Top3 PIT membership,3,2020-08-06,1.8940721983423847,-0.005706659261005331,"REGN, TSLA, DXCM"
Nasdaq-100 Top3 PIT membership,3,2020-08-07,1.8737591143989514,-0.01072455630847154,"REGN, TSLA, DXCM"
Nasdaq-100 Top3 PIT membership,3,2020-08-10,1.8520791735408193,-0.011570292409270766,"REGN, TSLA, DXCM"
Nasdaq-100 Top3 PIT membership,3,2020-08-11,1.774068253110926,-0.042120726556603594,"REGN, TSLA, DXCM"
Nasdaq-100 Top3 PIT membership,3,2020-08-12,1.8002209931442623,0.0147416763630576,"REGN, TSLA, DXCM"
Nasdaq-100 Top3 PIT membership,3,2020-08-13,1.89936146684193,0.0550712796235695,"REGN, TSLA, DXCM"
Nasdaq-100 Top3 PIT membership,3,2020-08-14,1.9245423844862726,0.013257570022314237,"REGN, TSLA, DXCM"
Nasdaq-100 Top3 PIT membership,3,2020-08-17,1.9229926671109385,-0.0008052394105872995,"REGN, TSLA, DXCM"
Nasdaq-100 Top3 PIT membership,3,2020-08-18,2.0406591696857186,0.061189262230292085,"REGN, TSLA, DXCM"
Nasdaq-100 Top3 PIT membership,3,2020-08-19,2.025161484316384,-0.007594450655726762,"REGN, TSLA, DXCM"
Nasdaq-100 Top3 PIT membership,3,2020-08-20,1.9927598712285313,-0.015999520699353214,"REGN, TSLA, DXCM"
Nasdaq-100 Top3 PIT membership,3,2020-08-21,2.0677748470644475,0.03764376075561467,"REGN, TSLA, DXCM"
Nasdaq-100 Top3 PIT membership,3,2020-08-24,2.0817091542282844,0.006738793241255887,"REGN, TSLA, DXCM"
Nasdaq-100 Top3 PIT membership,3,2020-08-25,1.9878296446327783,-0.04509732274790738,"REGN, TSLA, DXCM"
Nasdaq-100 Top3 PIT membership,3,2020-08-26,2.049290157368525,0.03091840032755947,"REGN, TSLA, DXCM"
Nasdaq-100 Top3 PIT membership,3,2020-08-27,2.0989861624533424,0.024250350740293247,"REGN, TSLA, DXCM"
Nasdaq-100 Top3 PIT membership,3,2020-08-28,2.136618556079607,0.017928843124091636,"REGN, TSLA, DXCM"
Nasdaq-100 Top3 PIT membership,3,2020-08-31,2.0870547079712747,-0.023197331113362196,"REGN, TSLA, DXCM"
Nasdaq-100 Top3 PIT membership,3,2020-09-01,2.200721266975377,0.05446266385349907,"REGN, TSLA, DXCM"
Nasdaq-100 Top3 PIT membership,3,2020-09-02,2.208371061402136,0.0034760396700635647,"PDD, TSLA, MELI"
Nasdaq-100 Top3 PIT membership,3,2020-09-03,2.027910240674069,-0.08171671141782166,"PDD, TSLA, MELI"
Nasdaq-100 Top3 PIT membership,3,2020-09-04,1.9530820245971772,-0.03689917560257461,"PDD, TSLA, MELI"
Nasdaq-100 Top3 PIT membership,3,2020-09-08,1.8059239489782102,-0.07534659259859725,"PDD, TSLA, MELI"
Nasdaq-100 Top3 PIT membership,3,2020-09-09,1.852289995855511,0.025674418296260344,"PDD, TSLA, MELI"
Nasdaq-100 Top3 PIT membership,3,2020-09-10,1.912621778897847,0.032571456509147056,"PDD, TSLA, MELI"
Nasdaq-100 Top3 PIT membership,3,2020-09-11,1.8960034612752712,-0.008688763144876543,"PDD, TSLA, MELI"
Nasdaq-100 Top3 PIT membership,3,2020-09-14,1.9042742185427035,0.004362205785146307,"PDD, TSLA, MELI"
Nasdaq-100 Top3 PIT membership,3,2020-09-15,1.9967950300527053,0.0485858657377642,"PDD, TSLA, MELI"
Nasdaq-100 Top3 PIT membership,3,2020-09-16,1.9669062399290582,-0.014968381668527209,"PDD, TSLA, MELI"
Nasdaq-100 Top3 PIT membership,3,2020-09-17,1.8731127593638435,-0.04768579135149712,"PDD, TSLA, MELI"
Nasdaq-100 Top3 PIT membership,3,2020-09-18,1.939912963295974,0.03566267091940463,"PDD, TSLA, MELI"
Nasdaq-100 Top3 PIT membership,3,2020-09-21,1.9148456408474863,-0.012921879962025463,"PDD, TSLA, MELI"
Nasdaq-100 Top3 PIT membership,3,2020-09-22,1.921074766868945,0.0032530695365616067,"PDD, TSLA, MELI"
Nasdaq-100 Top3 PIT membership,3,2020-09-23,1.9156066404375591,-0.0028463891805200862,"PDD, TSLA, MELI"
Nasdaq-100 Top3 PIT membership,3,2020-09-24,1.7769815516567649,-0.07236615589781514,"PDD, TSLA, MELI"
Nasdaq-100 Top3 PIT membership,3,2020-09-25,1.838547585206329,0.034646411209032155,"PDD, TSLA, MELI"
Nasdaq-100 Top3 PIT membership,3,2020-09-28,1.9320603878275804,0.050862323811301804,"PDD, TSLA, MELI"
Nasdaq-100 Top3 PIT membership,3,2020-09-29,1.9109676719446018,-0.010917213569445082,"PDD, TSLA, MELI"
Nasdaq-100 Top3 PIT membership,3,2020-09-30,1.9015966762029304,-0.0049037960606291104,"PDD, TSLA, MELI"
Nasdaq-100 Top3 PIT membership,3,2020-10-01,1.9482318933931297,0.024524242061318532,"PDD, TSLA, MELI"
Nasdaq-100 Top3 PIT membership,3,2020-10-02,1.8876488383098509,-0.03109642917187057,"TSLA, MELI, PDD"
Nasdaq-100 Top3 PIT membership,3,2020-10-05,1.8921319975061173,0.002374996400432483,"TSLA, MELI, PDD"
Nasdaq-100 Top3 PIT membership,3,2020-10-06,1.891627119790003,-0.0002668300714642562,"TSLA, MELI, PDD"
Nasdaq-100 Top3 PIT membership,3,2020-10-07,1.9176964681624271,0.013781441437210013,"TSLA, MELI, PDD"
Nasdaq-100 Top3 PIT membership,3,2020-10-08,1.9820160746741216,0.03354003492185953,"TSLA, MELI, PDD"
Nasdaq-100 Top3 PIT membership,3,2020-10-09,1.9641823869992663,-0.008997751280996816,"TSLA, MELI, PDD"
Nasdaq-100 Top3 PIT membership,3,2020-10-12,2.091923616438701,0.065035319675475,"TSLA, MELI, PDD"
Nasdaq-100 Top3 PIT membership,3,2020-10-13,2.109078611372404,0.00820058380664379,"TSLA, MELI, PDD"
Nasdaq-100 Top3 PIT membership,3,2020-10-14,2.154101737915622,0.021347296540037863,"TSLA, MELI, PDD"
Nasdaq-100 Top3 PIT membership,3,2020-10-15,2.080733106938731,-0.034059965546420726,"TSLA, MELI, PDD"
Nasdaq-100 Top3 PIT membership,3,2020-10-16,2.148045884113139,0.032350509995701174,"TSLA, MELI, PDD"
Nasdaq-100 Top3 PIT membership,3,2020-10-19,2.1464515222664047,-0.0007422382634031024,"TSLA, MELI, PDD"
Nasdaq-100 Top3 PIT membership,3,2020-10-20,2.1418151109538215,-0.002160035418683777,"TSLA, MELI, PDD"
Nasdaq-100 Top3 PIT membership,3,2020-10-21,2.1866192946612752,0.02091879148592864,"TSLA, MELI, PDD"
Nasdaq-100 Top3 PIT membership,3,2020-10-22,2.1959279094331032,0.004257080688236528,"TSLA, MELI, PDD"
Nasdaq-100 Top3 PIT membership,3,2020-10-23,2.148932097358413,-0.021401345587352405,"TSLA, MELI, PDD"
Nasdaq-100 Top3 PIT membership,3,2020-10-26,2.1201618740487738,-0.013388149092754133,"TSLA, MELI, PDD"
Nasdaq-100 Top3 PIT membership,3,2020-10-27,2.146772129107207,0.01255104875912949,"TSLA, MELI, PDD"
Nasdaq-100 Top3 PIT membership,3,2020-10-28,2.1205084844541626,-0.012234016035957565,"TSLA, MELI, PDD"
Nasdaq-100 Top3 PIT membership,3,2020-10-29,2.1562688001733004,0.016864028595642434,"TSLA, MELI, PDD"
Nasdaq-100 Top3 PIT membership,3,2020-10-30,2.1581283929525226,0.0008624123203345713,"TSLA, MELI, PDD"
Nasdaq-100 Top3 PIT membership,3,2020-11-02,2.0945440789257526,-0.029462711409760273,"TSLA, MELI, PDD"
Nasdaq-100 Top3 PIT membership,3,2020-11-03,2.1198512816632076,0.012082439797798106,"TSLA, NVDA, MELI"
Nasdaq-100 Top3 PIT membership,3,2020-11-04,2.229638916442488,0.05179025327340069,"TSLA, NVDA, MELI"
Nasdaq-100 Top3 PIT membership,3,2020-11-05,2.3399211126264268,0.04946190854970371,"TSLA, NVDA, MELI"
Nasdaq-100 Top3 PIT membership,3,2020-11-06,2.3672521260563792,0.011680314042414356,"TSLA, NVDA, MELI"
Nasdaq-100 Top3 PIT membership,3,2020-11-09,2.404509282385933,0.015738567058178516,"TSLA, NVDA, MELI"
Nasdaq-100 Top3 PIT membership,3,2020-11-10,2.2506771576684033,-0.06397651522679333,"TSLA, NVDA, MELI"
Nasdaq-100 Top3 PIT membership,3,2020-11-11,2.184564784470687,-0.029374436476800343,"TSLA, NVDA, MELI"
Nasdaq-100 Top3 PIT membership,3,2020-11-12,2.2290434711768534,0.020360433813796486,"TSLA, NVDA, MELI"
Nasdaq-100 Top3 PIT membership,3,2020-11-13,2.233499388738563,0.0019990267661118928,"TSLA, NVDA, MELI"
Nasdaq-100 Top3 PIT membership,3,2020-11-16,2.1853597204093202,-0.02155347280235035,"TSLA, NVDA, MELI"
Nasdaq-100 Top3 PIT membership,3,2020-11-17,2.3041569260359362,0.05436048103072262,"TSLA, NVDA, MELI"
Nasdaq-100 Top3 PIT membership,3,2020-11-18,2.283785603155498,-0.008841117829367988,"TSLA, NVDA, MELI"
Nasdaq-100 Top3 PIT membership,3,2020-11-19,2.3550845353177836,0.03121962589823342,"TSLA, NVDA, MELI"
Nasdaq-100 Top3 PIT membership,3,2020-11-20,2.407397912464368,0.022212950899244722,"TSLA, NVDA, MELI"
Nasdaq-100 Top3 PIT membership,3,2020-11-23,2.4336281729027904,0.010895689616832627,"TSLA, NVDA, MELI"
Nasdaq-100 Top3 PIT membership,3,2020-11-24,2.506507261396197,0.02994668179177014,"TSLA, NVDA, MELI"
Nasdaq-100 Top3 PIT membership,3,2020-11-25,2.5085023922471144,0.0007959804791492307,"TSLA, NVDA, MELI"
Nasdaq-100 Top3 PIT membership,3,2020-11-27,2.5962854736945595,0.03499421874930279,"TSLA, NVDA, MELI"
Nasdaq-100 Top3 PIT membership,3,2020-11-30,2.6494653578655005,0.020483065021068336,"TSLA, NVDA, MELI"
Nasdaq-100 Top3 PIT membership,3,2020-12-01,2.6731385222310218,0.00893507223834511,"TSLA, NVDA, MELI"
Nasdaq-100 Top3 PIT membership,3,2020-12-02,2.6039252923244556,-0.025892122436214082,"TSLA, QCOM, MELI"
Nasdaq-100 Top3 PIT membership,3,2020-12-03,2.6706638010541197,0.025629962935721652,"TSLA, QCOM, MELI"
Nasdaq-100 Top3 PIT membership,3,2020-12-04,2.684896244471573,0.005329178240943403,"TSLA, QCOM, MELI"
Nasdaq-100 Top3 PIT membership,3,2020-12-07,2.749584379879295,0.024093346452743154,"TSLA, QCOM, MELI"
Nasdaq-100 Top3 PIT membership,3,2020-12-08,2.7878993430903276,0.013934819928208293,"TSLA, QCOM, MELI"
Nasdaq-100 Top3 PIT membership,3,2020-12-09,2.8599497680069055,0.025843983605488226,"TSLA, QCOM, MELI"
Nasdaq-100 Top3 PIT membership,3,2020-12-10,2.667163772202737,-0.06740887478542015,"TSLA, QCOM, MELI"
Nasdaq-100 Top3 PIT membership,3,2020-12-11,2.7382395771526507,0.026648459194995068,"TSLA, QCOM, MELI"
Nasdaq-100 Top3 PIT membership,3,2020-12-14,2.7261908630882408,-0.0044001679637318825,"TSLA, QCOM, MELI"
Nasdaq-100 Top3 PIT membership,3,2020-12-15,2.8023329179558862,0.027929832756240502,"TSLA, QCOM, MELI"
Nasdaq-100 Top3 PIT membership,3,2020-12-16,2.799556468374468,-0.0009907636468272259,"TSLA, QCOM, MELI"
Nasdaq-100 Top3 PIT membership,3,2020-12-17,2.8113108800620465,0.004198669260778905,"TSLA, QCOM, MELI"
Nasdaq-100 Top3 PIT membership,3,2020-12-18,2.8860556769794545,0.026587168799972062,"TSLA, QCOM, MELI"
Nasdaq-100 Top3 PIT membership,3,2020-12-21,2.851015528498785,-0.012141189361025262,"TSLA, QCOM, MELI"
Nasdaq-100 Top3 PIT membership,3,2020-12-22,2.838822663240055,-0.004276674446999788,"TSLA, QCOM, MELI"
Nasdaq-100 Top3 PIT membership,3,2020-12-23,2.830953285105444,-0.0027720569644984474,"TSLA, QCOM, MELI"
Nasdaq-100 Top3 PIT membership,3,2020-12-24,2.8168987814461386,-0.004964583390778988,"TSLA, QCOM, MELI"
Nasdaq-100 Top3 PIT membership,3,2020-12-28,2.89656740914754,0.028282389209775213,"TSLA, QCOM, MELI"
Nasdaq-100 Top3 PIT membership,3,2020-12-29,2.855292409761904,-0.014249625006235573,"TSLA, QCOM, MELI"
Nasdaq-100 Top3 PIT membership,3,2020-12-30,2.8777547994221044,0.007866931451015208,"TSLA, QCOM, MELI"
Nasdaq-100 Top3 PIT membership,3,2020-12-31,2.941656498594482,0.022205400955359313,"TSLA, QCOM, MELI"
Nasdaq-100 Top3 PIT membership,3,2021-01-04,2.970729783426831,0.009883303793709459,"TSLA, QCOM, MELI"
Nasdaq-100 Top3 PIT membership,3,2021-01-05,2.9481864243506335,-0.007588491959774586,"TSLA, AMD, QCOM"
Nasdaq-100 Top3 PIT membership,3,2021-01-06,3.009403517027046,0.02076432215099703,"TSLA, AMD, QCOM"
Nasdaq-100 Top3 PIT membership,3,2021-01-07,3.036838181379994,0.009116312982863342,"TSLA, AMD, QCOM"
Nasdaq-100 Top3 PIT membership,3,2021-01-08,3.2229573207104356,0.06128714413287113,"TSLA, AMD, QCOM"
Nasdaq-100 Top3 PIT membership,3,2021-01-11,3.1851263568138735,-0.011737966138572031,"TSLA, AMD, QCOM"
Nasdaq-100 Top3 PIT membership,3,2021-01-12,3.2090452057276093,0.007509544750890754,"TSLA, AMD, QCOM"
Nasdaq-100 Top3 PIT membership,3,2021-01-13,3.174139245943705,-0.01087736617782864,"TSLA, AMD, QCOM"
Nasdaq-100 Top3 PIT membership,3,2021-01-14,3.177110509580716,0.0009360848427832913,"TSLA, AMD, QCOM"
Nasdaq-100 Top3 PIT membership,3,2021-01-15,3.185253138513035,0.0025629039052198115,"TSLA, AMD, QCOM"
Nasdaq-100 Top3 PIT membership,3,2021-01-19,3.141549009980674,-0.013720770887541901,"TSLA, AMD, QCOM"
Nasdaq-100 Top3 PIT membership,3,2021-01-20,3.217380098465146,0.02413812047609546,"TSLA, AMD, QCOM"
Nasdaq-100 Top3 PIT membership,3,2021-01-21,3.20547456265781,-0.0037003821255113065,"TSLA, AMD, QCOM"
Nasdaq-100 Top3 PIT membership,3,2021-01-22,3.228710448760531,0.0072488131315742175,"TSLA, AMD, QCOM"
Nasdaq-100 Top3 PIT membership,3,2021-01-25,3.254308618002732,0.007928295103708663,"TSLA, AMD, QCOM"
Nasdaq-100 Top3 PIT membership,3,2021-01-26,3.3085456741531316,0.01666623007122381,"TSLA, AMD, QCOM"
Nasdaq-100 Top3 PIT membership,3,2021-01-27,3.1999035167433645,-0.03283683168060717,"TSLA, AMD, QCOM"
Nasdaq-100 Top3 PIT membership,3,2021-01-28,3.1084554810850977,-0.028578372810232823,"TSLA, AMD, QCOM"
Nasdaq-100 Top3 PIT membership,3,2021-01-29,3.1212292012646734,0.004109346348147452,"TSLA, AMD, QCOM"
Nasdaq-100 Top3 PIT membership,3,2021-02-01,3.0741646076102276,-0.01507886496620488,"TSLA, AMD, QCOM"
Nasdaq-100 Top3 PIT membership,3,2021-02-02,3.213462325964023,0.04531238112915566,"TSLA, PDD, MELI"
Nasdaq-100 Top3 PIT membership,3,2021-02-03,3.2809551080649717,0.021003134704776917,"TSLA, PDD, MELI"
Nasdaq-100 Top3 PIT membership,3,2021-02-04,3.331321839093302,0.015351240528870087,"TSLA, PDD, MELI"
Nasdaq-100 Top3 PIT membership,3,2021-02-05,3.3127333286812295,-0.005579920316894878,"TSLA, PDD, MELI"
Nasdaq-100 Top3 PIT membership,3,2021-02-08,3.3627858948141727,0.015109144373196104,"TSLA, PDD, MELI"
Nasdaq-100 Top3 PIT membership,3,2021-02-09,3.2803394733581404,-0.024517297275207017,"TSLA, PDD, MELI"
Nasdaq-100 Top3 PIT membership,3,2021-02-10,3.2884941721883454,0.0024859313788815705,"TSLA, PDD, MELI"
Nasdaq-100 Top3 PIT membership,3,2021-02-11,3.314892011704588,0.008027333525324807,"TSLA, PDD, MELI"
Nasdaq-100 Top3 PIT membership,3,2021-02-12,3.2672010973464194,-0.014386868166376464,"TSLA, PDD, MELI"
Nasdaq-100 Top3 PIT membership,3,2021-02-16,3.383665262559871,0.03564646366825778,"TSLA, PDD, MELI"
Nasdaq-100 Top3 PIT membership,3,2021-02-17,3.2585068738224203,-0.03698899832744199,"TSLA, PDD, MELI"
Nasdaq-100 Top3 PIT membership,3,2021-02-18,3.199120842790084,-0.018224921208367013,"TSLA, PDD, MELI"
Nasdaq-100 Top3 PIT membership,3,2021-02-19,3.2521394106949937,0.016572855640760942,"TSLA, PDD, MELI"
Nasdaq-100 Top3 PIT membership,3,2021-02-22,3.1460657366661864,-0.03261658269629305,"TSLA, PDD, MELI"
Nasdaq-100 Top3 PIT membership,3,2021-02-23,2.862661320557209,-0.09008216605457667,"TSLA, PDD, MELI"
Nasdaq-100 Top3 PIT membership,3,2021-02-24,2.984487891556063,0.04255710241515424,"TSLA, PDD, MELI"
Nasdaq-100 Top3 PIT membership,3,2021-02-25,2.946535487894947,-0.012716554745788623,"TSLA, PDD, MELI"
Nasdaq-100 Top3 PIT membership,3,2021-02-26,2.814104539393256,-0.044944630412818,"TSLA, PDD, MELI"
Nasdaq-100 Top3 PIT membership,3,2021-03-01,2.899032890348735,0.030179529497433,"TSLA, PDD, MELI"
Nasdaq-100 Top3 PIT membership,3,2021-03-02,2.9531083874193347,0.018652943624966833,"TSLA, PDD, MU"
Nasdaq-100 Top3 PIT membership,3,2021-03-03,2.8477198264722428,-0.03568733250566154,"TSLA, PDD, MU"
Nasdaq-100 Top3 PIT membership,3,2021-03-04,2.696159155645224,-0.053221763397550394,"TSLA, PDD, MU"
Nasdaq-100 Top3 PIT membership,3,2021-03-05,2.6244954776613696,-0.02657991381324983,"TSLA, PDD, MU"
Nasdaq-100 Top3 PIT membership,3,2021-03-08,2.5622084212562717,-0.023732963891635518,"TSLA, PDD, MU"
Nasdaq-100 Top3 PIT membership,3,2021-03-09,2.526016692356983,-0.014125208784359262,"TSLA, PDD, MU"
Nasdaq-100 Top3 PIT membership,3,2021-03-10,2.749820270272064,0.0885994057728309,"TSLA, PDD, MU"
Nasdaq-100 Top3 PIT membership,3,2021-03-11,2.723825569575279,-0.009453236263406068,"TSLA, PDD, MU"
Nasdaq-100 Top3 PIT membership,3,2021-03-12,2.6787139953809627,-0.016561844010205957,"TSLA, PDD, MU"
Nasdaq-100 Top3 PIT membership,3,2021-03-15,2.7178366172879342,0.014605001494908546,"TSLA, PDD, MU"
Nasdaq-100 Top3 PIT membership,3,2021-03-16,2.806921222596464,0.0327777632922707,"TSLA, PDD, MU"
Nasdaq-100 Top3 PIT membership,3,2021-03-17,2.6702957496627397,-0.04867449497116375,"TSLA, PDD, MU"
Nasdaq-100 Top3 PIT membership,3,2021-03-18,2.6785209863894774,0.0030802718117558915,"TSLA, PDD, MU"
Nasdaq-100 Top3 PIT membership,3,2021-03-19,2.5818208546721255,-0.036102062372749745,"TSLA, PDD, MU"
Nasdaq-100 Top3 PIT membership,3,2021-03-22,2.6529737739674486,0.027559200773579203,"TSLA, PDD, MU"
Nasdaq-100 Top3 PIT membership,3,2021-03-23,2.5935922000682057,-0.022383023338538068,"TSLA, PDD, MU"
Nasdaq-100 Top3 PIT membership,3,2021-03-24,2.5421641792731666,-0.01982887702765553,"TSLA, PDD, MU"
Nasdaq-100 Top3 PIT membership,3,2021-03-25,2.3284450408455153,-0.08406976235844695,"TSLA, PDD, MU"
Nasdaq-100 Top3 PIT membership,3,2021-03-26,2.4499291539415706,0.052173923354420865,"TSLA, PDD, MU"
Nasdaq-100 Top3 PIT membership,3,2021-03-29,2.4556958378507834,0.0023538165991187805,"TSLA, PDD, MU"
Nasdaq-100 Top3 PIT membership,3,2021-03-30,2.4248641038092305,-0.012555192530902759,"TSLA, PDD, MU"
Nasdaq-100 Top3 PIT membership,3,2021-03-31,2.5189579369808492,0.03880375523882214,"TSLA, PDD, MU"
Nasdaq-100 Top3 PIT membership,3,2021-04-01,2.6658954879046624,0.058332673510192924,"TSLA, PDD, MU"
Nasdaq-100 Top3 PIT membership,3,2021-04-05,2.739394884834931,0.027570246944690787,"PDD, AMAT, MU"
Nasdaq-100 Top3 PIT membership,3,2021-04-06,2.7276541281172046,-0.004285894225298459,"PDD, AMAT, MU"
Nasdaq-100 Top3 PIT membership,3,2021-04-07,2.7229932591070236,-0.0017087463407240064,"PDD, AMAT, MU"
Nasdaq-100 Top3 PIT membership,3,2021-04-08,2.7123270659004635,-0.003917083955638649,"PDD, AMAT, MU"
Nasdaq-100 Top3 PIT membership,3,2021-04-09,2.663751168011535,-0.017909306919371093,"PDD, AMAT, MU"
Nasdaq-100 Top3 PIT membership,3,2021-04-12,2.6536469335614346,-0.0037932351082338904,"PDD, AMAT, MU"
Nasdaq-100 Top3 PIT membership,3,2021-04-13,2.6368461304907105,-0.0063312126636891515,"PDD, AMAT, MU"
Nasdaq-100 Top3 PIT membership,3,2021-04-14,2.598561669923985,-0.014519034737761023,"PDD, AMAT, MU"
Nasdaq-100 Top3 PIT membership,3,2021-04-15,2.603747731758271,0.0019957432199167275,"PDD, AMAT, MU"
Nasdaq-100 Top3 PIT membership,3,2021-04-16,2.5716687098808833,-0.012320326384202144,"PDD, AMAT, MU"
Nasdaq-100 Top3 PIT membership,3,2021-04-19,2.5649701930932953,-0.0026047355018361156,"PDD, AMAT, MU"
Nasdaq-100 Top3 PIT membership,3,2021-04-20,2.512594574459288,-0.020419581785020124,"PDD, AMAT, MU"
Nasdaq-100 Top3 PIT membership,3,2021-04-21,2.4530556121928493,-0.02369620744693834,"PDD, AMAT, MU"
Nasdaq-100 Top3 PIT membership,3,2021-04-22,2.5299794236144826,0.03135836425366204,"PDD, AMAT, MU"
Nasdaq-100 Top3 PIT membership,3,2021-04-23,2.535043536636296,0.002001641979592999,"PDD, AMAT, MU"
Nasdaq-100 Top3 PIT membership,3,2021-04-26,2.5508725178172296,0.006244066798922568,"PDD, AMAT, MU"
Nasdaq-100 Top3 PIT membership,3,2021-04-27,2.64577734856703,0.037204850531303846,"PDD, AMAT, MU"
Nasdaq-100 Top3 PIT membership,3,2021-04-28,2.612471396045824,-0.012588342907707273,"PDD, AMAT, MU"
Nasdaq-100 Top3 PIT membership,3,2021-04-29,2.627182573464943,0.005631134350939056,"PDD, AMAT, MU"
Nasdaq-100 Top3 PIT membership,3,2021-04-30,2.539439317058192,-0.033398233260594504,"PDD, AMAT, MU"
Nasdaq-100 Top3 PIT membership,3,2021-05-03,2.5393820413280386,-2.25544787656465e-05,"PDD, AMAT, MU"
Nasdaq-100 Top3 PIT membership,3,2021-05-04,2.456878262926346,-0.03248970696766255,"AMAT, LRCX, MU"
Nasdaq-100 Top3 PIT membership,3,2021-05-05,2.4930014033814856,0.014702861350612382,"AMAT, LRCX, MU"
Nasdaq-100 Top3 PIT membership,3,2021-05-06,2.4628189730860863,-0.012106864542659374,"AMAT, LRCX, MU"
Nasdaq-100 Top3 PIT membership,3,2021-05-07,2.513987314819317,0.020776330819440192,"AMAT, LRCX, MU"
Nasdaq-100 Top3 PIT membership,3,2021-05-10,2.4945091792619407,-0.007747905266887215,"AMAT, LRCX, MU"
Nasdaq-100 Top3 PIT membership,3,2021-05-11,2.2734852822022216,-0.08860416265339802,"AMAT, LRCX, MU"
Nasdaq-100 Top3 PIT membership,3,2021-05-12,2.2961780348983503,0.009981482120767066,"AMAT, LRCX, MU"
Nasdaq-100 Top3 PIT membership,3,2021-05-13,2.276759101882032,-0.008457067666871116,"AMAT, LRCX, MU"
Nasdaq-100 Top3 PIT membership,3,2021-05-14,2.3370351336227926,0.026474488096230653,"AMAT, LRCX, MU"
Nasdaq-100 Top3 PIT membership,3,2021-05-17,2.333470530186223,-0.0015252673720158225,"AMAT, LRCX, MU"
Nasdaq-100 Top3 PIT membership,3,2021-05-18,2.3789440918576084,0.019487523447642003,"AMAT, LRCX, MU"
Nasdaq-100 Top3 PIT membership,3,2021-05-19,2.2640608191935776,-0.048291707677049114,"AMAT, LRCX, MU"
Nasdaq-100 Top3 PIT membership,3,2021-05-20,2.4007431047973604,0.06037041251059098,"AMAT, LRCX, MU"
Nasdaq-100 Top3 PIT membership,3,2021-05-21,2.453427986382679,0.02194523915534304,"AMAT, LRCX, MU"
Nasdaq-100 Top3 PIT membership,3,2021-05-24,2.4545612322757666,0.0004619030594650666,"AMAT, LRCX, MU"
Nasdaq-100 Top3 PIT membership,3,2021-05-25,2.5359840495611934,0.03317204566534089,"AMAT, LRCX, MU"
Nasdaq-100 Top3 PIT membership,3,2021-05-26,2.5277810703077477,-0.0032346336148545056,"AMAT, LRCX, MU"
Nasdaq-100 Top3 PIT membership,3,2021-05-27,2.5154134870886486,-0.004892663911591599,"AMAT, LRCX, MU"
Nasdaq-100 Top3 PIT membership,3,2021-05-28,2.5771761608785546,0.024553686344979488,"AMAT, LRCX, MU"
Nasdaq-100 Top3 PIT membership,3,2021-06-01,2.5872137977599303,0.0038948198550594246,"AMAT, LRCX, MU"
Nasdaq-100 Top3 PIT membership,3,2021-06-02,2.55247216716428,-0.013428202425996108,"AMAT, ASML, LRCX"
Nasdaq-100 Top3 PIT membership,3,2021-06-03,2.532449949668123,-0.007844245180703072,"AMAT, ASML, LRCX"
Nasdaq-100 Top3 PIT membership,3,2021-06-04,2.55113147898903,0.007376860231079899,"AMAT, ASML, LRCX"
Nasdaq-100 Top3 PIT membership,3,2021-06-07,2.5786288691194184,0.010778507637436707,"AMAT, ASML, LRCX"
Nasdaq-100 Top3 PIT membership,3,2021-06-08,2.605725028473338,0.010507971766861024,"AMAT, ASML, LRCX"
Nasdaq-100 Top3 PIT membership,3,2021-06-09,2.5547255757305227,-0.019572077707944224,"AMAT, ASML, LRCX"
Nasdaq-100 Top3 PIT membership,3,2021-06-10,2.5416552403062314,-0.0051161406721948275,"AMAT, ASML, LRCX"
Nasdaq-100 Top3 PIT membership,3,2021-06-11,2.572310580750915,0.012061171774418122,"AMAT, ASML, LRCX"
Nasdaq-100 Top3 PIT membership,3,2021-06-14,2.573225990424701,0.00035587058601556826,"AMAT, ASML, LRCX"
Nasdaq-100 Top3 PIT membership,3,2021-06-15,2.606437661921828,0.01290662834151061,"AMAT, ASML, LRCX"
Nasdaq-100 Top3 PIT membership,3,2021-06-16,2.6052418821681806,-0.0004587793412890173,"AMAT, ASML, LRCX"
Nasdaq-100 Top3 PIT membership,3,2021-06-17,2.556334648709374,-0.01877262675437419,"AMAT, ASML, LRCX"
Nasdaq-100 Top3 PIT membership,3,2021-06-18,2.532313480685177,-0.009396722778969708,"AMAT, ASML, LRCX"
Nasdaq-100 Top3 PIT membership,3,2021-06-21,2.477572685398683,-0.021616911059400962,"AMAT, ASML, LRCX"
Nasdaq-100 Top3 PIT membership,3,2021-06-22,2.494381869948524,0.006784537401830566,"AMAT, ASML, LRCX"
Nasdaq-100 Top3 PIT membership,3,2021-06-23,2.5210983819357846,0.01071067437954561,"AMAT, ASML, LRCX"
Nasdaq-100 Top3 PIT membership,3,2021-06-24,2.556130585664002,0.013895611523624394,"AMAT, ASML, LRCX"
Nasdaq-100 Top3 PIT membership,3,2021-06-25,2.5711494776493713,0.00587563564616067,"AMAT, ASML, LRCX"
Nasdaq-100 Top3 PIT membership,3,2021-06-28,2.5801460512003453,0.003499047266283028,"AMAT, ASML, LRCX"
Nasdaq-100 Top3 PIT membership,3,2021-06-29,2.60543308792577,0.009800622222009798,"AMAT, ASML, LRCX"
Nasdaq-100 Top3 PIT membership,3,2021-06-30,2.614170837488703,0.0033536649255841247,"AMAT, ASML, LRCX"
Nasdaq-100 Top3 PIT membership,3,2021-07-01,2.5983538278758815,-0.0060504881264821595,"AMAT, ASML, LRCX"
Nasdaq-100 Top3 PIT membership,3,2021-07-02,2.6029137952899832,0.0017549447520121366,"AMAT, ASML, GOOG"
Nasdaq-100 Top3 PIT membership,3,2021-07-06,2.617934575662302,0.005770755988730225,"AMAT, ASML, GOOG"
Nasdaq-100 Top3 PIT membership,3,2021-07-07,2.6249424080025943,0.002676855413210425,"AMAT, ASML, GOOG"
Nasdaq-100 Top3 PIT membership,3,2021-07-08,2.538435158449428,-0.032955865732304794,"AMAT, ASML, GOOG"
Nasdaq-100 Top3 PIT membership,3,2021-07-09,2.5708396215181715,0.01276552720319916,"AMAT, ASML, GOOG"
Nasdaq-100 Top3 PIT membership,3,2021-07-12,2.6133388774895985,0.01653127469162367,"AMAT, ASML, GOOG"
Nasdaq-100 Top3 PIT membership,3,2021-07-13,2.628212153842555,0.005691292652885519,"AMAT, ASML, GOOG"
Nasdaq-100 Top3 PIT membership,3,2021-07-14,2.666178635713743,0.014445744730188226,"AMAT, ASML, GOOG"
Nasdaq-100 Top3 PIT membership,3,2021-07-15,2.6404202548247317,-0.00966116093797135,"AMAT, ASML, GOOG"
Nasdaq-100 Top3 PIT membership,3,2021-07-16,2.616355353996138,-0.009114041897164174,"AMAT, ASML, GOOG"
Nasdaq-100 Top3 PIT membership,3,2021-07-19,2.5197803120168785,-0.03691205089238132,"AMAT, ASML, GOOG"
Nasdaq-100 Top3 PIT membership,3,2021-07-20,2.543062021151256,0.009239578951921476,"AMAT, ASML, GOOG"
Nasdaq-100 Top3 PIT membership,3,2021-07-21,2.608337877221325,0.025668212386152685,"AMAT, ASML, GOOG"
Nasdaq-100 Top3 PIT membership,3,2021-07-22,2.681412629248547,0.02801583056604184,"AMAT, ASML, GOOG"
Nasdaq-100 Top3 PIT membership,3,2021-07-23,2.723231158366116,0.015595708270117543,"AMAT, ASML, GOOG"
Nasdaq-100 Top3 PIT membership,3,2021-07-26,2.7577768109597374,0.012685538092310988,"AMAT, ASML, GOOG"
Nasdaq-100 Top3 PIT membership,3,2021-07-27,2.756972690287448,-0.0002915829406838766,"AMAT, ASML, GOOG"
Nasdaq-100 Top3 PIT membership,3,2021-07-28,2.732676063968104,-0.008812791800563935,"AMAT, ASML, GOOG"
Nasdaq-100 Top3 PIT membership,3,2021-07-29,2.730983463225453,-0.000619393116135865,"AMAT, ASML, GOOG"
Nasdaq-100 Top3 PIT membership,3,2021-07-30,2.731478680385553,0.00018133290324466112,"AMAT, ASML, GOOG"
Nasdaq-100 Top3 PIT membership,3,2021-08-02,2.773599150196172,0.015420391201689218,"AMAT, ASML, GOOG"
Nasdaq-100 Top3 PIT membership,3,2021-08-03,2.788826830323658,0.005490223822144369,"NVDA, AMAT, GOOG"
Nasdaq-100 Top3 PIT membership,3,2021-08-04,2.805305717832744,0.0059088959306855164,"NVDA, AMAT, GOOG"
Nasdaq-100 Top3 PIT membership,3,2021-08-05,2.830457345686707,0.00896573506911528,"NVDA, AMAT, GOOG"
Nasdaq-100 Top3 PIT membership,3,2021-08-06,2.8221623362196673,-0.002930625144265231,"NVDA, AMAT, GOOG"
Nasdaq-100 Top3 PIT membership,3,2021-08-09,2.834849780585578,0.004495646548421421,"NVDA, AMAT, GOOG"
Nasdaq-100 Top3 PIT membership,3,2021-08-10,2.833099896689093,-0.0006172757048606608,"NVDA, AMAT, GOOG"
Nasdaq-100 Top3 PIT membership,3,2021-08-11,2.7924505250543623,-0.01434801917229796,"NVDA, AMAT, GOOG"
Nasdaq-100 Top3 PIT membership,3,2021-08-12,2.736831340483261,-0.019917697403078805,"NVDA, AMAT, GOOG"
Nasdaq-100 Top3 PIT membership,3,2021-08-13,2.7228725083495253,-0.005100362571582898,"NVDA, AMAT, GOOG"
Nasdaq-100 Top3 PIT membership,3,2021-08-16,2.7331236993081327,0.0037648442691211224,"NVDA, AMAT, GOOG"
Nasdaq-100 Top3 PIT membership,3,2021-08-17,2.718387432456846,-0.005391730661519841,"NVDA, AMAT, GOOG"
Nasdaq-100 Top3 PIT membership,3,2021-08-18,2.694179723468692,-0.008905172492750838,"NVDA, AMAT, GOOG"
Nasdaq-100 Top3 PIT membership,3,2021-08-19,2.665052246227474,-0.010811259912429743,"NVDA, AMAT, GOOG"
Nasdaq-100 Top3 PIT membership,3,2021-08-20,2.7275731287416365,0.023459533524216626,"NVDA, AMAT, GOOG"
Nasdaq-100 Top3 PIT membership,3,2021-08-23,2.770413019474652,0.015706229938106147,"NVDA, AMAT, GOOG"
Nasdaq-100 Top3 PIT membership,3,2021-08-24,2.8468752915930366,0.027599593122358268,"NVDA, AMAT, GOOG"
Nasdaq-100 Top3 PIT membership,3,2021-08-25,2.8550183839302092,0.002860361450050012,"NVDA, AMAT, GOOG"
Nasdaq-100 Top3 PIT membership,3,2021-08-26,2.8824985752930687,0.009625223962666888,"NVDA, AMAT, GOOG"
Nasdaq-100 Top3 PIT membership,3,2021-08-27,2.880061540011403,-0.0008454593187154913,"NVDA, AMAT, GOOG"
Nasdaq-100 Top3 PIT membership,3,2021-08-30,2.9584395537507753,0.027214006593436164,"NVDA, AMAT, GOOG"
Nasdaq-100 Top3 PIT membership,3,2021-08-31,2.9527944154754064,-0.0019081472420863586,"NVDA, AMAT, GOOG"
Nasdaq-100 Top3 PIT membership,3,2021-09-01,2.9365500257096047,-0.005501361585034928,"NVDA, AMAT, GOOG"
Nasdaq-100 Top3 PIT membership,3,2021-09-02,2.9792706609677153,0.014547899706829273,"NVDA, ASML, DXCM"
Nasdaq-100 Top3 PIT membership,3,2021-09-03,2.948886350366642,-0.010198573429110458,"NVDA, ASML, DXCM"
Nasdaq-100 Top3 PIT membership,3,2021-09-07,3.007713150359148,0.019948818978795968,"NVDA, ASML, DXCM"
Nasdaq-100 Top3 PIT membership,3,2021-09-08,2.9856094269754023,-0.007349013113536528,"NVDA, ASML, DXCM"
Nasdaq-100 Top3 PIT membership,3,2021-09-09,2.966029874145289,-0.006557975284110951,"NVDA, ASML, DXCM"
Nasdaq-100 Top3 PIT membership,3,2021-09-10,3.016484379939099,0.017010788135891408,"NVDA, ASML, DXCM"
Nasdaq-100 Top3 PIT membership,3,2021-09-13,2.999252903983978,-0.005712436659615295,"NVDA, ASML, DXCM"
Nasdaq-100 Top3 PIT membership,3,2021-09-14,3.000050656837643,0.0002659838563814729,"NVDA, ASML, DXCM"
Nasdaq-100 Top3 PIT membership,3,2021-09-15,3.008997455438042,0.0029822158435916326,"NVDA, ASML, DXCM"
Nasdaq-100 Top3 PIT membership,3,2021-09-16,3.0130958347632886,0.0013620414725975154,"NVDA, ASML, DXCM"
Nasdaq-100 Top3 PIT membership,3,2021-09-17,3.023282807443936,0.0033808989953511004,"NVDA, ASML, DXCM"
Nasdaq-100 Top3 PIT membership,3,2021-09-20,2.9302316311688053,-0.03077819119204465,"NVDA, ASML, DXCM"
Nasdaq-100 Top3 PIT membership,3,2021-09-21,2.969291879939266,0.013330089114791461,"NVDA, ASML, DXCM"
Nasdaq-100 Top3 PIT membership,3,2021-09-22,2.962079597287414,-0.0024289571195673654,"NVDA, ASML, DXCM"
Nasdaq-100 Top3 PIT membership,3,2021-09-23,3.0434530048502775,0.027471715357474835,"NVDA, ASML, DXCM"
Nasdaq-100 Top3 PIT membership,3,2021-09-24,3.0244543180899672,-0.006242477452430672,"NVDA, ASML, DXCM"
Nasdaq-100 Top3 PIT membership,3,2021-09-27,2.9557226898009246,-0.022725298867284173,"NVDA, ASML, DXCM"
Nasdaq-100 Top3 PIT membership,3,2021-09-28,2.847953810046906,-0.036461092959054676,"NVDA, ASML, DXCM"
Nasdaq-100 Top3 PIT membership,3,2021-09-29,2.822255031045788,-0.009023594031075518,"NVDA, ASML, DXCM"
Nasdaq-100 Top3 PIT membership,3,2021-09-30,2.786439887009821,-0.012690257840623163,"NVDA, ASML, DXCM"
Nasdaq-100 Top3 PIT membership,3,2021-10-01,2.7854408860756985,-0.00035852233481851493,"NVDA, ASML, DXCM"
Nasdaq-100 Top3 PIT membership,3,2021-10-04,2.759291837406593,-0.009387759330963918,"NVDA, CRWD, DXCM"
Nasdaq-100 Top3 PIT membership,3,2021-10-05,2.685596987912151,-0.026707885152049173,"NVDA, CRWD, DXCM"
Nasdaq-100 Top3 PIT membership,3,2021-10-06,2.720612912990952,0.013038413893226537,"NVDA, CRWD, DXCM"
Nasdaq-100 Top3 PIT membership,3,2021-10-07,2.807309476303948,0.031866555840788235,"NVDA, CRWD, DXCM"
Nasdaq-100 Top3 PIT membership,3,2021-10-08,2.7947450463064762,-0.004475612718699487,"NVDA, CRWD, DXCM"
Nasdaq-100 Top3 PIT membership,3,2021-10-11,2.7187753745966763,-0.027183041905808593,"NVDA, CRWD, DXCM"
Nasdaq-100 Top3 PIT membership,3,2021-10-12,2.7655978004406125,0.017221880954722803,"NVDA, CRWD, DXCM"
Nasdaq-100 Top3 PIT membership,3,2021-10-13,2.8099408828209302,0.01603381459634264,"NVDA, CRWD, DXCM"
Nasdaq-100 Top3 PIT membership,3,2021-10-14,2.8981689118330145,0.031398535660120665,"NVDA, CRWD, DXCM"
Nasdaq-100 Top3 PIT membership,3,2021-10-15,2.948930052130778,0.017514900560319235,"NVDA, CRWD, DXCM"
Nasdaq-100 Top3 PIT membership,3,2021-10-18,2.902204272001016,-0.015844994389066648,"NVDA, CRWD, DXCM"
Nasdaq-100 Top3 PIT membership,3,2021-10-19,2.976636465055884,0.025646779509268743,"NVDA, CRWD, DXCM"
Nasdaq-100 Top3 PIT membership,3,2021-10-20,2.993506313927072,0.005667419945038868,"NVDA, CRWD, DXCM"
Nasdaq-100 Top3 PIT membership,3,2021-10-21,2.983752985150303,-0.003258162086177019,"NVDA, CRWD, DXCM"
Nasdaq-100 Top3 PIT membership,3,2021-10-22,3.0498840452553377,0.022163718120822812,"NVDA, CRWD, DXCM"
Nasdaq-100 Top3 PIT membership,3,2021-10-25,3.0503926514918005,0.0001667624830700154,"NVDA, CRWD, DXCM"
Nasdaq-100 Top3 PIT membership,3,2021-10-26,3.0967241713486073,0.01518870688143988,"NVDA, CRWD, DXCM"
Nasdaq-100 Top3 PIT membership,3,2021-10-27,3.1242925620221196,0.008902436622731602,"NVDA, CRWD, DXCM"
Nasdaq-100 Top3 PIT membership,3,2021-10-28,3.1020651057284354,-0.007114396572162839,"NVDA, CRWD, DXCM"
Nasdaq-100 Top3 PIT membership,3,2021-10-29,3.1520242411052335,0.016105121483279323,"NVDA, CRWD, DXCM"
Nasdaq-100 Top3 PIT membership,3,2021-11-01,3.2444748613599836,0.029330554965000217,"NVDA, CRWD, DXCM"
Nasdaq-100 Top3 PIT membership,3,2021-11-02,3.262794236802003,0.005646329906942174,"DXCM, NVDA, MRVL"
Nasdaq-100 Top3 PIT membership,3,2021-11-03,3.337197453540443,0.022803527080937174,"DXCM, NVDA, MRVL"
Nasdaq-100 Top3 PIT membership,3,2021-11-04,3.3156478580312485,-0.0064573930099140284,"DXCM, NVDA, MRVL"
Nasdaq-100 Top3 PIT membership,3,2021-11-05,3.494466216593803,0.05393164962600479,"DXCM, NVDA, MRVL"
Nasdaq-100 Top3 PIT membership,3,2021-11-08,3.5034304488279107,0.0025652651015883876,"DXCM, NVDA, MRVL"
Nasdaq-100 Top3 PIT membership,3,2021-11-09,3.605759080533955,0.02920812420873919,"DXCM, NVDA, MRVL"
Nasdaq-100 Top3 PIT membership,3,2021-11-10,3.4636360396981964,-0.039415567613217434,"DXCM, NVDA, MRVL"
Nasdaq-100 Top3 PIT membership,3,2021-11-11,3.4839893546434184,0.005876285704370857,"DXCM, NVDA, MRVL"
Nasdaq-100 Top3 PIT membership,3,2021-11-12,3.5355237497365475,0.014791777427346164,"DXCM, NVDA, MRVL"
Nasdaq-100 Top3 PIT membership,3,2021-11-15,3.5711465298259975,0.010075672689825416,"DXCM, NVDA, MRVL"
Nasdaq-100 Top3 PIT membership,3,2021-11-16,3.5149657826043144,-0.01573185159232889,"DXCM, NVDA, MRVL"
Nasdaq-100 Top3 PIT membership,3,2021-11-17,3.5662965487948215,0.01460348958289866,"DXCM, NVDA, MRVL"
Nasdaq-100 Top3 PIT membership,3,2021-11-18,3.6735479589274505,0.030073609601779586,"DXCM, NVDA, MRVL"
Nasdaq-100 Top3 PIT membership,3,2021-11-19,3.6694757461466994,-0.0011085231025376174,"DXCM, NVDA, MRVL"
Nasdaq-100 Top3 PIT membership,3,2021-11-22,3.6893757830411116,0.0054231280627238245,"DXCM, NVDA, MRVL"
Nasdaq-100 Top3 PIT membership,3,2021-11-23,3.531939306183119,-0.042672930630075115,"DXCM, NVDA, MRVL"
Nasdaq-100 Top3 PIT membership,3,2021-11-24,3.4773256093202893,-0.0154628072932117,"DXCM, NVDA, MRVL"
Nasdaq-100 Top3 PIT membership,3,2021-11-26,3.5366029387584086,0.0170468158861045,"DXCM, NVDA, MRVL"
Nasdaq-100 Top3 PIT membership,3,2021-11-29,3.5290082353333094,-0.0021474571945488225,"DXCM, NVDA, MRVL"
Nasdaq-100 Top3 PIT membership,3,2021-11-30,3.5422801758746836,0.003760813139649857,"DXCM, NVDA, MRVL"
Nasdaq-100 Top3 PIT membership,3,2021-12-01,3.501756041230457,-0.011440126876530881,"DXCM, NVDA, MRVL"
Nasdaq-100 Top3 PIT membership,3,2021-12-02,3.3300449383555706,-0.04903571261193577,"TSLA, DXCM, NVDA"
Nasdaq-100 Top3 PIT membership,3,2021-12-03,3.3693952170315438,0.011816741036355289,"TSLA, DXCM, NVDA"
Nasdaq-100 Top3 PIT membership,3,2021-12-06,3.1217273153864027,-0.0735051502397922,"TSLA, DXCM, NVDA"
Nasdaq-100 Top3 PIT membership,3,2021-12-07,3.245165207098326,0.03954153557984437,"TSLA, DXCM, NVDA"
Nasdaq-100 Top3 PIT membership,3,2021-12-08,3.334060024305567,0.027393002061280772,"TSLA, DXCM, NVDA"
Nasdaq-100 Top3 PIT membership,3,2021-12-09,3.342575670947116,0.0025541371719374206,"TSLA, DXCM, NVDA"
Nasdaq-100 Top3 PIT membership,3,2021-12-10,3.2599845947205695,-0.02470881271123019,"TSLA, DXCM, NVDA"
Nasdaq-100 Top3 PIT membership,3,2021-12-13,3.2262302013545963,-0.010354157323515299,"TSLA, DXCM, NVDA"
Nasdaq-100 Top3 PIT membership,3,2021-12-14,3.043319548858959,-0.056694854700336896,"TSLA, DXCM, NVDA"
Nasdaq-100 Top3 PIT membership,3,2021-12-15,3.06154604927408,0.005989019596037665,"TSLA, DXCM, NVDA"
Nasdaq-100 Top3 PIT membership,3,2021-12-16,3.208147604406724,0.04788481139044264,"TSLA, DXCM, NVDA"
Nasdaq-100 Top3 PIT membership,3,2021-12-17,2.9959416749784364,-0.06614593703132632,"TSLA, DXCM, NVDA"
Nasdaq-100 Top3 PIT membership,3,2021-12-20,3.003136262029625,0.0024014442975563623,"TSLA, DXCM, NVDA"
Nasdaq-100 Top3 PIT membership,3,2021-12-21,3.047890843789375,0.014902614418668728,"TSLA, DXCM, NVDA"
Nasdaq-100 Top3 PIT membership,3,2021-12-22,3.1464523184827224,0.03233759991575298,"TSLA, DXCM, NVDA"
Nasdaq-100 Top3 PIT membership,3,2021-12-23,3.2434304646844554,0.03082142565201732,"TSLA, DXCM, NVDA"
Nasdaq-100 Top3 PIT membership,3,2021-12-27,3.310451234973455,0.020663544669368965,"TSLA, DXCM, NVDA"
Nasdaq-100 Top3 PIT membership,3,2021-12-28,3.4024060790721777,0.027777132956154173,"TSLA, DXCM, NVDA"
Nasdaq-100 Top3 PIT membership,3,2021-12-29,3.284124212500482,-0.034764182705654845,"TSLA, DXCM, NVDA"
Nasdaq-100 Top3 PIT membership,3,2021-12-30,3.224120695225992,-0.018270781916864223,"TSLA, DXCM, NVDA"
Nasdaq-100 Top3 PIT membership,3,2021-12-31,3.2539706056913236,0.009258310493627353,"TSLA, DXCM, NVDA"
Nasdaq-100 Top3 PIT membership,3,2022-01-03,3.309593684482434,0.017093909420639375,"TSLA, DXCM, NVDA"
Nasdaq-100 Top3 PIT membership,3,2022-01-04,3.2998992035489065,-0.002929205775011396,"TSLA, AMD, DDOG"
Nasdaq-100 Top3 PIT membership,3,2022-01-05,3.1266098397179567,-0.05251353242686451,"TSLA, AMD, DDOG"
Nasdaq-100 Top3 PIT membership,3,2022-01-06,2.9687022214604037,-0.050504420555331435,"TSLA, AMD, DDOG"
Nasdaq-100 Top3 PIT membership,3,2022-01-07,2.960980317397234,-0.002601104282992391,"TSLA, AMD, DDOG"
Nasdaq-100 Top3 PIT membership,3,2022-01-10,2.806487154040981,-0.0521763560698221,"TSLA, AMD, DDOG"
Nasdaq-100 Top3 PIT membership,3,2022-01-11,2.921963337987579,0.04114616515537121,"TSLA, AMD, DDOG"
Nasdaq-100 Top3 PIT membership,3,2022-01-12,3.020287078581371,0.03364988852375853,"TSLA, AMD, DDOG"
Nasdaq-100 Top3 PIT membership,3,2022-01-13,3.023665624039141,0.0011186173267201394,"TSLA, AMD, DDOG"
Nasdaq-100 Top3 PIT membership,3,2022-01-14,2.81453510203207,-0.0691645664601317,"TSLA, AMD, DDOG"
Nasdaq-100 Top3 PIT membership,3,2022-01-18,2.824319553401407,0.003476400547384368,"TSLA, AMD, DDOG"
Nasdaq-100 Top3 PIT membership,3,2022-01-19,2.83325196138074,0.0031626761102777987,"TSLA, AMD, DDOG"
Nasdaq-100 Top3 PIT membership,3,2022-01-20,2.748846557690075,-0.02979099806200491,"TSLA, AMD, DDOG"
Nasdaq-100 Top3 PIT membership,3,2022-01-21,2.6619465733431746,-0.0316132539678476,"TSLA, AMD, DDOG"
Nasdaq-100 Top3 PIT membership,3,2022-01-24,2.500308226988081,-0.06072185969986976,"TSLA, AMD, DDOG"
Nasdaq-100 Top3 PIT membership,3,2022-01-25,2.5848106192115927,0.0337967900562824,"TSLA, AMD, DDOG"
Nasdaq-100 Top3 PIT membership,3,2022-01-26,2.613644879948288,0.011155270147214957,"TSLA, AMD, DDOG"
Nasdaq-100 Top3 PIT membership,3,2022-01-27,2.568220414714087,-0.01737973876355366,"TSLA, AMD, DDOG"
Nasdaq-100 Top3 PIT membership,3,2022-01-28,2.388927241086529,-0.06981222195740455,"TSLA, AMD, DDOG"
Nasdaq-100 Top3 PIT membership,3,2022-01-31,2.518999243087369,0.05444787089525597,"TSLA, AMD, DDOG"
Nasdaq-100 Top3 PIT membership,3,2022-02-01,2.714759015501542,0.07771331132844775,"TSLA, AMD, DDOG"
Nasdaq-100 Top3 PIT membership,3,2022-02-02,2.7229165560643085,0.0030048857066818915,"DDOG, TSLA, NVDA"
Nasdaq-100 Top3 PIT membership,3,2022-02-03,2.580112519415924,-0.05244524894835301,"DDOG, TSLA, NVDA"
Nasdaq-100 Top3 PIT membership,3,2022-02-04,2.6012159716947436,0.008179275950181048,"DDOG, TSLA, NVDA"
Nasdaq-100 Top3 PIT membership,3,2022-02-07,2.6956983224981914,0.03632237839209125,"DDOG, TSLA, NVDA"
Nasdaq-100 Top3 PIT membership,3,2022-02-08,2.668516762824076,-0.010083309192003953,"DDOG, TSLA, NVDA"
Nasdaq-100 Top3 PIT membership,3,2022-02-09,2.765464077252522,0.0363300376370308,"DDOG, TSLA, NVDA"
Nasdaq-100 Top3 PIT membership,3,2022-02-10,2.8577830494796905,0.03338281375142186,"DDOG, TSLA, NVDA"
Nasdaq-100 Top3 PIT membership,3,2022-02-11,2.890065942315915,0.011296481320407576,"DDOG, TSLA, NVDA"
Nasdaq-100 Top3 PIT membership,3,2022-02-14,2.6998012569258205,-0.06583402911479182,"DDOG, TSLA, NVDA"
Nasdaq-100 Top3 PIT membership,3,2022-02-15,2.804438949809528,0.038757553955232796,"DDOG, TSLA, NVDA"
Nasdaq-100 Top3 PIT membership,3,2022-02-16,2.849387259387693,0.016027558589292203,"DDOG, TSLA, NVDA"
Nasdaq-100 Top3 PIT membership,3,2022-02-17,2.8517641598639227,0.0008341795129456209,"DDOG, TSLA, NVDA"
Nasdaq-100 Top3 PIT membership,3,2022-02-18,2.771694314869114,-0.02807730250689085,"DDOG, TSLA, NVDA"
Nasdaq-100 Top3 PIT membership,3,2022-02-22,2.6201990566851907,-0.054657996508203424,"DDOG, TSLA, NVDA"
Nasdaq-100 Top3 PIT membership,3,2022-02-23,2.621223962048039,0.00039115553462769,"DDOG, TSLA, NVDA"
Nasdaq-100 Top3 PIT membership,3,2022-02-24,2.311193075788265,-0.11827714485622882,"DDOG, TSLA, NVDA"
Nasdaq-100 Top3 PIT membership,3,2022-02-25,2.6141999518422345,0.13110409477608212,"DDOG, TSLA, NVDA"
Nasdaq-100 Top3 PIT membership,3,2022-02-28,2.644917255789979,0.01175017386336415,"DDOG, TSLA, NVDA"
Nasdaq-100 Top3 PIT membership,3,2022-03-01,2.7049276196258254,0.02268893807716591,"DDOG, TSLA, NVDA"
Nasdaq-100 Top3 PIT membership,3,2022-03-02,2.698308811288221,-0.0024469447128940836,"TSLA, PCAR, EXC"
Nasdaq-100 Top3 PIT membership,3,2022-03-03,2.7362578716134225,0.014064016752435366,"TSLA, PCAR, EXC"
Nasdaq-100 Top3 PIT membership,3,2022-03-04,2.6971493499285435,-0.014292703217266204,"TSLA, PCAR, EXC"
Nasdaq-100 Top3 PIT membership,3,2022-03-07,2.7006783468422637,0.001308417316161381,"TSLA, PCAR, EXC"
Nasdaq-100 Top3 PIT membership,3,2022-03-08,2.5957749715773666,-0.038843342965131034,"TSLA, PCAR, EXC"
Nasdaq-100 Top3 PIT membership,3,2022-03-09,2.648872287852664,0.020455284782652718,"TSLA, PCAR, EXC"
Nasdaq-100 Top3 PIT membership,3,2022-03-10,2.659109718007817,0.0038648258740523094,"TSLA, PCAR, EXC"
Nasdaq-100 Top3 PIT membership,3,2022-03-11,2.6763570814041726,0.006486142064599483,"TSLA, PCAR, EXC"
Nasdaq-100 Top3 PIT membership,3,2022-03-14,2.6008576665548735,-0.02820976893325751,"TSLA, PCAR, EXC"
Nasdaq-100 Top3 PIT membership,3,2022-03-15,2.6109157042442734,0.003867200354228938,"TSLA, PCAR, EXC"
Nasdaq-100 Top3 PIT membership,3,2022-03-16,2.649374891257633,0.014730152701154074,"TSLA, PCAR, EXC"
Nasdaq-100 Top3 PIT membership,3,2022-03-17,2.6761375707088497,0.010101507166663323,"TSLA, PCAR, EXC"
Nasdaq-100 Top3 PIT membership,3,2022-03-18,2.72506578631318,0.018283146628882124,"TSLA, PCAR, EXC"
Nasdaq-100 Top3 PIT membership,3,2022-03-21,2.7590931812029624,0.012486815936953593,"TSLA, PCAR, EXC"
Nasdaq-100 Top3 PIT membership,3,2022-03-22,2.7904186903195187,0.011353552438884362,"TSLA, PCAR, EXC"
Nasdaq-100 Top3 PIT membership,3,2022-03-23,2.8306009939725634,0.014400098376793532,"TSLA, PCAR, EXC"
Nasdaq-100 Top3 PIT membership,3,2022-03-24,2.856491332618285,0.009146587138509391,"TSLA, PCAR, EXC"
Nasdaq-100 Top3 PIT membership,3,2022-03-25,2.8781728813477416,0.007590272892438076,"TSLA, PCAR, EXC"
Nasdaq-100 Top3 PIT membership,3,2022-03-28,2.9539838302384647,0.026339956637776257,"TSLA, PCAR, EXC"
Nasdaq-100 Top3 PIT membership,3,2022-03-29,3.0102541111871686,0.01904894684009199,"TSLA, PCAR, EXC"
Nasdaq-100 Top3 PIT membership,3,2022-03-30,3.033608140369184,0.00775815871996451,"TSLA, PCAR, EXC"
Nasdaq-100 Top3 PIT membership,3,2022-03-31,3.031993988542418,-0.0005320897598097103,"TSLA, PCAR, EXC"
Nasdaq-100 Top3 PIT membership,3,2022-04-01,3.0121402177031205,-0.0065480904363011865,"TSLA, PCAR, EXC"
Nasdaq-100 Top3 PIT membership,3,2022-04-04,2.985106674625267,-0.00897486209937063,"QCOM, MU, VRTX"
Nasdaq-100 Top3 PIT membership,3,2022-04-05,3.014236280722986,0.009758313277489881,"QCOM, MU, VRTX"
Nasdaq-100 Top3 PIT membership,3,2022-04-06,2.9044928653329425,-0.03640836522733407,"QCOM, MU, VRTX"
Nasdaq-100 Top3 PIT membership,3,2022-04-07,2.9103751511547444,0.0020252367950394463,"QCOM, MU, VRTX"
Nasdaq-100 Top3 PIT membership,3,2022-04-08,2.894792222166659,-0.005354268154022179,"QCOM, MU, VRTX"
Nasdaq-100 Top3 PIT membership,3,2022-04-11,2.858401840077292,-0.012570982404440064,"QCOM, MU, VRTX"
Nasdaq-100 Top3 PIT membership,3,2022-04-12,2.918120101439066,0.02089218545988595,"QCOM, MU, VRTX"
Nasdaq-100 Top3 PIT membership,3,2022-04-13,2.911909631487578,-0.00212824343604819,"QCOM, MU, VRTX"
Nasdaq-100 Top3 PIT membership,3,2022-04-14,2.9660081614759197,0.018578368436765375,"QCOM, MU, VRTX"
Nasdaq-100 Top3 PIT membership,3,2022-04-18,2.8908340606503318,-0.025345210374667488,"QCOM, MU, VRTX"
Nasdaq-100 Top3 PIT membership,3,2022-04-19,2.9077044686278573,0.0058358271777558075,"QCOM, MU, VRTX"
Nasdaq-100 Top3 PIT membership,3,2022-04-20,2.9818341321365276,0.02549422209460365,"QCOM, MU, VRTX"
Nasdaq-100 Top3 PIT membership,3,2022-04-21,2.98375329058624,0.0006436167689639987,"QCOM, MU, VRTX"
Nasdaq-100 Top3 PIT membership,3,2022-04-22,2.8767389325902544,-0.035865685790315384,"QCOM, MU, VRTX"
Nasdaq-100 Top3 PIT membership,3,2022-04-25,2.77656292881663,-0.03482276498529006,"QCOM, MU, VRTX"
Nasdaq-100 Top3 PIT membership,3,2022-04-26,2.809960068803707,0.012028230889515804,"QCOM, MU, VRTX"
Nasdaq-100 Top3 PIT membership,3,2022-04-27,2.7329927356761647,-0.027390899245166023,"QCOM, MU, VRTX"
Nasdaq-100 Top3 PIT membership,3,2022-04-28,2.842070838978811,0.039911596499600334,"QCOM, MU, VRTX"
Nasdaq-100 Top3 PIT membership,3,2022-04-29,2.9045524179319626,0.02198452554250981,"QCOM, MU, VRTX"
Nasdaq-100 Top3 PIT membership,3,2022-05-02,2.8185879156976203,-0.029596471285427486,"QCOM, MU, VRTX"
Nasdaq-100 Top3 PIT membership,3,2022-05-03,2.848989010063605,0.010785930854479172,"VRTX, EXC, PANW"
Nasdaq-100 Top3 PIT membership,3,2022-05-04,2.8460132265137346,-0.0010445050996543328,"VRTX, EXC, PANW"
Nasdaq-100 Top3 PIT membership,3,2022-05-05,2.8505444863735314,0.0015921429379115084,"VRTX, EXC, PANW"
Nasdaq-100 Top3 PIT membership,3,2022-05-06,2.7245864634864443,-0.04418735560493954,"VRTX, EXC, PANW"
Nasdaq-100 Top3 PIT membership,3,2022-05-09,2.6623934072744406,-0.02282660398026792,"VRTX, EXC, PANW"
Nasdaq-100 Top3 PIT membership,3,2022-05-10,2.6022204803284983,-0.02260106518500693,"VRTX, EXC, PANW"
Nasdaq-100 Top3 PIT membership,3,2022-05-11,2.574738705984975,-0.010560893879389558,"VRTX, EXC, PANW"
Nasdaq-100 Top3 PIT membership,3,2022-05-12,2.564975186456266,-0.003792042860898329,"VRTX, EXC, PANW"
Nasdaq-100 Top3 PIT membership,3,2022-05-13,2.6144442849199208,0.019286384805928886,"VRTX, EXC, PANW"
Nasdaq-100 Top3 PIT membership,3,2022-05-16,2.6488040113925133,0.013142267620992612,"VRTX, EXC, PANW"
Nasdaq-100 Top3 PIT membership,3,2022-05-17,2.670623999445143,0.008237675554243262,"VRTX, EXC, PANW"
Nasdaq-100 Top3 PIT membership,3,2022-05-18,2.6689934047432375,-0.0006105669320145921,"VRTX, EXC, PANW"
Nasdaq-100 Top3 PIT membership,3,2022-05-19,2.556913180415556,-0.04199344371870557,"VRTX, EXC, PANW"
Nasdaq-100 Top3 PIT membership,3,2022-05-20,2.6970639875393094,0.05481250133842093,"VRTX, EXC, PANW"
Nasdaq-100 Top3 PIT membership,3,2022-05-23,2.7092635367387197,0.004523270213748469,"VRTX, EXC, PANW"
Nasdaq-100 Top3 PIT membership,3,2022-05-24,2.74521891497416,0.013271273815880447,"VRTX, EXC, PANW"
Nasdaq-100 Top3 PIT membership,3,2022-05-25,2.745086626331053,-4.8188740936261354e-05,"VRTX, EXC, PANW"
Nasdaq-100 Top3 PIT membership,3,2022-05-26,2.810266014759367,0.023744018787279497,"VRTX, EXC, PANW"
Nasdaq-100 Top3 PIT membership,3,2022-05-27,2.8253459413429765,0.005366013930500142,"VRTX, EXC, PANW"
Nasdaq-100 Top3 PIT membership,3,2022-05-31,2.830373664852558,0.0017795072228188324,"VRTX, EXC, PANW"
Nasdaq-100 Top3 PIT membership,3,2022-06-01,2.8405079898778363,0.0035805608111484735,"VRTX, EXC, PANW"
Nasdaq-100 Top3 PIT membership,3,2022-06-02,2.7944343839924786,-0.016220199362065275,"VRTX, KHC, EXC"
Nasdaq-100 Top3 PIT membership,3,2022-06-03,2.7662965664664605,-0.010069235365554263,"VRTX, KHC, EXC"
Nasdaq-100 Top3 PIT membership,3,2022-06-06,2.781016257634998,0.005321082109189579,"VRTX, KHC, EXC"
Nasdaq-100 Top3 PIT membership,3,2022-06-07,2.7625830186533835,-0.0066282384833270536,"VRTX, KHC, EXC"
Nasdaq-100 Top3 PIT membership,3,2022-06-08,2.79675810995244,0.012370702009062207,"VRTX, KHC, EXC"
Nasdaq-100 Top3 PIT membership,3,2022-06-09,2.7919203716839682,-0.0017297664217926405,"VRTX, KHC, EXC"
Nasdaq-100 Top3 PIT membership,3,2022-06-10,2.6867861992426483,-0.037656579860802945,"VRTX, KHC, EXC"
Nasdaq-100 Top3 PIT membership,3,2022-06-13,2.652853960536488,-0.012629303632616901,"VRTX, KHC, EXC"
Nasdaq-100 Top3 PIT membership,3,2022-06-14,2.590336097250821,-0.023566266449520014,"VRTX, KHC, EXC"
Nasdaq-100 Top3 PIT membership,3,2022-06-15,2.5881030400221148,-0.0008620723894000228,"VRTX, KHC, EXC"
Nasdaq-100 Top3 PIT membership,3,2022-06-16,2.5370196263232354,-0.019737782039173646,"VRTX, KHC, EXC"
Nasdaq-100 Top3 PIT membership,3,2022-06-17,2.5492926753664022,0.004837585376094836,"VRTX, KHC, EXC"
Nasdaq-100 Top3 PIT membership,3,2022-06-21,2.5970466201596145,0.018732233162027323,"VRTX, KHC, EXC"
Nasdaq-100 Top3 PIT membership,3,2022-06-22,2.633254198729555,0.013941828494289894,"VRTX, KHC, EXC"
Nasdaq-100 Top3 PIT membership,3,2022-06-23,2.672146922678304,0.014769832691243063,"VRTX, KHC, EXC"
Nasdaq-100 Top3 PIT membership,3,2022-06-24,2.7361725903748906,0.023960384495779714,"VRTX, KHC, EXC"
Nasdaq-100 Top3 PIT membership,3,2022-06-27,2.7766151657220965,0.014780710650151258,"VRTX, KHC, EXC"
Nasdaq-100 Top3 PIT membership,3,2022-06-28,2.7956672840087617,0.0068616344540171435,"VRTX, KHC, EXC"
Nasdaq-100 Top3 PIT membership,3,2022-06-29,2.735458588212018,-0.021536431084320202,"VRTX, KHC, EXC"
Nasdaq-100 Top3 PIT membership,3,2022-06-30,2.7416827039424283,0.002275346355902467,"VRTX, KHC, EXC"
Nasdaq-100 Top3 PIT membership,3,2022-07-01,2.781932167125938,0.014680569391064989,"VRTX, KHC, EXC"
Nasdaq-100 Top3 PIT membership,3,2022-07-05,2.8297420854106314,0.017185867739574274,"EXC, VRTX, AEP"
Nasdaq-100 Top3 PIT membership,3,2022-07-06,2.7713861668061672,-0.020622345373923413,"EXC, VRTX, AEP"
Nasdaq-100 Top3 PIT membership,3,2022-07-07,2.7991077568912086,0.010002788646732874,"EXC, VRTX, AEP"
Nasdaq-100 Top3 PIT membership,3,2022-07-08,2.7949088592428333,-0.0015000843172393583,"EXC, VRTX, AEP"
Nasdaq-100 Top3 PIT membership,3,2022-07-11,2.790864858291762,-0.001446916931726642,"EXC, VRTX, AEP"
Nasdaq-100 Top3 PIT membership,3,2022-07-12,2.7970595681195745,0.0022196380485454137,"EXC, VRTX, AEP"
Nasdaq-100 Top3 PIT membership,3,2022-07-13,2.7550091817599487,-0.01503378291935912,"EXC, VRTX, AEP"
Nasdaq-100 Top3 PIT membership,3,2022-07-14,2.718070192359405,-0.013407936948125402,"EXC, VRTX, AEP"
Nasdaq-100 Top3 PIT membership,3,2022-07-15,2.7693540407115185,0.018867742450608738,"EXC, VRTX, AEP"
Nasdaq-100 Top3 PIT membership,3,2022-07-18,2.7959414562458913,0.009600583798069348,"EXC, VRTX, AEP"
Nasdaq-100 Top3 PIT membership,3,2022-07-19,2.7784521426481628,-0.00625525028739741,"EXC, VRTX, AEP"
Nasdaq-100 Top3 PIT membership,3,2022-07-20,2.763374811195697,-0.005426521918817465,"EXC, VRTX, AEP"
Nasdaq-100 Top3 PIT membership,3,2022-07-21,2.7250335753233803,-0.013874786625751588,"EXC, VRTX, AEP"
Nasdaq-100 Top3 PIT membership,3,2022-07-22,2.7382252942067153,0.004840938109090845,"EXC, VRTX, AEP"
Nasdaq-100 Top3 PIT membership,3,2022-07-25,2.7526236335259506,0.005258274163816376,"EXC, VRTX, AEP"
Nasdaq-100 Top3 PIT membership,3,2022-07-26,2.782262618716752,0.010767540040639512,"EXC, VRTX, AEP"
Nasdaq-100 Top3 PIT membership,3,2022-07-27,2.778721269016895,-0.0012728308521393248,"EXC, VRTX, AEP"
Nasdaq-100 Top3 PIT membership,3,2022-07-28,2.81519225304044,0.013125096219689526,"EXC, VRTX, AEP"
Nasdaq-100 Top3 PIT membership,3,2022-07-29,2.8196999768841757,0.0016012135010912516,"EXC, VRTX, AEP"
Nasdaq-100 Top3 PIT membership,3,2022-08-01,2.829745082404337,0.003562473171795255,"EXC, VRTX, AEP"
Nasdaq-100 Top3 PIT membership,3,2022-08-02,2.7946445554232175,-0.012404130393009027,"TMUS, CEG, PDD"
Nasdaq-100 Top3 PIT membership,3,2022-08-03,2.871884617273681,0.027638599585257974,"TMUS, CEG, PDD"
Nasdaq-100 Top3 PIT membership,3,2022-08-04,2.937006767377993,0.022675754350511758,"TMUS, CEG, PDD"
Nasdaq-100 Top3 PIT membership,3,2022-08-05,2.927467234373053,-0.0032480459735052154,"TMUS, CEG, PDD"
Nasdaq-100 Top3 PIT membership,3,2022-08-08,3.040141243641207,0.0384885637472504,"TMUS, CEG, PDD"
Nasdaq-100 Top3 PIT membership,3,2022-08-09,2.99784916772202,-0.013911220739380298,"TMUS, CEG, PDD"
Nasdaq-100 Top3 PIT membership,3,2022-08-10,2.9997935995145997,0.0006486089472131917,"TMUS, CEG, PDD"
Nasdaq-100 Top3 PIT membership,3,2022-08-11,3.0307855405377615,0.01033135780680931,"TMUS, CEG, PDD"
Nasdaq-100 Top3 PIT membership,3,2022-08-12,3.0322432382125504,0.0004809636496187694,"TMUS, CEG, PDD"
Nasdaq-100 Top3 PIT membership,3,2022-08-15,3.061570139712777,0.009671685018750226,"TMUS, CEG, PDD"
Nasdaq-100 Top3 PIT membership,3,2022-08-16,3.1165106687246724,0.01794521324180724,"TMUS, CEG, PDD"
Nasdaq-100 Top3 PIT membership,3,2022-08-17,3.109170296590929,-0.002355317505377615,"TMUS, CEG, PDD"
Nasdaq-100 Top3 PIT membership,3,2022-08-18,3.0384535094383316,-0.02274458469841141,"TMUS, CEG, PDD"
Nasdaq-100 Top3 PIT membership,3,2022-08-19,3.0337551282675537,-0.001546306749859264,"TMUS, CEG, PDD"
Nasdaq-100 Top3 PIT membership,3,2022-08-22,3.0281842291948347,-0.0018363047896684153,"TMUS, CEG, PDD"
Nasdaq-100 Top3 PIT membership,3,2022-08-23,3.0645611564498743,0.01201278538614925,"TMUS, CEG, PDD"
Nasdaq-100 Top3 PIT membership,3,2022-08-24,3.065328319982997,0.000250333895771079,"TMUS, CEG, PDD"
Nasdaq-100 Top3 PIT membership,3,2022-08-25,3.249211751673712,0.059988168475126,"TMUS, CEG, PDD"
Nasdaq-100 Top3 PIT membership,3,2022-08-26,3.4235120290380223,0.053643865246555844,"TMUS, CEG, PDD"
Nasdaq-100 Top3 PIT membership,3,2022-08-29,3.376131182064974,-0.013839836568753575,"TMUS, CEG, PDD"
Nasdaq-100 Top3 PIT membership,3,2022-08-30,3.463482063758269,0.0258730709746496,"TMUS, CEG, PDD"
Nasdaq-100 Top3 PIT membership,3,2022-08-31,3.4767016605161,0.0038168515137295316,"TMUS, CEG, PDD"
Nasdaq-100 Top3 PIT membership,3,2022-09-01,3.4836711538809535,0.002004627962187218,"TMUS, CEG, PDD"
Nasdaq-100 Top3 PIT membership,3,2022-09-02,3.543597661514632,0.017202113800815523,"CEG, ADP, VRTX"
Nasdaq-100 Top3 PIT membership,3,2022-09-06,3.463114178992524,-0.022712364723625957,"CEG, ADP, VRTX"
Nasdaq-100 Top3 PIT membership,3,2022-09-07,3.462021214359842,-0.0003156016741555263,"CEG, ADP, VRTX"
Nasdaq-100 Top3 PIT membership,3,2022-09-08,3.489042860711582,0.007805164867176121,"CEG, ADP, VRTX"
Nasdaq-100 Top3 PIT membership,3,2022-09-09,3.5871834856414035,0.028128237126271806,"CEG, ADP, VRTX"
Nasdaq-100 Top3 PIT membership,3,2022-09-12,3.6477204824884426,0.01687591311940236,"CEG, ADP, VRTX"
Nasdaq-100 Top3 PIT membership,3,2022-09-13,3.5878484217645306,-0.0164135549890236,"CEG, ADP, VRTX"
Nasdaq-100 Top3 PIT membership,3,2022-09-14,3.526431486849655,-0.017118040590095546,"CEG, ADP, VRTX"
Nasdaq-100 Top3 PIT membership,3,2022-09-15,3.5476939047390315,0.006029443069761978,"CEG, ADP, VRTX"
Nasdaq-100 Top3 PIT membership,3,2022-09-16,3.5224814217188123,-0.007106724451774219,"CEG, ADP, VRTX"
Nasdaq-100 Top3 PIT membership,3,2022-09-19,3.4941030027856117,-0.008056371499428209,"CEG, ADP, VRTX"
Nasdaq-100 Top3 PIT membership,3,2022-09-20,3.553817638095803,0.01709011876941946,"CEG, ADP, VRTX"
Nasdaq-100 Top3 PIT membership,3,2022-09-21,3.575332287156009,0.00605395415610969,"CEG, ADP, VRTX"
Nasdaq-100 Top3 PIT membership,3,2022-09-22,3.5000813522573058,-0.02104725627014699,"CEG, ADP, VRTX"
Nasdaq-100 Top3 PIT membership,3,2022-09-23,3.4667143787996846,-0.009533199402951643,"CEG, ADP, VRTX"
Nasdaq-100 Top3 PIT membership,3,2022-09-26,3.4613664200096346,-0.0015426591884104186,"CEG, ADP, VRTX"
Nasdaq-100 Top3 PIT membership,3,2022-09-27,3.4525447245113567,-0.0025486164791109394,"CEG, ADP, VRTX"
Nasdaq-100 Top3 PIT membership,3,2022-09-28,3.4908659525723333,0.011099415393206838,"CEG, ADP, VRTX"
Nasdaq-100 Top3 PIT membership,3,2022-09-29,3.5244811900347184,0.009629483892847382,"CEG, ADP, VRTX"
Nasdaq-100 Top3 PIT membership,3,2022-09-30,3.4867677763284473,-0.010700415656325216,"CEG, ADP, VRTX"
Nasdaq-100 Top3 PIT membership,3,2022-10-03,3.5171254538885046,0.008706538406760167,"CEG, ADP, VRTX"
Nasdaq-100 Top3 PIT membership,3,2022-10-04,3.631844518646745,0.03261727972523931,"PDD, CEG, TMUS"
Nasdaq-100 Top3 PIT membership,3,2022-10-05,3.6652992847664745,0.009211508352839754,"PDD, CEG, TMUS"
Nasdaq-100 Top3 PIT membership,3,2022-10-06,3.669608177110824,0.0011755908616406148,"PDD, CEG, TMUS"
Nasdaq-100 Top3 PIT membership,3,2022-10-07,3.5796933161764484,-0.02450257809409173,"PDD, CEG, TMUS"
Nasdaq-100 Top3 PIT membership,3,2022-10-10,3.511257420141112,-0.019117809820768123,"PDD, CEG, TMUS"
Nasdaq-100 Top3 PIT membership,3,2022-10-11,3.42312254379196,-0.02510065933747755,"PDD, CEG, TMUS"
Nasdaq-100 Top3 PIT membership,3,2022-10-12,3.3729022548233583,-0.014670900128796053,"PDD, CEG, TMUS"
Nasdaq-100 Top3 PIT membership,3,2022-10-13,3.2370984630626265,-0.04026318627126764,"PDD, CEG, TMUS"
Nasdaq-100 Top3 PIT membership,3,2022-10-14,3.379099780968518,0.04386685160374881,"PDD, CEG, TMUS"
Nasdaq-100 Top3 PIT membership,3,2022-10-17,3.318518083196118,-0.017928354206526644,"PDD, CEG, TMUS"
Nasdaq-100 Top3 PIT membership,3,2022-10-18,3.453707149531289,0.04073778202979346,"PDD, CEG, TMUS"
Nasdaq-100 Top3 PIT membership,3,2022-10-19,3.380814042339296,-0.021105757968473287,"PDD, CEG, TMUS"
Nasdaq-100 Top3 PIT membership,3,2022-10-20,3.3966130726355637,0.004673143834120874,"PDD, CEG, TMUS"
Nasdaq-100 Top3 PIT membership,3,2022-10-21,3.3646831256711076,-0.009400525253139908,"PDD, CEG, TMUS"
Nasdaq-100 Top3 PIT membership,3,2022-10-24,3.2796801259032744,-0.025263300166157222,"PDD, CEG, TMUS"
Nasdaq-100 Top3 PIT membership,3,2022-10-25,3.267018341421134,-0.003860676650181933,"PDD, CEG, TMUS"
Nasdaq-100 Top3 PIT membership,3,2022-10-26,3.342128303075839,0.022990370363832405,"PDD, CEG, TMUS"
Nasdaq-100 Top3 PIT membership,3,2022-10-27,3.4169122045879994,0.022376131234499663,"PDD, CEG, TMUS"
Nasdaq-100 Top3 PIT membership,3,2022-10-28,3.475472014370058,0.01713822488720329,"PDD, CEG, TMUS"
Nasdaq-100 Top3 PIT membership,3,2022-10-31,3.56318909122771,0.02523889603914749,"PDD, CEG, TMUS"
Nasdaq-100 Top3 PIT membership,3,2022-11-01,3.7677243459655743,0.05740230156221967,"PDD, CEG, TMUS"
Nasdaq-100 Top3 PIT membership,3,2022-11-02,3.600332757947695,-0.04442776929716733,"CEG, PDD, NFLX"
Nasdaq-100 Top3 PIT membership,3,2022-11-03,3.465348099104465,-0.037492273053165194,"CEG, PDD, NFLX"
Nasdaq-100 Top3 PIT membership,3,2022-11-04,3.7170412926415897,0.07263143163082757,"CEG, PDD, NFLX"
Nasdaq-100 Top3 PIT membership,3,2022-11-07,3.6911921998395325,-0.0069542119032223555,"CEG, PDD, NFLX"
Nasdaq-100 Top3 PIT membership,3,2022-11-08,3.561908070293665,-0.03502503325388695,"CEG, PDD, NFLX"
Nasdaq-100 Top3 PIT membership,3,2022-11-09,3.528554039809868,-0.009364090769767444,"CEG, PDD, NFLX"
Nasdaq-100 Top3 PIT membership,3,2022-11-10,3.6542017478747315,0.035608837684581264,"CEG, PDD, NFLX"
Nasdaq-100 Top3 PIT membership,3,2022-11-11,3.845546325390995,0.05236289365455763,"CEG, PDD, NFLX"
Nasdaq-100 Top3 PIT membership,3,2022-11-14,3.8774206861724916,0.008288643039102074,"CEG, PDD, NFLX"
Nasdaq-100 Top3 PIT membership,3,2022-11-15,4.043190698594018,0.042752650753808887,"CEG, PDD, NFLX"
Nasdaq-100 Top3 PIT membership,3,2022-11-16,4.011961723005178,-0.007723844339001972,"CEG, PDD, NFLX"
Nasdaq-100 Top3 PIT membership,3,2022-11-17,3.854266079159413,-0.03930636798988252,"CEG, PDD, NFLX"
Nasdaq-100 Top3 PIT membership,3,2022-11-18,3.9535187019259546,0.025751367634739914,"CEG, PDD, NFLX"
Nasdaq-100 Top3 PIT membership,3,2022-11-21,3.932309948986178,-0.005364525765223949,"CEG, PDD, NFLX"
Nasdaq-100 Top3 PIT membership,3,2022-11-22,3.849813148905585,-0.02097922115774782,"CEG, PDD, NFLX"
Nasdaq-100 Top3 PIT membership,3,2022-11-23,3.938678839024526,0.02308311772071418,"CEG, PDD, NFLX"
Nasdaq-100 Top3 PIT membership,3,2022-11-25,3.9090807990572207,-0.007514712718906468,"CEG, PDD, NFLX"
Nasdaq-100 Top3 PIT membership,3,2022-11-28,4.057667902042894,0.03801075255889034,"CEG, PDD, NFLX"
Nasdaq-100 Top3 PIT membership,3,2022-11-29,4.088974572875536,0.0077154344782330115,"CEG, PDD, NFLX"
Nasdaq-100 Top3 PIT membership,3,2022-11-30,4.118253421352427,0.007160437893430128,"CEG, PDD, NFLX"
Nasdaq-100 Top3 PIT membership,3,2022-12-01,4.250174393206079,0.03203323311034341,"CEG, PDD, NFLX"
Nasdaq-100 Top3 PIT membership,3,2022-12-02,4.220560397400144,-0.006967713102143094,"DXCM, NFLX, CEG"
Nasdaq-100 Top3 PIT membership,3,2022-12-05,4.23362601251801,0.0030957062303656278,"DXCM, NFLX, CEG"
Nasdaq-100 Top3 PIT membership,3,2022-12-06,4.170085952728679,-0.015008425307633503,"DXCM, NFLX, CEG"
Nasdaq-100 Top3 PIT membership,3,2022-12-07,4.171631714027205,0.00037067852222897723,"DXCM, NFLX, CEG"
Nasdaq-100 Top3 PIT membership,3,2022-12-08,4.294010785077672,0.02933601991732996,"DXCM, NFLX, CEG"
Nasdaq-100 Top3 PIT membership,3,2022-12-09,4.312392736177003,0.004280834869630526,"DXCM, NFLX, CEG"
Nasdaq-100 Top3 PIT membership,3,2022-12-12,4.2410659992182325,-0.01653994460207771,"DXCM, NFLX, CEG"
Nasdaq-100 Top3 PIT membership,3,2022-12-13,4.337781593194598,0.022804548194768293,"DXCM, NFLX, CEG"
Nasdaq-100 Top3 PIT membership,3,2022-12-14,4.281697854471959,-0.012929129214487595,"DXCM, NFLX, CEG"
Nasdaq-100 Top3 PIT membership,3,2022-12-15,4.193132586931374,-0.020684614036482064,"DXCM, NFLX, CEG"
Nasdaq-100 Top3 PIT membership,3,2022-12-16,4.026558502526923,-0.03972545130664558,"DXCM, NFLX, CEG"
Nasdaq-100 Top3 PIT membership,3,2022-12-19,4.034921939100082,0.0020770681881090436,"DXCM, NFLX, CEG"
Nasdaq-100 Top3 PIT membership,3,2022-12-20,3.9643926014050694,-0.017479727925230372,"DXCM, NFLX, CEG"
Nasdaq-100 Top3 PIT membership,3,2022-12-21,4.027539721428521,0.015928573774724338,"DXCM, NFLX, CEG"
Nasdaq-100 Top3 PIT membership,3,2022-12-22,4.081371518398718,0.013365925774433518,"DXCM, NFLX, CEG"
Nasdaq-100 Top3 PIT membership,3,2022-12-23,4.0563300737360795,-0.0061355464822919386,"DXCM, NFLX, CEG"
Nasdaq-100 Top3 PIT membership,3,2022-12-27,4.021221230575936,-0.00865532205760718,"DXCM, NFLX, CEG"
Nasdaq-100 Top3 PIT membership,3,2022-12-28,3.9506045767417595,-0.017560996967098563,"DXCM, NFLX, CEG"
Nasdaq-100 Top3 PIT membership,3,2022-12-29,3.9499062013125776,-0.00017677684911654445,"DXCM, NFLX, CEG"
Nasdaq-100 Top3 PIT membership,3,2022-12-30,3.952491775320707,0.0006545912425134359,"DXCM, NFLX, CEG"
Nasdaq-100 Top3 PIT membership,3,2023-01-03,4.041204691307314,0.022444807232877673,"DXCM, NFLX, CEG"
Nasdaq-100 Top3 PIT membership,3,2023-01-04,3.9856256394829006,-0.013753089999119504,"NFLX, CEG, ROST"
Nasdaq-100 Top3 PIT membership,3,2023-01-05,4.036974385380405,0.012883484436879068,"NFLX, CEG, ROST"
Nasdaq-100 Top3 PIT membership,3,2023-01-06,4.0969036036922635,0.014845082626456192,"NFLX, CEG, ROST"
Nasdaq-100 Top3 PIT membership,3,2023-01-09,4.1389241153114655,0.010256651286921178,"NFLX, CEG, ROST"
Nasdaq-100 Top3 PIT membership,3,2023-01-10,4.083358085184871,-0.013425235297509792,"NFLX, CEG, ROST"
Nasdaq-100 Top3 PIT membership,3,2023-01-11,4.1593633066989275,0.018613410807593857,"NFLX, CEG, ROST"
Nasdaq-100 Top3 PIT membership,3,2023-01-12,4.193073650456826,0.00810468845162097,"NFLX, CEG, ROST"
Nasdaq-100 Top3 PIT membership,3,2023-01-13,4.169924856655306,-0.005520721964661542,"NFLX, CEG, ROST"
Nasdaq-100 Top3 PIT membership,3,2023-01-17,4.193128378555667,0.005564494013201951,"NFLX, CEG, ROST"
Nasdaq-100 Top3 PIT membership,3,2023-01-18,4.165389311927866,-0.006615363071081496,"NFLX, CEG, ROST"
Nasdaq-100 Top3 PIT membership,3,2023-01-19,4.077419747792786,-0.021119169793606913,"NFLX, CEG, ROST"
Nasdaq-100 Top3 PIT membership,3,2023-01-20,4.113692887211897,0.008896101373606746,"NFLX, CEG, ROST"
Nasdaq-100 Top3 PIT membership,3,2023-01-23,4.176874970731287,0.015358969483551494,"NFLX, CEG, ROST"
Nasdaq-100 Top3 PIT membership,3,2023-01-24,4.260813566899255,0.020096027952991813,"NFLX, CEG, ROST"
Nasdaq-100 Top3 PIT membership,3,2023-01-25,4.271392734969294,0.0024828986070228503,"NFLX, CEG, ROST"
Nasdaq-100 Top3 PIT membership,3,2023-01-26,4.348520225122535,0.018056754538586274,"NFLX, CEG, ROST"
Nasdaq-100 Top3 PIT membership,3,2023-01-27,4.371408401336254,0.0052634402115661425,"NFLX, CEG, ROST"
Nasdaq-100 Top3 PIT membership,3,2023-01-30,4.327894078994323,-0.009954302674769525,"NFLX, CEG, ROST"
Nasdaq-100 Top3 PIT membership,3,2023-01-31,4.248028507806985,-0.01845367971803435,"NFLX, CEG, ROST"
Nasdaq-100 Top3 PIT membership,3,2023-02-01,4.3065319626214995,0.013771907299350404,"NFLX, CEG, ROST"
Nasdaq-100 Top3 PIT membership,3,2023-02-02,4.284660463389689,-0.005078680344565785,"PDD, GILD, ROST"
Nasdaq-100 Top3 PIT membership,3,2023-02-03,4.226972429572699,-0.013463851875756569,"PDD, GILD, ROST"
Nasdaq-100 Top3 PIT membership,3,2023-02-06,4.124219081247503,-0.024308970554507058,"PDD, GILD, ROST"
Nasdaq-100 Top3 PIT membership,3,2023-02-07,4.210494492387029,0.020919211477346916,"PDD, GILD, ROST"
Nasdaq-100 Top3 PIT membership,3,2023-02-08,4.145110262832566,-0.015528871887300453,"PDD, GILD, ROST"
Nasdaq-100 Top3 PIT membership,3,2023-02-09,4.211154315723081,0.015933002671292863,"PDD, GILD, ROST"
Nasdaq-100 Top3 PIT membership,3,2023-02-10,4.122489839851086,-0.021054672715495215,"PDD, GILD, ROST"
Nasdaq-100 Top3 PIT membership,3,2023-02-13,4.212867944147815,0.02192318424246098,"PDD, GILD, ROST"
Nasdaq-100 Top3 PIT membership,3,2023-02-14,4.224848251323179,0.002843741445066124,"PDD, GILD, ROST"
Nasdaq-100 Top3 PIT membership,3,2023-02-15,4.173696616184428,-0.012107330747969436,"PDD, GILD, ROST"
Nasdaq-100 Top3 PIT membership,3,2023-02-16,4.15435635471442,-0.00463384458635833,"PDD, GILD, ROST"
Nasdaq-100 Top3 PIT membership,3,2023-02-17,4.154187881582251,-4.055336562014384e-05,"PDD, GILD, ROST"
Nasdaq-100 Top3 PIT membership,3,2023-02-21,4.038569538039773,-0.027831756010621638,"PDD, GILD, ROST"
Nasdaq-100 Top3 PIT membership,3,2023-02-22,4.0039647995710395,-0.008568563235766194,"PDD, GILD, ROST"
Nasdaq-100 Top3 PIT membership,3,2023-02-23,3.9924686664611473,-0.0028711873568728246,"PDD, GILD, ROST"
Nasdaq-100 Top3 PIT membership,3,2023-02-24,3.9088565569866676,-0.02094245852869573,"PDD, GILD, ROST"
Nasdaq-100 Top3 PIT membership,3,2023-02-27,3.954644184758214,0.011713816330687722,"PDD, GILD, ROST"
Nasdaq-100 Top3 PIT membership,3,2023-02-28,3.9312512684020486,-0.005915302430070731,"PDD, GILD, ROST"
Nasdaq-100 Top3 PIT membership,3,2023-03-01,3.9786888589031864,0.012066791782663197,"PDD, GILD, ROST"
Nasdaq-100 Top3 PIT membership,3,2023-03-02,3.8895993629545327,-0.022391672007550024,"PDD, NFLX, IDXX"
Nasdaq-100 Top3 PIT membership,3,2023-03-03,4.005216261177604,0.02972462905157617,"PDD, NFLX, IDXX"
Nasdaq-100 Top3 PIT membership,3,2023-03-06,4.036703423193904,0.007861538544498706,"PDD, NFLX, IDXX"
Nasdaq-100 Top3 PIT membership,3,2023-03-07,4.005042663637047,-0.007843221618645996,"PDD, NFLX, IDXX"
Nasdaq-100 Top3 PIT membership,3,2023-03-08,3.9386485659589017,-0.016577625572121092,"PDD, NFLX, IDXX"
Nasdaq-100 Top3 PIT membership,3,2023-03-09,3.940611438576921,0.0004983619597299649,"PDD, NFLX, IDXX"
Nasdaq-100 Top3 PIT membership,3,2023-03-10,3.774780044509591,-0.04208265561123599,"PDD, NFLX, IDXX"
Nasdaq-100 Top3 PIT membership,3,2023-03-13,3.673586111997953,-0.02680790173690369,"PDD, NFLX, IDXX"
Nasdaq-100 Top3 PIT membership,3,2023-03-14,3.8602489270504443,0.05081215176713819,"PDD, NFLX, IDXX"
Nasdaq-100 Top3 PIT membership,3,2023-03-15,3.815509416951734,-0.011589799244603311,"PDD, NFLX, IDXX"
Nasdaq-100 Top3 PIT membership,3,2023-03-16,3.854296970634203,0.010165760176122696,"PDD, NFLX, IDXX"
Nasdaq-100 Top3 PIT membership,3,2023-03-17,3.975824038154272,0.031530281253878606,"PDD, NFLX, IDXX"
Nasdaq-100 Top3 PIT membership,3,2023-03-20,3.717682471604509,-0.06492781473035254,"PDD, NFLX, IDXX"
Nasdaq-100 Top3 PIT membership,3,2023-03-21,3.793320388729304,0.020345448462184113,"PDD, NFLX, IDXX"
Nasdaq-100 Top3 PIT membership,3,2023-03-22,3.8108303282205975,0.004615992770692208,"PDD, NFLX, IDXX"
Nasdaq-100 Top3 PIT membership,3,2023-03-23,3.740307362296102,-0.018505931739402626,"PDD, NFLX, IDXX"
Nasdaq-100 Top3 PIT membership,3,2023-03-24,3.7466863359852134,0.001705467778775116,"PDD, NFLX, IDXX"
Nasdaq-100 Top3 PIT membership,3,2023-03-27,3.747920109616871,0.0003292972832574055,"PDD, NFLX, IDXX"
Nasdaq-100 Top3 PIT membership,3,2023-03-28,3.7477368425387003,-4.8898341696301806e-05,"PDD, NFLX, IDXX"
Nasdaq-100 Top3 PIT membership,3,2023-03-29,3.7589493694896956,0.0029918127718380205,"PDD, NFLX, IDXX"
Nasdaq-100 Top3 PIT membership,3,2023-03-30,3.850842597117488,0.0244465191187897,"PDD, NFLX, IDXX"
Nasdaq-100 Top3 PIT membership,3,2023-03-31,3.866661783416743,0.004107980500448508,"PDD, NFLX, IDXX"
Nasdaq-100 Top3 PIT membership,3,2023-04-03,3.865232305495873,-0.00036969303263108743,"PDD, NFLX, IDXX"
Nasdaq-100 Top3 PIT membership,3,2023-04-04,3.914397256226626,0.012719791941314005,"NVDA, PDD, BKNG"
Nasdaq-100 Top3 PIT membership,3,2023-04-05,3.8115863950102096,-0.02626480004114943,"NVDA, PDD, BKNG"
Nasdaq-100 Top3 PIT membership,3,2023-04-06,3.775707954577379,-0.009412994148525514,"NVDA, PDD, BKNG"
Nasdaq-100 Top3 PIT membership,3,2023-04-10,3.74133024203599,-0.009104971294115138,"NVDA, PDD, BKNG"
Nasdaq-100 Top3 PIT membership,3,2023-04-11,3.8098082828675413,0.01830312653562653,"NVDA, PDD, BKNG"
Nasdaq-100 Top3 PIT membership,3,2023-04-12,3.745630254109039,-0.0168454746258773,"NVDA, PDD, BKNG"
Nasdaq-100 Top3 PIT membership,3,2023-04-13,3.687118603216188,-0.015621309879335334,"NVDA, PDD, BKNG"
Nasdaq-100 Top3 PIT membership,3,2023-04-14,3.712520653378034,0.0068894041378784925,"NVDA, PDD, BKNG"
Nasdaq-100 Top3 PIT membership,3,2023-04-17,3.7331447048861337,0.005555269164451296,"NVDA, PDD, BKNG"
Nasdaq-100 Top3 PIT membership,3,2023-04-18,3.8163608679629,0.022291169953269963,"NVDA, PDD, BKNG"
Nasdaq-100 Top3 PIT membership,3,2023-04-19,3.7814661637723384,-0.009143449846027774,"NVDA, PDD, BKNG"
Nasdaq-100 Top3 PIT membership,3,2023-04-20,3.8074892357832066,0.006881741336251338,"NVDA, PDD, BKNG"
Nasdaq-100 Top3 PIT membership,3,2023-04-21,3.75480866483467,-0.013836039365111944,"NVDA, PDD, BKNG"
Nasdaq-100 Top3 PIT membership,3,2023-04-24,3.775247664042393,0.005443419633906377,"NVDA, PDD, BKNG"
Nasdaq-100 Top3 PIT membership,3,2023-04-25,3.689021612843214,-0.022839839627064668,"NVDA, PDD, BKNG"
Nasdaq-100 Top3 PIT membership,3,2023-04-26,3.705936993233677,0.004585329706817871,"NVDA, PDD, BKNG"
Nasdaq-100 Top3 PIT membership,3,2023-04-27,3.7088927084775882,0.0007975621952849288,"NVDA, PDD, BKNG"
Nasdaq-100 Top3 PIT membership,3,2023-04-28,3.6938988174086953,-0.004042686658101739,"NVDA, PDD, BKNG"
Nasdaq-100 Top3 PIT membership,3,2023-05-01,3.7878183917520856,0.02542559474037668,"NVDA, PDD, BKNG"
Nasdaq-100 Top3 PIT membership,3,2023-05-02,3.8263244374203387,0.010165758145136945,"NVDA, AMD, META"
Nasdaq-100 Top3 PIT membership,3,2023-05-03,3.6869748047689943,-0.0364186662501866,"NVDA, AMD, META"
Nasdaq-100 Top3 PIT membership,3,2023-05-04,3.632149509825322,-0.014869994466129022,"NVDA, AMD, META"
Nasdaq-100 Top3 PIT membership,3,2023-05-05,3.6709815227051887,0.010691193403471466,"NVDA, AMD, META"
Nasdaq-100 Top3 PIT membership,3,2023-05-08,3.7692563473177874,0.02677072167341747,"NVDA, AMD, META"
Nasdaq-100 Top3 PIT membership,3,2023-05-09,3.854493175022303,0.022613698791054865,"NVDA, AMD, META"
Nasdaq-100 Top3 PIT membership,3,2023-05-10,3.9060676558424245,0.01338035338973542,"NVDA, AMD, META"
Nasdaq-100 Top3 PIT membership,3,2023-05-11,3.9074704429657205,0.0003591302678020991,"NVDA, AMD, META"
Nasdaq-100 Top3 PIT membership,3,2023-05-12,3.8939030217946193,-0.0034721749963650596,"NVDA, AMD, META"
Nasdaq-100 Top3 PIT membership,3,2023-05-15,3.8720848086990816,-0.005603173210380026,"NVDA, AMD, META"
Nasdaq-100 Top3 PIT membership,3,2023-05-16,3.910696821053297,0.00997189221358715,"NVDA, AMD, META"
Nasdaq-100 Top3 PIT membership,3,2023-05-17,4.017879096338949,0.02740746219666912,"NVDA, AMD, META"
Nasdaq-100 Top3 PIT membership,3,2023-05-18,4.100095156497344,0.02046255205471681,"NVDA, AMD, META"
Nasdaq-100 Top3 PIT membership,3,2023-05-19,4.2169287295418485,0.028495332080125335,"NVDA, AMD, META"
Nasdaq-100 Top3 PIT membership,3,2023-05-22,4.154721545994103,-0.014751774937990032,"NVDA, AMD, META"
Nasdaq-100 Top3 PIT membership,3,2023-05-23,4.20105967381918,0.011153124779145577,"NVDA, AMD, META"
Nasdaq-100 Top3 PIT membership,3,2023-05-24,4.1401102182951295,-0.014508114679704436,"NVDA, AMD, META"
Nasdaq-100 Top3 PIT membership,3,2023-05-25,4.713081949065263,0.1383952843183192,"NVDA, AMD, META"
Nasdaq-100 Top3 PIT membership,3,2023-05-26,4.753322602221627,0.008538076271800329,"NVDA, AMD, META"
Nasdaq-100 Top3 PIT membership,3,2023-05-30,5.046604149259658,0.06170032450584272,"NVDA, AMD, META"
Nasdaq-100 Top3 PIT membership,3,2023-05-31,4.864249596449728,-0.036134110664630084,"NVDA, AMD, META"
Nasdaq-100 Top3 PIT membership,3,2023-06-01,4.792077639174495,-0.01483722326418239,"NVDA, AMD, META"
Nasdaq-100 Top3 PIT membership,3,2023-06-02,4.950714420302136,0.03310396722933073,"META, NVDA, MELI"
Nasdaq-100 Top3 PIT membership,3,2023-06-05,4.873096319903284,-0.015678161535747675,"META, NVDA, MELI"
Nasdaq-100 Top3 PIT membership,3,2023-06-06,4.887107774064058,0.0028752672307227702,"META, NVDA, MELI"
Nasdaq-100 Top3 PIT membership,3,2023-06-07,4.862561217017038,-0.005022716539481349,"META, NVDA, MELI"
Nasdaq-100 Top3 PIT membership,3,2023-06-08,4.6854747866966395,-0.036418344657680714,"META, NVDA, MELI"
Nasdaq-100 Top3 PIT membership,3,2023-06-09,4.7682334879043875,0.017662820733284658,"META, NVDA, MELI"
Nasdaq-100 Top3 PIT membership,3,2023-06-12,4.79002462779258,0.004570065610979501,"META, NVDA, MELI"
Nasdaq-100 Top3 PIT membership,3,2023-06-13,4.934107150494394,0.03007970394678579,"META, NVDA, MELI"
Nasdaq-100 Top3 PIT membership,3,2023-06-14,4.885510200047321,-0.009849188305974216,"META, NVDA, MELI"
Nasdaq-100 Top3 PIT membership,3,2023-06-15,4.9547040443844335,0.01416307437787012,"META, NVDA, MELI"
Nasdaq-100 Top3 PIT membership,3,2023-06-16,5.0871711839771505,0.026735631110571013,"META, NVDA, MELI"
Nasdaq-100 Top3 PIT membership,3,2023-06-20,4.986577919377136,-0.019773909892564556,"META, NVDA, MELI"
Nasdaq-100 Top3 PIT membership,3,2023-06-21,5.047218775280721,0.012160815870928987,"META, NVDA, MELI"
Nasdaq-100 Top3 PIT membership,3,2023-06-22,4.9904509587672345,-0.01124734612089991,"META, NVDA, MELI"
Nasdaq-100 Top3 PIT membership,3,2023-06-23,5.027093745525096,0.007342580271926468,"META, NVDA, MELI"
Nasdaq-100 Top3 PIT membership,3,2023-06-26,5.0684716370717595,0.00823097671164304,"META, NVDA, MELI"
Nasdaq-100 Top3 PIT membership,3,2023-06-27,4.897044900470288,-0.03382217537681853,"META, NVDA, MELI"
Nasdaq-100 Top3 PIT membership,3,2023-06-28,4.885137096705148,-0.002431630505163632,"META, NVDA, MELI"
Nasdaq-100 Top3 PIT membership,3,2023-06-29,4.995774473262126,0.022647752635560476,"META, NVDA, MELI"
Nasdaq-100 Top3 PIT membership,3,2023-06-30,4.970288054531377,-0.00510159513147664,"META, NVDA, MELI"
Nasdaq-100 Top3 PIT membership,3,2023-07-03,5.017634181517494,0.009525831595002124,"META, NVDA, MELI"
Nasdaq-100 Top3 PIT membership,3,2023-07-05,5.02180142616799,0.0008305198226380428,"NVDA, META, AMD"
Nasdaq-100 Top3 PIT membership,3,2023-07-06,5.000087395045856,-0.0043239525579375675,"NVDA, META, AMD"
Nasdaq-100 Top3 PIT membership,3,2023-07-07,5.029311137387023,0.005844646309606977,"NVDA, META, AMD"
Nasdaq-100 Top3 PIT membership,3,2023-07-10,5.044882219327361,0.0030960665417148663,"NVDA, META, AMD"
Nasdaq-100 Top3 PIT membership,3,2023-07-11,5.008614142123808,-0.0071890830403544825,"NVDA, META, AMD"
Nasdaq-100 Top3 PIT membership,3,2023-07-12,5.093292317509315,0.016906508064444454,"NVDA, META, AMD"
Nasdaq-100 Top3 PIT membership,3,2023-07-13,5.26182731639909,0.03308959870816748,"NVDA, META, AMD"
Nasdaq-100 Top3 PIT membership,3,2023-07-14,5.339162704784792,0.014697439451248684,"NVDA, META, AMD"
Nasdaq-100 Top3 PIT membership,3,2023-07-17,5.30030054582293,-0.007278699135172428,"NVDA, META, AMD"
Nasdaq-100 Top3 PIT membership,3,2023-07-18,5.359593574998086,0.011186729632130557,"NVDA, META, AMD"
Nasdaq-100 Top3 PIT membership,3,2023-07-19,5.458130255088343,0.018385103032797057,"NVDA, META, AMD"
Nasdaq-100 Top3 PIT membership,3,2023-07-20,5.329084116958455,-0.023642920212390377,"NVDA, META, AMD"
Nasdaq-100 Top3 PIT membership,3,2023-07-21,5.189368751913839,-0.026217519179329164,"NVDA, META, AMD"
Nasdaq-100 Top3 PIT membership,3,2023-07-24,5.0940593226881745,-0.01836628572415751,"NVDA, META, AMD"
Nasdaq-100 Top3 PIT membership,3,2023-07-25,5.106625985091043,0.002466925021249529,"NVDA, META, AMD"
Nasdaq-100 Top3 PIT membership,3,2023-07-26,5.193924675708688,0.017095180041090934,"NVDA, META, AMD"
Nasdaq-100 Top3 PIT membership,3,2023-07-27,5.348357994555687,0.029733453696250762,"NVDA, META, AMD"
Nasdaq-100 Top3 PIT membership,3,2023-07-28,5.334241508160139,-0.0026394056661721193,"NVDA, META, AMD"
Nasdaq-100 Top3 PIT membership,3,2023-07-31,5.387962597289316,0.010070989295665708,"NVDA, META, AMD"
Nasdaq-100 Top3 PIT membership,3,2023-08-01,5.344119030942375,-0.00813731824511891,"NVDA, META, AMD"
Nasdaq-100 Top3 PIT membership,3,2023-08-02,5.316594660439743,-0.005150403713552353,"NVDA, META, PANW"
Nasdaq-100 Top3 PIT membership,3,2023-08-03,5.091756202039584,-0.042289937969723246,"NVDA, META, PANW"
Nasdaq-100 Top3 PIT membership,3,2023-08-04,5.0906977615510955,-0.00020787336362733735,"NVDA, META, PANW"
Nasdaq-100 Top3 PIT membership,3,2023-08-07,5.045087577377183,-0.008959515239422844,"NVDA, META, PANW"
Nasdaq-100 Top3 PIT membership,3,2023-08-08,4.978649745101254,-0.013168816449063129,"NVDA, META, PANW"
Nasdaq-100 Top3 PIT membership,3,2023-08-09,4.953296336898586,-0.005092426561562058,"NVDA, META, PANW"
Nasdaq-100 Top3 PIT membership,3,2023-08-10,4.887135651397033,-0.01335690033497546,"NVDA, META, PANW"
Nasdaq-100 Top3 PIT membership,3,2023-08-11,4.81664302767558,-0.014424118491841293,"NVDA, META, PANW"
Nasdaq-100 Top3 PIT membership,3,2023-08-14,4.801802886478869,-0.0030810132931674943,"NVDA, META, PANW"
Nasdaq-100 Top3 PIT membership,3,2023-08-15,4.9906747277633485,0.03933352654193967,"NVDA, META, PANW"
Nasdaq-100 Top3 PIT membership,3,2023-08-16,4.937868144268707,-0.010581050935032144,"NVDA, META, PANW"
Nasdaq-100 Top3 PIT membership,3,2023-08-17,4.855546410616597,-0.016671513140272744,"NVDA, META, PANW"
Nasdaq-100 Top3 PIT membership,3,2023-08-18,4.64553991139512,-0.04325084788857132,"NVDA, META, PANW"
Nasdaq-100 Top3 PIT membership,3,2023-08-21,5.0018829214527445,0.07670647908621878,"NVDA, META, PANW"
Nasdaq-100 Top3 PIT membership,3,2023-08-22,5.228153728788375,0.045237125876171604,"NVDA, META, PANW"
Nasdaq-100 Top3 PIT membership,3,2023-08-23,5.077599884219907,-0.028796751660046988,"NVDA, META, PANW"
Nasdaq-100 Top3 PIT membership,3,2023-08-24,5.314683489950902,0.04669206143394632,"NVDA, META, PANW"
Nasdaq-100 Top3 PIT membership,3,2023-08-25,5.066677546108437,-0.0466642922972551,"NVDA, META, PANW"
Nasdaq-100 Top3 PIT membership,3,2023-08-28,5.066321145107156,-7.034215184168846e-05,"NVDA, META, PANW"
Nasdaq-100 Top3 PIT membership,3,2023-08-29,5.091042914688658,0.004879629394472321,"NVDA, META, PANW"
Nasdaq-100 Top3 PIT membership,3,2023-08-30,5.250269733825217,0.03127587447301964,"NVDA, META, PANW"
Nasdaq-100 Top3 PIT membership,3,2023-08-31,5.282095185483541,0.006061679355878905,"NVDA, META, PANW"
Nasdaq-100 Top3 PIT membership,3,2023-09-01,5.34393702588619,0.011707823928013283,"NVDA, META, PANW"
Nasdaq-100 Top3 PIT membership,3,2023-09-05,5.253037738123724,-0.017009797705726377,"NVDA, META, ADBE"
Nasdaq-100 Top3 PIT membership,3,2023-09-06,5.296813599234387,0.008333437392417911,"NVDA, META, ADBE"
Nasdaq-100 Top3 PIT membership,3,2023-09-07,5.148499431018514,-0.028000639523601545,"NVDA, META, ADBE"
Nasdaq-100 Top3 PIT membership,3,2023-09-08,5.217401912049018,0.013383021976341704,"NVDA, META, ADBE"
Nasdaq-100 Top3 PIT membership,3,2023-09-11,5.216834937159343,-0.00010866996624614433,"NVDA, META, ADBE"
Nasdaq-100 Top3 PIT membership,3,2023-09-12,5.172378593330274,-0.008521707963655995,"NVDA, META, ADBE"
Nasdaq-100 Top3 PIT membership,3,2023-09-13,5.149029197716283,-0.00451424720613062,"NVDA, META, ADBE"
Nasdaq-100 Top3 PIT membership,3,2023-09-14,5.207572524685241,0.011369779568335625,"NVDA, META, ADBE"
Nasdaq-100 Top3 PIT membership,3,2023-09-15,5.152340959058581,-0.010606009875973599,"NVDA, META, ADBE"
Nasdaq-100 Top3 PIT membership,3,2023-09-18,4.9547235699196825,-0.03835487416481198,"NVDA, META, ADBE"
Nasdaq-100 Top3 PIT membership,3,2023-09-19,5.042835622983832,0.017783444791770183,"NVDA, META, ADBE"
Nasdaq-100 Top3 PIT membership,3,2023-09-20,5.080893304497844,0.007546881230979685,"NVDA, META, ADBE"
Nasdaq-100 Top3 PIT membership,3,2023-09-21,4.881191159138031,-0.039304534339075284,"NVDA, META, ADBE"
Nasdaq-100 Top3 PIT membership,3,2023-09-22,4.880555480485728,-0.00013023023101917542,"NVDA, META, ADBE"
Nasdaq-100 Top3 PIT membership,3,2023-09-25,4.856204970216624,-0.004989290740872879,"NVDA, META, ADBE"
Nasdaq-100 Top3 PIT membership,3,2023-09-26,4.879076646794076,0.004709784022240611,"NVDA, META, ADBE"
Nasdaq-100 Top3 PIT membership,3,2023-09-27,4.898675352432833,0.00401688824700778,"NVDA, META, ADBE"
Nasdaq-100 Top3 PIT membership,3,2023-09-28,4.871320377887682,-0.00558415746648037,"NVDA, META, ADBE"
Nasdaq-100 Top3 PIT membership,3,2023-09-29,4.987108668074986,0.023769385136912662,"NVDA, META, ADBE"
Nasdaq-100 Top3 PIT membership,3,2023-10-02,4.9789232313823995,-0.0016413190963704412,"NVDA, META, ADBE"
Nasdaq-100 Top3 PIT membership,3,2023-10-03,5.0468853269812,0.013649958523246944,"NVDA, ADBE, META"
Nasdaq-100 Top3 PIT membership,3,2023-10-04,4.958115986980023,-0.017588935402713852,"NVDA, ADBE, META"
Nasdaq-100 Top3 PIT membership,3,2023-10-05,5.027930733667998,0.014080902276451052,"NVDA, ADBE, META"
Nasdaq-100 Top3 PIT membership,3,2023-10-06,4.994477853037427,-0.006653409206010688,"NVDA, ADBE, META"
Nasdaq-100 Top3 PIT membership,3,2023-10-09,5.108491363497564,0.022827913911120785,"NVDA, ADBE, META"
Nasdaq-100 Top3 PIT membership,3,2023-10-10,5.191401496712096,0.016229866572147273,"NVDA, ADBE, META"
Nasdaq-100 Top3 PIT membership,3,2023-10-11,5.271366348028256,0.015403326320802655,"NVDA, ADBE, META"
Nasdaq-100 Top3 PIT membership,3,2023-10-12,5.36990568766376,0.018693320313880598,"NVDA, ADBE, META"
Nasdaq-100 Top3 PIT membership,3,2023-10-13,5.372880600572444,0.0005539972360255607,"NVDA, ADBE, META"
Nasdaq-100 Top3 PIT membership,3,2023-10-16,5.251651990004778,-0.022563056873951395,"NVDA, ADBE, META"
Nasdaq-100 Top3 PIT membership,3,2023-10-17,5.183242205625072,-0.013026336190955943,"NVDA, ADBE, META"
Nasdaq-100 Top3 PIT membership,3,2023-10-18,5.174077252056863,-0.0017681893310452401,"NVDA, ADBE, META"
Nasdaq-100 Top3 PIT membership,3,2023-10-19,5.192052995484313,0.0034741930883047667,"NVDA, ADBE, META"
Nasdaq-100 Top3 PIT membership,3,2023-10-20,5.110599581303057,-0.015688093756380916,"NVDA, ADBE, META"
Nasdaq-100 Top3 PIT membership,3,2023-10-23,4.997464246715028,-0.02213738971097064,"NVDA, ADBE, META"
Nasdaq-100 Top3 PIT membership,3,2023-10-24,5.1387665657358115,0.028274803389271904,"NVDA, ADBE, META"
Nasdaq-100 Top3 PIT membership,3,2023-10-25,5.080021988821931,-0.011431649241585795,"NVDA, ADBE, META"
Nasdaq-100 Top3 PIT membership,3,2023-10-26,4.926503897610089,-0.030219965887872787,"NVDA, ADBE, META"
Nasdaq-100 Top3 PIT membership,3,2023-10-27,4.856510719157832,-0.014207474490421404,"NVDA, ADBE, META"
Nasdaq-100 Top3 PIT membership,3,2023-10-30,4.875812443478582,0.003974401671679395,"NVDA, ADBE, META"
Nasdaq-100 Top3 PIT membership,3,2023-10-31,4.919302713055957,0.008919594443289899,"NVDA, ADBE, META"
Nasdaq-100 Top3 PIT membership,3,2023-11-01,4.942476269307573,0.004710740038443406,"NVDA, ADBE, META"
Nasdaq-100 Top3 PIT membership,3,2023-11-02,5.1171946481382715,0.03535037283146665,"ZS, NVDA, TSLA"
Nasdaq-100 Top3 PIT membership,3,2023-11-03,5.193321576246895,0.01487669188748153,"ZS, NVDA, TSLA"
Nasdaq-100 Top3 PIT membership,3,2023-11-06,5.35437684658493,0.031011996459966513,"ZS, NVDA, TSLA"
Nasdaq-100 Top3 PIT membership,3,2023-11-07,5.340464738210834,-0.0025982684395795545,"ZS, NVDA, TSLA"
Nasdaq-100 Top3 PIT membership,3,2023-11-08,5.437770426922131,0.018220453365243472,"ZS, NVDA, TSLA"
Nasdaq-100 Top3 PIT membership,3,2023-11-09,5.493092936787676,0.010173748709884153,"ZS, NVDA, TSLA"
Nasdaq-100 Top3 PIT membership,3,2023-11-10,5.3702111817330715,-0.022370230481930282,"ZS, NVDA, TSLA"
Nasdaq-100 Top3 PIT membership,3,2023-11-13,5.5008250040578215,0.02432191545260568,"ZS, NVDA, TSLA"
Nasdaq-100 Top3 PIT membership,3,2023-11-14,5.781572812711941,0.05103740047120553,"ZS, NVDA, TSLA"
Nasdaq-100 Top3 PIT membership,3,2023-11-15,5.892668033509363,0.019215397677454872,"ZS, NVDA, TSLA"
Nasdaq-100 Top3 PIT membership,3,2023-11-16,5.800186840991251,-0.015694281773927583,"ZS, NVDA, TSLA"
Nasdaq-100 Top3 PIT membership,3,2023-11-17,5.79759080660962,-0.00044757771651164104,"ZS, NVDA, TSLA"
Nasdaq-100 Top3 PIT membership,3,2023-11-20,5.835813517026034,0.006592861016137614,"ZS, NVDA, TSLA"
Nasdaq-100 Top3 PIT membership,3,2023-11-21,5.889625283796632,0.009220953790521383,"ZS, NVDA, TSLA"
Nasdaq-100 Top3 PIT membership,3,2023-11-22,5.966887810362414,0.013118411247375006,"ZS, NVDA, TSLA"
Nasdaq-100 Top3 PIT membership,3,2023-11-24,5.811272720015637,-0.026079774799272704,"ZS, NVDA, TSLA"
Nasdaq-100 Top3 PIT membership,3,2023-11-27,5.831939670548843,0.003556355299248544,"ZS, NVDA, TSLA"
Nasdaq-100 Top3 PIT membership,3,2023-11-28,5.7645144806176765,-0.011561366156042788,"ZS, NVDA, TSLA"
Nasdaq-100 Top3 PIT membership,3,2023-11-29,6.013317943995455,0.043161217516989904,"ZS, NVDA, TSLA"
Nasdaq-100 Top3 PIT membership,3,2023-11-30,6.000013954889964,-0.0022124207017485777,"ZS, NVDA, TSLA"
Nasdaq-100 Top3 PIT membership,3,2023-12-01,5.812369765820549,-0.0312739587741269,"ZS, NVDA, TSLA"
Nasdaq-100 Top3 PIT membership,3,2023-12-04,5.739877915175842,-0.012471995685992443,"PDD, CEG, FANG"
Nasdaq-100 Top3 PIT membership,3,2023-12-05,5.717390603774444,-0.003917733396723078,"PDD, CEG, FANG"
Nasdaq-100 Top3 PIT membership,3,2023-12-06,5.731592477149865,0.0024839781571063986,"PDD, CEG, FANG"
Nasdaq-100 Top3 PIT membership,3,2023-12-07,5.598887370388685,-0.023153269757093902,"PDD, CEG, FANG"
Nasdaq-100 Top3 PIT membership,3,2023-12-08,5.503043280946938,-0.017118417124917684,"PDD, CEG, FANG"
Nasdaq-100 Top3 PIT membership,3,2023-12-11,5.535075791649809,0.005820872027987977,"PDD, CEG, FANG"
Nasdaq-100 Top3 PIT membership,3,2023-12-12,5.66816377245326,0.024044473068323136,"PDD, CEG, FANG"
Nasdaq-100 Top3 PIT membership,3,2023-12-13,5.673186379096594,0.0008861082433333873,"PDD, CEG, FANG"
Nasdaq-100 Top3 PIT membership,3,2023-12-14,5.751565734703419,0.013815755444880338,"PDD, CEG, FANG"
Nasdaq-100 Top3 PIT membership,3,2023-12-15,5.770082834032528,0.0032194884285822916,"PDD, CEG, FANG"
Nasdaq-100 Top3 PIT membership,3,2023-12-18,5.883173482431337,0.019599484383792366,"PDD, CEG, FANG"
Nasdaq-100 Top3 PIT membership,3,2023-12-19,5.884289071378959,0.00018962367010814463,"PDD, CEG, FANG"
Nasdaq-100 Top3 PIT membership,3,2023-12-20,5.901887921738012,0.002990820156109001,"PDD, CEG, FANG"
Nasdaq-100 Top3 PIT membership,3,2023-12-21,5.85042219050592,-0.008720214940465265,"PDD, CEG, FANG"
Nasdaq-100 Top3 PIT membership,3,2023-12-22,5.737746813313851,-0.019259358303221043,"PDD, CEG, FANG"
Nasdaq-100 Top3 PIT membership,3,2023-12-26,5.8270737211717565,0.01556829026520153,"PDD, CEG, FANG"
Nasdaq-100 Top3 PIT membership,3,2023-12-27,5.863346883298696,0.0062249361965589865,"PDD, CEG, FANG"
Nasdaq-100 Top3 PIT membership,3,2023-12-28,5.867289790680878,0.0006724670159651649,"PDD, CEG, FANG"
Nasdaq-100 Top3 PIT membership,3,2023-12-29,5.805572326286945,-0.010518905081518166,"PDD, CEG, FANG"
Nasdaq-100 Top3 PIT membership,3,2024-01-02,5.789579870972585,-0.002754673340636467,"PDD, CEG, FANG"
Nasdaq-100 Top3 PIT membership,3,2024-01-03,5.6179896275908145,-0.029637771169213657,"PDD, CRWD, ZS"
Nasdaq-100 Top3 PIT membership,3,2024-01-04,5.738718347572929,0.02148966587428321,"PDD, CRWD, ZS"
Nasdaq-100 Top3 PIT membership,3,2024-01-05,5.712830335477737,-0.00451111389813034,"PDD, CRWD, ZS"
Nasdaq-100 Top3 PIT membership,3,2024-01-08,5.754476666226535,0.007289964571530601,"PDD, CRWD, ZS"
Nasdaq-100 Top3 PIT membership,3,2024-01-09,5.896678776983598,0.02471156266766335,"PDD, CRWD, ZS"
Nasdaq-100 Top3 PIT membership,3,2024-01-10,6.144875036606015,0.04209085639719719,"PDD, CRWD, ZS"
Nasdaq-100 Top3 PIT membership,3,2024-01-11,6.218131235276751,0.011921511541624056,"PDD, CRWD, ZS"
Nasdaq-100 Top3 PIT membership,3,2024-01-12,6.271098735484959,0.008518234531254998,"PDD, CRWD, ZS"
Nasdaq-100 Top3 PIT membership,3,2024-01-16,6.136813975176706,-0.021413274766095558,"PDD, CRWD, ZS"
Nasdaq-100 Top3 PIT membership,3,2024-01-17,6.009557301810301,-0.020736602719449472,"PDD, CRWD, ZS"
Nasdaq-100 Top3 PIT membership,3,2024-01-18,6.138100025735413,0.021389715992289334,"PDD, CRWD, ZS"
Nasdaq-100 Top3 PIT membership,3,2024-01-19,6.099447020778623,-0.006297226306956282,"PDD, CRWD, ZS"
Nasdaq-100 Top3 PIT membership,3,2024-01-22,6.277377625808787,0.029171596117487278,"PDD, CRWD, ZS"
Nasdaq-100 Top3 PIT membership,3,2024-01-23,6.380340292450539,0.01640217823099107,"PDD, CRWD, ZS"
Nasdaq-100 Top3 PIT membership,3,2024-01-24,6.419865023949103,0.0061947685682738705,"PDD, CRWD, ZS"
Nasdaq-100 Top3 PIT membership,3,2024-01-25,6.463973534802679,0.006870629006845208,"PDD, CRWD, ZS"
Nasdaq-100 Top3 PIT membership,3,2024-01-26,6.226733709828025,-0.03670185586270284,"PDD, CRWD, ZS"
Nasdaq-100 Top3 PIT membership,3,2024-01-29,6.201418140584264,-0.004065625803750843,"PDD, CRWD, ZS"
Nasdaq-100 Top3 PIT membership,3,2024-01-30,6.110102607764758,-0.014724943674077543,"PDD, CRWD, ZS"
Nasdaq-100 Top3 PIT membership,3,2024-01-31,6.031017460665252,-0.012943341900511532,"PDD, CRWD, ZS"
Nasdaq-100 Top3 PIT membership,3,2024-02-01,6.055279851854387,0.00402293499353575,"PDD, CRWD, ZS"
Nasdaq-100 Top3 PIT membership,3,2024-02-02,6.00004459240846,-0.009121834299534651,"PDD, CRWD, INTC"
Nasdaq-100 Top3 PIT membership,3,2024-02-05,6.003862955701451,0.0006363891524777303,"PDD, CRWD, INTC"
Nasdaq-100 Top3 PIT membership,3,2024-02-06,6.086577232670009,0.013776842939096385,"PDD, CRWD, INTC"
Nasdaq-100 Top3 PIT membership,3,2024-02-07,6.078623485835875,-0.0013067684069532441,"PDD, CRWD, INTC"
Nasdaq-100 Top3 PIT membership,3,2024-02-08,6.210069422120769,0.021624293162947672,"PDD, CRWD, INTC"
Nasdaq-100 Top3 PIT membership,3,2024-02-09,6.264783961567601,0.008810616392134579,"PDD, CRWD, INTC"
Nasdaq-100 Top3 PIT membership,3,2024-02-12,6.33015287486525,0.010434344376225072,"PDD, CRWD, INTC"
Nasdaq-100 Top3 PIT membership,3,2024-02-13,6.178191857162769,-0.024005900126972086,"PDD, CRWD, INTC"
Nasdaq-100 Top3 PIT membership,3,2024-02-14,6.370498749670545,0.031126727196861305,"PDD, CRWD, INTC"
Nasdaq-100 Top3 PIT membership,3,2024-02-15,6.51586160135906,0.022818127339877828,"PDD, CRWD, INTC"
Nasdaq-100 Top3 PIT membership,3,2024-02-16,6.528611163499054,0.0019566962774861443,"PDD, CRWD, INTC"
Nasdaq-100 Top3 PIT membership,3,2024-02-20,6.458171677799737,-0.010789352273441946,"PDD, CRWD, INTC"
Nasdaq-100 Top3 PIT membership,3,2024-02-21,6.145760266403172,-0.048374590670993436,"PDD, CRWD, INTC"
Nasdaq-100 Top3 PIT membership,3,2024-02-22,6.298685793961547,0.024883093535940315,"PDD, CRWD, INTC"
Nasdaq-100 Top3 PIT membership,3,2024-02-23,6.305405056428481,0.001066772131001481,"PDD, CRWD, INTC"
Nasdaq-100 Top3 PIT membership,3,2024-02-26,6.162634567245647,-0.022642556331456842,"PDD, CRWD, INTC"
Nasdaq-100 Top3 PIT membership,3,2024-02-27,6.2908756564146655,0.020809458644622282,"PDD, CRWD, INTC"
Nasdaq-100 Top3 PIT membership,3,2024-02-28,6.2049027285786975,-0.013666289485201173,"PDD, CRWD, INTC"
Nasdaq-100 Top3 PIT membership,3,2024-02-29,6.243187721919534,0.0061701198254893175,"PDD, CRWD, INTC"
Nasdaq-100 Top3 PIT membership,3,2024-03-01,6.262124324019811,0.0030331623753345367,"PDD, CRWD, INTC"
Nasdaq-100 Top3 PIT membership,3,2024-03-04,6.262772001064782,0.00010342768866585493,"CRWD, ZS, AMD"
Nasdaq-100 Top3 PIT membership,3,2024-03-05,6.054338377074481,-0.03328136869023227,"CRWD, ZS, AMD"
Nasdaq-100 Top3 PIT membership,3,2024-03-06,6.543929004290623,0.08086608258798988,"CRWD, ZS, AMD"
Nasdaq-100 Top3 PIT membership,3,2024-03-07,6.25965643107098,-0.04344065668091075,"CRWD, ZS, AMD"
Nasdaq-100 Top3 PIT membership,3,2024-03-08,6.261472302894238,0.0002900912922703114,"CRWD, ZS, AMD"
Nasdaq-100 Top3 PIT membership,3,2024-03-11,6.038965998804247,-0.03553578029677499,"CRWD, ZS, AMD"
Nasdaq-100 Top3 PIT membership,3,2024-03-12,6.077389660835858,0.0063626226806409916,"CRWD, ZS, AMD"
Nasdaq-100 Top3 PIT membership,3,2024-03-13,6.099801942692862,0.0036878138654550243,"CRWD, ZS, AMD"
Nasdaq-100 Top3 PIT membership,3,2024-03-14,6.073320992078076,-0.004341280399523084,"CRWD, ZS, AMD"
Nasdaq-100 Top3 PIT membership,3,2024-03-15,5.916785046409995,-0.025774357369265328,"CRWD, ZS, AMD"
Nasdaq-100 Top3 PIT membership,3,2024-03-18,5.919858008411192,0.000519363468013994,"CRWD, ZS, AMD"
Nasdaq-100 Top3 PIT membership,3,2024-03-19,5.805302424654037,-0.01935106950105736,"CRWD, ZS, AMD"
Nasdaq-100 Top3 PIT membership,3,2024-03-20,5.838908710320633,0.005788894911637624,"CRWD, ZS, AMD"
Nasdaq-100 Top3 PIT membership,3,2024-03-21,5.943312308000627,0.017880669635312874,"CRWD, ZS, AMD"
Nasdaq-100 Top3 PIT membership,3,2024-03-22,5.84082700721167,-0.017243802021138323,"CRWD, ZS, AMD"
Nasdaq-100 Top3 PIT membership,3,2024-03-25,5.756974848991552,-0.014356213275377947,"CRWD, ZS, AMD"
Nasdaq-100 Top3 PIT membership,3,2024-03-26,5.8405202902678495,0.014512038608424907,"CRWD, ZS, AMD"
Nasdaq-100 Top3 PIT membership,3,2024-03-27,5.90431697976651,0.010923117518308434,"CRWD, ZS, AMD"
Nasdaq-100 Top3 PIT membership,3,2024-03-28,5.77366335944819,-0.022128490182023786,"CRWD, ZS, AMD"
Nasdaq-100 Top3 PIT membership,3,2024-04-01,5.784116842839898,0.001810546050386034,"CRWD, ZS, AMD"
Nasdaq-100 Top3 PIT membership,3,2024-04-02,5.689318790270862,-0.016389373718545465,"CRWD, NVDA, AMD"
Nasdaq-100 Top3 PIT membership,3,2024-04-03,5.691817847011875,0.0004392541239360832,"CRWD, NVDA, AMD"
Nasdaq-100 Top3 PIT membership,3,2024-04-04,5.836849531987923,0.025480731968994325,"CRWD, NVDA, AMD"
Nasdaq-100 Top3 PIT membership,3,2024-04-05,5.515562136643357,-0.055044659552006915,"CRWD, NVDA, AMD"
Nasdaq-100 Top3 PIT membership,3,2024-04-08,5.593819092411731,0.014188391650682936,"CRWD, NVDA, AMD"
Nasdaq-100 Top3 PIT membership,3,2024-04-09,5.582638692322887,-0.001998706054689844,"CRWD, NVDA, AMD"
Nasdaq-100 Top3 PIT membership,3,2024-04-10,5.416379120767849,-0.029781538931343346,"CRWD, NVDA, AMD"
Nasdaq-100 Top3 PIT membership,3,2024-04-11,5.545188990526376,0.02378154610053714,"CRWD, NVDA, AMD"
Nasdaq-100 Top3 PIT membership,3,2024-04-12,5.562122692691371,0.0030537646586842326,"CRWD, NVDA, AMD"
Nasdaq-100 Top3 PIT membership,3,2024-04-15,5.525773657509322,-0.006535101289623127,"CRWD, NVDA, AMD"
Nasdaq-100 Top3 PIT membership,3,2024-04-16,5.37245095431338,-0.027746830163335047,"CRWD, NVDA, AMD"
Nasdaq-100 Top3 PIT membership,3,2024-04-17,5.469431759812127,0.01805150132099091,"CRWD, NVDA, AMD"
Nasdaq-100 Top3 PIT membership,3,2024-04-18,5.239848439832766,-0.04197571705095138,"CRWD, NVDA, AMD"
Nasdaq-100 Top3 PIT membership,3,2024-04-19,5.15215049698299,-0.016736732723623377,"CRWD, NVDA, AMD"
Nasdaq-100 Top3 PIT membership,3,2024-04-22,4.972427702736826,-0.03488306375200149,"CRWD, NVDA, AMD"
Nasdaq-100 Top3 PIT membership,3,2024-04-23,5.105670256014924,0.026796277642158785,"CRWD, NVDA, AMD"
Nasdaq-100 Top3 PIT membership,3,2024-04-24,5.294137731260673,0.036913366080333646,"CRWD, NVDA, AMD"
Nasdaq-100 Top3 PIT membership,3,2024-04-25,5.022175422588422,-0.05137046342152688,"CRWD, NVDA, AMD"
Nasdaq-100 Top3 PIT membership,3,2024-04-26,5.2466985727310345,0.04470635357195333,"CRWD, NVDA, AMD"
Nasdaq-100 Top3 PIT membership,3,2024-04-29,5.451603291942836,0.03905402919023489,"CRWD, NVDA, AMD"
Nasdaq-100 Top3 PIT membership,3,2024-04-30,5.400493084031339,-0.009375261766943735,"CRWD, NVDA, AMD"
Nasdaq-100 Top3 PIT membership,3,2024-05-01,5.146642906830695,-0.047004999960327955,"CRWD, NVDA, AMD"
Nasdaq-100 Top3 PIT membership,3,2024-05-02,4.957945210869446,-0.03666422935828839,"NVDA, DASH, AMD"
Nasdaq-100 Top3 PIT membership,3,2024-05-03,5.049253930542923,0.018416645563831345,"NVDA, DASH, AMD"
Nasdaq-100 Top3 PIT membership,3,2024-05-06,5.099690835328141,0.009988981635509615,"NVDA, DASH, AMD"
Nasdaq-100 Top3 PIT membership,3,2024-05-07,5.168517642316862,0.013496270501718012,"NVDA, DASH, AMD"
Nasdaq-100 Top3 PIT membership,3,2024-05-08,5.091496256179986,-0.014902026357861234,"NVDA, DASH, AMD"
Nasdaq-100 Top3 PIT membership,3,2024-05-09,5.100424659844273,0.0017535913246424784,"NVDA, DASH, AMD"
Nasdaq-100 Top3 PIT membership,3,2024-05-10,5.165065911420271,0.012673699914620935,"NVDA, DASH, AMD"
Nasdaq-100 Top3 PIT membership,3,2024-05-13,5.114863355267791,-0.009719635143760546,"NVDA, DASH, AMD"
Nasdaq-100 Top3 PIT membership,3,2024-05-14,5.103128404554372,-0.0022942843040632353,"NVDA, DASH, AMD"
Nasdaq-100 Top3 PIT membership,3,2024-05-15,5.214193872491245,0.02176419230167729,"NVDA, DASH, AMD"
Nasdaq-100 Top3 PIT membership,3,2024-05-16,5.304154205659019,0.017252970520022726,"NVDA, DASH, AMD"
Nasdaq-100 Top3 PIT membership,3,2024-05-17,5.393319823640344,0.016810525207995197,"NVDA, DASH, AMD"
Nasdaq-100 Top3 PIT membership,3,2024-05-20,5.374442248973592,-0.0035001771235606176,"NVDA, DASH, AMD"
Nasdaq-100 Top3 PIT membership,3,2024-05-21,5.307643189369205,-0.012429021749586006,"NVDA, DASH, AMD"
Nasdaq-100 Top3 PIT membership,3,2024-05-22,5.353522234328751,0.008643958028572466,"NVDA, DASH, AMD"
Nasdaq-100 Top3 PIT membership,3,2024-05-23,5.492744756131473,0.026005780065687732,"NVDA, DASH, AMD"
Nasdaq-100 Top3 PIT membership,3,2024-05-24,5.424863780674177,-0.01235829780393882,"NVDA, DASH, AMD"
Nasdaq-100 Top3 PIT membership,3,2024-05-28,5.650718757444656,0.04163329917611495,"NVDA, DASH, AMD"
Nasdaq-100 Top3 PIT membership,3,2024-05-29,5.652276126047772,0.0002756053999439412,"NVDA, DASH, AMD"
Nasdaq-100 Top3 PIT membership,3,2024-05-30,5.660313621808617,0.0014219927656764493,"NVDA, DASH, AMD"
Nasdaq-100 Top3 PIT membership,3,2024-05-31,5.620265833157583,-0.007075188996018592,"NVDA, DASH, AMD"
Nasdaq-100 Top3 PIT membership,3,2024-06-03,5.672816796084761,0.009350262867842572,"NVDA, DASH, AMD"
Nasdaq-100 Top3 PIT membership,3,2024-06-04,5.621499752532912,-0.009046130942791423,"NVDA, CEG, MU"
Nasdaq-100 Top3 PIT membership,3,2024-06-05,5.66319570023565,0.007417228415593373,"NVDA, CEG, MU"
Nasdaq-100 Top3 PIT membership,3,2024-06-06,5.873847476195242,0.037196626623873685,"NVDA, CEG, MU"
Nasdaq-100 Top3 PIT membership,3,2024-06-07,5.683874596386104,-0.03234215402749803,"NVDA, CEG, MU"
Nasdaq-100 Top3 PIT membership,3,2024-06-10,5.6621832570806685,-0.003816294490245749,"NVDA, CEG, MU"
Nasdaq-100 Top3 PIT membership,3,2024-06-11,5.875933606239768,0.0377505176809317,"NVDA, CEG, MU"
Nasdaq-100 Top3 PIT membership,3,2024-06-12,6.0366316612768,0.027348514432903755,"NVDA, CEG, MU"
Nasdaq-100 Top3 PIT membership,3,2024-06-13,6.193583735178502,0.025999942138014334,"NVDA, CEG, MU"
Nasdaq-100 Top3 PIT membership,3,2024-06-14,6.174215263412519,-0.0031271833229563244,"NVDA, CEG, MU"
Nasdaq-100 Top3 PIT membership,3,2024-06-17,6.230688781679261,0.009146671416106145,"NVDA, CEG, MU"
Nasdaq-100 Top3 PIT membership,3,2024-06-18,6.279190137036724,0.007784268651016114,"NVDA, CEG, MU"
Nasdaq-100 Top3 PIT membership,3,2024-06-20,6.598595777246851,0.050867330537765966,"NVDA, CEG, MU"
Nasdaq-100 Top3 PIT membership,3,2024-06-21,6.119825894777007,-0.07255632844198903,"NVDA, CEG, MU"
Nasdaq-100 Top3 PIT membership,3,2024-06-24,6.0828101503008725,-0.0060484963318524106,"NVDA, CEG, MU"
Nasdaq-100 Top3 PIT membership,3,2024-06-25,6.00155956758835,-0.013357408945025795,"NVDA, CEG, MU"
Nasdaq-100 Top3 PIT membership,3,2024-06-26,6.16296022998287,0.026893120126003645,"NVDA, CEG, MU"
Nasdaq-100 Top3 PIT membership,3,2024-06-27,5.904881385459472,-0.04187579262118904,"NVDA, CEG, MU"
Nasdaq-100 Top3 PIT membership,3,2024-06-28,5.847257115733272,-0.009758751440477182,"NVDA, CEG, MU"
Nasdaq-100 Top3 PIT membership,3,2024-07-01,5.823764666812861,-0.004017687003569487,"NVDA, CEG, MU"
Nasdaq-100 Top3 PIT membership,3,2024-07-02,5.664710915430239,-0.027311157040565415,"NVDA, CEG, ARM"
Nasdaq-100 Top3 PIT membership,3,2024-07-03,5.757196212611071,0.016326569627571026,"NVDA, CEG, ARM"
Nasdaq-100 Top3 PIT membership,3,2024-07-05,6.004453442786169,0.04294750796116409,"NVDA, CEG, ARM"
Nasdaq-100 Top3 PIT membership,3,2024-07-08,6.128817753809708,0.020712011877276188,"NVDA, CEG, ARM"
Nasdaq-100 Top3 PIT membership,3,2024-07-09,6.281993466720286,0.02499270153943859,"NVDA, CEG, ARM"
Nasdaq-100 Top3 PIT membership,3,2024-07-10,6.321615959585671,0.006307312014138699,"NVDA, CEG, ARM"
Nasdaq-100 Top3 PIT membership,3,2024-07-11,6.40162770717388,0.012656850416052837,"NVDA, CEG, ARM"
Nasdaq-100 Top3 PIT membership,3,2024-07-12,6.105974568934795,-0.046184056893493766,"NVDA, CEG, ARM"
Nasdaq-100 Top3 PIT membership,3,2024-07-15,6.243444535877696,0.022514009089114717,"NVDA, CEG, ARM"
Nasdaq-100 Top3 PIT membership,3,2024-07-16,6.15810983957148,-0.01366788730417053,"NVDA, CEG, ARM"
Nasdaq-100 Top3 PIT membership,3,2024-07-17,5.8154061059357,-0.05565079911917073,"NVDA, CEG, ARM"
Nasdaq-100 Top3 PIT membership,3,2024-07-18,5.66351361404034,-0.026118982772385297,"NVDA, CEG, ARM"
Nasdaq-100 Top3 PIT membership,3,2024-07-19,5.582821291928588,-0.014247749296780816,"NVDA, CEG, ARM"
Nasdaq-100 Top3 PIT membership,3,2024-07-22,5.654528469323132,0.012844254480833261,"NVDA, CEG, ARM"
Nasdaq-100 Top3 PIT membership,3,2024-07-23,5.641986202919302,-0.0022180923611712453,"NVDA, CEG, ARM"
Nasdaq-100 Top3 PIT membership,3,2024-07-24,5.618053577751981,-0.004241879420927538,"NVDA, CEG, ARM"
Nasdaq-100 Top3 PIT membership,3,2024-07-25,5.233133341954118,-0.068514874497136,"NVDA, CEG, ARM"
Nasdaq-100 Top3 PIT membership,3,2024-07-26,5.322484710235301,0.017074162350278956,"NVDA, CEG, ARM"
Nasdaq-100 Top3 PIT membership,3,2024-07-29,5.1768377722035535,-0.027364463396515583,"NVDA, CEG, ARM"
Nasdaq-100 Top3 PIT membership,3,2024-07-30,5.052006798030857,-0.024113364116403597,"NVDA, CEG, ARM"
Nasdaq-100 Top3 PIT membership,3,2024-07-31,5.297225148497951,0.048538800573798634,"NVDA, CEG, ARM"
Nasdaq-100 Top3 PIT membership,3,2024-08-01,5.143074861274316,-0.029100195461267922,"NVDA, CEG, ARM"
Nasdaq-100 Top3 PIT membership,3,2024-08-02,4.6302972576820824,-0.0997025354332838,"ARM, NVDA, CEG"
Nasdaq-100 Top3 PIT membership,3,2024-08-05,4.076536224856375,-0.1195951365556428,"ARM, NVDA, CEG"
Nasdaq-100 Top3 PIT membership,3,2024-08-06,4.636680265187087,0.13740685950863743,"ARM, NVDA, CEG"
Nasdaq-100 Top3 PIT membership,3,2024-08-07,4.872558524921922,0.050872228888812,"ARM, NVDA, CEG"
Nasdaq-100 Top3 PIT membership,3,2024-08-08,4.64386040580482,-0.04693594093274981,"ARM, NVDA, CEG"
Nasdaq-100 Top3 PIT membership,3,2024-08-09,4.830866477857803,0.04026952916569715,"ARM, NVDA, CEG"
Nasdaq-100 Top3 PIT membership,3,2024-08-12,4.851547103810653,0.0042809351174657815,"ARM, NVDA, CEG"
Nasdaq-100 Top3 PIT membership,3,2024-08-13,4.967056208135159,0.023808715416527584,"ARM, NVDA, CEG"
Nasdaq-100 Top3 PIT membership,3,2024-08-14,5.179556790351677,0.042781996682155356,"ARM, NVDA, CEG"
Nasdaq-100 Top3 PIT membership,3,2024-08-15,5.172114490713456,-0.0014368603221195744,"ARM, NVDA, CEG"
Nasdaq-100 Top3 PIT membership,3,2024-08-16,5.281992084962992,0.021244230855063623,"ARM, NVDA, CEG"
Nasdaq-100 Top3 PIT membership,3,2024-08-19,5.293170933830615,0.002116407727957033,"ARM, NVDA, CEG"
Nasdaq-100 Top3 PIT membership,3,2024-08-20,5.4047525315066896,0.021080293659687888,"ARM, NVDA, CEG"
Nasdaq-100 Top3 PIT membership,3,2024-08-21,5.36444116617755,-0.0074585034364010126,"ARM, NVDA, CEG"
Nasdaq-100 Top3 PIT membership,3,2024-08-22,5.45443552253665,0.016776091594872478,"ARM, NVDA, CEG"
Nasdaq-100 Top3 PIT membership,3,2024-08-23,5.357696046815317,-0.017735928002379737,"ARM, NVDA, CEG"
Nasdaq-100 Top3 PIT membership,3,2024-08-26,5.4767151957505815,0.02221461387418781,"ARM, NVDA, CEG"
Nasdaq-100 Top3 PIT membership,3,2024-08-27,5.31178391755495,-0.03011500001380433,"ARM, NVDA, CEG"
Nasdaq-100 Top3 PIT membership,3,2024-08-28,5.411361529945143,0.018746548040310618,"ARM, NVDA, CEG"
Nasdaq-100 Top3 PIT membership,3,2024-08-29,5.242040395740278,-0.03128993198253035,"ARM, NVDA, CEG"
Nasdaq-100 Top3 PIT membership,3,2024-08-30,5.318773174205276,0.014637960159054162,"ARM, NVDA, CEG"
Nasdaq-100 Top3 PIT membership,3,2024-09-03,5.222796571131058,-0.018044876126637816,"ARM, NVDA, CEG"
Nasdaq-100 Top3 PIT membership,3,2024-09-04,5.066196299475627,-0.02998398837148597,"NVDA, CHTR, BKR"
Nasdaq-100 Top3 PIT membership,3,2024-09-05,4.99681868687262,-0.01369422116750348,"NVDA, CHTR, BKR"
Nasdaq-100 Top3 PIT membership,3,2024-09-06,5.017896466951152,0.004218239924115334,"NVDA, CHTR, BKR"
Nasdaq-100 Top3 PIT membership,3,2024-09-09,4.94198899017614,-0.015127350130667978,"NVDA, CHTR, BKR"
Nasdaq-100 Top3 PIT membership,3,2024-09-10,4.964895036725191,0.004634985345897236,"NVDA, CHTR, BKR"
Nasdaq-100 Top3 PIT membership,3,2024-09-11,4.967900262595646,0.0006052949454572465,"NVDA, CHTR, BKR"
Nasdaq-100 Top3 PIT membership,3,2024-09-12,5.096854341049494,0.025957461228593916,"NVDA, CHTR, BKR"
Nasdaq-100 Top3 PIT membership,3,2024-09-13,5.191389895719855,0.018547823489673133,"NVDA, CHTR, BKR"
Nasdaq-100 Top3 PIT membership,3,2024-09-16,5.185692415171573,-0.0010974865426653926,"NVDA, CHTR, BKR"
Nasdaq-100 Top3 PIT membership,3,2024-09-17,5.231481008016297,0.008829793435253103,"NVDA, CHTR, BKR"
Nasdaq-100 Top3 PIT membership,3,2024-09-18,5.210225261378339,-0.004063045742761357,"NVDA, CHTR, BKR"
Nasdaq-100 Top3 PIT membership,3,2024-09-19,5.284988013616169,0.014349236067012475,"NVDA, CHTR, BKR"
Nasdaq-100 Top3 PIT membership,3,2024-09-20,5.278567072511039,-0.0012149395776465486,"NVDA, CHTR, BKR"
Nasdaq-100 Top3 PIT membership,3,2024-09-23,5.25320186697984,-0.004805320304309875,"NVDA, CHTR, BKR"
Nasdaq-100 Top3 PIT membership,3,2024-09-24,5.278405660520113,0.004797796501729105,"NVDA, CHTR, BKR"
Nasdaq-100 Top3 PIT membership,3,2024-09-25,5.3029127953433175,0.004642904770754094,"NVDA, CHTR, BKR"
Nasdaq-100 Top3 PIT membership,3,2024-09-26,5.283163074072888,-0.003724315679445459,"NVDA, CHTR, BKR"
Nasdaq-100 Top3 PIT membership,3,2024-09-27,5.240338171645295,-0.008105920984676107,"NVDA, CHTR, BKR"
Nasdaq-100 Top3 PIT membership,3,2024-09-30,5.2193083859611376,-0.004013058889585806,"NVDA, CHTR, BKR"
Nasdaq-100 Top3 PIT membership,3,2024-10-01,5.280106174080527,0.011648629209747997,"NVDA, CHTR, BKR"
Nasdaq-100 Top3 PIT membership,3,2024-10-02,5.118175876634343,-0.030668000246109196,"AAPL, MELI, NVDA"
Nasdaq-100 Top3 PIT membership,3,2024-10-03,5.146850025876104,0.00560241576938869,"AAPL, MELI, NVDA"
Nasdaq-100 Top3 PIT membership,3,2024-10-04,5.233115994244961,0.01676092521350917,"AAPL, MELI, NVDA"
Nasdaq-100 Top3 PIT membership,3,2024-10-07,5.203353578099328,-0.0056873220808334075,"AAPL, MELI, NVDA"
Nasdaq-100 Top3 PIT membership,3,2024-10-08,5.276751949291179,0.014105974174190534,"AAPL, MELI, NVDA"
Nasdaq-100 Top3 PIT membership,3,2024-10-09,5.376039052202441,0.018815950392475557,"AAPL, MELI, NVDA"
Nasdaq-100 Top3 PIT membership,3,2024-10-10,5.399330942124217,0.004332537337546793,"AAPL, MELI, NVDA"
Nasdaq-100 Top3 PIT membership,3,2024-10-11,5.452505539862114,0.00984836793815358,"AAPL, MELI, NVDA"
Nasdaq-100 Top3 PIT membership,3,2024-10-14,5.5107928470243746,0.010690004207448329,"AAPL, MELI, NVDA"
Nasdaq-100 Top3 PIT membership,3,2024-10-15,5.554725511924943,0.007972113291155585,"AAPL, MELI, NVDA"
Nasdaq-100 Top3 PIT membership,3,2024-10-16,5.445372207789922,-0.019686536067400524,"AAPL, MELI, NVDA"
Nasdaq-100 Top3 PIT membership,3,2024-10-17,5.56589875728731,0.022133757785182707,"AAPL, MELI, NVDA"
Nasdaq-100 Top3 PIT membership,3,2024-10-18,5.577955222286224,0.0021661308487025406,"AAPL, MELI, NVDA"
Nasdaq-100 Top3 PIT membership,3,2024-10-21,5.556312373150725,-0.003880068640391217,"AAPL, MELI, NVDA"
Nasdaq-100 Top3 PIT membership,3,2024-10-22,5.627568523898985,0.012824360108439015,"AAPL, MELI, NVDA"
Nasdaq-100 Top3 PIT membership,3,2024-10-23,5.603431341950223,-0.004289096053874175,"AAPL, MELI, NVDA"
Nasdaq-100 Top3 PIT membership,3,2024-10-24,5.5334379697663545,-0.01249116263098678,"AAPL, MELI, NVDA"
Nasdaq-100 Top3 PIT membership,3,2024-10-25,5.546787481594073,0.002412516757332043,"AAPL, MELI, NVDA"
Nasdaq-100 Top3 PIT membership,3,2024-10-28,5.604565722004849,0.010416523186168886,"AAPL, MELI, NVDA"
Nasdaq-100 Top3 PIT membership,3,2024-10-29,5.5694352030503795,-0.006268196448573793,"AAPL, MELI, NVDA"
Nasdaq-100 Top3 PIT membership,3,2024-10-30,5.516904165667049,-0.009432022362798793,"AAPL, MELI, NVDA"
Nasdaq-100 Top3 PIT membership,3,2024-10-31,5.465412521243359,-0.009333431010843718,"AAPL, MELI, NVDA"
Nasdaq-100 Top3 PIT membership,3,2024-11-01,5.374260090036211,-0.01667805144677555,"AAPL, MELI, NVDA"
Nasdaq-100 Top3 PIT membership,3,2024-11-04,5.12718132836399,-0.04597447044483394,"CEG, ARM, AVGO"
Nasdaq-100 Top3 PIT membership,3,2024-11-05,5.106943798944484,-0.003947106240918393,"CEG, ARM, AVGO"
Nasdaq-100 Top3 PIT membership,3,2024-11-06,5.323368006768381,0.04237841972504719,"CEG, ARM, AVGO"
Nasdaq-100 Top3 PIT membership,3,2024-11-07,5.328122701745072,0.000893174202994433,"CEG, ARM, AVGO"
Nasdaq-100 Top3 PIT membership,3,2024-11-08,5.453595801073343,0.023549213550802042,"CEG, ARM, AVGO"
Nasdaq-100 Top3 PIT membership,3,2024-11-11,5.414633965270219,-0.007144247066395233,"CEG, ARM, AVGO"
Nasdaq-100 Top3 PIT membership,3,2024-11-12,5.266712185015889,-0.027318888257841307,"CEG, ARM, AVGO"
Nasdaq-100 Top3 PIT membership,3,2024-11-13,5.168298146121786,-0.01868604841823277,"CEG, ARM, AVGO"
Nasdaq-100 Top3 PIT membership,3,2024-11-14,5.119371212264132,-0.009466739819251354,"CEG, ARM, AVGO"
Nasdaq-100 Top3 PIT membership,3,2024-11-15,4.984716650423614,-0.026302949377442042,"CEG, ARM, AVGO"
Nasdaq-100 Top3 PIT membership,3,2024-11-18,4.894682106180708,-0.01806211878367333,"CEG, ARM, AVGO"
Nasdaq-100 Top3 PIT membership,3,2024-11-19,4.9196010880840175,0.0050910317284636655,"CEG, ARM, AVGO"
Nasdaq-100 Top3 PIT membership,3,2024-11-20,5.0264998131026815,0.021729144925507923,"CEG, ARM, AVGO"
Nasdaq-100 Top3 PIT membership,3,2024-11-21,5.094728377204008,0.01357377233427422,"CEG, ARM, AVGO"
Nasdaq-100 Top3 PIT membership,3,2024-11-22,5.12130802821924,0.005217088929443394,"CEG, ARM, AVGO"
Nasdaq-100 Top3 PIT membership,3,2024-11-25,5.234559067430991,0.022113694116370132,"CEG, ARM, AVGO"
Nasdaq-100 Top3 PIT membership,3,2024-11-26,5.209501140766399,-0.004787017653597828,"CEG, ARM, AVGO"
Nasdaq-100 Top3 PIT membership,3,2024-11-27,5.244237039969307,0.006667797599867242,"CEG, ARM, AVGO"
Nasdaq-100 Top3 PIT membership,3,2024-11-29,5.135584512883849,-0.020718462239093238,"CEG, ARM, AVGO"
Nasdaq-100 Top3 PIT membership,3,2024-12-02,5.180267823338084,0.008700725368677165,"CEG, ARM, AVGO"
Nasdaq-100 Top3 PIT membership,3,2024-12-03,5.203021390032684,0.004392353343603475,"APP, TSLA, ADSK"
Nasdaq-100 Top3 PIT membership,3,2024-12-04,5.439119057558421,0.045377031887284584,"APP, TSLA, ADSK"
Nasdaq-100 Top3 PIT membership,3,2024-12-05,5.476668560070835,0.0069036000343170026,"APP, TSLA, ADSK"
Nasdaq-100 Top3 PIT membership,3,2024-12-06,5.630998067253543,0.028179449877228313,"APP, TSLA, ADSK"
Nasdaq-100 Top3 PIT membership,3,2024-12-09,5.681027660680864,0.008884676007662295,"APP, TSLA, ADSK"
Nasdaq-100 Top3 PIT membership,3,2024-12-10,5.503492708385801,-0.031250499539688094,"APP, TSLA, ADSK"
Nasdaq-100 Top3 PIT membership,3,2024-12-11,5.5004651502217605,-0.0005501157763736126,"APP, TSLA, ADSK"
Nasdaq-100 Top3 PIT membership,3,2024-12-12,5.616651785456052,0.02112305633453711,"APP, TSLA, ADSK"
Nasdaq-100 Top3 PIT membership,3,2024-12-13,5.5551332801811615,-0.010952878623201897,"APP, TSLA, ADSK"
Nasdaq-100 Top3 PIT membership,3,2024-12-16,5.623784424450598,0.01235814530577702,"APP, TSLA, ADSK"
Nasdaq-100 Top3 PIT membership,3,2024-12-17,5.846641758917384,0.03962764530906741,"APP, TSLA, ADSK"
Nasdaq-100 Top3 PIT membership,3,2024-12-18,5.80611861501523,-0.006931011950637575,"APP, TSLA, ADSK"
Nasdaq-100 Top3 PIT membership,3,2024-12-19,5.546517677115463,-0.04471161461090585,"APP, TSLA, ADSK"
Nasdaq-100 Top3 PIT membership,3,2024-12-20,5.407157146229363,-0.02512577061839938,"APP, TSLA, ADSK"
Nasdaq-100 Top3 PIT membership,3,2024-12-23,5.6736027305463645,0.04927646397382879,"APP, TSLA, ADSK"
Nasdaq-100 Top3 PIT membership,3,2024-12-24,5.67813812850213,0.0007993858877970072,"APP, TSLA, ADSK"
Nasdaq-100 Top3 PIT membership,3,2024-12-26,5.797121811235073,0.020954700297917794,"APP, TSLA, ADSK"
Nasdaq-100 Top3 PIT membership,3,2024-12-27,5.747714247624161,-0.008522774787163826,"APP, TSLA, ADSK"
Nasdaq-100 Top3 PIT membership,3,2024-12-30,5.492739196410187,-0.044361121696223596,"APP, TSLA, ADSK"
Nasdaq-100 Top3 PIT membership,3,2024-12-31,5.564917282524079,0.013140635943731827,"APP, TSLA, ADSK"
