Date,Close,EMA200_weekly,ATR14,Equity,InPosition
2020-12-31,13.055000305175781,6.4764914927544694,0.274660587310791,1.0,0
2021-01-04,13.113499641418457,6.54194929188304,0.30987487520490375,1.0,0
2021-01-05,13.404749870300293,6.54194929188304,0.30851772853306364,1.0,0
2021-01-06,12.614500045776367,6.54194929188304,0.34719630650111605,1.0,0
2021-01-07,13.343999862670898,6.54194929188304,0.38566058022635324,1.0,0
2021-01-08,13.276749610900879,6.6089622303807305,0.3983748299734933,1.0,0
2021-01-11,13.621500015258789,6.6089622303807305,0.42335707800728933,1.0,0
2021-01-12,13.484749794006348,6.6089622303807305,0.42385707582746235,1.0,0
2021-01-13,13.531749725341797,6.6089622303807305,0.42076778411865234,1.0,0
2021-01-14,13.200249671936035,6.6089622303807305,0.43119634900774273,1.0,0
2021-01-15,12.85949993133545,6.671156635365355,0.4514106341770717,1.0,0
2021-01-19,13.025250434875488,6.671156635365355,0.44789280210222515,1.0,0
2021-01-20,13.365750312805176,6.671156635365355,0.46039274760654997,1.0,0
2021-01-21,13.867500305175781,6.671156635365355,0.49105351311819895,1.0,0
2021-01-22,13.712499618530273,6.741219749625703,0.4913571221487863,1.0,0
2021-01-25,13.653249740600586,6.741219749625703,0.48435708454677034,1.0,0
2021-01-26,13.435250282287598,6.741219749625703,0.47787496021815706,1.0,0
2021-01-27,12.917750358581543,6.741219749625703,0.46521432059151785,1.0,0
2021-01-28,13.050999641418457,6.741219749625703,0.4408392906188965,1.0,0
2021-01-29,12.989749908447266,6.803394179066714,0.44400003978184294,1.0,0
2021-02-01,13.237000465393066,6.803394179066714,0.4214106968470982,1.0,0
2021-02-02,13.556750297546387,6.803394179066714,0.4160891941615513,1.0,0
2021-02-03,13.530500411987305,6.803394179066714,0.42860705511910574,1.0,0
2021-02-04,13.664250373840332,6.803394179066714,0.42264277594430105,1.0,0
2021-02-05,13.590999603271484,6.870932541496613,0.4022678647722517,1.0,0
2021-02-08,14.438750267028809,6.870932541496613,0.44746432985578266,1.0,0
2021-02-09,14.263250350952148,6.870932541496613,0.44428580147879465,1.0,0
2021-02-10,14.764249801635742,6.870932541496613,0.43682146072387695,1.0,0
2021-02-11,15.250749588012695,6.870932541496613,0.4559464454650879,1.0,0
2021-02-12,14.961250305175781,6.951433215762078,0.45053577423095703,1.0,0
2021-02-16,15.330249786376953,6.951433215762078,0.46173225130353657,1.0,0
2021-02-17,14.906000137329102,6.951433215762078,0.45521436418805805,1.0,0
2021-02-18,14.829000473022461,6.951433215762078,0.44871439252580914,1.0,0
2021-02-19,14.92650032043457,7.030787117301108,0.44333934783935547,1.0,0
2021-02-22,14.35575008392334,7.030787117301108,0.47478580474853516,1.0,0
2021-02-23,14.142000198364258,7.030787117301108,0.5198751858302525,1.0,0
2021-02-24,14.49899959564209,7.030787117301108,0.543839522770473,1.0,0
2021-02-25,13.307499885559082,7.030787117301108,0.6114823477608817,1.0,0
2021-02-26,13.714500427246094,7.097291727350312,0.6368751525878906,1.0,0
2021-03-01,13.841750144958496,7.097291727350312,0.6003751073564801,1.0,0
2021-03-02,13.40625,7.097291727350312,0.6120715141296387,1.0,0
2021-03-03,12.804750442504883,7.097291727350312,0.6128572736467633,1.0,0
2021-03-04,12.37024974822998,7.097291727350312,0.6402322905404227,1.0,0
2021-03-05,12.46150016784668,7.15066693571346,0.6655537060328892,1.0,0
2021-03-08,11.593250274658203,7.15066693571346,0.7000000817435128,1.0,0
2021-03-09,12.52025032043457,7.15066693571346,0.7338036128452846,1.0,0
2021-03-10,12.468250274658203,7.15066693571346,0.7474820954459054,1.0,0
2021-03-11,12.993499755859375,7.15066693571346,0.7639107022966657,1.0,0
2021-03-12,12.855999946594238,7.207436418408791,0.7349999291556222,1.0,0
2021-03-15,13.19124984741211,7.207436418408791,0.6973748888288226,1.0,0
2021-03-16,13.291250228881836,7.207436418408791,0.6720177105494908,1.0,0
2021-03-17,13.3412504196167,7.207436418408791,0.6135177612304688,1.0,0
2021-03-18,12.72249984741211,7.207436418408791,0.6190356527056012,1.0,0
2021-03-19,12.845749855041504,7.263539039668818,0.61455351965768,1.0,0
2021-03-22,13.186249732971191,7.263539039668818,0.6162856646946498,1.0,0
2021-03-23,13.07075023651123,7.263539039668818,0.59274993624006,1.0,0
2021-03-24,12.642999649047852,7.263539039668818,0.5664106096540179,1.0,0
2021-03-25,12.535249710083008,7.263539039668818,0.535839148930141,1.0,0
2021-03-26,12.839249610900879,7.3190187468452566,0.5056962966918945,1.0,0
2021-03-29,12.948249816894531,7.3190187468452566,0.45848206111363005,1.0,0
2021-03-30,12.871749877929688,7.3190187468452566,0.44046429225376676,1.0,0
2021-03-31,13.348250389099121,7.3190187468452566,0.4419464383806501,1.0,0
2021-04-01,13.811750411987305,7.3190187468452566,0.45039285932268414,1.0,0
2021-04-05,13.987500190734863,7.383623042020799,0.43907145091465544,1.0,0
2021-04-06,13.861499786376953,7.383623042020799,0.43085711342947824,1.0,0
2021-04-07,14.143500328063965,7.383623042020799,0.4357320921761649,1.0,0
2021-04-08,14.317000389099121,7.383623042020799,0.41457135336739676,1.0,0
2021-04-09,14.399999618530273,7.4534377343243765,0.4091427666800363,1.0,0
2021-04-12,15.208999633789062,7.4534377343243765,0.4566070692879813,1.0,0
2021-04-13,15.679499626159668,7.4534377343243765,0.4745356695992606,1.0,0
2021-04-14,15.277000427246094,7.4534377343243765,0.47242852619716097,1.0,0
2021-04-15,16.137250900268555,7.4534377343243765,0.5077499662126813,1.0,0
2021-04-16,15.912500381469727,7.537607511907912,0.494732175554548,1.0,0
2021-04-19,15.361749649047852,7.537607511907912,0.5173750604901995,1.0,0
2021-04-20,15.171250343322754,7.537607511907912,0.5362142835344587,1.0,0
2021-04-21,15.36050033569336,7.537607511907912,0.512035710471017,1.0,0
2021-04-22,14.850250244140625,7.537607511907912,0.5215536526271275,1.0,0
2021-04-23,15.265250205993652,7.614499479013244,0.5361071995326451,1.0,0
2021-04-26,15.477999687194824,7.614499479013244,0.5413393974304199,1.0,0
2021-04-27,15.381750106811523,7.614499479013244,0.5259108543395996,1.0,0
2021-04-28,15.276749610900879,7.614499479013244,0.5251073156084333,1.0,0
2021-04-29,15.324749946594238,7.614499479013244,0.5345358848571777,1.0,0
2021-04-30,15.009499549865723,7.688081569270483,0.4741608755929129,1.0,0
2021-05-03,14.836750030517578,7.688081569270483,0.4659465381077358,1.0,0
2021-05-04,14.351249694824219,7.688081569270483,0.4897679601396833,1.0,0
2021-05-05,14.458499908447266,7.688081569270483,0.4558394295828683,1.0,0
2021-05-06,14.52299976348877,7.688081569270483,0.4596071924482073,1.0,0
2021-05-07,14.812250137329102,7.758968818703901,0.44305358614240375,1.0,0
2021-05-10,14.26574993133545,7.758968818703901,0.44507149287632536,1.0,0
2021-05-11,14.306249618530273,7.758968818703901,0.46967860630580355,1.0,0
2021-05-12,13.758500099182129,7.758968818703901,0.46553564071655273,1.0,0
2021-05-13,13.665249824523926,7.758968818703901,0.4753214291163853,1.0,0
2021-05-14,14.243000030517578,7.823486542204535,0.4973750114440918,1.0,0
2021-05-17,14.165499687194824,7.823486542204535,0.5026249885559082,1.0,0
2021-05-18,14.01574993133545,7.823486542204535,0.5085892677307129,1.0,0
2021-05-19,14.065750122070312,7.823486542204535,0.5208214351109096,1.0,0
2021-05-20,14.612500190734863,7.823486542204535,0.5386785779680524,1.0,0
2021-05-21,14.99174976348877,7.894812544406369,0.5494107518877301,1.0,0
2021-05-24,15.612000465393066,7.894812544406369,0.5441786221095494,1.0,0
2021-05-25,15.647749900817871,7.894812544406369,0.5351606777736119,1.0,0
2021-05-26,15.699999809265137,7.894812544406369,0.5247499602181571,1.0,0
2021-05-27,15.48799991607666,7.894812544406369,0.5134820938110352,1.0,0
2021-05-28,16.24449920654297,7.9778940037311115,0.5297142437526158,1.0,0
2021-06-01,16.26449966430664,7.9778940037311115,0.5211607388087681,1.0,0
2021-06-02,16.778249740600586,7.9778940037311115,0.5273215430123466,1.0,0
2021-06-03,16.969749450683594,7.9778940037311115,0.5311965261186872,1.0,0
2021-06-04,17.578250885009766,8.073419942848313,0.5332322120666504,1.0,0
2021-06-07,17.618999481201172,8.073419942848313,0.5496785981314523,1.0,0
2021-06-08,17.457000732421875,8.073419942848313,0.5475536073957171,1.0,0
2021-06-09,17.35824966430664,8.073419942848313,0.5320536068507603,1.0,0
2021-06-10,17.424999237060547,8.073419942848313,0.5104821750095913,1.0,0
2021-06-11,17.82525062561035,8.170453083970322,0.503678730555943,1.0,0
2021-06-14,18.018749237060547,8.170453083970322,0.4767857960292271,1.0,0
2021-06-15,17.78849983215332,8.170453083970322,0.47355358941214426,1.0,0
2021-06-16,17.81024932861328,8.170453083970322,0.48517867497035433,1.0,0
2021-06-17,18.657249450683594,8.170453083970322,0.5415178707667759,1.0,0
2021-06-18,18.638750076293945,8.274615243097921,0.5416250228881836,1.0,0
2021-06-21,18.427249908447266,8.274615243097921,0.565267835344587,1.0,0
2021-06-22,18.886749267578125,8.274615243097921,0.557732173374721,1.0,0
2021-06-23,19.057249069213867,8.274615243097921,0.5284464699881417,1.0,0
2021-06-24,19.20549964904785,8.274615243097921,0.5049822671072823,1.0,0
2021-06-25,19.0310001373291,8.381643948513156,0.4929287774222238,1.0,0
2021-06-28,19.985000610351562,8.381643948513156,0.5413037708827427,1.0,0
2021-06-29,20.026750564575195,8.381643948513156,0.5500537327357701,1.0,0
2021-06-30,20.002500534057617,8.381643948513156,0.5488215855189732,1.0,0
2021-07-01,20.211999893188477,8.381643948513156,0.5444820949009487,1.0,0
2021-07-02,20.48699951171875,8.50209524764953,0.538517951965332,1.0,0
2021-07-06,20.69849967956543,8.50209524764953,0.552875110081264,1.0,0
2021-07-07,20.371749877929688,8.50209524764953,0.5652142933436802,1.0,0
2021-07-08,19.90275001525879,8.50209524764953,0.5360893521990094,1.0,0
2021-07-09,20.050249099731445,8.617002251152831,0.5028750555855888,1.0,0
2021-07-12,20.512500762939453,8.617002251152831,0.47905363355364117,1.0,0
2021-07-13,20.25,8.617002251152831,0.46625001089913504,1.0,0
2021-07-14,19.84149932861328,8.617002251152831,0.49474988664899555,1.0,0
2021-07-15,18.966249465942383,8.617002251152831,0.5394462857927594,1.0,0
2021-07-16,18.160999298095703,8.711967395898533,0.584660530090332,1.0,0
2021-07-19,18.77975082397461,8.711967395898533,0.5938569477626255,1.0,0
2021-07-20,18.61199951171875,8.711967395898533,0.6104462487357003,1.0,0
2021-07-21,19.40999984741211,8.711967395898533,0.6544641767229352,1.0,0
2021-07-22,19.5939998626709,8.711967395898533,0.6657142639160156,1.0,0
2021-07-23,19.558000564575195,8.819888123945066,0.6769106728690011,1.0,0
2021-07-26,19.29400062561035,8.819888123945066,0.6877858298165458,1.0,0
2021-07-27,19.20800018310547,8.819888123945066,0.7119287763323102,1.0,0
2021-07-28,19.503000259399414,8.819888123945066,0.7105001722063337,1.0,0
2021-07-29,19.66200065612793,8.819888123945066,0.7247145516531808,1.0,0
2021-07-30,19.499000549316406,8.92614794907314,0.7187502724783761,1.0,0
2021-08-02,19.75,8.92614794907314,0.7331431252615792,1.0,0
2021-08-03,19.815000534057617,8.92614794907314,0.7572146824428013,1.0,0
2021-08-04,20.27400016784668,8.92614794907314,0.7225360870361328,1.0,0
2021-08-05,20.636999130249023,8.92614794907314,0.6778932298932757,1.0,0
2021-08-06,20.365999221801758,9.039977314970939,0.6243574959891183,1.0,0
2021-08-09,20.295000076293945,9.039977314970939,0.6022860663277763,1.0,0
2021-08-10,19.93600082397461,9.039977314970939,0.5794289452689034,1.0,0
2021-08-11,19.698999404907227,9.039977314970939,0.5800003324236188,1.0,0
2021-08-12,19.905000686645508,9.039977314970939,0.5770715985979352,1.0,0
2021-08-13,20.187999725341797,9.150902911094033,0.5570001602172852,1.0,0
2021-08-16,19.950000762939453,9.150902911094033,0.5536430903843471,1.0,0
2021-08-17,19.45800018310547,9.150902911094033,0.5559289114815849,1.0,0
2021-08-18,19.040000915527344,9.150902911094033,0.5637145723615374,1.0,0
2021-08-19,19.79800033569336,9.150902911094033,0.6590003967285156,1.0,0
2021-08-20,20.81599998474121,9.266973528742264,0.6923574720110212,1.0,0
2021-08-23,21.95800018310547,9.266973528742264,0.7051431110927037,1.0,0
2021-08-24,21.792999267578125,9.266973528742264,0.6995002201625279,1.0,0
2021-08-25,22.21299934387207,9.266973528742264,0.7201430456978934,1.0,0
2021-08-26,22.06800079345703,9.266973528742264,0.728928702218192,1.0,0
2021-08-27,22.63599967956543,9.399998664571351,0.7495715277535575,1.0,0
2021-08-30,22.687999725341797,9.399998664571351,0.7422142028808594,1.0,0
2021-08-31,22.385000228881836,9.399998664571351,0.7390713010515485,1.0,0
2021-09-01,22.44099998474121,9.399998664571351,0.7341428484235492,1.0,0
2021-09-02,22.395999908447266,9.399998664571351,0.7294999531337193,1.0,0
2021-09-03,22.843000411987305,9.533759875988427,0.7260712214878627,1.0,0
2021-09-07,22.66200065612793,9.533759875988427,0.7042140960693359,1.0,0
2021-09-08,22.339000701904297,9.533759875988427,0.7078569957188198,1.0,0
2021-09-09,22.177000045776367,9.533759875988427,0.613142558506557,1.0,0
2021-09-10,22.47800064086914,9.66255829155938,0.5689996991838727,1.0,0
2021-09-13,22.152000427246094,9.66255829155938,0.5636426380702427,1.0,0
2021-09-14,22.242000579833984,9.66255829155938,0.556499753679548,1.0,0
2021-09-15,22.340999603271484,9.66255829155938,0.5317141669137138,1.0,0
2021-09-16,22.242000579833984,9.66255829155938,0.5219999040876117,1.0,0
2021-09-17,21.899999618530273,9.784323876902375,0.5103570393153599,1.0,0
2021-09-20,21.113000869750977,9.784323876902375,0.5636427743094308,1.0,0
2021-09-21,21.246000289916992,9.784323876902375,0.556499889918736,1.0,0
2021-09-22,21.94099998474121,9.784323876902375,0.5867855889456612,1.0,0
2021-09-23,22.48200035095215,9.784323876902375,0.6115713119506836,1.0,0
2021-09-24,22.08099937438965,9.906678856976876,0.5997856685093471,1.0,0
2021-09-27,21.65999984741211,9.906678856976876,0.626856940133231,1.0,0
2021-09-28,20.698999404907227,9.906678856976876,0.6499997547694615,1.0,0
2021-09-29,20.517000198364258,9.906678856976876,0.6602141516549247,1.0,0
2021-09-30,20.715999603271484,9.906678856976876,0.6673570360456195,1.0,0
2021-10-01,20.742000579833984,10.014493003472968,0.635214124407087,1.0,0
2021-10-04,19.73200035095215,10.014493003472968,0.696857043675014,1.0,0
2021-10-05,20.451000213623047,10.014493003472968,0.733642714364188,1.0,0
2021-10-06,20.700000762939453,10.014493003472968,0.7497855595179966,1.0,0
2021-10-07,21.075000762939453,10.014493003472968,0.7591427394321987,1.0,0
2021-10-08,20.83099937438965,10.122119932536815,0.7014999389648438,1.0,0
2021-10-11,20.69499969482422,10.122119932536815,0.7070000512259347,1.0,0
2021-10-12,20.67099952697754,10.122119932536815,0.6902142933436802,1.0,0
2021-10-13,20.93899917602539,10.122119932536815,0.6669285637991769,1.0,0
2021-10-14,21.746000289916992,10.122119932536815,0.6808571134294782,1.0,0
2021-10-15,21.86199951171875,10.238934654717731,0.6460714340209961,1.0,0
2021-10-18,22.222000122070312,10.238934654717731,0.6202143260410854,1.0,0
2021-10-19,22.290000915527344,10.238934654717731,0.6053570338657924,1.0,0
2021-10-20,22.10300064086914,10.238934654717731,0.5983570643833706,1.0,0
2021-10-21,22.691999435424805,10.238934654717731,0.5963570731026786,1.0,0
2021-10-22,22.72599983215332,10.363184059468335,0.5522140775408063,1.0,0
2021-10-25,23.166000366210938,10.363184059468335,0.5317140306745257,1.0,0
2021-10-26,24.716999053955078,10.363184059468335,0.6354998179844448,1.0,0
2021-10-27,24.451000213623047,10.363184059468335,0.6487855911254883,1.0,0
2021-10-28,24.94099998474121,10.363184059468335,0.6536427906581334,1.0,0
2021-10-29,25.566999435424805,10.514465804502729,0.6690713337489537,1.0,0
2021-11-01,25.82699966430664,10.514465804502729,0.6789285114833287,1.0,0
2021-11-02,26.400999069213867,10.514465804502729,0.7188570840018136,1.0,0
2021-11-03,26.597999572753906,10.514465804502729,0.6997856412615094,1.0,0
2021-11-04,29.801000595092773,10.514465804502729,1.021071434020996,1.0,0
2021-11-05,29.75200080871582,10.70588406325112,1.116999898638044,1.0,0
2021-11-08,30.804000854492188,10.70588406325112,1.188857078552246,1.0,0
2021-11-09,30.656999588012695,10.70588406325112,1.324214254106794,1.0,0
2021-11-10,29.458999633789062,10.70588406325112,1.4273571286882674,1.0,0
2021-11-11,30.389999389648438,10.70588406325112,1.4675001416887556,1.0,0
2021-11-12,30.389999389648438,10.901745907294874,1.4975716727120536,1.0,0
2021-11-15,30.024999618530273,10.901745907294874,1.4478573117937361,1.0,0
2021-11-16,30.202999114990234,10.901745907294874,1.439000129699707,1.0,0
2021-11-17,29.26099967956543,10.901745907294874,1.5254287719726562,1.0,0
2021-11-18,31.674999237060547,10.901745907294874,1.7205001286097936,1.0,0
2021-11-19,32.98500061035156,11.121479784937229,1.7737859998430525,1.0,0
2021-11-22,31.95599937438965,11.121479784937229,1.9072859627859933,1.0,0
2021-11-23,31.746000289916992,11.121479784937229,1.9737860815865653,1.0,0
2021-11-24,32.67399978637695,11.121479784937229,1.7709289278302873,1.0,0
2021-11-26,31.503000259399414,11.324280983688096,1.725928851536342,1.0,0
2021-11-29,33.375999450683594,11.324280983688096,1.766000202723912,1.0,0
2021-11-30,32.67599868774414,11.324280983688096,1.7064286640712194,1.0,0
2021-12-01,31.434999465942383,11.324280983688096,1.6947859355381556,1.0,0
2021-12-02,32.125999450683594,11.324280983688096,1.7177859715053014,1.0,0
2021-12-03,30.69300079345703,11.517004563884802,1.785571779523577,1.0,0
2021-12-06,30.03700065612793,11.517004563884802,1.8754290172031947,1.0,0
2021-12-07,32.426998138427734,11.517004563884802,1.9988576344081335,1.0,0
2021-12-08,31.826000213623047,11.517004563884802,1.9486431394304549,1.0,0
2021-12-09,30.489999771118164,11.517004563884802,1.8256434031895228,1.0,0
2021-12-10,30.197999954223633,11.702885115032453,1.827857562473842,1.0,0
2021-12-13,28.160999298095703,11.702885115032453,1.7872148241315569,1.0,0
2021-12-14,28.336999893188477,11.702885115032453,1.7835003989083427,1.0,0
2021-12-15,30.458999633789062,11.702885115032453,1.8360004425048828,1.0,0
2021-12-16,28.386999130249023,11.702885115032453,1.9579290662493025,1.0,0
2021-12-17,27.801000595092773,11.863065368565392,1.9045720781598772,1.0,0
2021-12-20,27.7189998626709,11.863065368565392,1.867929186139788,1.0,0
2021-12-21,29.075000762939453,11.863065368565392,1.8543577194213867,1.0,0
2021-12-22,29.399999618530273,11.863065368565392,1.8295719964163644,1.0,0
2021-12-23,29.639999389648438,11.863065368565392,1.7338575635637556,1.0,0
2021-12-27,30.94499969482422,12.03995028419806,1.6475718361990792,1.0,0
2021-12-28,30.32200050354004,12.03995028419806,1.5694289888654436,1.0,0
2021-12-29,30.000999450683594,12.03995028419806,1.5820005961826868,1.0,0
2021-12-30,29.586000442504883,12.03995028419806,1.5205718449183874,1.0,0
2021-12-31,29.410999298095703,12.212796543042813,1.4673576354980469,1.0,0
2022-01-03,30.121000289916992,12.212796543042813,1.4046433312552316,1.0,0
2022-01-04,29.290000915527344,12.212796543042813,1.454000473022461,1.0,0
2022-01-05,27.604000091552734,12.212796543042813,1.39835752759661,1.0,0
2022-01-06,28.17799949645996,12.212796543042813,1.277357510157994,1.0,0
2022-01-07,27.246999740600586,12.362390604710056,1.2918575831821986,1.0,0
2022-01-10,27.399999618530273,12.362390604710056,1.3508577346801758,1.0,0
2022-01-11,27.816999435424805,12.362390604710056,1.315643310546875,1.0,0
2022-01-12,27.999000549316406,12.362390604710056,1.307143211364746,1.0,0
2022-01-13,26.575000762939453,12.362390604710056,1.4016432080950056,1.0,0
2022-01-14,26.941999435424805,12.507461339344035,1.368786130632673,1.0,0
2022-01-18,25.902999877929688,12.507461339344035,1.3583574295043945,1.0,0
2022-01-19,25.066999435424805,12.507461339344035,1.3804287229265486,1.0,0
2022-01-20,24.149999618530273,12.507461339344035,1.4221431187220983,1.0,0
2022-01-21,23.374000549316406,12.615586107602468,1.4836429868425642,1.0,0
2022-01-24,23.371999740600586,12.615586107602468,1.5687856674194336,1.0,0
2022-01-25,22.323999404907227,12.615586107602468,1.5154285430908203,1.0,0
2022-01-26,22.77199935913086,12.615586107602468,1.5064285823277064,1.0,0
2022-01-27,21.944000244140625,12.615586107602468,1.5740716116768974,1.0,0
2022-01-28,22.84000015258789,12.717321570736653,1.5881429399762834,1.0,0
2022-01-31,24.486000061035156,12.717321570736653,1.5770000730242049,1.0,0
2022-02-01,24.63800048828125,12.717321570736653,1.5790715898786272,1.0,0
2022-02-02,25.242000579833984,12.717321570736653,1.5988573346819197,1.0,0
2022-02-03,23.947999954223633,12.717321570736653,1.5617144448416573,1.0,0
2022-02-04,24.319000244140625,12.832761159526743,1.562857219151088,1.0,0
2022-02-07,24.72800064086914,12.832761159526743,1.5491429737636022,1.0,0
2022-02-08,25.107999801635742,12.832761159526743,1.5319287436349052,1.0,0
2022-02-09,26.704999923706055,12.832761159526743,1.5402144023350306,1.0,0
2022-02-10,25.823999404907227,12.832761159526743,1.5234286444527763,1.0,0
2022-02-11,23.948999404907227,12.943370495301673,1.515357289995466,1.0,0
2022-02-14,24.267000198364258,12.943370495301673,1.4973573684692383,1.0,0
2022-02-15,26.4950008392334,12.943370495301673,1.534571647644043,1.0,0
2022-02-16,26.51099967956543,12.943370495301673,1.4424287251063757,1.0,0
2022-02-17,24.506999969482422,12.943370495301673,1.4984286172049386,1.0,0
2022-02-18,23.642000198364258,13.049824522197818,1.5139285496303014,1.0,0
2022-02-22,23.389999389648438,13.049824522197818,1.5002855573381697,1.0,0
2022-02-23,22.386999130249023,13.049824522197818,1.542428425380162,1.0,0
2022-02-24,23.74799919128418,13.049824522197818,1.6458569935389928,1.0,0
2022-02-25,24.156999588012695,13.160343677081547,1.6339282989501953,1.0,0
2022-02-28,24.385000228881836,13.160343677081547,1.632356916155134,1.0,0
2022-03-01,23.476999282836914,13.160343677081547,1.6325712203979492,1.0,0
2022-03-02,24.219999313354492,13.160343677081547,1.5880711419241769,1.0,0
2022-03-03,23.714000701904297,13.160343677081547,1.554642677307129,1.0,0
2022-03-04,22.93600082397461,13.257613897448643,1.4727141516549247,1.0,0
2022-03-07,21.351999282836914,13.257613897448643,1.514357021876744,1.0,0
2022-03-08,21.513999938964844,13.257613897448643,1.4747141429356165,1.0,0
2022-03-09,23.013999938964844,13.257613897448643,1.5229997634887695,1.0,0
2022-03-10,22.658000946044922,13.257613897448643,1.4362855638776506,1.0,0
2022-03-11,22.100000381469727,13.345597842563281,1.3800713675362724,1.0,0
2022-03-14,21.329999923706055,13.345597842563281,1.382857050214495,1.0,0
2022-03-15,22.972999572753906,13.345597842563281,1.37299987248012,1.0,0
2022-03-16,24.496000289916992,13.345597842563281,1.2811427797589983,1.0,0
2022-03-17,24.766000747680664,13.345597842563281,1.2882856641496931,1.0,0
2022-03-18,26.452999114990234,13.47601974577151,1.358785629272461,1.0,0
2022-03-21,26.733999252319336,13.47601974577151,1.353928565979004,1.0,0
2022-03-22,26.52400016784668,13.47601974577151,1.3662143434797014,1.0,0
2022-03-23,25.634000778198242,13.47601974577151,1.3790713718959264,1.0,0
2022-03-24,28.149999618530273,13.47601974577151,1.4829284123011999,1.0,0
2022-03-25,27.691999435424805,13.617472279996916,1.4389283316476005,1.0,0
2022-03-28,28.2189998626709,13.617472279996916,1.3904284068516322,1.0,0
2022-03-29,28.6560001373291,13.617472279996916,1.337571280343192,1.0,0
2022-03-30,27.690000534057617,13.617472279996916,1.339071273803711,1.0,0
2022-03-31,27.285999298095703,13.617472279996916,1.3304282597133092,1.0,0
2022-04-01,26.711999893188477,13.74776608709335,1.3394283567156111,1.0,0
2022-04-04,27.360000610351562,13.74776608709335,1.2843569346836634,1.0,0
2022-04-05,25.930999755859375,13.74776608709335,1.2783569608415877,1.0,0
2022-04-06,24.406999588012695,13.74776608709335,1.3492141451154436,1.0,0
2022-04-07,24.20800018310547,13.74776608709335,1.299142701285226,1.0,0
2022-04-08,23.118999481201172,13.84101219051731,1.2963568823678153,1.0,0
2022-04-11,21.91699981689453,13.84101219051731,1.3172854014805384,1.0,0
2022-04-12,21.503999710083008,13.84101219051731,1.3462855475289481,1.0,0
2022-04-13,22.202999114990234,13.84101219051731,1.2290713446480888,1.0,0
2022-04-14,21.257999420166016,13.84101219051731,1.266714232308524,1.0,0
2022-04-18,21.783000946044922,13.914813058474014,1.264214106968471,1.0,0
2022-04-19,22.197999954223633,13.914813058474014,1.2708569935389928,1.0,0
2022-04-20,21.48200035095215,13.914813058474014,1.2934998103550501,1.0,0
2022-04-21,20.183000564575195,13.914813058474014,1.3944999149867467,1.0,0
2022-04-22,19.514999389648438,13.970536305550377,1.3771427699497767,1.0,0
2022-04-25,19.902000427246094,13.970536305550377,1.3702855791364397,1.0,0
2022-04-26,18.788000106811523,13.970536305550377,1.34828553880964,1.0,0
2022-04-27,18.415000915527344,13.970536305550377,1.2732140677315849,1.0,0
2022-04-28,19.781999588012695,13.970536305550377,1.3002140862601144,1.0,0
2022-04-29,18.547000885009766,14.016073266540023,1.3334283828735352,1.0,0
2022-05-02,19.533000946044922,14.016073266540023,1.3137140274047852,1.0,0
2022-05-03,19.601999282836914,14.016073266540023,1.2600712094988142,1.0,0
2022-05-04,20.333999633789062,14.016073266540023,1.3032140731811523,1.0,0
2022-05-05,18.8439998626709,14.016073266540023,1.3189283098493303,1.0,0
2022-05-06,18.674999237060547,14.062430738883512,1.3555712018694197,1.0,0
2022-05-09,16.950000762939453,14.062430738883512,1.411928313119071,1.0,0
2022-05-10,17.594999313354492,14.062430738883512,1.39607116154262,1.0,0
2022-05-11,16.6299991607666,14.062430738883512,1.3098568235124861,1.0,0
2022-05-12,16.174999237060547,14.062430738883512,1.3266425132751465,1.0,0
2022-05-13,17.70599937438965,14.098685153167157,1.391214030129569,1.0,0
2022-05-16,17.263999938964844,14.098685153167157,1.3519282341003418,1.0,0
2022-05-17,18.177000045776367,14.098685153167157,1.3683569090706962,1.0,0
2022-05-18,16.937999725341797,14.098685153167157,1.3462854794093542,1.0,0
2022-05-19,17.124000549316406,14.098685153167157,1.299285548073905,1.0,0
2022-05-20,16.694000244140625,14.124509183923113,1.3329999106270927,1.0,0
2022-05-23,16.898000717163086,14.124509183923113,1.3361426762172155,1.0,0
2022-05-24,16.15399932861328,14.124509183923113,1.2982141630990165,1.0,0
2022-05-25,16.975000381469727,14.124509183923113,1.2465713364737374,1.0,0
2022-05-26,17.85099983215332,14.124509183923113,1.2857142175946916,1.0,0
2022-05-27,18.81100082397461,14.171140941535567,1.227285725729806,1.0,0
2022-05-31,18.672000885009766,14.171140941535567,1.198857239314488,1.0,0
2022-06-01,18.31999969482422,14.171140941535567,1.1807144028799874,1.0,0
2022-06-02,19.591999053955078,14.171140941535567,1.195000103541783,1.0,0
2022-06-03,18.719999313354492,14.216403213891974,1.1462143489292689,1.0,0
2022-06-06,18.785999298095703,14.216403213891974,1.152714456830706,1.0,0
2022-06-07,18.926000595092773,14.216403213891974,1.1316430228097099,1.0,0
2022-06-08,18.648000717163086,14.216403213891974,1.0839287894112724,1.0,0
2022-06-09,18.04800033569336,14.216403213891974,1.0795715876988001,1.0,0
2022-06-10,16.974000930786133,14.243841997144655,1.0455716678074427,1.0,0
2022-06-13,15.647000312805176,14.243841997144655,1.090714590890067,1.0,0
2022-06-14,15.836000442504883,14.243841997144655,1.0575716836111886,1.0,0
2022-06-15,16.527000427246094,14.243841997144655,1.0519287926810128,1.0,0
2022-06-16,15.60099983215332,14.243841997144655,0.9845002719334194,1.0,0
2022-06-17,15.880000114440918,14.26012217741626,0.9585716383797782,1.0,0
2022-06-21,16.56599998474121,14.26012217741626,0.978428704398019,1.0,0
2022-06-22,16.360000610351562,14.26012217741626,0.9463573183332171,1.0,0
2022-06-23,16.225000381469727,14.26012217741626,0.8971430233546666,1.0,0
2022-06-24,17.125999450683594,14.288638369190066,0.8860715457371303,1.0,0
2022-06-27,16.868999481201172,14.288638369190066,0.8811429568699428,1.0,0
2022-06-28,15.982000350952148,14.288638369190066,0.912928649357387,1.0,0
2022-06-29,15.541999816894531,14.288638369190066,0.9248572077069964,1.0,0
2022-06-30,15.159000396728516,14.288638369190066,0.9115000452314105,1.0,0
2022-07-01,14.52299976348877,14.290970323362192,0.8820714269365583,1.0,0
2022-07-05,14.96399974822998,14.290970323362192,0.849785600389753,1.0,1
2022-07-06,15.130000114440918,14.290970323362192,0.840928486415318,1.0110933152234631,1
2022-07-07,15.857999801635742,14.290970323362192,0.8254284858703613,1.0597433886960275,1
2022-07-08,15.838000297546387,14.306363656438652,0.791285651070731,1.0584068807819773,1
2022-07-11,15.152000427246094,14.306363656438652,0.8007856777736119,1.0125635312870378,1
2022-07-12,15.081999778747559,14.306363656438652,0.7597857202802386,1.0078855942597524,1
2022-07-13,15.163999557495117,14.306363656438652,0.7903571128845215,1.0133653977967216,1
2022-07-14,15.371999740600586,14.306363656438652,0.7912857191903251,1.0272654369978098,1
2022-07-15,15.76200008392334,14.320847600990739,0.7552143505641392,1.05332801049985,1
2022-07-18,16.10099983215332,14.320847600990739,0.7859999792916434,1.0759823645451365,1
2022-07-19,16.992000579833984,14.320847600990739,0.7682857513427734,1.1355253184793648,1
2022-07-20,17.80699920654297,14.320847600990739,0.7911428724016462,1.1899892746689784,1
2022-07-21,18.049999237060547,14.320847600990739,0.7835713795253209,1.2062282505180872,1
2022-07-22,17.319000244140625,14.350679965599195,0.7939999444144112,1.1573777422837237,1
2022-07-25,17.02400016784668,14.350679965599195,0.7764285632542202,1.1376637566343428,1
2022-07-26,16.533000946044922,14.350679965599195,0.7775713375636509,1.1048517257560453,1
2022-07-27,17.790000915527344,14.350679965599195,0.8195713588169643,1.1888533289792147,1
2022-07-28,17.983999252319336,14.350679965599195,0.8232855115618024,1.2018176660586068,1
2022-07-29,18.163000106811523,14.388613499342602,0.8055712154933384,1.2137797655977598,1
2022-08-01,18.44099998474121,14.388613499342602,0.8271427154541016,1.2323576780948895,1
2022-08-02,18.525999069213867,14.388613499342602,0.8225713457380023,1.238037916393658,1
2022-08-03,18.89299964904785,14.388613499342602,0.828714302607945,1.262563483488605,1
2022-08-04,19.21500015258789,14.388613499342602,0.8361428805759975,1.284081828112884,1
2022-08-05,18.98900032043457,14.4343884925873,0.7952857698713031,1.2689789254160264,1
2022-08-08,17.792999267578125,14.4343884925873,0.8479999814714704,1.18905370000977,1
2022-08-09,17.086000442504883,14.4343884925873,0.8434998648507255,1.1418070522572619,1
2022-08-10,18.097000122070312,14.4343884925873,0.8744284766060966,1.2093691811382796,1
2022-08-11,17.941999435424805,14.4343884925873,0.8685714176722935,1.1990109420809818,1
2022-08-12,18.708999633789062,14.476921936778362,0.8761429105486188,1.2502673047693722,1
2022-08-15,19.031999588012695,14.476921936778362,0.876499993460519,1.2718524397371698,1
2022-08-16,18.878999710083008,14.476921936778362,0.8220714841570173,1.2616279088293967,1
2022-08-17,18.334999084472656,14.476921936778362,0.8245000839233398,1.2252739503448211,1
2022-08-18,18.773000717163086,14.476921936778362,0.8337857382638114,1.2545443085418158,1
2022-08-19,17.849000930786133,14.51047496159436,0.8442856924874442,1.192796126109091,1
2022-08-22,17.034000396728516,14.51047496159436,0.846928596496582,1.1383320424569898,1
2022-08-23,17.180999755859375,14.51047496159436,0.8229285648890904,1.1481555763786773,1
2022-08-24,17.222000122070312,14.51047496159436,0.8227142606462751,1.1508955100127838,1
2022-08-25,17.913000106811523,14.51047496159436,0.8620714460100446,1.1970730024190468,1
2022-08-26,16.260000228881836,14.527883173209162,0.8577857698713031,1.0866078924389952,1
2022-08-29,15.800999641418457,14.527883173209162,0.8222143990652901,1.055934235984432,1
2022-08-30,15.468000411987305,14.527883173209162,0.8097143854413714,1.0336808789252312,1
2022-08-31,15.093999862670898,14.527883173209162,0.7918571744646344,1.00868752450068,1
2022-09-01,13.937000274658203,14.527883173209162,0.8667142050606864,0.9313686520414933,1
2022-09-02,13.647000312805176,14.519118169623052,0.8687857219151088,0.911988809303436,0
2022-09-06,13.46500015258789,14.519118169623052,0.8535714149475098,0.911988809303436,0
2022-09-07,13.71399974822998,14.519118169623052,0.8362857954842704,0.911988809303436,0
2022-09-08,13.989999771118164,14.519118169623052,0.83321441922869,0.911988809303436,0
2022-09-09,14.38700008392334,14.517803561805145,0.7961429868425641,0.911988809303436,0
2022-09-12,14.505000114440918,14.517803561805145,0.7580000332423619,0.9119888093034358,1
2022-09-13,13.130999565124512,14.517803561805145,0.8230714116777692,0.8255997631078554,0
2022-09-14,13.128000259399414,14.517803561805145,0.813499995640346,0.8255997631078554,0
2022-09-15,12.928999900817871,14.517803561805145,0.7655713898794991,0.8255997631078554,0
2022-09-16,13.197999954223633,14.504671187600355,0.6875713893345424,0.8255997631078554,0
2022-09-19,13.381999969482422,14.504671187600355,0.679142883845738,0.8255997631078554,0
2022-09-20,13.175999641418457,14.504671187600355,0.6483571869986398,0.8255997631078554,0
2022-09-21,13.26099967956543,14.504671187600355,0.6726429121834892,0.8255997631078554,0
2022-09-22,12.560999870300293,14.504671187600355,0.6018571853637695,0.8255997631078554,0
2022-09-23,12.515999794006348,14.484883412539718,0.5857143402099609,0.8255997631078554,0
2022-09-26,12.227999687194824,14.484883412539718,0.5869286400931222,0.8255997631078554,0
2022-09-27,12.413000106811523,14.484883412539718,0.588071482522147,0.8255997631078554,0
2022-09-28,12.736000061035156,14.484883412539718,0.5759286199297223,0.8255997631078554,0
2022-09-29,12.220000267028809,14.484883412539718,0.5977857453482491,0.8255997631078554,0
2022-09-30,12.138999938964844,14.461541288424545,0.6127143587384906,0.8255997631078554,0
2022-10-03,12.51200008392334,14.461541288424545,0.5532144137791225,0.8255997631078554,0
2022-10-04,13.166999816894531,14.461541288424545,0.57685729435512,0.8255997631078554,0
2022-10-05,13.208999633789062,14.461541288424545,0.5952144350324359,0.8255997631078554,0
2022-10-06,13.130000114440918,14.461541288424545,0.5922144481113979,0.8255997631078554,0
2022-10-07,12.076000213623047,14.437804561312094,0.6390001433236259,0.8255997631078554,0
2022-10-10,11.670000076293945,14.437804561312094,0.6597144263131278,0.8255997631078554,0
2022-10-11,11.586000442504883,14.437804561312094,0.6341429437909808,0.8255997631078554,0
2022-10-12,11.5,14.437804561312094,0.6025000980922154,0.8255997631078554,0
2022-10-13,11.960000038146973,14.437804561312094,0.6675715446472168,0.8255997631078554,0
2022-10-14,11.22700023651123,14.405856259572781,0.7005714688982282,0.8255997631078554,0
2022-10-17,11.887999534606934,14.405856259572781,0.7157857077462333,0.8255997631078554,0
2022-10-18,11.967000007629395,14.405856259572781,0.7447142601013184,0.8255997631078554,0
2022-10-19,12.050999641418457,14.405856259572781,0.7251428876604352,0.8255997631078554,0
2022-10-20,12.194000244140625,14.405856259572781,0.7365714481898716,0.8255997631078554,0
2022-10-21,12.465999603271484,14.386554203291176,0.7392856734139579,0.8255997631078554,0
2022-10-24,12.598999977111816,14.386554203291176,0.7348570823669434,0.8255997631078554,0
2022-10-25,13.26099967956543,14.386554203291176,0.7349285398210798,0.8255997631078554,0
2022-10-26,12.895999908447266,14.386554203291176,0.743999889918736,0.8255997631078554,0
2022-10-27,13.175999641418457,14.386554203291176,0.7321427890232631,0.8255997631078554,0
2022-10-28,13.833999633789062,14.381056147873245,0.7373571395874023,0.8255997631078554,0
2022-10-31,13.496999740600586,14.381056147873245,0.7357857567923409,0.8255997631078554,0
2022-11-01,13.543000221252441,14.381056147873245,0.7385001182556152,0.8255997631078554,0
2022-11-02,13.218999862670898,14.381056147873245,0.7195000648498535,0.8255997631078554,0
2022-11-03,13.420999526977539,14.381056147873245,0.7136429377964565,0.8255997631078554,0
2022-11-04,14.156000137329102,14.378816784584249,0.7198572840009417,0.8255997631078554,0
2022-11-07,14.300999641418457,14.378816784584249,0.6901429721287319,0.8255997631078554,1
2022-11-08,14.60200023651123,14.378816784584249,0.7015000752040318,0.8429765917376665,1
2022-11-09,13.776000022888184,14.378816784584249,0.7104286466326032,0.7952914230226642,1
2022-11-10,15.75,14.378816784584249,0.8094286237444196,0.9092508632255997,1
2022-11-11,16.32699966430664,14.398201688860095,0.8280714579990932,0.9425611770574532,1
2022-11-14,16.295000076293945,14.398201688860095,0.8221429416111538,0.9407138340083481,1
2022-11-15,16.666000366210938,14.398201688860095,0.8237857818603516,0.9621317599679654,1
2022-11-16,15.90999984741211,14.398201688860095,0.8131429127284459,0.9184876885827695,1
2022-11-17,15.677000045776367,14.398201688860095,0.8090000833783831,0.9050365602799954,1
2022-11-18,15.409000396728516,14.40825938744585,0.8333572660173688,0.8895648833123181,1
2022-11-21,15.317000389099121,14.40825938744585,0.8311429704938617,0.8842537032263633,1
2022-11-22,16.038000106811523,14.40825938744585,0.8266430582318988,0.9258771708908341,1
2022-11-23,16.518999099731445,14.40825938744585,0.8026430947440011,0.9536453454637283,1
2022-11-25,16.270000457763672,14.426784174215182,0.76971435546875,0.9392706006922235,1
2022-11-28,15.82699966430664,14.426784174215182,0.7821429797581264,0.9136960702883866,1
2022-11-29,15.638999938964844,14.426784174215182,0.76335723059518,0.9028428059992942,1
2022-11-30,16.92300033569336,14.426784174215182,0.7983572142464774,0.9769684230854794,1
2022-12-01,17.135000228881836,14.426784174215182,0.7007143156869071,0.9892072221893116,1
2022-12-02,16.875999450683594,14.451154475473574,0.6852143832615444,0.9742550519573844,1
2022-12-05,16.610000610351562,14.451154475473574,0.6784286499023438,0.9588988821041203,1
2022-12-06,15.987000465393066,14.451154475473574,0.6847144535609654,0.9229329507013784,1
2022-12-07,16.1200008392334,14.451154475473574,0.6651430811200824,0.9306110906838323,1
2022-12-08,17.16900062561035,14.451154475473574,0.7000716754368373,0.9911700723528301,1
2022-12-09,17.000999450683594,14.47652606726671,0.6805001667567662,0.981471328649651,1
2022-12-12,17.53499984741211,14.47652606726671,0.7050715173993792,1.0122992855822361,1
2022-12-13,18.07200050354004,14.47652606726671,0.7278572491237095,1.0433004481306192,1
2022-12-14,17.673999786376953,14.47652606726671,0.7523572785513741,1.020323781740464,1
2022-12-15,16.95199966430664,14.47652606726671,0.7971430506025042,0.9786425605187866,1
2022-12-16,16.570999145507812,14.497366595408412,0.7970716612679618,0.9566473192103907,1
2022-12-19,16.253999710083008,14.497366595408412,0.800785882132394,0.938346874111849,1
2022-12-20,16.084999084472656,14.497366595408412,0.7382858140127999,0.9285904319072853,1
2022-12-21,16.500999450683594,14.497366595408412,0.7320002828325544,0.9526062218805843,1
2022-12-22,15.33899974822998,14.497366595408412,0.7983573504856655,0.8855237309266899,1
2022-12-23,15.206000328063965,14.504417677325383,0.7935715402875628,0.8778456460000579,1
2022-12-27,14.121000289916992,14.504417677325383,0.8192144121442523,0.8152083621089503,1
2022-12-28,14.03600025177002,14.504417677325383,0.809142930167062,0.8103012917559761,1
2022-12-29,14.602999687194824,14.504417677325383,0.768214225769043,0.8430342902390512,1
2022-12-30,14.61400032043457,14.505508051883684,0.7530713762555804,0.8436693591450364,1
2023-01-03,14.3149995803833,14.505508051883684,0.7644286155700684,0.8264079825738166,1
2023-01-04,14.74899959564209,14.505508051883684,0.7184999329703194,0.8514628961302597,1
2023-01-05,14.265000343322754,14.505508051883684,0.7019998686654227,0.8235215159415675,1
2023-01-06,14.859000205993652,14.50902538675045,0.7021427835736956,0.8578132548551805,1
2023-01-09,15.628000259399414,14.50902538675045,0.7425712857927594,0.9022077921491309,1
2023-01-10,15.909000396728516,14.50902538675045,0.7444284984043666,0.9184299900813848,1
2023-01-11,16.000999450683594,14.50902538675045,0.7449285643441337,0.9237411151115177,1
2023-01-12,16.51099967956543,14.50902538675045,0.7879998343331474,0.9531835372293629,1
2023-01-13,16.89900016784668,14.532806230343448,0.7264284406389508,0.9755828882707395,1
2023-01-17,17.70199966430664,14.532806230343448,0.7530713762555804,1.0219402206723867,1
2023-01-18,17.37700080871582,14.532806230343448,0.7131427356175014,1.0031779673394796,1
2023-01-19,16.764999389648438,14.532806230343448,0.732285567692348,0.9678469947310789,1
2023-01-20,17.839000701904297,14.565703687771915,0.7640000070844378,1.0298493198278451,1
2023-01-23,19.19300079345703,14.565703687771915,0.8376428740365165,1.1080160342438365,1
2023-01-24,19.264999389648438,14.565703687771915,0.8215714863368443,1.1121725285764121,1
2023-01-25,19.322999954223633,14.565703687771915,0.8342858723231724,1.1155209135546704,1
2023-01-26,19.802000045776367,14.565703687771915,0.8547859191894531,1.1431736911247954,1
2023-01-27,20.364999771118164,14.623408126412176,0.8724287578037807,1.1756757854906876,1
2023-01-30,19.16200065612793,14.623408126412176,0.8737145151410785,1.106226389696116,1
2023-01-31,19.53700065612793,14.623408126412176,0.8913573537554059,1.127875219772916,1
2023-02-01,20.94300079345703,14.623408126412176,0.9763572556631905,1.2090439079355697,1
2023-02-02,21.708999633789062,14.623408126412176,0.983785765511649,1.2532651845579004,1
2023-02-03,21.100000381469727,14.6878518304426,0.9980001449584961,1.2181075276769417,1
2023-02-06,21.089000701904297,14.6878518304426,0.9947858537946429,1.2174725138267783,1
2023-02-07,22.17300033569336,14.6878518304426,1.0361430304391044,1.2800520441606793,1
2023-02-08,22.204999923706055,14.6878518304426,1.0521430969238281,1.2818993872097844,1
2023-02-09,22.336999893188477,14.6878518304426,1.0385001046316964,1.2895197736350317,1
2023-02-10,21.264999389648438,14.753296084763058,1.0455714634486608,1.2276329556526788,1
2023-02-13,21.788000106811523,14.753296084763058,1.0749285561697823,1.2578258987351005,1
2023-02-14,22.97100067138672,14.753296084763058,1.1387142453874861,1.3261207739437588,1
2023-02-15,22.763999938964844,14.753296084763058,1.1370713370186942,1.3141705774584942,1
2023-02-16,22.00200080871582,14.753296084763058,1.1094999313354492,1.2701802049533462,1
2023-02-17,21.38800048828125,14.819313044002046,1.096071379525321,1.2347338353421762,1
2023-02-21,20.655000686645508,14.819313044002046,1.1059999465942383,1.1924176002703353,1
2023-02-22,20.753999710083008,14.819313044002046,1.0365715026855469,1.1981328350334488,1
2023-02-23,23.663999557495117,14.819313044002046,1.1712145124162947,1.3661277476204854,1
2023-02-24,23.285999298095703,14.903558678371137,1.1541429247174944,1.3443057119278874,1
2023-02-27,23.500999450683594,14.903558678371137,1.140571457999093,1.3567177166475175,1
2023-02-28,23.215999603271484,14.903558678371137,1.1012144088745117,1.340264614598081,1
2023-03-01,22.697999954223633,14.903558678371137,1.0925001416887556,1.3103603842458704,1
2023-03-02,23.31399917602539,14.903558678371137,1.095928737095424,1.3459221508598098,1
2023-03-03,23.889999389648438,14.99297599888136,1.041928836277553,1.3791747661902787,1
2023-03-06,23.554000854492188,14.99297599888136,1.018714496067592,1.3597774990072085,1
2023-03-07,23.288000106811523,14.99297599888136,0.9616430827549526,1.3444212190423006,1
2023-03-08,24.180999755859375,14.99297599888136,0.9650002888270787,1.3959742794713113,1
2023-03-09,23.43600082397461,14.99297599888136,0.9817146573747907,1.3529653320479225,1
2023-03-10,22.96500015258789,15.072299622301326,0.9727146966116769,1.325774362712163,1
2023-03-13,22.965999603271484,15.072299622301326,0.9816432680402484,1.3258320612135477,1
2023-03-14,24.062999725341797,15.072299622301326,1.0223575319562639,1.3891621125120253,1
2023-03-15,24.22800064086914,15.072299622301326,0.8646430969238281,1.3986876505994061,1
2023-03-16,25.541000366210938,15.072299622301326,0.9344288962227958,1.4744874051188985,1
2023-03-17,25.725000381469727,15.178296644780614,0.9532860347202846,1.4851097652908083,1
2023-03-20,25.899999618530273,15.178296644780614,0.9729288646153041,1.495212508615324,1
2023-03-21,26.198999404907227,15.178296644780614,0.9917144775390625,1.5124738301307217,1
2023-03-22,26.468000411987305,15.178296644780614,1.0232860020228796,1.5280033157114274,1
2023-03-23,27.19099998474121,15.178296644780614,1.041928836277553,1.5697422354344897,1
2023-03-24,26.77899932861328,15.293726522231685,1.047286033630371,1.5459573495783734,1
2023-03-27,26.5310001373291,15.293726522231685,1.0295002801077706,1.5316403033082533,1
2023-03-28,26.40999984741211,15.293726522231685,1.013000215802874,1.5246549307331692,1
2023-03-29,26.983999252319336,15.293726522231685,0.9842143739972796,1.5577920389492248,1
2023-03-30,27.382999420166016,15.293726522231685,0.9566429683140346,1.5808264038407647,1
2023-03-31,27.777000427246094,15.417938202878595,0.9372144426618304,1.6035721661137372,1
2023-04-03,27.96500015258789,15.417938202878595,0.8951429639543805,1.6144254304028296,1
2023-04-04,27.452999114990234,15.417938202878595,0.878500257219587,1.584867501170571,1
2023-04-05,26.881000518798828,15.417938202878595,0.8330715724400112,1.5518459000689286,1
2023-04-06,27.03700065612793,15.417938202878595,0.8184287207467216,1.5608518213089158,1
2023-04-10,27.57900047302246,15.53355076460247,0.8225714819771903,1.5921415864758663,1
2023-04-11,27.16900062561035,15.53355076460247,0.797785895211356,1.568472207734163,1
2023-04-12,26.4950008392334,15.53355076460247,0.7713572638375419,1.5295620561419654,1
2023-04-13,26.46299934387207,15.53355076460247,0.7375714438302177,1.5277146029812163,1
2023-04-14,26.757999420166016,15.645236820876736,0.7252142769949776,1.5447450203794315,1
2023-04-17,27.00200080871582,15.645236820876736,0.7207856859479632,1.5588312726440128,1
2023-04-18,27.66699981689453,15.645236820876736,0.7512856892177037,1.5972218073888165,1
2023-04-19,27.930999755859375,15.645236820876736,0.7584285736083984,1.612462580239311,1
2023-04-20,27.104000091552734,15.645236820876736,0.7952142442975726,1.5647197130229242,1
2023-04-21,27.118999481201172,15.759403613516781,0.776071412222726,1.56558563099027,1
2023-04-24,27.04199981689453,15.759403613516781,0.7782857077462333,1.561140423927483,1
2023-04-25,26.240999221801758,15.759403613516781,0.8017856052943638,1.5148984885286054,1
2023-04-26,26.95599937438965,15.759403613516781,0.8040000370570591,1.5561756000173024,1
2023-04-27,27.22599983215332,15.759403613516781,0.8195001057216099,1.5717627840993929,1
2023-04-28,27.749000549316406,15.878703085514788,0.8005715778895787,1.6019557271818148,1
2023-05-01,28.90999984741211,15.878703085514788,0.8466429029192243,1.6689804645785025,1
2023-05-02,28.209999084472656,15.878703085514788,0.8328571319580078,1.6285692710571515,1
2023-05-03,27.802000045776367,15.878703085514788,0.8569286891392299,1.6050153994298617,1
2023-05-04,27.562000274658203,15.878703085514788,0.853785787309919,1.591160161394107,1
2023-05-05,28.68000030517578,16.00607917725271,0.898071425301688,1.6557025418915263,1
2023-05-08,29.150999069213867,16.00607917725271,0.8810713631766183,1.682893401115642,1
2023-05-09,28.570999145507812,16.00607917725271,0.8762855529785156,1.6494098816679903,1
2023-05-10,28.885000228881836,16.00607917725271,0.849285534449986,1.667537231262378,1
2023-05-11,28.577999114990234,16.00607917725271,0.866642679486956,1.649813991400971,1
2023-05-12,28.34000015258789,16.128804759096838,0.8694284984043666,1.6360742604796294,1
2023-05-15,28.952999114990234,16.128804759096838,0.854785646711077,1.671462821477771,1
2023-05-16,29.21299934387207,16.128804759096838,0.8511427470615932,1.686472690211083,1
2023-05-17,30.17799949645996,16.128804759096838,0.8594284057617188,1.7421823550843132,1
2023-05-18,31.67799949645996,16.128804759096838,0.9282140731811523,1.828777675391513,1
2023-05-19,31.263999938964844,16.27940371611045,0.8891425813947406,1.8048773925326271,1
2023-05-22,31.176000595092773,16.27940371611045,0.890071187700544,1.799797171619677,1
2023-05-23,30.687999725341797,16.27940371611045,0.8730711255754743,1.7716247772021583,1
2023-05-24,30.538000106811523,16.27940371611045,0.8918568747384208,1.762965267193767,1
2023-05-25,37.97999954223633,16.27940371611045,1.4453569139753069,2.1925934837515086,1
2023-05-26,38.94599914550781,16.50494197908953,1.4989283425467355,2.2483608471261234,1
2023-05-30,40.111000061035156,16.50494197908953,1.6625713620867049,2.315616598751638,1
2023-05-31,37.83399963378906,16.50494197908953,1.7926427296229772,2.1841648778603,1
2023-06-01,39.77000045776367,16.50494197908953,1.9006426674979073,2.2959306188383564,1
2023-06-02,39.32699966430664,16.732027130186218,1.951214109148298,2.2703560884345193,1
2023-06-05,39.17100143432617,16.732027130186218,1.9541425704956055,2.261350277306176,1
2023-06-06,38.65399932861328,16.732027130186218,1.9530713217599052,2.2315036353437065,1
2023-06-07,37.474998474121094,16.732027130186218,2.0357142857142856,2.163439664252231,1
2023-06-08,38.5099983215332,16.732027130186218,2.017071451459612,2.2231904264552673,1
2023-06-09,38.77000045776367,16.951310446878534,2.0484286717006137,2.238200405300223,1
2023-06-12,39.481998443603516,16.951310446878534,2.0535714285714284,2.279304201061478,1
2023-06-13,41.02199935913086,16.951310446878534,2.1222859791346957,2.3682087827637925,1
2023-06-14,42.99700164794922,16.951310446878534,2.2341432571411133,2.482226086635578,1
2023-06-15,42.65299987792969,16.951310446878534,1.6770005907331194,2.462366790994855,1
2023-06-16,42.69200134277344,17.20743672444963,1.6375721522739954,2.4646183538885844,1
2023-06-20,43.80799865722656,17.20743672444963,1.5178579602922713,2.5290451171599466,1
2023-06-21,43.04499816894531,17.20743672444963,1.4646434783935547,2.48499693604177,1
2023-06-22,43.025001525878906,17.20743672444963,1.391500473022461,2.4838425255675007,1
2023-06-23,42.20899963378906,17.456208494691815,1.3606433868408203,2.4367345620896335,1
2023-06-26,40.63199996948242,17.456208494691815,1.4896436418805803,2.345694034719646,1
2023-06-27,41.875999450683594,17.456208494691815,1.5231432233537947,2.417510390410717,1
2023-06-28,41.117000579833984,17.456208494691815,1.467071533203125,2.373693223521367,1
2023-06-29,40.821998596191406,17.456208494691815,1.4392858232770647,2.356662696011508,1
2023-06-30,42.301998138427734,17.703430282191675,1.4769287109375,2.442103385621151,1
2023-07-03,42.41299819946289,17.703430282191675,1.4615001678466797,2.4485114428474564,1
2023-07-05,42.31700134277344,17.703430282191675,1.4238570077078683,2.442969523811785,1
2023-07-06,42.10300064086914,17.703430282191675,1.318356922694615,2.430615217593539,1
2023-07-07,42.50299835205078,17.950192153533557,1.3161424909319197,2.4537071708748197,1
2023-07-10,42.18000030517578,17.950192153533557,1.3228569030761719,2.435060424656326,1
2023-07-11,42.404998779296875,17.950192153533557,1.2782137734549386,2.448049634613091,1
2023-07-12,43.902000427246094,17.950192153533557,1.264071328299386,2.534471859416137,1
2023-07-13,45.97700119018555,17.950192153533557,1.3398571014404297,2.654262096552421,1
2023-07-14,45.46900177001953,18.224011154692622,1.483999797276088,2.624935181548989,1
2023-07-17,46.46099853515625,18.224011154692622,1.3818566458565849,2.6822033666294693,1
2023-07-18,47.49399948120117,18.224011154692622,1.4297139304024833,2.7418387318297364,1
2023-07-19,47.07699966430664,18.224011154692622,1.4095712389264787,2.7177652433550525,1
2023-07-20,45.52000045776367,18.224011154692622,1.482785633632115,2.6278793466826227,1
2023-07-21,44.308998107910156,18.483563263679862,1.4855000632149833,2.5579679224303984,1
2023-07-24,44.61199951171875,18.483563263679862,1.5121429988316126,2.5754602581746227,1
2023-07-25,45.67900085449219,18.483563263679862,1.5463572910853796,2.637058473538408,1
2023-07-26,45.45199966430664,18.483563263679862,1.5786429813929967,2.623953646355586,1
2023-07-27,45.900001525878906,18.483563263679862,1.6380716051374162,2.649816889489634,1
2023-07-28,46.75,18.764821340658173,1.6355713435581751,2.6988874829077325,1
2023-07-31,46.729000091552734,18.764821340658173,1.6307858058384486,2.6976751537087904,1
2023-08-01,46.50699996948242,18.764821340658173,1.5838571275983537,2.6848590392561795,1
2023-08-02,44.26900100708008,18.764821340658173,1.6457857404436385,2.5556588812585717,1
2023-08-03,44.51499938964844,18.764821340658173,1.5236429486955916,2.5698604204142783,1
2023-08-04,44.68000030517578,19.022683817917056,1.5247143336704798,2.579385958501659,1
2023-08-07,45.41699981689453,19.022683817917056,1.4400716509137834,2.621933097690683,1
2023-08-08,44.66400146484375,19.022683817917056,1.4604287828717912,2.5784623420329287,1
2023-08-09,42.55400085449219,19.022683817917056,1.4965002877371651,2.4566515562317415,1
2023-08-10,42.38800048828125,19.022683817917056,1.4945716857910156,2.4470683196429754,1
2023-08-11,40.85499954223633,19.239920790298342,1.5431431361607142,2.358567847673642,1
2023-08-14,43.75299835205078,19.239920790298342,1.680143083844866,2.5258699377974865,1
2023-08-15,43.939998626708984,19.239920790298342,1.689786093575614,2.536665503585194,1
2023-08-16,43.486000061035156,19.239920790298342,1.6416432516915458,2.5104560694428377,1
2023-08-17,43.34400177001953,19.239920790298342,1.6369291033063615,2.502258477780456,1
2023-08-18,43.29899978637695,19.479314611154848,1.7293575831821986,2.49966050365513,1
2023-08-21,46.96699905395508,19.479314611154848,1.9360002790178572,2.711414884630132,1
2023-08-22,45.667999267578125,19.479314611154848,1.9170003618512834,2.6364233495766007,1
2023-08-23,47.11600112915039,19.479314611154848,1.9651432037353516,2.720016806248782,1
2023-08-24,47.16299819946289,19.479314611154848,2.10092898777553,2.7227299571535895,1
2023-08-25,46.018001556396484,19.743381147923422,2.2297861916678294,2.65662905644892,1
2023-08-28,46.834999084472656,19.743381147923422,2.282000405447824,2.7037944982048847,1
2023-08-29,48.784000396728516,19.743381147923422,2.29342896597726,2.8163107601475175,1
2023-08-30,49.263999938964844,19.743381147923422,2.2765001569475447,2.8440212362190267,1
2023-08-31,49.35499954223633,19.743381147923422,2.207714353288923,2.849274662747775,1
2023-09-01,48.50899887084961,20.029606199892836,2.0769288199288503,2.8004348633352154,1
2023-09-05,48.54800033569336,20.029606199892836,2.0364287240164622,2.8026864262289455,1
2023-09-06,47.06100082397461,20.029606199892836,2.0864285060337613,2.716841626886322,1
2023-09-07,46.24100112915039,20.029606199892836,2.1469999040876115,2.6695028694029155,1
2023-09-08,45.571998596191406,20.283759358064962,2.1053570338657925,2.6308812103176415,1
2023-09-11,45.178001403808594,20.283759358064962,1.9685712541852678,2.6081356682679564,1
2023-09-12,44.869998931884766,20.283759358064962,1.846285683768136,2.590354619793521,1
2023-09-13,45.48500061035156,20.283759358064962,1.8059286390032088,2.6258587980177195,1
2023-09-14,45.58100128173828,20.283759358064962,1.6420715876988001,2.631400937276679,1
2023-09-15,43.900001525878906,20.518746842321818,1.571357182094029,2.5343564624133674,1
2023-09-18,43.965999603271484,20.518746842321818,1.5820715767996651,2.5381665455143474,1
2023-09-19,43.52000045776367,20.518746842321818,1.4587857382638114,2.512418919606356,1
2023-09-20,42.23899841308594,20.518746842321818,1.4715001242501395,2.438466398024325,1
2023-09-21,41.016998291015625,20.518746842321818,1.5052858080182756,2.367920070033581,1
2023-09-22,41.61000061035156,20.728610063894255,1.4652859824044364,2.402154220557453,1
2023-09-25,42.22200012207031,20.728610063894255,1.4915716988699776,2.43748508305421,1
2023-09-26,41.9109992980957,20.728610063894255,1.434143338884626,2.4195309390756203,1
2023-09-27,42.46799850463867,20.728610063894255,1.3865718841552734,2.4516866222099165,1
2023-09-28,43.0890007019043,20.728610063894255,1.3862860543387276,2.4875372116657113,1
2023-09-29,43.499000549316406,20.955181113500448,1.3294290815080916,2.511206590407414,1
2023-10-02,44.78200149536133,20.955181113500448,1.3675716945103236,2.5852745089922147,1
2023-10-03,43.516998291015625,20.955181113500448,1.400214603969029,2.5122456038789145,1
2023-10-04,44.04100036621094,20.955181113500448,1.399857657296317,2.542496355574365,1
2023-10-05,44.6879997253418,20.955181113500448,1.344214848109654,2.579847766736025,1
2023-10-06,45.762001037597656,21.202015142595943,1.3100005558558874,2.641850091832791,1
2023-10-09,45.27299880981445,21.202015142595943,1.3407148633684431,2.6136198888022437,1
2023-10-10,45.79800033569336,21.202015142595943,1.3043575286865234,2.643928338999079,1
2023-10-11,46.805999755859375,21.202015142595943,1.2902148110525948,2.7021203607715774,1
2023-10-12,46.94499969482422,21.202015142595943,1.303143092564174,2.7101448569298054,1
2023-10-13,45.46099853515625,21.443398061924903,1.3372146061488561,2.624473153091336,1
2023-10-16,46.095001220703125,21.443398061924903,1.3477859497070312,2.661074263511707,1
2023-10-17,43.9379997253418,21.443398061924903,1.517214638846261,2.5365501065824247,1
2023-10-18,42.19599914550781,21.443398061924903,1.5730718885149275,2.4359840411250566,1
2023-10-19,42.10100173950195,21.443398061924903,1.5987862178257533,2.4304998205907697,1
2023-10-20,41.387001037597656,21.641841872628113,1.578500747680664,2.3892804076034575,1
2023-10-23,42.974998474121094,21.641841872628113,1.608429227556501,2.480955838711964,1
2023-10-24,43.66299819946289,21.641841872628113,1.6195002964564733,2.520674209770123,1
2023-10-25,41.77899932861328,21.641841872628113,1.6977857862200056,2.411910552650373,1
2023-10-26,40.32600021362305,21.641841872628113,1.7415714263916016,2.328028603471268,1
2023-10-27,40.5,21.829485237079577,1.7270714896065849,2.338073648294399,1
2023-10-30,41.1609992980957,21.829485237079577,1.7352145058768136,2.37623327892202,1
2023-10-31,40.779998779296875,21.829485237079577,1.7973572867257255,2.3542380376136243,1
2023-11-01,42.32500076293945,21.829485237079577,1.8203574589320592,2.44343133204615,1
2023-11-02,43.50600051879883,21.829485237079577,1.8005714416503906,2.511610700140395,1
2023-11-03,45.005001068115234,22.06008738465207,1.8355712890625,2.5981483219462103,1
2023-11-06,45.750999450683594,22.06008738465207,1.6513571058000838,2.6412149678709835,1
2023-11-07,45.95500183105469,22.06008738465207,1.5761427198137556,2.6529920688520945,1
2023-11-08,46.57400131225586,22.06008738465207,1.5402139936174666,2.688727041081832,1
2023-11-09,46.95000076293945,22.06008738465207,1.5590708596365792,2.7104335696600166,1
2023-11-10,48.334999084472656,22.321529292112974,1.5032849993024553,2.7903898185120846,1
2023-11-13,48.619998931884766,22.321529292112974,1.5040710994175501,2.806842920561521,1
2023-11-14,49.65599822998047,22.321529292112974,1.4402141571044922,2.866651381265942,1
2023-11-15,48.88800048828125,22.321529292112974,1.3962140764508928,2.8223147076408424,1
2023-11-16,49.47999954223633,22.321529292112974,1.3964996337890625,2.8564909394400417,1
2023-11-17,49.29800033569336,22.589951889561537,1.3554281507219588,2.845984086382545,1
2023-11-20,50.409000396728516,22.589951889561537,1.3151424952915736,2.910122357146984,1
2023-11-21,49.944000244140625,22.589951889561537,1.2932850973946708,2.8832777990428204,1
2023-11-22,48.715999603271484,22.589951889561537,1.370856693812779,2.8123850598204805,1
2023-11-24,47.7760009765625,22.840559343163537,1.326071330479213,2.7581187383750185,1
2023-11-27,48.242000579833984,22.840559343163537,1.3147852761404855,2.785020994980567,1
2023-11-28,47.82099914550781,22.840559343163537,1.2997856140136719,2.760716492277057,1
2023-11-29,48.13999938964844,22.840559343163537,1.3018572671072823,2.7791324444900116,1
2023-11-30,46.77000045776367,22.840559343163537,1.3062858581542969,2.7000421136052895,1
2023-12-01,46.76499938964844,23.078613472979306,1.2699287959507533,2.6997534008750783,1
2023-12-04,45.5099983215332,23.078613472979306,1.3226430075509208,2.6273019212222004,1
2023-12-05,46.566001892089844,23.078613472979306,1.3308571406773158,2.6882652328474665,1
2023-12-06,45.50299835205078,23.078613472979306,1.3462145669119698,2.62689781148922,1
2023-12-07,46.59600067138672,23.078613472979306,1.3412862505231584,2.6899970687821586,1
2023-12-08,47.50600051879883,23.32167205054965,1.375643593924386,2.742531554292928,1
2023-12-11,46.62699890136719,23.32167205054965,1.3995004381452287,2.691786603218235,1
2023-12-12,47.65700149536133,23.32167205054965,1.4227147783551897,2.751248872914348,1
2023-12-13,48.0880012512207,23.32167205054965,1.3042147500174386,2.776130580854993,1
2023-12-14,48.349998474121094,23.32167205054965,1.3093572344098772,2.7912557364794304,1
2023-12-15,48.88999938964844,23.576083267854116,1.338357380458287,2.8224301046436113,1
2023-12-18,50.07699966430664,23.576083267854116,1.387857164655413,2.8909558839694527,1
2023-12-19,49.604000091552734,23.576083267854116,1.4050712585449219,2.8636495176309236,1
2023-12-20,48.111000061035156,23.576083267854116,1.418142863682338,2.7774583070567043,1
2023-12-21,48.9900016784668,23.576083267854116,1.4160714830671037,2.8282032581313974,1
2023-12-22,48.83000183105469,23.827366039627258,1.356142861502511,2.8189664327742276,1
2023-12-26,49.27899932861328,23.827366039627258,1.316214152744838,2.844887154186373,1
2023-12-27,49.41699981689453,23.827366039627258,1.2176426478794642,2.852853951843216,1
2023-12-28,49.52199935913086,23.827366039627258,1.1709281376429967,2.8589155978379255,1
2023-12-29,49.52199935913086,24.08303403285615,1.174856730869838,2.8589155978379255,1
2024-01-02,48.167999267578125,24.08303403285615,1.1909997122628349,2.7807488834219343,1
2024-01-03,47.569000244140625,24.08303403285615,1.1369996752057756,2.746168541889754,1
2024-01-04,47.99800109863281,24.08303403285615,1.1374282836914062,2.7709348528276294,1
2024-01-05,49.09700012207031,24.331929217823458,1.158928462437221,2.8343803011288764,1
2024-01-08,52.25299835205078,24.331929217823458,1.2942142486572266,3.0165767528716194,1
2024-01-09,53.13999938964844,24.331929217823458,1.3722144535609655,3.0677835121806782,1
2024-01-10,54.349998474121094,24.331929217823458,1.3920715876988001,3.1376370177082302,1
2024-01-11,54.821998596191406,24.331929217823458,1.383857182094029,3.1648856855453746,1
2024-01-12,54.709999084472656,24.634198569730415,1.359285627092634,3.1584199298176845,1
2024-01-16,56.38199996948242,24.634198569730415,1.4456427437918526,3.254944897945246,1
2024-01-17,56.053001403808594,24.634198569730415,1.5142857687813895,3.2359517404951563,1
2024-01-18,57.106998443603516,24.634198569730415,1.5822854723249162,3.2967992146710774,1
2024-01-19,59.49100112915039,24.98103242604305,1.7194998604910714,3.434428198783182,1
2024-01-22,59.65399932861328,24.98103242604305,1.7205712454659599,3.443838119644506,1
2024-01-23,59.87300109863281,24.98103242604305,1.6775714329310827,3.4564811385929626,1
2024-01-24,61.36199951171875,24.98103242604305,1.8284285409109933,3.5424413349383554,1
2024-01-25,61.617000579833984,24.98103242604305,1.8910715920584542,3.5571626010531,1
2024-01-26,61.03099822998047,25.339738553445414,1.8668572562081474,3.5233325602622085,1
2024-01-29,62.46500015258789,25.339738553445414,1.752856935773577,3.606117797468429,1
2024-01-30,62.77399826049805,25.339738553445414,1.6527140481131417,3.6239563242209614,1
2024-01-31,61.527000427246094,25.339738553445414,1.6965710776192802,3.5519668730257363,1
2024-02-01,63.027000427246094,25.339738553445414,1.687856946672712,3.6385621933329366,1
2024-02-02,66.16000366210938,25.745910345571428,1.8973568507603236,3.819431139097256,1
2024-02-05,69.33200073242188,25.745910345571428,1.9839281354631697,4.00255120730873,1
2024-02-06,68.2229995727539,25.745910345571428,2.106999261038644,3.9385283335470604,1
2024-02-07,70.0989990234375,25.745910345571428,2.1836425236293246,4.046830182432445,1
2024-02-08,69.64099884033203,25.745910345571428,2.108356475830078,4.020389734061262,1
2024-02-09,72.13300323486328,26.207473458897717,2.1999991280691966,4.164253679895518,1
2024-02-12,72.24800109863281,26.207473458897717,2.3454276493617465,4.170892531127362,1
2024-02-13,72.12799835205078,26.207473458897717,2.4064273834228516,4.163964746942019,1
2024-02-14,73.9000015258789,26.207473458897717,2.437069756644113,4.266262868557367,1
2024-02-15,72.65799713134766,26.207473458897717,2.4631410326276506,4.194561689645778,1
2024-02-16,72.61299896240234,26.669219981320648,2.485927036830357,4.19196393574374,1
2024-02-20,69.4520034790039,26.669219981320648,2.7463553292410716,4.009478991494073,1
2024-02-21,67.47200012207031,26.669219981320648,2.8270699637276784,3.895172974892076,1
2024-02-22,78.53800201416016,26.669219981320648,3.501283918108259,4.53401562713581,1
2024-02-23,78.81700134277344,27.18810337795202,3.5906410217285156,4.55012231795365,1
2024-02-26,79.09200286865234,27.18810337795202,3.505213056291853,4.565998214765952,1
2024-02-27,78.70099639892578,27.18810337795202,3.4240706307547435,4.543425327773846,1
2024-02-28,77.66300201416016,27.18810337795202,3.366070338657924,4.483501690289943,1
2024-02-29,79.11199951171875,27.18810337795202,3.4366416931152344,4.5671526252402215,1
2024-03-01,82.27899932861328,27.736271496864074,3.482642037527902,4.749984200944772,1
2024-03-04,85.23699951171875,27.736271496864074,3.6294277736118863,4.920750183161288,1
2024-03-05,85.96399688720703,27.736271496864074,3.547285352434431,4.962719896889889,1
2024-03-06,88.69999694824219,27.736271496864074,3.651714324951172,5.120669764653795,1
2024-03-07,92.66899871826172,27.736271496864074,3.8297146388462613,5.3498010843702515,1
2024-03-08,87.52799987792969,28.33121406781995,4.472072056361607,5.053010123518587,1
2024-03-11,85.77400207519531,28.33121406781995,4.4543576921735495,4.951751455821316,1
2024-03-12,91.91300201416016,28.33121406781995,4.667357308523996,5.306157233208343,1
2024-03-13,90.88800048828125,28.33121406781995,4.122714996337891,5.246983676242441,1
2024-03-14,87.94400024414062,28.33121406781995,4.084429604666574,5.0770259134918865,1
2024-03-15,87.83699798583984,28.923311420238058,4.166428702218192,5.070848650271119,1
2024-03-18,88.45500183105469,28.923311420238058,4.380857195172991,5.1065261442227605,1
2024-03-19,89.39800262451172,28.923311420238058,4.646999904087612,5.160965781395664,1
2024-03-20,90.37200164794922,28.923311420238058,4.637000492640904,5.217194953004644,1
2024-03-21,91.43499755859375,28.923311420238058,4.571857452392578,5.278561933916315,1
2024-03-22,94.28900146484375,29.573716296303786,4.466714586530413,5.443324188862794,1
2024-03-25,95.00199890136719,29.573716296303786,4.507857186453683,5.484485683125434,1
2024-03-26,92.56099700927734,29.573716296303786,4.515928540910993,5.3435661226481,1
2024-03-27,90.25,29.573716296303786,4.519499642508371,5.210151771816531,1
2024-03-28,90.35600280761719,29.573716296303786,3.8918566022600447,5.216271336535913,1
2024-04-01,90.36299896240234,30.17851516706312,3.7768565586635043,5.216675226045606,1
2024-04-02,89.4520034790039,30.17851516706312,3.530927930559431,5.16408326225674,1
2024-04-03,88.96399688720703,30.17851516706312,3.423498971121652,5.135910537504289,1
2024-04-04,85.90499877929688,30.17851516706312,3.456784929547991,4.95931392352189,1
2024-04-05,88.00800323486328,30.753932958782528,3.4058570861816406,5.080720819813385,1
2024-04-08,87.13300323486328,30.753932958782528,3.1757142203194753,5.0302068829675175,1
2024-04-09,85.35399627685547,30.753932958782528,3.109928676060268,4.927504431395902,1
2024-04-10,87.03900146484375,30.753932958782528,3.2173570905412947,5.024780140711328,1
2024-04-11,90.61599731445312,30.753932958782528,3.3271424429757253,5.231280874934294,1
2024-04-12,88.18599700927734,31.32539628266805,3.265856606619699,5.090996438418767,1
2024-04-15,86.0009994506836,31.32539628266805,3.367856706891741,4.964856062780849,1
2024-04-16,87.41500091552734,31.32539628266805,3.2424278259277344,5.0464866692895125,1
2024-04-17,84.03500366210938,31.32539628266805,3.292999812534877,4.851358706091389,1
2024-04-18,84.6709976196289,31.32539628266805,3.4130712236676897,4.888074773067954,1
2024-04-19,76.19999694824219,31.771909722126498,3.844785417829241,4.399042095427128,1
2024-04-22,79.51799774169922,31.771909722126498,3.925500052315848,4.590590989753098,1
2024-04-23,82.4229965209961,31.771909722126498,4.016714368547712,4.758297189609923,1
2024-04-24,79.677001953125,31.771909722126498,4.027071271623884,4.599770336832171,1
2024-04-25,82.63200378417969,31.771909722126498,4.2073565891810825,4.770363223544533,1
2024-04-26,87.73500061035156,32.32875639763123,4.464570726667132,5.064960320003852,1
2024-04-29,87.75700378417969,32.32875639763123,4.3297849382672995,5.066230567927467,1
2024-04-30,86.4020004272461,32.32875639763123,4.246070316859654,4.988005934786803,1
2024-05-01,83.04100036621094,32.32875639763123,4.341356549944196,4.793974683561564,1
2024-05-02,85.81700134277344,32.32875639763123,4.349213736397879,4.954233812720584,1
2024-05-03,88.78900146484375,32.89054988088708,4.262070792061942,5.125808014403061,1
2024-05-06,92.13999938964844,32.89054988088708,4.355928148542132,5.3192618401678775,1
2024-05-07,90.55400085449219,32.89054988088708,4.234784807477679,5.22770180606214,1
2024-05-08,90.41200256347656,32.89054988088708,4.09092766898019,5.219504214399758,1
2024-05-09,88.74700164794922,32.89054988088708,3.6463563101632253,5.123383356005177,1
2024-05-10,89.87799835205078,33.457589169157366,3.5592847551618303,5.188676037243885,1
2024-05-13,90.39900207519531,33.457589169157366,3.5034277779715404,5.218753693435182,1
2024-05-14,91.35600280761719,33.457589169157366,3.3475706917898997,5.274001550074047,1
2024-05-15,94.62999725341797,33.457589169157366,3.2337134225027904,5.463009948552788,1
2024-05-16,94.35900115966797,33.457589169157366,2.94921384538923,5.447365286192601,1
2024-05-17,92.47899627685547,34.04486685182103,2.9640710013253346,5.338832202855102,1
2024-05-20,94.77999877929688,34.04486685182103,2.9784998212541853,5.471669568672823,1
2024-05-21,95.38600158691406,34.04486685182103,2.769428253173828,5.5066542401612715,1
2024-05-22,94.94999694824219,34.04486685182103,2.7390708923339844,5.481483599267127,1
2024-05-23,103.79900360107422,34.04486685182103,3.303785596575056,5.992338642935483,1
2024-05-24,106.46900177001953,34.765505010211065,3.3069283621651784,6.146478207375121,1
2024-05-28,113.9010009765625,34.765505010211065,3.6884286063058034,6.575529108584084,1
2024-05-29,114.82499694824219,34.765505010211065,3.8896424429757253,6.628871593337527,1
2024-05-30,110.5,34.765505010211065,4.126428331647601,6.379188595963731,1
2024-05-31,109.63300323486328,35.51045524130213,4.349499838692801,6.3291366875755175,1
2024-06-03,115.0,35.51045524130213,4.556499481201172,6.638974556885331,1
2024-06-04,116.43699645996094,35.51045524130213,4.544927869524274,6.721932669372418,1
2024-06-05,122.44000244140625,35.51045524130213,4.72392817905971,7.0684874865519465,1
2024-06-06,120.99800109863281,35.51045524130213,5.120427812848773,6.985240441111361,1
2024-06-07,120.88800048828125,36.35998305470491,5.172999245779855,6.978890082386441,1
2024-06-10,121.79000091552734,36.35998305470491,5.413641793387277,7.030962759662845,1
2024-06-11,120.91000366210938,36.35998305470491,5.550070626395089,6.980160330310055,1
2024-06-12,125.19999694824219,36.35998305470491,5.778570447649274,7.22782255879566,1
2024-06-13,129.61000061035156,36.35998305470491,5.294999258858817,7.482413011913184,1
2024-06-14,131.8800048828125,37.31043103309404,5.369641440255301,7.613460843294829,1
2024-06-17,130.97999572753906,37.31043103309404,5.061069488525391,7.561503122574619,1
2024-06-18,135.5800018310547,37.31043103309404,5.1359983171735495,7.827062457207292,1
2024-06-20,130.77999877929688,37.31043103309404,5.49914060320173,7.549957256045622,1
2024-06-21,126.56999969482422,38.19858594515106,5.549354553222656,7.30691310990367,1
2024-06-24,118.11000061035156,38.19858594515106,5.77528326851981,6.818515556224652,1
2024-06-25,126.08999633789062,38.19858594515106,6.192068917410714,7.279202413608873,1
2024-06-26,126.4000015258789,38.19858594515106,6.156925746372768,7.2970990793093655,1
2024-06-27,123.98999786376953,38.19858594515106,5.887140546526227,7.157969053268108,1
2024-06-28,123.54000091552734,39.04775425331401,5.979283469063895,7.131990633354579,1
2024-07-01,124.30000305175781,39.04775425331401,5.973569052559989,7.175865718968601,1
2024-07-02,122.66999816894531,39.04775425331401,5.912140437534878,7.081765189015635,1
2024-07-03,128.27999877929688,39.04775425331401,5.979997907366071,7.405631722200289,1
2024-07-05,125.83000183105469,39.91125920433631,5.8778550284249445,7.264192875210493,1
2024-07-08,128.1999969482422,39.91125920433631,5.907855987548828,7.401013199410061,1
2024-07-09,131.3800048828125,39.91125920433631,6.012857164655413,7.584595736525762,1
2024-07-10,134.91000366210938,39.91125920433631,5.875714438302176,7.788383319843922,1
2024-07-11,127.4000015258789,39.91125920433631,5.722857339041574,7.354829292847499,1
2024-07-12,129.24000549316406,40.80010245099131,5.595714569091797,7.461053114789883,1
2024-07-15,128.44000244140625,40.80010245099131,5.287143162318638,7.414868767780747,1
2024-07-16,126.36000061035156,40.80010245099131,5.006428309849331,7.294789817914252,1
2024-07-17,117.98999786376953,40.80010245099131,5.300714220319476,6.811587772039308,1
2024-07-18,121.08999633789062,40.80010245099131,5.468571254185268,6.990551345918206,1
2024-07-19,117.93000030517578,41.56756412118221,5.41642815726144,6.808124100169924,1
2024-07-22,123.54000091552734,41.56756412118221,5.425714220319476,7.131990633354579,1
2024-07-23,122.58999633789062,41.56756412118221,5.377142769949777,7.077146666225406,1
2024-07-24,114.25,41.56756412118221,5.53642817905971,6.595676896731731,1
2024-07-25,112.27999877929688,41.56756412118221,6.047855922154018,6.481948305590156,1
2024-07-26,113.05999755859375,42.27893161807187,6.024998256138393,6.526977801678448,1
2024-07-29,111.58999633789062,42.27893161807187,5.979282924107143,6.44211431730594,1
2024-07-30,103.7300033569336,42.27893161807187,6.3885683332170755,5.988355244107062,1
2024-07-31,117.0199966430664,42.27893161807187,6.782139914376395,6.755589394435867,1
2024-08-01,109.20999908447266,42.27893161807187,7.399997711181641,6.30471656764595,1
2024-08-02,107.2699966430664,42.92560888200217,7.6592832292829245,6.192719812439067,1
2024-08-05,100.44999694824219,42.92560888200217,8.52499771118164,5.798999773726861,1
2024-08-06,104.25,42.92560888200217,8.354997907366071,6.0183747613503975,1
2024-08-07,98.91000366210938,42.92560888200217,8.6599976675851,5.710095632471122,1
2024-08-08,104.97000122070312,42.92560888200217,8.927855355398995,6.059940585569306,1
2024-08-09,104.75,43.540776952828026,8.715712411063057,6.047239868119465,1
2024-08-12,109.0199966430664,43.540776952828026,8.982140677315849,6.293747686130801,1
2024-08-13,116.13999938964844,43.540776952828026,8.843570164271764,6.704786965083077,1
2024-08-14,118.08000183105469,43.540776952828026,8.4292847769601,6.816783720289959,1
2024-08-15,122.86000061035156,43.540776952828026,8.511427743094307,7.092734070530785,1
2024-08-16,124.58000183105469,44.347137399377544,8.428570883614677,7.192030108287826,1
2024-08-19,130.0,44.347137399377544,8.223571232386998,7.50492775995733,1
2024-08-20,127.25,44.347137399377544,7.47357177734375,7.346169672727464,1
2024-08-21,128.5,44.347137399377544,6.7121429443359375,7.418332439650131,1
2024-08-22,123.73999786376953,44.347137399377544,6.698571886335101,7.143536499883575,1
2024-08-23,129.3699951171875,45.193135983634356,5.932858603341239,7.468557443542498,1
2024-08-26,126.45999908447266,45.193135983634356,5.906429290771484,7.30056275117875,1
2024-08-27,128.3000030517578,45.193135983634356,5.564286368233817,7.406786573121134,1
2024-08-28,125.61000061035156,45.193135983634356,5.400714874267578,7.2514921577606515,1
2024-08-29,117.58999633789062,45.193135983634356,5.810000828334263,6.78849559853474,1
2024-08-30,119.37000274658203,45.931214259882594,5.68214362008231,6.89125574860774,1
2024-09-03,108.0,45.931214259882594,6.030000414167132,6.234863062118397,1
2024-09-04,106.20999908447266,45.931214259882594,6.36000006539481,6.13152592703155,1
2024-09-05,107.20999908447266,45.931214259882594,6.297143118722098,6.189256140569683,1
2024-09-06,102.83000183105469,46.49737135014302,6.538572038922991,5.936397963833427,1
2024-09-09,106.47000122070312,46.49737135014302,6.334286281040737,6.1465359058765054,1
2024-09-10,108.0999984741211,46.49737135014302,6.358572278703962,6.240635995382896,1
2024-09-11,116.91000366210938,46.49737135014302,6.864286695207868,6.749239476157522,1
2024-09-12,119.13999938964844,46.49737135014302,6.704286847795759,6.877977605697477,1
2024-09-13,119.0999984741211,47.219785550381616,6.454286302839007,6.875668344302362,1
2024-09-16,116.77999877929688,47.219785550381616,6.30071531023298,6.741734266511756,1
2024-09-17,115.58999633789062,47.219785550381616,6.204286847795759,6.673035171458473,1
2024-09-18,113.37000274658203,47.219785550381616,6.117857796805246,6.544874467378941,1
2024-09-19,117.87000274658203,47.219785550381616,5.931429181780134,6.804660428300541,1
2024-09-20,116.0,47.9041657936614,5.8385723658970425,6.696704770423464,1
2024-09-23,116.26000213623047,47.9041657936614,5.127857753208706,6.7117147492684195,1
2024-09-24,120.87000274658203,47.9041657936614,4.932858603341239,6.977851068914941,1
2024-09-25,123.51000213623047,47.9041657936614,4.874287196568081,7.130258797419886,1
2024-09-26,124.04000091552734,47.9041657936614,4.7792865208217075,7.160855740123645,1
2024-09-27,121.4000015258789,48.63546764174317,4.8550006321498325,7.008448011618699,1
2024-09-30,121.44000244140625,48.63546764174317,4.776428767613003,7.010757273013813,1
2024-10-01,117.0,48.63546764174317,4.553571428571429,6.754434983961597,1
2024-10-02,118.8499984741211,48.63546764174317,4.469999585832868,6.861235790917829,1
2024-10-03,122.8499984741211,48.63546764174317,4.694999694824219,7.092156645070363,1
2024-10-04,124.91999816894531,49.3945176967402,4.585714067731585,7.2116581694764355,1
2024-10-07,127.72000122070312,49.3945176967402,4.710714067731585,7.373302943561838,1
2024-10-08,132.88999938964844,49.3945176967402,4.8021425519670755,7.67176804184681,1
2024-10-09,132.64999389648438,49.3945176967402,4.577142442975726,7.657912473476124,1
2024-10-10,134.80999755859375,49.3945176967402,4.632142203194754,7.7826099461328475,1
2024-10-11,134.8000030517578,50.24432352116824,4.631427764892578,7.7820329611190004,1
2024-10-14,138.07000732421875,50.24432352116824,4.515713282993862,7.970811006038779,1
2024-10-15,131.60000610351562,50.24432352116824,4.927142007010324,7.597296453975604,1
2024-10-16,135.72000122070312,50.24432352116824,4.867856161934989,7.835144651866905,1
2024-10-17,136.92999267578125,50.24432352116824,4.895713261195591,7.904997716947882,1
2024-10-18,138.0,51.11751433190289,4.797142028808594,7.966769468262397,1
2024-10-21,143.7100067138672,51.11751433190289,4.729999542236328,8.296409375158124,1
2024-10-22,143.58999633789062,51.11751433190289,4.615713936941964,8.289481150526205,1
2024-10-23,139.55999755859375,51.11751433190289,4.659998757498605,8.05682846043898,1
2024-10-24,140.41000366210938,51.11751433190289,4.637141636439732,8.105899494303655,1
2024-10-25,141.5399932861328,52.017240490651446,4.494284493582589,8.171134036594403,1
2024-10-28,140.52000427246094,52.017240490651446,4.3035703386579245,8.112249853028574,1
2024-10-29,141.25,52.017240490651446,4.31928471156529,8.15439266226133,1
2024-10-30,139.33999633789062,52.017240490651446,4.350713457380023,8.04412774298914,1
2024-10-31,132.75999450683594,52.017240490651446,4.7157135009765625,7.664262832201044,1
2024-11-01,135.39999389648438,52.84691962901794,4.697856358119419,7.81667056070599,1
2024-11-04,136.0500030517578,52.84691962901794,4.25,7.854195728041667,1
2024-11-05,139.91000366210938,52.84691962901794,4.198571341378348,8.077034387534587,1
2024-11-06,145.61000061035156,52.84691962901794,4.299285888671875,8.406096428523318,1
2024-11-07,148.8800048828125,52.84691962901794,4.395713806152344,8.594874473443095,1
2024-11-08,147.6300048828125,53.790034905175105,4.2385711669921875,8.522711706520429,1
2024-11-11,145.25999450683594,53.790034905175105,4.4271425519670755,8.38589050142771,1
2024-11-12,148.2899932861328,53.790034905175105,4.302857535226004,8.560812977976802,1
2024-11-13,146.27000427246094,53.790034905175105,4.341429574148996,8.444198580872841,1
2024-11-14,146.75999450683594,53.790034905175105,4.3221435546875,8.47248582173491,1
2024-11-15,141.97999572753906,54.667546953158826,4.578571864536831,8.196535471494085,1
2024-11-18,140.14999389648438,54.667546953158826,4.683571951729911,8.090889075012123,1
2024-11-19,147.00999450683594,54.667546953158826,4.865001133510044,8.486918375119444,1
2024-11-20,145.88999938964844,54.667546953158826,4.693572998046875,8.422260817842544,1
2024-11-21,146.6699981689453,54.667546953158826,5.239287240164621,8.467290313930835,1
2024-11-22,141.9499969482422,55.53602904266214,5.417857578822544,8.194803635559394,1
2024-11-25,136.02000427246094,55.53602904266214,5.554286411830357,7.852463892106975,1
2024-11-26,136.9199981689453,55.53602904266214,5.343572344098773,7.904420731934035,1
2024-11-27,135.33999633789062,55.53602904266214,5.4935727800641745,7.813206888836606,1
2024-11-29,138.25,56.35905362930232,5.52928706577846,7.98120202164693,1
2024-12-02,138.6300048828125,56.35905362930232,5.340000697544643,8.003139784677229,1
2024-12-03,140.25999450683594,56.35905362930232,5.211429050990513,8.097239433737045,1
2024-12-04,145.13999938964844,56.35905362930232,5.361428397042411,8.378963157688943,1
2024-12-05,145.05999755859375,56.35905362930232,5.2999997820172995,8.374344634898714,1
2024-12-06,142.44000244140625,57.215580483154106,5.1364288330078125,8.223091757314613,1
2024-12-09,138.80999755859375,57.215580483154106,5.170714242117746,8.01353080028538,1
2024-12-10,135.07000732421875,57.215580483154106,5.245714460100446,7.797620365424379,1
2024-12-11,139.30999755859375,57.215580483154106,5.2649993896484375,8.042395907054447,1
2024-12-12,137.33999633789062,57.215580483154106,4.644998822893415,7.928667315912873,1
2024-12-13,134.25,57.98209212013765,4.716428484235491,7.750281167494397,1
2024-12-16,132.0,57.98209212013765,4.555714198521206,7.620388187033597,1
2024-12-17,130.38999938964844,57.98209212013765,4.663570949009487,7.527442508001476,1
2024-12-18,128.91000366210938,57.98209212013765,4.8778566632952005,7.442002038615121,1
2024-12-19,130.67999267578125,57.98209212013765,4.9571413312639505,7.544183882334549,1
2024-12-20,134.6999969482422,58.74545435723322,5.273570469447544,7.776259587407927,1
2024-12-23,139.6699981689453,58.74545435723322,5.452141898018973,8.063178819163902,1
2024-12-24,140.22000122070312,58.74545435723322,5.289284842354911,8.094930612788504,1
2024-12-26,139.92999267578125,58.74545435723322,5.327142987932477,8.078188357562281,1
2024-12-27,137.00999450683594,59.52420600051285,5.386427743094308,7.909616239738111,1
2024-12-30,137.49000549316406,59.52420600051285,5.4535707746233255,7.937327376479483,1
2024-12-31,134.2899932861328,59.52420600051285,5.182855878557477,7.752589988442936,1
2025-01-02,138.30999755859375,59.52420600051285,5.146428789411273,7.984665693516314,1
2025-01-03,144.47000122070312,60.369437793748574,5.366428920200893,8.340284020325571,1
2025-01-06,149.42999267578125,60.369437793748574,5.41142817905971,8.626625386174549,1
2025-01-07,140.13999938964844,60.369437793748574,6.064286368233817,8.090312089998276,1
2025-01-08,140.11000061035156,60.369437793748574,6.153572082519531,8.088580254063585,1
2025-01-10,135.91000366210938,61.12108521532431,5.9728578839983255,7.846113533382055,1
2025-01-13,133.22999572753906,61.12108521532431,6.064287458147321,7.6913961030354185,1
2025-01-14,131.75999450683594,61.12108521532431,6.012144906180246,7.606532618662911,1
2025-01-15,136.24000549316406,61.12108521532431,6.017145429338727,7.865164609556817,1
2025-01-16,133.57000732421875,61.12108521532431,6.160716465541294,7.711025045117179,1
2025-01-17,137.7100067138672,61.88316403620533,6.290000915527344,7.950028093929324,1
2025-01-21,140.8300018310547,61.88316403620533,6.255716596330915,8.130146078282491,1
2025-01-22,147.07000732421875,61.88316403620533,6.306430271693638,8.490382927881978,1
2025-01-23,147.22000122070312,61.88316403620533,6.254286629813058,8.499042107555438,1
2025-01-24,142.6199951171875,62.68651558924993,6.432856968470982,8.233482772922764,1
2025-01-27,118.41999816894531,62.68651558924993,7.813571384974888,6.836411781478569,1
2025-01-28,128.99000549316406,62.68651558924993,8.174999782017299,7.44662056140535,1
2025-01-29,123.69999694824219,62.68651558924993,7.876427786690848,7.141227238488461,1
2025-01-30,124.6500015258789,62.68651558924993,7.91285651070731,7.196071205617632,1
2025-01-31,120.06999969482422,63.25749553059893,8.110713413783483,6.9316667219058035,1
2025-02-03,116.66000366210938,63.25749553059893,8.157855442592076,6.7348069227729885,1
2025-02-04,118.6500015258789,63.25749553059893,8.02999768938337,6.849689924388833,1
2025-02-05,124.83000183105469,63.25749553059893,8.11499731881278,7.20646266167236,1
2025-02-06,128.67999267578125,63.25749553059893,8.020712171282087,7.428723455258282,1
2025-02-07,129.83999633789062,63.92000797644263,8.05214091709682,7.495690714376873,1
2025-02-10,133.57000732421875,63.92000797644263,8.082140786307198,7.711025045117179,1
2025-02-11,132.8000030517578,63.92000797644263,7.832140786307199,7.666572534042734,1
2025-02-12,131.13999938964844,63.92000797644263,7.847141265869141,7.570740168155076,1
2025-02-13,135.2899932861328,63.92000797644263,7.723570142473493,7.810320201981069,1
2025-02-14,138.85000610351562,64.66558009711002,6.154999324253628,8.015840502127071,1
2025-02-18,139.39999389648438,64.66558009711002,5.637857164655413,8.047591414858523,1
2025-02-19,139.22999572753906,64.66558009711002,5.2949998038155695,8.037777384264219,1
2025-02-20,140.11000061035156,64.66558009711002,5.078571864536831,8.088580254063585,1
2025-02-21,134.42999267578125,65.35975335659928,4.990715571812221,7.760672183102549,1
2025-02-24,130.27999877929688,65.35975335659928,5.094286782400949,7.521092149276556,1
2025-02-25,126.62999725341797,65.35975335659928,5.1871441432407925,7.310376781773054,1
2025-02-26,131.27999877929688,65.35975335659928,5.240715571812221,7.578822362814689,1
2025-02-27,120.1500015258789,65.35975335659928,6.030714852469308,6.936285244696032,1
2025-02-28,124.91999816894531,65.95239260846343,6.267857687813895,7.2116581694764355,1
2025-03-03,114.05999755859375,65.95239260846343,6.802143096923828,6.584708015216581,1
2025-03-04,115.98999786376953,65.95239260846343,7.21214348929269,6.696127344963042,1
2025-03-05,117.30000305175781,65.95239260846343,7.215714590890067,6.7717542242016675,1
2025-03-06,110.56999969482422,65.95239260846343,7.33857182094029,6.383229693293537,1
2025-03-07,112.69000244140625,66.41744345257231,7.47857175554548,6.505617904555147,1
2025-03-10,106.9800033569336,66.41744345257231,7.6014284406389505,6.175978438105995,1
2025-03-11,108.76000213623047,66.41744345257231,7.839285714285714,6.27873814773242,1
2025-03-12,115.73999786376953,66.41744345257231,8.134284973144531,6.681694791578508,1
2025-03-13,115.58000183105469,66.41744345257231,7.887141636439732,6.672458186444627,1
2025-03-14,121.66999816894531,66.96722011641683,7.729284558977399,7.024034975477502,1
2025-03-17,119.52999877929688,66.96722011641683,7.6592848641531805,6.9004923537416225,1
2025-03-18,115.43000030517578,66.96722011641683,7.508570534842355,6.6637985663245916,1
2025-03-19,117.5199966430664,66.96722011641683,6.795713697160993,6.784454501204934,1
2025-03-20,118.52999877929688,66.96722011641683,6.441428048270089,6.842762140203489,1
2025-03-21,117.69999694824219,67.47202386598724,5.760713849748884,6.7948459572596605,1
2025-03-24,121.41000366210938,67.47202386598724,5.426428658621652,7.009025437079122,1
2025-03-25,120.69000244140625,67.47202386598724,5.335000719342913,6.967459612860213,1
2025-03-26,113.76000213623047,67.47202386598724,5.399286542619977,6.567389215423087,1
2025-03-27,111.43000030517578,67.47202386598724,5.247142791748047,6.432877712172058,1
2025-03-28,109.66999816894531,67.8919042073102,5.002142769949777,6.331272413019902,1
2025-03-31,108.37999725341797,67.8919042073102,4.990713936941964,6.256800384702121,1
2025-04-01,110.1500015258789,67.8919042073102,4.685713631766183,6.358983109314699,1
2025-04-02,110.41999816894531,67.8919042073102,4.772856576102121,6.374570073173502,1
2025-04-03,101.80000305175781,67.8919042073102,4.952856881277902,5.876935914360601,1
2025-04-04,94.30999755859375,68.1547708078205,5.297857012067523,5.444536297838448,1
2025-04-07,97.63999938964844,68.1547708078205,6.022142682756696,5.636778014627611,1
2025-04-08,96.30000305175781,68.1547708078205,6.477142878941128,5.559419739900868,1
2025-04-09,114.33000183105469,68.1547708078205,7.553571428571429,6.600295419521959,1
2025-04-10,107.56999969482422,68.1547708078205,8.415714263916016,6.210039052679138,1
2025-04-11,110.93000030517578,68.58039498192353,8.383571079799108,6.4040126054029916,1
2025-04-14,110.70999908447266,68.58039498192353,8.578570774623326,6.39131188795315,1
2025-04-15,112.19999694824219,68.58039498192353,8.231427873883929,6.477329782799927,1
2025-04-16,104.48999786376953,68.58039498192353,8.799999782017299,6.032229889274508,1
2025-04-17,101.48999786376953,68.58039498192353,8.845713479178292,5.859039248660109,1
2025-04-21,96.91000366210938,68.90785371706627,8.78428486415318,5.594635205394855,1
2025-04-22,98.88999938964844,68.90785371706627,8.724999019077845,5.708940781550277,1
2025-04-23,102.70999908447266,68.90785371706627,8.776427677699498,5.929470179648083,1
2025-04-24,106.43000030517578,68.90785371706627,8.419999258858818,6.1442266444813916,1
2025-04-25,111.01000213623047,69.32678056700821,8.169998713902064,6.40863112819322,1
2025-04-28,108.7300033569336,69.32678056700821,7.445713588169643,6.277006311797728,1
2025-04-29,109.0199966430664,69.32678056700821,6.82928466796875,6.293747686130801,1
2025-04-30,108.91999816894531,69.32678056700821,5.83928462437221,6.287974752866302,1
2025-05-01,111.61000061035156,69.32678056700821,5.184999193464007,6.443269168226785,1
2025-05-02,114.5,69.77626533748575,5.164999280657087,6.610109450116264,1
2025-05-05,113.81999969482422,69.77626533748575,4.9357130868094305,6.57085288729247,1
2025-05-06,113.54000091552734,69.77626533748575,4.992855616978237,6.554688497973245,1
2025-05-07,117.05999755859375,69.77626533748575,4.539284297398159,6.7578986558309815,1
2025-05-08,117.37000274658203,69.77626533748575,4.424284798758371,6.775795321531474,1
2025-05-09,116.6500015258789,70.24267067269365,4.179285321916852,6.734229497312566,1
2025-05-12,123.0,70.24267067269365,4.425714220319476,7.100816265190398,1
2025-05-13,129.92999267578125,70.24267067269365,4.590714045933315,7.500886222180949,1
2025-05-14,135.33999633789062,70.24267067269365,4.710714612688337,7.813206888836606,1
2025-05-15,134.8300018310547,70.24267067269365,4.528572082519531,7.783764797053692,1
2025-05-16,135.39999389648438,70.89100224705973,4.378571646554129,7.81667056070599,1
2025-05-19,135.57000732421875,70.89100224705973,4.430000305175781,7.826485472193445,1
2025-05-20,134.3800048828125,70.89100224705973,4.2878586905343195,7.757786377140163,1
2025-05-21,131.8000030517578,70.89100224705973,4.344286782400949,7.608842320504601,1
2025-05-22,132.8300018310547,70.89100224705973,4.266429356166294,7.668304369977426,1
2025-05-23,131.2899932861328,71.49198723252314,4.385001046316964,7.579399347828536,1
2025-05-27,135.5,71.49198723252314,4.417144775390625,7.8224439344170635,1
2025-05-28,134.80999755859375,71.49198723252314,4.207145145961216,7.7826099461328475,1
2025-05-29,139.19000244140625,71.49198723252314,4.625002724783761,8.03546856331568,1
2025-05-30,135.1300048828125,72.12520133849617,4.887859344482422,7.801084037293762,1
2025-06-02,137.3800048828125,72.12520133849617,4.647858755929129,7.930977017754563,1
2025-06-03,141.22000122070312,72.12520133849617,4.390715462820871,8.152660826326638,1
2025-06-04,141.9199981689453,72.12520133849617,4.200715201241629,8.193071799624702,1
2025-06-05,139.99000549316406,72.12520133849617,4.310000828334263,8.081652910324816,1
2025-06-06,141.72000122070312,72.81768690946342,4.337857927594866,8.181525933095704,1
2025-06-09,142.6300048828125,72.81768690946342,4.323572431291852,8.234060638829762,1
2025-06-10,143.9600067138672,72.81768690946342,4.309999738420759,8.310841928542658,1
2025-06-11,142.8300018310547,72.81768690946342,4.0464292253766745,8.24560650535876,1
2025-06-12,145.0,72.81768690946342,4.078571864536831,8.37088096302933,1
2025-06-13,141.97000122070312,73.50576963892848,4.112857273646763,8.195958486480238,1
2025-06-16,144.69000244140625,73.50576963892848,4.101427350725446,8.352984737775413,1
2025-06-17,144.1199951171875,73.50576963892848,4.028569902692523,8.320078093229965,1
2025-06-18,145.47999572753906,73.50576963892848,3.5892835344587053,8.398591218877552,1
2025-06-20,143.85000610351562,74.20571229031742,3.364283970424107,8.304491569817737,1
2025-06-23,144.1699981689453,74.20571229031742,3.347141810825893,8.322964780085501,1
2025-06-24,147.89999389648438,74.20571229031742,3.2878570556640625,8.538298229932657,1
2025-06-25,154.30999755859375,74.20571229031742,3.552142551967076,8.908349110126448,1
2025-06-26,155.02000427246094,74.20571229031742,3.377142769949777,8.949337949331508,1
2025-06-27,157.75,75.03699873518988,3.406428745814732,9.10694118564053,1
2025-06-30,157.99000549316406,75.03699873518988,3.3650000435965404,9.120796754011216,1
2025-07-01,153.3000030517578,75.03699873518988,3.632143293108259,8.850041911574467,1
2025-07-02,157.25,75.03699873518988,3.7400000435965404,9.078076078871463,1
2025-07-03,159.33999633789062,75.03699873518988,3.781428745814732,9.198732013751805,1
2025-07-07,158.24000549316406,75.87583453223168,3.6278577532087053,9.135229307395749,1
2025-07-08,160.0,75.87583453223168,3.468572344098772,9.23683416610133,1
2025-07-09,162.8800048828125,75.87583453223168,3.681429181780134,9.403097462976962,1
2025-07-10,164.10000610351562,75.87583453223168,3.7071435110909596,9.473528393964937,1
2025-07-11,164.9199981689453,76.76184611070644,3.7692860194614957,9.520866711001768,1
2025-07-14,164.07000732421875,76.76184611070644,3.820714678083147,9.471796558030245,1
2025-07-15,170.6999969482422,76.76184611070644,4.144998822893415,9.854547274780726,1
2025-07-16,171.3699951171875,76.76184611070644,3.880713326590402,9.893226412144097,1
2025-07-17,173.0,76.76184611070644,3.9242847987583707,9.987326942097063,1
2025-07-18,172.41000366210938,77.71356907141693,3.8742850167410716,9.95326632752392,1
2025-07-21,171.3800048828125,77.71356907141693,3.851428440638951,9.893804278051094,1
2025-07-22,167.02999877929688,77.71356907141693,3.873571123395647,9.642677496802955,1
2025-07-23,170.77999877929688,77.71356907141693,3.844999040876116,9.859165797570954,1
2025-07-24,173.74000549316406,77.71356907141693,3.7964281354631697,10.030047617236816,1
2025-07-25,173.5,78.66666788662671,3.779284885951451,10.01619204886613,1
2025-07-28,176.75,78.66666788662671,3.8878566196986606,10.203815242865062,1
2025-07-29,175.50999450683594,78.66666788662671,3.883571079799107,10.132229460956243,1
2025-07-30,179.27000427246094,78.66666788662671,3.9900000435965404,10.349295627631241,1
2025-07-31,177.8699951171875,78.66666788662671,4.200715201241629,10.268472800141964,1
2025-08-01,173.72000122070312,79.61247219840857,4.451429094587054,10.028892766315971,1
2025-08-04,180.0,79.61247219840857,4.3192868913922995,10.391438436863996,1
2025-08-05,178.25999450683594,79.61247219840857,4.427143641880581,10.29098754818611,1
2025-08-06,179.4199981689453,79.61247219840857,4.4500002179827005,10.3579548073047,1
2025-08-07,180.77000427246094,79.61247219840857,4.5992856706891745,10.435890947938441,1
2025-08-08,182.6999969482422,80.63821871333228,4.6364288330078125,10.547309837238325,1
2025-08-11,182.05999755859375,80.63821871333228,4.406428745814732,10.510362535809646,1
2025-08-12,183.16000366210938,80.63821871333228,4.462856837681362,10.573866123058853,1
2025-08-13,181.58999633789062,80.63821871333228,4.574999128069196,10.483229264975272,1
2025-08-14,182.02000427246094,80.63821871333228,4.7035707746233255,10.508053714861108,1
2025-08-15,180.4499969482422,81.6313707355702,4.737857273646763,10.417416856777526,1
2025-08-18,182.00999450683594,81.6313707355702,4.604286193847656,10.50747584895411,1
2025-08-19,175.63999938964844,81.6313707355702,4.792142595563616,10.139734670602008,1
2025-08-20,175.39999389648438,81.6313707355702,4.779998779296875,10.125879102231323,1
2025-08-21,174.97999572753906,81.6313707355702,4.502141680036273,10.101632518252485,1
2025-08-22,177.99000549316406,82.59016312121791,4.567141941615513,10.275401024773883,1
2025-08-25,179.80999755859375,82.59016312121791,4.637141636439732,10.380469555348846,1
2025-08-26,181.77000427246094,82.59016312121791,4.632142203194754,10.493621161476574,1
2025-08-27,181.60000610351562,82.59016312121791,4.511427743094308,10.48380713088227,1
2025-08-28,180.1699981689453,82.59016312121791,4.879998343331473,10.401252467458301,1
2025-08-29,174.17999267578125,83.50150470882551,5.124998910086496,10.055448171243349,1
2025-09-02,170.77999877929688,83.50150470882551,5.263570513044085,9.859165797570954,1
2025-09-03,170.6199951171875,83.50150470882551,5.185713631766183,9.849928751990497,1
2025-09-04,171.66000366210938,83.50150470882551,5.106427873883929,9.90996866737032,1
2025-09-05,167.02000427246094,84.33253455522986,5.364283970424107,9.642100511789108,1
2025-09-08,168.30999755859375,84.33253455522986,5.467855181012835,9.716572099660313,1
2025-09-09,170.75999450683594,84.33253455522986,5.269997732979911,9.85801094665011,1
2025-09-10,177.3300018310547,84.33253455522986,5.364997863769531,10.237298872424358,1
2025-09-11,177.1699981689453,84.33253455522986,5.415712629045759,10.2280618268439,1
2025-09-12,177.82000732421875,85.26275816487153,5.0414276123046875,10.265586994179579,1
2025-09-15,177.75,85.26275816487153,4.970000130789621,10.261545456403196,1
2025-09-16,174.8800048828125,85.26275816487153,4.954999651227679,10.095860025434561,1
2025-09-17,170.2899932861328,85.26275816487153,5.1749997820172995,9.830877675815735,1
2025-09-18,176.24000549316406,85.26275816487153,5.085715157645089,10.174373151082149,1
2025-09-19,176.6699981689453,86.17228294103147,4.791429792131696,10.199196720074834,1
2025-09-22,183.61000061035156,86.17228294103147,4.997144426618304,10.599844542972383,1
2025-09-23,178.42999267578125,86.17228294103147,5.273572649274554,10.300801578780414,1
2025-09-24,176.97000122070312,86.17228294103147,5.411430358886719,10.216515960314904,1
2025-09-25,177.69000244140625,86.17228294103147,5.378572736467634,10.258081784533813,1
2025-09-26,178.19000244140625,87.08788214004018,5.4428591047014505,10.286946891302879,1
2025-09-29,181.85000610351562,87.08788214004018,5.55500248500279,10.498239684266803,1
2025-09-30,186.5800018310547,87.08788214004018,5.365003313337054,10.771303347652092,1
2025-10-01,187.24000549316406,87.08788214004018,5.396432059151786,10.809405500001615,1
2025-10-02,188.88999938964844,87.08788214004018,5.5150026593889505,10.904659999982275,1
2025-10-03,187.6199951171875,88.0882016721511,5.560715811593192,10.831342382138764,1
2025-10-06,185.5399932861328,88.0882016721511,5.626429966517857,10.711263432272268,1
2025-10-07,185.0399932861328,88.0882016721511,5.525715419224331,10.682398325503202,1
2025-10-08,189.11000061035156,88.0882016721511,5.365001133510044,10.917360717432116,1
2025-10-09,192.57000732421875,88.0882016721511,5.600000653948102,11.117107643867044,1
2025-10-10,183.16000366210938,89.03418975165319,5.866428920200893,10.573866123058853,1
2025-10-13,188.32000732421875,89.03418975165319,5.834286281040737,10.871754236329977,1
2025-10-14,180.02999877929688,89.03418975165319,6.137143816266741,10.393170272798688,1
2025-10-15,179.8300018310547,89.03418975165319,6.169287545340402,10.381624406269692,1
2025-10-16,181.80999755859375,89.03418975165319,6.074286324637277,10.495929982425114,1
2025-10-17,183.22000122070312,89.97136200507657,5.970001220703125,10.577329794928238,1
2025-10-20,182.63999938964844,89.97136200507657,5.7985719953264505,10.543846165368942,1
2025-10-21,181.16000366210938,89.97136200507657,5.709285191127232,10.458405695982586,1
2025-10-22,180.27999877929688,89.97136200507657,5.914285932268415,10.407602826183222,1
2025-10-23,182.16000366210938,89.97136200507657,5.790000915527344,10.51613590952072,1
2025-10-24,186.25999450683594,90.92945785086522,5.862858363560268,10.752829256491177,1
2025-10-27,191.49000549316406,90.92945785086522,5.911430358886719,11.054758907538682,1
2025-10-28,201.02999877929688,90.92945785086522,6.418571472167969,11.605504757099487,1
2025-10-29,207.0399932861328,90.92945785086522,6.7735715593610495,11.952463023342135,1
2025-10-30,202.88999938964844,90.92945785086522,6.206428527832031,11.71288298951614,1
2025-10-31,202.49000549316406,92.03951305128611,6.131428309849331,11.689791256458149,1
2025-11-03,206.8800048828125,92.03951305128611,6.147855486188616,11.943226858654828,1
2025-11-04,198.69000244140625,92.03951305128611,6.245713370186942,11.470416268834612,1
2025-11-05,195.2100067138672,92.03951305128611,6.585714067731585,11.26951537237199,1
2025-11-06,188.0800018310547,92.03951305128611,7.077855791364398,10.857898667959292,1
2025-11-07,188.14999389648438,92.99583624377564,7.502141680036273,10.861939324842522,1
2025-11-10,199.0500030517578,92.99583624377564,8.130714416503906,11.491199180944065,1
2025-11-11,193.16000366210938,92.99583624377564,8.207142421177455,11.151168258440187,1
2025-11-12,193.8000030517578,92.99583624377564,8.315713065011161,11.188115559868866,1
2025-11-13,186.86000061035156,92.99583624377564,8.647141592843193,10.787467736971317,1
2025-11-14,190.1699981689453,93.96274332760818,8.982140677315849,10.978554602839633,1
2025-11-17,186.60000610351562,93.96274332760818,8.567140851702009,10.772458198572936,1
2025-11-18,181.36000061035156,93.96274332760818,8.266427176339286,10.469951562511584,1
2025-11-19,186.52000427246094,93.96274332760818,8.328570774623326,10.767839675782707,1
2025-11-20,180.63999938964844,93.96274332760818,9.060713631766182,10.428385738292675,1
2025-11-21,178.8800048828125,94.80769120377937,9.259286063058036,10.326780879587094,1
2025-11-24,182.5500030517578,94.80769120377937,9.12142835344587,10.538650657564865,1
2025-11-25,177.82000732421875,94.80769120377937,9.459285191127233,10.265586994179579,1
2025-11-26,180.25999450683594,94.80769120377937,9.01999991280692,10.406447975262376,1
2025-11-28,177.0,95.62552512214972,8.616427830287389,10.218247796249596,1
2025-12-01,179.9199981689453,95.62552512214972,8.247142246791295,10.386819914073767,1
2025-12-02,181.4600067138672,95.62552512214972,8.103571210588727,10.475724936222656,1
2025-12-03,179.58999633789062,95.62552512214972,8.002142769949776,10.367768837899005,1
2025-12-04,183.3800048828125,95.62552512214972,7.643572126116071,10.586566840508695,1
2025-12-05,182.41000366210938,96.48905227180107,7.166429792131696,10.530568462905254,1
2025-12-08,185.5500030517578,96.48905227180107,7.148573739188058,10.711841298179266,1
2025-12-09,184.97000122070312,96.48905227180107,6.823572431291852,10.67835766861997,1
2025-12-10,183.77999877929688,96.48905227180107,6.605001177106585,10.609658573566687,1
2025-12-11,180.92999267578125,96.48905227180107,5.962859017508371,10.445127112625748,1
2025-12-12,175.02000427246094,97.27045477927032,5.717859540666852,10.103942220094174,1
2025-12-15,176.2899932861328,97.27045477927032,5.459287370954241,10.177258957044534,1
2025-12-16,177.72000122070312,97.27045477927032,4.787145342145648,10.259813620468504,1
2025-12-17,170.94000244140625,97.27045477927032,4.952860151018415,9.868402843151411,1
2025-12-18,174.13999938964844,97.27045477927032,5.056431361607143,10.053139350294808,1
2025-12-19,180.99000549316406,98.10348513463245,5.105716160365513,10.448591665388282,1
2025-12-22,183.69000244140625,98.10348513463245,4.922144208635602,10.604463065762612,1
2025-12-23,189.2100067138672,98.10348513463245,5.142859322684152,10.92313409114319,1
2025-12-24,188.61000061035156,98.10348513463245,4.9778594970703125,10.88849561066305,1
2025-12-26,190.52999877929688,99.02315193706693,5.045002528599331,10.999337514949088,1
2025-12-29,188.22000122070312,99.02315193706693,4.975001743861607,10.865980862618905,1
2025-12-30,187.5399932861328,99.02315193706693,4.950717381068638,10.826723859348535,1
2025-12-31,186.5,99.02315193706693,4.995716639927456,10.766684824861862,1
2026-01-02,188.85000610351562,99.9169514810117,4.943572998046875,10.902351179033737,1
2026-01-05,188.1199951171875,99.9169514810117,4.892144339425223,10.86020748890783,1
2026-01-06,187.24000549316406,99.9169514810117,5.031429835728237,10.809405500001615,1
2026-01-07,189.11000061035156,99.9169514810117,5.118571690150669,10.917360717432116,1
2026-01-08,185.0399932861328,99.9169514810117,5.006428309849331,10.682398325503202,1
2026-01-09,184.86000061035156,100.76215594996036,4.8250002179827005,10.67200730989505,1
2026-01-12,184.94000244140625,100.76215594996036,4.595714024135044,10.676625832685279,1
2026-01-13,185.80999755859375,100.76215594996036,4.705714634486607,10.726850836577647,1
2026-01-14,183.13999938964844,100.76215594996036,4.604285103934152,10.572711272138008,1
2026-01-15,187.0500030517578,100.76215594996036,4.885712759835379,10.798436618486466,1
2026-01-16,186.22999572753906,101.61258221640394,4.862141200474331,10.751097420556484,1
2026-01-20,178.07000732421875,101.61258221640394,5.147855486188616,10.28001954756411,1
2026-01-21,183.32000732421875,101.61258221640394,5.522854396275112,10.583103168639312,1
2026-01-22,184.83999633789062,101.61258221640394,5.4357114519391745,10.670852458974204,1
2026-01-23,187.6699981689453,102.46887491244914,5.316426958356585,10.8342290689943,1
2026-01-26,186.47000122070312,102.46887491244914,5.005711146763393,10.76495298892717,1
2026-01-27,188.52000427246094,102.46887491244914,4.930712018694196,10.883300102858975,1
2026-01-28,191.52000427246094,102.46887491244914,4.860712323869977,11.056490743473374,1
2026-01-29,192.50999450683594,102.46887491244914,4.973569597516741,11.113643091104509,1
2026-01-30,191.1300048828125,103.35107521066172,5.141427176339286,11.033975995429229,1
2026-02-02,185.61000061035156,103.35107521066172,5.294999258858817,10.71530497004865,1
2026-02-03,180.33999633789062,103.35107521066172,5.675713675362723,10.411066498052605,1
2026-02-04,174.19000244140625,103.35107521066172,5.919999258858817,10.056026037150346,1
2026-02-05,171.8800048828125,103.35107521066172,5.86500004359654,9.922669384820162,1
2026-02-06,185.41000366210938,104.1675819614224,6.633571079799107,10.703759103519653,1
2026-02-09,190.0399932861328,104.1675819614224,6.711429050990513,10.971049393193868,1
2026-02-10,188.5399932861328,104.1675819614224,6.500714983258929,10.884454072886667,1
2026-02-11,190.0500030517578,104.1675819614224,6.63428715297154,10.971627259100867,1
2026-02-12,186.94000244140625,104.1675819614224,6.801429748535156,10.792086259761545,1
2026-02-13,182.80999755859375,104.95009355940421,7.000002179827009,10.553660195963246,1
2026-02-17,184.97000122070312,104.95009355940421,7.262144906180246,10.67835766861997,1
2026-02-18,187.97999572753906,104.95009355940421,7.374287196568081,10.852125294248218,1
2026-02-19,187.89999389648438,104.95009355940421,7.042143685477121,10.847506771457988,1
2026-02-20,189.82000732421875,105.79457031328296,6.9971433367047995,10.958349556637177,1
2026-02-23,191.5500030517578,105.79457031328296,6.862857273646763,11.058222579408065,1
2026-02-24,192.85000610351562,105.79457031328296,6.600714547293527,11.13327203318627,1
2026-02-25,195.55999755859375,105.79457031328296,6.340000697544643,11.289720418574445,1
2026-02-26,184.88999938964844,105.79457031328296,6.729285103934152,10.673739145829742,1
2026-02-27,177.19000244140625,106.50497262301553,6.257142203194754,10.229216677764745,1
2026-03-02,182.47999572753906,106.50497262301553,6.193570818219866,10.534609119788485,1
2026-03-03,180.0500030517578,106.50497262301553,6.2792848859514505,10.394325123719533,1
2026-03-04,183.0399932861328,106.50497262301553,6.274284362792969,10.566937898426936,1
2026-03-05,183.33999633789062,106.50497262301553,6.2085691179547995,10.584257138667006,1
2026-03-06,177.82000732421875,107.21457495835088,6.252139500209263,10.265586994179579,1
2026-03-09,182.64999389648438,107.21457495835088,6.207854134695871,10.544423150382789,1
2026-03-10,184.77000427246094,107.21457495835088,6.138569423130581,10.666811802090974,1
2026-03-11,186.02999877929688,107.21457495835088,6.167141505650112,10.739551554027488,1
2026-03-12,183.13999938964844,107.21457495835088,6.159284319196429,10.572711272138008,1
2026-03-13,180.25,107.94129560553147,6.286427089146206,10.405870990248529,1
2026-03-16,183.22000122070312,107.94129560553147,6.447855268205915,10.577329794928238,1
2026-03-17,181.92999267578125,107.94129560553147,6.37214115687779,10.50285732616388,1
2026-03-18,180.39999389648438,107.94129560553147,5.787142072405134,10.414530169921989,1
2026-03-19,178.55999755859375,107.94129560553147,5.508571079799107,10.30830678842618,1
2026-03-20,172.6999969482422,108.58566079302113,5.3671417236328125,9.970007701856993,1
2026-03-23,175.63999938964844,108.58566079302113,5.374998910086496,10.139734670602008,1
2026-03-24,175.1999969482422,108.58566079302113,5.202856881277902,10.114333235702325,1
2026-03-25,178.67999267578125,108.58566079302113,5.191429138183594,10.315234132164948,1
2026-03-26,171.24000549316406,108.58566079302113,5.264286586216518,9.885722083391483,1
2026-03-27,167.52000427246094,109.17207217092601,5.041429792131696,9.670965618558174,1
2026-03-30,165.1699981689453,109.17207217092601,5.095000130789621,9.535299264386301,1
2026-03-31,174.39999389648438,109.17207217092601,5.543571472167969,10.06814888869319,1
2026-04-01,175.75,109.17207217092601,5.4500002179827005,10.14608502932693,1
2026-04-02,177.38999938964844,109.17207217092601,5.447858537946429,10.240762544293743,1
2026-04-06,177.63999938964844,109.85085751638594,4.976429530552456,10.255195097678275,1
2026-04-07,178.10000610351562,109.85085751638594,5.037143162318638,10.281751383498802,1
2026-04-08,182.0800018310547,109.85085751638594,5.330713544573102,10.51151738673049,1
2026-04-09,183.91000366210938,109.85085751638594,5.248571123395648,10.617163783212453,1
2026-04-10,188.6300048828125,110.63472962948471,5.194999694824219,10.889650461583894,1
2026-04-13,189.30999755859375,110.63472962948471,5.069999694824219,10.928906583961114,1
2026-04-14,196.50999450683594,110.63472962948471,5.424284798758371,11.344563945257043,1
2026-04-15,198.8699951171875,110.63472962948471,5.327140808105469,11.480807284442763,1
2026-04-16,198.35000610351562,110.63472962948471,5.077141898018973,11.450788207646003,1
2026-04-17,201.67999267578125,111.54065264487076,5.014283316476004,11.643029043542013,1
2026-04-20,202.05999755859375,111.54065264487076,4.953569684709821,11.664966806572313,1
2026-04-21,199.8800048828125,111.54065264487076,4.546427045549665,11.539115363887895,1
2026-04-22,202.5,111.54065264487076,4.584284101213727,11.690368241471996,1
2026-04-23,199.63999938964844,111.54065264487076,4.619283403669085,11.525259795517208,1
2026-04-24,208.27000427246094,112.50313375559305,5.282140459333148,12.023471820237107,1
2026-04-27,216.61000061035156,112.50313375559305,5.630712236676898,12.504941589730782,1
2026-04-28,213.1699981689453,112.50313375559305,5.719999040876116,12.3063495142167,1
2026-04-29,209.25,112.50313375559305,5.87214115687779,12.080047182854395,1
2026-04-30,199.57000732421875,112.50313375559305,6.265713282993862,11.521219138633978,1
2026-05-01,198.4499969482422,113.35832642417664,6.405713762555804,11.456560700463925,1
2026-05-04,198.47999572753906,113.35832642417664,6.390713282993862,11.458292536398618,1
2026-05-05,196.5,113.35832642417664,6.35857173374721,11.343986960243196,1
2026-05-06,207.8300018310547,113.35832642417664,6.910714285714286,11.998070385337424,1
2026-05-07,211.5,113.35832642417664,7.221429007393973,12.209940163315196,1
2026-05-08,215.1999969482422,114.37167637963998,7.362143380301339,12.423541777227658,1
2026-05-11,219.44000244140625,114.37167637963998,7.695000784737723,12.668318199750878,1
2026-05-12,220.77999877929688,114.37167637963998,8.07571520124163,12.745676474477621,1
2026-05-13,225.8300018310547,114.37167637963998,8.107857840401786,13.037214229023824,1
2026-05-14,235.74000549316406,114.37167637963998,8.065000261579241,13.609320856601082,1
2026-05-15,225.32000732421875,115.47563987162584,8.211429050990514,13.00777213724091,1
2026-05-18,222.32000732421875,115.47563987162584,8.441429138183594,12.83458149662651,1
2026-05-19,220.61000061035156,115.47563987162584,8.511428833007812,12.735862443883315,1
2026-05-20,223.47000122070312,115.47563987162584,8.085000174386161,12.900970889838103,1
2026-05-21,219.50999450683594,115.47563987162584,8.341428484235491,12.672358856634109,1
2026-05-22,215.3300018310547,116.4692156125157,8.285714285714286,12.431046986873424,1
2026-05-26,214.86000061035156,116.4692156125157,8.426427568708148,12.40391371603905,1
2026-05-27,212.60000610351562,116.4692156125157,8.019998822893415,12.273443750564402,1
2026-05-28,214.25,116.4692156125157,7.7771421160016745,12.368698250545062,1
2026-05-29,211.13999938964844,117.41121346104438,7.807855878557477,12.18915725120574,1
2026-06-01,224.36000061035156,117.41121346104438,8.187855311802455,12.952350744651316,0
