date,equity,units,exposure,allocation
2010-06-25,1.0,1.0,0.0,TQQQ
2010-06-28,0.9940002213151687,1.0,0.67,TQQQ
2010-06-29,0.9196827441007813,2.0,0.67,TQQQ
2010-06-30,0.889847107622002,1.0,0.67,SOXL
2010-07-01,0.8840352170786557,1.0,0.67,TQQQ
2010-07-02,0.8807949379172901,1.0,0.67,TQQQ
2010-07-06,0.8838790881379226,1.0,0.67,TQQQ
2010-07-07,0.9398406558211659,1.0,0.67,TQQQ
2010-07-08,0.9504639460006474,1.0,0.67,TQQQ
2010-07-09,0.9683068197457343,1.0,0.67,TQQQ
2010-07-12,0.9756737796204912,1.0,0.67,TQQQ
2010-07-13,0.9980021306330652,1.0,0.67,TQQQ
2010-07-14,1.0086982009518424,1.0,0.67,TQQQ
2010-07-15,1.0110569066879496,1.0,0.67,TQQQ
2010-07-16,0.9565361141045748,2.0,0.67,TQQQ
2010-07-19,0.9854445410486876,2.0,1.34,TQQQ
2010-07-20,1.0271625451145476,1.0,1.34,TQQQ
2010-07-21,1.0030629747798299,1.0,0.67,TQQQ
2010-07-22,1.048374761588353,1.0,0.67,TQQQ
2010-07-23,1.06665922646822,1.0,0.67,TQQQ
2010-07-26,1.082365640795341,1.0,0.67,TQQQ
2010-07-27,1.0822107374738048,1.0,0.67,TQQQ
2010-07-28,1.0673894431111968,1.0,0.67,TQQQ
2010-07-29,1.0503565408452078,1.0,0.67,TQQQ
2010-07-30,1.055162389050031,1.0,0.67,TQQQ
2010-08-02,1.0931975030507821,1.0,0.67,TQQQ
2010-08-03,1.0856261068768935,1.0,0.67,TQQQ
2010-08-04,1.1066352024639503,1.0,0.67,TQQQ
2010-08-05,1.1022582426146479,1.0,0.67,TQQQ
2010-08-06,1.098794592225012,1.0,0.67,TQQQ
2010-08-09,1.11166719110788,1.0,0.67,TQQQ
2010-08-10,1.0958775247229497,1.0,0.67,TQQQ
2010-08-11,1.0354390100126596,2.0,0.67,TQQQ
2010-08-12,0.9963323279687187,2.0,1.34,TQQQ
2010-08-13,0.9697344775028394,2.0,1.34,TQQQ
2010-08-16,0.977080984484598,2.0,1.34,TQQQ
2010-08-17,1.026882417068254,2.0,1.34,TQQQ
2010-08-18,1.0392475773682501,2.0,1.34,TQQQ
2010-08-19,0.9880375810549871,2.0,1.34,TQQQ
2010-08-20,0.9834871106252434,2.0,1.34,TQQQ
2010-08-23,0.947118407611586,2.0,1.34,TQQQ
2010-08-24,0.8742963802270656,3.0,1.34,TQQQ
2010-08-25,0.926723719337417,3.0,2.0,TQQQ
2010-08-26,0.8662326922167506,3.0,2.0,TQQQ
2010-08-27,0.9235474948747134,3.0,2.0,TQQQ
2010-08-30,0.8636993056428904,3.0,2.0,TQQQ
2010-08-31,0.8551425576164181,3.0,2.0,TQQQ
2010-09-01,0.9984901920801968,2.0,2.0,TQQQ
2010-09-02,1.0444055867563857,2.0,1.34,TQQQ
2010-09-03,1.115687267356018,1.0,1.34,TQQQ
2010-09-07,1.0974901334663956,2.0,0.67,TQQQ
2010-09-08,1.149433086154242,2.0,1.34,TQQQ
2010-09-09,1.168920351290666,2.0,1.34,TQQQ
2010-09-10,1.1857775863897528,1.0,1.34,TQQQ
2010-09-13,1.2207985904706902,1.0,0.67,TQQQ
2010-09-14,1.2311581935278584,1.0,0.67,TQQQ
2010-09-15,1.2451663265486286,1.0,0.67,TQQQ
2010-09-16,1.2569286569179714,1.0,0.67,TQQQ
2010-09-17,1.2658949346110464,1.0,0.67,TQQQ
2010-09-20,1.3100802622737817,1.0,0.67,TQQQ
2010-09-21,1.3073143889041134,1.0,0.67,TQQQ
2010-09-22,1.3031594893737402,1.0,0.67,TQQQ
2010-09-23,1.300545861863092,1.0,0.67,TQQQ
2010-09-24,1.3498880911979814,1.0,0.67,TQQQ
2010-09-27,1.3395347536747644,1.0,0.67,TQQQ
2010-09-28,1.3417897177623435,1.0,0.67,TQQQ
2010-09-29,1.3345483040269583,1.0,0.67,TQQQ
2010-09-30,1.322441381924793,1.0,0.67,TQQQ
2010-10-01,1.3196866089039696,1.0,0.67,TQQQ
2010-10-04,1.2890113729161523,1.0,0.67,TQQQ
2010-10-05,1.3533052715532934,1.0,0.67,TQQQ
2010-10-06,1.3301981842207504,1.0,0.67,TQQQ
2010-10-07,1.3389364800407753,1.0,0.67,TQQQ
2010-10-08,1.3570079119655818,1.0,0.67,TQQQ
2010-10-11,1.3588511504777998,1.0,0.67,TQQQ
2010-10-12,1.377752413565703,1.0,0.67,TQQQ
2010-10-13,1.4001828573918207,1.0,0.67,TQQQ
2010-10-14,1.3949760855565294,1.0,0.67,TQQQ
2010-10-15,1.4545951068285985,1.0,0.67,TQQQ
2010-10-18,1.4545951068285985,1.0,0.67,TQQQ
2010-10-19,1.4158409651287225,1.0,0.67,TQQQ
2010-10-20,1.4355626795955843,1.0,0.67,TQQQ
2010-10-21,1.442272346883871,1.0,0.67,TQQQ
2010-10-22,1.4611143663542916,1.0,0.67,TQQQ
2010-10-25,1.4759690203866191,1.0,0.67,TQQQ
2010-10-26,1.481896480066148,1.0,0.67,TQQQ
2010-10-27,1.4921170210445878,1.0,0.67,TQQQ
2010-10-28,1.4978597833745984,1.0,0.67,TQQQ
2010-10-29,1.4930435523824555,1.0,0.67,TQQQ
2010-11-01,1.4953423487399735,1.0,0.67,TQQQ
2010-11-02,1.5257099228813114,1.0,0.67,TQQQ
2010-11-03,1.540481782837913,1.0,0.67,TQQQ
2010-11-04,1.5770522186246725,1.0,0.67,TQQQ
2010-11-05,1.578317198846428,1.0,0.67,TQQQ
2010-11-08,1.581001368028898,1.0,0.67,TQQQ
2010-11-09,1.563875423074881,1.0,0.67,TQQQ
2010-11-10,1.5798953612026494,1.0,0.67,TQQQ
2010-11-11,1.5620931318627265,1.0,0.67,TQQQ
2010-11-12,1.5088359342783324,1.0,0.67,TQQQ
2010-11-15,1.4980107121977075,1.0,0.67,TQQQ
2010-11-16,1.448206367264732,2.0,0.67,TQQQ
2010-11-17,1.4665674980564596,2.0,1.34,TQQQ
2010-11-18,1.5579136271196794,1.0,1.34,TQQQ
2010-11-19,1.5603696072696653,1.0,0.67,TQQQ
2010-11-22,1.5879290895106155,1.0,0.67,TQQQ
2010-11-23,1.537676726107223,2.0,0.67,TQQQ
2010-11-24,1.6580157116168035,1.0,1.34,TQQQ
2010-11-26,1.6510258045482098,1.0,0.67,TQQQ
2010-11-29,1.6356275794226611,1.0,0.67,TQQQ
2010-11-30,1.593967371157302,2.0,0.67,TQQQ
2010-12-01,1.7297832585416084,1.0,1.34,TQQQ
2010-12-02,1.7649761135614384,1.0,0.67,TQQQ
2010-12-03,1.7748622628062265,1.0,0.67,TQQQ
2010-12-06,1.7727738274237355,1.0,0.67,TQQQ
2010-12-07,1.773861830054811,1.0,0.67,TQQQ
2010-12-08,1.7903251093524573,1.0,0.67,TQQQ
2010-12-09,1.7915709693294548,1.0,0.67,TQQQ
2010-12-10,1.816771840211588,1.0,0.67,TQQQ
2010-12-13,1.8024823986763943,1.0,0.67,TQQQ
2010-12-14,1.8075389733316902,1.0,0.67,TQQQ
2010-12-15,1.7952006157031193,1.0,0.67,TQQQ
2010-12-16,1.820296313074056,1.0,0.67,TQQQ
2010-12-17,1.8240106826390368,1.0,0.67,TQQQ
2010-12-20,1.8273066593505507,1.0,0.67,TQQQ
2010-12-21,1.847488471582389,1.0,0.67,TQQQ
2010-12-22,1.848800512731795,1.0,0.67,TQQQ
2010-12-23,1.8393805528240519,1.0,0.67,TQQQ
2010-12-27,1.8398755018374628,1.0,0.67,TQQQ
2010-12-28,1.8345379008706364,1.0,0.67,TQQQ
2010-12-29,1.8418564501935801,1.0,0.67,TQQQ
2010-12-30,1.8325826632621613,1.0,0.67,TQQQ
2010-12-31,1.8213114475157228,1.0,0.67,TQQQ
2011-01-03,1.8764339294740233,1.0,0.67,TQQQ
2011-01-04,1.8806165838885025,1.0,0.67,SOXL
2011-01-05,1.892901673120006,1.0,0.67,SOXL
2011-01-06,1.963195765920608,1.0,0.67,SOXL
2011-01-07,1.9718600480074338,1.0,0.67,SOXL
2011-01-10,2.0134097975755174,1.0,0.67,SOXL
2011-01-11,2.028387989760419,1.0,0.67,SOXL
2011-01-12,2.104665179665792,1.0,0.67,SOXL
2011-01-13,2.104199709094855,1.0,0.67,SOXL
2011-01-14,2.219414810860146,1.0,0.67,SOXL
2011-01-18,2.201939743422906,1.0,0.67,SOXL
2011-01-19,2.099180855370572,2.0,0.67,SOXL
2011-01-20,1.9969190693717753,2.0,1.34,SOXL
2011-01-21,1.9508225181900551,2.0,1.34,SOXL
2011-01-24,2.1396068239022035,1.0,1.34,SOXL
2011-01-25,2.1096099288752965,2.0,0.67,SOXL
2011-01-26,2.1879618355387334,2.0,1.34,SOXL
2011-01-27,2.3499189327353314,1.0,1.34,SOXL
2011-01-28,2.2224111484378364,2.0,0.67,SOXL
2011-01-31,2.2563394547439635,2.0,1.34,SOXL
2011-02-01,2.4751990498226526,1.0,1.34,SOXL
2011-02-02,2.503376867556613,1.0,0.67,SOXL
2011-02-03,2.5051605784307096,1.0,0.67,SOXL
2011-02-04,2.604477523195875,1.0,0.67,SOXL
2011-02-07,2.5864800753020174,1.0,0.67,SOXL
2011-02-08,2.5824662531275315,1.0,0.67,SOXL
2011-02-09,2.549583690487468,1.0,0.67,SOXL
2011-02-10,2.564236369724043,1.0,0.67,SOXL
2011-02-11,2.6035346875984793,1.0,0.67,SOXL
2011-02-14,2.6432928229858796,1.0,0.67,SOXL
2011-02-15,2.5926575446764635,1.0,0.67,SOXL
2011-02-16,2.6475437064866347,1.0,0.67,SOXL
2011-02-17,2.725693156799081,1.0,0.67,SOXL
2011-02-18,2.70465345779498,1.0,0.67,SOXL
2011-02-22,2.488790609865614,2.0,0.67,SOXL
2011-02-23,2.3097297505797214,2.0,1.34,SOXL
2011-02-24,2.4626930474692452,2.0,1.34,SOXL
2011-02-25,2.712176085166548,1.0,1.34,SOXL
2011-02-28,2.657214250574455,2.0,0.67,SOXL
2011-03-01,2.4446210480418484,2.0,1.34,SOXL
2011-03-02,2.584324577077767,2.0,1.34,SOXL
2011-03-03,2.7852516170439565,1.0,1.34,SOXL
2011-03-04,2.7264672885326866,2.0,0.67,SOXL
2011-03-07,2.4239932818121304,2.0,1.34,SOXL
2011-03-08,2.441270176178422,2.0,1.34,SOXL
2011-03-09,2.3977444755190156,3.0,0.2,SOXL
2011-03-10,2.3614472855256428,3.0,0.2,SOXL
2011-03-11,2.374039107586618,3.0,0.2,SOXL
2011-03-14,2.372101347897548,3.0,0.2,SOXL
2011-03-15,2.3548705931349487,3.0,0.2,SOXL
2011-03-16,2.3244678754978434,3.0,0.2,SOXL
2011-03-17,2.3414691077456475,3.0,0.2,SOXL
2011-03-18,2.34613605098714,2.0,0.2,SOXL
2011-03-21,2.370398631750403,2.0,0.2,SOXL
2011-03-22,2.3592779224841687,3.0,0.2,SOXL
2011-03-23,2.372062638492817,3.0,0.2,SOXL
2011-03-24,2.4070335726022427,2.0,0.2,SOXL
2011-03-25,2.4030073178708835,3.0,0.2,SOXL
2011-03-28,2.4052873629591973,3.0,0.2,SOXL
2011-03-29,2.4184959783940068,3.0,0.2,SOXL
2011-03-30,2.4200599936711518,3.0,0.2,SOXL
2011-03-31,2.4077420179420628,3.0,0.2,SOXL
2011-04-01,2.3908911428298882,3.0,0.2,SOXL
2011-04-04,2.376421695072518,1.0,0.67,TQQQ
2011-04-05,2.3583266409732224,1.0,0.67,TQQQ
2011-04-06,2.370245697487452,1.0,0.67,TQQQ
2011-04-07,2.369869017893717,1.0,0.67,TQQQ
2011-04-08,2.3460875989541266,1.0,0.67,TQQQ
2011-04-11,2.341839735185626,1.0,0.2,TQQQ
2011-04-12,2.332599487969057,1.0,0.2,TQQQ
2011-04-13,2.3437278587916253,1.0,0.2,TQQQ
2011-04-14,2.341167854109805,1.0,0.2,TQQQ
2011-04-15,2.3381405721735447,1.0,0.2,TQQQ
2011-04-18,2.3291246427963803,1.0,0.2,TQQQ
2011-04-19,2.3375241643727,1.0,0.2,TQQQ
2011-04-20,2.441740412167589,1.0,0.67,TQQQ
2011-04-21,2.483246934305304,1.0,0.67,TQQQ
2011-04-25,2.495595451860502,1.0,0.67,TQQQ
2011-04-26,2.5243440273852564,1.0,0.67,TQQQ
2011-04-27,2.559429844278343,1.0,0.67,TQQQ
2011-04-28,2.556849231539285,1.0,0.67,TQQQ
2011-04-29,2.5485466784507573,1.0,0.67,TQQQ
2011-05-02,2.539308137465096,1.0,0.67,TQQQ
2011-05-03,2.5137614600594986,1.0,0.67,TQQQ
2011-05-04,2.5039027839945645,1.0,0.67,TQQQ
2011-05-05,2.4787393558632864,1.0,0.67,TQQQ
2011-05-06,2.493162957236843,1.0,0.67,TQQQ
2011-05-09,2.5112829588005785,1.0,0.67,TQQQ
2011-05-10,2.5544708640981884,1.0,0.67,TQQQ
2011-05-11,2.517548031364425,1.0,0.67,TQQQ
2011-05-12,2.547299437176934,1.0,0.67,TQQQ
2011-05-13,2.486842120196491,1.0,0.67,TQQQ
2011-05-16,2.4609789251092606,2.0,0.2,TQQQ
2011-05-17,2.465002621522041,2.0,0.2,TQQQ
2011-05-18,2.5453461189175806,2.0,1.34,TQQQ
2011-05-19,2.5746980907625123,2.0,1.34,TQQQ
2011-05-20,2.4985712787025602,2.0,1.34,TQQQ
2011-05-23,2.4768914612697173,2.0,0.2,TQQQ
2011-05-24,2.4675571341108564,2.0,0.2,TQQQ
2011-05-25,2.473060517801392,2.0,0.2,TQQQ
2011-05-26,2.482334756397697,2.0,0.2,TQQQ
2011-05-27,2.4897398660262033,2.0,0.2,TQQQ
2011-05-31,2.6502864575618217,1.0,1.34,TQQQ
2011-06-01,2.6164199503738303,2.0,0.2,TQQQ
2011-06-02,2.6194541811847505,2.0,0.2,TQQQ
2011-06-03,2.595669054992955,2.0,0.2,TQQQ
2011-06-06,2.583128174956343,2.0,0.2,TQQQ
2011-06-07,2.5801316393639935,2.0,0.2,TQQQ
2011-06-08,2.5690227263552194,2.0,0.2,TQQQ
2011-06-09,2.570702191862083,1.0,0.2,SOXL
2011-06-10,2.54709170155238,1.0,0.2,TQQQ
2011-06-13,2.547443437789958,1.0,0.2,TQQQ
2011-06-14,2.566385854870036,1.0,0.2,TQQQ
2011-06-15,2.5383418228783277,1.0,0.2,TQQQ
2011-06-16,2.5312573234100344,1.0,0.2,TQQQ
2011-06-17,2.527494473850746,1.0,0.2,TQQQ
2011-06-20,2.534191769441068,1.0,0.2,TQQQ
2011-06-21,2.5679809411102528,1.0,0.2,TQQQ
2011-06-22,2.556414124125682,1.0,0.2,TQQQ
2011-06-23,2.5705642533813386,1.0,0.2,TQQQ
2011-06-24,2.5434878445317297,1.0,0.2,TQQQ
2011-06-27,2.5682069715939746,1.0,0.2,TQQQ
2011-06-28,2.5912549110461063,1.0,0.2,TQQQ
2011-06-29,2.5977461092698375,1.0,0.2,TQQQ
2011-06-30,2.6638763975191107,1.0,0.67,TQQQ
2011-07-01,2.7465735220578806,1.0,0.67,TQQQ
2011-07-05,2.7730929902640042,1.0,0.67,TQQQ
2011-07-06,2.792891328260047,1.0,0.67,TQQQ
2011-07-07,2.8686241361660536,1.0,0.67,TQQQ
2011-07-08,2.8527102386435015,1.0,0.67,TQQQ
2011-07-11,2.7502348443737916,1.0,0.67,TQQQ
2011-07-12,2.705310808431812,2.0,0.67,TQQQ
2011-07-13,2.753628102498204,2.0,1.34,TQQQ
2011-07-14,2.7346791745072356,2.0,0.2,TQQQ
2011-07-15,2.8804093121095224,2.0,1.34,TQQQ
2011-07-18,2.816755315245136,2.0,1.34,TQQQ
2011-07-19,3.0829246857218635,1.0,1.34,TQQQ
2011-07-20,3.0540151653054415,1.0,0.67,TQQQ
2011-07-21,3.0955106850628042,1.0,0.67,TQQQ
2011-07-22,3.159862987949596,1.0,0.67,TQQQ
2011-07-25,3.147394666057545,1.0,0.67,TQQQ
2011-07-26,3.158979999328294,1.0,0.67,TQQQ
2011-07-27,2.9984218034668872,1.0,0.67,TQQQ
2011-07-28,3.009136753444263,1.0,0.67,TQQQ
2011-07-29,2.9896055505916403,2.0,0.67,TQQQ
2011-08-01,2.9354848756806304,2.0,1.34,TQQQ
2011-08-02,2.8909201446431347,2.0,0.2,TQQQ
2011-08-03,2.9059141819050436,2.0,0.2,TQQQ
2011-08-04,2.8268165924739406,3.0,0.2,TQQQ
2011-08-05,2.814348528979588,3.0,0.2,TQQQ
2011-08-08,2.7263369207451746,1.0,0.2,SOXL
2011-08-09,2.8010154303600756,1.0,0.2,TQQQ
2011-08-10,2.7349426045200236,2.0,0.2,TQQQ
2011-08-11,2.8051566916573503,1.0,0.2,TQQQ
2011-08-12,2.8194295978159953,1.0,0.2,TQQQ
2011-08-15,2.843756982835466,1.0,0.2,TQQQ
2011-08-16,2.8291398278089526,1.0,0.2,TQQQ
2011-08-17,2.819961003696689,1.0,0.2,TQQQ
2011-08-18,2.738172989142468,2.0,0.2,TQQQ
2011-08-19,2.7074744926184247,3.0,0.2,TQQQ
2011-08-22,2.7123342147624583,3.0,0.2,TQQQ
2011-08-23,2.7794764750560352,2.0,0.2,TQQQ
2011-08-24,2.7925832768753573,2.0,0.2,TQQQ
2011-08-25,2.7657497290112287,2.0,0.2,TQQQ
2011-08-26,2.8057114583218294,2.0,0.2,TQQQ
2011-08-29,2.853468366992461,1.0,0.2,TQQQ
2011-08-30,2.8650816338634435,1.0,0.2,TQQQ
2011-08-31,2.868419489343493,1.0,0.2,TQQQ
2011-09-01,2.8522281817459456,1.0,0.2,TQQQ
2011-09-02,2.8122941056523976,2.0,0.2,TQQQ
2011-09-06,2.8122041359328627,2.0,0.2,TQQQ
2011-09-07,2.854728358332394,1.0,0.2,TQQQ
2011-09-08,2.8468206210069713,1.0,0.2,TQQQ
2011-09-09,2.809333597651703,2.0,0.2,TQQQ
2011-09-12,2.8304053063825467,2.0,0.2,TQQQ
2011-09-13,2.852368125438782,1.0,0.2,TQQQ
2011-09-14,2.8770112750576415,1.0,0.2,TQQQ
2011-09-15,2.903154016008155,1.0,0.2,TQQQ
2011-09-16,2.9539829348431312,1.0,0.67,TQQQ
2011-09-19,2.959020370757556,1.0,0.67,TQQQ
2011-09-20,2.9506351191653533,1.0,0.2,TQQQ
2011-09-21,2.9206234401142352,1.0,0.2,TQQQ
2011-09-22,2.8637895365839148,2.0,0.2,TQQQ
2011-09-23,2.881647852817617,2.0,0.2,TQQQ
2011-09-26,2.9011971714909484,2.0,0.2,TQQQ
2011-09-27,2.918943187962788,2.0,0.2,TQQQ
2011-09-28,2.891443106948794,2.0,0.2,TQQQ
2011-09-29,2.8743092173208744,2.0,0.2,TQQQ
2011-09-30,2.8296198312463243,3.0,0.2,TQQQ
2011-10-03,2.7852648166318903,3.0,0.2,TQQQ
2011-10-04,2.8191603729200523,2.0,0.2,TQQQ
2011-10-05,2.8620231170072716,2.0,0.2,TQQQ
2011-10-06,2.8914344754954313,2.0,0.2,TQQQ
2011-10-07,2.8795105837859127,2.0,0.2,TQQQ
2011-10-10,2.9386009579571923,1.0,0.2,TQQQ
2011-10-11,2.9511522438717086,1.0,0.2,TQQQ
2011-10-12,2.982912654784754,1.0,0.67,TQQQ
2011-10-13,3.0365654299036056,1.0,0.67,TQQQ
2011-10-14,3.1486195837026227,1.0,0.67,TQQQ
2011-10-17,3.0509676284662266,1.0,0.67,TQQQ
2011-10-18,3.1251095037858225,1.0,0.67,TQQQ
2011-10-19,3.0043875367379647,1.0,0.67,TQQQ
2011-10-20,2.9788308510241834,2.0,0.67,TQQQ
2011-10-21,3.120806860273336,2.0,1.34,TQQQ
2011-10-24,3.3821016918254414,1.0,1.34,TQQQ
2011-10-25,3.2536295682866285,1.0,0.67,TQQQ
2011-10-26,3.2450122637060064,1.0,0.67,TQQQ
2011-10-27,3.420223432193162,1.0,0.67,TQQQ
2011-10-28,3.427799172489466,1.0,0.67,TQQQ
2011-10-31,3.31399049794285,1.0,0.67,TQQQ
2011-11-01,3.142053355101488,2.0,0.67,TQQQ
2011-11-02,3.2457806175108335,2.0,1.34,TQQQ
2011-11-03,3.510494440582002,1.0,1.34,TQQQ
2011-11-04,3.4740501624283655,1.0,0.67,TQQQ
2011-11-07,3.525820787815376,1.0,0.67,TQQQ
2011-11-08,3.604575034643243,1.0,0.67,TQQQ
2011-11-09,3.3547710466628557,2.0,0.67,TQQQ
2011-11-10,3.336244227751501,2.0,1.34,TQQQ
2011-11-11,3.587177626842032,1.0,1.34,TQQQ
2011-11-14,3.546377631353563,2.0,0.67,TQQQ
2011-11-15,3.6991531361443926,2.0,1.34,TQQQ
2011-11-16,3.454817554631668,2.0,1.34,TQQQ
2011-11-17,3.13644527781723,2.0,1.34,TQQQ
2011-11-18,3.121400303249447,2.0,0.2,TQQQ
2011-11-21,3.085136472003157,3.0,0.2,TQQQ
2011-11-22,3.090503650560027,3.0,0.2,TQQQ
2011-11-23,3.049418616064174,3.0,0.2,TQQQ
2011-11-25,3.0355929650932882,3.0,0.2,TQQQ
2011-11-28,3.0982867125577918,2.0,0.2,TQQQ
2011-11-29,3.0870913654875456,3.0,0.2,TQQQ
2011-11-30,3.7647409272047687,2.0,2.0,TQQQ
2011-12-01,3.872896226574373,2.0,1.34,TQQQ
2011-12-02,3.8235150437069896,2.0,1.34,TQQQ
2011-12-05,3.9914226289782606,2.0,1.34,TQQQ
2011-12-06,3.950463534521504,2.0,1.34,TQQQ
2011-12-07,3.9584912631183085,2.0,1.34,TQQQ
2011-12-08,3.9181759807788277,2.0,0.2,TQQQ
2011-12-09,4.167138408153144,2.0,1.34,TQQQ
2011-12-12,4.139791552712766,2.0,0.2,TQQQ
2011-12-13,4.11182313786788,2.0,0.2,TQQQ
2011-12-14,4.073566025891214,2.0,0.2,TQQQ
2011-12-15,4.06723704723517,3.0,0.2,TQQQ
2011-12-16,4.077428505686428,3.0,0.2,TQQQ
2011-12-19,4.054852743665381,3.0,0.2,TQQQ
2011-12-20,4.126828980459686,2.0,0.2,TQQQ
2011-12-21,4.092465328605298,2.0,0.2,TQQQ
2011-12-22,4.11242780465264,2.0,0.2,TQQQ
2011-12-23,4.133725514925805,2.0,0.2,TQQQ
2011-12-27,4.140080457636367,2.0,0.2,TQQQ
2011-12-28,4.113500091816862,2.0,0.2,TQQQ
2011-12-29,4.12952839612943,2.0,0.2,TQQQ
2011-12-30,4.12278305865389,2.0,0.2,TQQQ
2012-01-03,4.437235414240928,2.0,1.34,TQQQ
2012-01-04,4.508392549084117,2.0,1.34,TQQQ
2012-01-05,4.65709767778644,2.0,1.34,TQQQ
2012-01-06,4.721582257940927,2.0,1.34,TQQQ
2012-01-09,4.668636478243709,2.0,1.34,TQQQ
2012-01-10,4.796862374570394,1.0,1.34,TQQQ
2012-01-11,4.819218818375988,1.0,0.67,TQQQ
2012-01-12,4.857525975825029,1.0,0.67,TQQQ
2012-01-13,4.820203837312269,1.0,0.67,TQQQ
2012-01-17,4.9069146645026676,1.0,0.67,TQQQ
2012-01-18,5.037518114397022,1.0,0.67,TQQQ
2012-01-19,5.105081238436721,1.0,0.67,TQQQ
2012-01-20,5.089937151461845,1.0,0.67,TQQQ
2012-01-23,5.089527716915352,1.0,0.67,TQQQ
2012-01-24,5.07066934512573,1.0,0.67,TQQQ
2012-01-25,5.200456525058885,1.0,0.67,TQQQ
2012-01-26,5.163533400291912,1.0,0.67,TQQQ
2012-01-27,5.1977345860820465,1.0,0.67,TQQQ
2012-01-30,5.203414704040374,1.0,0.67,TQQQ
2012-01-31,5.215586874526813,1.0,0.67,TQQQ
2012-02-01,5.3014733787534745,1.0,0.67,TQQQ
2012-02-02,5.338053917764467,1.0,0.67,TQQQ
2012-02-03,5.4802680178031045,1.0,0.67,TQQQ
2012-02-06,5.476706121566071,1.0,0.67,TQQQ
2012-02-07,5.49253043792179,1.0,0.67,TQQQ
2012-02-08,5.5537715531545615,1.0,0.67,TQQQ
2012-02-09,5.63629916772764,1.0,0.67,TQQQ
2012-02-10,5.555531734265231,1.0,0.67,TQQQ
2012-02-13,5.65574403300649,1.0,0.67,TQQQ
2012-02-14,5.688856949760102,1.0,0.67,TQQQ
2012-02-15,5.603779284051183,1.0,0.67,TQQQ
2012-02-16,5.7607277606253895,1.0,0.67,TQQQ
2012-02-17,5.72790309307115,1.0,0.67,TQQQ
2012-02-21,5.760434318220041,1.0,0.67,TQQQ
2012-02-22,5.709453367214582,1.0,0.67,TQQQ
2012-02-23,5.7819919049512265,1.0,0.67,TQQQ
2012-02-24,5.819781444702182,1.0,0.67,TQQQ
2012-02-27,5.838612631386071,1.0,0.67,TQQQ
2012-02-28,5.955638665583688,1.0,0.67,TQQQ
2012-02-29,5.903197119946548,1.0,0.67,TQQQ
2012-03-01,5.999386594555604,1.0,0.67,TQQQ
2012-03-02,5.987265095661882,1.0,0.67,TQQQ
2012-03-05,5.8621643161181085,1.0,0.67,TQQQ
2012-03-06,5.749532760968805,1.0,0.67,TQQQ
2012-03-07,5.836961545583591,1.0,0.67,TQQQ
2012-03-08,5.960996589451605,1.0,0.67,TQQQ
2012-03-09,6.009266172241479,1.0,0.67,TQQQ
2012-03-12,6.015708195079717,1.0,0.67,TQQQ
2012-03-13,6.242758313666155,1.0,0.67,TQQQ
2012-03-14,6.289595579854077,1.0,0.67,TQQQ
2012-03-15,6.321818896161282,1.0,0.67,TQQQ
2012-03-16,6.312583429039819,1.0,0.67,TQQQ
2012-03-19,6.404649402896326,1.0,0.67,TQQQ
2012-03-20,6.428143527539826,1.0,0.67,TQQQ
2012-03-21,6.426680286998661,1.0,0.67,TQQQ
2012-03-22,6.400655545996949,1.0,0.67,TQQQ
2012-03-23,6.394782681892055,1.0,0.67,TQQQ
2012-03-26,6.618544160972888,1.0,0.67,TQQQ
2012-03-27,6.635523445771261,1.0,0.67,TQQQ
2012-03-28,6.583546727092004,1.0,0.67,TQQQ
2012-03-29,6.5382541380020225,1.0,0.67,TQQQ
2012-03-30,6.507713016943643,1.0,0.67,TQQQ
2012-04-02,6.640730610481955,1.0,0.67,TQQQ
2012-04-03,6.641097768012115,1.0,0.67,TQQQ
2012-04-04,6.459579941182074,1.0,0.67,TQQQ
2012-04-05,6.538621026989197,1.0,0.67,TQQQ
2012-04-09,6.437858556757585,1.0,0.67,TQQQ
2012-04-10,6.229627411106079,2.0,0.67,TQQQ
2012-04-11,6.350398751641208,2.0,1.34,TQQQ
2012-04-12,6.6357879882148145,2.0,1.34,TQQQ
2012-04-13,6.233643091526292,2.0,1.34,TQQQ
2012-04-16,5.970610389573407,2.0,1.34,TQQQ
2012-04-17,6.442227336464005,1.0,1.34,TQQQ
2012-04-18,6.410691665086733,1.0,0.67,TQQQ
2012-04-19,6.271819384620153,2.0,0.67,TQQQ
2012-04-20,6.18126637648687,2.0,1.34,TQQQ
2012-04-23,5.972782941547588,2.0,1.34,TQQQ
2012-04-24,5.831496981425477,2.0,1.34,TQQQ
2012-04-25,6.452176951639817,2.0,1.34,TQQQ
2012-04-26,6.606831044013226,2.0,1.34,TQQQ
2012-04-27,6.75854867936328,2.0,1.34,TQQQ
2012-04-30,6.570329923462762,2.0,1.34,TQQQ
2012-05-01,6.620323266074068,2.0,1.34,TQQQ
2012-05-02,6.678872321126524,2.0,1.34,TQQQ
2012-05-03,6.400887294084415,2.0,1.34,TQQQ
2012-05-04,6.306953456449363,2.0,0.2,TQQQ
2012-05-07,6.308771316011574,2.0,0.2,TQQQ
2012-05-08,6.294848741040018,2.0,0.2,TQQQ
2012-05-09,6.287884598120721,2.0,0.2,TQQQ
2012-05-10,6.2750001770381125,2.0,0.2,TQQQ
2012-05-11,6.273765545890316,2.0,0.2,TQQQ
2012-05-14,6.239095244502138,3.0,0.2,TQQQ
2012-05-15,6.22820547623801,3.0,0.2,TQQQ
2012-05-16,6.2011697642768135,3.0,0.2,TQQQ
2012-05-17,6.124855479239726,3.0,0.2,TQQQ
2012-05-18,6.075681809326832,3.0,0.2,TQQQ
2012-05-21,6.177886171640947,2.0,0.2,TQQQ
2012-05-22,6.173384125534364,3.0,0.2,TQQQ
2012-05-23,6.180288222646063,3.0,0.2,TQQQ
2012-05-24,6.1580788647223415,3.0,0.2,TQQQ
2012-05-25,6.151104873151244,3.0,0.2,TQQQ
2012-05-29,6.196917079739528,3.0,0.2,TQQQ
2012-05-30,6.1668163347394955,3.0,0.2,TQQQ
2012-05-31,6.149196938519015,3.0,0.2,TQQQ
2012-06-01,6.05251558415239,3.0,0.2,TQQQ
2012-06-04,6.078479788806931,3.0,0.2,TQQQ
2012-06-05,6.095215067401781,2.0,0.2,TQQQ
2012-06-06,6.178543489611409,2.0,0.2,TQQQ
2012-06-07,6.164700280723057,3.0,0.2,TQQQ
2012-06-08,6.200964414518464,3.0,0.2,TQQQ
2012-06-11,6.141644413967863,3.0,0.2,TQQQ
2012-06-12,6.180414374038351,3.0,0.2,TQQQ
2012-06-13,6.156175229598066,3.0,0.2,TQQQ
2012-06-14,6.169977453649706,3.0,0.2,TQQQ
2012-06-15,6.2155706695979145,2.0,0.2,TQQQ
2012-06-18,6.247620493676197,3.0,0.2,TQQQ
2012-06-19,6.288726655257924,2.0,0.2,TQQQ
2012-06-20,6.293205766555336,2.0,0.2,TQQQ
2012-06-21,6.1989239741290785,3.0,0.2,TQQQ
2012-06-22,6.237495554832114,3.0,0.2,TQQQ
2012-06-25,6.1635062544706996,3.0,0.2,TQQQ
2012-06-26,6.187335256456927,3.0,0.2,TQQQ
2012-06-27,6.210006516750769,3.0,0.2,TQQQ
2012-06-28,6.165319131112687,3.0,0.2,TQQQ
2012-06-29,6.285782526678808,2.0,0.2,TQQQ
2012-07-02,6.295840992813594,2.0,0.2,TQQQ
2012-07-03,6.32582125232358,2.0,0.2,TQQQ
2012-07-05,6.330234367536291,2.0,0.2,TQQQ
2012-07-06,6.28035516050159,2.0,0.2,TQQQ
2012-07-09,6.276062065010286,2.0,0.2,TQQQ
2012-07-10,6.237573311213381,3.0,0.2,TQQQ
2012-07-11,6.220437761436478,3.0,0.2,TQQQ
2012-07-12,6.18447201379545,3.0,0.2,TQQQ
2012-07-13,6.238225923327111,3.0,0.2,TQQQ
2012-07-16,6.228872376684076,2.0,0.2,TQQQ
2012-07-17,6.247955858941944,3.0,0.2,TQQQ
2012-07-18,6.298825378686121,2.0,0.2,TQQQ
2012-07-19,6.573705923247992,2.0,1.34,TQQQ
2012-07-20,6.523137027290875,2.0,0.2,TQQQ
2012-07-23,6.474868125132032,3.0,0.2,TQQQ
2012-07-24,6.44528245716233,3.0,0.2,TQQQ
2012-07-25,6.4165162125043365,3.0,0.2,TQQQ
2012-07-26,6.4667324223346725,3.0,0.2,TQQQ
2012-07-27,7.446203256637779,2.0,2.0,TQQQ
2012-07-30,7.386052293375817,2.0,1.34,TQQQ
2012-07-31,7.391852271723048,2.0,1.34,TQQQ
2012-08-01,7.295016269764164,2.0,1.34,TQQQ
2012-08-02,7.192703377457918,2.0,1.34,TQQQ
2012-08-03,7.740880512693251,2.0,1.34,TQQQ
2012-08-06,7.973963459709284,2.0,1.34,TQQQ
2012-08-07,8.23836938032854,2.0,1.34,TQQQ
2012-08-08,8.22045286271148,2.0,1.34,TQQQ
2012-08-09,8.313907600379562,2.0,1.34,TQQQ
2012-08-10,8.359780014267672,2.0,1.34,TQQQ
2012-08-13,8.427671197638753,2.0,1.34,TQQQ
2012-08-14,8.443674424296017,2.0,1.34,TQQQ
2012-08-15,8.523757910462956,2.0,1.34,TQQQ
2012-08-16,8.933112777203032,1.0,1.34,TQQQ
2012-08-17,9.015332443738323,1.0,0.67,TQQQ
2012-08-20,9.038577222568446,1.0,0.67,TQQQ
2012-08-21,8.968940197585882,1.0,0.67,TQQQ
2012-08-22,9.033777535015666,1.0,0.67,TQQQ
2012-08-23,8.89950078410447,1.0,0.67,TQQQ
2012-08-24,9.005282491178388,1.0,0.67,TQQQ
2012-08-27,9.034613181696239,1.0,0.67,TQQQ
2012-08-28,9.033605923460955,1.0,0.67,TQQQ
2012-08-29,9.035621763471987,1.0,0.67,TQQQ
2012-08-30,8.850859763891263,1.0,0.67,TQQQ
2012-08-31,8.97736100938084,1.0,0.67,TQQQ
2012-09-04,8.95202413024121,1.0,0.67,TQQQ
2012-09-05,8.924637504957039,1.0,0.67,TQQQ
2012-09-06,9.319885748460333,1.0,0.67,TQQQ
2012-09-07,9.293010496776654,1.0,0.67,TQQQ
2012-09-10,9.06377240790435,1.0,0.67,TQQQ
2012-09-11,9.037537656818243,1.0,0.67,TQQQ
2012-09-12,9.090085320773632,1.0,0.67,TQQQ
2012-09-13,9.332974610608064,1.0,0.67,TQQQ
2012-09-14,9.49318335419538,1.0,0.67,TQQQ
2012-09-17,9.505028002765783,1.0,0.67,TQQQ
2012-09-18,9.5168600547805,1.0,0.67,TQQQ
2012-09-19,9.559244676438446,1.0,0.67,TQQQ
2012-09-20,9.544495724277773,1.0,0.67,TQQQ
2012-09-21,9.544495724277773,1.0,0.67,TQQQ
2012-09-24,9.426382312427313,1.0,0.67,TQQQ
2012-09-25,9.17284158861185,1.0,0.67,TQQQ
2012-09-26,9.01118677725851,2.0,0.67,TQQQ
2012-09-27,9.523785170636836,2.0,1.34,TQQQ
2012-09-28,9.217726410230018,2.0,1.34,TQQQ
2012-10-01,9.164753598037521,2.0,1.34,TQQQ
2012-10-02,9.244087902723336,2.0,1.34,TQQQ
2012-10-03,9.478494425987536,2.0,1.34,TQQQ
2012-10-04,9.626182924422558,1.0,1.34,TQQQ
2012-10-05,9.514982741995246,1.0,0.67,TQQQ
2012-10-08,9.34618432412635,1.0,0.67,TQQQ
2012-10-09,9.024366647998365,2.0,0.67,TQQQ
2012-10-10,8.877583809772396,2.0,1.34,TQQQ
2012-10-11,8.861777262500318,2.0,0.2,TQQQ
2012-10-12,8.86145922702972,2.0,0.2,TQQQ
2012-10-15,9.098298097586815,2.0,1.34,TQQQ
2012-10-16,9.6288354708487,2.0,1.34,TQQQ
2012-10-17,9.589625221469445,2.0,1.34,TQQQ
2012-10-18,9.150060354543868,2.0,1.34,TQQQ
2012-10-19,9.017854272154375,2.0,0.2,TQQQ
2012-10-22,9.046147492851473,2.0,0.2,TQQQ
2012-10-23,8.992616622568953,2.0,0.2,TQQQ
2012-10-24,8.974684768146593,3.0,0.2,TQQQ
2012-10-25,8.974684768146593,3.0,0.2,TQQQ
2012-10-26,8.993458471421114,3.0,0.2,TQQQ
2012-10-31,8.958635355638165,3.0,0.2,TQQQ
2012-11-01,9.034633287978652,2.0,0.2,TQQQ
2012-11-02,8.968561076572012,3.0,0.2,TQQQ
2012-11-05,9.012548860956706,3.0,0.2,TQQQ
2012-11-06,9.023507769870811,3.0,0.2,TQQQ
2012-11-07,8.894015012642836,3.0,0.2,TQQQ
2012-11-08,8.810793006367355,3.0,0.2,TQQQ
2012-11-09,8.829973025387805,3.0,0.2,TQQQ
2012-11-12,8.832582288419387,3.0,0.2,TQQQ
2012-11-13,8.7942287775463,3.0,0.2,TQQQ
2012-11-14,8.73131709885645,3.0,0.2,TQQQ
2012-11-15,8.715706877303829,2.0,0.2,TQQQ
2012-11-16,8.73536137072193,3.0,0.2,TQQQ
2012-11-19,8.86117839584647,2.0,0.2,TQQQ
2012-11-20,8.861549867079438,3.0,0.2,TQQQ
2012-11-21,8.874077947124322,3.0,0.2,TQQQ
2012-11-23,8.955434295093335,2.0,0.2,TQQQ
2012-11-26,8.97842016460448,3.0,0.2,TQQQ
2012-11-27,8.958116860833597,3.0,0.2,TQQQ
2012-11-28,9.00615915288471,3.0,0.2,TQQQ
2012-11-29,9.037286132168918,3.0,0.2,TQQQ
2012-11-30,9.030804270181905,3.0,0.2,TQQQ
2012-12-03,9.021909842343918,3.0,0.2,TQQQ
2012-12-04,9.010229825625274,3.0,0.2,TQQQ
2012-12-05,8.954638237793453,3.0,0.2,TQQQ
2012-12-06,8.987569534059988,3.0,0.2,TQQQ
2012-12-07,8.956859536803348,2.0,0.2,TQQQ
2012-12-10,8.9727794162442,3.0,0.2,TQQQ
2012-12-11,9.041990980344693,3.0,0.2,TQQQ
2012-12-12,9.029718555695426,3.0,0.2,TQQQ
2012-12-13,8.988930701856612,3.0,0.2,TQQQ
2012-12-14,8.937965658605947,3.0,0.2,TQQQ
2012-12-17,9.007628137941241,3.0,0.2,TQQQ
2012-12-18,9.091137668672829,2.0,0.2,TQQQ
2012-12-19,9.06506750532449,2.0,0.2,TQQQ
2012-12-20,9.06641732406673,2.0,0.2,TQQQ
2012-12-21,9.009987404302006,3.0,0.2,TQQQ
2012-12-24,8.994734039168817,3.0,0.2,TQQQ
2012-12-26,8.952160907944084,3.0,0.2,TQQQ
2012-12-27,8.942199281340287,3.0,0.2,TQQQ
2012-12-28,8.890386961479786,3.0,0.2,TQQQ
2012-12-31,9.006364656848108,2.0,0.2,TQQQ
2013-01-02,10.132313777275824,2.0,1.34,TQQQ
2013-01-03,9.935629565285156,2.0,1.34,TQQQ
2013-01-04,9.804356924525944,2.0,1.34,TQQQ
2013-01-07,9.81863051858434,2.0,1.34,TQQQ
2013-01-08,9.74246420763387,2.0,1.34,TQQQ
2013-01-09,9.875476393935546,2.0,1.34,TQQQ
2013-01-10,10.109010876767236,2.0,1.34,TQQQ
2013-01-11,10.159338964911834,2.0,1.34,TQQQ
2013-01-14,9.98413080437576,2.0,1.34,TQQQ
2013-01-15,9.785799255161724,2.0,1.34,TQQQ
2013-01-16,9.933206160383133,2.0,1.34,TQQQ
2013-01-17,10.138413036696218,2.0,1.34,TQQQ
2013-01-18,10.061670766669863,2.0,1.34,TQQQ
2013-01-22,10.116732842827746,2.0,1.34,TQQQ
2013-01-23,10.337272768123102,2.0,1.34,TQQQ
2013-01-24,9.78531717129939,2.0,1.34,TQQQ
2013-01-25,9.980160655987271,2.0,1.34,TQQQ
2013-01-28,10.075688656997551,2.0,1.34,TQQQ
2013-01-29,10.075688656997551,2.0,1.34,TQQQ
2013-01-30,10.001484697470616,2.0,1.34,TQQQ
2013-01-31,9.91546640315355,2.0,1.34,TQQQ
2013-02-01,10.35175400732404,2.0,1.34,TQQQ
2013-02-04,10.050453248041794,1.0,0.67,SOXL
2013-02-05,10.368340316400214,1.0,0.67,SOXL
2013-02-06,10.405989921822313,1.0,0.67,SOXL
2013-02-07,10.314986846389639,1.0,0.67,SOXL
2013-02-08,10.583244634855781,1.0,0.67,SOXL
2013-02-11,10.61463690737417,1.0,0.67,SOXL
2013-02-12,10.65971903382963,1.0,0.67,SOXL
2013-02-13,10.716427615715107,1.0,0.67,SOXL
2013-02-14,10.921236163449015,1.0,0.67,SOXL
2013-02-15,10.780145650067007,1.0,0.67,SOXL
2013-02-19,11.04081731606824,1.0,0.67,SOXL
2013-02-20,10.544713329663441,1.0,0.67,SOXL
2013-02-21,10.15888297947868,2.0,0.67,SOXL
2013-02-22,11.009423840957053,1.0,1.34,SOXL
2013-02-25,10.587925860337924,2.0,0.67,SOXL
2013-02-26,10.942732600314116,2.0,1.34,SOXL
2013-02-27,11.599296136642312,1.0,1.34,SOXL
2013-02-28,11.797854699411406,1.0,0.67,SOXL
2013-03-01,11.518346981429767,1.0,0.67,SOXL
2013-03-04,11.48620308940378,1.0,0.67,SOXL
2013-03-05,11.923995966102847,1.0,0.67,SOXL
2013-03-06,11.959827576824878,1.0,0.67,SOXL
2013-03-07,12.062967544296054,1.0,0.67,SOXL
2013-03-08,12.08183138597451,1.0,0.67,SOXL
2013-03-11,12.119530078358114,1.0,0.67,SOXL
2013-03-12,12.24080978502162,1.0,0.67,SOXL
2013-03-13,12.313654589423974,1.0,0.67,SOXL
2013-03-14,12.427770876176337,1.0,0.67,SOXL
2013-03-15,12.022912589276686,1.0,0.67,SOXL
2013-03-18,11.697328473276245,2.0,0.67,SOXL
2013-03-19,11.514194780414993,2.0,1.34,SOXL
2013-03-20,12.120826339806813,2.0,1.34,SOXL
2013-03-21,11.35170872763954,2.0,1.34,SOXL
2013-03-22,11.829031550367645,2.0,1.34,SOXL
2013-03-25,11.747936636643253,2.0,1.34,SOXL
2013-03-26,12.182497931025228,1.0,1.34,SOXL
2013-03-27,12.21689722349742,1.0,0.67,SOXL
2013-03-28,12.365016734968096,1.0,0.67,SOXL
2013-04-01,11.89765257257361,2.0,0.67,SOXL
2013-04-02,11.440652276023487,2.0,1.34,SOXL
2013-04-03,11.303028367377113,2.0,0.2,SOXL
2013-04-04,11.882801739610489,2.0,1.34,SOXL
2013-04-05,11.653477626820003,2.0,1.34,SOXL
2013-04-08,12.22845180821016,2.0,1.34,SOXL
2013-04-09,12.676453601029392,2.0,1.34,SOXL
2013-04-10,13.766938353565319,1.0,1.34,SOXL
2013-04-11,13.67658196276028,1.0,0.67,SOXL
2013-04-12,13.540599278746924,1.0,0.67,SOXL
2013-04-15,12.8932706378553,2.0,0.67,SOXL
2013-04-16,13.930658603763646,1.0,1.34,SOXL
2013-04-17,13.656161396513877,2.0,0.2,SOXL
2013-04-18,13.58214558220518,2.0,0.2,SOXL
2013-04-19,13.647000618008354,2.0,0.2,SOXL
2013-04-22,13.730229022406755,2.0,0.2,SOXL
2013-04-23,14.915165258721446,2.0,1.34,SOXL
2013-04-24,15.634206868649155,2.0,1.34,SOXL
2013-04-25,16.246006077545264,1.0,1.34,SOXL
2013-04-26,15.94829174122366,1.0,0.67,SOXL
2013-04-29,16.313351922558347,1.0,0.67,SOXL
2013-04-30,16.638335266432332,1.0,0.67,SOXL
2013-05-01,16.324703777433673,1.0,0.67,SOXL
2013-05-02,16.720671641628993,1.0,0.67,TQQQ
2013-05-03,17.112063111111727,1.0,0.67,TQQQ
2013-05-06,17.259905884040105,1.0,0.67,TQQQ
2013-05-07,17.231782058071364,1.0,0.67,TQQQ
2013-05-08,17.41224288198966,1.0,0.67,TQQQ
2013-05-09,17.37105125089758,1.0,0.67,TQQQ
2013-05-10,17.568933148363858,1.0,0.67,TQQQ
2013-05-13,17.614852207158815,1.0,0.67,TQQQ
2013-05-14,17.78846439543823,1.0,0.67,TQQQ
2013-05-15,17.876486104305346,1.0,0.67,TQQQ
2013-05-16,17.83257196093388,1.0,0.67,TQQQ
2013-05-17,18.169575086192896,1.0,0.67,TQQQ
2013-05-20,18.114718935469764,1.0,0.67,TQQQ
2013-05-21,18.159962298952404,1.0,0.67,TQQQ
2013-05-22,17.86303973564709,1.0,0.67,TQQQ
2013-05-23,17.732884376494706,1.0,0.67,TQQQ
2013-05-24,17.726349956688022,1.0,0.67,TQQQ
2013-05-28,17.97132582962905,1.0,0.67,TQQQ
2013-05-29,17.789625298438413,1.0,0.67,TQQQ
2013-05-30,17.983654929556778,1.0,0.67,TQQQ
2013-05-31,17.63982206910219,1.0,0.67,TQQQ
2013-06-03,17.708603347523084,1.0,0.67,TQQQ
2013-06-04,17.530445085107253,1.0,0.67,TQQQ
2013-06-05,17.080338335940947,2.0,0.67,TQQQ
2013-06-06,17.35994077606153,2.0,1.34,TQQQ
2013-06-07,18.332564413373373,1.0,1.34,TQQQ
2013-06-10,18.33763494734654,1.0,0.67,TQQQ
2013-06-11,17.981954501911915,1.0,0.67,TQQQ
2013-06-12,17.564618106848766,2.0,0.67,TQQQ
2013-06-13,18.409174501057787,2.0,1.34,TQQQ
2013-06-14,17.97491165663594,2.0,1.34,TQQQ
2013-06-17,18.64320834968954,2.0,1.34,TQQQ
2013-06-18,19.233337783168544,1.0,1.34,TQQQ
2013-06-19,18.82798418309156,1.0,0.67,TQQQ
2013-06-20,18.55027982029554,2.0,0.2,TQQQ
2013-06-21,18.498014968172175,2.0,0.2,TQQQ
2013-06-24,18.383678373351994,2.0,0.2,TQQQ
2013-06-25,18.46204326090635,2.0,0.2,TQQQ
2013-06-26,18.562855403289763,2.0,0.2,TQQQ
2013-06-27,18.8402027344806,2.0,1.34,TQQQ
2013-06-28,18.908847869364873,2.0,1.34,TQQQ
2013-07-01,19.450890416479623,2.0,1.34,TQQQ
2013-07-02,19.48447368816985,1.0,0.67,SOXL
2013-07-03,19.691372524538767,1.0,0.67,SOXL
2013-07-05,20.20596586872655,1.0,0.67,SOXL
2013-07-08,19.40105158637244,1.0,0.67,SOXL
2013-07-09,19.802086049082106,1.0,0.67,SOXL
2013-07-10,20.257486252228443,1.0,0.67,SOXL
2013-07-11,21.122591301302126,1.0,0.67,SOXL
2013-07-12,21.364874996538276,1.0,0.67,SOXL
2013-07-15,21.36219312705872,1.0,0.67,SOXL
2013-07-16,21.47999013860371,1.0,0.67,SOXL
2013-07-17,21.51737872041526,1.0,0.67,SOXL
2013-07-18,21.15988444747956,1.0,0.67,SOXL
2013-07-19,21.073807844541957,1.0,0.67,SOXL
2013-07-22,20.97138192113528,1.0,0.67,SOXL
2013-07-23,20.81736405677029,1.0,0.67,SOXL
2013-07-24,20.052589421218403,2.0,0.67,SOXL
2013-07-25,20.533501048521234,2.0,1.34,SOXL
2013-07-26,19.788334615860183,2.0,1.34,SOXL
2013-07-29,19.353212209125456,2.0,1.34,SOXL
2013-07-30,20.218552987992048,2.0,1.34,SOXL
2013-07-31,20.606163287619477,2.0,1.34,SOXL
2013-08-01,22.10275951658398,1.0,1.34,SOXL
2013-08-02,21.82254435988852,1.0,0.67,SOXL
2013-08-05,21.75418400120204,1.0,0.67,SOXL
2013-08-06,21.45748985519869,1.0,0.67,SOXL
2013-08-07,21.009394146210045,2.0,0.67,SOXL
2013-08-08,21.0964795812235,2.0,1.34,SOXL
2013-08-09,20.678017051570386,2.0,1.34,SOXL
2013-08-12,20.98447662205205,2.0,1.34,SOXL
2013-08-13,21.924671434186706,2.0,1.34,SOXL
2013-08-14,20.61619343347619,2.0,1.34,SOXL
2013-08-15,20.333499980251787,2.0,0.2,SOXL
2013-08-16,20.373652433979974,2.0,0.2,SOXL
2013-08-19,20.29125110716091,2.0,0.2,SOXL
2013-08-20,20.37225256691512,2.0,0.2,SOXL
2013-08-21,20.2825539181287,2.0,0.2,SOXL
2013-08-22,20.419984342876724,2.0,0.2,SOXL
2013-08-23,20.422679781501845,2.0,0.2,SOXL
2013-08-26,20.394853019676685,2.0,0.2,SOXL
2013-08-27,20.090665713405095,3.0,0.2,SOXL
2013-08-28,20.264875159893926,1.0,0.67,TQQQ
2013-08-29,20.419676191006978,1.0,0.2,SOXL
2013-08-30,20.30767550334435,1.0,0.2,SOXL
2013-09-03,20.40730285206229,1.0,0.2,SOXL
2013-09-04,20.853411090459343,1.0,0.67,TQQQ
2013-09-05,20.914537128474922,1.0,0.67,TQQQ
2013-09-06,20.96539887801588,1.0,0.67,TQQQ
2013-09-09,21.459860377455783,1.0,0.67,TQQQ
2013-09-10,21.67753807140209,1.0,0.67,TQQQ
2013-09-11,21.604233531072836,1.0,0.67,TQQQ
2013-09-12,21.539135818587685,1.0,0.67,TQQQ
2013-09-13,21.585944141241963,1.0,0.67,TQQQ
2013-09-16,21.464059882368243,1.0,0.67,TQQQ
2013-09-17,21.752035931947443,1.0,0.67,TQQQ
2013-09-18,22.287687686145613,1.0,0.67,TQQQ
2013-09-19,22.379747466116513,1.0,0.67,TQQQ
2013-09-20,22.215688243254995,1.0,0.67,TQQQ
2013-09-23,22.13169669145715,1.0,0.67,TQQQ
2013-09-24,22.134992216512124,1.0,0.67,TQQQ
2013-09-25,21.994771269278587,1.0,0.67,TQQQ
2013-09-26,22.332364366270415,1.0,0.67,TQQQ
2013-09-27,22.26173302261771,1.0,0.67,TQQQ
2013-09-30,22.16796481452287,1.0,0.67,TQQQ
2013-10-01,22.613096341142164,1.0,0.67,TQQQ
2013-10-02,22.58533738207447,1.0,0.67,TQQQ
2013-10-03,22.05925106406418,1.0,0.67,TQQQ
2013-10-04,22.4394837041451,1.0,0.67,TQQQ
2013-10-07,22.067322576168046,1.0,0.67,TQQQ
2013-10-08,21.23076448634043,2.0,0.67,TQQQ
2013-10-09,20.917189431758903,2.0,1.34,TQQQ
2013-10-10,22.697544094411025,1.0,1.34,TQQQ
2013-10-11,23.040276895639394,1.0,0.67,TQQQ
2013-10-14,23.360121944088153,1.0,0.67,TQQQ
2013-10-15,23.19282168295063,1.0,0.67,TQQQ
2013-10-16,23.723620767226762,1.0,0.67,TQQQ
2013-10-17,23.980266826381147,1.0,0.67,TQQQ
2013-10-18,24.77450488369651,1.0,0.67,TQQQ
2013-10-21,24.869789916374884,1.0,0.67,TQQQ
2013-10-22,24.927171899114956,1.0,0.67,TQQQ
2013-10-23,24.658581469961288,1.0,0.67,TQQQ
2013-10-24,24.864402585042658,1.0,0.67,TQQQ
2013-10-25,25.197283816320343,1.0,0.67,TQQQ
2013-10-28,25.231509801790402,1.0,0.67,TQQQ
2013-10-29,25.312911656588454,1.0,0.67,TQQQ
2013-10-30,25.259263934996177,1.0,0.67,TQQQ
2013-10-31,25.15023182252425,1.0,0.67,TQQQ
2013-11-01,25.14208113635743,1.0,0.67,TQQQ
2013-11-04,25.223646074821847,1.0,0.67,TQQQ
2013-11-05,25.295291400309605,1.0,0.67,TQQQ
2013-11-06,25.26601336857065,1.0,0.67,TQQQ
2013-11-07,24.32718781648995,1.0,0.67,TQQQ
2013-11-08,24.97073394274625,1.0,0.67,TQQQ
2013-11-11,24.890473464828066,1.0,0.67,TQQQ
2013-11-12,24.97250299472642,1.0,0.67,TQQQ
2013-11-13,25.571931023671272,1.0,0.67,TQQQ
2013-11-14,25.70468738139014,1.0,0.67,TQQQ
2013-11-15,25.824204805528375,1.0,0.67,TQQQ
2013-11-18,25.345639193949673,1.0,0.67,TQQQ
2013-11-19,25.178115583673257,1.0,0.67,TQQQ
2013-11-20,25.060632061256307,1.0,0.67,TQQQ
2013-11-21,25.57418902777282,1.0,0.67,TQQQ
2013-11-22,25.84465643893399,1.0,0.67,TQQQ
2013-11-25,25.95905235227901,1.0,0.67,TQQQ
2013-11-26,26.24684636795522,1.0,0.67,TQQQ
2013-11-27,26.598653491782635,1.0,0.67,TQQQ
2013-11-29,26.89097054229353,1.0,0.67,TQQQ
2013-12-02,26.778767320366455,1.0,0.67,TQQQ
2013-12-03,26.726515644669288,1.0,0.67,TQQQ
2013-12-04,26.772485081641747,1.0,0.67,TQQQ
2013-12-05,26.71706170931177,1.0,0.67,TQQQ
2013-12-06,27.086449518342402,1.0,0.67,TQQQ
2013-12-09,27.303769831695636,1.0,0.67,TQQQ
2013-12-10,27.27082058293995,1.0,0.67,TQQQ
2013-12-11,26.58806505072236,1.0,0.67,TQQQ
2013-12-12,26.44340041936277,1.0,0.67,TQQQ
2013-12-13,26.35892432716895,1.0,0.67,TQQQ
2013-12-16,26.662250330181568,1.0,0.67,TQQQ
2013-12-17,26.54954165742683,1.0,0.67,TQQQ
2013-12-18,27.163636067408767,1.0,0.67,TQQQ
2013-12-19,27.000001387164016,1.0,0.67,TQQQ
2013-12-20,27.544451032333214,1.0,0.67,TQQQ
2013-12-23,28.141483971706542,1.0,0.67,TQQQ
2013-12-24,28.16777706340026,1.0,0.67,TQQQ
2013-12-26,28.351744125137536,1.0,0.67,TQQQ
2013-12-27,28.213044020769757,1.0,0.67,TQQQ
2013-12-30,28.114183492139396,1.0,0.67,TQQQ
2013-12-31,28.48404242655707,1.0,0.67,TQQQ
2014-01-02,28.038105026137288,1.0,0.67,TQQQ
2014-01-03,27.628947069178388,1.0,0.67,TQQQ
2014-01-06,27.432235792355094,1.0,0.67,TQQQ
2014-01-07,27.908537250595415,1.0,0.67,TQQQ
2014-01-08,28.048368454675906,1.0,0.67,TQQQ
2014-01-09,27.854626505254913,1.0,0.67,TQQQ
2014-01-10,28.0412520171378,1.0,0.67,TQQQ
2014-01-13,27.20572660118799,1.0,0.67,TQQQ
2014-01-14,28.249260631041395,1.0,0.67,TQQQ
2014-01-15,28.691352784197157,1.0,0.67,TQQQ
2014-01-16,28.73125148685383,1.0,0.67,TQQQ
2014-01-17,28.38936745198745,1.0,0.67,TQQQ
2014-01-21,28.81503848402763,1.0,0.67,TQQQ
2014-01-22,28.994166957767128,1.0,0.67,TQQQ
2014-01-23,28.760625890857746,1.0,0.67,TQQQ
2014-01-24,27.618813301018594,1.0,0.67,TQQQ
2014-01-27,27.080636740222534,2.0,0.67,TQQQ
2014-01-28,27.067997508808443,2.0,1.34,TQQQ
2014-01-29,25.92426359560858,2.0,1.34,TQQQ
2014-01-30,27.755244630022936,2.0,1.34,TQQQ
2014-01-31,27.49465854493801,2.0,1.34,TQQQ
2014-02-03,27.13033620500281,2.0,0.2,TQQQ
2014-02-04,27.236335678734658,2.0,0.2,TQQQ
2014-02-05,27.186116795250353,2.0,0.2,TQQQ
2014-02-06,28.58187938877005,2.0,1.34,TQQQ
2014-02-07,30.61430805546201,1.0,1.34,TQQQ
2014-02-10,30.990788547393326,1.0,0.67,TQQQ
2014-02-11,31.701853464726124,1.0,0.67,TQQQ
2014-02-12,31.80280492890152,1.0,0.67,TQQQ
2014-02-13,32.350454822669036,1.0,0.67,TQQQ
2014-02-14,32.41376581569933,1.0,0.67,TQQQ
2014-02-18,32.75331375124307,1.0,0.67,TQQQ
2014-02-19,32.27307393222158,1.0,0.67,TQQQ
2014-02-20,32.58670089067985,1.0,0.67,TQQQ
2014-02-21,32.47378438258223,1.0,0.67,TQQQ
2014-02-24,32.85632823880974,1.0,0.67,TQQQ
2014-02-25,32.776951612793376,1.0,0.67,TQQQ
2014-02-26,32.70409071437283,1.0,0.67,TQQQ
2014-02-27,33.13504489472569,1.0,0.67,TQQQ
2014-02-28,33.023039112908776,1.0,0.67,TQQQ
2014-03-03,32.53804360442073,1.0,0.67,TQQQ
2014-03-04,33.668383207602275,1.0,0.67,SOXL
2014-03-05,33.81010588483363,1.0,0.67,SOXL
2014-03-06,34.32683944325062,1.0,0.67,SOXL
2014-03-07,34.21887015309222,1.0,0.67,SOXL
2014-03-10,34.07285498341154,1.0,0.67,SOXL
2014-03-11,33.709751962261656,1.0,0.67,SOXL
2014-03-12,34.27910243796231,1.0,0.67,SOXL
2014-03-13,33.130739232404146,1.0,0.67,SOXL
2014-03-14,32.77887845984128,1.0,0.67,SOXL
2014-03-17,33.566492209589214,1.0,0.67,SOXL
2014-03-18,34.525411981220586,1.0,0.67,SOXL
2014-03-19,34.474199721158655,1.0,0.67,SOXL
2014-03-20,35.774188264168735,1.0,0.67,SOXL
2014-03-21,35.14357791409889,1.0,0.67,SOXL
2014-03-24,34.85218798732417,1.0,0.67,SOXL
2014-03-25,35.33536453288585,1.0,0.67,SOXL
2014-03-26,34.61810896510042,1.0,0.67,SOXL
2014-03-27,34.0443185686275,1.0,0.67,SOXL
2014-03-28,34.535998665190306,1.0,0.67,SOXL
2014-03-31,35.65005410996411,1.0,0.67,SOXL
2014-04-01,36.76583600014961,1.0,0.67,SOXL
2014-04-02,36.61140429375202,1.0,0.67,SOXL
2014-04-03,36.75828192659068,1.0,0.67,SOXL
2014-04-04,34.68762242026636,2.0,0.67,SOXL
2014-04-07,33.40381719534918,2.0,1.34,SOXL
2014-04-08,35.08121306106974,2.0,1.34,SOXL
2014-04-09,36.59536962024243,1.0,1.34,SOXL
2014-04-10,34.33557754930775,2.0,0.67,SOXL
2014-04-11,32.1384287275365,2.0,1.34,SOXL
2014-04-14,33.14888016983034,2.0,1.34,SOXL
2014-04-15,34.0664748113943,2.0,1.34,SOXL
2014-04-16,33.80171767659026,2.0,1.34,SOXL
2014-04-17,36.41613402788073,2.0,1.34,SOXL
2014-04-21,37.70466253628754,2.0,1.34,SOXL
2014-04-22,39.1488515450184,1.0,1.34,SOXL
2014-04-23,39.04097406976929,1.0,0.67,SOXL
2014-04-24,39.44680201844775,1.0,0.67,SOXL
2014-04-25,36.89044065520501,2.0,0.67,SOXL
2014-04-28,35.98816097391718,2.0,1.34,SOXL
2014-04-29,36.86682760133777,2.0,1.34,SOXL
2014-04-30,37.865039222174495,2.0,1.34,SOXL
2014-05-01,37.36258195082118,2.0,1.34,SOXL
2014-05-02,37.66422431230561,2.0,1.34,SOXL
2014-05-05,37.90607708617077,2.0,1.34,SOXL
2014-05-06,37.30049805251881,2.0,1.34,SOXL
2014-05-07,37.397009884872546,2.0,1.34,SOXL
2014-05-08,38.422882846027,2.0,1.34,SOXL
2014-05-09,38.00365528751991,2.0,1.34,SOXL
2014-05-12,40.76047311247008,1.0,1.34,SOXL
2014-05-13,40.15632983994542,1.0,0.67,SOXL
2014-05-14,39.47005206566987,2.0,0.67,SOXL
2014-05-15,39.19329549309111,2.0,0.2,SOXL
2014-05-16,40.746902147417565,2.0,1.34,SOXL
2014-05-19,42.497910249165734,2.0,1.34,SOXL
2014-05-20,41.695381639607234,2.0,1.34,SOXL
2014-05-21,42.50056529465618,2.0,1.34,SOXL
2014-05-22,43.33597045341158,2.0,1.34,SOXL
2014-05-23,44.89594937819635,1.0,1.34,SOXL
2014-05-27,46.046345979929924,1.0,0.67,SOXL
2014-05-28,46.145164139892444,1.0,0.67,SOXL
2014-05-29,46.33601249335305,1.0,0.67,SOXL
2014-05-30,46.46408584406833,1.0,0.67,SOXL
2014-06-02,46.969098826994454,1.0,0.67,SOXL
2014-06-03,47.85639079659731,1.0,0.67,SOXL
2014-06-04,48.292792644550985,1.0,0.67,SOXL
2014-06-05,48.740111081839146,1.0,0.67,SOXL
2014-06-06,49.22709552252349,1.0,0.67,SOXL
2014-06-09,49.463018033627705,1.0,0.67,SOXL
2014-06-10,49.79381249828448,1.0,0.67,SOXL
2014-06-11,50.278875298661994,1.0,0.67,SOXL
2014-06-12,49.928622989552196,1.0,0.67,SOXL
2014-06-13,50.87852630183836,1.0,0.67,SOXL
2014-06-16,51.5154437972529,1.0,0.67,SOXL
2014-06-17,52.291949527843066,1.0,0.67,SOXL
2014-06-18,51.870900640159135,1.0,0.67,SOXL
2014-06-19,51.96726598194563,1.0,0.67,SOXL
2014-06-20,52.271595640089544,1.0,0.67,SOXL
2014-06-23,51.884532585770586,1.0,0.67,SOXL
2014-06-24,51.11064674278116,1.0,0.67,SOXL
2014-06-25,51.48013121125936,1.0,0.67,SOXL
2014-06-26,51.04017274181861,1.0,0.67,SOXL
2014-06-27,51.20312168418742,1.0,0.67,SOXL
2014-06-30,52.27627155586999,1.0,0.67,SOXL
2014-07-01,53.7196275273368,1.0,0.67,SOXL
2014-07-02,53.99171048963648,1.0,0.67,SOXL
2014-07-03,54.72050521334459,1.0,0.67,SOXL
2014-07-07,53.95402905514276,1.0,0.67,SOXL
2014-07-08,53.407938596348224,1.0,0.67,SOXL
2014-07-09,54.030384461702646,1.0,0.67,SOXL
2014-07-10,53.50901145701948,1.0,0.67,SOXL
2014-07-11,53.57948935012771,1.0,0.67,SOXL
2014-07-14,54.0632379621186,1.0,0.67,SOXL
2014-07-15,53.77669523140283,1.0,0.67,SOXL
2014-07-16,55.02365519535316,1.0,0.67,SOXL
2014-07-17,52.17642939547574,1.0,0.67,SOXL
2014-07-18,53.546181661507575,1.0,0.67,SOXL
2014-07-21,53.840643052353464,1.0,0.67,SOXL
2014-07-22,54.5289451798415,1.0,0.67,SOXL
2014-07-23,52.0055653107855,2.0,0.67,SOXL
2014-07-24,50.2426530432213,2.0,1.34,SOXL
2014-07-25,46.192288871470915,2.0,1.34,SOXL
2014-07-28,45.992954153553015,2.0,1.34,SOXL
2014-07-29,45.709410890948035,2.0,1.34,SOXL
2014-07-30,47.516576960866416,2.0,1.34,SOXL
2014-07-31,46.872002792859945,2.0,0.2,SOXL
2014-08-01,47.012267768790096,2.0,0.2,SOXL
2014-08-04,47.65736913172633,1.0,0.67,TQQQ
2014-08-05,46.9097288464694,1.0,0.67,TQQQ
2014-08-06,46.85591427312397,1.0,0.67,TQQQ
2014-08-07,46.553501464551765,1.0,0.67,TQQQ
2014-08-08,47.21845401763751,1.0,0.67,TQQQ
2014-08-11,47.79215519157784,1.0,0.67,TQQQ
2014-08-12,47.71829577490277,1.0,0.67,TQQQ
2014-08-13,48.757189932126145,1.0,0.67,TQQQ
2014-08-14,49.26107409894574,1.0,0.67,TQQQ
2014-08-15,49.7098657273712,1.0,0.67,TQQQ
2014-08-18,50.51494201318224,1.0,0.67,TQQQ
2014-08-19,51.0980513147126,1.0,0.67,TQQQ
2014-08-20,51.0980513147126,1.0,0.67,TQQQ
2014-08-21,51.292678218043015,1.0,0.67,TQQQ
2014-08-22,51.42745624286806,1.0,0.67,TQQQ
2014-08-25,51.811486630813526,1.0,0.67,TQQQ
2014-08-26,51.92982769431915,1.0,0.67,TQQQ
2014-08-27,51.93377672836299,1.0,0.67,TQQQ
2014-08-28,51.79192914156232,1.0,0.67,TQQQ
2014-08-29,52.19831115450176,1.0,0.67,TQQQ
2014-09-02,52.489170809833276,1.0,0.67,TQQQ
2014-09-03,51.885523352094765,1.0,0.67,TQQQ
2014-09-04,51.775140595662606,1.0,0.67,TQQQ
2014-09-05,52.31185644301647,1.0,0.67,TQQQ
2014-09-08,52.48854885290517,1.0,0.67,TQQQ
2014-09-09,51.63398007324838,1.0,0.67,TQQQ
2014-09-10,52.436293839840474,1.0,0.67,TQQQ
2014-09-11,52.40883730236019,1.0,0.67,TQQQ
2014-09-12,51.85558759026199,1.0,0.67,TQQQ
2014-09-15,50.8102915991252,1.0,0.67,TQQQ
2014-09-16,51.73080328567025,1.0,0.67,TQQQ
2014-09-17,51.90066575216673,1.0,0.67,TQQQ
2014-09-18,52.649999013863,1.0,0.67,TQQQ
2014-09-19,52.571675361633666,1.0,0.67,TQQQ
2014-09-22,51.61534932099036,1.0,0.67,TQQQ
2014-09-23,51.31474399531549,1.0,0.67,TQQQ
2014-09-24,52.429445372823764,1.0,0.67,TQQQ
2014-09-25,50.199596484356,1.0,0.67,TQQQ
2014-09-26,51.275247009674224,1.0,0.67,TQQQ
2014-09-29,51.160034555237644,1.0,0.67,TQQQ
2014-09-30,51.28730349744509,1.0,0.67,TQQQ
2014-10-01,49.642865017586324,2.0,0.67,TQQQ
2014-10-02,49.61052377803843,2.0,1.34,TQQQ
2014-10-03,51.61305073807818,2.0,1.34,TQQQ
2014-10-06,51.140079334806394,2.0,1.34,TQQQ
2014-10-07,50.707788084530335,2.0,0.2,TQQQ
2014-10-08,54.63289097457166,1.0,1.34,TQQQ
2014-10-09,54.08867792560663,2.0,0.2,TQQQ
2014-10-10,53.27881023714768,2.0,0.2,TQQQ
2014-10-13,52.78018746593672,3.0,0.2,TQQQ
2014-10-14,52.799385498414836,3.0,0.2,TQQQ
2014-10-15,52.5738319166678,3.0,0.2,TQQQ
2014-10-16,52.410330556644084,3.0,0.2,TQQQ
2014-10-17,52.82043515306207,3.0,0.2,TQQQ
2014-10-20,53.27564734822839,2.0,0.2,TQQQ
2014-10-21,54.10896928399058,2.0,0.2,TQQQ
2014-10-22,53.94124669855347,2.0,0.2,TQQQ
2014-10-23,57.245767725347974,2.0,1.34,TQQQ
2014-10-24,59.01034512779556,1.0,1.34,TQQQ
2014-10-27,59.15930894482605,1.0,0.67,TQQQ
2014-10-28,60.930551691075074,1.0,0.67,TQQQ
2014-10-29,60.44012949898975,1.0,0.67,TQQQ
2014-10-30,60.69323266169052,1.0,0.67,TQQQ
2014-10-31,62.36939886049927,1.0,0.67,TQQQ
2014-11-03,62.799961585933964,1.0,0.67,TQQQ
2014-11-04,62.35278600859457,1.0,0.67,TQQQ
2014-11-05,62.348259285648425,1.0,0.67,TQQQ
2014-11-06,62.70637589070039,1.0,0.67,TQQQ
2014-11-07,62.60239215096804,1.0,0.67,TQQQ
2014-11-10,63.03219958618167,1.0,0.67,TQQQ
2014-11-11,63.43350844351066,1.0,0.67,TQQQ
2014-11-12,63.667248559778784,1.0,0.67,TQQQ
2014-11-13,64.2146529385109,1.0,0.67,TQQQ
2014-11-14,64.61230730243766,1.0,0.67,TQQQ
2014-11-17,64.20693640302179,1.0,0.67,TQQQ
2014-11-18,65.17213832939035,1.0,0.67,TQQQ
2014-11-19,64.61761674705376,1.0,0.67,TQQQ
2014-11-20,65.19231412592372,1.0,0.67,TQQQ
2014-11-21,65.50725947892894,1.0,0.67,TQQQ
2014-11-24,66.49851893379827,1.0,0.67,TQQQ
2014-11-25,66.64350596847093,1.0,0.67,TQQQ
2014-11-26,67.55625592951647,1.0,0.67,TQQQ
2014-11-28,68.2319489053136,1.0,0.67,TQQQ
2014-12-01,66.54441889851093,1.0,0.67,TQQQ
2014-12-02,67.02324905977814,1.0,0.67,TQQQ
2014-12-03,67.4303611291313,1.0,0.67,TQQQ
2014-12-04,67.29506993667513,1.0,0.67,TQQQ
2014-12-05,67.32563900863943,1.0,0.67,TQQQ
2014-12-08,66.35158179606759,1.0,0.67,TQQQ
2014-12-09,66.78277019443694,1.0,0.67,TQQQ
2014-12-10,64.61615938575746,1.0,0.67,TQQQ
2014-12-11,65.29400882445958,1.0,0.67,TQQQ
2014-12-12,63.847599359529056,2.0,0.67,TQQQ
2014-12-15,61.281117376892446,2.0,1.34,TQQQ
2014-12-16,60.67281290493596,2.0,0.2,TQQQ
2014-12-17,65.03897960372781,2.0,1.34,TQQQ
2014-12-18,71.42879018583606,1.0,1.34,TQQQ
2014-12-19,71.96322430200821,1.0,0.67,TQQQ
2014-12-22,72.40799419496041,1.0,0.67,TQQQ
2014-12-23,71.94398877905712,1.0,0.67,TQQQ
2014-12-24,72.04476184368681,1.0,0.67,TQQQ
2014-12-26,73.02301388184647,1.0,0.67,TQQQ
2014-12-29,73.03254402020461,1.0,0.67,TQQQ
2014-12-30,72.02265451746162,1.0,0.67,TQQQ
2014-12-31,70.51167934199319,1.0,0.67,TQQQ
2015-01-02,70.12386080485871,2.0,0.67,TQQQ
2015-01-05,65.89466157005623,2.0,1.34,TQQQ
2015-01-06,65.37207555708042,2.0,0.2,TQQQ
2015-01-07,68.74198383843186,2.0,1.34,TQQQ
2015-01-08,73.99562831733896,1.0,1.34,TQQQ
2015-01-09,72.99187820855373,2.0,0.67,TQQQ
2015-01-12,69.98565095320237,2.0,1.34,TQQQ
2015-01-13,69.90444800880786,2.0,1.34,TQQQ
2015-01-14,69.68940646947651,2.0,0.2,TQQQ
2015-01-15,69.13588106143577,2.0,0.2,TQQQ
2015-01-16,69.62851526149889,2.0,0.2,TQQQ
2015-01-20,71.69272757009382,2.0,1.34,TQQQ
2015-01-21,73.16909657228626,2.0,1.34,TQQQ
2015-01-22,78.62427339483948,1.0,1.34,TQQQ
2015-01-23,78.9753187099008,1.0,0.67,TQQQ
2015-01-26,78.85856241614455,1.0,0.67,TQQQ
2015-01-27,77.63779035608532,2.0,0.2,TQQQ
2015-01-28,77.3704875790991,2.0,0.2,TQQQ
2015-01-29,77.81824046587877,2.0,0.2,TQQQ
2015-01-30,77.46105319528066,2.0,0.2,TQQQ
2015-02-02,77.86766275020099,2.0,0.2,TQQQ
2015-02-03,80.68274891224011,1.0,0.67,SOXL
2015-02-04,81.3292426275211,1.0,0.67,SOXL
2015-02-05,82.82005890105727,1.0,0.67,SOXL
2015-02-06,81.98064343616706,1.0,0.67,SOXL
2015-02-09,81.44416742544371,1.0,0.2,SOXL
2015-02-10,86.97264748839582,1.0,0.67,SOXL
2015-02-11,87.55906297936804,1.0,0.67,SOXL
2015-02-12,90.3897810519368,1.0,0.67,SOXL
2015-02-13,91.67840860621212,1.0,0.67,SOXL
2015-02-17,92.29268257807233,1.0,0.67,SOXL
2015-02-18,91.68467343420143,1.0,0.67,SOXL
2015-02-19,92.24777399276508,1.0,0.67,SOXL
2015-02-20,93.34932508340512,1.0,0.67,SOXL
2015-02-23,92.10614698703615,1.0,0.67,SOXL
2015-02-24,94.60488024570398,1.0,0.67,SOXL
2015-02-25,93.54174415913764,1.0,0.67,SOXL
2015-02-26,94.81371914055153,1.0,0.67,SOXL
2015-02-27,94.35612439118219,1.0,0.67,SOXL
2015-03-02,99.60785818392957,1.0,0.67,SOXL
2015-03-03,95.75236722019436,1.0,0.67,SOXL
2015-03-04,95.64771603175733,1.0,0.67,SOXL
2015-03-05,95.70633886981781,1.0,0.67,SOXL
2015-03-06,93.77257264904146,2.0,0.67,SOXL
2015-03-09,94.87207103614674,2.0,1.34,SOXL
2015-03-10,87.69630729173461,2.0,1.34,SOXL
2015-03-11,88.68509116471866,2.0,1.34,SOXL
2015-03-12,88.5350893688867,2.0,1.34,SOXL
2015-03-13,90.98393497739768,2.0,1.34,SOXL
2015-03-16,96.35147826390059,1.0,1.34,SOXL
2015-03-17,94.97762215746177,2.0,0.67,SOXL
2015-03-18,97.7707631460675,2.0,1.34,SOXL
2015-03-19,98.72875553383301,2.0,1.34,SOXL
2015-03-20,104.5341873252529,1.0,1.34,SOXL
2015-03-23,102.57284728325797,1.0,0.67,SOXL
2015-03-24,100.81435614257389,1.0,0.67,SOXL
2015-03-25,98.05226351552194,2.0,0.2,SOXL
2015-03-26,97.24361748704852,3.0,0.2,SOXL
2015-03-27,98.84037389265909,2.0,0.2,SOXL
2015-03-30,104.358919136099,2.0,1.34,SOXL
2015-03-31,103.62470407331142,2.0,0.2,SOXL
2015-04-01,103.23471345195476,2.0,0.2,SOXL
2015-04-02,103.3508462122728,1.0,0.67,TQQQ
2015-04-06,105.01675207462864,1.0,0.67,TQQQ
2015-04-07,104.69157278521207,1.0,0.67,TQQQ
2015-04-08,106.36067623030966,1.0,0.67,TQQQ
2015-04-09,107.68707218706606,1.0,0.67,TQQQ
2015-04-10,108.55041304426281,1.0,0.67,TQQQ
2015-04-13,108.01042630407537,1.0,0.67,TQQQ
2015-04-14,107.38894291372999,1.0,0.67,TQQQ
2015-04-15,108.66228992701096,1.0,0.67,TQQQ
2015-04-16,108.40906277497538,1.0,0.67,TQQQ
2015-04-17,105.01353487953975,1.0,0.67,TQQQ
2015-04-20,108.15895755477138,1.0,0.67,TQQQ
2015-04-21,109.08794140282083,1.0,0.67,TQQQ
2015-04-22,110.27259211384738,1.0,0.67,TQQQ
2015-04-23,111.15971227794459,1.0,0.67,TQQQ
2015-04-24,114.0744339195022,1.0,0.67,TQQQ
2015-04-27,113.58598704614928,1.0,0.67,TQQQ
2015-04-28,113.09001543198886,1.0,0.67,TQQQ
2015-04-29,111.64457453577918,1.0,0.67,TQQQ
2015-04-30,108.12961161452256,1.0,0.67,TQQQ
2015-05-01,111.05960109612356,1.0,0.67,TQQQ
2015-05-04,111.32372117303512,1.0,0.67,TQQQ
2015-05-05,107.78830099151925,2.0,0.67,TQQQ
2015-05-06,107.32800873572134,2.0,0.2,TQQQ
2015-05-07,109.797346372369,2.0,1.34,TQQQ
2015-05-08,115.18960681289718,1.0,1.34,TQQQ
2015-05-11,114.34258862153214,1.0,0.67,TQQQ
2015-05-12,113.35307446673774,1.0,0.67,TQQQ
2015-05-13,113.7449813696013,1.0,0.67,TQQQ
2015-05-14,117.11948852463605,1.0,0.67,TQQQ
2015-05-15,117.11259049796816,1.0,0.67,TQQQ
2015-05-18,118.07703539043754,1.0,0.67,TQQQ
2015-05-19,117.85061908906877,1.0,0.67,TQQQ
2015-05-20,117.98113544743305,1.0,0.67,TQQQ
2015-05-21,119.22352210066019,1.0,0.67,TQQQ
2015-05-22,119.00498504110949,1.0,0.67,TQQQ
2015-05-26,116.24355642371246,1.0,0.67,TQQQ
2015-05-27,119.99209752437737,1.0,0.67,TQQQ
2015-05-28,119.39952948082004,1.0,0.67,TQQQ
2015-05-29,118.04755953235944,1.0,0.67,TQQQ
2015-06-01,118.74113136296101,1.0,0.67,TQQQ
2015-06-02,118.01533342415009,1.0,0.67,TQQQ
2015-06-03,118.70899213297574,1.0,0.67,TQQQ
2015-06-04,116.97638922365509,1.0,0.67,TQQQ
2015-06-05,116.38311428223462,1.0,0.67,TQQQ
2015-06-08,115.67087600587848,1.0,0.2,TQQQ
2015-06-09,115.5565798802963,1.0,0.2,TQQQ
2015-06-10,118.62477192098189,1.0,0.67,TQQQ
2015-06-11,119.06059044559068,1.0,0.67,TQQQ
2015-06-12,117.03279532053952,1.0,0.67,TQQQ
2015-06-15,116.70957917188751,1.0,0.2,TQQQ
2015-06-16,117.90467416936426,1.0,0.67,TQQQ
2015-06-17,118.56689166428909,1.0,0.67,TQQQ
2015-06-18,121.9257123616258,1.0,0.67,TQQQ
2015-06-19,120.67861461167571,1.0,0.67,TQQQ
2015-06-22,122.62924309613072,1.0,0.67,TQQQ
2015-06-23,122.83184811982157,1.0,0.67,TQQQ
2015-06-24,121.56819355448235,1.0,0.67,TQQQ
2015-06-25,121.03490655590926,1.0,0.67,TQQQ
2015-06-26,119.52989348121591,1.0,0.67,TQQQ
2015-06-29,117.83998275574953,2.0,0.2,TQQQ
2015-06-30,118.10889373638952,2.0,0.2,TQQQ
2015-07-01,118.59300976230489,2.0,0.2,TQQQ
2015-07-02,118.68259599065448,2.0,0.2,TQQQ
2015-07-06,118.48217517663217,2.0,0.2,TQQQ
2015-07-07,118.60281341367597,2.0,0.2,TQQQ
2015-07-08,117.41448817088308,2.0,0.2,TQQQ
2015-07-09,117.34618933731444,2.0,0.2,TQQQ
2015-07-10,118.43693438424356,2.0,0.2,TQQQ
2015-07-13,126.5469269192624,1.0,1.34,TQQQ
2015-07-14,128.24820973346732,1.0,0.67,TQQQ
2015-07-15,128.65774172525397,1.0,0.67,TQQQ
2015-07-16,132.02548415763061,1.0,0.67,TQQQ
2015-07-17,136.0709489564147,1.0,0.67,TQQQ
2015-07-20,137.09122665722296,1.0,0.67,TQQQ
2015-07-21,136.8388698373802,1.0,0.67,TQQQ
2015-07-22,133.8297378086878,1.0,0.67,TQQQ
2015-07-23,132.75706194964638,1.0,0.67,TQQQ
2015-07-24,130.22951998722178,1.0,0.67,TQQQ
2015-07-27,127.98827923627117,2.0,0.67,TQQQ
2015-07-28,132.50975834676603,2.0,1.34,TQQQ
2015-07-29,134.4967784996028,2.0,1.34,TQQQ
2015-07-30,137.00490660233243,1.0,1.34,TQQQ
2015-07-31,136.72408274318718,1.0,0.67,TQQQ
2015-08-03,135.88075802054666,1.0,0.67,TQQQ
2015-08-04,135.2939240428786,1.0,0.67,TQQQ
2015-08-05,137.4171068337261,1.0,0.67,TQQQ
2015-08-06,132.99819741453194,2.0,0.67,TQQQ
2015-08-07,132.28922721738635,2.0,1.34,TQQQ
2015-08-10,138.27610784966552,2.0,1.34,TQQQ
2015-08-11,131.21129496337335,2.0,1.34,TQQQ
2015-08-12,132.76174285310404,2.0,1.34,TQQQ
2015-08-13,131.96113415718833,2.0,1.34,TQQQ
2015-08-14,132.91430772899233,2.0,1.34,TQQQ
2015-08-17,137.28834396370436,2.0,1.34,TQQQ
2015-08-18,134.35367528606787,2.0,1.34,TQQQ
2015-08-19,133.8489471154178,2.0,0.2,TQQQ
2015-08-20,131.64464990429522,2.0,0.2,TQQQ
2015-08-21,128.3692108546938,3.0,0.2,TQQQ
2015-08-24,125.32756622908471,3.0,0.2,TQQQ
2015-08-25,124.50577031359151,1.0,0.2,SOXL
2015-08-26,128.0995652069237,1.0,0.2,TQQQ
2015-08-27,130.10155366760247,1.0,0.2,TQQQ
2015-08-28,130.0804558868342,1.0,0.2,TQQQ
2015-08-31,129.11445528620897,1.0,0.2,TQQQ
2015-09-01,126.77186715613544,2.0,0.2,TQQQ
2015-09-02,128.8342953466476,1.0,0.2,TQQQ
2015-09-03,128.40907407215317,1.0,0.2,TQQQ
2015-09-04,127.55002919830153,2.0,0.2,TQQQ
2015-09-08,129.71541289501633,1.0,0.2,TQQQ
2015-09-09,128.81235495531863,1.0,0.2,TQQQ
2015-09-10,129.63606527719432,1.0,0.2,TQQQ
2015-09-11,130.05530085572744,1.0,0.2,TQQQ
2015-09-14,129.82298356121342,1.0,0.2,TQQQ
2015-09-15,130.72934733548013,1.0,0.2,TQQQ
2015-09-16,131.16638550270991,1.0,0.2,TQQQ
2015-09-17,131.2386878392191,1.0,0.2,TQQQ
2015-09-18,130.12807680999123,1.0,0.2,TQQQ
2015-09-21,130.34950925901177,1.0,0.2,TQQQ
2015-09-22,129.19944950991106,1.0,0.2,TQQQ
2015-09-23,129.24066179490876,1.0,0.2,TQQQ
2015-09-24,128.94153671591405,2.0,0.2,TQQQ
2015-09-25,128.3155269949597,2.0,0.2,TQQQ
2015-09-28,126.10348682543771,2.0,0.2,TQQQ
2015-09-29,125.72977551418062,2.0,0.2,TQQQ
2015-09-30,127.39325480135643,2.0,0.2,TQQQ
2015-10-01,127.74976817628077,2.0,0.2,TQQQ
2015-10-02,129.0762462747455,2.0,0.2,TQQQ
2015-10-05,130.25320037971844,2.0,0.2,TQQQ
2015-10-06,129.88082046313775,2.0,0.2,TQQQ
2015-10-07,130.29817268325766,2.0,0.2,TQQQ
2015-10-08,130.61659180461442,1.0,0.2,TQQQ
2015-10-09,130.93458785224644,1.0,0.2,TQQQ
2015-10-12,131.15504595677035,1.0,0.2,TQQQ
2015-10-13,130.64147662889928,1.0,0.2,TQQQ
2015-10-14,130.53023771054598,1.0,0.2,TQQQ
2015-10-15,131.80590042048348,1.0,0.2,TQQQ
2015-10-16,132.13340390966283,1.0,0.2,TQQQ
2015-10-19,133.72051130899055,1.0,0.67,TQQQ
2015-10-20,133.27721156158742,1.0,0.2,TQQQ
2015-10-21,132.84836204546693,1.0,0.2,TQQQ
2015-10-22,138.12439923798289,1.0,0.67,TQQQ
2015-10-23,145.8200263487756,1.0,0.67,TQQQ
2015-10-26,146.11012909903388,1.0,0.67,TQQQ
2015-10-27,146.7476759434287,1.0,0.67,TQQQ
2015-10-28,149.02807726617328,1.0,0.67,TQQQ
2015-10-29,148.65905339278382,1.0,0.67,TQQQ
2015-10-30,147.29607481269002,1.0,0.67,TQQQ
2015-11-02,150.66127831129452,1.0,0.67,TQQQ
2015-11-03,151.62399101436475,1.0,0.67,TQQQ
2015-11-04,151.6646417738552,1.0,0.67,TQQQ
2015-11-05,150.77016973513182,1.0,0.67,TQQQ
2015-11-06,151.10453076617236,1.0,0.67,TQQQ
2015-11-09,147.84580524309646,1.0,0.67,TQQQ
2015-11-10,147.14574786893698,1.0,0.67,TQQQ
2015-11-11,146.70821146397756,1.0,0.67,TQQQ
2015-11-12,143.85584213737917,1.0,0.67,TQQQ
2015-11-13,138.18673606764565,2.0,0.67,TQQQ
2015-11-16,145.90716609223372,2.0,1.34,TQQQ
2015-11-17,146.58081097968392,2.0,1.34,TQQQ
2015-11-18,157.8398417795447,1.0,1.34,TQQQ
2015-11-19,157.99837708770858,1.0,0.67,TQQQ
2015-11-20,160.10215714791536,1.0,0.67,TQQQ
2015-11-23,159.236305632471,1.0,0.67,TQQQ
2015-11-24,158.90308482743484,1.0,0.67,TQQQ
2015-11-25,159.14011562529817,1.0,0.67,TQQQ
2015-11-27,159.5260444094905,1.0,0.67,TQQQ
2015-11-30,158.8514544181509,1.0,0.67,TQQQ
2015-12-01,162.012218537802,1.0,0.67,TQQQ
2015-12-02,160.03813200038732,1.0,0.67,TQQQ
2015-12-03,154.56968381421473,1.0,0.67,TQQQ
2015-12-04,161.68453525721327,1.0,0.67,TQQQ
2015-12-07,160.3597029847758,1.0,0.67,TQQQ
2015-12-08,160.36848715734914,1.0,0.67,TQQQ
2015-12-09,155.36279964964643,1.0,0.67,TQQQ
2015-12-10,156.8389044182876,1.0,0.67,TQQQ
2015-12-11,149.63400139253207,2.0,0.67,TQQQ
2015-12-14,154.13092116297236,2.0,1.34,TQQQ
2015-12-15,157.63834854995144,2.0,1.34,TQQQ
2015-12-16,166.97099904677054,1.0,1.34,TQQQ
2015-12-17,162.31204160827352,1.0,0.67,TQQQ
2015-12-18,156.33871183672034,2.0,0.67,TQQQ
2015-12-21,162.56140498032715,2.0,1.34,TQQQ
2015-12-22,166.6858370762848,2.0,1.34,TQQQ
2015-12-23,171.79554637771577,1.0,1.34,TQQQ
2015-12-24,171.55880887255316,1.0,0.67,TQQQ
2015-12-28,171.52921877726857,1.0,0.67,TQQQ
2015-12-29,176.77057125713245,1.0,0.67,TQQQ
2015-12-30,173.74493628191868,1.0,0.67,TQQQ
2015-12-31,169.42736659757907,2.0,0.67,TQQQ
2016-01-04,167.3568003815201,2.0,0.2,TQQQ
2016-01-05,167.05718408011222,2.0,0.2,TQQQ
2016-01-06,166.16130583148194,2.0,0.2,TQQQ
2016-01-07,163.00000747182006,3.0,0.2,TQQQ
2016-01-08,162.2302741355706,3.0,0.2,TQQQ
2016-01-11,162.51430541585933,3.0,0.2,TQQQ
2016-01-12,163.61078669108517,3.0,0.2,TQQQ
2016-01-13,160.18747897630917,3.0,0.2,TQQQ
2016-01-14,162.25998303701903,2.0,0.2,TQQQ
2016-01-15,159.27733880753814,3.0,0.2,TQQQ
2016-01-19,159.41248851394752,3.0,0.2,TQQQ
2016-01-20,159.1238796045758,3.0,0.2,TQQQ
2016-01-21,159.2401584487529,3.0,0.2,TQQQ
2016-01-22,161.98433409456212,2.0,0.2,TQQQ
2016-01-25,160.5255818940714,3.0,0.2,TQQQ
2016-01-26,161.4421122858565,3.0,0.2,TQQQ
2016-01-27,159.04003444011403,3.0,0.2,TQQQ
2016-01-28,160.29484715057168,3.0,0.2,TQQQ
2016-01-29,162.38334812720407,2.0,0.2,TQQQ
2016-02-01,162.56719239533626,3.0,0.2,TQQQ
2016-02-02,160.5036988258872,3.0,0.2,TQQQ
2016-02-03,160.04970972293552,3.0,0.2,TQQQ
2016-02-04,159.99230866546048,3.0,0.2,TQQQ
2016-02-05,156.70049824138698,3.0,0.2,TQQQ
2016-02-08,155.2696702163249,3.0,0.2,TQQQ
2016-02-09,154.66557501851887,1.0,0.2,SOXL
2016-02-10,155.03330505990346,1.0,0.2,TQQQ
2016-02-11,154.95959845838112,1.0,0.2,TQQQ
2016-02-12,156.2804266185476,1.0,0.2,TQQQ
2016-02-16,158.36081185124831,1.0,0.2,TQQQ
2016-02-17,160.54895580566057,1.0,0.2,TQQQ
2016-02-18,159.458434304765,1.0,0.2,TQQQ
2016-02-19,159.78933961699616,1.0,0.2,TQQQ
2016-02-22,161.2989954878479,1.0,0.2,TQQQ
2016-02-23,159.69122370982754,1.0,0.2,TQQQ
2016-02-24,160.64130747012578,1.0,0.2,TQQQ
2016-02-25,161.52775518835196,1.0,0.2,TQQQ
2016-02-26,161.45362017874064,1.0,0.2,TQQQ
2016-02-29,160.59947205992742,1.0,0.2,TQQQ
2016-03-01,163.6729661253843,1.0,0.2,TQQQ
2016-03-02,165.53890912361055,1.0,0.67,SOXL
2016-03-03,165.7767801413476,1.0,0.67,SOXL
2016-03-04,169.2953492180971,1.0,0.67,SOXL
2016-03-07,170.56613496206413,1.0,0.67,SOXL
2016-03-08,168.24245352971909,1.0,0.2,SOXL
2016-03-09,171.02202207677135,1.0,0.67,SOXL
2016-03-10,172.5485289550525,1.0,0.67,SOXL
2016-03-11,179.4123764374327,1.0,0.67,SOXL
2016-03-14,178.0168891993761,1.0,0.67,SOXL
2016-03-15,177.34059908980436,1.0,0.67,SOXL
2016-03-16,180.63169435407914,1.0,0.67,SOXL
2016-03-17,183.26995794254418,1.0,0.67,SOXL
2016-03-18,188.17581966084984,1.0,0.67,SOXL
2016-03-21,188.7871860337424,1.0,0.67,SOXL
2016-03-22,188.45850519205092,1.0,0.67,SOXL
2016-03-23,183.3833953244508,1.0,0.67,SOXL
2016-03-24,183.0975167005889,1.0,0.67,SOXL
2016-03-28,182.95449548651746,1.0,0.67,SOXL
2016-03-29,187.62876812655082,1.0,0.67,SOXL
2016-03-30,191.39819983211805,1.0,0.67,SOXL
2016-03-31,189.2049713634515,1.0,0.67,SOXL
2016-04-01,191.6924065468331,1.0,0.67,SOXL
2016-04-04,188.14809594800215,1.0,0.67,SOXL
2016-04-05,185.88861927715055,1.0,0.67,SOXL
2016-04-06,189.67715347687923,1.0,0.67,SOXL
2016-04-07,183.7215067193896,1.0,0.67,SOXL
2016-04-08,185.58008321508436,1.0,0.67,SOXL
2016-04-11,185.39038371771676,1.0,0.67,SOXL
2016-04-12,185.01081206069728,1.0,0.67,SOXL
2016-04-13,193.4646422185175,1.0,0.67,SOXL
2016-04-14,190.303091808739,1.0,0.67,SOXL
2016-04-15,186.88118411787556,1.0,0.67,SOXL
2016-04-18,187.07033501565607,1.0,0.67,SOXL
2016-04-19,182.29518899782295,2.0,0.67,SOXL
2016-04-20,189.479749699277,2.0,1.34,SOXL
2016-04-21,185.03039214198705,2.0,1.34,SOXL
2016-04-22,186.37637341136536,2.0,1.34,SOXL
2016-04-25,181.84951060550088,2.0,1.34,SOXL
2016-04-26,191.61196142966716,2.0,1.34,SOXL
2016-04-27,199.8539216441157,1.0,1.34,SOXL
2016-04-28,189.07508687004633,2.0,0.67,SOXL
2016-04-29,169.6169346648539,2.0,1.34,SOXL
2016-05-02,174.3194632289652,2.0,1.34,SOXL
2016-05-03,166.52650859147542,2.0,1.34,SOXL
2016-05-04,165.33339464521913,3.0,0.2,SOXL
2016-05-05,165.58811132598092,3.0,0.2,SOXL
2016-05-06,165.72213030453128,3.0,0.2,SOXL
2016-05-09,165.57369787483296,3.0,0.2,SOXL
2016-05-10,166.81008676801326,3.0,0.2,SOXL
2016-05-11,166.50626796876193,3.0,0.2,SOXL
2016-05-12,164.74284589218905,2.0,0.2,SOXL
2016-05-13,165.13871579216803,3.0,0.2,SOXL
2016-05-16,166.67698840312354,2.0,0.2,SOXL
2016-05-17,166.02249544508743,2.0,0.2,SOXL
2016-05-18,176.81445040662746,2.0,1.34,SOXL
2016-05-19,176.12399306607927,2.0,0.2,SOXL
2016-05-20,198.0898286461792,2.0,1.34,SOXL
2016-05-23,203.87175307588336,2.0,1.34,SOXL
2016-05-24,223.67266728543947,1.0,1.34,SOXL
2016-05-25,226.32644545245202,1.0,0.67,SOXL
2016-05-26,227.8342672568261,1.0,0.67,SOXL
2016-05-27,230.62534784717533,1.0,0.67,SOXL
2016-05-31,233.13302176932967,1.0,0.67,SOXL
2016-06-01,235.83983713002934,1.0,0.67,SOXL
2016-06-02,235.73431775244327,1.0,0.67,SOXL
2016-06-03,237.21236083164578,1.0,0.67,SOXL
2016-06-06,236.00193577238008,1.0,0.67,SOXL
2016-06-07,240.644873659059,1.0,0.67,SOXL
2016-06-08,240.22671591969421,1.0,0.67,SOXL
2016-06-09,240.85438796710727,1.0,0.67,SOXL
2016-06-10,232.75705358010921,1.0,0.67,SOXL
2016-06-13,230.6309697290579,1.0,0.67,SOXL
2016-06-14,230.20384703764952,1.0,0.67,SOXL
2016-06-15,230.25727833386986,1.0,0.67,SOXL
2016-06-16,230.09699226342855,1.0,0.67,SOXL
2016-06-17,226.2482390430665,2.0,0.67,SOXL
2016-06-20,236.49042556535161,2.0,1.34,SOXL
2016-06-21,239.76070348182247,2.0,1.34,SOXL
2016-06-22,238.33866160037488,2.0,1.34,SOXL
2016-06-23,263.24192521697313,1.0,1.34,SOXL
2016-06-24,254.35586049577768,2.0,0.2,SOXL
2016-06-27,248.29792579237858,3.0,0.2,SOXL
2016-06-28,252.27840936868782,2.0,0.2,SOXL
2016-06-29,272.6186703370157,2.0,1.34,SOXL
2016-06-30,292.52200235806265,2.0,1.34,SOXL
2016-07-01,279.86382458964067,2.0,1.34,SOXL
2016-07-05,277.0413107398614,2.0,0.2,SOXL
2016-07-06,277.2793245058032,2.0,0.2,SOXL
2016-07-07,290.858593282105,2.0,1.34,SOXL
2016-07-08,323.6058770528869,2.0,1.34,SOXL
2016-07-11,337.8601193677968,2.0,1.34,SOXL
2016-07-12,356.3636668447762,1.0,1.34,SOXL
2016-07-13,356.978519598665,1.0,0.67,SOXL
2016-07-14,362.1996290361407,1.0,0.67,SOXL
2016-07-15,361.6659870948468,1.0,0.67,SOXL
2016-07-18,372.57632539613826,1.0,0.67,SOXL
2016-07-19,369.6432277550843,1.0,0.67,SOXL
2016-07-20,381.57310574420984,1.0,0.67,SOXL
2016-07-21,376.21907257057865,1.0,0.67,SOXL
2016-07-22,380.18805066412057,1.0,0.67,SOXL
2016-07-25,384.2856987087234,1.0,0.67,SOXL
2016-07-26,415.70996937628496,1.0,0.67,SOXL
2016-07-27,413.99518117614656,1.0,0.67,SOXL
2016-07-28,409.6276097982518,1.0,0.67,SOXL
2016-07-29,405.452752816087,1.0,0.67,SOXL
2016-08-01,406.89966554537006,1.0,0.67,SOXL
2016-08-02,393.82827198575836,1.0,0.67,SOXL
2016-08-03,395.66378534677773,1.0,0.67,SOXL
2016-08-04,402.54926084611185,1.0,0.67,SOXL
2016-08-05,412.8640260113602,1.0,0.67,SOXL
2016-08-08,411.7158174084841,1.0,0.67,SOXL
2016-08-09,418.8295815200521,1.0,0.67,SOXL
2016-08-10,412.34502967029744,1.0,0.67,SOXL
2016-08-11,416.29473334140533,1.0,0.67,SOXL
2016-08-12,419.8688249875824,1.0,0.67,SOXL
2016-08-15,431.54272094997145,1.0,0.67,SOXL
2016-08-16,425.3610809374589,1.0,0.67,SOXL
2016-08-17,425.2195509660593,1.0,0.67,SOXL
2016-08-18,431.5175271330475,1.0,0.67,SOXL
2016-08-19,439.03530089945605,1.0,0.67,SOXL
2016-08-22,439.38369217880836,1.0,0.67,SOXL
2016-08-23,444.1194329103338,1.0,0.67,SOXL
2016-08-24,436.42936993011875,1.0,0.67,SOXL
2016-08-25,439.99357183348724,1.0,0.67,SOXL
2016-08-26,444.10055397760516,1.0,0.67,SOXL
2016-08-29,447.14940902641575,1.0,0.67,SOXL
2016-08-30,444.5250930234888,1.0,0.67,SOXL
2016-08-31,444.7328915223642,1.0,0.67,SOXL
2016-09-01,452.5578318073011,1.0,0.67,SOXL
2016-09-02,450.9099147282657,1.0,0.67,SOXL
2016-09-06,448.36481032214544,1.0,0.67,SOXL
2016-09-07,441.74287653059406,1.0,0.67,SOXL
2016-09-08,440.4225667871268,1.0,0.67,SOXL
2016-09-09,407.9214760834406,2.0,0.67,SOXL
2016-09-12,440.6635430820576,2.0,1.34,SOXL
2016-09-13,423.53529295393724,2.0,1.34,SOXL
2016-09-14,439.7590501043641,2.0,1.34,SOXL
2016-09-15,480.479941876201,1.0,1.34,SOXL
2016-09-16,480.63069173864403,1.0,0.67,SOXL
2016-09-19,482.2137651618481,1.0,0.67,SOXL
2016-09-20,478.1497413622077,1.0,0.67,SOXL
2016-09-21,490.69520976383706,1.0,0.67,SOXL
2016-09-22,494.5015056169371,1.0,0.67,SOXL
2016-09-23,483.9434468153825,1.0,0.67,SOXL
2016-09-26,473.8720027310606,1.0,0.67,SOXL
2016-09-27,490.9619816487937,1.0,0.67,SOXL
2016-09-28,493.1274996207596,1.0,0.67,SOXL
2016-09-29,505.273324180544,1.0,0.67,SOXL
2016-09-30,521.0326506272087,1.0,0.67,SOXL
2016-10-03,513.7766392678585,1.0,0.67,SOXL
2016-10-04,511.1461695130205,1.0,0.67,SOXL
2016-10-05,519.1309862411435,1.0,0.67,SOXL
2016-10-06,525.1654391795316,1.0,0.67,SOXL
2016-10-07,523.1411628131139,1.0,0.67,SOXL
2016-10-10,517.9259453341352,1.0,0.67,SOXL
2016-10-11,496.233201240837,2.0,0.67,SOXL
2016-10-12,488.7935254593265,2.0,1.34,SOXL
2016-10-13,465.07854581622706,2.0,1.34,SOXL
2016-10-14,480.2965707996831,2.0,1.34,SOXL
2016-10-17,469.380312054158,2.0,1.34,SOXL
2016-10-18,492.4042299413947,2.0,1.34,SOXL
2016-10-19,482.6092990730615,2.0,1.34,SOXL
2016-10-20,496.4883750744893,2.0,1.34,SOXL
2016-10-21,491.1349224847474,2.0,1.34,SOXL
2016-10-24,527.7629202243434,1.0,1.34,SOXL
2016-10-25,526.9326678748214,1.0,0.67,SOXL
2016-10-26,524.8933171285083,1.0,0.67,SOXL
2016-10-27,520.2012020440084,1.0,0.67,SOXL
2016-10-28,514.1958860091491,1.0,0.67,SOXL
2016-10-31,519.6242516034617,1.0,0.67,SOXL
2016-11-01,509.81193055621867,2.0,0.67,SOXL
2016-11-02,496.1429277351336,2.0,1.34,SOXL
2016-11-03,491.7199402547429,2.0,1.34,SOXL
2016-11-04,480.1546571478516,2.0,1.34,SOXL
2016-11-07,535.8137529545804,1.0,1.34,SOXL
2016-11-08,538.1439511952794,1.0,0.67,SOXL
2016-11-09,532.4085095028768,1.0,0.67,SOXL
2016-11-10,510.0458211933485,2.0,0.67,SOXL
2016-11-11,587.1359114142831,1.0,1.34,SOXL
2016-11-14,580.5453181029998,1.0,0.67,SOXL
2016-11-15,602.9968050613272,1.0,0.67,SOXL
2016-11-16,616.9898276711959,1.0,0.67,SOXL
2016-11-17,630.5063562675169,1.0,0.67,SOXL
2016-11-18,639.1844717457375,1.0,0.67,SOXL
2016-11-21,644.8787593126797,1.0,0.67,SOXL
2016-11-22,662.2024628551526,1.0,0.67,SOXL
2016-11-23,663.9905420293138,1.0,0.67,SOXL
2016-11-25,665.8538750425006,1.0,0.67,SOXL
2016-11-28,662.1323080218494,1.0,0.67,SOXL
2016-11-29,659.5666451947928,1.0,0.67,SOXL
2016-11-30,651.6211193334085,1.0,0.67,SOXL
2016-12-01,587.0462676324623,2.0,0.67,SOXL
2016-12-02,617.5373050301487,2.0,1.34,SOXL
2016-12-05,647.7443292457093,2.0,1.34,SOXL
2016-12-06,683.7474130121686,2.0,1.34,SOXL
2016-12-07,741.7531905812094,1.0,1.34,SOXL
2016-12-08,754.4850152601159,1.0,0.67,SOXL
2016-12-09,748.1280632219824,1.0,0.67,SOXL
2016-12-12,736.7600851910325,1.0,0.67,SOXL
2016-12-13,753.4140681781574,1.0,0.67,SOXL
2016-12-14,752.2808301724829,1.0,0.67,SOXL
2016-12-15,778.7994890359246,1.0,0.67,SOXL
2016-12-16,761.8124092417148,1.0,0.67,SOXL
2016-12-19,777.6868094813781,1.0,0.67,SOXL
2016-12-20,792.3000316572469,1.0,0.67,SOXL
2016-12-21,792.3000316572469,1.0,0.67,SOXL
2016-12-22,800.8604914151301,1.0,0.67,SOXL
2016-12-23,808.8441245837248,1.0,0.67,SOXL
2016-12-27,828.6176245418472,1.0,0.67,SOXL
2016-12-28,796.3350025933502,1.0,0.67,SOXL
2016-12-29,796.2462089424316,1.0,0.67,SOXL
2016-12-30,771.1389009740354,2.0,0.67,SOXL
2017-01-03,772.7676007791104,2.0,1.34,SOXL
2017-01-04,782.1827654992338,2.0,1.34,SOXL
2017-01-05,753.305204664472,2.0,1.34,SOXL
2017-01-06,777.587741584841,2.0,1.34,SOXL
2017-01-09,811.1297517797867,1.0,1.34,SOXL
2017-01-10,819.3749988263168,1.0,0.67,SOXL
2017-01-11,824.5714053425949,1.0,0.67,SOXL
2017-01-12,810.3029478431209,1.0,0.67,SOXL
2017-01-13,820.5706207918746,1.0,0.67,SOXL
2017-01-17,794.1474663119124,2.0,0.67,SOXL
2017-01-18,838.6107420363718,2.0,1.34,SOXL
2017-01-19,823.21236531204,2.0,1.34,SOXL
2017-01-20,866.0132067616127,1.0,1.34,SOXL
2017-01-23,854.5619815776406,1.0,0.67,SOXL
2017-01-24,888.5725138987295,1.0,0.67,SOXL
2017-01-25,914.7535500397017,1.0,0.67,SOXL
2017-01-26,904.057867084709,1.0,0.67,SOXL
2017-01-27,927.0585264294255,1.0,0.67,SOXL
2017-01-30,917.1631709551449,1.0,0.67,SOXL
2017-01-31,893.2130727380319,1.0,0.67,SOXL
2017-02-01,921.684329252832,1.0,0.67,SOXL
2017-02-02,920.1212776728984,1.0,0.67,SOXL
2017-02-03,930.7960703700198,1.0,0.67,SOXL
2017-02-06,937.2933017419226,1.0,0.67,SOXL
2017-02-07,944.2242737651613,1.0,0.67,SOXL
2017-02-08,947.3138018502364,1.0,0.67,SOXL
2017-02-09,930.711676266566,1.0,0.67,SOXL
2017-02-10,929.247108697699,1.0,0.67,SOXL
2017-02-13,933.6438124951502,1.0,0.67,SOXL
2017-02-14,927.063949749716,1.0,0.67,SOXL
2017-02-15,942.5625058154859,1.0,0.67,SOXL
2017-02-16,944.9275177580189,1.0,0.67,SOXL
2017-02-17,955.1039397069326,1.0,0.67,SOXL
2017-02-21,982.5805375982903,1.0,0.67,SOXL
2017-02-22,982.6696263053835,1.0,0.67,SOXL
2017-02-23,949.9508518261509,1.0,0.67,SOXL
2017-02-24,948.8628427594979,1.0,0.67,SOXL
2017-02-27,967.1923908373631,1.0,0.67,SOXL
2017-02-28,942.1096822591406,1.0,0.67,SOXL
2017-03-01,971.7161978349102,1.0,0.67,SOXL
2017-03-02,951.5224018209805,1.0,0.67,SOXL
2017-03-03,950.3433282781137,1.0,0.67,SOXL
2017-03-06,951.3416840090231,1.0,0.67,SOXL
2017-03-07,955.786100250813,1.0,0.67,SOXL
2017-03-08,960.4922658389557,1.0,0.67,SOXL
2017-03-09,963.5619685859754,1.0,0.67,SOXL
2017-03-10,985.8266716347946,1.0,0.67,SOXL
2017-03-13,1001.1601085288961,1.0,0.67,SOXL
2017-03-14,994.9663184249845,1.0,0.67,SOXL
2017-03-15,1011.1194876258435,1.0,0.67,SOXL
2017-03-16,1008.4777524596556,1.0,0.67,SOXL
2017-03-17,1012.1811845252444,1.0,0.67,SOXL
2017-03-20,1027.3197971347158,1.0,0.67,SOXL
2017-03-21,979.4346296913757,1.0,0.67,SOXL
2017-03-22,1000.386706631971,1.0,0.67,SOXL
2017-03-23,995.2463811830677,1.0,0.67,SOXL
2017-03-24,1009.2845715465644,1.0,0.67,SOXL
2017-03-27,1012.8142792011113,1.0,0.67,SOXL
2017-03-28,1019.5977147888397,1.0,0.67,SOXL
2017-03-29,1013.890231683666,1.0,0.67,SOXL
2017-03-30,1025.5127702902328,1.0,0.67,SOXL
2017-03-31,1024.1994245720252,1.0,0.67,SOXL
2017-04-03,1012.2837667558057,1.0,0.67,SOXL
2017-04-04,1015.3659524406565,1.0,0.67,TQQQ
2017-04-05,1007.594926132457,1.0,0.67,TQQQ
2017-04-06,1008.1357228228529,1.0,0.67,TQQQ
2017-04-07,1007.3635389781707,1.0,0.67,TQQQ
2017-04-10,1008.1360144704017,1.0,0.67,TQQQ
2017-04-11,999.6427777118528,1.0,0.67,TQQQ
2017-04-12,990.8035663595673,1.0,0.67,TQQQ
2017-04-13,982.937677404354,1.0,0.67,TQQQ
2017-04-17,998.5752174745845,1.0,0.67,TQQQ
2017-04-18,996.6355095211634,1.0,0.67,TQQQ
2017-04-19,998.965401824451,1.0,0.67,TQQQ
2017-04-20,1015.17820970222,1.0,0.67,TQQQ
2017-04-21,1014.8705234954855,1.0,0.67,TQQQ
2017-04-24,1039.581013831457,1.0,0.67,TQQQ
2017-04-25,1055.027095071215,1.0,0.67,TQQQ
2017-04-26,1051.929791715466,1.0,0.67,TQQQ
2017-04-27,1064.2612427996069,1.0,0.67,TQQQ
2017-04-28,1068.3234130797052,1.0,0.67,TQQQ
2017-05-01,1086.3435892014716,1.0,0.67,TQQQ
2017-05-02,1090.6632527307313,1.0,0.67,TQQQ
2017-05-03,1083.4530946000743,1.0,0.67,TQQQ
2017-05-04,1084.1990407355543,1.0,0.67,TQQQ
2017-05-05,1092.1010997850249,1.0,0.67,TQQQ
2017-05-08,1096.48405060852,1.0,0.67,TQQQ
2017-05-09,1104.5652921022427,1.0,0.67,TQQQ
2017-05-10,1105.747027219571,1.0,0.67,TQQQ
2017-05-11,1103.9750690152564,1.0,0.67,TQQQ
2017-05-12,1108.7780950033755,1.0,0.67,TQQQ
2017-05-15,1115.7092077594548,1.0,0.67,TQQQ
2017-05-16,1125.118526359474,1.0,0.67,TQQQ
2017-05-17,1068.0889728383909,1.0,0.67,TQQQ
2017-05-18,1086.2087834601389,1.0,0.67,TQQQ
2017-05-19,1095.0084636027298,1.0,0.67,TQQQ
2017-05-22,1114.0240549755256,1.0,0.67,TQQQ
2017-05-23,1115.8654609806972,1.0,0.67,TQQQ
2017-05-24,1126.169437244774,1.0,0.67,TQQQ
2017-05-25,1146.0255895307928,1.0,0.67,TQQQ
2017-05-26,1149.2947777750842,1.0,0.67,TQQQ
2017-05-30,1150.8909798945856,1.0,0.67,TQQQ
2017-05-31,1149.9485360863755,1.0,0.67,TQQQ
2017-06-01,1159.1595132508487,1.0,0.67,TQQQ
2017-06-02,1185.6733983233103,1.0,0.67,TQQQ
2017-06-05,1185.0303543420644,1.0,0.67,TQQQ
2017-06-06,1176.024130360905,1.0,0.67,TQQQ
2017-06-07,1184.63390493887,1.0,0.67,TQQQ
2017-06-08,1186.7786280436674,1.0,0.67,TQQQ
2017-06-09,1129.2790233727715,1.0,0.67,TQQQ
2017-06-12,1115.5782041138,2.0,0.67,TQQQ
2017-06-13,1150.517058611572,2.0,1.34,TQQQ
2017-06-14,1129.8658068812224,2.0,1.34,TQQQ
2017-06-15,1109.458321522143,2.0,1.34,TQQQ
2017-06-16,1091.6481408544767,2.0,1.34,TQQQ
2017-06-19,1162.4504967857201,2.0,1.34,TQQQ
2017-06-20,1127.163463651025,2.0,1.34,TQQQ
2017-06-21,1171.0352270163614,1.0,1.34,TQQQ
2017-06-22,1170.1404753778022,1.0,0.67,TQQQ
2017-06-23,1178.9426889122637,1.0,0.67,TQQQ
2017-06-26,1168.4633504718965,1.0,0.67,TQQQ
2017-06-27,1125.389360911287,2.0,0.67,TQQQ
2017-06-28,1188.6923796093618,2.0,1.34,TQQQ
2017-06-29,1107.5537344818417,2.0,1.34,TQQQ
2017-06-30,1102.405007115925,2.0,1.34,TQQQ
2017-07-03,1096.399661273808,2.0,0.2,TQQQ
2017-07-05,1138.309846602793,2.0,1.34,TQQQ
2017-07-06,1132.298534344827,2.0,0.2,TQQQ
2017-07-07,1177.7544897394519,2.0,1.34,TQQQ
2017-07-10,1210.7746576243178,2.0,1.34,TQQQ
2017-07-11,1224.0742128070046,2.0,1.34,TQQQ
2017-07-12,1282.4633325148961,2.0,1.34,TQQQ
2017-07-13,1293.8171234457623,1.0,1.34,TQQQ
2017-07-14,1314.1835246001624,1.0,0.67,TQQQ
2017-07-17,1314.674679539999,1.0,0.67,TQQQ
2017-07-18,1332.1832585332331,1.0,0.67,TQQQ
2017-07-19,1348.5226998523117,1.0,0.67,TQQQ
2017-07-20,1351.916617738321,1.0,0.67,TQQQ
2017-07-21,1350.5444863649195,1.0,0.67,TQQQ
2017-07-24,1362.3336608561694,1.0,0.67,TQQQ
2017-07-25,1356.2228402932005,1.0,0.67,TQQQ
2017-07-26,1364.3618579611014,1.0,0.67,TQQQ
2017-07-27,1348.051150938375,1.0,0.67,TQQQ
2017-07-28,1345.1412456402825,1.0,0.67,TQQQ
2017-07-31,1333.4084758895085,1.0,0.67,TQQQ
2017-08-01,1339.2601459284106,1.0,0.67,TQQQ
2017-08-02,1320.126502704627,1.0,0.67,SOXL
2017-08-03,1309.6319838815125,1.0,0.67,SOXL
2017-08-04,1310.5895763073731,1.0,0.67,SOXL
2017-08-07,1356.2612278072177,1.0,0.67,SOXL
2017-08-08,1346.7484116753872,1.0,0.67,SOXL
2017-08-09,1337.8641881726523,1.0,0.67,SOXL
2017-08-10,1315.5310628495042,2.0,0.2,SOXL
2017-08-11,1319.8736696521735,2.0,0.2,SOXL
2017-08-14,1456.8336337858964,1.0,1.34,SOXL
2017-08-15,1464.033928381044,1.0,0.67,SOXL
2017-08-16,1468.446526737238,1.0,0.67,SOXL
2017-08-17,1445.0480682505383,2.0,0.2,SOXL
2017-08-18,1447.6969679690105,2.0,0.2,SOXL
2017-08-21,1441.4958355922943,2.0,0.2,SOXL
2017-08-22,1455.1725706910058,2.0,0.2,SOXL
2017-08-23,1459.0249645712004,1.0,0.2,SOXL
2017-08-24,1458.678452253232,1.0,0.2,SOXL
2017-08-25,1454.3264985256462,1.0,0.2,SOXL
2017-08-28,1456.592707423203,1.0,0.2,SOXL
2017-08-29,1458.654461116579,1.0,0.2,SOXL
2017-08-30,1508.422909514647,1.0,0.67,SOXL
2017-08-31,1538.0560951487419,1.0,0.67,SOXL
2017-09-01,1551.5486255687783,1.0,0.67,SOXL
2017-09-05,1523.7112590068296,1.0,0.67,TQQQ
2017-09-06,1532.5290800939426,1.0,0.67,TQQQ
2017-09-07,1538.8747328227976,1.0,0.67,TQQQ
2017-09-08,1513.453742175935,1.0,0.67,TQQQ
2017-09-11,1545.7461159500685,1.0,0.67,TQQQ
2017-09-12,1554.504062554353,1.0,0.67,TQQQ
2017-09-13,1558.8260528809042,1.0,0.67,TQQQ
2017-09-14,1541.2020472086633,1.0,0.67,TQQQ
2017-09-15,1549.5213677611753,1.0,0.67,TQQQ
2017-09-18,1546.9961162113439,1.0,0.67,TQQQ
2017-09-19,1551.4190790473692,1.0,0.67,TQQQ
2017-09-20,1542.7659635081272,1.0,0.67,TQQQ
2017-09-21,1522.8809509938214,1.0,0.67,TQQQ
2017-09-22,1520.3338387563224,1.0,0.67,TQQQ
2017-09-25,1488.3767077360526,1.0,0.67,TQQQ
2017-09-26,1495.1862148147723,1.0,0.67,TQQQ
2017-09-27,1522.3628397812847,1.0,0.67,TQQQ
2017-09-28,1520.633564791474,1.0,0.67,TQQQ
2017-09-29,1542.2157498967679,1.0,0.67,TQQQ
2017-10-02,1545.1097196139708,1.0,0.67,TQQQ
2017-10-03,1551.6156111877108,1.0,0.67,TQQQ
2017-10-04,1554.3205870154093,1.0,0.67,TQQQ
2017-10-05,1584.3221054833448,1.0,0.67,TQQQ
2017-10-06,1588.1602451519445,1.0,0.67,TQQQ
2017-10-09,1585.48563700442,1.0,0.67,TQQQ
2017-10-10,1587.716152004923,1.0,0.67,TQQQ
2017-10-11,1596.9897275112687,1.0,0.67,TQQQ
2017-10-12,1591.2104996048731,1.0,0.67,TQQQ
2017-10-13,1603.1462244299205,1.0,0.67,TQQQ
2017-10-16,1614.2396083111837,1.0,0.67,TQQQ
2017-10-17,1618.0427698551628,1.0,0.67,TQQQ
2017-10-18,1613.8903614001465,1.0,0.67,TQQQ
2017-10-19,1601.9487882704516,1.0,0.67,TQQQ
2017-10-20,1609.7616883393316,1.0,0.67,TQQQ
2017-10-23,1589.65608666308,1.0,0.67,TQQQ
2017-10-24,1595.092652256128,1.0,0.67,TQQQ
2017-10-25,1582.101973212697,1.0,0.67,TQQQ
2017-10-26,1572.2745641067345,1.0,0.67,TQQQ
2017-10-27,1663.0547380552794,1.0,0.67,TQQQ
2017-10-30,1670.9958498658202,1.0,0.67,TQQQ
2017-10-31,1682.8369987390465,1.0,0.67,TQQQ
2017-11-01,1681.362006211478,1.0,0.67,TQQQ
2017-11-02,1696.2718746866524,1.0,0.67,SOXL
2017-11-03,1756.876998467693,1.0,0.67,SOXL
2017-11-06,1806.988665934945,1.0,0.67,SOXL
2017-11-07,1803.648527503528,1.0,0.67,SOXL
2017-11-08,1815.833645051199,1.0,0.67,SOXL
2017-11-09,1741.7810651004108,1.0,0.67,SOXL
2017-11-10,1763.9424325548725,1.0,0.67,SOXL
2017-11-13,1773.5643968983834,1.0,0.67,SOXL
2017-11-14,1770.26547497082,1.0,0.67,SOXL
2017-11-15,1738.823968564648,1.0,0.67,SOXL
2017-11-16,1791.293644334214,1.0,0.67,SOXL
2017-11-17,1775.3959551508628,1.0,0.67,SOXL
2017-11-20,1817.3781556592398,1.0,0.67,SOXL
2017-11-21,1861.037605537989,1.0,0.67,SOXL
2017-11-22,1836.7095295868016,1.0,0.67,SOXL
2017-11-24,1869.605944411041,1.0,0.67,SOXL
2017-11-27,1822.4398434792308,1.0,0.67,SOXL
2017-11-28,1821.3288643927706,1.0,0.67,SOXL
2017-11-29,1660.9201696646376,2.0,0.67,SOXL
2017-11-30,1702.150332657109,2.0,1.34,SOXL
2017-12-01,1624.0338038135042,2.0,1.34,SOXL
2017-12-04,1466.1267986391554,3.0,1.34,SOXL
2017-12-05,1467.5556305413218,1.0,0.67,TQQQ
2017-12-06,1477.4883812274911,1.0,0.67,SOXL
2017-12-07,1506.438414455526,1.0,0.67,SOXL
2017-12-08,1490.835651754439,1.0,0.67,SOXL
2017-12-11,1508.2364108285842,1.0,0.67,SOXL
2017-12-12,1477.938760158109,1.0,0.67,SOXL
2017-12-13,1477.7886153836262,1.0,0.67,SOXL
2017-12-14,1475.5383570998224,1.0,0.67,SOXL
2017-12-15,1519.5332696016264,1.0,0.67,SOXL
2017-12-18,1588.1506196510898,1.0,0.67,SOXL
2017-12-19,1584.313672808784,1.0,0.67,SOXL
2017-12-20,1606.5365990724988,1.0,0.67,SOXL
2017-12-21,1571.6962297921123,1.0,0.67,SOXL
2017-12-22,1568.924785981417,1.0,0.67,SOXL
2017-12-26,1538.5592074130195,1.0,0.67,SOXL
2017-12-27,1548.952586723834,1.0,0.67,SOXL
2017-12-28,1555.5645434741034,1.0,0.67,SOXL
2017-12-29,1524.3326651886005,1.0,0.67,SOXL
2018-01-02,1608.5404752421646,1.0,0.67,SOXL
2018-01-03,1640.0944263556416,1.0,0.67,TQQQ
2018-01-04,1646.5365802616238,1.0,0.67,TQQQ
2018-01-05,1679.8533439162177,1.0,0.67,TQQQ
2018-01-08,1692.3708457283824,1.0,0.67,TQQQ
2018-01-09,1693.2359190950071,1.0,0.67,TQQQ
2018-01-10,1685.163614913416,1.0,0.67,TQQQ
2018-01-11,1707.776513344773,1.0,0.67,TQQQ
2018-01-12,1732.0375923386255,1.0,0.67,TQQQ
2018-01-16,1723.0553900524149,1.0,0.67,TQQQ
2018-01-17,1759.4334842192707,1.0,0.67,TQQQ
2018-01-18,1760.5652898683609,1.0,0.67,TQQQ
2018-01-19,1771.881462161246,1.0,0.67,TQQQ
2018-01-22,1808.967294434845,1.0,0.67,TQQQ
2018-01-23,1839.6790716408243,1.0,0.67,TQQQ
2018-01-24,1814.6869408706752,1.0,0.67,TQQQ
2018-01-25,1813.1534106331742,1.0,0.67,TQQQ
2018-01-26,1867.405436227925,1.0,0.67,TQQQ
2018-01-29,1850.837149141525,1.0,0.67,TQQQ
2018-01-30,1819.141533418409,1.0,0.67,TQQQ
2018-01-31,1834.1860537105906,1.0,0.67,TQQQ
2018-02-01,1803.4549771112831,1.0,0.67,TQQQ
2018-02-02,1729.6491209986823,2.0,0.67,TQQQ
2018-02-05,1689.7168959099185,3.0,0.2,TQQQ
2018-02-06,1950.2719227642303,2.0,2.0,TQQQ
2018-02-07,1846.927620753501,2.0,1.34,TQQQ
2018-02-08,1801.152693905799,3.0,0.2,TQQQ
2018-02-09,1833.9652083153012,1.0,0.2,SOXL
2018-02-12,1854.496788454025,1.0,0.2,TQQQ
2018-02-13,1859.0120763083635,1.0,0.2,TQQQ
2018-02-14,1931.9466669557146,1.0,0.67,TQQQ
2018-02-15,1999.5999556494874,1.0,0.67,TQQQ
2018-02-16,1984.6379661709072,1.0,0.67,TQQQ
2018-02-20,1991.2754644372626,1.0,0.67,TQQQ
2018-02-21,1979.264643115869,1.0,0.67,TQQQ
2018-02-22,1979.5136319055323,1.0,0.67,TQQQ
2018-02-23,2058.5216785035973,1.0,0.67,TQQQ
2018-02-26,2113.885793372355,1.0,0.67,TQQQ
2018-02-27,2063.171410509043,1.0,0.67,TQQQ
2018-02-28,2035.384624650713,1.0,0.67,TQQQ
2018-03-01,1969.755023839402,2.0,0.67,TQQQ
2018-03-02,2042.3178804724241,2.0,1.34,TQQQ
2018-03-05,2128.166562867056,1.0,1.34,TQQQ
2018-03-06,2146.193641397818,1.0,0.67,TQQQ
2018-03-07,2156.9487313391705,1.0,0.67,TQQQ
2018-03-08,2178.4903986394197,1.0,0.67,TQQQ
2018-03-09,2263.4834244328445,1.0,0.67,TQQQ
2018-03-12,2286.182275063429,1.0,0.67,TQQQ
2018-03-13,2230.573748369484,1.0,0.67,TQQQ
2018-03-14,2225.500812430731,1.0,0.67,TQQQ
2018-03-15,2218.840516845478,1.0,0.67,TQQQ
2018-03-16,2209.0019600763776,1.0,0.67,TQQQ
2018-03-19,2116.082138951291,2.0,0.67,TQQQ
2018-03-20,2136.921814336263,2.0,1.34,TQQQ
2018-03-21,2095.4811922608174,2.0,1.34,TQQQ
2018-03-22,2064.862824233401,2.0,0.2,TQQQ
2018-03-23,2031.5027387369084,3.0,0.2,TQQQ
2018-03-26,2077.2195115622344,2.0,0.2,TQQQ
2018-03-27,2037.382444284318,3.0,0.2,TQQQ
2018-03-28,2023.3325377865988,3.0,0.2,TQQQ
2018-03-29,2045.7364693872946,2.0,0.2,TQQQ
2018-04-02,2009.404517122652,3.0,0.2,TQQQ
2018-04-03,2032.4251896756093,1.0,0.2,SOXL
2018-04-04,2047.932266111683,1.0,0.2,SOXL
2018-04-05,2035.3389365963249,1.0,0.2,SOXL
2018-04-06,1998.1860677897516,2.0,0.2,SOXL
2018-04-09,2005.4979067990478,2.0,0.2,SOXL
2018-04-10,2044.0639589528273,1.0,0.2,SOXL
2018-04-11,2044.232211534153,1.0,0.2,SOXL
2018-04-12,2067.5235539903774,1.0,0.2,SOXL
2018-04-13,2057.814798044742,1.0,0.2,SOXL
2018-04-16,2060.4663709257084,1.0,0.2,SOXL
2018-04-17,2083.691275290034,1.0,0.2,SOXL
2018-04-18,2070.7781068861623,1.0,0.2,SOXL
2018-04-19,2017.2964760122136,2.0,0.2,SOXL
2018-04-20,2002.8104210137608,2.0,0.2,SOXL
2018-04-23,1986.6931487414265,3.0,0.2,SOXL
2018-04-24,1977.0291671070775,3.0,0.2,SOXL
2018-04-25,1975.634895103302,3.0,0.2,SOXL
2018-04-26,2000.1363371855086,1.0,0.2,TQQQ
2018-04-27,1991.2944762765183,1.0,0.2,SOXL
2018-04-30,1978.0918058431678,1.0,0.2,SOXL
2018-05-01,1997.6601874990104,1.0,0.2,SOXL
2018-05-02,1990.6939429834772,1.0,0.2,TQQQ
2018-05-03,1990.7213310688412,1.0,0.2,TQQQ
2018-05-04,2013.1203958727629,1.0,0.2,TQQQ
2018-05-07,2045.1759297454662,1.0,0.67,TQQQ
2018-05-08,2043.8230468734735,1.0,0.2,TQQQ
2018-05-09,2089.698661033127,1.0,0.67,TQQQ
2018-05-10,2133.2678901471436,1.0,0.67,TQQQ
2018-05-11,2128.9886907583327,1.0,0.67,TQQQ
2018-05-14,2135.3282188803537,1.0,0.67,TQQQ
2018-05-15,2089.048277097439,1.0,0.67,TQQQ
2018-05-16,2114.8219129769036,1.0,0.67,TQQQ
2018-05-17,2098.830822789714,1.0,0.67,TQQQ
2018-05-18,2076.3072020858963,1.0,0.67,TQQQ
2018-05-21,2100.6005064551778,1.0,0.67,TQQQ
2018-05-22,2093.2672734960033,1.0,0.67,TQQQ
2018-05-23,2128.5262423789522,1.0,0.67,TQQQ
2018-05-24,2127.326103988854,1.0,0.67,TQQQ
2018-05-25,2130.9273139772495,1.0,0.67,TQQQ
2018-05-29,2112.679392988992,1.0,0.67,TQQQ
2018-05-30,2142.878537748642,1.0,0.67,TQQQ
2018-05-31,2139.8026012618666,1.0,0.67,TQQQ
2018-06-01,2206.4971986034516,1.0,0.67,TQQQ
2018-06-04,2244.409680489656,1.0,0.67,TQQQ
2018-06-05,2259.9512701262447,1.0,0.67,TQQQ
2018-06-06,2284.9331565412226,1.0,0.67,TQQQ
2018-06-07,2249.399973506494,1.0,0.67,TQQQ
2018-06-08,2248.39830465655,1.0,0.67,TQQQ
2018-06-11,2260.1714491458156,1.0,0.67,TQQQ
2018-06-12,2284.15664462608,1.0,0.67,TQQQ
2018-06-13,2282.416476333244,1.0,0.67,TQQQ
2018-06-14,2328.9145258413514,1.0,0.67,TQQQ
2018-06-15,2313.402160762924,1.0,0.67,TQQQ
2018-06-18,2309.9432931625656,1.0,0.67,TQQQ
2018-06-19,2296.0986007998276,1.0,0.67,TQQQ
2018-06-20,2328.3342023919413,1.0,0.67,TQQQ
2018-06-21,2287.9431543502437,1.0,0.67,TQQQ
2018-06-22,2272.5394987144964,1.0,0.67,TQQQ
2018-06-25,2175.320205758888,2.0,0.67,TQQQ
2018-06-26,2207.436500240869,2.0,1.34,TQQQ
2018-06-27,2088.72895470085,2.0,1.34,TQQQ
2018-06-28,2157.326955906091,2.0,1.34,TQQQ
2018-06-29,2170.548186963778,2.0,1.34,TQQQ
2018-07-02,2235.7359135296806,1.0,1.34,TQQQ
2018-07-03,2184.171218454642,2.0,0.67,TQQQ
2018-07-05,2291.6288508832235,2.0,1.34,TQQQ
2018-07-06,2429.801672512472,1.0,1.34,TQQQ
2018-07-09,2475.111754508652,1.0,0.67,TQQQ
2018-07-10,2479.0738064271254,1.0,0.67,TQQQ
2018-07-11,2454.7912857369556,1.0,0.67,TQQQ
2018-07-12,2535.952675436467,1.0,0.67,TQQQ
2018-07-13,2540.913872020554,1.0,0.67,TQQQ
2018-07-16,2529.4355927464658,1.0,0.67,TQQQ
2018-07-17,2560.809924960556,1.0,0.67,TQQQ
2018-07-18,2549.894775396146,1.0,0.67,TQQQ
2018-07-19,2524.6328895709607,1.0,0.67,TQQQ
2018-07-20,2522.277273472722,1.0,0.67,TQQQ
2018-07-23,2536.9404986175814,1.0,0.67,TQQQ
2018-07-24,2558.6121292537064,1.0,0.67,TQQQ
2018-07-25,2630.1152142050914,1.0,0.67,TQQQ
2018-07-26,2553.141767846146,1.0,0.67,TQQQ
2018-07-27,2481.7801148837957,2.0,0.67,TQQQ
2018-07-30,2338.590737720136,2.0,1.34,TQQQ
2018-07-31,2401.0255558878566,2.0,1.34,TQQQ
2018-08-01,2445.0202207973994,2.0,1.34,TQQQ
2018-08-02,2575.505716195583,1.0,1.34,TQQQ
2018-08-03,2590.9623628518807,1.0,0.67,TQQQ
2018-08-06,2622.8486507518746,1.0,0.67,TQQQ
2018-08-07,2640.0175103937177,1.0,0.67,TQQQ
2018-08-08,2644.7570621912128,1.0,0.67,TQQQ
2018-08-09,2643.1780433203808,1.0,0.67,TQQQ
2018-08-10,2601.8655635595037,1.0,0.67,TQQQ
2018-08-13,2596.8267410168387,1.0,0.67,TQQQ
2018-08-14,2628.9481966889284,1.0,0.67,TQQQ
2018-08-15,2564.825564020995,1.0,0.67,TQQQ
2018-08-16,2580.5886561390403,1.0,0.67,TQQQ
2018-08-17,2580.3223569486777,1.0,0.67,TQQQ
2018-08-20,2576.859331997719,1.0,0.67,TQQQ
2018-08-21,2594.7187970946106,1.0,0.67,TQQQ
2018-08-22,2614.9085383322986,1.0,0.67,TQQQ
2018-08-23,2606.175089526672,1.0,0.67,TQQQ
2018-08-24,2654.68605317332,1.0,0.67,TQQQ
2018-08-27,2708.28174675729,1.0,0.67,TQQQ
2018-08-28,2716.347565901229,1.0,0.67,TQQQ
2018-08-29,2780.000663426871,1.0,0.67,TQQQ
2018-08-30,2769.467588024509,1.0,0.67,TQQQ
2018-08-31,2774.8724668743093,1.0,0.67,TQQQ
2018-09-04,2752.75786689557,1.0,0.67,TQQQ
2018-09-05,2679.4382382067015,1.0,0.67,TQQQ
2018-09-06,2630.5016506086163,1.0,0.67,TQQQ
2018-09-07,2613.069730489246,2.0,0.67,TQQQ
2018-09-10,2643.8079245463596,2.0,1.34,TQQQ
2018-09-11,2722.4763612094903,2.0,1.34,TQQQ
2018-09-12,2690.8839781648758,2.0,1.34,TQQQ
2018-09-13,2797.658125479372,1.0,1.34,TQQQ
2018-09-14,2783.3723590235663,1.0,0.67,TQQQ
2018-09-17,2704.735295915268,2.0,0.67,TQQQ
2018-09-18,2790.820958350273,2.0,1.34,TQQQ
2018-09-19,2782.5308775454023,2.0,1.34,TQQQ
2018-09-20,2899.601422000275,1.0,1.34,TQQQ
2018-09-21,2868.636152086775,1.0,0.67,TQQQ
2018-09-24,2885.183457563694,1.0,0.67,TQQQ
2018-09-25,2893.01373753122,1.0,0.67,TQQQ
2018-09-26,2891.0589413897437,1.0,0.67,TQQQ
2018-09-27,2944.7015767845955,1.0,0.67,TQQQ
2018-09-28,2941.655961519347,1.0,0.67,TQQQ
2018-10-01,2953.0145999767055,1.0,0.67,TQQQ
2018-10-02,2941.6774400265213,1.0,0.67,TQQQ
2018-10-03,2947.4952892628057,1.0,0.67,TQQQ
2018-10-04,2834.8460829871965,1.0,0.67,TQQQ
2018-10-05,2813.525788820193,2.0,0.2,TQQQ
2018-10-08,2803.444853301223,2.0,0.2,TQQQ
2018-10-09,2807.765214087223,2.0,0.2,TQQQ
2018-10-10,2734.94211516162,3.0,0.2,TQQQ
2018-10-11,2712.776175715599,3.0,0.2,TQQQ
2018-10-12,2758.6059037320565,2.0,0.2,TQQQ
2018-10-15,2737.784449587316,3.0,0.2,TQQQ
2018-10-16,2784.9504705785243,2.0,0.2,TQQQ
2018-10-17,2786.7871365340425,2.0,0.2,TQQQ
2018-10-18,2748.1340644900806,3.0,0.2,TQQQ
2018-10-19,2745.9016591074233,3.0,0.2,TQQQ
2018-10-22,2754.178281951295,3.0,0.2,TQQQ
2018-10-23,2748.116707674865,3.0,0.2,TQQQ
2018-10-24,2673.371015428175,3.0,0.2,TQQQ
2018-10-25,2728.2375269245376,2.0,0.2,TQQQ
2018-10-26,2685.8522374778786,3.0,0.2,TQQQ
2018-10-29,2657.1311027994643,3.0,0.2,TQQQ
2018-10-30,2677.6704344213713,3.0,0.2,TQQQ
2018-10-31,2713.8034348714846,2.0,0.2,TQQQ
2018-11-01,2737.5057627252813,3.0,0.2,TQQQ
2018-11-02,2712.9891448260473,3.0,0.2,TQQQ
2018-11-05,2707.6727028718683,3.0,0.2,TQQQ
2018-11-06,2719.125356930329,3.0,0.2,TQQQ
2018-11-07,2769.136923107045,2.0,0.2,TQQQ
2018-11-08,2759.692934159126,3.0,0.2,TQQQ
2018-11-09,2731.651408809032,3.0,0.2,TQQQ
2018-11-12,2683.6615883129466,3.0,0.2,TQQQ
2018-11-13,2683.442123499686,3.0,0.2,TQQQ
2018-11-14,2669.8300614900772,3.0,0.2,TQQQ
2018-11-15,2698.405392065126,2.0,0.2,TQQQ
2018-11-16,2692.4925290231818,3.0,0.2,TQQQ
2018-11-19,2640.8660418630293,3.0,0.2,TQQQ
2018-11-20,2611.568867108855,3.0,0.2,TQQQ
2018-11-21,2617.7910451564762,1.0,0.2,SOXL
2018-11-23,2606.196767097718,1.0,0.2,TQQQ
2018-11-26,2641.9789112547505,1.0,0.2,TQQQ
2018-11-27,2647.461195689572,1.0,0.2,TQQQ
2018-11-28,2697.6686324436496,1.0,0.2,TQQQ
2018-11-29,2692.715846788985,1.0,0.2,TQQQ
2018-11-30,2703.99637603107,1.0,0.2,TQQQ
2018-12-03,2731.7352919329896,1.0,0.2,TQQQ
2018-12-04,2652.050820837329,1.0,0.2,SOXL
2018-12-06,2659.766985122788,1.0,0.2,TQQQ
2018-12-07,2600.19215379758,1.0,0.2,SOXL
2018-12-10,2616.4844044578026,1.0,0.2,TQQQ
2018-12-11,2625.745830491188,1.0,0.2,SOXL
2018-12-12,2649.0079534220713,1.0,0.2,SOXL
2018-12-13,2643.1263084753036,1.0,0.2,SOXL
2018-12-14,2620.5637030951016,1.0,0.2,SOXL
2018-12-17,2600.907329351643,2.0,0.2,SOXL
2018-12-18,2621.475323342641,2.0,0.2,SOXL
2018-12-19,2555.2138251293486,2.0,0.2,SOXL
2018-12-20,2534.6912111452593,1.0,0.2,TQQQ
2018-12-21,2511.44793750605,1.0,0.2,SOXL
2018-12-24,2467.82402874712,2.0,0.2,SOXL
2018-12-26,2557.4493266098148,1.0,0.2,TQQQ
2018-12-27,2568.8969214263793,1.0,0.2,SOXL
2018-12-28,2579.739590369032,1.0,0.2,SOXL
2018-12-31,2589.519622434127,1.0,0.2,SOXL
2019-01-02,2603.2566693304943,1.0,0.2,SOXL
2019-01-03,2552.8129616055107,1.0,0.2,TQQQ
2019-01-04,2618.119359699011,1.0,0.2,TQQQ
2019-01-07,2634.811697992404,1.0,0.2,TQQQ
2019-01-08,2650.0241194042032,1.0,0.2,TQQQ
2019-01-09,2662.547106111464,1.0,0.2,TQQQ
2019-01-10,2667.668679669436,1.0,0.2,TQQQ
2019-01-11,2661.315425615317,1.0,0.2,TQQQ
2019-01-14,2647.4603808567094,1.0,0.2,TQQQ
2019-01-15,2676.8112208757834,1.0,0.2,TQQQ
2019-01-16,2677.56421144058,1.0,0.2,TQQQ
2019-01-17,2690.1026589673043,1.0,0.2,TQQQ
2019-01-18,2704.8732749751885,1.0,0.2,TQQQ
2019-01-22,2674.9998176029435,1.0,0.2,TQQQ
2019-01-23,2675.5042239530953,1.0,0.2,TQQQ
2019-01-24,2684.953822462292,1.0,0.2,TQQQ
2019-01-25,2704.0876323563025,1.0,0.2,TQQQ
2019-01-28,2684.151298267467,1.0,0.2,TQQQ
2019-01-29,2668.9591370300527,1.0,0.2,TQQQ
2019-01-30,2708.9713620441094,1.0,0.2,TQQQ
2019-01-31,2788.778296374987,1.0,0.67,TQQQ
2019-02-01,2764.9304493603877,1.0,0.67,TQQQ
2019-02-04,2832.7881246948587,1.0,0.67,TQQQ
2019-02-05,2882.890277304893,1.0,0.67,TQQQ
2019-02-06,2867.6347858082436,1.0,0.67,TQQQ
2019-02-07,2789.198222100332,1.0,0.67,TQQQ
2019-02-08,2798.742632966887,1.0,0.67,TQQQ
2019-02-11,2794.375215361959,1.0,0.67,TQQQ
2019-02-12,2875.4310488839033,1.0,0.67,TQQQ
2019-02-13,2879.350089036618,1.0,0.67,TQQQ
2019-02-14,2886.3993536552016,1.0,0.67,TQQQ
2019-02-15,2909.4776723784794,1.0,0.67,TQQQ
2019-02-19,2921.1669753778647,1.0,0.67,TQQQ
2019-02-20,2919.6111980444025,1.0,0.67,TQQQ
2019-02-21,2897.4401370050755,1.0,0.67,TQQQ
2019-02-22,2939.607993837982,1.0,0.67,TQQQ
2019-02-25,2961.319249898014,1.0,0.67,TQQQ
2019-02-26,2967.5003005135627,1.0,0.67,TQQQ
2019-02-27,2961.3255846212514,1.0,0.67,TQQQ
2019-02-28,2948.963765744127,1.0,0.67,TQQQ
2019-03-01,2988.4484320901406,1.0,0.67,TQQQ
2019-03-04,2989.372179791429,1.0,0.67,SOXL
2019-03-05,2960.740129951016,1.0,0.67,SOXL
2019-03-06,2863.7594237438493,1.0,0.67,SOXL
2019-03-07,2798.4805724483026,2.0,0.67,SOXL
2019-03-08,2792.434211459068,2.0,1.34,SOXL
2019-03-11,3059.3006694207165,1.0,1.34,SOXL
2019-03-12,3083.208548628029,1.0,0.67,SOXL
2019-03-13,3108.4840960337006,1.0,0.67,SOXL
2019-03-14,3072.982071817552,1.0,0.67,SOXL
2019-03-15,3250.3719154830005,1.0,0.67,SOXL
2019-03-18,3236.1475881949764,1.0,0.67,SOXL
2019-03-19,3323.9417588562665,1.0,0.67,SOXL
2019-03-20,3260.5041312034327,1.0,0.67,SOXL
2019-03-21,3486.9764645602227,1.0,0.67,SOXL
2019-03-22,3288.213226297752,2.0,0.67,SOXL
2019-03-25,3120.152165828133,2.0,1.34,SOXL
2019-03-26,3247.3029309150606,2.0,1.34,SOXL
2019-03-27,3056.5523322281,2.0,1.34,SOXL
2019-03-28,3035.1714578652463,2.0,1.34,SOXL
2019-03-29,3222.3051918926576,2.0,1.34,SOXL
2019-04-01,3540.322875284781,1.0,1.34,SOXL
2019-04-02,3547.8731427059365,1.0,0.67,SOXL
2019-04-03,3709.777348285783,1.0,0.67,SOXL
2019-04-04,3719.203239506234,1.0,0.67,SOXL
2019-04-05,3776.1534767808234,1.0,0.67,SOXL
2019-04-08,3794.3744888733604,1.0,0.67,SOXL
2019-04-09,3708.6128429066293,1.0,0.67,SOXL
2019-04-10,3772.4172549066593,1.0,0.67,SOXL
2019-04-11,3766.1841678896753,1.0,0.67,SOXL
2019-04-12,3871.1604520648116,1.0,0.67,SOXL
2019-04-15,3815.9005717150544,1.0,0.67,SOXL
2019-04-16,4059.4576937282263,1.0,0.67,SOXL
2019-04-17,4183.236614007469,1.0,0.67,SOXL
2019-04-18,4188.580291491618,1.0,0.67,SOXL
2019-04-22,4189.767347608753,1.0,0.67,SOXL
2019-04-23,4274.004440754267,1.0,0.67,SOXL
2019-04-24,4356.992902461329,1.0,0.67,SOXL
2019-04-25,4198.089650382038,1.0,0.67,SOXL
2019-04-26,4127.656705144696,1.0,0.67,SOXL
2019-04-29,4113.151416061305,2.0,0.67,SOXL
2019-04-30,4235.385062781329,2.0,1.34,SOXL
2019-05-01,4096.254768072043,2.0,1.34,SOXL
2019-05-02,4279.080306639865,2.0,1.34,SOXL
2019-05-03,4394.032959547624,1.0,1.34,SOXL
2019-05-06,4249.382983352649,2.0,0.67,SOXL
2019-05-07,3833.742200605248,2.0,1.34,SOXL
2019-05-08,3710.4574213689434,2.0,1.34,SOXL
2019-05-09,3533.504380903888,3.0,1.34,SOXL
2019-05-10,3554.20927294713,3.0,2.0,SOXL
2019-05-13,3453.8723558587217,3.0,0.2,SOXL
2019-05-14,3948.282589425728,2.0,2.0,SOXL
2019-05-15,4077.98485809197,3.0,1.34,SOXL
2019-05-16,4036.5868865966722,3.0,0.2,SOXL
2019-05-17,3988.8765921674917,3.0,0.2,SOXL
2019-05-20,3893.2543086813794,3.0,0.2,SOXL
2019-05-21,3942.226002488742,2.0,0.2,SOXL
2019-05-22,3892.897655601856,3.0,0.2,SOXL
2019-05-23,3853.516660782744,3.0,0.2,SOXL
2019-05-24,3852.377618364411,1.0,0.2,TQQQ
2019-05-28,3831.4120028175394,1.0,0.2,SOXL
2019-05-29,3841.806947555587,1.0,0.2,SOXL
2019-05-30,3859.3244798811165,1.0,0.2,SOXL
2019-05-31,3825.8195638843504,1.0,0.2,SOXL
2019-06-03,3833.1824830236033,1.0,0.2,SOXL
2019-06-04,3895.3156135649647,1.0,0.2,TQQQ
2019-06-05,3912.485127909574,1.0,0.2,TQQQ
2019-06-06,3930.5634908200345,1.0,0.2,TQQQ
2019-06-07,3975.387114975671,1.0,0.2,TQQQ
2019-06-10,4072.595068405727,1.0,0.67,TQQQ
2019-06-11,4082.9061589603743,1.0,0.67,TQQQ
2019-06-12,4069.072954417537,1.0,0.2,TQQQ
2019-06-13,4113.680215438329,1.0,0.67,TQQQ
2019-06-14,4102.971599728694,1.0,0.2,TQQQ
2019-06-17,4153.057449632928,1.0,0.67,TQQQ
2019-06-18,4273.501642689109,1.0,0.67,TQQQ
2019-06-19,4307.175439603246,1.0,0.67,TQQQ
2019-06-20,4386.379380500218,1.0,0.67,TQQQ
2019-06-21,4372.987706937155,1.0,0.67,TQQQ
2019-06-24,4372.062684383831,1.0,0.67,TQQQ
2019-06-25,4222.198772282601,1.0,0.67,TQQQ
2019-06-26,4257.977491921766,1.0,0.67,TQQQ
2019-06-27,4288.920250253232,1.0,0.67,TQQQ
2019-06-28,4301.067174765352,1.0,0.67,TQQQ
2019-07-01,4415.831650420687,1.0,0.67,TQQQ
2019-07-02,4451.760216270831,1.0,0.67,TQQQ
2019-07-03,4517.828099744285,1.0,0.67,TQQQ
2019-07-05,4498.240837970991,1.0,0.67,TQQQ
2019-07-08,4434.787209748325,1.0,0.67,TQQQ
2019-07-09,4479.381718490617,1.0,0.67,TQQQ
2019-07-10,4568.136083733046,1.0,0.67,TQQQ
2019-07-11,4559.979605069001,1.0,0.67,TQQQ
2019-07-12,4611.232598861424,1.0,0.67,TQQQ
2019-07-15,4637.39541927671,1.0,0.67,TQQQ
2019-07-16,4593.310780298472,1.0,0.67,TQQQ
2019-07-17,4547.660953085312,1.0,0.67,TQQQ
2019-07-18,4560.83374331956,1.0,0.67,TQQQ
2019-07-19,4486.899911043103,1.0,0.67,TQQQ
2019-07-22,4557.780238951102,1.0,0.67,TQQQ
2019-07-23,4616.776375285913,1.0,0.67,TQQQ
2019-07-24,4682.617943104557,1.0,0.67,TQQQ
2019-07-25,4593.043522244041,1.0,0.67,TQQQ
2019-07-26,4684.3911681858945,1.0,0.67,TQQQ
2019-07-29,4655.277217484931,1.0,0.67,TQQQ
2019-07-30,4613.492827781515,1.0,0.67,TQQQ
2019-07-31,4483.062689638096,1.0,0.67,TQQQ
2019-08-01,4440.938401192541,1.0,0.67,TQQQ
2019-08-02,4400.291583238091,2.0,0.2,TQQQ
2019-08-05,4307.894042125176,3.0,0.2,TQQQ
2019-08-06,4343.299243517964,3.0,0.2,TQQQ
2019-08-07,4355.986886229617,2.0,0.2,TQQQ
2019-08-08,4742.121310429561,2.0,1.34,TQQQ
2019-08-09,4714.069605833668,2.0,0.2,TQQQ
2019-08-12,4682.522584508554,2.0,0.2,TQQQ
2019-08-13,5094.377348411115,2.0,1.34,TQQQ
2019-08-14,5003.107797423094,2.0,0.2,TQQQ
2019-08-15,4998.865684824121,2.0,0.2,TQQQ
2019-08-16,5044.979034851322,2.0,0.2,TQQQ
2019-08-19,5361.3828353271265,2.0,1.34,TQQQ
2019-08-20,5339.3223446454895,2.0,0.2,TQQQ
2019-08-21,5521.562814532551,2.0,1.34,TQQQ
2019-08-22,5449.960848193723,2.0,1.34,TQQQ
2019-08-23,5350.192868471656,3.0,0.2,TQQQ
2019-08-26,5393.546788070364,3.0,0.2,TQQQ
2019-08-27,5387.041731075323,3.0,0.2,TQQQ
2019-08-28,5397.873809471777,3.0,0.2,TQQQ
2019-08-29,5888.8417573264105,2.0,2.0,TQQQ
2019-08-30,5880.5287886482565,2.0,0.2,TQQQ
2019-09-03,5846.30898448056,2.0,0.2,TQQQ
2019-09-04,6166.573155871703,1.0,0.67,SOXL
2019-09-05,6552.433359650969,1.0,0.67,SOXL
2019-09-06,6570.120458934183,1.0,0.67,SOXL
2019-09-09,6631.946137807888,1.0,0.67,SOXL
2019-09-10,6690.4738127222245,1.0,0.67,SOXL
2019-09-11,6891.319274832046,1.0,0.67,SOXL
2019-09-12,6932.004664559863,1.0,0.67,SOXL
2019-09-13,6889.961729351131,1.0,0.67,SOXL
2019-09-16,6796.003129696518,1.0,0.67,SOXL
2019-09-17,6837.469975637928,1.0,0.67,SOXL
2019-09-18,6846.381277881291,1.0,0.67,SOXL
2019-09-19,6776.61432303723,1.0,0.67,SOXL
2019-09-20,6523.475686063775,2.0,0.67,SOXL
2019-09-23,6790.672483954597,2.0,1.34,SOXL
2019-09-24,6350.132251754379,2.0,1.34,SOXL
2019-09-25,6785.2198867061825,1.0,1.34,SOXL
2019-09-26,6799.570562365545,1.0,0.67,SOXL
2019-09-27,6467.56147122021,2.0,0.67,SOXL
2019-09-30,6741.73976773095,2.0,1.34,SOXL
2019-10-01,6494.4223740586485,2.0,1.34,SOXL
2019-10-02,6433.149795699018,2.0,0.2,SOXL
2019-10-03,6874.143840059101,2.0,1.34,SOXL
2019-10-04,7373.541913414377,1.0,1.34,SOXL
2019-10-07,7261.064193166634,2.0,0.67,SOXL
2019-10-08,7127.514481970032,2.0,0.2,SOXL
2019-10-09,7608.997556290108,2.0,1.34,SOXL
2019-10-10,7905.608944237323,2.0,1.34,SOXL
2019-10-11,8616.978857139906,1.0,1.34,SOXL
2019-10-14,8616.010977254697,1.0,0.67,SOXL
2019-10-15,8994.493952896097,1.0,0.67,SOXL
2019-10-16,8732.439102195736,1.0,0.67,SOXL
2019-10-17,8793.721513889255,1.0,0.67,SOXL
2019-10-18,8597.07180565696,1.0,0.67,SOXL
2019-10-21,8924.673754294883,1.0,0.67,SOXL
2019-10-22,8784.906273384855,1.0,0.67,SOXL
2019-10-23,8442.651428554485,2.0,0.67,SOXL
2019-10-24,9263.28640252364,1.0,1.34,SOXL
2019-10-25,9645.276118020105,1.0,0.67,SOXL
2019-10-28,9984.224934043454,1.0,0.67,SOXL
2019-10-29,9808.832491651588,1.0,0.67,SOXL
2019-10-30,9809.806832401007,1.0,0.67,SOXL
2019-10-31,9686.20873312566,1.0,0.67,SOXL
2019-11-01,10133.654078530259,1.0,0.67,SOXL
2019-11-04,10254.808019445734,1.0,0.67,TQQQ
2019-11-05,10263.34722335005,1.0,0.67,TQQQ
2019-11-06,10219.734591463888,1.0,0.67,TQQQ
2019-11-07,10289.091030578811,1.0,0.67,TQQQ
2019-11-08,10370.526683315595,1.0,0.67,TQQQ
2019-11-11,10341.284087474822,1.0,0.67,TQQQ
2019-11-12,10397.961574674795,1.0,0.67,TQQQ
2019-11-13,10387.597256887124,1.0,0.67,TQQQ
2019-11-14,10385.71211435348,1.0,0.67,TQQQ
2019-11-15,10516.737091989015,1.0,0.67,TQQQ
2019-11-18,10553.276064515747,1.0,0.67,TQQQ
2019-11-19,10582.268846923533,1.0,0.67,TQQQ
2019-11-20,10458.04418480566,1.0,0.67,TQQQ
2019-11-21,10403.553418354315,1.0,0.67,TQQQ
2019-11-22,10422.390716934722,1.0,0.67,TQQQ
2019-11-25,10664.256558649571,1.0,0.67,TQQQ
2019-11-26,10707.070732422315,1.0,0.67,TQQQ
2019-11-27,10851.97454467981,1.0,0.67,TQQQ
2019-11-29,10755.079968357444,1.0,0.67,TQQQ
2019-12-02,10523.347294370042,1.0,0.67,TQQQ
2019-12-03,10200.95532128056,1.0,0.67,SOXL
2019-12-04,10522.017907183983,1.0,0.67,SOXL
2019-12-05,10606.67670396185,1.0,0.67,SOXL
2019-12-06,10937.017621859983,1.0,0.67,SOXL
2019-12-09,10813.360520276334,1.0,0.67,SOXL
2019-12-10,10893.963566438453,1.0,0.67,SOXL
2019-12-11,11372.539831190761,1.0,0.67,SOXL
2019-12-12,11990.728401153161,1.0,0.67,SOXL
2019-12-13,11858.563327815324,1.0,0.67,SOXL
2019-12-16,12084.041121420662,1.0,0.67,SOXL
2019-12-17,12190.451169281809,1.0,0.67,SOXL
2019-12-18,12178.639328128445,1.0,0.67,SOXL
2019-12-19,12370.440351204119,1.0,0.67,SOXL
2019-12-20,12636.676089402175,1.0,0.67,SOXL
2019-12-23,12693.773113410747,1.0,0.67,SOXL
2019-12-24,12756.90256234504,1.0,0.67,SOXL
2019-12-26,12789.149392913667,1.0,0.67,SOXL
2019-12-27,12693.740297994891,1.0,0.67,SOXL
2019-12-30,12514.712832467685,1.0,0.67,SOXL
2019-12-31,12570.923375191984,1.0,0.67,SOXL
2020-01-02,13096.218826352444,1.0,0.67,SOXL
2020-01-03,12857.63367828332,1.0,0.67,TQQQ
2020-01-06,13021.4087974817,1.0,0.67,TQQQ
2020-01-07,13010.750838956554,1.0,0.67,TQQQ
2020-01-08,13211.37971022032,1.0,0.67,TQQQ
2020-01-09,13434.56927711932,1.0,0.67,TQQQ
2020-01-10,13361.095681694766,1.0,0.67,TQQQ
2020-01-13,13673.971313668602,1.0,0.67,TQQQ
2020-01-14,13567.056808075105,1.0,0.67,TQQQ
2020-01-15,13572.757006503933,1.0,0.67,TQQQ
2020-01-16,13826.309140800031,1.0,0.67,TQQQ
2020-01-17,13964.658572894332,1.0,0.67,TQQQ
2020-01-21,13959.974632719654,1.0,0.67,TQQQ
2020-01-22,14023.67133442292,1.0,0.67,TQQQ
2020-01-23,14110.591916255322,1.0,0.67,TQQQ
2020-01-24,13865.52669513945,1.0,0.67,TQQQ
2020-01-27,13291.196094393885,2.0,0.67,TQQQ
2020-01-28,14119.084950471639,2.0,1.34,TQQQ
2020-01-29,14187.32920154494,1.0,1.34,TQQQ
2020-01-30,14294.703220563208,1.0,0.67,TQQQ
2020-01-31,13824.001318584478,1.0,0.67,TQQQ
2020-02-03,14249.320380688352,1.0,0.67,TQQQ
2020-02-04,14901.449518445608,1.0,0.67,TQQQ
2020-02-05,15016.909996877699,1.0,0.67,TQQQ
2020-02-06,15262.171527742737,1.0,0.67,TQQQ
2020-02-07,15130.1294506908,1.0,0.67,TQQQ
2020-02-10,15495.757748695487,1.0,0.67,TQQQ
2020-02-11,15503.246797144546,1.0,0.67,TQQQ
2020-02-12,15807.486467891342,1.0,0.67,TQQQ
2020-02-13,15766.683945803312,1.0,0.67,TQQQ
2020-02-14,15838.178748490747,1.0,0.67,TQQQ
2020-02-18,15856.70916859994,1.0,0.67,TQQQ
2020-02-19,16164.112783658276,1.0,0.67,TQQQ
2020-02-20,15855.891556669643,1.0,0.67,TQQQ
2020-02-21,15248.307981523662,2.0,0.67,TQQQ
2020-02-24,12894.030342618647,2.0,1.34,TQQQ
2020-02-25,12685.418912575331,3.0,0.2,TQQQ
2020-02-26,12720.327447499436,3.0,0.2,TQQQ
2020-02-27,12339.930612816745,3.0,0.2,TQQQ
2020-02-28,12519.028276493456,1.0,0.2,SOXL
2020-03-02,12860.78149057063,1.0,0.2,TQQQ
2020-03-03,12618.584871369825,2.0,0.2,TQQQ
2020-03-04,12924.857087360859,1.0,0.2,TQQQ
2020-03-05,12698.028719952843,2.0,0.2,TQQQ
2020-03-06,12564.92552466356,2.0,0.2,TQQQ
2020-03-09,12054.41414122734,3.0,0.2,TQQQ
2020-03-10,12514.67540515474,1.0,0.2,SOXL
2020-03-11,12192.788262337004,1.0,0.2,TQQQ
2020-03-12,11451.110159359176,1.0,0.2,SOXL
2020-03-13,12069.203908842805,1.0,0.2,TQQQ
2020-03-16,11237.269746535745,2.0,0.2,TQQQ
2020-03-17,11460.661926851415,1.0,0.2,SOXL
2020-03-18,11248.486472715525,1.0,0.2,TQQQ
2020-03-19,11300.565212718688,1.0,0.2,TQQQ
2020-03-20,11035.892837751831,2.0,0.2,TQQQ
2020-03-23,11241.251762427917,1.0,0.2,SOXL
2020-03-24,11742.40613863337,1.0,0.2,TQQQ
2020-03-25,11687.953112913294,1.0,0.2,TQQQ
2020-03-26,12068.670056979618,1.0,0.2,TQQQ
2020-03-27,11817.930532386525,2.0,0.2,TQQQ
2020-03-30,12066.336058226374,1.0,0.2,TQQQ
2020-03-31,11999.355502637714,1.0,0.2,TQQQ
2020-04-01,11701.638614675312,2.0,0.2,TQQQ
2020-04-02,11840.16248593688,2.0,0.2,TQQQ
2020-04-03,11744.79822475534,2.0,0.2,TQQQ
2020-04-06,12236.518428791976,1.0,0.2,TQQQ
2020-04-07,12231.747691028579,1.0,0.2,TQQQ
2020-04-08,12387.989369576746,1.0,0.2,TQQQ
2020-04-09,12397.086249491826,1.0,0.2,TQQQ
2020-04-13,12483.255957008563,1.0,0.2,TQQQ
2020-04-14,12807.198526878345,1.0,0.2,TQQQ
2020-04-15,12722.231419773741,1.0,0.2,TQQQ
2020-04-16,12858.533978949892,1.0,0.2,TQQQ
2020-04-17,12922.925151782452,1.0,0.2,TQQQ
2020-04-20,12839.263873766515,1.0,0.2,TQQQ
2020-04-21,12555.316805253793,2.0,0.2,TQQQ
2020-04-22,12777.434342100127,1.0,0.2,TQQQ
2020-04-23,12760.672597741586,1.0,0.2,TQQQ
2020-04-24,12883.96479125138,1.0,0.2,TQQQ
2020-04-27,12934.234287094627,1.0,0.2,TQQQ
2020-04-28,12794.3094842086,1.0,0.2,TQQQ
2020-04-29,13060.466794287906,1.0,0.2,TQQQ
2020-04-30,13077.802951844136,1.0,0.2,TQQQ
2020-05-01,12843.1260504013,2.0,0.2,TQQQ
2020-05-04,12933.72135993665,2.0,0.2,TQQQ
2020-05-05,13016.340000067697,1.0,0.2,TQQQ
2020-05-06,13067.752951459312,1.0,0.2,TQQQ
2020-05-07,13169.741547408985,1.0,0.2,TQQQ
2020-05-08,13525.685525726623,1.0,0.67,TQQQ
2020-05-11,13751.060678512069,1.0,0.67,TQQQ
2020-05-12,13587.446565691744,1.0,0.2,TQQQ
2020-05-13,13484.537510565282,2.0,0.2,TQQQ
2020-05-14,13573.968286130632,2.0,0.2,TQQQ
2020-05-15,13886.172227273826,1.0,1.34,TQQQ
2020-05-18,14424.81453535496,1.0,0.67,TQQQ
2020-05-19,14350.865038784983,1.0,0.67,TQQQ
2020-05-20,14913.799967275512,1.0,0.67,TQQQ
2020-05-21,14606.62973265945,1.0,0.67,TQQQ
2020-05-22,14695.132404283046,1.0,0.67,TQQQ
2020-05-26,14654.118767989225,1.0,0.67,TQQQ
2020-05-27,14792.263256516286,1.0,0.67,TQQQ
2020-05-28,14729.081041595546,1.0,0.67,TQQQ
2020-05-29,15136.286507455547,1.0,0.67,TQQQ
2020-06-01,15261.261508083473,1.0,0.67,TQQQ
2020-06-02,15465.054224123076,1.0,0.67,TQQQ
2020-06-03,15605.699075312736,1.0,0.67,TQQQ
2020-06-04,15393.252663665964,1.0,0.67,TQQQ
2020-06-05,16004.572740820286,1.0,0.67,TQQQ
2020-06-08,16243.152423371335,1.0,0.67,TQQQ
2020-06-09,16485.943510017038,1.0,0.67,TQQQ
2020-06-10,16884.545512330053,1.0,0.67,TQQQ
2020-06-11,15218.971051691644,2.0,0.67,TQQQ
2020-06-12,15661.239644536738,2.0,1.34,TQQQ
2020-06-15,16401.194156725553,2.0,1.34,TQQQ
2020-06-16,17562.789837604654,1.0,1.34,TQQQ
2020-06-17,17677.365313755712,1.0,0.67,TQQQ
2020-06-18,17768.73705297983,1.0,0.67,TQQQ
2020-06-19,17752.280144159595,1.0,0.67,TQQQ
2020-06-22,18175.257895129027,1.0,0.67,TQQQ
2020-06-23,18493.27890308484,1.0,0.67,TQQQ
2020-06-24,17763.25679946184,1.0,0.67,TQQQ
2020-06-25,18078.7876268496,1.0,0.67,TQQQ
2020-06-26,17208.112710616144,2.0,0.67,TQQQ
2020-06-29,17945.130075432604,2.0,1.34,TQQQ
2020-06-30,19327.918637175404,1.0,1.34,TQQQ
2020-07-01,19790.740282572122,1.0,0.67,TQQQ
2020-07-02,20284.1021636756,1.0,0.67,SOXL
2020-07-06,21373.94660096805,1.0,0.67,SOXL
2020-07-07,20844.500104738523,1.0,0.67,SOXL
2020-07-08,21422.28618863449,1.0,0.67,SOXL
2020-07-09,21993.1996086864,1.0,0.67,SOXL
2020-07-10,21846.32743675543,1.0,0.67,SOXL
2020-07-13,21115.84261821473,1.0,0.67,SOXL
2020-07-14,21865.41410430058,1.0,0.67,SOXL
2020-07-15,21718.69101734687,1.0,0.67,SOXL
2020-07-16,21541.19278006172,1.0,0.67,SOXL
2020-07-17,21808.52562059919,1.0,0.67,SOXL
2020-07-20,22709.062055144987,1.0,0.67,SOXL
2020-07-21,22387.05276238903,1.0,0.67,SOXL
2020-07-22,22566.912929714046,1.0,0.67,SOXL
2020-07-23,21862.7322483932,1.0,0.67,SOXL
2020-07-24,21164.77206237621,2.0,0.67,SOXL
2020-07-27,23851.24304302285,1.0,1.34,SOXL
2020-07-28,22906.115371594053,1.0,0.67,SOXL
2020-07-29,23900.12421591604,1.0,0.67,SOXL
2020-07-30,24837.397713525228,1.0,0.67,SOXL
2020-07-31,24556.438767632473,1.0,0.67,SOXL
2020-08-03,25535.573275822975,1.0,0.67,SOXL
2020-08-04,25758.018255815376,1.0,0.67,TQQQ
2020-08-05,25895.59510951516,1.0,0.67,TQQQ
2020-08-06,26559.739350786516,1.0,0.67,TQQQ
2020-08-07,25978.2280718447,1.0,0.67,TQQQ
2020-08-10,25743.851129142033,1.0,0.67,TQQQ
2020-08-11,24764.95658176207,2.0,0.67,TQQQ
2020-08-12,27247.45176292649,1.0,1.34,TQQQ
2020-08-13,27375.374029676725,1.0,0.67,TQQQ
2020-08-14,27322.31594730679,1.0,0.67,TQQQ
2020-08-17,27926.62824309448,1.0,0.67,TQQQ
2020-08-18,28476.277706663615,1.0,0.67,TQQQ
2020-08-19,28103.446858338542,1.0,0.67,TQQQ
2020-08-20,28878.090596833958,1.0,0.67,TQQQ
2020-08-21,29282.02386024767,1.0,0.67,TQQQ
2020-08-24,29645.74968009406,1.0,0.67,TQQQ
2020-08-25,30109.404013877374,1.0,0.67,TQQQ
2020-08-26,31400.88087522824,1.0,0.67,TQQQ
2020-08-27,31210.26427016533,1.0,0.67,TQQQ
2020-08-28,31533.40191075194,1.0,0.67,TQQQ
2020-08-31,32022.368608920715,1.0,0.67,TQQQ
2020-09-01,33136.60267755269,1.0,0.67,TQQQ
2020-09-02,35128.24432792528,1.0,0.67,SOXL
2020-09-03,31111.55756953554,2.0,0.67,SOXL
2020-09-04,29955.603501804628,2.0,1.34,SOXL
2020-09-08,27118.789366641256,1.0,0.67,TQQQ
2020-09-09,28621.16923550918,1.0,0.67,SOXL
2020-09-10,27824.76713342224,1.0,0.67,SOXL
2020-09-11,27759.70580590616,1.0,0.67,SOXL
2020-09-14,28935.572675510226,1.0,0.67,SOXL
2020-09-15,29932.444922430997,1.0,0.67,SOXL
2020-09-16,29328.634810311407,1.0,0.67,SOXL
2020-09-17,29238.78278492684,1.0,0.67,SOXL
2020-09-18,28325.701735144932,1.0,0.67,SOXL
2020-09-21,28234.264188776746,2.0,0.67,SOXL
2020-09-22,29605.519704160204,2.0,1.34,SOXL
2020-09-23,29164.67200243291,2.0,0.2,SOXL
2020-09-24,30306.707024136595,2.0,1.34,SOXL
2020-09-25,32059.132854916443,1.0,1.34,SOXL
2020-09-28,33813.0456951249,1.0,0.67,SOXL
2020-09-29,34001.86285615637,1.0,0.67,SOXL
2020-09-30,34032.50043206619,1.0,0.67,SOXL
2020-10-01,35448.21128199669,1.0,0.67,SOXL
2020-10-02,33489.67429801864,1.0,0.67,TQQQ
2020-10-05,34904.882887950414,1.0,0.67,TQQQ
2020-10-06,33648.61005268952,1.0,0.67,TQQQ
2020-10-07,34833.94962980981,1.0,0.67,TQQQ
2020-10-08,35177.547952101515,1.0,0.67,TQQQ
2020-10-09,36226.10695835563,1.0,0.67,TQQQ
2020-10-12,38489.838963423004,1.0,0.67,TQQQ
2020-10-13,38493.18001306366,1.0,0.67,TQQQ
2020-10-14,37856.2845997492,1.0,0.67,TQQQ
2020-10-15,37332.040892301804,1.0,0.67,TQQQ
2020-10-16,36948.44147448657,1.0,0.67,TQQQ
2020-10-19,35718.347099070306,2.0,0.67,TQQQ
2020-10-20,36027.26207711483,2.0,1.34,TQQQ
2020-10-21,35902.0384433114,2.0,1.34,TQQQ
2020-10-22,35926.37474481597,2.0,1.34,TQQQ
2020-10-23,36207.92579468338,2.0,1.34,TQQQ
2020-10-26,33996.213845953396,2.0,1.34,TQQQ
2020-10-27,35072.12913294466,2.0,1.34,TQQQ
2020-10-28,34248.99384593613,3.0,0.2,TQQQ
2020-10-29,36076.10447685205,1.0,0.67,SOXL
2020-10-30,35574.24476785017,1.0,0.2,TQQQ
2020-11-02,35576.66902391254,1.0,0.2,TQQQ
2020-11-03,36994.82383534661,1.0,0.67,SOXL
2020-11-04,39592.69145259146,1.0,0.67,SOXL
2020-11-05,43091.11635091125,1.0,0.67,SOXL
2020-11-06,44576.226863309785,1.0,0.67,SOXL
2020-11-09,43435.45895277393,1.0,0.67,SOXL
2020-11-10,40818.33737280347,2.0,0.67,SOXL
2020-11-11,46778.28518817862,1.0,1.34,SOXL
2020-11-12,45565.16794607513,1.0,0.67,SOXL
2020-11-13,46697.855836454444,1.0,0.67,SOXL
2020-11-16,49005.29129156217,1.0,0.67,SOXL
2020-11-17,48205.45568870694,1.0,0.67,SOXL
2020-11-18,47520.177687388205,1.0,0.67,SOXL
2020-11-19,48997.96813588694,1.0,0.67,SOXL
2020-11-20,48465.028058021315,1.0,0.67,SOXL
2020-11-23,49934.533314004686,1.0,0.67,SOXL
2020-11-24,50475.16867508519,1.0,0.67,SOXL
2020-11-25,50113.388172536346,1.0,0.67,SOXL
2020-11-27,51269.15781051001,1.0,0.67,SOXL
2020-11-30,52560.61533598161,1.0,0.67,SOXL
2020-12-01,54429.08306503298,1.0,0.67,SOXL
2020-12-02,54706.32235364163,1.0,0.67,SOXL
2020-12-03,54761.625626812434,1.0,0.67,SOXL
2020-12-04,57815.67763187321,1.0,0.67,SOXL
2020-12-07,58322.14010506085,1.0,0.67,SOXL
2020-12-08,58814.892562266,1.0,0.67,SOXL
2020-12-09,55444.75423446454,2.0,0.67,SOXL
2020-12-10,55300.69642879508,2.0,1.34,SOXL
2020-12-11,52743.388069798864,2.0,1.34,SOXL
2020-12-14,55405.132399694914,2.0,1.34,SOXL
2020-12-15,58501.124179594626,1.0,1.34,SOXL
2020-12-16,58414.43381441213,1.0,0.67,SOXL
2020-12-17,58624.01908129921,1.0,0.67,SOXL
2020-12-18,58111.25496906635,1.0,0.67,SOXL
2020-12-21,57344.774948979124,1.0,0.67,SOXL
2020-12-22,57202.67532743371,1.0,0.67,SOXL
2020-12-23,56406.650477872114,2.0,0.67,SOXL
2020-12-24,58588.538715490766,2.0,1.34,SOXL
2020-12-28,58141.99251253537,2.0,1.34,SOXL
2020-12-29,57543.04716777244,2.0,1.34,SOXL
2020-12-30,61529.51893930402,1.0,1.34,SOXL
2020-12-31,61968.04819623347,1.0,0.67,SOXL
2021-01-04,61394.85865074399,1.0,0.67,SOXL
2021-01-05,63777.77846597255,1.0,0.67,SOXL
2021-01-06,63463.452403745,1.0,0.67,SOXL
2021-01-07,68149.32255163381,1.0,0.67,SOXL
2021-01-08,68187.6383300067,1.0,0.67,SOXL
2021-01-11,69851.48806371193,1.0,0.67,SOXL
2021-01-12,70770.9273202616,1.0,0.67,SOXL
2021-01-13,70897.1435775747,1.0,0.67,SOXL
2021-01-14,73987.94002106608,1.0,0.67,SOXL
2021-01-15,70842.43962084854,1.0,0.67,SOXL
2021-01-19,75664.51626335755,1.0,0.67,SOXL
2021-01-20,75241.90477245698,1.0,0.67,SOXL
2021-01-21,77486.01124483549,1.0,0.67,SOXL
2021-01-22,74636.73443231848,1.0,0.67,SOXL
2021-01-25,74851.68234446873,1.0,0.67,SOXL
2021-01-26,72513.42061504052,2.0,0.67,SOXL
2021-01-27,57806.29081388999,3.0,1.34,SOXL
2021-01-28,64747.790455243754,2.0,2.0,SOXL
2021-01-29,60467.398743643374,3.0,1.34,SOXL
2021-02-01,74759.62139162676,2.0,2.0,SOXL
2021-02-02,79319.49446357555,2.0,1.34,SOXL
2021-02-03,72744.9884162831,2.0,1.34,SOXL
2021-02-04,75154.0574734206,2.0,1.34,SOXL
2021-02-05,72966.68525716157,2.0,1.34,SOXL
2021-02-08,82047.70172967568,1.0,1.34,SOXL
2021-02-09,81347.30588410748,2.0,0.67,SOXL
2021-02-10,82378.0492142264,2.0,1.34,SOXL
2021-02-11,93881.30902612381,1.0,1.34,SOXL
2021-02-12,96170.516616223,1.0,0.67,SOXL
2021-02-16,97310.76880010785,1.0,0.67,SOXL
2021-02-17,93711.81394597696,1.0,0.67,SOXL
2021-02-18,91821.06142804379,2.0,0.67,SOXL
2021-02-19,100795.23263595105,1.0,1.34,SOXL
2021-02-22,93434.2320900866,2.0,0.67,SOXL
2021-02-23,90893.79103500607,2.0,1.34,SOXL
2021-02-24,102369.18229105863,1.0,1.34,SOXL
2021-02-25,90568.29098057718,2.0,0.67,SOXL
2021-02-26,98918.46977909903,2.0,1.34,SOXL
2021-03-01,112092.29226634176,2.0,1.34,SOXL
2021-03-02,97946.53505865025,2.0,1.34,SOXL
2021-03-03,85894.14996767868,3.0,1.34,SOXL
2021-03-04,83426.01112875622,3.0,0.2,SOXL
2021-03-05,84967.63422931382,2.0,0.2,SOXL
2021-03-08,82253.8628892655,3.0,0.2,SOXL
2021-03-09,85200.89466954331,2.0,0.2,SOXL
2021-03-10,84292.4338554059,3.0,0.2,SOXL
2021-03-11,86350.35380170826,2.0,0.2,SOXL
2021-03-12,85824.28871954206,3.0,0.2,SOXL
2021-03-15,96866.9020902571,2.0,2.0,SOXL
2021-03-16,102012.23770208773,3.0,1.34,SOXL
2021-03-17,109956.98679514042,2.0,2.0,SOXL
2021-03-18,107261.00580748523,3.0,0.2,SOXL
2021-03-19,107922.8322277575,3.0,0.2,SOXL
2021-03-22,121898.46467598768,2.0,2.0,SOXL
2021-03-23,119951.20405364942,3.0,0.2,SOXL
2021-03-24,118936.04376545215,3.0,0.2,SOXL
2021-03-25,119096.62035176432,3.0,0.2,SOXL
2021-03-26,154524.23757438097,2.0,2.0,SOXL
2021-03-29,144086.04218954238,3.0,1.34,SOXL
2021-03-30,143868.64032924164,3.0,0.2,SOXL
2021-03-31,165659.5263594037,2.0,2.0,SOXL
2021-04-01,190059.72053977603,2.0,1.34,SOXL
2021-04-05,197708.11822396214,1.0,0.67,TQQQ
2021-04-06,197395.38191771402,1.0,0.67,TQQQ
2021-04-07,198373.4057279137,1.0,0.67,TQQQ
2021-04-08,202523.1876597158,1.0,0.67,TQQQ
2021-04-09,204983.01723861307,1.0,0.67,TQQQ
2021-04-12,204445.3091868726,1.0,0.67,TQQQ
2021-04-13,209137.3056363088,1.0,0.67,TQQQ
2021-04-14,204217.60786886804,1.0,0.67,TQQQ
2021-04-15,210261.41018180072,1.0,0.67,TQQQ
2021-04-16,210856.09095333994,1.0,0.67,TQQQ
2021-04-19,207002.38640910495,1.0,0.67,TQQQ
2021-04-20,203967.38994715092,1.0,0.67,TQQQ
2021-04-21,207423.0153226763,1.0,0.67,TQQQ
2021-04-22,202364.57085398142,1.0,0.67,TQQQ
2021-04-23,207473.16874921773,1.0,0.67,TQQQ
2021-04-26,210226.30986917613,1.0,0.67,TQQQ
2021-04-27,208377.30518259318,1.0,0.67,TQQQ
2021-04-28,206939.9695523239,1.0,0.67,TQQQ
2021-04-29,208331.2018138975,1.0,0.67,TQQQ
2021-04-30,205710.56085957913,1.0,0.67,TQQQ
2021-05-03,203457.39893174262,1.0,0.67,TQQQ
2021-05-04,196274.70840008042,2.0,0.67,TQQQ
2021-05-05,193207.35183050326,2.0,1.34,TQQQ
2021-05-06,198873.5820893006,2.0,1.34,TQQQ
2021-05-07,205396.42888644396,2.0,1.34,TQQQ
2021-05-10,202309.55304732997,2.0,0.2,TQQQ
2021-05-11,202107.23517855836,2.0,0.2,TQQQ
2021-05-12,199030.77410746785,3.0,0.2,TQQQ
2021-05-13,199869.74206258342,3.0,0.2,TQQQ
2021-05-14,202469.31923046248,2.0,0.2,TQQQ
2021-05-17,201785.76456515712,2.0,0.2,TQQQ
2021-05-18,200938.84689432234,2.0,0.2,TQQQ
2021-05-19,201086.77259627305,2.0,0.2,TQQQ
2021-05-20,203411.93001824053,2.0,0.2,TQQQ
2021-05-21,202739.89833513158,2.0,0.2,TQQQ
2021-05-24,216344.64453182026,2.0,1.34,TQQQ
2021-05-25,217747.20072489692,2.0,1.34,TQQQ
2021-05-26,220700.2461647595,2.0,1.34,TQQQ
2021-05-27,217248.08898194146,2.0,1.34,TQQQ
2021-05-28,220084.69841968708,2.0,1.34,TQQQ
2021-06-01,217210.01015098355,2.0,1.34,TQQQ
2021-06-02,218728.49054383463,2.0,1.34,TQQQ
2021-06-03,209515.421343421,2.0,1.34,TQQQ
2021-06-04,223906.34813300433,1.0,1.34,TQQQ
2021-06-07,225233.6627539728,1.0,0.67,TQQQ
2021-06-08,225406.29318697646,1.0,0.67,TQQQ
2021-06-09,225578.85852552022,1.0,0.67,TQQQ
2021-06-10,230207.58136559158,1.0,0.67,TQQQ
2021-06-11,231431.71277504577,1.0,0.67,TQQQ
2021-06-14,235776.00151617106,1.0,0.67,TQQQ
2021-06-15,232849.56372283676,1.0,0.67,TQQQ
2021-06-16,231179.04749849913,1.0,0.67,TQQQ
2021-06-17,236961.49246545928,1.0,0.67,TQQQ
2021-06-18,233171.03937267014,1.0,0.67,TQQQ
2021-06-21,236029.7651861787,1.0,0.67,TQQQ
2021-06-22,240447.1524582552,1.0,0.67,TQQQ
2021-06-23,240725.96831411376,1.0,0.67,TQQQ
2021-06-24,243693.9379983188,1.0,0.67,TQQQ
2021-06-25,243181.43696499226,1.0,0.67,TQQQ
2021-06-28,248949.41528728273,1.0,0.67,TQQQ
2021-06-29,250827.55344736116,1.0,0.67,TQQQ
2021-06-30,250089.99281396318,1.0,0.67,TQQQ
2021-07-01,250172.03650128676,1.0,0.67,TQQQ
2021-07-02,255861.38097094774,1.0,0.67,TQQQ
2021-07-06,258161.11086676476,1.0,0.67,TQQQ
2021-07-07,259265.58059314513,1.0,0.67,TQQQ
2021-07-08,256254.83779584707,1.0,0.67,TQQQ
2021-07-09,259161.4033810273,1.0,0.67,TQQQ
2021-07-12,261339.4657541148,1.0,0.67,TQQQ
2021-07-13,261245.73068998184,1.0,0.67,TQQQ
2021-07-14,262196.5759177742,1.0,0.67,TQQQ
2021-07-15,258560.42825036668,1.0,0.67,TQQQ
2021-07-16,254306.59215181184,1.0,0.67,TQQQ
2021-07-19,250221.05465460874,1.0,0.67,TQQQ
2021-07-20,255749.08169818507,1.0,0.67,TQQQ
2021-07-21,259661.94864451923,1.0,0.67,TQQQ
2021-07-22,263317.44682377303,1.0,0.67,TQQQ
2021-07-23,269177.32286074274,1.0,0.67,TQQQ
2021-07-26,269930.11068872863,1.0,0.67,TQQQ
2021-07-27,264021.6054423583,1.0,0.67,TQQQ
2021-07-28,265955.28085165116,1.0,0.67,TQQQ
2021-07-29,266832.2168369983,1.0,0.67,TQQQ
2021-07-30,264152.51688179316,1.0,0.67,TQQQ
2021-08-02,264099.13833446027,1.0,0.67,TQQQ
2021-08-03,267179.393543397,1.0,0.67,TQQQ
2021-08-04,268067.70890927745,1.0,0.67,TQQQ
2021-08-05,271443.2713181012,1.0,0.67,TQQQ
2021-08-06,269075.05284764554,1.0,0.67,TQQQ
2021-08-09,270039.650143152,1.0,0.67,TQQQ
2021-08-10,267335.5217769951,1.0,0.67,TQQQ
2021-08-11,266367.7973158439,1.0,0.67,TQQQ
2021-08-12,268227.0466703885,1.0,0.67,TQQQ
2021-08-13,270027.0873193823,1.0,0.67,TQQQ
2021-08-16,270343.7243172124,1.0,0.67,TQQQ
2021-08-17,265584.0696292337,1.0,0.67,TQQQ
2021-08-18,260409.58510328323,1.0,0.67,TQQQ
2021-08-19,262894.7871986465,1.0,0.67,TQQQ
2021-08-20,268336.8545688492,1.0,0.67,TQQQ
2021-08-23,276346.50123036746,1.0,0.67,TQQQ
2021-08-24,278173.84456239163,1.0,0.67,TQQQ
2021-08-25,278382.05006653606,1.0,0.67,TQQQ
2021-08-26,275221.637502062,1.0,0.67,TQQQ
2021-08-27,280610.48309687286,1.0,0.67,TQQQ
2021-08-30,286842.9071643584,1.0,0.67,TQQQ
2021-08-31,286304.4471780425,1.0,0.67,TQQQ
2021-09-01,287356.6589546544,1.0,0.67,TQQQ
2021-09-02,287087.67470359156,1.0,0.67,TQQQ
2021-09-03,288817.66629837715,1.0,0.67,TQQQ
2021-09-07,289609.8388423381,1.0,0.67,TQQQ
2021-09-08,287619.28066368215,1.0,0.67,TQQQ
2021-09-09,285557.95321318926,1.0,0.67,TQQQ
2021-09-10,281253.5162896626,1.0,0.67,TQQQ
2021-09-13,280826.2626333654,1.0,0.67,TQQQ
2021-09-14,279206.68900776183,1.0,0.67,TQQQ
2021-09-15,283351.63675372244,1.0,0.67,TQQQ
2021-09-16,283725.76216933294,1.0,0.67,TQQQ
2021-09-17,277008.9129192109,1.0,0.67,TQQQ
2021-09-20,265591.8632192432,2.0,0.67,TQQQ
2021-09-21,266045.02157452854,2.0,1.34,TQQQ
2021-09-22,276473.83200492914,2.0,1.34,TQQQ
2021-09-23,286761.097724548,1.0,1.34,TQQQ
2021-09-24,287304.59739937045,1.0,0.67,TQQQ
2021-09-27,282661.60615253734,2.0,0.67,TQQQ
2021-09-28,277946.83452249534,2.0,0.2,TQQQ
2021-09-29,277578.6750044992,2.0,0.2,TQQQ
2021-09-30,276952.970968383,2.0,0.2,TQQQ
2021-10-01,277962.32989302784,2.0,0.2,TQQQ
2021-10-04,274543.68295596243,3.0,0.2,TQQQ
2021-10-05,276656.27364713507,3.0,0.2,TQQQ
2021-10-06,277748.39233763923,2.0,0.2,TQQQ
2021-10-07,279251.0480227463,2.0,0.2,TQQQ
2021-10-08,278392.6119053706,2.0,0.2,TQQQ
2021-10-11,277156.57178819063,2.0,0.2,TQQQ
2021-10-12,276591.8052798514,2.0,0.2,TQQQ
2021-10-13,277887.5586949964,2.0,0.2,TQQQ
2021-10-14,280955.39184824197,2.0,0.2,TQQQ
2021-10-15,287934.5522569587,2.0,1.34,TQQQ
2021-10-18,299505.8713259854,2.0,1.34,TQQQ
2021-10-19,308320.5495086048,1.0,1.34,TQQQ
2021-10-20,307669.7580557765,1.0,0.67,TQQQ
2021-10-21,311361.1679787804,1.0,0.67,TQQQ
2021-10-22,306079.32576551486,1.0,0.67,TQQQ
2021-10-25,312233.83681621845,1.0,0.67,TQQQ
2021-10-26,314188.9076823353,1.0,0.67,TQQQ
2021-10-27,315851.3917576233,1.0,0.67,TQQQ
2021-10-28,322798.68794804794,1.0,0.67,TQQQ
2021-10-29,325995.4419436595,1.0,0.67,TQQQ
2021-11-01,328149.23095269105,1.0,0.67,TQQQ
2021-11-02,331081.79162760294,1.0,0.67,TQQQ
2021-11-03,338122.99570576526,1.0,0.67,TQQQ
2021-11-04,346572.3213403881,1.0,0.67,TQQQ
2021-11-05,347433.1931945061,1.0,0.67,TQQQ
2021-11-08,346477.84937828983,1.0,0.67,TQQQ
2021-11-09,341694.5688387939,1.0,0.67,TQQQ
2021-11-10,331662.45596740214,1.0,0.67,TQQQ
2021-11-11,333464.5300372347,1.0,0.67,TQQQ
2021-11-12,340556.1561727099,1.0,0.67,TQQQ
2021-11-15,340487.1958725061,1.0,0.67,TQQQ
2021-11-16,345204.1984413775,1.0,0.67,TQQQ
2021-11-17,345478.2229169889,1.0,0.67,TQQQ
2021-11-18,352558.4205446359,1.0,0.67,TQQQ
2021-11-19,356558.87095038017,1.0,0.67,TQQQ
2021-11-22,348278.334141482,1.0,0.67,TQQQ
2021-11-23,345098.8422854851,1.0,0.67,TQQQ
2021-11-24,347237.3056275847,1.0,0.67,TQQQ
2021-11-26,334404.25862177904,2.0,0.67,TQQQ
2021-11-29,362236.42390379607,1.0,1.34,TQQQ
2021-11-30,351808.4934698919,1.0,0.67,TQQQ
2021-12-01,339712.20943103154,2.0,0.67,TQQQ
2021-12-02,340036.5127615799,1.0,0.67,SOXL
2021-12-03,338883.8985481423,1.0,0.67,SOXL
2021-12-06,337693.2320063739,1.0,0.67,SOXL
2021-12-07,371631.38619098725,1.0,0.67,SOXL
2021-12-08,367135.06747914944,1.0,0.67,SOXL
2021-12-09,350467.2572936753,2.0,0.67,SOXL
2021-12-10,362582.08331458655,2.0,1.34,SOXL
2021-12-13,324776.99808139756,2.0,1.34,SOXL
2021-12-14,319052.4726402337,2.0,1.34,SOXL
2021-12-15,364918.8307863943,1.0,1.34,SOXL
2021-12-16,333010.9757278755,2.0,0.67,SOXL
2021-12-17,330976.80025123217,2.0,1.34,SOXL
2021-12-20,320370.5124695283,3.0,1.34,SOXL
2021-12-21,386787.68196325697,2.0,2.0,SOXL
2021-12-22,402132.4403605212,2.0,1.34,SOXL
2021-12-23,418863.573335497,1.0,1.34,SOXL
2021-12-27,442093.9839515243,1.0,0.67,SOXL
2021-12-28,432070.45965017186,1.0,0.67,SOXL
2021-12-29,434040.8958720551,1.0,0.67,SOXL
2021-12-30,423227.7232635296,1.0,0.67,SOXL
2021-12-31,421775.923810403,1.0,0.67,SOXL
2022-01-03,438770.38751766336,1.0,0.67,SOXL
2022-01-04,434570.7161879965,1.0,0.67,SOXL
2022-01-05,405647.02495799016,2.0,0.67,SOXL
2022-01-06,418639.5115561745,2.0,1.34,SOXL
2022-01-07,368995.65496681427,2.0,1.34,SOXL
2022-01-10,371147.57279759937,2.0,1.34,SOXL
2022-01-11,398418.2481827358,2.0,1.34,SOXL
2022-01-12,409299.97884046356,2.0,1.34,SOXL
2022-01-13,372101.79221606813,2.0,1.34,SOXL
2022-01-14,407551.5012102202,2.0,1.34,SOXL
2022-01-18,396806.50614299515,3.0,0.2,SOXL
2022-01-19,394045.7025834362,1.0,0.2,TQQQ
2022-01-20,386555.5853159245,1.0,0.2,SOXL
2022-01-21,382722.7970767247,1.0,0.2,SOXL
2022-01-24,383830.3838654232,1.0,0.2,TQQQ
2022-01-25,374946.1276662895,1.0,0.2,SOXL
2022-01-26,374805.3035795293,1.0,0.2,TQQQ
2022-01-27,364554.21919053467,1.0,0.2,SOXL
2022-01-28,371356.01220243913,1.0,0.2,TQQQ
2022-01-31,383286.5739132418,1.0,0.2,SOXL
2022-02-01,385573.55365859054,1.0,0.2,SOXL
2022-02-02,391334.9194314143,1.0,0.2,SOXL
2022-02-03,380690.9890924838,2.0,0.2,SOXL
2022-02-04,382173.3922162307,2.0,0.2,SOXL
2022-02-07,382085.46004122036,2.0,0.2,SOXL
2022-02-08,387700.9911652503,1.0,0.2,SOXL
2022-02-09,395055.6696465966,1.0,0.2,SOXL
2022-02-10,387931.9675810281,2.0,0.2,SOXL
2022-02-11,376432.73341886065,3.0,0.2,SOXL
2022-02-14,376527.93889775255,3.0,0.2,SOXL
2022-02-15,388739.664524632,2.0,0.2,SOXL
2022-02-16,388891.7243251794,2.0,0.2,SOXL
2022-02-17,380067.8562947149,2.0,0.2,SOXL
2022-02-18,377761.610172677,3.0,0.2,SOXL
2022-02-22,375817.01869403076,3.0,0.2,SOXL
2022-02-23,370560.8455511775,3.0,0.2,SOXL
2022-02-24,378878.08006828843,2.0,0.2,SOXL
2022-02-25,382369.0105591592,2.0,0.2,SOXL
2022-02-28,380959.6008496328,2.0,0.2,SOXL
2022-03-01,372729.156488778,3.0,0.2,SOXL
2022-03-02,376289.6022132219,1.0,0.2,TQQQ
2022-03-03,373146.0700830053,1.0,0.2,TQQQ
2022-03-04,369952.3429281817,2.0,0.2,TQQQ
2022-03-07,361690.15531587333,2.0,0.2,TQQQ
2022-03-08,365554.04191491456,1.0,0.2,SOXL
2022-03-09,373380.5193651598,1.0,0.2,TQQQ
2022-03-10,370978.84356073267,1.0,0.2,TQQQ
2022-03-11,366376.52776866115,2.0,0.2,TQQQ
2022-03-14,362084.56505396304,2.0,0.2,TQQQ
2022-03-15,368788.4795070121,1.0,0.2,TQQQ
2022-03-16,377070.34367621515,1.0,0.2,TQQQ
2022-03-17,379592.44421749376,1.0,0.2,TQQQ
2022-03-18,384308.92066868226,1.0,0.2,TQQQ
2022-03-21,383759.591906307,1.0,0.2,TQQQ
2022-03-22,388295.79291844426,1.0,0.2,TQQQ
2022-03-23,385017.7401119786,1.0,0.2,TQQQ
2022-03-24,390007.5228382,1.0,0.2,TQQQ
2022-03-25,389884.40206344135,1.0,0.2,TQQQ
2022-03-28,393431.90945047315,1.0,0.2,TQQQ
2022-03-29,406939.6235189916,1.0,0.67,TQQQ
2022-03-30,404494.2079188954,1.0,0.2,TQQQ
2022-03-31,401148.43282175297,1.0,0.2,TQQQ
2022-04-01,400803.6814901863,1.0,0.2,TQQQ
2022-04-04,417584.3919216515,1.0,0.67,TQQQ
2022-04-05,412061.8404587941,2.0,0.2,TQQQ
2022-04-06,406642.24084532127,2.0,0.2,TQQQ
2022-04-07,407172.30560314446,2.0,0.2,TQQQ
2022-04-08,403842.6063920856,2.0,0.2,TQQQ
2022-04-11,398109.0340678331,3.0,0.2,TQQQ
2022-04-12,397084.00523286755,3.0,0.2,TQQQ
2022-04-13,401845.0122744807,2.0,0.2,TQQQ
2022-04-14,396438.1594080374,3.0,0.2,TQQQ
2022-04-18,396657.48198623,3.0,0.2,TQQQ
2022-04-19,401757.7141521376,2.0,0.2,TQQQ
2022-04-20,398137.40828941274,3.0,0.2,TQQQ
2022-04-21,393466.1613354941,3.0,0.2,TQQQ
2022-04-22,387218.15472656547,3.0,0.2,TQQQ
2022-04-25,390091.2875876252,3.0,0.2,TQQQ
2022-04-26,381319.8949421876,3.0,0.2,TQQQ
2022-04-27,380980.58772207366,3.0,0.2,TQQQ
2022-04-28,389032.85907140473,2.0,0.2,TQQQ
2022-04-29,378802.9397260106,3.0,0.2,TQQQ
2022-05-02,386501.64116821584,1.0,0.2,SOXL
2022-05-03,386683.5459627651,1.0,0.2,TQQQ
2022-05-04,394348.6092620785,1.0,0.2,TQQQ
2022-05-05,382594.9051406883,2.0,0.2,TQQQ
2022-05-06,379927.62058865326,2.0,0.2,TQQQ
2022-05-09,370948.1133596636,3.0,0.2,TQQQ
2022-05-10,376102.26754308,1.0,0.2,SOXL
2022-05-11,369406.995474898,1.0,0.2,TQQQ
2022-05-12,368816.15190203034,1.0,0.2,TQQQ
2022-05-13,376831.07744273683,1.0,0.2,TQQQ
2022-05-16,374495.9989314452,1.0,0.2,TQQQ
2022-05-17,380140.9262904739,1.0,0.2,TQQQ
2022-05-18,369045.7821593676,2.0,0.2,TQQQ
2022-05-19,367842.163002944,1.0,0.2,SOXL
2022-05-20,367201.9791204915,1.0,0.2,TQQQ
2022-05-23,370828.3410320336,1.0,0.2,TQQQ
2022-05-24,366201.0563584428,1.0,0.2,TQQQ
2022-05-25,369141.54635454813,1.0,0.2,TQQQ
2022-05-26,375315.89112809533,1.0,0.2,TQQQ
2022-05-27,382668.74076465995,1.0,0.2,TQQQ
2022-05-31,382116.97617580014,1.0,0.2,TQQQ
2022-06-01,380336.44888764,1.0,0.2,TQQQ
2022-06-02,386510.44472151104,1.0,0.2,TQQQ
2022-06-03,380397.1476153694,1.0,0.2,TQQQ
2022-06-06,381344.01194501,1.0,0.2,TQQQ
2022-06-07,383195.6724087872,1.0,0.2,TQQQ
2022-06-08,381632.0535634524,1.0,0.2,TQQQ
2022-06-09,375413.7292863274,2.0,0.2,TQQQ
2022-06-10,367402.2355633803,3.0,0.2,TQQQ
2022-06-13,357226.3245406209,3.0,0.2,TQQQ
2022-06-14,358191.17633829755,1.0,0.2,SOXL
2022-06-15,363341.2432013123,1.0,0.2,TQQQ
2022-06-16,354469.29975909257,2.0,0.2,TQQQ
2022-06-17,357096.20070753025,2.0,0.2,TQQQ
2022-06-21,362483.33945797384,1.0,0.2,TQQQ
2022-06-22,362215.7359260895,1.0,0.2,TQQQ
2022-06-23,365317.4523533136,1.0,0.2,TQQQ
2022-06-24,372961.27147051564,1.0,0.2,TQQQ
2022-06-27,371201.77575149795,1.0,0.2,TQQQ
2022-06-28,364435.3599713107,2.0,0.2,TQQQ
2022-06-29,364582.1313847892,2.0,0.2,TQQQ
2022-06-30,362003.1063324843,2.0,0.2,TQQQ
2022-07-01,363179.6015332422,2.0,0.2,TQQQ
2022-07-05,366932.01107344276,2.0,0.2,TQQQ
2022-07-06,368333.9362661451,2.0,0.2,TQQQ
2022-07-07,372899.3578356144,1.0,0.2,TQQQ
2022-07-08,373248.619753119,1.0,0.2,TQQQ
2022-07-11,368484.31089492916,1.0,0.2,TQQQ
2022-07-12,366339.16837596335,2.0,0.2,TQQQ
2022-07-13,365876.74584724737,2.0,0.2,TQQQ
2022-07-14,366632.02167623,2.0,0.2,TQQQ
2022-07-15,370492.82234327105,1.0,0.2,TQQQ
2022-07-18,368777.9612868835,1.0,0.2,TQQQ
2022-07-19,375231.91892148793,1.0,0.2,TQQQ
2022-07-20,379002.6986289322,1.0,0.2,TQQQ
2022-07-21,382223.3944246478,1.0,0.2,TQQQ
2022-07-22,378224.52866492514,1.0,0.2,TQQQ
2022-07-25,377097.41996748606,1.0,0.2,TQQQ
2022-07-26,372534.39556763065,2.0,0.2,TQQQ
2022-07-27,381830.71207379136,1.0,0.2,TQQQ
2022-07-28,384016.85977133753,1.0,0.2,TQQQ
2022-07-29,398175.25200393546,1.0,0.67,TQQQ
2022-08-01,397775.3440863224,1.0,0.67,TQQQ
2022-08-02,395295.0764788489,1.0,0.67,TQQQ
2022-08-03,416482.9015531956,1.0,0.67,TQQQ
2022-08-04,420475.9650358529,1.0,0.67,TQQQ
2022-08-05,413773.9376596888,1.0,0.67,TQQQ
2022-08-08,410945.88565326046,1.0,0.67,TQQQ
2022-08-09,401486.9107663378,1.0,0.67,TQQQ
2022-08-10,423577.57786215766,1.0,0.67,TQQQ
2022-08-11,419301.2381020086,1.0,0.67,TQQQ
2022-08-12,435164.669757674,1.0,0.67,TQQQ
2022-08-15,442150.48010803945,1.0,0.67,TQQQ
2022-08-16,440246.07852010656,1.0,0.67,TQQQ
2022-08-17,430017.02419437,1.0,0.67,TQQQ
2022-08-18,431948.08630222135,1.0,0.67,TQQQ
2022-08-19,414992.16191781755,2.0,0.67,TQQQ
2022-08-22,371260.2415540895,2.0,1.34,TQQQ
2022-08-23,369579.9882743197,2.0,1.34,TQQQ
2022-08-24,373394.11851661466,2.0,1.34,TQQQ
2022-08-25,399704.1819859921,2.0,1.34,TQQQ
2022-08-26,334523.30782936106,3.0,1.34,TQQQ
2022-08-29,332465.7209408792,3.0,0.2,TQQQ
2022-08-30,330242.4743308936,3.0,0.2,TQQQ
2022-08-31,329030.1549205513,3.0,0.2,TQQQ
2022-09-01,329101.13419778703,3.0,0.2,TQQQ
2022-09-02,326358.63261491095,3.0,0.2,TQQQ
2022-09-06,324866.2892680161,3.0,0.2,TQQQ
2022-09-07,328704.3641355321,2.0,0.2,TQQQ
2022-09-08,329775.84179878427,3.0,0.2,TQQQ
2022-09-09,371614.8960781295,2.0,2.0,TQQQ
2022-09-12,389804.5190613879,3.0,1.34,TQQQ
2022-09-13,376974.8811577004,3.0,0.2,TQQQ
2022-09-14,378667.17518777977,3.0,0.2,TQQQ
2022-09-15,374854.6953995708,3.0,0.2,TQQQ
2022-09-16,373390.5459990696,3.0,0.2,TQQQ
2022-09-19,375181.61856945476,3.0,0.2,TQQQ
2022-09-20,373394.31625929294,3.0,0.2,TQQQ
2022-09-21,369294.4290464716,3.0,0.2,TQQQ
2022-09-22,366561.2622589073,3.0,0.2,TQQQ
2022-09-23,363056.15093281405,2.0,0.2,TQQQ
2022-09-26,362068.0327051356,3.0,0.2,TQQQ
2022-09-27,362136.92379220534,3.0,0.2,TQQQ
2022-09-28,366371.04033902125,2.0,0.2,TQQQ
2022-09-29,360185.34114624024,3.0,0.2,TQQQ
2022-09-30,356851.01038025314,1.0,0.2,SOXL
2022-10-03,361801.1333942815,1.0,0.2,TQQQ
2022-10-04,368525.8126714009,1.0,0.2,TQQQ
2022-10-05,368525.8126714009,1.0,0.2,TQQQ
2022-10-06,366665.222606702,1.0,0.2,TQQQ
2022-10-07,358302.4059731192,2.0,0.2,TQQQ
2022-10-10,356060.6994618163,2.0,0.2,TQQQ
2022-10-11,353233.3174688653,2.0,0.2,TQQQ
2022-10-12,353077.5404401591,2.0,0.2,TQQQ
2022-10-13,357798.23937536514,2.0,0.2,TQQQ
2022-10-14,351350.1031836315,3.0,0.2,TQQQ
2022-10-17,358269.1085503984,2.0,0.2,TQQQ
2022-10-18,360051.1720029587,2.0,0.2,TQQQ
2022-10-19,359177.44563001674,2.0,0.2,TQQQ
2022-10-20,357964.24708481506,2.0,0.2,TQQQ
2022-10-21,363032.766146151,2.0,0.2,TQQQ
2022-10-24,365503.59267866885,2.0,0.2,TQQQ
2022-10-25,369902.6799912454,1.0,0.2,TQQQ
2022-10-26,365014.3958754924,1.0,0.2,TQQQ
2022-10-27,360993.35641414,2.0,0.2,TQQQ
2022-10-28,367523.8751868459,1.0,0.2,TQQQ
2022-10-31,364983.3876015189,1.0,0.2,TQQQ
2022-11-01,362718.565433097,2.0,0.2,TQQQ
2022-11-02,355214.0539710335,2.0,0.2,TQQQ
2022-11-03,351115.428922231,3.0,0.2,TQQQ
2022-11-04,360905.71728868346,1.0,0.2,SOXL
2022-11-07,363197.8226658696,1.0,0.2,TQQQ
2022-11-08,364766.70332407224,1.0,0.2,TQQQ
2022-11-09,359676.9328637282,1.0,0.2,TQQQ
2022-11-10,375412.80632841645,1.0,0.2,TQQQ
2022-11-11,379683.2472771983,1.0,0.2,TQQQ
2022-11-14,377673.4459288421,1.0,0.2,TQQQ
2022-11-15,380719.47026281094,1.0,0.2,TQQQ
2022-11-16,377635.23959902214,1.0,0.2,TQQQ
2022-11-17,377052.4343443702,1.0,0.2,TQQQ
2022-11-18,376983.44894437655,1.0,0.2,TQQQ
2022-11-21,374704.9598413184,1.0,0.2,TQQQ
2022-11-22,377854.0400365055,1.0,0.2,TQQQ
2022-11-23,380113.97112836764,1.0,0.2,TQQQ
2022-11-25,378542.0113500474,1.0,0.2,TQQQ
2022-11-28,375208.9398555247,1.0,0.2,TQQQ
2022-11-29,373410.4687048513,2.0,0.2,TQQQ
2022-11-30,383442.39345940325,1.0,0.2,TQQQ
2022-12-01,384860.0206887978,1.0,0.67,TQQQ
2022-12-02,381812.3229874123,1.0,0.67,TQQQ
2022-12-05,377963.19841780385,1.0,0.2,TQQQ
2022-12-06,373168.51918563945,2.0,0.2,TQQQ
2022-12-07,372272.3387376164,2.0,0.2,TQQQ
2022-12-08,374914.63107412256,2.0,0.2,TQQQ
2022-12-09,373471.302653763,2.0,0.2,TQQQ
2022-12-12,376188.7530932728,2.0,0.2,TQQQ
2022-12-13,392021.5730782283,2.0,1.34,TQQQ
2022-12-14,390160.6707528521,2.0,0.2,TQQQ
2022-12-15,382429.0489305453,2.0,0.2,TQQQ
2022-12-16,380170.3057684199,2.0,0.2,TQQQ
2022-12-19,377018.82186064066,3.0,0.2,TQQQ
2022-12-20,376688.6714132203,3.0,0.2,TQQQ
2022-12-21,379960.6107352428,3.0,0.2,TQQQ
2022-12-22,374559.6350441549,3.0,0.2,TQQQ
2022-12-23,374773.17179133097,3.0,0.2,TQQQ
2022-12-27,371577.27708782617,2.0,0.2,TQQQ
2022-12-28,368576.4110424316,3.0,0.2,TQQQ
2022-12-29,373776.6239768539,2.0,0.2,TQQQ
2022-12-30,373776.6239768539,3.0,0.2,TQQQ
2023-01-03,372091.37181714876,3.0,0.2,TQQQ
2023-01-04,377736.349065139,1.0,0.2,SOXL
2023-01-05,373985.23478314676,1.0,0.2,SOXL
2023-01-06,408022.95079574094,1.0,0.67,SOXL
2023-01-09,424621.6806685953,1.0,0.67,SOXL
2023-01-10,435478.46839129203,1.0,0.67,SOXL
2023-01-11,445959.77174276084,1.0,0.67,SOXL
2023-01-12,456080.13401584886,1.0,0.67,SOXL
2023-01-13,459178.79432944045,1.0,0.67,SOXL
2023-01-17,461792.0767332246,1.0,0.67,SOXL
2023-01-18,456106.2470797946,1.0,0.67,SOXL
2023-01-19,431077.3714820261,2.0,0.67,SOXL
2023-01-20,481136.57004300365,1.0,1.34,SOXL
2023-01-23,530284.677913877,1.0,0.67,SOXL
2023-01-24,523053.5764783267,1.0,0.67,SOXL
2023-01-25,525237.7417856507,1.0,0.67,SOXL
2023-01-26,542433.6371889903,1.0,0.67,SOXL
2023-01-27,536233.3648072132,1.0,0.67,SOXL
2023-01-30,507932.5628624842,2.0,0.67,SOXL
2023-01-31,543443.70639918,1.0,1.34,SOXL
2023-02-01,600617.5328928662,1.0,0.67,SOXL
2023-02-02,627445.0849019281,1.0,0.67,SOXL
2023-02-03,604220.4919230962,1.0,0.67,SOXL
2023-02-06,584373.6840844224,2.0,0.67,SOXL
2023-02-07,656843.4276009828,1.0,1.34,SOXL
2023-02-08,629322.387547802,1.0,0.67,SOXL
2023-02-09,631623.7124245731,1.0,0.67,SOXL
2023-02-10,611714.9980727792,2.0,0.67,SOXL
2023-02-13,643880.3387390348,2.0,1.34,SOXL
2023-02-14,691696.8161705185,1.0,1.34,SOXL
2023-02-15,697312.6124089244,1.0,0.67,SOXL
2023-02-16,663750.9620159217,2.0,0.67,SOXL
2023-02-17,621137.2294460663,2.0,1.34,SOXL
2023-02-21,541126.7889833115,3.0,1.34,SOXL
2023-02-22,527221.9253683663,3.0,2.0,SOXL
2023-02-23,622526.0002683719,2.0,2.0,SOXL
2023-02-24,579931.6093505275,3.0,1.34,SOXL
2023-02-27,595331.8448796051,3.0,2.0,SOXL
2023-02-28,607648.9627387517,3.0,2.0,SOXL
2023-03-01,610137.6735692334,3.0,2.0,SOXL
2023-03-02,637568.9527853797,3.0,2.0,SOXL
2023-03-03,694487.0876050511,2.0,2.0,SOXL
2023-03-06,664218.3362866762,2.0,1.34,SOXL
2023-03-07,633709.0515530193,2.0,1.34,SOXL
2023-03-08,700947.0242565249,2.0,1.34,SOXL
2023-03-09,647478.1889184322,2.0,1.34,SOXL
2023-03-10,597434.385541211,3.0,1.34,SOXL
2023-03-13,594883.0998355683,3.0,2.0,SOXL
2023-03-14,696717.6501712807,2.0,2.0,SOXL
2023-03-15,664207.2284052229,2.0,1.34,SOXL
2023-03-16,769024.372597848,2.0,1.34,SOXL
2023-03-17,750824.552126521,2.0,1.34,SOXL
2023-03-20,780764.2604177388,2.0,1.34,SOXL
2023-03-21,786126.3074597893,2.0,1.34,SOXL
2023-03-22,758953.876962782,2.0,1.34,SOXL
2023-03-23,837232.6229398085,1.0,1.34,SOXL
2023-03-24,807726.0600519807,1.0,0.67,SOXL
2023-03-27,788130.0695797418,2.0,0.67,SOXL
2023-03-28,765645.7203831297,2.0,1.34,SOXL
2023-03-29,860824.9318045613,1.0,1.34,SOXL
2023-03-30,890202.8174534685,1.0,0.67,SOXL
2023-03-31,901832.4228028379,1.0,0.67,SOXL
2023-04-03,885653.683306449,1.0,0.67,SOXL
2023-04-04,879732.5304188662,1.0,0.67,TQQQ
2023-04-05,860848.9403162865,1.0,0.67,TQQQ
2023-04-06,872431.5504549068,1.0,0.67,TQQQ
2023-04-10,871152.9498900754,1.0,0.67,TQQQ
2023-04-11,859850.474314934,1.0,0.67,TQQQ
2023-04-12,844610.8834976543,1.0,0.67,TQQQ
2023-04-13,877095.9968399834,1.0,0.67,TQQQ
2023-04-14,873692.9782614763,1.0,0.67,TQQQ
2023-04-17,874332.3127680705,1.0,0.67,TQQQ
2023-04-18,874758.3542715806,1.0,0.67,TQQQ
2023-04-19,873480.5783542411,1.0,0.67,TQQQ
2023-04-20,859840.6922001254,1.0,0.67,TQQQ
2023-04-21,860914.6997990274,1.0,0.67,TQQQ
2023-04-24,857479.9859415935,1.0,0.67,TQQQ
2023-04-25,825001.09300839,2.0,0.67,TQQQ
2023-04-26,827126.0954090209,1.0,0.2,SOXL
2023-04-27,871901.2247781078,1.0,0.67,TQQQ
2023-04-28,883715.5089498174,1.0,0.67,TQQQ
2023-05-01,882038.8242487564,1.0,0.67,TQQQ
2023-05-02,866304.9100227387,1.0,0.67,TQQQ
2023-05-03,854874.1064687886,1.0,0.67,TQQQ
2023-05-04,848481.7091513061,1.0,0.67,TQQQ
2023-05-05,883343.4889482816,1.0,0.67,TQQQ
2023-05-08,888168.8799452119,1.0,0.67,TQQQ
2023-05-09,876660.820644287,1.0,0.67,TQQQ
2023-05-10,895614.8185004368,1.0,0.67,TQQQ
2023-05-11,900617.0680463077,1.0,0.67,TQQQ
2023-05-12,894381.3048364888,1.0,0.67,TQQQ
2023-05-15,903558.6665685556,1.0,0.67,TQQQ
2023-05-16,905841.5453483731,1.0,0.67,TQQQ
2023-05-17,927605.8317241883,1.0,0.67,TQQQ
2023-05-18,961006.3390979847,1.0,0.67,TQQQ
2023-05-19,956574.1695296185,1.0,0.67,TQQQ
2023-05-22,963237.650584487,1.0,0.67,TQQQ
2023-05-23,938284.1885050867,1.0,0.67,TQQQ
2023-05-24,928088.7588580281,1.0,0.67,TQQQ
2023-05-25,972987.7070116828,1.0,0.67,TQQQ
2023-05-26,1022301.1261422854,1.0,0.67,TQQQ
2023-05-30,1031896.0615096751,1.0,0.67,TQQQ
2023-05-31,1017861.9384000744,1.0,0.67,TQQQ
2023-06-01,1042589.3473860725,1.0,0.67,TQQQ
2023-06-02,1058302.098647717,1.0,0.67,TQQQ
2023-06-05,1059842.7890189951,1.0,0.67,TQQQ
2023-06-06,1059072.8809792479,1.0,0.67,TQQQ
2023-06-07,1022881.542256216,1.0,0.67,TQQQ
2023-06-08,1046392.132906367,1.0,0.67,TQQQ
2023-06-09,1054918.2796437885,1.0,0.67,TQQQ
2023-06-12,1091010.782737291,1.0,0.67,TQQQ
2023-06-13,1107343.3972356976,1.0,0.67,TQQQ
2023-06-14,1123181.0522780074,1.0,0.67,TQQQ
2023-06-15,1149582.3906952145,1.0,0.67,TQQQ
2023-06-16,1134770.49749448,1.0,0.67,TQQQ
2023-06-20,1131043.5270285513,1.0,0.67,TQQQ
2023-06-21,1100672.9793011954,1.0,0.67,TQQQ
2023-06-22,1125160.0082377288,1.0,0.67,TQQQ
2023-06-23,1102811.0510497561,1.0,0.67,TQQQ
2023-06-26,1073597.1072176134,2.0,0.67,TQQQ
2023-06-27,1144739.9042829517,2.0,1.34,TQQQ
2023-06-28,1154116.6755864169,1.0,1.34,TQQQ
2023-06-29,1148831.2787112496,1.0,0.67,TQQQ
2023-06-30,1183559.7570508309,1.0,0.67,TQQQ
2023-07-03,1188975.2155072829,1.0,0.67,TQQQ
2023-07-05,1188396.3164228827,1.0,0.67,TQQQ
2023-07-06,1169672.896565387,1.0,0.67,TQQQ
2023-07-07,1161696.0805497635,1.0,0.67,TQQQ
2023-07-10,1162281.7006955985,1.0,0.67,TQQQ
2023-07-11,1173406.3376862044,1.0,0.67,TQQQ
2023-07-12,1202545.8557904116,1.0,0.67,TQQQ
2023-07-13,1242667.751539284,1.0,0.67,TQQQ
2023-07-14,1241912.1782962303,1.0,0.67,TQQQ
2023-07-17,1264972.9274858397,1.0,0.67,TQQQ
2023-07-18,1285205.6644248858,1.0,0.67,TQQQ
2023-07-19,1285205.6644248858,1.0,0.67,TQQQ
2023-07-20,1224788.397439767,1.0,0.67,TQQQ
2023-07-21,1217548.1108696628,1.0,0.67,TQQQ
2023-07-24,1220796.7468737033,1.0,0.67,TQQQ
2023-07-25,1237208.865847285,1.0,0.67,TQQQ
2023-07-26,1228676.8731112496,1.0,0.67,TQQQ
2023-07-27,1221637.5350921075,1.0,0.67,TQQQ
2023-07-28,1265901.4027463584,1.0,0.67,TQQQ
2023-07-31,1267589.3555036217,1.0,0.67,TQQQ
2023-08-01,1261029.0036395632,1.0,0.67,TQQQ
2023-08-02,1205780.318236713,2.0,0.67,TQQQ
2023-08-03,1194245.0134595288,2.0,1.34,TQQQ
2023-08-04,1171997.363526467,2.0,1.34,TQQQ
2023-08-07,1210934.6972095612,2.0,1.34,TQQQ
2023-08-08,1169367.9350897514,2.0,1.34,TQQQ
2023-08-09,1117110.547642705,2.0,1.34,TQQQ
2023-08-10,1123895.953506791,2.0,1.34,TQQQ
2023-08-11,1093692.4745433612,2.0,1.34,TQQQ
2023-08-14,1142431.8496980395,2.0,1.34,TQQQ
2023-08-15,1095433.2289359109,2.0,1.34,TQQQ
2023-08-16,1046691.389624088,2.0,1.34,TQQQ
2023-08-17,1039612.0573389725,3.0,0.2,TQQQ
2023-08-18,1038645.5114992097,3.0,0.2,TQQQ
2023-08-21,1139086.0178107985,3.0,2.0,TQQQ
2023-08-22,1138071.139016623,3.0,0.2,TQQQ
2023-08-23,1245317.1091186025,2.0,2.0,TQQQ
2023-08-24,1228913.2478546682,2.0,0.2,TQQQ
2023-08-25,1234733.7232026926,2.0,0.2,TQQQ
2023-08-28,1271704.084825445,2.0,1.34,TQQQ
2023-08-29,1380372.8665517068,2.0,1.34,TQQQ
2023-08-30,1411223.7975443217,2.0,1.34,TQQQ
2023-08-31,1428308.5312010648,2.0,1.34,TQQQ
2023-09-01,1421544.1532217506,2.0,1.34,TQQQ
2023-09-05,1426498.6441184608,2.0,1.34,TQQQ
2023-09-06,1376006.2451053995,2.0,1.34,TQQQ
2023-09-07,1335806.2111883673,2.0,1.34,TQQQ
2023-09-08,1341125.4696939474,2.0,1.34,TQQQ
2023-09-11,1402360.0506167628,2.0,1.34,TQQQ
2023-09-12,1342234.250005137,2.0,1.34,TQQQ
2023-09-13,1359980.527985942,2.0,1.34,TQQQ
2023-09-14,1402713.3246036652,2.0,1.34,TQQQ
2023-09-15,1388317.9564865236,2.0,0.2,TQQQ
2023-09-18,1388946.5631474745,2.0,0.2,TQQQ
2023-09-19,1387273.2346142726,2.0,0.2,TQQQ
2023-09-20,1375242.94587596,2.0,0.2,TQQQ
2023-09-21,1359577.925412971,3.0,0.2,TQQQ
2023-09-22,1359807.0588610577,3.0,0.2,TQQQ
2023-09-25,1363394.5280745376,3.0,0.2,TQQQ
2023-09-26,1351233.5487250953,3.0,0.2,TQQQ
2023-09-27,1352878.941554576,2.0,0.2,TQQQ
2023-09-28,1359428.955413323,3.0,0.2,TQQQ
2023-09-29,1360040.9523963407,3.0,0.2,TQQQ
2023-10-02,1366531.8609432227,2.0,0.2,TQQQ
2023-10-03,1352068.442601212,3.0,0.2,TQQQ
2023-10-04,1363029.089367095,3.0,0.2,TQQQ
2023-10-05,1360146.7332696344,3.0,0.2,TQQQ
2023-10-06,1373839.987965228,2.0,0.2,TQQQ
2023-10-09,1377886.1097810124,2.0,0.2,TQQQ
2023-10-10,1382394.2390277123,2.0,0.2,TQQQ
2023-10-11,1388279.8376384294,2.0,0.2,TQQQ
2023-10-12,1385033.2218463975,2.0,0.2,TQQQ
2023-10-13,1374559.9923579053,2.0,0.2,TQQQ
2023-10-16,1383819.1569451622,2.0,0.2,TQQQ
2023-10-17,1381171.0688919472,2.0,0.2,TQQQ
2023-10-18,1369487.0662427857,3.0,0.2,TQQQ
2023-10-19,1362169.2366843661,3.0,0.2,TQQQ
2023-10-20,1349882.994665503,3.0,0.2,TQQQ
2023-10-23,1352258.8527030768,3.0,0.2,TQQQ
2023-10-24,1359887.151268163,3.0,0.2,TQQQ
2023-10-25,1339965.7575051289,2.0,0.2,TQQQ
2023-10-26,1324345.760881132,3.0,0.2,TQQQ
2023-10-27,1328122.2142808773,3.0,0.2,TQQQ
2023-10-30,1336693.4935972013,3.0,0.2,TQQQ
2023-10-31,1340582.346926157,2.0,0.2,TQQQ
2023-11-01,1354405.343506218,2.0,0.2,TQQQ
2023-11-02,1368786.317953752,2.0,0.2,TQQQ
2023-11-03,1378439.4855556488,2.0,0.2,TQQQ
2023-11-06,1381593.9309883395,2.0,0.2,TQQQ
2023-11-07,1433709.8887105435,2.0,1.34,TQQQ
2023-11-08,1437151.4668545316,2.0,1.34,TQQQ
2023-11-09,1430323.5413100347,2.0,0.2,TQQQ
2023-11-10,1558199.9660094627,2.0,1.34,TQQQ
2023-11-13,1539250.849727855,2.0,1.34,TQQQ
2023-11-14,1668928.5433499345,1.0,1.34,TQQQ
2023-11-15,1672053.4949825746,1.0,0.67,TQQQ
2023-11-16,1673874.6559322202,1.0,0.67,TQQQ
2023-11-17,1674654.7063033683,1.0,0.67,TQQQ
2023-11-20,1714689.7056156122,1.0,0.67,TQQQ
2023-11-21,1693871.663395805,1.0,0.67,TQQQ
2023-11-22,1707059.182395943,1.0,0.67,TQQQ
2023-11-24,1701392.206475289,1.0,0.67,TQQQ
2023-11-27,1698037.8061391367,1.0,0.67,TQQQ
2023-11-28,1707077.2898501134,1.0,0.67,TQQQ
2023-11-29,1702955.6896391783,1.0,0.67,TQQQ
2023-11-30,1693413.132711113,1.0,0.67,TQQQ
2023-12-01,1702982.2487048125,1.0,0.67,TQQQ
2023-12-04,1670485.4149835964,1.0,0.67,TQQQ
2023-12-05,1678558.1660933457,1.0,0.67,TQQQ
2023-12-06,1658554.2118210183,1.0,0.67,TQQQ
2023-12-07,1705073.20185274,1.0,0.67,TQQQ
2023-12-08,1718740.738956161,1.0,0.67,TQQQ
2023-12-11,1748024.2977051088,1.0,0.67,TQQQ
2023-12-12,1776303.6309999959,1.0,0.67,TQQQ
2023-12-13,1818266.372935667,1.0,0.67,TQQQ
2023-12-14,1816266.9453951262,1.0,0.67,TQQQ
2023-12-15,1830771.493198469,1.0,0.67,TQQQ
2023-12-18,1856429.7554983823,1.0,0.67,TQQQ
2023-12-19,1874986.6264469188,1.0,0.67,TQQQ
2023-12-20,1819169.7450174394,1.0,0.67,TQQQ
2023-12-21,1859597.102676317,1.0,0.67,TQQQ
2023-12-22,1864565.585802831,1.0,0.67,TQQQ
2023-12-26,1887392.2603631343,1.0,0.67,TQQQ
2023-12-27,1894051.8176880362,1.0,0.67,TQQQ
2023-12-28,1890850.9715617565,1.0,0.67,TQQQ
2023-12-29,1873354.7136745094,1.0,0.67,TQQQ
2024-01-02,1809730.8889474354,1.0,0.67,TQQQ
2024-01-03,1732326.6379513268,1.0,0.67,SOXL
2024-01-04,1702702.2371692117,1.0,0.67,SOXL
2024-01-05,1718311.3866218221,1.0,0.67,SOXL
2024-01-08,1829309.2015593078,1.0,0.67,SOXL
2024-01-09,1828878.0128826438,1.0,0.67,SOXL
2024-01-10,1818099.1305420324,1.0,0.67,SOXL
2024-01-11,1830639.084853749,1.0,0.67,SOXL
2024-01-12,1815124.4656969975,1.0,0.67,SOXL
2024-01-16,1862298.4698747199,1.0,0.67,SOXL
2024-01-17,1829811.8884238175,1.0,0.67,SOXL
2024-01-18,1948829.9613563626,1.0,0.67,SOXL
2024-01-19,2102468.118564672,1.0,0.67,SOXL
2024-01-22,2118631.921567285,1.0,0.67,SOXL
2024-01-23,2145201.837328157,1.0,0.67,SOXL
2024-01-24,2205222.3256948283,1.0,0.67,SOXL
2024-01-25,2193376.807435583,1.0,0.67,SOXL
2024-01-26,2070253.165543322,2.0,0.67,SOXL
2024-01-29,2154269.8190333117,2.0,1.34,SOXL
2024-01-30,2029870.458233596,2.0,1.34,SOXL
2024-01-31,1913865.449872278,2.0,1.34,SOXL
2024-02-01,1941828.198586554,2.0,1.34,SOXL
2024-02-02,2038051.839608765,2.0,1.34,SOXL
2024-02-05,2155731.760901705,1.0,1.34,SOXL
2024-02-06,2103472.3628443982,2.0,0.67,SOXL
2024-02-07,2230948.6049839174,2.0,1.34,SOXL
2024-02-08,2382282.5120257656,1.0,1.34,SOXL
2024-02-09,2475515.486597317,1.0,0.67,SOXL
2024-02-12,2468344.5799868805,1.0,0.67,SOXL
2024-02-13,2370764.497035226,1.0,0.67,SOXL
2024-02-14,2469070.0698299403,1.0,0.67,SOXL
2024-02-15,2468647.1991155865,1.0,0.67,SOXL
2024-02-16,2435660.336583495,1.0,0.67,SOXL
2024-02-20,2354342.4504478117,1.0,0.67,SOXL
2024-02-21,2342215.076299947,2.0,0.67,SOXL
2024-02-22,2800755.0646486776,1.0,1.34,SOXL
2024-02-23,2744124.6826283433,1.0,0.67,SOXL
2024-02-26,2791725.199409399,1.0,0.67,SOXL
2024-02-27,2787186.5536586284,1.0,0.67,SOXL
2024-02-28,2727679.7380324556,1.0,0.67,SOXL
2024-02-29,2867271.123934683,1.0,0.67,SOXL
2024-03-01,3113459.114129509,1.0,0.67,SOXL
2024-03-04,3175612.084986726,1.0,0.67,SOXL
2024-03-05,3050355.186713807,1.0,0.67,SOXL
2024-03-06,3197832.6833063513,1.0,0.67,SOXL
2024-03-07,3415415.1258642892,1.0,0.67,SOXL
2024-03-08,3151918.0018211394,2.0,0.67,SOXL
2024-03-11,2963820.3832134907,2.0,1.34,SOXL
2024-03-12,3202434.569824922,2.0,1.34,SOXL
2024-03-13,2899501.4833335467,2.0,1.34,SOXL
2024-03-14,2684492.130240079,3.0,1.34,SOXL
2024-03-15,2587054.0193343326,3.0,2.0,SOXL
2024-03-18,2562842.098806378,3.0,2.0,SOXL
2024-03-19,2432001.506951133,3.0,2.0,SOXL
2024-03-20,2664516.2519110395,3.0,2.0,SOXL
2024-03-21,3021831.5510561573,2.0,2.0,SOXL
2024-03-22,3032323.5540542463,2.0,1.34,SOXL
2024-03-25,2985066.022634777,2.0,1.34,SOXL
2024-03-26,2910103.97727286,2.0,1.34,SOXL
2024-03-27,3037404.3384963362,2.0,1.34,SOXL
2024-03-28,3040030.083951963,2.0,1.34,SOXL
2024-04-01,3167851.4856648697,2.0,1.34,SOXL
2024-04-02,2981212.9570955373,2.0,1.34,SOXL
2024-04-03,3008204.9316005637,2.0,1.34,SOXL
2024-04-04,2674834.2591032893,3.0,1.34,SOXL
2024-04-05,2832660.1150345556,3.0,2.0,SOXL
2024-04-08,2882014.0057636504,3.0,2.0,SOXL
2024-04-09,3064105.3404097473,2.0,2.0,SOXL
2024-04-10,2856050.83977939,3.0,1.34,SOXL
2024-04-11,3215294.0616145334,2.0,2.0,SOXL
2024-04-12,2811725.848615463,3.0,1.34,SOXL
2024-04-15,2577358.8083021017,3.0,2.0,SOXL
2024-04-16,2675840.3655166896,3.0,2.0,SOXL
2024-04-17,2629900.92045639,3.0,0.2,SOXL
2024-04-18,2599386.6669274736,3.0,0.2,SOXL
2024-04-19,2538031.917146283,3.0,0.2,SOXL
2024-04-22,2559134.0919825877,3.0,0.2,SOXL
2024-04-23,2591691.890102149,2.0,0.2,SOXL
2024-04-24,2612662.4244503905,3.0,0.2,SOXL
2024-04-25,2640931.333506432,2.0,0.2,SOXL
2024-04-26,2674675.2867828584,2.0,0.2,SOXL
2024-04-29,2747617.620118927,3.0,1.34,SOXL
2024-04-30,2714735.5908130775,3.0,0.2,SOXL
2024-05-01,2660554.616696127,3.0,0.2,SOXL
2024-05-02,2692756.871351362,2.0,0.2,SOXL
2024-05-03,2729990.069575764,2.0,0.2,SOXL
2024-05-06,2948711.1198753584,2.0,1.34,SOXL
2024-05-07,2935288.3562816023,3.0,0.2,SOXL
2024-05-08,2936015.650530619,3.0,0.2,SOXL
2024-05-09,2929476.650313478,3.0,0.2,SOXL
2024-05-10,3086360.7048845347,3.0,2.0,SOXL
2024-05-13,3122467.6967307907,3.0,2.0,SOXL
2024-05-14,3416025.5738777635,2.0,2.0,SOXL
2024-05-15,3817521.638700805,2.0,1.34,SOXL
2024-05-16,3736980.1265323223,2.0,1.34,SOXL
2024-05-17,3643887.593597364,2.0,1.34,SOXL
2024-05-20,3950406.609620806,2.0,1.34,SOXL
2024-05-21,3920784.5775258043,2.0,1.34,SOXL
2024-05-22,4074086.1102445014,2.0,1.34,SOXL
2024-05-23,4011069.3164283033,2.0,1.34,SOXL
2024-05-24,4300677.703005748,1.0,1.34,SOXL
2024-05-28,4446318.906625645,1.0,0.67,SOXL
2024-05-29,4277631.96749328,1.0,0.67,SOXL
2024-05-30,4222537.833226075,2.0,0.67,SOXL
2024-05-31,4062976.7370394357,2.0,1.34,SOXL
2024-06-03,4062976.7370394357,2.0,1.34,SOXL
2024-06-04,4083239.935977331,1.0,0.67,TQQQ
2024-06-05,4248392.31541732,1.0,0.67,TQQQ
2024-06-06,4245016.4150359575,1.0,0.67,TQQQ
2024-06-07,4234462.387024535,1.0,0.67,TQQQ
2024-06-10,4264473.523013036,1.0,0.67,TQQQ
2024-06-11,4323445.62976684,1.0,0.67,TQQQ
2024-06-12,4437673.4992773365,1.0,0.67,TQQQ
2024-06-13,4485189.422226556,1.0,0.67,TQQQ
2024-06-14,4528758.375338772,1.0,0.67,TQQQ
2024-06-17,4638805.934593989,1.0,0.67,TQQQ
2024-06-18,4640423.196863741,1.0,0.67,TQQQ
2024-06-20,4567244.6450498095,1.0,0.67,TQQQ
2024-06-21,4539126.057868794,1.0,0.67,TQQQ
2024-06-24,4436117.131762456,1.0,0.67,TQQQ
2024-06-25,4535355.585371156,1.0,0.67,TQQQ
2024-06-26,4554368.865486465,1.0,0.67,TQQQ
2024-06-27,4576498.356517096,1.0,0.67,TQQQ
2024-06-28,4528256.004880963,1.0,0.67,TQQQ
2024-07-01,4577986.11796325,1.0,0.67,TQQQ
2024-07-02,4672010.46311463,1.0,0.67,TQQQ
2024-07-03,4748920.8286316125,1.0,0.67,TQQQ
2024-07-05,4845301.91763058,1.0,0.67,TQQQ
2024-07-08,4866776.813232803,1.0,0.67,TQQQ
2024-07-09,4873919.690641691,1.0,0.67,TQQQ
2024-07-10,4976228.007783166,1.0,0.67,TQQQ
2024-07-11,4757175.787518885,1.0,0.67,TQQQ
2024-07-12,4808992.166221629,1.0,0.67,TQQQ
2024-07-15,4832965.7454398265,1.0,0.67,TQQQ
2024-07-16,4835357.229508241,1.0,0.67,TQQQ
2024-07-17,4550439.3898857245,2.0,0.67,TQQQ
2024-07-18,4459162.338902586,2.0,1.34,TQQQ
2024-07-19,4297180.28597715,2.0,1.34,TQQQ
2024-07-22,4548383.661064504,2.0,1.34,TQQQ
2024-07-23,4482635.858543304,2.0,1.34,TQQQ
2024-07-24,4385968.341832991,3.0,0.2,TQQQ
2024-07-25,4356750.856774022,3.0,0.2,TQQQ
2024-07-26,4381678.046352468,3.0,0.2,TQQQ
2024-07-29,4386795.05343978,3.0,0.2,TQQQ
2024-07-30,4351009.034452522,3.0,0.2,TQQQ
2024-07-31,5111861.459005614,2.0,2.0,TQQQ
2024-08-01,5038193.41721176,3.0,0.2,TQQQ
2024-08-02,4964719.7272350835,3.0,0.2,TQQQ
2024-08-05,4878170.947260785,3.0,0.2,TQQQ
2024-08-06,4902308.2837905,1.0,0.2,SOXL
2024-08-07,4870732.447751679,1.0,0.2,TQQQ
2024-08-08,4959923.721169647,1.0,0.2,TQQQ
2024-08-09,4973421.2250914555,1.0,0.2,TQQQ
2024-08-12,4980182.2185849715,1.0,0.2,TQQQ
2024-08-13,5052636.425790626,1.0,0.2,TQQQ
2024-08-14,5054385.2014636025,1.0,0.2,TQQQ
2024-08-15,5309151.987769817,1.0,0.67,TQQQ
2024-08-16,5318505.012226117,1.0,0.67,TQQQ
2024-08-19,5456597.705845856,1.0,0.67,TQQQ
2024-08-20,5434036.216674949,1.0,0.67,TQQQ
2024-08-21,5483875.059579229,1.0,0.67,TQQQ
2024-08-22,5307403.284782958,1.0,0.67,TQQQ
2024-08-23,5419209.525456095,1.0,0.67,TQQQ
2024-08-26,5387399.4287630245,1.0,0.2,TQQQ
2024-08-27,5417980.489293469,1.0,0.67,TQQQ
2024-08-28,5381253.6876630485,1.0,0.2,TQQQ
2024-08-29,5375606.307800881,1.0,0.2,TQQQ
2024-08-30,5412226.8816194795,1.0,0.2,TQQQ
2024-09-03,5313464.126458981,2.0,0.2,TQQQ
2024-09-04,5304430.880758063,2.0,0.2,TQQQ
2024-09-05,5307863.084754226,2.0,0.2,TQQQ
2024-09-06,5221766.449251443,3.0,0.2,TQQQ
2024-09-09,5260615.933781015,3.0,0.2,TQQQ
2024-09-10,5288916.984377562,2.0,0.2,TQQQ
2024-09-11,5356357.054523253,2.0,0.2,TQQQ
2024-09-12,5388045.656322789,2.0,0.2,TQQQ
2024-09-13,5402147.993568803,2.0,0.2,TQQQ
2024-09-16,5387710.258040361,2.0,0.2,TQQQ
2024-09-17,5388358.845924172,2.0,0.2,TQQQ
2024-09-18,5374257.811134959,2.0,0.2,TQQQ
2024-09-19,5918597.02469094,1.0,1.34,TQQQ
2024-09-20,5893313.533041819,1.0,0.67,TQQQ
2024-09-23,5922591.161774185,1.0,0.67,TQQQ
2024-09-24,5978757.707603193,1.0,0.67,TQQQ
2024-09-25,5992779.4422081355,1.0,0.67,TQQQ
2024-09-26,6077934.771677573,1.0,0.67,TQQQ
2024-09-27,6007829.264472677,1.0,0.67,TQQQ
2024-09-30,6039166.948676035,1.0,0.67,TQQQ
2024-10-01,5867806.394979947,1.0,0.67,TQQQ
2024-10-02,5882530.500417915,1.0,0.67,TQQQ
2024-10-03,5873479.525701859,1.0,0.67,TQQQ
2024-10-04,6012164.664112829,1.0,0.67,TQQQ
2024-10-07,5879515.9848328065,1.0,0.67,TQQQ
2024-10-08,6050444.020993136,1.0,0.67,TQQQ
2024-10-09,6148132.980475351,1.0,0.67,TQQQ
2024-10-10,6133731.435476762,1.0,0.67,TQQQ
2024-10-11,6144268.155924396,1.0,0.67,TQQQ
2024-10-14,6249539.155741263,1.0,0.67,TQQQ
2024-10-15,6082491.822779757,1.0,0.67,TQQQ
2024-10-16,6080262.807977769,1.0,0.67,TQQQ
2024-10-17,6092519.434755599,1.0,0.67,TQQQ
2024-10-18,6164875.80662065,1.0,0.67,TQQQ
2024-10-21,6187564.517981243,1.0,0.67,TQQQ
2024-10-22,6199717.115078494,1.0,0.67,TQQQ
2024-10-23,6007671.8187237745,1.0,0.67,TQQQ
2024-10-24,6103548.016013461,1.0,0.67,TQQQ
2024-10-25,6172539.282594835,1.0,0.67,TQQQ
2024-10-28,6176411.985841421,1.0,0.67,TQQQ
2024-10-29,6290916.752224519,1.0,0.67,TQQQ
2024-10-30,6197166.364706116,1.0,0.67,TQQQ
2024-10-31,5881215.815689165,2.0,0.67,TQQQ
2024-11-01,6049159.6122092465,2.0,1.34,TQQQ
2024-11-04,5973733.549556571,2.0,1.34,TQQQ
2024-11-05,6277886.946704358,1.0,1.34,TQQQ
2024-11-06,6619271.591523801,1.0,0.67,TQQQ
2024-11-07,6826789.618275971,1.0,0.67,TQQQ
2024-11-08,6837870.899949275,1.0,0.67,TQQQ
2024-11-11,6829566.460154533,1.0,0.67,TQQQ
2024-11-12,6804637.782895952,1.0,0.67,TQQQ
2024-11-13,6784658.619330891,1.0,0.67,TQQQ
2024-11-14,6688508.396899954,1.0,0.67,TQQQ
2024-11-15,6364418.204845078,2.0,0.67,TQQQ
2024-11-18,6536660.329944641,2.0,1.34,TQQQ
2024-11-19,6712375.624531042,2.0,1.34,TQQQ
2024-11-20,6701900.51181266,2.0,1.34,TQQQ
2024-11-21,6790309.661796362,2.0,1.34,TQQQ
2024-11-22,6824156.440434035,1.0,1.34,TQQQ
2024-11-25,6845191.537840251,1.0,0.67,TQQQ
2024-11-26,6916368.963079026,1.0,0.67,TQQQ
2024-11-27,6804336.88980194,1.0,0.67,TQQQ
2024-11-29,6920796.291388626,1.0,0.67,TQQQ
2024-12-02,7071124.384448953,1.0,0.67,TQQQ
2024-12-03,7113055.180942155,1.0,0.67,TQQQ
2024-12-04,7287167.015281966,1.0,0.67,TQQQ
2024-12-05,7246975.190528555,1.0,0.67,TQQQ
2024-12-06,7371853.681465093,1.0,0.67,TQQQ
2024-12-09,7256453.574957228,1.0,0.67,TQQQ
2024-12-10,7203687.747663583,1.0,0.67,TQQQ
2024-12-11,7461638.546575998,1.0,0.67,TQQQ
2024-12-12,7362536.860576298,1.0,0.67,TQQQ
2024-12-13,7468499.2696631495,1.0,0.67,TQQQ
2024-12-16,7686230.467425678,1.0,0.67,TQQQ
2024-12-17,7617228.468934866,1.0,0.67,TQQQ
2024-12-18,7065509.03992619,2.0,0.67,TQQQ
2024-12-19,6931721.505503684,2.0,1.34,TQQQ
2024-12-20,7172743.464014625,2.0,1.34,TQQQ
2024-12-23,7440454.110268931,2.0,1.34,TQQQ
2024-12-24,7836636.618022762,2.0,1.34,TQQQ
2024-12-26,7814076.6249305755,2.0,1.34,TQQQ
2024-12-27,7388122.993604132,2.0,1.34,TQQQ
2024-12-30,6990529.077708751,2.0,1.34,TQQQ
2024-12-31,6744992.057339936,2.0,1.34,TQQQ
2025-01-02,6687881.265241975,2.0,1.34,TQQQ
2025-01-03,7117563.346547689,2.0,1.34,TQQQ
2025-01-06,7442810.7279792875,2.0,1.34,TQQQ
2025-01-07,6905576.140028774,2.0,1.34,TQQQ
2025-01-08,6912463.0985219795,2.0,1.34,TQQQ
2025-01-10,6846491.453703745,2.0,0.2,TQQQ
2025-01-13,6832233.397256644,2.0,0.2,TQQQ
2025-01-14,6827380.879095996,2.0,0.2,TQQQ
2025-01-15,7445665.425926696,2.0,1.34,TQQQ
2025-01-16,7242126.16474013,2.0,1.34,TQQQ
2025-01-17,7721040.49692415,2.0,1.34,TQQQ
2025-01-21,7892770.818198217,2.0,1.34,TQQQ
2025-01-22,8303212.434916905,2.0,1.34,TQQQ
2025-01-23,8371641.342535245,2.0,1.34,TQQQ
2025-01-24,8169733.296758116,2.0,1.34,TQQQ
2025-01-27,8026398.001995418,2.0,0.2,TQQQ
2025-01-28,8503419.486007277,2.0,1.34,TQQQ
2025-01-29,8433105.261328809,2.0,1.34,TQQQ
2025-01-30,8574807.493424935,2.0,1.34,TQQQ
2025-01-31,8512640.016954726,2.0,1.34,TQQQ
2025-02-03,8236843.835685728,2.0,1.34,TQQQ
2025-02-04,8637479.976271018,2.0,1.34,TQQQ
2025-02-05,8788297.512160635,2.0,1.34,TQQQ
2025-02-06,8964790.053685045,1.0,1.34,TQQQ
2025-02-07,8735735.221598623,2.0,0.67,TQQQ
2025-02-10,9147485.684087768,2.0,1.34,TQQQ
2025-02-11,9060175.700784028,2.0,1.34,TQQQ
2025-02-12,9084449.019545551,2.0,1.34,TQQQ
2025-02-13,9597378.230009174,1.0,1.34,TQQQ
2025-02-14,9672696.301036285,1.0,0.67,TQQQ
2025-02-18,9713096.853921926,1.0,0.67,TQQQ
2025-02-19,9713816.936287642,1.0,0.67,TQQQ
2025-02-20,9634624.081832046,1.0,0.67,TQQQ
2025-02-21,9230540.613493493,2.0,0.67,TQQQ
2025-02-24,9164159.396194188,2.0,0.2,TQQQ
2025-02-25,9094207.717461396,2.0,0.2,TQQQ
2025-02-26,9105923.939189503,2.0,0.2,TQQQ
2025-02-27,8954857.823068814,3.0,0.2,TQQQ
2025-02-28,9036856.450075278,3.0,0.2,TQQQ
2025-03-03,8920096.342710061,3.0,0.2,TQQQ
2025-03-04,8900494.315564277,3.0,0.2,TQQQ
2025-03-05,8969839.111963544,3.0,0.2,TQQQ
2025-03-06,8821109.964657445,3.0,0.2,TQQQ
2025-03-07,8857708.68296087,2.0,0.2,TQQQ
2025-03-10,8657979.907487968,3.0,0.2,TQQQ
2025-03-11,8637713.635216719,3.0,0.2,TQQQ
2025-03-12,8696749.894446999,3.0,0.2,TQQQ
2025-03-13,8601716.015711438,3.0,0.2,TQQQ
2025-03-14,8723768.345556624,2.0,0.2,TQQQ
2025-03-17,8757597.815086428,3.0,0.2,TQQQ
2025-03-18,8669313.892708331,3.0,0.2,TQQQ
2025-03-19,8736746.769081345,3.0,0.2,TQQQ
2025-03-20,8718779.082499735,3.0,0.2,TQQQ
2025-03-21,8735197.592404941,3.0,0.2,TQQQ
2025-03-24,8846178.420253742,2.0,0.2,TQQQ
2025-03-25,8877748.17427339,3.0,0.2,TQQQ
2025-03-26,8779012.645079492,3.0,0.2,TQQQ
2025-03-27,8749093.514610786,3.0,0.2,TQQQ
2025-03-28,8609781.957594974,3.0,0.2,TQQQ
2025-03-31,8608580.957955388,3.0,0.2,TQQQ
2025-04-01,8648243.462588184,3.0,0.2,TQQQ
2025-04-02,8686896.554238549,3.0,0.2,TQQQ
2025-04-03,8407721.40664263,3.0,0.2,TQQQ
2025-04-04,8099828.214989995,3.0,0.2,TQQQ
2025-04-07,8177764.586800099,1.0,0.2,SOXL
2025-04-08,8084587.371671228,1.0,0.2,TQQQ
2025-04-09,8654457.294401005,1.0,0.2,TQQQ
2025-04-10,8441591.495667957,2.0,0.2,TQQQ
2025-04-11,8530874.13543436,1.0,0.2,TQQQ
2025-04-14,8566697.566294098,1.0,0.2,TQQQ
2025-04-15,8573260.68943041,1.0,0.2,TQQQ
2025-04-16,8418291.077503193,2.0,0.2,TQQQ
2025-04-17,8413458.335939405,2.0,0.2,TQQQ
2025-04-21,8290498.127287495,3.0,0.2,TQQQ
2025-04-22,8417252.113137592,2.0,0.2,TQQQ
2025-04-23,8528959.022259975,2.0,0.2,TQQQ
2025-04-24,8674155.479582746,1.0,0.2,TQQQ
2025-04-25,8731384.259358548,1.0,0.2,TQQQ
2025-04-28,8730087.353203434,1.0,0.2,TQQQ
2025-04-29,8764151.225651234,1.0,0.2,TQQQ
2025-04-30,8764470.770497639,1.0,0.2,TQQQ
2025-05-01,8824838.272002501,1.0,0.2,TQQQ
2025-05-02,8907537.170517202,1.0,0.2,TQQQ
2025-05-05,8876661.379801469,1.0,0.2,TQQQ
2025-05-06,8826198.020438405,1.0,0.2,TQQQ
2025-05-07,8846731.323207116,1.0,0.2,TQQQ
2025-05-08,8899441.942872422,1.0,0.2,TQQQ
2025-05-09,8895226.379144605,1.0,0.2,TQQQ
2025-05-12,9616829.550506162,1.0,0.67,TQQQ
2025-05-13,9912141.749822697,1.0,0.67,TQQQ
2025-05-14,10029327.262512513,1.0,0.67,TQQQ
2025-05-15,10050338.376206623,1.0,0.67,TQQQ
2025-05-16,10133341.312322484,1.0,0.67,TQQQ
2025-05-19,10151395.703178456,1.0,0.67,TQQQ
2025-05-20,10080191.013986103,1.0,0.67,TQQQ
2025-05-21,9799143.507891357,1.0,0.67,TQQQ
2025-05-22,9832965.47487329,1.0,0.67,TQQQ
2025-05-23,9642915.271397436,1.0,0.67,TQQQ
2025-05-27,10092986.404501598,1.0,0.67,TQQQ
2025-05-28,10006240.908828788,1.0,0.67,TQQQ
2025-05-29,10038790.077380927,1.0,0.67,TQQQ
2025-05-30,10003426.026145853,1.0,0.67,TQQQ
2025-06-02,10157578.25185477,1.0,0.67,TQQQ
2025-06-03,10316289.179244576,1.0,0.67,TQQQ
2025-06-04,10371940.188449388,1.0,0.67,TQQQ
2025-06-05,10210132.974510498,1.0,0.67,TQQQ
2025-06-06,10405448.91628372,1.0,0.67,TQQQ
2025-06-09,10436451.13158922,1.0,0.67,TQQQ
2025-06-10,10571533.98084677,1.0,0.67,TQQQ
2025-06-11,10498821.16133351,1.0,0.67,TQQQ
2025-06-12,10544656.237005789,1.0,0.67,TQQQ
2025-06-13,10277703.421389438,1.0,0.67,TQQQ
2025-06-16,10558516.27239759,1.0,0.67,TQQQ
2025-06-17,10349462.363840353,1.0,0.67,TQQQ
2025-06-18,10340035.996342383,1.0,0.67,TQQQ
2025-06-20,10244785.177393664,1.0,0.67,TQQQ
2025-06-23,10457952.791953005,1.0,0.67,TQQQ
2025-06-24,10776872.36141421,1.0,0.67,TQQQ
2025-06-25,10832313.630078321,1.0,0.67,TQQQ
2025-06-26,11031140.305881925,1.0,0.67,TQQQ
2025-06-27,11103554.984123686,1.0,0.67,TQQQ
2025-06-30,11247919.908141088,1.0,0.67,TQQQ
2025-07-01,11056339.00491907,1.0,0.67,TQQQ
2025-07-02,11203780.821132632,1.0,0.67,TQQQ
2025-07-03,11413963.219550427,1.0,0.67,TQQQ
2025-07-07,11243540.870203346,1.0,0.67,TQQQ
2025-07-08,11253534.29999661,1.0,0.67,TQQQ
2025-07-09,11409725.557604974,1.0,0.67,TQQQ
2025-07-10,11374548.119033348,1.0,0.67,TQQQ
2025-07-11,11316731.429900113,1.0,0.67,TQQQ
2025-07-14,11397335.841002109,1.0,0.67,TQQQ
2025-07-15,11417190.718726316,1.0,0.67,TQQQ
2025-07-16,11438832.425522996,1.0,0.67,TQQQ
2025-07-17,11617212.009591544,1.0,0.67,TQQQ
2025-07-18,11590388.2689044,1.0,0.67,TQQQ
2025-07-21,11708548.924384987,1.0,0.67,TQQQ
2025-07-22,11586518.536579272,1.0,0.67,TQQQ
2025-07-23,11688592.170869939,1.0,0.67,TQQQ
2025-07-24,11740301.77644933,1.0,0.67,TQQQ
2025-07-25,11784781.893434202,1.0,0.67,TQQQ
2025-07-28,11862035.807074623,1.0,0.67,TQQQ
2025-07-29,11825744.73378967,1.0,0.67,TQQQ
2025-07-30,11853226.49318835,1.0,0.67,TQQQ
2025-07-31,11722178.841709571,1.0,0.67,TQQQ
2025-08-01,11251178.153353982,1.0,0.67,TQQQ
2025-08-04,11539185.97180685,1.0,0.67,SOXL
2025-08-05,11390745.969372336,1.0,0.67,SOXL
2025-08-06,11225784.51570784,1.0,0.67,SOXL
2025-08-07,11542436.755279757,1.0,0.67,SOXL
2025-08-08,11762066.028684216,1.0,0.67,SOXL
2025-08-11,11731414.537248876,1.0,0.67,SOXL
2025-08-12,12464936.920805717,1.0,0.67,SOXL
2025-08-13,12843737.816131165,1.0,0.67,SOXL
2025-08-14,12887837.226203984,1.0,0.67,SOXL
2025-08-15,12286156.717299653,1.0,0.67,SOXL
2025-08-18,12334278.034121964,1.0,0.67,SOXL
2025-08-19,11947044.813451983,2.0,0.67,SOXL
2025-08-20,11678600.208957046,2.0,1.34,SOXL
2025-08-21,11405648.10976611,2.0,1.34,SOXL
2025-08-22,12671742.47773478,1.0,1.34,SOXL
2025-08-25,12625348.289200967,1.0,0.67,SOXL
2025-08-26,12823654.210518517,1.0,0.67,SOXL
2025-08-27,12897457.023770308,1.0,0.67,SOXL
2025-08-28,13004782.975214152,1.0,0.67,SOXL
2025-08-29,12244325.074849874,2.0,0.67,SOXL
2025-09-02,11746557.556788392,2.0,1.34,SOXL
2025-09-03,11534607.962885072,2.0,1.34,SOXL
2025-09-04,11993769.115228416,2.0,1.34,SOXL
2025-09-05,12495029.688374026,2.0,1.34,SOXL
2025-09-08,12893830.740126478,2.0,1.34,SOXL
2025-09-09,12957633.822257072,2.0,1.34,SOXL
2025-09-10,13864763.866681604,1.0,1.34,SOXL
2025-09-11,14049901.866300767,1.0,0.67,SOXL
2025-09-12,14091853.696597032,1.0,0.67,SOXL
2025-09-15,14317420.166961808,1.0,0.67,SOXL
2025-09-16,14470902.208359282,1.0,0.67,SOXL
2025-09-17,14467721.485202901,1.0,0.67,SOXL
2025-09-18,15476189.112565286,1.0,0.67,SOXL
2025-09-19,15285083.110102499,1.0,0.67,SOXL
2025-09-22,15722387.498387143,1.0,0.67,SOXL
2025-09-23,15685662.664842984,1.0,0.67,SOXL
2025-09-24,15655023.499074537,1.0,0.67,SOXL
2025-09-25,15547680.606216487,1.0,0.67,SOXL
2025-09-26,15599996.7528745,1.0,0.67,SOXL
2025-09-29,15599996.7528745,1.0,0.67,SOXL
2025-09-30,15851926.056549061,1.0,0.67,SOXL
2025-10-01,16467712.55174952,1.0,0.67,SOXL
2025-10-02,16602393.01902402,1.0,0.67,TQQQ
2025-10-03,16451478.862823592,1.0,0.67,TQQQ
2025-10-06,16697828.019744094,1.0,0.67,TQQQ
2025-10-07,16517013.16785045,1.0,0.67,TQQQ
2025-10-08,16892162.05825443,1.0,0.67,TQQQ
2025-10-09,16847464.818017893,1.0,0.67,TQQQ
2025-10-10,15663001.161895797,2.0,0.67,TQQQ
2025-10-13,16994913.554889396,1.0,1.34,TQQQ
2025-10-14,16763276.364664398,1.0,0.67,TQQQ
2025-10-15,16993167.85108824,1.0,0.67,TQQQ
2025-10-16,16866296.868154526,1.0,0.67,TQQQ
2025-10-17,17081120.16528056,1.0,0.67,TQQQ
2025-10-20,17510324.426075883,1.0,0.67,TQQQ
2025-10-21,17497274.94656793,1.0,0.67,TQQQ
2025-10-22,17152444.433642503,1.0,0.67,TQQQ
2025-10-23,17440297.378958046,1.0,0.67,TQQQ
2025-10-24,17804296.024989605,1.0,0.67,TQQQ
2025-10-27,18437640.20411446,1.0,0.67,TQQQ
2025-10-28,18719865.407029584,1.0,0.67,TQQQ
2025-10-29,18879948.929619763,1.0,0.67,TQQQ
2025-10-30,18301010.972393997,1.0,0.67,TQQQ
2025-10-31,18474671.636949178,1.0,0.67,TQQQ
2025-11-03,18644350.14224318,1.0,0.67,TQQQ
2025-11-04,17158097.774131283,1.0,0.67,SOXL
2025-11-05,17381641.701560516,1.0,0.67,TQQQ
2025-11-06,16431681.998327974,1.0,0.67,SOXL
2025-11-07,16106602.207563752,1.0,0.67,SOXL
2025-11-10,16813584.366018664,1.0,0.67,TQQQ
2025-11-11,16024326.253400814,1.0,0.67,SOXL
2025-11-12,16512222.500162797,1.0,0.67,SOXL
2025-11-13,15375784.697505327,2.0,0.67,SOXL
2025-11-14,15383658.349326825,1.0,0.67,TQQQ
2025-11-17,14847882.54898815,1.0,0.67,SOXL
2025-11-18,14647169.995700818,1.0,0.2,SOXL
2025-11-19,14697502.816513322,1.0,0.2,TQQQ
2025-11-20,14276523.195681937,1.0,0.2,SOXL
2025-11-21,14339837.762842791,1.0,0.2,TQQQ
2025-11-24,15590382.228904486,1.0,0.67,SOXL
2025-11-25,15680680.523159474,1.0,0.67,SOXL
2025-11-26,16557879.732063299,1.0,0.67,SOXL
2025-11-28,17143848.62258516,1.0,0.67,SOXL
2025-12-01,17157768.981428277,1.0,0.67,SOXL
2025-12-02,17850683.05750352,1.0,0.67,SOXL
2025-12-03,18609786.113807533,1.0,0.67,SOXL
2025-12-04,18229679.318061717,1.0,0.67,SOXL
2025-12-05,18592093.13583733,1.0,0.67,SOXL
2025-12-08,18991243.83445384,1.0,0.67,SOXL
2025-12-09,18938215.364094313,1.0,0.67,SOXL
2025-12-10,19432059.500506032,1.0,0.67,SOXL
2025-12-11,19206545.698158707,1.0,0.67,SOXL
2025-12-12,17339191.895598963,2.0,0.67,SOXL
2025-12-15,17043956.55654112,2.0,1.34,SOXL
2025-12-16,16661275.382404782,2.0,1.34,SOXL
2025-12-17,16292579.07936825,3.0,0.2,SOXL
2025-12-18,16525136.632074907,2.0,0.2,SOXL
2025-12-19,18327395.52470456,2.0,1.34,SOXL
2025-12-22,19233923.355440553,2.0,1.34,SOXL
2025-12-23,19496068.167596098,2.0,1.34,SOXL
2025-12-24,19800955.327862244,2.0,1.34,SOXL
2025-12-26,19800955.327862244,2.0,1.34,SOXL
2025-12-29,19566891.46733287,2.0,1.34,SOXL
2025-12-30,19477138.26741704,2.0,1.34,SOXL
2025-12-31,18496992.974964853,2.0,1.34,SOXL
2026-01-02,21569440.80662573,1.0,1.34,SOXL
2026-01-05,22175156.56746427,1.0,0.67,SOXL
2026-01-06,23621046.147573262,1.0,0.67,SOXL
2026-01-07,23117049.60297797,1.0,0.67,SOXL
2026-01-08,22335075.474684883,2.0,0.67,SOXL
2026-01-09,24927113.301391486,1.0,1.34,SOXL
2026-01-12,25143810.77525625,1.0,0.67,SOXL
2026-01-13,25581537.94921903,1.0,0.67,SOXL
2026-01-14,25370617.287178878,1.0,0.67,SOXL
2026-01-15,26199354.353917845,1.0,0.67,SOXL
2026-01-16,27006310.12844611,1.0,0.67,SOXL
2026-01-20,26169358.60700634,1.0,0.67,SOXL
2026-01-21,27845841.928237908,1.0,0.67,SOXL
2026-01-22,27916378.20311227,1.0,0.67,SOXL
2026-01-23,27294085.764128223,1.0,0.67,SOXL
2026-01-26,27026905.69484662,1.0,0.67,SOXL
2026-01-27,28297748.575751618,1.0,0.67,SOXL
2026-01-28,29795010.597406503,1.0,0.67,SOXL
2026-01-29,29903241.551442247,1.0,0.67,SOXL
2026-01-30,27435449.6588869,2.0,0.67,SOXL
2026-02-02,29464311.868994374,1.0,1.34,SOXL
2026-02-03,28253203.215641044,2.0,0.67,SOXL
2026-02-04,23298088.697822697,3.0,1.34,SOXL
2026-02-05,23350651.86206476,3.0,2.0,SOXL
2026-02-06,30805320.062160555,2.0,2.0,SOXL
2026-02-09,32329471.697210778,2.0,1.34,SOXL
2026-02-10,31862631.61274883,2.0,1.34,SOXL
2026-02-11,35037527.988798685,1.0,1.34,SOXL
2026-02-12,33329929.69600876,2.0,0.67,SOXL
2026-02-13,34384548.45720877,2.0,1.34,SOXL
2026-02-17,34213345.90289151,2.0,1.34,SOXL
2026-02-18,35595492.41488174,1.0,1.34,SOXL
2026-02-19,35214139.870925464,1.0,0.67,SOXL
2026-02-20,35894128.580067426,1.0,0.67,SOXL
2026-02-23,35446187.40271077,1.0,0.67,SOXL
2026-02-24,36408981.8237774,1.0,0.67,SOXL
2026-02-25,37594333.13649843,1.0,0.67,SOXL
2026-02-26,35308956.138248906,2.0,0.67,SOXL
2026-02-27,33447970.600502413,2.0,1.34,SOXL
2026-03-02,33440828.676825076,2.0,1.34,SOXL
2026-03-03,26772057.908524346,3.0,1.34,SOXL
2026-03-04,29979493.65053978,2.0,2.0,SOXL
2026-03-05,28688183.54396041,3.0,1.34,SOXL
2026-03-06,27964696.877277274,3.0,0.2,SOXL
2026-03-09,34306242.69114447,2.0,2.0,SOXL
2026-03-10,35401186.14931219,3.0,1.34,SOXL
2026-03-11,37346662.576333255,2.0,2.0,SOXL
2026-03-12,36572962.5932131,3.0,0.2,SOXL
2026-03-13,36636972.90833307,3.0,0.2,SOXL
2026-03-16,37066041.17285527,2.0,0.2,SOXL
2026-03-17,38231666.27288031,3.0,1.34,SOXL
2026-03-18,38102256.04246176,3.0,0.2,SOXL
2026-03-19,39273111.15782638,3.0,2.0,SOXL
2026-03-20,38741832.359309465,3.0,0.2,SOXL
2026-03-23,39028191.5317258,3.0,0.2,SOXL
2026-03-24,39312273.83721549,2.0,0.2,SOXL
2026-03-25,41305928.639279716,3.0,1.34,SOXL
2026-03-26,40137138.92622528,3.0,0.2,SOXL
2026-03-27,39750274.846166365,3.0,0.2,SOXL
2026-03-30,38728587.61196722,3.0,0.2,SOXL
2026-03-31,40118698.13177181,2.0,0.2,SOXL
2026-04-01,40847215.25225917,2.0,0.2,SOXL
2026-04-02,40923813.81589156,3.0,0.2,SOXL
2026-04-06,41243446.47053058,3.0,0.2,SOXL
2026-04-07,43862074.71191525,2.0,2.0,SOXL
2026-04-08,55242946.07836533,1.0,1.34,SOXL
2026-04-09,57699499.42945045,1.0,0.67,SOXL
2026-04-10,60067998.31307587,1.0,0.67,SOXL
2026-04-13,62264933.88233869,1.0,0.67,SOXL
2026-04-14,64724692.547753446,1.0,0.67,SOXL
2026-04-15,65055107.16012938,1.0,0.67,SOXL
2026-04-16,66277124.8691839,1.0,0.67,SOXL
2026-04-17,69447880.59724113,1.0,0.67,SOXL
2026-04-20,70067103.24204673,1.0,0.67,SOXL
2026-04-21,71119129.2283137,1.0,0.67,SOXL
2026-04-22,74786743.399466,1.0,0.67,SOXL
2026-04-23,78168640.5627983,1.0,0.67,SOXL
2026-04-24,85390424.41799419,1.0,0.67,SOXL
2026-04-27,83192376.18899302,1.0,0.67,SOXL
2026-04-28,76944957.57420325,2.0,0.67,SOXL
2026-04-29,84859560.5478782,2.0,1.34,SOXL
2026-04-30,93544341.85356481,1.0,1.34,SOXL
2026-05-01,95232378.60207425,1.0,0.67,SOXL
2026-05-04,93837856.73632598,1.0,0.67,SOXL
2026-05-05,102025182.25298181,1.0,0.67,SOXL
2026-05-06,112310009.42610708,1.0,0.67,SOXL
2026-05-07,106071505.21289513,2.0,0.67,SOXL
2026-05-08,129284214.16567817,1.0,1.34,SOXL
2026-05-11,135883303.81451565,1.0,0.67,SOXL
2026-05-12,127325127.55864523,2.0,0.67,SOXL
2026-05-13,138915759.4971658,1.0,1.34,SOXL
2026-05-14,139900850.41300288,1.0,0.67,SOXL
2026-05-15,128820358.66210143,2.0,0.67,SOXL
2026-05-18,115751431.33011213,3.0,1.34,SOXL
2026-05-19,115965007.998806,3.0,2.0,SOXL
2026-05-20,148504530.64370868,2.0,2.0,SOXL
