date,equity,units,exposure,allocation
2010-06-25,1.0,1.0,0.0,TQQQ
2010-06-28,0.9932838298304129,1.0,0.75,TQQQ
2010-06-29,0.9101525811948192,2.0,0.75,TQQQ
2010-06-30,0.8771005666770115,1.0,0.75,SOXL
2010-07-01,0.8706879115274911,1.0,0.75,TQQQ
2010-07-02,0.8671154970797111,1.0,0.75,TQQQ
2010-07-06,0.8705142854370375,1.0,0.75,TQQQ
2010-07-07,0.9322106218935539,1.0,0.75,TQQQ
2010-07-08,0.9440058223083663,1.0,0.75,TQQQ
2010-07-09,0.9638434752772885,1.0,0.75,TQQQ
2010-07-12,0.972052060024255,1.0,0.75,TQQQ
2010-07-13,0.9969537030275836,1.0,0.75,TQQQ
2010-07-14,1.0089143378943561,1.0,0.75,TQQQ
2010-07-15,1.0115552458907209,1.0,0.75,TQQQ
2010-07-16,0.9504944265222094,2.0,0.75,TQQQ
2010-07-19,0.9826502120923742,2.0,1.5,TQQQ
2010-07-20,1.0292170498437885,2.0,1.5,TQQQ
2010-07-21,0.9751548699405187,2.0,1.5,TQQQ
2010-07-22,1.0737766958021142,2.0,1.5,TQQQ
2010-07-23,1.1157039216574791,2.0,1.5,TQQQ
2010-07-26,1.152484349042578,1.0,1.5,TQQQ
2010-07-27,1.152299716508701,1.0,0.75,TQQQ
2010-07-28,1.1346342052896279,1.0,0.75,TQQQ
2010-07-29,1.1143663365085523,1.0,0.75,TQQQ
2010-07-30,1.1200738605547769,1.0,0.75,TQQQ
2010-08-02,1.1652697088865445,1.0,0.75,TQQQ
2010-08-03,1.1562354972943993,1.0,0.75,TQQQ
2010-08-04,1.1812827350092927,1.0,0.75,TQQQ
2010-08-05,1.1760526542030885,1.0,0.75,TQQQ
2010-08-06,1.1719158599527773,1.0,0.75,TQQQ
2010-08-09,1.1872844000910954,1.0,0.75,TQQQ
2010-08-10,1.1684071213830185,1.0,0.75,TQQQ
2010-08-11,1.0962743831426822,2.0,0.75,TQQQ
2010-08-12,1.049926257660261,2.0,1.5,TQQQ
2010-08-13,1.0185509801472499,2.0,1.5,TQQQ
2010-08-16,1.0271886637289351,2.0,1.5,TQQQ
2010-08-17,1.085795456162604,2.0,1.5,TQQQ
2010-08-18,1.100431156667026,2.0,1.5,TQQQ
2010-08-19,1.0397316638035212,2.0,1.5,TQQQ
2010-08-20,1.0343713456964452,2.0,1.5,TQQQ
2010-08-23,0.9915537691527233,3.0,1.5,TQQQ
2010-08-24,0.8777648544288658,3.0,2.0,TQQQ
2010-08-25,0.9304001812162633,2.0,2.0,TQQQ
2010-08-26,0.884851927658613,3.0,1.5,TQQQ
2010-08-27,0.9433986831331587,3.0,2.0,TQQQ
2010-08-30,0.8822640872162857,3.0,2.0,TQQQ
2010-08-31,0.8735234162005829,3.0,2.0,TQQQ
2010-09-01,1.01995223587025,3.0,2.0,TQQQ
2010-09-02,1.0899557029739892,3.0,2.0,TQQQ
2010-09-03,1.2009863292643523,2.0,2.0,TQQQ
2010-09-07,1.1571317413974258,2.0,1.5,TQQQ
2010-09-08,1.2184366538288465,2.0,1.5,TQQQ
2010-09-09,1.2415603160054518,2.0,1.5,TQQQ
2010-09-10,1.2616029920681,2.0,1.5,TQQQ
2010-09-13,1.3450219044370182,2.0,1.5,TQQQ
2010-09-14,1.3705750818026972,2.0,1.5,TQQQ
2010-09-15,1.4054879625897965,2.0,1.5,TQQQ
2010-09-16,1.435212122746607,1.0,1.5,TQQQ
2010-09-17,1.446672637169483,1.0,0.75,TQQQ
2010-09-20,1.5031971913527096,1.0,0.75,TQQQ
2010-09-21,1.4996446691113534,1.0,0.75,TQQQ
2010-09-22,1.494309412482765,1.0,0.75,TQQQ
2010-09-23,1.49095456242349,1.0,0.75,TQQQ
2010-09-24,1.5542750083880403,1.0,0.75,TQQQ
2010-09-27,1.5409306735424688,1.0,0.75,TQQQ
2010-09-28,1.5438343966788945,1.0,0.75,TQQQ
2010-09-29,1.53450773817358,1.0,0.75,TQQQ
2010-09-30,1.518924597402689,1.0,0.75,TQQQ
2010-10-01,1.5153827318949051,1.0,0.75,TQQQ
2010-10-04,1.4759528117625005,2.0,0.75,TQQQ
2010-10-05,1.6407697875828513,2.0,1.5,TQQQ
2010-10-06,1.5780487059655872,2.0,1.5,TQQQ
2010-10-07,1.6012572155730833,2.0,1.5,TQQQ
2010-10-08,1.6496421490075137,2.0,1.5,TQQQ
2010-10-11,1.6546587014528922,2.0,1.5,TQQQ
2010-10-12,1.706186765335275,2.0,1.5,TQQQ
2010-10-13,1.768375212355289,1.0,1.5,TQQQ
2010-10-14,1.761014079261208,1.0,0.75,TQQQ
2010-10-15,1.8452635863403983,1.0,0.75,TQQQ
2010-10-18,1.8452635863403983,1.0,0.75,TQQQ
2010-10-19,1.7902308797086472,1.0,0.75,TQQQ
2010-10-20,1.8181451126065957,1.0,0.75,TQQQ
2010-10-21,1.827657594201512,1.0,0.75,TQQQ
2010-10-22,1.8543852867873347,1.0,0.75,TQQQ
2010-10-25,1.8754892860975587,1.0,0.75,TQQQ
2010-10-26,1.8839205447879772,1.0,0.75,TQQQ
2010-10-27,1.898465254582378,1.0,0.75,TQQQ
2010-10-28,1.9066443838532847,1.0,0.75,TQQQ
2010-10-29,1.8997817266360315,1.0,0.75,TQQQ
2010-11-01,1.903056024544305,1.0,0.75,TQQQ
2010-11-02,1.9463181151013698,1.0,0.75,TQQQ
2010-11-03,1.9674123363290144,1.0,0.75,TQQQ
2010-11-04,2.0196947247922177,1.0,0.75,TQQQ
2010-11-05,2.0215081926120733,1.0,0.75,TQQQ
2010-11-08,2.025356569194115,1.0,0.75,TQQQ
2010-11-09,2.000797593364576,1.0,0.75,TQQQ
2010-11-10,2.0237404925546794,1.0,0.75,TQQQ
2010-11-11,1.9982142230711504,1.0,0.75,TQQQ
2010-11-12,1.9219536800067398,2.0,0.75,TQQQ
2010-11-15,1.8910824332444434,2.0,1.5,TQQQ
2010-11-16,1.7503224423667914,2.0,1.5,TQQQ
2010-11-17,1.7751636951154806,2.0,1.5,TQQQ
2010-11-18,1.8989330023766704,2.0,1.5,TQQQ
2010-11-19,1.905635051010011,2.0,1.5,TQQQ
2010-11-22,1.9809879144541016,2.0,1.5,TQQQ
2010-11-23,1.8406342779757587,2.0,1.5,TQQQ
2010-11-24,2.0018826249513597,2.0,1.5,TQQQ
2010-11-26,1.982988019540644,2.0,1.5,TQQQ
2010-11-29,1.941582966008818,2.0,1.5,TQQQ
2010-11-30,1.8308672121813852,2.0,1.5,TQQQ
2010-12-01,2.005495443921113,2.0,1.5,TQQQ
2010-12-02,2.0968438443365836,2.0,1.5,TQQQ
2010-12-03,2.1231387051060024,2.0,1.5,TQQQ
2010-12-06,2.117545622791872,2.0,1.5,TQQQ
2010-12-07,2.120455172937955,2.0,1.5,TQQQ
2010-12-08,2.1645149311430036,2.0,1.5,TQQQ
2010-12-09,2.1678871392961705,2.0,1.5,TQQQ
2010-12-10,2.2361578868062737,2.0,1.5,TQQQ
2010-12-13,2.1967816882141102,1.0,1.5,TQQQ
2010-12-14,2.2036802530679624,1.0,0.75,TQQQ
2010-12-15,2.1868417017535378,1.0,0.75,TQQQ
2010-12-16,2.2210624962122383,1.0,0.75,TQQQ
2010-12-17,2.2261357929180052,1.0,0.75,TQQQ
2010-12-20,2.2306387195418678,1.0,0.75,TQQQ
2010-12-21,2.258216824583174,1.0,0.75,TQQQ
2010-12-22,2.260012045163592,1.0,0.75,TQQQ
2010-12-23,2.2471219472588566,1.0,0.75,TQQQ
2010-12-27,2.247798812129127,1.0,0.75,TQQQ
2010-12-28,2.2404991700742163,1.0,0.75,TQQQ
2010-12-29,2.2505044573687782,1.0,0.75,TQQQ
2010-12-30,2.2378201232754287,1.0,0.75,TQQQ
2010-12-31,2.222413096947574,1.0,0.75,TQQQ
2011-01-03,2.297706303861262,1.0,0.75,TQQQ
2011-01-04,2.3034395380546373,1.0,0.75,SOXL
2011-01-05,2.320283386749179,1.0,0.75,SOXL
2011-01-06,2.4167369478256964,1.0,0.75,SOXL
2011-01-07,2.4286764114599086,1.0,0.75,SOXL
2011-01-10,2.4859624034765004,1.0,0.75,SOXL
2011-01-11,2.5066642096500273,1.0,0.75,SOXL
2011-01-12,2.6121821427238476,1.0,0.75,SOXL
2011-01-13,2.6115354482808053,1.0,0.75,SOXL
2011-01-14,2.771603565795819,1.0,0.75,SOXL
2011-01-18,2.747175000992918,1.0,0.75,SOXL
2011-01-19,2.603663484919381,2.0,0.75,SOXL
2011-01-20,2.4616809814380276,2.0,1.5,SOXL
2011-01-21,2.398070863514872,2.0,1.5,SOXL
2011-01-24,2.6578454129500813,2.0,1.5,SOXL
2011-01-25,2.5744218944227795,2.0,1.5,SOXL
2011-01-26,2.6814538817941065,2.0,1.5,SOXL
2011-01-27,2.9036400577907004,2.0,1.5,SOXL
2011-01-28,2.550909525029729,2.0,1.5,SOXL
2011-01-31,2.5945027791798343,2.0,1.5,SOXL
2011-02-01,2.8762124490573004,2.0,1.5,SOXL
2011-02-02,2.9495176256014424,1.0,1.5,SOXL
2011-02-03,2.951870158370536,1.0,0.75,SOXL
2011-02-04,3.082870218029927,1.0,0.75,SOXL
2011-02-07,3.0590233134440834,1.0,0.75,SOXL
2011-02-08,3.0537093539674762,1.0,0.75,SOXL
2011-02-09,3.010183714419077,1.0,0.75,SOXL
2011-02-10,3.029549148342125,1.0,0.75,SOXL
2011-02-11,3.0815224574158835,1.0,0.75,SOXL
2011-02-14,3.1341986574019267,1.0,0.75,SOXL
2011-02-15,3.066990667645108,1.0,0.75,SOXL
2011-02-16,3.1396709524957114,1.0,0.75,SOXL
2011-02-17,3.24341265836881,1.0,0.75,SOXL
2011-02-18,3.2153872966496735,1.0,0.75,SOXL
2011-02-22,2.928120106026545,2.0,0.75,SOXL
2011-02-23,2.6922962957339696,3.0,1.5,SOXL
2011-02-24,2.9584142144532333,3.0,2.0,SOXL
2011-02-25,3.4057307131368293,3.0,2.0,SOXL
2011-02-28,3.1997109718886603,3.0,2.0,SOXL
2011-03-01,2.817627062106316,3.0,2.0,SOXL
2011-03-02,3.057955153465415,3.0,2.0,SOXL
2011-03-03,3.4128074643537,3.0,2.0,SOXL
2011-03-04,3.197794766969089,3.0,2.0,SOXL
2011-03-07,2.6682977076182617,3.0,2.0,SOXL
2011-03-08,2.696683024474529,2.0,2.0,SOXL
2011-03-09,2.6486035373116947,3.0,0.2,SOXL
2011-03-10,2.6085088288085663,3.0,0.2,SOXL
2011-03-11,2.6224180442368197,3.0,0.2,SOXL
2011-03-14,2.620277550443869,3.0,0.2,SOXL
2011-03-15,2.601244063564542,3.0,0.2,SOXL
2011-03-16,2.5676605244094386,3.0,0.2,SOXL
2011-03-17,2.586440475455075,3.0,0.2,SOXL
2011-03-18,2.5915956879908784,3.0,0.2,SOXL
2011-03-21,2.618396691137796,3.0,0.2,SOXL
2011-03-22,2.6061125006409807,2.0,0.2,SOXL
2011-03-23,2.620234791147646,3.0,0.2,SOXL
2011-03-24,2.6588644869851352,3.0,0.2,SOXL
2011-03-25,2.654416993671117,3.0,0.2,SOXL
2011-03-28,2.6569355837660145,3.0,0.2,SOXL
2011-03-29,2.671526123300488,3.0,0.2,SOXL
2011-03-30,2.673253770444606,3.0,0.2,SOXL
2011-03-31,2.6596470519549213,3.0,0.2,SOXL
2011-04-01,2.6410331888495784,3.0,0.2,SOXL
2011-04-04,2.623141453214741,1.0,0.75,TQQQ
2011-04-05,2.6007828561887036,1.0,0.75,TQQQ
2011-04-06,2.615496779099055,1.0,0.75,TQQQ
2011-04-07,2.6150314937510486,1.0,0.75,TQQQ
2011-04-08,2.5856565661705577,1.0,0.75,TQQQ
2011-04-11,2.580974934994417,1.0,0.2,TQQQ
2011-04-12,2.5707911268965384,1.0,0.2,TQQQ
2011-04-13,2.5830558629196014,1.0,0.2,TQQQ
2011-04-14,2.5802344452888506,1.0,0.2,TQQQ
2011-04-15,2.5768980347389503,1.0,0.2,TQQQ
2011-04-18,2.5669614505276073,2.0,0.2,TQQQ
2011-04-19,2.576218682920031,2.0,0.2,TQQQ
2011-04-20,2.8333639323315305,2.0,1.5,TQQQ
2011-04-21,2.9411929556491656,2.0,1.5,TQQQ
2011-04-25,2.973937193701585,1.0,1.5,TQQQ
2011-04-26,3.012286754824736,1.0,0.75,TQQQ
2011-04-27,3.0591536111526283,1.0,0.75,TQQQ
2011-04-28,3.0557008435121444,1.0,0.75,TQQQ
2011-04-29,3.0445936628448895,1.0,0.75,TQQQ
2011-05-02,3.0322391223505893,1.0,0.75,TQQQ
2011-05-03,2.998090835023456,1.0,0.75,TQQQ
2011-05-04,2.9849287169980236,1.0,0.75,TQQQ
2011-05-05,2.9513493296181346,1.0,0.75,TQQQ
2011-05-06,2.9705736026750436,1.0,0.75,TQQQ
2011-05-09,2.9947412482546714,1.0,0.75,TQQQ
2011-05-10,3.0523929665535237,1.0,0.75,TQQQ
2011-05-11,3.0030050206044088,1.0,0.75,TQQQ
2011-05-12,3.0427307834604855,1.0,0.75,TQQQ
2011-05-13,2.961892169393899,1.0,0.75,TQQQ
2011-05-16,2.9310884467199716,2.0,0.2,TQQQ
2011-05-17,2.9358807714116937,2.0,0.2,TQQQ
2011-05-18,3.042997727417451,2.0,1.5,TQQQ
2011-05-19,3.0822783646326615,2.0,1.5,TQQQ
2011-05-20,2.9802620451925756,2.0,1.5,TQQQ
2011-05-23,2.954402652029553,2.0,0.2,TQQQ
2011-05-24,2.9432687927772334,2.0,0.2,TQQQ
2011-05-25,2.9498331544477763,2.0,0.2,TQQQ
2011-05-26,2.960895340874966,2.0,0.2,TQQQ
2011-05-27,2.9697280555365175,2.0,0.2,TQQQ
2011-05-31,3.18409126907223,1.0,1.5,TQQQ
2011-06-01,3.143403573014477,2.0,0.2,TQQQ
2011-06-02,3.14704894040706,2.0,0.2,TQQQ
2011-06-03,3.1184731566743276,2.0,0.2,TQQQ
2011-06-06,3.103406367755294,3.0,0.2,TQQQ
2011-06-07,3.099806287926247,3.0,0.2,TQQQ
2011-06-08,3.086459884250072,3.0,0.2,TQQQ
2011-06-09,3.0884776176320066,1.0,0.2,SOXL
2011-06-10,3.060111643893907,1.0,0.2,TQQQ
2011-06-13,3.060534224736024,1.0,0.2,TQQQ
2011-06-14,3.0832919099167,1.0,0.2,TQQQ
2011-06-15,3.0495994171072516,2.0,0.2,TQQQ
2011-06-16,3.0410880002230964,2.0,0.2,TQQQ
2011-06-17,3.036567260061452,2.0,0.2,TQQQ
2011-06-20,3.0446134847835746,2.0,0.2,TQQQ
2011-06-21,3.0852082688659004,2.0,0.2,TQQQ
2011-06-22,3.0713117329399644,2.0,0.2,TQQQ
2011-06-23,3.0883118964093237,2.0,0.2,TQQQ
2011-06-24,3.0557819195949745,2.0,0.2,TQQQ
2011-06-27,3.085479825054745,2.0,0.2,TQQQ
2011-06-28,3.1131699423136734,2.0,0.2,TQQQ
2011-06-29,3.1209685587730482,1.0,0.2,TQQQ
2011-06-30,3.2099049630637273,1.0,0.75,TQQQ
2011-07-01,3.321451212906589,1.0,0.75,TQQQ
2011-07-05,3.3573506732670886,1.0,0.75,TQQQ
2011-07-06,3.3841823286459918,1.0,0.75,TQQQ
2011-07-07,3.4869059297451357,1.0,0.75,TQQQ
2011-07-08,3.4652523551361707,1.0,0.75,TQQQ
2011-07-11,3.3259099619758725,2.0,0.75,TQQQ
2011-07-12,3.204281299692736,2.0,1.5,TQQQ
2011-07-13,3.2683436005354736,2.0,1.5,TQQQ
2011-07-14,3.2458526884620156,2.0,0.2,TQQQ
2011-07-15,3.439476273924553,2.0,1.5,TQQQ
2011-07-18,3.3543918131660724,2.0,1.5,TQQQ
2011-07-19,3.709212722909757,2.0,1.5,TQQQ
2011-07-20,3.63134164810316,2.0,1.5,TQQQ
2011-07-21,3.7418038221434937,2.0,1.5,TQQQ
2011-07-22,3.91595613886866,2.0,1.5,TQQQ
2011-07-25,3.881362676703988,1.0,1.5,TQQQ
2011-07-26,3.897355605845355,1.0,0.75,TQQQ
2011-07-27,3.675616599107376,2.0,0.75,TQQQ
2011-07-28,3.705023149472939,2.0,1.5,TQQQ
2011-07-29,3.651184463987194,2.0,1.5,TQQQ
2011-08-01,3.577195056727228,2.0,1.5,TQQQ
2011-08-02,3.5228882752846067,3.0,0.2,TQQQ
2011-08-03,3.5411600764504185,3.0,0.2,TQQQ
2011-08-04,3.4447713986356923,3.0,0.2,TQQQ
2011-08-05,3.4295777604505804,3.0,0.2,TQQQ
2011-08-08,3.322326419277256,1.0,0.2,SOXL
2011-08-09,3.4133299865759086,1.0,0.2,TQQQ
2011-08-10,3.332813344185022,2.0,0.2,TQQQ
2011-08-11,3.418376546196759,1.0,0.2,TQQQ
2011-08-12,3.435769573760561,1.0,0.2,TQQQ
2011-08-15,3.4654150344323935,1.0,0.2,TQQQ
2011-08-16,3.4476025036517215,1.0,0.2,TQQQ
2011-08-17,3.436417147354035,1.0,0.2,TQQQ
2011-08-18,3.3367499053979484,2.0,0.2,TQQQ
2011-08-19,3.299340579625386,3.0,0.2,TQQQ
2011-08-22,3.3052626588616736,3.0,0.2,TQQQ
2011-08-23,3.3870825188818983,3.0,0.2,TQQQ
2011-08-24,3.4030545264592535,2.0,0.2,TQQQ
2011-08-25,3.3703550444863617,2.0,0.2,TQQQ
2011-08-26,3.4190525873462976,2.0,0.2,TQQQ
2011-08-29,3.4772493707930345,2.0,0.2,TQQQ
2011-08-30,3.491401349972862,1.0,0.2,TQQQ
2011-08-31,3.4954688756556624,1.0,0.2,TQQQ
2011-09-01,3.475738075480285,1.0,0.2,TQQQ
2011-09-02,3.4270742309548767,2.0,0.2,TQQQ
2011-09-06,3.426964593450476,2.0,0.2,TQQQ
2011-09-07,3.478784801900197,2.0,0.2,TQQQ
2011-09-08,3.46914839767112,2.0,0.2,TQQQ
2011-09-09,3.4234665426055946,2.0,0.2,TQQQ
2011-09-12,3.4491446215264725,2.0,0.2,TQQQ
2011-09-13,3.475908611493051,2.0,0.2,TQQQ
2011-09-14,3.505938864324224,2.0,0.2,TQQQ
2011-09-15,3.5377965258888384,1.0,0.2,TQQQ
2011-09-16,3.6071327372696778,1.0,0.75,TQQQ
2011-09-19,3.6140184696074154,1.0,0.75,TQQQ
2011-09-20,3.6037770889038527,1.0,0.2,TQQQ
2011-09-21,3.5671221325992084,2.0,0.2,TQQQ
2011-09-22,3.4977076807460508,3.0,0.2,TQQQ
2011-09-23,3.5195190495836934,3.0,0.2,TQQQ
2011-09-26,3.543395735074565,3.0,0.2,TQQQ
2011-09-27,3.56506994587926,3.0,0.2,TQQQ
2011-09-28,3.5314825459132266,3.0,0.2,TQQQ
2011-09-29,3.5105559601473897,3.0,0.2,TQQQ
2011-09-30,3.4559742924221717,3.0,0.2,TQQQ
2011-10-03,3.4018010114199755,3.0,0.2,TQQQ
2011-10-04,3.4431995660475914,3.0,0.2,TQQQ
2011-10-05,3.4955502528898075,2.0,0.2,TQQQ
2011-10-06,3.5314720038324148,2.0,0.2,TQQQ
2011-10-07,3.516908682371817,2.0,0.2,TQQQ
2011-10-10,3.589079089085288,2.0,0.2,TQQQ
2011-10-11,3.6044086824739177,2.0,0.2,TQQQ
2011-10-12,3.691253714915648,2.0,1.5,TQQQ
2011-10-13,3.839895874687217,2.0,1.5,TQQQ
2011-10-14,4.157130965858297,1.0,1.5,TQQQ
2011-10-17,4.012806181118518,1.0,0.75,TQQQ
2011-10-18,4.121965448312093,1.0,0.75,TQQQ
2011-10-19,3.9437226993992476,2.0,0.75,TQQQ
2011-10-20,3.86861725727373,2.0,1.5,TQQQ
2011-10-21,4.075018043367304,2.0,1.5,TQQQ
2011-10-24,4.456944658734314,2.0,1.5,TQQQ
2011-10-25,4.07791260474583,2.0,1.5,TQQQ
2011-10-26,4.053732526179887,2.0,1.5,TQQQ
2011-10-27,4.543756118204827,2.0,1.5,TQQQ
2011-10-28,4.566288238931512,2.0,1.5,TQQQ
2011-10-31,4.226866406080956,2.0,1.5,TQQQ
2011-11-01,3.735898137027788,2.0,1.5,TQQQ
2011-11-02,3.873955904928157,2.0,1.5,TQQQ
2011-11-03,4.227626205541307,2.0,1.5,TQQQ
2011-11-04,4.12936680717176,2.0,1.5,TQQQ
2011-11-07,4.267134455493367,2.0,1.5,TQQQ
2011-11-08,4.480520755130237,2.0,1.5,TQQQ
2011-11-09,3.7853519959610584,2.0,1.5,TQQQ
2011-11-10,3.7619511961471073,2.0,1.5,TQQQ
2011-11-11,4.07868925583797,2.0,1.5,TQQQ
2011-11-14,3.9748302148596593,2.0,1.5,TQQQ
2011-11-15,4.1665088867298525,2.0,1.5,TQQQ
2011-11-16,3.858443305921656,2.0,1.5,TQQQ
2011-11-17,3.4604198102509764,3.0,1.5,TQQQ
2011-11-18,3.443820787016842,3.0,0.2,TQQQ
2011-11-21,3.403811136305642,3.0,0.2,TQQQ
2011-11-22,3.4097327097297683,3.0,0.2,TQQQ
2011-11-23,3.3644038566234142,3.0,0.2,TQQQ
2011-11-25,3.3491501052356125,3.0,0.2,TQQQ
2011-11-28,3.4183197117450623,3.0,0.2,TQQQ
2011-11-29,3.405967957656282,3.0,0.2,TQQQ
2011-11-30,4.153614340763629,3.0,2.0,TQQQ
2011-12-01,4.33171440493748,2.0,2.0,TQQQ
2011-12-02,4.269888297470443,2.0,1.5,TQQQ
2011-12-05,4.47978735433309,2.0,1.5,TQQQ
2011-12-06,4.428327744214728,2.0,1.5,TQQQ
2011-12-07,4.438401022700251,2.0,1.5,TQQQ
2011-12-08,4.393198096011196,3.0,0.2,TQQQ
2011-12-09,4.809833196798832,3.0,2.0,TQQQ
2011-12-12,4.778268655321678,3.0,0.2,TQQQ
2011-12-13,4.745986691775766,3.0,0.2,TQQQ
2011-12-14,4.701829212667561,3.0,0.2,TQQQ
2011-12-15,4.694524120141209,2.0,0.2,TQQQ
2011-12-16,4.706287399970541,3.0,0.2,TQQQ
2011-12-19,4.680229794252571,3.0,0.2,TQQQ
2011-12-20,4.763306874782597,3.0,0.2,TQQQ
2011-12-21,4.723643341378214,3.0,0.2,TQQQ
2011-12-22,4.746684615888065,3.0,0.2,TQQQ
2011-12-23,4.771267056847369,3.0,0.2,TQQQ
2011-12-27,4.778602117845874,3.0,0.2,TQQQ
2011-12-28,4.747922281137887,3.0,0.2,TQQQ
2011-12-29,4.766422619408425,3.0,0.2,TQQQ
2011-12-30,4.7586369533383985,2.0,0.2,TQQQ
2012-01-03,5.164924399331584,2.0,1.5,TQQQ
2012-01-04,5.257640767635018,2.0,1.5,TQQQ
2012-01-05,5.4517658235375155,2.0,1.5,TQQQ
2012-01-06,5.536267277792064,2.0,1.5,TQQQ
2012-01-09,5.466773279800678,2.0,1.5,TQQQ
2012-01-10,5.6348483139724275,2.0,1.5,TQQQ
2012-01-11,5.693643822360385,2.0,1.5,TQQQ
2012-01-12,5.794967287215216,2.0,1.5,TQQQ
2012-01-13,5.695284807344476,2.0,1.5,TQQQ
2012-01-17,5.924656504741118,2.0,1.5,TQQQ
2012-01-18,6.277698018238232,2.0,1.5,TQQQ
2012-01-19,6.466197421100196,2.0,1.5,TQQQ
2012-01-20,6.423253088864193,2.0,1.5,TQQQ
2012-01-23,6.422096328085773,2.0,1.5,TQQQ
2012-01-24,6.368821754590405,2.0,1.5,TQQQ
2012-01-25,6.733779054874925,1.0,1.5,TQQQ
2012-01-26,6.680260755962919,1.0,0.75,TQQQ
2012-01-27,6.7297914084112325,1.0,0.75,TQQQ
2012-01-30,6.738023900454117,1.0,0.75,TQQQ
2012-01-31,6.755667963239524,1.0,0.75,TQQQ
2012-02-01,6.880198683346861,1.0,0.75,TQQQ
2012-02-02,6.933341057897165,1.0,0.75,TQQQ
2012-02-03,7.140111628388851,1.0,0.75,TQQQ
2012-02-06,7.13491680332318,1.0,0.75,TQQQ
2012-02-07,7.157993885325431,1.0,0.75,TQQQ
2012-02-08,7.247334390170624,1.0,0.75,TQQQ
2012-02-09,7.367886840229398,1.0,0.75,TQQQ
2012-02-10,7.249699311018002,1.0,0.75,TQQQ
2012-02-13,7.396086087168459,1.0,0.75,TQQQ
2012-02-14,7.444558664203198,1.0,0.75,TQQQ
2012-02-15,7.31993056550242,1.0,0.75,TQQQ
2012-02-16,7.549423598336375,1.0,0.75,TQQQ
2012-02-17,7.501270610540295,1.0,0.75,TQQQ
2012-02-21,7.548960470964313,1.0,0.75,TQQQ
2012-02-22,7.474173435979059,1.0,0.75,TQQQ
2012-02-23,7.580471143528268,1.0,0.75,TQQQ
2012-02-24,7.6359307498986055,1.0,0.75,TQQQ
2012-02-27,7.663588666013338,1.0,0.75,TQQQ
2012-02-28,7.835534426573683,1.0,0.75,TQQQ
2012-02-29,7.758301547202534,1.0,0.75,TQQQ
2012-03-01,7.89981358452146,1.0,0.75,TQQQ
2012-03-02,7.881946537444969,1.0,0.75,TQQQ
2012-03-05,7.697593000719569,1.0,0.75,TQQQ
2012-03-06,7.532037544470862,2.0,0.75,TQQQ
2012-03-07,7.788456909662299,2.0,1.5,TQQQ
2012-03-08,8.158988679006017,2.0,1.5,TQQQ
2012-03-09,8.306902058078554,2.0,1.5,TQQQ
2012-03-12,8.326838900008447,2.0,1.5,TQQQ
2012-03-13,9.030448230775892,1.0,1.5,TQQQ
2012-03-14,9.10629040668097,1.0,0.75,TQQQ
2012-03-15,9.158515048492651,1.0,0.75,TQQQ
2012-03-16,9.143537927428493,1.0,0.75,TQQQ
2012-03-19,9.29281487700973,1.0,0.75,TQQQ
2012-03-20,9.330973935772649,1.0,0.75,TQQQ
2012-03-21,9.328596309465915,1.0,0.75,TQQQ
2012-03-22,9.28630973736516,1.0,0.75,TQQQ
2012-03-23,9.27677178561065,1.0,0.75,TQQQ
2012-03-26,9.640136596957525,1.0,0.75,TQQQ
2012-03-27,9.667820452246783,1.0,0.75,TQQQ
2012-03-28,9.583049178720888,1.0,0.75,TQQQ
2012-03-29,9.509249001879567,1.0,0.75,TQQQ
2012-03-30,9.45952616973945,1.0,0.75,TQQQ
2012-04-02,9.675965677493268,1.0,0.75,TQQQ
2012-04-03,9.676564526531894,1.0,0.75,TQQQ
2012-04-04,9.380499527910109,1.0,0.75,TQQQ
2012-04-05,9.50898707759227,1.0,0.75,TQQQ
2012-04-09,9.344953273381549,1.0,0.75,TQQQ
2012-04-10,9.00660197090962,2.0,0.75,TQQQ
2012-04-11,9.202058078302585,2.0,1.5,TQQQ
2012-04-12,9.664980295117438,2.0,1.5,TQQQ
2012-04-13,9.009322100652485,2.0,1.5,TQQQ
2012-04-16,8.58377622287181,2.0,1.5,TQQQ
2012-04-17,9.342765286180919,2.0,1.5,TQQQ
2012-04-18,9.240375195002432,2.0,1.5,TQQQ
2012-04-19,8.79223206811917,2.0,1.5,TQQQ
2012-04-20,8.650131785326355,2.0,1.5,TQQQ
2012-04-23,8.3235414873845,2.0,1.5,TQQQ
2012-04-24,8.103138800673833,2.0,1.5,TQQQ
2012-04-25,9.068583526280763,2.0,1.5,TQQQ
2012-04-26,9.311905351313788,2.0,1.5,TQQQ
2012-04-27,9.551274336282258,2.0,1.5,TQQQ
2012-04-30,9.253520591503229,2.0,1.5,TQQQ
2012-05-01,9.332337328964305,2.0,1.5,TQQQ
2012-05-02,9.424725758143454,2.0,1.5,TQQQ
2012-05-03,8.985615638618972,2.0,1.5,TQQQ
2012-05-04,8.853750582780686,3.0,0.2,TQQQ
2012-05-07,8.85630250824985,3.0,0.2,TQQQ
2012-05-08,8.83675788862971,2.0,0.2,TQQQ
2012-05-09,8.826981570339738,3.0,0.2,TQQQ
2012-05-10,8.808894319267306,3.0,0.2,TQQQ
2012-05-11,8.807161134407167,3.0,0.2,TQQQ
2012-05-14,8.75849069419536,3.0,0.2,TQQQ
2012-05-15,8.743203552347772,3.0,0.2,TQQQ
2012-05-16,8.705250608476344,3.0,0.2,TQQQ
2012-05-17,8.598120018360655,3.0,0.2,TQQQ
2012-05-18,8.529089635996955,3.0,0.2,TQQQ
2012-05-21,8.67256491905553,3.0,0.2,TQQQ
2012-05-22,8.666244911524936,2.0,0.2,TQQQ
2012-05-23,8.675936937040644,3.0,0.2,TQQQ
2012-05-24,8.644759266709295,3.0,0.2,TQQQ
2012-05-25,8.634969122804907,3.0,0.2,TQQQ
2012-05-29,8.699280656666746,3.0,0.2,TQQQ
2012-05-30,8.657024995446724,3.0,0.2,TQQQ
2012-05-31,8.632290749248062,3.0,0.2,TQQQ
2012-06-01,8.496568707936309,3.0,0.2,TQQQ
2012-06-04,8.533017461471426,3.0,0.2,TQQQ
2012-06-05,8.556510576433395,3.0,0.2,TQQQ
2012-06-06,8.673487667162716,2.0,0.2,TQQQ
2012-06-07,8.654054462270826,3.0,0.2,TQQQ
2012-06-08,8.70496233687973,3.0,0.2,TQQQ
2012-06-11,8.621688456222124,3.0,0.2,TQQQ
2012-06-12,8.676114029351645,3.0,0.2,TQQQ
2012-06-13,8.642086928835337,3.0,0.2,TQQQ
2012-06-14,8.661462598892948,3.0,0.2,TQQQ
2012-06-15,8.725466711981735,3.0,0.2,TQQQ
2012-06-18,8.770458505653677,3.0,0.2,TQQQ
2012-06-19,8.82816365673386,3.0,0.2,TQQQ
2012-06-20,8.834451468199989,2.0,0.2,TQQQ
2012-06-21,8.702097950704788,3.0,0.2,TQQQ
2012-06-22,8.756245037326943,3.0,0.2,TQQQ
2012-06-25,8.652378278880434,3.0,0.2,TQQQ
2012-06-26,8.685829618212406,3.0,0.2,TQQQ
2012-06-27,8.717655710703024,3.0,0.2,TQQQ
2012-06-28,8.65492320928722,3.0,0.2,TQQQ
2012-06-29,8.824030666011298,3.0,0.2,TQQQ
2012-07-02,8.8381508194289,3.0,0.2,TQQQ
2012-07-03,8.880237342175795,3.0,0.2,TQQQ
2012-07-05,8.886432507822127,2.0,0.2,TQQQ
2012-07-06,8.816411686929507,3.0,0.2,TQQQ
2012-07-09,8.810385005906642,3.0,0.2,TQQQ
2012-07-10,8.756354192343021,3.0,0.2,TQQQ
2012-07-11,8.73229917356555,3.0,0.2,TQQQ
2012-07-12,8.681810175773554,3.0,0.2,TQQQ
2012-07-13,8.757270334331727,3.0,0.2,TQQQ
2012-07-16,8.744139752409142,3.0,0.2,TQQQ
2012-07-17,8.770929294036298,3.0,0.2,TQQQ
2012-07-18,8.842340323654762,3.0,0.2,TQQQ
2012-07-19,9.418279813255237,2.0,2.0,TQQQ
2012-07-20,9.345828745694217,3.0,0.2,TQQQ
2012-07-23,9.276672925199891,3.0,0.2,TQQQ
2012-07-24,9.234284947603376,3.0,0.2,TQQQ
2012-07-25,9.193070974156923,3.0,0.2,TQQQ
2012-07-26,9.265016741257737,3.0,0.2,TQQQ
2012-07-27,10.668324174552728,3.0,2.0,TQQQ
2012-07-30,10.539698074806198,3.0,2.0,TQQQ
2012-07-31,10.552050930313113,3.0,2.0,TQQQ
2012-08-01,10.345728878661705,3.0,2.0,TQQQ
2012-08-02,10.129162822609935,2.0,2.0,TQQQ
2012-08-03,10.993312116253685,2.0,1.5,TQQQ
2012-08-06,11.36385216628395,2.0,1.5,TQQQ
2012-08-07,11.785654492485511,2.0,1.5,TQQQ
2012-08-08,11.756963041861917,2.0,1.5,TQQQ
2012-08-09,11.906582195272076,2.0,1.5,TQQQ
2012-08-10,11.98012157723491,2.0,1.5,TQQQ
2012-08-13,12.089031190414552,2.0,1.5,TQQQ
2012-08-14,12.114727924574249,2.0,1.5,TQQQ
2012-08-15,12.24334884615779,2.0,1.5,TQQQ
2012-08-16,12.901545296914215,2.0,1.5,TQQQ
2012-08-17,13.167391879615717,2.0,1.5,TQQQ
2012-08-20,13.243399981895827,2.0,1.5,TQQQ
2012-08-21,13.01496843091987,2.0,1.5,TQQQ
2012-08-22,13.225609775915348,2.0,1.5,TQQQ
2012-08-23,12.7854973872736,2.0,1.5,TQQQ
2012-08-24,13.125732404733059,2.0,1.5,TQQQ
2012-08-27,13.221444086835389,1.0,1.5,TQQQ
2012-08-28,13.219794038686116,1.0,0.75,TQQQ
2012-08-29,13.223096259188116,1.0,0.75,TQQQ
2012-08-30,12.92042287607896,2.0,0.75,TQQQ
2012-08-31,13.333853388913811,2.0,1.5,TQQQ
2012-09-04,13.249602098421605,2.0,1.5,TQQQ
2012-09-05,13.158854201744509,2.0,1.5,TQQQ
2012-09-06,14.46356391229611,2.0,1.5,TQQQ
2012-09-07,14.370188243160682,2.0,1.5,TQQQ
2012-09-10,13.576574344553599,2.0,1.5,TQQQ
2012-09-11,13.488596237248874,2.0,1.5,TQQQ
2012-09-12,13.664180870670153,2.0,1.5,TQQQ
2012-09-13,14.481591844602127,2.0,1.5,TQQQ
2012-09-14,15.038135055764071,1.0,1.5,TQQQ
2012-09-17,15.059138511326662,1.0,0.75,TQQQ
2012-09-18,15.080122751972805,1.0,0.75,TQQQ
2012-09-19,15.155303382742275,1.0,0.75,TQQQ
2012-09-20,15.129128262560494,1.0,0.75,TQQQ
2012-09-21,15.129128262560494,1.0,0.75,TQQQ
2012-09-24,14.91954982777432,1.0,0.75,TQQQ
2012-09-25,14.470344544021179,2.0,0.75,TQQQ
2012-09-26,13.899418217106565,2.0,1.5,TQQQ
2012-09-27,14.784489668205275,2.0,1.5,TQQQ
2012-09-28,14.252641064550312,2.0,1.5,TQQQ
2012-10-01,14.160953376024821,2.0,1.5,TQQQ
2012-10-02,14.298173933789068,2.0,1.5,TQQQ
2012-10-03,14.704030581066311,2.0,1.5,TQQQ
2012-10-04,14.960496802875605,2.0,1.5,TQQQ
2012-10-05,14.573583322182033,2.0,1.5,TQQQ
2012-10-08,13.994763798569158,2.0,1.5,TQQQ
2012-10-09,12.915922453468827,2.0,1.5,TQQQ
2012-10-10,12.680758669982904,2.0,1.5,TQQQ
2012-10-11,12.658180565888605,2.0,0.2,TQQQ
2012-10-12,12.65772628337913,2.0,0.2,TQQQ
2012-10-15,13.036421568911377,2.0,1.5,TQQQ
2012-10-16,13.887364975684497,2.0,1.5,TQQQ
2012-10-17,13.824060830519663,2.0,1.5,TQQQ
2012-10-18,13.114738821211729,2.0,1.5,TQQQ
2012-10-19,12.925248460063152,3.0,0.2,TQQQ
2012-10-22,12.965801001300662,3.0,0.2,TQQQ
2012-10-23,12.889075454645795,2.0,0.2,TQQQ
2012-10-24,12.86337381135418,3.0,0.2,TQQQ
2012-10-25,12.86337381135418,3.0,0.2,TQQQ
2012-10-26,12.89028207267838,3.0,0.2,TQQQ
2012-10-31,12.840370263276226,3.0,0.2,TQQQ
2012-11-01,12.949297745170119,3.0,0.2,TQQQ
2012-11-02,12.854596752787304,3.0,0.2,TQQQ
2012-11-05,12.917644238943234,3.0,0.2,TQQQ
2012-11-06,12.9333515919666,3.0,0.2,TQQQ
2012-11-07,12.747750227114388,3.0,0.2,TQQQ
2012-11-08,12.628468513749713,2.0,0.2,TQQQ
2012-11-09,12.655959145537095,3.0,0.2,TQQQ
2012-11-12,12.65969899006807,3.0,0.2,TQQQ
2012-11-13,12.604727081852488,3.0,0.2,TQQQ
2012-11-14,12.51455606626879,3.0,0.2,TQQQ
2012-11-15,12.492182008538972,3.0,0.2,TQQQ
2012-11-16,12.520352702267088,3.0,0.2,TQQQ
2012-11-19,12.700685657442705,3.0,0.2,TQQQ
2012-11-20,12.701218085428009,3.0,0.2,TQQQ
2012-11-21,12.719174524112951,3.0,0.2,TQQQ
2012-11-23,12.835782198130246,2.0,0.2,TQQQ
2012-11-26,12.868727737671678,3.0,0.2,TQQQ
2012-11-27,12.839627107091616,3.0,0.2,TQQQ
2012-11-28,12.90848590017158,3.0,0.2,TQQQ
2012-11-29,12.953100054372536,3.0,0.2,TQQQ
2012-11-30,12.943809631824385,3.0,0.2,TQQQ
2012-12-03,12.931061289896629,3.0,0.2,TQQQ
2012-12-04,12.914320376420978,3.0,0.2,TQQQ
2012-12-05,12.834641212915928,3.0,0.2,TQQQ
2012-12-06,12.881841486230526,3.0,0.2,TQQQ
2012-12-07,12.837824990424467,2.0,0.2,TQQQ
2012-12-10,12.860642879360933,3.0,0.2,TQQQ
2012-12-11,12.959843491314794,3.0,0.2,TQQQ
2012-12-12,12.942253482315762,3.0,0.2,TQQQ
2012-12-13,12.88379244168359,3.0,0.2,TQQQ
2012-12-14,12.81074448294392,3.0,0.2,TQQQ
2012-12-17,12.910591389600306,3.0,0.2,TQQQ
2012-12-18,13.03028521042662,3.0,0.2,TQQQ
2012-12-19,12.992918966916541,3.0,0.2,TQQQ
2012-12-20,12.994853655822899,3.0,0.2,TQQQ
2012-12-21,12.913972915069229,2.0,0.2,TQQQ
2012-12-24,12.892110337980652,3.0,0.2,TQQQ
2012-12-26,12.831090467599548,3.0,0.2,TQQQ
2012-12-27,12.816812514659231,3.0,0.2,TQQQ
2012-12-28,12.742550158307221,3.0,0.2,TQQQ
2012-12-31,12.908780448043645,3.0,0.2,TQQQ
2013-01-02,15.317463465604387,3.0,2.0,TQQQ
2013-01-03,14.873678157919679,3.0,2.0,TQQQ
2013-01-04,14.5803711714416,3.0,2.0,TQQQ
2013-01-07,14.612052837010083,3.0,2.0,TQQQ
2013-01-08,14.442873065094819,2.0,2.0,TQQQ
2013-01-09,14.663603728248047,2.0,1.5,TQQQ
2013-01-10,15.051772092160746,2.0,1.5,TQQQ
2013-01-11,15.135655460925607,2.0,1.5,TQQQ
2013-01-14,14.843457908883416,2.0,1.5,TQQQ
2013-01-15,14.513390162386495,3.0,1.5,TQQQ
2013-01-16,14.839689050379995,3.0,2.0,TQQQ
2013-01-17,15.297253693675978,3.0,2.0,TQQQ
2013-01-18,15.124429982189506,3.0,2.0,TQQQ
2013-01-22,15.247964036047767,3.0,2.0,TQQQ
2013-01-23,15.74408090922967,2.0,2.0,TQQQ
2013-01-24,14.803054224327926,3.0,1.5,TQQQ
2013-01-25,15.242988205066347,3.0,2.0,TQQQ
2013-01-28,15.46075340001057,3.0,2.0,TQQQ
2013-01-29,15.46075340001057,3.0,2.0,TQQQ
2013-01-30,15.290808478425227,3.0,2.0,TQQQ
2013-01-31,15.094525790012137,3.0,2.0,TQQQ
2013-02-01,16.085824172843896,3.0,2.0,TQQQ
2013-02-04,15.561721878430058,1.0,0.75,SOXL
2013-02-05,16.112696155127075,1.0,0.75,SOXL
2013-02-06,16.17819081087443,1.0,0.75,SOXL
2013-02-07,16.01981491573088,1.0,0.75,SOXL
2013-02-08,16.486181705256474,1.0,0.75,SOXL
2013-02-11,16.54092241999937,1.0,0.75,SOXL
2013-02-12,16.61956276957102,1.0,0.75,SOXL
2013-02-13,16.718534026080146,1.0,0.75,SOXL
2013-02-14,17.076204176474363,1.0,0.75,SOXL
2013-02-15,16.829257142197307,1.0,0.75,SOXL
2013-02-19,17.284790941535597,1.0,0.75,SOXL
2013-02-20,16.415386039410013,2.0,0.75,SOXL
2013-02-21,15.070674392297702,2.0,1.5,SOXL
2013-02-22,16.483109072771935,2.0,1.5,SOXL
2013-02-25,15.070290174299053,2.0,1.5,SOXL
2013-02-26,15.63560326833261,2.0,1.5,SOXL
2013-02-27,16.68575505537206,2.0,1.5,SOXL
2013-02-28,17.325223773826675,2.0,1.5,SOXL
2013-03-01,16.40628607117002,2.0,1.5,SOXL
2013-03-04,16.303783433835864,2.0,1.5,SOXL
2013-03-05,17.695007412171332,2.0,1.5,SOXL
2013-03-06,17.81405256476953,1.0,1.5,SOXL
2013-03-07,17.986021998711113,1.0,0.75,SOXL
2013-03-08,18.017506554073876,1.0,0.75,SOXL
2013-03-11,18.080439007852835,1.0,0.75,SOXL
2013-03-12,18.28297293742727,1.0,0.75,SOXL
2013-03-13,18.404765763885166,1.0,0.75,SOXL
2013-03-14,18.595697191524042,1.0,0.75,SOXL
2013-03-15,17.917573805930097,1.0,0.75,SOXL
2013-03-18,17.37442455828246,2.0,0.75,SOXL
2013-03-19,17.069930755698614,2.0,1.5,SOXL
2013-03-20,18.076652962102052,2.0,1.5,SOXL
2013-03-21,16.792653006674122,2.0,1.5,SOXL
2013-03-22,17.583070850420917,2.0,1.5,SOXL
2013-03-25,17.448135539926056,2.0,1.5,SOXL
2013-03-26,18.170614049483905,2.0,1.5,SOXL
2013-03-27,18.28548209299663,2.0,1.5,SOXL
2013-03-28,18.781816316489067,2.0,1.5,SOXL
2013-04-01,17.192483889715362,2.0,1.5,SOXL
2013-04-02,16.45325269413209,2.0,1.5,SOXL
2013-04-03,16.25533032999745,3.0,0.2,SOXL
2013-04-04,17.499800366299397,3.0,2.0,SOXL
2013-04-05,16.995732325963502,3.0,2.0,SOXL
2013-04-08,18.24731019955573,3.0,2.0,SOXL
2013-04-09,19.24508453271864,3.0,2.0,SOXL
2013-04-10,21.7160509713685,1.0,2.0,SOXL
2013-04-11,21.5565039059738,1.0,0.75,SOXL
2013-04-12,21.316581490963223,2.0,0.75,SOXL
2013-04-15,19.035078974814063,2.0,1.5,SOXL
2013-04-16,20.74950697302578,2.0,1.5,SOXL
2013-04-17,20.34064750141642,3.0,0.2,SOXL
2013-04-18,20.230402056545813,3.0,0.2,SOXL
2013-04-19,20.32700265928187,3.0,0.2,SOXL
2013-04-22,20.45097011886428,3.0,0.2,SOXL
2013-04-23,23.08521600702051,3.0,2.0,SOXL
2013-04-24,24.746275139637305,3.0,2.0,SOXL
2013-04-25,26.19160871489508,3.0,2.0,SOXL
2013-04-26,24.7588584280364,2.0,2.0,SOXL
2013-04-29,26.02767068827626,2.0,1.5,SOXL
2013-04-30,27.188503452340647,2.0,1.5,SOXL
2013-05-01,26.041112163624746,2.0,1.5,SOXL
2013-05-02,26.74817924821779,1.0,0.75,TQQQ
2013-05-03,27.449050623496113,1.0,0.75,TQQQ
2013-05-06,27.714518218347234,1.0,0.75,TQQQ
2013-05-07,27.663967215855507,1.0,0.75,TQQQ
2013-05-08,27.988272230895124,1.0,0.75,TQQQ
2013-05-09,27.914155403130152,1.0,0.75,TQQQ
2013-05-10,28.270106976674303,1.0,0.75,TQQQ
2013-05-13,28.35281763927805,1.0,0.75,TQQQ
2013-05-14,28.665629990584577,1.0,0.75,TQQQ
2013-05-15,28.824411266839203,1.0,0.75,TQQQ
2013-05-16,28.745148511335294,1.0,0.75,TQQQ
2013-05-17,29.35324285063374,1.0,0.75,TQQQ
2013-05-20,29.254040238674126,1.0,0.75,TQQQ
2013-05-21,29.335829370618594,1.0,0.75,TQQQ
2013-05-22,28.79890503284102,1.0,0.75,TQQQ
2013-05-23,28.564012545385232,1.0,0.75,TQQQ
2013-05-24,28.552230157228212,1.0,0.75,TQQQ
2013-05-28,28.993933302099762,1.0,0.75,TQQQ
2013-05-29,28.665785367649082,1.0,0.75,TQQQ
2013-05-30,29.015772085378646,1.0,0.75,TQQQ
2013-05-31,28.39477435698785,1.0,0.75,TQQQ
2013-06-03,28.518711341753352,1.0,0.75,TQQQ
2013-06-04,28.197539090350332,2.0,0.75,TQQQ
2013-06-05,26.576661394582676,2.0,1.5,TQQQ
2013-06-06,27.063664097918245,2.0,1.5,TQQQ
2013-06-07,28.761007184707818,2.0,1.5,TQQQ
2013-06-10,28.778816655893785,2.0,1.5,TQQQ
2013-06-11,27.529115834884553,2.0,1.5,TQQQ
2013-06-12,26.098713911677752,2.0,1.5,TQQQ
2013-06-13,27.503452491560857,2.0,1.5,TQQQ
2013-06-14,26.777192646107245,2.0,1.5,TQQQ
2013-06-17,27.89162587088894,2.0,1.5,TQQQ
2013-06-18,28.879921591507188,1.0,1.5,TQQQ
2013-06-19,28.198584792136014,2.0,0.75,TQQQ
2013-06-20,27.782668252941015,2.0,0.2,TQQQ
2013-06-21,27.704391425750313,2.0,0.2,TQQQ
2013-06-24,27.533150036734465,3.0,0.2,TQQQ
2013-06-25,27.650516766222808,3.0,0.2,TQQQ
2013-06-26,27.801502645403037,3.0,0.2,TQQQ
2013-06-27,28.421475503032795,3.0,2.0,TQQQ
2013-06-28,28.576035111468272,3.0,2.0,TQQQ
2013-07-01,29.798666321437363,3.0,2.0,TQQQ
2013-07-02,29.856258937157886,1.0,0.75,SOXL
2013-07-03,30.211146858449577,1.0,0.75,SOXL
2013-07-05,31.094922137062593,1.0,0.75,SOXL
2013-07-08,29.7083388766649,2.0,0.75,SOXL
2013-07-09,31.08317599929236,2.0,1.5,SOXL
2013-07-10,32.68355970318695,2.0,1.5,SOXL
2013-07-11,35.808409174040925,1.0,1.5,SOXL
2013-07-12,36.26818748541299,1.0,0.75,SOXL
2013-07-15,36.2630912486718,1.0,0.75,SOXL
2013-07-16,36.48693229085697,1.0,0.75,SOXL
2013-07-17,36.55802559941751,1.0,0.75,SOXL
2013-07-18,35.878119529657035,1.0,0.75,SOXL
2013-07-19,35.71474364194517,1.0,0.75,SOXL
2013-07-22,35.52043108348552,1.0,0.75,SOXL
2013-07-23,35.22841367927364,1.0,0.75,SOXL
2013-07-24,33.779684235755,2.0,0.75,SOXL
2013-07-25,34.686537168829965,2.0,1.5,SOXL
2013-07-26,33.27745057006834,2.0,1.5,SOXL
2013-07-29,32.45834720502587,2.0,1.5,SOXL
2013-07-30,34.082949168256306,2.0,1.5,SOXL
2013-07-31,34.814372594009754,2.0,1.5,SOXL
2013-08-01,37.64480340583552,2.0,1.5,SOXL
2013-08-02,36.576322873683644,2.0,1.5,SOXL
2013-08-05,36.319806290419095,2.0,1.5,SOXL
2013-08-06,35.2108200447057,2.0,1.5,SOXL
2013-08-07,33.564612964253136,2.0,1.5,SOXL
2013-08-08,33.7203529394658,2.0,1.5,SOXL
2013-08-09,32.9716230704352,2.0,1.5,SOXL
2013-08-12,33.51862780644437,2.0,1.5,SOXL
2013-08-13,35.19972336357711,2.0,1.5,SOXL
2013-08-14,32.84814723647537,2.0,1.5,SOXL
2013-08-15,32.39772673551012,3.0,0.2,SOXL
2013-08-16,32.46170235332847,3.0,0.2,SOXL
2013-08-19,32.330410855479094,3.0,0.2,SOXL
2013-08-20,32.45947192026592,3.0,0.2,SOXL
2013-08-21,32.316553469691776,2.0,0.2,SOXL
2013-08-22,32.53552380684258,3.0,0.2,SOXL
2013-08-23,32.53981849708744,3.0,0.2,SOXL
2013-08-26,32.49548162313946,3.0,0.2,SOXL
2013-08-27,32.010814584283914,3.0,0.2,SOXL
2013-08-28,32.321528396809185,1.0,0.75,TQQQ
2013-08-29,32.56842880372006,1.0,0.2,SOXL
2013-08-30,32.3897929434847,1.0,0.2,SOXL
2013-09-03,32.54869390661813,1.0,0.2,SOXL
2013-09-04,33.34517351386625,1.0,0.75,TQQQ
2013-09-05,33.45458642787612,1.0,0.75,TQQQ
2013-09-06,33.54565848860115,1.0,0.75,TQQQ
2013-09-09,34.43128811039402,1.0,0.75,TQQQ
2013-09-10,34.82224310610359,1.0,0.75,TQQQ
2013-09-11,34.69042832251137,1.0,0.75,TQQQ
2013-09-12,34.57341832031247,1.0,0.75,TQQQ
2013-09-13,34.65752366317492,1.0,0.75,TQQQ
2013-09-16,34.43846493537063,1.0,0.75,TQQQ
2013-09-17,34.95568426150309,1.0,0.75,TQQQ
2013-09-18,35.91926228883398,1.0,0.75,TQQQ
2013-09-19,36.08534284417421,1.0,0.75,TQQQ
2013-09-20,35.78922623686028,1.0,0.75,TQQQ
2013-09-23,35.637760430000306,1.0,0.75,TQQQ
2013-09-24,35.64370070803791,1.0,0.75,TQQQ
2013-09-25,35.390943952494226,1.0,0.75,TQQQ
2013-09-26,35.99901274472849,1.0,0.75,TQQQ
2013-09-27,35.87156275218264,1.0,0.75,TQQQ
2013-09-30,35.70242778458396,1.0,0.75,TQQQ
2013-10-01,36.504930925877495,1.0,0.75,TQQQ
2013-10-02,36.45476819920836,1.0,0.75,TQQQ
2013-10-03,35.504226384325634,1.0,0.75,TQQQ
2013-10-04,36.18928092016549,1.0,0.75,TQQQ
2013-10-07,35.517411981592666,1.0,0.75,TQQQ
2013-10-08,34.01020036253167,2.0,0.75,TQQQ
2013-10-09,33.447895906669686,2.0,1.5,TQQQ
2013-10-10,36.63472270435756,2.0,1.5,TQQQ
2013-10-11,37.873194632427804,2.0,1.5,TQQQ
2013-10-14,39.05025932776897,2.0,1.5,TQQQ
2013-10-15,38.424133106237484,2.0,1.5,TQQQ
2013-10-16,40.392912750585744,1.0,1.5,TQQQ
2013-10-17,40.882066356196155,1.0,0.75,TQQQ
2013-10-18,42.3977758872963,1.0,0.75,TQQQ
2013-10-21,42.5803121855068,1.0,0.75,TQQQ
2013-10-22,42.690288392168654,1.0,0.75,TQQQ
2013-10-23,42.175376320184306,1.0,0.75,TQQQ
2013-10-24,42.5694407766258,1.0,0.75,TQQQ
2013-10-25,43.20740406205046,1.0,0.75,TQQQ
2013-10-28,43.273101263324804,1.0,0.75,TQQQ
2013-10-29,43.42937843539623,1.0,0.75,TQQQ
2013-10-30,43.326344745492705,1.0,0.75,TQQQ
2013-10-31,43.11699509153062,1.0,0.75,TQQQ
2013-11-01,43.10135327721758,1.0,0.75,TQQQ
2013-11-04,43.25787681528313,1.0,0.75,TQQQ
2013-11-05,43.39541765019608,1.0,0.75,TQQQ
2013-11-06,43.339192254101626,1.0,0.75,TQQQ
2013-11-07,41.536525483783535,2.0,0.75,TQQQ
2013-11-08,43.99652144375567,2.0,1.5,TQQQ
2013-11-11,43.67992558404623,2.0,1.5,TQQQ
2013-11-12,44.002207109796764,2.0,1.5,TQQQ
2013-11-13,46.3668517813828,2.0,1.5,TQQQ
2013-11-14,46.90576131906052,2.0,1.5,TQQQ
2013-11-15,47.39403300822213,2.0,1.5,TQQQ
2013-11-18,45.42771093772488,2.0,1.5,TQQQ
2013-11-19,44.75549301783657,2.0,1.5,TQQQ
2013-11-20,44.28795542316694,2.0,1.5,TQQQ
2013-11-21,46.319838402320826,1.0,1.5,TQQQ
2013-11-22,46.868199414636315,1.0,0.75,TQQQ
2013-11-25,47.100422011086806,1.0,0.75,TQQQ
2013-11-26,47.684948482514194,1.0,0.75,TQQQ
2013-11-27,48.400424825685846,1.0,0.75,TQQQ
2013-11-29,48.99585402802562,1.0,0.75,TQQQ
2013-12-02,48.767007333552016,1.0,0.75,TQQQ
2013-12-03,48.660489528914134,1.0,0.75,TQQQ
2013-12-04,48.75417878181296,1.0,0.75,TQQQ
2013-12-05,48.64119852212225,1.0,0.75,TQQQ
2013-12-06,49.394007158581026,1.0,0.75,TQQQ
2013-12-09,49.83762495681022,1.0,0.75,TQQQ
2013-12-10,49.77030145444687,1.0,0.75,TQQQ
2013-12-11,48.37546350859464,1.0,0.75,TQQQ
2013-12-12,48.080826543818844,1.0,0.75,TQQQ
2013-12-13,47.9088873446127,2.0,0.75,TQQQ
2013-12-16,49.14316964189544,2.0,1.5,TQQQ
2013-12-17,48.67807626555909,2.0,1.5,TQQQ
2013-12-18,51.19881583762795,2.0,1.5,TQQQ
2013-12-19,50.50831561698043,2.0,1.5,TQQQ
2013-12-20,52.78851736681012,2.0,1.5,TQQQ
2013-12-23,55.350169140427695,2.0,1.5,TQQQ
2013-12-24,55.46594821382857,2.0,1.5,TQQQ
2013-12-26,56.27696603116635,2.0,1.5,TQQQ
2013-12-27,55.660592274502484,2.0,1.5,TQQQ
2013-12-30,55.223938456844934,1.0,1.5,TQQQ
2013-12-31,56.03718921379322,1.0,0.75,TQQQ
2014-01-02,55.055135872091164,1.0,0.75,TQQQ
2014-01-03,54.155790213245275,1.0,0.75,TQQQ
2014-01-06,53.72417546026286,2.0,0.75,TQQQ
2014-01-07,55.81254293770482,2.0,1.5,TQQQ
2014-01-08,56.43860197538321,2.0,1.5,TQQQ
2014-01-09,55.56581397796989,2.0,1.5,TQQQ
2014-01-10,56.39929901845252,2.0,1.5,TQQQ
2014-01-13,52.637007640793406,2.0,1.5,TQQQ
2014-01-14,57.157168966310145,2.0,1.5,TQQQ
2014-01-15,59.15976285796328,2.0,1.5,TQQQ
2014-01-16,59.343946319034266,2.0,1.5,TQQQ
2014-01-17,57.762999879922894,2.0,1.5,TQQQ
2014-01-21,59.70203009519949,1.0,1.5,TQQQ
2014-01-22,60.117482216966266,1.0,0.75,TQQQ
2014-01-23,59.5754315678905,1.0,0.75,TQQQ
2014-01-24,56.927845103487236,2.0,0.75,TQQQ
2014-01-27,54.444363394133084,2.0,1.5,TQQQ
2014-01-28,54.41591870586059,2.0,1.5,TQQQ
2014-01-29,51.84208017937703,2.0,1.5,TQQQ
2014-01-30,55.94078174140276,2.0,1.5,TQQQ
2014-01-31,55.352857789501805,2.0,1.5,TQQQ
2014-02-03,54.61939595585105,2.0,0.2,TQQQ
2014-02-04,54.83279645273851,2.0,0.2,TQQQ
2014-02-05,54.73169468014108,2.0,0.2,TQQQ
2014-02-06,57.87719499481131,2.0,1.5,TQQQ
2014-02-07,62.484197678948995,2.0,1.5,TQQQ
2014-02-10,64.20449963594648,2.0,1.5,TQQQ
2014-02-11,67.50255959682599,2.0,1.5,TQQQ
2014-02-12,67.98380286261815,2.0,1.5,TQQQ
2014-02-13,70.60475743209707,2.0,1.5,TQQQ
2014-02-14,70.91410674535226,2.0,1.5,TQQQ
2014-02-18,72.5772156823903,2.0,1.5,TQQQ
2014-02-19,70.19478825208625,2.0,1.5,TQQQ
2014-02-20,71.72198284614093,2.0,1.5,TQQQ
2014-02-21,71.16558455301798,2.0,1.5,TQQQ
2014-02-24,73.04245720421842,1.0,1.5,TQQQ
2014-02-25,72.8449261226115,1.0,0.75,TQQQ
2014-02-26,72.66366205145123,1.0,0.75,TQQQ
2014-02-27,73.73550896347388,1.0,0.75,TQQQ
2014-02-28,73.45650137108534,1.0,0.75,TQQQ
2014-03-03,72.24886168085203,1.0,0.75,TQQQ
2014-03-04,75.05840011038202,1.0,0.75,SOXL
2014-03-05,75.41207387890307,1.0,0.75,SOXL
2014-03-06,76.70224548907984,1.0,0.75,SOXL
2014-03-07,76.43218505188533,1.0,0.75,SOXL
2014-03-10,76.067099162463,1.0,0.75,SOXL
2014-03-11,75.15968688118515,1.0,0.75,SOXL
2014-03-12,76.58069170988554,1.0,0.75,SOXL
2014-03-13,73.70888257563274,2.0,0.75,SOXL
2014-03-14,71.95631000860544,2.0,1.5,SOXL
2014-03-17,75.8271439437487,2.0,1.5,SOXL
2014-03-18,80.67687292435873,2.0,1.5,SOXL
2014-03-19,80.4089557307488,2.0,1.5,SOXL
2014-03-20,87.19733674006848,1.0,1.5,SOXL
2014-03-21,85.47673250513819,1.0,0.75,SOXL
2014-03-24,84.68338596350343,1.0,0.75,SOXL
2014-03-25,85.99758296443105,1.0,0.75,SOXL
2014-03-26,84.04352672890721,1.0,0.75,SOXL
2014-03-27,82.48418728812048,2.0,0.75,SOXL
2014-03-28,85.15120032420084,2.0,1.5,SOXL
2014-03-31,91.30073163848442,2.0,1.5,SOXL
2014-04-01,97.69822478083933,1.0,1.5,SOXL
2014-04-02,97.23885210647869,1.0,0.75,SOXL
2014-04-03,97.67553437862466,1.0,0.75,SOXL
2014-04-04,91.516314010832,2.0,0.75,SOXL
2014-04-07,87.7248268806261,2.0,1.5,SOXL
2014-04-08,92.65597957175002,2.0,1.5,SOXL
2014-04-09,97.1326599945463,2.0,1.5,SOXL
2014-04-10,83.70426581931737,2.0,1.5,SOXL
2014-04-11,77.70843776723366,3.0,1.5,SOXL
2014-04-14,81.35500465059329,3.0,2.0,SOXL
2014-04-15,84.7161823898209,3.0,2.0,SOXL
2014-04-16,83.73350253888272,3.0,2.0,SOXL
2014-04-17,93.39980624759367,3.0,2.0,SOXL
2014-04-21,98.33235476216129,2.0,2.0,SOXL
2014-04-22,102.54846421863896,2.0,1.5,SOXL
2014-04-23,101.91582317440002,2.0,1.5,SOXL
2014-04-24,104.28763036336456,2.0,1.5,SOXL
2014-04-25,89.15690667394199,2.0,1.5,SOXL
2014-04-28,86.7159010087033,2.0,1.5,SOXL
2014-04-29,89.08590828314401,2.0,1.5,SOXL
2014-04-30,91.78602368620366,2.0,1.5,SOXL
2014-05-01,90.42262226880861,2.0,1.5,SOXL
2014-05-02,91.2398046785601,2.0,1.5,SOXL
2014-05-05,91.89563705508678,2.0,1.5,SOXL
2014-05-06,90.25223682798969,2.0,1.5,SOXL
2014-05-07,90.5136397063794,2.0,1.5,SOXL
2014-05-08,93.29307900552456,2.0,1.5,SOXL
2014-05-09,92.15362771519605,2.0,1.5,SOXL
2014-05-12,99.63672850884865,2.0,1.5,SOXL
2014-05-13,96.33047124747343,2.0,1.5,SOXL
2014-05-14,92.64471964961865,2.0,1.5,SOXL
2014-05-15,91.99511232112845,2.0,0.2,SOXL
2014-05-16,96.07718286414236,2.0,1.5,SOXL
2014-05-19,100.69886720733554,2.0,1.5,SOXL
2014-05-20,98.57021850480933,2.0,1.5,SOXL
2014-05-21,100.70100127782408,2.0,1.5,SOXL
2014-05-22,102.91676116390511,2.0,1.5,SOXL
2014-05-23,107.06384462399248,2.0,1.5,SOXL
2014-05-27,113.20570191962392,2.0,1.5,SOXL
2014-05-28,113.74961104942153,2.0,1.5,SOXL
2014-05-29,114.80285409201394,2.0,1.5,SOXL
2014-05-30,115.5132644027597,2.0,1.5,SOXL
2014-06-02,118.32408715076458,2.0,1.5,SOXL
2014-06-03,123.32839412470645,1.0,1.5,SOXL
2014-06-04,124.587308451632,1.0,0.75,SOXL
2014-06-05,125.87910685383096,1.0,0.75,SOXL
2014-06-06,127.2869967249052,1.0,0.75,SOXL
2014-06-09,127.96986300839986,1.0,0.75,SOXL
2014-06-10,128.9278768583217,1.0,0.75,SOXL
2014-06-11,130.33378155477894,1.0,0.75,SOXL
2014-06-12,129.31744180896328,1.0,0.75,SOXL
2014-06-13,132.07150169042166,1.0,0.75,SOXL
2014-06-16,133.92223666322252,1.0,0.75,SOXL
2014-06-17,136.18191371033853,1.0,0.75,SOXL
2014-06-18,134.95446434804182,1.0,0.75,SOXL
2014-06-19,135.23511806204328,1.0,0.75,SOXL
2014-06-20,136.1216417701463,1.0,0.75,SOXL
2014-06-23,134.99332874674465,1.0,0.75,SOXL
2014-06-24,132.73941256975988,1.0,0.75,SOXL
2014-06-25,133.813577978864,1.0,0.75,SOXL
2014-06-26,132.53343440248366,1.0,0.75,SOXL
2014-06-27,133.00707762071576,1.0,0.75,SOXL
2014-06-30,136.12758454650526,1.0,0.75,SOXL
2014-07-01,140.33486484991775,1.0,0.75,SOXL
2014-07-02,141.1305117883195,1.0,0.75,SOXL
2014-07-03,143.26299445852638,1.0,0.75,SOXL
2014-07-07,141.01668783798704,1.0,0.75,SOXL
2014-07-08,139.41897885214462,1.0,0.75,SOXL
2014-07-09,141.23785919298993,1.0,0.75,SOXL
2014-07-10,139.7122332338941,1.0,0.75,SOXL
2014-07-11,139.91822358615465,1.0,0.75,SOXL
2014-07-14,141.33232939124736,1.0,0.75,SOXL
2014-07-15,140.49380573374714,1.0,0.75,SOXL
2014-07-16,144.14052253302629,1.0,0.75,SOXL
2014-07-17,135.79131942414185,2.0,0.75,SOXL
2014-07-18,143.77229784464478,2.0,1.5,SOXL
2014-07-21,145.54237224966818,2.0,1.5,SOXL
2014-07-22,149.70794553402405,2.0,1.5,SOXL
2014-07-23,134.19776531009026,2.0,1.5,SOXL
2014-07-24,129.10548123539132,2.0,1.5,SOXL
2014-07-25,117.4547643161232,3.0,1.5,SOXL
2014-07-28,116.69826367838935,3.0,2.0,SOXL
2014-07-29,115.6244779722806,3.0,2.0,SOXL
2014-07-30,122.44735308871061,3.0,2.0,SOXL
2014-07-31,120.78632433222522,2.0,0.2,SOXL
2014-08-01,121.14777871577317,3.0,0.2,SOXL
2014-08-04,123.00866002848672,1.0,0.75,TQQQ
2014-08-05,120.84850570403778,1.0,0.75,TQQQ
2014-08-06,120.69331534987285,1.0,0.75,TQQQ
2014-08-07,119.82133752015095,1.0,0.75,TQQQ
2014-08-08,121.73717616907868,1.0,0.75,TQQQ
2014-08-11,123.3928838332936,1.0,0.75,TQQQ
2014-08-12,123.17941924855576,1.0,0.75,TQQQ
2014-08-13,126.18142135002846,1.0,0.75,TQQQ
2014-08-14,127.64115601089041,1.0,0.75,TQQQ
2014-08-15,128.94287745592356,1.0,0.75,TQQQ
2014-08-18,131.2805208607649,1.0,0.75,TQQQ
2014-08-19,132.97687632554153,1.0,0.75,TQQQ
2014-08-20,132.97687632554153,1.0,0.75,TQQQ
2014-08-21,133.54384768661308,1.0,0.75,TQQQ
2014-08-22,133.93665001831076,1.0,0.75,TQQQ
2014-08-25,135.05623339276482,1.0,0.75,TQQQ
2014-08-26,135.40154446839466,1.0,0.75,TQQQ
2014-08-27,135.41307061329564,1.0,0.75,TQQQ
2014-08-28,134.99905273815145,1.0,0.75,TQQQ
2014-08-29,136.18479301241402,1.0,0.75,TQQQ
2014-09-02,137.0342514001421,1.0,0.75,TQQQ
2014-09-03,135.2701267997749,1.0,0.75,TQQQ
2014-09-04,134.94798773684806,1.0,0.75,TQQQ
2014-09-05,136.51393093768777,1.0,0.75,TQQQ
2014-09-08,137.0300871926414,1.0,0.75,TQQQ
2014-09-09,134.53270591698578,1.0,0.75,TQQQ
2014-09-10,136.87274429133694,1.0,0.75,TQQQ
2014-09-11,136.79251790787745,1.0,0.75,TQQQ
2014-09-12,135.1760559959684,1.0,0.75,TQQQ
2014-09-15,132.1258444776638,1.0,0.75,TQQQ
2014-09-16,134.8053327220403,1.0,0.75,TQQQ
2014-09-17,135.30083052946088,1.0,0.75,TQQQ
2014-09-18,137.48752952300225,1.0,0.75,TQQQ
2014-09-19,137.25857758079184,1.0,0.75,TQQQ
2014-09-22,134.46358847804905,1.0,0.75,TQQQ
2014-09-23,133.58697335728695,1.0,0.75,TQQQ
2014-09-24,136.835354212042,1.0,0.75,TQQQ
2014-09-25,130.32079627464444,2.0,0.75,TQQQ
2014-09-26,136.57253973816887,2.0,1.5,TQQQ
2014-09-29,135.88551636936128,2.0,1.5,TQQQ
2014-09-30,136.64231655645403,2.0,1.5,TQQQ
2014-10-01,126.83366205584734,2.0,1.5,TQQQ
2014-10-02,126.74116651077205,2.0,1.5,TQQQ
2014-10-03,132.467923046542,2.0,1.5,TQQQ
2014-10-06,131.10906984788545,2.0,1.5,TQQQ
2014-10-07,130.0007942162421,2.0,0.2,TQQQ
2014-10-08,141.26521447830646,2.0,1.5,TQQQ
2014-10-09,139.85803335146989,2.0,0.2,TQQQ
2014-10-10,137.76394441221802,3.0,0.2,TQQQ
2014-10-13,136.47464685789916,3.0,0.2,TQQQ
2014-10-14,136.5242875437059,3.0,0.2,TQQQ
2014-10-15,135.94106973235714,3.0,0.2,TQQQ
2014-10-16,135.51830142778405,3.0,0.2,TQQQ
2014-10-17,136.57871600109468,3.0,0.2,TQQQ
2014-10-20,137.75576607543982,3.0,0.2,TQQQ
2014-10-21,139.91050106904862,3.0,0.2,TQQQ
2014-10-22,139.47681786865462,3.0,0.2,TQQQ
2014-10-23,152.229888580447,2.0,2.0,TQQQ
2014-10-24,157.4826021500326,2.0,1.5,TQQQ
2014-10-27,158.3726260643454,2.0,1.5,TQQQ
2014-10-28,168.98839768437747,2.0,1.5,TQQQ
2014-10-29,165.94325008272708,2.0,1.5,TQQQ
2014-10-30,167.49903026069953,2.0,1.5,TQQQ
2014-10-31,177.85535266986588,2.0,1.5,TQQQ
2014-11-03,180.60418511172853,1.0,1.5,TQQQ
2014-11-04,179.164614510643,1.0,0.75,TQQQ
2014-11-05,179.15005433038172,1.0,0.75,TQQQ
2014-11-06,180.30192449855363,1.0,0.75,TQQQ
2014-11-07,179.9672361804429,1.0,0.75,TQQQ
2014-11-10,181.35036586798847,1.0,0.75,TQQQ
2014-11-11,182.6428379751223,1.0,0.75,TQQQ
2014-11-12,183.39619983700402,1.0,0.75,TQQQ
2014-11-13,185.16129846877047,1.0,0.75,TQQQ
2014-11-14,186.44483517061894,1.0,0.75,TQQQ
2014-11-17,185.13542974395529,1.0,0.75,TQQQ
2014-11-18,188.2508183766074,1.0,0.75,TQQQ
2014-11-19,186.45782032860708,1.0,0.75,TQQQ
2014-11-20,188.3141510152442,1.0,0.75,TQQQ
2014-11-21,189.33252717676473,1.0,0.75,TQQQ
2014-11-24,192.53960578008267,1.0,0.75,TQQQ
2014-11-25,193.00952556871414,1.0,0.75,TQQQ
2014-11-26,195.96862249389122,1.0,0.75,TQQQ
2014-11-28,198.16272459079266,1.0,0.75,TQQQ
2014-12-01,192.676518053258,1.0,0.75,TQQQ
2014-12-02,194.22849444903704,1.0,0.75,TQQQ
2014-12-03,195.5491449641944,1.0,0.75,TQQQ
2014-12-04,195.10995094123558,1.0,0.75,TQQQ
2014-12-05,195.20916309688383,1.0,0.75,TQQQ
2014-12-08,192.04768161282385,1.0,0.75,TQQQ
2014-12-09,193.44472957394711,1.0,0.75,TQQQ
2014-12-10,186.41951104698433,2.0,0.75,TQQQ
2014-12-11,190.79775463721387,2.0,1.5,TQQQ
2014-12-12,181.33521662096814,2.0,1.5,TQQQ
2014-12-15,173.1757407354389,2.0,1.5,TQQQ
2014-12-16,171.4567189219844,3.0,0.2,TQQQ
2014-12-17,189.87231957901352,3.0,2.0,TQQQ
2014-12-18,217.7143637754794,3.0,2.0,TQQQ
2014-12-19,222.57690342122618,3.0,2.0,TQQQ
2014-12-22,226.68329212924712,3.0,2.0,TQQQ
2014-12-23,222.3470728413911,3.0,2.0,TQQQ
2014-12-24,223.27675942334193,1.0,2.0,TQQQ
2014-12-26,226.67049758772694,1.0,0.75,TQQQ
2014-12-29,226.70361229427306,1.0,0.75,TQQQ
2014-12-30,223.19445908615648,1.0,0.75,TQQQ
2014-12-31,217.95292909998062,2.0,0.75,TQQQ
2015-01-02,215.26915058409995,2.0,1.5,TQQQ
2015-01-05,200.73597288331663,2.0,1.5,TQQQ
2015-01-06,199.1440106631543,3.0,0.2,TQQQ
2015-01-07,214.46610929000187,3.0,2.0,TQQQ
2015-01-08,238.92982883236579,3.0,2.0,TQQQ
2015-01-09,229.25495950355906,3.0,2.0,TQQQ
2015-01-12,215.16235688662462,3.0,2.0,TQQQ
2015-01-13,214.7897470972662,3.0,2.0,TQQQ
2015-01-14,214.1290063409331,3.0,0.2,TQQQ
2015-01-15,212.42823356049428,2.0,0.2,TQQQ
2015-01-16,213.94191084794943,2.0,0.2,TQQQ
2015-01-20,221.04176716804247,2.0,1.5,TQQQ
2015-01-21,226.13719458202874,2.0,1.5,TQQQ
2015-01-22,245.0101363650715,2.0,1.5,TQQQ
2015-01-23,247.4592393345975,2.0,1.5,TQQQ
2015-01-26,246.6401919208615,2.0,1.5,TQQQ
2015-01-27,242.8220719100535,2.0,0.2,TQQQ
2015-01-28,241.98604844986215,2.0,0.2,TQQQ
2015-01-29,243.38645259805963,2.0,0.2,TQQQ
2015-01-30,242.26930394263383,2.0,0.2,TQQQ
2015-02-02,243.54102708327628,2.0,0.2,TQQQ
2015-02-03,253.39685578420608,1.0,0.75,SOXL
2015-02-04,255.66970855020202,1.0,0.75,SOXL
2015-02-05,260.9158879030984,1.0,0.75,SOXL
2015-02-06,257.95563771687154,1.0,0.75,SOXL
2015-02-09,256.26759276301976,1.0,0.2,SOXL
2015-02-10,275.7402809589672,1.0,0.75,SOXL
2015-02-11,277.82145987893296,1.0,0.75,SOXL
2015-02-12,287.8756654835976,1.0,0.75,SOXL
2015-02-13,292.46975543859503,1.0,0.75,SOXL
2015-02-17,294.66338085958137,1.0,0.75,SOXL
2015-02-18,292.4904021585862,1.0,0.75,SOXL
2015-02-19,294.5012874431689,1.0,0.75,SOXL
2015-02-20,298.4378975947142,1.0,0.75,SOXL
2015-02-23,293.98889560613566,1.0,0.75,SOXL
2015-02-24,302.916782296674,1.0,0.75,SOXL
2015-02-25,299.1062546652301,1.0,0.75,SOXL
2015-02-26,303.65912268750293,1.0,0.75,SOXL
2015-02-27,302.01859847793617,1.0,0.75,SOXL
2015-03-02,320.83570130621916,1.0,0.75,SOXL
2015-03-03,306.93440701950516,2.0,0.75,SOXL
2015-03-04,306.18337807222935,2.0,1.5,SOXL
2015-03-05,306.60351446504353,2.0,1.5,SOXL
2015-03-06,292.7341407171357,2.0,1.5,SOXL
2015-03-09,296.5763286363559,2.0,1.5,SOXL
2015-03-10,271.46598271304396,2.0,1.5,SOXL
2015-03-11,274.89225556178684,2.0,1.5,SOXL
2015-03-12,274.3717866338523,2.0,1.5,SOXL
2015-03-13,282.86695297639545,2.0,1.5,SOXL
2015-03-16,301.5470665639955,2.0,1.5,SOXL
2015-03-17,291.920876537994,2.0,1.5,SOXL
2015-03-18,301.53087195687937,2.0,1.5,SOXL
2015-03-19,304.8381544912568,2.0,1.5,SOXL
2015-03-20,324.9035002831488,2.0,1.5,SOXL
2015-03-23,311.2556140363735,2.0,1.5,SOXL
2015-03-24,299.3090937928765,2.0,1.5,SOXL
2015-03-25,291.1086799549332,3.0,0.2,SOXL
2015-03-26,288.7078799176915,3.0,0.2,SOXL
2015-03-27,293.4485114215557,3.0,0.2,SOXL
2015-03-30,317.902366604538,3.0,2.0,SOXL
2015-03-31,315.6657709403718,2.0,0.2,SOXL
2015-04-01,314.47776571274795,3.0,0.2,SOXL
2015-04-02,314.87377502452495,1.0,0.75,TQQQ
2015-04-06,320.5552274087248,1.0,0.75,TQQQ
2015-04-07,319.44412620157595,1.0,0.75,TQQQ
2015-04-08,325.14515056381197,1.0,0.75,TQQQ
2015-04-09,329.6841051887182,1.0,0.75,TQQQ
2015-04-10,332.64282060599606,1.0,0.75,TQQQ
2015-04-13,330.790499691242,1.0,0.75,TQQQ
2015-04-14,328.65989276319755,1.0,0.75,TQQQ
2015-04-15,333.02224145252364,1.0,0.75,TQQQ
2015-04-16,332.1534988533116,1.0,0.75,TQQQ
2015-04-17,320.5077611270499,2.0,0.75,TQQQ
2015-04-20,342.0003505572862,2.0,1.5,TQQQ
2015-04-21,348.5767574801002,2.0,1.5,TQQQ
2015-04-22,357.0515379136296,2.0,1.5,TQQQ
2015-04-23,363.4822968777716,2.0,1.5,TQQQ
2015-04-24,384.82008466940454,1.0,1.5,TQQQ
2015-04-27,382.97560784338197,1.0,0.75,TQQQ
2015-04-28,381.1036776910265,1.0,0.75,TQQQ
2015-04-29,375.651052128031,1.0,0.75,TQQQ
2015-04-30,362.4120822109207,2.0,0.75,TQQQ
2015-05-01,384.3977946053258,2.0,1.5,TQQQ
2015-05-04,386.4444402212718,2.0,1.5,TQQQ
2015-05-05,358.96822929530407,2.0,1.5,TQQQ
2015-05-06,357.4353143638857,2.0,0.2,TQQQ
2015-05-07,366.6408978888429,2.0,1.5,TQQQ
2015-05-08,386.79699232526224,2.0,1.5,TQQQ
2015-05-11,380.4293452222855,2.0,1.5,TQQQ
2015-05-12,373.0587178246507,2.0,1.5,TQQQ
2015-05-13,375.9463592180617,2.0,1.5,TQQQ
2015-05-14,400.91646884823075,1.0,1.5,TQQQ
2015-05-15,400.89003648101516,1.0,0.75,TQQQ
2015-05-18,404.5856415426937,1.0,0.75,TQQQ
2015-05-19,403.71720282446427,1.0,0.75,TQQQ
2015-05-20,404.2176944276595,1.0,0.75,TQQQ
2015-05-21,408.98250881037666,1.0,0.75,TQQQ
2015-05-22,408.1433303210584,1.0,0.75,TQQQ
2015-05-26,397.54181777311675,1.0,0.75,TQQQ
2015-05-27,411.89217355121787,1.0,0.75,TQQQ
2015-05-28,409.6152126020961,1.0,0.75,TQQQ
2015-05-29,404.4233049276482,1.0,0.75,TQQQ
2015-06-01,407.08315444888365,1.0,0.75,TQQQ
2015-06-02,404.2977764567762,1.0,0.75,TQQQ
2015-06-03,406.957859648218,1.0,0.75,TQQQ
2015-06-04,400.3089363531126,1.0,0.75,TQQQ
2015-06-05,398.03624981525803,1.0,0.75,TQQQ
2015-06-08,395.6003581977835,2.0,0.2,TQQQ
2015-06-09,395.2094595568963,2.0,0.2,TQQQ
2015-06-10,418.7020899953288,2.0,1.5,TQQQ
2015-06-11,422.1460006877176,2.0,1.5,TQQQ
2015-06-12,406.0493626502677,2.0,1.5,TQQQ
2015-06-15,404.92795295652365,2.0,0.2,TQQQ
2015-06-16,414.21099120252416,2.0,1.5,TQQQ
2015-06-17,419.41943164924413,2.0,1.5,TQQQ
2015-06-18,446.01984527799027,2.0,1.5,TQQQ
2015-06-19,435.8063161206318,2.0,1.5,TQQQ
2015-06-22,451.5771342152266,1.0,1.5,TQQQ
2015-06-23,452.4123036001098,1.0,0.75,TQQQ
2015-06-24,447.2022972522366,1.0,0.75,TQQQ
2015-06-25,445.0063013823195,1.0,0.75,TQQQ
2015-06-26,438.81214372560413,1.0,0.75,TQQQ
2015-06-29,432.60822831541157,2.0,0.2,TQQQ
2015-06-30,433.59544080635663,2.0,0.2,TQQQ
2015-07-01,435.3727032547435,2.0,0.2,TQQQ
2015-07-02,435.7015877184158,2.0,0.2,TQQQ
2015-07-06,434.96581288848023,2.0,0.2,TQQQ
2015-07-07,435.40869392744634,2.0,0.2,TQQQ
2015-07-08,431.0461739582041,2.0,0.2,TQQQ
2015-07-09,430.79543870947805,2.0,0.2,TQQQ
2015-07-10,434.799727162862,2.0,0.2,TQQQ
2015-07-13,468.1277093462558,2.0,1.5,TQQQ
2015-07-14,482.2175381626339,1.0,1.5,TQQQ
2015-07-15,483.94125524063986,1.0,0.75,TQQQ
2015-07-16,498.1214453087735,1.0,0.75,TQQQ
2015-07-17,515.2071288438023,1.0,0.75,TQQQ
2015-07-20,519.5314835077696,1.0,0.75,TQQQ
2015-07-21,518.4609414964356,1.0,0.75,TQQQ
2015-07-22,505.6984851539325,1.0,0.75,TQQQ
2015-07-23,501.1612217423797,1.0,0.75,TQQQ
2015-07-24,490.48040012115257,2.0,0.75,TQQQ
2015-07-27,471.58234182683213,2.0,1.5,TQQQ
2015-07-28,490.2312892279913,2.0,1.5,TQQQ
2015-07-29,498.46019136387883,2.0,1.5,TQQQ
2015-07-30,508.86549535768376,2.0,1.5,TQQQ
2015-07-31,506.530331596752,2.0,1.5,TQQQ
2015-08-03,499.53558917274916,2.0,1.5,TQQQ
2015-08-04,494.7056664558164,2.0,1.5,TQQQ
2015-08-05,512.0865733637694,2.0,1.5,TQQQ
2015-08-06,475.21988363275113,2.0,1.5,TQQQ
2015-08-07,472.3841640083538,2.0,1.5,TQQQ
2015-08-10,496.31500220990404,2.0,1.5,TQQQ
2015-08-11,467.9294478121574,2.0,1.5,TQQQ
2015-08-12,474.1189082367015,2.0,1.5,TQQQ
2015-08-13,470.91838419224365,2.0,1.5,TQQQ
2015-08-14,474.72604328989286,2.0,1.5,TQQQ
2015-08-17,492.21404395349293,2.0,1.5,TQQQ
2015-08-18,480.43619793896164,2.0,1.5,TQQQ
2015-08-19,478.63133712824316,2.0,0.2,TQQQ
2015-08-20,470.74897612111556,3.0,0.2,TQQQ
2015-08-21,459.03631191434414,2.0,0.2,TQQQ
2015-08-24,448.15967473789436,3.0,0.2,TQQQ
2015-08-25,445.22100927689627,1.0,0.2,SOXL
2015-08-26,458.072084255297,1.0,0.2,TQQQ
2015-08-27,465.2310080608293,1.0,0.2,TQQQ
2015-08-28,465.15556436674586,1.0,0.2,TQQQ
2015-08-31,461.70123641640913,1.0,0.2,TQQQ
2015-09-01,453.3243599956256,2.0,0.2,TQQQ
2015-09-02,460.69941063165794,2.0,0.2,TQQQ
2015-09-03,459.1788590578668,2.0,0.2,TQQQ
2015-09-04,456.1069947997922,2.0,0.2,TQQQ
2015-09-08,463.85020471283394,2.0,0.2,TQQQ
2015-09-09,460.62095384088593,2.0,0.2,TQQQ
2015-09-10,463.5664650403557,2.0,0.2,TQQQ
2015-09-11,465.0656123242863,1.0,0.2,TQQQ
2015-09-14,464.2348673710565,1.0,0.2,TQQQ
2015-09-15,467.4759395987506,1.0,0.2,TQQQ
2015-09-16,469.0387472775954,1.0,0.2,TQQQ
2015-09-17,469.2972936819317,1.0,0.2,TQQQ
2015-09-18,465.3258523414904,1.0,0.2,TQQQ
2015-09-21,466.1176741035764,1.0,0.2,TQQQ
2015-09-22,462.00516782427945,2.0,0.2,TQQQ
2015-09-23,462.1525391073539,2.0,0.2,TQQQ
2015-09-24,461.08289575480387,2.0,0.2,TQQQ
2015-09-25,458.84434344450966,2.0,0.2,TQQQ
2015-09-28,450.93429434112204,3.0,0.2,TQQQ
2015-09-29,449.5979375862744,3.0,0.2,TQQQ
2015-09-30,455.5463841946705,3.0,0.2,TQQQ
2015-10-01,456.8212427349995,3.0,0.2,TQQQ
2015-10-02,461.5646045590714,3.0,0.2,TQQQ
2015-10-05,465.77328254378523,3.0,0.2,TQQQ
2015-10-06,464.4416867319853,2.0,0.2,TQQQ
2015-10-07,465.9340993020834,2.0,0.2,TQQQ
2015-10-08,467.07273634859496,2.0,0.2,TQQQ
2015-10-09,468.20986052297013,2.0,0.2,TQQQ
2015-10-12,468.9981981201128,2.0,0.2,TQQQ
2015-10-13,467.16172215668956,2.0,0.2,TQQQ
2015-10-14,466.7639421712689,2.0,0.2,TQQQ
2015-10-15,471.3255929107068,2.0,0.2,TQQQ
2015-10-16,472.49671480832546,2.0,0.2,TQQQ
2015-10-19,485.202717498895,2.0,1.5,TQQQ
2015-10-20,483.5942115187649,1.0,0.2,TQQQ
2015-10-21,482.03813796966716,1.0,0.2,TQQQ
2015-10-22,503.46800642050596,1.0,0.75,TQQQ
2015-10-23,534.8681730294685,1.0,0.75,TQQQ
2015-10-26,536.0593269668299,1.0,0.75,TQQQ
2015-10-27,538.6776974315031,1.0,0.75,TQQQ
2015-10-28,548.0480408528599,1.0,0.75,TQQQ
2015-10-29,546.5289230442154,1.0,0.75,TQQQ
2015-10-30,540.9197701428885,1.0,0.75,TQQQ
2015-11-02,554.7535058251127,1.0,0.75,TQQQ
2015-11-03,558.7215963442725,1.0,0.75,TQQQ
2015-11-04,558.8892768825388,1.0,0.75,TQQQ
2015-11-05,555.1995462383296,1.0,0.75,TQQQ
2015-11-06,556.57782097324,1.0,0.75,TQQQ
2015-11-09,543.1414293832273,1.0,0.75,TQQQ
2015-11-10,540.2625463563381,1.0,0.75,TQQQ
2015-11-11,538.4642643476674,1.0,0.75,TQQQ
2015-11-12,526.7451529668399,2.0,0.75,TQQQ
2015-11-13,480.27179184428553,2.0,1.5,TQQQ
2015-11-16,510.3082466933744,2.0,1.5,TQQQ
2015-11-17,512.9456311545213,2.0,1.5,TQQQ
2015-11-18,557.0500072526694,2.0,1.5,TQQQ
2015-11-19,558.3026291655766,2.0,1.5,TQQQ
2015-11-20,574.9457144204285,2.0,1.5,TQQQ
2015-11-23,567.9844274810939,2.0,1.5,TQQQ
2015-11-24,565.3234395720431,2.0,1.5,TQQQ
2015-11-25,567.2113696215455,2.0,1.5,TQQQ
2015-11-27,570.2909311529933,1.0,1.5,TQQQ
2015-11-30,567.5913821026693,1.0,0.75,TQQQ
2015-12-01,580.2335963106275,1.0,0.75,TQQQ
2015-12-02,572.3193830325923,1.0,0.75,TQQQ
2015-12-03,550.4283859410757,2.0,0.75,TQQQ
2015-12-04,607.1513343459777,2.0,1.5,TQQQ
2015-12-07,596.0133699227472,2.0,1.5,TQQQ
2015-12-08,596.0864633077032,2.0,1.5,TQQQ
2015-12-09,554.4311488124689,2.0,1.5,TQQQ
2015-12-10,566.2244182969469,2.0,1.5,TQQQ
2015-12-11,507.990047083869,2.0,1.5,TQQQ
2015-12-14,525.0794352257054,2.0,1.5,TQQQ
2015-12-15,538.4549462887692,2.0,1.5,TQQQ
2015-12-16,574.1393921480379,2.0,1.5,TQQQ
2015-12-17,538.27351150955,2.0,1.5,TQQQ
2015-12-18,493.9243701197722,2.0,1.5,TQQQ
2015-12-21,515.9312651288424,2.0,1.5,TQQQ
2015-12-22,530.5842135560977,2.0,1.5,TQQQ
2015-12-23,548.7912087612693,2.0,1.5,TQQQ
2015-12-24,547.0981237399153,2.0,1.5,TQQQ
2015-12-28,546.8868648355544,2.0,1.5,TQQQ
2015-12-29,584.2995781623198,2.0,1.5,TQQQ
2015-12-30,561.9093460633753,2.0,1.5,TQQQ
2015-12-31,530.6478389442693,2.0,1.5,TQQQ
2016-01-04,524.1628093412747,2.0,0.2,TQQQ
2016-01-05,523.2244087390144,2.0,0.2,TQQQ
2016-01-06,520.4185110488143,3.0,0.2,TQQQ
2016-01-07,510.51729983069333,3.0,0.2,TQQQ
2016-01-08,508.1064889938921,3.0,0.2,TQQQ
2016-01-11,508.9960771879634,3.0,0.2,TQQQ
2016-01-12,512.4302651283534,3.0,0.2,TQQQ
2016-01-13,501.7084385582586,3.0,0.2,TQQQ
2016-01-14,508.1995375058747,3.0,0.2,TQQQ
2016-01-15,498.8578724224947,3.0,0.2,TQQQ
2016-01-19,499.28116236130626,2.0,0.2,TQQQ
2016-01-20,498.3772369971003,3.0,0.2,TQQQ
2016-01-21,498.74142324762545,3.0,0.2,TQQQ
2016-01-22,507.33620285953356,3.0,0.2,TQQQ
2016-01-25,502.76737954432383,3.0,0.2,TQQQ
2016-01-26,505.63795990860876,3.0,0.2,TQQQ
2016-01-27,498.114633285427,3.0,0.2,TQQQ
2016-01-28,502.0447165208331,3.0,0.2,TQQQ
2016-01-29,508.585917934388,3.0,0.2,TQQQ
2016-02-01,509.1617196218353,3.0,0.2,TQQQ
2016-02-02,502.6988416034078,2.0,0.2,TQQQ
2016-02-03,501.27694417784164,3.0,0.2,TQQQ
2016-02-04,501.09716361633065,3.0,0.2,TQQQ
2016-02-05,490.7871875904518,3.0,0.2,TQQQ
2016-02-08,486.30582301135473,3.0,0.2,TQQQ
2016-02-09,484.4137921212461,1.0,0.2,SOXL
2016-02-10,485.56552549050224,1.0,0.2,TQQQ
2016-02-11,485.33467583734875,1.0,0.2,TQQQ
2016-02-12,489.47151997820015,1.0,0.2,TQQQ
2016-02-16,495.98730281820787,1.0,0.2,TQQQ
2016-02-17,502.84058681845875,1.0,0.2,TQQQ
2016-02-18,499.4250649379412,1.0,0.2,TQQQ
2016-02-19,500.46146296711976,1.0,0.2,TQQQ
2016-02-22,505.1897169765192,1.0,0.2,TQQQ
2016-02-23,500.1541631775364,1.0,0.2,TQQQ
2016-02-24,503.12983295475595,1.0,0.2,TQQQ
2016-02-25,505.90619414988134,1.0,0.2,TQQQ
2016-02-26,505.67400271923833,1.0,0.2,TQQQ
2016-02-29,502.99880412240776,1.0,0.2,TQQQ
2016-03-01,512.6250116034962,1.0,0.2,TQQQ
2016-03-02,519.1669684121174,1.0,0.75,SOXL
2016-03-03,520.0020616278316,1.0,0.75,SOXL
2016-03-04,532.3568100840805,1.0,0.75,SOXL
2016-03-07,536.8299922147262,1.0,0.75,SOXL
2016-03-08,529.5165716138974,2.0,0.2,SOXL
2016-03-09,549.1022134408897,2.0,1.5,SOXL
2016-03-10,560.0749860478031,2.0,1.5,SOXL
2016-03-11,609.954130620072,2.0,1.5,SOXL
2016-03-14,599.3326000486348,2.0,1.5,SOXL
2016-03-15,594.2351123522607,2.0,1.5,SOXL
2016-03-16,618.9243141064561,2.0,1.5,SOXL
2016-03-17,639.1628097844776,1.0,1.5,SOXL
2016-03-18,658.3151558451308,1.0,0.75,SOXL
2016-03-21,660.7093427183746,1.0,0.75,SOXL
2016-03-22,659.4216898904725,1.0,0.75,SOXL
2016-03-23,639.5433828226362,1.0,0.75,SOXL
2016-03-24,638.4273469766525,1.0,0.75,SOXL
2016-03-28,637.8691134080888,1.0,0.75,SOXL
2016-03-29,656.1118080680477,1.0,0.75,SOXL
2016-03-30,670.8668608191848,1.0,0.75,SOXL
2016-03-31,662.2615051336463,1.0,0.75,SOXL
2016-04-01,672.0077025050263,1.0,0.75,SOXL
2016-04-04,658.0989693389025,1.0,0.75,SOXL
2016-04-05,649.2521796051597,1.0,0.75,SOXL
2016-04-06,664.0643359478635,1.0,0.75,SOXL
2016-04-07,640.7238160839684,2.0,0.75,SOXL
2016-04-08,655.2351643717043,2.0,1.5,SOXL
2016-04-11,653.7356574735675,2.0,1.5,SOXL
2016-04-12,650.739082123758,2.0,1.5,SOXL
2016-04-13,717.3092658769971,2.0,1.5,SOXL
2016-04-14,691.0657871026295,2.0,1.5,SOXL
2016-04-15,663.2457122165214,2.0,1.5,SOXL
2016-04-18,664.7486248567905,2.0,1.5,SOXL
2016-04-19,626.7598195146957,2.0,1.5,SOXL
2016-04-20,654.4109326234027,2.0,1.5,SOXL
2016-04-21,637.2092269636678,2.0,1.5,SOXL
2016-04-22,642.3979974805409,2.0,1.5,SOXL
2016-04-25,624.931850317603,2.0,1.5,SOXL
2016-04-26,662.4866839873247,2.0,1.5,SOXL
2016-04-27,694.3852758038286,2.0,1.5,SOXL
2016-04-28,610.5404822547231,2.0,1.5,SOXL
2016-04-29,540.2060131509303,3.0,1.5,SOXL
2016-05-02,562.559580620752,3.0,2.0,SOXL
2016-05-03,525.0234077216734,3.0,2.0,SOXL
2016-05-04,521.26176787729,3.0,0.2,SOXL
2016-05-05,522.0648365350567,2.0,0.2,SOXL
2016-05-06,522.4873704692214,3.0,0.2,SOXL
2016-05-09,522.0193939247315,3.0,0.2,SOXL
2016-05-10,525.9174706661302,3.0,0.2,SOXL
2016-05-11,524.9595932527259,3.0,0.2,SOXL
2016-05-12,519.3998906220462,3.0,0.2,SOXL
2016-05-13,520.6479859893205,3.0,0.2,SOXL
2016-05-16,525.4978392351486,3.0,0.2,SOXL
2016-05-17,523.4343592158747,3.0,0.2,SOXL
2016-05-18,574.2176232624015,3.0,2.0,SOXL
2016-05-19,571.9753134730043,2.0,0.2,SOXL
2016-05-20,651.8286286550724,2.0,1.5,SOXL
2016-05-23,673.1262021921485,2.0,1.5,SOXL
2016-05-24,746.3093594300981,1.0,1.5,SOXL
2016-05-25,756.2212625572621,1.0,0.75,SOXL
2016-05-26,761.8608854067893,1.0,0.75,SOXL
2016-05-27,772.3084597443607,1.0,0.75,SOXL
2016-05-31,781.7087503075501,1.0,0.75,SOXL
2016-06-01,791.8685763879209,1.0,0.75,SOXL
2016-06-02,791.4719746394478,1.0,0.75,SOXL
2016-06-03,797.027003038146,1.0,0.75,SOXL
2016-06-06,792.474396827238,1.0,0.75,SOXL
2016-06-07,809.9265497241778,1.0,0.75,SOXL
2016-06-08,808.3511323854539,1.0,0.75,SOXL
2016-06-09,810.7154074173671,1.0,0.75,SOXL
2016-06-10,780.2053939862935,2.0,0.75,SOXL
2016-06-13,764.2501686294619,2.0,1.5,SOXL
2016-06-14,761.0814256172284,2.0,1.5,SOXL
2016-06-15,761.4769112512632,2.0,1.5,SOXL
2016-06-16,760.2901711690313,2.0,1.5,SOXL
2016-06-17,731.8190246744549,2.0,1.5,SOXL
2016-06-20,768.903968801097,2.0,1.5,SOXL
2016-06-21,780.8062350804705,2.0,1.5,SOXL
2016-06-22,775.6222455417995,2.0,1.5,SOXL
2016-06-23,866.3412941228885,2.0,1.5,SOXL
2016-06-24,837.0968460590972,2.0,0.2,SOXL
2016-06-27,817.1599040756766,3.0,0.2,SOXL
2016-06-28,830.2598587652357,3.0,0.2,SOXL
2016-06-29,930.171403843326,3.0,2.0,SOXL
2016-06-30,1031.5294835085047,2.0,2.0,SOXL
2016-07-01,981.562772992067,2.0,1.5,SOXL
2016-07-05,971.6634066653896,3.0,0.2,SOXL
2016-07-06,972.49818926886,3.0,0.2,SOXL
2016-07-07,1043.5823590928933,3.0,2.0,SOXL
2016-07-08,1218.9483244287983,3.0,2.0,SOXL
2016-07-11,1299.0862745078114,3.0,2.0,SOXL
2016-07-12,1405.2756970647008,1.0,2.0,SOXL
2016-07-13,1407.989796157327,1.0,0.75,SOXL
2016-07-14,1431.0416936836739,1.0,0.75,SOXL
2016-07-15,1428.6815377245507,1.0,0.75,SOXL
2016-07-18,1476.9265524131517,1.0,0.75,SOXL
2016-07-19,1463.9111792394933,1.0,0.75,SOXL
2016-07-20,1516.7988494606764,1.0,0.75,SOXL
2016-07-21,1492.9746809572723,1.0,0.75,SOXL
2016-07-22,1510.6056749204179,1.0,0.75,SOXL
2016-07-25,1528.830936192755,1.0,0.75,SOXL
2016-07-26,1668.7757817950974,1.0,0.75,SOXL
2016-07-27,1661.0702166620551,1.0,0.75,SOXL
2016-07-28,1641.4538225999388,1.0,0.75,SOXL
2016-07-29,1622.7268527419383,1.0,0.75,SOXL
2016-08-01,1629.2092250039527,1.0,0.75,SOXL
2016-08-02,1570.6226811078952,2.0,0.75,SOXL
2016-08-03,1587.011172651662,2.0,1.5,SOXL
2016-08-04,1648.8418602607123,2.0,1.5,SOXL
2016-08-05,1743.429801381999,2.0,1.5,SOXL
2016-08-08,1732.5746802293602,2.0,1.5,SOXL
2016-08-09,1799.5955913629002,2.0,1.5,SOXL
2016-08-10,1737.2172250791489,2.0,1.5,SOXL
2016-08-11,1774.4713471129987,2.0,1.5,SOXL
2016-08-12,1808.5788728319308,2.0,1.5,SOXL
2016-08-15,1921.1575389020388,1.0,1.5,SOXL
2016-08-16,1890.3519613940612,1.0,0.75,SOXL
2016-08-17,1889.6478849721873,1.0,0.75,SOXL
2016-08-18,1920.977505506696,1.0,0.75,SOXL
2016-08-19,1958.4402466937681,1.0,0.75,SOXL
2016-08-22,1960.179907665245,1.0,0.75,SOXL
2016-08-23,1983.829648068136,1.0,0.75,SOXL
2016-08-24,1945.3774689083596,1.0,0.75,SOXL
2016-08-25,1963.1618465152333,1.0,0.75,SOXL
2016-08-26,1983.6743679943181,1.0,0.75,SOXL
2016-08-29,1998.918837106184,1.0,0.75,SOXL
2016-08-30,1985.7864072748202,1.0,0.75,SOXL
2016-08-31,1986.82552587492,1.0,0.75,SOXL
2016-09-01,2025.9571590272333,1.0,0.75,SOXL
2016-09-02,2017.6990999021998,1.0,0.75,SOXL
2016-09-06,2004.950611917912,1.0,0.75,SOXL
2016-09-07,1971.8036710075983,1.0,0.75,SOXL
2016-09-08,1965.206520307247,1.0,0.75,SOXL
2016-09-09,1802.8674594792437,2.0,0.75,SOXL
2016-09-12,1964.8543180373374,2.0,1.5,SOXL
2016-09-13,1879.3628665330032,2.0,1.5,SOXL
2016-09-14,1959.948742943136,2.0,1.5,SOXL
2016-09-15,2163.1066213774566,1.0,1.5,SOXL
2016-09-16,2163.8663282402517,1.0,0.75,SOXL
2016-09-19,2171.844556315511,1.0,0.75,SOXL
2016-09-20,2151.355033770765,1.0,0.75,SOXL
2016-09-21,2214.541126928292,1.0,0.75,SOXL
2016-09-22,2233.7703144314755,1.0,0.75,SOXL
2016-09-23,2180.38258706894,1.0,0.75,SOXL
2016-09-26,2129.588132846882,2.0,0.75,SOXL
2016-09-27,2301.5343203622297,2.0,1.5,SOXL
2016-09-28,2324.2616201684523,2.0,1.5,SOXL
2016-09-29,2452.4265632422707,2.0,1.5,SOXL
2016-09-30,2623.6738697444066,1.0,1.5,SOXL
2016-10-03,2582.773303055669,1.0,0.75,SOXL
2016-10-04,2567.9709176239594,1.0,0.75,SOXL
2016-10-05,2612.8760936934514,1.0,0.75,SOXL
2016-10-06,2646.8751003553075,1.0,0.75,SOXL
2016-10-07,2635.4543779346473,1.0,0.75,SOXL
2016-10-10,2606.04434617541,1.0,0.75,SOXL
2016-10-11,2483.8601354010993,2.0,0.75,SOXL
2016-10-12,2442.1749449974,2.0,1.5,SOXL
2016-10-13,2309.5392114456067,2.0,1.5,SOXL
2016-10-14,2394.1340347597115,2.0,1.5,SOXL
2016-10-17,2333.222540096087,2.0,1.5,SOXL
2016-10-18,2461.3366555289035,2.0,1.5,SOXL
2016-10-19,2406.529523050431,2.0,1.5,SOXL
2016-10-20,2484.0011225801845,2.0,1.5,SOXL
2016-10-21,2454.018948243069,2.0,1.5,SOXL
2016-10-24,2658.8881782183157,2.0,1.5,SOXL
2016-10-25,2649.523609765182,1.0,1.5,SOXL
2016-10-26,2638.044953347914,1.0,0.75,SOXL
2016-10-27,2611.647242665922,2.0,0.75,SOXL
2016-10-28,2544.148530246867,2.0,1.5,SOXL
2016-10-31,2604.2796664750394,2.0,1.5,SOXL
2016-11-01,2494.179895950967,2.0,1.5,SOXL
2016-11-02,2419.3214040453713,2.0,1.5,SOXL
2016-11-03,2395.1785319605956,2.0,1.5,SOXL
2016-11-04,2332.117249406409,2.0,1.5,SOXL
2016-11-07,2634.733219271631,2.0,1.5,SOXL
2016-11-08,2660.385862251113,2.0,1.5,SOXL
2016-11-09,2596.906947480096,2.0,1.5,SOXL
2016-11-10,2352.703457064084,2.0,1.5,SOXL
2016-11-11,2750.758391100452,2.0,1.5,SOXL
2016-11-14,2681.630266997961,2.0,1.5,SOXL
2016-11-15,2913.8100161749785,1.0,1.5,SOXL
2016-11-16,2989.50101170162,1.0,0.75,SOXL
2016-11-17,3062.81254944303,1.0,0.75,SOXL
2016-11-18,3110.001773298642,1.0,0.75,SOXL
2016-11-21,3141.015951451596,1.0,0.75,SOXL
2016-11-22,3235.4697162837633,1.0,0.75,SOXL
2016-11-23,3245.249286139879,1.0,0.75,SOXL
2016-11-25,3255.443719916771,1.0,0.75,SOXL
2016-11-28,3235.075946015814,1.0,0.75,SOXL
2016-11-29,3221.043746734005,1.0,0.75,SOXL
2016-11-30,3177.6080247630357,1.0,0.75,SOXL
2016-12-01,2825.1113291199435,2.0,0.75,SOXL
2016-12-02,2989.3675765726316,2.0,1.5,SOXL
2016-12-05,3153.053195914198,2.0,1.5,SOXL
2016-12-06,3349.2327937534906,2.0,1.5,SOXL
2016-12-07,3667.291547076124,2.0,1.5,SOXL
2016-12-08,3808.218194482795,2.0,1.5,SOXL
2016-12-09,3736.38311178944,2.0,1.5,SOXL
2016-12-12,3609.274452933372,2.0,1.5,SOXL
2016-12-13,3791.9281180265657,2.0,1.5,SOXL
2016-12-14,3779.1589101198406,2.0,1.5,SOXL
2016-12-15,4077.4107776762526,1.0,1.5,SOXL
2016-12-16,3977.8555669081766,1.0,0.75,SOXL
2016-12-19,4070.642058600676,1.0,0.75,SOXL
2016-12-20,4156.265096120031,1.0,0.75,SOXL
2016-12-21,4156.265096120031,1.0,0.75,SOXL
2016-12-22,4206.533734012746,1.0,0.75,SOXL
2016-12-23,4253.474972232857,1.0,0.75,SOXL
2016-12-27,4369.873920060599,1.0,0.75,SOXL
2016-12-28,4179.297132784455,2.0,0.75,SOXL
2016-12-29,4178.253840938336,2.0,1.5,SOXL
2016-12-30,3883.293212742955,2.0,1.5,SOXL
2017-01-03,3892.474320330649,2.0,1.5,SOXL
2017-01-04,3945.5616931792374,2.0,1.5,SOXL
2017-01-05,3782.5016458581163,2.0,1.5,SOXL
2017-01-06,3918.9878249899075,2.0,1.5,SOXL
2017-01-09,4108.222211300865,2.0,1.5,SOXL
2017-01-10,4201.71620766246,2.0,1.5,SOXL
2017-01-11,4261.373506101132,2.0,1.5,SOXL
2017-01-12,4096.285769374767,2.0,1.5,SOXL
2017-01-13,4212.492507550189,2.0,1.5,SOXL
2017-01-17,3908.8068385660436,2.0,1.5,SOXL
2017-01-18,4153.787030536779,2.0,1.5,SOXL
2017-01-19,4068.4091821180778,2.0,1.5,SOXL
2017-01-20,4305.192721731036,2.0,1.5,SOXL
2017-01-23,4177.743703705262,2.0,1.5,SOXL
2017-01-24,4549.988050946053,2.0,1.5,SOXL
2017-01-25,4850.125832074015,1.0,1.5,SOXL
2017-01-26,4786.644813848707,1.0,0.75,SOXL
2017-01-27,4922.965486141153,1.0,0.75,SOXL
2017-01-30,4864.143795972269,1.0,0.75,SOXL
2017-01-31,4721.95886955728,2.0,0.75,SOXL
2017-02-01,5058.928079570937,2.0,1.5,SOXL
2017-02-02,5039.720790709284,2.0,1.5,SOXL
2017-02-03,5170.6200861015595,2.0,1.5,SOXL
2017-02-06,5251.424089235444,2.0,1.5,SOXL
2017-02-07,5338.362596845386,2.0,1.5,SOXL
2017-02-08,5377.468427197313,2.0,1.5,SOXL
2017-02-09,5166.477317916615,2.0,1.5,SOXL
2017-02-10,5148.275899475078,2.0,1.5,SOXL
2017-02-13,5202.810766607971,2.0,1.5,SOXL
2017-02-14,5120.720796467318,1.0,1.5,SOXL
2017-02-15,5216.550270181958,1.0,0.75,SOXL
2017-02-16,5231.202139474863,1.0,0.75,SOXL
2017-02-17,5294.2665836169435,1.0,0.75,SOXL
2017-02-21,5464.758812302636,1.0,0.75,SOXL
2017-02-22,5465.313453287544,1.0,0.75,SOXL
2017-02-23,5261.613452036321,1.0,0.75,SOXL
2017-02-24,5254.867600517407,2.0,0.75,SOXL
2017-02-27,5482.129457928879,2.0,1.5,SOXL
2017-02-28,5163.836298918203,2.0,1.5,SOXL
2017-03-01,5527.144124881511,2.0,1.5,SOXL
2017-03-02,5269.988653851785,2.0,1.5,SOXL
2017-03-03,5255.368632276542,2.0,1.5,SOXL
2017-03-06,5267.728801764348,2.0,1.5,SOXL
2017-03-07,5322.824547313043,2.0,1.5,SOXL
2017-03-08,5381.501168944287,2.0,1.5,SOXL
2017-03-09,5420.006631604574,2.0,1.5,SOXL
2017-03-10,5700.390827911266,1.0,1.5,SOXL
2017-03-13,5799.640719170926,1.0,0.75,SOXL
2017-03-14,5759.476391807147,1.0,0.75,SOXL
2017-03-15,5864.145572835025,1.0,0.75,SOXL
2017-03-16,5846.995024880258,1.0,0.75,SOXL
2017-03-17,5871.030750939851,1.0,0.75,SOXL
2017-03-20,5969.325118244635,1.0,0.75,SOXL
2017-03-21,5657.861698946156,2.0,0.75,SOXL
2017-03-22,5928.831198164325,2.0,1.5,SOXL
2017-03-23,5860.627449371585,2.0,1.5,SOXL
2017-03-24,6045.699608400157,2.0,1.5,SOXL
2017-03-27,6093.035234227244,2.0,1.5,SOXL
2017-03-28,6184.398167771326,2.0,1.5,SOXL
2017-03-29,6106.893174952124,2.0,1.5,SOXL
2017-03-30,6263.6212639003525,2.0,1.5,SOXL
2017-03-31,6245.66235547853,2.0,1.5,SOXL
2017-04-03,6082.984494179311,2.0,1.5,SOXL
2017-04-04,6103.71737717128,1.0,0.75,TQQQ
2017-04-05,6051.425207746456,1.0,0.75,TQQQ
2017-04-06,6055.060942436016,1.0,0.75,TQQQ
2017-04-07,6049.869277134057,1.0,0.75,TQQQ
2017-04-10,6055.062427928213,1.0,0.75,TQQQ
2017-04-11,5997.959393533188,1.0,0.75,TQQQ
2017-04-12,5938.590539280004,1.0,0.75,TQQQ
2017-04-13,5885.81531438258,1.0,0.75,TQQQ
2017-04-17,5990.633236081602,1.0,0.75,TQQQ
2017-04-18,5977.607125661516,1.0,0.75,TQQQ
2017-04-19,5993.249883370318,1.0,0.75,TQQQ
2017-04-20,6102.132020230326,1.0,0.75,TQQQ
2017-04-21,6100.0617177590775,1.0,0.75,TQQQ
2017-04-24,6266.323110519311,1.0,0.75,TQQQ
2017-04-25,6370.545066810496,1.0,0.75,TQQQ
2017-04-26,6349.6095742683265,1.0,0.75,TQQQ
2017-04-27,6432.931809586793,1.0,0.75,TQQQ
2017-04-28,6460.417413656592,1.0,0.75,TQQQ
2017-05-01,6582.40154128371,1.0,0.75,TQQQ
2017-05-02,6611.700591782026,1.0,0.75,TQQQ
2017-05-03,6562.773010406332,1.0,0.75,TQQQ
2017-05-04,6567.830921579906,1.0,0.75,TQQQ
2017-05-05,6621.415482541189,1.0,0.75,TQQQ
2017-05-08,6651.1623373782795,1.0,0.75,TQQQ
2017-05-09,6706.035472626959,1.0,0.75,TQQQ
2017-05-10,6714.066683995658,1.0,0.75,TQQQ
2017-05-11,6702.022710131082,1.0,0.75,TQQQ
2017-05-12,6734.66255052875,1.0,0.75,TQQQ
2017-05-15,6781.788555745543,1.0,0.75,TQQQ
2017-05-16,6845.811827297084,1.0,0.75,TQQQ
2017-05-17,6457.381515236797,2.0,0.75,TQQQ
2017-05-18,6702.637224217183,2.0,1.5,TQQQ
2017-05-19,6824.204237404965,2.0,1.5,TQQQ
2017-05-22,7089.518643918902,2.0,1.5,TQQQ
2017-05-23,7115.754074229156,2.0,1.5,TQQQ
2017-05-24,7262.86007905209,2.0,1.5,TQQQ
2017-05-25,7549.55202455462,2.0,1.5,TQQQ
2017-05-26,7597.767144563177,2.0,1.5,TQQQ
2017-05-30,7621.391441102246,2.0,1.5,TQQQ
2017-05-31,7607.419009141275,2.0,1.5,TQQQ
2017-06-01,7743.839967048413,1.0,1.5,TQQQ
2017-06-02,7942.117266721889,1.0,0.75,TQQQ
2017-06-05,7937.295587019579,1.0,0.75,TQQQ
2017-06-06,7869.769391304292,1.0,0.75,TQQQ
2017-06-07,7934.2640895248505,1.0,0.75,TQQQ
2017-06-08,7950.3438725625865,1.0,0.75,TQQQ
2017-06-09,7519.155028440868,2.0,0.75,TQQQ
2017-06-12,7314.919745417254,2.0,1.5,TQQQ
2017-06-13,7571.3709054981855,2.0,1.5,TQQQ
2017-06-14,7419.2411032027285,2.0,1.5,TQQQ
2017-06-15,7269.235123031116,2.0,1.5,TQQQ
2017-06-16,7138.608256225292,2.0,1.5,TQQQ
2017-06-19,7656.888960353073,2.0,1.5,TQQQ
2017-06-20,7396.705618507013,2.0,1.5,TQQQ
2017-06-21,7718.9779217592695,2.0,1.5,TQQQ
2017-06-22,7705.773821971169,2.0,1.5,TQQQ
2017-06-23,7835.547499531579,1.0,1.5,TQQQ
2017-06-26,7757.582984574877,2.0,0.75,TQQQ
2017-06-27,7117.342857924796,2.0,1.5,TQQQ
2017-06-28,7565.4955021969645,2.0,1.5,TQQQ
2017-06-29,6987.423266610057,2.0,1.5,TQQQ
2017-06-30,6951.0620335496105,2.0,1.5,TQQQ
2017-07-03,6913.196157386111,2.0,0.2,TQQQ
2017-07-05,7209.00832184062,2.0,1.5,TQQQ
2017-07-06,7170.93819513286,2.0,0.2,TQQQ
2017-07-07,7493.18771960775,2.0,1.5,TQQQ
2017-07-10,7728.3553710008455,2.0,1.5,TQQQ
2017-07-11,7823.3824408644505,2.0,1.5,TQQQ
2017-07-12,8241.12161183015,2.0,1.5,TQQQ
2017-07-13,8322.792770999624,2.0,1.5,TQQQ
2017-07-14,8616.10281613796,2.0,1.5,TQQQ
2017-07-17,8623.312061839695,2.0,1.5,TQQQ
2017-07-18,8880.424543621784,2.0,1.5,TQQQ
2017-07-19,9124.274912101175,2.0,1.5,TQQQ
2017-07-20,9175.686129455393,2.0,1.5,TQQQ
2017-07-21,9154.836382247882,2.0,1.5,TQQQ
2017-07-24,9333.74923671466,1.0,1.5,TQQQ
2017-07-25,9286.88315628891,1.0,0.75,TQQQ
2017-07-26,9349.27062704382,1.0,0.75,TQQQ
2017-07-27,9224.156194943647,1.0,0.75,TQQQ
2017-07-28,9201.867451115128,1.0,0.75,TQQQ
2017-07-31,9112.022207155776,1.0,0.75,TQQQ
2017-08-01,9156.78506935539,1.0,0.75,TQQQ
2017-08-02,9010.344230643594,1.0,0.75,SOXL
2017-08-03,8930.162611003212,1.0,0.75,SOXL
2017-08-04,8937.471935743491,1.0,0.75,SOXL
2017-08-07,9286.115103090979,1.0,0.75,SOXL
2017-08-08,9213.205240578223,1.0,0.75,SOXL
2017-08-09,9145.170581904245,1.0,0.75,SOXL
2017-08-10,8992.509166408701,2.0,0.2,SOXL
2017-08-11,9022.19370414552,2.0,0.2,SOXL
2017-08-14,10070.19031023464,2.0,1.5,SOXL
2017-08-15,10181.618337216953,2.0,1.5,SOXL
2017-08-16,10250.321467820775,2.0,1.5,SOXL
2017-08-17,10086.991229386396,2.0,0.2,SOXL
2017-08-18,10105.481568091947,2.0,0.2,SOXL
2017-08-21,10062.195279372203,2.0,0.2,SOXL
2017-08-22,10157.66414993674,2.0,0.2,SOXL
2017-08-23,10184.555340711251,2.0,0.2,SOXL
2017-08-24,10182.136551475782,1.0,0.2,SOXL
2017-08-25,10151.758240853907,2.0,0.2,SOXL
2017-08-28,10167.577250460477,2.0,0.2,SOXL
2017-08-29,10181.96908411582,2.0,0.2,SOXL
2017-08-30,10959.736790733727,2.0,1.5,SOXL
2017-08-31,11441.764276030397,2.0,1.5,SOXL
2017-09-01,11666.47856210105,2.0,1.5,SOXL
2017-09-05,11432.169543307484,1.0,0.75,TQQQ
2017-09-06,11506.227840707561,1.0,0.75,TQQQ
2017-09-07,11559.559734716973,1.0,0.75,TQQQ
2017-09-08,11345.804402996755,1.0,0.75,TQQQ
2017-09-11,11616.79397064131,1.0,0.75,TQQQ
2017-09-12,11690.471809215273,1.0,0.75,TQQQ
2017-09-13,11726.855808024857,1.0,0.75,TQQQ
2017-09-14,11578.441758825551,1.0,0.75,TQQQ
2017-09-15,11648.404184310199,1.0,0.75,TQQQ
2017-09-18,11627.154133677212,1.0,0.75,TQQQ
2017-09-19,11664.366214640346,1.0,0.75,TQQQ
2017-09-20,11591.539455883389,1.0,0.75,TQQQ
2017-09-21,11424.294357527964,1.0,0.75,TQQQ
2017-09-22,11402.904988500974,1.0,0.75,TQQQ
2017-09-25,11134.59873952168,2.0,0.75,TQQQ
2017-09-26,11248.648358305622,2.0,1.5,TQQQ
2017-09-27,11706.386428012767,2.0,1.5,TQQQ
2017-09-28,11676.615991789327,2.0,1.5,TQQQ
2017-09-29,12047.641949554802,2.0,1.5,TQQQ
2017-10-02,12098.255564483563,2.0,1.5,TQQQ
2017-10-03,12212.303310710533,2.0,1.5,TQQQ
2017-10-04,12259.967618078725,2.0,1.5,TQQQ
2017-10-05,12789.763302592013,2.0,1.5,TQQQ
2017-10-06,12859.13083667467,2.0,1.5,TQQQ
2017-10-09,12810.6473422156,1.0,1.5,TQQQ
2017-10-10,12830.821730387832,1.0,0.75,TQQQ
2017-10-11,12914.712712968321,1.0,0.75,TQQQ
2017-10-12,12862.396185563925,1.0,0.75,TQQQ
2017-10-13,12970.39761538199,1.0,0.75,TQQQ
2017-10-16,13070.866285997163,1.0,0.75,TQQQ
2017-10-17,13105.338375307718,1.0,0.75,TQQQ
2017-10-18,13067.690127456275,1.0,0.75,TQQQ
2017-10-19,12959.453861042415,1.0,0.75,TQQQ
2017-10-20,13030.20554838715,1.0,0.75,TQQQ
2017-10-23,12848.028687490016,1.0,0.75,TQQQ
2017-10-24,12897.21501681968,1.0,0.75,TQQQ
2017-10-25,12779.636402026079,1.0,0.75,TQQQ
2017-10-26,12690.77574461281,1.0,0.75,TQQQ
2017-10-27,13511.008772071842,1.0,0.75,TQQQ
2017-10-30,13583.227361851783,1.0,0.75,TQQQ
2017-10-31,13690.975035181738,1.0,0.75,TQQQ
2017-11-01,13677.542171498011,1.0,0.75,TQQQ
2017-11-02,13813.313199457876,1.0,0.75,SOXL
2017-11-03,14365.769843620583,1.0,0.75,SOXL
2017-11-06,14824.453073635987,1.0,0.75,SOXL
2017-11-07,14793.778807711631,1.0,0.75,SOXL
2017-11-08,14905.656472600202,1.0,0.75,SOXL
2017-11-09,14225.197878453042,2.0,0.75,SOXL
2017-11-10,14630.405646507417,2.0,1.5,SOXL
2017-11-13,14809.075861365536,2.0,1.5,SOXL
2017-11-14,14747.406494486377,2.0,1.5,SOXL
2017-11-15,14161.00231961218,2.0,1.5,SOXL
2017-11-16,15117.674649200653,2.0,1.5,SOXL
2017-11-17,14817.296271267764,2.0,1.5,SOXL
2017-11-20,15601.728436588615,2.0,1.5,SOXL
2017-11-21,16440.844676213506,2.0,1.5,SOXL
2017-11-22,15959.680598397767,2.0,1.5,SOXL
2017-11-24,16599.6345750284,1.0,1.5,SOXL
2017-11-27,16130.85909840825,1.0,0.75,SOXL
2017-11-28,16119.851397003595,1.0,0.75,SOXL
2017-11-29,14530.620392589239,2.0,0.75,SOXL
2017-11-30,14934.39305398887,2.0,1.5,SOXL
2017-12-01,14167.174564006378,3.0,1.5,SOXL
2017-12-04,12111.214025581789,3.0,2.0,SOXL
2017-12-05,12124.426487417655,1.0,0.75,TQQQ
2017-12-06,12216.285680700857,1.0,0.75,SOXL
2017-12-07,12484.233750652756,1.0,0.75,SOXL
2017-12-08,12339.4904492564,1.0,0.75,SOXL
2017-12-11,12500.711634982361,1.0,0.75,SOXL
2017-12-12,12219.61170941885,1.0,0.75,SOXL
2017-12-13,12218.222084319817,1.0,0.75,SOXL
2017-12-14,12197.39566884194,1.0,0.75,SOXL
2017-12-15,12604.499816817444,1.0,0.75,SOXL
2017-12-18,13241.641187763496,1.0,0.75,SOXL
2017-12-19,13205.829699470274,1.0,0.75,SOXL
2017-12-20,13413.183608982492,1.0,0.75,SOXL
2017-12-21,13087.564070835722,1.0,0.75,SOXL
2017-12-22,13061.730600672454,1.0,0.75,SOXL
2017-12-26,12778.743513379646,2.0,0.75,SOXL
2017-12-27,12972.005826602912,2.0,1.5,SOXL
2017-12-28,13095.975504070651,2.0,1.5,SOXL
2017-12-29,12507.315704342125,2.0,1.5,SOXL
2018-01-02,14054.183455156866,2.0,1.5,SOXL
2018-01-03,14362.796183410877,1.0,0.75,TQQQ
2018-01-04,14425.94826958856,1.0,0.75,TQQQ
2018-01-05,14752.703279880257,1.0,0.75,TQQQ
2018-01-08,14875.759724446936,1.0,0.75,TQQQ
2018-01-09,14884.27155602775,1.0,0.75,TQQQ
2018-01-10,14804.839813206323,1.0,0.75,TQQQ
2018-01-11,15027.224219973454,1.0,0.75,TQQQ
2018-01-12,15266.19472566753,1.0,0.75,TQQQ
2018-01-16,15177.572474833247,1.0,0.75,TQQQ
2018-01-17,15536.270908455223,1.0,0.75,TQQQ
2018-01-18,15547.458387904884,1.0,0.75,TQQQ
2018-01-19,15659.323143880683,1.0,0.75,TQQQ
2018-01-22,16026.210556747077,1.0,0.75,TQQQ
2018-01-23,16330.783653191735,1.0,0.75,TQQQ
2018-01-24,16082.43906361501,1.0,0.75,TQQQ
2018-01-25,16067.225568304435,1.0,0.75,TQQQ
2018-01-26,16605.382276549288,1.0,0.75,TQQQ
2018-01-29,16440.46189489648,1.0,0.75,TQQQ
2018-01-30,16125.301627305045,1.0,0.75,TQQQ
2018-01-31,16274.583186535943,1.0,0.75,TQQQ
2018-02-01,15969.350721943772,2.0,0.75,TQQQ
2018-02-02,14506.199437465864,2.0,1.5,TQQQ
2018-02-05,14171.29635562871,3.0,0.2,TQQQ
2018-02-06,16356.515969304219,3.0,2.0,TQQQ
2018-02-07,15062.894045494038,3.0,2.0,TQQQ
2018-02-08,14689.569793206405,3.0,0.2,TQQQ
2018-02-09,14957.177154947487,1.0,0.2,SOXL
2018-02-12,15124.625523113637,1.0,0.2,TQQQ
2018-02-13,15161.450627557664,1.0,0.2,TQQQ
2018-02-14,15827.303926034914,1.0,0.75,TQQQ
2018-02-15,16447.72591619261,1.0,0.75,TQQQ
2018-02-16,16309.961026892253,1.0,0.75,TQQQ
2018-02-20,16371.021829630183,1.0,0.75,TQQQ
2018-02-21,16260.485863389818,1.0,0.75,TQQQ
2018-02-22,16262.775654718103,1.0,0.75,TQQQ
2018-02-23,16989.373254946404,1.0,0.75,TQQQ
2018-02-26,17500.862768863597,1.0,0.75,TQQQ
2018-02-27,17030.865271970582,1.0,0.75,TQQQ
2018-02-28,16774.105975489736,2.0,0.75,TQQQ
2018-03-01,15563.203653456918,2.0,1.5,TQQQ
2018-03-02,16204.985777009477,2.0,1.5,TQQQ
2018-03-05,16967.495541082677,2.0,1.5,TQQQ
2018-03-06,17289.27175347837,2.0,1.5,TQQQ
2018-03-07,17483.243421184106,2.0,1.5,TQQQ
2018-03-08,17874.15447610314,2.0,1.5,TQQQ
2018-03-09,19435.39423915522,2.0,1.5,TQQQ
2018-03-12,19871.745624790798,1.0,1.5,TQQQ
2018-03-13,19330.676172152736,1.0,0.75,TQQQ
2018-03-14,19281.46357358417,1.0,0.75,TQQQ
2018-03-15,19216.869569971426,1.0,0.75,TQQQ
2018-03-16,19121.48581586022,2.0,0.75,TQQQ
2018-03-19,17320.748535086812,2.0,1.5,TQQQ
2018-03-20,17511.694966186333,2.0,1.5,TQQQ
2018-03-21,17131.54734429434,2.0,1.5,TQQQ
2018-03-22,16881.227740661543,3.0,0.2,TQQQ
2018-03-23,16608.49330324277,3.0,0.2,TQQQ
2018-03-26,16982.249489162255,3.0,0.2,TQQQ
2018-03-27,16656.56266999632,3.0,0.2,TQQQ
2018-03-28,16541.698055969937,3.0,0.2,TQQQ
2018-03-29,16724.860766441012,3.0,0.2,TQQQ
2018-04-02,16427.82991613744,2.0,0.2,TQQQ
2018-04-03,16616.034774856784,1.0,0.2,SOXL
2018-04-04,16742.8124405869,1.0,0.2,SOXL
2018-04-05,16639.85603056926,1.0,0.2,SOXL
2018-04-06,16336.113800246752,2.0,0.2,SOXL
2018-04-09,16395.891533697304,2.0,0.2,SOXL
2018-04-10,16711.187204589092,2.0,0.2,SOXL
2018-04-11,16712.562748818946,2.0,0.2,SOXL
2018-04-12,16902.980461693038,1.0,0.2,SOXL
2018-04-13,16823.606801480222,1.0,0.2,SOXL
2018-04-16,16845.28466073035,1.0,0.2,SOXL
2018-04-17,17035.159210859278,1.0,0.2,SOXL
2018-04-18,16929.587967035757,1.0,0.2,SOXL
2018-04-19,16492.35040329575,2.0,0.2,SOXL
2018-04-20,16373.920069511509,3.0,0.2,SOXL
2018-04-23,16242.153764944262,3.0,0.2,SOXL
2018-04-24,16163.146155849656,3.0,0.2,SOXL
2018-04-25,16151.747324434838,3.0,0.2,SOXL
2018-04-26,16352.058172647197,1.0,0.2,TQQQ
2018-04-27,16279.771788339158,1.0,0.2,SOXL
2018-04-30,16171.83372884456,1.0,0.2,SOXL
2018-05-01,16331.814480772284,1.0,0.2,SOXL
2018-05-02,16274.862145351402,1.0,0.2,TQQQ
2018-05-03,16275.086055870292,1.0,0.2,TQQQ
2018-05-04,16458.2089779817,1.0,0.2,TQQQ
2018-05-07,16751.56992474094,1.0,0.75,TQQQ
2018-05-08,16740.48876947182,1.0,0.2,TQQQ
2018-05-09,17161.111941198604,1.0,0.75,TQQQ
2018-05-10,17561.63552762061,1.0,0.75,TQQQ
2018-05-11,17522.201735132392,1.0,0.75,TQQQ
2018-05-14,17580.60790336318,1.0,0.75,TQQQ
2018-05-15,17154.078953623917,1.0,0.75,TQQQ
2018-05-16,17390.987690668975,1.0,0.75,TQQQ
2018-05-17,17243.785260692017,1.0,0.75,TQQQ
2018-05-18,17036.637692947355,1.0,0.75,TQQQ
2018-05-21,17259.771476398793,1.0,0.75,TQQQ
2018-05-22,17192.322786609464,1.0,0.75,TQQQ
2018-05-23,17516.487651272517,1.0,0.75,TQQQ
2018-05-24,17505.4319624285,1.0,0.75,TQQQ
2018-05-25,17538.60411615402,1.0,0.75,TQQQ
2018-05-29,17370.481460453913,1.0,0.75,TQQQ
2018-05-30,17648.426779511374,1.0,0.75,TQQQ
2018-05-31,17620.068997042225,1.0,0.75,TQQQ
2018-06-01,18234.83665123888,1.0,0.75,TQQQ
2018-06-04,18585.56201420477,1.0,0.75,TQQQ
2018-06-05,18729.62601236396,1.0,0.75,TQQQ
2018-06-06,18961.38774068199,1.0,0.75,TQQQ
2018-06-07,18631.309274050516,1.0,0.75,TQQQ
2018-06-08,18622.022020159282,1.0,0.75,TQQQ
2018-06-11,18731.17422718679,1.0,0.75,TQQQ
2018-06-12,18953.68617832021,1.0,0.75,TQQQ
2018-06-13,18937.522302192705,1.0,0.75,TQQQ
2018-06-14,19369.38874530616,1.0,0.75,TQQQ
2018-06-15,19224.968910541273,1.0,0.75,TQQQ
2018-06-18,19192.79269902081,1.0,0.75,TQQQ
2018-06-19,19064.02509210906,1.0,0.75,TQQQ
2018-06-20,19363.62819527856,1.0,0.75,TQQQ
2018-06-21,18987.60641604361,1.0,0.75,TQQQ
2018-06-22,18844.507859610134,1.0,0.75,TQQQ
2018-06-25,17942.080448355126,2.0,0.75,TQQQ
2018-06-26,18238.605573494086,2.0,1.5,TQQQ
2018-06-27,17140.691889251422,2.0,1.5,TQQQ
2018-06-28,17770.84224161809,2.0,1.5,TQQQ
2018-06-29,17892.755347980434,2.0,1.5,TQQQ
2018-07-02,18494.28922088964,2.0,1.5,TQQQ
2018-07-03,17539.327304990627,2.0,1.5,TQQQ
2018-07-05,18505.26692752102,2.0,1.5,TQQQ
2018-07-06,19754.260374467787,2.0,1.5,TQQQ
2018-07-09,20578.9703572655,2.0,1.5,TQQQ
2018-07-10,20652.72093851871,1.0,1.5,TQQQ
2018-07-11,20426.27316846708,1.0,0.75,TQQQ
2018-07-12,21182.253502691754,1.0,0.75,TQQQ
2018-07-13,21228.641317343034,1.0,0.75,TQQQ
2018-07-16,21121.292935371006,1.0,0.75,TQQQ
2018-07-17,21414.556308854848,1.0,0.75,TQQQ
2018-07-18,21312.38054621747,1.0,0.75,TQQQ
2018-07-19,21076.027103988443,1.0,0.75,TQQQ
2018-07-20,21054.013989767576,1.0,0.75,TQQQ
2018-07-23,21191.025812517135,1.0,0.75,TQQQ
2018-07-24,21393.66328037342,1.0,0.75,TQQQ
2018-07-25,22062.918769584965,1.0,0.75,TQQQ
2018-07-26,21340.12302832245,1.0,0.75,TQQQ
2018-07-27,20672.435367717764,2.0,0.75,TQQQ
2018-07-30,19337.299070021145,2.0,1.5,TQQQ
2018-07-31,19915.202005810545,2.0,1.5,TQQQ
2018-08-01,20323.685401972707,2.0,1.5,TQQQ
2018-08-02,21537.825236180975,2.0,1.5,TQQQ
2018-08-03,21827.206937657462,2.0,1.5,TQQQ
2018-08-06,22428.598708212252,2.0,1.5,TQQQ
2018-08-07,22757.288954245483,2.0,1.5,TQQQ
2018-08-08,22848.75658855058,2.0,1.5,TQQQ
2018-08-09,22818.215777773064,2.0,1.5,TQQQ
2018-08-10,22019.756107468194,1.0,1.5,TQQQ
2018-08-13,21972.02042064731,1.0,0.75,TQQQ
2018-08-14,22276.25508671241,1.0,0.75,TQQQ
2018-08-15,21668.038920468858,2.0,0.75,TQQQ
2018-08-16,21966.17850586488,2.0,1.5,TQQQ
2018-08-17,21961.103669688902,2.0,1.5,TQQQ
2018-08-20,21895.117598115336,2.0,1.5,TQQQ
2018-08-21,22234.853523891794,2.0,1.5,TQQQ
2018-08-22,22622.192485512383,2.0,1.5,TQQQ
2018-08-23,22453.039204776986,2.0,1.5,TQQQ
2018-08-24,23388.720404410466,2.0,1.5,TQQQ
2018-08-27,24445.877784336302,2.0,1.5,TQQQ
2018-08-28,24608.873702865167,2.0,1.5,TQQQ
2018-08-29,25899.92172753159,1.0,1.5,TQQQ
2018-08-30,25790.072955639513,1.0,0.75,TQQQ
2018-08-31,25846.41449495705,1.0,0.75,TQQQ
2018-09-04,25615.833862686744,1.0,0.75,TQQQ
2018-09-05,24852.09093263204,2.0,0.75,TQQQ
2018-09-06,23835.914024382302,2.0,1.5,TQQQ
2018-09-07,23482.27929017627,2.0,1.5,TQQQ
2018-09-10,23791.489666059057,2.0,1.5,TQQQ
2018-09-11,24583.9521583672,2.0,1.5,TQQQ
2018-09-12,24264.609871047294,2.0,1.5,TQQQ
2018-09-13,25342.391837833704,2.0,1.5,TQQQ
2018-09-14,25052.67551696422,2.0,1.5,TQQQ
2018-09-17,23468.050364604762,2.0,1.5,TQQQ
2018-09-18,24304.17213132685,2.0,1.5,TQQQ
2018-09-19,24223.356739853607,2.0,1.5,TQQQ
2018-09-20,25364.20643729458,2.0,1.5,TQQQ
2018-09-21,24757.785340639417,2.0,1.5,TQQQ
2018-09-24,25077.512895625972,2.0,1.5,TQQQ
2018-09-25,25229.884757943506,2.0,1.5,TQQQ
2018-09-26,25191.718225876015,2.0,1.5,TQQQ
2018-09-27,26238.18972916001,2.0,1.5,TQQQ
2018-09-28,26177.434442240396,2.0,1.5,TQQQ
2018-10-01,26403.730992977195,2.0,1.5,TQQQ
2018-10-02,26176.786088805864,2.0,1.5,TQQQ
2018-10-03,26292.690560912783,1.0,1.5,TQQQ
2018-10-04,25167.83565368658,2.0,0.75,TQQQ
2018-10-05,24978.55353960511,2.0,0.2,TQQQ
2018-10-08,24889.054737571558,2.0,0.2,TQQQ
2018-10-09,24927.41101055556,2.0,0.2,TQQQ
2018-10-10,24280.885685406185,3.0,0.2,TQQQ
2018-10-11,24084.095911021264,3.0,0.2,TQQQ
2018-10-12,24490.973402428463,3.0,0.2,TQQQ
2018-10-15,24306.12000275697,3.0,0.2,TQQQ
2018-10-16,24724.861137194224,3.0,0.2,TQQQ
2018-10-17,24741.167104278862,3.0,0.2,TQQQ
2018-10-18,24398.00414719604,2.0,0.2,TQQQ
2018-10-19,24378.184795408193,3.0,0.2,TQQQ
2018-10-22,24451.664863603855,3.0,0.2,TQQQ
2018-10-23,24397.850052948936,3.0,0.2,TQQQ
2018-10-24,23734.25589537709,3.0,0.2,TQQQ
2018-10-25,24221.362180447944,3.0,0.2,TQQQ
2018-10-26,23845.06450230262,3.0,0.2,TQQQ
2018-10-29,23590.0775378562,3.0,0.2,TQQQ
2018-10-30,23772.42624659174,3.0,0.2,TQQQ
2018-10-31,24093.215943944473,3.0,0.2,TQQQ
2018-11-01,24303.645813705007,2.0,0.2,TQQQ
2018-11-02,24085.98665620254,3.0,0.2,TQQQ
2018-11-05,24038.787149263473,3.0,0.2,TQQQ
2018-11-06,24140.46410339219,3.0,0.2,TQQQ
2018-11-07,24584.468060387528,3.0,0.2,TQQQ
2018-11-08,24500.62408621804,3.0,0.2,TQQQ
2018-11-09,24251.670710680213,3.0,0.2,TQQQ
2018-11-12,23825.615863278166,3.0,0.2,TQQQ
2018-11-13,23823.667449082044,3.0,0.2,TQQQ
2018-11-14,23702.81921621974,3.0,0.2,TQQQ
2018-11-15,23956.511728126687,2.0,0.2,TQQQ
2018-11-16,23904.01717959529,3.0,0.2,TQQQ
2018-11-19,23445.67591301946,3.0,0.2,TQQQ
2018-11-20,23185.57485012386,3.0,0.2,TQQQ
2018-11-21,23240.81550514577,1.0,0.2,SOXL
2018-11-23,23137.881209538973,1.0,0.2,TQQQ
2018-11-26,23455.555995794657,1.0,0.2,TQQQ
2018-11-27,23504.22785649651,1.0,0.2,TQQQ
2018-11-28,23949.970757461335,1.0,0.2,TQQQ
2018-11-29,23905.99980040211,1.0,0.2,TQQQ
2018-11-30,24006.148626031558,1.0,0.2,TQQQ
2018-12-03,24252.415427188993,1.0,0.2,TQQQ
2018-12-04,23544.974665335263,1.0,0.2,SOXL
2018-12-06,23613.478968189207,1.0,0.2,TQQQ
2018-12-07,23084.572099880865,1.0,0.2,SOXL
2018-12-10,23229.215115777188,1.0,0.2,TQQQ
2018-12-11,23311.438291746374,1.0,0.2,SOXL
2018-12-12,23517.960011000847,1.0,0.2,SOXL
2018-12-13,23465.742617512733,1.0,0.2,SOXL
2018-12-14,23265.43123287151,2.0,0.2,SOXL
2018-12-17,23090.921446646535,2.0,0.2,SOXL
2018-12-18,23273.524620624143,2.0,0.2,SOXL
2018-12-19,22685.253353549953,3.0,0.2,SOXL
2018-12-20,22503.053064428317,1.0,0.2,TQQQ
2018-12-21,22296.69868966492,1.0,0.2,SOXL
2018-12-24,21909.404517750216,2.0,0.2,SOXL
2018-12-26,22705.100192572925,1.0,0.2,TQQQ
2018-12-27,22806.732230623362,1.0,0.2,SOXL
2018-12-28,22902.993721373667,1.0,0.2,SOXL
2018-12-31,22989.82109488762,1.0,0.2,SOXL
2019-01-02,23111.77894675464,1.0,0.2,SOXL
2019-01-03,22663.938426098506,1.0,0.2,TQQQ
2019-01-04,23243.73029000792,1.0,0.2,TQQQ
2019-01-07,23391.92529409123,1.0,0.2,TQQQ
2019-01-08,23526.981558445223,1.0,0.2,TQQQ
2019-01-09,23638.160953063194,1.0,0.2,TQQQ
2019-01-10,23683.63041342257,1.0,0.2,TQQQ
2019-01-11,23627.226062279915,1.0,0.2,TQQQ
2019-01-14,23504.220622389625,1.0,0.2,TQQQ
2019-01-15,23764.798126872443,1.0,0.2,TQQQ
2019-01-16,23771.483196265563,1.0,0.2,TQQQ
2019-01-17,23882.79985243211,1.0,0.2,TQQQ
2019-01-18,24013.93375716898,1.0,0.2,TQQQ
2019-01-22,23748.716442527395,2.0,0.2,TQQQ
2019-01-23,23753.194574938,2.0,0.2,TQQQ
2019-01-24,23837.088350935242,2.0,0.2,TQQQ
2019-01-25,24006.958802008867,2.0,0.2,TQQQ
2019-01-28,23829.963520714413,2.0,0.2,TQQQ
2019-01-29,23695.087126704108,2.0,0.2,TQQQ
2019-01-30,24050.316678437288,2.0,0.2,TQQQ
2019-01-31,25636.57338046393,2.0,1.5,TQQQ
2019-02-01,25145.765395334114,2.0,1.5,TQQQ
2019-02-04,26527.40916174754,1.0,1.5,TQQQ
2019-02-05,27052.607797213444,1.0,0.75,TQQQ
2019-02-06,26892.35940251012,1.0,0.75,TQQQ
2019-02-07,26068.960874010827,1.0,0.75,TQQQ
2019-02-08,26168.818198977282,1.0,0.75,TQQQ
2019-02-11,26123.105977445393,1.0,0.75,TQQQ
2019-02-12,26971.330508734194,1.0,0.75,TQQQ
2019-02-13,27012.48010578028,1.0,0.75,TQQQ
2019-02-14,27086.508829503036,1.0,0.75,TQQQ
2019-02-15,27328.93932076514,1.0,0.75,TQQQ
2019-02-19,27451.84807717223,1.0,0.75,TQQQ
2019-02-20,27435.481830026918,1.0,0.75,TQQQ
2019-02-21,27202.264666273844,1.0,0.75,TQQQ
2019-02-22,27645.422651544588,1.0,0.75,TQQQ
2019-02-25,27873.985281349305,1.0,0.75,TQQQ
2019-02-26,27939.112509879345,1.0,0.75,TQQQ
2019-02-27,27874.035846815023,1.0,0.75,TQQQ
2019-02-28,27743.78440714679,1.0,0.75,TQQQ
2019-03-01,28159.60998315599,1.0,0.75,TQQQ
2019-03-04,28169.353611287996,1.0,0.75,SOXL
2019-03-05,27867.333547389113,1.0,0.75,SOXL
2019-03-06,26845.531123505927,2.0,0.75,SOXL
2019-03-07,25475.518940278595,2.0,1.5,SOXL
2019-03-08,25413.90467468036,2.0,1.5,SOXL
2019-03-11,28132.652322546106,2.0,1.5,SOXL
2019-03-12,28624.857328716826,2.0,1.5,SOXL
2019-03-13,29150.21787607597,2.0,1.5,SOXL
2019-03-14,28404.86363378262,2.0,1.5,SOXL
2019-03-15,32075.808732870417,1.0,1.5,SOXL
2019-03-18,31918.677414123595,1.0,0.75,SOXL
2019-03-19,32888.00084108708,1.0,0.75,SOXL
2019-03-20,32185.385766261326,1.0,0.75,SOXL
2019-03-21,34687.8943706764,1.0,0.75,SOXL
2019-03-22,32474.53748344228,2.0,0.75,SOXL
2019-03-25,30616.576615111866,2.0,1.5,SOXL
2019-03-26,32013.22245616092,2.0,1.5,SOXL
2019-03-27,29908.189214594295,2.0,1.5,SOXL
2019-03-28,29673.998211974722,2.0,1.5,SOXL
2019-03-29,31722.004948456524,2.0,1.5,SOXL
2019-04-01,35226.55032690666,2.0,1.5,SOXL
2019-04-02,35394.742597968325,2.0,1.5,SOXL
2019-04-03,39010.88281346152,1.0,1.5,SOXL
2019-04-04,39121.83779807464,1.0,0.75,SOXL
2019-04-05,39792.418938713956,1.0,0.75,SOXL
2019-04-08,40007.35518501055,1.0,0.75,SOXL
2019-04-09,38995.12515274079,1.0,0.75,SOXL
2019-04-10,39746.11833088905,1.0,0.75,SOXL
2019-04-11,39672.60524577174,1.0,0.75,SOXL
2019-04-12,40910.45183493879,1.0,0.75,SOXL
2019-04-15,40256.7352478901,1.0,0.75,SOXL
2019-04-16,43132.999579505034,1.0,0.75,SOXL
2019-04-17,44605.226626744625,1.0,0.75,SOXL
2019-04-18,44669.00890376775,1.0,0.75,SOXL
2019-04-22,44683.17979559197,1.0,0.75,SOXL
2019-04-23,45688.82316845344,1.0,0.75,SOXL
2019-04-24,46681.89160351903,1.0,0.75,SOXL
2019-04-25,44776.07617027204,2.0,0.75,SOXL
2019-04-26,43094.22860966375,2.0,1.5,SOXL
2019-04-29,42755.18279628469,2.0,1.5,SOXL
2019-04-30,44177.48308964854,2.0,1.5,SOXL
2019-05-01,42552.99611134571,2.0,1.5,SOXL
2019-05-02,44679.012000290546,2.0,1.5,SOXL
2019-05-03,46022.57669421297,2.0,1.5,SOXL
2019-05-06,42630.681357967835,2.0,1.5,SOXL
2019-05-07,37963.00200747116,3.0,1.5,SOXL
2019-05-08,36140.90161545164,3.0,2.0,SOXL
2019-05-09,33568.405325833526,2.0,2.0,SOXL
2019-05-10,33715.92818135013,3.0,1.5,SOXL
2019-05-13,32764.112452253867,3.0,0.2,SOXL
2019-05-14,37454.18516517757,3.0,2.0,SOXL
2019-05-15,39290.57506002097,3.0,2.0,SOXL
2019-05-16,38891.7138177726,3.0,0.2,SOXL
2019-05-17,38432.034596383215,3.0,0.2,SOXL
2019-05-20,37510.732865881066,3.0,0.2,SOXL
2019-05-21,37982.565420025174,3.0,0.2,SOXL
2019-05-22,37507.296584217685,3.0,0.2,SOXL
2019-05-23,37127.86851208832,2.0,0.2,SOXL
2019-05-24,37116.89406436685,1.0,0.2,TQQQ
2019-05-28,36914.8945180249,1.0,0.2,SOXL
2019-05-29,37015.04774828141,1.0,0.2,SOXL
2019-05-30,37183.82569686472,1.0,0.2,SOXL
2019-05-31,36861.01247840991,1.0,0.2,SOXL
2019-06-03,36931.95274355769,1.0,0.2,SOXL
2019-06-04,37530.5931294839,1.0,0.2,TQQQ
2019-06-05,37696.017993865724,1.0,0.2,TQQQ
2019-06-06,37870.19943386943,1.0,0.2,TQQQ
2019-06-07,38302.066159871254,1.0,0.2,TQQQ
2019-06-10,39350.475875346616,1.0,0.75,TQQQ
2019-06-11,39462.00025582038,1.0,0.75,TQQQ
2019-06-12,39328.29992082486,1.0,0.2,TQQQ
2019-06-13,39810.91591985827,1.0,0.75,TQQQ
2019-06-14,39707.28127221736,1.0,0.2,TQQQ
2019-06-17,40249.87297685384,1.0,0.75,TQQQ
2019-06-18,41556.55194935381,1.0,0.75,TQQQ
2019-06-19,41923.10275610255,1.0,0.75,TQQQ
2019-06-20,42786.06959510775,1.0,0.75,TQQQ
2019-06-21,42639.84597995574,1.0,0.75,TQQQ
2019-06-24,42629.74935665992,1.0,0.75,TQQQ
2019-06-25,40994.025735562405,2.0,0.75,TQQQ
2019-06-26,41771.74551744016,2.0,1.5,TQQQ
2019-06-27,42451.34766708125,2.0,1.5,TQQQ
2019-06-28,42720.51744735685,2.0,1.5,TQQQ
2019-07-01,45272.53826091917,2.0,1.5,TQQQ
2019-07-02,46097.20537232138,2.0,1.5,TQQQ
2019-07-03,47628.82062868296,2.0,1.5,TQQQ
2019-07-05,47166.51379903486,2.0,1.5,TQQQ
2019-07-08,45676.9332604594,2.0,1.5,TQQQ
2019-07-09,46705.23836548199,2.0,1.5,TQQQ
2019-07-10,48777.066366817744,1.0,1.5,TQQQ
2019-07-11,48679.5750786348,1.0,0.75,TQQQ
2019-07-12,49292.05178678608,1.0,0.75,TQQQ
2019-07-15,49605.114170401444,1.0,0.75,TQQQ
2019-07-16,49077.24527244987,1.0,0.75,TQQQ
2019-07-17,48531.26123484434,1.0,0.75,TQQQ
2019-07-18,48688.622462820436,1.0,0.75,TQQQ
2019-07-19,47805.10950204074,1.0,0.75,TQQQ
2019-07-22,48650.46642608497,1.0,0.75,TQQQ
2019-07-23,49355.39263612266,1.0,0.75,TQQQ
2019-07-24,50143.31313001191,1.0,0.75,TQQQ
2019-07-25,49069.583913690454,1.0,0.75,TQQQ
2019-07-26,50162.01898786078,1.0,0.75,TQQQ
2019-07-29,49813.03182055532,1.0,0.75,TQQQ
2019-07-30,49312.538885335314,1.0,0.75,TQQQ
2019-07-31,47751.93771532505,2.0,0.75,TQQQ
2019-08-01,46747.40237129554,2.0,1.5,TQQQ
2019-08-02,46319.534884207846,2.0,0.2,TQQQ
2019-08-05,45346.9149912222,3.0,0.2,TQQQ
2019-08-06,45719.60676175001,3.0,0.2,TQQQ
2019-08-07,45853.16284503763,3.0,0.2,TQQQ
2019-08-08,51919.778093714514,3.0,2.0,TQQQ
2019-08-09,51612.6500844487,3.0,0.2,TQQQ
2019-08-12,51267.25311134402,3.0,0.2,TQQQ
2019-08-13,57997.476182934,3.0,2.0,TQQQ
2019-08-14,56958.40835430018,2.0,0.2,TQQQ
2019-08-15,56910.113576038224,3.0,0.2,TQQQ
2019-08-16,57435.09587259936,3.0,0.2,TQQQ
2019-08-19,62811.41293960074,3.0,2.0,TQQQ
2019-08-20,62552.96271651198,3.0,0.2,TQQQ
2019-08-21,65739.59364652999,3.0,2.0,TQQQ
2019-08-22,64467.21859633528,3.0,2.0,TQQQ
2019-08-23,63287.0699059481,3.0,0.2,TQQQ
2019-08-26,63799.90049127316,3.0,0.2,TQQQ
2019-08-27,63722.95261165309,3.0,0.2,TQQQ
2019-08-28,63851.08453503531,2.0,0.2,TQQQ
2019-08-29,68206.80454382615,2.0,1.5,TQQQ
2019-08-30,68110.52057947876,2.0,0.2,TQQQ
2019-09-03,67714.17379507242,3.0,0.2,TQQQ
2019-09-04,71866.51120302033,1.0,0.75,SOXL
2019-09-05,76900.34792130653,1.0,0.75,SOXL
2019-09-06,77132.71187975346,1.0,0.75,SOXL
2019-09-09,77945.20674153681,1.0,0.75,SOXL
2019-09-10,78715.21636894865,1.0,0.75,SOXL
2019-09-11,81360.36635672102,1.0,0.75,SOXL
2019-09-12,81898.06069733722,1.0,0.75,SOXL
2019-09-13,81342.03577140547,1.0,0.75,SOXL
2019-09-16,80100.3227826957,1.0,0.75,SOXL
2019-09-17,80647.4246031914,1.0,0.75,SOXL
2019-09-18,80765.08294010513,1.0,0.75,SOXL
2019-09-19,79843.78777912183,1.0,0.75,SOXL
2019-09-20,76505.1195816699,2.0,0.75,SOXL
2019-09-23,80012.87383714748,2.0,1.5,SOXL
2019-09-24,74202.29869877653,2.0,1.5,SOXL
2019-09-25,79893.41932492956,2.0,1.5,SOXL
2019-09-26,80271.71892994679,2.0,1.5,SOXL
2019-09-27,71496.71115045623,2.0,1.5,SOXL
2019-09-30,74889.56407522524,2.0,1.5,SOXL
2019-10-01,71814.24317533335,2.0,1.5,SOXL
2019-10-02,71136.70118793898,3.0,0.2,SOXL
2019-10-03,78414.96812074081,3.0,2.0,SOXL
2019-10-04,86917.58116421207,2.0,2.0,SOXL
2019-10-07,83949.23572564412,2.0,1.5,SOXL
2019-10-08,82405.19260908742,3.0,0.2,SOXL
2019-10-09,90713.69391748167,3.0,2.0,SOXL
2019-10-10,95991.56072094469,3.0,2.0,SOXL
2019-10-11,108883.50486571,3.0,2.0,SOXL
2019-10-14,108846.99722885578,3.0,2.0,SOXL
2019-10-15,123119.88173182287,1.0,2.0,SOXL
2019-10-16,119104.46967025781,1.0,0.75,SOXL
2019-10-17,120040.12264524408,1.0,0.75,SOXL
2019-10-18,117035.19866441011,2.0,0.75,SOXL
2019-10-21,127019.75738022491,2.0,1.5,SOXL
2019-10-22,122566.25669223262,2.0,1.5,SOXL
2019-10-23,111875.71156683624,2.0,1.5,SOXL
2019-10-24,124048.5941856617,2.0,1.5,SOXL
2019-10-25,135500.95129439817,2.0,1.5,SOXL
2019-10-28,146161.46804674665,1.0,1.5,SOXL
2019-10-29,143287.2753846524,1.0,0.75,SOXL
2019-10-30,143303.2080206248,1.0,0.75,SOXL
2019-10-31,141282.08052697562,1.0,0.75,SOXL
2019-11-01,148587.74484703984,1.0,0.75,SOXL
2019-11-04,150576.31502614453,1.0,0.75,TQQQ
2019-11-05,150716.67167001346,1.0,0.75,TQQQ
2019-11-06,149999.75111983437,1.0,0.75,TQQQ
2019-11-07,151139.2769382569,1.0,0.75,TQQQ
2019-11-08,152478.34105738578,1.0,0.75,TQQQ
2019-11-11,151997.0478552941,1.0,0.75,TQQQ
2019-11-12,152929.56694772042,1.0,0.75,TQQQ
2019-11-13,152758.93103808095,1.0,0.75,TQQQ
2019-11-14,152727.89815246544,1.0,0.75,TQQQ
2019-11-15,154884.76159707512,1.0,0.75,TQQQ
2019-11-18,155487.14148874136,1.0,0.75,TQQQ
2019-11-19,155965.31282308375,1.0,0.75,TQQQ
2019-11-20,153915.83362463806,1.0,0.75,TQQQ
2019-11-21,153018.11093125155,1.0,0.75,TQQQ
2019-11-22,153328.25695453273,1.0,0.75,TQQQ
2019-11-25,157311.30777137712,1.0,0.75,TQQQ
2019-11-26,158018.2816779682,1.0,0.75,TQQQ
2019-11-27,160412.1647588216,1.0,0.75,TQQQ
2019-11-29,158808.86597899577,1.0,0.75,TQQQ
2019-12-02,154978.5479525557,1.0,0.75,TQQQ
2019-12-03,149663.7303454166,1.0,0.75,SOXL
2019-12-04,154936.6588195408,1.0,0.75,SOXL
2019-12-05,156332.10696259397,1.0,0.75,SOXL
2019-12-06,161782.37274825285,1.0,0.75,SOXL
2019-12-09,159734.8072065071,1.0,0.75,SOXL
2019-12-10,161067.64345316333,1.0,0.75,SOXL
2019-12-11,168988.27849103935,1.0,0.75,SOXL
2019-12-12,179270.96384456818,1.0,0.75,SOXL
2019-12-13,177059.05334864094,1.0,0.75,SOXL
2019-12-16,180827.620843363,1.0,0.75,SOXL
2019-12-17,182610.08856088563,1.0,0.75,SOXL
2019-12-18,182412.02296425437,1.0,0.75,SOXL
2019-12-19,185627.8454741766,1.0,0.75,SOXL
2019-12-20,190099.9379737563,1.0,0.75,SOXL
2019-12-23,191061.43745663008,1.0,0.75,SOXL
2019-12-24,192125.09241347696,1.0,0.75,SOXL
2019-12-26,192668.7335947226,1.0,0.75,SOXL
2019-12-27,191059.77147682122,1.0,0.75,SOXL
2019-12-30,188043.3934442344,1.0,0.75,SOXL
2019-12-31,188988.84967989408,1.0,0.75,SOXL
2020-01-02,197828.98886938507,1.0,0.75,SOXL
2020-01-03,193794.63606938336,1.0,0.75,TQQQ
2020-01-06,196557.8536850542,1.0,0.75,TQQQ
2020-01-07,196377.76230989653,1.0,0.75,TQQQ
2020-01-08,199767.52923222777,1.0,0.75,TQQQ
2020-01-09,203545.3128021313,1.0,0.75,TQQQ
2020-01-10,202299.2064437879,1.0,0.75,TQQQ
2020-01-13,207602.06820326083,1.0,0.75,TQQQ
2020-01-14,205785.04654493625,1.0,0.75,TQQQ
2020-01-15,205881.83077615348,1.0,0.75,TQQQ
2020-01-16,210187.13335030613,1.0,0.75,TQQQ
2020-01-17,212541.44366598295,1.0,0.75,TQQQ
2020-01-21,212461.64215686204,1.0,0.75,TQQQ
2020-01-22,213546.8159825674,1.0,0.75,TQQQ
2020-01-23,215028.44836378304,1.0,0.75,TQQQ
2020-01-24,210848.03880982345,1.0,0.75,TQQQ
2020-01-27,201071.57917254014,2.0,0.75,TQQQ
2020-01-28,215091.485783384,2.0,1.5,TQQQ
2020-01-29,216255.26125913791,2.0,1.5,TQQQ
2020-01-30,219919.48261416727,2.0,1.5,TQQQ
2020-01-31,203706.94594182837,2.0,1.5,TQQQ
2020-02-03,217738.42249913563,2.0,1.5,TQQQ
2020-02-04,240047.98134974463,1.0,1.5,TQQQ
2020-02-05,242130.02272493555,1.0,0.75,TQQQ
2020-02-06,246556.7621687974,1.0,0.75,TQQQ
2020-02-07,244168.95420701554,1.0,0.75,TQQQ
2020-02-10,250773.97304849615,1.0,0.75,TQQQ
2020-02-11,250909.64271055284,1.0,0.75,TQQQ
2020-02-12,256421.4876888476,1.0,0.75,TQQQ
2020-02-13,255680.57835486758,1.0,0.75,TQQQ
2020-02-14,256978.4098543795,1.0,0.75,TQQQ
2020-02-18,257314.97033834783,1.0,0.75,TQQQ
2020-02-19,262898.9962410025,1.0,0.75,TQQQ
2020-02-20,257287.40457457583,1.0,0.75,TQQQ
2020-02-21,246251.1846877057,2.0,0.75,TQQQ
2020-02-24,203691.26382608185,3.0,1.5,TQQQ
2020-02-25,200395.76003828328,3.0,0.2,TQQQ
2020-02-26,200947.22171535916,3.0,0.2,TQQQ
2020-02-27,194937.96704842604,3.0,0.2,TQQQ
2020-02-28,197767.2321031257,1.0,0.2,SOXL
2020-03-02,203166.0207085717,1.0,0.2,TQQQ
2020-03-03,199339.9605746542,2.0,0.2,TQQQ
2020-03-04,204178.24411303143,1.0,0.2,TQQQ
2020-03-05,200594.96133788308,2.0,0.2,TQQQ
2020-03-06,198492.28611940227,2.0,0.2,TQQQ
2020-03-09,190427.56887222646,3.0,0.2,TQQQ
2020-03-10,197698.46835426707,1.0,0.2,SOXL
2020-03-11,192613.51064998767,1.0,0.2,TQQQ
2020-03-12,180896.97624349245,1.0,0.2,SOXL
2020-03-13,190661.2077250319,1.0,0.2,TQQQ
2020-03-16,177518.8684844991,2.0,0.2,TQQQ
2020-03-17,181047.86867515027,1.0,0.2,SOXL
2020-03-18,177696.06281946195,1.0,0.2,TQQQ
2020-03-19,178518.76790761825,1.0,0.2,TQQQ
2020-03-20,174337.650822865,2.0,0.2,TQQQ
2020-03-23,177581.7737071564,1.0,0.2,SOXL
2020-03-24,185498.6752149691,1.0,0.2,TQQQ
2020-03-25,184638.46274971566,1.0,0.2,TQQQ
2020-03-26,190652.77429050297,1.0,0.2,TQQQ
2020-03-27,186691.7590533428,2.0,0.2,TQQQ
2020-03-30,190615.9033399015,2.0,0.2,TQQQ
2020-03-31,189557.78934008162,2.0,0.2,TQQQ
2020-04-01,184854.65714944387,3.0,0.2,TQQQ
2020-04-02,187042.9645799055,3.0,0.2,TQQQ
2020-04-03,185536.46379095485,3.0,0.2,TQQQ
2020-04-06,193304.33055934496,1.0,0.2,TQQQ
2020-04-07,193228.96563630787,1.0,0.2,TQQQ
2020-04-08,195697.16713111848,1.0,0.2,TQQQ
2020-04-09,195840.8735532022,1.0,0.2,TQQQ
2020-04-13,197202.1249355255,1.0,0.2,TQQQ
2020-04-14,202319.55290106602,1.0,0.2,TQQQ
2020-04-15,200977.29939538147,1.0,0.2,TQQQ
2020-04-16,203130.51602382015,1.0,0.2,TQQQ
2020-04-17,204147.72468744146,1.0,0.2,TQQQ
2020-04-20,202826.09979595616,1.0,0.2,TQQQ
2020-04-21,198340.49399945847,2.0,0.2,TQQQ
2020-04-22,201849.35822545792,2.0,0.2,TQQQ
2020-04-23,201584.567403535,2.0,0.2,TQQQ
2020-04-24,203532.25498054433,1.0,0.2,TQQQ
2020-04-27,204326.37884004592,1.0,0.2,TQQQ
2020-04-28,202115.94042915863,2.0,0.2,TQQQ
2020-04-29,206320.5155252332,2.0,0.2,TQQQ
2020-04-30,206594.3805425075,2.0,0.2,TQQQ
2020-05-01,202887.1118782109,2.0,0.2,TQQQ
2020-05-04,204318.275960009,2.0,0.2,TQQQ
2020-05-05,205623.42995582838,2.0,0.2,TQQQ
2020-05-06,206435.61736098537,2.0,0.2,TQQQ
2020-05-07,208046.76495819335,1.0,0.2,TQQQ
2020-05-08,214341.12854446104,1.0,0.75,TQQQ
2020-05-11,218339.09109830446,1.0,0.75,TQQQ
2020-05-12,215741.22919374114,2.0,0.2,TQQQ
2020-05-13,214107.24109003012,2.0,0.2,TQQQ
2020-05-14,215527.2213162586,2.0,0.2,TQQQ
2020-05-15,221076.29052530162,2.0,1.5,TQQQ
2020-05-18,240275.1990877901,2.0,1.5,TQQQ
2020-05-19,237517.47770914432,2.0,1.5,TQQQ
2020-05-20,258376.41339544693,1.0,1.5,TQQQ
2020-05-21,252419.37853340866,1.0,0.75,TQQQ
2020-05-22,254131.4248688168,1.0,0.75,TQQQ
2020-05-26,253337.46307454634,1.0,0.75,TQQQ
2020-05-27,256010.83715847388,1.0,0.75,TQQQ
2020-05-28,254786.7706099566,1.0,0.75,TQQQ
2020-05-29,262671.7630634276,1.0,0.75,TQQQ
2020-06-01,265099.5113579741,1.0,0.75,TQQQ
2020-06-02,269062.23340433085,1.0,0.75,TQQQ
2020-06-03,271801.356780721,1.0,0.75,TQQQ
2020-06-04,267659.41249470256,1.0,0.75,TQQQ
2020-06-05,279558.32421361987,1.0,0.75,TQQQ
2020-06-08,284223.28782979905,1.0,0.75,TQQQ
2020-06-09,288978.9230943847,1.0,0.75,TQQQ
2020-06-10,296800.21144679404,1.0,0.75,TQQQ
2020-06-11,264026.52121719636,2.0,0.75,TQQQ
2020-06-12,272615.36735641997,2.0,1.5,TQQQ
2020-06-15,287033.72128038126,2.0,1.5,TQQQ
2020-06-16,309789.8772068744,2.0,1.5,TQQQ
2020-06-17,314314.49443879066,1.0,1.5,TQQQ
2020-06-18,316133.12809513975,1.0,0.75,TQQQ
2020-06-19,315805.37396607135,1.0,0.75,TQQQ
2020-06-22,324228.4235564906,1.0,0.75,TQQQ
2020-06-23,330578.9945176713,1.0,0.75,TQQQ
2020-06-24,315971.2284438329,2.0,0.75,TQQQ
2020-06-25,328536.827465297,2.0,1.5,TQQQ
2020-06-26,293113.67200575076,2.0,1.5,TQQQ
2020-06-29,307166.6062863218,2.0,1.5,TQQQ
2020-06-30,333661.9542781276,2.0,1.5,TQQQ
2020-07-01,351549.5396183598,2.0,1.5,TQQQ
2020-07-02,361359.70990530256,1.0,0.75,SOXL
2020-07-06,383093.47216831223,1.0,0.75,SOXL
2020-07-07,372470.92737805546,1.0,0.75,SOXL
2020-07-08,384028.1754198004,1.0,0.75,SOXL
2020-07-09,395484.7288386044,1.0,0.75,SOXL
2020-07-10,392528.30101785745,1.0,0.75,SOXL
2020-07-13,377835.98736520024,2.0,0.75,SOXL
2020-07-14,407863.84981448064,2.0,1.5,SOXL
2020-07-15,401736.5036078785,2.0,1.5,SOXL
2020-07-16,394385.982153847,2.0,1.5,SOXL
2020-07-17,405343.70955511706,2.0,1.5,SOXL
2020-07-20,442816.4001090695,2.0,1.5,SOXL
2020-07-21,428758.8590289566,2.0,1.5,SOXL
2020-07-22,436470.8699017904,2.0,1.5,SOXL
2020-07-23,405979.02699673944,2.0,1.5,SOXL
2020-07-24,376962.4440018845,2.0,1.5,SOXL
2020-07-27,430523.9899064387,1.0,1.5,SOXL
2020-07-28,411427.07214297156,2.0,0.75,SOXL
2020-07-29,451398.3586217945,2.0,1.5,SOXL
2020-07-30,491030.0503264424,1.0,1.5,SOXL
2020-07-31,484812.32826026104,1.0,0.75,SOXL
2020-08-03,506451.3233283799,1.0,0.75,SOXL
2020-08-04,511389.8928063173,1.0,0.75,TQQQ
2020-08-05,514447.4284423517,1.0,0.75,TQQQ
2020-08-06,529216.8666648736,1.0,0.75,TQQQ
2020-08-07,516246.4337492499,1.0,0.75,TQQQ
2020-08-10,511032.6995725425,1.0,0.75,TQQQ
2020-08-11,489280.78218792996,2.0,0.75,TQQQ
2020-08-12,544183.7045929538,2.0,1.5,TQQQ
2020-08-13,549903.52302833,2.0,1.5,TQQQ
2020-08-14,547517.3911307681,2.0,1.5,TQQQ
2020-08-17,574629.1876642318,2.0,1.5,TQQQ
2020-08-18,599949.6390046659,1.0,1.5,TQQQ
2020-08-19,591156.7847121855,1.0,0.75,TQQQ
2020-08-20,609397.067406749,1.0,0.75,TQQQ
2020-08-21,618938.8158860072,1.0,0.75,TQQQ
2020-08-24,627544.9324041086,1.0,0.75,TQQQ
2020-08-25,638531.5288830796,1.0,0.75,TQQQ
2020-08-26,669190.1965261356,1.0,0.75,TQQQ
2020-08-27,664642.8826755038,1.0,0.75,TQQQ
2020-08-28,672345.9718015774,1.0,0.75,TQQQ
2020-08-31,684016.4250614949,1.0,0.75,TQQQ
2020-09-01,710658.9862564144,1.0,0.75,TQQQ
2020-09-02,758472.5299136589,1.0,0.75,SOXL
2020-09-03,661390.7261662207,2.0,0.75,SOXL
2020-09-04,633882.4494040613,3.0,1.5,SOXL
2020-09-08,566685.7414744082,1.0,0.75,TQQQ
2020-09-09,601828.6905991391,1.0,0.75,SOXL
2020-09-10,583082.8735380704,1.0,0.75,SOXL
2020-09-11,581556.6852090933,1.0,0.75,SOXL
2020-09-14,609132.0843976991,1.0,0.75,SOXL
2020-09-15,632623.2928877079,1.0,0.75,SOXL
2020-09-16,618337.977634244,1.0,0.75,SOXL
2020-09-17,616217.4281807792,1.0,0.75,SOXL
2020-09-18,594676.1991462465,2.0,0.75,SOXL
2020-09-21,590378.4516176768,2.0,1.5,SOXL
2020-09-22,622475.0399193901,2.0,1.5,SOXL
2020-09-23,613205.9342433797,2.0,0.2,SOXL
2020-09-24,640085.0597659295,2.0,1.5,SOXL
2020-09-25,681516.0245405937,2.0,1.5,SOXL
2020-09-28,764989.5516225402,2.0,1.5,SOXL
2020-09-29,774553.321815684,2.0,1.5,SOXL
2020-09-30,776115.8198014159,2.0,1.5,SOXL
2020-10-01,848396.7435198175,1.0,1.5,SOXL
2020-10-02,795925.3129419769,1.0,0.75,TQQQ
2020-10-05,833575.6015522113,1.0,0.75,TQQQ
2020-10-06,799991.8476348006,2.0,0.75,TQQQ
2020-10-07,863084.3385253174,2.0,1.5,TQQQ
2020-10-08,882144.1239682786,2.0,1.5,TQQQ
2020-10-09,941012.67048359,2.0,1.5,TQQQ
2020-10-12,1072660.9759732413,1.0,1.5,TQQQ
2020-10-13,1072765.2043024413,1.0,0.75,TQQQ
2020-10-14,1052896.2290064732,1.0,0.75,TQQQ
2020-10-15,1036574.4584192801,1.0,0.75,TQQQ
2020-10-16,1024651.5235750128,2.0,0.75,TQQQ
2020-10-19,948279.384436672,2.0,1.5,TQQQ
2020-10-20,957459.9699984387,2.0,1.5,TQQQ
2020-10-21,953734.662471396,2.0,1.5,TQQQ
2020-10-22,954458.3473484694,2.0,1.5,TQQQ
2020-10-23,962831.4650588693,2.0,1.5,TQQQ
2020-10-26,896995.7354639872,2.0,1.5,TQQQ
2020-10-27,928773.574783406,2.0,1.5,TQQQ
2020-10-28,906975.4598144705,3.0,0.2,TQQQ
2020-10-29,961137.9999901454,1.0,0.75,SOXL
2020-10-30,947767.4755396687,1.0,0.2,TQQQ
2020-11-02,947832.0624638123,1.0,0.2,TQQQ
2020-11-03,990125.8145763712,1.0,0.75,SOXL
2020-11-04,1067956.8659462952,1.0,0.75,SOXL
2020-11-05,1173589.4010465632,1.0,0.75,SOXL
2020-11-06,1218865.986419659,1.0,0.75,SOXL
2020-11-09,1183949.0276890756,1.0,0.75,SOXL
2020-11-10,1104094.6095291527,2.0,0.75,SOXL
2020-11-11,1284554.1704992512,2.0,1.5,SOXL
2020-11-12,1209973.315474422,2.0,1.5,SOXL
2020-11-13,1277312.7602199148,2.0,1.5,SOXL
2020-11-16,1418614.1158830544,1.0,1.5,SOXL
2020-11-17,1392695.6975958524,1.0,0.75,SOXL
2020-11-18,1370533.476029977,1.0,0.75,SOXL
2020-11-19,1418243.6398650757,1.0,0.75,SOXL
2020-11-20,1400975.8157885948,1.0,0.75,SOXL
2020-11-23,1448526.8288969828,1.0,0.75,SOXL
2020-11-24,1466082.4604170567,1.0,0.75,SOXL
2020-11-25,1454319.6191217513,1.0,0.75,SOXL
2020-11-27,1491865.6331886363,1.0,0.75,SOXL
2020-11-30,1533932.4949352152,1.0,0.75,SOXL
2020-12-01,1594972.9649178062,1.0,0.75,SOXL
2020-12-02,1604067.1448883791,1.0,0.75,SOXL
2020-12-03,1605882.3358490192,1.0,0.75,SOXL
2020-12-04,1706136.005388907,1.0,0.75,SOXL
2020-12-07,1722866.229557804,1.0,0.75,SOXL
2020-12-08,1739160.4416826093,1.0,0.75,SOXL
2020-12-09,1627606.0870319514,2.0,0.75,SOXL
2020-12-10,1622872.2631260701,2.0,1.5,SOXL
2020-12-11,1538863.7504254174,2.0,1.5,SOXL
2020-12-14,1625796.8057972852,2.0,1.5,SOXL
2020-12-15,1727492.491398741,2.0,1.5,SOXL
2020-12-16,1721761.3747839902,2.0,1.5,SOXL
2020-12-17,1735591.6236671521,2.0,1.5,SOXL
2020-12-18,1701605.1555744214,2.0,1.5,SOXL
2020-12-21,1651357.4965788682,2.0,1.5,SOXL
2020-12-22,1642196.2066558003,2.0,1.5,SOXL
2020-12-23,1591033.7033860432,2.0,1.5,SOXL
2020-12-24,1659925.5823550406,2.0,1.5,SOXL
2020-12-28,1645763.4446288422,2.0,1.5,SOXL
2020-12-29,1626785.413475282,2.0,1.5,SOXL
2020-12-30,1752942.766276285,2.0,1.5,SOXL
2020-12-31,1780913.2029343538,2.0,1.5,SOXL
2021-01-04,1744033.3098669392,2.0,1.5,SOXL
2021-01-05,1895580.7680536888,1.0,1.5,SOXL
2021-01-06,1885122.9818552798,1.0,0.75,SOXL
2021-01-07,2040932.0406997192,1.0,0.75,SOXL
2021-01-08,2042216.5318425535,1.0,0.75,SOXL
2021-01-11,2097998.8682894656,1.0,0.75,SOXL
2021-01-12,2128911.721409241,1.0,0.75,SOXL
2021-01-13,2133161.8740285193,1.0,0.75,SOXL
2021-01-14,2237262.164066602,1.0,0.75,SOXL
2021-01-15,2130790.9643604225,2.0,0.75,SOXL
2021-01-19,2455502.638614984,2.0,1.5,SOXL
2021-01-20,2424797.8647630527,2.0,1.5,SOXL
2021-01-21,2586708.610946203,1.0,1.5,SOXL
2021-01-22,2480234.1848053276,2.0,0.75,SOXL
2021-01-25,2496225.704854466,2.0,1.5,SOXL
2021-01-26,2321646.7604935677,2.0,1.5,SOXL
2021-01-27,1794547.828538705,3.0,1.5,SOXL
2021-01-28,2010040.8645527093,3.0,2.0,SOXL
2021-01-29,1811710.7576315897,3.0,2.0,SOXL
2021-02-01,2239931.1550658247,3.0,2.0,SOXL
2021-02-02,2443844.4434234016,3.0,2.0,SOXL
2021-02-03,2141513.95377427,3.0,2.0,SOXL
2021-02-04,2247364.29837363,3.0,2.0,SOXL
2021-02-05,2149737.5255115773,2.0,2.0,SOXL
2021-02-08,2449227.1243926617,2.0,1.5,SOXL
2021-02-09,2402418.8471049434,2.0,1.5,SOXL
2021-02-10,2436494.371334863,2.0,1.5,SOXL
2021-02-11,2817350.80705883,1.0,1.5,SOXL
2021-02-12,2894252.062274515,1.0,0.75,SOXL
2021-02-16,2932665.3762277407,1.0,0.75,SOXL
2021-02-17,2811252.5782420454,2.0,0.75,SOXL
2021-02-18,2684266.337675401,2.0,1.5,SOXL
2021-02-19,2977939.397130644,2.0,1.5,SOXL
2021-02-22,2491051.2859370206,2.0,1.5,SOXL
2021-02-23,2415233.302069958,2.0,1.5,SOXL
2021-02-24,2756566.7386207976,2.0,1.5,SOXL
2021-02-25,2045139.4099672688,3.0,1.5,SOXL
2021-02-26,2326567.6775165983,3.0,2.0,SOXL
2021-03-01,2789028.881287264,3.0,2.0,SOXL
2021-03-02,2263703.168939799,3.0,2.0,SOXL
2021-03-03,1847956.6719658917,2.0,2.0,SOXL
2021-03-04,1794856.2729696715,3.0,0.2,SOXL
2021-03-05,1828023.289529055,3.0,0.2,SOXL
2021-03-08,1769638.2673136983,3.0,0.2,SOXL
2021-03-09,1833041.7359190595,3.0,0.2,SOXL
2021-03-10,1813496.793413237,3.0,0.2,SOXL
2021-03-11,1857771.6002140744,3.0,0.2,SOXL
2021-03-12,1846453.6527305366,3.0,0.2,SOXL
2021-03-15,2084028.2845539073,3.0,2.0,SOXL
2021-03-16,2249249.990867078,2.0,2.0,SOXL
2021-03-17,2380629.2784960973,3.0,1.5,SOXL
2021-03-18,2322259.8063911702,3.0,0.2,SOXL
2021-03-19,2336588.7126235487,3.0,0.2,SOXL
2021-03-22,2639168.846560315,3.0,2.0,SOXL
2021-03-23,2597009.5824197135,3.0,0.2,SOXL
2021-03-24,2575030.8034908995,3.0,0.2,SOXL
2021-03-25,2578507.3749572304,3.0,0.2,SOXL
2021-03-26,3345534.785272199,3.0,2.0,SOXL
2021-03-29,3008232.2857196457,3.0,2.0,SOXL
2021-03-30,3003693.3638005336,2.0,0.2,SOXL
2021-03-31,3344906.3947137133,3.0,1.5,SOXL
2021-04-01,4080242.7417473923,2.0,2.0,SOXL
2021-04-05,4264045.8437345335,1.0,0.75,TQQQ
2021-04-06,4256495.579934711,1.0,0.75,TQQQ
2021-04-07,4280103.139125046,1.0,0.75,TQQQ
2021-04-08,4380329.6290790625,1.0,0.75,TQQQ
2021-04-09,4439885.354514159,1.0,0.75,TQQQ
2021-04-12,4426848.078052964,1.0,0.75,TQQQ
2021-04-13,4540574.559533996,1.0,0.75,TQQQ
2021-04-14,4421009.5267971875,1.0,0.75,TQQQ
2021-04-15,4567471.53251682,1.0,0.75,TQQQ
2021-04-16,4581932.143178709,1.0,0.75,TQQQ
2021-04-19,4488191.618919606,1.0,0.75,TQQQ
2021-04-20,4414530.096920749,1.0,0.75,TQQQ
2021-04-21,4498251.569530187,1.0,0.75,TQQQ
2021-04-22,4375453.866233196,2.0,0.75,TQQQ
2021-04-23,4622744.008955301,2.0,1.5,TQQQ
2021-04-26,4760079.51551192,2.0,1.5,TQQQ
2021-04-27,4666348.869847189,2.0,1.5,TQQQ
2021-04-28,4594287.678902109,2.0,1.5,TQQQ
2021-04-29,4663437.315377653,2.0,1.5,TQQQ
2021-04-30,4532103.728860223,2.0,1.5,TQQQ
2021-05-03,4420968.406490498,2.0,1.5,TQQQ
2021-05-04,4071548.587196142,2.0,1.5,TQQQ
2021-05-05,4000321.365290633,2.0,1.5,TQQQ
2021-05-06,4131647.7272383436,2.0,1.5,TQQQ
2021-05-07,4283342.224968707,2.0,1.5,TQQQ
2021-05-10,4218968.439618123,2.0,0.2,TQQQ
2021-05-11,4214749.2977621835,2.0,0.2,TQQQ
2021-05-12,4150592.7022424056,3.0,0.2,TQQQ
2021-05-13,4168088.5607976145,3.0,0.2,TQQQ
2021-05-14,4222300.207565811,3.0,0.2,TQQQ
2021-05-17,4208045.3416129295,3.0,0.2,TQQQ
2021-05-18,4190383.699488838,3.0,0.2,TQQQ
2021-05-19,4193468.545748137,3.0,0.2,TQQQ
2021-05-20,4241957.43632529,2.0,0.2,TQQQ
2021-05-21,4227942.870929079,2.0,0.2,TQQQ
2021-05-24,4545532.850173175,2.0,1.5,TQQQ
2021-05-25,4578520.044781389,2.0,1.5,TQQQ
2021-05-26,4648027.138471745,2.0,1.5,TQQQ
2021-05-27,4566642.421044879,2.0,1.5,TQQQ
2021-05-28,4633388.697969786,2.0,1.5,TQQQ
2021-06-01,4565642.316469618,2.0,1.5,TQQQ
2021-06-02,4601371.056252709,2.0,1.5,TQQQ
2021-06-03,4384414.542126177,2.0,1.5,TQQQ
2021-06-04,4721523.924115228,2.0,1.5,TQQQ
2021-06-07,4784186.1939741885,2.0,1.5,TQQQ
2021-06-08,4792395.540540959,2.0,1.5,TQQQ
2021-06-09,4800609.5773073,2.0,1.5,TQQQ
2021-06-10,5021143.61333042,2.0,1.5,TQQQ
2021-06-11,5080919.70536677,2.0,1.5,TQQQ
2021-06-14,5294447.591816895,2.0,1.5,TQQQ
2021-06-15,5147325.866732588,2.0,1.5,TQQQ
2021-06-16,5064651.0217723595,2.0,1.5,TQQQ
2021-06-17,5348265.906804764,2.0,1.5,TQQQ
2021-06-18,5156733.265438,1.0,1.5,TQQQ
2021-06-21,5227504.866905884,1.0,0.75,TQQQ
2021-06-22,5337021.379969648,1.0,0.75,TQQQ
2021-06-23,5343948.986818119,1.0,0.75,TQQQ
2021-06-24,5417702.936505102,1.0,0.75,TQQQ
2021-06-25,5404948.7821653895,1.0,0.75,TQQQ
2021-06-28,5548455.17318901,1.0,0.75,TQQQ
2021-06-29,5595312.225940662,1.0,0.75,TQQQ
2021-06-30,5576894.61591618,1.0,0.75,TQQQ
2021-07-01,5578942.605555963,1.0,0.75,TQQQ
2021-07-02,5720966.631660551,1.0,0.75,TQQQ
2021-07-06,5778527.5834785905,1.0,0.75,TQQQ
2021-07-07,5806201.2463885555,1.0,0.75,TQQQ
2021-07-08,5730725.513889846,1.0,0.75,TQQQ
2021-07-09,5803487.429129481,1.0,0.75,TQQQ
2021-07-12,5858085.273745133,1.0,0.75,TQQQ
2021-07-13,5855733.263377139,1.0,0.75,TQQQ
2021-07-14,5879590.952529258,1.0,0.75,TQQQ
2021-07-15,5788316.745242613,1.0,0.75,TQQQ
2021-07-16,5681716.686743692,1.0,0.75,TQQQ
2021-07-19,5579538.634994562,2.0,0.75,TQQQ
2021-07-20,5855508.114343658,2.0,1.5,TQQQ
2021-07-21,6056076.297672964,2.0,1.5,TQQQ
2021-07-22,6246949.981032875,2.0,1.5,TQQQ
2021-07-23,6558188.455757893,2.0,1.5,TQQQ
2021-07-26,6599249.923343621,2.0,1.5,TQQQ
2021-07-27,6275851.926806026,2.0,1.5,TQQQ
2021-07-28,6378756.162499802,2.0,1.5,TQQQ
2021-07-29,6425844.323640118,2.0,1.5,TQQQ
2021-07-30,6281368.705632675,2.0,1.5,TQQQ
2021-08-02,6278526.976102505,1.0,1.5,TQQQ
2021-08-03,6360498.676049432,1.0,0.75,TQQQ
2021-08-04,6384171.051596732,1.0,0.75,TQQQ
2021-08-05,6474160.712332776,1.0,0.75,TQQQ
2021-08-06,6410932.250026398,1.0,0.75,TQQQ
2021-08-09,6436658.723234734,1.0,0.75,TQQQ
2021-08-10,6364506.999497638,1.0,0.75,TQQQ
2021-08-11,6338717.300151215,1.0,0.75,TQQQ
2021-08-12,6388244.498761552,1.0,0.75,TQQQ
2021-08-13,6436234.165619886,1.0,0.75,TQQQ
2021-08-16,6444682.52975742,1.0,0.75,TQQQ
2021-08-17,6317669.8313884605,1.0,0.75,TQQQ
2021-08-18,6179882.763885337,2.0,0.75,TQQQ
2021-08-19,6311921.524204748,2.0,1.5,TQQQ
2021-08-20,6604444.50220688,2.0,1.5,TQQQ
2021-08-23,7045797.199171054,2.0,1.5,TQQQ
2021-08-24,7150104.0364858275,2.0,1.5,TQQQ
2021-08-25,7162085.358233312,2.0,1.5,TQQQ
2021-08-26,6980048.8485137895,2.0,1.5,TQQQ
2021-08-27,7286025.356525389,2.0,1.5,TQQQ
2021-08-30,7648318.603684939,1.0,1.5,TQQQ
2021-08-31,7632246.906095168,1.0,0.75,TQQQ
2021-09-01,7663645.770146055,1.0,0.75,TQQQ
2021-09-02,7655615.549646353,1.0,0.75,TQQQ
2021-09-03,7707256.713552141,1.0,0.75,TQQQ
2021-09-07,7730920.395359654,1.0,0.75,TQQQ
2021-09-08,7671439.2633037595,1.0,0.75,TQQQ
2021-09-09,7609894.330387576,1.0,0.75,TQQQ
2021-09-10,7481487.781251083,1.0,0.75,TQQQ
2021-09-13,7468765.580073509,1.0,0.75,TQQQ
2021-09-14,7420548.793328196,2.0,0.75,TQQQ
2021-09-15,7667178.691046697,2.0,1.5,TQQQ
2021-09-16,7689843.054603263,2.0,1.5,TQQQ
2021-09-17,7282274.412453359,2.0,1.5,TQQQ
2021-09-20,6610314.06638014,2.0,1.5,TQQQ
2021-09-21,6622939.426683138,2.0,1.5,TQQQ
2021-09-22,6913553.659708292,2.0,1.5,TQQQ
2021-09-23,7201514.6937767565,2.0,1.5,TQQQ
2021-09-24,7232072.302235411,2.0,1.5,TQQQ
2021-09-27,6970414.008503897,2.0,1.5,TQQQ
2021-09-28,6854148.093708215,2.0,0.2,TQQQ
2021-09-29,6845069.30760587,3.0,0.2,TQQQ
2021-09-30,6829639.493002156,3.0,0.2,TQQQ
2021-10-01,6854530.208383416,3.0,0.2,TQQQ
2021-10-04,6770226.631309032,3.0,0.2,TQQQ
2021-10-05,6822322.959312057,3.0,0.2,TQQQ
2021-10-06,6849254.524312545,3.0,0.2,TQQQ
2021-10-07,6886309.90081025,3.0,0.2,TQQQ
2021-10-08,6865140.930537252,3.0,0.2,TQQQ
2021-10-11,6834660.273948842,3.0,0.2,TQQQ
2021-10-12,6820733.17420988,2.0,0.2,TQQQ
2021-10-13,6852686.356247695,3.0,0.2,TQQQ
2021-10-14,6928338.891723615,3.0,0.2,TQQQ
2021-10-15,7185212.880159239,3.0,2.0,TQQQ
2021-10-18,7616189.71030001,3.0,2.0,TQQQ
2021-10-19,7950742.049850783,2.0,2.0,TQQQ
2021-10-20,7913170.121181778,2.0,1.5,TQQQ
2021-10-21,8125726.63777129,2.0,1.5,TQQQ
2021-10-22,7817123.995834717,2.0,1.5,TQQQ
2021-10-25,8169027.034515888,2.0,1.5,TQQQ
2021-10-26,8283543.867232139,2.0,1.5,TQQQ
2021-10-27,8381673.297734722,2.0,1.5,TQQQ
2021-10-28,8794416.762217276,2.0,1.5,TQQQ
2021-10-29,8989401.650932807,2.0,1.5,TQQQ
2021-11-01,9122367.120089801,2.0,1.5,TQQQ
2021-11-02,9304882.56356848,1.0,1.5,TQQQ
2021-11-03,9526400.548498765,1.0,0.75,TQQQ
2021-11-04,9792879.332920553,1.0,0.75,TQQQ
2021-11-05,9820108.947713528,1.0,0.75,TQQQ
2021-11-08,9789882.218480654,1.0,0.75,TQQQ
2021-11-09,9638590.796249457,1.0,0.75,TQQQ
2021-11-10,9321813.288675148,2.0,0.75,TQQQ
2021-11-11,9435208.099698396,2.0,1.5,TQQQ
2021-11-12,9884433.315350229,2.0,1.5,TQQQ
2021-11-15,9879952.27721172,2.0,1.5,TQQQ
2021-11-16,10186386.05208788,2.0,1.5,TQQQ
2021-11-17,10204489.023852423,2.0,1.5,TQQQ
2021-11-18,10672690.116032297,2.0,1.5,TQQQ
2021-11-19,10943814.23577842,2.0,1.5,TQQQ
2021-11-22,10374814.040959127,2.0,1.5,TQQQ
2021-11-23,10162769.041161243,2.0,1.5,TQQQ
2021-11-24,10303758.557218798,1.0,1.5,TQQQ
2021-11-26,9877487.79888699,2.0,0.75,TQQQ
2021-11-29,10797742.739794364,2.0,1.5,TQQQ
2021-11-30,10101828.953769477,2.0,1.5,TQQQ
2021-12-01,9324218.441455487,2.0,1.5,TQQQ
2021-12-02,9334182.566129923,1.0,0.75,SOXL
2021-12-03,9298764.799764253,1.0,0.75,SOXL
2021-12-06,9262192.612155955,1.0,0.75,SOXL
2021-12-07,10304188.801076574,1.0,0.75,SOXL
2021-12-08,10164633.939391607,1.0,0.75,SOXL
2021-12-09,9648061.917203657,2.0,0.75,SOXL
2021-12-10,10021394.82629896,2.0,1.5,SOXL
2021-12-13,8851737.850787431,2.0,1.5,SOXL
2021-12-14,8677087.593090447,2.0,1.5,SOXL
2021-12-15,10073432.114615863,2.0,1.5,SOXL
2021-12-16,8101485.032561415,3.0,1.5,SOXL
2021-12-17,8027623.264744803,3.0,2.0,SOXL
2021-12-20,7643670.2925242325,3.0,2.0,SOXL
2021-12-21,9228307.222619498,3.0,2.0,SOXL
2021-12-22,9774737.382373357,3.0,2.0,SOXL
2021-12-23,10381734.371446311,2.0,2.0,SOXL
2021-12-27,11670787.039516225,2.0,1.5,SOXL
2021-12-28,11078376.954277962,2.0,1.5,SOXL
2021-12-29,11191486.79797602,2.0,1.5,SOXL
2021-12-30,10567282.53910026,2.0,1.5,SOXL
2021-12-31,10486128.097085116,2.0,1.5,SOXL
2022-01-03,11432054.382602029,2.0,1.5,SOXL
2022-01-04,11187081.094177296,2.0,1.5,SOXL
2022-01-05,9520116.01697082,2.0,1.5,SOXL
2022-01-06,9861444.620540865,2.0,1.5,SOXL
2022-01-07,8552406.486854587,2.0,1.5,SOXL
2022-01-10,8608237.977961957,3.0,1.5,SOXL
2022-01-11,9552274.35843789,3.0,2.0,SOXL
2022-01-12,9941669.685567277,3.0,2.0,SOXL
2022-01-13,8593127.385681557,3.0,2.0,SOXL
2022-01-14,9815004.019555625,3.0,2.0,SOXL
2022-01-18,9556233.853179717,3.0,0.2,SOXL
2022-01-19,9489745.819265453,1.0,0.2,TQQQ
2022-01-20,9309362.40546556,1.0,0.2,SOXL
2022-01-21,9217057.91913158,1.0,0.2,SOXL
2022-01-24,9243731.772008581,1.0,0.2,TQQQ
2022-01-25,9029773.511405142,1.0,0.2,SOXL
2022-01-26,9026382.065235768,1.0,0.2,TQQQ
2022-01-27,8779506.678483387,1.0,0.2,SOXL
2022-01-28,8943313.278517459,1.0,0.2,TQQQ
2022-01-31,9230635.275367824,1.0,0.2,SOXL
2022-02-01,9285712.278707488,1.0,0.2,SOXL
2022-02-02,9424462.419611096,1.0,0.2,SOXL
2022-02-03,9168126.180509415,2.0,0.2,SOXL
2022-02-04,9203826.681120925,2.0,0.2,SOXL
2022-02-07,9201709.023233242,2.0,0.2,SOXL
2022-02-08,9336947.049324732,2.0,0.2,SOXL
2022-02-09,9514068.710372714,1.0,0.2,SOXL
2022-02-10,9342509.621030517,2.0,0.2,SOXL
2022-02-11,9065575.223320452,3.0,0.2,SOXL
2022-02-14,9067868.043136435,3.0,0.2,SOXL
2022-02-15,9361961.27002338,3.0,0.2,SOXL
2022-02-16,9365623.304267284,3.0,0.2,SOXL
2022-02-17,9153119.363219684,3.0,0.2,SOXL
2022-02-18,9097578.370509146,3.0,0.2,SOXL
2022-02-22,9050747.054411352,3.0,0.2,SOXL
2022-02-23,8924163.394747749,3.0,0.2,SOXL
2022-02-24,9124466.153968656,3.0,0.2,SOXL
2022-02-25,9208537.729458235,2.0,0.2,SOXL
2022-02-28,9174595.11871303,3.0,0.2,SOXL
2022-03-01,8976382.514306867,3.0,0.2,SOXL
2022-03-02,9062128.215139903,1.0,0.2,TQQQ
2022-03-03,8986422.984262189,1.0,0.2,TQQQ
2022-03-04,8909508.913846856,2.0,0.2,TQQQ
2022-03-07,8710531.841294495,3.0,0.2,TQQQ
2022-03-08,8803585.264942994,1.0,0.2,SOXL
2022-03-09,8992069.192508005,1.0,0.2,TQQQ
2022-03-10,8934229.980520995,1.0,0.2,TQQQ
2022-03-11,8823393.07312571,2.0,0.2,TQQQ
2022-03-14,8720030.35412835,2.0,0.2,TQQQ
2022-03-15,8881479.758947236,2.0,0.2,TQQQ
2022-03-16,9080930.6991812,1.0,0.2,TQQQ
2022-03-17,9141670.082736075,1.0,0.2,TQQQ
2022-03-18,9255256.304818658,1.0,0.2,TQQQ
2022-03-21,9242026.89946802,1.0,0.2,TQQQ
2022-03-22,9351271.574154358,1.0,0.2,TQQQ
2022-03-23,9272326.701233426,1.0,0.2,TQQQ
2022-03-24,9392494.918916693,1.0,0.2,TQQQ
2022-03-25,9389529.819056777,1.0,0.2,TQQQ
2022-03-28,9474963.927776108,1.0,0.2,TQQQ
2022-03-29,9839110.565384893,1.0,0.75,TQQQ
2022-03-30,9779984.559763717,1.0,0.2,TQQQ
2022-03-31,9699089.387101427,2.0,0.2,TQQQ
2022-04-01,9690753.88406165,2.0,0.2,TQQQ
2022-04-04,10599102.714962374,2.0,1.5,TQQQ
2022-04-05,10458929.63537449,2.0,0.2,TQQQ
2022-04-06,10321369.673631603,2.0,0.2,TQQQ
2022-04-07,10334823.74644284,2.0,0.2,TQQQ
2022-04-08,10250309.514994832,3.0,0.2,TQQQ
2022-04-11,10104780.316193216,3.0,0.2,TQQQ
2022-04-12,10078763.094003463,3.0,0.2,TQQQ
2022-04-13,10199606.697444908,3.0,0.2,TQQQ
2022-04-14,10062370.272892734,2.0,0.2,TQQQ
2022-04-18,10067937.105798716,3.0,0.2,TQQQ
2022-04-19,10197390.90158798,3.0,0.2,TQQQ
2022-04-20,10105500.50903279,3.0,0.2,TQQQ
2022-04-21,9986935.190909432,3.0,0.2,TQQQ
2022-04-22,9828348.651055655,3.0,0.2,TQQQ
2022-04-25,9901274.34199915,3.0,0.2,TQQQ
2022-04-26,9678639.364732802,3.0,0.2,TQQQ
2022-04-27,9670027.088633673,3.0,0.2,TQQQ
2022-04-28,9874409.371045038,3.0,0.2,TQQQ
2022-04-29,9614754.154027358,2.0,0.2,TQQQ
2022-05-02,9810162.145648539,1.0,0.2,SOXL
2022-05-03,9814779.242549358,1.0,0.2,TQQQ
2022-05-04,10009333.432786798,1.0,0.2,TQQQ
2022-05-05,9711001.599332485,2.0,0.2,TQQQ
2022-05-06,9643300.738179715,3.0,0.2,TQQQ
2022-05-09,9415383.408674581,3.0,0.2,TQQQ
2022-05-10,9546205.849971747,1.0,0.2,SOXL
2022-05-11,9376266.84428067,1.0,0.2,TQQQ
2022-05-12,9361270.08712583,1.0,0.2,TQQQ
2022-05-13,9564704.460397767,1.0,0.2,TQQQ
2022-05-16,9505435.633622926,1.0,0.2,TQQQ
2022-05-17,9648714.851080058,1.0,0.2,TQQQ
2022-05-18,9367098.548943525,2.0,0.2,TQQQ
2022-05-19,9336548.357615916,1.0,0.2,SOXL
2022-05-20,9320299.247596854,1.0,0.2,TQQQ
2022-05-23,9412343.354430411,1.0,0.2,TQQQ
2022-05-24,9294893.884345902,2.0,0.2,TQQQ
2022-05-25,9369529.230168136,2.0,0.2,TQQQ
2022-05-26,9526246.089606447,1.0,0.2,TQQQ
2022-05-27,9712875.690839829,1.0,0.2,TQQQ
2022-05-31,9698870.834181055,1.0,0.2,TQQQ
2022-06-01,9653677.594253777,1.0,0.2,TQQQ
2022-06-02,9810385.59692555,1.0,0.2,TQQQ
2022-06-03,9655218.245825812,2.0,0.2,TQQQ
2022-06-06,9679251.501093835,2.0,0.2,TQQQ
2022-06-07,9726250.239141716,2.0,0.2,TQQQ
2022-06-08,9686562.55667713,2.0,0.2,TQQQ
2022-06-09,9528729.412040444,2.0,0.2,TQQQ
2022-06-10,9325382.144967003,3.0,0.2,TQQQ
2022-06-13,9067097.764048904,3.0,0.2,TQQQ
2022-06-14,9091587.576182997,1.0,0.2,SOXL
2022-06-15,9222306.273351783,1.0,0.2,TQQQ
2022-06-16,8997119.121617751,2.0,0.2,TQQQ
2022-06-17,9063794.96849602,2.0,0.2,TQQQ
2022-06-21,9200531.010504073,2.0,0.2,TQQQ
2022-06-22,9193738.71324345,2.0,0.2,TQQQ
2022-06-23,9272466.298950251,1.0,0.2,TQQQ
2022-06-24,9466481.270594636,1.0,0.2,TQQQ
2022-06-27,9421821.852730418,1.0,0.2,TQQQ
2022-06-28,9250077.081484746,2.0,0.2,TQQQ
2022-06-29,9253802.424953451,2.0,0.2,TQQQ
2022-06-30,9188341.761282453,2.0,0.2,TQQQ
2022-07-01,9218203.4939471,2.0,0.2,TQQQ
2022-07-05,9313446.934350047,2.0,0.2,TQQQ
2022-07-06,9349030.51794082,2.0,0.2,TQQQ
2022-07-07,9464909.782319525,2.0,0.2,TQQQ
2022-07-08,9473774.727968046,1.0,0.2,TQQQ
2022-07-11,9352847.318010554,2.0,0.2,TQQQ
2022-07-12,9298399.435530746,2.0,0.2,TQQQ
2022-07-13,9286662.253839117,2.0,0.2,TQQQ
2022-07-14,9305832.620941864,2.0,0.2,TQQQ
2022-07-15,9403827.2386134,2.0,0.2,TQQQ
2022-07-18,9360300.735156463,2.0,0.2,TQQQ
2022-07-19,9524114.71194902,2.0,0.2,TQQQ
2022-07-20,9619824.422867037,1.0,0.2,TQQQ
2022-07-21,9701571.93597534,1.0,0.2,TQQQ
2022-07-22,9600072.958162494,2.0,0.2,TQQQ
2022-07-25,9571464.750848737,2.0,0.2,TQQQ
2022-07-26,9455646.331289556,2.0,0.2,TQQQ
2022-07-27,9691604.89541636,2.0,0.2,TQQQ
2022-07-28,9747093.568950687,2.0,0.2,TQQQ
2022-07-29,10551647.644413484,1.0,1.5,TQQQ
2022-08-01,10539784.70042303,1.0,0.75,TQQQ
2022-08-02,10466218.405906653,1.0,0.75,TQQQ
2022-08-03,11094191.776268136,1.0,0.75,TQQQ
2022-08-04,11213258.709541177,1.0,0.75,TQQQ
2022-08-05,11013188.08658704,1.0,0.75,TQQQ
2022-08-08,10928927.636172889,1.0,0.75,TQQQ
2022-08-09,10647333.603837028,2.0,0.75,TQQQ
2022-08-10,11958913.52029458,2.0,1.5,TQQQ
2022-08-11,11688612.6635761,2.0,1.5,TQQQ
2022-08-12,12678647.372972438,1.0,1.5,TQQQ
2022-08-15,12906483.477502396,1.0,0.75,TQQQ
2022-08-16,12844255.910019225,1.0,0.75,TQQQ
2022-08-17,12510187.508122658,1.0,0.75,TQQQ
2022-08-18,12573074.507400524,1.0,0.75,TQQQ
2022-08-19,12020592.846312124,2.0,0.75,TQQQ
2022-08-22,10602609.917455805,3.0,1.5,TQQQ
2022-08-23,10530989.921906741,3.0,2.0,TQQQ
2022-08-24,10693201.356818393,3.0,2.0,TQQQ
2022-08-25,11817773.612857139,3.0,2.0,TQQQ
2022-08-26,8941419.499038393,3.0,2.0,TQQQ
2022-08-29,8886422.591214493,3.0,0.2,TQQQ
2022-08-30,8826997.791433915,3.0,0.2,TQQQ
2022-08-31,8794593.901597256,3.0,0.2,TQQQ
2022-09-01,8796491.095241614,3.0,0.2,TQQQ
2022-09-02,8723187.213104406,2.0,0.2,TQQQ
2022-09-06,8683298.608666738,3.0,0.2,TQQQ
2022-09-07,8785885.89229088,3.0,0.2,TQQQ
2022-09-08,8814525.245803054,3.0,0.2,TQQQ
2022-09-09,9932834.574328199,2.0,2.0,TQQQ
2022-09-12,10477074.3094445,3.0,1.5,TQQQ
2022-09-13,10132242.315182699,3.0,0.2,TQQQ
2022-09-14,10177727.396651903,3.0,0.2,TQQQ
2022-09-15,10075256.460346442,3.0,0.2,TQQQ
2022-09-16,10035903.396646418,3.0,0.2,TQQQ
2022-09-19,10084043.424521718,3.0,0.2,TQQQ
2022-09-20,10036004.732815176,3.0,0.2,TQQQ
2022-09-21,9925808.927254735,3.0,0.2,TQQQ
2022-09-22,9852347.51228097,3.0,0.2,TQQQ
2022-09-23,9758137.95330823,2.0,0.2,TQQQ
2022-09-26,9731579.543665284,3.0,0.2,TQQQ
2022-09-27,9733431.182123007,3.0,0.2,TQQQ
2022-09-28,9847234.772195939,3.0,0.2,TQQQ
2022-09-29,9680977.002135476,3.0,0.2,TQQQ
2022-09-30,9591357.642945819,1.0,0.2,SOXL
2022-10-03,9724405.88667513,1.0,0.2,TQQQ
2022-10-04,9905150.236851497,1.0,0.2,TQQQ
2022-10-05,9905150.236851497,1.0,0.2,TQQQ
2022-10-06,9855141.734091695,1.0,0.2,TQQQ
2022-10-07,9630367.912799727,2.0,0.2,TQQQ
2022-10-10,9570115.85170141,3.0,0.2,TQQQ
2022-10-11,9494122.14256571,3.0,0.2,TQQQ
2022-10-12,9489935.204175696,3.0,0.2,TQQQ
2022-10-13,9616817.041399548,3.0,0.2,TQQQ
2022-10-14,9443505.55132015,3.0,0.2,TQQQ
2022-10-17,9629472.952492444,3.0,0.2,TQQQ
2022-10-18,9677370.83541483,3.0,0.2,TQQQ
2022-10-19,9653887.02317613,3.0,0.2,TQQQ
2022-10-20,9621278.957623698,3.0,0.2,TQQQ
2022-10-21,9757509.42250471,2.0,0.2,TQQQ
2022-10-24,9823919.717719527,2.0,0.2,TQQQ
2022-10-25,9942157.353287678,2.0,0.2,TQQQ
2022-10-26,9810771.200942032,2.0,0.2,TQQQ
2022-10-27,9702694.6467265,2.0,0.2,TQQQ
2022-10-28,9878220.396467965,2.0,0.2,TQQQ
2022-10-31,9809937.767837126,2.0,0.2,TQQQ
2022-11-01,9749064.40953597,2.0,0.2,TQQQ
2022-11-02,9547359.913052863,3.0,0.2,TQQQ
2022-11-03,9437198.031640474,3.0,0.2,TQQQ
2022-11-04,9700339.102896394,1.0,0.2,SOXL
2022-11-07,9761945.772874672,1.0,0.2,TQQQ
2022-11-08,9804113.778720828,1.0,0.2,TQQQ
2022-11-09,9667312.123728618,2.0,0.2,TQQQ
2022-11-10,10090257.23480772,1.0,0.2,TQQQ
2022-11-11,10205037.143625135,1.0,0.2,TQQQ
2022-11-14,10151018.175028637,1.0,0.2,TQQQ
2022-11-15,10232888.501653407,1.0,0.2,TQQQ
2022-11-16,10149991.274269303,1.0,0.2,TQQQ
2022-11-17,10134326.771518987,1.0,0.2,TQQQ
2022-11-18,10132472.598140646,1.0,0.2,TQQQ
2022-11-21,10071231.903180309,2.0,0.2,TQQQ
2022-11-22,10155872.14103804,2.0,0.2,TQQQ
2022-11-23,10216614.038132194,2.0,0.2,TQQQ
2022-11-25,10174363.272418713,2.0,0.2,TQQQ
2022-11-28,10084777.75963171,2.0,0.2,TQQQ
2022-11-29,10036438.874453137,2.0,0.2,TQQQ
2022-11-30,10306074.591794947,2.0,0.2,TQQQ
2022-12-01,10391379.035925712,2.0,1.5,TQQQ
2022-12-02,10207149.723427773,2.0,1.5,TQQQ
2022-12-05,10104249.454314634,2.0,0.2,TQQQ
2022-12-06,9976071.273957355,2.0,0.2,TQQQ
2022-12-07,9952113.304396268,2.0,0.2,TQQQ
2022-12-08,10022750.818871342,2.0,0.2,TQQQ
2022-12-09,9984165.712001508,2.0,0.2,TQQQ
2022-12-12,10056812.45971527,2.0,0.2,TQQQ
2022-12-13,10530617.066240506,2.0,1.5,TQQQ
2022-12-14,10480628.873926654,2.0,0.2,TQQQ
2022-12-15,10272939.414205378,3.0,0.2,TQQQ
2022-12-16,10212264.285781806,3.0,0.2,TQQQ
2022-12-19,10127608.051272439,3.0,0.2,TQQQ
2022-12-20,10118739.437464448,2.0,0.2,TQQQ
2022-12-21,10206631.386352979,3.0,0.2,TQQQ
2022-12-22,10061548.537109958,3.0,0.2,TQQQ
2022-12-23,10067284.63396918,3.0,0.2,TQQQ
2022-12-27,9981435.421533313,3.0,0.2,TQQQ
2022-12-28,9900825.135362078,3.0,0.2,TQQQ
2022-12-29,10040515.027031342,3.0,0.2,TQQQ
2022-12-30,10040515.027031342,3.0,0.2,TQQQ
2023-01-03,9995245.209315548,3.0,0.2,TQQQ
2023-01-04,10146882.511516677,1.0,0.2,SOXL
2023-01-05,10046118.801588185,1.0,0.2,SOXL
2023-01-06,11069625.583209427,1.0,0.75,SOXL
2023-01-09,11573717.41156853,1.0,0.75,SOXL
2023-01-10,11904969.417116826,1.0,0.75,SOXL
2023-01-11,12225716.967708101,1.0,0.75,SOXL
2023-01-12,12536288.162325203,1.0,0.75,SOXL
2023-01-13,12631631.036825366,1.0,0.75,SOXL
2023-01-17,12712104.077819878,1.0,0.75,SOXL
2023-01-18,12536897.152796198,1.0,0.75,SOXL
2023-01-19,11766788.78400935,2.0,0.75,SOXL
2023-01-20,13296371.913235897,2.0,1.5,SOXL
2023-01-23,16337173.236468714,1.0,1.5,SOXL
2023-01-24,16087794.884873854,1.0,0.75,SOXL
2023-01-25,16162995.658736192,1.0,0.75,SOXL
2023-01-26,16755344.013175422,1.0,0.75,SOXL
2023-01-27,16540954.289047966,1.0,0.75,SOXL
2023-01-30,15563735.22310263,2.0,0.75,SOXL
2023-01-31,16781767.779300384,2.0,1.5,SOXL
2023-02-01,20734495.134579252,1.0,1.5,SOXL
2023-02-02,21771218.68844383,1.0,0.75,SOXL
2023-02-03,20869145.88214467,2.0,0.75,SOXL
2023-02-06,19334471.138515268,2.0,1.5,SOXL
2023-02-07,22018485.478940748,2.0,1.5,SOXL
2023-02-08,19953072.588550746,2.0,1.5,SOXL
2023-02-09,20116427.045915708,2.0,1.5,SOXL
2023-02-10,18696872.47512724,2.0,1.5,SOXL
2023-02-13,19797383.640977267,2.0,1.5,SOXL
2023-02-14,21443144.294300888,2.0,1.5,SOXL
2023-02-15,21832907.186569657,2.0,1.5,SOXL
2023-02-16,19480330.36665018,2.0,1.5,SOXL
2023-02-17,18080333.089547627,2.0,1.5,SOXL
2023-02-21,15473267.313819496,3.0,1.5,SOXL
2023-02-22,15075664.245450828,3.0,2.0,SOXL
2023-02-23,17800839.670224596,3.0,2.0,SOXL
2023-02-24,15982978.959036056,3.0,2.0,SOXL
2023-02-27,16407411.144584803,3.0,2.0,SOXL
2023-02-28,16746872.26793895,3.0,2.0,SOXL
2023-03-01,16815461.412240397,3.0,2.0,SOXL
2023-03-02,17571470.48548632,3.0,2.0,SOXL
2023-03-03,19140140.54337331,3.0,2.0,SOXL
2023-03-06,17895050.817152135,2.0,2.0,SOXL
2023-03-07,16974939.097817007,3.0,1.5,SOXL
2023-03-08,19663117.715069704,3.0,2.0,SOXL
2023-03-09,17424432.12160368,3.0,2.0,SOXL
2023-03-10,15414372.238213092,3.0,2.0,SOXL
2023-03-13,15348546.653840035,3.0,2.0,SOXL
2023-03-14,17975974.374063615,3.0,2.0,SOXL
2023-03-15,16724034.624841843,3.0,2.0,SOXL
2023-03-16,20663116.252966125,3.0,2.0,SOXL
2023-03-17,19933242.046109594,3.0,2.0,SOXL
2023-03-20,21119590.412463855,2.0,2.0,SOXL
2023-03-21,21281951.75980424,2.0,1.5,SOXL
2023-03-22,20458507.75557965,2.0,1.5,SOXL
2023-03-23,22820556.684481345,2.0,1.5,SOXL
2023-03-24,21019965.28488535,2.0,1.5,SOXL
2023-03-27,19878266.403699707,2.0,1.5,SOXL
2023-03-28,19243451.094915774,2.0,1.5,SOXL
2023-03-29,21921285.17297517,2.0,1.5,SOXL
2023-03-30,23596182.414749503,2.0,1.5,SOXL
2023-03-31,24286317.670433864,2.0,1.5,SOXL
2023-04-03,23310885.746891234,1.0,1.5,SOXL
2023-04-04,23136429.076965198,1.0,0.75,TQQQ
2023-04-05,22580503.437908802,1.0,0.75,TQQQ
2023-04-06,22920597.908064254,1.0,0.75,TQQQ
2023-04-10,22882995.47627003,1.0,0.75,TQQQ
2023-04-11,22550658.624821916,1.0,0.75,TQQQ
2023-04-12,22103258.5395986,2.0,0.75,TQQQ
2023-04-13,24006528.850018546,2.0,1.5,TQQQ
2023-04-14,23798001.50359384,2.0,1.5,TQQQ
2023-04-17,23836989.08043453,2.0,1.5,TQQQ
2023-04-18,23862993.264628746,2.0,1.5,TQQQ
2023-04-19,23784954.933241993,2.0,1.5,TQQQ
2023-04-20,22953428.07448925,2.0,1.5,TQQQ
2023-04-21,23017616.00478551,2.0,1.5,TQQQ
2023-04-24,22812023.519773483,2.0,1.5,TQQQ
2023-04-25,20877573.59316886,2.0,1.5,TQQQ
2023-04-26,20931349.15102061,1.0,0.2,SOXL
2023-04-27,22199727.468626797,1.0,0.75,TQQQ
2023-04-28,22536451.590283196,1.0,0.75,TQQQ
2023-05-01,22488587.377329588,1.0,0.75,TQQQ
2023-05-02,22039534.262353424,1.0,0.75,TQQQ
2023-05-03,21714001.38359875,1.0,0.75,TQQQ
2023-05-04,21532245.733788453,2.0,0.75,TQQQ
2023-05-05,23512919.067502983,2.0,1.5,TQQQ
2023-05-08,23800477.364345264,2.0,1.5,TQQQ
2023-05-09,23110064.836658012,2.0,1.5,TQQQ
2023-05-10,24228695.834695507,2.0,1.5,TQQQ
2023-05-11,24531659.521444283,2.0,1.5,TQQQ
2023-05-12,24151388.854029182,2.0,1.5,TQQQ
2023-05-15,24706210.89321047,2.0,1.5,TQQQ
2023-05-16,24845960.0177653,2.0,1.5,TQQQ
2023-05-17,26182446.08279399,1.0,1.5,TQQQ
2023-05-18,27237771.19424314,1.0,0.75,TQQQ
2023-05-19,27097150.85441392,1.0,0.75,TQQQ
2023-05-22,27308447.502534892,1.0,0.75,TQQQ
2023-05-23,26516528.37872593,1.0,0.75,TQQQ
2023-05-24,26193995.302081574,2.0,0.75,TQQQ
2023-05-25,29031031.36328461,2.0,1.5,TQQQ
2023-05-26,32325130.636672016,1.0,1.5,TQQQ
2023-05-30,32664748.06087997,1.0,0.75,TQQQ
2023-05-31,32167451.90673128,1.0,0.75,TQQQ
2023-06-01,33042219.847452857,1.0,0.75,TQQQ
2023-06-02,33599655.35563136,1.0,0.75,TQQQ
2023-06-05,33654410.76048689,1.0,0.75,TQQQ
2023-06-06,33627043.844607584,1.0,0.75,TQQQ
2023-06-07,32340709.244974162,2.0,0.75,TQQQ
2023-06-08,34004904.17389476,2.0,1.5,TQQQ
2023-06-09,34625224.980768554,2.0,1.5,TQQQ
2023-06-12,37277430.929514945,2.0,1.5,TQQQ
2023-06-13,38526795.24999876,1.0,1.5,TQQQ
2023-06-14,39143614.47959479,1.0,0.75,TQQQ
2023-06-15,40173582.07613789,1.0,0.75,TQQQ
2023-06-16,39594156.7320884,1.0,0.75,TQQQ
2023-06-20,39448588.88008234,1.0,0.75,TQQQ
2023-06-21,38262844.0518182,2.0,0.75,TQQQ
2023-06-22,40168618.472336665,2.0,1.5,TQQQ
2023-06-23,38382351.66749817,2.0,1.5,TQQQ
2023-06-26,36106011.73474079,2.0,1.5,TQQQ
2023-06-27,38784289.297473274,2.0,1.5,TQQQ
2023-06-28,39139911.444858596,2.0,1.5,TQQQ
2023-06-29,38738616.04385832,2.0,1.5,TQQQ
2023-06-30,41360358.704735495,2.0,1.5,TQQQ
2023-07-03,41784046.34156698,2.0,1.5,TQQQ
2023-07-05,41738499.63156936,2.0,1.5,TQQQ
2023-07-06,40266264.52716832,1.0,1.5,TQQQ
2023-07-07,39958872.25047003,1.0,0.75,TQQQ
2023-07-10,39981421.036615744,1.0,0.75,TQQQ
2023-07-11,40409791.12191582,1.0,0.75,TQQQ
2023-07-12,41533120.202674106,1.0,0.75,TQQQ
2023-07-13,43084295.281747006,1.0,0.75,TQQQ
2023-07-14,43054971.02615207,1.0,0.75,TQQQ
2023-07-17,43949907.66506674,1.0,0.75,TQQQ
2023-07-18,44736804.560126394,1.0,0.75,TQQQ
2023-07-19,44736804.560126394,1.0,0.75,TQQQ
2023-07-20,42382623.476314835,2.0,0.75,TQQQ
2023-07-21,41821705.98292579,2.0,1.5,TQQQ
2023-07-24,42071529.38766579,2.0,1.5,TQQQ
2023-07-25,43337798.604963884,2.0,1.5,TQQQ
2023-07-26,42668699.02549735,2.0,1.5,TQQQ
2023-07-27,42121405.8990019,2.0,1.5,TQQQ
2023-07-28,45538258.98061847,2.0,1.5,TQQQ
2023-07-31,45674200.86486263,2.0,1.5,TQQQ
2023-08-01,45144981.21193977,2.0,1.5,TQQQ
2023-08-02,40716826.2923712,2.0,1.5,TQQQ
2023-08-03,40280791.38085066,2.0,1.5,TQQQ
2023-08-04,39440799.35981803,2.0,1.5,TQQQ
2023-08-07,40907602.20361878,2.0,1.5,TQQQ
2023-08-08,39335734.62041431,2.0,1.5,TQQQ
2023-08-09,37367983.18059187,2.0,1.5,TQQQ
2023-08-10,37622060.440351844,2.0,1.5,TQQQ
2023-08-11,36490285.953438334,3.0,1.5,TQQQ
2023-08-14,38917383.31041334,3.0,2.0,TQQQ
2023-08-15,36527791.94599196,3.0,2.0,TQQQ
2023-08-16,34101938.16161076,3.0,2.0,TQQQ
2023-08-17,33871288.56020417,2.0,0.2,TQQQ
2023-08-18,33839797.820159204,3.0,0.2,TQQQ
2023-08-21,37112219.824498825,3.0,2.0,TQQQ
2023-08-22,37079154.36296585,3.0,0.2,TQQQ
2023-08-23,40573303.14144501,3.0,2.0,TQQQ
2023-08-24,40038853.858705394,3.0,0.2,TQQQ
2023-08-25,40228489.01989727,3.0,0.2,TQQQ
2023-08-28,42026280.4543041,3.0,2.0,TQQQ
2023-08-29,47386281.61390726,2.0,2.0,TQQQ
2023-08-30,48571807.25670991,2.0,1.5,TQQQ
2023-08-31,49230045.40004218,2.0,1.5,TQQQ
2023-09-01,48969056.20144462,2.0,1.5,TQQQ
2023-09-05,49160106.12832777,2.0,1.5,TQQQ
2023-09-06,47212263.28145115,2.0,1.5,TQQQ
2023-09-07,45668263.28310638,2.0,1.5,TQQQ
2023-09-08,45871830.85431098,2.0,1.5,TQQQ
2023-09-11,48216382.88147223,2.0,1.5,TQQQ
2023-09-12,45902281.248712614,2.0,1.5,TQQQ
2023-09-13,46581640.8128039,2.0,1.5,TQQQ
2023-09-14,48220078.271862045,2.0,1.5,TQQQ
2023-09-15,47725218.94088865,2.0,0.2,TQQQ
2023-09-18,47746828.104972005,2.0,0.2,TQQQ
2023-09-19,47689305.28015081,2.0,0.2,TQQQ
2023-09-20,47275748.6008069,3.0,0.2,TQQQ
2023-09-21,46737243.334187955,3.0,0.2,TQQQ
2023-09-22,46745120.09176033,3.0,0.2,TQQQ
2023-09-25,46868443.96930372,3.0,0.2,TQQQ
2023-09-26,46450394.63177547,3.0,0.2,TQQQ
2023-09-27,46506957.13077927,2.0,0.2,TQQQ
2023-09-28,46732122.29846583,3.0,0.2,TQQQ
2023-09-29,46753160.48346461,3.0,0.2,TQQQ
2023-10-02,46976293.829884194,3.0,0.2,TQQQ
2023-10-03,46479095.184731595,3.0,0.2,TQQQ
2023-10-04,46855881.54277837,3.0,0.2,TQQQ
2023-10-05,46756796.83730857,3.0,0.2,TQQQ
2023-10-06,47227520.114571676,3.0,0.2,TQQQ
2023-10-09,47366610.76640514,3.0,0.2,TQQQ
2023-10-10,47521583.519085705,3.0,0.2,TQQQ
2023-10-11,47723908.55635997,2.0,0.2,TQQQ
2023-10-12,47612301.954451725,3.0,0.2,TQQQ
2023-10-13,47252271.19347142,3.0,0.2,TQQQ
2023-10-16,47570566.908852704,3.0,0.2,TQQQ
2023-10-17,47479535.46931541,3.0,0.2,TQQQ
2023-10-18,47077882.820560254,3.0,0.2,TQQQ
2023-10-19,46826322.998679444,3.0,0.2,TQQQ
2023-10-20,46403967.59545833,3.0,0.2,TQQQ
2023-10-23,46485640.77737311,3.0,0.2,TQQQ
2023-10-24,46747873.37147321,3.0,0.2,TQQQ
2023-10-25,46063049.78728895,2.0,0.2,TQQQ
2023-10-26,45526092.27315956,3.0,0.2,TQQQ
2023-10-27,45655912.72565808,3.0,0.2,TQQQ
2023-10-30,45950561.498342924,3.0,0.2,TQQQ
2023-10-31,46084245.84326281,3.0,0.2,TQQQ
2023-11-01,46559429.16500858,3.0,0.2,TQQQ
2023-11-02,47053793.69503946,2.0,0.2,TQQQ
2023-11-03,47385633.77181807,3.0,0.2,TQQQ
2023-11-06,47494071.89883996,3.0,0.2,TQQQ
2023-11-07,50168031.91501479,3.0,2.0,TQQQ
2023-11-08,50347773.52012909,3.0,2.0,TQQQ
2023-11-09,50108570.58511832,3.0,0.2,TQQQ
2023-11-10,56794986.84737312,3.0,2.0,TQQQ
2023-11-13,55764123.80270066,3.0,2.0,TQQQ
2023-11-14,62776027.70975909,2.0,2.0,TQQQ
2023-11-15,63039185.26620353,2.0,1.5,TQQQ
2023-11-16,63192903.43752874,2.0,1.5,TQQQ
2023-11-17,63258833.650731996,2.0,1.5,TQQQ
2023-11-20,66644562.60598378,2.0,1.5,TQQQ
2023-11-21,64833074.35004873,2.0,1.5,TQQQ
2023-11-22,65963119.16778971,2.0,1.5,TQQQ
2023-11-24,65472865.97650321,2.0,1.5,TQQQ
2023-11-27,65183872.35186085,2.0,1.5,TQQQ
2023-11-28,65960750.46140507,2.0,1.5,TQQQ
2023-11-29,65604205.155326106,1.0,1.5,TQQQ
2023-11-30,65192695.954116136,1.0,0.75,TQQQ
2023-12-01,65605072.82346806,1.0,0.75,TQQQ
2023-12-04,64203696.39013733,2.0,0.75,TQQQ
2023-12-05,64898329.31338499,2.0,1.5,TQQQ
2023-12-06,63166801.6629421,2.0,1.5,TQQQ
2023-12-07,67133287.8826837,2.0,1.5,TQQQ
2023-12-08,68338050.84204532,2.0,1.5,TQQQ
2023-12-11,70944759.69571026,2.0,1.5,TQQQ
2023-12-12,73514318.01943445,2.0,1.5,TQQQ
2023-12-13,77402396.68928267,1.0,1.5,TQQQ
2023-12-14,77307119.47911052,1.0,0.75,TQQQ
2023-12-15,77998202.88769272,1.0,0.75,TQQQ
2023-12-18,79221872.44655713,1.0,0.75,TQQQ
2023-12-19,80108329.68436183,1.0,0.75,TQQQ
2023-12-20,77438819.8143625,1.0,0.75,TQQQ
2023-12-21,79365223.57951325,1.0,0.75,TQQQ
2023-12-22,79602591.3021658,1.0,0.75,TQQQ
2023-12-26,80693475.49599397,1.0,0.75,TQQQ
2023-12-27,81012194.58368647,1.0,0.75,TQQQ
2023-12-28,80858941.29656912,1.0,0.75,TQQQ
2023-12-29,80021407.42124,1.0,0.75,TQQQ
2024-01-02,76979174.91950476,2.0,0.75,TQQQ
2024-01-03,73293555.1733324,1.0,0.75,SOXL
2024-01-04,71890508.75404206,1.0,0.75,SOXL
2024-01-05,72628240.63180223,1.0,0.75,SOXL
2024-01-08,77879996.70086354,1.0,0.75,SOXL
2024-01-09,77859447.6099455,1.0,0.75,SOXL
2024-01-10,77345774.57119997,1.0,0.75,SOXL
2024-01-11,77942949.33817558,1.0,0.75,SOXL
2024-01-12,77203511.47533317,1.0,0.75,SOXL
2024-01-16,79449563.6745281,1.0,0.75,SOXL
2024-01-17,77898131.82155025,1.0,0.75,SOXL
2024-01-18,83569919.59842284,1.0,0.75,SOXL
2024-01-19,90944912.15982948,1.0,0.75,SOXL
2024-01-22,91727582.72008207,1.0,0.75,SOXL
2024-01-23,93015301.63636284,1.0,0.75,SOXL
2024-01-24,95928514.53384656,1.0,0.75,SOXL
2024-01-25,95351700.43652967,1.0,0.75,SOXL
2024-01-26,89360096.33833349,2.0,0.75,SOXL
2024-01-29,93419591.33592914,2.0,1.5,SOXL
2024-01-30,87380904.94886759,2.0,1.5,SOXL
2024-01-31,81790910.00051898,2.0,1.5,SOXL
2024-02-01,83128613.79323034,2.0,1.5,SOXL
2024-02-02,87739750.32971704,2.0,1.5,SOXL
2024-02-05,93410885.48701262,2.0,1.5,SOXL
2024-02-06,88341169.52484347,2.0,1.5,SOXL
2024-02-07,94334138.74750032,2.0,1.5,SOXL
2024-02-08,101497255.47954607,2.0,1.5,SOXL
2024-02-09,110390229.69503194,1.0,1.5,SOXL
2024-02-12,110032277.09883554,1.0,0.75,SOXL
2024-02-13,105163028.39397505,2.0,0.75,SOXL
2024-02-14,114925713.0973519,2.0,1.5,SOXL
2024-02-15,114881646.66836956,2.0,1.5,SOXL
2024-02-16,111444887.5728574,2.0,1.5,SOXL
2024-02-20,103114869.12030879,2.0,1.5,SOXL
2024-02-21,101925723.90072356,2.0,1.5,SOXL
2024-02-22,124262511.20543563,1.0,1.5,SOXL
2024-02-23,121449956.69703764,1.0,0.75,SOXL
2024-02-26,123808216.5223061,1.0,0.75,SOXL
2024-02-27,123582901.81129563,1.0,0.75,SOXL
2024-02-28,120629343.68886434,1.0,0.75,SOXL
2024-02-29,127539767.2440462,1.0,0.75,SOXL
2024-03-01,139798065.46450904,1.0,0.75,SOXL
2024-03-04,142922031.81854707,1.0,0.75,SOXL
2024-03-05,136611588.80199385,2.0,0.75,SOXL
2024-03-06,151398563.96774098,2.0,1.5,SOXL
2024-03-07,174461060.76054713,1.0,1.5,SOXL
2024-03-08,159394388.14978117,2.0,0.75,SOXL
2024-03-11,148746392.27381572,3.0,1.5,SOXL
2024-03-12,166620156.24273267,3.0,2.0,SOXL
2024-03-13,143095722.4531203,3.0,2.0,SOXL
2024-03-14,127258250.23054062,3.0,2.0,SOXL
2024-03-15,122639200.18380953,3.0,2.0,SOXL
2024-03-18,121491434.9859161,3.0,2.0,SOXL
2024-03-19,115288941.56413886,3.0,2.0,SOXL
2024-03-20,126311294.45654681,3.0,2.0,SOXL
2024-03-21,143249813.00818932,3.0,2.0,SOXL
2024-03-22,143992160.7908758,2.0,2.0,SOXL
2024-03-25,141480154.04139245,3.0,1.5,SOXL
2024-03-26,136177317.89387462,3.0,2.0,SOXL
2024-03-27,145068327.98165047,3.0,2.0,SOXL
2024-03-28,145255502.97070453,3.0,2.0,SOXL
2024-04-01,154371065.74598262,3.0,2.0,SOXL
2024-04-02,140796448.63201764,3.0,2.0,SOXL
2024-04-03,142699097.08696175,3.0,2.0,SOXL
2024-04-04,119096141.20001818,3.0,2.0,SOXL
2024-04-05,126123287.03495492,3.0,2.0,SOXL
2024-04-08,128320753.25890446,2.0,2.0,SOXL
2024-04-09,134401422.15320298,3.0,1.5,SOXL
2024-04-10,120780626.27592428,3.0,2.0,SOXL
2024-04-11,135972800.2786745,3.0,2.0,SOXL
2024-04-12,110500187.58252464,3.0,2.0,SOXL
2024-04-15,101289616.10005245,3.0,2.0,SOXL
2024-04-16,105159918.94305177,3.0,2.0,SOXL
2024-04-17,103354509.18053888,3.0,0.2,SOXL
2024-04-18,102155305.94365634,3.0,0.2,SOXL
2024-04-19,99744078.20492113,3.0,0.2,SOXL
2024-04-22,100573388.88574697,2.0,0.2,SOXL
2024-04-23,101852902.96115266,3.0,0.2,SOXL
2024-04-24,102677040.2006803,3.0,0.2,SOXL
2024-04-25,103788001.90947708,2.0,0.2,SOXL
2024-04-26,105114131.6132877,3.0,0.2,SOXL
2024-04-29,109392664.66110039,3.0,2.0,SOXL
2024-04-30,108083511.31352665,3.0,0.2,SOXL
2024-05-01,105926369.39931415,3.0,0.2,SOXL
2024-05-02,107208458.44221343,3.0,0.2,SOXL
2024-05-03,108690847.67199495,3.0,0.2,SOXL
2024-05-06,121687984.4254348,3.0,2.0,SOXL
2024-05-07,121134051.20487154,3.0,0.2,SOXL
2024-05-08,121164065.32549885,3.0,0.2,SOXL
2024-05-09,120894212.59180175,2.0,0.2,SOXL
2024-05-10,125749953.8664969,3.0,1.5,SOXL
2024-05-13,127221088.64077616,3.0,2.0,SOXL
2024-05-14,139181741.66812852,3.0,2.0,SOXL
2024-05-15,163597355.2974433,2.0,2.0,SOXL
2024-05-16,159733676.5315584,3.0,1.5,SOXL
2024-05-17,153794643.45654497,3.0,2.0,SOXL
2024-05-20,173103602.36011338,3.0,2.0,SOXL
2024-05-21,171166269.02168113,3.0,2.0,SOXL
2024-05-22,181155151.35701865,3.0,2.0,SOXL
2024-05-23,176972978.4454011,3.0,2.0,SOXL
2024-05-24,196044402.56644347,3.0,2.0,SOXL
2024-05-28,215862273.78572246,1.0,2.0,SOXL
2024-05-29,206694918.62025514,2.0,0.75,SOXL
2024-05-30,200734891.95407653,2.0,1.5,SOXL
2024-05-31,192243814.72272757,2.0,1.5,SOXL
2024-06-03,192243814.72272757,2.0,1.5,SOXL
2024-06-04,193317068.705581,1.0,0.75,TQQQ
2024-06-05,202069658.94002673,1.0,0.75,TQQQ
2024-06-06,201889915.69535422,1.0,0.75,TQQQ
2024-06-07,201328040.37599415,1.0,0.75,TQQQ
2024-06-10,202925297.6780452,1.0,0.75,TQQQ
2024-06-11,206066557.59825546,1.0,0.75,TQQQ
2024-06-12,212161029.1166698,1.0,0.75,TQQQ
2024-06-13,214703967.8533757,1.0,0.75,TQQQ
2024-06-14,217038623.6823863,1.0,0.75,TQQQ
2024-06-17,222942330.0926774,1.0,0.75,TQQQ
2024-06-18,223029336.90289775,1.0,0.75,TQQQ
2024-06-20,219092252.9519608,1.0,0.75,TQQQ
2024-06-21,217582337.24652496,1.0,0.75,TQQQ
2024-06-24,212055041.35783234,2.0,0.75,TQQQ
2024-06-25,222675469.90831003,2.0,1.5,TQQQ
2024-06-26,224765413.37077826,2.0,1.5,TQQQ
2024-06-27,227210471.35734388,2.0,1.5,TQQQ
2024-06-28,221848309.01715833,2.0,1.5,TQQQ
2024-07-01,227302885.732182,2.0,1.5,TQQQ
2024-07-02,237754593.34221306,2.0,1.5,TQQQ
2024-07-03,246517061.26432872,2.0,1.5,TQQQ
2024-07-05,257718152.58349383,1.0,1.5,TQQQ
2024-07-08,258996773.15574813,1.0,0.75,TQQQ
2024-07-09,259422285.9081158,1.0,0.75,TQQQ
2024-07-10,265518024.22113472,1.0,0.75,TQQQ
2024-07-11,252434406.19111273,2.0,0.75,TQQQ
2024-07-12,258590182.96323964,2.0,1.5,TQQQ
2024-07-15,261476255.87454382,2.0,1.5,TQQQ
2024-07-16,261765925.18730977,2.0,1.5,TQQQ
2024-07-17,227234011.4864322,2.0,1.5,TQQQ
2024-07-18,222131687.14358917,2.0,1.5,TQQQ
2024-07-19,213099132.63098496,3.0,1.5,TQQQ
2024-07-22,231692102.8984664,3.0,2.0,TQQQ
2024-07-23,226693362.53487635,3.0,2.0,TQQQ
2024-07-24,221804746.7511088,3.0,0.2,TQQQ
2024-07-25,220327176.37915748,2.0,0.2,TQQQ
2024-07-26,221587780.31898287,3.0,0.2,TQQQ
2024-07-29,221846554.7497738,3.0,0.2,TQQQ
2024-07-30,220036804.14054304,3.0,0.2,TQQQ
2024-07-31,258514208.94379723,3.0,2.0,TQQQ
2024-08-01,254788709.7882545,3.0,0.2,TQQQ
2024-08-02,251073039.28450084,3.0,0.2,TQQQ
2024-08-05,246696142.61593214,3.0,0.2,TQQQ
2024-08-06,247916802.54754993,1.0,0.2,SOXL
2024-08-07,246319966.9641179,1.0,0.2,TQQQ
2024-08-08,250830498.33849928,1.0,0.2,TQQQ
2024-08-09,251513086.5848836,1.0,0.2,TQQQ
2024-08-12,251854999.78004095,1.0,0.2,TQQQ
2024-08-13,255519113.5692404,1.0,0.2,TQQQ
2024-08-14,255607551.67800865,1.0,0.2,TQQQ
2024-08-15,270029854.59536266,1.0,0.75,TQQQ
2024-08-16,270562361.39157814,1.0,0.75,TQQQ
2024-08-19,278426206.8393074,1.0,0.75,TQQQ
2024-08-20,277137534.8247862,1.0,0.75,TQQQ
2024-08-21,279982829.3782051,1.0,0.75,TQQQ
2024-08-22,269897140.6491291,1.0,0.75,TQQQ
2024-08-23,276261705.2731047,1.0,0.75,TQQQ
2024-08-26,274640082.87300193,1.0,0.2,TQQQ
2024-08-27,276385196.65610904,1.0,0.75,TQQQ
2024-08-28,274511667.5226556,2.0,0.2,TQQQ
2024-08-29,274223580.0707201,2.0,0.2,TQQQ
2024-08-30,276091690.2487678,2.0,0.2,TQQQ
2024-09-03,271053546.6893226,2.0,0.2,TQQQ
2024-09-04,270592737.4644786,2.0,0.2,TQQQ
2024-09-05,270767823.0666357,2.0,0.2,TQQQ
2024-09-06,266375811.02785316,3.0,0.2,TQQQ
2024-09-09,268357623.70564193,3.0,0.2,TQQQ
2024-09-10,269801333.48831064,3.0,0.2,TQQQ
2024-09-11,273241625.8789075,3.0,0.2,TQQQ
2024-09-12,274858143.40927315,2.0,0.2,TQQQ
2024-09-13,275577540.10343856,2.0,0.2,TQQQ
2024-09-16,274841033.87548465,2.0,0.2,TQQQ
2024-09-17,274874120.0208058,2.0,0.2,TQQQ
2024-09-18,274154789.76833016,2.0,0.2,TQQQ
2024-09-19,305238540.93825865,2.0,1.5,TQQQ
2024-09-20,302319272.0181074,2.0,1.5,TQQQ
2024-09-23,305681743.74964947,2.0,1.5,TQQQ
2024-09-24,312171851.69840854,2.0,1.5,TQQQ
2024-09-25,313810934.849018,2.0,1.5,TQQQ
2024-09-26,323794095.6936581,1.0,1.5,TQQQ
2024-09-27,319613371.7979609,1.0,0.75,TQQQ
2024-09-30,321479582.68730396,1.0,0.75,TQQQ
2024-10-01,311268455.6853063,2.0,0.75,TQQQ
2024-10-02,313017113.00434905,2.0,1.5,TQQQ
2024-10-03,311938872.351491,2.0,1.5,TQQQ
2024-10-04,328428863.3781761,2.0,1.5,TQQQ
2024-10-07,312205913.09700674,2.0,1.5,TQQQ
2024-10-08,332526175.3231466,2.0,1.5,TQQQ
2024-10-09,344546066.34464234,2.0,1.5,TQQQ
2024-10-10,342739185.2013311,2.0,1.5,TQQQ
2024-10-11,344057323.31451815,2.0,1.5,TQQQ
2024-10-14,357254646.4010879,2.0,1.5,TQQQ
2024-10-15,335875719.86202335,1.0,1.5,TQQQ
2024-10-16,335737936.59137803,1.0,0.75,TQQQ
2024-10-17,336495528.78013444,1.0,0.75,TQQQ
2024-10-18,340969009.98911476,1.0,0.75,TQQQ
2024-10-21,342373720.61439985,1.0,0.75,TQQQ
2024-10-22,343126445.4446517,1.0,0.75,TQQQ
2024-10-23,331228486.85498285,2.0,0.75,TQQQ
2024-10-24,343062954.7809663,2.0,1.5,TQQQ
2024-10-25,351744599.97264767,2.0,1.5,TQQQ
2024-10-28,352238676.5345904,2.0,1.5,TQQQ
2024-10-29,366858455.4443913,2.0,1.5,TQQQ
2024-10-30,354618661.0377024,2.0,1.5,TQQQ
2024-10-31,314142063.24435794,2.0,1.5,TQQQ
2024-11-01,324183813.190153,2.0,1.5,TQQQ
2024-11-04,319658963.25437224,2.0,1.5,TQQQ
2024-11-05,337877780.1569332,2.0,1.5,TQQQ
2024-11-06,379012314.0947507,1.0,1.5,TQQQ
2024-11-07,392313348.27530575,1.0,0.75,TQQQ
2024-11-08,393026189.849575,1.0,0.75,TQQQ
2024-11-11,392491874.8134974,1.0,0.75,TQQQ
2024-11-12,390888174.4387352,1.0,0.75,TQQQ
2024-11-13,389603446.1628972,1.0,0.75,TQQQ
2024-11-14,383422833.2728966,1.0,0.75,TQQQ
2024-11-15,362625816.3943351,2.0,0.75,TQQQ
2024-11-18,373611468.6111644,2.0,1.5,TQQQ
2024-11-19,384853901.5798334,2.0,1.5,TQQQ
2024-11-20,384181598.9536575,2.0,1.5,TQQQ
2024-11-21,389854722.7273697,2.0,1.5,TQQQ
2024-11-22,392030012.01606923,2.0,1.5,TQQQ
2024-11-25,394735411.0175599,2.0,1.5,TQQQ
2024-11-26,403924642.95563895,2.0,1.5,TQQQ
2024-11-27,389276552.0671345,2.0,1.5,TQQQ
2024-11-29,404192932.376787,2.0,1.5,TQQQ
2024-12-02,423848665.81131464,1.0,1.5,TQQQ
2024-12-03,426662133.4001745,1.0,0.75,TQQQ
2024-12-04,438352891.502432,1.0,0.75,TQQQ
2024-12-05,435646508.0017382,1.0,0.75,TQQQ
2024-12-06,444049840.83918136,1.0,0.75,TQQQ
2024-12-09,436268621.0532819,1.0,0.75,TQQQ
2024-12-10,432717473.0877888,1.0,0.75,TQQQ
2024-12-11,450062416.6378475,1.0,0.75,TQQQ
2024-12-12,443371185.31230354,1.0,0.75,TQQQ
2024-12-13,450514146.11706585,1.0,0.75,TQQQ
2024-12-16,465216342.241572,1.0,0.75,TQQQ
2024-12-17,460541255.31983316,1.0,0.75,TQQQ
2024-12-18,423201084.76677495,2.0,0.75,TQQQ
2024-12-19,414230816.59565735,2.0,1.5,TQQQ
2024-12-20,430353761.54059434,2.0,1.5,TQQQ
2024-12-23,448333874.17706996,2.0,1.5,TQQQ
2024-12-24,475056791.5229122,2.0,1.5,TQQQ
2024-12-26,473525911.1851798,2.0,1.5,TQQQ
2024-12-27,444631432.1517045,2.0,1.5,TQQQ
2024-12-30,417846396.1232342,2.0,1.5,TQQQ
2024-12-31,401417436.72804064,2.0,1.5,TQQQ
2025-01-02,397612745.3420318,3.0,1.5,TQQQ
2025-01-03,435740759.237041,2.0,2.0,TQQQ
2025-01-06,458030094.3707547,2.0,1.5,TQQQ
2025-01-07,421021084.61108935,2.0,1.5,TQQQ
2025-01-08,421491106.251478,2.0,1.5,TQQQ
2025-01-10,417468450.19395596,3.0,0.2,TQQQ
2025-01-13,416599057.63457006,3.0,0.2,TQQQ
2025-01-14,416303172.76422995,3.0,0.2,TQQQ
2025-01-15,472572170.3763895,3.0,2.0,TQQQ
2025-01-16,453290794.6967358,3.0,2.0,TQQQ
2025-01-17,498030574.743669,3.0,2.0,TQQQ
2025-01-21,514563600.97672665,2.0,2.0,TQQQ
2025-01-22,544517090.2066529,2.0,1.5,TQQQ
2025-01-23,549540417.0152798,2.0,1.5,TQQQ
2025-01-24,534703997.29435045,2.0,1.5,TQQQ
2025-01-27,525322790.799716,2.0,0.2,TQQQ
2025-01-28,560271404.3533132,2.0,1.5,TQQQ
2025-01-29,555085380.5454205,2.0,1.5,TQQQ
2025-01-30,565526220.056379,2.0,1.5,TQQQ
2025-01-31,560936585.9321439,2.0,1.5,TQQQ
2025-02-03,540593154.5769095,2.0,1.5,TQQQ
2025-02-04,570026951.8346894,2.0,1.5,TQQQ
2025-02-05,581168528.1224036,2.0,1.5,TQQQ
2025-02-06,594233550.4127597,2.0,1.5,TQQQ
2025-02-07,560241844.5957382,2.0,1.5,TQQQ
2025-02-10,589801314.2219642,2.0,1.5,TQQQ
2025-02-11,583499662.9892669,2.0,1.5,TQQQ
2025-02-12,585249588.6897895,2.0,1.5,TQQQ
2025-02-13,622239766.408945,2.0,1.5,TQQQ
2025-02-14,633172299.418381,2.0,1.5,TQQQ
2025-02-18,639093068.4462819,2.0,1.5,TQQQ
2025-02-19,639199141.4872831,1.0,1.5,TQQQ
2025-02-20,633365782.2009245,1.0,0.75,TQQQ
2025-02-21,603630136.9906845,2.0,0.75,TQQQ
2025-02-24,599289144.9545937,2.0,0.2,TQQQ
2025-02-25,594714663.0055648,3.0,0.2,TQQQ
2025-02-26,595480843.9718683,3.0,0.2,TQQQ
2025-02-27,585601892.7612231,3.0,0.2,TQQQ
2025-02-28,590964183.500793,3.0,0.2,TQQQ
2025-03-03,583328669.769248,3.0,0.2,TQQQ
2025-03-04,582046797.4687234,3.0,0.2,TQQQ
2025-03-05,586581592.4176661,3.0,0.2,TQQQ
2025-03-06,576855467.0126547,3.0,0.2,TQQQ
2025-03-07,579248835.9677607,2.0,0.2,TQQQ
2025-03-10,566187595.770903,3.0,0.2,TQQQ
2025-03-11,564862285.2371405,3.0,0.2,TQQQ
2025-03-12,568722954.5888898,3.0,0.2,TQQQ
2025-03-13,562508225.0684927,3.0,0.2,TQQQ
2025-03-14,570489823.0776907,3.0,0.2,TQQQ
2025-03-17,572702097.3291843,3.0,0.2,TQQQ
2025-03-18,566928780.4249433,3.0,0.2,TQQQ
2025-03-19,571338545.5846584,3.0,0.2,TQQQ
2025-03-20,570163550.7965082,3.0,0.2,TQQQ
2025-03-21,571237237.3548853,2.0,0.2,TQQQ
2025-03-24,578494815.7701497,3.0,0.2,TQQQ
2025-03-25,580559316.1869277,3.0,0.2,TQQQ
2025-03-26,574102517.6624689,3.0,0.2,TQQQ
2025-03-27,572145959.5821041,3.0,0.2,TQQQ
2025-03-28,563035696.4060869,3.0,0.2,TQQQ
2025-03-31,562957157.1734109,3.0,0.2,TQQQ
2025-04-01,565550882.0815587,3.0,0.2,TQQQ
2025-04-02,568078596.5443406,3.0,0.2,TQQQ
2025-04-03,549821970.0211474,3.0,0.2,TQQQ
2025-04-04,529687330.3247364,2.0,0.2,TQQQ
2025-04-07,534783970.35506344,1.0,0.2,SOXL
2025-04-08,528690657.1367205,1.0,0.2,TQQQ
2025-04-09,565957234.8950579,1.0,0.2,TQQQ
2025-04-10,552036900.5798578,2.0,0.2,TQQQ
2025-04-11,557875528.4923227,2.0,0.2,TQQQ
2025-04-14,560218197.6146197,2.0,0.2,TQQQ
2025-04-15,560647392.2938639,2.0,0.2,TQQQ
2025-04-16,550513172.4259319,2.0,0.2,TQQQ
2025-04-17,550197135.8497074,2.0,0.2,TQQQ
2025-04-21,542156167.2108332,3.0,0.2,TQQQ
2025-04-22,550445229.4712776,3.0,0.2,TQQQ
2025-04-23,557750289.8875418,3.0,0.2,TQQQ
2025-04-24,567245395.4392344,1.0,0.2,TQQQ
2025-04-25,570987864.880881,1.0,0.2,TQQQ
2025-04-28,570903053.8527023,1.0,0.2,TQQQ
2025-04-29,573130656.855937,1.0,0.2,TQQQ
2025-04-30,573151553.4542497,1.0,0.2,TQQQ
2025-05-01,577099279.2407434,1.0,0.2,TQQQ
2025-05-02,582507364.1546903,1.0,0.2,TQQQ
2025-05-05,580488245.3879964,1.0,0.2,TQQQ
2025-05-06,577188199.832614,1.0,0.2,TQQQ
2025-05-07,578530972.7949071,1.0,0.2,TQQQ
2025-05-08,581977977.6781228,1.0,0.2,TQQQ
2025-05-09,581702301.3751774,1.0,0.2,TQQQ
2025-05-12,634525983.4898825,1.0,0.75,TQQQ
2025-05-13,656337473.8200393,1.0,0.75,TQQQ
2025-05-14,665023478.9630233,1.0,0.75,TQQQ
2025-05-15,666583034.012647,1.0,0.75,TQQQ
2025-05-16,672745485.1359962,1.0,0.75,TQQQ
2025-05-19,674087222.2155235,1.0,0.75,TQQQ
2025-05-20,668794423.3107806,1.0,0.75,TQQQ
2025-05-21,647921173.1588975,2.0,0.75,TQQQ
2025-05-22,652927847.8264321,2.0,1.5,TQQQ
2025-05-23,624674789.0513376,2.0,1.5,TQQQ
2025-05-27,689949242.363811,2.0,1.5,TQQQ
2025-05-28,676673438.0223979,2.0,1.5,TQQQ
2025-05-29,681601368.0213513,2.0,1.5,TQQQ
2025-05-30,676225760.5590844,2.0,1.5,TQQQ
2025-06-02,699555463.131214,2.0,1.5,TQQQ
2025-06-03,724026662.8515894,2.0,1.5,TQQQ
2025-06-04,732770872.3286685,2.0,1.5,TQQQ
2025-06-05,707177793.7228125,1.0,1.5,TQQQ
2025-06-06,722321123.122303,1.0,0.75,TQQQ
2025-06-09,724730189.0349152,1.0,0.75,TQQQ
2025-06-10,735230693.9311427,1.0,0.75,TQQQ
2025-06-11,729569825.4485953,1.0,0.75,TQQQ
2025-06-12,733135245.7990338,1.0,0.75,TQQQ
2025-06-13,712358733.7870406,1.0,0.75,TQQQ
2025-06-16,734146169.1383003,1.0,0.75,TQQQ
2025-06-17,717874788.8350735,1.0,0.75,TQQQ
2025-06-18,717142871.9944739,1.0,0.75,TQQQ
2025-06-20,709747861.1618873,1.0,0.75,TQQQ
2025-06-23,726279234.056755,1.0,0.75,TQQQ
2025-06-24,751071977.1192497,1.0,0.75,TQQQ
2025-06-25,755397199.4813962,1.0,0.75,TQQQ
2025-06-26,770918040.733325,1.0,0.75,TQQQ
2025-06-27,776583053.1560761,1.0,0.75,TQQQ
2025-06-30,787885539.963738,1.0,0.75,TQQQ
2025-07-01,772863476.5198216,1.0,0.75,TQQQ
2025-07-02,784400627.3511815,1.0,0.75,TQQQ
2025-07-03,800872999.0052259,1.0,0.75,TQQQ
2025-07-07,787487326.6081254,1.0,0.75,TQQQ
2025-07-08,788270831.1110821,1.0,0.75,TQQQ
2025-07-09,800517830.6034,1.0,0.75,TQQQ
2025-07-10,797755049.4453528,1.0,0.75,TQQQ
2025-07-11,793215893.6573104,1.0,0.75,TQQQ
2025-07-14,799540240.3348254,1.0,0.75,TQQQ
2025-07-15,801099400.2405602,1.0,0.75,TQQQ
2025-07-16,802799228.7948016,1.0,0.75,TQQQ
2025-07-17,816813059.1700202,1.0,0.75,TQQQ
2025-07-18,814701872.8642694,1.0,0.75,TQQQ
2025-07-21,823999242.1700251,1.0,0.75,TQQQ
2025-07-22,814385816.1307111,1.0,0.75,TQQQ
2025-07-23,822416957.6525412,1.0,0.75,TQQQ
2025-07-24,826489705.6292255,1.0,0.75,TQQQ
2025-07-25,829994887.6045322,1.0,0.75,TQQQ
2025-07-28,836085497.9878503,1.0,0.75,TQQQ
2025-07-29,833222126.2570297,1.0,0.75,TQQQ
2025-07-30,835389647.1264436,1.0,0.75,TQQQ
2025-07-31,825050892.9620907,1.0,0.75,TQQQ
2025-08-01,787941794.9620781,2.0,0.75,TQQQ
2025-08-04,810519868.0348955,1.0,0.75,SOXL
2025-08-05,798848388.6898382,1.0,0.75,SOXL
2025-08-06,785898049.8197589,1.0,0.75,SOXL
2025-08-07,810713292.9321883,1.0,0.75,SOXL
2025-08-08,827981469.3109294,1.0,0.75,SOXL
2025-08-11,825566147.0951377,1.0,0.75,SOXL
2025-08-12,883349312.1632035,1.0,0.75,SOXL
2025-08-13,913398991.8922151,1.0,0.75,SOXL
2025-08-14,916909648.3832871,1.0,0.75,SOXL
2025-08-15,868991624.0080663,2.0,0.75,SOXL
2025-08-18,876611598.1784543,2.0,1.5,SOXL
2025-08-19,814997152.8587875,2.0,1.5,SOXL
2025-08-20,794497961.0571535,2.0,1.5,SOXL
2025-08-21,773711770.9578228,2.0,1.5,SOXL
2025-08-22,869853465.6559883,2.0,1.5,SOXL
2025-08-25,862723461.2351444,2.0,1.5,SOXL
2025-08-26,893061002.4621928,2.0,1.5,SOXL
2025-08-27,904567912.0218706,2.0,1.5,SOXL
2025-08-28,921420177.4962456,2.0,1.5,SOXL
2025-08-29,800792701.2293576,2.0,1.5,SOXL
2025-09-02,764351031.410161,2.0,1.5,SOXL
2025-09-03,748912666.7680637,3.0,1.5,SOXL
2025-09-04,793408431.1906575,3.0,2.0,SOXL
2025-09-05,842899846.1671252,3.0,2.0,SOXL
2025-09-08,883053047.3255167,3.0,2.0,SOXL
2025-09-09,889574910.5212075,3.0,2.0,SOXL
2025-09-10,982525376.4907784,1.0,2.0,SOXL
2025-09-11,997211707.9706125,1.0,0.75,SOXL
2025-09-12,1000544831.8255191,1.0,0.75,SOXL
2025-09-15,1018472732.2717398,1.0,0.75,SOXL
2025-09-16,1030694349.0963695,1.0,0.75,SOXL
2025-09-17,1030440750.633013,1.0,0.75,SOXL
2025-09-18,1110843575.5764322,1.0,0.75,SOXL
2025-09-19,1095488580.962105,1.0,0.75,SOXL
2025-09-22,1130572681.4813826,1.0,0.75,SOXL
2025-09-23,1127616532.699867,1.0,0.75,SOXL
2025-09-24,1125150936.449754,1.0,0.75,SOXL
2025-09-25,1116514853.2427702,1.0,0.75,SOXL
2025-09-26,1120720386.8108761,1.0,0.75,SOXL
2025-09-29,1120720386.8108761,1.0,0.75,SOXL
2025-09-30,1140980315.4440887,1.0,0.75,SOXL
2025-10-01,1190595285.6522305,1.0,0.75,SOXL
2025-10-02,1201495171.660687,1.0,0.75,TQQQ
2025-10-03,1189269639.289404,1.0,0.75,TQQQ
2025-10-06,1209204487.3169675,1.0,0.75,TQQQ
2025-10-07,1194546972.9975688,1.0,0.75,TQQQ
2025-10-08,1224918165.4680114,1.0,0.75,TQQQ
2025-10-09,1221289983.9575918,1.0,0.75,TQQQ
2025-10-10,1125174703.5284345,2.0,0.75,TQQQ
2025-10-13,1232279051.121705,2.0,1.5,TQQQ
2025-10-14,1194676713.0044286,2.0,1.5,TQQQ
2025-10-15,1231356840.6284094,2.0,1.5,TQQQ
2025-10-16,1210774804.2667735,2.0,1.5,TQQQ
2025-10-17,1245300422.8911536,2.0,1.5,TQQQ
2025-10-20,1315355282.7506459,2.0,1.5,TQQQ
2025-10-21,1313160666.8230164,2.0,1.5,TQQQ
2025-10-22,1255221853.748111,2.0,1.5,TQQQ
2025-10-23,1302382701.647801,2.0,1.5,TQQQ
2025-10-24,1363238358.989259,1.0,1.5,TQQQ
2025-10-27,1417522533.1831234,1.0,0.75,TQQQ
2025-10-28,1441811379.6740165,1.0,0.75,TQQQ
2025-10-29,1455613277.8788576,1.0,0.75,TQQQ
2025-10-30,1405648532.5228117,1.0,0.75,TQQQ
2025-10-31,1420579556.1069736,1.0,0.75,TQQQ
2025-11-03,1435184574.9868734,1.0,0.75,TQQQ
2025-11-04,1307116899.1899517,1.0,0.75,SOXL
2025-11-05,1326180047.5876417,1.0,0.75,TQQQ
2025-11-06,1245045963.05912,1.0,0.75,SOXL
2025-11-07,1217473231.3353055,1.0,0.75,SOXL
2025-11-10,1277293781.512496,1.0,0.75,TQQQ
2025-11-11,1210176245.3102915,1.0,0.75,SOXL
2025-11-12,1251422335.1337566,1.0,0.75,SOXL
2025-11-13,1155010466.0686517,2.0,0.75,SOXL
2025-11-14,1155672547.3313675,1.0,0.75,TQQQ
2025-11-17,1110617367.7514343,1.0,0.75,SOXL
2025-11-18,1095604126.174989,2.0,0.2,SOXL
2025-11-19,1099369006.7751591,1.0,0.2,TQQQ
2025-11-20,1067879851.5490079,1.0,0.2,SOXL
2025-11-21,1072615763.0628892,1.0,0.2,TQQQ
2025-11-24,1177325130.6417537,1.0,0.75,SOXL
2025-11-25,1184958313.3653617,1.0,0.75,SOXL
2025-11-26,1259161551.4761133,1.0,0.75,SOXL
2025-11-28,1309042849.9953527,1.0,0.75,SOXL
2025-12-01,1310232673.1905348,1.0,0.75,SOXL
2025-12-02,1369464271.753156,1.0,0.75,SOXL
2025-12-03,1434654585.0095103,1.0,0.75,SOXL
2025-12-04,1401852755.7404113,1.0,0.75,SOXL
2025-12-05,1433049881.1768312,1.0,0.75,SOXL
2025-12-08,1467489344.536188,1.0,0.75,SOXL
2025-12-09,1462902467.401667,1.0,0.75,SOXL
2025-12-10,1505604906.6691642,1.0,0.75,SOXL
2025-12-11,1486045675.5681002,1.0,0.75,SOXL
2025-12-12,1324313672.4943206,2.0,0.75,SOXL
2025-12-15,1299072076.5256896,3.0,1.5,SOXL
2025-12-16,1255538422.2199097,3.0,2.0,SOXL
2025-12-17,1227754692.345205,3.0,0.2,SOXL
2025-12-18,1245279457.772766,3.0,0.2,SOXL
2025-12-19,1447984307.527374,3.0,2.0,SOXL
2025-12-22,1554882273.5098412,3.0,2.0,SOXL
2025-12-23,1586512048.0354257,3.0,2.0,SOXL
2025-12-24,1623542641.5120492,3.0,2.0,SOXL
2025-12-26,1623542641.5120492,3.0,2.0,SOXL
2025-12-29,1594898413.8544967,2.0,2.0,SOXL
2025-12-30,1586709098.5635517,2.0,1.5,SOXL
2025-12-31,1497327301.1407504,3.0,1.5,SOXL
2026-01-02,1868542138.4722347,3.0,2.0,SOXL
2026-01-05,2025176873.754674,1.0,2.0,SOXL
2026-01-06,2172991650.9799232,1.0,0.75,SOXL
2026-01-07,2121090982.7827015,1.0,0.75,SOXL
2026-01-08,2040774304.6144238,2.0,0.75,SOXL
2026-01-09,2305889944.5892034,2.0,1.5,SOXL
2026-01-12,2350768295.7747602,2.0,1.5,SOXL
2026-01-13,2442390068.393581,1.0,1.5,SOXL
2026-01-14,2419847989.7117777,1.0,0.75,SOXL
2026-01-15,2508331078.7205234,1.0,0.75,SOXL
2026-01-16,2594814022.62745,1.0,0.75,SOXL
2026-01-20,2504796356.3679695,1.0,0.75,SOXL
2026-01-21,2684420637.128972,1.0,0.75,SOXL
2026-01-22,2692032469.1619086,1.0,0.75,SOXL
2026-01-23,2624858315.216778,1.0,0.75,SOXL
2026-01-26,2596095735.6584725,1.0,0.75,SOXL
2026-01-27,2732743552.842648,1.0,0.75,SOXL
2026-01-28,2894600469.9988713,1.0,0.75,SOXL
2026-01-29,2906370648.0185156,1.0,0.75,SOXL
2026-01-30,2637880889.8793116,2.0,0.75,SOXL
2026-02-02,2856245428.7039666,2.0,1.5,SOXL
2026-02-03,2593400995.71633,2.0,1.5,SOXL
2026-02-04,2084255229.6176758,3.0,1.5,SOXL
2026-02-05,2088957548.824101,3.0,2.0,SOXL
2026-02-06,2755854794.4580865,3.0,2.0,SOXL
2026-02-09,2959363962.6292243,3.0,2.0,SOXL
2026-02-10,2895582700.437276,3.0,2.0,SOXL
2026-02-11,3326217461.4410973,1.0,2.0,SOXL
2026-02-12,3144753931.808787,2.0,0.75,SOXL
2026-02-13,3256140859.3947906,2.0,1.5,SOXL
2026-02-17,3237992533.9257965,2.0,1.5,SOXL
2026-02-18,3384419423.6699543,2.0,1.5,SOXL
2026-02-19,3303242558.151754,2.0,1.5,SOXL
2026-02-20,3446046941.497808,2.0,1.5,SOXL
2026-02-23,3349767132.8769784,2.0,1.5,SOXL
2026-02-24,3553469046.670363,2.0,1.5,SOXL
2026-02-25,3812473686.451195,1.0,1.5,SOXL
2026-02-26,3553038557.243243,2.0,0.75,SOXL
2026-02-27,3343412869.3224716,2.0,1.5,SOXL
2026-03-02,3342613731.101591,2.0,1.5,SOXL
2026-03-03,2596437497.9876823,3.0,1.5,SOXL
2026-03-04,2907504598.671906,3.0,2.0,SOXL
2026-03-05,2720586280.688577,3.0,2.0,SOXL
2026-03-06,2651975875.41063,3.0,0.2,SOXL
2026-03-09,3253363638.882232,3.0,2.0,SOXL
2026-03-10,3408343883.9797654,3.0,2.0,SOXL
2026-03-11,3595649830.55164,3.0,2.0,SOXL
2026-03-12,3521159795.2635417,2.0,0.2,SOXL
2026-03-13,3527322559.55993,3.0,0.2,SOXL
2026-03-16,3568632254.354506,3.0,0.2,SOXL
2026-03-17,3736130275.5472565,3.0,2.0,SOXL
2026-03-18,3723483861.541094,3.0,0.2,SOXL
2026-03-19,3837903861.2756114,3.0,2.0,SOXL
2026-03-20,3785985464.8937244,3.0,0.2,SOXL
2026-03-23,3813969470.772753,3.0,0.2,SOXL
2026-03-24,3841730973.3636084,3.0,0.2,SOXL
2026-03-25,4132517275.8427644,2.0,2.0,SOXL
2026-03-26,4015583851.5102673,3.0,0.2,SOXL
2026-03-27,3976879419.8000407,3.0,0.2,SOXL
2026-03-30,3874663096.746092,3.0,0.2,SOXL
2026-03-31,4013738912.922281,3.0,0.2,SOXL
2026-04-01,4086624566.0316095,3.0,0.2,SOXL
2026-04-02,4094287991.063883,3.0,0.2,SOXL
2026-04-06,4126266147.9709554,3.0,0.2,SOXL
2026-04-07,4388250972.014863,3.0,2.0,SOXL
2026-04-08,6087679871.743006,2.0,2.0,SOXL
2026-04-09,6693742677.55069,2.0,1.5,SOXL
2026-04-10,7308900581.315273,1.0,1.5,SOXL
2026-04-13,7608135778.506721,1.0,0.75,SOXL
2026-04-14,7944580472.304243,1.0,0.75,SOXL
2026-04-15,7989979513.24829,1.0,0.75,SOXL
2026-04-16,8157986843.042913,1.0,0.75,SOXL
2026-04-17,8594873304.478197,1.0,0.75,SOXL
2026-04-20,8680658782.055563,1.0,0.75,SOXL
2026-04-21,8826557491.592402,1.0,0.75,SOXL
2026-04-22,9336093671.269289,1.0,0.75,SOXL
2026-04-23,9808686836.394243,1.0,0.75,SOXL
2026-04-24,10823086873.733784,1.0,0.75,SOXL
2026-04-27,10511222582.59541,1.0,0.75,SOXL
2026-04-28,9627620417.00463,2.0,0.75,SOXL
2026-04-29,10736168127.41926,2.0,1.5,SOXL
2026-04-30,11966136298.505465,1.0,1.5,SOXL
2026-05-01,12207851953.651743,1.0,0.75,SOXL
2026-05-04,12007743050.67911,1.0,0.75,SOXL
2026-05-05,13180510286.833887,1.0,0.75,SOXL
2026-05-06,14667843595.508472,1.0,0.75,SOXL
2026-05-07,13755801801.646431,2.0,0.75,SOXL
2026-05-08,17125565634.644875,1.0,1.5,SOXL
2026-05-11,18104086100.91062,1.0,0.75,SOXL
2026-05-12,16827711374.68487,2.0,0.75,SOXL
2026-05-13,18542475978.51721,2.0,1.5,SOXL
2026-05-14,18836856437.371765,2.0,1.5,SOXL
2026-05-15,15496724942.362768,2.0,1.5,SOXL
2026-05-18,13736849932.081625,3.0,1.5,SOXL
2026-05-19,13762196233.316334,3.0,2.0,SOXL
2026-05-20,17623837806.97278,3.0,2.0,SOXL
