date,equity,exposure,units,held,base_allocation
2010-06-25,1.0,0.0,0.0,CASH,TQQQ
2010-06-28,0.9910449028847056,1.0,1.0,TQQQ,TQQQ
2010-06-29,0.8804530672361154,1.0,1.0,TQQQ,TQQQ
2010-06-30,0.8378218737176297,1.0,1.0,SOXL,SOXL
2010-07-01,0.8296547008000997,1.0,1.0,TQQQ,TQQQ
2010-07-02,0.8251159594201454,1.0,1.0,TQQQ,TQQQ
2010-07-06,0.829428247431138,1.0,1.0,TQQQ,TQQQ
2010-07-07,0.9078073418966635,1.0,1.0,TQQQ,TQQQ
2010-07-08,0.923122375064333,1.0,1.0,TQQQ,TQQQ
2010-07-09,0.9489875872845844,1.0,1.0,TQQQ,TQQQ
2010-07-12,0.9597641515793622,1.0,1.0,TQQQ,TQQQ
2010-07-13,0.9925461380607286,1.0,1.0,TQQQ,TQQQ
2010-07-14,1.0084232170448646,1.0,1.0,TQQQ,TQQQ
2010-07-15,1.0119428501377254,1.0,1.0,TQQQ,TQQQ
2010-07-16,0.9304969611904967,1.0,1.0,TQQQ,TQQQ
2010-07-19,0.9514836157238201,1.0,1.0,TQQQ,TQQQ
2010-07-20,0.9815431885237547,1.0,1.0,TQQQ,TQQQ
2010-07-21,0.9471711914592963,1.0,1.0,TQQQ,TQQQ
2010-07-22,1.0110324040418157,1.0,1.0,TQQQ,TQQQ
2010-07-23,1.0373503867464593,1.0,1.0,TQQQ,TQQQ
2010-07-26,1.0601491451188356,1.0,1.0,TQQQ,TQQQ
2010-07-27,1.059922487369577,1.0,1.0,TQQQ,TQQQ
2010-07-28,1.0382564046026028,1.0,1.0,TQQQ,TQQQ
2010-07-29,1.013528636861348,1.0,1.0,TQQQ,TQQQ
2010-07-30,1.0204497712354634,1.0,1.0,TQQQ,TQQQ
2010-08-02,1.0753510197287897,1.0,1.0,TQQQ,TQQQ
2010-08-03,1.0642347753805692,1.0,1.0,TQQQ,TQQQ
2010-08-04,1.094974048921217,1.0,1.0,TQQQ,TQQQ
2010-08-05,1.0885101132712598,1.0,1.0,TQQQ,TQQQ
2010-08-06,1.0834050340886043,1.0,1.0,TQQQ,TQQQ
2010-08-09,1.1023487031741466,1.0,1.0,TQQQ,TQQQ
2010-08-10,1.0789792468860684,1.0,1.0,TQQQ,TQQQ
2010-08-11,0.9901635406862701,1.0,1.0,TQQQ,TQQQ
2010-08-12,0.9622555473985345,1.0,1.0,TQQQ,TQQQ
2010-08-13,0.9430854930707963,1.0,1.0,TQQQ,TQQQ
2010-08-16,0.9484170937491792,1.0,1.0,TQQQ,TQQQ
2010-08-17,0.9844923962079759,1.0,1.0,TQQQ,TQQQ
2010-08-18,0.9933389292323911,1.0,1.0,TQQQ,TQQQ
2010-08-19,0.9568108562892021,1.0,1.0,TQQQ,TQQQ
2010-08-20,0.9535220366783034,1.0,1.0,TQQQ,TQQQ
2010-08-23,0.927208277833129,1.0,1.0,TQQQ,TQQQ
2010-08-24,0.8740060427479062,1.0,1.0,TQQQ,TQQQ
2010-08-25,0.9002109350216001,1.0,1.0,TQQQ,TQQQ
2010-08-26,0.8708305860750196,1.0,1.0,TQQQ,TQQQ
2010-08-27,0.8996401008523672,1.0,1.0,TQQQ,TQQQ
2010-08-30,0.870490906021577,1.0,1.0,TQQQ,TQQQ
2010-08-31,0.8661784817570531,1.0,1.0,TQQQ,TQQQ
2010-09-01,0.9387774970460384,1.0,1.0,TQQQ,TQQQ
2010-09-02,0.9709933501050004,1.0,1.0,TQQQ,TQQQ
2010-09-03,1.0204497712354632,1.0,1.0,TQQQ,TQQQ
2010-09-07,0.9956082317956025,1.0,1.0,TQQQ,TQQQ
2010-09-08,1.0307730881584893,1.0,1.0,TQQQ,TQQQ
2010-09-09,1.043814663030244,1.0,1.0,TQQQ,TQQQ
2010-09-10,1.055048289795649,1.0,1.0,TQQQ,TQQQ
2010-09-13,1.101555707622187,1.0,1.0,TQQQ,TQQQ
2010-09-14,1.11550759233632,1.0,1.0,TQQQ,TQQQ
2010-09-15,1.1344510570415653,1.0,1.0,TQQQ,TQQQ
2010-09-16,1.1504457909499481,1.0,1.0,TQQQ,TQQQ
2010-09-17,1.1626944383965085,1.0,1.0,TQQQ,TQQQ
2010-09-20,1.223267035748426,1.0,1.0,TQQQ,TQQQ
2010-09-21,1.2194117420812949,1.0,1.0,TQQQ,TQQQ
2010-09-22,1.213627507172051,1.0,1.0,TQQQ,TQQQ
2010-09-23,1.2099943067608812,1.0,1.0,TQQQ,TQQQ
2010-09-24,1.2785118475208361,1.0,1.0,TQQQ,TQQQ
2010-09-27,1.2638764469671142,1.0,1.0,TQQQ,TQQQ
2010-09-28,1.2670519717667663,1.0,1.0,TQQQ,TQQQ
2010-09-29,1.2568460372609245,1.0,1.0,TQQQ,TQQQ
2010-09-30,1.2398278349524476,1.0,1.0,TQQQ,TQQQ
2010-10-01,1.2359725412853164,1.0,1.0,TQQQ,TQQQ
2010-10-04,1.1930938275034169,1.0,1.0,TQQQ,TQQQ
2010-10-05,1.2819140981965125,1.0,1.0,TQQQ,TQQQ
2010-10-06,1.2492452702728614,1.0,1.0,TQQQ,TQQQ
2010-10-07,1.2614939177194218,1.0,1.0,TQQQ,TQQQ
2010-10-08,1.2869060188214527,1.0,1.0,TQQQ,TQQQ
2010-10-11,1.289515137691638,1.0,1.0,TQQQ,TQQQ
2010-10-12,1.316286095260971,1.0,1.0,TQQQ,TQQQ
2010-10-13,1.3482712029647366,1.0,1.0,TQQQ,TQQQ
2010-10-14,1.3407878865206235,1.0,1.0,TQQQ,TQQQ
2010-10-15,1.4263150456165856,1.0,1.0,TQQQ,TQQQ
2010-10-18,1.4263150456165856,1.0,1.0,TQQQ,TQQQ
2010-10-19,1.3695976056782682,1.0,1.0,TQQQ,TQQQ
2010-10-20,1.3980715961348769,1.0,1.0,TQQQ,TQQQ
2010-10-21,1.4078246239027952,1.0,1.0,TQQQ,TQQQ
2010-10-22,1.4352752140860754,1.0,1.0,TQQQ,TQQQ
2010-10-25,1.4570543872839992,1.0,1.0,TQQQ,TQQQ
2010-10-26,1.4657875573704022,1.0,1.0,TQQQ,TQQQ
2010-10-27,1.4808761371691102,1.0,1.0,TQQQ,TQQQ
2010-10-28,1.4893832626471453,1.0,1.0,TQQQ,TQQQ
2010-10-29,1.482235129889943,1.0,1.0,TQQQ,TQQQ
2010-11-01,1.4856417406786198,1.0,1.0,TQQQ,TQQQ
2010-11-02,1.530672306479781,1.0,1.0,TQQQ,TQQQ
2010-11-03,1.5527915684917408,1.0,1.0,TQQQ,TQQQ
2010-11-04,1.6078100631487204,1.0,1.0,TQQQ,TQQQ
2010-11-05,1.6097353255454891,1.0,1.0,TQQQ,TQQQ
2010-11-08,1.6138212964410512,1.0,1.0,TQQQ,TQQQ
2010-11-09,1.5877296989786036,1.0,1.0,TQQQ,TQQQ
2010-11-10,1.6120050368692942,1.0,1.0,TQQQ,TQQQ
2010-11-11,1.5848939904859252,1.0,1.0,TQQQ,TQQQ
2010-11-12,1.5042455253304226,1.0,1.0,TQQQ,TQQQ
2010-11-15,1.4881373603572616,1.0,1.0,TQQQ,TQQQ
2010-11-16,1.4142927152854556,1.0,1.0,TQQQ,TQQQ
2010-11-17,1.4276740383374185,1.0,1.0,TQQQ,TQQQ
2010-11-18,1.4940353669651116,1.0,1.0,TQQQ,TQQQ
2010-11-19,1.4975504355646754,1.0,1.0,TQQQ,TQQQ
2010-11-22,1.5370273074314922,1.0,1.0,TQQQ,TQQQ
2010-11-23,1.4644285646495694,1.0,1.0,TQQQ,TQQQ
2010-11-24,1.5499558599990628,1.0,1.0,TQQQ,TQQQ
2010-11-26,1.5402029684846756,1.0,1.0,TQQQ,TQQQ
2010-11-29,1.5187638841007882,1.0,1.0,TQQQ,TQQQ
2010-11-30,1.461026450227424,1.0,1.0,TQQQ,TQQQ
2010-12-01,1.553928604210144,1.0,1.0,TQQQ,TQQQ
2010-12-02,1.6011152458900355,1.0,1.0,TQQQ,TQQQ
2010-12-03,1.6145007928014676,1.0,1.0,TQQQ,TQQQ
2010-12-06,1.6116650843087892,1.0,1.0,TQQQ,TQQQ
2010-12-07,1.613141936334166,1.0,1.0,TQQQ,TQQQ
2010-12-08,1.6354875154615565,1.0,1.0,TQQQ,TQQQ
2010-12-09,1.6371859157287696,1.0,1.0,TQQQ,TQQQ
2010-12-10,1.6715579127932279,1.0,1.0,TQQQ,TQQQ
2010-12-13,1.651934951727566,1.0,1.0,TQQQ,TQQQ
2010-12-14,1.658852271002806,1.0,1.0,TQQQ,TQQQ
2010-12-15,1.6419515192382792,1.0,1.0,TQQQ,TQQQ
2010-12-16,1.6762101533647253,1.0,1.0,TQQQ,TQQQ
2010-12-17,1.681315028167084,1.0,1.0,TQQQ,TQQQ
2010-12-20,1.6858496819411002,1.0,1.0,TQQQ,TQQQ
2010-12-21,1.7136398159242918,1.0,1.0,TQQQ,TQQQ
2010-12-22,1.7154564842566424,1.0,1.0,TQQQ,TQQQ
2010-12-23,1.702410617398653,1.0,1.0,TQQQ,TQQQ
2010-12-27,1.7030943376185388,1.0,1.0,TQQQ,TQQQ
2010-12-28,1.6957201602529686,1.0,1.0,TQQQ,TQQQ
2010-12-29,1.7058168194267362,1.0,1.0,TQQQ,TQQQ
2010-12-30,1.6929975421912398,1.0,1.0,TQQQ,TQQQ
2010-12-31,1.6774557831475458,1.0,1.0,TQQQ,TQQQ
2011-01-03,1.7532304594897146,1.0,1.0,TQQQ,TQQQ
2011-01-04,1.7590633390711699,1.0,1.0,SOXL,SOXL
2011-01-05,1.776214426307169,1.0,1.0,SOXL,SOXL
2011-01-06,1.874663716220598,1.0,1.0,SOXL,SOXL
2011-01-07,1.8870124451047599,1.0,1.0,SOXL,SOXL
2011-01-10,1.9463582807095061,1.0,1.0,SOXL,SOXL
2011-01-11,1.9679691629215632,1.0,1.0,SOXL,SOXL
2011-01-12,2.078423944271403,1.0,1.0,SOXL,SOXL
2011-01-13,2.0777386827054496,1.0,1.0,SOXL,SOXL
2011-01-14,2.2475390300312474,1.0,1.0,SOXL,SOXL
2011-01-18,2.221125924281747,1.0,1.0,SOXL,SOXL
2011-01-19,2.0664181832062036,1.0,1.0,SOXL,SOXL
2011-01-20,1.9912948842284321,1.0,1.0,SOXL,SOXL
2011-01-21,1.956990822354914,1.0,1.0,SOXL,SOXL
2011-01-24,2.0983207962750146,1.0,1.0,SOXL,SOXL
2011-01-25,2.054412826584187,1.0,1.0,SOXL,SOXL
2011-01-26,2.1113545170963413,1.0,1.0,SOXL,SOXL
2011-01-27,2.227986089547358,1.0,1.0,SOXL,SOXL
2011-01-28,2.047551447989027,1.0,1.0,SOXL,SOXL
2011-01-31,2.070878787068627,1.0,1.0,SOXL,SOXL
2011-02-01,2.220782821648391,1.0,1.0,SOXL,SOXL
2011-02-02,2.2585152135675894,1.0,1.0,SOXL,SOXL
2011-02-03,2.2609172016298738,1.0,1.0,SOXL,SOXL
2011-02-04,2.3946989176161306,1.0,1.0,SOXL,SOXL
2011-02-07,2.37000092059023,1.0,1.0,SOXL,SOXL
2011-02-08,2.364512087342891,1.0,1.0,SOXL,SOXL
2011-02-09,2.3195757534527535,1.0,1.0,SOXL,SOXL
2011-02-10,2.339472470641971,1.0,1.0,SOXL,SOXL
2011-02-11,2.392985157036474,1.0,1.0,SOXL,SOXL
2011-02-14,2.4475267468878634,1.0,1.0,SOXL,SOXL
2011-02-15,2.377548369637709,1.0,1.0,SOXL,SOXL
2011-02-16,2.4526718034298747,1.0,1.0,SOXL,SOXL
2011-02-17,2.560725810046978,1.0,1.0,SOXL,SOXL
2011-02-18,2.5312251850404515,1.0,1.0,SOXL,SOXL
2011-02-22,2.229700659013382,1.0,1.0,SOXL,SOXL
2011-02-23,2.1099837243356467,1.0,1.0,SOXL,SOXL
2011-02-24,2.2142644108721945,1.0,1.0,SOXL,SOXL
2011-02-25,2.3816639834652564,1.0,1.0,SOXL,SOXL
2011-02-28,2.309627799301328,1.0,1.0,SOXL,SOXL
2011-03-01,2.1717295257867644,1.0,1.0,SOXL,SOXL
2011-03-02,2.264348767221017,1.0,1.0,SOXL,SOXL
2011-03-03,2.3957280907018066,1.0,1.0,SOXL,SOXL
2011-03-04,2.320260880204313,1.0,1.0,SOXL,SOXL
2011-03-07,2.1281642542861103,1.0,1.0,SOXL,SOXL
2011-03-08,2.139483810084597,1.0,1.0,SOXL,SOXL
2011-03-09,1.948758246555878,1.0,1.0,SOXL,SOXL
2011-03-10,1.801256469667187,1.0,1.0,SOXL,SOXL
2011-03-11,1.849280053185562,1.0,1.0,SOXL,SOXL
2011-03-14,1.8417326041380837,1.0,1.0,SOXL,SOXL
2011-03-15,1.7748414765161669,1.0,1.0,SOXL,SOXL
2011-03-16,1.6602706768955968,1.0,1.0,SOXL,SOXL
2011-03-17,1.72098703563225,1.0,1.0,SOXL,SOXL
2011-03-18,1.7381381228682495,1.0,1.0,SOXL,SOXL
2011-03-21,1.828012678050044,1.0,1.0,SOXL,SOXL
2011-03-22,1.7851326681153434,1.0,1.0,SOXL,SOXL
2011-03-23,1.833499758710258,1.0,1.0,SOXL,SOXL
2011-03-24,1.9686552333738834,1.0,1.0,SOXL,SOXL
2011-03-25,1.9521892728894432,1.0,1.0,SOXL,SOXL
2011-03-28,1.9614507521453675,1.0,1.0,SOXL,SOXL
2011-03-29,2.0153074848739863,1.0,1.0,SOXL,SOXL
2011-03-30,2.0218234689910872,1.0,1.0,SOXL,SOXL
2011-03-31,1.9703691287679352,1.0,1.0,SOXL,SOXL
2011-04-01,1.901419789789062,1.0,1.0,SOXL,SOXL
2011-04-04,1.884245112534877,1.0,1.0,TQQQ,TQQQ
2011-04-05,1.8628306557923793,1.0,1.0,TQQQ,TQQQ
2011-04-06,1.876882603558996,1.0,1.0,TQQQ,TQQQ
2011-04-07,1.8764375519755863,1.0,1.0,TQQQ,TQQQ
2011-04-08,1.8483331205584475,1.0,1.0,TQQQ,TQQQ
2011-04-11,1.8316000116422875,1.0,1.0,TQQQ,TQQQ
2011-04-12,1.795465091961224,1.0,1.0,TQQQ,TQQQ
2011-04-13,1.838294005446219,1.0,1.0,TQQQ,TQQQ
2011-04-14,1.8282550243049667,1.0,1.0,TQQQ,TQQQ
2011-04-15,1.8164344971203112,1.0,1.0,TQQQ,TQQQ
2011-04-18,1.7814128762526544,1.0,1.0,TQQQ,TQQQ
2011-04-19,1.8135348293083533,1.0,1.0,TQQQ,TQQQ
2011-04-20,1.9342138752330713,1.0,1.0,TQQQ,TQQQ
2011-04-21,1.9832869079834397,1.0,1.0,TQQQ,TQQQ
2011-04-25,1.9980069690090765,1.0,1.0,TQQQ,TQQQ
2011-04-26,2.0323600747047843,1.0,1.0,TQQQ,TQQQ
2011-04-27,2.0745203390468534,1.0,1.0,TQQQ,TQQQ
2011-04-28,2.0713982794141668,1.0,1.0,TQQQ,TQQQ
2011-04-29,2.061359432243891,1.0,1.0,TQQQ,TQQQ
2011-05-02,2.0502068843472796,1.0,1.0,TQQQ,TQQQ
2011-05-03,2.0194216936935265,1.0,1.0,TQQQ,TQQQ
2011-05-04,2.007600630624966,1.0,1.0,TQQQ,TQQQ
2011-05-05,1.977488108243429,1.0,1.0,TQQQ,TQQQ
2011-05-06,1.994661981671756,1.0,1.0,TQQQ,TQQQ
2011-05-09,2.0162993661188873,1.0,1.0,TQQQ,TQQQ
2011-05-10,2.068053693989775,1.0,1.0,TQQQ,TQQQ
2011-05-11,2.023438545477205,1.0,1.0,TQQQ,TQQQ
2011-05-12,2.059127877690953,1.0,1.0,TQQQ,TQQQ
2011-05-13,1.9861867097663735,1.0,1.0,TQQQ,TQQQ
2011-05-16,1.8829044649746167,1.0,1.0,TQQQ,TQQQ
2011-05-17,1.8982973282434457,1.0,1.0,TQQQ,TQQQ
2011-05-18,1.9444708271528321,1.0,1.0,TQQQ,TQQQ
2011-05-19,1.9612043379819213,1.0,1.0,TQQQ,TQQQ
2011-05-20,1.9179299710005875,1.0,1.0,TQQQ,TQQQ
2011-05-23,1.8347220712749737,1.0,1.0,TQQQ,TQQQ
2011-05-24,1.8001509948007568,1.0,1.0,TQQQ,TQQQ
2011-05-25,1.8202245360410418,1.0,1.0,TQQQ,TQQQ
2011-05-26,1.8543551159450447,1.0,1.0,TQQQ,TQQQ
2011-05-27,1.8820139598948682,1.0,1.0,TQQQ,TQQQ
2011-05-31,1.9725795456412147,1.0,1.0,TQQQ,TQQQ
2011-06-01,1.8465471534728253,1.0,1.0,TQQQ,TQQQ
2011-06-02,1.8572545158150504,1.0,1.0,TQQQ,TQQQ
2011-06-03,1.7729331833050537,1.0,1.0,TQQQ,TQQQ
2011-06-06,1.7301042698200588,1.0,1.0,TQQQ,TQQQ
2011-06-07,1.720069709721026,1.0,1.0,TQQQ,TQQQ
2011-06-08,1.6830398639179944,1.0,1.0,TQQQ,TQQQ
2011-06-09,1.688540903300007,1.0,1.0,SOXL,SOXL
2011-06-10,1.6109991692829582,1.0,1.0,TQQQ,TQQQ
2011-06-13,1.6121111084855022,1.0,1.0,TQQQ,TQQQ
2011-06-14,1.6720483651774027,1.0,1.0,TQQQ,TQQQ
2011-06-15,1.5806927035899363,1.0,1.0,TQQQ,TQQQ
2011-06-16,1.5586343135750456,1.0,1.0,TQQQ,TQQQ
2011-06-17,1.547049082054594,1.0,1.0,TQQQ,TQQQ
2011-06-20,1.5675452168943134,1.0,1.0,TQQQ,TQQQ
2011-06-21,1.672048365177403,1.0,1.0,TQQQ,TQQQ
2011-06-22,1.6343916454586582,1.0,1.0,TQQQ,TQQQ
2011-06-23,1.6796250485123927,1.0,1.0,TQQQ,TQQQ
2011-06-24,1.591165059143562,1.0,1.0,TQQQ,TQQQ
2011-06-27,1.6684845123788772,1.0,1.0,TQQQ,TQQQ
2011-06-28,1.743352587312086,1.0,1.0,TQQQ,TQQQ
2011-06-29,1.7651884288983055,1.0,1.0,TQQQ,TQQQ
2011-06-30,1.8322571382443842,1.0,1.0,TQQQ,TQQQ
2011-07-01,1.9171527395208139,1.0,1.0,TQQQ,TQQQ
2011-07-05,1.9447815314259314,1.0,1.0,TQQQ,TQQQ
2011-07-06,1.9655048985157313,1.0,1.0,TQQQ,TQQQ
2011-07-07,2.04505331544795,1.0,1.0,TQQQ,TQQQ
2011-07-08,2.0281199628190056,1.0,1.0,TQQQ,TQQQ
2011-07-11,1.919382238511593,1.0,1.0,TQQQ,TQQQ
2011-07-12,1.8725872494000313,1.0,1.0,TQQQ,TQQQ
2011-07-13,1.8975462631019049,1.0,1.0,TQQQ,TQQQ
2011-07-14,1.8322571382443844,1.0,1.0,TQQQ,TQQQ
2011-07-15,1.9051232140838328,1.0,1.0,TQQQ,TQQQ
2011-07-18,1.8737040062474535,1.0,1.0,TQQQ,TQQQ
2011-07-19,2.0058351434948474,1.0,1.0,TQQQ,TQQQ
2011-07-20,1.9777617900262625,1.0,1.0,TQQQ,TQQQ
2011-07-21,2.0178696204001754,1.0,1.0,TQQQ,TQQQ
2011-07-22,2.0804808038228533,1.0,1.0,TQQQ,TQQQ
2011-07-25,2.0682283284867937,1.0,1.0,TQQQ,TQQQ
2011-07-26,2.0795907439316363,1.0,1.0,TQQQ,TQQQ
2011-07-27,1.9218333491667612,1.0,1.0,TQQQ,TQQQ
2011-07-28,1.9320842268794662,1.0,1.0,TQQQ,TQQQ
2011-07-29,1.9133666059405543,1.0,1.0,TQQQ,TQQQ
2011-08-01,1.8875179338178703,1.0,1.0,TQQQ,TQQQ
2011-08-02,1.7442425133798334,1.0,1.0,TQQQ,TQQQ
2011-08-03,1.7894752473162236,1.0,1.0,TQQQ,TQQQ
2011-08-04,1.5459324590306396,1.0,1.0,TQQQ,TQQQ
2011-08-05,1.5459324590306396,0.0,0.0,CASH,TQQQ
2011-08-08,1.5459324590306396,0.0,0.0,CASH,SOXL
2011-08-09,1.5459324590306396,0.0,0.0,CASH,TQQQ
2011-08-10,1.5459324590306396,0.0,0.0,CASH,TQQQ
2011-08-11,1.5459324590306396,0.0,0.0,CASH,TQQQ
2011-08-12,1.5459324590306396,0.0,0.0,CASH,TQQQ
2011-08-15,1.5459324590306396,0.0,0.0,CASH,TQQQ
2011-08-16,1.5459324590306396,0.0,0.0,CASH,TQQQ
2011-08-17,1.5459324590306396,0.0,0.0,CASH,TQQQ
2011-08-18,1.5459324590306396,0.0,0.0,CASH,TQQQ
2011-08-19,1.5459324590306396,0.0,0.0,CASH,TQQQ
2011-08-22,1.5459324590306396,0.0,0.0,CASH,TQQQ
2011-08-23,1.5459324590306396,0.0,0.0,CASH,TQQQ
2011-08-24,1.5459324590306396,0.0,0.0,CASH,TQQQ
2011-08-25,1.5459324590306396,0.0,0.0,CASH,TQQQ
2011-08-26,1.5459324590306396,0.0,0.0,CASH,TQQQ
2011-08-29,1.5459324590306396,0.0,0.0,CASH,TQQQ
2011-08-30,1.5459324590306396,0.0,0.0,CASH,TQQQ
2011-08-31,1.5459324590306396,0.0,0.0,CASH,TQQQ
2011-09-01,1.5459324590306396,0.0,0.0,CASH,TQQQ
2011-09-02,1.5459324590306396,0.0,0.0,CASH,TQQQ
2011-09-06,1.5459324590306396,0.0,0.0,CASH,TQQQ
2011-09-07,1.5459324590306396,0.0,0.0,CASH,TQQQ
2011-09-08,1.5459324590306396,0.0,0.0,CASH,TQQQ
2011-09-09,1.5459324590306396,0.0,0.0,CASH,TQQQ
2011-09-12,1.5459324590306396,0.0,0.0,CASH,TQQQ
2011-09-13,1.5459324590306396,0.0,0.0,CASH,TQQQ
2011-09-14,1.5459324590306396,0.0,0.0,CASH,TQQQ
2011-09-15,1.5459324590306396,0.0,0.0,CASH,TQQQ
2011-09-16,1.5459324590306396,0.0,0.0,CASH,TQQQ
2011-09-19,1.5459324590306396,0.0,0.0,CASH,TQQQ
2011-09-20,1.5459324590306396,0.0,0.0,CASH,TQQQ
2011-09-21,1.5459324590306396,0.0,0.0,CASH,TQQQ
2011-09-22,1.5459324590306396,0.0,0.0,CASH,TQQQ
2011-09-23,1.5459324590306396,0.0,0.0,CASH,TQQQ
2011-09-26,1.5459324590306396,0.0,0.0,CASH,TQQQ
2011-09-27,1.5459324590306396,0.0,0.0,CASH,TQQQ
2011-09-28,1.5459324590306396,0.0,0.0,CASH,TQQQ
2011-09-29,1.5459324590306396,0.0,0.0,CASH,TQQQ
2011-09-30,1.5459324590306396,0.0,0.0,CASH,TQQQ
2011-10-03,1.5459324590306396,0.0,0.0,CASH,TQQQ
2011-10-04,1.5459324590306396,0.0,0.0,CASH,TQQQ
2011-10-05,1.5459324590306396,0.0,0.0,CASH,TQQQ
2011-10-06,1.5459324590306396,0.0,0.0,CASH,TQQQ
2011-10-07,1.5459324590306396,0.0,0.0,CASH,TQQQ
2011-10-10,1.5459324590306396,0.0,0.0,CASH,TQQQ
2011-10-11,1.5459324590306396,0.0,0.0,CASH,TQQQ
2011-10-12,1.5459324590306396,0.0,0.0,CASH,TQQQ
2011-10-13,1.5459324590306396,0.0,0.0,CASH,TQQQ
2011-10-14,1.5459324590306396,0.0,0.0,CASH,TQQQ
2011-10-17,1.5459324590306396,0.0,0.0,CASH,TQQQ
2011-10-18,1.5459324590306396,0.0,0.0,CASH,TQQQ
2011-10-19,1.5459324590306396,0.0,0.0,CASH,TQQQ
2011-10-20,1.5459324590306396,0.0,0.0,CASH,TQQQ
2011-10-21,1.5459324590306396,0.0,0.0,CASH,TQQQ
2011-10-24,1.5459324590306396,0.0,0.0,CASH,TQQQ
2011-10-25,1.5459324590306396,0.0,0.0,CASH,TQQQ
2011-10-26,1.5459324590306396,0.0,0.0,CASH,TQQQ
2011-10-27,1.5459324590306396,0.0,0.0,CASH,TQQQ
2011-10-28,1.551042886154075,1.0,1.0,TQQQ,TQQQ
2011-10-31,1.474181252681014,1.0,1.0,TQQQ,TQQQ
2011-11-01,1.3600262468602107,1.0,1.0,TQQQ,TQQQ
2011-11-02,1.3600262468602107,0.0,0.0,CASH,TQQQ
2011-11-03,1.3600262468602107,0.0,0.0,CASH,TQQQ
2011-11-04,1.3600262468602107,0.0,0.0,CASH,TQQQ
2011-11-07,1.3600262468602107,0.0,0.0,CASH,TQQQ
2011-11-08,1.3600262468602107,0.0,0.0,CASH,TQQQ
2011-11-09,1.3600262468602107,0.0,0.0,CASH,TQQQ
2011-11-10,1.3600262468602107,0.0,0.0,CASH,TQQQ
2011-11-11,1.3600262468602107,0.0,0.0,CASH,TQQQ
2011-11-14,1.3600262468602107,0.0,0.0,CASH,TQQQ
2011-11-15,1.3600262468602107,0.0,0.0,CASH,TQQQ
2011-11-16,1.3600262468602107,0.0,0.0,CASH,TQQQ
2011-11-17,1.3600262468602107,0.0,0.0,CASH,TQQQ
2011-11-18,1.3600262468602107,0.0,0.0,CASH,TQQQ
2011-11-21,1.3600262468602107,0.0,0.0,CASH,TQQQ
2011-11-22,1.3600262468602107,0.0,0.0,CASH,TQQQ
2011-11-23,1.3600262468602107,0.0,0.0,CASH,TQQQ
2011-11-25,1.3600262468602107,0.0,0.0,CASH,TQQQ
2011-11-28,1.3600262468602107,0.0,0.0,CASH,TQQQ
2011-11-29,1.3600262468602107,0.0,0.0,CASH,TQQQ
2011-11-30,1.3600262468602107,0.0,0.0,CASH,TQQQ
2011-12-01,1.3600262468602107,0.0,0.0,CASH,TQQQ
2011-12-02,1.3600262468602107,0.0,0.0,CASH,TQQQ
2011-12-05,1.3600262468602107,0.0,0.0,CASH,TQQQ
2011-12-06,1.3600262468602107,0.0,0.0,CASH,TQQQ
2011-12-07,1.3600262468602107,0.0,0.0,CASH,TQQQ
2011-12-08,1.3600262468602107,0.0,0.0,CASH,TQQQ
2011-12-09,1.3600262468602107,0.0,0.0,CASH,TQQQ
2011-12-12,1.3600262468602107,0.0,0.0,CASH,TQQQ
2011-12-13,1.3600262468602107,0.0,0.0,CASH,TQQQ
2011-12-14,1.3600262468602107,0.0,0.0,CASH,TQQQ
2011-12-15,1.3600262468602107,0.0,0.0,CASH,TQQQ
2011-12-16,1.3600262468602107,0.0,0.0,CASH,TQQQ
2011-12-19,1.3600262468602107,0.0,0.0,CASH,TQQQ
2011-12-20,1.3600262468602107,0.0,0.0,CASH,TQQQ
2011-12-21,1.3600262468602107,0.0,0.0,CASH,TQQQ
2011-12-22,1.3600262468602107,0.0,0.0,CASH,TQQQ
2011-12-23,1.3600262468602107,0.0,0.0,CASH,TQQQ
2011-12-27,1.3600262468602107,0.0,0.0,CASH,TQQQ
2011-12-28,1.3600262468602107,0.0,0.0,CASH,TQQQ
2011-12-29,1.3600262468602107,0.0,0.0,CASH,TQQQ
2011-12-30,1.3600262468602107,0.0,0.0,CASH,TQQQ
2012-01-03,1.3600262468602107,0.0,0.0,CASH,TQQQ
2012-01-04,1.3600262468602107,0.0,0.0,CASH,TQQQ
2012-01-05,1.3600262468602107,0.0,0.0,CASH,TQQQ
2012-01-06,1.3600262468602107,0.0,0.0,CASH,TQQQ
2012-01-09,1.3600262468602107,0.0,0.0,CASH,TQQQ
2012-01-10,1.3600262468602107,0.0,0.0,CASH,TQQQ
2012-01-11,1.3600262468602107,0.0,0.0,CASH,TQQQ
2012-01-12,1.3600262468602107,0.0,0.0,CASH,TQQQ
2012-01-13,1.3600262468602107,0.0,0.0,CASH,TQQQ
2012-01-17,1.3600262468602107,0.0,0.0,CASH,TQQQ
2012-01-18,1.3600262468602107,0.0,0.0,CASH,TQQQ
2012-01-19,1.3872510967207679,1.0,1.0,TQQQ,TQQQ
2012-01-20,1.3811084453513567,1.0,1.0,TQQQ,TQQQ
2012-01-23,1.380943128402188,1.0,1.0,TQQQ,TQQQ
2012-01-24,1.3733054454671347,1.0,1.0,TQQQ,TQQQ
2012-01-25,1.4257693476251352,1.0,1.0,TQQQ,TQQQ
2012-01-26,1.410660594916706,1.0,1.0,TQQQ,TQQQ
2012-01-27,1.4246059470443753,1.0,1.0,TQQQ,TQQQ
2012-01-30,1.4269297569462596,1.0,1.0,TQQQ,TQQQ
2012-01-31,1.4319118992858915,1.0,1.0,TQQQ,TQQQ
2012-02-01,1.4671057639404208,1.0,1.0,TQQQ,TQQQ
2012-02-02,1.4822148157748136,1.0,1.0,TQQQ,TQQQ
2012-02-03,1.541152501743835,1.0,1.0,TQQQ,TQQQ
2012-02-06,1.5396576695955018,1.0,1.0,TQQQ,TQQQ
2012-02-07,1.5462972688989638,1.0,1.0,TQQQ,TQQQ
2012-02-08,1.572030477288132,1.0,1.0,TQQQ,TQQQ
2012-02-09,1.606896300469341,1.0,1.0,TQQQ,TQQQ
2012-02-10,1.572527824056801,1.0,1.0,TQQQ,TQQQ
2012-02-13,1.6148651158460041,1.0,1.0,TQQQ,TQQQ
2012-02-14,1.628976482883424,1.0,1.0,TQQQ,TQQQ
2012-02-15,1.5926161266798453,1.0,1.0,TQQQ,TQQQ
2012-02-16,1.6591909970406473,1.0,1.0,TQQQ,TQQQ
2012-02-17,1.6450802282551549,1.0,1.0,TQQQ,TQQQ
2012-02-21,1.6590252812568607,1.0,1.0,TQQQ,TQQQ
2012-02-22,1.6371109143352192,1.0,1.0,TQQQ,TQQQ
2012-02-23,1.668154805080612,1.0,1.0,TQQQ,TQQQ
2012-02-24,1.6844269583698013,1.0,1.0,TQQQ,TQQQ
2012-02-27,1.6925617886562145,1.0,1.0,TQQQ,TQQQ
2012-02-28,1.7431964358386733,1.0,1.0,TQQQ,TQQQ
2012-02-29,1.7202869765450757,1.0,1.0,TQQQ,TQQQ
2012-03-01,1.7621237308886655,1.0,1.0,TQQQ,TQQQ
2012-03-02,1.7568102566901147,1.0,1.0,TQQQ,TQQQ
2012-03-05,1.7020225446302297,1.0,1.0,TQQQ,TQQQ
2012-03-06,1.6532147594156044,1.0,1.0,TQQQ,TQQQ
2012-03-07,1.6907351261056898,1.0,1.0,TQQQ,TQQQ
2012-03-08,1.744359836419433,1.0,1.0,TQQQ,TQQQ
2012-03-09,1.7654418354932702,1.0,1.0,TQQQ,TQQQ
2012-03-12,1.7682663822580769,1.0,1.0,TQQQ,TQQQ
2012-03-13,1.867876923446656,1.0,1.0,TQQQ,TQQQ
2012-03-14,1.8887940044059424,1.0,1.0,TQQQ,TQQQ
2012-03-15,1.9032366035936263,1.0,1.0,TQQQ,TQQQ
2012-03-16,1.8990869288104533,1.0,1.0,TQQQ,TQQQ
2012-03-19,1.940425937550756,1.0,1.0,TQQQ,TQQQ
2012-03-20,1.9510504929401493,1.0,1.0,TQQQ,TQQQ
2012-03-21,1.9503878292223118,1.0,1.0,TQQQ,TQQQ
2012-03-22,1.9385998732521588,1.0,1.0,TQQQ,TQQQ
2012-03-23,1.935944432365392,1.0,1.0,TQQQ,TQQQ
2012-03-26,2.037050802788849,1.0,1.0,TQQQ,TQQQ
2012-03-27,2.044850811413436,1.0,1.0,TQQQ,TQQQ
2012-03-28,2.0209444649921013,1.0,1.0,TQQQ,TQQQ
2012-03-29,2.0001934986512193,1.0,1.0,TQQQ,TQQQ
2012-03-30,1.9862474485629684,1.0,1.0,TQQQ,TQQQ
2012-04-02,2.0468429903304384,1.0,1.0,TQQQ,TQQQ
2012-04-03,2.047012096208478,1.0,1.0,TQQQ,TQQQ
2012-04-04,1.9635041038877759,1.0,1.0,TQQQ,TQQQ
2012-04-05,1.9993641220630505,1.0,1.0,TQQQ,TQQQ
2012-04-09,1.9533772941016696,1.0,1.0,TQQQ,TQQQ
2012-04-10,1.859076837017388,1.0,1.0,TQQQ,TQQQ
2012-04-11,1.8859734459873159,1.0,1.0,TQQQ,TQQQ
2012-04-12,1.9492242292242432,1.0,1.0,TQQQ,TQQQ
2012-04-13,1.86106901593439,1.0,1.0,TQQQ,TQQQ
2012-04-16,1.8024658525012314,1.0,1.0,TQQQ,TQQQ
2012-04-17,1.9087163918278904,1.0,1.0,TQQQ,TQQQ
2012-04-18,1.8947709399915664,1.0,1.0,TQQQ,TQQQ
2012-04-19,1.833508746160079,1.0,1.0,TQQQ,TQQQ
2012-04-20,1.8137530716084622,1.0,1.0,TQQQ,TQQQ
2012-04-23,1.7681004670569809,1.0,1.0,TQQQ,TQQQ
2012-04-24,1.7368878692681662,1.0,1.0,TQQQ,TQQQ
2012-04-25,1.874848353152309,1.0,1.0,TQQQ,TQQQ
2012-04-26,1.9083849602603171,1.0,1.0,TQQQ,TQQQ
2012-04-27,1.9410897977724475,1.0,1.0,TQQQ,TQQQ
2012-04-30,1.9007476761598818,1.0,1.0,TQQQ,TQQQ
2012-05-01,1.9115405397580791,1.0,1.0,TQQQ,TQQQ
2012-05-02,1.9241568752298566,1.0,1.0,TQQQ,TQQQ
2012-05-03,1.8643905106332475,1.0,1.0,TQQQ,TQQQ
2012-05-04,1.7275900372356114,1.0,1.0,TQQQ,TQQQ
2012-05-07,1.7300791640866646,1.0,1.0,TQQQ,TQQQ
2012-05-08,1.7109889450952116,1.0,1.0,TQQQ,TQQQ
2012-05-09,1.7015251978615609,1.0,1.0,TQQQ,TQQQ
2012-05-10,1.6840927349599015,1.0,1.0,TQQQ,TQQQ
2012-05-11,1.6824353777047258,1.0,1.0,TQQQ,TQQQ
2012-05-14,1.6359474140458048,1.0,1.0,TQQQ,TQQQ
2012-05-15,1.6216707300592164,1.0,1.0,TQQQ,TQQQ
2012-05-16,1.5864733756017795,1.0,1.0,TQQQ,TQQQ
2012-05-17,1.4888544150782757,1.0,1.0,TQQQ,TQQQ
2012-05-18,1.4290876516470483,1.0,1.0,TQQQ,TQQQ
2012-05-21,1.549287332030248,1.0,1.0,TQQQ,TQQQ
2012-05-22,1.5436422268468148,1.0,1.0,TQQQ,TQQQ
2012-05-23,1.5522741047759336,1.0,1.0,TQQQ,TQQQ
2012-05-24,1.5243830016859765,1.0,1.0,TQQQ,TQQQ
2012-05-25,1.5157509243395488,1.0,1.0,TQQQ,TQQQ
2012-05-29,1.5721961930719186,1.0,1.0,TQQQ,TQQQ
2012-05-30,1.5340127638293777,1.0,1.0,TQQQ,TQQQ
2012-05-31,1.5120982971990817,1.0,1.0,TQQQ,TQQQ
2012-06-01,1.3932277331804284,1.0,1.0,TQQQ,TQQQ
2012-06-04,1.423111314313351,1.0,1.0,TQQQ,TQQQ
2012-06-05,1.4427018713331081,1.0,1.0,TQQQ,TQQQ
2012-06-06,1.5413182175276217,1.0,1.0,TQQQ,TQQQ
2012-06-07,1.5240513707010945,1.0,1.0,TQQQ,TQQQ
2012-06-08,1.5688782878846232,1.0,1.0,TQQQ,TQQQ
2012-06-11,1.493836457709253,1.0,1.0,TQQQ,TQQQ
2012-06-12,1.5409872845033208,1.0,1.0,TQQQ,TQQQ
2012-06-13,1.5107688817085716,1.0,1.0,TQQQ,TQQQ
2012-06-14,1.5277043966761799,1.0,1.0,TQQQ,TQQQ
2012-06-15,1.5841497651172038,1.0,1.0,TQQQ,TQQQ
2012-06-18,1.6249919256321104,1.0,1.0,TQQQ,TQQQ
2012-06-19,1.6784506210361032,1.0,1.0,TQQQ,TQQQ
2012-06-20,1.6844269583698006,1.0,1.0,TQQQ,TQQQ
2012-06-21,1.5582507412355944,1.0,1.0,TQQQ,TQQQ
2012-06-22,1.6067302855595904,1.0,1.0,TQQQ,TQQQ
2012-06-25,1.51143533435528,1.0,1.0,TQQQ,TQQQ
2012-06-26,1.5406522634241848,1.0,1.0,TQQQ,TQQQ
2012-06-27,1.5688782878846228,1.0,1.0,TQQQ,TQQQ
2012-06-28,1.512429429640691,1.0,1.0,TQQQ,TQQQ
2012-06-29,1.660185790286639,1.0,1.0,TQQQ,TQQQ
2012-07-02,1.673468179570507,1.0,1.0,TQQQ,TQQQ
2012-07-03,1.713313153831713,1.0,1.0,TQQQ,TQQQ
2012-07-05,1.7192896905827195,1.0,1.0,TQQQ,TQQQ
2012-07-06,1.6515539123575202,1.0,1.0,TQQQ,TQQQ
2012-07-09,1.6459088071740873,1.0,1.0,TQQQ,TQQQ
2012-07-10,1.5954401749013787,1.0,1.0,TQQQ,TQQQ
2012-07-11,1.5735255088537736,1.0,1.0,TQQQ,TQQQ
2012-07-12,1.5280361273697163,1.0,1.0,TQQQ,TQQQ
2012-07-13,1.5944421909784419,1.0,1.0,TQQQ,TQQQ
2012-07-16,1.582489117476429,1.0,1.0,TQQQ,TQQQ
2012-07-17,1.6067302855595902,1.0,1.0,TQQQ,TQQQ
2012-07-18,1.672139462040579,1.0,1.0,TQQQ,TQQQ
2012-07-19,1.7265951442809635,1.0,1.0,TQQQ,TQQQ
2012-07-20,1.6601857902866393,1.0,1.0,TQQQ,TQQQ
2012-07-23,1.598761769308891,1.0,1.0,TQQQ,TQQQ
2012-07-24,1.562235398195562,1.0,1.0,TQQQ,TQQQ
2012-07-25,1.5273728653999517,1.0,1.0,TQQQ,TQQQ
2012-07-26,1.5871395291225243,1.0,1.0,TQQQ,TQQQ
2012-07-27,1.707336218246089,1.0,1.0,TQQQ,TQQQ
2012-07-30,1.697043493258887,1.0,1.0,TQQQ,TQQQ
2012-07-31,1.698037987378916,1.0,1.0,TQQQ,TQQQ
2012-08-01,1.6814368952385161,1.0,1.0,TQQQ,TQQQ
2012-08-02,1.6638388162617248,1.0,1.0,TQQQ,TQQQ
2012-08-03,1.7584704057876162,1.0,1.0,TQQQ,TQQQ
2012-08-06,1.7979839484812488,1.0,1.0,TQQQ,TQQQ
2012-08-07,1.8424757448769875,1.0,1.0,TQQQ,TQQQ
2012-08-08,1.8394856817457033,1.0,1.0,TQQQ,TQQQ
2012-08-09,1.8550920803487652,1.0,1.0,TQQQ,TQQQ
2012-08-10,1.8627299627011273,1.0,1.0,TQQQ,TQQQ
2012-08-13,1.8740197742333755,1.0,1.0,TQQQ,TQQQ
2012-08-14,1.8766752151201422,1.0,1.0,TQQQ,TQQQ
2012-08-15,1.8899576044040105,1.0,1.0,TQQQ,TQQQ
2012-08-16,1.9576940805897916,1.0,1.0,TQQQ,TQQQ
2012-08-17,1.9845869006308483,1.0,1.0,TQQQ,TQQQ
2012-08-20,1.9922239853139745,1.0,1.0,TQQQ,TQQQ
2012-08-21,1.969315323689613,1.0,1.0,TQQQ,TQQQ
2012-08-22,1.9905634373818548,1.0,1.0,TQQQ,TQQQ
2012-08-23,1.9464024743017623,1.0,1.0,TQQQ,TQQQ
2012-08-24,1.9809339743644172,1.0,1.0,TQQQ,TQQQ
2012-08-27,1.9905634373818546,1.0,1.0,TQQQ,TQQQ
2012-08-28,1.9902322052315904,1.0,1.0,TQQQ,TQQQ
2012-08-29,1.990894868949428,1.0,1.0,TQQQ,TQQQ
2012-08-30,1.9301336113981715,1.0,1.0,TQQQ,TQQQ
2012-08-31,1.971307103771997,1.0,1.0,TQQQ,TQQQ
2012-09-04,1.9630037658594708,1.0,1.0,TQQQ,TQQQ
2012-09-05,1.9540405560714331,1.0,1.0,TQQQ,TQQQ
2012-09-06,2.083203346534016,1.0,1.0,TQQQ,TQQQ
2012-09-07,2.074236946069034,1.0,1.0,TQQQ,TQQQ
2012-09-10,1.9978694893320252,1.0,1.0,TQQQ,TQQQ
2012-09-11,1.9892377111115611,1.0,1.0,TQQQ,TQQQ
2012-09-12,2.0065014669697985,1.0,1.0,TQQQ,TQQQ
2012-09-13,2.0865214511386205,1.0,1.0,TQQQ,TQQQ
2012-09-14,2.1399802462512683,1.0,1.0,TQQQ,TQQQ
2012-09-17,2.1439646040852725,1.0,1.0,TQQQ,TQQQ
2012-09-18,2.1479491613365855,1.0,1.0,TQQQ,TQQQ
2012-09-19,2.162226443575101,1.0,1.0,TQQQ,TQQQ
2012-09-20,2.1572473922037587,1.0,1.0,TQQQ,TQQQ
2012-09-21,2.1572473922037587,1.0,1.0,TQQQ,TQQQ
2012-09-24,2.1174034150290977,1.0,1.0,TQQQ,TQQQ
2012-09-25,2.0324003911427533,1.0,1.0,TQQQ,TQQQ
2012-09-26,1.9789413966127969,1.0,1.0,TQQQ,TQQQ
2012-09-27,2.0629497269618033,1.0,1.0,TQQQ,TQQQ
2012-09-28,2.0134758879350874,1.0,1.0,TQQQ,TQQQ
2012-10-01,2.004840320785752,1.0,1.0,TQQQ,TQQQ
2012-10-02,2.0177918767539738,1.0,1.0,TQQQ,TQQQ
2012-10-03,2.0559753059965145,1.0,1.0,TQQQ,TQQQ
2012-10-04,2.079882051252467,1.0,1.0,TQQQ,TQQQ
2012-10-05,2.044022232494502,1.0,1.0,TQQQ,TQQQ
2012-10-08,1.9899001754120897,1.0,1.0,TQQQ,TQQQ
2012-10-09,1.8876337945021258,1.0,1.0,TQQQ,TQQQ
2012-10-10,1.8647219422008199,1.0,1.0,TQQQ,TQQQ
2012-10-11,1.84812085006042,1.0,1.0,TQQQ,TQQQ
2012-10-12,1.8477894184928467,1.0,1.0,TQQQ,TQQQ
2012-10-15,1.884643731370841,1.0,1.0,TQQQ,TQQQ
2012-10-16,1.966657290377828,1.0,1.0,TQQQ,TQQQ
2012-10-17,1.9606801553748947,1.0,1.0,TQQQ,TQQQ
2012-10-18,1.8936107300877498,1.0,1.0,TQQQ,TQQQ
2012-10-19,1.7568102566901138,1.0,1.0,TQQQ,TQQQ
2012-10-22,1.7843695293778794,1.0,1.0,TQQQ,TQQQ
2012-10-23,1.7315741956523056,1.0,1.0,TQQQ,TQQQ
2012-10-24,1.7143104397940683,1.0,1.0,TQQQ,TQQQ
2012-10-25,1.7143104397940683,1.0,1.0,TQQQ,TQQQ
2012-10-26,1.7322406482990147,1.0,1.0,TQQQ,TQQQ
2012-10-31,1.6987036423563886,1.0,1.0,TQQQ,TQQQ
2012-11-01,1.7707559079437472,1.0,1.0,TQQQ,TQQQ
2012-11-02,1.7060067030469246,1.0,1.0,TQQQ,TQQQ
2012-11-05,1.7478432579732055,1.0,1.0,TQQQ,TQQQ
2012-11-06,1.758470405787616,1.0,1.0,TQQQ,TQQQ
2012-11-07,1.6322946871966824,1.0,1.0,TQQQ,TQQQ
2012-11-08,1.5559270310423643,1.0,1.0,TQQQ,TQQQ
2012-11-09,1.5559270310423643,0.0,0.0,CASH,TQQQ
2012-11-12,1.5559270310423643,0.0,0.0,CASH,TQQQ
2012-11-13,1.5559270310423643,0.0,0.0,CASH,TQQQ
2012-11-14,1.5559270310423643,0.0,0.0,CASH,TQQQ
2012-11-15,1.5559270310423643,0.0,0.0,CASH,TQQQ
2012-11-16,1.5559270310423643,0.0,0.0,CASH,TQQQ
2012-11-19,1.5559270310423643,0.0,0.0,CASH,TQQQ
2012-11-20,1.5559270310423643,0.0,0.0,CASH,TQQQ
2012-11-21,1.5559270310423643,0.0,0.0,CASH,TQQQ
2012-11-23,1.5559270310423643,0.0,0.0,CASH,TQQQ
2012-11-26,1.5559270310423643,0.0,0.0,CASH,TQQQ
2012-11-27,1.5559270310423643,0.0,0.0,CASH,TQQQ
2012-11-28,1.5559270310423643,0.0,0.0,CASH,TQQQ
2012-11-29,1.5559270310423643,0.0,0.0,CASH,TQQQ
2012-11-30,1.5559270310423643,0.0,0.0,CASH,TQQQ
2012-12-03,1.5559270310423643,0.0,0.0,CASH,TQQQ
2012-12-04,1.5559270310423643,0.0,0.0,CASH,TQQQ
2012-12-05,1.5559270310423643,0.0,0.0,CASH,TQQQ
2012-12-06,1.5559270310423643,0.0,0.0,CASH,TQQQ
2012-12-07,1.5559270310423643,0.0,0.0,CASH,TQQQ
2012-12-10,1.5559270310423643,0.0,0.0,CASH,TQQQ
2012-12-11,1.5559270310423643,0.0,0.0,CASH,TQQQ
2012-12-12,1.5559270310423643,0.0,0.0,CASH,TQQQ
2012-12-13,1.5559270310423643,0.0,0.0,CASH,TQQQ
2012-12-14,1.5559270310423643,0.0,0.0,CASH,TQQQ
2012-12-17,1.5559270310423643,0.0,0.0,CASH,TQQQ
2012-12-18,1.5559270310423643,0.0,0.0,CASH,TQQQ
2012-12-19,1.5559270310423643,0.0,0.0,CASH,TQQQ
2012-12-20,1.5559270310423643,0.0,0.0,CASH,TQQQ
2012-12-21,1.5559270310423643,0.0,0.0,CASH,TQQQ
2012-12-24,1.5559270310423643,0.0,0.0,CASH,TQQQ
2012-12-26,1.5559270310423643,0.0,0.0,CASH,TQQQ
2012-12-27,1.5559270310423643,0.0,0.0,CASH,TQQQ
2012-12-28,1.5559270310423643,0.0,0.0,CASH,TQQQ
2012-12-31,1.5559270310423643,0.0,0.0,CASH,TQQQ
2013-01-02,1.5559270310423643,0.0,0.0,CASH,TQQQ
2013-01-03,1.5559270310423643,0.0,0.0,CASH,TQQQ
2013-01-04,1.5559270310423643,0.0,0.0,CASH,TQQQ
2013-01-07,1.5559270310423643,0.0,0.0,CASH,TQQQ
2013-01-08,1.5559270310423643,0.0,0.0,CASH,TQQQ
2013-01-09,1.5559270310423643,0.0,0.0,CASH,TQQQ
2013-01-10,1.5559270310423643,0.0,0.0,CASH,TQQQ
2013-01-11,1.5559270310423643,0.0,0.0,CASH,TQQQ
2013-01-14,1.5559270310423643,0.0,0.0,CASH,TQQQ
2013-01-15,1.5559270310423643,0.0,0.0,CASH,TQQQ
2013-01-16,1.5559270310423643,0.0,0.0,CASH,TQQQ
2013-01-17,1.5559270310423643,0.0,0.0,CASH,TQQQ
2013-01-18,1.5559270310423643,0.0,0.0,CASH,TQQQ
2013-01-22,1.5559270310423643,0.0,0.0,CASH,TQQQ
2013-01-23,1.5559270310423643,0.0,0.0,CASH,TQQQ
2013-01-24,1.5559270310423643,0.0,0.0,CASH,TQQQ
2013-01-25,1.5559270310423643,0.0,0.0,CASH,TQQQ
2013-01-28,1.5559270310423643,0.0,0.0,CASH,TQQQ
2013-01-29,1.5559270310423643,0.0,0.0,CASH,TQQQ
2013-01-30,1.5559270310423643,0.0,0.0,CASH,TQQQ
2013-01-31,1.5559270310423643,0.0,0.0,CASH,TQQQ
2013-02-01,1.5559270310423643,0.0,0.0,CASH,TQQQ
2013-02-04,1.5559270310423643,0.0,0.0,CASH,SOXL
2013-02-05,1.5559270310423643,0.0,0.0,CASH,SOXL
2013-02-06,1.5559270310423643,0.0,0.0,CASH,SOXL
2013-02-07,1.5559270310423643,0.0,0.0,CASH,SOXL
2013-02-08,1.5559270310423643,0.0,0.0,CASH,SOXL
2013-02-11,1.5559270310423643,0.0,0.0,CASH,SOXL
2013-02-12,1.5559270310423643,0.0,0.0,CASH,SOXL
2013-02-13,1.5559270310423643,0.0,0.0,CASH,SOXL
2013-02-14,1.5559270310423643,0.0,0.0,CASH,SOXL
2013-02-15,1.5559270310423643,0.0,0.0,CASH,SOXL
2013-02-19,1.5559270310423643,0.0,0.0,CASH,SOXL
2013-02-20,1.5559270310423643,0.0,0.0,CASH,SOXL
2013-02-21,1.5559270310423643,0.0,0.0,CASH,SOXL
2013-02-22,1.5559270310423643,0.0,0.0,CASH,SOXL
2013-02-25,1.5559270310423643,0.0,0.0,CASH,SOXL
2013-02-26,1.5559270310423643,0.0,0.0,CASH,SOXL
2013-02-27,1.5559270310423643,0.0,0.0,CASH,SOXL
2013-02-28,1.5559270310423643,0.0,0.0,CASH,SOXL
2013-03-01,1.5559270310423643,0.0,0.0,CASH,SOXL
2013-03-04,1.5559270310423643,0.0,0.0,CASH,SOXL
2013-03-05,1.5559270310423643,0.0,0.0,CASH,SOXL
2013-03-06,1.5559270310423643,0.0,0.0,CASH,SOXL
2013-03-07,1.5559270310423643,0.0,0.0,CASH,SOXL
2013-03-08,1.5559270310423643,0.0,0.0,CASH,SOXL
2013-03-11,1.5631730316883339,1.0,1.0,SOXL,SOXL
2013-03-12,1.5865206934566343,1.0,1.0,SOXL,SOXL
2013-03-13,1.6006116246021176,1.0,1.0,SOXL,SOXL
2013-03-14,1.6227513295387845,1.0,1.0,SOXL,SOXL
2013-03-15,1.5438503105613894,1.0,1.0,SOXL,SOXL
2013-03-18,1.4814498078697236,1.0,1.0,SOXL,SOXL
2013-03-19,1.464140980981137,1.0,1.0,SOXL,SOXL
2013-03-20,1.5217080742155138,1.0,1.0,SOXL,SOXL
2013-03-21,1.4496486632630465,1.0,1.0,SOXL,SOXL
2013-03-22,1.4951380867379958,1.0,1.0,SOXL,SOXL
2013-03-25,1.4874884845363618,1.0,1.0,SOXL,SOXL
2013-03-26,1.528550473305819,1.0,1.0,SOXL,SOXL
2013-03-27,1.5349922768888953,1.0,1.0,SOXL,SOXL
2013-03-28,1.5627695883457446,1.0,1.0,SOXL,SOXL
2013-04-01,1.4746072505663423,1.0,1.0,SOXL,SOXL
2013-04-02,1.4323376213914025,1.0,1.0,SOXL,SOXL
2013-04-03,1.3461874375065273,1.0,1.0,SOXL,SOXL
2013-04-04,1.3977172779919458,1.0,1.0,SOXL,SOXL
2013-04-05,1.377587353753673,1.0,1.0,SOXL,SOXL
2013-04-08,1.428310940406216,1.0,1.0,SOXL,SOXL
2013-04-09,1.467360617068071,1.0,1.0,SOXL,SOXL
2013-04-10,1.5615617897271874,1.0,1.0,SOXL,SOXL
2013-04-11,1.5462649585200523,1.0,1.0,SOXL,SOXL
2013-04-12,1.5233185251112833,1.0,1.0,SOXL,SOXL
2013-04-15,1.4146258257994542,1.0,1.0,SOXL,SOXL
2013-04-16,1.4995656796565633,1.0,1.0,SOXL,SOXL
2013-04-17,1.3518245693874835,1.0,1.0,SOXL,SOXL
2013-04-18,1.3151901735365934,1.0,1.0,SOXL,SOXL
2013-04-19,1.3465907226360412,1.0,1.0,SOXL,SOXL
2013-04-22,1.387652236766272,1.0,1.0,SOXL,SOXL
2013-04-23,1.4770225313773078,1.0,1.0,SOXL,SOXL
2013-04-24,1.5301613988408154,1.0,1.0,SOXL,SOXL
2013-04-25,1.5748464670397955,1.0,1.0,SOXL,SOXL
2013-04-26,1.5317727990150376,1.0,1.0,SOXL,SOXL
2013-04-29,1.5841052544325944,1.0,1.0,SOXL,SOXL
2013-04-30,1.6312056034425393,1.0,1.0,SOXL,SOXL
2013-05-01,1.5853130530511523,1.0,1.0,SOXL,SOXL
2013-05-02,1.6427059654123066,1.0,1.0,TQQQ,TQQQ
2013-05-03,1.7000965107931054,1.0,1.0,TQQQ,TQQQ
2013-05-06,1.7220193349094683,1.0,1.0,TQQQ,TQQQ
2013-05-07,1.7178317028517733,1.0,1.0,TQQQ,TQQQ
2013-05-08,1.744682136259469,1.0,1.0,TQQQ,TQQQ
2013-05-09,1.7385220698842818,1.0,1.0,TQQQ,TQQQ
2013-05-10,1.7680807726274856,1.0,1.0,TQQQ,TQQQ
2013-05-13,1.7749783013196831,1.0,1.0,TQQQ,TQQQ
2013-05-14,1.8010889054300134,1.0,1.0,TQQQ,TQQQ
2013-05-15,1.8143900036014702,1.0,1.0,TQQQ,TQQQ
2013-05-16,1.807738197057428,1.0,1.0,TQQQ,TQQQ
2013-05-17,1.8587276878755956,1.0,1.0,TQQQ,TQQQ
2013-05-20,1.8503521278876611,1.0,1.0,TQQQ,TQQQ
2013-05-21,1.8572499524524029,1.0,1.0,TQQQ,TQQQ
2013-05-22,1.8119259770513954,1.0,1.0,TQQQ,TQQQ
2013-05-23,1.792221457336952,1.0,1.0,TQQQ,TQQQ
2013-05-24,1.7912354620826143,1.0,1.0,TQQQ,TQQQ
2013-05-28,1.8281834336868703,1.0,1.0,TQQQ,TQQQ
2013-05-29,1.8005946503445307,1.0,1.0,TQQQ,TQQQ
2013-05-30,1.8299071871307624,1.0,1.0,TQQQ,TQQQ
2013-05-31,1.777688050017913,1.0,1.0,TQQQ,TQQQ
2013-06-03,1.788033677342984,1.0,1.0,TQQQ,TQQQ
2013-06-04,1.7611851671068268,1.0,1.0,TQQQ,TQQQ
2013-06-05,1.6936929413138455,1.0,1.0,TQQQ,TQQQ
2013-06-06,1.7143839000914434,1.0,1.0,TQQQ,TQQQ
2013-06-07,1.7860636100058473,1.0,1.0,TQQQ,TQQQ
2013-06-10,1.7868015161316742,1.0,1.0,TQQQ,TQQQ
2013-06-11,1.735074267123952,1.0,1.0,TQQQ,TQQQ
2013-06-12,1.6749714581282955,1.0,1.0,TQQQ,TQQQ
2013-06-13,1.7350742671239523,1.0,1.0,TQQQ,TQQQ
2013-06-14,1.7045301608714996,1.0,1.0,TQQQ,TQQQ
2013-06-17,1.7518234639282826,1.0,1.0,TQQQ,TQQQ
2013-06-18,1.7932050856109334,1.0,1.0,TQQQ,TQQQ
2013-06-19,1.7367984643766612,1.0,1.0,TQQQ,TQQQ
2013-06-20,1.608714056399524,1.0,1.0,TQQQ,TQQQ
2013-06-21,1.5860508112407063,1.0,1.0,TQQQ,TQQQ
2013-06-24,1.5370336068037587,1.0,1.0,TQQQ,TQQQ
2013-06-25,1.5697936504777756,1.0,1.0,TQQQ,TQQQ
2013-06-26,1.612653451392436,1.0,1.0,TQQQ,TQQQ
2013-06-27,1.6306345135355313,1.0,1.0,TQQQ,TQQQ
2013-06-28,1.6350680156776538,1.0,1.0,TQQQ,TQQQ
2013-07-01,1.670046215817318,1.0,1.0,TQQQ,TQQQ
2013-07-02,1.6743498680138573,1.0,1.0,SOXL,SOXL
2013-07-03,1.7008857680292095,1.0,1.0,SOXL,SOXL
2013-07-05,1.7672280549335688,1.0,1.0,SOXL,SOXL
2013-07-08,1.6621558579373323,1.0,1.0,SOXL,SOXL
2013-07-09,1.7134367715237928,1.0,1.0,SOXL,SOXL
2013-07-10,1.7722502039501875,1.0,1.0,SOXL,SOXL
2013-07-11,1.8852123360154132,1.0,1.0,SOXL,SOXL
2013-07-12,1.9174867678124814,1.0,1.0,SOXL,SOXL
2013-07-15,1.9171278012764392,1.0,1.0,SOXL,SOXL
2013-07-16,1.9329061211074305,1.0,1.0,SOXL,SOXL
2013-07-17,1.937927706376054,1.0,1.0,SOXL,SOXL
2013-07-18,1.8898725588190142,1.0,1.0,SOXL,SOXL
2013-07-19,1.8783976093105643,1.0,1.0,SOXL,SOXL
2013-07-22,1.8647709746408438,1.0,1.0,SOXL,SOXL
2013-07-23,1.844330740762265,1.0,1.0,SOXL,SOXL
2013-07-24,1.7432025247415315,1.0,1.0,SOXL,SOXL
2013-07-25,1.7744020300484569,1.0,1.0,SOXL,SOXL
2013-07-26,1.726346741554418,1.0,1.0,SOXL,SOXL
2013-07-29,1.698017700102841,1.0,1.0,SOXL,SOXL
2013-07-30,1.7546774742499813,1.0,1.0,SOXL,SOXL
2013-07-31,1.7797807496721376,1.0,1.0,SOXL,SOXL
2013-08-01,1.876246065086292,1.0,1.0,SOXL,SOXL
2013-08-02,1.8407437532048203,1.0,1.0,SOXL,SOXL
2013-08-05,1.8321371534967361,1.0,1.0,SOXL,SOXL
2013-08-06,1.7948426867380316,1.0,1.0,SOXL,SOXL
2013-08-07,1.7388992953559885,1.0,1.0,SOXL,SOXL
2013-08-08,1.744278578727665,1.0,1.0,SOXL,SOXL
2013-08-09,1.7184584977294146,1.0,1.0,SOXL,SOXL
2013-08-12,1.737464133896814,1.0,1.0,SOXL,SOXL
2013-08-13,1.7955586466921325,1.0,1.0,SOXL,SOXL
2013-08-14,1.715588315748064,1.0,1.0,SOXL,SOXL
2013-08-15,1.5979656790052394,1.0,1.0,SOXL,SOXL
2013-08-16,1.613743716962233,1.0,1.0,SOXL,SOXL
2013-08-19,1.5811097548811273,1.0,1.0,SOXL,SOXL
2013-08-20,1.6126682267240948,1.0,1.0,SOXL,SOXL
2013-08-21,1.5771654920316267,1.0,1.0,SOXL,SOXL
2013-08-22,1.630598090779358,1.0,1.0,SOXL,SOXL
2013-08-23,1.6316732991434986,1.0,1.0,SOXL,SOXL
2013-08-26,1.6205578799190863,1.0,1.0,SOXL,SOXL
2013-08-27,1.4997059537218702,1.0,1.0,SOXL,SOXL
2013-08-28,1.5191150871459966,1.0,1.0,TQQQ,TQQQ
2013-08-29,1.577136939919333,1.0,1.0,SOXL,SOXL
2013-08-30,1.533884167935082,1.0,1.0,SOXL,SOXL
2013-09-03,1.5715092743274066,1.0,1.0,SOXL,SOXL
2013-09-04,1.6227834578154128,1.0,1.0,TQQQ,TQQQ
2013-09-05,1.6298824809283239,1.0,1.0,TQQQ,TQQQ
2013-09-06,1.6357987875326923,1.0,1.0,TQQQ,TQQQ
2013-09-09,1.6933804765663558,1.0,1.0,TQQQ,TQQQ
2013-09-10,1.7190174498728954,1.0,1.0,TQQQ,TQQQ
2013-09-11,1.7103411950611802,1.0,1.0,TQQQ,TQQQ
2013-09-12,1.7026492740069752,1.0,1.0,TQQQ,TQQQ
2013-09-13,1.7081720129207882,1.0,1.0,TQQQ,TQQQ
2013-09-16,1.6937765314436406,1.0,1.0,TQQQ,TQQQ
2013-09-17,1.727693823122074,1.0,1.0,TQQQ,TQQQ
2013-09-18,1.7911937137595189,1.0,1.0,TQQQ,TQQQ
2013-09-19,1.8022365859629519,1.0,1.0,TQQQ,TQQQ
2013-09-20,1.7825178142601934,1.0,1.0,TQQQ,TQQQ
2013-09-23,1.7724591573768071,1.0,1.0,TQQQ,TQQQ
2013-09-24,1.7728528435048256,1.0,1.0,TQQQ,TQQQ
2013-09-25,1.7560910999483499,1.0,1.0,TQQQ,TQQQ
2013-09-26,1.7963205162335096,1.0,1.0,TQQQ,TQQQ
2013-09-27,1.7878411044858038,1.0,1.0,TQQQ,TQQQ
2013-09-30,1.776601270780898,1.0,1.0,TQQQ,TQQQ
2013-10-01,1.8298461352208006,1.0,1.0,TQQQ,TQQQ
2013-10-02,1.8264935259470862,1.0,1.0,TQQQ,TQQQ
2013-10-03,1.762993516872178,1.0,1.0,TQQQ,TQQQ
2013-10-04,1.8083496171938662,1.0,1.0,TQQQ,TQQQ
2013-10-07,1.7635860595010824,1.0,1.0,TQQQ,TQQQ
2013-10-08,1.6638003647940731,1.0,1.0,TQQQ,TQQQ
2013-10-09,1.6454615079762565,1.0,1.0,TQQQ,TQQQ
2013-10-10,1.7499780687174356,1.0,1.0,TQQQ,TQQQ
2013-10-11,1.7894178624347554,1.0,1.0,TQQQ,TQQQ
2013-10-14,1.8264935259470865,1.0,1.0,TQQQ,TQQQ
2013-10-15,1.8069697023089244,1.0,1.0,TQQQ,TQQQ
2013-10-16,1.868693623184143,1.0,1.0,TQQQ,TQQQ
2013-10-17,1.8988665144602561,1.0,1.0,TQQQ,TQQQ
2013-10-18,1.9927344813133372,1.0,1.0,TQQQ,TQQQ
2013-10-21,2.0041726977692753,1.0,1.0,TQQQ,TQQQ
2013-10-22,2.0110747593807132,1.0,1.0,TQQQ,TQQQ
2013-10-23,1.9787324490892813,1.0,1.0,TQQQ,TQQQ
2013-10-24,2.0033839042636776,1.0,1.0,TQQQ,TQQQ
2013-10-25,2.043416003734975,1.0,1.0,TQQQ,TQQQ
2013-10-28,2.047558709326383,1.0,1.0,TQQQ,TQQQ
2013-10-29,2.0574179175215677,1.0,1.0,TQQQ,TQQQ
2013-10-30,2.0509088314133685,1.0,1.0,TQQQ,TQQQ
2013-10-31,2.0376968955070067,1.0,1.0,TQQQ,TQQQ
2013-11-01,2.0367103114376937,1.0,1.0,TQQQ,TQQQ
2013-11-04,2.046571888382144,1.0,1.0,TQQQ,TQQQ
2013-11-05,2.0552479063189324,1.0,1.0,TQQQ,TQQQ
2013-11-06,2.051699046168525,1.0,1.0,TQQQ,TQQQ
2013-11-07,1.9379128589244834,1.0,1.0,TQQQ,TQQQ
2013-11-08,2.0144281977166707,1.0,1.0,TQQQ,TQQQ
2013-11-11,2.0047637007111563,1.0,1.0,TQQQ,TQQQ
2013-11-12,2.0146252776556066,1.0,1.0,TQQQ,TQQQ
2013-11-13,2.0868013046673033,1.0,1.0,TQQQ,TQQQ
2013-11-14,2.1029701502824847,1.0,1.0,TQQQ,TQQQ
2013-11-15,2.1175647251354444,1.0,1.0,TQQQ,TQQQ
2013-11-18,2.0589947939079813,1.0,1.0,TQQQ,TQQQ
2013-11-19,2.0386822952016854,1.0,1.0,TQQQ,TQQQ
2013-11-20,2.0244842489758637,1.0,1.0,TQQQ,TQQQ
2013-11-21,2.086405486664945,1.0,1.0,TQQQ,TQQQ
2013-11-22,2.119338918335721,1.0,1.0,TQQQ,TQQQ
2013-11-25,2.1333408321223133,1.0,1.0,TQQQ,TQQQ
2013-11-26,2.168640644309881,1.0,1.0,TQQQ,TQQQ
2013-11-27,2.212024997742503,1.0,1.0,TQQQ,TQQQ
2013-11-29,2.2483097358748974,1.0,1.0,TQQQ,TQQQ
2013-12-02,2.2343071114635253,1.0,1.0,TQQQ,TQQQ
2013-12-03,2.227801578479225,1.0,1.0,TQQQ,TQQQ
2013-12-04,2.2335202129573406,1.0,1.0,TQQQ,TQQQ
2013-12-05,2.226617677596049,1.0,1.0,TQQQ,TQQQ
2013-12-06,2.2725664389841045,1.0,1.0,TQQQ,TQQQ
2013-12-09,2.2997800518021316,1.0,1.0,TQQQ,TQQQ
2013-12-10,2.2956380568355037,1.0,1.0,TQQQ,TQQQ
2013-12-11,2.2098561709144997,1.0,1.0,TQQQ,TQQQ
2013-12-12,2.1919105264748486,1.0,1.0,TQQQ,TQQQ
2013-12-13,2.181458657213297,1.0,1.0,TQQQ,TQQQ
2013-12-16,2.218925874979307,1.0,1.0,TQQQ,TQQQ
2013-12-17,2.204925856192127,1.0,1.0,TQQQ,TQQQ
2013-12-18,2.2810453769819565,1.0,1.0,TQQQ,TQQQ
2013-12-19,2.260537456461211,1.0,1.0,TQQQ,TQQQ
2013-12-20,2.3285717253812064,1.0,1.0,TQQQ,TQQQ
2013-12-23,2.4039034001651447,1.0,1.0,TQQQ,TQQQ
2013-12-24,2.4072561278763223,1.0,1.0,TQQQ,TQQQ
2013-12-26,2.4307216687306674,1.0,1.0,TQQQ,TQQQ
2013-12-27,2.4129731042299523,1.0,1.0,TQQQ,TQQQ
2013-12-30,2.400353829389958,1.0,1.0,TQQQ,TQQQ
2013-12-31,2.4474857810364092,1.0,1.0,TQQQ,TQQQ
2014-01-02,2.390295409381498,1.0,1.0,TQQQ,TQQQ
2014-01-03,2.338234090512381,1.0,1.0,TQQQ,TQQQ
2014-01-06,2.3133863844612916,1.0,1.0,TQQQ,TQQQ
2014-01-07,2.3733368227610128,1.0,1.0,TQQQ,TQQQ
2014-01-08,2.391085150386801,1.0,1.0,TQQQ,TQQQ
2014-01-09,2.3664340505247945,1.0,1.0,TQQQ,TQQQ
2014-01-10,2.3900985663174885,1.0,1.0,TQQQ,TQQQ
2014-01-13,2.2838059173766196,1.0,1.0,TQQQ,TQQQ
2014-01-14,2.4145523493656325,1.0,1.0,TQQQ,TQQQ
2014-01-15,2.470951085015827,1.0,1.0,TQQQ,TQQQ
2014-01-16,2.4760801378016213,1.0,1.0,TQQQ,TQQQ
2014-01-17,2.4321035970524854,1.0,1.0,TQQQ,TQQQ
2014-01-21,2.4865315333133204,1.0,1.0,TQQQ,TQQQ
2014-01-22,2.5096033880396464,1.0,1.0,TQQQ,TQQQ
2014-01-23,2.4794321548880194,1.0,1.0,TQQQ,TQQQ
2014-01-24,2.3325154560342654,1.0,1.0,TQQQ,TQQQ
2014-01-27,2.2646775564284263,1.0,1.0,TQQQ,TQQQ
2014-01-28,2.263888289172976,1.0,1.0,TQQQ,TQQQ
2014-01-29,2.1925020031665827,1.0,1.0,TQQQ,TQQQ
2014-01-30,2.3080633311106076,1.0,1.0,TQQQ,TQQQ
2014-01-31,2.291891642996307,1.0,1.0,TQQQ,TQQQ
2014-02-03,2.140046287544667,1.0,1.0,TQQQ,TQQQ
2014-02-04,2.1818530539660945,1.0,1.0,TQQQ,TQQQ
2014-02-05,2.161737635198735,1.0,1.0,TQQQ,TQQQ
2014-02-06,2.244563085160773,1.0,1.0,TQQQ,TQQQ
2014-02-07,2.3636737470050586,1.0,1.0,TQQQ,TQQQ
2014-02-10,2.4070569160630475,1.0,1.0,TQQQ,TQQQ
2014-02-11,2.4894893905218463,1.0,1.0,TQQQ,TQQQ
2014-02-12,2.5013210562308767,1.0,1.0,TQQQ,TQQQ
2014-02-13,2.5656089113116756,1.0,1.0,TQQQ,TQQQ
2014-02-14,2.573104107739334,1.0,1.0,TQQQ,TQQQ
2014-02-18,2.613332813399714,1.0,1.0,TQQQ,TQQQ
2014-02-19,2.556142441744803,1.0,1.0,TQQQ,TQQQ
2014-02-20,2.5932183421320603,1.0,1.0,TQQQ,TQQQ
2014-02-21,2.579807194412423,1.0,1.0,TQQQ,TQQQ
2014-02-24,2.6251654266084503,1.0,1.0,TQQQ,TQQQ
2014-02-25,2.615699193916505,1.0,1.0,TQQQ,TQQQ
2014-02-26,2.6070210441053767,1.0,1.0,TQQQ,TQQQ
2014-02-27,2.6582947538435295,1.0,1.0,TQQQ,TQQQ
2014-02-28,2.6448845536235983,1.0,1.0,TQQQ,TQQQ
2014-03-03,2.586906572837723,1.0,1.0,TQQQ,TQQQ
2014-03-04,2.7210352914018148,1.0,1.0,SOXL,SOXL
2014-03-05,2.7381308424842885,1.0,1.0,SOXL,SOXL
2014-03-06,2.800591529732517,1.0,1.0,SOXL,SOXL
2014-03-07,2.787442795367855,1.0,1.0,SOXL,SOXL
2014-03-10,2.7696911641723445,1.0,1.0,SOXL,SOXL
2014-03-11,2.725636379425735,1.0,1.0,SOXL,SOXL
2014-03-12,2.794346494611653,1.0,1.0,SOXL,SOXL
2014-03-13,2.654627787435775,1.0,1.0,SOXL,SOXL
2014-03-14,2.6125489950579692,1.0,1.0,SOXL,SOXL
2014-03-17,2.70624157633625,1.0,1.0,SOXL,SOXL
2014-03-18,2.8216323471268634,1.0,1.0,SOXL,SOXL
2014-03-19,2.815384986397092,1.0,1.0,SOXL,SOXL
2014-03-20,2.973842158148428,1.0,1.0,SOXL,SOXL
2014-03-21,2.895600147251718,1.0,1.0,SOXL,SOXL
2014-03-24,2.859765873192796,1.0,1.0,SOXL,SOXL
2014-03-25,2.9189394414501066,1.0,1.0,SOXL,SOXL
2014-03-26,2.830507904323629,1.0,1.0,SOXL,SOXL
2014-03-27,2.760484078505699,1.0,1.0,SOXL,SOXL
2014-03-28,2.8199881416289307,1.0,1.0,SOXL,SOXL
2014-03-31,2.955760807289966,1.0,1.0,SOXL,SOXL
2014-04-01,3.093834275363952,1.0,1.0,SOXL,SOXL
2014-04-02,3.0744386970714976,1.0,1.0,SOXL,SOXL
2014-04-03,3.0928482171869733,1.0,1.0,SOXL,SOXL
2014-04-04,2.8328099987415283,1.0,1.0,SOXL,SOXL
2014-04-07,2.7545677294438287,1.0,1.0,SOXL,SOXL
2014-04-08,2.85779349843785,1.0,1.0,SOXL,SOXL
2014-04-09,2.9498434246241363,1.0,1.0,SOXL,SOXL
2014-04-10,2.6779701824460416,1.0,1.0,SOXL,SOXL
2014-04-11,2.550087015804793,1.0,1.0,SOXL,SOXL
2014-04-14,2.6099200233880073,1.0,1.0,SOXL,SOXL
2014-04-15,2.663833322696483,1.0,1.0,SOXL,SOXL
2014-04-16,2.6483824939139224,1.0,1.0,SOXL,SOXL
2014-04-17,2.8012501938554526,1.0,1.0,SOXL,SOXL
2014-04-21,2.8752182523812966,1.0,1.0,SOXL,SOXL
2014-04-22,2.957403462381962,1.0,1.0,SOXL,SOXL
2014-04-23,2.945240786194278,1.0,1.0,SOXL,SOXL
2014-04-24,2.990936675626944,1.0,1.0,SOXL,SOXL
2014-04-25,2.7016402299113422,1.0,1.0,SOXL,SOXL
2014-04-28,2.6523272434238168,1.0,1.0,SOXL,SOXL
2014-04-29,2.700654688536343,1.0,1.0,SOXL,SOXL
2014-04-30,2.7552248431608253,1.0,1.0,SOXL,SOXL
2014-05-01,2.7279392490466043,1.0,1.0,SOXL,SOXL
2014-05-02,2.7443758776051537,1.0,1.0,SOXL,SOXL
2014-05-05,2.757526162375754,1.0,1.0,SOXL,SOXL
2014-05-06,2.7246505796497473,1.0,1.0,SOXL,SOXL
2014-05-07,2.729911623801551,1.0,1.0,SOXL,SOXL
2014-05-08,2.7857975562659636,1.0,1.0,SOXL,SOXL
2014-05-09,2.763115375784571,1.0,1.0,SOXL,SOXL
2014-05-12,2.9126956983341934,1.0,1.0,SOXL,SOXL
2014-05-13,2.84826082752409,1.0,1.0,SOXL,SOXL
2014-05-14,2.775608546838176,1.0,1.0,SOXL,SOXL
2014-05-15,2.6782973180990965,1.0,1.0,SOXL,SOXL
2014-05-16,2.7575261623757545,1.0,1.0,SOXL,SOXL
2014-05-19,2.845958733106191,1.0,1.0,SOXL,SOXL
2014-05-20,2.805852057082342,1.0,1.0,SOXL,SOXL
2014-05-21,2.846287935967163,1.0,1.0,SOXL,SOXL
2014-05-22,2.888038300686966,1.0,1.0,SOXL,SOXL
2014-05-23,2.9656231978666803,1.0,1.0,SOXL,SOXL
2014-05-27,3.079040301897398,1.0,1.0,SOXL,SOXL
2014-05-28,3.088902950875101,1.0,1.0,SOXL,SOXL
2014-05-29,3.107970101509552,1.0,1.0,SOXL,SOXL
2014-05-30,3.1207922170231397,1.0,1.0,SOXL,SOXL
2014-06-02,3.171417363736739,1.0,1.0,SOXL,SOXL
2014-06-03,3.2608380598520723,1.0,1.0,SOXL,SOXL
2014-06-04,3.305218688246787,1.0,1.0,SOXL,SOXL
2014-06-05,3.350913027273514,1.0,1.0,SOXL,SOXL
2014-06-06,3.4008844194829844,1.0,1.0,SOXL,SOXL
2014-06-09,3.4252105470613206,1.0,1.0,SOXL,SOXL
2014-06-10,3.4593985484143905,1.0,1.0,SOXL,SOXL
2014-06-11,3.5096978514798844,1.0,1.0,SOXL,SOXL
2014-06-12,3.4732067221049565,1.0,1.0,SOXL,SOXL
2014-06-13,3.5718306278720893,1.0,1.0,SOXL,SOXL
2014-06-16,3.6385670762981115,1.0,1.0,SOXL,SOXL
2014-06-17,3.7204261842496815,1.0,1.0,SOXL,SOXL
2014-06-18,3.6757145441870662,1.0,1.0,SOXL,SOXL
2014-06-19,3.6859074296297005,1.0,1.0,SOXL,SOXL
2014-06-20,3.718123314628813,1.0,1.0,SOXL,SOXL
2014-06-23,3.677030580427986,1.0,1.0,SOXL,SOXL
2014-06-24,3.595173798085324,1.0,1.0,SOXL,SOXL
2014-06-25,3.6339639210662735,1.0,1.0,SOXL,SOXL
2014-06-26,3.5876111763176017,1.0,1.0,SOXL,SOXL
2014-06-27,3.6047056937961166,1.0,1.0,SOXL,SOXL
2014-06-30,3.7174667177137977,1.0,1.0,SOXL,SOXL
2014-07-01,3.870661553308382,1.0,1.0,SOXL,SOXL
2014-07-02,3.8999213309844776,1.0,1.0,SOXL,SOXL
2014-07-03,3.9784907359352317,1.0,1.0,SOXL,SOXL
2014-07-07,3.8953179173516497,1.0,1.0,SOXL,SOXL
2014-07-08,3.836473035153332,1.0,1.0,SOXL,SOXL
2014-07-09,3.903206899569457,1.0,1.0,SOXL,SOXL
2014-07-10,3.8469925394470414,1.0,1.0,SOXL,SOXL
2014-07-11,3.854554386011795,1.0,1.0,SOXL,SOXL
2014-07-14,3.9064960857682935,1.0,1.0,SOXL,SOXL
2014-07-15,3.875593394599213,1.0,1.0,SOXL,SOXL
2014-07-16,4.009721596361326,1.0,1.0,SOXL,SOXL
2014-07-17,3.700041446968373,1.0,1.0,SOXL,SOXL
2014-07-18,3.845018614286157,1.0,1.0,SOXL,SOXL
2014-07-21,3.8765794527761925,1.0,1.0,SOXL,SOXL
2014-07-22,3.9505469945000575,1.0,1.0,SOXL,SOXL
2014-07-23,3.6776884693479532,1.0,1.0,SOXL,SOXL
2014-07-24,3.584651709781719,1.0,1.0,SOXL,SOXL
2014-07-25,3.3689954117359378,1.0,1.0,SOXL,SOXL
2014-07-28,3.358145670977297,1.0,1.0,SOXL,SOXL
2014-07-29,3.342695617397706,1.0,1.0,SOXL,SOXL
2014-07-30,3.441319781565828,1.0,1.0,SOXL,SOXL
2014-07-31,3.207908234710679,1.0,1.0,SOXL,SOXL
2014-08-01,3.2559072521652026,1.0,1.0,SOXL,SOXL
2014-08-04,3.322589557074641,1.0,1.0,TQQQ,TQQQ
2014-08-05,3.244792764641208,1.0,1.0,TQQQ,TQQQ
2014-08-06,3.2392364192581473,1.0,1.0,TQQQ,TQQQ
2014-08-07,3.2080331519928547,1.0,1.0,TQQQ,TQQQ
2014-08-08,3.2764246869991105,1.0,1.0,TQQQ,TQQQ
2014-08-11,3.3358396196707973,1.0,1.0,TQQQ,TQQQ
2014-08-12,3.32814538909831,1.0,1.0,TQQQ,TQQQ
2014-08-13,3.4362932722057407,1.0,1.0,TQQQ,TQQQ
2014-08-14,3.489296602746718,1.0,1.0,TQQQ,TQQQ
2014-08-15,3.536743331224938,1.0,1.0,TQQQ,TQQQ
2014-08-18,3.6222343542308586,1.0,1.0,TQQQ,TQQQ
2014-08-19,3.6846411454411396,1.0,1.0,TQQQ,TQQQ
2014-08-20,3.6846411454411396,1.0,1.0,TQQQ,TQQQ
2014-08-21,3.705587748727048,1.0,1.0,TQQQ,TQQQ
2014-08-22,3.7201204397649805,1.0,1.0,TQQQ,TQQQ
2014-08-25,3.7615824244472265,1.0,1.0,TQQQ,TQQQ
2014-08-26,3.774406912107127,1.0,1.0,TQQQ,TQQQ
2014-08-27,3.7748347971606475,1.0,1.0,TQQQ,TQQQ
2014-08-28,3.7594463360156727,1.0,1.0,TQQQ,TQQQ
2014-08-29,3.8034740909408655,1.0,1.0,TQQQ,TQQQ
2014-09-02,3.8351057566190714,1.0,1.0,TQQQ,TQQQ
2014-09-03,3.7692761416603204,1.0,1.0,TQQQ,TQQQ
2014-09-04,3.757308707505942,1.0,1.0,TQQQ,TQQQ
2014-09-05,3.8154417817749393,1.0,1.0,TQQQ,TQQQ
2014-09-08,3.8346771015264607,1.0,1.0,TQQQ,TQQQ
2014-09-09,3.7414936447059266,1.0,1.0,TQQQ,TQQQ
2014-09-10,3.8282654993957506,1.0,1.0,TQQQ,TQQQ
2014-09-11,3.825273897536852,1.0,1.0,TQQQ,TQQQ
2014-09-12,3.765003194758124,1.0,1.0,TQQQ,TQQQ
2014-09-15,3.6517294181181152,1.0,1.0,TQQQ,TQQQ
2014-09-16,3.7504705037201913,1.0,1.0,TQQQ,TQQQ
2014-09-17,3.7688505667240646,1.0,1.0,TQQQ,TQQQ
2014-09-18,3.850065562671436,1.0,1.0,TQQQ,TQQQ
2014-09-19,3.841517615429477,1.0,1.0,TQQQ,TQQQ
2014-09-22,3.7372181310067707,1.0,1.0,TQQQ,TQQQ
2014-09-23,3.7047324919793967,1.0,1.0,TQQQ,TQQQ
2014-09-24,3.824847295881813,1.0,1.0,TQQQ,TQQQ
2014-09-25,3.582052687873121,1.0,1.0,TQQQ,TQQQ
2014-09-26,3.6966116597518694,1.0,1.0,TQQQ,TQQQ
2014-09-29,3.6842150571454897,1.0,1.0,TQQQ,TQQQ
2014-09-30,3.6978942881936465,1.0,1.0,TQQQ,TQQQ
2014-10-01,3.520928525104617,1.0,1.0,TQQQ,TQQQ
2014-10-02,3.5192180116093192,1.0,1.0,TQQQ,TQQQ
2014-10-03,3.6252259560897544,1.0,1.0,TQQQ,TQQQ
2014-10-06,3.6004345476348676,1.0,1.0,TQQQ,TQQQ
2014-10-07,3.448260449680421,1.0,1.0,TQQQ,TQQQ
2014-10-08,3.647453391059567,1.0,1.0,TQQQ,TQQQ
2014-10-09,3.465786539335126,1.0,1.0,TQQQ,TQQQ
2014-10-10,3.206322125138163,1.0,1.0,TQQQ,TQQQ
2014-10-13,3.0562856556934466,1.0,1.0,TQQQ,TQQQ
2014-10-14,3.0618437978343804,1.0,1.0,TQQQ,TQQQ
2014-10-15,2.9964438646870235,1.0,1.0,TQQQ,TQQQ
2014-10-16,2.9498508528782756,1.0,1.0,TQQQ,TQQQ
2014-10-17,3.0652622580280147,1.0,1.0,TQQQ,TQQQ
2014-10-20,3.197345266123898,1.0,1.0,TQQQ,TQQQ
2014-10-21,3.4474054496124675,1.0,1.0,TQQQ,TQQQ
2014-10-22,3.3939747473773623,1.0,1.0,TQQQ,TQQQ
2014-10-23,3.5491399338313148,1.0,1.0,TQQQ,TQQQ
2014-10-24,3.6307825581525104,1.0,1.0,TQQQ,TQQQ
2014-10-27,3.644461532520971,1.0,1.0,TQQQ,TQQQ
2014-10-28,3.8073209495474107,1.0,1.0,TQQQ,TQQQ
2014-10-29,3.761582424447223,1.0,1.0,TQQQ,TQQQ
2014-10-30,3.7850942846166857,1.0,1.0,TQQQ,TQQQ
2014-10-31,3.941112931060414,1.0,1.0,TQQQ,TQQQ
2014-11-03,3.9817217124325803,1.0,1.0,TQQQ,TQQQ
2014-11-04,3.939403957643293,1.0,1.0,TQQQ,TQQQ
2014-11-05,3.9389773559882535,1.0,1.0,TQQQ,TQQQ
2014-11-06,3.9727448534183165,1.0,1.0,TQQQ,TQQQ
2014-11-07,3.9629122242970105,1.0,1.0,TQQQ,TQQQ
2014-11-10,4.00352151902857,1.0,1.0,TQQQ,TQQQ
2014-11-11,4.041565300196877,1.0,1.0,TQQQ,TQQQ
2014-11-12,4.0637927351666905,1.0,1.0,TQQQ,TQQQ
2014-11-13,4.115942349038195,1.0,1.0,TQQQ,TQQQ
2014-11-14,4.153984846808022,1.0,1.0,TQQQ,TQQQ
2014-11-17,4.11508683561085,1.0,1.0,TQQQ,TQQQ
2014-11-18,4.207416062402519,1.0,1.0,TQQQ,TQQQ
2014-11-19,4.153984846808021,1.0,1.0,TQQQ,TQQQ
2014-11-20,4.209124779139944,1.0,1.0,TQQQ,TQQQ
2014-11-21,4.239475869813941,1.0,1.0,TQQQ,TQQQ
2014-11-24,4.3352261235962075,1.0,1.0,TQQQ,TQQQ
2014-11-25,4.349331186260316,1.0,1.0,TQQQ,TQQQ
2014-11-26,4.438240412780174,1.0,1.0,TQQQ,TQQQ
2014-11-28,4.504497142753356,1.0,1.0,TQQQ,TQQQ
2014-12-01,4.338217468775409,1.0,1.0,TQQQ,TQQQ
2014-12-02,4.38480894050598,1.0,1.0,TQQQ,TQQQ
2014-12-03,4.424561951771106,1.0,1.0,TQQQ,TQQQ
2014-12-04,4.411312145854646,1.0,1.0,TQQQ,TQQQ
2014-12-05,4.414302977674456,1.0,1.0,TQQQ,TQQQ
2014-12-08,4.318981892344191,1.0,1.0,TQQQ,TQQQ
2014-12-09,4.3608730454784395,1.0,1.0,TQQQ,TQQQ
2014-12-10,4.149710616507346,1.0,1.0,TQQQ,TQQQ
2014-12-11,4.214684461359056,1.0,1.0,TQQQ,TQQQ
2014-12-12,4.075333824345725,1.0,1.0,TQQQ,TQQQ
2014-12-15,3.953082675332059,1.0,1.0,TQQQ,TQQQ
2014-12-16,3.7568823625305963,1.0,1.0,TQQQ,TQQQ
2014-12-17,3.9586392773948167,1.0,1.0,TQQQ,TQQQ
2014-12-18,4.248878817123855,1.0,1.0,TQQQ,TQQQ
2014-12-19,4.296325545602075,1.0,1.0,TQQQ,TQQQ
2014-12-22,4.335958687449088,1.0,1.0,TQQQ,TQQQ
2014-12-23,4.294487205618084,1.0,1.0,TQQQ,TQQQ
2014-12-24,4.3034658613902215,1.0,1.0,TQQQ,TQQQ
2014-12-26,4.390680745235641,1.0,1.0,TQQQ,TQQQ
2014-12-29,4.391535488623898,1.0,1.0,TQQQ,TQQQ
2014-12-30,4.300900604506667,1.0,1.0,TQQQ,TQQQ
2014-12-31,4.166230008393662,1.0,1.0,TQQQ,TQQQ
2015-01-02,4.132029235636459,1.0,1.0,TQQQ,TQQQ
2015-01-05,3.946055555289928,1.0,1.0,TQQQ,TQQQ
2015-01-06,3.789581815744884,1.0,1.0,TQQQ,TQQQ
2015-01-07,3.9353661293427957,1.0,1.0,TQQQ,TQQQ
2015-01-08,4.159816866184776,1.0,1.0,TQQQ,TQQQ
2015-01-09,4.075596150995216,1.0,1.0,TQQQ,TQQQ
2015-01-12,3.9503302989499964,1.0,1.0,TQQQ,TQQQ
2015-01-13,3.9469095286390967,1.0,1.0,TQQQ,TQQQ
2015-01-14,3.886201443658089,1.0,1.0,TQQQ,TQQQ
2015-01-15,3.7318658459821683,1.0,1.0,TQQQ,TQQQ
2015-01-16,3.8648249018810907,1.0,1.0,TQQQ,TQQQ
2015-01-20,3.9503302989499964,1.0,1.0,TQQQ,TQQQ
2015-01-21,4.011038897290396,1.0,1.0,TQQQ,TQQQ
2015-01-22,4.23420751904999,1.0,1.0,TQQQ,TQQQ
2015-01-23,4.262423804690916,1.0,1.0,TQQQ,TQQQ
2015-01-26,4.253017520544954,1.0,1.0,TQQQ,TQQQ
2015-01-27,3.923822730046496,1.0,1.0,TQQQ,TQQQ
2015-01-28,3.856275927920347,1.0,1.0,TQQQ,TQQQ
2015-01-29,3.9678594687610556,1.0,1.0,TQQQ,TQQQ
2015-01-30,3.8767969562700006,1.0,1.0,TQQQ,TQQQ
2015-02-02,3.9785468412706186,1.0,1.0,TQQQ,TQQQ
2015-02-03,4.193223487139097,1.0,1.0,SOXL,SOXL
2015-02-04,4.243371317932386,1.0,1.0,SOXL,SOXL
2015-02-05,4.359467173311609,1.0,1.0,SOXL,SOXL
2015-02-06,4.293518338805447,1.0,1.0,SOXL,SOXL
2015-02-09,4.153035515370125,1.0,1.0,SOXL,SOXL
2015-02-10,4.573799873056348,1.0,1.0,SOXL,SOXL
2015-02-11,4.619827099700008,1.0,1.0,SOXL,SOXL
2015-02-12,4.842746303734795,1.0,1.0,SOXL,SOXL
2015-02-13,4.945789754683553,1.0,1.0,SOXL,SOXL
2015-02-17,4.995251043096413,1.0,1.0,SOXL,SOXL
2015-02-18,4.94613532064775,1.0,1.0,SOXL,SOXL
2015-02-19,4.991473035203474,1.0,1.0,SOXL,SOXL
2015-02-20,5.080434673111236,1.0,1.0,SOXL,SOXL
2015-02-23,4.979452739117637,1.0,1.0,SOXL,SOXL
2015-02-24,5.181075360715194,1.0,1.0,SOXL,SOXL
2015-02-25,5.094175239762589,1.0,1.0,SOXL,SOXL
2015-02-26,5.197561556941449,1.0,1.0,SOXL,SOXL
2015-02-27,5.160121104561246,1.0,1.0,SOXL,SOXL
2015-03-02,5.588787583944362,1.0,1.0,SOXL,SOXL
2015-03-03,5.265916124499916,1.0,1.0,SOXL,SOXL
2015-03-04,5.257326650502364,1.0,1.0,SOXL,SOXL
2015-03-05,5.262136496766519,1.0,1.0,SOXL,SOXL
2015-03-06,5.103448286433066,1.0,1.0,SOXL,SOXL
2015-03-09,5.148101348422227,1.0,1.0,SOXL,SOXL
2015-03-10,4.857516009023269,1.0,1.0,SOXL,SOXL
2015-03-11,4.898388903332214,1.0,1.0,SOXL,SOXL
2015-03-12,4.892206512254017,1.0,1.0,SOXL,SOXL
2015-03-13,4.993188986194436,1.0,1.0,SOXL,SOXL
2015-03-16,5.2130191544774,1.0,1.0,SOXL,SOXL
2015-03-17,5.102076821512663,1.0,1.0,SOXL,SOXL
2015-03-18,5.214049912954978,1.0,1.0,SOXL,SOXL
2015-03-19,5.252176097795382,1.0,1.0,SOXL,SOXL
2015-03-20,5.482650777669227,1.0,1.0,SOXL,SOXL
2015-03-23,5.329114739883211,1.0,1.0,SOXL,SOXL
2015-03-24,5.192754410411386,1.0,1.0,SOXL,SOXL
2015-03-25,4.481403903405976,1.0,1.0,SOXL,SOXL
2015-03-26,4.2966095343445465,1.0,1.0,SOXL,SOXL
2015-03-27,4.6493665102769555,1.0,1.0,SOXL,SOXL
2015-03-30,4.843090249858533,1.0,1.0,SOXL,SOXL
2015-03-31,4.672721909935247,1.0,1.0,SOXL,SOXL
2015-04-01,4.584792110398702,1.0,1.0,SOXL,SOXL
2015-04-02,4.59249112745107,1.0,1.0,TQQQ,TQQQ
2015-04-06,4.702977812317904,1.0,1.0,TQQQ,TQQQ
2015-04-07,4.6812426732938555,1.0,1.0,TQQQ,TQQQ
2015-04-08,4.7926362122277295,1.0,1.0,TQQQ,TQQQ
2015-04-09,4.881842816136529,1.0,1.0,TQQQ,TQQQ
2015-04-10,4.940256070223349,1.0,1.0,TQQQ,TQQQ
2015-04-13,4.903578498838076,1.0,1.0,TQQQ,TQQQ
2015-04-14,4.86146469614805,1.0,1.0,TQQQ,TQQQ
2015-04-15,4.947499485532204,1.0,1.0,TQQQ,TQQQ
2015-04-16,4.930292092713374,1.0,1.0,TQQQ,TQQQ
2015-04-17,4.699809259858248,1.0,1.0,TQQQ,TQQQ
2015-04-20,4.909916691112387,1.0,1.0,TQQQ,TQQQ
2015-04-21,4.972858778759423,1.0,1.0,TQQQ,TQQQ
2015-04-22,5.053460055226313,1.0,1.0,TQQQ,TQQQ
2015-04-23,5.114138813448236,1.0,1.0,TQQQ,TQQQ
2015-04-24,5.314283898224896,1.0,1.0,TQQQ,TQQQ
2015-04-27,5.2803230832982555,1.0,1.0,TQQQ,TQQQ
2015-04-28,5.245909385015594,1.0,1.0,TQQQ,TQQQ
2015-04-29,5.145835211594769,1.0,1.0,TQQQ,TQQQ
2015-04-30,4.904028663806607,1.0,1.0,TQQQ,TQQQ
2015-05-01,5.102364933546672,1.0,1.0,TQQQ,TQQQ
2015-05-04,5.120477549400046,1.0,1.0,TQQQ,TQQQ
2015-05-05,4.877765778577338,1.0,1.0,TQQQ,TQQQ
2015-05-06,4.773617829662312,1.0,1.0,TQQQ,TQQQ
2015-05-07,4.8555766688422715,1.0,1.0,TQQQ,TQQQ
2015-05-08,5.033534274916358,1.0,1.0,TQQQ,TQQQ
2015-05-11,4.978292835354184,1.0,1.0,TQQQ,TQQQ
2015-05-12,4.913991553961585,1.0,1.0,TQQQ,TQQQ
2015-05-13,4.939349216156309,1.0,1.0,TQQQ,TQQQ
2015-05-14,5.158060887497361,1.0,1.0,TQQQ,TQQQ
2015-05-15,5.157608547818837,1.0,1.0,TQQQ,TQQQ
2015-05-18,5.221001344111902,1.0,1.0,TQQQ,TQQQ
2015-05-19,5.206058911750679,1.0,1.0,TQQQ,TQQQ
2015-05-20,5.214664782870087,1.0,1.0,TQQQ,TQQQ
2015-05-21,5.296624165727544,1.0,1.0,TQQQ,TQQQ
2015-05-22,5.28213244201235,1.0,1.0,TQQQ,TQQQ
2015-05-26,5.099195293732018,1.0,1.0,TQQQ,TQQQ
2015-05-27,5.344620558948368,1.0,1.0,TQQQ,TQQQ
2015-05-28,5.305227318459461,1.0,1.0,TQQQ,TQQQ
2015-05-29,5.215568918549637,1.0,1.0,TQQQ,TQQQ
2015-06-01,5.261303069700345,1.0,1.0,TQQQ,TQQQ
2015-06-02,5.213305589124524,1.0,1.0,TQQQ,TQQQ
2015-06-03,5.259038652920236,1.0,1.0,TQQQ,TQQQ
2015-06-04,5.144476561526705,1.0,1.0,TQQQ,TQQQ
2015-06-05,5.10553294232883,1.0,1.0,TQQQ,TQQQ
2015-06-08,4.949309931601294,1.0,1.0,TQQQ,TQQQ
2015-06-09,4.924858579796112,1.0,1.0,TQQQ,TQQQ
2015-06-10,5.120024122366527,1.0,1.0,TQQQ,TQQQ
2015-06-11,5.1480996283748786,1.0,1.0,TQQQ,TQQQ
2015-06-12,5.017232648809572,1.0,1.0,TQQQ,TQQQ
2015-06-15,4.947952912565724,1.0,1.0,TQQQ,TQQQ
2015-06-16,5.023574646826369,1.0,1.0,TQQQ,TQQQ
2015-06-17,5.065686274806403,1.0,1.0,TQQQ,TQQQ
2015-06-18,5.279870199942235,1.0,1.0,TQQQ,TQQQ
2015-06-19,5.199266205087854,1.0,1.0,TQQQ,TQQQ
2015-06-22,5.324698584380901,1.0,1.0,TQQQ,TQQQ
2015-06-23,5.337828939640539,1.0,1.0,TQQQ,TQQQ
2015-06-24,5.2558695567830815,1.0,1.0,TQQQ,TQQQ
2015-06-25,5.221456945855416,1.0,1.0,TQQQ,TQQQ
2015-06-26,5.124551324894249,1.0,1.0,TQQQ,TQQQ
2015-06-29,4.762298464149263,1.0,1.0,TQQQ,TQQQ
2015-06-30,4.816635768031888,1.0,1.0,TQQQ,TQQQ
2015-07-01,4.9153496603521525,1.0,1.0,TQQQ,TQQQ
2015-07-02,4.93391461588405,1.0,1.0,TQQQ,TQQQ
2015-07-06,4.892254783905042,1.0,1.0,TQQQ,TQQQ
2015-07-07,4.917162281131236,1.0,1.0,TQQQ,TQQQ
2015-07-08,4.670826356105359,1.0,1.0,TQQQ,TQQQ
2015-07-09,4.657243661167198,1.0,1.0,TQQQ,TQQQ
2015-07-10,4.873692003083138,1.0,1.0,TQQQ,TQQQ
2015-07-13,5.12274087882516,1.0,1.0,TQQQ,TQQQ
2015-07-14,5.225531265027117,1.0,1.0,TQQQ,TQQQ
2015-07-15,5.250437131220816,1.0,1.0,TQQQ,TQQQ
2015-07-16,5.455564476591212,1.0,1.0,TQQQ,TQQQ
2015-07-17,5.705067866721749,1.0,1.0,TQQQ,TQQQ
2015-07-20,5.7689146337258315,1.0,1.0,TQQQ,TQQQ
2015-07-21,5.753065890975067,1.0,1.0,TQQQ,TQQQ
2015-07-22,5.564239084356462,1.0,1.0,TQQQ,TQQQ
2015-07-23,5.497676104571246,1.0,1.0,TQQQ,TQQQ
2015-07-24,5.3414525501662125,1.0,1.0,TQQQ,TQQQ
2015-07-27,5.204250096714087,1.0,1.0,TQQQ,TQQQ
2015-07-28,5.341452550166212,1.0,1.0,TQQQ,TQQQ
2015-07-29,5.401224454321096,1.0,1.0,TQQQ,TQQQ
2015-07-30,5.476392217870723,1.0,1.0,TQQQ,TQQQ
2015-07-31,5.459638252085414,1.0,1.0,TQQQ,TQQQ
2015-08-03,5.409376354729486,1.0,1.0,TQQQ,TQQQ
2015-08-04,5.374507598380809,1.0,1.0,TQQQ,TQQQ
2015-08-05,5.500392861029877,1.0,1.0,TQQQ,TQQQ
2015-08-06,5.236399378216641,1.0,1.0,TQQQ,TQQQ
2015-08-07,5.215568918549638,1.0,1.0,TQQQ,TQQQ
2015-08-10,5.391714447522141,1.0,1.0,TQQQ,TQQQ
2015-08-11,5.186137480860713,1.0,1.0,TQQQ,TQQQ
2015-08-12,5.231869457301428,1.0,1.0,TQQQ,TQQQ
2015-08-13,5.2083227848532925,1.0,1.0,TQQQ,TQQQ
2015-08-14,5.236399378216641,1.0,1.0,TQQQ,TQQQ
2015-08-17,5.364999222614348,1.0,1.0,TQQQ,TQQQ
2015-08-18,5.27941622923122,1.0,1.0,TQQQ,TQQQ
2015-08-19,5.180248909877435,1.0,1.0,TQQQ,TQQQ
2015-08-20,4.753693680384854,1.0,1.0,TQQQ,TQQQ
2015-08-21,4.162312015594072,1.0,1.0,TQQQ,TQQQ
2015-08-24,4.162312015594072,0.0,0.0,CASH,TQQQ
2015-08-25,4.162312015594072,0.0,0.0,CASH,SOXL
2015-08-26,4.162312015594072,0.0,0.0,CASH,TQQQ
2015-08-27,4.162312015594072,0.0,0.0,CASH,TQQQ
2015-08-28,4.162312015594072,0.0,0.0,CASH,TQQQ
2015-08-31,4.162312015594072,0.0,0.0,CASH,TQQQ
2015-09-01,4.162312015594072,0.0,0.0,CASH,TQQQ
2015-09-02,4.162312015594072,0.0,0.0,CASH,TQQQ
2015-09-03,4.162312015594072,0.0,0.0,CASH,TQQQ
2015-09-04,4.162312015594072,0.0,0.0,CASH,TQQQ
2015-09-08,4.162312015594072,0.0,0.0,CASH,TQQQ
2015-09-09,4.162312015594072,0.0,0.0,CASH,TQQQ
2015-09-10,4.162312015594072,0.0,0.0,CASH,TQQQ
2015-09-11,4.162312015594072,0.0,0.0,CASH,TQQQ
2015-09-14,4.162312015594072,0.0,0.0,CASH,TQQQ
2015-09-15,4.162312015594072,0.0,0.0,CASH,TQQQ
2015-09-16,4.162312015594072,0.0,0.0,CASH,TQQQ
2015-09-17,4.162312015594072,0.0,0.0,CASH,TQQQ
2015-09-18,4.162312015594072,0.0,0.0,CASH,TQQQ
2015-09-21,4.162312015594072,0.0,0.0,CASH,TQQQ
2015-09-22,4.162312015594072,0.0,0.0,CASH,TQQQ
2015-09-23,4.162312015594072,0.0,0.0,CASH,TQQQ
2015-09-24,4.162312015594072,0.0,0.0,CASH,TQQQ
2015-09-25,4.162312015594072,0.0,0.0,CASH,TQQQ
2015-09-28,4.162312015594072,0.0,0.0,CASH,TQQQ
2015-09-29,4.162312015594072,0.0,0.0,CASH,TQQQ
2015-09-30,4.162312015594072,0.0,0.0,CASH,TQQQ
2015-10-01,4.162312015594072,0.0,0.0,CASH,TQQQ
2015-10-02,4.162312015594072,0.0,0.0,CASH,TQQQ
2015-10-05,4.162312015594072,0.0,0.0,CASH,TQQQ
2015-10-06,4.162312015594072,0.0,0.0,CASH,TQQQ
2015-10-07,4.162312015594072,0.0,0.0,CASH,TQQQ
2015-10-08,4.162312015594072,0.0,0.0,CASH,TQQQ
2015-10-09,4.162312015594072,0.0,0.0,CASH,TQQQ
2015-10-12,4.162312015594072,0.0,0.0,CASH,TQQQ
2015-10-13,4.162312015594072,0.0,0.0,CASH,TQQQ
2015-10-14,4.162312015594072,0.0,0.0,CASH,TQQQ
2015-10-15,4.162312015594072,0.0,0.0,CASH,TQQQ
2015-10-16,4.162312015594072,0.0,0.0,CASH,TQQQ
2015-10-19,4.162312015594072,0.0,0.0,CASH,TQQQ
2015-10-20,4.162312015594072,0.0,0.0,CASH,TQQQ
2015-10-21,4.162312015594072,0.0,0.0,CASH,TQQQ
2015-10-22,4.162312015594072,0.0,0.0,CASH,TQQQ
2015-10-23,4.162312015594072,0.0,0.0,CASH,TQQQ
2015-10-26,4.174670912082687,1.0,1.0,TQQQ,TQQQ
2015-10-27,4.201860738725706,1.0,1.0,TQQQ,TQQQ
2015-10-28,4.299314656553895,1.0,1.0,TQQQ,TQQQ
2015-10-29,4.28342597918698,1.0,1.0,TQQQ,TQQQ
2015-10-30,4.224810673636336,1.0,1.0,TQQQ,TQQQ
2015-11-02,4.368874572139872,1.0,1.0,TQQQ,TQQQ
2015-11-03,4.410541757323976,1.0,1.0,TQQQ,TQQQ
2015-11-04,4.41230579986957,1.0,1.0,TQQQ,TQQQ
2015-11-05,4.373466339698468,1.0,1.0,TQQQ,TQQQ
2015-11-06,4.387942002452438,1.0,1.0,TQQQ,TQQQ
2015-11-09,4.24670413317479,1.0,1.0,TQQQ,TQQQ
2015-11-10,4.216689549146217,1.0,1.0,TQQQ,TQQQ
2015-11-11,4.197975266500192,1.0,1.0,TQQQ,TQQQ
2015-11-12,4.076156703361316,1.0,1.0,TQQQ,TQQQ
2015-11-13,3.8364046253622983,1.0,1.0,TQQQ,TQQQ
2015-11-16,3.9963572012327493,1.0,1.0,TQQQ,TQQQ
2015-11-17,4.01012868838753,1.0,1.0,TQQQ,TQQQ
2015-11-18,4.239995599350837,1.0,1.0,TQQQ,TQQQ
2015-11-19,4.246350561561469,1.0,1.0,TQQQ,TQQQ
2015-11-20,4.330740559408294,1.0,1.0,TQQQ,TQQQ
2015-11-23,4.295782755941699,1.0,1.0,TQQQ,TQQQ
2015-11-24,4.282366536187352,1.0,1.0,TQQQ,TQQQ
2015-11-25,4.291900251343635,1.0,1.0,TQQQ,TQQQ
2015-11-27,4.307434509203673,1.0,1.0,TQQQ,TQQQ
2015-11-30,4.2802476501881035,1.0,1.0,TQQQ,TQQQ
2015-12-01,4.407363428325102,1.0,1.0,TQQQ,TQQQ
2015-12-02,4.327209930636437,1.0,1.0,TQQQ,TQQQ
2015-12-03,4.10652401110965,1.0,1.0,TQQQ,TQQQ
2015-12-04,4.388648297785519,1.0,1.0,TQQQ,TQQQ
2015-12-07,4.334977059566455,1.0,1.0,TQQQ,TQQQ
2015-12-08,4.335330631179775,1.0,1.0,TQQQ,TQQQ
2015-12-09,4.133359418245792,1.0,1.0,TQQQ,TQQQ
2015-12-10,4.191972604062543,1.0,1.0,TQQQ,TQQQ
2015-12-11,3.9045519502821096,1.0,1.0,TQQQ,TQQQ
2015-12-14,3.992120701074587,1.0,1.0,TQQQ,TQQQ
2015-12-15,4.0599144543810795,1.0,1.0,TQQQ,TQQQ
2015-12-16,4.239288032177417,1.0,1.0,TQQQ,TQQQ
2015-12-17,4.062739635713411,1.0,1.0,TQQQ,TQQQ
2015-12-18,3.839581682520835,1.0,1.0,TQQQ,TQQQ
2015-12-21,3.953631420942578,1.0,1.0,TQQQ,TQQQ
2015-12-22,4.028488975473456,1.0,1.0,TQQQ,TQQQ
2015-12-23,4.120648221984194,1.0,1.0,TQQQ,TQQQ
2015-12-24,4.112173101933978,1.0,1.0,TQQQ,TQQQ
2015-12-28,4.111114082881133,1.0,1.0,TQQQ,TQQQ
2015-12-29,4.298608785167588,1.0,1.0,TQQQ,TQQQ
2015-12-30,4.188794275063671,1.0,1.0,TQQQ,TQQQ
2015-12-31,4.033433890698594,1.0,1.0,TQQQ,TQQQ
2016-01-04,3.7869711591417317,1.0,1.0,TQQQ,TQQQ
2016-01-05,3.75307279867476,1.0,1.0,TQQQ,TQQQ
2016-01-06,3.652440551847699,1.0,1.0,TQQQ,TQQQ
2016-01-07,3.3049926377706242,1.0,1.0,TQQQ,TQQQ
2016-01-08,3.3049926377706242,0.0,0.0,CASH,TQQQ
2016-01-11,3.3049926377706242,0.0,0.0,CASH,TQQQ
2016-01-12,3.3049926377706242,0.0,0.0,CASH,TQQQ
2016-01-13,3.3049926377706242,0.0,0.0,CASH,TQQQ
2016-01-14,3.3049926377706242,0.0,0.0,CASH,TQQQ
2016-01-15,3.3049926377706242,0.0,0.0,CASH,TQQQ
2016-01-19,3.3049926377706242,0.0,0.0,CASH,TQQQ
2016-01-20,3.3049926377706242,0.0,0.0,CASH,TQQQ
2016-01-21,3.3049926377706242,0.0,0.0,CASH,TQQQ
2016-01-22,3.3049926377706242,0.0,0.0,CASH,TQQQ
2016-01-25,3.3049926377706242,0.0,0.0,CASH,TQQQ
2016-01-26,3.3049926377706242,0.0,0.0,CASH,TQQQ
2016-01-27,3.3049926377706242,0.0,0.0,CASH,TQQQ
2016-01-28,3.3049926377706242,0.0,0.0,CASH,TQQQ
2016-01-29,3.3049926377706242,0.0,0.0,CASH,TQQQ
2016-02-01,3.3049926377706242,0.0,0.0,CASH,TQQQ
2016-02-02,3.3049926377706242,0.0,0.0,CASH,TQQQ
2016-02-03,3.3049926377706242,0.0,0.0,CASH,TQQQ
2016-02-04,3.3049926377706242,0.0,0.0,CASH,TQQQ
2016-02-05,3.3049926377706242,0.0,0.0,CASH,TQQQ
2016-02-08,3.3049926377706242,0.0,0.0,CASH,TQQQ
2016-02-09,3.3049926377706242,0.0,0.0,CASH,SOXL
2016-02-10,3.3049926377706242,0.0,0.0,CASH,TQQQ
2016-02-11,3.3049926377706242,0.0,0.0,CASH,TQQQ
2016-02-12,3.3049926377706242,0.0,0.0,CASH,TQQQ
2016-02-16,3.3049926377706242,0.0,0.0,CASH,TQQQ
2016-02-17,3.3049926377706242,0.0,0.0,CASH,TQQQ
2016-02-18,3.3049926377706242,0.0,0.0,CASH,TQQQ
2016-02-19,3.3049926377706242,0.0,0.0,CASH,TQQQ
2016-02-22,3.3049926377706242,0.0,0.0,CASH,TQQQ
2016-02-23,3.3049926377706242,0.0,0.0,CASH,TQQQ
2016-02-24,3.3049926377706242,0.0,0.0,CASH,TQQQ
2016-02-25,3.3049926377706242,0.0,0.0,CASH,TQQQ
2016-02-26,3.3049926377706242,0.0,0.0,CASH,TQQQ
2016-02-29,3.3049926377706242,0.0,0.0,CASH,TQQQ
2016-03-01,3.3049926377706242,0.0,0.0,CASH,TQQQ
2016-03-02,3.3049926377706242,0.0,0.0,CASH,SOXL
2016-03-03,3.3049926377706242,0.0,0.0,CASH,SOXL
2016-03-04,3.3049926377706242,0.0,0.0,CASH,SOXL
2016-03-07,3.3049926377706242,0.0,0.0,CASH,SOXL
2016-03-08,3.3049926377706242,0.0,0.0,CASH,SOXL
2016-03-09,3.3049926377706242,0.0,0.0,CASH,SOXL
2016-03-10,3.3049926377706242,0.0,0.0,CASH,SOXL
2016-03-11,3.3049926377706242,0.0,0.0,CASH,SOXL
2016-03-14,3.3049926377706242,0.0,0.0,CASH,SOXL
2016-03-15,3.3049926377706242,0.0,0.0,CASH,SOXL
2016-03-16,3.3049926377706242,0.0,0.0,CASH,SOXL
2016-03-17,3.3049926377706242,0.0,0.0,CASH,SOXL
2016-03-18,3.3049926377706242,0.0,0.0,CASH,SOXL
2016-03-21,3.3049926377706242,0.0,0.0,CASH,SOXL
2016-03-22,3.3049926377706242,0.0,0.0,CASH,SOXL
2016-03-23,3.3049926377706242,0.0,0.0,CASH,SOXL
2016-03-24,3.3049926377706242,0.0,0.0,CASH,SOXL
2016-03-28,3.3049926377706242,0.0,0.0,CASH,SOXL
2016-03-29,3.3049926377706242,0.0,0.0,CASH,SOXL
2016-03-30,3.3049926377706242,0.0,0.0,CASH,SOXL
2016-03-31,3.3049926377706242,0.0,0.0,CASH,SOXL
2016-04-01,3.3049926377706242,0.0,0.0,CASH,SOXL
2016-04-04,3.3049926377706242,0.0,0.0,CASH,SOXL
2016-04-05,3.3049926377706242,0.0,0.0,CASH,SOXL
2016-04-06,3.3049926377706242,0.0,0.0,CASH,SOXL
2016-04-07,3.3049926377706242,0.0,0.0,CASH,SOXL
2016-04-08,3.3049926377706242,0.0,0.0,CASH,SOXL
2016-04-11,3.3049926377706242,0.0,0.0,CASH,SOXL
2016-04-12,3.3049926377706242,0.0,0.0,CASH,SOXL
2016-04-13,3.3049926377706242,0.0,0.0,CASH,SOXL
2016-04-14,3.3049926377706242,0.0,0.0,CASH,SOXL
2016-04-15,3.3049926377706242,0.0,0.0,CASH,SOXL
2016-04-18,3.3049926377706242,0.0,0.0,CASH,SOXL
2016-04-19,3.3049926377706242,0.0,0.0,CASH,SOXL
2016-04-20,3.3049926377706242,0.0,0.0,CASH,SOXL
2016-04-21,3.3049926377706242,0.0,0.0,CASH,SOXL
2016-04-22,3.3049926377706242,0.0,0.0,CASH,SOXL
2016-04-25,3.3049926377706242,0.0,0.0,CASH,SOXL
2016-04-26,3.3049926377706242,0.0,0.0,CASH,SOXL
2016-04-27,3.3049926377706242,0.0,0.0,CASH,SOXL
2016-04-28,3.3049926377706242,0.0,0.0,CASH,SOXL
2016-04-29,3.3049926377706242,0.0,0.0,CASH,SOXL
2016-05-02,3.3049926377706242,0.0,0.0,CASH,SOXL
2016-05-03,3.3049926377706242,0.0,0.0,CASH,SOXL
2016-05-04,3.3049926377706242,0.0,0.0,CASH,SOXL
2016-05-05,3.3049926377706242,0.0,0.0,CASH,SOXL
2016-05-06,3.3049926377706242,0.0,0.0,CASH,SOXL
2016-05-09,3.3049926377706242,0.0,0.0,CASH,SOXL
2016-05-10,3.3049926377706242,0.0,0.0,CASH,SOXL
2016-05-11,3.3049926377706242,0.0,0.0,CASH,SOXL
2016-05-12,3.3049926377706242,0.0,0.0,CASH,SOXL
2016-05-13,3.3049926377706242,0.0,0.0,CASH,SOXL
2016-05-16,3.3049926377706242,0.0,0.0,CASH,SOXL
2016-05-17,3.3049926377706242,0.0,0.0,CASH,SOXL
2016-05-18,3.3049926377706242,0.0,0.0,CASH,SOXL
2016-05-19,3.3049926377706242,0.0,0.0,CASH,SOXL
2016-05-20,3.3049926377706242,0.0,0.0,CASH,SOXL
2016-05-23,3.3049926377706242,0.0,0.0,CASH,SOXL
2016-05-24,3.3049926377706242,0.0,0.0,CASH,SOXL
2016-05-25,3.3049926377706242,0.0,0.0,CASH,SOXL
2016-05-26,3.3049926377706242,0.0,0.0,CASH,SOXL
2016-05-27,3.3049926377706242,0.0,0.0,CASH,SOXL
2016-05-31,3.3049926377706242,0.0,0.0,CASH,SOXL
2016-06-01,3.3049926377706242,0.0,0.0,CASH,SOXL
2016-06-02,3.3049926377706242,0.0,0.0,CASH,SOXL
2016-06-03,3.3049926377706242,0.0,0.0,CASH,SOXL
2016-06-06,3.3049926377706242,0.0,0.0,CASH,SOXL
2016-06-07,3.3049926377706242,0.0,0.0,CASH,SOXL
2016-06-08,3.3049926377706242,0.0,0.0,CASH,SOXL
2016-06-09,3.3049926377706242,0.0,0.0,CASH,SOXL
2016-06-10,3.3049926377706242,0.0,0.0,CASH,SOXL
2016-06-13,3.3049926377706242,0.0,0.0,CASH,SOXL
2016-06-14,3.3049926377706242,0.0,0.0,CASH,SOXL
2016-06-15,3.3049926377706242,0.0,0.0,CASH,SOXL
2016-06-16,3.3049926377706242,0.0,0.0,CASH,SOXL
2016-06-17,3.3049926377706242,0.0,0.0,CASH,SOXL
2016-06-20,3.3049926377706242,0.0,0.0,CASH,SOXL
2016-06-21,3.3049926377706242,0.0,0.0,CASH,SOXL
2016-06-22,3.3049926377706242,0.0,0.0,CASH,SOXL
2016-06-23,3.3049926377706242,0.0,0.0,CASH,SOXL
2016-06-24,3.3049926377706242,0.0,0.0,CASH,SOXL
2016-06-27,3.3049926377706242,0.0,0.0,CASH,SOXL
2016-06-28,3.3049926377706242,0.0,0.0,CASH,SOXL
2016-06-29,3.3049926377706242,0.0,0.0,CASH,SOXL
2016-06-30,3.3049926377706242,0.0,0.0,CASH,SOXL
2016-07-01,3.3049926377706242,0.0,0.0,CASH,SOXL
2016-07-05,3.3049926377706242,0.0,0.0,CASH,SOXL
2016-07-06,3.3049926377706242,0.0,0.0,CASH,SOXL
2016-07-07,3.3049926377706242,0.0,0.0,CASH,SOXL
2016-07-08,3.3049926377706242,0.0,0.0,CASH,SOXL
2016-07-11,3.3049926377706242,0.0,0.0,CASH,SOXL
2016-07-12,3.3049926377706242,0.0,0.0,CASH,SOXL
2016-07-13,3.3049926377706242,0.0,0.0,CASH,SOXL
2016-07-14,3.3049926377706242,0.0,0.0,CASH,SOXL
2016-07-15,3.3049926377706242,0.0,0.0,CASH,SOXL
2016-07-18,3.3049926377706242,0.0,0.0,CASH,SOXL
2016-07-19,3.266156169369677,1.0,1.0,SOXL,SOXL
2016-07-20,3.4234906213681677,1.0,1.0,SOXL,SOXL
2016-07-21,3.3517945728516776,1.0,1.0,SOXL,SOXL
2016-07-22,3.4045710481968094,1.0,1.0,SOXL,SOXL
2016-07-25,3.4593382542895257,1.0,1.0,SOXL,SOXL
2016-07-26,3.8815488830399163,1.0,1.0,SOXL,SOXL
2016-07-27,3.857649939309828,1.0,1.0,SOXL,SOXL
2016-07-28,3.7969074102792586,1.0,1.0,SOXL,SOXL
2016-07-29,3.7391511730385094,1.0,1.0,SOXL,SOXL
2016-08-01,3.759068263936542,1.0,1.0,SOXL,SOXL
2016-08-02,3.5788317989293055,1.0,1.0,SOXL,SOXL
2016-08-03,3.603725521027854,1.0,1.0,SOXL,SOXL
2016-08-04,3.6973289998530734,1.0,1.0,SOXL,SOXL
2016-08-05,3.838729583464694,1.0,1.0,SOXL,SOXL
2016-08-08,3.8227970847569313,1.0,1.0,SOXL,SOXL
2016-08-09,3.9213799341408806,1.0,1.0,SOXL,SOXL
2016-08-10,3.830764312453032,1.0,1.0,SOXL,SOXL
2016-08-11,3.8855311272088606,1.0,1.0,SOXL,SOXL
2016-08-12,3.9353205280903976,1.0,1.0,SOXL,SOXL
2016-08-15,4.098627759336972,1.0,1.0,SOXL,SOXL
2016-08-16,4.010999994786494,1.0,1.0,SOXL,SOXL
2016-08-17,4.00900926403891,1.0,1.0,SOXL,SOXL
2016-08-18,4.097631415620961,1.0,1.0,SOXL,SOXL
2016-08-19,4.204181884037898,1.0,1.0,SOXL,SOXL
2016-08-22,4.209160080585965,1.0,1.0,SOXL,SOXL
2016-08-23,4.276872710922849,1.0,1.0,SOXL,SOXL
2016-08-24,4.1663411723476305,1.0,1.0,SOXL,SOXL
2016-08-25,4.21712496026074,1.0,1.0,SOXL,SOXL
2016-08-26,4.275877932554389,1.0,1.0,SOXL,SOXL
2016-08-29,4.319692010498072,1.0,1.0,SOXL,SOXL
2016-08-30,4.281852472818467,1.0,1.0,SOXL,SOXL
2016-08-31,4.284839547282062,1.0,1.0,SOXL,SOXL
2016-09-01,4.397362990615528,1.0,1.0,SOXL,SOXL
2016-09-02,4.373464046885439,1.0,1.0,SOXL,SOXL
2016-09-06,4.336619678911183,1.0,1.0,SOXL,SOXL
2016-09-07,4.241024686664605,1.0,1.0,SOXL,SOXL
2016-09-08,4.222107070177684,1.0,1.0,SOXL,SOXL
2016-09-09,3.757076359178296,1.0,1.0,SOXL,SOXL
2016-09-12,3.982122071834564,1.0,1.0,SOXL,SOXL
2016-09-13,3.866611945374391,1.0,1.0,SOXL,SOXL
2016-09-14,3.9771442666233847,1.0,1.0,SOXL,SOXL
2016-09-15,4.251979380161188,1.0,1.0,SOXL,SOXL
2016-09-16,4.25397050224566,1.0,1.0,SOXL,SOXL
2016-09-19,4.274881588838378,1.0,1.0,SOXL,SOXL
2016-09-20,4.221109943787898,1.0,1.0,SOXL,SOXL
2016-09-21,4.3864090797927195,1.0,1.0,SOXL,SOXL
2016-09-22,4.437193650379605,1.0,1.0,SOXL,SOXL
2016-09-23,4.295793458104871,1.0,1.0,SOXL,SOXL
2016-09-26,4.162359319515575,1.0,1.0,SOXL,SOXL
2016-09-27,4.3864090797927195,1.0,1.0,SOXL,SOXL
2016-09-28,4.415287785418426,1.0,1.0,SOXL,SOXL
2016-09-29,4.577598672948989,1.0,1.0,SOXL,SOXL
2016-09-30,4.790695305077101,1.0,1.0,SOXL,SOXL
2016-10-03,4.691116894650916,1.0,1.0,SOXL,SOXL
2016-10-04,4.655268870392671,1.0,1.0,SOXL,SOXL
2016-10-05,4.76380889554653,1.0,1.0,SOXL,SOXL
2016-10-06,4.846460420233379,1.0,1.0,SOXL,SOXL
2016-10-07,4.818577666986797,1.0,1.0,SOXL,SOXL
2016-10-10,4.746881227133419,1.0,1.0,SOXL,SOXL
2016-10-11,4.45013790061311,1.0,1.0,SOXL,SOXL
2016-10-12,4.400350456416012,1.0,1.0,SOXL,SOXL
2016-10-13,4.2410246866646055,1.0,1.0,SOXL,SOXL
2016-10-14,4.344586906607285,1.0,1.0,SOXL,SOXL
2016-10-17,4.270897387984997,1.0,1.0,SOXL,SOXL
2016-10-18,4.427235691935921,1.0,1.0,SOXL,SOXL
2016-10-19,4.361515749031059,1.0,1.0,SOXL,SOXL
2016-10-20,4.455118445182503,1.0,1.0,SOXL,SOXL
2016-10-21,4.419269246913594,1.0,1.0,SOXL,SOXL
2016-10-24,4.665227220173243,1.0,1.0,SOXL,SOXL
2016-10-25,4.654273309350434,1.0,1.0,SOXL,SOXL
2016-10-26,4.627387682493638,1.0,1.0,SOXL,SOXL
2016-10-27,4.565648809747057,1.0,1.0,SOXL,SOXL
2016-10-28,4.486982659924253,1.0,1.0,SOXL,SOXL
2016-10-31,4.5576831473985076,1.0,1.0,SOXL,SOXL
2016-11-01,4.429226422683503,1.0,1.0,SOXL,SOXL
2016-11-02,4.340602705753901,1.0,1.0,SOXL,SOXL
2016-11-03,4.311725956812634,1.0,1.0,SOXL,SOXL
2016-11-04,4.236045316105874,1.0,1.0,SOXL,SOXL
2016-11-07,4.602492003710649,1.0,1.0,SOXL,SOXL
2016-11-08,4.632365096367929,1.0,1.0,SOXL,SOXL
2016-11-09,4.558679491114518,1.0,1.0,SOXL,SOXL
2016-11-10,4.272890466753905,1.0,1.0,SOXL,SOXL
2016-11-11,4.754846498145079,1.0,1.0,SOXL,SOXL
2016-11-14,4.675185569953814,1.0,1.0,SOXL,SOXL
2016-11-15,4.945040530259113,1.0,1.0,SOXL,SOXL
2016-11-16,5.116314989201788,1.0,1.0,SOXL,SOXL
2016-11-17,5.283606421301744,1.0,1.0,SOXL,SOXL
2016-11-18,5.392146446455603,1.0,1.0,SOXL,SOXL
2016-11-21,5.4638428863089805,1.0,1.0,SOXL,SOXL
2016-11-22,5.682914841374945,1.0,1.0,SOXL,SOXL
2016-11-23,5.705817441389022,1.0,1.0,SOXL,SOXL
2016-11-25,5.729715602445336,1.0,1.0,SOXL,SOXL
2016-11-28,5.681917323648271,1.0,1.0,SOXL,SOXL
2016-11-29,5.649057547864285,1.0,1.0,SOXL,SOXL
2016-11-30,5.5474872326798526,1.0,1.0,SOXL,SOXL
2016-12-01,4.726965310246047,1.0,1.0,SOXL,SOXL
2016-12-02,4.910188067043104,1.0,1.0,SOXL,SOXL
2016-12-05,5.089428188334329,1.0,1.0,SOXL,SOXL
2016-12-06,5.300534872388631,1.0,1.0,SOXL,SOXL
2016-12-07,5.636111340946342,1.0,1.0,SOXL,SOXL
2016-12-08,5.780500564369108,1.0,1.0,SOXL,SOXL
2016-12-09,5.707807389462831,1.0,1.0,SOXL,SOXL
2016-12-12,5.578357060390029,1.0,1.0,SOXL,SOXL
2016-12-13,5.766560361756479,1.0,1.0,SOXL,SOXL
2016-12-14,5.753613372164761,1.0,1.0,SOXL,SOXL
2016-12-15,6.056332412959811,1.0,1.0,SOXL,SOXL
2016-12-16,5.8591674968656875,1.0,1.0,SOXL,SOXL
2016-12-19,6.041395866631171,1.0,1.0,SOXL,SOXL
2016-12-20,6.210829085517353,1.0,1.0,SOXL,SOXL
2016-12-21,6.210829085517353,1.0,1.0,SOXL,SOXL
2016-12-22,6.3109878485479545,1.0,1.0,SOXL,SOXL
2016-12-23,6.404885612712702,1.0,1.0,SOXL,SOXL
2016-12-27,6.638584175292271,1.0,1.0,SOXL,SOXL
2016-12-28,6.252560468544849,1.0,1.0,SOXL,SOXL
2016-12-29,6.251517947076093,1.0,1.0,SOXL,SOXL
2016-12-30,5.957305396208355,1.0,1.0,SOXL,SOXL
2017-01-03,5.966694350817366,1.0,1.0,SOXL,SOXL
2017-01-04,6.0209449922183556,1.0,1.0,SOXL,SOXL
2017-01-05,5.855059633555802,1.0,1.0,SOXL,SOXL
2017-01-06,5.995905301460706,1.0,1.0,SOXL,SOXL
2017-01-09,6.188919698524187,1.0,1.0,SOXL,SOXL
2017-01-10,6.282817462688936,1.0,1.0,SOXL,SOXL
2017-01-11,6.3422877554976855,1.0,1.0,SOXL,SOXL
2017-01-12,6.178485091751319,1.0,1.0,SOXL,SOXL
2017-01-13,6.295336329725541,1.0,1.0,SOXL,SOXL
2017-01-17,5.9927765630437735,1.0,1.0,SOXL,SOXL
2017-01-18,6.243171513935839,1.0,1.0,SOXL,SOXL
2017-01-19,6.157620574248233,1.0,1.0,SOXL,SOXL
2017-01-20,6.396538788235561,1.0,1.0,SOXL,SOXL
2017-01-23,6.270297421641665,1.0,1.0,SOXL,SOXL
2017-01-24,6.642761305231275,1.0,1.0,SOXL,SOXL
2017-01-25,6.93488724781395,1.0,1.0,SOXL,SOXL
2017-01-26,6.813864749954038,1.0,1.0,SOXL,SOXL
2017-01-27,7.072603394628144,1.0,1.0,SOXL,SOXL
2017-01-30,6.959924981887162,1.0,1.0,SOXL,SOXL
2017-01-31,6.688665904828898,1.0,1.0,SOXL,SOXL
2017-02-01,7.006876016322417,1.0,1.0,SOXL,SOXL
2017-02-02,6.989137497878051,1.0,1.0,SOXL,SOXL
2017-02-03,7.110161561085514,1.0,1.0,SOXL,SOXL
2017-02-06,7.184236937879046,1.0,1.0,SOXL,SOXL
2017-02-07,7.263531183406563,1.0,1.0,SOXL,SOXL
2017-02-08,7.298999610883767,1.0,1.0,SOXL,SOXL
2017-02-09,7.108077300821777,1.0,1.0,SOXL,SOXL
2017-02-10,7.091381303846167,1.0,1.0,SOXL,SOXL
2017-02-13,7.141460685361468,1.0,1.0,SOXL,SOXL
2017-02-14,7.066345135120506,1.0,1.0,SOXL,SOXL
2017-02-15,7.242665100555928,1.0,1.0,SOXL,SOXL
2017-02-16,7.269786312219102,1.0,1.0,SOXL,SOXL
2017-02-17,7.386639506877763,1.0,1.0,SOXL,SOXL
2017-02-21,7.703807096902525,1.0,1.0,SOXL,SOXL
2017-02-22,7.704849618371282,1.0,1.0,SOXL,SOXL
2017-02-23,7.321954650040792,1.0,1.0,SOXL,SOXL
2017-02-24,7.309436565677961,1.0,1.0,SOXL,SOXL
2017-02-27,7.520184002469381,1.0,1.0,SOXL,SOXL
2017-02-28,7.229099798681687,1.0,1.0,SOXL,SOXL
2017-03-01,7.568178341047168,1.0,1.0,SOXL,SOXL
2017-03-02,7.333430212934865,1.0,1.0,SOXL,SOXL
2017-03-03,7.319866476408177,1.0,1.0,SOXL,SOXL
2017-03-06,7.331345952671128,1.0,1.0,SOXL,SOXL
2017-03-07,7.382466290307635,1.0,1.0,SOXL,SOXL
2017-03-08,7.436718888393062,1.0,1.0,SOXL,SOXL
2017-03-09,7.472191229239144,1.0,1.0,SOXL,SOXL
2017-03-10,7.729888135118269,1.0,1.0,SOXL,SOXL
2017-03-13,7.909338795655061,1.0,1.0,SOXL,SOXL
2017-03-14,7.836307505677836,1.0,1.0,SOXL,SOXL
2017-03-15,8.02619042496617,1.0,1.0,SOXL,SOXL
2017-03-16,7.994890518016442,1.0,1.0,SOXL,SOXL
2017-03-17,8.038708509329002,1.0,1.0,SOXL,SOXL
2017-03-20,8.218156821844468,1.0,1.0,SOXL,SOXL
2017-03-21,7.646425369063277,1.0,1.0,SOXL,SOXL
2017-03-22,7.890558538415714,1.0,1.0,SOXL,SOXL
2017-03-23,7.830047680822647,1.0,1.0,SOXL,SOXL
2017-03-24,7.994890518016443,1.0,1.0,SOXL,SOXL
2017-03-27,8.036621118370164,1.0,1.0,SOXL,SOXL
2017-03-28,8.116957885366435,1.0,1.0,SOXL,SOXL
2017-03-29,8.04914155075432,1.0,1.0,SOXL,SOXL
2017-03-30,8.186856914894738,1.0,1.0,SOXL,SOXL
2017-03-31,8.171208135430536,1.0,1.0,SOXL,SOXL
2017-04-03,8.029320337393765,1.0,1.0,SOXL,SOXL
2017-04-04,8.06581141330939,1.0,1.0,TQQQ,TQQQ
2017-04-05,7.9736776758711585,1.0,1.0,TQQQ,TQQQ
2017-04-06,7.980062998076849,1.0,1.0,TQQQ,TQQQ
2017-04-07,7.970939544565116,1.0,1.0,TQQQ,TQQQ
2017-04-10,7.980062998076849,1.0,1.0,TQQQ,TQQQ
2017-04-11,7.879719795356841,1.0,1.0,TQQQ,TQQQ
2017-04-12,7.775728306484663,1.0,1.0,TQQQ,TQQQ
2017-04-13,7.683592378541387,1.0,1.0,TQQQ,TQQQ
2017-04-17,7.866036805594287,1.0,1.0,TQQQ,TQQQ
2017-04-18,7.8432314575725215,1.0,1.0,TQQQ,TQQQ
2017-04-19,7.870595794218846,1.0,1.0,TQQQ,TQQQ
2017-04-20,8.061249138927263,1.0,1.0,TQQQ,TQQQ
2017-04-21,8.057601948027614,1.0,1.0,TQQQ,TQQQ
2017-04-24,8.35042209090586,1.0,1.0,TQQQ,TQQQ
2017-04-25,8.535601363507237,1.0,1.0,TQQQ,TQQQ
2017-04-26,8.498200680371745,1.0,1.0,TQQQ,TQQQ
2017-04-27,8.64689106756254,1.0,1.0,TQQQ,TQQQ
2017-04-28,8.696151692637025,1.0,1.0,TQQQ,TQQQ
2017-05-01,8.915082814595463,1.0,1.0,TQQQ,TQQQ
2017-05-02,8.967993916327162,1.0,1.0,TQQQ,TQQQ
2017-05-03,8.87950791741484,1.0,1.0,TQQQ,TQQQ
2017-05-04,8.88863027567405,1.0,1.0,TQQQ,TQQQ
2017-05-05,8.985323549363104,1.0,1.0,TQQQ,TQQQ
2017-05-08,9.039144805940932,1.0,1.0,TQQQ,TQQQ
2017-05-09,9.138579496693595,1.0,1.0,TQQQ,TQQQ
2017-05-10,9.153169903170973,1.0,1.0,TQQQ,TQQQ
2017-05-11,9.131278543379166,1.0,1.0,TQQQ,TQQQ
2017-05-12,9.190573872064032,1.0,1.0,TQQQ,TQQQ
2017-05-15,9.276317906286483,1.0,1.0,TQQQ,TQQQ
2017-05-16,9.393084968206393,1.0,1.0,TQQQ,TQQQ
2017-05-17,8.682468702874473,1.0,1.0,TQQQ,TQQQ
2017-05-18,8.902312170184084,1.0,1.0,TQQQ,TQQQ
2017-05-19,9.009955778592262,1.0,1.0,TQQQ,TQQQ
2017-05-22,9.243481140411903,1.0,1.0,TQQQ,TQQQ
2017-05-23,9.266286488433668,1.0,1.0,TQQQ,TQQQ
2017-05-24,9.393996218305045,1.0,1.0,TQQQ,TQQQ
2017-05-25,9.641207855644808,1.0,1.0,TQQQ,TQQQ
2017-05-26,9.682256824932471,1.0,1.0,TQQQ,TQQQ
2017-05-30,9.702328422658285,1.0,1.0,TQQQ,TQQQ
2017-05-31,9.690467933093032,1.0,1.0,TQQQ,TQQQ
2017-06-01,9.80631826865168,1.0,1.0,TQQQ,TQQQ
2017-06-02,10.14109863091624,1.0,1.0,TQQQ,TQQQ
2017-06-05,10.132891903765769,1.0,1.0,TQQQ,TQQQ
2017-06-06,10.01795172305325,1.0,1.0,TQQQ,TQQQ
2017-06-07,10.127416736406207,1.0,1.0,TQQQ,TQQQ
2017-06-08,10.154783811183838,1.0,1.0,TQQQ,TQQQ
2017-06-09,9.420454233489071,1.0,1.0,TQQQ,TQQQ
2017-06-12,9.249865367365071,1.0,1.0,TQQQ,TQQQ
2017-06-13,9.4660649295326,1.0,1.0,TQQQ,TQQQ
2017-06-14,9.339262068749782,1.0,1.0,TQQQ,TQQQ
2017-06-15,9.21337593432823,1.0,1.0,TQQQ,TQQQ
2017-06-16,9.103000766129144,1.0,1.0,TQQQ,TQQQ
2017-06-19,9.543601141352058,1.0,1.0,TQQQ,TQQQ
2017-06-20,9.327407055447141,1.0,1.0,TQQQ,TQQQ
2017-06-21,9.598333100402275,1.0,1.0,TQQQ,TQQQ
2017-06-22,9.587388241945764,1.0,1.0,TQQQ,TQQQ
2017-06-23,9.695027469343852,1.0,1.0,TQQQ,TQQQ
2017-06-26,9.566405394121302,1.0,1.0,TQQQ,TQQQ
2017-06-27,9.04005824654463,1.0,1.0,TQQQ,TQQQ
2017-06-28,9.419538602380332,1.0,1.0,TQQQ,TQQQ
2017-06-29,8.939712305693316,1.0,1.0,TQQQ,TQQQ
2017-06-30,8.90869968289482,1.0,1.0,TQQQ,TQQQ
2017-07-03,8.666047581805879,1.0,1.0,TQQQ,TQQQ
2017-07-05,8.91325921914564,1.0,1.0,TQQQ,TQQQ
2017-07-06,8.677906976118608,1.0,1.0,TQQQ,TQQQ
2017-07-07,8.937888162617229,1.0,1.0,TQQQ,TQQQ
2017-07-10,9.124893221173474,1.0,1.0,TQQQ,TQQQ
2017-07-11,9.199694039818198,1.0,1.0,TQQQ,TQQQ
2017-07-12,9.527182210788506,1.0,1.0,TQQQ,TQQQ
2017-07-13,9.590124182746761,1.0,1.0,TQQQ,TQQQ
2017-07-14,9.815440626910888,1.0,1.0,TQQQ,TQQQ
2017-07-17,9.820913603765407,1.0,1.0,TQQQ,TQQQ
2017-07-18,10.016127032350905,1.0,1.0,TQQQ,TQQQ
2017-07-19,10.199483257128719,1.0,1.0,TQQQ,TQQQ
2017-07-20,10.237797380867907,1.0,1.0,TQQQ,TQQQ
2017-07-21,10.22229189090805,1.0,1.0,TQQQ,TQQQ
2017-07-24,10.355473502381422,1.0,1.0,TQQQ,TQQQ
2017-07-25,10.286144017712433,1.0,1.0,TQQQ,TQQQ
2017-07-26,10.378278850403188,1.0,1.0,TQQQ,TQQQ
2017-07-27,10.193099030175551,1.0,1.0,TQQQ,TQQQ
2017-07-28,10.160258978543403,1.0,1.0,TQQQ,TQQQ
2017-07-31,10.02798752191616,1.0,1.0,TQQQ,TQQQ
2017-08-01,10.093666529927933,1.0,1.0,TQQQ,TQQQ
2017-08-02,9.878436077138945,1.0,1.0,SOXL,SOXL
2017-08-03,9.761226436661415,1.0,1.0,SOXL,SOXL
2017-08-04,9.771882367190527,1.0,1.0,SOXL,SOXL
2017-08-07,10.28013612183867,1.0,1.0,SOXL,SOXL
2017-08-08,10.172518497440155,1.0,1.0,SOXL,SOXL
2017-08-09,10.072358665543074,1.0,1.0,SOXL,SOXL
2017-08-10,9.231666416297758,1.0,1.0,SOXL,SOXL
2017-08-11,9.384034792378246,1.0,1.0,SOXL,SOXL
2017-08-14,10.11072033518175,1.0,1.0,SOXL,SOXL
2017-08-15,10.185303855538809,1.0,1.0,SOXL,SOXL
2017-08-16,10.23111852167088,1.0,1.0,SOXL,SOXL
2017-08-17,9.41599858729222,1.0,1.0,SOXL,SOXL
2017-08-18,9.502303551297835,1.0,1.0,SOXL,SOXL
2017-08-21,9.298791344818708,1.0,1.0,SOXL,SOXL
2017-08-22,9.739916973607206,1.0,1.0,SOXL,SOXL
2017-08-23,9.8688448603946,1.0,1.0,SOXL,SOXL
2017-08-24,9.857124216080717,1.0,1.0,SOXL,SOXL
2017-08-25,9.710081007593429,1.0,1.0,SOXL,SOXL
2017-08-28,9.785735636412644,1.0,1.0,SOXL,SOXL
2017-08-29,9.854995587845849,1.0,1.0,SOXL,SOXL
2017-08-30,10.356852267103962,1.0,1.0,SOXL,SOXL
2017-08-31,10.66052750281886,1.0,1.0,SOXL,SOXL
2017-09-01,10.800106524127328,1.0,1.0,SOXL,SOXL
2017-09-05,10.510890329155474,1.0,1.0,TQQQ,TQQQ
2017-09-06,10.6016772641826,1.0,1.0,TQQQ,TQQQ
2017-09-07,10.66719740900388,1.0,1.0,TQQQ,TQQQ
2017-09-08,10.404189721467567,1.0,1.0,TQQQ,TQQQ
2017-09-11,10.735524725233013,1.0,1.0,TQQQ,TQQQ
2017-09-12,10.826310536492562,1.0,1.0,TQQQ,TQQQ
2017-09-13,10.87123539292643,1.0,1.0,TQQQ,TQQQ
2017-09-14,10.687789326088557,1.0,1.0,TQQQ,TQQQ
2017-09-15,10.773896892924208,1.0,1.0,TQQQ,TQQQ
2017-09-18,10.74769063302382,1.0,1.0,TQQQ,TQQQ
2017-09-19,10.7935515878495,1.0,1.0,TQQQ,TQQQ
2017-09-20,10.703697379911453,1.0,1.0,TQQQ,TQQQ
2017-09-21,10.497786075437704,1.0,1.0,TQQQ,TQQQ
2017-09-22,10.471580939304893,1.0,1.0,TQQQ,TQQQ
2017-09-25,10.143056478250033,1.0,1.0,TQQQ,TQQQ
2017-09-26,10.212317645335823,1.0,1.0,TQQQ,TQQQ
2017-09-27,10.48936343744656,1.0,1.0,TQQQ,TQQQ
2017-09-28,10.471580939304891,1.0,1.0,TQQQ,TQQQ
2017-09-29,10.693402545136689,1.0,1.0,TQQQ,TQQQ
2017-10-02,10.723355446139474,1.0,1.0,TQQQ,TQQQ
2017-10-03,10.79074554020922,1.0,1.0,TQQQ,TQQQ
2017-10-04,10.818825120660808,1.0,1.0,TQQQ,TQQQ
2017-10-05,11.130499810663077,1.0,1.0,TQQQ,TQQQ
2017-10-06,11.170747546440625,1.0,1.0,TQQQ,TQQQ
2017-10-09,11.14266684222146,1.0,1.0,TQQQ,TQQQ
2017-10-10,11.166065930713996,1.0,1.0,TQQQ,TQQQ
2017-10-11,11.263407802018952,1.0,1.0,TQQQ,TQQQ
2017-10-12,11.202568149156725,1.0,1.0,TQQQ,TQQQ
2017-10-13,11.327989600913266,1.0,1.0,TQQQ,TQQQ
2017-10-16,11.444980548305626,1.0,1.0,TQQQ,TQQQ
2017-10-17,11.485230531618328,1.0,1.0,TQQQ,TQQQ
2017-10-18,11.441239526041114,1.0,1.0,TQQQ,TQQQ
2017-10-19,11.31488309966034,1.0,1.0,TQQQ,TQQQ
2017-10-20,11.397247396696326,1.0,1.0,TQQQ,TQQQ
2017-10-23,11.184784527247478,1.0,1.0,TQQQ,TQQQ
2017-10-24,11.24187978654246,1.0,1.0,TQQQ,TQQQ
2017-10-25,11.105228525386924,1.0,1.0,TQQQ,TQQQ
2017-10-26,11.002271187498684,1.0,1.0,TQQQ,TQQQ
2017-10-27,11.950405130061146,1.0,1.0,TQQQ,TQQQ
2017-10-30,12.035578846040139,1.0,1.0,TQQQ,TQQQ
2017-10-31,12.162870247045147,1.0,1.0,TQQQ,TQQQ
2017-11-01,12.146955450616788,1.0,1.0,TQQQ,TQQQ
2017-11-02,12.307718017923326,1.0,1.0,SOXL,SOXL
2017-11-03,12.964040937409708,1.0,1.0,SOXL,SOXL
2017-11-06,13.515951927069088,1.0,1.0,SOXL,SOXL
2017-11-07,13.478662929040562,1.0,1.0,SOXL,SOXL
2017-11-08,13.614564920988478,1.0,1.0,SOXL,SOXL
2017-11-09,12.785872859003126,1.0,1.0,SOXL,SOXL
2017-11-10,13.028682163360925,1.0,1.0,SOXL,SOXL
2017-11-13,13.134753951557704,1.0,1.0,SOXL,SOXL
2017-11-14,13.098289287685855,1.0,1.0,SOXL,SOXL
2017-11-15,12.751073026859467,1.0,1.0,SOXL,SOXL
2017-11-16,13.325352939313394,1.0,1.0,SOXL,SOXL
2017-11-17,13.148839745918183,1.0,1.0,SOXL,SOXL
2017-11-20,13.612908792637503,1.0,1.0,SOXL,SOXL
2017-11-21,14.101006620521149,1.0,1.0,SOXL,SOXL
2017-11-22,13.825885406564957,1.0,1.0,SOXL,SOXL
2017-11-24,14.1954743202047,1.0,1.0,SOXL,SOXL
2017-11-27,13.660971328324566,1.0,1.0,SOXL,SOXL
2017-11-28,13.648541662315058,1.0,1.0,SOXL,SOXL
2017-11-29,11.854427482220949,1.0,1.0,SOXL,SOXL
2017-11-30,12.074028609552292,1.0,1.0,SOXL,SOXL
2017-12-01,11.6605100210653,1.0,1.0,SOXL,SOXL
2017-12-04,10.814419908017523,1.0,1.0,SOXL,SOXL
2017-12-05,10.830152237960824,1.0,1.0,TQQQ,TQQQ
2017-12-06,10.939560376494661,1.0,1.0,SOXL,SOXL
2017-12-07,11.259480507706987,1.0,1.0,SOXL,SOXL
2017-12-08,11.085427531800946,1.0,1.0,SOXL,SOXL
2017-12-11,11.278545045588173,1.0,1.0,SOXL,SOXL
2017-12-12,10.940383592467356,1.0,1.0,SOXL,SOXL
2017-12-13,10.938729699350013,1.0,1.0,SOXL,SOXL
2017-12-14,10.913862856742876,1.0,1.0,SOXL,SOXL
2017-12-15,11.399549088873298,1.0,1.0,SOXL,SOXL
2017-12-18,12.167862027712971,1.0,1.0,SOXL,SOXL
2017-12-19,12.123986606014336,1.0,1.0,SOXL,SOXL
2017-12-20,12.377810701908638,1.0,1.0,SOXL,SOXL
2017-12-21,11.977159446582798,1.0,1.0,SOXL,SOXL
2017-12-22,11.945642212703822,1.0,1.0,SOXL,SOXL
2017-12-26,11.600567983763977,1.0,1.0,SOXL,SOXL
2017-12-27,11.717526828319242,1.0,1.0,SOXL,SOXL
2017-12-28,11.792184558458997,1.0,1.0,SOXL,SOXL
2017-12-29,11.43881350630193,1.0,1.0,SOXL,SOXL
2018-01-02,12.381959113517247,1.0,1.0,SOXL,SOXL
2018-01-03,12.744484840135545,1.0,1.0,TQQQ,TQQQ
2018-01-04,12.819198132566244,1.0,1.0,TQQQ,TQQQ
2018-01-05,13.206347625003788,1.0,1.0,TQQQ,TQQQ
2018-01-08,13.353225798930092,1.0,1.0,TQQQ,TQQQ
2018-01-09,13.36341536521297,1.0,1.0,TQQQ,TQQQ
2018-01-10,13.26832395958089,1.0,1.0,TQQQ,TQQQ
2018-01-11,13.534066135706205,1.0,1.0,TQQQ,TQQQ
2018-01-12,13.82103249746335,1.0,1.0,TQQQ,TQQQ
2018-01-16,13.714055303229992,1.0,1.0,TQQQ,TQQQ
2018-01-17,14.146201577866295,1.0,1.0,TQQQ,TQQQ
2018-01-18,14.159785627514717,1.0,1.0,TQQQ,TQQQ
2018-01-19,14.295625104634569,1.0,1.0,TQQQ,TQQQ
2018-01-22,14.742206598171617,1.0,1.0,TQQQ,TQQQ
2018-01-23,15.115771021596363,1.0,1.0,TQQQ,TQQQ
2018-01-24,14.80927873525453,1.0,1.0,TQQQ,TQQQ
2018-01-25,14.790599902464669,1.0,1.0,TQQQ,TQQQ
2018-01-26,15.451131707010935,1.0,1.0,TQQQ,TQQQ
2018-01-29,15.2465187736679,1.0,1.0,TQQQ,TQQQ
2018-01-30,14.85682290902401,1.0,1.0,TQQQ,TQQQ
2018-01-31,15.040210637370839,1.0,1.0,TQQQ,TQQQ
2018-02-01,14.664098822375372,1.0,1.0,TQQQ,TQQQ
2018-02-02,13.768391501823677,1.0,1.0,TQQQ,TQQQ
2018-02-05,12.179046479950102,1.0,1.0,TQQQ,TQQQ
2018-02-06,13.118050282924662,1.0,1.0,TQQQ,TQQQ
2018-02-07,12.599305946620756,1.0,1.0,TQQQ,TQQQ
2018-02-08,11.037975096474478,1.0,1.0,TQQQ,TQQQ
2018-02-09,12.04339724232034,1.0,1.0,SOXL,SOXL
2018-02-12,12.717535370644672,1.0,1.0,TQQQ,TQQQ
2018-02-13,12.872359380312997,1.0,1.0,TQQQ,TQQQ
2018-02-14,13.626119980032867,1.0,1.0,TQQQ,TQQQ
2018-02-15,14.338303413897211,1.0,1.0,TQQQ,TQQQ
2018-02-16,14.17817364715341,1.0,1.0,TQQQ,TQQQ
2018-02-20,14.248947879021674,1.0,1.0,TQQQ,TQQQ
2018-02-21,14.120667525721538,1.0,1.0,TQQQ,TQQQ
2018-02-22,14.123323059793348,1.0,1.0,TQQQ,TQQQ
2018-02-23,14.964668484269671,1.0,1.0,TQQQ,TQQQ
2018-02-26,15.565377908867553,1.0,1.0,TQQQ,TQQQ
2018-02-27,15.008020609098791,1.0,1.0,TQQQ,TQQQ
2018-02-28,14.706337067550315,1.0,1.0,TQQQ,TQQQ
2018-03-01,13.998579877876864,1.0,1.0,TQQQ,TQQQ
2018-03-02,14.383423062204528,1.0,1.0,TQQQ,TQQQ
2018-03-05,14.834619545277707,1.0,1.0,TQQQ,TQQQ
2018-03-06,15.02217460570154,1.0,1.0,TQQQ,TQQQ
2018-03-07,15.1345323767071,1.0,1.0,TQQQ,TQQQ
2018-03-08,15.36013168045732,1.0,1.0,TQQQ,TQQQ
2018-03-09,16.254560168815505,1.0,1.0,TQQQ,TQQQ
2018-03-12,16.497850640552127,1.0,1.0,TQQQ,TQQQ
2018-03-13,15.898910863859697,1.0,1.0,TQQQ,TQQQ
2018-03-14,15.844946162665993,1.0,1.0,TQQQ,TQQQ
2018-03-15,15.774169806370471,1.0,1.0,TQQQ,TQQQ
2018-03-16,15.669775450939458,1.0,1.0,TQQQ,TQQQ
2018-03-19,14.685991427705734,1.0,1.0,TQQQ,TQQQ
2018-03-20,14.7939229545204,1.0,1.0,TQQQ,TQQQ
2018-03-21,14.579827424369265,1.0,1.0,TQQQ,TQQQ
2018-03-22,13.514648095193662,1.0,1.0,TQQQ,TQQQ
2018-03-23,12.422930420718016,1.0,1.0,TQQQ,TQQQ
2018-03-26,13.820754694292148,1.0,1.0,TQQQ,TQQQ
2018-03-27,12.495477487132623,1.0,1.0,TQQQ,TQQQ
2018-03-28,12.064628768331284,1.0,1.0,TQQQ,TQQQ
2018-03-29,12.732578440054667,1.0,1.0,TQQQ,TQQQ
2018-04-02,11.601934884940793,1.0,1.0,TQQQ,TQQQ
2018-04-03,12.266522051509652,1.0,1.0,SOXL,SOXL
2018-04-04,12.73448255133038,1.0,1.0,SOXL,SOXL
2018-04-05,12.342941208791968,1.0,1.0,SOXL,SOXL
2018-04-06,11.216404818923545,1.0,1.0,SOXL,SOXL
2018-04-09,11.421623620742073,1.0,1.0,SOXL,SOXL
2018-04-10,12.519820767807515,1.0,1.0,SOXL,SOXL
2018-04-11,12.524972187216015,1.0,1.0,SOXL,SOXL
2018-04-12,13.238504274221857,1.0,1.0,SOXL,SOXL
2018-04-13,12.92767622568409,1.0,1.0,SOXL,SOXL
2018-04-16,13.010961367755248,1.0,1.0,SOXL,SOXL
2018-04-17,13.744243136916166,1.0,1.0,SOXL,SOXL
2018-04-18,13.318355136687348,1.0,1.0,SOXL,SOXL
2018-04-19,11.598501892546375,1.0,1.0,SOXL,SOXL
2018-04-20,11.182063310078126,1.0,1.0,SOXL,SOXL
2018-04-23,10.732132778187149,1.0,1.0,SOXL,SOXL
2018-04-24,10.471106932776536,1.0,1.0,SOXL,SOXL
2018-04-25,10.43418649619875,1.0,1.0,SOXL,SOXL
2018-04-26,11.081199405559264,1.0,1.0,TQQQ,TQQQ
2018-04-27,10.836268754064621,1.0,1.0,SOXL,SOXL
2018-04-30,10.477036487691079,1.0,1.0,SOXL,SOXL
2018-05-01,10.995257876767505,1.0,1.0,SOXL,SOXL
2018-05-02,10.803544468388193,1.0,1.0,TQQQ,TQQQ
2018-05-03,10.804284970840468,1.0,1.0,TQQQ,TQQQ
2018-05-04,11.412119717503826,1.0,1.0,TQQQ,TQQQ
2018-05-07,11.683342569310085,1.0,1.0,TQQQ,TQQQ
2018-05-08,11.644701723875729,1.0,1.0,TQQQ,TQQQ
2018-05-09,12.03481269048068,1.0,1.0,TQQQ,TQQQ
2018-05-10,12.409325820491489,1.0,1.0,TQQQ,TQQQ
2018-05-11,12.372172225163089,1.0,1.0,TQQQ,TQQQ
2018-05-14,12.427154978330382,1.0,1.0,TQQQ,TQQQ
2018-05-15,12.025157609108962,1.0,1.0,TQQQ,TQQQ
2018-05-16,12.246590146630153,1.0,1.0,TQQQ,TQQQ
2018-05-17,12.108379378685209,1.0,1.0,TQQQ,TQQQ
2018-05-18,11.914438217747664,1.0,1.0,TQQQ,TQQQ
2018-05-21,12.122497994718056,1.0,1.0,TQQQ,TQQQ
2018-05-22,12.059337596397079,1.0,1.0,TQQQ,TQQQ
2018-05-23,12.362510006418333,1.0,1.0,TQQQ,TQQQ
2018-05-24,12.352107285221303,1.0,1.0,TQQQ,TQQQ
2018-05-25,12.383317233155653,1.0,1.0,TQQQ,TQQQ
2018-05-29,12.225042417440553,1.0,1.0,TQQQ,TQQQ
2018-05-30,12.485860763706523,1.0,1.0,TQQQ,TQQQ
2018-05-31,12.459110781746782,1.0,1.0,TQQQ,TQQQ
2018-06-01,13.0387100806877,1.0,1.0,TQQQ,TQQQ
2018-06-04,13.373091546471679,1.0,1.0,TQQQ,TQQQ
2018-06-05,13.511302314416621,1.0,1.0,TQQQ,TQQQ
2018-06-06,13.734224778558657,1.0,1.0,TQQQ,TQQQ
2018-06-07,13.415446502398595,1.0,1.0,TQQQ,TQQQ
2018-06-08,13.406529246964261,1.0,1.0,TQQQ,TQQQ
2018-06-11,13.511302314416623,1.0,1.0,TQQQ,TQQQ
2018-06-12,13.725307523124325,1.0,1.0,TQQQ,TQQQ
2018-06-13,13.709703441328779,1.0,1.0,TQQQ,TQQQ
2018-06-14,14.126567958579985,1.0,1.0,TQQQ,TQQQ
2018-06-15,13.986126761561922,1.0,1.0,TQQQ,TQQQ
2018-06-18,13.954916813627571,1.0,1.0,TQQQ,TQQQ
2018-06-19,13.830080590576683,1.0,1.0,TQQQ,TQQQ
2018-06-20,14.119880240047143,1.0,1.0,TQQQ,TQQQ
2018-06-21,13.754287041985556,1.0,1.0,TQQQ,TQQQ
2018-06-22,13.61607805838387,1.0,1.0,TQQQ,TQQQ
2018-06-25,12.746678217800865,1.0,1.0,TQQQ,TQQQ
2018-06-26,12.887120306990557,1.0,1.0,TQQQ,TQQQ
2018-06-27,12.36994090391834,1.0,1.0,TQQQ,TQQQ
2018-06-28,12.673115098282855,1.0,1.0,TQQQ,TQQQ
2018-06-29,12.731074136005317,1.0,1.0,TQQQ,TQQQ
2018-07-02,13.016417388187683,1.0,1.0,TQQQ,TQQQ
2018-07-03,12.568344707345384,1.0,1.0,TQQQ,TQQQ
2018-07-05,13.029791040910109,1.0,1.0,TQQQ,TQQQ
2018-07-06,13.616078058383868,1.0,1.0,TQQQ,TQQQ
2018-07-09,13.995043124824624,1.0,1.0,TQQQ,TQQQ
2018-07-10,14.028481717488837,1.0,1.0,TQQQ,TQQQ
2018-07-11,13.82339287204384,1.0,1.0,TQQQ,TQQQ
2018-07-12,14.50553302502074,1.0,1.0,TQQQ,TQQQ
2018-07-13,14.547892441805804,1.0,1.0,TQQQ,TQQQ
2018-07-16,14.449805308543027,1.0,1.0,TQQQ,TQQQ
2018-07-17,14.71731048117021,1.0,1.0,TQQQ,TQQQ
2018-07-18,14.623682421710416,1.0,1.0,TQQQ,TQQQ
2018-07-19,14.407446783929595,1.0,1.0,TQQQ,TQQQ
2018-07-20,14.387388089189214,1.0,1.0,TQQQ,TQQQ
2018-07-23,14.512221635725213,1.0,1.0,TQQQ,TQQQ
2018-07-24,14.69724910991494,1.0,1.0,TQQQ,TQQQ
2018-07-25,15.310280756318667,1.0,1.0,TQQQ,TQQQ
2018-07-26,14.64151782475071,1.0,1.0,TQQQ,TQQQ
2018-07-27,14.03070857787544,1.0,1.0,TQQQ,TQQQ
2018-07-30,13.42659151039116,1.0,1.0,TQQQ,TQQQ
2018-07-31,13.694099359533231,1.0,1.0,TQQQ,TQQQ
2018-08-01,13.881352801937933,1.0,1.0,TQQQ,TQQQ
2018-08-02,14.434199442404223,1.0,1.0,TQQQ,TQQQ
2018-08-03,14.56349384708646,1.0,1.0,TQQQ,TQQQ
2018-08-06,14.83100258840016,1.0,1.0,TQQQ,TQQQ
2018-08-07,14.975901967049575,1.0,1.0,TQQQ,TQQQ
2018-08-08,15.016026493903372,1.0,1.0,TQQQ,TQQQ
2018-08-09,15.002652841180945,1.0,1.0,TQQQ,TQQQ
2018-08-10,14.652664617086533,1.0,1.0,TQQQ,TQQQ
2018-08-13,14.610310553331246,1.0,1.0,TQQQ,TQQQ
2018-08-14,14.880045262859918,1.0,1.0,TQQQ,TQQQ
2018-08-15,14.338343630386195,1.0,1.0,TQQQ,TQQQ
2018-08-16,14.469866679798297,1.0,1.0,TQQQ,TQQQ
2018-08-17,14.467637142896807,1.0,1.0,TQQQ,TQQQ
2018-08-20,14.438659408378834,1.0,1.0,TQQQ,TQQQ
2018-08-21,14.588015184316342,1.0,1.0,TQQQ,TQQQ
2018-08-22,14.75743322368075,1.0,1.0,TQQQ,TQQQ
2018-08-23,14.68387010416274,1.0,1.0,TQQQ,TQQQ
2018-08-24,15.09182182683776,1.0,1.0,TQQQ,TQQQ
2018-08-27,15.546583118384532,1.0,1.0,TQQQ,TQQQ
2018-08-28,15.615688948442818,1.0,1.0,TQQQ,TQQQ
2018-08-29,16.16184608603301,1.0,1.0,TQQQ,TQQQ
2018-08-30,16.070444886959816,1.0,1.0,TQQQ,TQQQ
2018-08-31,16.11726248537623,1.0,1.0,TQQQ,TQQQ
2018-09-04,15.925549076996917,1.0,1.0,TQQQ,TQQQ
2018-09-05,15.29244802979326,1.0,1.0,TQQQ,TQQQ
2018-09-06,14.875582620370423,1.0,1.0,TQQQ,TQQQ
2018-09-07,14.728454596991147,1.0,1.0,TQQQ,TQQQ
2018-09-10,14.857752570359905,1.0,1.0,TQQQ,TQQQ
2018-09-11,15.187676746684161,1.0,1.0,TQQQ,TQQQ
2018-09-12,15.056151020757172,1.0,1.0,TQQQ,TQQQ
2018-09-13,15.50199416469798,1.0,1.0,TQQQ,TQQQ
2018-09-14,15.383851013209709,1.0,1.0,TQQQ,TQQQ
2018-09-17,14.735142315523989,1.0,1.0,TQQQ,TQQQ
2018-09-18,15.0851305396184,1.0,1.0,TQQQ,TQQQ
2018-09-19,15.05169016261093,1.0,1.0,TQQQ,TQQQ
2018-09-20,15.524287749369625,1.0,1.0,TQQQ,TQQQ
2018-09-21,15.276843947997712,1.0,1.0,TQQQ,TQQQ
2018-09-24,15.40837145826796,1.0,1.0,TQQQ,TQQQ
2018-09-25,15.470784216763628,1.0,1.0,TQQQ,TQQQ
2018-09-26,15.45518191931134,1.0,1.0,TQQQ,TQQQ
2018-09-27,15.88319412107,1.0,1.0,TQQQ,TQQQ
2018-09-28,15.858671891668491,1.0,1.0,TQQQ,TQQQ
2018-10-01,15.950073090741684,1.0,1.0,TQQQ,TQQQ
2018-10-02,15.858671891668491,1.0,1.0,TQQQ,TQQQ
2018-10-03,15.90548592139839,1.0,1.0,TQQQ,TQQQ
2018-10-04,14.998190198691448,1.0,1.0,TQQQ,TQQQ
2018-10-05,14.434199442404223,1.0,1.0,TQQQ,TQQQ
2018-10-08,14.175610633039744,1.0,1.0,TQQQ,TQQQ
2018-10-09,14.284841882123455,1.0,1.0,TQQQ,TQQQ
2018-10-10,12.432359907615412,1.0,1.0,TQQQ,TQQQ
2018-10-11,11.92855594160888,1.0,1.0,TQQQ,TQQQ
2018-10-12,12.93616476579357,1.0,1.0,TQQQ,TQQQ
2018-10-15,12.447964881582585,1.0,1.0,TQQQ,TQQQ
2018-10-16,13.520217785507693,1.0,1.0,TQQQ,TQQQ
2018-10-17,13.564803170507728,1.0,1.0,TQQQ,TQQQ
2018-10-18,12.62407510033798,1.0,1.0,TQQQ,TQQQ
2018-10-19,12.5728019968051,1.0,1.0,TQQQ,TQQQ
2018-10-22,12.762284976111292,1.0,1.0,TQQQ,TQQQ
2018-10-23,12.621844671264858,1.0,1.0,TQQQ,TQQQ
2018-10-24,10.90534392780027,1.0,1.0,TQQQ,TQQQ
2018-10-25,10.90534392780027,0.0,0.0,CASH,TQQQ
2018-10-26,10.90534392780027,0.0,0.0,CASH,TQQQ
2018-10-29,10.90534392780027,0.0,0.0,CASH,TQQQ
2018-10-30,10.90534392780027,0.0,0.0,CASH,TQQQ
2018-10-31,10.90534392780027,0.0,0.0,CASH,TQQQ
2018-11-01,10.90534392780027,0.0,0.0,CASH,TQQQ
2018-11-02,10.90534392780027,0.0,0.0,CASH,TQQQ
2018-11-05,10.90534392780027,0.0,0.0,CASH,TQQQ
2018-11-06,10.90534392780027,0.0,0.0,CASH,TQQQ
2018-11-07,10.90534392780027,0.0,0.0,CASH,TQQQ
2018-11-08,10.90534392780027,0.0,0.0,CASH,TQQQ
2018-11-09,10.90534392780027,0.0,0.0,CASH,TQQQ
2018-11-12,10.90534392780027,0.0,0.0,CASH,TQQQ
2018-11-13,10.90534392780027,0.0,0.0,CASH,TQQQ
2018-11-14,10.90534392780027,0.0,0.0,CASH,TQQQ
2018-11-15,10.90534392780027,0.0,0.0,CASH,TQQQ
2018-11-16,10.90534392780027,0.0,0.0,CASH,TQQQ
2018-11-19,10.90534392780027,0.0,0.0,CASH,TQQQ
2018-11-20,10.90534392780027,0.0,0.0,CASH,TQQQ
2018-11-21,10.90534392780027,0.0,0.0,CASH,SOXL
2018-11-23,10.90534392780027,0.0,0.0,CASH,TQQQ
2018-11-26,10.90534392780027,0.0,0.0,CASH,TQQQ
2018-11-27,10.90534392780027,0.0,0.0,CASH,TQQQ
2018-11-28,10.90534392780027,0.0,0.0,CASH,TQQQ
2018-11-29,10.90534392780027,0.0,0.0,CASH,TQQQ
2018-11-30,10.90534392780027,0.0,0.0,CASH,TQQQ
2018-12-03,10.90534392780027,0.0,0.0,CASH,TQQQ
2018-12-04,10.90534392780027,0.0,0.0,CASH,SOXL
2018-12-06,10.90534392780027,0.0,0.0,CASH,TQQQ
2018-12-07,10.90534392780027,0.0,0.0,CASH,SOXL
2018-12-10,10.90534392780027,0.0,0.0,CASH,TQQQ
2018-12-11,10.90534392780027,0.0,0.0,CASH,SOXL
2018-12-12,10.90534392780027,0.0,0.0,CASH,SOXL
2018-12-13,10.90534392780027,0.0,0.0,CASH,SOXL
2018-12-14,10.90534392780027,0.0,0.0,CASH,SOXL
2018-12-17,10.90534392780027,0.0,0.0,CASH,SOXL
2018-12-18,10.90534392780027,0.0,0.0,CASH,SOXL
2018-12-19,10.90534392780027,0.0,0.0,CASH,SOXL
2018-12-20,10.90534392780027,0.0,0.0,CASH,TQQQ
2018-12-21,10.90534392780027,0.0,0.0,CASH,SOXL
2018-12-24,10.90534392780027,0.0,0.0,CASH,SOXL
2018-12-26,10.90534392780027,0.0,0.0,CASH,TQQQ
2018-12-27,10.90534392780027,0.0,0.0,CASH,SOXL
2018-12-28,10.90534392780027,0.0,0.0,CASH,SOXL
2018-12-31,10.90534392780027,0.0,0.0,CASH,SOXL
2019-01-02,10.90534392780027,0.0,0.0,CASH,SOXL
2019-01-03,10.90534392780027,0.0,0.0,CASH,TQQQ
2019-01-04,10.90534392780027,0.0,0.0,CASH,TQQQ
2019-01-07,10.90534392780027,0.0,0.0,CASH,TQQQ
2019-01-08,10.90534392780027,0.0,0.0,CASH,TQQQ
2019-01-09,10.90534392780027,0.0,0.0,CASH,TQQQ
2019-01-10,10.90534392780027,0.0,0.0,CASH,TQQQ
2019-01-11,10.90534392780027,0.0,0.0,CASH,TQQQ
2019-01-14,10.90534392780027,0.0,0.0,CASH,TQQQ
2019-01-15,10.90534392780027,0.0,0.0,CASH,TQQQ
2019-01-16,10.90534392780027,0.0,0.0,CASH,TQQQ
2019-01-17,10.90534392780027,0.0,0.0,CASH,TQQQ
2019-01-18,10.90534392780027,0.0,0.0,CASH,TQQQ
2019-01-22,10.90534392780027,0.0,0.0,CASH,TQQQ
2019-01-23,10.90534392780027,0.0,0.0,CASH,TQQQ
2019-01-24,10.90534392780027,0.0,0.0,CASH,TQQQ
2019-01-25,10.90534392780027,0.0,0.0,CASH,TQQQ
2019-01-28,10.90534392780027,0.0,0.0,CASH,TQQQ
2019-01-29,10.90534392780027,0.0,0.0,CASH,TQQQ
2019-01-30,10.90534392780027,0.0,0.0,CASH,TQQQ
2019-01-31,10.90534392780027,0.0,0.0,CASH,TQQQ
2019-02-01,10.90534392780027,0.0,0.0,CASH,TQQQ
2019-02-04,10.90534392780027,0.0,0.0,CASH,TQQQ
2019-02-05,10.90534392780027,0.0,0.0,CASH,TQQQ
2019-02-06,10.90534392780027,0.0,0.0,CASH,TQQQ
2019-02-07,10.90534392780027,0.0,0.0,CASH,TQQQ
2019-02-08,10.90534392780027,0.0,0.0,CASH,TQQQ
2019-02-11,10.90534392780027,0.0,0.0,CASH,TQQQ
2019-02-12,10.90534392780027,0.0,0.0,CASH,TQQQ
2019-02-13,10.90534392780027,0.0,0.0,CASH,TQQQ
2019-02-14,10.90534392780027,0.0,0.0,CASH,TQQQ
2019-02-15,10.90534392780027,0.0,0.0,CASH,TQQQ
2019-02-19,10.90534392780027,0.0,0.0,CASH,TQQQ
2019-02-20,10.90534392780027,0.0,0.0,CASH,TQQQ
2019-02-21,10.90534392780027,0.0,0.0,CASH,TQQQ
2019-02-22,10.90534392780027,0.0,0.0,CASH,TQQQ
2019-02-25,10.90534392780027,0.0,0.0,CASH,TQQQ
2019-02-26,10.90534392780027,0.0,0.0,CASH,TQQQ
2019-02-27,10.90534392780027,0.0,0.0,CASH,TQQQ
2019-02-28,10.90534392780027,0.0,0.0,CASH,TQQQ
2019-03-01,10.90534392780027,0.0,0.0,CASH,TQQQ
2019-03-04,10.90534392780027,0.0,0.0,CASH,SOXL
2019-03-05,10.90534392780027,0.0,0.0,CASH,SOXL
2019-03-06,10.90534392780027,0.0,0.0,CASH,SOXL
2019-03-07,10.90534392780027,0.0,0.0,CASH,SOXL
2019-03-08,10.90534392780027,0.0,0.0,CASH,SOXL
2019-03-11,10.90534392780027,0.0,0.0,CASH,SOXL
2019-03-12,10.90534392780027,0.0,0.0,CASH,SOXL
2019-03-13,10.90534392780027,0.0,0.0,CASH,SOXL
2019-03-14,10.90534392780027,0.0,0.0,CASH,SOXL
2019-03-15,10.90534392780027,0.0,0.0,CASH,SOXL
2019-03-18,10.90534392780027,0.0,0.0,CASH,SOXL
2019-03-19,10.90534392780027,0.0,0.0,CASH,SOXL
2019-03-20,10.594702311033966,1.0,1.0,SOXL,SOXL
2019-03-21,11.693058004162706,1.0,1.0,SOXL,SOXL
2019-03-22,10.698248378416153,1.0,1.0,SOXL,SOXL
2019-03-25,10.290200180570848,1.0,1.0,SOXL,SOXL
2019-03-26,10.603139836426163,1.0,1.0,SOXL,SOXL
2019-03-27,10.13833155275083,1.0,1.0,SOXL,SOXL
2019-03-28,10.08540836130865,1.0,1.0,SOXL,SOXL
2019-03-29,10.549449493747728,1.0,1.0,SOXL,SOXL
2019-04-01,11.326430282042121,1.0,1.0,SOXL,SOXL
2019-04-02,11.362479560906493,1.0,1.0,SOXL,SOXL
2019-04-03,12.136388329636132,1.0,1.0,SOXL,SOXL
2019-04-04,12.182411712778368,1.0,1.0,SOXL,SOXL
2019-04-05,12.460836392241816,1.0,1.0,SOXL,SOXL
2019-04-08,12.55057487557804,1.0,1.0,SOXL,SOXL
2019-04-09,12.127185929420849,1.0,1.0,SOXL,SOXL
2019-04-10,12.438595835629986,1.0,1.0,SOXL,SOXL
2019-04-11,12.407913200799634,1.0,1.0,SOXL,SOXL
2019-04-12,12.924112649857804,1.0,1.0,SOXL,SOXL
2019-04-15,12.648752022513039,1.0,1.0,SOXL,SOXL
2019-04-16,13.853729217208466,1.0,1.0,SOXL,SOXL
2019-04-17,14.484208021716864,1.0,1.0,SOXL,SOXL
2019-04-18,14.511820913395624,1.0,1.0,SOXL,SOXL
2019-04-22,14.517958123285643,1.0,1.0,SOXL,SOXL
2019-04-23,14.95361465998338,1.0,1.0,SOXL,SOXL
2019-04-24,15.386979986831598,1.0,1.0,SOXL,SOXL
2019-04-25,14.549403356525916,1.0,1.0,SOXL,SOXL
2019-04-26,14.185074811700925,1.0,1.0,SOXL,SOXL
2019-04-29,14.110678214883169,1.0,1.0,SOXL,SOXL
2019-04-30,14.423614456118736,1.0,1.0,SOXL,SOXL
2019-05-01,14.070023752188115,1.0,1.0,SOXL,SOXL
2019-05-02,14.538665515631543,1.0,1.0,SOXL,SOXL
2019-05-03,14.830129489698116,1.0,1.0,SOXL,SOXL
2019-05-06,14.101468985428388,1.0,1.0,SOXL,SOXL
2019-05-07,13.07214552149655,1.0,1.0,SOXL,SOXL
2019-05-08,12.758434161578656,1.0,1.0,SOXL,SOXL
2019-05-09,12.304364857004277,1.0,1.0,SOXL,SOXL
2019-05-10,12.340417550488397,1.0,1.0,SOXL,SOXL
2019-05-13,10.598538067215221,1.0,1.0,SOXL,SOXL
2019-05-14,11.35710836404614,1.0,1.0,SOXL,SOXL
2019-05-15,11.635533043509588,1.0,1.0,SOXL,SOXL
2019-05-16,11.044939274046824,1.0,1.0,SOXL,SOXL
2019-05-17,10.392211945480522,1.0,1.0,SOXL,SOXL
2019-05-20,9.146588824639409,1.0,1.0,SOXL,SOXL
2019-05-21,9.146588824639409,0.0,0.0,CASH,SOXL
2019-05-22,9.146588824639409,0.0,0.0,CASH,SOXL
2019-05-23,9.146588824639409,0.0,0.0,CASH,SOXL
2019-05-24,9.146588824639409,0.0,0.0,CASH,TQQQ
2019-05-28,9.146588824639409,0.0,0.0,CASH,SOXL
2019-05-29,9.146588824639409,0.0,0.0,CASH,SOXL
2019-05-30,9.146588824639409,0.0,0.0,CASH,SOXL
2019-05-31,9.146588824639409,0.0,0.0,CASH,SOXL
2019-06-03,9.146588824639409,0.0,0.0,CASH,SOXL
2019-06-04,9.146588824639409,0.0,0.0,CASH,TQQQ
2019-06-05,9.146588824639409,0.0,0.0,CASH,TQQQ
2019-06-06,9.146588824639409,0.0,0.0,CASH,TQQQ
2019-06-07,9.146588824639409,0.0,0.0,CASH,TQQQ
2019-06-10,9.146588824639409,0.0,0.0,CASH,TQQQ
2019-06-11,9.146588824639409,0.0,0.0,CASH,TQQQ
2019-06-12,9.146588824639409,0.0,0.0,CASH,TQQQ
2019-06-13,9.146588824639409,0.0,0.0,CASH,TQQQ
2019-06-14,9.146588824639409,0.0,0.0,CASH,TQQQ
2019-06-17,9.146588824639409,0.0,0.0,CASH,TQQQ
2019-06-18,9.146588824639409,0.0,0.0,CASH,TQQQ
2019-06-19,9.254160961703112,1.0,1.0,TQQQ,TQQQ
2019-06-20,9.508150232331383,1.0,1.0,TQQQ,TQQQ
2019-06-21,9.464821123441515,1.0,1.0,TQQQ,TQQQ
2019-06-24,9.461834699815025,1.0,1.0,TQQQ,TQQQ
2019-06-25,8.977761276881498,1.0,1.0,TQQQ,TQQQ
2019-06-26,9.09130924583103,1.0,1.0,TQQQ,TQQQ
2019-06-27,9.18991614274957,1.0,1.0,TQQQ,TQQQ
2019-06-28,9.228761736177002,1.0,1.0,TQQQ,TQQQ
2019-07-01,9.596298975754804,1.0,1.0,TQQQ,TQQQ
2019-07-02,9.71283635296367,1.0,1.0,TQQQ,TQQQ
2019-07-03,9.927977642458231,1.0,1.0,TQQQ,TQQQ
2019-07-05,9.863732226578117,1.0,1.0,TQQQ,TQQQ
2019-07-08,9.656059682319343,1.0,1.0,TQQQ,TQQQ
2019-07-09,9.800983902533948,1.0,1.0,TQQQ,TQQQ
2019-07-10,10.090831149110024,1.0,1.0,TQQQ,TQQQ
2019-07-11,10.063938413307381,1.0,1.0,TQQQ,TQQQ
2019-07-12,10.232765961065292,1.0,1.0,TQQQ,TQQQ
2019-07-15,10.319419403432473,1.0,1.0,TQQQ,TQQQ
2019-07-16,10.173001672941338,1.0,1.0,TQQQ,TQQQ
2019-07-17,10.022103411620613,1.0,1.0,TQQQ,TQQQ
2019-07-18,10.065428342024495,1.0,1.0,TQQQ,TQQQ
2019-07-19,9.821899015671056,1.0,1.0,TQQQ,TQQQ
2019-07-22,10.053479065959122,1.0,1.0,TQQQ,TQQQ
2019-07-23,10.247703451536868,1.0,1.0,TQQQ,TQQQ
2019-07-24,10.465837133923612,1.0,1.0,TQQQ,TQQQ
2019-07-25,10.167024050275806,1.0,1.0,TQQQ,TQQQ
2019-07-26,10.468825348329812,1.0,1.0,TQQQ,TQQQ
2019-07-29,10.371708977054954,1.0,1.0,TQQQ,TQQQ
2019-07-30,10.232765961065299,1.0,1.0,TQQQ,TQQQ
2019-07-31,9.800983902533954,1.0,1.0,TQQQ,TQQQ
2019-08-01,9.66353141218798,1.0,1.0,TQQQ,TQQQ
2019-08-02,9.221291200161513,1.0,1.0,TQQQ,TQQQ
2019-08-05,8.253144951221026,1.0,1.0,TQQQ,TQQQ
2019-08-06,8.592294750866516,1.0,1.0,TQQQ,TQQQ
2019-08-07,8.717795577440837,1.0,1.0,TQQQ,TQQQ
2019-08-08,9.29450066233365,1.0,1.0,TQQQ,TQQQ
2019-08-09,9.019594487788565,1.0,1.0,TQQQ,TQQQ
2019-08-12,8.717795577440837,1.0,1.0,TQQQ,TQQQ
2019-08-13,9.290018340724352,1.0,1.0,TQQQ,TQQQ
2019-08-14,8.457832862633017,1.0,1.0,TQQQ,TQQQ
2019-08-15,8.421974289758644,1.0,1.0,TQQQ,TQQQ
2019-08-16,8.810426642473553,1.0,1.0,TQQQ,TQQQ
2019-08-19,9.222785904291182,1.0,1.0,TQQQ,TQQQ
2019-08-20,9.033040258763316,1.0,1.0,TQQQ,TQQQ
2019-08-21,9.263125604921711,1.0,1.0,TQQQ,TQQQ
2019-08-22,9.173483351221764,1.0,1.0,TQQQ,TQQQ
2019-08-23,8.333824352482088,1.0,1.0,TQQQ,TQQQ
2019-08-26,8.671480044924479,1.0,1.0,TQQQ,TQQQ
2019-08-27,8.619188083595725,1.0,1.0,TQQQ,TQQQ
2019-08-28,8.705845704448892,1.0,1.0,TQQQ,TQQQ
2019-08-29,9.101767399326155,1.0,1.0,TQQQ,TQQQ
2019-08-30,9.03752317729918,1.0,1.0,TQQQ,TQQQ
2019-09-03,8.774569263452316,1.0,1.0,TQQQ,TQQQ
2019-09-04,9.491992304162304,1.0,1.0,SOXL,SOXL
2019-09-05,10.378470959016905,1.0,1.0,SOXL,SOXL
2019-09-06,10.42028320076225,1.0,1.0,SOXL,SOXL
2019-09-09,10.566638439355179,1.0,1.0,SOXL,SOXL
2019-09-10,10.705822855474167,1.0,1.0,SOXL,SOXL
2019-09-11,11.185500512384218,1.0,1.0,SOXL,SOXL
2019-09-12,11.284064135597498,1.0,1.0,SOXL,SOXL
2019-09-13,11.181912003026193,1.0,1.0,SOXL,SOXL
2019-09-16,10.954322260041405,1.0,1.0,SOXL,SOXL
2019-09-17,11.05407998762666,1.0,1.0,SOXL,SOXL
2019-09-18,11.075585373628927,1.0,1.0,SOXL,SOXL
2019-09-19,10.907131680146243,1.0,1.0,SOXL,SOXL
2019-09-20,10.29902008717473,1.0,1.0,SOXL,SOXL
2019-09-23,10.613826363718012,1.0,1.0,SOXL,SOXL
2019-09-24,10.099972005694662,1.0,1.0,SOXL,SOXL
2019-09-25,10.61640311525753,1.0,1.0,SOXL,SOXL
2019-09-26,10.64991327775549,1.0,1.0,SOXL,SOXL
2019-09-27,9.87377376165186,1.0,1.0,SOXL,SOXL
2019-09-30,10.186144915046665,1.0,1.0,SOXL,SOXL
2019-10-01,9.907283038972375,1.0,1.0,SOXL,SOXL
2019-10-02,9.439927937260414,1.0,1.0,SOXL,SOXL
2019-10-03,9.922845343615547,1.0,1.0,SOXL,SOXL
2019-10-04,10.460815475923559,1.0,1.0,SOXL,SOXL
2019-10-07,10.222646977305384,1.0,1.0,SOXL,SOXL
2019-10-08,9.282544272892542,1.0,1.0,SOXL,SOXL
2019-10-09,9.750502180443874,1.0,1.0,SOXL,SOXL
2019-10-10,10.034147555425603,1.0,1.0,SOXL,SOXL
2019-10-11,10.707957903469124,1.0,1.0,SOXL,SOXL
2019-10-14,10.706163648790112,1.0,1.0,SOXL,SOXL
2019-10-15,11.408098739762222,1.0,1.0,SOXL,SOXL
2019-10-16,10.912016089282298,1.0,1.0,SOXL,SOXL
2019-10-17,11.026313741562891,1.0,1.0,SOXL,SOXL
2019-10-18,10.65828971190817,1.0,1.0,SOXL,SOXL
2019-10-21,11.264481355003621,1.0,1.0,SOXL,SOXL
2019-10-22,11.001180898395061,1.0,1.0,SOXL,SOXL
2019-10-23,10.361478207624208,1.0,1.0,SOXL,SOXL
2019-10-24,11.113083260512159,1.0,1.0,SOXL,SOXL
2019-10-25,11.79706518256482,1.0,1.0,SOXL,SOXL
2019-10-28,12.415822804655464,1.0,1.0,SOXL,SOXL
2019-10-29,12.090285521958428,1.0,1.0,SOXL,SOXL
2019-10-30,12.092082432169772,1.0,1.0,SOXL,SOXL
2019-10-31,11.864686543045222,1.0,1.0,SOXL,SOXL
2019-11-01,12.682712655799495,1.0,1.0,SOXL,SOXL
2019-11-04,12.909032471587986,1.0,1.0,TQQQ,TQQQ
2019-11-05,12.925069201878228,1.0,1.0,TQQQ,TQQQ
2019-11-06,12.84309704632077,1.0,1.0,TQQQ,TQQQ
2019-11-07,12.97318793655838,1.0,1.0,TQQQ,TQQQ
2019-11-08,13.12644109414647,1.0,1.0,TQQQ,TQQQ
2019-11-11,13.071198246374319,1.0,1.0,TQQQ,TQQQ
2019-11-12,13.178116901483788,1.0,1.0,TQQQ,TQQQ
2019-11-13,13.158513130758715,1.0,1.0,TQQQ,TQQQ
2019-11-14,13.15494893826036,1.0,1.0,TQQQ,TQQQ
2019-11-15,13.40265533300722,1.0,1.0,TQQQ,TQQQ
2019-11-18,13.472149254899842,1.0,1.0,TQQQ,TQQQ
2019-11-19,13.527394950608466,1.0,1.0,TQQQ,TQQQ
2019-11-20,13.290388253197857,1.0,1.0,TQQQ,TQQQ
2019-11-21,13.18702951868203,1.0,1.0,TQQQ,TQQQ
2019-11-22,13.222670019697345,1.0,1.0,TQQQ,TQQQ
2019-11-25,13.68065095613303,1.0,1.0,TQQQ,TQQQ
2019-11-26,13.762624535658727,1.0,1.0,TQQQ,TQQQ
2019-11-27,14.040624430689252,1.0,1.0,TQQQ,TQQQ
2019-11-29,13.853507884446195,1.0,1.0,TQQQ,TQQQ
2019-12-02,13.408002333738873,1.0,1.0,TQQQ,TQQQ
2019-12-03,12.794920845379732,1.0,1.0,SOXL,SOXL
2019-12-04,13.395968379454002,1.0,1.0,SOXL,SOXL
2019-12-05,13.55683738094947,1.0,1.0,SOXL,SOXL
2019-12-06,14.187020294105498,1.0,1.0,SOXL,SOXL
2019-12-09,13.947613462975546,1.0,1.0,SOXL,SOXL
2019-12-10,14.102787298406575,1.0,1.0,SOXL,SOXL
2019-12-11,15.027472785591653,1.0,1.0,SOXL,SOXL
2019-12-12,16.246673962832247,1.0,1.0,SOXL,SOXL
2019-12-13,15.979399322892819,1.0,1.0,SOXL,SOXL
2019-12-16,16.432880316887804,1.0,1.0,SOXL,SOXL
2019-12-17,16.648848808718505,1.0,1.0,SOXL,SOXL
2019-12-18,16.624780900148764,1.0,1.0,SOXL,SOXL
2019-12-19,17.01555979275194,1.0,1.0,SOXL,SOXL
2019-12-20,17.5621383426205,1.0,1.0,SOXL,SOXL
2019-12-23,17.680568566758996,1.0,1.0,SOXL,SOXL
2019-12-24,17.811809401321106,1.0,1.0,SOXL,SOXL
2019-12-26,17.879012173509683,1.0,1.0,SOXL,SOXL
2019-12-27,17.679935250052374,1.0,1.0,SOXL,SOXL
2019-12-30,17.30777362016223,1.0,1.0,SOXL,SOXL
2019-12-31,17.423794242866652,1.0,1.0,SOXL,SOXL
2020-01-02,18.510487015272858,1.0,1.0,SOXL,SOXL
2020-01-03,18.00717609939442,1.0,1.0,TQQQ,TQQQ
2020-01-06,18.349507929536834,1.0,1.0,TQQQ,TQQQ
2020-01-07,18.327096416695717,1.0,1.0,TQQQ,TQQQ
2020-01-08,18.74889479342314,1.0,1.0,TQQQ,TQQQ
2020-01-09,19.221644407456505,1.0,1.0,TQQQ,TQQQ
2020-01-10,19.064739402382934,1.0,1.0,TQQQ,TQQQ
2020-01-13,19.731073768884347,1.0,1.0,TQQQ,TQQQ
2020-01-14,19.50080926902182,1.0,1.0,TQQQ,TQQQ
2020-01-15,19.513038021725375,1.0,1.0,TQQQ,TQQQ
2020-01-16,20.05710439333979,1.0,1.0,TQQQ,TQQQ
2020-01-17,20.35664454125452,1.0,1.0,TQQQ,TQQQ
2020-01-21,20.346460153437913,1.0,1.0,TQQQ,TQQQ
2020-01-22,20.48501958793757,1.0,1.0,TQQQ,TQQQ
2020-01-23,20.674527004385066,1.0,1.0,TQQQ,TQQQ
2020-01-24,20.138610421774604,1.0,1.0,TQQQ,TQQQ
2020-01-27,18.8935759288303,1.0,1.0,TQQQ,TQQQ
2020-01-28,19.77182759694127,1.0,1.0,TQQQ,TQQQ
2020-01-29,19.843142726843276,1.0,1.0,TQQQ,TQQQ
2020-01-30,20.06729366419355,1.0,1.0,TQQQ,TQQQ
2020-01-31,19.08104549110704,1.0,1.0,TQQQ,TQQQ
2020-02-03,19.957257677368215,1.0,1.0,TQQQ,TQQQ
2020-02-04,21.320479573820865,1.0,1.0,TQQQ,TQQQ
2020-02-05,21.567042024012256,1.0,1.0,TQQQ,TQQQ
2020-02-06,22.09276608041086,1.0,1.0,TQQQ,TQQQ
2020-02-07,21.807490911691392,1.0,1.0,TQQQ,TQQQ
2020-02-10,22.59404239747665,1.0,1.0,TQQQ,TQQQ
2020-02-11,22.61034523084266,1.0,1.0,TQQQ,TQQQ
2020-02-12,23.27259575060732,1.0,1.0,TQQQ,TQQQ
2020-02-13,23.18293667781045,1.0,1.0,TQQQ,TQQQ
2020-02-14,23.33984168288402,1.0,1.0,TQQQ,TQQQ
2020-02-18,23.380593883261902,1.0,1.0,TQQQ,TQQQ
2020-02-19,24.057111009900872,1.0,1.0,TQQQ,TQQQ
2020-02-20,23.372445721936995,1.0,1.0,TQQQ,TQQQ
2020-02-21,22.035712674346016,1.0,1.0,TQQQ,TQQQ
2020-02-24,19.49673681603841,1.0,1.0,TQQQ,TQQQ
2020-02-25,17.919554880768295,1.0,1.0,TQQQ,TQQQ
2020-02-26,18.166115703280635,1.0,1.0,TQQQ,TQQQ
2020-02-27,15.449859553550043,1.0,1.0,TQQQ,TQQQ
2020-02-28,16.571033845693417,1.0,1.0,SOXL,SOXL
2020-03-02,18.83287088112775,1.0,1.0,TQQQ,TQQQ
2020-03-03,17.059556869574674,1.0,1.0,TQQQ,TQQQ
2020-03-04,19.129858044944015,1.0,1.0,TQQQ,TQQQ
2020-03-05,17.451237561049172,1.0,1.0,TQQQ,TQQQ
2020-03-06,16.536599679359174,1.0,1.0,TQQQ,TQQQ
2020-03-09,13.177200452080061,1.0,1.0,TQQQ,TQQQ
2020-03-10,13.177200452080061,0.0,0.0,CASH,SOXL
2020-03-11,13.177200452080061,0.0,0.0,CASH,TQQQ
2020-03-12,13.177200452080061,0.0,0.0,CASH,SOXL
2020-03-13,13.177200452080061,0.0,0.0,CASH,TQQQ
2020-03-16,13.177200452080061,0.0,0.0,CASH,TQQQ
2020-03-17,13.177200452080061,0.0,0.0,CASH,SOXL
2020-03-18,13.177200452080061,0.0,0.0,CASH,TQQQ
2020-03-19,13.177200452080061,0.0,0.0,CASH,TQQQ
2020-03-20,13.177200452080061,0.0,0.0,CASH,TQQQ
2020-03-23,13.177200452080061,0.0,0.0,CASH,SOXL
2020-03-24,13.177200452080061,0.0,0.0,CASH,TQQQ
2020-03-25,13.177200452080061,0.0,0.0,CASH,TQQQ
2020-03-26,13.177200452080061,0.0,0.0,CASH,TQQQ
2020-03-27,13.177200452080061,0.0,0.0,CASH,TQQQ
2020-03-30,13.177200452080061,0.0,0.0,CASH,TQQQ
2020-03-31,13.177200452080061,0.0,0.0,CASH,TQQQ
2020-04-01,13.177200452080061,0.0,0.0,CASH,TQQQ
2020-04-02,13.177200452080061,0.0,0.0,CASH,TQQQ
2020-04-03,13.177200452080061,0.0,0.0,CASH,TQQQ
2020-04-06,13.177200452080061,0.0,0.0,CASH,TQQQ
2020-04-07,13.177200452080061,0.0,0.0,CASH,TQQQ
2020-04-08,13.177200452080061,0.0,0.0,CASH,TQQQ
2020-04-09,13.177200452080061,0.0,0.0,CASH,TQQQ
2020-04-13,13.177200452080061,0.0,0.0,CASH,TQQQ
2020-04-14,13.177200452080061,0.0,0.0,CASH,TQQQ
2020-04-15,13.177200452080061,0.0,0.0,CASH,TQQQ
2020-04-16,13.177200452080061,0.0,0.0,CASH,TQQQ
2020-04-17,13.177200452080061,0.0,0.0,CASH,TQQQ
2020-04-20,13.177200452080061,0.0,0.0,CASH,TQQQ
2020-04-21,13.177200452080061,0.0,0.0,CASH,TQQQ
2020-04-22,13.177200452080061,0.0,0.0,CASH,TQQQ
2020-04-23,13.177200452080061,0.0,0.0,CASH,TQQQ
2020-04-24,13.177200452080061,0.0,0.0,CASH,TQQQ
2020-04-27,13.177200452080061,0.0,0.0,CASH,TQQQ
2020-04-28,13.177200452080061,0.0,0.0,CASH,TQQQ
2020-04-29,13.177200452080061,0.0,0.0,CASH,TQQQ
2020-04-30,13.177200452080061,0.0,0.0,CASH,TQQQ
2020-05-01,13.177200452080061,0.0,0.0,CASH,TQQQ
2020-05-04,13.177200452080061,0.0,0.0,CASH,TQQQ
2020-05-05,13.177200452080061,0.0,0.0,CASH,TQQQ
2020-05-06,13.177200452080061,0.0,0.0,CASH,TQQQ
2020-05-07,13.177200452080061,0.0,0.0,CASH,TQQQ
2020-05-08,13.177200452080061,0.0,0.0,CASH,TQQQ
2020-05-11,13.504911645237632,1.0,1.0,TQQQ,TQQQ
2020-05-12,12.701484844494468,1.0,1.0,TQQQ,TQQQ
2020-05-13,12.220490200750879,1.0,1.0,TQQQ,TQQQ
2020-05-14,12.625729057154393,1.0,1.0,TQQQ,TQQQ
2020-05-15,12.8424397542263,1.0,1.0,TQQQ,TQQQ
2020-05-18,13.585956320309442,1.0,1.0,TQQQ,TQQQ
2020-05-19,13.48200532891997,1.0,1.0,TQQQ,TQQQ
2020-05-20,14.271331712903079,1.0,1.0,TQQQ,TQQQ
2020-05-21,13.832620023659846,1.0,1.0,TQQQ,TQQQ
2020-05-22,13.957715307034853,1.0,1.0,TQQQ,TQQQ
2020-05-26,13.899574133545347,1.0,1.0,TQQQ,TQQQ
2020-05-27,14.095144760734753,1.0,1.0,TQQQ,TQQQ
2020-05-28,14.005287149266946,1.0,1.0,TQQQ,TQQQ
2020-05-29,14.583191723909886,1.0,1.0,TQQQ,TQQQ
2020-06-01,14.762901317374789,1.0,1.0,TQQQ,TQQQ
2020-06-02,15.057136862957288,1.0,1.0,TQQQ,TQQQ
2020-06-03,15.261517611807333,1.0,1.0,TQQQ,TQQQ
2020-06-04,14.95142666197104,1.0,1.0,TQQQ,TQQQ
2020-06-05,15.837655940015111,1.0,1.0,TQQQ,TQQQ
2020-06-08,16.190038288557822,1.0,1.0,TQQQ,TQQQ
2020-06-09,16.551223721922785,1.0,1.0,TQQQ,TQQQ
2020-06-10,17.148502120013063,1.0,1.0,TQQQ,TQQQ
2020-06-11,14.623712654078108,1.0,1.0,TQQQ,TQQQ
2020-06-12,14.940853108610588,1.0,1.0,TQQQ,TQQQ
2020-06-15,15.46765897762182,1.0,1.0,TQQQ,TQQQ
2020-06-16,16.285176343551292,1.0,1.0,TQQQ,TQQQ
2020-06-17,16.443744459766016,1.0,1.0,TQQQ,TQQQ
2020-06-18,16.570604582208507,1.0,1.0,TQQQ,TQQQ
2020-06-19,16.5477010806262,1.0,1.0,TQQQ,TQQQ
2020-06-22,17.136170764423518,1.0,1.0,TQQQ,TQQQ
2020-06-23,17.58369116795971,1.0,1.0,TQQQ,TQQQ
2020-06-24,16.547701080626197,1.0,1.0,TQQQ,TQQQ
2020-06-25,16.98641136250175,1.0,1.0,TQQQ,TQQQ
2020-06-26,15.76541716450089,1.0,1.0,TQQQ,TQQQ
2020-06-29,16.26931812456214,1.0,1.0,TQQQ,TQQQ
2020-06-30,17.204885491273465,1.0,1.0,TQQQ,TQQQ
2020-07-01,17.819784132685022,1.0,1.0,TQQQ,TQQQ
2020-07-02,18.482814007822828,1.0,1.0,SOXL,SOXL
2020-07-06,19.96499886425151,1.0,1.0,SOXL,SOXL
2020-07-07,19.226864913576478,1.0,1.0,SOXL,SOXL
2020-07-08,20.022306884701322,1.0,1.0,SOXL,SOXL
2020-07-09,20.81872845518878,1.0,1.0,SOXL,SOXL
2020-07-10,20.611228318773122,1.0,1.0,SOXL,SOXL
2020-07-13,19.582593594021315,1.0,1.0,SOXL,SOXL
2020-07-14,20.620119057631094,1.0,1.0,SOXL,SOXL
2020-07-15,20.41360143605234,1.0,1.0,SOXL,SOXL
2020-07-16,20.16459660759468,1.0,1.0,SOXL,SOXL
2020-07-17,20.538105308018316,1.0,1.0,SOXL,SOXL
2020-07-20,21.803889085013342,1.0,1.0,SOXL,SOXL
2020-07-21,21.342435102526842,1.0,1.0,SOXL,SOXL
2020-07-22,21.598361266957227,1.0,1.0,SOXL,SOXL
2020-07-23,20.59244683337452,1.0,1.0,SOXL,SOXL
2020-07-24,19.611246875377653,1.0,1.0,SOXL,SOXL
2020-07-27,21.468918581538095,1.0,1.0,SOXL,SOXL
2020-07-28,20.199179963663962,1.0,1.0,SOXL,SOXL
2020-07-29,21.507453863012184,1.0,1.0,SOXL,SOXL
2020-07-30,22.766320677245925,1.0,1.0,SOXL,SOXL
2020-07-31,22.381937257707605,1.0,1.0,SOXL,SOXL
2020-08-03,23.7139285404333,1.0,1.0,SOXL,SOXL
2020-08-04,24.022249873109367,1.0,1.0,TQQQ,TQQQ
2020-08-05,24.21375276131328,1.0,1.0,TQQQ,TQQQ
2020-08-06,25.140633470891274,1.0,1.0,TQQQ,TQQQ
2020-08-07,24.319080114674414,1.0,1.0,TQQQ,TQQQ
2020-08-10,23.991608493177957,1.0,1.0,TQQQ,TQQQ
2020-08-11,22.63001209719257,1.0,1.0,TQQQ,TQQQ
2020-08-12,24.322913537774014,1.0,1.0,TQQQ,TQQQ
2020-08-13,24.493352485003665,1.0,1.0,TQQQ,TQQQ
2020-08-14,24.422492286183715,1.0,1.0,TQQQ,TQQQ
2020-08-17,25.228724187585886,1.0,1.0,TQQQ,TQQQ
2020-08-18,25.9698506139114,1.0,1.0,TQQQ,TQQQ
2020-08-19,25.462361076530183,1.0,1.0,TQQQ,TQQQ
2020-08-20,26.509879886398245,1.0,1.0,TQQQ,TQQQ
2020-08-21,27.063327669431658,1.0,1.0,TQQQ,TQQQ
2020-08-24,27.565074720653296,1.0,1.0,TQQQ,TQQQ
2020-08-25,28.208529931931125,1.0,1.0,TQQQ,TQQQ
2020-08-26,30.014399567207505,1.0,1.0,TQQQ,TQQQ
2020-08-27,29.74247127881021,1.0,1.0,TQQQ,TQQQ
2020-08-28,30.202081269895537,1.0,1.0,TQQQ,TQQQ
2020-08-31,30.901073695480665,1.0,1.0,TQQQ,TQQQ
2020-09-01,32.50587371148174,1.0,1.0,TQQQ,TQQQ
2020-09-02,35.421881001935496,1.0,1.0,SOXL,SOXL
2020-09-03,29.376716929083567,1.0,1.0,SOXL,SOXL
2020-09-04,28.56216449523315,1.0,1.0,SOXL,SOXL
2020-09-08,24.525071296703207,1.0,1.0,TQQQ,TQQQ
2020-09-09,26.552968923398158,1.0,1.0,SOXL,SOXL
2020-09-10,25.45019987703114,1.0,1.0,SOXL,SOXL
2020-09-11,25.361377091388192,1.0,1.0,SOXL,SOXL
2020-09-14,26.964775148088954,1.0,1.0,SOXL,SOXL
2020-09-15,28.351307425807434,1.0,1.0,SOXL,SOXL
2020-09-16,27.49770505495088,1.0,1.0,SOXL,SOXL
2020-09-17,27.37196793141797,1.0,1.0,SOXL,SOXL
2020-09-18,26.096168456875773,1.0,1.0,SOXL,SOXL
2020-09-21,25.970433035091798,1.0,1.0,SOXL,SOXL
2020-09-22,26.911716318056158,1.0,1.0,SOXL,SOXL
2020-09-23,24.908046490943516,1.0,1.0,SOXL,SOXL
2020-09-24,25.635913440016093,1.0,1.0,SOXL,SOXL
2020-09-25,26.742145545465082,1.0,1.0,SOXL,SOXL
2020-09-28,28.925766813670034,1.0,1.0,SOXL,SOXL
2020-09-29,29.16684677824314,1.0,1.0,SOXL,SOXL
2020-09-30,29.206065284190593,1.0,1.0,SOXL,SOXL
2020-10-01,31.019414913952232,1.0,1.0,SOXL,SOXL
2020-10-02,28.461447113779375,1.0,1.0,TQQQ,TQQQ
2020-10-05,30.256559535369878,1.0,1.0,TQQQ,TQQQ
2020-10-06,28.631217048950923,1.0,1.0,TQQQ,TQQQ
2020-10-07,30.136585574643576,1.0,1.0,TQQQ,TQQQ
2020-10-08,30.580261396338418,1.0,1.0,TQQQ,TQQQ
2020-10-09,31.940749837189554,1.0,1.0,TQQQ,TQQQ
2020-10-12,34.919771089461975,1.0,1.0,TQQQ,TQQQ
2020-10-13,34.924291585344655,1.0,1.0,TQQQ,TQQQ
2020-10-14,34.06182798408664,1.0,1.0,TQQQ,TQQQ
2020-10-15,33.35782765369842,1.0,1.0,TQQQ,TQQQ
2020-10-16,32.84622686087044,1.0,1.0,TQQQ,TQQQ
2020-10-19,31.214100014230755,1.0,1.0,TQQQ,TQQQ
2020-10-20,31.4155658583333,1.0,1.0,TQQQ,TQQQ
2020-10-21,31.334073974957064,1.0,1.0,TQQQ,TQQQ
2020-10-22,31.34992464172009,1.0,1.0,TQQQ,TQQQ
2020-10-23,31.533286803911675,1.0,1.0,TQQQ,TQQQ
2020-10-26,30.095830591963693,1.0,1.0,TQQQ,TQQQ
2020-10-27,30.80662613176276,1.0,1.0,TQQQ,TQQQ
2020-10-28,27.191509630053368,1.0,1.0,TQQQ,TQQQ
2020-10-29,29.356592488593293,1.0,1.0,SOXL,SOXL
2020-10-30,27.314677860836923,1.0,1.0,TQQQ,TQQQ
2020-11-02,27.323982984839517,1.0,1.0,TQQQ,TQQQ
2020-11-03,28.949635100014966,1.0,1.0,SOXL,SOXL
2020-11-04,31.983836412604756,1.0,1.0,SOXL,SOXL
2020-11-05,36.20189878840221,1.0,1.0,SOXL,SOXL
2020-11-06,38.06412041883855,1.0,1.0,SOXL,SOXL
2020-11-09,36.6101969665774,1.0,1.0,SOXL,SOXL
2020-11-10,33.31784970371142,1.0,1.0,SOXL,SOXL
2020-11-11,36.94830320903957,1.0,1.0,SOXL,SOXL
2020-11-12,35.518155267149794,1.0,1.0,SOXL,SOXL
2020-11-13,36.83595914193624,1.0,1.0,SOXL,SOXL
2020-11-16,39.55258847658434,1.0,1.0,SOXL,SOXL
2020-11-17,38.58907476405441,1.0,1.0,SOXL,SOXL
2020-11-18,37.77030482887384,1.0,1.0,SOXL,SOXL
2020-11-19,39.523420450992006,1.0,1.0,SOXL,SOXL
2020-11-20,38.881806751669764,1.0,1.0,SOXL,SOXL
2020-11-23,40.64140167842398,1.0,1.0,SOXL,SOXL
2020-11-24,41.29813800465134,1.0,1.0,SOXL,SOXL
2020-11-25,40.856350139749296,1.0,1.0,SOXL,SOXL
2020-11-27,42.262735319530634,1.0,1.0,SOXL,SOXL
2020-11-30,43.851666063325524,1.0,1.0,SOXL,SOXL
2020-12-01,46.17835153135725,1.0,1.0,SOXL,SOXL
2020-12-02,46.52941000896006,1.0,1.0,SOXL,SOXL
2020-12-03,46.59962425413322,1.0,1.0,SOXL,SOXL
2020-12-04,50.47850634631634,1.0,1.0,SOXL,SOXL
2020-12-07,51.13849666665753,1.0,1.0,SOXL,SOXL
2020-12-08,51.78335161183067,1.0,1.0,SOXL,SOXL
2020-12-09,47.35465924877669,1.0,1.0,SOXL,SOXL
2020-12-10,47.262833510865164,1.0,1.0,SOXL,SOXL
2020-12-11,45.63178250633729,1.0,1.0,SOXL,SOXL
2020-12-14,47.35033758764216,1.0,1.0,SOXL,SOXL
2020-12-15,49.3248905369189,1.0,1.0,SOXL,SOXL
2020-12-16,49.21579727686366,1.0,1.0,SOXL,SOXL
2020-12-17,49.47934530355801,1.0,1.0,SOXL,SOXL
2020-12-18,48.83340994310124,1.0,1.0,SOXL,SOXL
2020-12-21,47.8720602482043,1.0,1.0,SOXL,SOXL
2020-12-22,47.69498368898931,1.0,1.0,SOXL,SOXL
2020-12-23,46.704370356528045,1.0,1.0,SOXL,SOXL
2020-12-24,48.05257565134566,1.0,1.0,SOXL,SOXL
2020-12-28,47.77926245524409,1.0,1.0,SOXL,SOXL
2020-12-29,47.41196906479519,1.0,1.0,SOXL,SOXL
2020-12-30,49.86315406863754,1.0,1.0,SOXL,SOXL
2020-12-31,50.393577418651944,1.0,1.0,SOXL,SOXL
2021-01-04,49.69786327850476,1.0,1.0,SOXL,SOXL
2021-01-05,52.57685130281088,1.0,1.0,SOXL,SOXL
2021-01-06,52.19009450192793,1.0,1.0,SOXL,SOXL
2021-01-07,57.941600807101295,1.0,1.0,SOXL,SOXL
2021-01-08,57.99020355953608,1.0,1.0,SOXL,SOXL
2021-01-11,60.10217640910676,1.0,1.0,SOXL,SOXL
2021-01-12,61.28295239268448,1.0,1.0,SOXL,SOXL
2021-01-13,61.44606004278985,1.0,1.0,SOXL,SOXL
2021-01-14,65.44423400537518,1.0,1.0,SOXL,SOXL
2021-01-15,61.2915829666906,1.0,1.0,SOXL,SOXL
2021-01-19,67.51840188121594,1.0,1.0,SOXL,SOXL
2021-01-20,66.95556607269256,1.0,1.0,SOXL,SOXL
2021-01-21,69.93609719833142,1.0,1.0,SOXL,SOXL
2021-01-22,66.09781832359216,1.0,1.0,SOXL,SOXL
2021-01-25,66.38193248546433,1.0,1.0,SOXL,SOXL
2021-01-26,63.28689646215487,1.0,1.0,SOXL,SOXL
2021-01-27,53.7079281833415,1.0,1.0,SOXL,SOXL
2021-01-28,56.93260766655534,1.0,1.0,SOXL,SOXL
2021-01-29,54.12382751329091,1.0,1.0,SOXL,SOXL
2021-02-01,60.52024294375489,1.0,1.0,SOXL,SOXL
2021-02-02,63.275008706969174,1.0,1.0,SOXL,SOXL
2021-02-03,59.361107136507144,1.0,1.0,SOXL,SOXL
2021-02-04,60.82813261599842,1.0,1.0,SOXL,SOXL
2021-02-05,59.50694089033734,1.0,1.0,SOXL,SOXL
2021-02-08,65.03373356477817,1.0,1.0,SOXL,SOXL
2021-02-09,64.20513471887571,1.0,1.0,SOXL,SOXL
2021-02-10,64.81227074109373,1.0,1.0,SOXL,SOXL
2021-02-11,71.56626219858538,1.0,1.0,SOXL,SOXL
2021-02-12,74.17085342444055,1.0,1.0,SOXL,SOXL
2021-02-16,75.48341457609551,1.0,1.0,SOXL,SOXL
2021-02-17,71.31671495165797,1.0,1.0,SOXL,SOXL
2021-02-18,69.16908521066169,1.0,1.0,SOXL,SOXL
2021-02-19,74.2140764099173,1.0,1.0,SOXL,SOXL
2021-02-22,66.12481914448574,1.0,1.0,SOXL,SOXL
2021-02-23,64.78310271550139,1.0,1.0,SOXL,SOXL
2021-02-24,70.8867670359556,1.0,1.0,SOXL,SOXL
2021-02-25,58.690229799620546,1.0,1.0,SOXL,SOXL
2021-02-26,62.728382314765994,1.0,1.0,SOXL,SOXL
2021-03-01,68.96274182681663,1.0,1.0,SOXL,SOXL
2021-03-02,62.46803091500227,1.0,1.0,SOXL,SOXL
2021-03-03,56.73166954619415,1.0,1.0,SOXL,SOXL
2021-03-04,48.58083817079277,1.0,1.0,SOXL,SOXL
2021-03-05,53.069460117898124,1.0,1.0,SOXL,SOXL
2021-03-08,44.59455515045886,1.0,1.0,SOXL,SOXL
2021-03-09,52.583336981578356,1.0,1.0,SOXL,SOXL
2021-03-10,49.77996846592929,1.0,1.0,SOXL,SOXL
2021-03-11,55.85662240429271,1.0,1.0,SOXL,SOXL
2021-03-12,54.15514999531901,1.0,1.0,SOXL,SOXL
2021-03-15,57.63910365007868,1.0,1.0,SOXL,SOXL
2021-03-16,59.92393657089903,1.0,1.0,SOXL,SOXL
2021-03-17,62.25736587002269,1.0,1.0,SOXL,SOXL
2021-03-18,54.62508283771297,1.0,1.0,SOXL,SOXL
2021-03-19,56.310339456234985,1.0,1.0,SOXL,SOXL
2021-03-22,59.95634265527652,1.0,1.0,SOXL,SOXL
2021-03-23,55.16748318075359,1.0,1.0,SOXL,SOXL
2021-03-24,52.83303720766097,1.0,1.0,SOXL,SOXL
2021-03-25,53.18970173388889,1.0,1.0,SOXL,SOXL
2021-03-26,61.100868953202216,1.0,1.0,SOXL,SOXL
2021-03-29,58.02070377860493,1.0,1.0,SOXL,SOXL
2021-03-30,57.582992170775945,1.0,1.0,SOXL,SOXL
2021-03-31,61.94386696208831,1.0,1.0,SOXL,SOXL
2021-04-01,68.75265682780051,1.0,1.0,SOXL,SOXL
2021-04-05,72.88212208857854,1.0,1.0,TQQQ,TQQQ
2021-04-06,72.71004266311668,1.0,1.0,TQQQ,TQQQ
2021-04-07,73.24775006546506,1.0,1.0,TQQQ,TQQQ
2021-04-08,75.53472451365289,1.0,1.0,TQQQ,TQQQ
2021-04-09,76.90404701421237,1.0,1.0,TQQQ,TQQQ
2021-04-12,76.60292949450671,1.0,1.0,TQQQ,TQQQ
2021-04-13,79.22686442303004,1.0,1.0,TQQQ,TQQQ
2021-04-14,76.44520099720245,1.0,1.0,TQQQ,TQQQ
2021-04-15,79.82190681848049,1.0,1.0,TQQQ,TQQQ
2021-04-16,80.1588501189339,1.0,1.0,TQQQ,TQQQ
2021-04-19,77.97225199506619,1.0,1.0,TQQQ,TQQQ
2021-04-20,76.26598046742593,1.0,1.0,TQQQ,TQQQ
2021-04-21,78.1944794962966,1.0,1.0,TQQQ,TQQQ
2021-04-22,75.34831706654286,1.0,1.0,TQQQ,TQQQ
2021-04-23,78.18733266535459,1.0,1.0,TQQQ,TQQQ
2021-04-26,79.73586996906323,1.0,1.0,TQQQ,TQQQ
2021-04-27,78.68917420056373,1.0,1.0,TQQQ,TQQQ
2021-04-28,77.87905113482486,1.0,1.0,TQQQ,TQQQ
2021-04-29,78.66050670401269,1.0,1.0,TQQQ,TQQQ
2021-04-30,77.18363814168164,1.0,1.0,TQQQ,TQQQ
2021-05-03,75.92185597626636,1.0,1.0,TQQQ,TQQQ
2021-05-04,71.92144026298683,1.0,1.0,TQQQ,TQQQ
2021-05-05,71.08264397406958,1.0,1.0,TQQQ,TQQQ
2021-05-06,72.63836819511171,1.0,1.0,TQQQ,TQQQ
2021-05-07,74.41633137063897,1.0,1.0,TQQQ,TQQQ
2021-05-10,68.8243599289422,1.0,1.0,TQQQ,TQQQ
2021-05-11,68.48022398452792,1.0,1.0,TQQQ,TQQQ
2021-05-12,63.26820854136583,1.0,1.0,TQQQ,TQQQ
2021-05-13,64.60168808129549,1.0,1.0,TQQQ,TQQQ
2021-05-14,68.8028392633332,1.0,1.0,TQQQ,TQQQ
2021-05-17,67.64142196898332,1.0,1.0,TQQQ,TQQQ
2021-05-18,66.22192848614586,1.0,1.0,TQQQ,TQQQ
2021-05-19,66.46568237961266,1.0,1.0,TQQQ,TQQQ
2021-05-20,70.30837532221528,1.0,1.0,TQQQ,TQQQ
2021-05-21,69.14695802786542,1.0,1.0,TQQQ,TQQQ
2021-05-24,72.60969497193335,1.0,1.0,TQQQ,TQQQ
2021-05-25,72.96097774728965,1.0,1.0,TQQQ,TQQQ
2021-05-26,73.69940916514149,1.0,1.0,TQQQ,TQQQ
2021-05-27,72.83910939049728,1.0,1.0,TQQQ,TQQQ
2021-05-28,73.54885040528866,1.0,1.0,TQQQ,TQQQ
2021-06-01,72.83193392641849,1.0,1.0,TQQQ,TQQQ
2021-06-02,73.21190137820788,1.0,1.0,TQQQ,TQQQ
2021-06-03,70.9105989083719,1.0,1.0,TQQQ,TQQQ
2021-06-04,74.54536946488282,1.0,1.0,TQQQ,TQQQ
2021-06-07,75.20493949739621,1.0,1.0,TQQQ,TQQQ
2021-06-08,75.29096489355874,1.0,1.0,TQQQ,TQQQ
2021-06-09,75.37700174297599,1.0,1.0,TQQQ,TQQQ
2021-06-10,77.68547395026341,1.0,1.0,TQQQ,TQQQ
2021-06-11,78.30202555806818,1.0,1.0,TQQQ,TQQQ
2021-06-14,80.49581059926939,1.0,1.0,TQQQ,TQQQ
2021-06-15,79.00460828866282,1.0,1.0,TQQQ,TQQQ
2021-06-16,78.15864798892149,1.0,1.0,TQQQ,TQQQ
2021-06-17,81.07651351981696,1.0,1.0,TQQQ,TQQQ
2021-06-18,79.14082757361278,1.0,1.0,TQQQ,TQQQ
2021-06-21,80.58902291276543,1.0,1.0,TQQQ,TQQQ
2021-06-22,82.84013722044136,1.0,1.0,TQQQ,TQQQ
2021-06-23,82.9835205162154,1.0,1.0,TQQQ,TQQQ
2021-06-24,84.51057151407915,1.0,1.0,TQQQ,TQQQ
2021-06-25,84.24529695500331,1.0,1.0,TQQQ,TQQQ
2021-06-28,87.22769012296172,1.0,1.0,TQQQ,TQQQ
2021-06-29,88.20986970765301,1.0,1.0,TQQQ,TQQQ
2021-06-30,87.82273824503953,1.0,1.0,TQQQ,TQQQ
2021-07-01,87.86575666974817,1.0,1.0,TQQQ,TQQQ
2021-07-02,90.84814411107921,1.0,1.0,TQQQ,TQQQ
2021-07-06,92.06691357841322,1.0,1.0,TQQQ,TQQQ
2021-07-07,92.65477478315752,1.0,1.0,TQQQ,TQQQ
2021-07-08,91.04887957983739,1.0,1.0,TQQQ,TQQQ
2021-07-09,92.59023569283987,1.0,1.0,TQQQ,TQQQ
2021-07-12,93.75166444044444,1.0,1.0,TQQQ,TQQQ
2021-07-13,93.70147055165702,1.0,1.0,TQQQ,TQQQ
2021-07-14,94.21051618408173,1.0,1.0,TQQQ,TQQQ
2021-07-15,92.26046785646524,1.0,1.0,TQQQ,TQQQ
2021-07-16,89.99499689400436,1.0,1.0,TQQQ,TQQQ
2021-07-19,87.8370777199424,1.0,1.0,TQQQ,TQQQ
2021-07-20,90.73343403848357,1.0,1.0,TQQQ,TQQQ
2021-07-21,92.80532781638298,1.0,1.0,TQQQ,TQQQ
2021-07-22,94.7553704173721,1.0,1.0,TQQQ,TQQQ
2021-07-23,97.90263891357678,1.0,1.0,TQQQ,TQQQ
2021-07-26,98.31129104179928,1.0,1.0,TQQQ,TQQQ
2021-07-27,95.09949490853165,1.0,1.0,TQQQ,TQQQ
2021-07-28,96.13900948632501,1.0,1.0,TQQQ,TQQQ
2021-07-29,96.61217779835575,1.0,1.0,TQQQ,TQQQ
2021-07-30,95.16400536571253,1.0,1.0,TQQQ,TQQQ
2021-08-02,95.13532641590677,1.0,1.0,TQQQ,TQQQ
2021-08-03,96.79137542162282,1.0,1.0,TQQQ,TQQQ
2021-08-04,97.27173637761442,1.0,1.0,TQQQ,TQQQ
2021-08-05,99.09990489518383,1.0,1.0,TQQQ,TQQQ
2021-08-06,97.80943232670808,1.0,1.0,TQQQ,TQQQ
2021-08-09,98.33278880089887,1.0,1.0,TQQQ,TQQQ
2021-08-10,96.86310715590133,1.0,1.0,TQQQ,TQQQ
2021-08-11,96.33975068171054,1.0,1.0,TQQQ,TQQQ
2021-08-12,97.3434452053835,1.0,1.0,TQQQ,TQQQ
2021-08-13,98.31844932599599,1.0,1.0,TQQQ,TQQQ
2021-08-16,98.49053447808521,1.0,1.0,TQQQ,TQQQ
2021-08-17,95.90245396344643,1.0,1.0,TQQQ,TQQQ
2021-08-18,93.11361507354005,1.0,1.0,TQQQ,TQQQ
2021-08-19,94.43990196950882,1.0,1.0,TQQQ,TQQQ
2021-08-20,97.35778468028637,1.0,1.0,TQQQ,TQQQ
2021-08-23,101.69515514727404,1.0,1.0,TQQQ,TQQQ
2021-08-24,102.698849670947,1.0,1.0,TQQQ,TQQQ
2021-08-25,102.81353111040585,1.0,1.0,TQQQ,TQQQ
2021-08-26,101.07141089550841,1.0,1.0,TQQQ,TQQQ
2021-08-27,104.02514802017049,1.0,1.0,TQQQ,TQQQ
2021-08-30,107.4735397627082,1.0,1.0,TQQQ,TQQQ
2021-08-31,107.17242224300254,1.0,1.0,TQQQ,TQQQ
2021-09-01,107.76026054123741,1.0,1.0,TQQQ,TQQQ
2021-09-02,107.6097533210308,1.0,1.0,TQQQ,TQQQ
2021-09-03,108.57757625093714,1.0,1.0,TQQQ,TQQQ
2021-09-07,109.02207706641684,1.0,1.0,TQQQ,TQQQ
2021-09-08,107.90366674352089,1.0,1.0,TQQQ,TQQQ
2021-09-09,106.74944209313188,1.0,1.0,TQQQ,TQQQ
2021-09-10,104.34776329897575,1.0,1.0,TQQQ,TQQQ
2021-09-13,104.1111505098236,1.0,1.0,TQQQ,TQQQ
2021-09-14,103.2149905946675,1.0,1.0,TQQQ,TQQQ
2021-09-15,105.50199940261946,1.0,1.0,TQQQ,TQQQ
2021-09-16,105.709887428947,1.0,1.0,TQQQ,TQQQ
2021-09-17,101.97474054811595,1.0,1.0,TQQQ,TQQQ
2021-09-20,95.70169558817884,1.0,1.0,TQQQ,TQQQ
2021-09-21,95.82358112485326,1.0,1.0,TQQQ,TQQQ
2021-09-22,98.62672512989838,1.0,1.0,TQQQ,TQQQ
2021-09-23,101.36535867776261,1.0,1.0,TQQQ,TQQQ
2021-09-24,101.65214817582013,1.0,1.0,TQQQ,TQQQ
2021-09-27,99.20025831299452,1.0,1.0,TQQQ,TQQQ
2021-09-28,90.92699976979027,1.0,1.0,TQQQ,TQQQ
2021-09-29,90.32479336351574,1.0,1.0,TQQQ,TQQQ
2021-09-30,89.30675936493991,1.0,1.0,TQQQ,TQQQ
2021-10-01,90.9341695072417,1.0,1.0,TQQQ,TQQQ
2021-10-04,85.34219806554492,1.0,1.0,TQQQ,TQQQ
2021-10-05,88.6256801200722,1.0,1.0,TQQQ,TQQQ
2021-10-06,90.37497579904843,1.0,1.0,TQQQ,TQQQ
2021-10-07,92.81967301791317,1.0,1.0,TQQQ,TQQQ
2021-10-08,91.39299834436956,1.0,1.0,TQQQ,TQQQ
2021-10-11,89.36412299117876,1.0,1.0,TQQQ,TQQQ
2021-10-12,88.45362360111977,1.0,1.0,TQQQ,TQQQ
2021-10-13,90.5255288322739,1.0,1.0,TQQQ,TQQQ
2021-10-14,95.52245215189288,1.0,1.0,TQQQ,TQQQ
2021-10-15,97.29324558996872,1.0,1.0,TQQQ,TQQQ
2021-10-18,100.2111111208642,1.0,1.0,TQQQ,TQQQ
2021-10-19,102.4120601728895,1.0,1.0,TQQQ,TQQQ
2021-10-20,102.08944489408424,1.0,1.0,TQQQ,TQQQ
2021-10-21,103.9175905051442,1.0,1.0,TQQQ,TQQQ
2021-10-22,101.28649156579681,1.0,1.0,TQQQ,TQQQ
2021-10-25,104.32623118011202,1.0,1.0,TQQQ,TQQQ
2021-10-26,105.30126966048866,1.0,1.0,TQQQ,TQQQ
2021-10-27,106.13289048532712,1.0,1.0,TQQQ,TQQQ
2021-10-28,109.6171194618673,1.0,1.0,TQQQ,TQQQ
2021-10-29,111.23734268683559,1.0,1.0,TQQQ,TQQQ
2021-11-01,112.33425525063194,1.0,1.0,TQQQ,TQQQ
2021-11-02,113.83261584543524,1.0,1.0,TQQQ,TQQQ
2021-11-03,117.44588864284658,1.0,1.0,TQQQ,TQQQ
2021-11-04,121.82626608128815,1.0,1.0,TQQQ,TQQQ
2021-11-05,122.27792518096457,1.0,1.0,TQQQ,TQQQ
2021-11-08,121.77606646587338,1.0,1.0,TQQQ,TQQQ
2021-11-09,119.26685306320043,1.0,1.0,TQQQ,TQQQ
2021-11-10,114.04051532501754,1.0,1.0,TQQQ,TQQQ
2021-11-11,114.9653427367247,1.0,1.0,TQQQ,TQQQ
2021-11-12,118.61446422139322,1.0,1.0,TQQQ,TQQQ
2021-11-15,118.57861553413603,1.0,1.0,TQQQ,TQQQ
2021-11-16,121.03049394370692,1.0,1.0,TQQQ,TQQQ
2021-11-17,121.17386578622623,1.0,1.0,TQQQ,TQQQ
2021-11-18,124.88033371725153,1.0,1.0,TQQQ,TQQQ
2021-11-19,126.99525737311428,1.0,1.0,TQQQ,TQQQ
2021-11-22,122.59337072231841,1.0,1.0,TQQQ,TQQQ
2021-11-23,120.92295933519006,1.0,1.0,TQQQ,TQQQ
2021-11-24,122.04134675157657,1.0,1.0,TQQQ,TQQQ
2021-11-26,115.3094443213748,1.0,1.0,TQQQ,TQQQ
2021-11-29,122.47147373238923,1.0,1.0,TQQQ,TQQQ
2021-11-30,117.20931021345858,1.0,1.0,TQQQ,TQQQ
2021-12-01,111.19435862189113,1.0,1.0,TQQQ,TQQQ
2021-12-02,111.3527856331131,1.0,1.0,SOXL,SOXL
2021-12-03,110.78942037181577,1.0,1.0,SOXL,SOXL
2021-12-06,110.20846595355093,1.0,1.0,SOXL,SOXL
2021-12-07,126.7397123113086,1.0,1.0,SOXL,SOXL
2021-12-08,124.45105910790485,1.0,1.0,SOXL,SOXL
2021-12-09,116.01818318969165,1.0,1.0,SOXL,SOXL
2021-12-10,119.01106027506631,1.0,1.0,SOXL,SOXL
2021-12-13,109.75072562187461,1.0,1.0,SOXL,SOXL
2021-12-14,108.30709262185809,1.0,1.0,SOXL,SOXL
2021-12-15,119.92652709413957,1.0,1.0,SOXL,SOXL
2021-12-16,104.2755138644026,1.0,1.0,SOXL,SOXL
2021-12-17,103.80016360933969,1.0,1.0,SOXL,SOXL
2021-12-20,101.31782893724233,1.0,1.0,SOXL,SOXL
2021-12-21,111.82013389468746,1.0,1.0,SOXL,SOXL
2021-12-22,115.13070950354899,1.0,1.0,SOXL,SOXL
2021-12-23,118.70543396320926,1.0,1.0,SOXL,SOXL
2021-12-27,128.53150817161404,1.0,1.0,SOXL,SOXL
2021-12-28,124.18195400508382,1.0,1.0,SOXL,SOXL
2021-12-29,125.02721648336042,1.0,1.0,SOXL,SOXL
2021-12-30,120.37834899637586,1.0,1.0,SOXL,SOXL
2021-12-31,119.76198783356607,1.0,1.0,SOXL,SOXL
2022-01-03,126.96428036732573,1.0,1.0,SOXL,SOXL
2022-01-04,125.15047210278708,1.0,1.0,SOXL,SOXL
2022-01-05,112.7182053767047,1.0,1.0,SOXL,SOXL
2022-01-06,115.4124682777343,1.0,1.0,SOXL,SOXL
2022-01-07,105.19896191054532,1.0,1.0,SOXL,SOXL
2022-01-10,105.6568129964568,1.0,1.0,SOXL,SOXL
2022-01-11,111.45032550356923,1.0,1.0,SOXL,SOXL
2022-01-12,113.72193639904145,1.0,1.0,SOXL,SOXL
2022-01-13,106.00899761990905,1.0,1.0,SOXL,SOXL
2022-01-14,113.54585793159472,1.0,1.0,SOXL,SOXL
2022-01-18,98.57780377068259,1.0,1.0,SOXL,SOXL
2022-01-19,95.14848871834846,1.0,1.0,TQQQ,TQQQ
2022-01-20,86.10543839995823,1.0,1.0,SOXL,SOXL
2022-01-21,81.83667547675692,1.0,1.0,SOXL,SOXL
2022-01-24,81.83667547675692,0.0,0.0,CASH,TQQQ
2022-01-25,81.83667547675692,0.0,0.0,CASH,SOXL
2022-01-26,81.83667547675692,0.0,0.0,CASH,TQQQ
2022-01-27,81.83667547675692,0.0,0.0,CASH,SOXL
2022-01-28,81.83667547675692,0.0,0.0,CASH,TQQQ
2022-01-31,81.83667547675692,0.0,0.0,CASH,SOXL
2022-02-01,81.83667547675692,0.0,0.0,CASH,SOXL
2022-02-02,81.83667547675692,0.0,0.0,CASH,SOXL
2022-02-03,81.83667547675692,0.0,0.0,CASH,SOXL
2022-02-04,81.83667547675692,0.0,0.0,CASH,SOXL
2022-02-07,81.83667547675692,0.0,0.0,CASH,SOXL
2022-02-08,81.83667547675692,0.0,0.0,CASH,SOXL
2022-02-09,81.83667547675692,0.0,0.0,CASH,SOXL
2022-02-10,81.83667547675692,0.0,0.0,CASH,SOXL
2022-02-11,81.83667547675692,0.0,0.0,CASH,SOXL
2022-02-14,81.83667547675692,0.0,0.0,CASH,SOXL
2022-02-15,81.83667547675692,0.0,0.0,CASH,SOXL
2022-02-16,81.83667547675692,0.0,0.0,CASH,SOXL
2022-02-17,81.83667547675692,0.0,0.0,CASH,SOXL
2022-02-18,81.83667547675692,0.0,0.0,CASH,SOXL
2022-02-22,81.83667547675692,0.0,0.0,CASH,SOXL
2022-02-23,81.83667547675692,0.0,0.0,CASH,SOXL
2022-02-24,81.83667547675692,0.0,0.0,CASH,SOXL
2022-02-25,81.83667547675692,0.0,0.0,CASH,SOXL
2022-02-28,81.83667547675692,0.0,0.0,CASH,SOXL
2022-03-01,81.83667547675692,0.0,0.0,CASH,SOXL
2022-03-02,81.83667547675692,0.0,0.0,CASH,TQQQ
2022-03-03,81.83667547675692,0.0,0.0,CASH,TQQQ
2022-03-04,81.83667547675692,0.0,0.0,CASH,TQQQ
2022-03-07,81.83667547675692,0.0,0.0,CASH,TQQQ
2022-03-08,81.83667547675692,0.0,0.0,CASH,SOXL
2022-03-09,81.83667547675692,0.0,0.0,CASH,TQQQ
2022-03-10,81.83667547675692,0.0,0.0,CASH,TQQQ
2022-03-11,81.83667547675692,0.0,0.0,CASH,TQQQ
2022-03-14,81.83667547675692,0.0,0.0,CASH,TQQQ
2022-03-15,81.83667547675692,0.0,0.0,CASH,TQQQ
2022-03-16,81.83667547675692,0.0,0.0,CASH,TQQQ
2022-03-17,81.83667547675692,0.0,0.0,CASH,TQQQ
2022-03-18,81.83667547675692,0.0,0.0,CASH,TQQQ
2022-03-21,81.83667547675692,0.0,0.0,CASH,TQQQ
2022-03-22,81.83667547675692,0.0,0.0,CASH,TQQQ
2022-03-23,81.83667547675692,0.0,0.0,CASH,TQQQ
2022-03-24,81.83667547675692,0.0,0.0,CASH,TQQQ
2022-03-25,81.83667547675692,0.0,0.0,CASH,TQQQ
2022-03-28,81.83667547675692,0.0,0.0,CASH,TQQQ
2022-03-29,81.83667547675692,0.0,0.0,CASH,TQQQ
2022-03-30,81.83667547675692,0.0,0.0,CASH,TQQQ
2022-03-31,81.83667547675692,0.0,0.0,CASH,TQQQ
2022-04-01,81.83667547675692,0.0,0.0,CASH,TQQQ
2022-04-04,81.83667547675692,0.0,0.0,CASH,TQQQ
2022-04-05,81.83667547675692,0.0,0.0,CASH,TQQQ
2022-04-06,81.83667547675692,0.0,0.0,CASH,TQQQ
2022-04-07,81.83667547675692,0.0,0.0,CASH,TQQQ
2022-04-08,81.83667547675692,0.0,0.0,CASH,TQQQ
2022-04-11,81.83667547675692,0.0,0.0,CASH,TQQQ
2022-04-12,81.83667547675692,0.0,0.0,CASH,TQQQ
2022-04-13,81.83667547675692,0.0,0.0,CASH,TQQQ
2022-04-14,81.83667547675692,0.0,0.0,CASH,TQQQ
2022-04-18,81.83667547675692,0.0,0.0,CASH,TQQQ
2022-04-19,81.83667547675692,0.0,0.0,CASH,TQQQ
2022-04-20,81.83667547675692,0.0,0.0,CASH,TQQQ
2022-04-21,81.83667547675692,0.0,0.0,CASH,TQQQ
2022-04-22,81.83667547675692,0.0,0.0,CASH,TQQQ
2022-04-25,81.83667547675692,0.0,0.0,CASH,TQQQ
2022-04-26,81.83667547675692,0.0,0.0,CASH,TQQQ
2022-04-27,81.83667547675692,0.0,0.0,CASH,TQQQ
2022-04-28,81.83667547675692,0.0,0.0,CASH,TQQQ
2022-04-29,81.83667547675692,0.0,0.0,CASH,TQQQ
2022-05-02,81.83667547675692,0.0,0.0,CASH,SOXL
2022-05-03,81.83667547675692,0.0,0.0,CASH,TQQQ
2022-05-04,81.83667547675692,0.0,0.0,CASH,TQQQ
2022-05-05,81.83667547675692,0.0,0.0,CASH,TQQQ
2022-05-06,81.83667547675692,0.0,0.0,CASH,TQQQ
2022-05-09,81.83667547675692,0.0,0.0,CASH,TQQQ
2022-05-10,81.83667547675692,0.0,0.0,CASH,SOXL
2022-05-11,81.83667547675692,0.0,0.0,CASH,TQQQ
2022-05-12,81.83667547675692,0.0,0.0,CASH,TQQQ
2022-05-13,81.83667547675692,0.0,0.0,CASH,TQQQ
2022-05-16,81.83667547675692,0.0,0.0,CASH,TQQQ
2022-05-17,81.83667547675692,0.0,0.0,CASH,TQQQ
2022-05-18,81.83667547675692,0.0,0.0,CASH,TQQQ
2022-05-19,81.83667547675692,0.0,0.0,CASH,SOXL
2022-05-20,81.83667547675692,0.0,0.0,CASH,TQQQ
2022-05-23,81.83667547675692,0.0,0.0,CASH,TQQQ
2022-05-24,81.83667547675692,0.0,0.0,CASH,TQQQ
2022-05-25,81.83667547675692,0.0,0.0,CASH,TQQQ
2022-05-26,81.83667547675692,0.0,0.0,CASH,TQQQ
2022-05-27,81.83667547675692,0.0,0.0,CASH,TQQQ
2022-05-31,81.83667547675692,0.0,0.0,CASH,TQQQ
2022-06-01,81.83667547675692,0.0,0.0,CASH,TQQQ
2022-06-02,81.83667547675692,0.0,0.0,CASH,TQQQ
2022-06-03,81.83667547675692,0.0,0.0,CASH,TQQQ
2022-06-06,81.83667547675692,0.0,0.0,CASH,TQQQ
2022-06-07,81.83667547675692,0.0,0.0,CASH,TQQQ
2022-06-08,81.83667547675692,0.0,0.0,CASH,TQQQ
2022-06-09,81.83667547675692,0.0,0.0,CASH,TQQQ
2022-06-10,81.83667547675692,0.0,0.0,CASH,TQQQ
2022-06-13,81.83667547675692,0.0,0.0,CASH,TQQQ
2022-06-14,81.83667547675692,0.0,0.0,CASH,SOXL
2022-06-15,81.83667547675692,0.0,0.0,CASH,TQQQ
2022-06-16,81.83667547675692,0.0,0.0,CASH,TQQQ
2022-06-17,81.83667547675692,0.0,0.0,CASH,TQQQ
2022-06-21,81.83667547675692,0.0,0.0,CASH,TQQQ
2022-06-22,81.83667547675692,0.0,0.0,CASH,TQQQ
2022-06-23,81.83667547675692,0.0,0.0,CASH,TQQQ
2022-06-24,81.83667547675692,0.0,0.0,CASH,TQQQ
2022-06-27,81.83667547675692,0.0,0.0,CASH,TQQQ
2022-06-28,81.83667547675692,0.0,0.0,CASH,TQQQ
2022-06-29,81.83667547675692,0.0,0.0,CASH,TQQQ
2022-06-30,81.83667547675692,0.0,0.0,CASH,TQQQ
2022-07-01,81.83667547675692,0.0,0.0,CASH,TQQQ
2022-07-05,81.83667547675692,0.0,0.0,CASH,TQQQ
2022-07-06,81.83667547675692,0.0,0.0,CASH,TQQQ
2022-07-07,81.83667547675692,0.0,0.0,CASH,TQQQ
2022-07-08,81.83667547675692,0.0,0.0,CASH,TQQQ
2022-07-11,81.83667547675692,0.0,0.0,CASH,TQQQ
2022-07-12,81.83667547675692,0.0,0.0,CASH,TQQQ
2022-07-13,81.83667547675692,0.0,0.0,CASH,TQQQ
2022-07-14,81.83667547675692,0.0,0.0,CASH,TQQQ
2022-07-15,81.83667547675692,0.0,0.0,CASH,TQQQ
2022-07-18,81.83667547675692,0.0,0.0,CASH,TQQQ
2022-07-19,81.83667547675692,0.0,0.0,CASH,TQQQ
2022-07-20,81.83667547675692,0.0,0.0,CASH,TQQQ
2022-07-21,81.83667547675692,0.0,0.0,CASH,TQQQ
2022-07-22,81.83667547675692,0.0,0.0,CASH,TQQQ
2022-07-25,81.83667547675692,0.0,0.0,CASH,TQQQ
2022-07-26,81.83667547675692,0.0,0.0,CASH,TQQQ
2022-07-27,81.83667547675692,0.0,0.0,CASH,TQQQ
2022-07-28,81.83667547675692,0.0,0.0,CASH,TQQQ
2022-07-29,81.83667547675692,0.0,0.0,CASH,TQQQ
2022-08-01,81.83667547675692,0.0,0.0,CASH,TQQQ
2022-08-02,81.83667547675692,0.0,0.0,CASH,TQQQ
2022-08-03,81.83667547675692,0.0,0.0,CASH,TQQQ
2022-08-04,81.83667547675692,0.0,0.0,CASH,TQQQ
2022-08-05,81.83667547675692,0.0,0.0,CASH,TQQQ
2022-08-08,81.83667547675692,0.0,0.0,CASH,TQQQ
2022-08-09,81.83667547675692,0.0,0.0,CASH,TQQQ
2022-08-10,81.83667547675692,0.0,0.0,CASH,TQQQ
2022-08-11,81.83667547675692,0.0,0.0,CASH,TQQQ
2022-08-12,81.83667547675692,0.0,0.0,CASH,TQQQ
2022-08-15,81.83667547675692,0.0,0.0,CASH,TQQQ
2022-08-16,81.83667547675692,0.0,0.0,CASH,TQQQ
2022-08-17,81.83667547675692,0.0,0.0,CASH,TQQQ
2022-08-18,81.83667547675692,0.0,0.0,CASH,TQQQ
2022-08-19,81.83667547675692,0.0,0.0,CASH,TQQQ
2022-08-22,81.83667547675692,0.0,0.0,CASH,TQQQ
2022-08-23,81.83667547675692,0.0,0.0,CASH,TQQQ
2022-08-24,81.83667547675692,0.0,0.0,CASH,TQQQ
2022-08-25,81.83667547675692,0.0,0.0,CASH,TQQQ
2022-08-26,81.83667547675692,0.0,0.0,CASH,TQQQ
2022-08-29,81.83667547675692,0.0,0.0,CASH,TQQQ
2022-08-30,81.83667547675692,0.0,0.0,CASH,TQQQ
2022-08-31,81.83667547675692,0.0,0.0,CASH,TQQQ
2022-09-01,81.83667547675692,0.0,0.0,CASH,TQQQ
2022-09-02,81.83667547675692,0.0,0.0,CASH,TQQQ
2022-09-06,81.83667547675692,0.0,0.0,CASH,TQQQ
2022-09-07,81.83667547675692,0.0,0.0,CASH,TQQQ
2022-09-08,81.83667547675692,0.0,0.0,CASH,TQQQ
2022-09-09,81.83667547675692,0.0,0.0,CASH,TQQQ
2022-09-12,81.83667547675692,0.0,0.0,CASH,TQQQ
2022-09-13,81.83667547675692,0.0,0.0,CASH,TQQQ
2022-09-14,81.83667547675692,0.0,0.0,CASH,TQQQ
2022-09-15,81.83667547675692,0.0,0.0,CASH,TQQQ
2022-09-16,81.83667547675692,0.0,0.0,CASH,TQQQ
2022-09-19,81.83667547675692,0.0,0.0,CASH,TQQQ
2022-09-20,81.83667547675692,0.0,0.0,CASH,TQQQ
2022-09-21,81.83667547675692,0.0,0.0,CASH,TQQQ
2022-09-22,81.83667547675692,0.0,0.0,CASH,TQQQ
2022-09-23,81.83667547675692,0.0,0.0,CASH,TQQQ
2022-09-26,81.83667547675692,0.0,0.0,CASH,TQQQ
2022-09-27,81.83667547675692,0.0,0.0,CASH,TQQQ
2022-09-28,81.83667547675692,0.0,0.0,CASH,TQQQ
2022-09-29,81.83667547675692,0.0,0.0,CASH,TQQQ
2022-09-30,81.83667547675692,0.0,0.0,CASH,SOXL
2022-10-03,81.83667547675692,0.0,0.0,CASH,TQQQ
2022-10-04,81.83667547675692,0.0,0.0,CASH,TQQQ
2022-10-05,81.83667547675692,0.0,0.0,CASH,TQQQ
2022-10-06,81.83667547675692,0.0,0.0,CASH,TQQQ
2022-10-07,81.83667547675692,0.0,0.0,CASH,TQQQ
2022-10-10,81.83667547675692,0.0,0.0,CASH,TQQQ
2022-10-11,81.83667547675692,0.0,0.0,CASH,TQQQ
2022-10-12,81.83667547675692,0.0,0.0,CASH,TQQQ
2022-10-13,81.83667547675692,0.0,0.0,CASH,TQQQ
2022-10-14,81.83667547675692,0.0,0.0,CASH,TQQQ
2022-10-17,81.83667547675692,0.0,0.0,CASH,TQQQ
2022-10-18,81.83667547675692,0.0,0.0,CASH,TQQQ
2022-10-19,81.83667547675692,0.0,0.0,CASH,TQQQ
2022-10-20,81.83667547675692,0.0,0.0,CASH,TQQQ
2022-10-21,81.83667547675692,0.0,0.0,CASH,TQQQ
2022-10-24,81.83667547675692,0.0,0.0,CASH,TQQQ
2022-10-25,81.83667547675692,0.0,0.0,CASH,TQQQ
2022-10-26,81.83667547675692,0.0,0.0,CASH,TQQQ
2022-10-27,81.83667547675692,0.0,0.0,CASH,TQQQ
2022-10-28,81.83667547675692,0.0,0.0,CASH,TQQQ
2022-10-31,81.83667547675692,0.0,0.0,CASH,TQQQ
2022-11-01,81.83667547675692,0.0,0.0,CASH,TQQQ
2022-11-02,81.83667547675692,0.0,0.0,CASH,TQQQ
2022-11-03,81.83667547675692,0.0,0.0,CASH,TQQQ
2022-11-04,81.83667547675692,0.0,0.0,CASH,SOXL
2022-11-07,81.83667547675692,0.0,0.0,CASH,TQQQ
2022-11-08,81.83667547675692,0.0,0.0,CASH,TQQQ
2022-11-09,81.83667547675692,0.0,0.0,CASH,TQQQ
2022-11-10,81.83667547675692,0.0,0.0,CASH,TQQQ
2022-11-11,81.83667547675692,0.0,0.0,CASH,TQQQ
2022-11-14,81.83667547675692,0.0,0.0,CASH,TQQQ
2022-11-15,81.83667547675692,0.0,0.0,CASH,TQQQ
2022-11-16,81.83667547675692,0.0,0.0,CASH,TQQQ
2022-11-17,81.83667547675692,0.0,0.0,CASH,TQQQ
2022-11-18,81.83667547675692,0.0,0.0,CASH,TQQQ
2022-11-21,81.83667547675692,0.0,0.0,CASH,TQQQ
2022-11-22,81.83667547675692,0.0,0.0,CASH,TQQQ
2022-11-23,81.83667547675692,0.0,0.0,CASH,TQQQ
2022-11-25,81.83667547675692,0.0,0.0,CASH,TQQQ
2022-11-28,81.83667547675692,0.0,0.0,CASH,TQQQ
2022-11-29,81.83667547675692,0.0,0.0,CASH,TQQQ
2022-11-30,81.83667547675692,0.0,0.0,CASH,TQQQ
2022-12-01,81.83667547675692,0.0,0.0,CASH,TQQQ
2022-12-02,81.83667547675692,0.0,0.0,CASH,TQQQ
2022-12-05,81.83667547675692,0.0,0.0,CASH,TQQQ
2022-12-06,81.83667547675692,0.0,0.0,CASH,TQQQ
2022-12-07,81.83667547675692,0.0,0.0,CASH,TQQQ
2022-12-08,81.83667547675692,0.0,0.0,CASH,TQQQ
2022-12-09,81.83667547675692,0.0,0.0,CASH,TQQQ
2022-12-12,81.83667547675692,0.0,0.0,CASH,TQQQ
2022-12-13,81.83667547675692,0.0,0.0,CASH,TQQQ
2022-12-14,81.83667547675692,0.0,0.0,CASH,TQQQ
2022-12-15,81.83667547675692,0.0,0.0,CASH,TQQQ
2022-12-16,81.83667547675692,0.0,0.0,CASH,TQQQ
2022-12-19,81.83667547675692,0.0,0.0,CASH,TQQQ
2022-12-20,81.83667547675692,0.0,0.0,CASH,TQQQ
2022-12-21,81.83667547675692,0.0,0.0,CASH,TQQQ
2022-12-22,81.83667547675692,0.0,0.0,CASH,TQQQ
2022-12-23,81.83667547675692,0.0,0.0,CASH,TQQQ
2022-12-27,81.83667547675692,0.0,0.0,CASH,TQQQ
2022-12-28,81.83667547675692,0.0,0.0,CASH,TQQQ
2022-12-29,81.83667547675692,0.0,0.0,CASH,TQQQ
2022-12-30,81.83667547675692,0.0,0.0,CASH,TQQQ
2023-01-03,81.83667547675692,0.0,0.0,CASH,TQQQ
2023-01-04,81.83667547675692,0.0,0.0,CASH,SOXL
2023-01-05,81.83667547675692,0.0,0.0,CASH,SOXL
2023-01-06,81.83667547675692,0.0,0.0,CASH,SOXL
2023-01-09,81.83667547675692,0.0,0.0,CASH,SOXL
2023-01-10,81.83667547675692,0.0,0.0,CASH,SOXL
2023-01-11,81.83667547675692,0.0,0.0,CASH,SOXL
2023-01-12,81.83667547675692,0.0,0.0,CASH,SOXL
2023-01-13,81.83667547675692,0.0,0.0,CASH,SOXL
2023-01-17,81.83667547675692,0.0,0.0,CASH,SOXL
2023-01-18,81.83667547675692,0.0,0.0,CASH,SOXL
2023-01-19,81.83667547675692,0.0,0.0,CASH,SOXL
2023-01-20,81.83667547675692,0.0,0.0,CASH,SOXL
2023-01-23,81.83667547675692,0.0,0.0,CASH,SOXL
2023-01-24,81.83667547675692,0.0,0.0,CASH,SOXL
2023-01-25,81.83667547675692,0.0,0.0,CASH,SOXL
2023-01-26,81.83667547675692,0.0,0.0,CASH,SOXL
2023-01-27,81.83667547675692,0.0,0.0,CASH,SOXL
2023-01-30,81.83667547675692,0.0,0.0,CASH,SOXL
2023-01-31,81.83667547675692,0.0,0.0,CASH,SOXL
2023-02-01,81.83667547675692,0.0,0.0,CASH,SOXL
2023-02-02,81.83667547675692,0.0,0.0,CASH,SOXL
2023-02-03,81.83667547675692,0.0,0.0,CASH,SOXL
2023-02-06,81.83667547675692,0.0,0.0,CASH,SOXL
2023-02-07,81.83667547675692,0.0,0.0,CASH,SOXL
2023-02-08,81.83667547675692,0.0,0.0,CASH,SOXL
2023-02-09,81.83667547675692,0.0,0.0,CASH,SOXL
2023-02-10,81.83667547675692,0.0,0.0,CASH,SOXL
2023-02-13,81.83667547675692,0.0,0.0,CASH,SOXL
2023-02-14,81.83667547675692,0.0,0.0,CASH,SOXL
2023-02-15,81.83667547675692,0.0,0.0,CASH,SOXL
2023-02-16,81.83667547675692,0.0,0.0,CASH,SOXL
2023-02-17,81.83667547675692,0.0,0.0,CASH,SOXL
2023-02-21,81.83667547675692,0.0,0.0,CASH,SOXL
2023-02-22,81.83667547675692,0.0,0.0,CASH,SOXL
2023-02-23,81.83667547675692,0.0,0.0,CASH,SOXL
2023-02-24,81.83667547675692,0.0,0.0,CASH,SOXL
2023-02-27,81.83667547675692,0.0,0.0,CASH,SOXL
2023-02-28,81.83667547675692,0.0,0.0,CASH,SOXL
2023-03-01,81.83667547675692,0.0,0.0,CASH,SOXL
2023-03-02,81.83667547675692,0.0,0.0,CASH,SOXL
2023-03-03,81.83667547675692,0.0,0.0,CASH,SOXL
2023-03-06,81.83667547675692,0.0,0.0,CASH,SOXL
2023-03-07,81.83667547675692,0.0,0.0,CASH,SOXL
2023-03-08,81.83667547675692,0.0,0.0,CASH,SOXL
2023-03-09,81.83667547675692,0.0,0.0,CASH,SOXL
2023-03-10,81.83667547675692,0.0,0.0,CASH,SOXL
2023-03-13,81.83667547675692,0.0,0.0,CASH,SOXL
2023-03-14,81.83667547675692,0.0,0.0,CASH,SOXL
2023-03-15,81.83667547675692,0.0,0.0,CASH,SOXL
2023-03-16,81.83667547675692,0.0,0.0,CASH,SOXL
2023-03-17,81.83667547675692,0.0,0.0,CASH,SOXL
2023-03-20,81.83667547675692,0.0,0.0,CASH,SOXL
2023-03-21,81.83667547675692,0.0,0.0,CASH,SOXL
2023-03-22,81.83667547675692,0.0,0.0,CASH,SOXL
2023-03-23,81.83667547675692,0.0,0.0,CASH,SOXL
2023-03-24,81.83667547675692,0.0,0.0,CASH,SOXL
2023-03-27,81.83667547675692,0.0,0.0,CASH,SOXL
2023-03-28,81.83667547675692,0.0,0.0,CASH,SOXL
2023-03-29,81.83667547675692,0.0,0.0,CASH,SOXL
2023-03-30,86.00518566659436,1.0,1.0,SOXL,SOXL
2023-03-31,87.68216695075958,1.0,1.0,SOXL,SOXL
2023-04-03,85.33438942275951,1.0,1.0,SOXL,SOXL
2023-04-04,84.48288169924179,1.0,1.0,TQQQ,TQQQ
2023-04-05,81.7762583137147,1.0,1.0,TQQQ,TQQQ
2023-04-06,83.41847451993324,1.0,1.0,TQQQ,TQQQ
2023-04-10,83.23602273769517,1.0,1.0,TQQQ,TQQQ
2023-04-11,81.62420615188509,1.0,1.0,TQQQ,TQQQ
2023-04-12,79.46499217285955,1.0,1.0,TQQQ,TQQQ
2023-04-13,84.02670719382382,1.0,1.0,TQQQ,TQQQ
2023-04-14,83.54012105471135,1.0,1.0,TQQQ,TQQQ
2023-04-17,83.63135595579493,1.0,1.0,TQQQ,TQQQ
2023-04-18,83.69216720989792,1.0,1.0,TQQQ,TQQQ
2023-04-19,83.50970942101681,1.0,1.0,TQQQ,TQQQ
2023-04-20,81.56338288449601,1.0,1.0,TQQQ,TQQQ
2023-04-21,81.71545306625472,1.0,1.0,TQQQ,TQQQ
2023-04-24,81.22886692714225,1.0,1.0,TQQQ,TQQQ
2023-04-25,76.63672825919737,1.0,1.0,TQQQ,TQQQ
2023-04-26,76.63672825919737,0.0,0.0,CASH,SOXL
2023-04-27,76.63672825919737,0.0,0.0,CASH,TQQQ
2023-04-28,78.18662326255824,1.0,1.0,TQQQ,TQQQ
2023-05-01,77.96522452829359,1.0,1.0,TQQQ,TQQQ
2023-05-02,75.88946858223855,1.0,1.0,TQQQ,TQQQ
2023-05-03,74.39491642931829,1.0,1.0,TQQQ,TQQQ
2023-05-04,73.56462061069679,1.0,1.0,TQQQ,TQQQ
2023-05-05,78.0759102291748,1.0,1.0,TQQQ,TQQQ
2023-05-08,78.7124732722515,1.0,1.0,TQQQ,TQQQ
2023-05-09,77.19026609361225,1.0,1.0,TQQQ,TQQQ
2023-05-10,79.68117541547846,1.0,1.0,TQQQ,TQQQ
2023-05-11,80.3453989507746,1.0,1.0,TQQQ,TQQQ
2023-05-12,79.51510859865354,1.0,1.0,TQQQ,TQQQ
2023-05-15,80.73288090136546,1.0,1.0,TQQQ,TQQQ
2023-05-16,81.03732124379323,1.0,1.0,TQQQ,TQQQ
2023-05-17,83.94338394147063,1.0,1.0,TQQQ,TQQQ
2023-05-18,88.45467902644907,1.0,1.0,TQQQ,TQQQ
2023-05-19,87.84578740859267,1.0,1.0,TQQQ,TQQQ
2023-05-22,88.7591139023764,1.0,1.0,TQQQ,TQQQ
2023-05-23,85.32720666150615,1.0,1.0,TQQQ,TQQQ
2023-05-24,83.94338394147063,1.0,1.0,TQQQ,TQQQ
2023-05-25,90.00456856330952,1.0,1.0,TQQQ,TQQQ
2023-05-26,96.81304566110984,1.0,1.0,TQQQ,TQQQ
2023-05-30,98.16916415692243,1.0,1.0,TQQQ,TQQQ
2023-05-31,96.17644981903051,1.0,1.0,TQQQ,TQQQ
2023-06-01,99.6637163098427,1.0,1.0,TQQQ,TQQQ
2023-06-02,101.90551720672089,1.0,1.0,TQQQ,TQQQ
2023-06-05,102.12696513948949,1.0,1.0,TQQQ,TQQQ
2023-06-06,102.01623570660476,1.0,1.0,TQQQ,TQQQ
2023-06-07,96.81304566110987,1.0,1.0,TQQQ,TQQQ
2023-06-08,100.1342398685967,1.0,1.0,TQQQ,TQQQ
2023-06-09,101.35200123830774,1.0,1.0,TQQQ,TQQQ
2023-06-12,106.52753079158319,1.0,1.0,TQQQ,TQQQ
2023-06-13,108.90773254656644,1.0,1.0,TQQQ,TQQQ
2023-06-14,111.23256958510731,1.0,1.0,TQQQ,TQQQ
2023-06-15,115.13498398523022,1.0,1.0,TQQQ,TQQQ
2023-06-16,112.92086544657322,1.0,1.0,TQQQ,TQQQ
2023-06-20,112.3673276121583,1.0,1.0,TQQQ,TQQQ
2023-06-21,107.86396988581674,1.0,1.0,TQQQ,TQQQ
2023-06-22,111.44557724119868,1.0,1.0,TQQQ,TQQQ
2023-06-23,108.14163530909615,1.0,1.0,TQQQ,TQQQ
2023-06-26,103.86592452702057,1.0,1.0,TQQQ,TQQQ
2023-06-27,109.0023139371555,1.0,1.0,TQQQ,TQQQ
2023-06-28,109.66865847462182,1.0,1.0,TQQQ,TQQQ
2023-06-29,108.9190044704709,1.0,1.0,TQQQ,TQQQ
2023-06-30,113.8332899677846,1.0,1.0,TQQQ,TQQQ
2023-07-03,114.6106809951611,1.0,1.0,TQQQ,TQQQ
2023-07-05,114.52739339447825,1.0,1.0,TQQQ,TQQQ
2023-07-06,111.83423448938389,1.0,1.0,TQQQ,TQQQ
2023-07-07,110.69592323704778,1.0,1.0,TQQQ,TQQQ
2023-07-10,110.77921083773063,1.0,1.0,TQQQ,TQQQ
2023-07-11,112.36179551371447,1.0,1.0,TQQQ,TQQQ
2023-07-12,116.52641607387636,1.0,1.0,TQQQ,TQQQ
2023-07-13,122.32912815547586,1.0,1.0,TQQQ,TQQQ
2023-07-14,122.21808166556568,1.0,1.0,TQQQ,TQQQ
2023-07-17,125.6053002653502,1.0,1.0,TQQQ,TQQQ
2023-07-18,128.60386161694953,1.0,1.0,TQQQ,TQQQ
2023-07-19,128.60386161694953,1.0,1.0,TQQQ,TQQQ
2023-07-20,119.5804733379286,1.0,1.0,TQQQ,TQQQ
2023-07-21,118.52543875327446,1.0,1.0,TQQQ,TQQQ
2023-07-24,118.99741640114512,1.0,1.0,TQQQ,TQQQ
2023-07-25,121.38515099373278,1.0,1.0,TQQQ,TQQQ
2023-07-26,120.13576045248386,1.0,1.0,TQQQ,TQQQ
2023-07-27,119.10847382405618,1.0,1.0,TQQQ,TQQQ
2023-07-28,125.54977155389466,1.0,1.0,TQQQ,TQQQ
2023-07-31,125.79966715494585,1.0,1.0,TQQQ,TQQQ
2023-08-01,124.8279092379737,1.0,1.0,TQQQ,TQQQ
2023-08-02,116.66523238601475,1.0,1.0,TQQQ,TQQQ
2023-08-03,115.83231264718272,1.0,1.0,TQQQ,TQQQ
2023-08-04,114.22198001497243,1.0,1.0,TQQQ,TQQQ
2023-08-07,117.05392243320254,1.0,1.0,TQQQ,TQQQ
2023-08-08,114.05540481360673,1.0,1.0,TQQQ,TQQQ
2023-08-09,110.25169354540357,1.0,1.0,TQQQ,TQQQ
2023-08-10,110.7514519485033,1.0,1.0,TQQQ,TQQQ
2023-08-11,108.5303144232831,1.0,1.0,TQQQ,TQQQ
2023-08-14,112.1396588018906,1.0,1.0,TQQQ,TQQQ
2023-08-15,108.69688962464882,1.0,1.0,TQQQ,TQQQ
2023-08-16,105.08755617904221,1.0,1.0,TQQQ,TQQQ
2023-08-17,101.53374051189024,1.0,1.0,TQQQ,TQQQ
2023-08-18,101.06174099801783,1.0,1.0,TQQQ,TQQQ
2023-08-21,105.94825667310332,1.0,1.0,TQQQ,TQQQ
2023-08-22,105.47623529322914,1.0,1.0,TQQQ,TQQQ
2023-08-23,110.44604950199836,1.0,1.0,TQQQ,TQQQ
2023-08-24,103.17182110032695,1.0,1.0,TQQQ,TQQQ
2023-08-25,105.61508440437015,1.0,1.0,TQQQ,TQQQ
2023-08-28,107.97503824172874,1.0,1.0,TQQQ,TQQQ
2023-08-29,114.86055473021058,1.0,1.0,TQQQ,TQQQ
2023-08-30,116.77627887592494,1.0,1.0,TQQQ,TQQQ
2023-08-31,117.83132439357996,1.0,1.0,TQQQ,TQQQ
2023-09-01,117.41486452416395,1.0,1.0,TQQQ,TQQQ
2023-09-05,117.72026697066892,1.0,1.0,TQQQ,TQQQ
2023-09-06,114.61068099516116,1.0,1.0,TQQQ,TQQQ
2023-09-07,112.11189991266332,1.0,1.0,TQQQ,TQQQ
2023-09-08,112.4450612483956,1.0,1.0,TQQQ,TQQQ
2023-09-11,116.27654233882696,1.0,1.0,TQQQ,TQQQ
2023-09-12,112.55611867130666,1.0,1.0,TQQQ,TQQQ
2023-09-13,113.6666929004172,1.0,1.0,TQQQ,TQQQ
2023-09-14,116.3320710502825,1.0,1.0,TQQQ,TQQQ
2023-09-15,110.36276190131554,1.0,1.0,TQQQ,TQQQ
2023-09-18,110.6126137703632,1.0,1.0,TQQQ,TQQQ
2023-09-19,109.94628016589775,1.0,1.0,TQQQ,TQQQ
2023-09-20,105.17910912838826,1.0,1.0,TQQQ,TQQQ
2023-09-21,99.18877581873436,1.0,1.0,TQQQ,TQQQ
2023-09-22,99.27236954344177,1.0,1.0,TQQQ,TQQQ
2023-09-25,100.58183692451115,1.0,1.0,TQQQ,TQQQ
2023-09-26,96.09608132958193,1.0,1.0,TQQQ,TQQQ
2023-09-27,96.68119367053033,1.0,1.0,TQQQ,TQQQ
2023-09-28,99.0215993023204,1.0,1.0,TQQQ,TQQQ
2023-09-29,99.24449039120478,1.0,1.0,TQQQ,TQQQ
2023-10-02,101.61277517523182,1.0,1.0,TQQQ,TQQQ
2023-10-03,96.23540055976066,1.0,1.0,TQQQ,TQQQ
2023-10-04,100.13607661274412,1.0,1.0,TQQQ,TQQQ
2023-10-05,99.07733574079259,1.0,1.0,TQQQ,TQQQ
2023-10-06,104.06460995196277,1.0,1.0,TQQQ,TQQQ
2023-10-09,105.59702308692091,1.0,1.0,TQQQ,TQQQ
2023-10-10,107.32448095752913,1.0,1.0,TQQQ,TQQQ
2023-10-11,109.609150150847,1.0,1.0,TQQQ,TQQQ
2023-10-12,108.32750725701021,1.0,1.0,TQQQ,TQQQ
2023-10-13,104.23178646837673,1.0,1.0,TQQQ,TQQQ
2023-10-16,107.74238398306095,1.0,1.0,TQQQ,TQQQ
2023-10-17,106.71150039734465,1.0,1.0,TQQQ,TQQQ
2023-10-18,102.19785471717759,1.0,1.0,TQQQ,TQQQ
2023-10-19,99.46738148008919,1.0,1.0,TQQQ,TQQQ
2023-10-20,94.98160401915823,1.0,1.0,TQQQ,TQQQ
2023-10-23,95.81745380222534,1.0,1.0,TQQQ,TQQQ
2023-10-24,98.52006975307853,1.0,1.0,TQQQ,TQQQ
2023-10-25,91.30381358855873,1.0,1.0,TQQQ,TQQQ
2023-10-26,85.98217541155977,1.0,1.0,TQQQ,TQQQ
2023-10-27,87.2081037329261,1.0,1.0,TQQQ,TQQQ
2023-10-30,90.02216522822148,1.0,1.0,TQQQ,TQQQ
2023-10-31,91.33168180779481,1.0,1.0,TQQQ,TQQQ
2023-11-01,96.04036675711147,1.0,1.0,TQQQ,TQQQ
2023-11-02,101.13910291222517,1.0,1.0,TQQQ,TQQQ
2023-11-03,104.70545873138335,1.0,1.0,TQQQ,TQQQ
2023-11-06,105.9035188335136,1.0,1.0,TQQQ,TQQQ
2023-11-07,108.88472951272074,1.0,1.0,TQQQ,TQQQ
2023-11-08,109.0797742483708,1.0,1.0,TQQQ,TQQQ
2023-11-09,106.48862024146112,1.0,1.0,TQQQ,TQQQ
2023-11-10,113.59343086153872,1.0,1.0,TQQQ,TQQQ
2023-11-13,112.56254727582241,1.0,1.0,TQQQ,TQQQ
2023-11-14,119.63947874366306,1.0,1.0,TQQQ,TQQQ
2023-11-15,119.97383177649095,1.0,1.0,TQQQ,TQQQ
2023-11-16,120.16884371313839,1.0,1.0,TQQQ,TQQQ
2023-11-17,120.25245930384756,1.0,1.0,TQQQ,TQQQ
2023-11-20,124.54320296212934,1.0,1.0,TQQQ,TQQQ
2023-11-21,122.28636918904493,1.0,1.0,TQQQ,TQQQ
2023-11-22,123.7073641120631,1.0,1.0,TQQQ,TQQQ
2023-11-24,123.09437261887774,1.0,1.0,TQQQ,TQQQ
2023-11-27,122.73218416581638,1.0,1.0,TQQQ,TQQQ
2023-11-28,123.70736411206312,1.0,1.0,TQQQ,TQQQ
2023-11-29,123.26156006829258,1.0,1.0,TQQQ,TQQQ
2023-11-30,122.23065461657453,1.0,1.0,TQQQ,TQQQ
2023-12-01,123.2615600682926,1.0,1.0,TQQQ,TQQQ
2023-12-04,119.75092975460575,1.0,1.0,TQQQ,TQQQ
2023-12-05,120.61465868990985,1.0,1.0,TQQQ,TQQQ
2023-12-06,118.46928686076895,1.0,1.0,TQQQ,TQQQ
2023-12-07,123.4287147187048,1.0,1.0,TQQQ,TQQQ
2023-12-08,124.90541328119251,1.0,1.0,TQQQ,TQQQ
2023-12-11,128.0816686960497,1.0,1.0,TQQQ,TQQQ
2023-12-12,131.17435225220123,1.0,1.0,TQQQ,TQQQ
2023-12-13,135.79943801031004,1.0,1.0,TQQQ,TQQQ
2023-12-14,135.57656878742742,1.0,1.0,TQQQ,TQQQ
2023-12-15,137.1925647140921,1.0,1.0,TQQQ,TQQQ
2023-12-18,140.06235718135926,1.0,1.0,TQQQ,TQQQ
2023-12-19,142.1519816390271,1.0,1.0,TQQQ,TQQQ
2023-12-20,135.8359323672383,1.0,1.0,TQQQ,TQQQ
2023-12-21,140.34140016274918,1.0,1.0,TQQQ,TQQQ
2023-12-22,140.90109327665797,1.0,1.0,TQQQ,TQQQ
2023-12-26,143.47564005523512,1.0,1.0,TQQQ,TQQQ
2023-12-27,144.2312197458615,1.0,1.0,TQQQ,TQQQ
2023-12-28,143.86741320867029,1.0,1.0,TQQQ,TQQQ
2023-12-29,141.88054802624768,1.0,1.0,TQQQ,TQQQ
2024-01-02,134.6885685901758,1.0,1.0,TQQQ,TQQQ
2024-01-03,126.09041103100438,1.0,1.0,SOXL,SOXL
2024-01-04,122.87208879277559,1.0,1.0,SOXL,SOXL
2024-01-05,124.55331522502075,1.0,1.0,SOXL,SOXL
2024-01-08,136.56190410371832,1.0,1.0,SOXL,SOXL
2024-01-09,136.51386985978132,1.0,1.0,SOXL,SOXL
2024-01-10,135.31301376135661,1.0,1.0,SOXL,SOXL
2024-01-11,136.70601613367947,1.0,1.0,SOXL,SOXL
2024-01-12,134.9767740537977,1.0,1.0,SOXL,SOXL
2024-01-16,140.21253453737998,1.0,1.0,SOXL,SOXL
2024-01-17,136.56190410371832,1.0,1.0,SOXL,SOXL
2024-01-18,149.81942051737838,1.0,1.0,SOXL,SOXL
2024-01-19,167.44804383115414,1.0,1.0,SOXL,SOXL
2024-01-22,169.36945078123446,1.0,1.0,SOXL,SOXL
2024-01-23,172.53969228477527,1.0,1.0,SOXL,SOXL
2024-01-24,179.74488466422466,1.0,1.0,SOXL,SOXL
2024-01-25,178.30382015351424,1.0,1.0,SOXL,SOXL
2024-01-26,163.36511450020978,1.0,1.0,SOXL,SOXL
2024-01-29,168.31269741462074,1.0,1.0,SOXL,SOXL
2024-01-30,161.05947079123436,1.0,1.0,SOXL,SOXL
2024-01-31,154.1905460137945,1.0,1.0,SOXL,SOXL
2024-02-01,155.87175384973926,1.0,1.0,SOXL,SOXL
2024-02-02,161.63591891107902,1.0,1.0,SOXL,SOXL
2024-02-05,168.60088428194226,1.0,1.0,SOXL,SOXL
2024-02-06,162.5005167056444,1.0,1.0,SOXL,SOXL
2024-02-07,169.84975602800353,1.0,1.0,SOXL,SOXL
2024-02-08,178.44794148162558,1.0,1.0,SOXL,SOXL
2024-02-09,188.87140960855274,1.0,1.0,SOXL,SOXL
2024-02-12,188.05480886532354,1.0,1.0,SOXL,SOXL
2024-02-13,176.95887991957892,1.0,1.0,SOXL,SOXL
2024-02-14,187.91070613351255,1.0,1.0,SOXL,SOXL
2024-02-15,187.86269048587596,1.0,1.0,SOXL,SOXL
2024-02-16,184.1160380550913,1.0,1.0,SOXL,SOXL
2024-02-20,174.94144167422542,1.0,1.0,SOXL,SOXL
2024-02-21,173.59646424768937,1.0,1.0,SOXL,SOXL
2024-02-22,198.95861943162058,1.0,1.0,SOXL,SOXL
2024-02-23,192.95432034319668,1.0,1.0,SOXL,SOXL
2024-02-26,197.9499189052442,1.0,1.0,SOXL,SOXL
2024-02-27,197.46961365847514,1.0,1.0,SOXL,SOXL
2024-02-28,191.17709051012892,1.0,1.0,SOXL,SOXL
2024-02-29,205.77951926327364,1.0,1.0,SOXL,SOXL
2024-03-01,232.15046795508317,1.0,1.0,SOXL,SOXL
2024-03-04,239.06739908200944,1.0,1.0,SOXL,SOXL
2024-03-05,224.99330981957078,1.0,1.0,SOXL,SOXL
2024-03-06,241.22895865547426,1.0,1.0,SOXL,SOXL
2024-03-07,265.7265160448401,1.0,1.0,SOXL,SOXL
2024-03-08,235.12855388657562,1.0,1.0,SOXL,SOXL
2024-03-11,224.65707011201187,1.0,1.0,SOXL,SOXL
2024-03-12,238.15474844720666,1.0,1.0,SOXL,SOXL
2024-03-13,221.34268868405928,1.0,1.0,SOXL,SOXL
2024-03-14,209.09393788382698,1.0,1.0,SOXL,SOXL
2024-03-15,205.29917682390374,1.0,1.0,SOXL,SOXL
2024-03-18,204.3385105414644,1.0,1.0,SOXL,SOXL
2024-03-19,199.12247143445788,1.0,1.0,SOXL,SOXL
2024-03-20,208.6411737579525,1.0,1.0,SOXL,SOXL
2024-03-21,222.63066844986486,1.0,1.0,SOXL,SOXL
2024-03-22,223.20754428461873,1.0,1.0,SOXL,SOXL
2024-03-25,220.61153794117482,1.0,1.0,SOXL,SOXL
2024-03-26,216.4771898396204,1.0,1.0,SOXL,SOXL
2024-03-27,223.54406293668367,1.0,1.0,SOXL,SOXL
2024-03-28,223.68827724629702,1.0,1.0,SOXL,SOXL
2024-04-01,230.70709750312292,1.0,1.0,SOXL,SOXL
2024-04-02,220.56348510093744,1.0,1.0,SOXL,SOXL
2024-04-03,222.05377401881057,1.0,1.0,SOXL,SOXL
2024-04-04,203.6894996574532,1.0,1.0,SOXL,SOXL
2024-04-05,209.69876395808427,1.0,1.0,SOXL,SOXL
2024-04-08,211.52557152802234,1.0,1.0,SOXL,SOXL
2024-04-09,218.20785453648287,1.0,1.0,SOXL,SOXL
2024-04-10,207.15082905117814,1.0,1.0,SOXL,SOXL
2024-04-11,220.17887641603429,1.0,1.0,SOXL,SOXL
2024-04-12,199.55513295959835,1.0,1.0,SOXL,SOXL
2024-04-15,191.2383281273509,1.0,1.0,SOXL,SOXL
2024-04-16,194.8919804598278,1.0,1.0,SOXL,SOXL
2024-04-17,178.16222792225736,1.0,1.0,SOXL,SOXL
2024-04-18,167.82631117762028,1.0,1.0,SOXL,SOXL
2024-04-19,148.019837931228,1.0,1.0,SOXL,SOXL
2024-04-22,154.17329794517207,1.0,1.0,SOXL,SOXL
2024-04-23,163.9803916952926,1.0,1.0,SOXL,SOXL
2024-04-24,170.61460326721536,1.0,1.0,SOXL,SOXL
2024-04-25,179.84480258628162,1.0,1.0,SOXL,SOXL
2024-04-26,191.33450819302723,1.0,1.0,SOXL,SOXL
2024-04-29,195.2284619192919,1.0,1.0,SOXL,SOXL
2024-04-30,183.54650775899592,1.0,1.0,SOXL,SOXL
2024-05-01,165.23030483417634,1.0,1.0,SOXL,SOXL
2024-05-02,175.22972152304885,1.0,1.0,SOXL,SOXL
2024-05-03,187.34435580478578,1.0,1.0,SOXL,SOXL
2024-05-06,198.54561419600427,1.0,1.0,SOXL,SOXL
2024-05-07,194.0266202169459,1.0,1.0,SOXL,SOXL
2024-05-08,194.2670331885361,1.0,1.0,SOXL,SOXL
2024-05-09,192.1037069665331,1.0,1.0,SOXL,SOXL
2024-05-10,197.24759242798194,1.0,1.0,SOXL,SOXL
2024-05-13,198.40138129009054,1.0,1.0,SOXL,SOXL
2024-05-14,207.7277420785328,1.0,1.0,SOXL,SOXL
2024-05-15,225.947764937676,1.0,1.0,SOXL,SOXL
2024-05-16,222.39031126717586,1.0,1.0,SOXL,SOXL
2024-05-17,218.25596316562144,1.0,1.0,SOXL,SOXL
2024-05-20,231.95701064200668,1.0,1.0,SOXL,SOXL
2024-05-21,230.6590260665851,1.0,1.0,SOXL,SOXL
2024-05-22,237.38938051158345,1.0,1.0,SOXL,SOXL
2024-05-23,234.64917845482657,1.0,1.0,SOXL,SOXL
2024-05-24,247.2926171347796,1.0,1.0,SOXL,SOXL
2024-05-28,259.7918601014196,1.0,1.0,SOXL,SOXL
2024-05-29,245.08118228363796,1.0,1.0,SOXL,SOXL
2024-05-30,240.36993975102925,1.0,1.0,SOXL,SOXL
2024-05-31,233.59153246579353,1.0,1.0,SOXL,SOXL
2024-06-03,233.59153246579353,1.0,1.0,SOXL,SOXL
2024-06-04,235.33033219026473,1.0,1.0,TQQQ,TQQQ
2024-06-05,249.53671305601617,1.0,1.0,TQQQ,TQQQ
2024-06-06,249.24075878936927,1.0,1.0,TQQQ,TQQQ
2024-06-07,248.3158837040133,1.0,1.0,TQQQ,TQQQ
2024-06-10,250.94254622842524,1.0,1.0,TQQQ,TQQQ
2024-06-11,256.1219907230936,1.0,1.0,TQQQ,TQQQ
2024-06-12,266.2218225178586,1.0,1.0,TQQQ,TQQQ
2024-06-13,270.47636312383594,1.0,1.0,TQQQ,TQQQ
2024-06-14,274.3979083744162,1.0,1.0,TQQQ,TQQQ
2024-06-17,284.34977743752523,1.0,1.0,TQQQ,TQQQ
2024-06-18,284.4977401691812,1.0,1.0,TQQQ,TQQQ
2024-06-20,277.80148325252816,1.0,1.0,TQQQ,TQQQ
2024-06-21,275.24881649561166,1.0,1.0,TQQQ,TQQQ
2024-06-24,265.9258394478767,1.0,1.0,TQQQ,TQQQ
2024-06-25,274.8048418906388,1.0,1.0,TQQQ,TQQQ
2024-06-26,276.5243145773562,1.0,1.0,TQQQ,TQQQ
2024-06-27,278.5297467734917,1.0,1.0,TQQQ,TQQQ
2024-06-28,274.1475209836656,1.0,1.0,TQQQ,TQQQ
2024-07-01,278.6411292697568,1.0,1.0,TQQQ,TQQQ
2024-07-02,287.182700643539,1.0,1.0,TQQQ,TQQQ
2024-07-03,294.2388264271008,1.0,1.0,TQQQ,TQQQ
2024-07-05,303.15178800177307,1.0,1.0,TQQQ,TQQQ
2024-07-08,305.15716259123866,1.0,1.0,TQQQ,TQQQ
2024-07-09,305.8256879955087,1.0,1.0,TQQQ,TQQQ
2024-07-10,315.4070597611112,1.0,1.0,TQQQ,TQQQ
2024-07-11,294.68444282216586,1.0,1.0,TQQQ,TQQQ
2024-07-12,299.4751575083021,1.0,1.0,TQQQ,TQQQ
2024-07-15,301.70341230363766,1.0,1.0,TQQQ,TQQQ
2024-07-16,301.9262637061727,1.0,1.0,TQQQ,TQQQ
2024-07-17,275.3730740826009,1.0,1.0,TQQQ,TQQQ
2024-07-18,271.2507983907299,1.0,1.0,TQQQ,TQQQ
2024-07-19,263.8975950104581,1.0,1.0,TQQQ,TQQQ
2024-07-22,275.41025918802586,1.0,1.0,TQQQ,TQQQ
2024-07-23,272.4392239909102,1.0,1.0,TQQQ,TQQQ
2024-07-24,243.06362437858263,1.0,1.0,TQQQ,TQQQ
2024-07-25,234.96768380153307,1.0,1.0,TQQQ,TQQQ
2024-07-26,241.68959008796222,1.0,1.0,TQQQ,TQQQ
2024-07-29,243.1007806806726,1.0,1.0,TQQQ,TQQQ
2024-07-30,233.1851030079326,1.0,1.0,TQQQ,TQQQ
2024-07-31,253.57350044974535,1.0,1.0,TQQQ,TQQQ
2024-08-01,235.3019032986657,1.0,1.0,TQQQ,TQQQ
2024-08-02,218.14449115192377,1.0,1.0,TQQQ,TQQQ
2024-08-05,199.13017120573392,1.0,1.0,TQQQ,TQQQ
2024-08-06,199.13017120573392,0.0,0.0,CASH,SOXL
2024-08-07,199.13017120573392,0.0,0.0,CASH,TQQQ
2024-08-08,199.13017120573392,0.0,0.0,CASH,TQQQ
2024-08-09,201.83963514575382,1.0,1.0,TQQQ,TQQQ
2024-08-12,203.21152454472116,1.0,1.0,TQQQ,TQQQ
2024-08-13,217.99367371711676,1.0,1.0,TQQQ,TQQQ
2024-08-14,218.37092434885892,1.0,1.0,TQQQ,TQQQ
2024-08-15,234.79933547988236,1.0,1.0,TQQQ,TQQQ
2024-08-16,235.41671031503284,1.0,1.0,TQQQ,TQQQ
2024-08-19,244.53978080331527,1.0,1.0,TQQQ,TQQQ
2024-08-20,243.03072507501648,1.0,1.0,TQQQ,TQQQ
2024-08-21,246.35756385018684,1.0,1.0,TQQQ,TQQQ
2024-08-22,234.52494961988933,1.0,1.0,TQQQ,TQQQ
2024-08-23,241.89891997845984,1.0,1.0,TQQQ,TQQQ
2024-08-26,234.7993354798823,1.0,1.0,TQQQ,TQQQ
2024-08-27,236.7886396149977,1.0,1.0,TQQQ,TQQQ
2024-08-28,228.76300616402696,1.0,1.0,TQQQ,TQQQ
2024-08-29,227.5626245529709,1.0,1.0,TQQQ,TQQQ
2024-08-30,235.3138455432836,1.0,1.0,TQQQ,TQQQ
2024-09-03,213.84370396263245,1.0,1.0,TQQQ,TQQQ
2024-09-04,212.0259342160934,1.0,1.0,TQQQ,TQQQ
2024-09-05,212.71189886607584,1.0,1.0,TQQQ,TQQQ
2024-09-06,195.46035675573853,1.0,1.0,TQQQ,TQQQ
2024-09-09,202.73140914122976,1.0,1.0,TQQQ,TQQQ
2024-09-10,208.18465187918437,1.0,1.0,TQQQ,TQQQ
2024-09-11,221.45771872261616,1.0,1.0,TQQQ,TQQQ
2024-09-12,228.00847829987765,1.0,1.0,TQQQ,TQQQ
2024-09-13,230.99232809989056,1.0,1.0,TQQQ,TQQQ
2024-09-16,227.90558692746342,1.0,1.0,TQQQ,TQQQ
2024-09-17,228.0427665571274,1.0,1.0,TQQQ,TQQQ
2024-09-18,225.05891675711453,1.0,1.0,TQQQ,TQQQ
2024-09-19,242.0704144660387,1.0,1.0,TQQQ,TQQQ
2024-09-20,240.5270172791601,1.0,1.0,TQQQ,TQQQ
2024-09-23,242.31045886745187,1.0,1.0,TQQQ,TQQQ
2024-09-24,245.74016241437144,1.0,1.0,TQQQ,TQQQ
2024-09-25,246.6004013214304,1.0,1.0,TQQQ,TQQQ
2024-09-26,251.83041127828355,1.0,1.0,TQQQ,TQQQ
2024-09-27,247.4950082877342,1.0,1.0,TQQQ,TQQQ
2024-09-30,249.42182746064665,1.0,1.0,TQQQ,TQQQ
2024-10-01,238.85865016787557,1.0,1.0,TQQQ,TQQQ
2024-10-02,239.75325713417936,1.0,1.0,TQQQ,TQQQ
2024-10-03,239.2027297703001,1.0,1.0,TQQQ,TQQQ
2024-10-04,247.63258692737392,1.0,1.0,TQQQ,TQQQ
2024-10-07,239.47799345223973,1.0,1.0,TQQQ,TQQQ
2024-10-08,249.86911764346604,1.0,1.0,TQQQ,TQQQ
2024-10-09,255.89052398622823,1.0,1.0,TQQQ,TQQQ
2024-10-10,254.99589041925935,1.0,1.0,TQQQ,TQQQ
2024-10-11,255.64968156486358,1.0,1.0,TQQQ,TQQQ
2024-10-14,262.1871142089349,1.0,1.0,TQQQ,TQQQ
2024-10-15,251.72714749655862,1.0,1.0,TQQQ,TQQQ
2024-10-16,251.58954225625385,1.0,1.0,TQQQ,TQQQ
2024-10-17,252.34649078092284,1.0,1.0,TQQQ,TQQQ
2024-10-18,256.819525612442,1.0,1.0,TQQQ,TQQQ
2024-10-21,258.2302386820502,1.0,1.0,TQQQ,TQQQ
2024-10-22,258.9871872067191,1.0,1.0,TQQQ,TQQQ
2024-10-23,247.01327024367484,1.0,1.0,TQQQ,TQQQ
2024-10-24,252.8969915441371,1.0,1.0,TQQQ,TQQQ
2024-10-25,257.1635786142015,1.0,1.0,TQQQ,TQQQ
2024-10-28,257.4043944349011,1.0,1.0,TQQQ,TQQQ
2024-10-29,264.52682890475677,1.0,1.0,TQQQ,TQQQ
2024-10-30,258.6431076042945,1.0,1.0,TQQQ,TQQQ
2024-10-31,238.96188734893548,1.0,1.0,TQQQ,TQQQ
2024-11-01,244.05421226348872,1.0,1.0,TQQQ,TQQQ
2024-11-04,241.78331348815172,1.0,1.0,TQQQ,TQQQ
2024-11-05,250.97019897188966,1.0,1.0,TQQQ,TQQQ
2024-11-06,271.3395784320978,1.0,1.0,TQQQ,TQQQ
2024-11-07,284.0360492599011,1.0,1.0,TQQQ,TQQQ
2024-11-08,284.72415526342013,1.0,1.0,TQQQ,TQQQ
2024-11-11,284.2081023614459,1.0,1.0,TQQQ,TQQQ
2024-11-12,282.65973085020295,1.0,1.0,TQQQ,TQQQ
2024-11-13,281.42104428147456,1.0,1.0,TQQQ,TQQQ
2024-11-14,275.46848045986235,1.0,1.0,TQQQ,TQQQ
2024-11-15,255.54639118247357,1.0,1.0,TQQQ,TQQQ
2024-11-18,260.7075852188418,1.0,1.0,TQQQ,TQQQ
2024-11-19,265.93754197436493,1.0,1.0,TQQQ,TQQQ
2024-11-20,265.62788363251536,1.0,1.0,TQQQ,TQQQ
2024-11-21,268.242915211607,1.0,1.0,TQQQ,TQQQ
2024-11-22,269.2407327583057,1.0,1.0,TQQQ,TQQQ
2024-11-25,270.47933952503894,1.0,1.0,TQQQ,TQQQ
2024-11-26,274.67716387594857,1.0,1.0,TQQQ,TQQQ
2024-11-27,268.0364674501523,1.0,1.0,TQQQ,TQQQ
2024-11-29,274.8835584360732,1.0,1.0,TQQQ,TQQQ
2024-12-02,283.7951802378715,1.0,1.0,TQQQ,TQQQ
2024-12-03,286.3069480352381,1.0,1.0,TQQQ,TQQQ
2024-12-04,296.76691474761435,1.0,1.0,TQQQ,TQQQ
2024-12-05,294.32396287073254,1.0,1.0,TQQQ,TQQQ
2024-12-06,301.8936609227426,1.0,1.0,TQQQ,TQQQ
2024-12-09,294.84009557470193,1.0,1.0,TQQQ,TQQQ
2024-12-10,291.6401685724861,1.0,1.0,TQQQ,TQQQ
2024-12-11,307.2268814599906,1.0,1.0,TQQQ,TQQQ
2024-12-12,301.1367123980736,1.0,1.0,TQQQ,TQQQ
2024-12-13,307.60535572232504,1.0,1.0,TQQQ,TQQQ
2024-12-16,320.9899591543124,1.0,1.0,TQQQ,TQQQ
2024-12-17,316.688977424338,1.0,1.0,TQQQ,TQQQ
2024-12-18,282.45325648808307,1.0,1.0,TQQQ,TQQQ
2024-12-19,278.4619597006233,1.0,1.0,TQQQ,TQQQ
2024-12-20,285.68757815020876,1.0,1.0,TQQQ,TQQQ
2024-12-23,293.6449276939956,1.0,1.0,TQQQ,TQQQ
2024-12-24,305.3134424215983,1.0,1.0,TQQQ,TQQQ
2024-12-26,304.6575232227901,1.0,1.0,TQQQ,TQQQ
2024-12-27,292.2640871712388,1.0,1.0,TQQQ,TQQQ
2024-12-30,280.5265703184958,1.0,1.0,TQQQ,TQQQ
2024-12-31,273.1733218779994,1.0,1.0,TQQQ,TQQQ
2025-01-02,271.4472313235559,1.0,1.0,TQQQ,TQQQ
2025-01-03,284.46211211201035,1.0,1.0,TQQQ,TQQQ
2025-01-06,294.16276284052816,1.0,1.0,TQQQ,TQQQ
2025-01-07,278.31714568008994,1.0,1.0,TQQQ,TQQQ
2025-01-08,278.524285058836,1.0,1.0,TQQQ,TQQQ
2025-01-10,265.23326276649533,1.0,1.0,TQQQ,TQQQ
2025-01-13,262.47147531832167,1.0,1.0,TQQQ,TQQQ
2025-01-14,261.53941461562715,1.0,1.0,TQQQ,TQQQ
2025-01-15,279.2147053202144,1.0,1.0,TQQQ,TQQQ
2025-01-16,273.51859851035135,1.0,1.0,TQQQ,TQQQ
2025-01-17,287.016706980108,1.0,1.0,TQQQ,TQQQ
2025-01-21,291.7807530872765,1.0,1.0,TQQQ,TQQQ
2025-01-22,303.10401778319243,1.0,1.0,TQQQ,TQQQ
2025-01-23,304.96816578924654,1.0,1.0,TQQQ,TQQQ
2025-01-24,299.4791983581295,1.0,1.0,TQQQ,TQQQ
2025-01-27,273.2078761418997,1.0,1.0,TQQQ,TQQQ
2025-01-28,285.3251174882345,1.0,1.0,TQQQ,TQQQ
2025-01-29,283.5644992705558,1.0,1.0,TQQQ,TQQQ
2025-01-30,287.12026336914835,1.0,1.0,TQQQ,TQQQ
2025-01-31,285.56678453021567,1.0,1.0,TQQQ,TQQQ
2025-02-03,278.66234251044654,1.0,1.0,TQQQ,TQQQ
2025-02-04,288.77735179845155,1.0,1.0,TQQQ,TQQQ
2025-02-05,292.5402286751251,1.0,1.0,TQQQ,TQQQ
2025-02-06,296.9245768893668,1.0,1.0,TQQQ,TQQQ
2025-02-07,285.60128559278576,1.0,1.0,TQQQ,TQQQ
2025-02-10,295.6472395543204,1.0,1.0,TQQQ,TQQQ
2025-02-11,293.54139790562,1.0,1.0,TQQQ,TQQQ
2025-02-12,294.1282617779579,1.0,1.0,TQQQ,TQQQ
2025-02-13,306.52169782950915,1.0,1.0,TQQQ,TQQQ
2025-02-14,310.11201619200193,1.0,1.0,TQQQ,TQQQ
2025-02-18,312.04524612519145,1.0,1.0,TQQQ,TQQQ
2025-02-19,312.07974718776154,1.0,1.0,TQQQ,TQQQ
2025-02-20,308.28231604718775,1.0,1.0,TQQQ,TQQQ
2025-02-21,288.98446457653245,1.0,1.0,TQQQ,TQQQ
2025-02-24,278.5933137846411,1.0,1.0,TQQQ,TQQQ
2025-02-25,267.9604959507686,1.0,1.0,TQQQ,TQQQ
2025-02-26,269.6866397065422,1.0,1.0,TQQQ,TQQQ
2025-02-27,247.31627841926164,1.0,1.0,TQQQ,TQQQ
2025-02-28,258.6395431151776,1.0,1.0,TQQQ,TQQQ
2025-03-03,241.9308673771851,1.0,1.0,TQQQ,TQQQ
2025-03-04,239.27263631805192,1.0,1.0,TQQQ,TQQQ
2025-03-05,248.59361575430796,1.0,1.0,TQQQ,TQQQ
2025-03-06,227.9838992853711,1.0,1.0,TQQQ,TQQQ
2025-03-07,227.9838992853711,0.0,0.0,CASH,TQQQ
2025-03-10,227.9838992853711,0.0,0.0,CASH,TQQQ
2025-03-11,227.9838992853711,0.0,0.0,CASH,TQQQ
2025-03-12,227.9838992853711,0.0,0.0,CASH,TQQQ
2025-03-13,227.9838992853711,0.0,0.0,CASH,TQQQ
2025-03-14,227.9838992853711,0.0,0.0,CASH,TQQQ
2025-03-17,227.9838992853711,0.0,0.0,CASH,TQQQ
2025-03-18,227.9838992853711,0.0,0.0,CASH,TQQQ
2025-03-19,227.9838992853711,0.0,0.0,CASH,TQQQ
2025-03-20,227.9838992853711,0.0,0.0,CASH,TQQQ
2025-03-21,227.9838992853711,0.0,0.0,CASH,TQQQ
2025-03-24,227.9838992853711,0.0,0.0,CASH,TQQQ
2025-03-25,227.9838992853711,0.0,0.0,CASH,TQQQ
2025-03-26,227.9838992853711,0.0,0.0,CASH,TQQQ
2025-03-27,227.9838992853711,0.0,0.0,CASH,TQQQ
2025-03-28,227.9838992853711,0.0,0.0,CASH,TQQQ
2025-03-31,227.9838992853711,0.0,0.0,CASH,TQQQ
2025-04-01,227.9838992853711,0.0,0.0,CASH,TQQQ
2025-04-02,227.9838992853711,0.0,0.0,CASH,TQQQ
2025-04-03,227.9838992853711,0.0,0.0,CASH,TQQQ
2025-04-04,227.9838992853711,0.0,0.0,CASH,TQQQ
2025-04-07,227.9838992853711,0.0,0.0,CASH,SOXL
2025-04-08,227.9838992853711,0.0,0.0,CASH,TQQQ
2025-04-09,227.9838992853711,0.0,0.0,CASH,TQQQ
2025-04-10,227.9838992853711,0.0,0.0,CASH,TQQQ
2025-04-11,227.9838992853711,0.0,0.0,CASH,TQQQ
2025-04-14,227.9838992853711,0.0,0.0,CASH,TQQQ
2025-04-15,227.9838992853711,0.0,0.0,CASH,TQQQ
2025-04-16,227.9838992853711,0.0,0.0,CASH,TQQQ
2025-04-17,227.9838992853711,0.0,0.0,CASH,TQQQ
2025-04-21,227.9838992853711,0.0,0.0,CASH,TQQQ
2025-04-22,227.9838992853711,0.0,0.0,CASH,TQQQ
2025-04-23,227.9838992853711,0.0,0.0,CASH,TQQQ
2025-04-24,227.9838992853711,0.0,0.0,CASH,TQQQ
2025-04-25,227.9838992853711,0.0,0.0,CASH,TQQQ
2025-04-28,227.9838992853711,0.0,0.0,CASH,TQQQ
2025-04-29,227.9838992853711,0.0,0.0,CASH,TQQQ
2025-04-30,227.9838992853711,0.0,0.0,CASH,TQQQ
2025-05-01,227.9838992853711,0.0,0.0,CASH,TQQQ
2025-05-02,227.9838992853711,0.0,0.0,CASH,TQQQ
2025-05-05,227.9838992853711,0.0,0.0,CASH,TQQQ
2025-05-06,227.9838992853711,0.0,0.0,CASH,TQQQ
2025-05-07,227.9838992853711,0.0,0.0,CASH,TQQQ
2025-05-08,227.9838992853711,0.0,0.0,CASH,TQQQ
2025-05-09,227.9838992853711,0.0,0.0,CASH,TQQQ
2025-05-12,227.9838992853711,0.0,0.0,CASH,TQQQ
2025-05-13,227.9838992853711,0.0,0.0,CASH,TQQQ
2025-05-14,227.9838992853711,0.0,0.0,CASH,TQQQ
2025-05-15,227.9838992853711,0.0,0.0,CASH,TQQQ
2025-05-16,227.9838992853711,0.0,0.0,CASH,TQQQ
2025-05-19,227.9838992853711,0.0,0.0,CASH,TQQQ
2025-05-20,227.9838992853711,0.0,0.0,CASH,TQQQ
2025-05-21,227.9838992853711,0.0,0.0,CASH,TQQQ
2025-05-22,227.9838992853711,0.0,0.0,CASH,TQQQ
2025-05-23,227.9838992853711,0.0,0.0,CASH,TQQQ
2025-05-27,227.9838992853711,0.0,0.0,CASH,TQQQ
2025-05-28,227.9838992853711,0.0,0.0,CASH,TQQQ
2025-05-29,227.9838992853711,0.0,0.0,CASH,TQQQ
2025-05-30,227.9838992853711,0.0,0.0,CASH,TQQQ
2025-06-02,227.9838992853711,0.0,0.0,CASH,TQQQ
2025-06-03,227.9838992853711,0.0,0.0,CASH,TQQQ
2025-06-04,227.9838992853711,0.0,0.0,CASH,TQQQ
2025-06-05,227.9838992853711,0.0,0.0,CASH,TQQQ
2025-06-06,227.9838992853711,0.0,0.0,CASH,TQQQ
2025-06-09,227.9838992853711,0.0,0.0,CASH,TQQQ
2025-06-10,227.9838992853711,0.0,0.0,CASH,TQQQ
2025-06-11,225.64338734598357,1.0,1.0,TQQQ,TQQQ
2025-06-12,227.113708062292,1.0,1.0,TQQQ,TQQQ
2025-06-13,218.53203842500454,1.0,1.0,TQQQ,TQQQ
2025-06-16,227.44377582567142,1.0,1.0,TQQQ,TQQQ
2025-06-17,220.72245459631245,1.0,1.0,TQQQ,TQQQ
2025-06-18,220.4224244286645,1.0,1.0,TQQQ,TQQQ
2025-06-20,217.39183157736446,1.0,1.0,TQQQ,TQQQ
2025-06-23,224.14312124452152,1.0,1.0,TQQQ,TQQQ
2025-06-24,234.3450690503302,1.0,1.0,TQQQ,TQQQ
2025-06-25,236.14444321366182,1.0,1.0,TQQQ,TQQQ
2025-06-26,242.61375293378316,1.0,1.0,TQQQ,TQQQ
2025-06-27,244.99084941992885,1.0,1.0,TQQQ,TQQQ
2025-06-30,249.74501933957578,1.0,1.0,TQQQ,TQQQ
2025-07-01,243.39609052882497,1.0,1.0,TQQQ,TQQQ
2025-07-02,248.240557656822,1.0,1.0,TQQQ,TQQQ
2025-07-03,255.19125269855877,1.0,1.0,TQQQ,TQQQ
2025-07-07,249.50430362612363,1.0,1.0,TQQQ,TQQQ
2025-07-08,249.83531654792594,1.0,1.0,TQQQ,TQQQ
2025-07-09,255.01075049243636,1.0,1.0,TQQQ,TQQQ
2025-07-10,253.8372325735515,1.0,1.0,TQQQ,TQQQ
2025-07-11,251.9115068659342,1.0,1.0,TQQQ,TQQQ
2025-07-14,254.58948646757287,1.0,1.0,TQQQ,TQQQ
2025-07-15,255.25146620588853,1.0,1.0,TQQQ,TQQQ
2025-07-16,255.97361334624503,1.0,1.0,TQQQ,TQQQ
2025-07-17,261.9313848857972,1.0,1.0,TQQQ,TQQQ
2025-07-18,261.0287124866738,1.0,1.0,TQQQ,TQQQ
2025-07-21,265.0005448112789,1.0,1.0,TQQQ,TQQQ
2025-07-22,260.87824787628284,1.0,1.0,TQQQ,TQQQ
2025-07-23,264.3084583192984,1.0,1.0,TQQQ,TQQQ
2025-07-24,266.0536587681488,1.0,1.0,TQQQ,TQQQ
2025-07-25,267.558143503547,1.0,1.0,TQQQ,TQQQ
2025-07-28,270.17600180843374,1.0,1.0,TQQQ,TQQQ
2025-07-29,268.94229343486364,1.0,1.0,TQQQ,TQQQ
2025-07-30,269.8750725876519,1.0,1.0,TQQQ,TQQQ
2025-07-31,265.4218088361425,1.0,1.0,TQQQ,TQQQ
2025-08-01,249.5043036261237,1.0,1.0,TQQQ,TQQQ
2025-08-04,249.5043036261237,0.0,0.0,CASH,SOXL
2025-08-05,249.5043036261237,0.0,0.0,CASH,SOXL
2025-08-06,249.5043036261237,0.0,0.0,CASH,SOXL
2025-08-07,249.5043036261237,0.0,0.0,CASH,SOXL
2025-08-08,249.5043036261237,0.0,0.0,CASH,SOXL
2025-08-11,249.5043036261237,0.0,0.0,CASH,SOXL
2025-08-12,249.5043036261237,0.0,0.0,CASH,SOXL
2025-08-13,260.82111689842503,1.0,1.0,SOXL,SOXL
2025-08-14,262.1577410246114,1.0,1.0,SOXL,SOXL
2025-08-15,243.89046529507095,1.0,1.0,SOXL,SOXL
2025-08-18,245.3162090303831,1.0,1.0,SOXL,SOXL
2025-08-19,233.82117354090022,1.0,1.0,SOXL,SOXL
2025-08-20,229.90038676932684,1.0,1.0,SOXL,SOXL
2025-08-21,225.89051439076775,1.0,1.0,SOXL,SOXL
2025-08-22,244.60333716272703,1.0,1.0,SOXL,SOXL
2025-08-25,243.26669603547063,1.0,1.0,SOXL,SOXL
2025-08-26,248.96965397564918,1.0,1.0,SOXL,SOXL
2025-08-27,251.10826957861738,1.0,1.0,SOXL,SOXL
2025-08-28,254.2270648734089,1.0,1.0,SOXL,SOXL
2025-08-29,232.03901937336508,1.0,1.0,SOXL,SOXL
2025-09-02,224.99942030593013,1.0,1.0,SOXL,SOXL
2025-09-03,221.96972761919434,1.0,1.0,SOXL,SOXL
2025-09-04,228.56376264314045,1.0,1.0,SOXL,SOXL
2025-09-05,235.69246431863112,1.0,1.0,SOXL,SOXL
2025-09-08,241.30630264968391,1.0,1.0,SOXL,SOXL
2025-09-09,242.19739673452153,1.0,1.0,SOXL,SOXL
2025-09-10,254.85083413300927,1.0,1.0,SOXL,SOXL
2025-09-11,259.93002281358747,1.0,1.0,SOXL,SOXL
2025-09-12,261.0884247225923,1.0,1.0,SOXL,SOXL
2025-09-15,267.3260493143154,1.0,1.0,SOXL,SOXL
2025-09-16,271.6032465181118,1.0,1.0,SOXL,SOXL
2025-09-17,271.514143910056,1.0,1.0,SOXL,SOXL
2025-09-18,299.7616087857115,1.0,1.0,SOXL,SOXL
2025-09-19,294.2368730627145,1.0,1.0,SOXL,SOXL
2025-09-22,306.8011738510064,1.0,1.0,SOXL,SOXL
2025-09-23,305.7315685307967,1.0,1.0,SOXL,SOXL
2025-09-24,304.8402364309786,1.0,1.0,SOXL,SOXL
2025-09-25,301.72050607733513,1.0,1.0,SOXL,SOXL
2025-09-26,303.235811449594,1.0,1.0,SOXL,SOXL
2025-09-29,303.235811449594,1.0,1.0,SOXL,SOXL
2025-09-30,310.5448434749506,1.0,1.0,SOXL,SOXL
2025-10-01,328.55003070882475,1.0,1.0,SOXL,SOXL
2025-10-02,332.56052632778926,1.0,1.0,TQQQ,TQQQ
2025-10-03,328.04867079319814,1.0,1.0,TQQQ,TQQQ
2025-10-06,335.38045402312974,1.0,1.0,TQQQ,TQQQ
2025-10-07,329.959982565681,1.0,1.0,TQQQ,TQQQ
2025-10-08,341.14556545701925,1.0,1.0,TQQQ,TQQQ
2025-10-09,339.79827759420937,1.0,1.0,TQQQ,TQQQ
2025-10-10,304.1422011839448,1.0,1.0,TQQQ,TQQQ
2025-10-13,323.44287922160765,1.0,1.0,TQQQ,TQQQ
2025-10-14,316.86308790185996,1.0,1.0,TQQQ,TQQQ
2025-10-15,323.34884725809616,1.0,1.0,TQQQ,TQQQ
2025-10-16,319.74567959124676,1.0,1.0,TQQQ,TQQQ
2025-10-17,325.82411099536785,1.0,1.0,TQQQ,TQQQ
2025-10-20,338.0436857609124,1.0,1.0,TQQQ,TQQQ
2025-10-21,337.66767781500647,1.0,1.0,TQQQ,TQQQ
2025-10-22,327.73537480459464,1.0,1.0,TQQQ,TQQQ
2025-10-23,335.94442996954666,1.0,1.0,TQQQ,TQQQ
2025-10-24,346.40941290179427,1.0,1.0,TQQQ,TQQQ
2025-10-27,364.8014510349715,1.0,1.0,TQQQ,TQQQ
2025-10-28,373.13581020638816,1.0,1.0,TQQQ,TQQQ
2025-10-29,377.89832171716455,1.0,1.0,TQQQ,TQQQ
2025-10-30,360.6028914889839,1.0,1.0,TQQQ,TQQQ
2025-10-31,365.7100669578291,1.0,1.0,TQQQ,TQQQ
2025-11-03,370.72323444479076,1.0,1.0,TQQQ,TQQQ
2025-11-04,326.6149352274157,1.0,1.0,SOXL,SOXL
2025-11-05,332.9661233351264,1.0,1.0,TQQQ,TQQQ
2025-11-06,305.8055059966816,1.0,1.0,SOXL,SOXL
2025-11-07,296.775699412091,1.0,1.0,SOXL,SOXL
2025-11-10,316.21846569350953,1.0,1.0,TQQQ,TQQQ
2025-11-11,294.06349542101384,1.0,1.0,SOXL,SOXL
2025-11-12,307.42680443537137,1.0,1.0,SOXL,SOXL
2025-11-13,275.8471722209507,1.0,1.0,SOXL,SOXL
2025-11-14,276.0580023383288,1.0,1.0,TQQQ,TQQQ
2025-11-17,261.70809800651557,1.0,1.0,SOXL,SOXL
2025-11-18,244.01934663285957,1.0,1.0,SOXL,SOXL
2025-11-19,248.21202755772794,1.0,1.0,TQQQ,TQQQ
2025-11-20,212.6644224470013,1.0,1.0,SOXL,SOXL
2025-11-21,217.38012096588778,1.0,1.0,TQQQ,TQQQ
2025-11-24,245.67448417825042,1.0,1.0,SOXL,SOXL
2025-11-25,247.79825687785413,1.0,1.0,SOXL,SOXL
2025-11-26,268.48807957866575,1.0,1.0,SOXL,SOXL
2025-11-28,282.6695101034682,1.0,1.0,SOXL,SOXL
2025-12-01,283.0120776923933,1.0,1.0,SOXL,SOXL
2025-12-02,300.0708877976541,1.0,1.0,SOXL,SOXL
2025-12-03,319.11650106227177,1.0,1.0,SOXL,SOXL
2025-12-04,309.38816171687927,1.0,1.0,SOXL,SOXL
2025-12-05,318.5684138273819,1.0,1.0,SOXL,SOXL
2025-12-08,328.7763164361841,1.0,1.0,SOXL,SOXL
2025-12-09,327.4061244831973,1.0,1.0,SOXL,SOXL
2025-12-10,340.1488652177706,1.0,1.0,SOXL,SOXL
2025-12-11,334.25705811389366,1.0,1.0,SOXL,SOXL
2025-12-12,285.7524354641291,1.0,1.0,SOXL,SOXL
2025-12-15,282.1214490028161,1.0,1.0,SOXL,SOXL
2025-12-16,277.3943142059612,1.0,1.0,SOXL,SOXL
2025-12-17,246.70210854231217,1.0,1.0,SOXL,SOXL
2025-12-18,264.30903201670066,1.0,1.0,SOXL,SOXL
2025-12-19,285.8209594356092,1.0,1.0,SOXL,SOXL
2025-12-22,296.3713773648609,1.0,1.0,SOXL,SOXL
2025-12-23,299.3858048882795,1.0,1.0,SOXL,SOXL
2025-12-24,302.87976954087003,1.0,1.0,SOXL,SOXL
2025-12-26,302.87976954087003,1.0,1.0,SOXL,SOXL
2025-12-29,300.2079096063765,1.0,1.0,SOXL,SOXL
2025-12-30,299.18025910807694,1.0,1.0,SOXL,SOXL
2025-12-31,287.9447321352129,1.0,1.0,SOXL,SOXL
2026-01-02,323.6381162131618,1.0,1.0,SOXL,SOXL
2026-01-05,337.2029616658321,1.0,1.0,SOXL,SOXL
2026-01-06,370.01891389484706,1.0,1.0,SOXL,SOXL
2026-01-07,358.23532582133095,1.0,1.0,SOXL,SOXL
2026-01-08,340.14886521777055,1.0,1.0,SOXL,SOXL
2026-01-09,369.60787460291743,1.0,1.0,SOXL,SOXL
2026-01-12,374.4035333712524,1.0,1.0,SOXL,SOXL
2026-01-13,384.13184658240715,1.0,1.0,SOXL,SOXL
2026-01-14,379.40471178555225,1.0,1.0,SOXL,SOXL
2026-01-15,397.90223781528005,1.0,1.0,SOXL,SOXL
2026-01-16,416.1942180648052,1.0,1.0,SOXL,SOXL
2026-01-20,396.9430851542228,1.0,1.0,SOXL,SOXL
2026-01-21,434.8972637404978,1.0,1.0,SOXL,SOXL
2026-01-22,436.54149931092957,1.0,1.0,SOXL,SOXL
2026-01-23,422.017501197202,1.0,1.0,SOXL,SOXL
2026-01-26,415.851676610118,1.0,1.0,SOXL,SOXL
2026-01-27,445.03664237782,1.0,1.0,SOXL,SOXL
2026-01-28,480.1819130866412,1.0,1.0,SOXL,SOXL
2026-01-29,482.7853013181302,1.0,1.0,SOXL,SOXL
2026-01-30,423.3191953129466,1.0,1.0,SOXL,SOXL
2026-02-02,446.680851814014,1.0,1.0,SOXL,SOXL
2026-02-03,419.27714342546625,1.0,1.0,SOXL,SOXL
2026-02-04,364.40115040841505,1.0,1.0,SOXL,SOXL
2026-02-05,364.8122158345825,1.0,1.0,SOXL,SOXL
2026-02-06,423.04515169550183,1.0,1.0,SOXL,SOXL
2026-02-09,438.6652720105335,1.0,1.0,SOXL,SOXL
2026-02-10,433.9381372136786,1.0,1.0,SOXL,SOXL
2026-02-11,466.2060544762793,1.0,1.0,SOXL,SOXL
2026-02-12,432.29390164324684,1.0,1.0,SOXL,SOXL
2026-02-13,442.5017781178112,1.0,1.0,SOXL,SOXL
2026-02-17,440.85756868161724,1.0,1.0,SOXL,SOXL
2026-02-18,454.14839665108036,1.0,1.0,SOXL,SOXL
2026-02-19,446.88642372845436,1.0,1.0,SOXL,SOXL
2026-02-20,459.7661601375124,1.0,1.0,SOXL,SOXL
2026-02-23,451.20249309914186,1.0,1.0,SOXL,SOXL
2026-02-24,469.49447334866704,1.0,1.0,SOXL,SOXL
2026-02-25,492.3080948833201,1.0,1.0,SOXL,SOXL
2026-02-26,447.63997834083335,1.0,1.0,SOXL,SOXL
2026-02-27,430.03310713492044,1.0,1.0,SOXL,SOXL
2026-03-02,429.9645831634403,1.0,1.0,SOXL,SOXL
2026-03-03,365.97686200736655,1.0,1.0,SOXL,SOXL
2026-03-04,387.8998548524425,1.0,1.0,SOXL,SOXL
2026-03-05,375.4311577353141,1.0,1.0,SOXL,SOXL
2026-03-06,328.0912073925716,1.0,1.0,SOXL,SOXL
2026-03-09,365.291779097992,1.0,1.0,SOXL,SOXL
2026-03-10,373.9924679450849,1.0,1.0,SOXL,SOXL
2026-03-11,384.26886839112944,1.0,1.0,SOXL,SOXL
2026-03-12,344.4649345884579,1.0,1.0,SOXL,SOXL
2026-03-13,347.47936211187647,1.0,1.0,SOXL,SOXL
2026-03-16,367.826617223763,1.0,1.0,SOXL,SOXL
2026-03-17,376.4588082336136,1.0,1.0,SOXL,SOXL
2026-03-18,370.0874378663269,1.0,1.0,SOXL,SOXL
2026-03-19,375.77369919000125,1.0,1.0,SOXL,SOXL
2026-03-20,350.35674169233477,1.0,1.0,SOXL,SOXL
2026-03-23,363.3050020728729,1.0,1.0,SOXL,SOXL
2026-03-24,376.52730607085596,1.0,1.0,SOXL,SOXL
2026-03-25,390.77726056713857,1.0,1.0,SOXL,SOXL
2026-03-26,335.4902282581578,1.0,1.0,SOXL,SOXL
2026-03-27,319.3220207082363,1.0,1.0,SOXL,SOXL
2026-03-30,278.2849167613004,1.0,1.0,SOXL,SOXL
2026-03-31,328.2282292012941,1.0,1.0,SOXL,SOXL
2026-04-01,358.0297800411282,1.0,1.0,SOXL,SOXL
2026-04-02,361.38674901923406,1.0,1.0,SOXL,SOXL
2026-04-06,375.4996817067942,1.0,1.0,SOXL,SOXL
2026-04-07,387.42029158903273,1.0,1.0,SOXL,SOXL
2026-04-08,462.43802007200566,1.0,1.0,SOXL,SOXL
2026-04-09,493.13022573565473,1.0,1.0,SOXL,SOXL
2026-04-10,523.3428158674185,1.0,1.0,SOXL,SOXL
2026-04-13,551.9111965629883,1.0,1.0,SOXL,SOXL
2026-04-14,584.4531313087961,1.0,1.0,SOXL,SOXL
2026-04-15,588.9062486224437,1.0,1.0,SOXL,SOXL
2026-04-16,605.4170237612904,1.0,1.0,SOXL,SOXL
2026-04-17,648.6463982450723,1.0,1.0,SOXL,SOXL
2026-04-20,657.2785892549228,1.0,1.0,SOXL,SOXL
2026-04-21,672.0080547461397,1.0,1.0,SOXL,SOXL
2026-04-22,723.7326245652876,1.0,1.0,SOXL,SOXL
2026-04-23,772.5797625355015,1.0,1.0,SOXL,SOXL
2026-04-24,879.1118536686959,1.0,1.0,SOXL,SOXL
2026-04-27,845.336696510148,1.0,1.0,SOXL,SOXL
2026-04-28,750.588271853183,1.0,1.0,SOXL,SOXL
2026-04-29,808.2046487762077,1.0,1.0,SOXL,SOXL
2026-04-30,869.9315754239552,1.0,1.0,SOXL,SOXL
2026-05-01,893.3617036280272,1.0,1.0,SOXL,SOXL
2026-05-04,873.8366055027132,1.0,1.0,SOXL,SOXL
2026-05-05,987.630617290058,1.0,1.0,SOXL,SOXL
2026-05-06,1136.2273844657745,1.0,1.0,SOXL,SOXL
2026-05-07,1042.0270470436994,1.0,1.0,SOXL,SOXL
2026-05-08,1212.204213341329,1.0,1.0,SOXL,SOXL
2026-05-11,1304.55476941277,1.0,1.0,SOXL,SOXL
2026-05-12,1181.9230992380851,1.0,1.0,SOXL,SOXL
2026-05-13,1262.2160497528025,1.0,1.0,SOXL,SOXL
2026-05-14,1275.5753494252701,1.0,1.0,SOXL,SOXL
2026-05-15,1124.7862333099943,1.0,1.0,SOXL,SOXL
2026-05-18,1039.629178458175,1.0,1.0,SOXL,SOXL
2026-05-19,1040.5883049849942,1.0,1.0,SOXL,SOXL
2026-05-20,1186.5816839292218,1.0,1.0,SOXL,SOXL
