variant,unit_exposure,max_exposure,anchor_mode,add1_drop_pct,add2_drop_pct,sell_mode,sell_param_pct,max_extra_days,trend_guard_sma,trend_guard_exposure,equity_dd_guard_pct,equity_dd_guard_exposure,is_range,is_return_pct,is_max_drawdown_pct,is_sharpe,oos_range,oos_return_pct,oos_max_drawdown_pct,oos_sharpe,full_return_pct,full_max_drawdown_pct,full_sharpe,avg_exposure,days_above_1x_pct,trade_events,rotation_resets,open_fallback_count
"unit=0.60, cap=1.00, anchor=rolling_high, add=5%/15%, sell=extra_profit 12%, max_days=10, trend_sma=none, trend_exp=none, dd_guard=none, dd_exp=none",0.6,1.0,rolling_high,5.0,15.0,extra_profit,12.0,10,none,none,none,none,2010-06-25 to 2019-12-31,6110.01,-49.96,1.121,2020-01-02 to 2026-05-20,5133.13,-77.85,1.203,336968.89,-77.85,1.142,0.824,0.0,729,123,0
"unit=0.60, cap=1.00, anchor=rolling_high, add=5%/15%, sell=extra_profit 12%, max_days=10, trend_sma=75, trend_exp=0.2, dd_guard=none, dd_exp=none",0.6,1.0,rolling_high,5.0,15.0,extra_profit,12.0,10,75,0.2,none,none,2010-06-25 to 2019-12-31,1753.74,-45.13,1.001,2020-01-02 to 2026-05-20,2280.64,-57.02,1.181,45672.77,-57.02,1.076,0.645,0.0,729,123,0
"unit=0.60, cap=1.00, anchor=rolling_high, add=5%/15%, sell=extra_profit 12%, max_days=10, trend_sma=75, trend_exp=0.25, dd_guard=none, dd_exp=none",0.6,1.0,rolling_high,5.0,15.0,extra_profit,12.0,10,75,0.25,none,none,2010-06-25 to 2019-12-31,1962.36,-43.86,1.023,2020-01-02 to 2026-05-20,2502.27,-58.45,1.198,55564.78,-58.45,1.095,0.658,0.0,729,123,0
"unit=0.60, cap=1.00, anchor=rolling_high, add=5%/15%, sell=extra_profit 12%, max_days=10, trend_sma=100, trend_exp=0.2, dd_guard=none, dd_exp=none",0.6,1.0,rolling_high,5.0,15.0,extra_profit,12.0,10,100,0.2,none,none,2010-06-25 to 2019-12-31,1768.3,-44.48,0.975,2020-01-02 to 2026-05-20,3308.67,-55.28,1.249,65953.65,-55.28,1.095,0.664,0.0,729,123,0
"unit=0.60, cap=1.00, anchor=rolling_high, add=5%/15%, sell=extra_profit 12%, max_days=10, trend_sma=75, trend_exp=0.2, dd_guard=0.35, dd_exp=0.25",0.6,1.0,rolling_high,5.0,15.0,extra_profit,12.0,10,75,0.2,35.0,0.25,2010-06-25 to 2019-12-31,1233.97,-40.22,0.921,2020-01-02 to 2026-05-20,805.17,-46.28,0.96,12423.99,-46.28,0.937,0.578,0.0,729,123,0
"unit=0.60, cap=1.00, anchor=rolling_high, add=5%/15%, sell=extra_profit 12%, max_days=15, trend_sma=none, trend_exp=none, dd_guard=none, dd_exp=none",0.6,1.0,rolling_high,5.0,15.0,extra_profit,12.0,15,none,none,none,none,2010-06-25 to 2019-12-31,5526.51,-49.24,1.096,2020-01-02 to 2026-05-20,4478.75,-76.68,1.173,267108.79,-76.68,1.114,0.832,0.0,645,123,0
"unit=0.60, cap=1.00, anchor=rolling_high, add=5%/15%, sell=extra_profit 12%, max_days=15, trend_sma=75, trend_exp=0.2, dd_guard=none, dd_exp=none",0.6,1.0,rolling_high,5.0,15.0,extra_profit,12.0,15,75,0.2,none,none,2010-06-25 to 2019-12-31,1473.93,-45.4,0.951,2020-01-02 to 2026-05-20,2148.58,-55.45,1.162,36607.8,-55.45,1.042,0.652,0.0,645,123,0
"unit=0.60, cap=1.00, anchor=rolling_high, add=5%/15%, sell=extra_profit 12%, max_days=15, trend_sma=75, trend_exp=0.25, dd_guard=none, dd_exp=none",0.6,1.0,rolling_high,5.0,15.0,extra_profit,12.0,15,75,0.25,none,none,2010-06-25 to 2019-12-31,1651.06,-44.14,0.973,2020-01-02 to 2026-05-20,2357.91,-56.93,1.178,44540.77,-56.93,1.061,0.665,0.0,645,123,0
"unit=0.60, cap=1.00, anchor=rolling_high, add=5%/15%, sell=extra_profit 12%, max_days=15, trend_sma=100, trend_exp=0.2, dd_guard=none, dd_exp=none",0.6,1.0,rolling_high,5.0,15.0,extra_profit,12.0,15,100,0.2,none,none,2010-06-25 to 2019-12-31,1383.75,-47.0,0.91,2020-01-02 to 2026-05-20,3164.19,-52.73,1.235,50134.31,-52.73,1.057,0.671,0.0,645,123,0
"unit=0.60, cap=1.00, anchor=rolling_high, add=5%/15%, sell=extra_profit 12%, max_days=15, trend_sma=75, trend_exp=0.2, dd_guard=0.35, dd_exp=0.25",0.6,1.0,rolling_high,5.0,15.0,extra_profit,12.0,15,75,0.2,35.0,0.25,2010-06-25 to 2019-12-31,494.31,-40.67,0.71,2020-01-02 to 2026-05-20,650.68,-51.06,0.926,4527.38,-51.06,0.809,0.537,0.0,645,123,0
"unit=0.60, cap=1.00, anchor=rolling_high, add=5%/15%, sell=extra_profit 18%, max_days=10, trend_sma=none, trend_exp=none, dd_guard=none, dd_exp=none",0.6,1.0,rolling_high,5.0,15.0,extra_profit,18.0,10,none,none,none,none,2010-06-25 to 2019-12-31,4479.09,-50.47,1.05,2020-01-02 to 2026-05-20,4917.1,-77.51,1.193,238185.02,-77.51,1.103,0.837,0.0,696,123,0
"unit=0.60, cap=1.00, anchor=rolling_high, add=5%/15%, sell=extra_profit 18%, max_days=10, trend_sma=75, trend_exp=0.2, dd_guard=none, dd_exp=none",0.6,1.0,rolling_high,5.0,15.0,extra_profit,18.0,10,75,0.2,none,none,2010-06-25 to 2019-12-31,1779.99,-45.13,0.997,2020-01-02 to 2026-05-20,2177.28,-55.92,1.163,44305.58,-55.92,1.065,0.656,0.0,696,123,0
"unit=0.60, cap=1.00, anchor=rolling_high, add=5%/15%, sell=extra_profit 18%, max_days=10, trend_sma=75, trend_exp=0.25, dd_guard=none, dd_exp=none",0.6,1.0,rolling_high,5.0,15.0,extra_profit,18.0,10,75,0.25,none,none,2010-06-25 to 2019-12-31,1991.56,-43.86,1.019,2020-01-02 to 2026-05-20,2389.29,-57.38,1.179,53902.13,-57.38,1.084,0.669,0.0,696,123,0
"unit=0.60, cap=1.00, anchor=rolling_high, add=5%/15%, sell=extra_profit 18%, max_days=10, trend_sma=100, trend_exp=0.2, dd_guard=none, dd_exp=none",0.6,1.0,rolling_high,5.0,15.0,extra_profit,18.0,10,100,0.2,none,none,2010-06-25 to 2019-12-31,1634.55,-45.78,0.949,2020-01-02 to 2026-05-20,2901.43,-55.28,1.21,53898.11,-55.28,1.064,0.674,0.0,696,123,0
"unit=0.60, cap=1.00, anchor=rolling_high, add=5%/15%, sell=extra_profit 18%, max_days=10, trend_sma=75, trend_exp=0.2, dd_guard=0.35, dd_exp=0.25",0.6,1.0,rolling_high,5.0,15.0,extra_profit,18.0,10,75,0.2,35.0,0.25,2010-06-25 to 2019-12-31,1216.22,-40.22,0.913,2020-01-02 to 2026-05-20,1086.54,-45.85,1.034,16098.48,-45.85,0.966,0.597,0.0,696,123,0
"unit=0.60, cap=1.00, anchor=rolling_high, add=5%/15%, sell=extra_profit 18%, max_days=15, trend_sma=none, trend_exp=none, dd_guard=none, dd_exp=none",0.6,1.0,rolling_high,5.0,15.0,extra_profit,18.0,15,none,none,none,none,2010-06-25 to 2019-12-31,4967.5,-52.57,1.063,2020-01-02 to 2026-05-20,4719.11,-76.06,1.181,253194.2,-76.06,1.103,0.856,0.0,600,123,0
"unit=0.60, cap=1.00, anchor=rolling_high, add=5%/15%, sell=extra_profit 18%, max_days=15, trend_sma=75, trend_exp=0.2, dd_guard=none, dd_exp=none",0.6,1.0,rolling_high,5.0,15.0,extra_profit,18.0,15,75,0.2,none,none,2010-06-25 to 2019-12-31,1509.83,-45.46,0.945,2020-01-02 to 2026-05-20,2174.22,-53.61,1.155,37873.17,-53.61,1.036,0.673,0.0,600,123,0
"unit=0.60, cap=1.00, anchor=rolling_high, add=5%/15%, sell=extra_profit 18%, max_days=15, trend_sma=75, trend_exp=0.25, dd_guard=none, dd_exp=none",0.6,1.0,rolling_high,5.0,15.0,extra_profit,18.0,15,75,0.25,none,none,2010-06-25 to 2019-12-31,1690.99,-44.2,0.968,2020-01-02 to 2026-05-20,2385.95,-55.15,1.172,46079.6,-55.15,1.055,0.686,0.0,600,123,0
"unit=0.60, cap=1.00, anchor=rolling_high, add=5%/15%, sell=extra_profit 18%, max_days=15, trend_sma=100, trend_exp=0.2, dd_guard=none, dd_exp=none",0.6,1.0,rolling_high,5.0,15.0,extra_profit,18.0,15,100,0.2,none,none,2010-06-25 to 2019-12-31,1325.12,-47.35,0.891,2020-01-02 to 2026-05-20,3215.37,-52.99,1.233,48905.72,-52.99,1.046,0.69,0.0,600,123,0
"unit=0.60, cap=1.00, anchor=rolling_high, add=5%/15%, sell=extra_profit 18%, max_days=15, trend_sma=75, trend_exp=0.2, dd_guard=0.35, dd_exp=0.25",0.6,1.0,rolling_high,5.0,15.0,extra_profit,18.0,15,75,0.2,35.0,0.25,2010-06-25 to 2019-12-31,553.09,-43.24,0.729,2020-01-02 to 2026-05-20,750.32,-48.84,0.934,5659.93,-48.84,0.823,0.578,0.0,600,123,0
"unit=0.60, cap=1.00, anchor=rolling_high, add=5%/15%, sell=rebound_from_low 5%, max_days=10, trend_sma=none, trend_exp=none, dd_guard=none, dd_exp=none",0.6,1.0,rolling_high,5.0,15.0,rebound_from_low,5.0,10,none,none,none,none,2010-06-25 to 2019-12-31,4690.21,-51.56,1.084,2020-01-02 to 2026-05-20,7296.64,-71.13,1.307,367396.94,-71.13,1.176,0.774,0.0,1065,123,0
"unit=0.60, cap=1.00, anchor=rolling_high, add=5%/15%, sell=rebound_from_low 5%, max_days=10, trend_sma=75, trend_exp=0.2, dd_guard=none, dd_exp=none",0.6,1.0,rolling_high,5.0,15.0,rebound_from_low,5.0,10,75,0.2,none,none,2010-06-25 to 2019-12-31,1468.8,-47.24,0.982,2020-01-02 to 2026-05-20,3210.19,-44.49,1.333,53762.36,-47.24,1.141,0.603,0.0,1065,123,0
"unit=0.60, cap=1.00, anchor=rolling_high, add=5%/15%, sell=rebound_from_low 5%, max_days=10, trend_sma=75, trend_exp=0.25, dd_guard=none, dd_exp=none",0.6,1.0,rolling_high,5.0,15.0,rebound_from_low,5.0,10,75,0.25,none,none,2010-06-25 to 2019-12-31,1645.35,-46.03,1.005,2020-01-02 to 2026-05-20,3518.36,-44.86,1.346,65402.63,-46.03,1.159,0.616,0.0,1065,123,0
"unit=0.60, cap=1.00, anchor=rolling_high, add=5%/15%, sell=rebound_from_low 5%, max_days=10, trend_sma=100, trend_exp=0.2, dd_guard=none, dd_exp=none",0.6,1.0,rolling_high,5.0,15.0,rebound_from_low,5.0,10,100,0.2,none,none,2010-06-25 to 2019-12-31,1524.94,-45.45,0.963,2020-01-02 to 2026-05-20,5052.59,-49.74,1.423,86741.49,-49.74,1.174,0.621,0.0,1065,123,0
"unit=0.60, cap=1.00, anchor=rolling_high, add=5%/15%, sell=rebound_from_low 5%, max_days=10, trend_sma=75, trend_exp=0.2, dd_guard=0.35, dd_exp=0.25",0.6,1.0,rolling_high,5.0,15.0,rebound_from_low,5.0,10,75,0.2,35.0,0.25,2010-06-25 to 2019-12-31,1495.27,-38.67,1.001,2020-01-02 to 2026-05-20,2866.92,-44.4,1.308,48991.21,-44.4,1.138,0.596,0.0,1065,123,0
"unit=0.60, cap=1.00, anchor=rolling_high, add=5%/15%, sell=rebound_from_low 5%, max_days=15, trend_sma=none, trend_exp=none, dd_guard=none, dd_exp=none",0.6,1.0,rolling_high,5.0,15.0,rebound_from_low,5.0,15,none,none,none,none,2010-06-25 to 2019-12-31,4442.3,-51.56,1.074,2020-01-02 to 2026-05-20,7325.23,-71.13,1.308,349725.05,-71.13,1.172,0.775,0.0,1043,123,0
"unit=0.60, cap=1.00, anchor=rolling_high, add=5%/15%, sell=rebound_from_low 5%, max_days=15, trend_sma=75, trend_exp=0.2, dd_guard=none, dd_exp=none",0.6,1.0,rolling_high,5.0,15.0,rebound_from_low,5.0,15,75,0.2,none,none,2010-06-25 to 2019-12-31,1380.12,-47.24,0.966,2020-01-02 to 2026-05-20,3210.19,-44.49,1.333,50717.54,-47.24,1.132,0.602,0.0,1043,123,0
"unit=0.60, cap=1.00, anchor=rolling_high, add=5%/15%, sell=rebound_from_low 5%, max_days=15, trend_sma=75, trend_exp=0.25, dd_guard=none, dd_exp=none",0.6,1.0,rolling_high,5.0,15.0,rebound_from_low,5.0,15,75,0.25,none,none,2010-06-25 to 2019-12-31,1546.69,-46.03,0.99,2020-01-02 to 2026-05-20,3518.36,-44.86,1.346,61699.79,-46.03,1.151,0.616,0.0,1043,123,0
"unit=0.60, cap=1.00, anchor=rolling_high, add=5%/15%, sell=rebound_from_low 5%, max_days=15, trend_sma=100, trend_exp=0.2, dd_guard=none, dd_exp=none",0.6,1.0,rolling_high,5.0,15.0,rebound_from_low,5.0,15,100,0.2,none,none,2010-06-25 to 2019-12-31,1437.76,-45.45,0.948,2020-01-02 to 2026-05-20,5127.91,-49.74,1.427,83283.63,-49.74,1.168,0.621,0.0,1043,123,0
"unit=0.60, cap=1.00, anchor=rolling_high, add=5%/15%, sell=rebound_from_low 5%, max_days=15, trend_sma=75, trend_exp=0.2, dd_guard=0.35, dd_exp=0.25",0.6,1.0,rolling_high,5.0,15.0,rebound_from_low,5.0,15,75,0.2,35.0,0.25,2010-06-25 to 2019-12-31,1405.09,-38.67,0.984,2020-01-02 to 2026-05-20,2866.92,-44.4,1.308,46216.1,-44.4,1.13,0.595,0.0,1043,123,0
"unit=0.60, cap=1.00, anchor=rolling_high, add=5%/20%, sell=extra_profit 12%, max_days=10, trend_sma=none, trend_exp=none, dd_guard=none, dd_exp=none",0.6,1.0,rolling_high,5.0,20.0,extra_profit,12.0,10,none,none,none,none,2010-06-25 to 2019-12-31,6110.01,-49.96,1.121,2020-01-02 to 2026-05-20,4889.48,-77.85,1.193,321274.78,-77.85,1.136,0.824,0.0,701,123,0
"unit=0.60, cap=1.00, anchor=rolling_high, add=5%/20%, sell=extra_profit 12%, max_days=10, trend_sma=75, trend_exp=0.2, dd_guard=none, dd_exp=none",0.6,1.0,rolling_high,5.0,20.0,extra_profit,12.0,10,75,0.2,none,none,2010-06-25 to 2019-12-31,1753.74,-45.13,1.001,2020-01-02 to 2026-05-20,2093.99,-57.02,1.157,42084.12,-57.02,1.064,0.645,0.0,701,123,0
"unit=0.60, cap=1.00, anchor=rolling_high, add=5%/20%, sell=extra_profit 12%, max_days=10, trend_sma=75, trend_exp=0.25, dd_guard=none, dd_exp=none",0.6,1.0,rolling_high,5.0,20.0,extra_profit,12.0,10,75,0.25,none,none,2010-06-25 to 2019-12-31,1962.36,-43.86,1.023,2020-01-02 to 2026-05-20,2298.25,-58.45,1.174,51200.58,-58.45,1.083,0.658,0.0,701,123,0
"unit=0.60, cap=1.00, anchor=rolling_high, add=5%/20%, sell=extra_profit 12%, max_days=10, trend_sma=100, trend_exp=0.2, dd_guard=none, dd_exp=none",0.6,1.0,rolling_high,5.0,20.0,extra_profit,12.0,10,100,0.2,none,none,2010-06-25 to 2019-12-31,1768.3,-44.48,0.975,2020-01-02 to 2026-05-20,3041.43,-55.28,1.226,60774.95,-55.28,1.084,0.664,0.0,701,123,0
"unit=0.60, cap=1.00, anchor=rolling_high, add=5%/20%, sell=extra_profit 12%, max_days=10, trend_sma=75, trend_exp=0.2, dd_guard=0.35, dd_exp=0.25",0.6,1.0,rolling_high,5.0,20.0,extra_profit,12.0,10,75,0.2,35.0,0.25,2010-06-25 to 2019-12-31,1233.97,-40.22,0.921,2020-01-02 to 2026-05-20,805.17,-46.28,0.96,12423.99,-46.28,0.937,0.578,0.0,701,123,0
"unit=0.60, cap=1.00, anchor=rolling_high, add=5%/20%, sell=extra_profit 12%, max_days=15, trend_sma=none, trend_exp=none, dd_guard=none, dd_exp=none",0.6,1.0,rolling_high,5.0,20.0,extra_profit,12.0,15,none,none,none,none,2010-06-25 to 2019-12-31,5733.94,-49.24,1.102,2020-01-02 to 2026-05-20,4581.39,-76.68,1.177,283170.7,-76.68,1.12,0.832,0.0,621,123,0
"unit=0.60, cap=1.00, anchor=rolling_high, add=5%/20%, sell=extra_profit 12%, max_days=15, trend_sma=75, trend_exp=0.2, dd_guard=none, dd_exp=none",0.6,1.0,rolling_high,5.0,20.0,extra_profit,12.0,15,75,0.2,none,none,2010-06-25 to 2019-12-31,1519.99,-45.4,0.957,2020-01-02 to 2026-05-20,2172.9,-55.45,1.166,38090.77,-55.45,1.047,0.652,0.0,621,123,0
"unit=0.60, cap=1.00, anchor=rolling_high, add=5%/20%, sell=extra_profit 12%, max_days=15, trend_sma=75, trend_exp=0.25, dd_guard=none, dd_exp=none",0.6,1.0,rolling_high,5.0,20.0,extra_profit,12.0,15,75,0.25,none,none,2010-06-25 to 2019-12-31,1702.3,-44.14,0.98,2020-01-02 to 2026-05-20,2384.5,-56.93,1.182,46344.23,-56.93,1.066,0.665,0.0,621,123,0
"unit=0.60, cap=1.00, anchor=rolling_high, add=5%/20%, sell=extra_profit 12%, max_days=15, trend_sma=100, trend_exp=0.2, dd_guard=none, dd_exp=none",0.6,1.0,rolling_high,5.0,20.0,extra_profit,12.0,15,100,0.2,none,none,2010-06-25 to 2019-12-31,1436.06,-47.0,0.918,2020-01-02 to 2026-05-20,3204.2,-52.73,1.239,52542.63,-52.73,1.062,0.67,0.0,621,123,0
"unit=0.60, cap=1.00, anchor=rolling_high, add=5%/20%, sell=extra_profit 12%, max_days=15, trend_sma=75, trend_exp=0.2, dd_guard=0.35, dd_exp=0.25",0.6,1.0,rolling_high,5.0,20.0,extra_profit,12.0,15,75,0.2,35.0,0.25,2010-06-25 to 2019-12-31,470.87,-40.67,0.695,2020-01-02 to 2026-05-20,650.68,-51.06,0.926,4344.89,-51.06,0.801,0.546,0.0,621,123,0
"unit=0.60, cap=1.00, anchor=rolling_high, add=5%/20%, sell=extra_profit 18%, max_days=10, trend_sma=none, trend_exp=none, dd_guard=none, dd_exp=none",0.6,1.0,rolling_high,5.0,20.0,extra_profit,18.0,10,none,none,none,none,2010-06-25 to 2019-12-31,4479.09,-50.47,1.05,2020-01-02 to 2026-05-20,4911.93,-77.51,1.193,237939.55,-77.51,1.103,0.837,0.0,668,123,0
"unit=0.60, cap=1.00, anchor=rolling_high, add=5%/20%, sell=extra_profit 18%, max_days=10, trend_sma=75, trend_exp=0.2, dd_guard=none, dd_exp=none",0.6,1.0,rolling_high,5.0,20.0,extra_profit,18.0,10,75,0.2,none,none,2010-06-25 to 2019-12-31,1779.99,-45.13,0.997,2020-01-02 to 2026-05-20,2177.28,-55.92,1.163,44305.58,-55.92,1.065,0.656,0.0,668,123,0
"unit=0.60, cap=1.00, anchor=rolling_high, add=5%/20%, sell=extra_profit 18%, max_days=10, trend_sma=75, trend_exp=0.25, dd_guard=none, dd_exp=none",0.6,1.0,rolling_high,5.0,20.0,extra_profit,18.0,10,75,0.25,none,none,2010-06-25 to 2019-12-31,1991.56,-43.86,1.019,2020-01-02 to 2026-05-20,2389.29,-57.38,1.179,53902.13,-57.38,1.084,0.669,0.0,668,123,0
"unit=0.60, cap=1.00, anchor=rolling_high, add=5%/20%, sell=extra_profit 18%, max_days=10, trend_sma=100, trend_exp=0.2, dd_guard=none, dd_exp=none",0.6,1.0,rolling_high,5.0,20.0,extra_profit,18.0,10,100,0.2,none,none,2010-06-25 to 2019-12-31,1634.55,-45.78,0.949,2020-01-02 to 2026-05-20,2901.43,-55.28,1.21,53898.11,-55.28,1.064,0.674,0.0,668,123,0
"unit=0.60, cap=1.00, anchor=rolling_high, add=5%/20%, sell=extra_profit 18%, max_days=10, trend_sma=75, trend_exp=0.2, dd_guard=0.35, dd_exp=0.25",0.6,1.0,rolling_high,5.0,20.0,extra_profit,18.0,10,75,0.2,35.0,0.25,2010-06-25 to 2019-12-31,1216.22,-40.22,0.913,2020-01-02 to 2026-05-20,1086.54,-45.85,1.034,16098.48,-45.85,0.966,0.597,0.0,668,123,0
"unit=0.60, cap=1.00, anchor=rolling_high, add=5%/20%, sell=extra_profit 18%, max_days=15, trend_sma=none, trend_exp=none, dd_guard=none, dd_exp=none",0.6,1.0,rolling_high,5.0,20.0,extra_profit,18.0,15,none,none,none,none,2010-06-25 to 2019-12-31,4971.54,-52.57,1.064,2020-01-02 to 2026-05-20,4842.77,-75.55,1.186,259901.22,-75.55,1.106,0.856,0.0,574,123,0
"unit=0.60, cap=1.00, anchor=rolling_high, add=5%/20%, sell=extra_profit 18%, max_days=15, trend_sma=75, trend_exp=0.2, dd_guard=none, dd_exp=none",0.6,1.0,rolling_high,5.0,20.0,extra_profit,18.0,15,75,0.2,none,none,2010-06-25 to 2019-12-31,1456.86,-45.46,0.936,2020-01-02 to 2026-05-20,2186.66,-53.61,1.157,36824.61,-53.61,1.032,0.673,0.0,574,123,0
"unit=0.60, cap=1.00, anchor=rolling_high, add=5%/20%, sell=extra_profit 18%, max_days=15, trend_sma=75, trend_exp=0.25, dd_guard=none, dd_exp=none",0.6,1.0,rolling_high,5.0,20.0,extra_profit,18.0,15,75,0.25,none,none,2010-06-25 to 2019-12-31,1632.07,-44.2,0.959,2020-01-02 to 2026-05-20,2399.54,-55.15,1.174,44804.43,-55.15,1.051,0.686,0.0,574,123,0
"unit=0.60, cap=1.00, anchor=rolling_high, add=5%/20%, sell=extra_profit 18%, max_days=15, trend_sma=100, trend_exp=0.2, dd_guard=none, dd_exp=none",0.6,1.0,rolling_high,5.0,20.0,extra_profit,18.0,15,100,0.2,none,none,2010-06-25 to 2019-12-31,1316.81,-47.35,0.889,2020-01-02 to 2026-05-20,3233.49,-52.99,1.235,48886.61,-52.99,1.046,0.69,0.0,574,123,0
"unit=0.60, cap=1.00, anchor=rolling_high, add=5%/20%, sell=extra_profit 18%, max_days=15, trend_sma=75, trend_exp=0.2, dd_guard=0.35, dd_exp=0.25",0.6,1.0,rolling_high,5.0,20.0,extra_profit,18.0,15,75,0.2,35.0,0.25,2010-06-25 to 2019-12-31,553.09,-43.24,0.729,2020-01-02 to 2026-05-20,758.19,-48.84,0.938,5713.27,-48.84,0.824,0.578,0.0,574,123,0
"unit=0.60, cap=1.00, anchor=rolling_high, add=5%/20%, sell=rebound_from_low 5%, max_days=10, trend_sma=none, trend_exp=none, dd_guard=none, dd_exp=none",0.6,1.0,rolling_high,5.0,20.0,rebound_from_low,5.0,10,none,none,none,none,2010-06-25 to 2019-12-31,4690.21,-51.56,1.084,2020-01-02 to 2026-05-20,7296.64,-71.13,1.307,367396.94,-71.13,1.176,0.774,0.0,1014,123,0
"unit=0.60, cap=1.00, anchor=rolling_high, add=5%/20%, sell=rebound_from_low 5%, max_days=10, trend_sma=75, trend_exp=0.2, dd_guard=none, dd_exp=none",0.6,1.0,rolling_high,5.0,20.0,rebound_from_low,5.0,10,75,0.2,none,none,2010-06-25 to 2019-12-31,1468.8,-47.24,0.982,2020-01-02 to 2026-05-20,3210.19,-44.49,1.333,53762.36,-47.24,1.141,0.603,0.0,1014,123,0
"unit=0.60, cap=1.00, anchor=rolling_high, add=5%/20%, sell=rebound_from_low 5%, max_days=10, trend_sma=75, trend_exp=0.25, dd_guard=none, dd_exp=none",0.6,1.0,rolling_high,5.0,20.0,rebound_from_low,5.0,10,75,0.25,none,none,2010-06-25 to 2019-12-31,1645.35,-46.03,1.005,2020-01-02 to 2026-05-20,3518.36,-44.86,1.346,65402.63,-46.03,1.159,0.616,0.0,1014,123,0
"unit=0.60, cap=1.00, anchor=rolling_high, add=5%/20%, sell=rebound_from_low 5%, max_days=10, trend_sma=100, trend_exp=0.2, dd_guard=none, dd_exp=none",0.6,1.0,rolling_high,5.0,20.0,rebound_from_low,5.0,10,100,0.2,none,none,2010-06-25 to 2019-12-31,1524.94,-45.45,0.963,2020-01-02 to 2026-05-20,5052.59,-49.74,1.423,86741.49,-49.74,1.174,0.621,0.0,1014,123,0
"unit=0.60, cap=1.00, anchor=rolling_high, add=5%/20%, sell=rebound_from_low 5%, max_days=10, trend_sma=75, trend_exp=0.2, dd_guard=0.35, dd_exp=0.25",0.6,1.0,rolling_high,5.0,20.0,rebound_from_low,5.0,10,75,0.2,35.0,0.25,2010-06-25 to 2019-12-31,1495.27,-38.67,1.001,2020-01-02 to 2026-05-20,2866.92,-44.4,1.308,48991.21,-44.4,1.138,0.596,0.0,1014,123,0
"unit=0.60, cap=1.00, anchor=rolling_high, add=5%/20%, sell=rebound_from_low 5%, max_days=15, trend_sma=none, trend_exp=none, dd_guard=none, dd_exp=none",0.6,1.0,rolling_high,5.0,20.0,rebound_from_low,5.0,15,none,none,none,none,2010-06-25 to 2019-12-31,4442.3,-51.56,1.074,2020-01-02 to 2026-05-20,7325.23,-71.13,1.308,349725.05,-71.13,1.172,0.775,0.0,996,123,0
"unit=0.60, cap=1.00, anchor=rolling_high, add=5%/20%, sell=rebound_from_low 5%, max_days=15, trend_sma=75, trend_exp=0.2, dd_guard=none, dd_exp=none",0.6,1.0,rolling_high,5.0,20.0,rebound_from_low,5.0,15,75,0.2,none,none,2010-06-25 to 2019-12-31,1380.12,-47.24,0.966,2020-01-02 to 2026-05-20,3210.19,-44.49,1.333,50717.54,-47.24,1.132,0.602,0.0,996,123,0
"unit=0.60, cap=1.00, anchor=rolling_high, add=5%/20%, sell=rebound_from_low 5%, max_days=15, trend_sma=75, trend_exp=0.25, dd_guard=none, dd_exp=none",0.6,1.0,rolling_high,5.0,20.0,rebound_from_low,5.0,15,75,0.25,none,none,2010-06-25 to 2019-12-31,1546.69,-46.03,0.99,2020-01-02 to 2026-05-20,3518.36,-44.86,1.346,61699.79,-46.03,1.151,0.616,0.0,996,123,0
"unit=0.60, cap=1.00, anchor=rolling_high, add=5%/20%, sell=rebound_from_low 5%, max_days=15, trend_sma=100, trend_exp=0.2, dd_guard=none, dd_exp=none",0.6,1.0,rolling_high,5.0,20.0,rebound_from_low,5.0,15,100,0.2,none,none,2010-06-25 to 2019-12-31,1437.76,-45.45,0.948,2020-01-02 to 2026-05-20,5127.91,-49.74,1.427,83283.63,-49.74,1.168,0.621,0.0,996,123,0
"unit=0.60, cap=1.00, anchor=rolling_high, add=5%/20%, sell=rebound_from_low 5%, max_days=15, trend_sma=75, trend_exp=0.2, dd_guard=0.35, dd_exp=0.25",0.6,1.0,rolling_high,5.0,20.0,rebound_from_low,5.0,15,75,0.2,35.0,0.25,2010-06-25 to 2019-12-31,1405.09,-38.67,0.984,2020-01-02 to 2026-05-20,2866.92,-44.4,1.308,46216.1,-44.4,1.13,0.595,0.0,996,123,0
"unit=0.60, cap=1.00, anchor=rolling_high, add=8%/20%, sell=extra_profit 12%, max_days=10, trend_sma=none, trend_exp=none, dd_guard=none, dd_exp=none",0.6,1.0,rolling_high,8.0,20.0,extra_profit,12.0,10,none,none,none,none,2010-06-25 to 2019-12-31,3096.99,-49.76,1.003,2020-01-02 to 2026-05-20,4795.53,-70.83,1.208,162232.49,-70.83,1.086,0.767,0.0,591,123,0
"unit=0.60, cap=1.00, anchor=rolling_high, add=8%/20%, sell=extra_profit 12%, max_days=10, trend_sma=75, trend_exp=0.2, dd_guard=none, dd_exp=none",0.6,1.0,rolling_high,8.0,20.0,extra_profit,12.0,10,75,0.2,none,none,2010-06-25 to 2019-12-31,998.49,-45.14,0.891,2020-01-02 to 2026-05-20,1478.31,-52.61,1.087,17882.55,-52.61,0.974,0.595,0.0,591,123,0
"unit=0.60, cap=1.00, anchor=rolling_high, add=8%/20%, sell=extra_profit 12%, max_days=10, trend_sma=75, trend_exp=0.25, dd_guard=none, dd_exp=none",0.6,1.0,rolling_high,8.0,20.0,extra_profit,12.0,10,75,0.25,none,none,2010-06-25 to 2019-12-31,1122.11,-44.14,0.915,2020-01-02 to 2026-05-20,1625.24,-52.89,1.104,21768.79,-52.89,0.995,0.608,0.0,591,123,0
"unit=0.60, cap=1.00, anchor=rolling_high, add=8%/20%, sell=extra_profit 12%, max_days=10, trend_sma=100, trend_exp=0.2, dd_guard=none, dd_exp=none",0.6,1.0,rolling_high,8.0,20.0,extra_profit,12.0,10,100,0.2,none,none,2010-06-25 to 2019-12-31,995.23,-47.64,0.862,2020-01-02 to 2026-05-20,2394.82,-52.22,1.191,28240.57,-52.22,1.011,0.614,0.0,591,123,0
"unit=0.60, cap=1.00, anchor=rolling_high, add=8%/20%, sell=extra_profit 12%, max_days=10, trend_sma=75, trend_exp=0.2, dd_guard=0.35, dd_exp=0.25",0.6,1.0,rolling_high,8.0,20.0,extra_profit,12.0,10,75,0.2,35.0,0.25,2010-06-25 to 2019-12-31,575.84,-44.22,0.794,2020-01-02 to 2026-05-20,994.87,-45.32,1.025,7574.89,-45.32,0.897,0.523,0.0,591,123,0
"unit=0.60, cap=1.00, anchor=rolling_high, add=8%/20%, sell=extra_profit 12%, max_days=15, trend_sma=none, trend_exp=none, dd_guard=none, dd_exp=none",0.6,1.0,rolling_high,8.0,20.0,extra_profit,12.0,15,none,none,none,none,2010-06-25 to 2019-12-31,2784.7,-51.69,0.976,2020-01-02 to 2026-05-20,3422.45,-72.18,1.132,105292.77,-72.18,1.036,0.777,0.0,520,123,0
"unit=0.60, cap=1.00, anchor=rolling_high, add=8%/20%, sell=extra_profit 12%, max_days=15, trend_sma=75, trend_exp=0.2, dd_guard=none, dd_exp=none",0.6,1.0,rolling_high,8.0,20.0,extra_profit,12.0,15,75,0.2,none,none,2010-06-25 to 2019-12-31,801.66,-46.08,0.824,2020-01-02 to 2026-05-20,1350.11,-50.86,1.058,13461.52,-50.86,0.928,0.602,0.0,520,123,0
"unit=0.60, cap=1.00, anchor=rolling_high, add=8%/20%, sell=extra_profit 12%, max_days=15, trend_sma=75, trend_exp=0.25, dd_guard=none, dd_exp=none",0.6,1.0,rolling_high,8.0,20.0,extra_profit,12.0,15,75,0.25,none,none,2010-06-25 to 2019-12-31,903.13,-44.83,0.849,2020-01-02 to 2026-05-20,1485.11,-51.79,1.076,16392.32,-51.79,0.949,0.615,0.0,520,123,0
"unit=0.60, cap=1.00, anchor=rolling_high, add=8%/20%, sell=extra_profit 12%, max_days=15, trend_sma=100, trend_exp=0.2, dd_guard=none, dd_exp=none",0.6,1.0,rolling_high,8.0,20.0,extra_profit,12.0,15,100,0.2,none,none,2010-06-25 to 2019-12-31,780.98,-48.13,0.794,2020-01-02 to 2026-05-20,2031.04,-52.22,1.141,19372.61,-52.22,0.953,0.621,0.0,520,123,0
"unit=0.60, cap=1.00, anchor=rolling_high, add=8%/20%, sell=extra_profit 12%, max_days=15, trend_sma=75, trend_exp=0.2, dd_guard=0.35, dd_exp=0.25",0.6,1.0,rolling_high,8.0,20.0,extra_profit,12.0,15,75,0.2,35.0,0.25,2010-06-25 to 2019-12-31,478.12,-44.29,0.732,2020-01-02 to 2026-05-20,397.91,-52.21,0.807,2885.58,-52.21,0.766,0.482,0.0,520,123,0
"unit=0.60, cap=1.00, anchor=rolling_high, add=8%/20%, sell=extra_profit 18%, max_days=10, trend_sma=none, trend_exp=none, dd_guard=none, dd_exp=none",0.6,1.0,rolling_high,8.0,20.0,extra_profit,18.0,10,none,none,none,none,2010-06-25 to 2019-12-31,2757.01,-51.22,0.974,2020-01-02 to 2026-05-20,5548.24,-72.88,1.236,167274.47,-72.88,1.086,0.774,0.0,558,123,0
"unit=0.60, cap=1.00, anchor=rolling_high, add=8%/20%, sell=extra_profit 18%, max_days=10, trend_sma=75, trend_exp=0.2, dd_guard=none, dd_exp=none",0.6,1.0,rolling_high,8.0,20.0,extra_profit,18.0,10,75,0.2,none,none,2010-06-25 to 2019-12-31,1080.81,-45.14,0.905,2020-01-02 to 2026-05-20,1937.66,-49.48,1.153,24856.15,-49.48,1.014,0.6,0.0,558,123,0
"unit=0.60, cap=1.00, anchor=rolling_high, add=8%/20%, sell=extra_profit 18%, max_days=10, trend_sma=75, trend_exp=0.25, dd_guard=none, dd_exp=none",0.6,1.0,rolling_high,8.0,20.0,extra_profit,18.0,10,75,0.25,none,none,2010-06-25 to 2019-12-31,1213.7,-44.14,0.93,2020-01-02 to 2026-05-20,2127.36,-49.97,1.17,30249.45,-49.97,1.034,0.614,0.0,558,123,0
"unit=0.60, cap=1.00, anchor=rolling_high, add=8%/20%, sell=extra_profit 18%, max_days=10, trend_sma=100, trend_exp=0.2, dd_guard=none, dd_exp=none",0.6,1.0,rolling_high,8.0,20.0,extra_profit,18.0,10,100,0.2,none,none,2010-06-25 to 2019-12-31,998.59,-47.64,0.857,2020-01-02 to 2026-05-20,2825.57,-52.22,1.231,33235.97,-52.22,1.028,0.618,0.0,558,123,0
"unit=0.60, cap=1.00, anchor=rolling_high, add=8%/20%, sell=extra_profit 18%, max_days=10, trend_sma=75, trend_exp=0.2, dd_guard=0.35, dd_exp=0.25",0.6,1.0,rolling_high,8.0,20.0,extra_profit,18.0,10,75,0.2,35.0,0.25,2010-06-25 to 2019-12-31,620.75,-44.22,0.811,2020-01-02 to 2026-05-20,1327.95,-46.17,1.091,10574.81,-46.17,0.936,0.531,0.0,558,123,0
"unit=0.60, cap=1.00, anchor=rolling_high, add=8%/20%, sell=extra_profit 18%, max_days=15, trend_sma=none, trend_exp=none, dd_guard=none, dd_exp=none",0.6,1.0,rolling_high,8.0,20.0,extra_profit,18.0,15,none,none,none,none,2010-06-25 to 2019-12-31,3227.89,-52.74,0.999,2020-01-02 to 2026-05-20,3592.94,-72.73,1.137,127369.51,-72.73,1.05,0.793,0.0,485,123,0
"unit=0.60, cap=1.00, anchor=rolling_high, add=8%/20%, sell=extra_profit 18%, max_days=15, trend_sma=75, trend_exp=0.2, dd_guard=none, dd_exp=none",0.6,1.0,rolling_high,8.0,20.0,extra_profit,18.0,15,75,0.2,none,none,2010-06-25 to 2019-12-31,1109.67,-46.08,0.899,2020-01-02 to 2026-05-20,1479.36,-49.98,1.074,19715.83,-49.98,0.972,0.615,0.0,485,123,0
"unit=0.60, cap=1.00, anchor=rolling_high, add=8%/20%, sell=extra_profit 18%, max_days=15, trend_sma=75, trend_exp=0.25, dd_guard=none, dd_exp=none",0.6,1.0,rolling_high,8.0,20.0,extra_profit,18.0,15,75,0.25,none,none,2010-06-25 to 2019-12-31,1245.8,-44.83,0.923,2020-01-02 to 2026-05-20,1626.39,-50.41,1.092,23998.25,-50.41,0.993,0.628,0.0,485,123,0
"unit=0.60, cap=1.00, anchor=rolling_high, add=8%/20%, sell=extra_profit 18%, max_days=15, trend_sma=100, trend_exp=0.2, dd_guard=none, dd_exp=none",0.6,1.0,rolling_high,8.0,20.0,extra_profit,18.0,15,100,0.2,none,none,2010-06-25 to 2019-12-31,1047.58,-48.05,0.858,2020-01-02 to 2026-05-20,2130.25,-52.22,1.146,26446.16,-52.22,0.987,0.634,0.0,485,123,0
"unit=0.60, cap=1.00, anchor=rolling_high, add=8%/20%, sell=extra_profit 18%, max_days=15, trend_sma=75, trend_exp=0.2, dd_guard=0.35, dd_exp=0.25",0.6,1.0,rolling_high,8.0,20.0,extra_profit,18.0,15,75,0.2,35.0,0.25,2010-06-25 to 2019-12-31,629.19,-44.29,0.801,2020-01-02 to 2026-05-20,735.26,-51.47,0.967,6217.24,-51.47,0.875,0.495,0.0,485,123,0
"unit=0.60, cap=1.00, anchor=rolling_high, add=8%/20%, sell=rebound_from_low 5%, max_days=10, trend_sma=none, trend_exp=none, dd_guard=none, dd_exp=none",0.6,1.0,rolling_high,8.0,20.0,rebound_from_low,5.0,10,none,none,none,none,2010-06-25 to 2019-12-31,2072.86,-50.43,0.936,2020-01-02 to 2026-05-20,5598.48,-68.62,1.269,128326.83,-68.62,1.084,0.731,0.0,823,123,0
"unit=0.60, cap=1.00, anchor=rolling_high, add=8%/20%, sell=rebound_from_low 5%, max_days=10, trend_sma=75, trend_exp=0.2, dd_guard=none, dd_exp=none",0.6,1.0,rolling_high,8.0,20.0,rebound_from_low,5.0,10,75,0.2,none,none,2010-06-25 to 2019-12-31,904.19,-43.56,0.891,2020-01-02 to 2026-05-20,1881.27,-44.49,1.202,20535.9,-44.49,1.031,0.566,0.0,823,123,0
"unit=0.60, cap=1.00, anchor=rolling_high, add=8%/20%, sell=rebound_from_low 5%, max_days=10, trend_sma=75, trend_exp=0.25, dd_guard=none, dd_exp=none",0.6,1.0,rolling_high,8.0,20.0,rebound_from_low,5.0,10,75,0.25,none,none,2010-06-25 to 2019-12-31,1017.2,-42.26,0.916,2020-01-02 to 2026-05-20,2065.72,-44.52,1.217,24995.55,-44.52,1.051,0.579,0.0,823,123,0
"unit=0.60, cap=1.00, anchor=rolling_high, add=8%/20%, sell=rebound_from_low 5%, max_days=10, trend_sma=100, trend_exp=0.2, dd_guard=none, dd_exp=none",0.6,1.0,rolling_high,8.0,20.0,rebound_from_low,5.0,10,100,0.2,none,none,2010-06-25 to 2019-12-31,886.6,-41.65,0.856,2020-01-02 to 2026-05-20,3129.34,-49.74,1.314,32946.08,-49.74,1.068,0.584,0.0,823,123,0
"unit=0.60, cap=1.00, anchor=rolling_high, add=8%/20%, sell=rebound_from_low 5%, max_days=10, trend_sma=75, trend_exp=0.2, dd_guard=0.35, dd_exp=0.25",0.6,1.0,rolling_high,8.0,20.0,rebound_from_low,5.0,10,75,0.2,35.0,0.25,2010-06-25 to 2019-12-31,821.71,-39.2,0.873,2020-01-02 to 2026-05-20,936.12,-44.4,1.026,9805.39,-44.4,0.939,0.544,0.0,823,123,0
"unit=0.60, cap=1.00, anchor=rolling_high, add=8%/20%, sell=rebound_from_low 5%, max_days=15, trend_sma=none, trend_exp=none, dd_guard=none, dd_exp=none",0.6,1.0,rolling_high,8.0,20.0,rebound_from_low,5.0,15,none,none,none,none,2010-06-25 to 2019-12-31,2222.58,-50.43,0.95,2020-01-02 to 2026-05-20,5620.37,-68.62,1.27,137703.58,-68.62,1.092,0.732,0.0,812,123,0
"unit=0.60, cap=1.00, anchor=rolling_high, add=8%/20%, sell=rebound_from_low 5%, max_days=15, trend_sma=75, trend_exp=0.2, dd_guard=none, dd_exp=none",0.6,1.0,rolling_high,8.0,20.0,rebound_from_low,5.0,15,75,0.2,none,none,2010-06-25 to 2019-12-31,925.55,-43.56,0.898,2020-01-02 to 2026-05-20,1881.27,-44.49,1.202,20974.77,-44.49,1.035,0.566,0.0,812,123,0
"unit=0.60, cap=1.00, anchor=rolling_high, add=8%/20%, sell=rebound_from_low 5%, max_days=15, trend_sma=75, trend_exp=0.25, dd_guard=none, dd_exp=none",0.6,1.0,rolling_high,8.0,20.0,rebound_from_low,5.0,15,75,0.25,none,none,2010-06-25 to 2019-12-31,1040.96,-42.26,0.923,2020-01-02 to 2026-05-20,2065.72,-44.52,1.217,25529.26,-44.52,1.055,0.579,0.0,812,123,0
"unit=0.60, cap=1.00, anchor=rolling_high, add=8%/20%, sell=rebound_from_low 5%, max_days=15, trend_sma=100, trend_exp=0.2, dd_guard=none, dd_exp=none",0.6,1.0,rolling_high,8.0,20.0,rebound_from_low,5.0,15,100,0.2,none,none,2010-06-25 to 2019-12-31,905.49,-41.65,0.863,2020-01-02 to 2026-05-20,3176.47,-49.74,1.318,34070.25,-49.74,1.074,0.585,0.0,812,123,0
"unit=0.60, cap=1.00, anchor=rolling_high, add=8%/20%, sell=rebound_from_low 5%, max_days=15, trend_sma=75, trend_exp=0.2, dd_guard=0.35, dd_exp=0.25",0.6,1.0,rolling_high,8.0,20.0,rebound_from_low,5.0,15,75,0.2,35.0,0.25,2010-06-25 to 2019-12-31,841.32,-39.2,0.88,2020-01-02 to 2026-05-20,936.12,-44.4,1.026,10016.05,-44.4,0.943,0.544,0.0,812,123,0
"unit=0.60, cap=1.50, anchor=rolling_high, add=5%/15%, sell=extra_profit 12%, max_days=10, trend_sma=none, trend_exp=none, dd_guard=none, dd_exp=none",0.6,1.5,rolling_high,5.0,15.0,extra_profit,12.0,10,none,none,none,none,2010-06-25 to 2019-12-31,7369.86,-62.16,1.034,2020-01-02 to 2026-05-20,6404.33,-88.12,1.168,503841.34,-88.12,1.081,0.987,56.0,729,123,0
"unit=0.60, cap=1.50, anchor=rolling_high, add=5%/15%, sell=extra_profit 12%, max_days=10, trend_sma=75, trend_exp=0.2, dd_guard=none, dd_exp=none",0.6,1.5,rolling_high,5.0,15.0,extra_profit,12.0,10,75,0.2,none,none,2010-06-25 to 2019-12-31,1976.28,-56.73,0.932,2020-01-02 to 2026-05-20,2236.53,-67.07,1.072,50217.81,-67.07,0.986,0.736,37.5,729,123,0
"unit=0.60, cap=1.50, anchor=rolling_high, add=5%/15%, sell=extra_profit 12%, max_days=10, trend_sma=75, trend_exp=0.25, dd_guard=none, dd_exp=none",0.6,1.5,rolling_high,5.0,15.0,extra_profit,12.0,10,75,0.25,none,none,2010-06-25 to 2019-12-31,2209.94,-55.73,0.953,2020-01-02 to 2026-05-20,2454.06,-67.26,1.089,61092.05,-67.26,1.004,0.749,37.5,729,123,0
"unit=0.60, cap=1.50, anchor=rolling_high, add=5%/15%, sell=extra_profit 12%, max_days=10, trend_sma=100, trend_exp=0.2, dd_guard=none, dd_exp=none",0.6,1.5,rolling_high,5.0,15.0,extra_profit,12.0,10,100,0.2,none,none,2010-06-25 to 2019-12-31,1922.37,-58.07,0.899,2020-01-02 to 2026-05-20,3955.43,-63.22,1.166,84967.27,-63.22,1.015,0.763,39.83,729,123,0
"unit=0.60, cap=1.50, anchor=rolling_high, add=5%/15%, sell=extra_profit 12%, max_days=10, trend_sma=75, trend_exp=0.2, dd_guard=0.35, dd_exp=0.25",0.6,1.5,rolling_high,5.0,15.0,extra_profit,12.0,10,75,0.2,35.0,0.25,2010-06-25 to 2019-12-31,388.9,-44.2,0.68,2020-01-02 to 2026-05-20,1233.19,-49.57,1.007,6660.45,-49.57,0.829,0.494,18.02,729,123,0
"unit=0.60, cap=1.50, anchor=rolling_high, add=5%/15%, sell=extra_profit 12%, max_days=15, trend_sma=none, trend_exp=none, dd_guard=none, dd_exp=none",0.6,1.5,rolling_high,5.0,15.0,extra_profit,12.0,15,none,none,none,none,2010-06-25 to 2019-12-31,7013.85,-65.24,1.022,2020-01-02 to 2026-05-20,4768.13,-88.27,1.118,359096.13,-88.27,1.05,1.004,57.98,645,123,0
"unit=0.60, cap=1.50, anchor=rolling_high, add=5%/15%, sell=extra_profit 12%, max_days=15, trend_sma=75, trend_exp=0.2, dd_guard=none, dd_exp=none",0.6,1.5,rolling_high,5.0,15.0,extra_profit,12.0,15,75,0.2,none,none,2010-06-25 to 2019-12-31,1642.02,-58.46,0.885,2020-01-02 to 2026-05-20,2204.0,-65.45,1.061,41529.44,-65.45,0.957,0.75,39.23,645,123,0
"unit=0.60, cap=1.50, anchor=rolling_high, add=5%/15%, sell=extra_profit 12%, max_days=15, trend_sma=75, trend_exp=0.25, dd_guard=none, dd_exp=none",0.6,1.5,rolling_high,5.0,15.0,extra_profit,12.0,15,75,0.25,none,none,2010-06-25 to 2019-12-31,1838.06,-57.5,0.906,2020-01-02 to 2026-05-20,2418.5,-66.6,1.077,50526.03,-66.6,0.975,0.763,39.23,645,123,0
"unit=0.60, cap=1.50, anchor=rolling_high, add=5%/15%, sell=extra_profit 12%, max_days=15, trend_sma=100, trend_exp=0.2, dd_guard=none, dd_exp=none",0.6,1.5,rolling_high,5.0,15.0,extra_profit,12.0,15,100,0.2,none,none,2010-06-25 to 2019-12-31,1415.86,-64.53,0.832,2020-01-02 to 2026-05-20,3883.36,-62.58,1.155,62528.54,-67.23,0.977,0.778,41.58,645,123,0
"unit=0.60, cap=1.50, anchor=rolling_high, add=5%/15%, sell=extra_profit 12%, max_days=15, trend_sma=75, trend_exp=0.2, dd_guard=0.35, dd_exp=0.25",0.6,1.5,rolling_high,5.0,15.0,extra_profit,12.0,15,75,0.2,35.0,0.25,2010-06-25 to 2019-12-31,408.62,-46.71,0.688,2020-01-02 to 2026-05-20,1200.34,-45.96,1.022,6759.82,-46.71,0.842,0.491,18.27,645,123,0
"unit=0.60, cap=1.50, anchor=rolling_high, add=5%/15%, sell=extra_profit 18%, max_days=10, trend_sma=none, trend_exp=none, dd_guard=none, dd_exp=none",0.6,1.5,rolling_high,5.0,15.0,extra_profit,18.0,10,none,none,none,none,2010-06-25 to 2019-12-31,4388.53,-65.04,0.946,2020-01-02 to 2026-05-20,5627.37,-88.15,1.147,266539.28,-88.15,1.029,1.009,59.33,696,123,0
"unit=0.60, cap=1.50, anchor=rolling_high, add=5%/15%, sell=extra_profit 18%, max_days=10, trend_sma=75, trend_exp=0.2, dd_guard=none, dd_exp=none",0.6,1.5,rolling_high,5.0,15.0,extra_profit,18.0,10,75,0.2,none,none,2010-06-25 to 2019-12-31,2081.71,-56.73,0.934,2020-01-02 to 2026-05-20,2217.27,-63.04,1.064,52337.06,-63.04,0.984,0.754,40.27,696,123,0
"unit=0.60, cap=1.50, anchor=rolling_high, add=5%/15%, sell=extra_profit 18%, max_days=10, trend_sma=75, trend_exp=0.25, dd_guard=none, dd_exp=none",0.6,1.5,rolling_high,5.0,15.0,extra_profit,18.0,10,75,0.25,none,none,2010-06-25 to 2019-12-31,2327.23,-55.73,0.955,2020-01-02 to 2026-05-20,2433.0,-64.27,1.081,63669.3,-64.27,1.002,0.767,40.27,696,123,0
"unit=0.60, cap=1.50, anchor=rolling_high, add=5%/15%, sell=extra_profit 18%, max_days=10, trend_sma=100, trend_exp=0.2, dd_guard=none, dd_exp=none",0.6,1.5,rolling_high,5.0,15.0,extra_profit,18.0,10,100,0.2,none,none,2010-06-25 to 2019-12-31,1724.09,-58.55,0.87,2020-01-02 to 2026-05-20,3269.54,-63.22,1.124,63650.15,-63.22,0.981,0.781,42.48,696,123,0
"unit=0.60, cap=1.50, anchor=rolling_high, add=5%/15%, sell=extra_profit 18%, max_days=10, trend_sma=75, trend_exp=0.2, dd_guard=0.35, dd_exp=0.25",0.6,1.5,rolling_high,5.0,15.0,extra_profit,18.0,10,75,0.2,35.0,0.25,2010-06-25 to 2019-12-31,433.43,-44.05,0.703,2020-01-02 to 2026-05-20,1480.46,-49.57,1.041,8644.23,-49.57,0.856,0.513,20.28,696,123,0
"unit=0.60, cap=1.50, anchor=rolling_high, add=5%/15%, sell=extra_profit 18%, max_days=15, trend_sma=none, trend_exp=none, dd_guard=none, dd_exp=none",0.6,1.5,rolling_high,5.0,15.0,extra_profit,18.0,15,none,none,none,none,2010-06-25 to 2019-12-31,6197.32,-69.22,0.994,2020-01-02 to 2026-05-20,5525.81,-87.93,1.14,367356.05,-87.93,1.049,1.047,64.05,600,123,0
"unit=0.60, cap=1.50, anchor=rolling_high, add=5%/15%, sell=extra_profit 18%, max_days=15, trend_sma=75, trend_exp=0.2, dd_guard=none, dd_exp=none",0.6,1.5,rolling_high,5.0,15.0,extra_profit,18.0,15,75,0.2,none,none,2010-06-25 to 2019-12-31,1748.21,-58.53,0.886,2020-01-02 to 2026-05-20,2152.65,-63.43,1.047,43082.62,-63.43,0.951,0.786,44.42,600,123,0
"unit=0.60, cap=1.50, anchor=rolling_high, add=5%/15%, sell=extra_profit 18%, max_days=15, trend_sma=75, trend_exp=0.25, dd_guard=none, dd_exp=none",0.6,1.5,rolling_high,5.0,15.0,extra_profit,18.0,15,75,0.25,none,none,2010-06-25 to 2019-12-31,1956.2,-57.57,0.906,2020-01-02 to 2026-05-20,2362.37,-64.6,1.064,52414.87,-64.6,0.969,0.799,44.42,600,123,0
"unit=0.60, cap=1.50, anchor=rolling_high, add=5%/15%, sell=extra_profit 18%, max_days=15, trend_sma=100, trend_exp=0.2, dd_guard=none, dd_exp=none",0.6,1.5,rolling_high,5.0,15.0,extra_profit,18.0,15,100,0.2,none,none,2010-06-25 to 2019-12-31,1297.18,-65.06,0.807,2020-01-02 to 2026-05-20,4083.83,-62.98,1.159,60530.38,-65.07,0.967,0.813,46.52,600,123,0
"unit=0.60, cap=1.50, anchor=rolling_high, add=5%/15%, sell=extra_profit 18%, max_days=15, trend_sma=75, trend_exp=0.2, dd_guard=0.35, dd_exp=0.25",0.6,1.5,rolling_high,5.0,15.0,extra_profit,18.0,15,75,0.2,35.0,0.25,2010-06-25 to 2019-12-31,754.66,-46.71,0.811,2020-01-02 to 2026-05-20,1197.09,-47.62,0.987,11398.1,-47.62,0.882,0.547,24.68,600,123,0
"unit=0.60, cap=1.50, anchor=rolling_high, add=5%/15%, sell=rebound_from_low 5%, max_days=10, trend_sma=none, trend_exp=none, dd_guard=none, dd_exp=none",0.6,1.5,rolling_high,5.0,15.0,rebound_from_low,5.0,10,none,none,none,none,2010-06-25 to 2019-12-31,6515.37,-59.29,1.032,2020-01-02 to 2026-05-20,13662.34,-79.32,1.325,944202.51,-79.32,1.159,0.901,43.65,1065,123,0
"unit=0.60, cap=1.50, anchor=rolling_high, add=5%/15%, sell=rebound_from_low 5%, max_days=10, trend_sma=75, trend_exp=0.2, dd_guard=none, dd_exp=none",0.6,1.5,rolling_high,5.0,15.0,rebound_from_low,5.0,10,75,0.2,none,none,2010-06-25 to 2019-12-31,1727.07,-57.12,0.935,2020-01-02 to 2026-05-20,5302.87,-51.02,1.331,102286.86,-57.12,1.115,0.666,26.82,1065,123,0
"unit=0.60, cap=1.50, anchor=rolling_high, add=5%/15%, sell=rebound_from_low 5%, max_days=10, trend_sma=75, trend_exp=0.25, dd_guard=none, dd_exp=none",0.6,1.5,rolling_high,5.0,15.0,rebound_from_low,5.0,10,75,0.25,none,none,2010-06-25 to 2019-12-31,1932.68,-56.13,0.957,2020-01-02 to 2026-05-20,5805.87,-50.62,1.345,124413.81,-56.13,1.133,0.679,26.82,1065,123,0
"unit=0.60, cap=1.50, anchor=rolling_high, add=5%/15%, sell=rebound_from_low 5%, max_days=10, trend_sma=100, trend_exp=0.2, dd_guard=none, dd_exp=none",0.6,1.5,rolling_high,5.0,15.0,rebound_from_low,5.0,10,100,0.2,none,none,2010-06-25 to 2019-12-31,1872.16,-56.27,0.922,2020-01-02 to 2026-05-20,10259.29,-58.45,1.446,211802.69,-61.45,1.163,0.692,29.07,1065,123,0
"unit=0.60, cap=1.50, anchor=rolling_high, add=5%/15%, sell=rebound_from_low 5%, max_days=10, trend_sma=75, trend_exp=0.2, dd_guard=0.35, dd_exp=0.25",0.6,1.5,rolling_high,5.0,15.0,rebound_from_low,5.0,10,75,0.2,35.0,0.25,2010-06-25 to 2019-12-31,653.56,-44.46,0.805,2020-01-02 to 2026-05-20,897.94,-47.01,0.951,7699.89,-47.01,0.863,0.496,15.12,1065,123,0
"unit=0.60, cap=1.50, anchor=rolling_high, add=5%/15%, sell=rebound_from_low 5%, max_days=15, trend_sma=none, trend_exp=none, dd_guard=none, dd_exp=none",0.6,1.5,rolling_high,5.0,15.0,rebound_from_low,5.0,15,none,none,none,none,2010-06-25 to 2019-12-31,5806.78,-59.29,1.015,2020-01-02 to 2026-05-20,13880.57,-79.32,1.327,856425.12,-79.32,1.152,0.902,43.77,1043,123,0
"unit=0.60, cap=1.50, anchor=rolling_high, add=5%/15%, sell=rebound_from_low 5%, max_days=15, trend_sma=75, trend_exp=0.2, dd_guard=none, dd_exp=none",0.6,1.5,rolling_high,5.0,15.0,rebound_from_low,5.0,15,75,0.2,none,none,2010-06-25 to 2019-12-31,1578.82,-57.12,0.916,2020-01-02 to 2026-05-20,5302.87,-51.02,1.331,93978.99,-57.12,1.105,0.666,26.8,1043,123,0
"unit=0.60, cap=1.50, anchor=rolling_high, add=5%/15%, sell=rebound_from_low 5%, max_days=15, trend_sma=75, trend_exp=0.25, dd_guard=none, dd_exp=none",0.6,1.5,rolling_high,5.0,15.0,rebound_from_low,5.0,15,75,0.25,none,none,2010-06-25 to 2019-12-31,1767.74,-56.13,0.938,2020-01-02 to 2026-05-20,5805.87,-50.62,1.345,114310.52,-56.13,1.123,0.679,26.8,1043,123,0
"unit=0.60, cap=1.50, anchor=rolling_high, add=5%/15%, sell=rebound_from_low 5%, max_days=15, trend_sma=100, trend_exp=0.2, dd_guard=none, dd_exp=none",0.6,1.5,rolling_high,5.0,15.0,rebound_from_low,5.0,15,100,0.2,none,none,2010-06-25 to 2019-12-31,1688.28,-56.27,0.901,2020-01-02 to 2026-05-20,10792.06,-58.45,1.457,201927.48,-61.45,1.158,0.693,29.15,1043,123,0
"unit=0.60, cap=1.50, anchor=rolling_high, add=5%/15%, sell=rebound_from_low 5%, max_days=15, trend_sma=75, trend_exp=0.2, dd_guard=0.35, dd_exp=0.25",0.6,1.5,rolling_high,5.0,15.0,rebound_from_low,5.0,15,75,0.2,35.0,0.25,2010-06-25 to 2019-12-31,665.17,-44.46,0.783,2020-01-02 to 2026-05-20,897.94,-47.01,0.951,7820.01,-47.01,0.855,0.512,16.32,1043,123,0
"unit=0.60, cap=1.50, anchor=rolling_high, add=5%/20%, sell=extra_profit 12%, max_days=10, trend_sma=none, trend_exp=none, dd_guard=none, dd_exp=none",0.6,1.5,rolling_high,5.0,20.0,extra_profit,12.0,10,none,none,none,none,2010-06-25 to 2019-12-31,9352.28,-60.56,1.084,2020-01-02 to 2026-05-20,5677.24,-87.98,1.152,566297.97,-87.98,1.097,0.971,56.03,701,123,0
"unit=0.60, cap=1.50, anchor=rolling_high, add=5%/20%, sell=extra_profit 12%, max_days=10, trend_sma=75, trend_exp=0.2, dd_guard=none, dd_exp=none",0.6,1.5,rolling_high,5.0,20.0,extra_profit,12.0,10,75,0.2,none,none,2010-06-25 to 2019-12-31,2109.12,-55.72,0.957,2020-01-02 to 2026-05-20,2150.46,-66.68,1.069,51465.03,-66.68,0.997,0.727,37.52,701,123,0
"unit=0.60, cap=1.50, anchor=rolling_high, add=5%/20%, sell=extra_profit 12%, max_days=10, trend_sma=75, trend_exp=0.25, dd_guard=none, dd_exp=none",0.6,1.5,rolling_high,5.0,20.0,extra_profit,12.0,10,75,0.25,none,none,2010-06-25 to 2019-12-31,2357.72,-54.7,0.978,2020-01-02 to 2026-05-20,2359.98,-66.87,1.086,62608.81,-66.87,1.015,0.74,37.52,701,123,0
"unit=0.60, cap=1.50, anchor=rolling_high, add=5%/20%, sell=extra_profit 12%, max_days=10, trend_sma=100, trend_exp=0.2, dd_guard=none, dd_exp=none",0.6,1.5,rolling_high,5.0,20.0,extra_profit,12.0,10,100,0.2,none,none,2010-06-25 to 2019-12-31,1957.1,-55.96,0.914,2020-01-02 to 2026-05-20,3733.51,-63.43,1.16,81693.22,-63.43,1.019,0.753,39.85,701,123,0
"unit=0.60, cap=1.50, anchor=rolling_high, add=5%/20%, sell=extra_profit 12%, max_days=10, trend_sma=75, trend_exp=0.2, dd_guard=0.35, dd_exp=0.25",0.6,1.5,rolling_high,5.0,20.0,extra_profit,12.0,10,75,0.2,35.0,0.25,2010-06-25 to 2019-12-31,990.97,-44.32,0.909,2020-01-02 to 2026-05-20,1147.63,-50.64,0.991,14017.68,-50.64,0.928,0.525,20.9,701,123,0
"unit=0.60, cap=1.50, anchor=rolling_high, add=5%/20%, sell=extra_profit 12%, max_days=15, trend_sma=none, trend_exp=none, dd_guard=none, dd_exp=none",0.6,1.5,rolling_high,5.0,20.0,extra_profit,12.0,15,none,none,none,none,2010-06-25 to 2019-12-31,8531.72,-61.47,1.063,2020-01-02 to 2026-05-20,5105.04,-87.48,1.132,465900.46,-87.48,1.076,0.987,57.93,621,123,0
"unit=0.60, cap=1.50, anchor=rolling_high, add=5%/20%, sell=extra_profit 12%, max_days=15, trend_sma=75, trend_exp=0.2, dd_guard=none, dd_exp=none",0.6,1.5,rolling_high,5.0,20.0,extra_profit,12.0,15,75,0.2,none,none,2010-06-25 to 2019-12-31,1761.91,-56.03,0.909,2020-01-02 to 2026-05-20,2674.9,-65.54,1.113,53488.43,-65.54,0.995,0.739,39.12,621,123,0
"unit=0.60, cap=1.50, anchor=rolling_high, add=5%/20%, sell=extra_profit 12%, max_days=15, trend_sma=75, trend_exp=0.25, dd_guard=none, dd_exp=none",0.6,1.5,rolling_high,5.0,20.0,extra_profit,12.0,15,75,0.25,none,none,2010-06-25 to 2019-12-31,1971.45,-55.01,0.93,2020-01-02 to 2026-05-20,2933.23,-65.74,1.129,65069.49,-65.74,1.013,0.752,39.12,621,123,0
"unit=0.60, cap=1.50, anchor=rolling_high, add=5%/20%, sell=extra_profit 12%, max_days=15, trend_sma=100, trend_exp=0.2, dd_guard=none, dd_exp=none",0.6,1.5,rolling_high,5.0,20.0,extra_profit,12.0,15,100,0.2,none,none,2010-06-25 to 2019-12-31,1560.35,-60.05,0.861,2020-01-02 to 2026-05-20,4813.2,-60.31,1.209,84511.07,-63.66,1.018,0.765,41.48,621,123,0
"unit=0.60, cap=1.50, anchor=rolling_high, add=5%/20%, sell=extra_profit 12%, max_days=15, trend_sma=75, trend_exp=0.2, dd_guard=0.35, dd_exp=0.25",0.6,1.5,rolling_high,5.0,20.0,extra_profit,12.0,15,75,0.2,35.0,0.25,2010-06-25 to 2019-12-31,1653.71,-44.13,1.003,2020-01-02 to 2026-05-20,1644.56,-47.09,1.078,31632.78,-47.09,1.022,0.571,25.3,621,123,0
"unit=0.60, cap=1.50, anchor=rolling_high, add=5%/20%, sell=extra_profit 18%, max_days=10, trend_sma=none, trend_exp=none, dd_guard=none, dd_exp=none",0.6,1.5,rolling_high,5.0,20.0,extra_profit,18.0,10,none,none,none,none,2010-06-25 to 2019-12-31,5757.48,-63.32,0.998,2020-01-02 to 2026-05-20,5805.17,-88.01,1.155,358662.78,-88.01,1.058,0.994,59.38,668,123,0
"unit=0.60, cap=1.50, anchor=rolling_high, add=5%/20%, sell=extra_profit 18%, max_days=10, trend_sma=75, trend_exp=0.2, dd_guard=none, dd_exp=none",0.6,1.5,rolling_high,5.0,20.0,extra_profit,18.0,10,75,0.2,none,none,2010-06-25 to 2019-12-31,2287.61,-55.72,0.966,2020-01-02 to 2026-05-20,2406.63,-63.54,1.089,61975.25,-63.54,1.011,0.746,40.27,668,123,0
"unit=0.60, cap=1.50, anchor=rolling_high, add=5%/20%, sell=extra_profit 18%, max_days=10, trend_sma=75, trend_exp=0.25, dd_guard=none, dd_exp=none",0.6,1.5,rolling_high,5.0,20.0,extra_profit,18.0,10,75,0.25,none,none,2010-06-25 to 2019-12-31,2556.3,-54.7,0.986,2020-01-02 to 2026-05-20,2640.0,-64.76,1.106,75390.41,-64.76,1.029,0.759,40.27,668,123,0
"unit=0.60, cap=1.50, anchor=rolling_high, add=5%/20%, sell=extra_profit 18%, max_days=10, trend_sma=100, trend_exp=0.2, dd_guard=none, dd_exp=none",0.6,1.5,rolling_high,5.0,20.0,extra_profit,18.0,10,100,0.2,none,none,2010-06-25 to 2019-12-31,1848.17,-56.46,0.894,2020-01-02 to 2026-05-20,3477.21,-63.43,1.143,72182.94,-63.43,1.002,0.771,42.48,668,123,0
"unit=0.60, cap=1.50, anchor=rolling_high, add=5%/20%, sell=extra_profit 18%, max_days=10, trend_sma=75, trend_exp=0.2, dd_guard=0.35, dd_exp=0.25",0.6,1.5,rolling_high,5.0,20.0,extra_profit,18.0,10,75,0.2,35.0,0.25,2010-06-25 to 2019-12-31,309.81,-44.32,0.628,2020-01-02 to 2026-05-20,1178.58,-49.87,0.989,5334.65,-49.87,0.796,0.508,20.0,668,123,0
"unit=0.60, cap=1.50, anchor=rolling_high, add=5%/20%, sell=extra_profit 18%, max_days=15, trend_sma=none, trend_exp=none, dd_guard=none, dd_exp=none",0.6,1.5,rolling_high,5.0,20.0,extra_profit,18.0,15,none,none,none,none,2010-06-25 to 2019-12-31,7232.9,-65.65,1.028,2020-01-02 to 2026-05-20,5898.9,-86.56,1.154,456159.59,-86.56,1.072,1.025,64.05,574,123,0
"unit=0.60, cap=1.50, anchor=rolling_high, add=5%/20%, sell=extra_profit 18%, max_days=15, trend_sma=75, trend_exp=0.2, dd_guard=none, dd_exp=none",0.6,1.5,rolling_high,5.0,20.0,extra_profit,18.0,15,75,0.2,none,none,2010-06-25 to 2019-12-31,1691.38,-56.1,0.89,2020-01-02 to 2026-05-20,2458.41,-63.43,1.086,47435.98,-63.43,0.972,0.772,44.32,574,123,0
"unit=0.60, cap=1.50, anchor=rolling_high, add=5%/20%, sell=extra_profit 18%, max_days=15, trend_sma=75, trend_exp=0.25, dd_guard=none, dd_exp=none",0.6,1.5,rolling_high,5.0,20.0,extra_profit,18.0,15,75,0.25,none,none,2010-06-25 to 2019-12-31,1892.97,-55.09,0.911,2020-01-02 to 2026-05-20,2696.6,-63.14,1.102,57709.04,-63.14,0.991,0.785,44.32,574,123,0
"unit=0.60, cap=1.50, anchor=rolling_high, add=5%/20%, sell=extra_profit 18%, max_days=15, trend_sma=100, trend_exp=0.2, dd_guard=none, dd_exp=none",0.6,1.5,rolling_high,5.0,20.0,extra_profit,18.0,15,100,0.2,none,none,2010-06-25 to 2019-12-31,1370.74,-60.65,0.828,2020-01-02 to 2026-05-20,4750.8,-60.59,1.201,73897.0,-61.26,0.998,0.797,46.45,574,123,0
"unit=0.60, cap=1.50, anchor=rolling_high, add=5%/20%, sell=extra_profit 18%, max_days=15, trend_sma=75, trend_exp=0.2, dd_guard=0.35, dd_exp=0.25",0.6,1.5,rolling_high,5.0,20.0,extra_profit,18.0,15,75,0.2,35.0,0.25,2010-06-25 to 2019-12-31,444.71,-44.86,0.701,2020-01-02 to 2026-05-20,1242.41,-47.62,1.005,7484.32,-47.62,0.838,0.524,23.0,574,123,0
"unit=0.60, cap=1.50, anchor=rolling_high, add=5%/20%, sell=rebound_from_low 5%, max_days=10, trend_sma=none, trend_exp=none, dd_guard=none, dd_exp=none",0.6,1.5,rolling_high,5.0,20.0,rebound_from_low,5.0,10,none,none,none,none,2010-06-25 to 2019-12-31,6977.62,-58.73,1.055,2020-01-02 to 2026-05-20,12541.48,-79.41,1.317,927903.53,-79.41,1.167,0.886,43.65,1014,123,0
"unit=0.60, cap=1.50, anchor=rolling_high, add=5%/20%, sell=rebound_from_low 5%, max_days=10, trend_sma=75, trend_exp=0.2, dd_guard=none, dd_exp=none",0.6,1.5,rolling_high,5.0,20.0,rebound_from_low,5.0,10,75,0.2,none,none,2010-06-25 to 2019-12-31,1800.58,-56.31,0.954,2020-01-02 to 2026-05-20,4798.47,-51.02,1.324,96463.14,-56.31,1.121,0.659,26.82,1014,123,0
"unit=0.60, cap=1.50, anchor=rolling_high, add=5%/20%, sell=rebound_from_low 5%, max_days=10, trend_sma=75, trend_exp=0.25, dd_guard=none, dd_exp=none",0.6,1.5,rolling_high,5.0,20.0,rebound_from_low,5.0,10,75,0.25,none,none,2010-06-25 to 2019-12-31,2014.46,-55.3,0.976,2020-01-02 to 2026-05-20,5254.51,-50.62,1.339,117331.52,-55.3,1.139,0.672,26.82,1014,123,0
"unit=0.60, cap=1.50, anchor=rolling_high, add=5%/20%, sell=rebound_from_low 5%, max_days=10, trend_sma=100, trend_exp=0.2, dd_guard=none, dd_exp=none",0.6,1.5,rolling_high,5.0,20.0,rebound_from_low,5.0,10,100,0.2,none,none,2010-06-25 to 2019-12-31,1820.42,-56.19,0.926,2020-01-02 to 2026-05-20,9227.38,-57.14,1.439,185689.48,-60.35,1.162,0.684,29.07,1014,123,0
"unit=0.60, cap=1.50, anchor=rolling_high, add=5%/20%, sell=rebound_from_low 5%, max_days=10, trend_sma=75, trend_exp=0.2, dd_guard=0.35, dd_exp=0.25",0.6,1.5,rolling_high,5.0,20.0,rebound_from_low,5.0,10,75,0.2,35.0,0.25,2010-06-25 to 2019-12-31,1380.37,-44.91,0.928,2020-01-02 to 2026-05-20,907.33,-47.51,0.967,15367.07,-47.51,0.942,0.554,19.9,1014,123,0
"unit=0.60, cap=1.50, anchor=rolling_high, add=5%/20%, sell=rebound_from_low 5%, max_days=15, trend_sma=none, trend_exp=none, dd_guard=none, dd_exp=none",0.6,1.5,rolling_high,5.0,20.0,rebound_from_low,5.0,15,none,none,none,none,2010-06-25 to 2019-12-31,6258.74,-58.73,1.038,2020-01-02 to 2026-05-20,12918.36,-79.41,1.322,858502.87,-79.41,1.16,0.888,43.77,996,123,0
"unit=0.60, cap=1.50, anchor=rolling_high, add=5%/20%, sell=rebound_from_low 5%, max_days=15, trend_sma=75, trend_exp=0.2, dd_guard=none, dd_exp=none",0.6,1.5,rolling_high,5.0,20.0,rebound_from_low,5.0,15,75,0.2,none,none,2010-06-25 to 2019-12-31,1642.13,-56.31,0.933,2020-01-02 to 2026-05-20,4774.03,-51.02,1.323,87971.16,-56.31,1.11,0.659,26.8,996,123,0
"unit=0.60, cap=1.50, anchor=rolling_high, add=5%/20%, sell=rebound_from_low 5%, max_days=15, trend_sma=75, trend_exp=0.25, dd_guard=none, dd_exp=none",0.6,1.5,rolling_high,5.0,20.0,rebound_from_low,5.0,15,75,0.25,none,none,2010-06-25 to 2019-12-31,1838.18,-55.3,0.955,2020-01-02 to 2026-05-20,5227.79,-50.62,1.337,107004.33,-55.3,1.128,0.672,26.8,996,123,0
"unit=0.60, cap=1.50, anchor=rolling_high, add=5%/20%, sell=rebound_from_low 5%, max_days=15, trend_sma=100, trend_exp=0.2, dd_guard=none, dd_exp=none",0.6,1.5,rolling_high,5.0,20.0,rebound_from_low,5.0,15,100,0.2,none,none,2010-06-25 to 2019-12-31,1668.37,-56.19,0.908,2020-01-02 to 2026-05-20,9841.82,-57.14,1.453,182248.64,-60.35,1.16,0.685,29.15,996,123,0
"unit=0.60, cap=1.50, anchor=rolling_high, add=5%/20%, sell=rebound_from_low 5%, max_days=15, trend_sma=75, trend_exp=0.2, dd_guard=0.35, dd_exp=0.25",0.6,1.5,rolling_high,5.0,20.0,rebound_from_low,5.0,15,75,0.2,35.0,0.25,2010-06-25 to 2019-12-31,1256.95,-44.91,0.906,2020-01-02 to 2026-05-20,907.33,-47.51,0.967,14077.61,-47.51,0.93,0.554,19.88,996,123,0
"unit=0.60, cap=1.50, anchor=rolling_high, add=8%/20%, sell=extra_profit 12%, max_days=10, trend_sma=none, trend_exp=none, dd_guard=none, dd_exp=none",0.6,1.5,rolling_high,8.0,20.0,extra_profit,12.0,10,none,none,none,none,2010-06-25 to 2019-12-31,3333.03,-63.76,0.926,2020-01-02 to 2026-05-20,6035.66,-82.74,1.172,218376.02,-82.74,1.031,0.888,41.88,591,123,0
"unit=0.60, cap=1.50, anchor=rolling_high, add=8%/20%, sell=extra_profit 12%, max_days=10, trend_sma=75, trend_exp=0.2, dd_guard=none, dd_exp=none",0.6,1.5,rolling_high,8.0,20.0,extra_profit,12.0,10,75,0.2,none,none,2010-06-25 to 2019-12-31,922.88,-55.28,0.805,2020-01-02 to 2026-05-20,1435.31,-64.02,0.996,16188.65,-64.02,0.885,0.653,24.93,591,123,0
"unit=0.60, cap=1.50, anchor=rolling_high, add=8%/20%, sell=extra_profit 12%, max_days=10, trend_sma=75, trend_exp=0.25, dd_guard=none, dd_exp=none",0.6,1.5,rolling_high,8.0,20.0,extra_profit,12.0,10,75,0.25,none,none,2010-06-25 to 2019-12-31,1037.99,-54.24,0.829,2020-01-02 to 2026-05-20,1578.24,-64.23,1.013,19708.82,-64.23,0.905,0.666,24.93,591,123,0
"unit=0.60, cap=1.50, anchor=rolling_high, add=8%/20%, sell=extra_profit 12%, max_days=10, trend_sma=100, trend_exp=0.2, dd_guard=none, dd_exp=none",0.6,1.5,rolling_high,8.0,20.0,extra_profit,12.0,10,100,0.2,none,none,2010-06-25 to 2019-12-31,856.97,-56.56,0.763,2020-01-02 to 2026-05-20,3013.96,-60.31,1.134,30808.25,-60.31,0.934,0.679,27.3,591,123,0
"unit=0.60, cap=1.50, anchor=rolling_high, add=8%/20%, sell=extra_profit 12%, max_days=10, trend_sma=75, trend_exp=0.2, dd_guard=0.35, dd_exp=0.25",0.6,1.5,rolling_high,8.0,20.0,extra_profit,12.0,10,75,0.2,35.0,0.25,2010-06-25 to 2019-12-31,485.44,-46.18,0.726,2020-01-02 to 2026-05-20,848.8,-51.05,0.942,5661.37,-51.05,0.821,0.489,13.6,591,123,0
"unit=0.60, cap=1.50, anchor=rolling_high, add=8%/20%, sell=extra_profit 12%, max_days=15, trend_sma=none, trend_exp=none, dd_guard=none, dd_exp=none",0.6,1.5,rolling_high,8.0,20.0,extra_profit,12.0,15,none,none,none,none,2010-06-25 to 2019-12-31,3309.19,-66.03,0.919,2020-01-02 to 2026-05-20,3463.85,-83.47,1.074,125918.64,-83.47,0.978,0.907,44.2,520,123,0
"unit=0.60, cap=1.50, anchor=rolling_high, add=8%/20%, sell=extra_profit 12%, max_days=15, trend_sma=75, trend_exp=0.2, dd_guard=none, dd_exp=none",0.6,1.5,rolling_high,8.0,20.0,extra_profit,12.0,15,75,0.2,none,none,2010-06-25 to 2019-12-31,695.37,-57.48,0.732,2020-01-02 to 2026-05-20,1209.93,-62.45,0.95,10706.4,-62.45,0.828,0.666,26.75,520,123,0
"unit=0.60, cap=1.50, anchor=rolling_high, add=8%/20%, sell=extra_profit 12%, max_days=15, trend_sma=75, trend_exp=0.25, dd_guard=none, dd_exp=none",0.6,1.5,rolling_high,8.0,20.0,extra_profit,12.0,15,75,0.25,none,none,2010-06-25 to 2019-12-31,784.88,-56.5,0.756,2020-01-02 to 2026-05-20,1331.88,-62.67,0.968,13041.78,-62.67,0.848,0.679,26.75,520,123,0
"unit=0.60, cap=1.50, anchor=rolling_high, add=8%/20%, sell=extra_profit 12%, max_days=15, trend_sma=100, trend_exp=0.2, dd_guard=none, dd_exp=none",0.6,1.5,rolling_high,8.0,20.0,extra_profit,12.0,15,100,0.2,none,none,2010-06-25 to 2019-12-31,644.29,-56.46,0.698,2020-01-02 to 2026-05-20,2185.14,-60.31,1.055,17540.92,-60.31,0.863,0.694,29.25,520,123,0
"unit=0.60, cap=1.50, anchor=rolling_high, add=8%/20%, sell=extra_profit 12%, max_days=15, trend_sma=75, trend_exp=0.2, dd_guard=0.35, dd_exp=0.25",0.6,1.5,rolling_high,8.0,20.0,extra_profit,12.0,15,75,0.2,35.0,0.25,2010-06-25 to 2019-12-31,123.72,-44.43,0.438,2020-01-02 to 2026-05-20,1021.94,-52.68,0.995,2503.36,-52.68,0.717,0.457,11.82,520,123,0
"unit=0.60, cap=1.50, anchor=rolling_high, add=8%/20%, sell=extra_profit 18%, max_days=10, trend_sma=none, trend_exp=none, dd_guard=none, dd_exp=none",0.6,1.5,rolling_high,8.0,20.0,extra_profit,18.0,10,none,none,none,none,2010-06-25 to 2019-12-31,2731.46,-62.99,0.889,2020-01-02 to 2026-05-20,7054.28,-84.62,1.199,210007.05,-84.62,1.026,0.899,43.58,558,123,0
"unit=0.60, cap=1.50, anchor=rolling_high, add=8%/20%, sell=extra_profit 18%, max_days=10, trend_sma=75, trend_exp=0.2, dd_guard=none, dd_exp=none",0.6,1.5,rolling_high,8.0,20.0,extra_profit,18.0,10,75,0.2,none,none,2010-06-25 to 2019-12-31,1046.51,-55.28,0.828,2020-01-02 to 2026-05-20,2061.55,-62.64,1.072,25604.45,-62.64,0.934,0.661,26.3,558,123,0
"unit=0.60, cap=1.50, anchor=rolling_high, add=8%/20%, sell=extra_profit 18%, max_days=10, trend_sma=75, trend_exp=0.25, dd_guard=none, dd_exp=none",0.6,1.5,rolling_high,8.0,20.0,extra_profit,18.0,10,75,0.25,none,none,2010-06-25 to 2019-12-31,1175.53,-54.24,0.851,2020-01-02 to 2026-05-20,2262.79,-62.34,1.089,31159.47,-62.34,0.953,0.675,26.3,558,123,0
"unit=0.60, cap=1.50, anchor=rolling_high, add=8%/20%, sell=extra_profit 18%, max_days=10, trend_sma=100, trend_exp=0.2, dd_guard=none, dd_exp=none",0.6,1.5,rolling_high,8.0,20.0,extra_profit,18.0,10,100,0.2,none,none,2010-06-25 to 2019-12-31,852.19,-56.56,0.758,2020-01-02 to 2026-05-20,3573.66,-60.31,1.171,36181.56,-60.31,0.949,0.687,28.5,558,123,0
"unit=0.60, cap=1.50, anchor=rolling_high, add=8%/20%, sell=extra_profit 18%, max_days=10, trend_sma=75, trend_exp=0.2, dd_guard=0.35, dd_exp=0.25",0.6,1.5,rolling_high,8.0,20.0,extra_profit,18.0,10,75,0.2,35.0,0.25,2010-06-25 to 2019-12-31,469.6,-46.18,0.715,2020-01-02 to 2026-05-20,531.43,-51.05,0.838,3630.47,-51.05,0.768,0.48,13.28,558,123,0
"unit=0.60, cap=1.50, anchor=rolling_high, add=8%/20%, sell=extra_profit 18%, max_days=15, trend_sma=none, trend_exp=none, dd_guard=none, dd_exp=none",0.6,1.5,rolling_high,8.0,20.0,extra_profit,18.0,15,none,none,none,none,2010-06-25 to 2019-12-31,4124.4,-67.15,0.95,2020-01-02 to 2026-05-20,4067.69,-83.67,1.097,182510.52,-83.67,1.005,0.933,48.23,485,123,0
"unit=0.60, cap=1.50, anchor=rolling_high, add=8%/20%, sell=extra_profit 18%, max_days=15, trend_sma=75, trend_exp=0.2, dd_guard=none, dd_exp=none",0.6,1.5,rolling_high,8.0,20.0,extra_profit,18.0,15,75,0.2,none,none,2010-06-25 to 2019-12-31,1157.13,-57.48,0.836,2020-01-02 to 2026-05-20,1379.21,-63.43,0.972,19187.43,-63.43,0.888,0.686,29.93,485,123,0
"unit=0.60, cap=1.50, anchor=rolling_high, add=8%/20%, sell=extra_profit 18%, max_days=15, trend_sma=75, trend_exp=0.25, dd_guard=none, dd_exp=none",0.6,1.5,rolling_high,8.0,20.0,extra_profit,18.0,15,75,0.25,none,none,2010-06-25 to 2019-12-31,1298.6,-56.5,0.858,2020-01-02 to 2026-05-20,1516.92,-63.14,0.99,23355.67,-63.14,0.908,0.699,29.93,485,123,0
"unit=0.60, cap=1.50, anchor=rolling_high, add=8%/20%, sell=extra_profit 18%, max_days=15, trend_sma=100, trend_exp=0.2, dd_guard=none, dd_exp=none",0.6,1.5,rolling_high,8.0,20.0,extra_profit,18.0,15,100,0.2,none,none,2010-06-25 to 2019-12-31,1018.94,-57.04,0.785,2020-01-02 to 2026-05-20,2345.72,-60.31,1.063,28284.35,-60.31,0.908,0.713,32.32,485,123,0
"unit=0.60, cap=1.50, anchor=rolling_high, add=8%/20%, sell=extra_profit 18%, max_days=15, trend_sma=75, trend_exp=0.2, dd_guard=0.35, dd_exp=0.25",0.6,1.5,rolling_high,8.0,20.0,extra_profit,18.0,15,75,0.2,35.0,0.25,2010-06-25 to 2019-12-31,409.97,-44.4,0.681,2020-01-02 to 2026-05-20,421.41,-48.44,0.766,2657.98,-48.44,0.713,0.501,16.23,485,123,0
"unit=0.60, cap=1.50, anchor=rolling_high, add=8%/20%, sell=rebound_from_low 5%, max_days=10, trend_sma=none, trend_exp=none, dd_guard=none, dd_exp=none",0.6,1.5,rolling_high,8.0,20.0,rebound_from_low,5.0,10,none,none,none,none,2010-06-25 to 2019-12-31,2069.02,-61.72,0.862,2020-01-02 to 2026-05-20,8621.78,-76.46,1.266,196115.25,-76.46,1.046,0.822,32.88,823,123,0
"unit=0.60, cap=1.50, anchor=rolling_high, add=8%/20%, sell=rebound_from_low 5%, max_days=10, trend_sma=75, trend_exp=0.2, dd_guard=none, dd_exp=none",0.6,1.5,rolling_high,8.0,20.0,rebound_from_low,5.0,10,75,0.2,none,none,2010-06-25 to 2019-12-31,888.16,-51.62,0.828,2020-01-02 to 2026-05-20,2191.94,-51.02,1.152,23390.74,-51.62,0.975,0.605,17.77,823,123,0
"unit=0.60, cap=1.50, anchor=rolling_high, add=8%/20%, sell=rebound_from_low 5%, max_days=10, trend_sma=75, trend_exp=0.25, dd_guard=none, dd_exp=none",0.6,1.5,rolling_high,8.0,20.0,rebound_from_low,5.0,10,75,0.25,none,none,2010-06-25 to 2019-12-31,999.37,-50.5,0.852,2020-01-02 to 2026-05-20,2405.32,-50.62,1.168,28467.35,-50.62,0.995,0.618,17.77,823,123,0
"unit=0.60, cap=1.50, anchor=rolling_high, add=8%/20%, sell=rebound_from_low 5%, max_days=10, trend_sma=100, trend_exp=0.2, dd_guard=none, dd_exp=none",0.6,1.5,rolling_high,8.0,20.0,rebound_from_low,5.0,10,100,0.2,none,none,2010-06-25 to 2019-12-31,822.77,-51.48,0.781,2020-01-02 to 2026-05-20,4582.39,-57.14,1.296,44715.05,-57.14,1.022,0.629,19.95,823,123,0
"unit=0.60, cap=1.50, anchor=rolling_high, add=8%/20%, sell=rebound_from_low 5%, max_days=10, trend_sma=75, trend_exp=0.2, dd_guard=0.35, dd_exp=0.25",0.6,1.5,rolling_high,8.0,20.0,rebound_from_low,5.0,10,75,0.2,35.0,0.25,2010-06-25 to 2019-12-31,532.08,-44.57,0.752,2020-01-02 to 2026-05-20,481.31,-46.09,0.803,3711.06,-46.09,0.767,0.505,12.25,823,123,0
"unit=0.60, cap=1.50, anchor=rolling_high, add=8%/20%, sell=rebound_from_low 5%, max_days=15, trend_sma=none, trend_exp=none, dd_guard=none, dd_exp=none",0.6,1.5,rolling_high,8.0,20.0,rebound_from_low,5.0,15,none,none,none,none,2010-06-25 to 2019-12-31,2282.54,-61.72,0.878,2020-01-02 to 2026-05-20,8869.75,-76.46,1.271,221558.52,-76.46,1.056,0.823,33.02,812,123,0
"unit=0.60, cap=1.50, anchor=rolling_high, add=8%/20%, sell=rebound_from_low 5%, max_days=15, trend_sma=75, trend_exp=0.2, dd_guard=none, dd_exp=none",0.6,1.5,rolling_high,8.0,20.0,rebound_from_low,5.0,15,75,0.2,none,none,2010-06-25 to 2019-12-31,919.96,-51.62,0.837,2020-01-02 to 2026-05-20,2180.51,-51.02,1.15,24025.75,-51.62,0.978,0.605,17.77,812,123,0
"unit=0.60, cap=1.50, anchor=rolling_high, add=8%/20%, sell=rebound_from_low 5%, max_days=15, trend_sma=75, trend_exp=0.25, dd_guard=none, dd_exp=none",0.6,1.5,rolling_high,8.0,20.0,rebound_from_low,5.0,15,75,0.25,none,none,2010-06-25 to 2019-12-31,1034.75,-50.5,0.861,2020-01-02 to 2026-05-20,2392.82,-50.62,1.167,29239.59,-50.62,0.998,0.618,17.77,812,123,0
"unit=0.60, cap=1.50, anchor=rolling_high, add=8%/20%, sell=rebound_from_low 5%, max_days=15, trend_sma=100, trend_exp=0.2, dd_guard=none, dd_exp=none",0.6,1.5,rolling_high,8.0,20.0,rebound_from_low,5.0,15,100,0.2,none,none,2010-06-25 to 2019-12-31,849.48,-51.48,0.789,2020-01-02 to 2026-05-20,4884.14,-57.14,1.312,48984.21,-57.14,1.034,0.63,20.05,812,123,0
"unit=0.60, cap=1.50, anchor=rolling_high, add=8%/20%, sell=rebound_from_low 5%, max_days=15, trend_sma=75, trend_exp=0.2, dd_guard=0.35, dd_exp=0.25",0.6,1.5,rolling_high,8.0,20.0,rebound_from_low,5.0,15,75,0.2,35.0,0.25,2010-06-25 to 2019-12-31,550.47,-44.57,0.762,2020-01-02 to 2026-05-20,481.31,-46.09,0.803,3821.97,-46.09,0.771,0.505,12.25,812,123,0
"unit=0.67, cap=1.00, anchor=rolling_high, add=5%/15%, sell=extra_profit 12%, max_days=10, trend_sma=none, trend_exp=none, dd_guard=none, dd_exp=none",0.67,1.0,rolling_high,5.0,15.0,extra_profit,12.0,10,none,none,none,none,2010-06-25 to 2019-12-31,6462.03,-50.83,1.119,2020-01-02 to 2026-05-20,5491.72,-78.15,1.206,382090.44,-78.15,1.142,0.855,0.0,729,123,0
"unit=0.67, cap=1.00, anchor=rolling_high, add=5%/15%, sell=extra_profit 12%, max_days=10, trend_sma=75, trend_exp=0.2, dd_guard=none, dd_exp=none",0.67,1.0,rolling_high,5.0,15.0,extra_profit,12.0,10,75,0.2,none,none,2010-06-25 to 2019-12-31,1821.05,-45.54,0.996,2020-01-02 to 2026-05-20,2471.91,-56.59,1.19,51362.59,-56.59,1.079,0.671,0.0,729,123,0
"unit=0.67, cap=1.00, anchor=rolling_high, add=5%/15%, sell=extra_profit 12%, max_days=10, trend_sma=75, trend_exp=0.25, dd_guard=none, dd_exp=none",0.67,1.0,rolling_high,5.0,15.0,extra_profit,12.0,10,75,0.25,none,none,2010-06-25 to 2019-12-31,2037.24,-44.28,1.019,2020-01-02 to 2026-05-20,2711.35,-58.03,1.206,62484.24,-58.03,1.097,0.684,0.0,729,123,0
"unit=0.67, cap=1.00, anchor=rolling_high, add=5%/15%, sell=extra_profit 12%, max_days=10, trend_sma=100, trend_exp=0.2, dd_guard=none, dd_exp=none",0.67,1.0,rolling_high,5.0,15.0,extra_profit,12.0,10,100,0.2,none,none,2010-06-25 to 2019-12-31,1822.67,-46.22,0.97,2020-01-02 to 2026-05-20,3609.97,-54.93,1.259,74197.07,-54.93,1.098,0.689,0.0,729,123,0
"unit=0.67, cap=1.00, anchor=rolling_high, add=5%/15%, sell=extra_profit 12%, max_days=10, trend_sma=75, trend_exp=0.2, dd_guard=0.35, dd_exp=0.25",0.67,1.0,rolling_high,5.0,15.0,extra_profit,12.0,10,75,0.2,35.0,0.25,2010-06-25 to 2019-12-31,1604.59,-40.25,0.989,2020-01-02 to 2026-05-20,864.28,-47.12,0.968,17020.71,-47.12,0.975,0.6,0.0,729,123,0
"unit=0.67, cap=1.00, anchor=rolling_high, add=5%/15%, sell=extra_profit 12%, max_days=15, trend_sma=none, trend_exp=none, dd_guard=none, dd_exp=none",0.67,1.0,rolling_high,5.0,15.0,extra_profit,12.0,15,none,none,none,none,2010-06-25 to 2019-12-31,5945.57,-49.73,1.099,2020-01-02 to 2026-05-20,4903.86,-77.17,1.181,314992.69,-77.17,1.12,0.861,0.0,645,123,0
"unit=0.67, cap=1.00, anchor=rolling_high, add=5%/15%, sell=extra_profit 12%, max_days=15, trend_sma=75, trend_exp=0.2, dd_guard=none, dd_exp=none",0.67,1.0,rolling_high,5.0,15.0,extra_profit,12.0,15,75,0.2,none,none,2010-06-25 to 2019-12-31,1577.54,-45.76,0.956,2020-01-02 to 2026-05-20,2351.78,-55.2,1.174,42740.11,-55.2,1.051,0.676,0.0,645,123,0
"unit=0.67, cap=1.00, anchor=rolling_high, add=5%/15%, sell=extra_profit 12%, max_days=15, trend_sma=75, trend_exp=0.25, dd_guard=none, dd_exp=none",0.67,1.0,rolling_high,5.0,15.0,extra_profit,12.0,15,75,0.25,none,none,2010-06-25 to 2019-12-31,1766.32,-44.51,0.978,2020-01-02 to 2026-05-20,2580.04,-56.69,1.191,51998.34,-56.69,1.069,0.689,0.0,645,123,0
"unit=0.67, cap=1.00, anchor=rolling_high, add=5%/15%, sell=extra_profit 12%, max_days=15, trend_sma=100, trend_exp=0.2, dd_guard=none, dd_exp=none",0.67,1.0,rolling_high,5.0,15.0,extra_profit,12.0,15,100,0.2,none,none,2010-06-25 to 2019-12-31,1488.93,-48.24,0.917,2020-01-02 to 2026-05-20,3477.38,-53.1,1.248,59105.97,-53.1,1.067,0.695,0.0,645,123,0
"unit=0.67, cap=1.00, anchor=rolling_high, add=5%/15%, sell=extra_profit 12%, max_days=15, trend_sma=75, trend_exp=0.2, dd_guard=0.35, dd_exp=0.25",0.67,1.0,rolling_high,5.0,15.0,extra_profit,12.0,15,75,0.2,35.0,0.25,2010-06-25 to 2019-12-31,1235.31,-41.31,0.916,2020-01-02 to 2026-05-20,691.54,-48.1,0.907,10909.03,-48.1,0.909,0.6,0.0,645,123,0
"unit=0.67, cap=1.00, anchor=rolling_high, add=5%/15%, sell=extra_profit 18%, max_days=10, trend_sma=none, trend_exp=none, dd_guard=none, dd_exp=none",0.67,1.0,rolling_high,5.0,15.0,extra_profit,18.0,10,none,none,none,none,2010-06-25 to 2019-12-31,4999.19,-51.13,1.062,2020-01-02 to 2026-05-20,5297.09,-77.88,1.197,286553.67,-77.88,1.11,0.866,0.0,696,123,0
"unit=0.67, cap=1.00, anchor=rolling_high, add=5%/15%, sell=extra_profit 18%, max_days=10, trend_sma=75, trend_exp=0.2, dd_guard=none, dd_exp=none",0.67,1.0,rolling_high,5.0,15.0,extra_profit,18.0,10,75,0.2,none,none,2010-06-25 to 2019-12-31,1842.42,-45.54,0.993,2020-01-02 to 2026-05-20,2377.45,-55.67,1.175,50023.6,-55.67,1.07,0.68,0.0,696,123,0
"unit=0.67, cap=1.00, anchor=rolling_high, add=5%/15%, sell=extra_profit 18%, max_days=10, trend_sma=75, trend_exp=0.25, dd_guard=none, dd_exp=none",0.67,1.0,rolling_high,5.0,15.0,extra_profit,18.0,10,75,0.25,none,none,2010-06-25 to 2019-12-31,2061.01,-44.28,1.015,2020-01-02 to 2026-05-20,2608.09,-57.14,1.191,60855.88,-57.14,1.088,0.693,0.0,696,123,0
"unit=0.67, cap=1.00, anchor=rolling_high, add=5%/15%, sell=extra_profit 18%, max_days=10, trend_sma=100, trend_exp=0.2, dd_guard=none, dd_exp=none",0.67,1.0,rolling_high,5.0,15.0,extra_profit,18.0,10,100,0.2,none,none,2010-06-25 to 2019-12-31,1707.45,-47.26,0.949,2020-01-02 to 2026-05-20,3238.18,-54.93,1.227,62745.17,-54.93,1.073,0.698,0.0,696,123,0
"unit=0.67, cap=1.00, anchor=rolling_high, add=5%/15%, sell=extra_profit 18%, max_days=10, trend_sma=75, trend_exp=0.2, dd_guard=0.35, dd_exp=0.25",0.67,1.0,rolling_high,5.0,15.0,extra_profit,18.0,10,75,0.2,35.0,0.25,2010-06-25 to 2019-12-31,971.66,-40.77,0.876,2020-01-02 to 2026-05-20,1183.9,-46.17,1.054,14231.22,-46.17,0.954,0.582,0.0,696,123,0
"unit=0.67, cap=1.00, anchor=rolling_high, add=5%/15%, sell=extra_profit 18%, max_days=15, trend_sma=none, trend_exp=none, dd_guard=none, dd_exp=none",0.67,1.0,rolling_high,5.0,15.0,extra_profit,18.0,15,none,none,none,none,2010-06-25 to 2019-12-31,5435.28,-52.48,1.072,2020-01-02 to 2026-05-20,5114.93,-76.72,1.188,300565.75,-76.72,1.111,0.881,0.0,600,123,0
"unit=0.67, cap=1.00, anchor=rolling_high, add=5%/15%, sell=extra_profit 18%, max_days=15, trend_sma=75, trend_exp=0.2, dd_guard=none, dd_exp=none",0.67,1.0,rolling_high,5.0,15.0,extra_profit,18.0,15,75,0.2,none,none,2010-06-25 to 2019-12-31,1606.74,-45.81,0.95,2020-01-02 to 2026-05-20,2372.57,-53.78,1.168,43855.28,-53.78,1.045,0.694,0.0,600,123,0
"unit=0.67, cap=1.00, anchor=rolling_high, add=5%/15%, sell=extra_profit 18%, max_days=15, trend_sma=75, trend_exp=0.25, dd_guard=none, dd_exp=none",0.67,1.0,rolling_high,5.0,15.0,extra_profit,18.0,15,75,0.25,none,none,2010-06-25 to 2019-12-31,1798.81,-44.56,0.973,2020-01-02 to 2026-05-20,2602.76,-55.31,1.185,53354.51,-55.31,1.064,0.707,0.0,600,123,0
"unit=0.67, cap=1.00, anchor=rolling_high, add=5%/15%, sell=extra_profit 18%, max_days=15, trend_sma=100, trend_exp=0.2, dd_guard=none, dd_exp=none",0.67,1.0,rolling_high,5.0,15.0,extra_profit,18.0,15,100,0.2,none,none,2010-06-25 to 2019-12-31,1434.96,-48.53,0.901,2020-01-02 to 2026-05-20,3522.14,-53.1,1.246,57810.78,-53.1,1.058,0.711,0.0,600,123,0
"unit=0.67, cap=1.00, anchor=rolling_high, add=5%/15%, sell=extra_profit 18%, max_days=15, trend_sma=75, trend_exp=0.2, dd_guard=0.35, dd_exp=0.25",0.67,1.0,rolling_high,5.0,15.0,extra_profit,18.0,15,75,0.2,35.0,0.25,2010-06-25 to 2019-12-31,735.74,-44.14,0.807,2020-01-02 to 2026-05-20,904.94,-48.91,0.978,8647.94,-48.91,0.883,0.572,0.0,600,123,0
"unit=0.67, cap=1.00, anchor=rolling_high, add=5%/15%, sell=rebound_from_low 5%, max_days=10, trend_sma=none, trend_exp=none, dd_guard=none, dd_exp=none",0.67,1.0,rolling_high,5.0,15.0,rebound_from_low,5.0,10,none,none,none,none,2010-06-25 to 2019-12-31,5212.63,-52.1,1.09,2020-01-02 to 2026-05-20,7394.38,-72.73,1.289,414607.36,-72.73,1.17,0.814,0.0,1065,123,0
"unit=0.67, cap=1.00, anchor=rolling_high, add=5%/15%, sell=rebound_from_low 5%, max_days=10, trend_sma=75, trend_exp=0.2, dd_guard=none, dd_exp=none",0.67,1.0,rolling_high,5.0,15.0,rebound_from_low,5.0,10,75,0.2,none,none,2010-06-25 to 2019-12-31,1578.02,-47.27,0.982,2020-01-02 to 2026-05-20,3292.96,-45.33,1.313,59202.43,-47.27,1.131,0.635,0.0,1065,123,0
"unit=0.67, cap=1.00, anchor=rolling_high, add=5%/15%, sell=rebound_from_low 5%, max_days=10, trend_sma=75, trend_exp=0.25, dd_guard=none, dd_exp=none",0.67,1.0,rolling_high,5.0,15.0,rebound_from_low,5.0,10,75,0.25,none,none,2010-06-25 to 2019-12-31,1766.86,-46.05,1.005,2020-01-02 to 2026-05-20,3608.84,-46.86,1.327,72018.35,-46.86,1.149,0.649,0.0,1065,123,0
"unit=0.67, cap=1.00, anchor=rolling_high, add=5%/15%, sell=rebound_from_low 5%, max_days=10, trend_sma=100, trend_exp=0.2, dd_guard=none, dd_exp=none",0.67,1.0,rolling_high,5.0,15.0,rebound_from_low,5.0,10,100,0.2,none,none,2010-06-25 to 2019-12-31,1617.99,-45.15,0.961,2020-01-02 to 2026-05-20,5147.11,-51.09,1.4,93793.83,-51.09,1.162,0.654,0.0,1065,123,0
"unit=0.67, cap=1.00, anchor=rolling_high, add=5%/15%, sell=rebound_from_low 5%, max_days=10, trend_sma=75, trend_exp=0.2, dd_guard=0.35, dd_exp=0.25",0.67,1.0,rolling_high,5.0,15.0,rebound_from_low,5.0,10,75,0.2,35.0,0.25,2010-06-25 to 2019-12-31,1535.09,-38.85,0.988,2020-01-02 to 2026-05-20,1701.86,-42.36,1.169,30587.24,-42.36,1.068,0.604,0.0,1065,123,0
"unit=0.67, cap=1.00, anchor=rolling_high, add=5%/15%, sell=rebound_from_low 5%, max_days=15, trend_sma=none, trend_exp=none, dd_guard=none, dd_exp=none",0.67,1.0,rolling_high,5.0,15.0,rebound_from_low,5.0,15,none,none,none,none,2010-06-25 to 2019-12-31,4986.32,-52.1,1.082,2020-01-02 to 2026-05-20,7417.78,-72.73,1.29,398180.26,-72.73,1.167,0.814,0.0,1043,123,0
"unit=0.67, cap=1.00, anchor=rolling_high, add=5%/15%, sell=rebound_from_low 5%, max_days=15, trend_sma=75, trend_exp=0.2, dd_guard=none, dd_exp=none",0.67,1.0,rolling_high,5.0,15.0,rebound_from_low,5.0,15,75,0.2,none,none,2010-06-25 to 2019-12-31,1499.44,-47.27,0.969,2020-01-02 to 2026-05-20,3292.96,-45.33,1.313,56425.36,-47.27,1.125,0.635,0.0,1043,123,0
"unit=0.67, cap=1.00, anchor=rolling_high, add=5%/15%, sell=rebound_from_low 5%, max_days=15, trend_sma=75, trend_exp=0.25, dd_guard=none, dd_exp=none",0.67,1.0,rolling_high,5.0,15.0,rebound_from_low,5.0,15,75,0.25,none,none,2010-06-25 to 2019-12-31,1679.44,-46.05,0.992,2020-01-02 to 2026-05-20,3608.84,-46.86,1.327,68641.13,-46.86,1.143,0.648,0.0,1043,123,0
"unit=0.67, cap=1.00, anchor=rolling_high, add=5%/15%, sell=rebound_from_low 5%, max_days=15, trend_sma=100, trend_exp=0.2, dd_guard=none, dd_exp=none",0.67,1.0,rolling_high,5.0,15.0,rebound_from_low,5.0,15,100,0.2,none,none,2010-06-25 to 2019-12-31,1541.66,-45.15,0.949,2020-01-02 to 2026-05-20,5210.23,-51.09,1.404,90701.23,-51.09,1.158,0.654,0.0,1043,123,0
"unit=0.67, cap=1.00, anchor=rolling_high, add=5%/15%, sell=rebound_from_low 5%, max_days=15, trend_sma=75, trend_exp=0.2, dd_guard=0.35, dd_exp=0.25",0.67,1.0,rolling_high,5.0,15.0,rebound_from_low,5.0,15,75,0.2,35.0,0.25,2010-06-25 to 2019-12-31,1458.52,-38.85,0.975,2020-01-02 to 2026-05-20,1701.86,-42.36,1.169,29150.19,-42.36,1.061,0.604,0.0,1043,123,0
"unit=0.67, cap=1.00, anchor=rolling_high, add=5%/20%, sell=extra_profit 12%, max_days=10, trend_sma=none, trend_exp=none, dd_guard=none, dd_exp=none",0.67,1.0,rolling_high,5.0,20.0,extra_profit,12.0,10,none,none,none,none,2010-06-25 to 2019-12-31,6462.03,-50.83,1.119,2020-01-02 to 2026-05-20,5275.09,-78.15,1.197,367284.09,-78.15,1.138,0.855,0.0,701,123,0
"unit=0.67, cap=1.00, anchor=rolling_high, add=5%/20%, sell=extra_profit 12%, max_days=10, trend_sma=75, trend_exp=0.2, dd_guard=none, dd_exp=none",0.67,1.0,rolling_high,5.0,20.0,extra_profit,12.0,10,75,0.2,none,none,2010-06-25 to 2019-12-31,1821.05,-45.54,0.996,2020-01-02 to 2026-05-20,2304.01,-56.59,1.171,48002.85,-56.59,1.069,0.671,0.0,701,123,0
"unit=0.67, cap=1.00, anchor=rolling_high, add=5%/20%, sell=extra_profit 12%, max_days=10, trend_sma=75, trend_exp=0.25, dd_guard=none, dd_exp=none",0.67,1.0,rolling_high,5.0,20.0,extra_profit,12.0,10,75,0.25,none,none,2010-06-25 to 2019-12-31,2037.24,-44.28,1.019,2020-01-02 to 2026-05-20,2527.81,-58.03,1.187,58398.42,-58.03,1.088,0.684,0.0,701,123,0
"unit=0.67, cap=1.00, anchor=rolling_high, add=5%/20%, sell=extra_profit 12%, max_days=10, trend_sma=100, trend_exp=0.2, dd_guard=none, dd_exp=none",0.67,1.0,rolling_high,5.0,20.0,extra_profit,12.0,10,100,0.2,none,none,2010-06-25 to 2019-12-31,1822.67,-46.22,0.97,2020-01-02 to 2026-05-20,3367.77,-54.93,1.24,69346.58,-54.93,1.089,0.689,0.0,701,123,0
"unit=0.67, cap=1.00, anchor=rolling_high, add=5%/20%, sell=extra_profit 12%, max_days=10, trend_sma=75, trend_exp=0.2, dd_guard=0.35, dd_exp=0.25",0.67,1.0,rolling_high,5.0,20.0,extra_profit,12.0,10,75,0.2,35.0,0.25,2010-06-25 to 2019-12-31,1604.59,-40.25,0.989,2020-01-02 to 2026-05-20,864.28,-47.12,0.968,17020.71,-47.12,0.975,0.6,0.0,701,123,0
"unit=0.67, cap=1.00, anchor=rolling_high, add=5%/20%, sell=extra_profit 12%, max_days=15, trend_sma=none, trend_exp=none, dd_guard=none, dd_exp=none",0.67,1.0,rolling_high,5.0,20.0,extra_profit,12.0,15,none,none,none,none,2010-06-25 to 2019-12-31,6128.09,-49.73,1.104,2020-01-02 to 2026-05-20,4996.76,-77.17,1.185,330532.28,-77.17,1.124,0.861,0.0,621,123,0
"unit=0.67, cap=1.00, anchor=rolling_high, add=5%/20%, sell=extra_profit 12%, max_days=15, trend_sma=75, trend_exp=0.2, dd_guard=none, dd_exp=none",0.67,1.0,rolling_high,5.0,20.0,extra_profit,12.0,15,75,0.2,none,none,2010-06-25 to 2019-12-31,1617.72,-45.76,0.96,2020-01-02 to 2026-05-20,2373.99,-55.2,1.177,44163.51,-55.2,1.055,0.676,0.0,621,123,0
"unit=0.67, cap=1.00, anchor=rolling_high, add=5%/20%, sell=extra_profit 12%, max_days=15, trend_sma=75, trend_exp=0.25, dd_guard=none, dd_exp=none",0.67,1.0,rolling_high,5.0,20.0,extra_profit,12.0,15,75,0.25,none,none,2010-06-25 to 2019-12-31,1811.03,-44.51,0.983,2020-01-02 to 2026-05-20,2604.31,-56.69,1.194,53729.35,-56.69,1.074,0.689,0.0,621,123,0
"unit=0.67, cap=1.00, anchor=rolling_high, add=5%/20%, sell=extra_profit 12%, max_days=15, trend_sma=100, trend_exp=0.2, dd_guard=none, dd_exp=none",0.67,1.0,rolling_high,5.0,20.0,extra_profit,12.0,15,100,0.2,none,none,2010-06-25 to 2019-12-31,1534.8,-48.24,0.924,2020-01-02 to 2026-05-20,3514.01,-53.1,1.251,61439.05,-53.1,1.072,0.694,0.0,621,123,0
"unit=0.67, cap=1.00, anchor=rolling_high, add=5%/20%, sell=extra_profit 12%, max_days=15, trend_sma=75, trend_exp=0.2, dd_guard=0.35, dd_exp=0.25",0.67,1.0,rolling_high,5.0,20.0,extra_profit,12.0,15,75,0.2,35.0,0.25,2010-06-25 to 2019-12-31,1252.92,-41.31,0.918,2020-01-02 to 2026-05-20,663.41,-48.1,0.896,10657.77,-48.1,0.906,0.6,0.0,621,123,0
"unit=0.67, cap=1.00, anchor=rolling_high, add=5%/20%, sell=extra_profit 18%, max_days=10, trend_sma=none, trend_exp=none, dd_guard=none, dd_exp=none",0.67,1.0,rolling_high,5.0,20.0,extra_profit,18.0,10,none,none,none,none,2010-06-25 to 2019-12-31,4999.19,-51.13,1.062,2020-01-02 to 2026-05-20,5291.84,-77.88,1.197,286274.8,-77.88,1.11,0.866,0.0,668,123,0
"unit=0.67, cap=1.00, anchor=rolling_high, add=5%/20%, sell=extra_profit 18%, max_days=10, trend_sma=75, trend_exp=0.2, dd_guard=none, dd_exp=none",0.67,1.0,rolling_high,5.0,20.0,extra_profit,18.0,10,75,0.2,none,none,2010-06-25 to 2019-12-31,1842.42,-45.54,0.993,2020-01-02 to 2026-05-20,2377.45,-55.67,1.175,50023.6,-55.67,1.07,0.68,0.0,668,123,0
"unit=0.67, cap=1.00, anchor=rolling_high, add=5%/20%, sell=extra_profit 18%, max_days=10, trend_sma=75, trend_exp=0.25, dd_guard=none, dd_exp=none",0.67,1.0,rolling_high,5.0,20.0,extra_profit,18.0,10,75,0.25,none,none,2010-06-25 to 2019-12-31,2061.01,-44.28,1.015,2020-01-02 to 2026-05-20,2608.09,-57.14,1.191,60855.88,-57.14,1.088,0.693,0.0,668,123,0
"unit=0.67, cap=1.00, anchor=rolling_high, add=5%/20%, sell=extra_profit 18%, max_days=10, trend_sma=100, trend_exp=0.2, dd_guard=none, dd_exp=none",0.67,1.0,rolling_high,5.0,20.0,extra_profit,18.0,10,100,0.2,none,none,2010-06-25 to 2019-12-31,1707.45,-47.26,0.949,2020-01-02 to 2026-05-20,3238.18,-54.93,1.227,62745.17,-54.93,1.073,0.698,0.0,668,123,0
"unit=0.67, cap=1.00, anchor=rolling_high, add=5%/20%, sell=extra_profit 18%, max_days=10, trend_sma=75, trend_exp=0.2, dd_guard=0.35, dd_exp=0.25",0.67,1.0,rolling_high,5.0,20.0,extra_profit,18.0,10,75,0.2,35.0,0.25,2010-06-25 to 2019-12-31,971.66,-40.77,0.876,2020-01-02 to 2026-05-20,1183.9,-46.17,1.054,14231.22,-46.17,0.954,0.582,0.0,668,123,0
"unit=0.67, cap=1.00, anchor=rolling_high, add=5%/20%, sell=extra_profit 18%, max_days=15, trend_sma=none, trend_exp=none, dd_guard=none, dd_exp=none",0.67,1.0,rolling_high,5.0,20.0,extra_profit,18.0,15,none,none,none,none,2010-06-25 to 2019-12-31,5439.02,-52.48,1.072,2020-01-02 to 2026-05-20,5224.84,-76.32,1.192,307110.43,-76.32,1.113,0.881,0.0,574,123,0
"unit=0.67, cap=1.00, anchor=rolling_high, add=5%/20%, sell=extra_profit 18%, max_days=15, trend_sma=75, trend_exp=0.2, dd_guard=none, dd_exp=none",0.67,1.0,rolling_high,5.0,20.0,extra_profit,18.0,15,75,0.2,none,none,2010-06-25 to 2019-12-31,1560.34,-45.81,0.943,2020-01-02 to 2026-05-20,2383.78,-53.78,1.17,42854.1,-53.78,1.043,0.693,0.0,574,123,0
"unit=0.67, cap=1.00, anchor=rolling_high, add=5%/20%, sell=extra_profit 18%, max_days=15, trend_sma=75, trend_exp=0.25, dd_guard=none, dd_exp=none",0.67,1.0,rolling_high,5.0,20.0,extra_profit,18.0,15,75,0.25,none,none,2010-06-25 to 2019-12-31,1747.18,-44.56,0.966,2020-01-02 to 2026-05-20,2615.01,-55.31,1.186,52136.97,-55.31,1.061,0.706,0.0,574,123,0
"unit=0.67, cap=1.00, anchor=rolling_high, add=5%/20%, sell=extra_profit 18%, max_days=15, trend_sma=100, trend_exp=0.2, dd_guard=none, dd_exp=none",0.67,1.0,rolling_high,5.0,20.0,extra_profit,18.0,15,100,0.2,none,none,2010-06-25 to 2019-12-31,1427.6,-48.53,0.9,2020-01-02 to 2026-05-20,3538.56,-53.1,1.248,57794.07,-53.1,1.058,0.711,0.0,574,123,0
"unit=0.67, cap=1.00, anchor=rolling_high, add=5%/20%, sell=extra_profit 18%, max_days=15, trend_sma=75, trend_exp=0.2, dd_guard=0.35, dd_exp=0.25",0.67,1.0,rolling_high,5.0,20.0,extra_profit,18.0,15,75,0.2,35.0,0.25,2010-06-25 to 2019-12-31,729.0,-44.14,0.805,2020-01-02 to 2026-05-20,912.64,-48.91,0.981,8643.86,-48.91,0.884,0.572,0.0,574,123,0
"unit=0.67, cap=1.00, anchor=rolling_high, add=5%/20%, sell=rebound_from_low 5%, max_days=10, trend_sma=none, trend_exp=none, dd_guard=none, dd_exp=none",0.67,1.0,rolling_high,5.0,20.0,rebound_from_low,5.0,10,none,none,none,none,2010-06-25 to 2019-12-31,5212.63,-52.1,1.09,2020-01-02 to 2026-05-20,7394.38,-72.73,1.289,414607.36,-72.73,1.17,0.814,0.0,1014,123,0
"unit=0.67, cap=1.00, anchor=rolling_high, add=5%/20%, sell=rebound_from_low 5%, max_days=10, trend_sma=75, trend_exp=0.2, dd_guard=none, dd_exp=none",0.67,1.0,rolling_high,5.0,20.0,rebound_from_low,5.0,10,75,0.2,none,none,2010-06-25 to 2019-12-31,1578.02,-47.27,0.982,2020-01-02 to 2026-05-20,3292.96,-45.33,1.313,59202.43,-47.27,1.131,0.635,0.0,1014,123,0
"unit=0.67, cap=1.00, anchor=rolling_high, add=5%/20%, sell=rebound_from_low 5%, max_days=10, trend_sma=75, trend_exp=0.25, dd_guard=none, dd_exp=none",0.67,1.0,rolling_high,5.0,20.0,rebound_from_low,5.0,10,75,0.25,none,none,2010-06-25 to 2019-12-31,1766.86,-46.05,1.005,2020-01-02 to 2026-05-20,3608.84,-46.86,1.327,72018.35,-46.86,1.149,0.649,0.0,1014,123,0
"unit=0.67, cap=1.00, anchor=rolling_high, add=5%/20%, sell=rebound_from_low 5%, max_days=10, trend_sma=100, trend_exp=0.2, dd_guard=none, dd_exp=none",0.67,1.0,rolling_high,5.0,20.0,rebound_from_low,5.0,10,100,0.2,none,none,2010-06-25 to 2019-12-31,1617.99,-45.15,0.961,2020-01-02 to 2026-05-20,5147.11,-51.09,1.4,93793.83,-51.09,1.162,0.654,0.0,1014,123,0
"unit=0.67, cap=1.00, anchor=rolling_high, add=5%/20%, sell=rebound_from_low 5%, max_days=10, trend_sma=75, trend_exp=0.2, dd_guard=0.35, dd_exp=0.25",0.67,1.0,rolling_high,5.0,20.0,rebound_from_low,5.0,10,75,0.2,35.0,0.25,2010-06-25 to 2019-12-31,1535.09,-38.85,0.988,2020-01-02 to 2026-05-20,1701.86,-42.36,1.169,30587.24,-42.36,1.068,0.604,0.0,1014,123,0
"unit=0.67, cap=1.00, anchor=rolling_high, add=5%/20%, sell=rebound_from_low 5%, max_days=15, trend_sma=none, trend_exp=none, dd_guard=none, dd_exp=none",0.67,1.0,rolling_high,5.0,20.0,rebound_from_low,5.0,15,none,none,none,none,2010-06-25 to 2019-12-31,4986.32,-52.1,1.082,2020-01-02 to 2026-05-20,7417.78,-72.73,1.29,398180.26,-72.73,1.167,0.814,0.0,996,123,0
"unit=0.67, cap=1.00, anchor=rolling_high, add=5%/20%, sell=rebound_from_low 5%, max_days=15, trend_sma=75, trend_exp=0.2, dd_guard=none, dd_exp=none",0.67,1.0,rolling_high,5.0,20.0,rebound_from_low,5.0,15,75,0.2,none,none,2010-06-25 to 2019-12-31,1499.44,-47.27,0.969,2020-01-02 to 2026-05-20,3292.96,-45.33,1.313,56425.36,-47.27,1.125,0.635,0.0,996,123,0
"unit=0.67, cap=1.00, anchor=rolling_high, add=5%/20%, sell=rebound_from_low 5%, max_days=15, trend_sma=75, trend_exp=0.25, dd_guard=none, dd_exp=none",0.67,1.0,rolling_high,5.0,20.0,rebound_from_low,5.0,15,75,0.25,none,none,2010-06-25 to 2019-12-31,1679.44,-46.05,0.992,2020-01-02 to 2026-05-20,3608.84,-46.86,1.327,68641.13,-46.86,1.143,0.648,0.0,996,123,0
"unit=0.67, cap=1.00, anchor=rolling_high, add=5%/20%, sell=rebound_from_low 5%, max_days=15, trend_sma=100, trend_exp=0.2, dd_guard=none, dd_exp=none",0.67,1.0,rolling_high,5.0,20.0,rebound_from_low,5.0,15,100,0.2,none,none,2010-06-25 to 2019-12-31,1541.66,-45.15,0.949,2020-01-02 to 2026-05-20,5210.23,-51.09,1.404,90701.23,-51.09,1.158,0.654,0.0,996,123,0
"unit=0.67, cap=1.00, anchor=rolling_high, add=5%/20%, sell=rebound_from_low 5%, max_days=15, trend_sma=75, trend_exp=0.2, dd_guard=0.35, dd_exp=0.25",0.67,1.0,rolling_high,5.0,20.0,rebound_from_low,5.0,15,75,0.2,35.0,0.25,2010-06-25 to 2019-12-31,1458.52,-38.85,0.975,2020-01-02 to 2026-05-20,1701.86,-42.36,1.169,29150.19,-42.36,1.061,0.604,0.0,996,123,0
"unit=0.67, cap=1.00, anchor=rolling_high, add=8%/20%, sell=extra_profit 12%, max_days=10, trend_sma=none, trend_exp=none, dd_guard=none, dd_exp=none",0.67,1.0,rolling_high,8.0,20.0,extra_profit,12.0,10,none,none,none,none,2010-06-25 to 2019-12-31,3708.91,-50.67,1.026,2020-01-02 to 2026-05-20,5219.29,-72.45,1.21,210933.05,-72.45,1.099,0.808,0.0,591,123,0
"unit=0.67, cap=1.00, anchor=rolling_high, add=8%/20%, sell=extra_profit 12%, max_days=10, trend_sma=75, trend_exp=0.2, dd_guard=none, dd_exp=none",0.67,1.0,rolling_high,8.0,20.0,extra_profit,12.0,10,75,0.2,none,none,2010-06-25 to 2019-12-31,1151.56,-45.87,0.909,2020-01-02 to 2026-05-20,1737.19,-52.01,1.115,23849.7,-52.01,0.998,0.629,0.0,591,123,0
"unit=0.67, cap=1.00, anchor=rolling_high, add=8%/20%, sell=extra_profit 12%, max_days=10, trend_sma=75, trend_exp=0.25, dd_guard=none, dd_exp=none",0.67,1.0,rolling_high,8.0,20.0,extra_profit,12.0,10,75,0.25,none,none,2010-06-25 to 2019-12-31,1292.4,-44.63,0.933,2020-01-02 to 2026-05-20,1908.23,-52.29,1.132,29025.5,-52.29,1.018,0.642,0.0,591,123,0
"unit=0.67, cap=1.00, anchor=rolling_high, add=8%/20%, sell=extra_profit 12%, max_days=10, trend_sma=100, trend_exp=0.2, dd_guard=none, dd_exp=none",0.67,1.0,rolling_high,8.0,20.0,extra_profit,12.0,10,100,0.2,none,none,2010-06-25 to 2019-12-31,1141.5,-48.75,0.88,2020-01-02 to 2026-05-20,2776.8,-53.1,1.214,37100.91,-53.1,1.032,0.648,0.0,591,123,0
"unit=0.67, cap=1.00, anchor=rolling_high, add=8%/20%, sell=extra_profit 12%, max_days=10, trend_sma=75, trend_exp=0.2, dd_guard=0.35, dd_exp=0.25",0.67,1.0,rolling_high,8.0,20.0,extra_profit,12.0,10,75,0.2,35.0,0.25,2010-06-25 to 2019-12-31,630.44,-42.27,0.795,2020-01-02 to 2026-05-20,1187.37,-46.07,1.057,9694.55,-46.07,0.913,0.565,0.0,591,123,0
"unit=0.67, cap=1.00, anchor=rolling_high, add=8%/20%, sell=extra_profit 12%, max_days=15, trend_sma=none, trend_exp=none, dd_guard=none, dd_exp=none",0.67,1.0,rolling_high,8.0,20.0,extra_profit,12.0,15,none,none,none,none,2010-06-25 to 2019-12-31,3396.17,-52.24,1.003,2020-01-02 to 2026-05-20,3948.36,-73.63,1.149,147323.61,-73.63,1.058,0.816,0.0,520,123,0
"unit=0.67, cap=1.00, anchor=rolling_high, add=8%/20%, sell=extra_profit 12%, max_days=15, trend_sma=75, trend_exp=0.2, dd_guard=none, dd_exp=none",0.67,1.0,rolling_high,8.0,20.0,extra_profit,12.0,15,75,0.2,none,none,2010-06-25 to 2019-12-31,962.51,-46.63,0.855,2020-01-02 to 2026-05-20,1612.49,-50.93,1.092,18852.18,-50.93,0.961,0.635,0.0,520,123,0
"unit=0.67, cap=1.00, anchor=rolling_high, add=8%/20%, sell=extra_profit 12%, max_days=15, trend_sma=75, trend_exp=0.25, dd_guard=none, dd_exp=none",0.67,1.0,rolling_high,8.0,20.0,extra_profit,12.0,15,75,0.25,none,none,2010-06-25 to 2019-12-31,1082.08,-45.4,0.88,2020-01-02 to 2026-05-20,1771.92,-52.56,1.11,22947.95,-52.56,0.981,0.648,0.0,520,123,0
"unit=0.67, cap=1.00, anchor=rolling_high, add=8%/20%, sell=extra_profit 12%, max_days=15, trend_sma=100, trend_exp=0.2, dd_guard=none, dd_exp=none",0.67,1.0,rolling_high,8.0,20.0,extra_profit,12.0,15,100,0.2,none,none,2010-06-25 to 2019-12-31,936.44,-49.14,0.825,2020-01-02 to 2026-05-20,2424.19,-53.1,1.173,27149.77,-53.1,0.985,0.654,0.0,520,123,0
"unit=0.67, cap=1.00, anchor=rolling_high, add=8%/20%, sell=extra_profit 12%, max_days=15, trend_sma=75, trend_exp=0.2, dd_guard=0.35, dd_exp=0.25",0.67,1.0,rolling_high,8.0,20.0,extra_profit,12.0,15,75,0.2,35.0,0.25,2010-06-25 to 2019-12-31,523.27,-44.13,0.746,2020-01-02 to 2026-05-20,614.33,-52.94,0.908,4537.33,-52.94,0.82,0.506,0.0,520,123,0
"unit=0.67, cap=1.00, anchor=rolling_high, add=8%/20%, sell=extra_profit 18%, max_days=10, trend_sma=none, trend_exp=none, dd_guard=none, dd_exp=none",0.67,1.0,rolling_high,8.0,20.0,extra_profit,18.0,10,none,none,none,none,2010-06-25 to 2019-12-31,3369.29,-51.91,1.002,2020-01-02 to 2026-05-20,5881.54,-74.17,1.233,216047.42,-74.17,1.098,0.814,0.0,558,123,0
"unit=0.67, cap=1.00, anchor=rolling_high, add=8%/20%, sell=extra_profit 18%, max_days=10, trend_sma=75, trend_exp=0.2, dd_guard=none, dd_exp=none",0.67,1.0,rolling_high,8.0,20.0,extra_profit,18.0,10,75,0.2,none,none,2010-06-25 to 2019-12-31,1227.92,-45.87,0.921,2020-01-02 to 2026-05-20,2166.55,-49.43,1.168,31249.7,-49.43,1.03,0.634,0.0,558,123,0
"unit=0.67, cap=1.00, anchor=rolling_high, add=8%/20%, sell=extra_profit 18%, max_days=10, trend_sma=75, trend_exp=0.25, dd_guard=none, dd_exp=none",0.67,1.0,rolling_high,8.0,20.0,extra_profit,18.0,10,75,0.25,none,none,2010-06-25 to 2019-12-31,1377.36,-44.63,0.944,2020-01-02 to 2026-05-20,2377.56,-51.09,1.185,38024.72,-51.09,1.049,0.647,0.0,558,123,0
"unit=0.67, cap=1.00, anchor=rolling_high, add=8%/20%, sell=extra_profit 18%, max_days=10, trend_sma=100, trend_exp=0.2, dd_guard=none, dd_exp=none",0.67,1.0,rolling_high,8.0,20.0,extra_profit,18.0,10,100,0.2,none,none,2010-06-25 to 2019-12-31,1144.18,-48.75,0.877,2020-01-02 to 2026-05-20,3179.41,-53.1,1.246,42398.64,-53.1,1.045,0.652,0.0,558,123,0
"unit=0.67, cap=1.00, anchor=rolling_high, add=8%/20%, sell=extra_profit 18%, max_days=10, trend_sma=75, trend_exp=0.2, dd_guard=0.35, dd_exp=0.25",0.67,1.0,rolling_high,8.0,20.0,extra_profit,18.0,10,75,0.2,35.0,0.25,2010-06-25 to 2019-12-31,633.86,-42.27,0.793,2020-01-02 to 2026-05-20,962.29,-46.81,1.001,8019.95,-46.81,0.886,0.54,0.0,558,123,0
"unit=0.67, cap=1.00, anchor=rolling_high, add=8%/20%, sell=extra_profit 18%, max_days=15, trend_sma=none, trend_exp=none, dd_guard=none, dd_exp=none",0.67,1.0,rolling_high,8.0,20.0,extra_profit,18.0,15,none,none,none,none,2010-06-25 to 2019-12-31,3828.53,-53.16,1.022,2020-01-02 to 2026-05-20,4103.44,-74.06,1.153,171901.15,-74.06,1.069,0.829,0.0,485,123,0
"unit=0.67, cap=1.00, anchor=rolling_high, add=8%/20%, sell=extra_profit 18%, max_days=15, trend_sma=75, trend_exp=0.2, dd_guard=none, dd_exp=none",0.67,1.0,rolling_high,8.0,20.0,extra_profit,18.0,15,75,0.2,none,none,2010-06-25 to 2019-12-31,1252.79,-46.63,0.915,2020-01-02 to 2026-05-20,1735.86,-49.85,1.104,25768.31,-49.85,0.996,0.646,0.0,485,123,0
"unit=0.67, cap=1.00, anchor=rolling_high, add=8%/20%, sell=extra_profit 18%, max_days=15, trend_sma=75, trend_exp=0.25, dd_guard=none, dd_exp=none",0.67,1.0,rolling_high,8.0,20.0,extra_profit,18.0,15,75,0.25,none,none,2010-06-25 to 2019-12-31,1405.03,-45.4,0.938,2020-01-02 to 2026-05-20,1906.78,-51.45,1.121,31358.75,-51.45,1.016,0.659,0.0,485,123,0
"unit=0.67, cap=1.00, anchor=rolling_high, add=8%/20%, sell=extra_profit 18%, max_days=15, trend_sma=100, trend_exp=0.2, dd_guard=none, dd_exp=none",0.67,1.0,rolling_high,8.0,20.0,extra_profit,18.0,15,100,0.2,none,none,2010-06-25 to 2019-12-31,1187.82,-49.08,0.876,2020-01-02 to 2026-05-20,2518.74,-53.1,1.176,35027.36,-53.1,1.012,0.664,0.0,485,123,0
"unit=0.67, cap=1.00, anchor=rolling_high, add=8%/20%, sell=extra_profit 18%, max_days=15, trend_sma=75, trend_exp=0.2, dd_guard=0.35, dd_exp=0.25",0.67,1.0,rolling_high,8.0,20.0,extra_profit,18.0,15,75,0.2,35.0,0.25,2010-06-25 to 2019-12-31,630.97,-44.13,0.79,2020-01-02 to 2026-05-20,834.12,-52.23,0.997,7012.1,-52.23,0.884,0.509,0.0,485,123,0
"unit=0.67, cap=1.00, anchor=rolling_high, add=8%/20%, sell=rebound_from_low 5%, max_days=10, trend_sma=none, trend_exp=none, dd_guard=none, dd_exp=none",0.67,1.0,rolling_high,8.0,20.0,rebound_from_low,5.0,10,none,none,none,none,2010-06-25 to 2019-12-31,2677.46,-51.21,0.973,2020-01-02 to 2026-05-20,5965.15,-70.62,1.259,175362.96,-70.62,1.098,0.778,0.0,823,123,0
"unit=0.67, cap=1.00, anchor=rolling_high, add=8%/20%, sell=rebound_from_low 5%, max_days=10, trend_sma=75, trend_exp=0.2, dd_guard=none, dd_exp=none",0.67,1.0,rolling_high,8.0,20.0,rebound_from_low,5.0,10,75,0.2,none,none,2010-06-25 to 2019-12-31,1064.69,-44.58,0.91,2020-01-02 to 2026-05-20,2126.13,-45.33,1.209,26905.66,-45.33,1.045,0.606,0.0,823,123,0
"unit=0.67, cap=1.00, anchor=rolling_high, add=8%/20%, sell=rebound_from_low 5%, max_days=10, trend_sma=75, trend_exp=0.25, dd_guard=none, dd_exp=none",0.67,1.0,rolling_high,8.0,20.0,rebound_from_low,5.0,10,75,0.25,none,none,2010-06-25 to 2019-12-31,1195.76,-43.3,0.934,2020-01-02 to 2026-05-20,2333.38,-46.71,1.224,32741.89,-46.71,1.064,0.619,0.0,823,123,0
"unit=0.67, cap=1.00, anchor=rolling_high, add=8%/20%, sell=rebound_from_low 5%, max_days=10, trend_sma=100, trend_exp=0.2, dd_guard=none, dd_exp=none",0.67,1.0,rolling_high,8.0,20.0,rebound_from_low,5.0,10,100,0.2,none,none,2010-06-25 to 2019-12-31,1041.66,-43.53,0.877,2020-01-02 to 2026-05-20,3475.92,-51.09,1.313,42422.59,-51.09,1.078,0.623,0.0,823,123,0
"unit=0.67, cap=1.00, anchor=rolling_high, add=8%/20%, sell=rebound_from_low 5%, max_days=10, trend_sma=75, trend_exp=0.2, dd_guard=0.35, dd_exp=0.25",0.67,1.0,rolling_high,8.0,20.0,rebound_from_low,5.0,10,75,0.2,35.0,0.25,2010-06-25 to 2019-12-31,857.83,-39.88,0.862,2020-01-02 to 2026-05-20,1180.16,-43.38,1.077,12671.7,-43.38,0.959,0.575,0.0,823,123,0
"unit=0.67, cap=1.00, anchor=rolling_high, add=8%/20%, sell=rebound_from_low 5%, max_days=15, trend_sma=none, trend_exp=none, dd_guard=none, dd_exp=none",0.67,1.0,rolling_high,8.0,20.0,rebound_from_low,5.0,15,none,none,none,none,2010-06-25 to 2019-12-31,2834.25,-51.21,0.985,2020-01-02 to 2026-05-20,5983.99,-70.62,1.26,185843.4,-70.62,1.104,0.779,0.0,812,123,0
"unit=0.67, cap=1.00, anchor=rolling_high, add=8%/20%, sell=rebound_from_low 5%, max_days=15, trend_sma=75, trend_exp=0.2, dd_guard=none, dd_exp=none",0.67,1.0,rolling_high,8.0,20.0,rebound_from_low,5.0,15,75,0.2,none,none,2010-06-25 to 2019-12-31,1085.11,-44.58,0.915,2020-01-02 to 2026-05-20,2126.13,-45.33,1.209,27379.19,-45.33,1.047,0.606,0.0,812,123,0
"unit=0.67, cap=1.00, anchor=rolling_high, add=8%/20%, sell=rebound_from_low 5%, max_days=15, trend_sma=75, trend_exp=0.25, dd_guard=none, dd_exp=none",0.67,1.0,rolling_high,8.0,20.0,rebound_from_low,5.0,15,75,0.25,none,none,2010-06-25 to 2019-12-31,1218.48,-43.3,0.94,2020-01-02 to 2026-05-20,2333.38,-46.71,1.224,33317.76,-46.71,1.067,0.619,0.0,812,123,0
"unit=0.67, cap=1.00, anchor=rolling_high, add=8%/20%, sell=rebound_from_low 5%, max_days=15, trend_sma=100, trend_exp=0.2, dd_guard=none, dd_exp=none",0.67,1.0,rolling_high,8.0,20.0,rebound_from_low,5.0,15,100,0.2,none,none,2010-06-25 to 2019-12-31,1059.68,-43.53,0.882,2020-01-02 to 2026-05-20,3518.88,-51.09,1.317,43612.8,-51.09,1.083,0.624,0.0,812,123,0
"unit=0.67, cap=1.00, anchor=rolling_high, add=8%/20%, sell=rebound_from_low 5%, max_days=15, trend_sma=75, trend_exp=0.2, dd_guard=0.35, dd_exp=0.25",0.67,1.0,rolling_high,8.0,20.0,rebound_from_low,5.0,15,75,0.2,35.0,0.25,2010-06-25 to 2019-12-31,874.63,-39.88,0.868,2020-01-02 to 2026-05-20,1180.16,-43.38,1.077,12895.65,-43.38,0.962,0.575,0.0,812,123,0
"unit=0.67, cap=1.50, anchor=rolling_high, add=5%/15%, sell=extra_profit 12%, max_days=10, trend_sma=none, trend_exp=none, dd_guard=none, dd_exp=none",0.67,1.5,rolling_high,5.0,15.0,extra_profit,12.0,10,none,none,none,none,2010-06-25 to 2019-12-31,11270.2,-63.59,1.077,2020-01-02 to 2026-05-20,7419.24,-90.29,1.18,890408.23,-90.29,1.109,1.072,56.0,729,123,0
"unit=0.67, cap=1.50, anchor=rolling_high, add=5%/15%, sell=extra_profit 12%, max_days=10, trend_sma=75, trend_exp=0.2, dd_guard=none, dd_exp=none",0.67,1.5,rolling_high,5.0,15.0,extra_profit,12.0,10,75,0.2,none,none,2010-06-25 to 2019-12-31,2627.29,-59.24,0.952,2020-01-02 to 2026-05-20,2974.03,-70.42,1.106,87224.29,-70.42,1.013,0.806,37.5,729,123,0
"unit=0.67, cap=1.50, anchor=rolling_high, add=5%/15%, sell=extra_profit 12%, max_days=10, trend_sma=75, trend_exp=0.25, dd_guard=none, dd_exp=none",0.67,1.5,rolling_high,5.0,15.0,extra_profit,12.0,10,75,0.25,none,none,2010-06-25 to 2019-12-31,2934.21,-58.3,0.972,2020-01-02 to 2026-05-20,3260.22,-70.59,1.122,106096.06,-70.59,1.031,0.819,37.5,729,123,0
"unit=0.67, cap=1.50, anchor=rolling_high, add=5%/15%, sell=extra_profit 12%, max_days=10, trend_sma=100, trend_exp=0.2, dd_guard=none, dd_exp=none",0.67,1.5,rolling_high,5.0,15.0,extra_profit,12.0,10,100,0.2,none,none,2010-06-25 to 2019-12-31,2554.82,-58.82,0.923,2020-01-02 to 2026-05-20,5097.56,-67.01,1.191,143624.57,-67.01,1.04,0.835,39.83,729,123,0
"unit=0.67, cap=1.50, anchor=rolling_high, add=5%/15%, sell=extra_profit 12%, max_days=10, trend_sma=75, trend_exp=0.2, dd_guard=0.35, dd_exp=0.25",0.67,1.5,rolling_high,5.0,15.0,extra_profit,12.0,10,75,0.2,35.0,0.25,2010-06-25 to 2019-12-31,212.17,-44.79,0.551,2020-01-02 to 2026-05-20,1059.26,-53.46,0.966,3669.31,-53.46,0.751,0.458,13.12,729,123,0
"unit=0.67, cap=1.50, anchor=rolling_high, add=5%/15%, sell=extra_profit 12%, max_days=15, trend_sma=none, trend_exp=none, dd_guard=none, dd_exp=none",0.67,1.5,rolling_high,5.0,15.0,extra_profit,12.0,15,none,none,none,none,2010-06-25 to 2019-12-31,10005.76,-66.85,1.055,2020-01-02 to 2026-05-20,5570.28,-89.8,1.136,596756.06,-89.8,1.076,1.089,57.98,645,123,0
"unit=0.67, cap=1.50, anchor=rolling_high, add=5%/15%, sell=extra_profit 12%, max_days=15, trend_sma=75, trend_exp=0.2, dd_guard=none, dd_exp=none",0.67,1.5,rolling_high,5.0,15.0,extra_profit,12.0,15,75,0.2,none,none,2010-06-25 to 2019-12-31,2040.41,-60.31,0.896,2020-01-02 to 2026-05-20,2777.25,-67.82,1.087,64046.12,-67.82,0.976,0.82,39.23,645,123,0
"unit=0.67, cap=1.50, anchor=rolling_high, add=5%/15%, sell=extra_profit 12%, max_days=15, trend_sma=75, trend_exp=0.25, dd_guard=none, dd_exp=none",0.67,1.5,rolling_high,5.0,15.0,extra_profit,12.0,15,75,0.25,none,none,2010-06-25 to 2019-12-31,2281.28,-59.39,0.916,2020-01-02 to 2026-05-20,3045.11,-68.89,1.103,77908.82,-68.89,0.994,0.833,39.23,645,123,0
"unit=0.67, cap=1.50, anchor=rolling_high, add=5%/15%, sell=extra_profit 12%, max_days=15, trend_sma=100, trend_exp=0.2, dd_guard=none, dd_exp=none",0.67,1.5,rolling_high,5.0,15.0,extra_profit,12.0,15,100,0.2,none,none,2010-06-25 to 2019-12-31,1751.16,-65.46,0.848,2020-01-02 to 2026-05-20,4815.34,-64.58,1.175,94674.95,-66.92,0.995,0.849,41.58,645,123,0
"unit=0.67, cap=1.50, anchor=rolling_high, add=5%/15%, sell=extra_profit 12%, max_days=15, trend_sma=75, trend_exp=0.2, dd_guard=0.35, dd_exp=0.25",0.67,1.5,rolling_high,5.0,15.0,extra_profit,12.0,15,75,0.2,35.0,0.25,2010-06-25 to 2019-12-31,560.91,-44.47,0.741,2020-01-02 to 2026-05-20,1165.72,-48.62,0.989,8613.24,-48.62,0.851,0.527,18.25,645,123,0
"unit=0.67, cap=1.50, anchor=rolling_high, add=5%/15%, sell=extra_profit 18%, max_days=10, trend_sma=none, trend_exp=none, dd_guard=none, dd_exp=none",0.67,1.5,rolling_high,5.0,15.0,extra_profit,18.0,10,none,none,none,none,2010-06-25 to 2019-12-31,6483.91,-66.46,0.989,2020-01-02 to 2026-05-20,6629.47,-90.19,1.163,461388.52,-90.19,1.058,1.096,59.33,696,123,0
"unit=0.67, cap=1.50, anchor=rolling_high, add=5%/15%, sell=extra_profit 18%, max_days=10, trend_sma=75, trend_exp=0.2, dd_guard=none, dd_exp=none",0.67,1.5,rolling_high,5.0,15.0,extra_profit,18.0,10,75,0.2,none,none,2010-06-25 to 2019-12-31,2720.62,-59.24,0.951,2020-01-02 to 2026-05-20,2820.55,-67.35,1.09,85703.55,-67.35,1.005,0.826,40.27,696,123,0
"unit=0.67, cap=1.50, anchor=rolling_high, add=5%/15%, sell=extra_profit 18%, max_days=10, trend_sma=75, trend_exp=0.25, dd_guard=none, dd_exp=none",0.67,1.5,rolling_high,5.0,15.0,extra_profit,18.0,10,75,0.25,none,none,2010-06-25 to 2019-12-31,3038.05,-58.3,0.97,2020-01-02 to 2026-05-20,3092.44,-68.43,1.106,104246.66,-68.43,1.023,0.839,40.27,696,123,0
"unit=0.67, cap=1.50, anchor=rolling_high, add=5%/15%, sell=extra_profit 18%, max_days=10, trend_sma=100, trend_exp=0.2, dd_guard=none, dd_exp=none",0.67,1.5,rolling_high,5.0,15.0,extra_profit,18.0,10,100,0.2,none,none,2010-06-25 to 2019-12-31,2243.21,-59.36,0.892,2020-01-02 to 2026-05-20,4085.98,-67.01,1.144,102065.6,-67.01,1.003,0.854,42.48,696,123,0
"unit=0.67, cap=1.50, anchor=rolling_high, add=5%/15%, sell=extra_profit 18%, max_days=10, trend_sma=75, trend_exp=0.2, dd_guard=0.35, dd_exp=0.25",0.67,1.5,rolling_high,5.0,15.0,extra_profit,18.0,10,75,0.2,35.0,0.25,2010-06-25 to 2019-12-31,437.3,-45.04,0.692,2020-01-02 to 2026-05-20,754.04,-53.46,0.901,4679.58,-53.46,0.785,0.494,16.25,696,123,0
"unit=0.67, cap=1.50, anchor=rolling_high, add=5%/15%, sell=extra_profit 18%, max_days=15, trend_sma=none, trend_exp=none, dd_guard=none, dd_exp=none",0.67,1.5,rolling_high,5.0,15.0,extra_profit,18.0,15,none,none,none,none,2010-06-25 to 2019-12-31,8390.1,-70.79,1.021,2020-01-02 to 2026-05-20,6253.88,-89.39,1.153,561785.65,-89.39,1.069,1.133,64.05,600,123,0
"unit=0.67, cap=1.50, anchor=rolling_high, add=5%/15%, sell=extra_profit 18%, max_days=15, trend_sma=75, trend_exp=0.2, dd_guard=none, dd_exp=none",0.67,1.5,rolling_high,5.0,15.0,extra_profit,18.0,15,75,0.2,none,none,2010-06-25 to 2019-12-31,2124.71,-60.38,0.893,2020-01-02 to 2026-05-20,2746.12,-65.57,1.077,65851.36,-65.57,0.971,0.858,44.42,600,123,0
"unit=0.67, cap=1.50, anchor=rolling_high, add=5%/15%, sell=extra_profit 18%, max_days=15, trend_sma=75, trend_exp=0.25, dd_guard=none, dd_exp=none",0.67,1.5,rolling_high,5.0,15.0,extra_profit,18.0,15,75,0.25,none,none,2010-06-25 to 2019-12-31,2375.08,-59.47,0.912,2020-01-02 to 2026-05-20,3011.09,-66.62,1.093,80104.19,-66.62,0.988,0.871,44.42,600,123,0
"unit=0.67, cap=1.50, anchor=rolling_high, add=5%/15%, sell=extra_profit 18%, max_days=15, trend_sma=100, trend_exp=0.2, dd_guard=none, dd_exp=none",0.67,1.5,rolling_high,5.0,15.0,extra_profit,18.0,15,100,0.2,none,none,2010-06-25 to 2019-12-31,1590.17,-66.06,0.824,2020-01-02 to 2026-05-20,4997.67,-64.79,1.177,89642.6,-66.06,0.984,0.885,46.52,600,123,0
"unit=0.67, cap=1.50, anchor=rolling_high, add=5%/15%, sell=extra_profit 18%, max_days=15, trend_sma=75, trend_exp=0.2, dd_guard=0.35, dd_exp=0.25",0.67,1.5,rolling_high,5.0,15.0,extra_profit,18.0,15,75,0.2,35.0,0.25,2010-06-25 to 2019-12-31,385.03,-44.64,0.647,2020-01-02 to 2026-05-20,516.58,-53.03,0.816,3014.96,-53.03,0.724,0.499,18.15,600,123,0
"unit=0.67, cap=1.50, anchor=rolling_high, add=5%/15%, sell=rebound_from_low 5%, max_days=10, trend_sma=none, trend_exp=none, dd_guard=none, dd_exp=none",0.67,1.5,rolling_high,5.0,15.0,rebound_from_low,5.0,10,none,none,none,none,2010-06-25 to 2019-12-31,8643.9,-63.13,1.052,2020-01-02 to 2026-05-20,16230.76,-82.79,1.326,1487231.03,-82.79,1.17,0.983,43.65,1065,123,0
"unit=0.67, cap=1.50, anchor=rolling_high, add=5%/15%, sell=rebound_from_low 5%, max_days=10, trend_sma=75, trend_exp=0.2, dd_guard=none, dd_exp=none",0.67,1.5,rolling_high,5.0,15.0,rebound_from_low,5.0,10,75,0.2,none,none,2010-06-25 to 2019-12-31,2153.28,-60.76,0.94,2020-01-02 to 2026-05-20,6635.66,-55.01,1.333,157985.34,-60.76,1.118,0.732,26.82,1065,123,0
"unit=0.67, cap=1.50, anchor=rolling_high, add=5%/15%, sell=rebound_from_low 5%, max_days=10, trend_sma=75, trend_exp=0.25, dd_guard=none, dd_exp=none",0.67,1.5,rolling_high,5.0,15.0,rebound_from_low,5.0,10,75,0.25,none,none,2010-06-25 to 2019-12-31,2406.86,-59.85,0.96,2020-01-02 to 2026-05-20,7262.73,-54.65,1.347,192149.36,-59.85,1.136,0.745,26.82,1065,123,0
"unit=0.67, cap=1.50, anchor=rolling_high, add=5%/15%, sell=rebound_from_low 5%, max_days=10, trend_sma=100, trend_exp=0.2, dd_guard=none, dd_exp=none",0.67,1.5,rolling_high,5.0,15.0,rebound_from_low,5.0,10,100,0.2,none,none,2010-06-25 to 2019-12-31,2277.16,-59.59,0.925,2020-01-02 to 2026-05-20,12919.38,-59.47,1.443,322263.19,-62.31,1.163,0.76,29.07,1065,123,0
"unit=0.67, cap=1.50, anchor=rolling_high, add=5%/15%, sell=rebound_from_low 5%, max_days=10, trend_sma=75, trend_exp=0.2, dd_guard=0.35, dd_exp=0.25",0.67,1.5,rolling_high,5.0,15.0,rebound_from_low,5.0,10,75,0.2,35.0,0.25,2010-06-25 to 2019-12-31,815.8,-45.3,0.843,2020-01-02 to 2026-05-20,2070.99,-47.5,1.132,20608.84,-47.5,0.97,0.516,14.07,1065,123,0
"unit=0.67, cap=1.50, anchor=rolling_high, add=5%/15%, sell=rebound_from_low 5%, max_days=15, trend_sma=none, trend_exp=none, dd_guard=none, dd_exp=none",0.67,1.5,rolling_high,5.0,15.0,rebound_from_low,5.0,15,none,none,none,none,2010-06-25 to 2019-12-31,7782.2,-63.13,1.037,2020-01-02 to 2026-05-20,16410.94,-82.79,1.328,1355448.73,-82.79,1.163,0.984,43.77,1043,123,0
"unit=0.67, cap=1.50, anchor=rolling_high, add=5%/15%, sell=rebound_from_low 5%, max_days=15, trend_sma=75, trend_exp=0.2, dd_guard=none, dd_exp=none",0.67,1.5,rolling_high,5.0,15.0,rebound_from_low,5.0,15,75,0.2,none,none,2010-06-25 to 2019-12-31,1947.81,-60.76,0.919,2020-01-02 to 2026-05-20,6635.66,-55.01,1.333,143569.92,-60.76,1.108,0.732,26.8,1043,123,0
"unit=0.67, cap=1.50, anchor=rolling_high, add=5%/15%, sell=rebound_from_low 5%, max_days=15, trend_sma=75, trend_exp=0.25, dd_guard=none, dd_exp=none",0.67,1.5,rolling_high,5.0,15.0,rebound_from_low,5.0,15,75,0.25,none,none,2010-06-25 to 2019-12-31,2178.26,-59.85,0.94,2020-01-02 to 2026-05-20,7262.73,-54.65,1.347,174618.61,-59.85,1.125,0.745,26.8,1043,123,0
"unit=0.67, cap=1.50, anchor=rolling_high, add=5%/15%, sell=rebound_from_low 5%, max_days=15, trend_sma=100, trend_exp=0.2, dd_guard=none, dd_exp=none",0.67,1.5,rolling_high,5.0,15.0,rebound_from_low,5.0,15,100,0.2,none,none,2010-06-25 to 2019-12-31,2050.93,-59.59,0.905,2020-01-02 to 2026-05-20,13439.95,-59.47,1.451,303246.28,-62.31,1.157,0.76,29.15,1043,123,0
"unit=0.67, cap=1.50, anchor=rolling_high, add=5%/15%, sell=rebound_from_low 5%, max_days=15, trend_sma=75, trend_exp=0.2, dd_guard=0.35, dd_exp=0.25",0.67,1.5,rolling_high,5.0,15.0,rebound_from_low,5.0,15,75,0.2,35.0,0.25,2010-06-25 to 2019-12-31,828.33,-45.3,0.847,2020-01-02 to 2026-05-20,2070.99,-47.5,1.132,20892.02,-47.5,0.972,0.516,14.07,1043,123,0
"unit=0.67, cap=1.50, anchor=rolling_high, add=5%/20%, sell=extra_profit 12%, max_days=10, trend_sma=none, trend_exp=none, dd_guard=none, dd_exp=none",0.67,1.5,rolling_high,5.0,20.0,extra_profit,12.0,10,none,none,none,none,2010-06-25 to 2019-12-31,12836.6,-63.14,1.102,2020-01-02 to 2026-05-20,6677.47,-90.22,1.166,913138.39,-90.22,1.113,1.064,56.03,701,123,0
"unit=0.67, cap=1.50, anchor=rolling_high, add=5%/20%, sell=extra_profit 12%, max_days=10, trend_sma=75, trend_exp=0.2, dd_guard=none, dd_exp=none",0.67,1.5,rolling_high,5.0,20.0,extra_profit,12.0,10,75,0.2,none,none,2010-06-25 to 2019-12-31,2722.17,-58.73,0.964,2020-01-02 to 2026-05-20,2706.22,-70.22,1.089,82390.0,-70.22,1.011,0.802,37.52,701,123,0
"unit=0.67, cap=1.50, anchor=rolling_high, add=5%/20%, sell=extra_profit 12%, max_days=10, trend_sma=75, trend_exp=0.25, dd_guard=none, dd_exp=none",0.67,1.5,rolling_high,5.0,20.0,extra_profit,12.0,10,75,0.25,none,none,2010-06-25 to 2019-12-31,3039.77,-57.78,0.983,2020-01-02 to 2026-05-20,2967.47,-70.39,1.105,100217.02,-70.39,1.028,0.815,37.52,701,123,0
"unit=0.67, cap=1.50, anchor=rolling_high, add=5%/20%, sell=extra_profit 12%, max_days=10, trend_sma=100, trend_exp=0.2, dd_guard=none, dd_exp=none",0.67,1.5,rolling_high,5.0,20.0,extra_profit,12.0,10,100,0.2,none,none,2010-06-25 to 2019-12-31,2583.35,-58.15,0.93,2020-01-02 to 2026-05-20,4597.95,-67.1,1.173,131205.09,-67.1,1.035,0.83,39.85,701,123,0
"unit=0.67, cap=1.50, anchor=rolling_high, add=5%/20%, sell=extra_profit 12%, max_days=10, trend_sma=75, trend_exp=0.2, dd_guard=0.35, dd_exp=0.25",0.67,1.5,rolling_high,5.0,20.0,extra_profit,12.0,10,75,0.2,35.0,0.25,2010-06-25 to 2019-12-31,535.7,-46.35,0.741,2020-01-02 to 2026-05-20,1562.94,-47.94,1.043,10910.94,-47.94,0.875,0.519,17.7,701,123,0
"unit=0.67, cap=1.50, anchor=rolling_high, add=5%/20%, sell=extra_profit 12%, max_days=15, trend_sma=none, trend_exp=none, dd_guard=none, dd_exp=none",0.67,1.5,rolling_high,5.0,20.0,extra_profit,12.0,15,none,none,none,none,2010-06-25 to 2019-12-31,11492.18,-64.96,1.08,2020-01-02 to 2026-05-20,5921.84,-89.42,1.147,726992.85,-89.42,1.093,1.079,57.93,621,123,0
"unit=0.67, cap=1.50, anchor=rolling_high, add=5%/20%, sell=extra_profit 12%, max_days=15, trend_sma=75, trend_exp=0.2, dd_guard=none, dd_exp=none",0.67,1.5,rolling_high,5.0,20.0,extra_profit,12.0,15,75,0.2,none,none,2010-06-25 to 2019-12-31,2174.84,-59.08,0.911,2020-01-02 to 2026-05-20,3119.92,-69.62,1.116,76194.2,-69.62,0.998,0.814,39.12,621,123,0
"unit=0.67, cap=1.50, anchor=rolling_high, add=5%/20%, sell=extra_profit 12%, max_days=15, trend_sma=75, trend_exp=0.25, dd_guard=none, dd_exp=none",0.67,1.5,rolling_high,5.0,20.0,extra_profit,12.0,15,75,0.25,none,none,2010-06-25 to 2019-12-31,2430.84,-58.13,0.931,2020-01-02 to 2026-05-20,3419.69,-69.8,1.131,92682.24,-69.8,1.016,0.827,39.12,621,123,0
"unit=0.67, cap=1.50, anchor=rolling_high, add=5%/20%, sell=extra_profit 12%, max_days=15, trend_sma=100, trend_exp=0.2, dd_guard=none, dd_exp=none",0.67,1.5,rolling_high,5.0,20.0,extra_profit,12.0,15,100,0.2,none,none,2010-06-25 to 2019-12-31,1904.7,-63.18,0.867,2020-01-02 to 2026-05-20,5478.52,-63.39,1.205,116383.34,-65.02,1.019,0.842,41.48,621,123,0
"unit=0.67, cap=1.50, anchor=rolling_high, add=5%/20%, sell=extra_profit 12%, max_days=15, trend_sma=75, trend_exp=0.2, dd_guard=0.35, dd_exp=0.25",0.67,1.5,rolling_high,5.0,20.0,extra_profit,12.0,15,75,0.2,35.0,0.25,2010-06-25 to 2019-12-31,263.83,-47.49,0.593,2020-01-02 to 2026-05-20,423.33,-48.3,0.752,1833.37,-50.11,0.655,0.456,13.93,621,123,0
"unit=0.67, cap=1.50, anchor=rolling_high, add=5%/20%, sell=extra_profit 18%, max_days=10, trend_sma=none, trend_exp=none, dd_guard=none, dd_exp=none",0.67,1.5,rolling_high,5.0,20.0,extra_profit,18.0,10,none,none,none,none,2010-06-25 to 2019-12-31,7515.48,-65.92,1.015,2020-01-02 to 2026-05-20,6748.57,-90.12,1.167,543141.03,-90.12,1.072,1.088,59.38,668,123,0
"unit=0.67, cap=1.50, anchor=rolling_high, add=5%/20%, sell=extra_profit 18%, max_days=10, trend_sma=75, trend_exp=0.2, dd_guard=none, dd_exp=none",0.67,1.5,rolling_high,5.0,20.0,extra_profit,18.0,10,75,0.2,none,none,2010-06-25 to 2019-12-31,2863.3,-58.73,0.966,2020-01-02 to 2026-05-20,2951.33,-67.57,1.102,94080.45,-67.57,1.019,0.821,40.27,668,123,0
"unit=0.67, cap=1.50, anchor=rolling_high, add=5%/20%, sell=extra_profit 18%, max_days=10, trend_sma=75, trend_exp=0.25, dd_guard=none, dd_exp=none",0.67,1.5,rolling_high,5.0,20.0,extra_profit,18.0,10,75,0.25,none,none,2010-06-25 to 2019-12-31,3196.78,-57.78,0.985,2020-01-02 to 2026-05-20,3235.4,-68.65,1.118,114433.9,-68.65,1.036,0.834,40.27,668,123,0
"unit=0.67, cap=1.50, anchor=rolling_high, add=5%/20%, sell=extra_profit 18%, max_days=10, trend_sma=100, trend_exp=0.2, dd_guard=none, dd_exp=none",0.67,1.5,rolling_high,5.0,20.0,extra_profit,18.0,10,100,0.2,none,none,2010-06-25 to 2019-12-31,2330.95,-58.69,0.904,2020-01-02 to 2026-05-20,4230.28,-67.1,1.154,109544.72,-67.1,1.013,0.848,42.48,668,123,0
"unit=0.67, cap=1.50, anchor=rolling_high, add=5%/20%, sell=extra_profit 18%, max_days=10, trend_sma=75, trend_exp=0.2, dd_guard=0.35, dd_exp=0.25",0.67,1.5,rolling_high,5.0,20.0,extra_profit,18.0,10,75,0.2,35.0,0.25,2010-06-25 to 2019-12-31,1219.37,-46.35,0.925,2020-01-02 to 2026-05-20,1132.23,-50.03,0.966,16833.89,-50.03,0.925,0.56,21.2,668,123,0
"unit=0.67, cap=1.50, anchor=rolling_high, add=5%/20%, sell=extra_profit 18%, max_days=15, trend_sma=none, trend_exp=none, dd_guard=none, dd_exp=none",0.67,1.5,rolling_high,5.0,20.0,extra_profit,18.0,15,none,none,none,none,2010-06-25 to 2019-12-31,9152.25,-69.01,1.038,2020-01-02 to 2026-05-20,6648.87,-88.55,1.163,650290.96,-88.55,1.082,1.121,64.05,574,123,0
"unit=0.67, cap=1.50, anchor=rolling_high, add=5%/20%, sell=extra_profit 18%, max_days=15, trend_sma=75, trend_exp=0.2, dd_guard=none, dd_exp=none",0.67,1.5,rolling_high,5.0,20.0,extra_profit,18.0,15,75,0.2,none,none,2010-06-25 to 2019-12-31,2028.92,-59.16,0.889,2020-01-02 to 2026-05-20,2970.32,-64.95,1.098,67982.96,-64.95,0.979,0.85,44.32,574,123,0
"unit=0.67, cap=1.50, anchor=rolling_high, add=5%/20%, sell=extra_profit 18%, max_days=15, trend_sma=75, trend_exp=0.25, dd_guard=none, dd_exp=none",0.67,1.5,rolling_high,5.0,20.0,extra_profit,18.0,15,75,0.25,none,none,2010-06-25 to 2019-12-31,2268.5,-58.21,0.909,2020-01-02 to 2026-05-20,3256.16,-65.82,1.114,82696.45,-65.82,0.996,0.863,44.32,574,123,0
"unit=0.67, cap=1.50, anchor=rolling_high, add=5%/20%, sell=extra_profit 18%, max_days=15, trend_sma=100, trend_exp=0.2, dd_guard=none, dd_exp=none",0.67,1.5,rolling_high,5.0,20.0,extra_profit,18.0,15,100,0.2,none,none,2010-06-25 to 2019-12-31,1632.12,-63.82,0.832,2020-01-02 to 2026-05-20,5460.57,-63.62,1.199,100221.2,-63.82,1.0,0.876,46.45,574,123,0
"unit=0.67, cap=1.50, anchor=rolling_high, add=5%/20%, sell=extra_profit 18%, max_days=15, trend_sma=75, trend_exp=0.2, dd_guard=0.35, dd_exp=0.25",0.67,1.5,rolling_high,5.0,20.0,extra_profit,18.0,15,75,0.2,35.0,0.25,2010-06-25 to 2019-12-31,728.97,-47.49,0.764,2020-01-02 to 2026-05-20,322.7,-53.03,0.709,3458.06,-53.03,0.736,0.538,21.2,574,123,0
"unit=0.67, cap=1.50, anchor=rolling_high, add=5%/20%, sell=rebound_from_low 5%, max_days=10, trend_sma=none, trend_exp=none, dd_guard=none, dd_exp=none",0.67,1.5,rolling_high,5.0,20.0,rebound_from_low,5.0,10,none,none,none,none,2010-06-25 to 2019-12-31,8990.45,-63.11,1.063,2020-01-02 to 2026-05-20,15554.79,-82.82,1.322,1482174.82,-82.82,1.174,0.975,43.65,1014,123,0
"unit=0.67, cap=1.50, anchor=rolling_high, add=5%/20%, sell=rebound_from_low 5%, max_days=10, trend_sma=75, trend_exp=0.2, dd_guard=none, dd_exp=none",0.67,1.5,rolling_high,5.0,20.0,rebound_from_low,5.0,10,75,0.2,none,none,2010-06-25 to 2019-12-31,2203.04,-60.37,0.949,2020-01-02 to 2026-05-20,6304.37,-55.01,1.329,153529.23,-60.37,1.121,0.728,26.82,1014,123,0
"unit=0.67, cap=1.50, anchor=rolling_high, add=5%/20%, sell=rebound_from_low 5%, max_days=10, trend_sma=75, trend_exp=0.25, dd_guard=none, dd_exp=none",0.67,1.5,rolling_high,5.0,20.0,rebound_from_low,5.0,10,75,0.25,none,none,2010-06-25 to 2019-12-31,2462.22,-59.45,0.969,2020-01-02 to 2026-05-20,6900.6,-54.65,1.344,186730.24,-59.45,1.138,0.741,26.82,1014,123,0
"unit=0.67, cap=1.50, anchor=rolling_high, add=5%/20%, sell=rebound_from_low 5%, max_days=10, trend_sma=100, trend_exp=0.2, dd_guard=none, dd_exp=none",0.67,1.5,rolling_high,5.0,20.0,rebound_from_low,5.0,10,100,0.2,none,none,2010-06-25 to 2019-12-31,2246.33,-59.55,0.927,2020-01-02 to 2026-05-20,12234.64,-58.79,1.439,301347.25,-61.73,1.162,0.755,29.07,1014,123,0
"unit=0.67, cap=1.50, anchor=rolling_high, add=5%/20%, sell=rebound_from_low 5%, max_days=10, trend_sma=75, trend_exp=0.2, dd_guard=0.35, dd_exp=0.25",0.67,1.5,rolling_high,5.0,20.0,rebound_from_low,5.0,10,75,0.2,35.0,0.25,2010-06-25 to 2019-12-31,419.25,-45.01,0.686,2020-01-02 to 2026-05-20,1869.93,-46.21,1.111,10554.24,-46.21,0.886,0.516,13.83,1014,123,0
"unit=0.67, cap=1.50, anchor=rolling_high, add=5%/20%, sell=rebound_from_low 5%, max_days=15, trend_sma=none, trend_exp=none, dd_guard=none, dd_exp=none",0.67,1.5,rolling_high,5.0,20.0,rebound_from_low,5.0,15,none,none,none,none,2010-06-25 to 2019-12-31,8120.94,-63.11,1.049,2020-01-02 to 2026-05-20,15842.63,-82.82,1.325,1365040.27,-82.82,1.167,0.977,43.77,996,123,0
"unit=0.67, cap=1.50, anchor=rolling_high, add=5%/20%, sell=rebound_from_low 5%, max_days=15, trend_sma=75, trend_exp=0.2, dd_guard=none, dd_exp=none",0.67,1.5,rolling_high,5.0,20.0,rebound_from_low,5.0,15,75,0.2,none,none,2010-06-25 to 2019-12-31,1990.28,-60.37,0.927,2020-01-02 to 2026-05-20,6287.25,-55.01,1.328,138964.17,-60.37,1.11,0.728,26.8,996,123,0
"unit=0.67, cap=1.50, anchor=rolling_high, add=5%/20%, sell=rebound_from_low 5%, max_days=15, trend_sma=75, trend_exp=0.25, dd_guard=none, dd_exp=none",0.67,1.5,rolling_high,5.0,20.0,rebound_from_low,5.0,15,75,0.25,none,none,2010-06-25 to 2019-12-31,2225.52,-59.45,0.948,2020-01-02 to 2026-05-20,6881.89,-54.65,1.343,169017.51,-59.45,1.127,0.741,26.8,996,123,0
"unit=0.67, cap=1.50, anchor=rolling_high, add=5%/20%, sell=rebound_from_low 5%, max_days=15, trend_sma=100, trend_exp=0.2, dd_guard=none, dd_exp=none",0.67,1.5,rolling_high,5.0,20.0,rebound_from_low,5.0,15,100,0.2,none,none,2010-06-25 to 2019-12-31,2040.42,-59.55,0.908,2020-01-02 to 2026-05-20,12821.12,-58.79,1.449,287968.71,-61.73,1.158,0.756,29.15,996,123,0
"unit=0.67, cap=1.50, anchor=rolling_high, add=5%/20%, sell=rebound_from_low 5%, max_days=15, trend_sma=75, trend_exp=0.2, dd_guard=0.35, dd_exp=0.25",0.67,1.5,rolling_high,5.0,20.0,rebound_from_low,5.0,15,75,0.2,35.0,0.25,2010-06-25 to 2019-12-31,277.98,-45.01,0.591,2020-01-02 to 2026-05-20,1869.93,-46.21,1.111,7655.58,-46.21,0.844,0.511,13.48,996,123,0
"unit=0.67, cap=1.50, anchor=rolling_high, add=8%/20%, sell=extra_profit 12%, max_days=10, trend_sma=none, trend_exp=none, dd_guard=none, dd_exp=none",0.67,1.5,rolling_high,8.0,20.0,extra_profit,12.0,10,none,none,none,none,2010-06-25 to 2019-12-31,4264.71,-65.23,0.946,2020-01-02 to 2026-05-20,7129.58,-84.28,1.185,328573.33,-84.28,1.047,0.97,41.88,591,123,0
"unit=0.67, cap=1.50, anchor=rolling_high, add=8%/20%, sell=extra_profit 12%, max_days=10, trend_sma=75, trend_exp=0.2, dd_guard=none, dd_exp=none",0.67,1.5,rolling_high,8.0,20.0,extra_profit,12.0,10,75,0.2,none,none,2010-06-25 to 2019-12-31,1119.62,-58.46,0.813,2020-01-02 to 2026-05-20,1659.9,-68.23,1.003,22256.75,-68.23,0.893,0.718,24.93,591,123,0
"unit=0.67, cap=1.50, anchor=rolling_high, add=8%/20%, sell=extra_profit 12%, max_days=10, trend_sma=75, trend_exp=0.25, dd_guard=none, dd_exp=none",0.67,1.5,rolling_high,8.0,20.0,extra_profit,12.0,10,75,0.25,none,none,2010-06-25 to 2019-12-31,1256.88,-57.5,0.835,2020-01-02 to 2026-05-20,1823.74,-68.42,1.02,27088.29,-68.42,0.912,0.731,24.93,591,123,0
"unit=0.67, cap=1.50, anchor=rolling_high, add=8%/20%, sell=extra_profit 12%, max_days=10, trend_sma=100, trend_exp=0.2, dd_guard=none, dd_exp=none",0.67,1.5,rolling_high,8.0,20.0,extra_profit,12.0,10,100,0.2,none,none,2010-06-25 to 2019-12-31,1051.46,-60.27,0.779,2020-01-02 to 2026-05-20,3442.57,-62.21,1.134,42387.65,-62.21,0.941,0.746,27.3,591,123,0
"unit=0.67, cap=1.50, anchor=rolling_high, add=8%/20%, sell=extra_profit 12%, max_days=10, trend_sma=75, trend_exp=0.2, dd_guard=0.35, dd_exp=0.25",0.67,1.5,rolling_high,8.0,20.0,extra_profit,12.0,10,75,0.2,35.0,0.25,2010-06-25 to 2019-12-31,584.54,-47.32,0.741,2020-01-02 to 2026-05-20,999.31,-50.89,0.957,7738.18,-50.89,0.837,0.521,13.5,591,123,0
"unit=0.67, cap=1.50, anchor=rolling_high, add=8%/20%, sell=extra_profit 12%, max_days=15, trend_sma=none, trend_exp=none, dd_guard=none, dd_exp=none",0.67,1.5,rolling_high,8.0,20.0,extra_profit,12.0,15,none,none,none,none,2010-06-25 to 2019-12-31,3840.23,-66.19,0.925,2020-01-02 to 2026-05-20,3892.68,-85.56,1.086,163763.29,-85.56,0.987,0.988,44.2,520,123,0
"unit=0.67, cap=1.50, anchor=rolling_high, add=8%/20%, sell=extra_profit 12%, max_days=15, trend_sma=75, trend_exp=0.2, dd_guard=none, dd_exp=none",0.67,1.5,rolling_high,8.0,20.0,extra_profit,12.0,15,75,0.2,none,none,2010-06-25 to 2019-12-31,789.89,-60.22,0.733,2020-01-02 to 2026-05-20,1394.77,-66.53,0.962,13755.06,-66.53,0.834,0.732,26.75,520,123,0
"unit=0.67, cap=1.50, anchor=rolling_high, add=8%/20%, sell=extra_profit 12%, max_days=15, trend_sma=75, trend_exp=0.25, dd_guard=none, dd_exp=none",0.67,1.5,rolling_high,8.0,20.0,extra_profit,12.0,15,75,0.25,none,none,2010-06-25 to 2019-12-31,890.04,-59.3,0.755,2020-01-02 to 2026-05-20,1533.93,-66.72,0.979,16749.3,-66.72,0.854,0.745,26.75,520,123,0
"unit=0.67, cap=1.50, anchor=rolling_high, add=8%/20%, sell=extra_profit 12%, max_days=15, trend_sma=100, trend_exp=0.2, dd_guard=none, dd_exp=none",0.67,1.5,rolling_high,8.0,20.0,extra_profit,12.0,15,100,0.2,none,none,2010-06-25 to 2019-12-31,724.95,-60.54,0.701,2020-01-02 to 2026-05-20,2494.64,-63.18,1.062,22194.71,-63.18,0.868,0.761,29.25,520,123,0
"unit=0.67, cap=1.50, anchor=rolling_high, add=8%/20%, sell=extra_profit 12%, max_days=15, trend_sma=75, trend_exp=0.2, dd_guard=0.35, dd_exp=0.25",0.67,1.5,rolling_high,8.0,20.0,extra_profit,12.0,15,75,0.2,35.0,0.25,2010-06-25 to 2019-12-31,143.69,-47.32,0.455,2020-01-02 to 2026-05-20,1183.57,-48.34,0.992,3158.02,-48.34,0.722,0.488,12.03,520,123,0
"unit=0.67, cap=1.50, anchor=rolling_high, add=8%/20%, sell=extra_profit 18%, max_days=10, trend_sma=none, trend_exp=none, dd_guard=none, dd_exp=none",0.67,1.5,rolling_high,8.0,20.0,extra_profit,18.0,10,none,none,none,none,2010-06-25 to 2019-12-31,3448.81,-65.33,0.909,2020-01-02 to 2026-05-20,8745.58,-86.38,1.216,326868.2,-86.38,1.044,0.982,43.58,558,123,0
"unit=0.67, cap=1.50, anchor=rolling_high, add=8%/20%, sell=extra_profit 18%, max_days=10, trend_sma=75, trend_exp=0.2, dd_guard=none, dd_exp=none",0.67,1.5,rolling_high,8.0,20.0,extra_profit,18.0,10,75,0.2,none,none,2010-06-25 to 2019-12-31,1275.75,-58.46,0.834,2020-01-02 to 2026-05-20,2523.83,-64.23,1.086,37498.62,-64.23,0.945,0.728,26.3,558,123,0
"unit=0.67, cap=1.50, anchor=rolling_high, add=8%/20%, sell=extra_profit 18%, max_days=10, trend_sma=75, trend_exp=0.25, dd_guard=none, dd_exp=none",0.67,1.5,rolling_high,8.0,20.0,extra_profit,18.0,10,75,0.25,none,none,2010-06-25 to 2019-12-31,1430.57,-57.5,0.856,2020-01-02 to 2026-05-20,2768.1,-64.01,1.103,45624.11,-64.01,0.963,0.741,26.3,558,123,0
"unit=0.67, cap=1.50, anchor=rolling_high, add=8%/20%, sell=extra_profit 18%, max_days=10, trend_sma=100, trend_exp=0.2, dd_guard=none, dd_exp=none",0.67,1.5,rolling_high,8.0,20.0,extra_profit,18.0,10,100,0.2,none,none,2010-06-25 to 2019-12-31,1047.46,-60.27,0.774,2020-01-02 to 2026-05-20,4331.04,-62.21,1.179,52859.12,-62.21,0.961,0.755,28.5,558,123,0
"unit=0.67, cap=1.50, anchor=rolling_high, add=8%/20%, sell=extra_profit 18%, max_days=10, trend_sma=75, trend_exp=0.2, dd_guard=0.35, dd_exp=0.25",0.67,1.5,rolling_high,8.0,20.0,extra_profit,18.0,10,75,0.2,35.0,0.25,2010-06-25 to 2019-12-31,450.48,-47.32,0.677,2020-01-02 to 2026-05-20,720.3,-50.89,0.88,4603.39,-50.89,0.769,0.525,14.15,558,123,0
"unit=0.67, cap=1.50, anchor=rolling_high, add=8%/20%, sell=extra_profit 18%, max_days=15, trend_sma=none, trend_exp=none, dd_guard=none, dd_exp=none",0.67,1.5,rolling_high,8.0,20.0,extra_profit,18.0,15,none,none,none,none,2010-06-25 to 2019-12-31,4845.87,-68.71,0.956,2020-01-02 to 2026-05-20,4362.93,-85.92,1.102,229810.63,-85.92,1.011,1.016,48.23,485,123,0
"unit=0.67, cap=1.50, anchor=rolling_high, add=8%/20%, sell=extra_profit 18%, max_days=15, trend_sma=75, trend_exp=0.2, dd_guard=none, dd_exp=none",0.67,1.5,rolling_high,8.0,20.0,extra_profit,18.0,15,75,0.2,none,none,2010-06-25 to 2019-12-31,1357.03,-60.22,0.835,2020-01-02 to 2026-05-20,1604.58,-64.95,0.984,25769.05,-64.95,0.895,0.753,29.93,485,123,0
"unit=0.67, cap=1.50, anchor=rolling_high, add=8%/20%, sell=extra_profit 18%, max_days=15, trend_sma=75, trend_exp=0.25, dd_guard=none, dd_exp=none",0.67,1.5,rolling_high,8.0,20.0,extra_profit,18.0,15,75,0.25,none,none,2010-06-25 to 2019-12-31,1520.99,-59.3,0.856,2020-01-02 to 2026-05-20,1763.27,-64.67,1.002,31359.64,-64.67,0.914,0.767,29.93,485,123,0
"unit=0.67, cap=1.50, anchor=rolling_high, add=8%/20%, sell=extra_profit 18%, max_days=15, trend_sma=100, trend_exp=0.2, dd_guard=none, dd_exp=none",0.67,1.5,rolling_high,8.0,20.0,extra_profit,18.0,15,100,0.2,none,none,2010-06-25 to 2019-12-31,1181.0,-60.78,0.788,2020-01-02 to 2026-05-20,2679.5,-62.21,1.071,36986.21,-62.21,0.915,0.782,32.32,485,123,0
"unit=0.67, cap=1.50, anchor=rolling_high, add=8%/20%, sell=extra_profit 18%, max_days=15, trend_sma=75, trend_exp=0.2, dd_guard=0.35, dd_exp=0.25",0.67,1.5,rolling_high,8.0,20.0,extra_profit,18.0,15,75,0.2,35.0,0.25,2010-06-25 to 2019-12-31,239.23,-47.32,0.558,2020-01-02 to 2026-05-20,697.76,-49.67,0.864,2718.75,-49.67,0.702,0.494,13.43,485,123,0
"unit=0.67, cap=1.50, anchor=rolling_high, add=8%/20%, sell=rebound_from_low 5%, max_days=10, trend_sma=none, trend_exp=none, dd_guard=none, dd_exp=none",0.67,1.5,rolling_high,8.0,20.0,rebound_from_low,5.0,10,none,none,none,none,2010-06-25 to 2019-12-31,2404.38,-64.55,0.867,2020-01-02 to 2026-05-20,10464.54,-80.03,1.271,275479.9,-80.03,1.051,0.903,32.88,823,123,0
"unit=0.67, cap=1.50, anchor=rolling_high, add=8%/20%, sell=rebound_from_low 5%, max_days=10, trend_sma=75, trend_exp=0.2, dd_guard=none, dd_exp=none",0.67,1.5,rolling_high,8.0,20.0,rebound_from_low,5.0,10,75,0.2,none,none,2010-06-25 to 2019-12-31,1029.34,-55.54,0.821,2020-01-02 to 2026-05-20,2675.97,-55.01,1.154,32554.04,-55.54,0.973,0.668,17.77,823,123,0
"unit=0.67, cap=1.50, anchor=rolling_high, add=8%/20%, sell=rebound_from_low 5%, max_days=10, trend_sma=75, trend_exp=0.25, dd_guard=none, dd_exp=none",0.67,1.5,rolling_high,8.0,20.0,rebound_from_low,5.0,10,75,0.25,none,none,2010-06-25 to 2019-12-31,1156.44,-54.52,0.844,2020-01-02 to 2026-05-20,2934.41,-54.65,1.17,39610.94,-54.65,0.992,0.681,17.77,823,123,0
"unit=0.67, cap=1.50, anchor=rolling_high, add=8%/20%, sell=rebound_from_low 5%, max_days=10, trend_sma=100, trend_exp=0.2, dd_guard=none, dd_exp=none",0.67,1.5,rolling_high,8.0,20.0,rebound_from_low,5.0,10,100,0.2,none,none,2010-06-25 to 2019-12-31,954.06,-54.63,0.78,2020-01-02 to 2026-05-20,5678.51,-58.79,1.294,63342.23,-58.79,1.021,0.694,19.95,823,123,0
"unit=0.67, cap=1.50, anchor=rolling_high, add=8%/20%, sell=rebound_from_low 5%, max_days=10, trend_sma=75, trend_exp=0.2, dd_guard=0.35, dd_exp=0.25",0.67,1.5,rolling_high,8.0,20.0,rebound_from_low,5.0,10,75,0.2,35.0,0.25,2010-06-25 to 2019-12-31,519.49,-44.89,0.731,2020-01-02 to 2026-05-20,1042.76,-47.36,0.978,7273.64,-47.36,0.842,0.517,10.47,823,123,0
"unit=0.67, cap=1.50, anchor=rolling_high, add=8%/20%, sell=rebound_from_low 5%, max_days=15, trend_sma=none, trend_exp=none, dd_guard=none, dd_exp=none",0.67,1.5,rolling_high,8.0,20.0,rebound_from_low,5.0,15,none,none,none,none,2010-06-25 to 2019-12-31,2689.36,-64.55,0.885,2020-01-02 to 2026-05-20,10652.08,-80.03,1.274,312286.48,-80.03,1.061,0.905,33.02,812,123,0
"unit=0.67, cap=1.50, anchor=rolling_high, add=8%/20%, sell=rebound_from_low 5%, max_days=15, trend_sma=75, trend_exp=0.2, dd_guard=none, dd_exp=none",0.67,1.5,rolling_high,8.0,20.0,rebound_from_low,5.0,15,75,0.2,none,none,2010-06-25 to 2019-12-31,1070.15,-55.54,0.83,2020-01-02 to 2026-05-20,2668.55,-55.01,1.153,33643.62,-55.54,0.977,0.668,17.77,812,123,0
"unit=0.67, cap=1.50, anchor=rolling_high, add=8%/20%, sell=rebound_from_low 5%, max_days=15, trend_sma=75, trend_exp=0.25, dd_guard=none, dd_exp=none",0.67,1.5,rolling_high,8.0,20.0,rebound_from_low,5.0,15,75,0.25,none,none,2010-06-25 to 2019-12-31,1201.84,-54.52,0.853,2020-01-02 to 2026-05-20,2926.3,-54.65,1.17,40936.0,-54.65,0.996,0.681,17.77,812,123,0
"unit=0.67, cap=1.50, anchor=rolling_high, add=8%/20%, sell=rebound_from_low 5%, max_days=15, trend_sma=100, trend_exp=0.2, dd_guard=none, dd_exp=none",0.67,1.5,rolling_high,8.0,20.0,rebound_from_low,5.0,15,100,0.2,none,none,2010-06-25 to 2019-12-31,988.32,-54.63,0.789,2020-01-02 to 2026-05-20,5949.49,-58.79,1.305,68475.9,-58.79,1.03,0.695,20.05,812,123,0
"unit=0.67, cap=1.50, anchor=rolling_high, add=8%/20%, sell=rebound_from_low 5%, max_days=15, trend_sma=75, trend_exp=0.2, dd_guard=0.35, dd_exp=0.25",0.67,1.5,rolling_high,8.0,20.0,rebound_from_low,5.0,15,75,0.2,35.0,0.25,2010-06-25 to 2019-12-31,539.73,-44.89,0.742,2020-01-02 to 2026-05-20,1042.76,-47.36,0.978,7514.63,-47.36,0.847,0.517,10.47,812,123,0
"unit=0.67, cap=2.00, anchor=rolling_high, add=5%/15%, sell=extra_profit 12%, max_days=10, trend_sma=none, trend_exp=none, dd_guard=none, dd_exp=none",0.67,2.0,rolling_high,5.0,15.0,extra_profit,12.0,10,none,none,none,none,2010-06-25 to 2019-12-31,6034.58,-78.09,0.953,2020-01-02 to 2026-05-20,5469.14,-93.9,1.131,355751.55,-93.9,1.024,1.158,56.0,729,123,0
"unit=0.67, cap=2.00, anchor=rolling_high, add=5%/15%, sell=extra_profit 12%, max_days=10, trend_sma=75, trend_exp=0.2, dd_guard=none, dd_exp=none",0.67,2.0,rolling_high,5.0,15.0,extra_profit,12.0,10,75,0.2,none,none,2010-06-25 to 2019-12-31,1916.82,-65.71,0.869,2020-01-02 to 2026-05-20,1854.3,-75.93,0.989,40953.77,-75.93,0.912,0.832,37.5,729,123,0
"unit=0.67, cap=2.00, anchor=rolling_high, add=5%/15%, sell=extra_profit 12%, max_days=10, trend_sma=75, trend_exp=0.25, dd_guard=none, dd_exp=none",0.67,2.0,rolling_high,5.0,15.0,extra_profit,12.0,10,75,0.25,none,none,2010-06-25 to 2019-12-31,2143.78,-64.91,0.888,2020-01-02 to 2026-05-20,2036.24,-76.07,1.005,49825.95,-76.07,0.929,0.845,37.5,729,123,0
"unit=0.67, cap=2.00, anchor=rolling_high, add=5%/15%, sell=extra_profit 12%, max_days=10, trend_sma=100, trend_exp=0.2, dd_guard=none, dd_exp=none",0.67,2.0,rolling_high,5.0,15.0,extra_profit,12.0,10,100,0.2,none,none,2010-06-25 to 2019-12-31,1724.51,-72.37,0.828,2020-01-02 to 2026-05-20,3916.83,-69.92,1.106,76235.56,-78.09,0.95,0.869,39.83,729,123,0
"unit=0.67, cap=2.00, anchor=rolling_high, add=5%/15%, sell=extra_profit 12%, max_days=10, trend_sma=75, trend_exp=0.2, dd_guard=0.35, dd_exp=0.25",0.67,2.0,rolling_high,5.0,15.0,extra_profit,12.0,10,75,0.2,35.0,0.25,2010-06-25 to 2019-12-31,550.74,-46.3,0.737,2020-01-02 to 2026-05-20,659.06,-53.18,0.828,5044.92,-53.18,0.761,0.518,16.7,729,123,0
"unit=0.67, cap=2.00, anchor=rolling_high, add=5%/15%, sell=extra_profit 12%, max_days=15, trend_sma=none, trend_exp=none, dd_guard=none, dd_exp=none",0.67,2.0,rolling_high,5.0,15.0,extra_profit,12.0,15,none,none,none,none,2010-06-25 to 2019-12-31,6349.79,-80.42,0.958,2020-01-02 to 2026-05-20,3370.24,-94.62,1.075,233031.84,-94.62,0.997,1.183,57.98,645,123,0
"unit=0.67, cap=2.00, anchor=rolling_high, add=5%/15%, sell=extra_profit 12%, max_days=15, trend_sma=75, trend_exp=0.2, dd_guard=none, dd_exp=none",0.67,2.0,rolling_high,5.0,15.0,extra_profit,12.0,15,75,0.2,none,none,2010-06-25 to 2019-12-31,1677.28,-70.12,0.837,2020-01-02 to 2026-05-20,1909.39,-72.81,0.989,37097.8,-72.81,0.896,0.853,39.23,645,123,0
"unit=0.67, cap=2.00, anchor=rolling_high, add=5%/15%, sell=extra_profit 12%, max_days=15, trend_sma=75, trend_exp=0.25, dd_guard=none, dd_exp=none",0.67,2.0,rolling_high,5.0,15.0,extra_profit,12.0,15,75,0.25,none,none,2010-06-25 to 2019-12-31,1877.29,-69.51,0.856,2020-01-02 to 2026-05-20,2096.46,-73.72,1.005,45136.66,-73.72,0.913,0.866,39.23,645,123,0
"unit=0.67, cap=2.00, anchor=rolling_high, add=5%/15%, sell=extra_profit 12%, max_days=15, trend_sma=100, trend_exp=0.2, dd_guard=none, dd_exp=none",0.67,2.0,rolling_high,5.0,15.0,extra_profit,12.0,15,100,0.2,none,none,2010-06-25 to 2019-12-31,1302.29,-77.65,0.776,2020-01-02 to 2026-05-20,3867.16,-70.37,1.097,57844.58,-81.17,0.921,0.889,41.58,645,123,0
"unit=0.67, cap=2.00, anchor=rolling_high, add=5%/15%, sell=extra_profit 12%, max_days=15, trend_sma=75, trend_exp=0.2, dd_guard=0.35, dd_exp=0.25",0.67,2.0,rolling_high,5.0,15.0,extra_profit,12.0,15,75,0.2,35.0,0.25,2010-06-25 to 2019-12-31,368.23,-50.86,0.651,2020-01-02 to 2026-05-20,166.31,-53.72,0.557,1198.82,-53.72,0.591,0.457,13.18,645,123,0
"unit=0.67, cap=2.00, anchor=rolling_high, add=5%/15%, sell=extra_profit 18%, max_days=10, trend_sma=none, trend_exp=none, dd_guard=none, dd_exp=none",0.67,2.0,rolling_high,5.0,15.0,extra_profit,18.0,10,none,none,none,none,2010-06-25 to 2019-12-31,3175.58,-79.74,0.869,2020-01-02 to 2026-05-20,4373.02,-94.08,1.104,152510.71,-94.08,0.97,1.184,59.33,696,123,0
"unit=0.67, cap=2.00, anchor=rolling_high, add=5%/15%, sell=extra_profit 18%, max_days=10, trend_sma=75, trend_exp=0.2, dd_guard=none, dd_exp=none",0.67,2.0,rolling_high,5.0,15.0,extra_profit,18.0,10,75,0.2,none,none,2010-06-25 to 2019-12-31,2089.78,-65.71,0.877,2020-01-02 to 2026-05-20,1938.32,-72.19,0.993,46390.93,-72.19,0.919,0.855,40.27,696,123,0
"unit=0.67, cap=2.00, anchor=rolling_high, add=5%/15%, sell=extra_profit 18%, max_days=10, trend_sma=75, trend_exp=0.25, dd_guard=none, dd_exp=none",0.67,2.0,rolling_high,5.0,15.0,extra_profit,18.0,10,75,0.25,none,none,2010-06-25 to 2019-12-31,2336.21,-64.91,0.896,2020-01-02 to 2026-05-20,2128.08,-71.96,1.009,56438.15,-71.96,0.936,0.868,40.27,696,123,0
"unit=0.67, cap=2.00, anchor=rolling_high, add=5%/15%, sell=extra_profit 18%, max_days=10, trend_sma=100, trend_exp=0.2, dd_guard=none, dd_exp=none",0.67,2.0,rolling_high,5.0,15.0,extra_profit,18.0,10,100,0.2,none,none,2010-06-25 to 2019-12-31,1534.83,-72.74,0.803,2020-01-02 to 2026-05-20,3157.93,-69.7,1.068,55376.5,-76.24,0.92,0.89,42.48,696,123,0
"unit=0.67, cap=2.00, anchor=rolling_high, add=5%/15%, sell=extra_profit 18%, max_days=10, trend_sma=75, trend_exp=0.2, dd_guard=0.35, dd_exp=0.25",0.67,2.0,rolling_high,5.0,15.0,extra_profit,18.0,10,75,0.2,35.0,0.25,2010-06-25 to 2019-12-31,503.99,-45.95,0.713,2020-01-02 to 2026-05-20,838.2,-55.07,0.898,5802.35,-55.07,0.791,0.499,15.9,696,123,0
"unit=0.67, cap=2.00, anchor=rolling_high, add=5%/15%, sell=extra_profit 18%, max_days=15, trend_sma=none, trend_exp=none, dd_guard=none, dd_exp=none",0.67,2.0,rolling_high,5.0,15.0,extra_profit,18.0,15,none,none,none,none,2010-06-25 to 2019-12-31,5682.79,-82.67,0.941,2020-01-02 to 2026-05-20,4274.74,-94.56,1.104,263402.88,-94.56,1.005,1.237,64.05,600,123,0
"unit=0.67, cap=2.00, anchor=rolling_high, add=5%/15%, sell=extra_profit 18%, max_days=15, trend_sma=75, trend_exp=0.2, dd_guard=none, dd_exp=none",0.67,2.0,rolling_high,5.0,15.0,extra_profit,18.0,15,75,0.2,none,none,2010-06-25 to 2019-12-31,1839.97,-69.19,0.845,2020-01-02 to 2026-05-20,1760.45,-73.07,0.971,37493.29,-73.07,0.891,0.898,44.42,600,123,0
"unit=0.67, cap=2.00, anchor=rolling_high, add=5%/15%, sell=extra_profit 18%, max_days=15, trend_sma=75, trend_exp=0.25, dd_guard=none, dd_exp=none",0.67,2.0,rolling_high,5.0,15.0,extra_profit,18.0,15,75,0.25,none,none,2010-06-25 to 2019-12-31,2058.29,-68.56,0.863,2020-01-02 to 2026-05-20,1933.66,-72.85,0.987,45617.62,-72.85,0.908,0.911,44.42,600,123,0
"unit=0.67, cap=2.00, anchor=rolling_high, add=5%/15%, sell=extra_profit 18%, max_days=15, trend_sma=100, trend_exp=0.2, dd_guard=none, dd_exp=none",0.67,2.0,rolling_high,5.0,15.0,extra_profit,18.0,15,100,0.2,none,none,2010-06-25 to 2019-12-31,1142.73,-78.04,0.751,2020-01-02 to 2026-05-20,4211.87,-71.11,1.107,55713.42,-79.81,0.914,0.934,46.52,600,123,0
"unit=0.67, cap=2.00, anchor=rolling_high, add=5%/15%, sell=extra_profit 18%, max_days=15, trend_sma=75, trend_exp=0.2, dd_guard=0.35, dd_exp=0.25",0.67,2.0,rolling_high,5.0,15.0,extra_profit,18.0,15,75,0.2,35.0,0.25,2010-06-25 to 2019-12-31,1046.69,-47.06,0.857,2020-01-02 to 2026-05-20,1228.48,-54.53,0.963,15767.08,-54.53,0.891,0.565,21.95,600,123,0
"unit=0.67, cap=2.00, anchor=rolling_high, add=5%/15%, sell=rebound_from_low 5%, max_days=10, trend_sma=none, trend_exp=none, dd_guard=none, dd_exp=none",0.67,2.0,rolling_high,5.0,15.0,rebound_from_low,5.0,10,none,none,none,none,2010-06-25 to 2019-12-31,7377.07,-69.85,0.991,2020-01-02 to 2026-05-20,17848.53,-87.17,1.308,1397736.46,-87.17,1.13,1.049,43.65,1065,123,0
"unit=0.67, cap=2.00, anchor=rolling_high, add=5%/15%, sell=rebound_from_low 5%, max_days=10, trend_sma=75, trend_exp=0.2, dd_guard=none, dd_exp=none",0.67,2.0,rolling_high,5.0,15.0,rebound_from_low,5.0,10,75,0.2,none,none,2010-06-25 to 2019-12-31,1934.04,-64.08,0.899,2020-01-02 to 2026-05-20,7364.66,-62.06,1.3,158048.41,-64.08,1.082,0.749,26.82,1065,123,0
"unit=0.67, cap=2.00, anchor=rolling_high, add=5%/15%, sell=rebound_from_low 5%, max_days=10, trend_sma=75, trend_exp=0.25, dd_guard=none, dd_exp=none",0.67,2.0,rolling_high,5.0,15.0,rebound_from_low,5.0,10,75,0.25,none,none,2010-06-25 to 2019-12-31,2162.94,-63.25,0.92,2020-01-02 to 2026-05-20,8059.6,-61.73,1.314,192226.06,-63.25,1.099,0.762,26.82,1065,123,0
"unit=0.67, cap=2.00, anchor=rolling_high, add=5%/15%, sell=rebound_from_low 5%, max_days=10, trend_sma=100, trend_exp=0.2, dd_guard=none, dd_exp=none",0.67,2.0,rolling_high,5.0,15.0,rebound_from_low,5.0,10,100,0.2,none,none,2010-06-25 to 2019-12-31,2120.63,-63.89,0.887,2020-01-02 to 2026-05-20,16902.32,-66.96,1.43,393160.43,-72.33,1.139,0.782,29.07,1065,123,0
"unit=0.67, cap=2.00, anchor=rolling_high, add=5%/15%, sell=rebound_from_low 5%, max_days=10, trend_sma=75, trend_exp=0.2, dd_guard=0.35, dd_exp=0.25",0.67,2.0,rolling_high,5.0,15.0,rebound_from_low,5.0,10,75,0.2,35.0,0.25,2010-06-25 to 2019-12-31,530.87,-45.23,0.735,2020-01-02 to 2026-05-20,2098.42,-50.8,1.092,14346.01,-50.8,0.896,0.512,13.43,1065,123,0
"unit=0.67, cap=2.00, anchor=rolling_high, add=5%/15%, sell=rebound_from_low 5%, max_days=15, trend_sma=none, trend_exp=none, dd_guard=none, dd_exp=none",0.67,2.0,rolling_high,5.0,15.0,rebound_from_low,5.0,15,none,none,none,none,2010-06-25 to 2019-12-31,6296.27,-69.85,0.971,2020-01-02 to 2026-05-20,18298.85,-87.17,1.311,1225682.71,-87.17,1.122,1.051,43.77,1043,123,0
"unit=0.67, cap=2.00, anchor=rolling_high, add=5%/15%, sell=rebound_from_low 5%, max_days=15, trend_sma=75, trend_exp=0.2, dd_guard=none, dd_exp=none",0.67,2.0,rolling_high,5.0,15.0,rebound_from_low,5.0,15,75,0.2,none,none,2010-06-25 to 2019-12-31,1756.69,-64.08,0.881,2020-01-02 to 2026-05-20,7364.66,-62.06,1.3,144259.15,-64.08,1.073,0.748,26.8,1043,123,0
"unit=0.67, cap=2.00, anchor=rolling_high, add=5%/15%, sell=rebound_from_low 5%, max_days=15, trend_sma=75, trend_exp=0.25, dd_guard=none, dd_exp=none",0.67,2.0,rolling_high,5.0,15.0,rebound_from_low,5.0,15,75,0.25,none,none,2010-06-25 to 2019-12-31,1965.63,-63.25,0.901,2020-01-02 to 2026-05-20,8059.6,-61.73,1.314,175456.78,-63.25,1.09,0.761,26.8,1043,123,0
"unit=0.67, cap=2.00, anchor=rolling_high, add=5%/15%, sell=rebound_from_low 5%, max_days=15, trend_sma=100, trend_exp=0.2, dd_guard=none, dd_exp=none",0.67,2.0,rolling_high,5.0,15.0,rebound_from_low,5.0,15,100,0.2,none,none,2010-06-25 to 2019-12-31,1859.94,-63.89,0.865,2020-01-02 to 2026-05-20,18405.86,-66.96,1.446,377687.03,-72.33,1.136,0.783,29.15,1043,123,0
"unit=0.67, cap=2.00, anchor=rolling_high, add=5%/15%, sell=rebound_from_low 5%, max_days=15, trend_sma=75, trend_exp=0.2, dd_guard=0.35, dd_exp=0.25",0.67,2.0,rolling_high,5.0,15.0,rebound_from_low,5.0,15,75,0.2,35.0,0.25,2010-06-25 to 2019-12-31,507.74,-45.23,0.723,2020-01-02 to 2026-05-20,2098.42,-50.8,1.092,13816.25,-50.8,0.891,0.513,13.45,1043,123,0
"unit=0.67, cap=2.00, anchor=rolling_high, add=5%/20%, sell=extra_profit 12%, max_days=10, trend_sma=none, trend_exp=none, dd_guard=none, dd_exp=none",0.67,2.0,rolling_high,5.0,20.0,extra_profit,12.0,10,none,none,none,none,2010-06-25 to 2019-12-31,10929.67,-74.07,1.043,2020-01-02 to 2026-05-20,4785.2,-93.6,1.115,561130.1,-93.6,1.058,1.122,56.03,701,123,0
"unit=0.67, cap=2.00, anchor=rolling_high, add=5%/20%, sell=extra_profit 12%, max_days=10, trend_sma=75, trend_exp=0.2, dd_guard=none, dd_exp=none",0.67,2.0,rolling_high,5.0,20.0,extra_profit,12.0,10,75,0.2,none,none,2010-06-25 to 2019-12-31,2261.97,-63.88,0.916,2020-01-02 to 2026-05-20,2027.31,-75.1,1.011,52236.02,-75.1,0.946,0.814,37.52,701,123,0
"unit=0.67, cap=2.00, anchor=rolling_high, add=5%/20%, sell=extra_profit 12%, max_days=10, trend_sma=75, trend_exp=0.25, dd_guard=none, dd_exp=none",0.67,2.0,rolling_high,5.0,20.0,extra_profit,12.0,10,75,0.25,none,none,2010-06-25 to 2019-12-31,2527.78,-63.04,0.936,2020-01-02 to 2026-05-20,2225.35,-75.25,1.027,63546.42,-75.25,0.963,0.827,37.52,701,123,0
"unit=0.67, cap=2.00, anchor=rolling_high, add=5%/20%, sell=extra_profit 12%, max_days=10, trend_sma=100, trend_exp=0.2, dd_guard=none, dd_exp=none",0.67,2.0,rolling_high,5.0,20.0,extra_profit,12.0,10,100,0.2,none,none,2010-06-25 to 2019-12-31,1853.28,-68.13,0.855,2020-01-02 to 2026-05-20,4102.49,-68.74,1.119,85400.29,-73.56,0.969,0.846,39.85,701,123,0
"unit=0.67, cap=2.00, anchor=rolling_high, add=5%/20%, sell=extra_profit 12%, max_days=10, trend_sma=75, trend_exp=0.2, dd_guard=0.35, dd_exp=0.25",0.67,2.0,rolling_high,5.0,20.0,extra_profit,12.0,10,75,0.2,35.0,0.25,2010-06-25 to 2019-12-31,577.77,-48.86,0.754,2020-01-02 to 2026-05-20,820.3,-53.18,0.904,6396.87,-53.18,0.814,0.505,16.23,701,123,0
"unit=0.67, cap=2.00, anchor=rolling_high, add=5%/20%, sell=extra_profit 12%, max_days=15, trend_sma=none, trend_exp=none, dd_guard=none, dd_exp=none",0.67,2.0,rolling_high,5.0,20.0,extra_profit,12.0,15,none,none,none,none,2010-06-25 to 2019-12-31,9868.5,-74.14,1.025,2020-01-02 to 2026-05-20,4095.43,-93.6,1.096,435514.48,-93.6,1.039,1.144,57.93,621,123,0
"unit=0.67, cap=2.00, anchor=rolling_high, add=5%/20%, sell=extra_profit 12%, max_days=15, trend_sma=75, trend_exp=0.2, dd_guard=none, dd_exp=none",0.67,2.0,rolling_high,5.0,20.0,extra_profit,12.0,15,75,0.2,none,none,2010-06-25 to 2019-12-31,1913.78,-64.17,0.876,2020-01-02 to 2026-05-20,3029.51,-73.68,1.082,65542.27,-73.68,0.962,0.83,39.12,621,123,0
"unit=0.67, cap=2.00, anchor=rolling_high, add=5%/20%, sell=extra_profit 12%, max_days=15, trend_sma=75, trend_exp=0.25, dd_guard=none, dd_exp=none",0.67,2.0,rolling_high,5.0,20.0,extra_profit,12.0,15,75,0.25,none,none,2010-06-25 to 2019-12-31,2140.4,-63.34,0.896,2020-01-02 to 2026-05-20,3320.86,-73.83,1.097,79728.31,-73.83,0.979,0.843,39.12,621,123,0
"unit=0.67, cap=2.00, anchor=rolling_high, add=5%/20%, sell=extra_profit 12%, max_days=15, trend_sma=100, trend_exp=0.2, dd_guard=none, dd_exp=none",0.67,2.0,rolling_high,5.0,20.0,extra_profit,12.0,15,100,0.2,none,none,2010-06-25 to 2019-12-31,1580.26,-70.66,0.822,2020-01-02 to 2026-05-20,6406.82,-68.06,1.192,113778.39,-76.0,0.99,0.862,41.48,621,123,0
"unit=0.67, cap=2.00, anchor=rolling_high, add=5%/20%, sell=extra_profit 12%, max_days=15, trend_sma=75, trend_exp=0.2, dd_guard=0.35, dd_exp=0.25",0.67,2.0,rolling_high,5.0,20.0,extra_profit,12.0,15,75,0.2,35.0,0.25,2010-06-25 to 2019-12-31,544.61,-46.52,0.738,2020-01-02 to 2026-05-20,1387.93,-51.14,1.016,9890.23,-51.14,0.861,0.514,16.83,621,123,0
"unit=0.67, cap=2.00, anchor=rolling_high, add=5%/20%, sell=extra_profit 18%, max_days=10, trend_sma=none, trend_exp=none, dd_guard=none, dd_exp=none",0.67,2.0,rolling_high,5.0,20.0,extra_profit,18.0,10,none,none,none,none,2010-06-25 to 2019-12-31,6209.02,-75.66,0.962,2020-01-02 to 2026-05-20,5003.49,-93.79,1.12,335270.39,-93.79,1.022,1.151,59.38,668,123,0
"unit=0.67, cap=2.00, anchor=rolling_high, add=5%/20%, sell=extra_profit 18%, max_days=10, trend_sma=75, trend_exp=0.2, dd_guard=none, dd_exp=none",0.67,2.0,rolling_high,5.0,20.0,extra_profit,18.0,10,75,0.2,none,none,2010-06-25 to 2019-12-31,2635.0,-63.88,0.938,2020-01-02 to 2026-05-20,2413.91,-72.19,1.04,71514.95,-72.19,0.971,0.836,40.27,668,123,0
"unit=0.67, cap=2.00, anchor=rolling_high, add=5%/20%, sell=extra_profit 18%, max_days=10, trend_sma=75, trend_exp=0.25, dd_guard=none, dd_exp=none",0.67,2.0,rolling_high,5.0,20.0,extra_profit,18.0,10,75,0.25,none,none,2010-06-25 to 2019-12-31,2942.79,-63.04,0.957,2020-01-02 to 2026-05-20,2647.95,-71.96,1.056,86991.74,-71.96,0.988,0.849,40.27,668,123,0
"unit=0.67, cap=2.00, anchor=rolling_high, add=5%/20%, sell=extra_profit 18%, max_days=10, trend_sma=100, trend_exp=0.2, dd_guard=none, dd_exp=none",0.67,2.0,rolling_high,5.0,20.0,extra_profit,18.0,10,100,0.2,none,none,2010-06-25 to 2019-12-31,1850.49,-68.55,0.849,2020-01-02 to 2026-05-20,3761.92,-68.74,1.103,78358.87,-71.33,0.958,0.868,42.48,668,123,0
"unit=0.67, cap=2.00, anchor=rolling_high, add=5%/20%, sell=extra_profit 18%, max_days=10, trend_sma=75, trend_exp=0.2, dd_guard=0.35, dd_exp=0.25",0.67,2.0,rolling_high,5.0,20.0,extra_profit,18.0,10,75,0.2,35.0,0.25,2010-06-25 to 2019-12-31,674.81,-48.86,0.786,2020-01-02 to 2026-05-20,884.97,-55.07,0.922,7849.02,-55.07,0.84,0.507,16.95,668,123,0
"unit=0.67, cap=2.00, anchor=rolling_high, add=5%/20%, sell=extra_profit 18%, max_days=15, trend_sma=none, trend_exp=none, dd_guard=none, dd_exp=none",0.67,2.0,rolling_high,5.0,20.0,extra_profit,18.0,15,none,none,none,none,2010-06-25 to 2019-12-31,8610.07,-76.78,1.002,2020-01-02 to 2026-05-20,5153.23,-93.16,1.125,476488.78,-93.16,1.044,1.19,64.05,574,123,0
"unit=0.67, cap=2.00, anchor=rolling_high, add=5%/20%, sell=extra_profit 18%, max_days=15, trend_sma=75, trend_exp=0.2, dd_guard=none, dd_exp=none",0.67,2.0,rolling_high,5.0,20.0,extra_profit,18.0,15,75,0.2,none,none,2010-06-25 to 2019-12-31,1870.9,-64.24,0.864,2020-01-02 to 2026-05-20,2483.22,-73.07,1.04,52929.99,-73.07,0.935,0.867,44.32,574,123,0
"unit=0.67, cap=2.00, anchor=rolling_high, add=5%/20%, sell=extra_profit 18%, max_days=15, trend_sma=75, trend_exp=0.25, dd_guard=none, dd_exp=none",0.67,2.0,rolling_high,5.0,20.0,extra_profit,18.0,15,75,0.25,none,none,2010-06-25 to 2019-12-31,2092.69,-63.41,0.883,2020-01-02 to 2026-05-20,2723.72,-72.85,1.055,64390.37,-72.85,0.952,0.88,44.32,574,123,0
"unit=0.67, cap=2.00, anchor=rolling_high, add=5%/20%, sell=extra_profit 18%, max_days=15, trend_sma=100, trend_exp=0.2, dd_guard=none, dd_exp=none",0.67,2.0,rolling_high,5.0,20.0,extra_profit,18.0,15,100,0.2,none,none,2010-06-25 to 2019-12-31,1364.36,-71.17,0.791,2020-01-02 to 2026-05-20,6175.38,-67.46,1.183,95615.89,-74.26,0.97,0.899,46.45,574,123,0
"unit=0.67, cap=2.00, anchor=rolling_high, add=5%/20%, sell=extra_profit 18%, max_days=15, trend_sma=75, trend_exp=0.2, dd_guard=0.35, dd_exp=0.25",0.67,2.0,rolling_high,5.0,20.0,extra_profit,18.0,15,75,0.2,35.0,0.25,2010-06-25 to 2019-12-31,879.93,-46.52,0.805,2020-01-02 to 2026-05-20,1202.56,-55.03,0.962,13195.05,-55.03,0.869,0.608,25.42,574,123,0
"unit=0.67, cap=2.00, anchor=rolling_high, add=5%/20%, sell=rebound_from_low 5%, max_days=10, trend_sma=none, trend_exp=none, dd_guard=none, dd_exp=none",0.67,2.0,rolling_high,5.0,20.0,rebound_from_low,5.0,10,none,none,none,none,2010-06-25 to 2019-12-31,9070.97,-68.51,1.033,2020-01-02 to 2026-05-20,15676.19,-86.64,1.296,1506899.85,-86.64,1.145,1.016,43.65,1014,123,0
"unit=0.67, cap=2.00, anchor=rolling_high, add=5%/20%, sell=rebound_from_low 5%, max_days=10, trend_sma=75, trend_exp=0.2, dd_guard=none, dd_exp=none",0.67,2.0,rolling_high,5.0,20.0,rebound_from_low,5.0,10,75,0.2,none,none,2010-06-25 to 2019-12-31,2152.83,-62.55,0.938,2020-01-02 to 2026-05-20,6131.81,-56.4,1.29,146130.82,-62.55,1.097,0.733,26.82,1014,123,0
"unit=0.67, cap=2.00, anchor=rolling_high, add=5%/20%, sell=rebound_from_low 5%, max_days=10, trend_sma=75, trend_exp=0.25, dd_guard=none, dd_exp=none",0.67,2.0,rolling_high,5.0,20.0,rebound_from_low,5.0,10,75,0.25,none,none,2010-06-25 to 2019-12-31,2406.36,-61.68,0.958,2020-01-02 to 2026-05-20,6711.98,-56.04,1.305,177732.95,-61.68,1.114,0.746,26.82,1014,123,0
"unit=0.67, cap=2.00, anchor=rolling_high, add=5%/20%, sell=rebound_from_low 5%, max_days=10, trend_sma=100, trend_exp=0.2, dd_guard=none, dd_exp=none",0.67,2.0,rolling_high,5.0,20.0,rebound_from_low,5.0,10,100,0.2,none,none,2010-06-25 to 2019-12-31,2039.77,-63.7,0.897,2020-01-02 to 2026-05-20,13905.86,-64.52,1.42,312056.1,-70.44,1.139,0.763,29.07,1014,123,0
"unit=0.67, cap=2.00, anchor=rolling_high, add=5%/20%, sell=rebound_from_low 5%, max_days=10, trend_sma=75, trend_exp=0.2, dd_guard=0.35, dd_exp=0.25",0.67,2.0,rolling_high,5.0,20.0,rebound_from_low,5.0,10,75,0.2,35.0,0.25,2010-06-25 to 2019-12-31,612.81,-43.15,0.756,2020-01-02 to 2026-05-20,2118.72,-48.42,1.115,16373.06,-48.42,0.921,0.536,14.75,1014,123,0
"unit=0.67, cap=2.00, anchor=rolling_high, add=5%/20%, sell=rebound_from_low 5%, max_days=15, trend_sma=none, trend_exp=none, dd_guard=none, dd_exp=none",0.67,2.0,rolling_high,5.0,20.0,rebound_from_low,5.0,15,none,none,none,none,2010-06-25 to 2019-12-31,7839.41,-68.51,1.013,2020-01-02 to 2026-05-20,16555.28,-86.64,1.303,1377223.9,-86.64,1.139,1.019,43.77,996,123,0
"unit=0.67, cap=2.00, anchor=rolling_high, add=5%/20%, sell=rebound_from_low 5%, max_days=15, trend_sma=75, trend_exp=0.2, dd_guard=none, dd_exp=none",0.67,2.0,rolling_high,5.0,20.0,rebound_from_low,5.0,15,75,0.2,none,none,2010-06-25 to 2019-12-31,1944.71,-62.55,0.917,2020-01-02 to 2026-05-20,6062.6,-56.4,1.288,131147.89,-62.55,1.085,0.733,26.8,996,123,0
"unit=0.67, cap=2.00, anchor=rolling_high, add=5%/20%, sell=rebound_from_low 5%, max_days=15, trend_sma=75, trend_exp=0.25, dd_guard=none, dd_exp=none",0.67,2.0,rolling_high,5.0,20.0,rebound_from_low,5.0,15,75,0.25,none,none,2010-06-25 to 2019-12-31,2174.82,-61.68,0.937,2020-01-02 to 2026-05-20,6636.32,-56.04,1.302,159512.04,-61.68,1.102,0.746,26.8,996,123,0
"unit=0.67, cap=2.00, anchor=rolling_high, add=5%/20%, sell=rebound_from_low 5%, max_days=15, trend_sma=100, trend_exp=0.2, dd_guard=none, dd_exp=none",0.67,2.0,rolling_high,5.0,20.0,rebound_from_low,5.0,15,100,0.2,none,none,2010-06-25 to 2019-12-31,1851.99,-63.7,0.879,2020-01-02 to 2026-05-20,15599.96,-64.52,1.442,319106.55,-70.44,1.141,0.765,29.15,996,123,0
"unit=0.67, cap=2.00, anchor=rolling_high, add=5%/20%, sell=rebound_from_low 5%, max_days=15, trend_sma=75, trend_exp=0.2, dd_guard=0.35, dd_exp=0.25",0.67,2.0,rolling_high,5.0,20.0,rebound_from_low,5.0,15,75,0.2,35.0,0.25,2010-06-25 to 2019-12-31,418.88,-43.15,0.668,2020-01-02 to 2026-05-20,2118.72,-48.42,1.115,11891.29,-48.42,0.88,0.531,14.4,996,123,0
"unit=0.67, cap=2.00, anchor=rolling_high, add=8%/20%, sell=extra_profit 12%, max_days=10, trend_sma=none, trend_exp=none, dd_guard=none, dd_exp=none",0.67,2.0,rolling_high,8.0,20.0,extra_profit,12.0,10,none,none,none,none,2010-06-25 to 2019-12-31,3387.43,-76.92,0.885,2020-01-02 to 2026-05-20,5709.01,-90.88,1.139,210909.96,-90.88,0.994,1.032,41.88,591,123,0
"unit=0.67, cap=2.00, anchor=rolling_high, add=8%/20%, sell=extra_profit 12%, max_days=10, trend_sma=75, trend_exp=0.2, dd_guard=none, dd_exp=none",0.67,2.0,rolling_high,8.0,20.0,extra_profit,12.0,10,75,0.2,none,none,2010-06-25 to 2019-12-31,916.87,-63.02,0.762,2020-01-02 to 2026-05-20,1460.14,-71.66,0.957,16424.42,-71.66,0.843,0.732,24.93,591,123,0
"unit=0.67, cap=2.00, anchor=rolling_high, add=8%/20%, sell=extra_profit 12%, max_days=10, trend_sma=75, trend_exp=0.25, dd_guard=none, dd_exp=none",0.67,2.0,rolling_high,8.0,20.0,extra_profit,12.0,10,75,0.25,none,none,2010-06-25 to 2019-12-31,1031.31,-62.17,0.784,2020-01-02 to 2026-05-20,1605.38,-71.82,0.974,19995.54,-71.82,0.862,0.745,24.93,591,123,0
"unit=0.67, cap=2.00, anchor=rolling_high, add=8%/20%, sell=extra_profit 12%, max_days=10, trend_sma=100, trend_exp=0.2, dd_guard=none, dd_exp=none",0.67,2.0,rolling_high,8.0,20.0,extra_profit,12.0,10,100,0.2,none,none,2010-06-25 to 2019-12-31,763.17,-67.05,0.707,2020-01-02 to 2026-05-20,3761.62,-67.46,1.113,34618.45,-72.37,0.896,0.764,27.3,591,123,0
"unit=0.67, cap=2.00, anchor=rolling_high, add=8%/20%, sell=extra_profit 12%, max_days=10, trend_sma=75, trend_exp=0.2, dd_guard=0.35, dd_exp=0.25",0.67,2.0,rolling_high,8.0,20.0,extra_profit,12.0,10,75,0.2,35.0,0.25,2010-06-25 to 2019-12-31,657.22,-49.17,0.762,2020-01-02 to 2026-05-20,506.38,-53.18,0.782,4682.59,-53.18,0.759,0.528,13.15,591,123,0
"unit=0.67, cap=2.00, anchor=rolling_high, add=8%/20%, sell=extra_profit 12%, max_days=15, trend_sma=none, trend_exp=none, dd_guard=none, dd_exp=none",0.67,2.0,rolling_high,8.0,20.0,extra_profit,12.0,15,none,none,none,none,2010-06-25 to 2019-12-31,3920.01,-80.63,0.902,2020-01-02 to 2026-05-20,2788.08,-91.2,1.04,120829.48,-91.2,0.952,1.058,44.2,520,123,0
"unit=0.67, cap=2.00, anchor=rolling_high, add=8%/20%, sell=extra_profit 12%, max_days=15, trend_sma=75, trend_exp=0.2, dd_guard=none, dd_exp=none",0.67,2.0,rolling_high,8.0,20.0,extra_profit,12.0,15,75,0.2,none,none,2010-06-25 to 2019-12-31,702.34,-66.09,0.702,2020-01-02 to 2026-05-20,1142.06,-70.78,0.904,10279.99,-70.78,0.788,0.749,26.75,520,123,0
"unit=0.67, cap=2.00, anchor=rolling_high, add=8%/20%, sell=extra_profit 12%, max_days=15, trend_sma=75, trend_exp=0.25, dd_guard=none, dd_exp=none",0.67,2.0,rolling_high,8.0,20.0,extra_profit,12.0,15,75,0.25,none,none,2010-06-25 to 2019-12-31,792.63,-65.31,0.723,2020-01-02 to 2026-05-20,1257.7,-70.96,0.921,12523.22,-70.96,0.807,0.762,26.75,520,123,0
"unit=0.67, cap=2.00, anchor=rolling_high, add=8%/20%, sell=extra_profit 12%, max_days=15, trend_sma=100, trend_exp=0.2, dd_guard=none, dd_exp=none",0.67,2.0,rolling_high,8.0,20.0,extra_profit,12.0,15,100,0.2,none,none,2010-06-25 to 2019-12-31,605.56,-67.86,0.662,2020-01-02 to 2026-05-20,2354.07,-67.82,1.021,17934.99,-73.42,0.828,0.784,29.25,520,123,0
"unit=0.67, cap=2.00, anchor=rolling_high, add=8%/20%, sell=extra_profit 12%, max_days=15, trend_sma=75, trend_exp=0.2, dd_guard=0.35, dd_exp=0.25",0.67,2.0,rolling_high,8.0,20.0,extra_profit,12.0,15,75,0.2,35.0,0.25,2010-06-25 to 2019-12-31,218.41,-49.17,0.538,2020-01-02 to 2026-05-20,1330.13,-48.64,0.988,4643.04,-49.17,0.757,0.5,11.8,520,123,0
"unit=0.67, cap=2.00, anchor=rolling_high, add=8%/20%, sell=extra_profit 18%, max_days=10, trend_sma=none, trend_exp=none, dd_guard=none, dd_exp=none",0.67,2.0,rolling_high,8.0,20.0,extra_profit,18.0,10,none,none,none,none,2010-06-25 to 2019-12-31,2641.11,-76.09,0.849,2020-01-02 to 2026-05-20,6419.12,-92.1,1.155,186028.01,-92.1,0.985,1.044,43.58,558,123,0
"unit=0.67, cap=2.00, anchor=rolling_high, add=8%/20%, sell=extra_profit 18%, max_days=10, trend_sma=75, trend_exp=0.2, dd_guard=none, dd_exp=none",0.67,2.0,rolling_high,8.0,20.0,extra_profit,18.0,10,75,0.2,none,none,2010-06-25 to 2019-12-31,1061.48,-63.02,0.787,2020-01-02 to 2026-05-20,2080.45,-72.19,1.022,26278.73,-72.19,0.888,0.742,26.3,558,123,0
"unit=0.67, cap=2.00, anchor=rolling_high, add=8%/20%, sell=extra_profit 18%, max_days=10, trend_sma=75, trend_exp=0.25, dd_guard=none, dd_exp=none",0.67,2.0,rolling_high,8.0,20.0,extra_profit,18.0,10,75,0.25,none,none,2010-06-25 to 2019-12-31,1192.19,-62.17,0.808,2020-01-02 to 2026-05-20,2283.44,-71.96,1.039,31979.47,-71.96,0.906,0.755,26.3,558,123,0
"unit=0.67, cap=2.00, anchor=rolling_high, add=8%/20%, sell=extra_profit 18%, max_days=10, trend_sma=100, trend_exp=0.2, dd_guard=none, dd_exp=none",0.67,2.0,rolling_high,8.0,20.0,extra_profit,18.0,10,100,0.2,none,none,2010-06-25 to 2019-12-31,748.73,-65.11,0.7,2020-01-02 to 2026-05-20,4189.84,-68.43,1.135,37823.15,-68.43,0.904,0.774,28.5,558,123,0
"unit=0.67, cap=2.00, anchor=rolling_high, add=8%/20%, sell=extra_profit 18%, max_days=10, trend_sma=75, trend_exp=0.2, dd_guard=0.35, dd_exp=0.25",0.67,2.0,rolling_high,8.0,20.0,extra_profit,18.0,10,75,0.2,35.0,0.25,2010-06-25 to 2019-12-31,147.31,-47.46,0.454,2020-01-02 to 2026-05-20,678.0,-55.07,0.842,1904.09,-55.07,0.644,0.505,13.1,558,123,0
"unit=0.67, cap=2.00, anchor=rolling_high, add=8%/20%, sell=extra_profit 18%, max_days=15, trend_sma=none, trend_exp=none, dd_guard=none, dd_exp=none",0.67,2.0,rolling_high,8.0,20.0,extra_profit,18.0,15,none,none,none,none,2010-06-25 to 2019-12-31,4993.32,-80.66,0.933,2020-01-02 to 2026-05-20,3622.27,-91.18,1.076,197371.48,-91.18,0.985,1.089,48.23,485,123,0
"unit=0.67, cap=2.00, anchor=rolling_high, add=8%/20%, sell=extra_profit 18%, max_days=15, trend_sma=75, trend_exp=0.2, dd_guard=none, dd_exp=none",0.67,2.0,rolling_high,8.0,20.0,extra_profit,18.0,15,75,0.2,none,none,2010-06-25 to 2019-12-31,1261.45,-66.09,0.808,2020-01-02 to 2026-05-20,1305.01,-73.07,0.925,19824.02,-73.07,0.849,0.772,29.93,485,123,0
"unit=0.67, cap=2.00, anchor=rolling_high, add=8%/20%, sell=extra_profit 18%, max_days=15, trend_sma=75, trend_exp=0.25, dd_guard=none, dd_exp=none",0.67,2.0,rolling_high,8.0,20.0,extra_profit,18.0,15,75,0.25,none,none,2010-06-25 to 2019-12-31,1414.66,-65.31,0.829,2020-01-02 to 2026-05-20,1435.82,-72.85,0.942,24129.83,-72.85,0.867,0.785,29.93,485,123,0
"unit=0.67, cap=2.00, anchor=rolling_high, add=8%/20%, sell=extra_profit 18%, max_days=15, trend_sma=100, trend_exp=0.2, dd_guard=none, dd_exp=none",0.67,2.0,rolling_high,8.0,20.0,extra_profit,18.0,15,100,0.2,none,none,2010-06-25 to 2019-12-31,1023.73,-65.46,0.75,2020-01-02 to 2026-05-20,2532.24,-67.46,1.03,30709.44,-68.82,0.874,0.807,32.32,485,123,0
"unit=0.67, cap=2.00, anchor=rolling_high, add=8%/20%, sell=extra_profit 18%, max_days=15, trend_sma=75, trend_exp=0.2, dd_guard=0.35, dd_exp=0.25",0.67,2.0,rolling_high,8.0,20.0,extra_profit,18.0,15,75,0.2,35.0,0.25,2010-06-25 to 2019-12-31,343.24,-49.17,0.637,2020-01-02 to 2026-05-20,743.52,-55.03,0.868,3794.28,-55.03,0.739,0.503,13.12,485,123,0
"unit=0.67, cap=2.00, anchor=rolling_high, add=8%/20%, sell=rebound_from_low 5%, max_days=10, trend_sma=none, trend_exp=none, dd_guard=none, dd_exp=none",0.67,2.0,rolling_high,8.0,20.0,rebound_from_low,5.0,10,none,none,none,none,2010-06-25 to 2019-12-31,2362.63,-71.17,0.845,2020-01-02 to 2026-05-20,10554.57,-83.6,1.243,273194.11,-83.6,1.026,0.944,32.88,823,123,0
"unit=0.67, cap=2.00, anchor=rolling_high, add=8%/20%, sell=rebound_from_low 5%, max_days=10, trend_sma=75, trend_exp=0.2, dd_guard=none, dd_exp=none",0.67,2.0,rolling_high,8.0,20.0,rebound_from_low,5.0,10,75,0.2,none,none,2010-06-25 to 2019-12-31,1004.72,-57.99,0.81,2020-01-02 to 2026-05-20,2601.17,-56.4,1.119,30981.5,-57.99,0.949,0.673,17.77,823,123,0
"unit=0.67, cap=2.00, anchor=rolling_high, add=8%/20%, sell=rebound_from_low 5%, max_days=10, trend_sma=75, trend_exp=0.25, dd_guard=none, dd_exp=none",0.67,2.0,rolling_high,8.0,20.0,rebound_from_low,5.0,10,75,0.25,none,none,2010-06-25 to 2019-12-31,1129.04,-57.02,0.832,2020-01-02 to 2026-05-20,2852.65,-56.04,1.136,37698.56,-57.02,0.968,0.686,17.77,823,123,0
"unit=0.67, cap=2.00, anchor=rolling_high, add=8%/20%, sell=rebound_from_low 5%, max_days=10, trend_sma=100, trend_exp=0.2, dd_guard=none, dd_exp=none",0.67,2.0,rolling_high,8.0,20.0,rebound_from_low,5.0,10,100,0.2,none,none,2010-06-25 to 2019-12-31,861.27,-59.28,0.75,2020-01-02 to 2026-05-20,6466.43,-64.52,1.28,65646.0,-64.82,1.0,0.703,19.95,823,123,0
"unit=0.67, cap=2.00, anchor=rolling_high, add=8%/20%, sell=rebound_from_low 5%, max_days=10, trend_sma=75, trend_exp=0.2, dd_guard=0.35, dd_exp=0.25",0.67,2.0,rolling_high,8.0,20.0,rebound_from_low,5.0,10,75,0.2,35.0,0.25,2010-06-25 to 2019-12-31,645.48,-43.31,0.774,2020-01-02 to 2026-05-20,822.51,-52.04,0.94,7063.14,-52.04,0.848,0.502,9.3,823,123,0
"unit=0.67, cap=2.00, anchor=rolling_high, add=8%/20%, sell=rebound_from_low 5%, max_days=15, trend_sma=none, trend_exp=none, dd_guard=none, dd_exp=none",0.67,2.0,rolling_high,8.0,20.0,rebound_from_low,5.0,15,none,none,none,none,2010-06-25 to 2019-12-31,2613.03,-71.17,0.859,2020-01-02 to 2026-05-20,11132.71,-83.6,1.251,317320.12,-83.6,1.037,0.947,33.02,812,123,0
"unit=0.67, cap=2.00, anchor=rolling_high, add=8%/20%, sell=rebound_from_low 5%, max_days=15, trend_sma=75, trend_exp=0.2, dd_guard=none, dd_exp=none",0.67,2.0,rolling_high,8.0,20.0,rebound_from_low,5.0,15,75,0.2,none,none,2010-06-25 to 2019-12-31,1044.64,-57.99,0.819,2020-01-02 to 2026-05-20,2571.17,-56.4,1.117,31747.02,-57.99,0.952,0.673,17.77,812,123,0
"unit=0.67, cap=2.00, anchor=rolling_high, add=8%/20%, sell=rebound_from_low 5%, max_days=15, trend_sma=75, trend_exp=0.25, dd_guard=none, dd_exp=none",0.67,2.0,rolling_high,8.0,20.0,rebound_from_low,5.0,15,75,0.25,none,none,2010-06-25 to 2019-12-31,1173.46,-57.02,0.842,2020-01-02 to 2026-05-20,2819.86,-56.04,1.133,38629.51,-57.02,0.971,0.686,17.77,812,123,0
"unit=0.67, cap=2.00, anchor=rolling_high, add=8%/20%, sell=rebound_from_low 5%, max_days=15, trend_sma=100, trend_exp=0.2, dd_guard=none, dd_exp=none",0.67,2.0,rolling_high,8.0,20.0,rebound_from_low,5.0,15,100,0.2,none,none,2010-06-25 to 2019-12-31,892.51,-59.28,0.758,2020-01-02 to 2026-05-20,7250.5,-64.52,1.304,75888.39,-64.82,1.015,0.704,20.05,812,123,0
"unit=0.67, cap=2.00, anchor=rolling_high, add=8%/20%, sell=rebound_from_low 5%, max_days=15, trend_sma=75, trend_exp=0.2, dd_guard=0.35, dd_exp=0.25",0.67,2.0,rolling_high,8.0,20.0,rebound_from_low,5.0,15,75,0.2,35.0,0.25,2010-06-25 to 2019-12-31,669.85,-43.31,0.785,2020-01-02 to 2026-05-20,822.51,-52.04,0.94,7297.25,-52.04,0.853,0.502,9.3,812,123,0
"unit=0.75, cap=1.00, anchor=rolling_high, add=5%/15%, sell=extra_profit 12%, max_days=10, trend_sma=none, trend_exp=none, dd_guard=none, dd_exp=none",0.75,1.0,rolling_high,5.0,15.0,extra_profit,12.0,10,none,none,none,none,2010-06-25 to 2019-12-31,6839.61,-51.83,1.115,2020-01-02 to 2026-05-20,5862.12,-78.54,1.206,432931.75,-78.54,1.14,0.89,0.0,729,123,0
"unit=0.75, cap=1.00, anchor=rolling_high, add=5%/15%, sell=extra_profit 12%, max_days=10, trend_sma=75, trend_exp=0.2, dd_guard=none, dd_exp=none",0.75,1.0,rolling_high,5.0,15.0,extra_profit,12.0,10,75,0.2,none,none,2010-06-25 to 2019-12-31,1891.69,-46.43,0.989,2020-01-02 to 2026-05-20,2694.66,-56.1,1.198,58155.27,-56.1,1.079,0.7,0.0,729,123,0
"unit=0.75, cap=1.00, anchor=rolling_high, add=5%/15%, sell=extra_profit 12%, max_days=10, trend_sma=75, trend_exp=0.25, dd_guard=none, dd_exp=none",0.75,1.0,rolling_high,5.0,15.0,extra_profit,12.0,10,75,0.25,none,none,2010-06-25 to 2019-12-31,2115.83,-45.19,1.011,2020-01-02 to 2026-05-20,2954.84,-57.56,1.214,70744.89,-57.56,1.098,0.713,0.0,729,123,0
"unit=0.75, cap=1.00, anchor=rolling_high, add=5%/15%, sell=extra_profit 12%, max_days=10, trend_sma=100, trend_exp=0.2, dd_guard=none, dd_exp=none",0.75,1.0,rolling_high,5.0,15.0,extra_profit,12.0,10,100,0.2,none,none,2010-06-25 to 2019-12-31,1877.36,-48.15,0.963,2020-01-02 to 2026-05-20,3964.91,-54.53,1.268,84024.17,-54.53,1.099,0.718,0.0,729,123,0
"unit=0.75, cap=1.00, anchor=rolling_high, add=5%/15%, sell=extra_profit 12%, max_days=10, trend_sma=75, trend_exp=0.2, dd_guard=0.35, dd_exp=0.25",0.75,1.0,rolling_high,5.0,15.0,extra_profit,12.0,10,75,0.2,35.0,0.25,2010-06-25 to 2019-12-31,1004.4,-44.12,0.886,2020-01-02 to 2026-05-20,1177.65,-45.36,1.04,14668.04,-45.36,0.952,0.589,0.0,729,123,0
"unit=0.75, cap=1.00, anchor=rolling_high, add=5%/15%, sell=extra_profit 12%, max_days=15, trend_sma=none, trend_exp=none, dd_guard=none, dd_exp=none",0.75,1.0,rolling_high,5.0,15.0,extra_profit,12.0,15,none,none,none,none,2010-06-25 to 2019-12-31,6418.51,-50.87,1.1,2020-01-02 to 2026-05-20,5376.79,-77.76,1.188,373544.39,-77.76,1.124,0.895,0.0,645,123,0
"unit=0.75, cap=1.00, anchor=rolling_high, add=5%/15%, sell=extra_profit 12%, max_days=15, trend_sma=75, trend_exp=0.2, dd_guard=none, dd_exp=none",0.75,1.0,rolling_high,5.0,15.0,extra_profit,12.0,15,75,0.2,none,none,2010-06-25 to 2019-12-31,1696.46,-46.6,0.959,2020-01-02 to 2026-05-20,2593.44,-54.92,1.186,50541.71,-54.92,1.058,0.704,0.0,645,123,0
"unit=0.75, cap=1.00, anchor=rolling_high, add=5%/15%, sell=extra_profit 12%, max_days=15, trend_sma=75, trend_exp=0.25, dd_guard=none, dd_exp=none",0.75,1.0,rolling_high,5.0,15.0,extra_profit,12.0,15,75,0.25,none,none,2010-06-25 to 2019-12-31,1898.62,-45.36,0.981,2020-01-02 to 2026-05-20,2844.2,-56.42,1.202,61485.96,-56.42,1.077,0.717,0.0,645,123,0
"unit=0.75, cap=1.00, anchor=rolling_high, add=5%/15%, sell=extra_profit 12%, max_days=15, trend_sma=100, trend_exp=0.2, dd_guard=none, dd_exp=none",0.75,1.0,rolling_high,5.0,15.0,extra_profit,12.0,15,100,0.2,none,none,2010-06-25 to 2019-12-31,1610.64,-49.64,0.924,2020-01-02 to 2026-05-20,3852.08,-54.09,1.259,70656.95,-54.09,1.076,0.722,0.0,645,123,0
"unit=0.75, cap=1.00, anchor=rolling_high, add=5%/15%, sell=extra_profit 12%, max_days=15, trend_sma=75, trend_exp=0.2, dd_guard=0.35, dd_exp=0.25",0.75,1.0,rolling_high,5.0,15.0,extra_profit,12.0,15,75,0.2,35.0,0.25,2010-06-25 to 2019-12-31,1014.08,-42.35,0.854,2020-01-02 to 2026-05-20,667.37,-54.86,0.93,8847.55,-54.86,0.891,0.58,0.0,645,123,0
"unit=0.75, cap=1.00, anchor=rolling_high, add=5%/15%, sell=extra_profit 18%, max_days=10, trend_sma=none, trend_exp=none, dd_guard=none, dd_exp=none",0.75,1.0,rolling_high,5.0,15.0,extra_profit,18.0,10,none,none,none,none,2010-06-25 to 2019-12-31,5628.27,-51.92,1.072,2020-01-02 to 2026-05-20,5701.0,-78.35,1.2,347684.41,-78.35,1.117,0.898,0.0,696,123,0
"unit=0.75, cap=1.00, anchor=rolling_high, add=5%/15%, sell=extra_profit 18%, max_days=10, trend_sma=75, trend_exp=0.2, dd_guard=none, dd_exp=none",0.75,1.0,rolling_high,5.0,15.0,extra_profit,18.0,10,75,0.2,none,none,2010-06-25 to 2019-12-31,1907.51,-46.43,0.986,2020-01-02 to 2026-05-20,2614.65,-55.39,1.186,56936.87,-55.39,1.072,0.707,0.0,696,123,0
"unit=0.75, cap=1.00, anchor=rolling_high, add=5%/15%, sell=extra_profit 18%, max_days=10, trend_sma=75, trend_exp=0.25, dd_guard=none, dd_exp=none",0.75,1.0,rolling_high,5.0,15.0,extra_profit,18.0,10,75,0.25,none,none,2010-06-25 to 2019-12-31,2133.43,-45.19,1.008,2020-01-02 to 2026-05-20,2867.38,-56.88,1.202,69263.18,-56.88,1.091,0.72,0.0,696,123,0
"unit=0.75, cap=1.00, anchor=rolling_high, add=5%/15%, sell=extra_profit 18%, max_days=10, trend_sma=100, trend_exp=0.2, dd_guard=none, dd_exp=none",0.75,1.0,rolling_high,5.0,15.0,extra_profit,18.0,10,100,0.2,none,none,2010-06-25 to 2019-12-31,1786.08,-48.91,0.947,2020-01-02 to 2026-05-20,3650.33,-54.53,1.244,73931.03,-54.53,1.08,0.725,0.0,696,123,0
"unit=0.75, cap=1.00, anchor=rolling_high, add=5%/15%, sell=extra_profit 18%, max_days=10, trend_sma=75, trend_exp=0.2, dd_guard=0.35, dd_exp=0.25",0.75,1.0,rolling_high,5.0,15.0,extra_profit,18.0,10,75,0.2,35.0,0.25,2010-06-25 to 2019-12-31,1591.05,-42.12,0.969,2020-01-02 to 2026-05-20,919.78,-46.3,0.977,17948.75,-46.3,0.97,0.621,0.0,696,123,0
"unit=0.75, cap=1.00, anchor=rolling_high, add=5%/15%, sell=extra_profit 18%, max_days=15, trend_sma=none, trend_exp=none, dd_guard=none, dd_exp=none",0.75,1.0,rolling_high,5.0,15.0,extra_profit,18.0,15,none,none,none,none,2010-06-25 to 2019-12-31,5987.46,-52.93,1.08,2020-01-02 to 2026-05-20,5546.59,-77.5,1.192,359654.47,-77.5,1.117,0.91,0.0,600,123,0
"unit=0.75, cap=1.00, anchor=rolling_high, add=5%/15%, sell=extra_profit 18%, max_days=15, trend_sma=75, trend_exp=0.2, dd_guard=none, dd_exp=none",0.75,1.0,rolling_high,5.0,15.0,extra_profit,18.0,15,75,0.2,none,none,2010-06-25 to 2019-12-31,1717.97,-46.63,0.955,2020-01-02 to 2026-05-20,2608.58,-53.97,1.181,51436.18,-53.97,1.054,0.717,0.0,600,123,0
"unit=0.75, cap=1.00, anchor=rolling_high, add=5%/15%, sell=extra_profit 18%, max_days=15, trend_sma=75, trend_exp=0.25, dd_guard=none, dd_exp=none",0.75,1.0,rolling_high,5.0,15.0,extra_profit,18.0,15,75,0.25,none,none,2010-06-25 to 2019-12-31,1922.56,-45.4,0.977,2020-01-02 to 2026-05-20,2860.75,-55.5,1.197,62573.72,-55.5,1.073,0.73,0.0,600,123,0
"unit=0.75, cap=1.00, anchor=rolling_high, add=5%/15%, sell=extra_profit 18%, max_days=15, trend_sma=100, trend_exp=0.2, dd_guard=none, dd_exp=none",0.75,1.0,rolling_high,5.0,15.0,extra_profit,18.0,15,100,0.2,none,none,2010-06-25 to 2019-12-31,1564.57,-49.85,0.911,2020-01-02 to 2026-05-20,3888.14,-54.09,1.258,69379.62,-54.09,1.069,0.735,0.0,600,123,0
"unit=0.75, cap=1.00, anchor=rolling_high, add=5%/15%, sell=extra_profit 18%, max_days=15, trend_sma=75, trend_exp=0.2, dd_guard=0.35, dd_exp=0.25",0.75,1.0,rolling_high,5.0,15.0,extra_profit,18.0,15,75,0.2,35.0,0.25,2010-06-25 to 2019-12-31,929.34,-44.22,0.848,2020-01-02 to 2026-05-20,836.24,-52.38,0.983,9986.22,-52.38,0.91,0.572,0.0,600,123,0
"unit=0.75, cap=1.00, anchor=rolling_high, add=5%/15%, sell=rebound_from_low 5%, max_days=10, trend_sma=none, trend_exp=none, dd_guard=none, dd_exp=none",0.75,1.0,rolling_high,5.0,15.0,rebound_from_low,5.0,10,none,none,none,none,2010-06-25 to 2019-12-31,5828.62,-52.78,1.094,2020-01-02 to 2026-05-20,7391.24,-74.5,1.267,464727.36,-74.5,1.161,0.859,0.0,1065,123,0
"unit=0.75, cap=1.00, anchor=rolling_high, add=5%/15%, sell=rebound_from_low 5%, max_days=10, trend_sma=75, trend_exp=0.2, dd_guard=none, dd_exp=none",0.75,1.0,rolling_high,5.0,15.0,rebound_from_low,5.0,10,75,0.2,none,none,2010-06-25 to 2019-12-31,1701.51,-47.31,0.979,2020-01-02 to 2026-05-20,3362.65,-47.34,1.288,65187.44,-47.34,1.118,0.673,0.0,1065,123,0
"unit=0.75, cap=1.00, anchor=rolling_high, add=5%/15%, sell=rebound_from_low 5%, max_days=10, trend_sma=75, trend_exp=0.25, dd_guard=none, dd_exp=none",0.75,1.0,rolling_high,5.0,15.0,rebound_from_low,5.0,10,75,0.25,none,none,2010-06-25 to 2019-12-31,1904.25,-46.09,1.001,2020-01-02 to 2026-05-20,3685.01,-49.09,1.302,79296.79,-49.09,1.136,0.686,0.0,1065,123,0
"unit=0.75, cap=1.00, anchor=rolling_high, add=5%/15%, sell=rebound_from_low 5%, max_days=10, trend_sma=100, trend_exp=0.2, dd_guard=none, dd_exp=none",0.75,1.0,rolling_high,5.0,15.0,rebound_from_low,5.0,10,100,0.2,none,none,2010-06-25 to 2019-12-31,1719.81,-44.81,0.956,2020-01-02 to 2026-05-20,5212.38,-52.6,1.372,101080.72,-52.6,1.147,0.691,0.0,1065,123,0
"unit=0.75, cap=1.00, anchor=rolling_high, add=5%/15%, sell=rebound_from_low 5%, max_days=10, trend_sma=75, trend_exp=0.2, dd_guard=0.35, dd_exp=0.25",0.75,1.0,rolling_high,5.0,15.0,rebound_from_low,5.0,10,75,0.2,35.0,0.25,2010-06-25 to 2019-12-31,1413.65,-39.54,0.945,2020-01-02 to 2026-05-20,1028.89,-46.49,1.02,17783.79,-46.49,0.978,0.607,0.0,1065,123,0
"unit=0.75, cap=1.00, anchor=rolling_high, add=5%/15%, sell=rebound_from_low 5%, max_days=15, trend_sma=none, trend_exp=none, dd_guard=none, dd_exp=none",0.75,1.0,rolling_high,5.0,15.0,rebound_from_low,5.0,15,none,none,none,none,2010-06-25 to 2019-12-31,5637.81,-52.78,1.088,2020-01-02 to 2026-05-20,7408.52,-74.5,1.268,450804.48,-74.5,1.158,0.859,0.0,1043,123,0
"unit=0.75, cap=1.00, anchor=rolling_high, add=5%/15%, sell=rebound_from_low 5%, max_days=15, trend_sma=75, trend_exp=0.2, dd_guard=none, dd_exp=none",0.75,1.0,rolling_high,5.0,15.0,rebound_from_low,5.0,15,75,0.2,none,none,2010-06-25 to 2019-12-31,1637.3,-47.31,0.969,2020-01-02 to 2026-05-20,3362.65,-47.34,1.288,62860.38,-47.34,1.113,0.673,0.0,1043,123,0
"unit=0.75, cap=1.00, anchor=rolling_high, add=5%/15%, sell=rebound_from_low 5%, max_days=15, trend_sma=75, trend_exp=0.25, dd_guard=none, dd_exp=none",0.75,1.0,rolling_high,5.0,15.0,rebound_from_low,5.0,15,75,0.25,none,none,2010-06-25 to 2019-12-31,1832.81,-46.09,0.992,2020-01-02 to 2026-05-20,3685.01,-49.09,1.302,76466.82,-49.09,1.132,0.686,0.0,1043,123,0
"unit=0.75, cap=1.00, anchor=rolling_high, add=5%/15%, sell=rebound_from_low 5%, max_days=15, trend_sma=100, trend_exp=0.2, dd_guard=none, dd_exp=none",0.75,1.0,rolling_high,5.0,15.0,rebound_from_low,5.0,15,100,0.2,none,none,2010-06-25 to 2019-12-31,1658.28,-44.81,0.948,2020-01-02 to 2026-05-20,5260.65,-52.6,1.375,98548.33,-52.6,1.144,0.691,0.0,1043,123,0
"unit=0.75, cap=1.00, anchor=rolling_high, add=5%/15%, sell=rebound_from_low 5%, max_days=15, trend_sma=75, trend_exp=0.2, dd_guard=0.35, dd_exp=0.25",0.75,1.0,rolling_high,5.0,15.0,rebound_from_low,5.0,15,75,0.2,35.0,0.25,2010-06-25 to 2019-12-31,1359.7,-39.54,0.936,2020-01-02 to 2026-05-20,1028.89,-46.49,1.02,17146.35,-46.49,0.973,0.607,0.0,1043,123,0
"unit=0.75, cap=1.00, anchor=rolling_high, add=5%/20%, sell=extra_profit 12%, max_days=10, trend_sma=none, trend_exp=none, dd_guard=none, dd_exp=none",0.75,1.0,rolling_high,5.0,20.0,extra_profit,12.0,10,none,none,none,none,2010-06-25 to 2019-12-31,6839.61,-51.83,1.115,2020-01-02 to 2026-05-20,5685.42,-78.54,1.2,420097.43,-78.54,1.137,0.89,0.0,701,123,0
"unit=0.75, cap=1.00, anchor=rolling_high, add=5%/20%, sell=extra_profit 12%, max_days=10, trend_sma=75, trend_exp=0.2, dd_guard=none, dd_exp=none",0.75,1.0,rolling_high,5.0,20.0,extra_profit,12.0,10,75,0.2,none,none,2010-06-25 to 2019-12-31,1891.69,-46.43,0.989,2020-01-02 to 2026-05-20,2554.96,-56.1,1.183,55243.04,-56.1,1.072,0.7,0.0,701,123,0
"unit=0.75, cap=1.00, anchor=rolling_high, add=5%/20%, sell=extra_profit 12%, max_days=10, trend_sma=75, trend_exp=0.25, dd_guard=none, dd_exp=none",0.75,1.0,rolling_high,5.0,20.0,extra_profit,12.0,10,75,0.25,none,none,2010-06-25 to 2019-12-31,2115.83,-45.19,1.011,2020-01-02 to 2026-05-20,2802.13,-57.56,1.199,67203.29,-57.56,1.091,0.713,0.0,701,123,0
"unit=0.75, cap=1.00, anchor=rolling_high, add=5%/20%, sell=extra_profit 12%, max_days=10, trend_sma=100, trend_exp=0.2, dd_guard=none, dd_exp=none",0.75,1.0,rolling_high,5.0,20.0,extra_profit,12.0,10,100,0.2,none,none,2010-06-25 to 2019-12-31,1877.36,-48.15,0.963,2020-01-02 to 2026-05-20,3761.7,-54.53,1.254,79818.74,-54.53,1.093,0.718,0.0,701,123,0
"unit=0.75, cap=1.00, anchor=rolling_high, add=5%/20%, sell=extra_profit 12%, max_days=10, trend_sma=75, trend_exp=0.2, dd_guard=0.35, dd_exp=0.25",0.75,1.0,rolling_high,5.0,20.0,extra_profit,12.0,10,75,0.2,35.0,0.25,2010-06-25 to 2019-12-31,1004.4,-44.12,0.886,2020-01-02 to 2026-05-20,1177.65,-45.36,1.04,14668.04,-45.36,0.952,0.589,0.0,701,123,0
"unit=0.75, cap=1.00, anchor=rolling_high, add=5%/20%, sell=extra_profit 12%, max_days=15, trend_sma=none, trend_exp=none, dd_guard=none, dd_exp=none",0.75,1.0,rolling_high,5.0,20.0,extra_profit,12.0,15,none,none,none,none,2010-06-25 to 2019-12-31,6566.35,-50.87,1.104,2020-01-02 to 2026-05-20,5454.16,-77.76,1.191,387416.75,-77.76,1.127,0.895,0.0,621,123,0
"unit=0.75, cap=1.00, anchor=rolling_high, add=5%/20%, sell=extra_profit 12%, max_days=15, trend_sma=75, trend_exp=0.2, dd_guard=none, dd_exp=none",0.75,1.0,rolling_high,5.0,20.0,extra_profit,12.0,15,75,0.2,none,none,2010-06-25 to 2019-12-31,1728.76,-46.6,0.962,2020-01-02 to 2026-05-20,2612.23,-54.92,1.188,51811.9,-54.92,1.061,0.704,0.0,621,123,0
"unit=0.75, cap=1.00, anchor=rolling_high, add=5%/20%, sell=extra_profit 12%, max_days=15, trend_sma=75, trend_exp=0.25, dd_guard=none, dd_exp=none",0.75,1.0,rolling_high,5.0,20.0,extra_profit,12.0,15,75,0.25,none,none,2010-06-25 to 2019-12-31,1934.56,-45.36,0.985,2020-01-02 to 2026-05-20,2864.73,-56.42,1.204,63030.65,-56.42,1.08,0.717,0.0,621,123,0
"unit=0.75, cap=1.00, anchor=rolling_high, add=5%/20%, sell=extra_profit 12%, max_days=15, trend_sma=100, trend_exp=0.2, dd_guard=none, dd_exp=none",0.75,1.0,rolling_high,5.0,20.0,extra_profit,12.0,15,100,0.2,none,none,2010-06-25 to 2019-12-31,1647.74,-49.64,0.928,2020-01-02 to 2026-05-20,3883.18,-54.09,1.262,72760.4,-54.09,1.079,0.722,0.0,621,123,0
"unit=0.75, cap=1.00, anchor=rolling_high, add=5%/20%, sell=extra_profit 12%, max_days=15, trend_sma=75, trend_exp=0.2, dd_guard=0.35, dd_exp=0.25",0.75,1.0,rolling_high,5.0,20.0,extra_profit,12.0,15,75,0.2,35.0,0.25,2010-06-25 to 2019-12-31,1034.12,-42.35,0.858,2020-01-02 to 2026-05-20,744.7,-51.69,0.941,9926.41,-51.69,0.897,0.595,0.0,621,123,0
"unit=0.75, cap=1.00, anchor=rolling_high, add=5%/20%, sell=extra_profit 18%, max_days=10, trend_sma=none, trend_exp=none, dd_guard=none, dd_exp=none",0.75,1.0,rolling_high,5.0,20.0,extra_profit,18.0,10,none,none,none,none,2010-06-25 to 2019-12-31,5628.27,-51.92,1.072,2020-01-02 to 2026-05-20,5696.1,-78.35,1.2,347390.83,-78.35,1.117,0.898,0.0,668,123,0
"unit=0.75, cap=1.00, anchor=rolling_high, add=5%/20%, sell=extra_profit 18%, max_days=10, trend_sma=75, trend_exp=0.2, dd_guard=none, dd_exp=none",0.75,1.0,rolling_high,5.0,20.0,extra_profit,18.0,10,75,0.2,none,none,2010-06-25 to 2019-12-31,1907.51,-46.43,0.986,2020-01-02 to 2026-05-20,2614.65,-55.39,1.186,56936.87,-55.39,1.072,0.707,0.0,668,123,0
"unit=0.75, cap=1.00, anchor=rolling_high, add=5%/20%, sell=extra_profit 18%, max_days=10, trend_sma=75, trend_exp=0.25, dd_guard=none, dd_exp=none",0.75,1.0,rolling_high,5.0,20.0,extra_profit,18.0,10,75,0.25,none,none,2010-06-25 to 2019-12-31,2133.43,-45.19,1.008,2020-01-02 to 2026-05-20,2867.38,-56.88,1.202,69263.18,-56.88,1.091,0.72,0.0,668,123,0
"unit=0.75, cap=1.00, anchor=rolling_high, add=5%/20%, sell=extra_profit 18%, max_days=10, trend_sma=100, trend_exp=0.2, dd_guard=none, dd_exp=none",0.75,1.0,rolling_high,5.0,20.0,extra_profit,18.0,10,100,0.2,none,none,2010-06-25 to 2019-12-31,1786.08,-48.91,0.947,2020-01-02 to 2026-05-20,3650.33,-54.53,1.244,73931.03,-54.53,1.08,0.725,0.0,668,123,0
"unit=0.75, cap=1.00, anchor=rolling_high, add=5%/20%, sell=extra_profit 18%, max_days=10, trend_sma=75, trend_exp=0.2, dd_guard=0.35, dd_exp=0.25",0.75,1.0,rolling_high,5.0,20.0,extra_profit,18.0,10,75,0.2,35.0,0.25,2010-06-25 to 2019-12-31,1591.05,-42.12,0.969,2020-01-02 to 2026-05-20,919.78,-46.3,0.977,17948.75,-46.3,0.97,0.621,0.0,668,123,0
"unit=0.75, cap=1.00, anchor=rolling_high, add=5%/20%, sell=extra_profit 18%, max_days=15, trend_sma=none, trend_exp=none, dd_guard=none, dd_exp=none",0.75,1.0,rolling_high,5.0,20.0,extra_profit,18.0,15,none,none,none,none,2010-06-25 to 2019-12-31,5990.68,-52.93,1.08,2020-01-02 to 2026-05-20,5636.29,-77.2,1.196,365562.64,-77.2,1.118,0.91,0.0,574,123,0
"unit=0.75, cap=1.00, anchor=rolling_high, add=5%/20%, sell=extra_profit 18%, max_days=15, trend_sma=75, trend_exp=0.2, dd_guard=none, dd_exp=none",0.75,1.0,rolling_high,5.0,20.0,extra_profit,18.0,15,75,0.2,none,none,2010-06-25 to 2019-12-31,1680.46,-46.63,0.95,2020-01-02 to 2026-05-20,2617.93,-53.97,1.182,50547.08,-53.97,1.052,0.717,0.0,574,123,0
"unit=0.75, cap=1.00, anchor=rolling_high, add=5%/20%, sell=extra_profit 18%, max_days=15, trend_sma=75, trend_exp=0.25, dd_guard=none, dd_exp=none",0.75,1.0,rolling_high,5.0,20.0,extra_profit,18.0,15,75,0.25,none,none,2010-06-25 to 2019-12-31,1880.83,-45.4,0.972,2020-01-02 to 2026-05-20,2870.97,-55.5,1.198,61492.48,-55.5,1.071,0.73,0.0,574,123,0
"unit=0.75, cap=1.00, anchor=rolling_high, add=5%/20%, sell=extra_profit 18%, max_days=15, trend_sma=100, trend_exp=0.2, dd_guard=none, dd_exp=none",0.75,1.0,rolling_high,5.0,20.0,extra_profit,18.0,15,100,0.2,none,none,2010-06-25 to 2019-12-31,1558.53,-49.85,0.91,2020-01-02 to 2026-05-20,3901.91,-54.09,1.259,69366.41,-54.09,1.069,0.735,0.0,574,123,0
"unit=0.75, cap=1.00, anchor=rolling_high, add=5%/20%, sell=extra_profit 18%, max_days=15, trend_sma=75, trend_exp=0.2, dd_guard=0.35, dd_exp=0.25",0.75,1.0,rolling_high,5.0,20.0,extra_profit,18.0,15,75,0.2,35.0,0.25,2010-06-25 to 2019-12-31,925.6,-44.22,0.847,2020-01-02 to 2026-05-20,831.68,-52.38,0.982,9900.66,-52.38,0.909,0.571,0.0,574,123,0
"unit=0.75, cap=1.00, anchor=rolling_high, add=5%/20%, sell=rebound_from_low 5%, max_days=10, trend_sma=none, trend_exp=none, dd_guard=none, dd_exp=none",0.75,1.0,rolling_high,5.0,20.0,rebound_from_low,5.0,10,none,none,none,none,2010-06-25 to 2019-12-31,5828.62,-52.78,1.094,2020-01-02 to 2026-05-20,7391.24,-74.5,1.267,464727.36,-74.5,1.161,0.859,0.0,1014,123,0
"unit=0.75, cap=1.00, anchor=rolling_high, add=5%/20%, sell=rebound_from_low 5%, max_days=10, trend_sma=75, trend_exp=0.2, dd_guard=none, dd_exp=none",0.75,1.0,rolling_high,5.0,20.0,rebound_from_low,5.0,10,75,0.2,none,none,2010-06-25 to 2019-12-31,1701.51,-47.31,0.979,2020-01-02 to 2026-05-20,3362.65,-47.34,1.288,65187.44,-47.34,1.118,0.673,0.0,1014,123,0
"unit=0.75, cap=1.00, anchor=rolling_high, add=5%/20%, sell=rebound_from_low 5%, max_days=10, trend_sma=75, trend_exp=0.25, dd_guard=none, dd_exp=none",0.75,1.0,rolling_high,5.0,20.0,rebound_from_low,5.0,10,75,0.25,none,none,2010-06-25 to 2019-12-31,1904.25,-46.09,1.001,2020-01-02 to 2026-05-20,3685.01,-49.09,1.302,79296.79,-49.09,1.136,0.686,0.0,1014,123,0
"unit=0.75, cap=1.00, anchor=rolling_high, add=5%/20%, sell=rebound_from_low 5%, max_days=10, trend_sma=100, trend_exp=0.2, dd_guard=none, dd_exp=none",0.75,1.0,rolling_high,5.0,20.0,rebound_from_low,5.0,10,100,0.2,none,none,2010-06-25 to 2019-12-31,1719.81,-44.81,0.956,2020-01-02 to 2026-05-20,5212.38,-52.6,1.372,101080.72,-52.6,1.147,0.691,0.0,1014,123,0
"unit=0.75, cap=1.00, anchor=rolling_high, add=5%/20%, sell=rebound_from_low 5%, max_days=10, trend_sma=75, trend_exp=0.2, dd_guard=0.35, dd_exp=0.25",0.75,1.0,rolling_high,5.0,20.0,rebound_from_low,5.0,10,75,0.2,35.0,0.25,2010-06-25 to 2019-12-31,1413.65,-39.54,0.945,2020-01-02 to 2026-05-20,1028.89,-46.49,1.02,17783.79,-46.49,0.978,0.607,0.0,1014,123,0
"unit=0.75, cap=1.00, anchor=rolling_high, add=5%/20%, sell=rebound_from_low 5%, max_days=15, trend_sma=none, trend_exp=none, dd_guard=none, dd_exp=none",0.75,1.0,rolling_high,5.0,20.0,rebound_from_low,5.0,15,none,none,none,none,2010-06-25 to 2019-12-31,5637.81,-52.78,1.088,2020-01-02 to 2026-05-20,7408.52,-74.5,1.268,450804.48,-74.5,1.158,0.859,0.0,996,123,0
"unit=0.75, cap=1.00, anchor=rolling_high, add=5%/20%, sell=rebound_from_low 5%, max_days=15, trend_sma=75, trend_exp=0.2, dd_guard=none, dd_exp=none",0.75,1.0,rolling_high,5.0,20.0,rebound_from_low,5.0,15,75,0.2,none,none,2010-06-25 to 2019-12-31,1637.3,-47.31,0.969,2020-01-02 to 2026-05-20,3362.65,-47.34,1.288,62860.38,-47.34,1.113,0.673,0.0,996,123,0
"unit=0.75, cap=1.00, anchor=rolling_high, add=5%/20%, sell=rebound_from_low 5%, max_days=15, trend_sma=75, trend_exp=0.25, dd_guard=none, dd_exp=none",0.75,1.0,rolling_high,5.0,20.0,rebound_from_low,5.0,15,75,0.25,none,none,2010-06-25 to 2019-12-31,1832.81,-46.09,0.992,2020-01-02 to 2026-05-20,3685.01,-49.09,1.302,76466.82,-49.09,1.132,0.686,0.0,996,123,0
"unit=0.75, cap=1.00, anchor=rolling_high, add=5%/20%, sell=rebound_from_low 5%, max_days=15, trend_sma=100, trend_exp=0.2, dd_guard=none, dd_exp=none",0.75,1.0,rolling_high,5.0,20.0,rebound_from_low,5.0,15,100,0.2,none,none,2010-06-25 to 2019-12-31,1658.28,-44.81,0.948,2020-01-02 to 2026-05-20,5260.65,-52.6,1.375,98548.33,-52.6,1.144,0.691,0.0,996,123,0
"unit=0.75, cap=1.00, anchor=rolling_high, add=5%/20%, sell=rebound_from_low 5%, max_days=15, trend_sma=75, trend_exp=0.2, dd_guard=0.35, dd_exp=0.25",0.75,1.0,rolling_high,5.0,20.0,rebound_from_low,5.0,15,75,0.2,35.0,0.25,2010-06-25 to 2019-12-31,1359.7,-39.54,0.936,2020-01-02 to 2026-05-20,1028.89,-46.49,1.02,17146.35,-46.49,0.973,0.607,0.0,996,123,0
"unit=0.75, cap=1.00, anchor=rolling_high, add=8%/20%, sell=extra_profit 12%, max_days=10, trend_sma=none, trend_exp=none, dd_guard=none, dd_exp=none",0.75,1.0,rolling_high,8.0,20.0,extra_profit,12.0,10,none,none,none,none,2010-06-25 to 2019-12-31,4511.04,-51.84,1.047,2020-01-02 to 2026-05-20,5666.09,-74.3,1.21,278168.3,-74.3,1.109,0.855,0.0,591,123,0
"unit=0.75, cap=1.00, anchor=rolling_high, add=8%/20%, sell=extra_profit 12%, max_days=10, trend_sma=75, trend_exp=0.2, dd_guard=none, dd_exp=none",0.75,1.0,rolling_high,8.0,20.0,extra_profit,12.0,10,75,0.2,none,none,2010-06-25 to 2019-12-31,1343.63,-46.72,0.926,2020-01-02 to 2026-05-20,2070.95,-51.56,1.143,32701.25,-51.56,1.021,0.668,0.0,591,123,0
"unit=0.75, cap=1.00, anchor=rolling_high, add=8%/20%, sell=extra_profit 12%, max_days=10, trend_sma=75, trend_exp=0.25, dd_guard=none, dd_exp=none",0.75,1.0,rolling_high,8.0,20.0,extra_profit,12.0,10,75,0.25,none,none,2010-06-25 to 2019-12-31,1506.1,-45.49,0.949,2020-01-02 to 2026-05-20,2273.06,-53.17,1.16,39789.97,-53.17,1.04,0.681,0.0,591,123,0
"unit=0.75, cap=1.00, anchor=rolling_high, add=8%/20%, sell=extra_profit 12%, max_days=10, trend_sma=100, trend_exp=0.2, dd_guard=none, dd_exp=none",0.75,1.0,rolling_high,8.0,20.0,extra_profit,12.0,10,100,0.2,none,none,2010-06-25 to 2019-12-31,1323.6,-50.01,0.898,2020-01-02 to 2026-05-20,3261.65,-54.09,1.236,49987.0,-54.09,1.051,0.687,0.0,591,123,0
"unit=0.75, cap=1.00, anchor=rolling_high, add=8%/20%, sell=extra_profit 12%, max_days=10, trend_sma=75, trend_exp=0.2, dd_guard=0.35, dd_exp=0.25",0.75,1.0,rolling_high,8.0,20.0,extra_profit,12.0,10,75,0.2,35.0,0.25,2010-06-25 to 2019-12-31,784.68,-44.23,0.84,2020-01-02 to 2026-05-20,849.67,-47.14,0.965,8693.05,-47.14,0.894,0.559,0.0,591,123,0
"unit=0.75, cap=1.00, anchor=rolling_high, add=8%/20%, sell=extra_profit 12%, max_days=15, trend_sma=none, trend_exp=none, dd_guard=none, dd_exp=none",0.75,1.0,rolling_high,8.0,20.0,extra_profit,12.0,15,none,none,none,none,2010-06-25 to 2019-12-31,4217.96,-52.88,1.03,2020-01-02 to 2026-05-20,4582.68,-75.24,1.165,211520.25,-75.24,1.079,0.86,0.0,520,123,0
"unit=0.75, cap=1.00, anchor=rolling_high, add=8%/20%, sell=extra_profit 12%, max_days=15, trend_sma=75, trend_exp=0.2, dd_guard=none, dd_exp=none",0.75,1.0,rolling_high,8.0,20.0,extra_profit,12.0,15,75,0.2,none,none,2010-06-25 to 2019-12-31,1174.26,-47.3,0.887,2020-01-02 to 2026-05-20,1957.67,-51.83,1.126,27342.08,-51.83,0.993,0.673,0.0,520,123,0
"unit=0.75, cap=1.00, anchor=rolling_high, add=8%/20%, sell=extra_profit 12%, max_days=15, trend_sma=75, trend_exp=0.25, dd_guard=none, dd_exp=none",0.75,1.0,rolling_high,8.0,20.0,extra_profit,12.0,15,75,0.25,none,none,2010-06-25 to 2019-12-31,1317.66,-46.09,0.91,2020-01-02 to 2026-05-20,2149.24,-53.43,1.143,33272.63,-53.43,1.013,0.686,0.0,520,123,0
"unit=0.75, cap=1.00, anchor=rolling_high, add=8%/20%, sell=extra_profit 12%, max_days=15, trend_sma=100, trend_exp=0.2, dd_guard=none, dd_exp=none",0.75,1.0,rolling_high,8.0,20.0,extra_profit,12.0,15,100,0.2,none,none,2010-06-25 to 2019-12-31,1140.61,-50.29,0.857,2020-01-02 to 2026-05-20,2942.65,-54.09,1.206,39406.83,-54.09,1.017,0.692,0.0,520,123,0
"unit=0.75, cap=1.00, anchor=rolling_high, add=8%/20%, sell=extra_profit 12%, max_days=15, trend_sma=75, trend_exp=0.2, dd_guard=0.35, dd_exp=0.25",0.75,1.0,rolling_high,8.0,20.0,extra_profit,12.0,15,75,0.2,35.0,0.25,2010-06-25 to 2019-12-31,702.82,-44.23,0.802,2020-01-02 to 2026-05-20,877.68,-52.06,0.997,8114.87,-52.06,0.891,0.549,0.0,520,123,0
"unit=0.75, cap=1.00, anchor=rolling_high, add=8%/20%, sell=extra_profit 18%, max_days=10, trend_sma=none, trend_exp=none, dd_guard=none, dd_exp=none",0.75,1.0,rolling_high,8.0,20.0,extra_profit,18.0,10,none,none,none,none,2010-06-25 to 2019-12-31,4193.71,-52.73,1.03,2020-01-02 to 2026-05-20,6198.57,-75.63,1.226,282946.79,-75.63,1.108,0.859,0.0,558,123,0
"unit=0.75, cap=1.00, anchor=rolling_high, add=8%/20%, sell=extra_profit 18%, max_days=10, trend_sma=75, trend_exp=0.2, dd_guard=none, dd_exp=none",0.75,1.0,rolling_high,8.0,20.0,extra_profit,18.0,10,75,0.2,none,none,2010-06-25 to 2019-12-31,1409.37,-46.72,0.934,2020-01-02 to 2026-05-20,2443.78,-50.71,1.182,40084.37,-50.71,1.044,0.672,0.0,558,123,0
"unit=0.75, cap=1.00, anchor=rolling_high, add=8%/20%, sell=extra_profit 18%, max_days=10, trend_sma=75, trend_exp=0.25, dd_guard=none, dd_exp=none",0.75,1.0,rolling_high,8.0,20.0,extra_profit,18.0,10,75,0.25,none,none,2010-06-25 to 2019-12-31,1579.22,-45.49,0.957,2020-01-02 to 2026-05-20,2680.6,-52.35,1.198,48768.66,-52.35,1.063,0.685,0.0,558,123,0
"unit=0.75, cap=1.00, anchor=rolling_high, add=8%/20%, sell=extra_profit 18%, max_days=10, trend_sma=100, trend_exp=0.2, dd_guard=none, dd_exp=none",0.75,1.0,rolling_high,8.0,20.0,extra_profit,18.0,10,100,0.2,none,none,2010-06-25 to 2019-12-31,1325.46,-50.01,0.895,2020-01-02 to 2026-05-20,3611.01,-54.09,1.259,55264.42,-54.09,1.061,0.69,0.0,558,123,0
"unit=0.75, cap=1.00, anchor=rolling_high, add=8%/20%, sell=extra_profit 18%, max_days=10, trend_sma=75, trend_exp=0.2, dd_guard=0.35, dd_exp=0.25",0.75,1.0,rolling_high,8.0,20.0,extra_profit,18.0,10,75,0.2,35.0,0.25,2010-06-25 to 2019-12-31,817.9,-44.23,0.849,2020-01-02 to 2026-05-20,1047.86,-46.66,1.012,10927.29,-46.66,0.92,0.564,0.0,558,123,0
"unit=0.75, cap=1.00, anchor=rolling_high, add=8%/20%, sell=extra_profit 18%, max_days=15, trend_sma=none, trend_exp=none, dd_guard=none, dd_exp=none",0.75,1.0,rolling_high,8.0,20.0,extra_profit,18.0,15,none,none,none,none,2010-06-25 to 2019-12-31,4611.39,-53.67,1.043,2020-01-02 to 2026-05-20,4712.11,-75.56,1.168,237184.07,-75.56,1.086,0.87,0.0,485,123,0
"unit=0.75, cap=1.00, anchor=rolling_high, add=8%/20%, sell=extra_profit 18%, max_days=15, trend_sma=75, trend_exp=0.2, dd_guard=none, dd_exp=none",0.75,1.0,rolling_high,8.0,20.0,extra_profit,18.0,15,75,0.2,none,none,2010-06-25 to 2019-12-31,1428.92,-47.3,0.929,2020-01-02 to 2026-05-20,2067.38,-50.98,1.135,34582.09,-50.98,1.019,0.681,0.0,485,123,0
"unit=0.75, cap=1.00, anchor=rolling_high, add=8%/20%, sell=extra_profit 18%, max_days=15, trend_sma=75, trend_exp=0.25, dd_guard=none, dd_exp=none",0.75,1.0,rolling_high,8.0,20.0,extra_profit,18.0,15,75,0.25,none,none,2010-06-25 to 2019-12-31,1600.98,-46.09,0.952,2020-01-02 to 2026-05-20,2269.16,-52.61,1.151,42077.28,-52.61,1.038,0.694,0.0,485,123,0
"unit=0.75, cap=1.00, anchor=rolling_high, add=8%/20%, sell=extra_profit 18%, max_days=15, trend_sma=100, trend_exp=0.2, dd_guard=none, dd_exp=none",0.75,1.0,rolling_high,8.0,20.0,extra_profit,18.0,15,100,0.2,none,none,2010-06-25 to 2019-12-31,1361.26,-50.25,0.894,2020-01-02 to 2026-05-20,3026.54,-54.09,1.207,47716.34,-54.09,1.036,0.699,0.0,485,123,0
"unit=0.75, cap=1.00, anchor=rolling_high, add=8%/20%, sell=extra_profit 18%, max_days=15, trend_sma=75, trend_exp=0.2, dd_guard=0.35, dd_exp=0.25",0.75,1.0,rolling_high,8.0,20.0,extra_profit,18.0,15,75,0.2,35.0,0.25,2010-06-25 to 2019-12-31,805.33,-44.23,0.834,2020-01-02 to 2026-05-20,908.87,-52.18,1.006,9459.27,-52.18,0.913,0.543,0.0,485,123,0
"unit=0.75, cap=1.00, anchor=rolling_high, add=8%/20%, sell=rebound_from_low 5%, max_days=10, trend_sma=none, trend_exp=none, dd_guard=none, dd_exp=none",0.75,1.0,rolling_high,8.0,20.0,rebound_from_low,5.0,10,none,none,none,none,2010-06-25 to 2019-12-31,3538.66,-52.12,1.009,2020-01-02 to 2026-05-20,6301.59,-73.09,1.245,243688.46,-73.09,1.108,0.832,0.0,823,123,0
"unit=0.75, cap=1.00, anchor=rolling_high, add=8%/20%, sell=rebound_from_low 5%, max_days=10, trend_sma=75, trend_exp=0.2, dd_guard=none, dd_exp=none",0.75,1.0,rolling_high,8.0,20.0,rebound_from_low,5.0,10,75,0.2,none,none,2010-06-25 to 2019-12-31,1269.57,-45.76,0.927,2020-01-02 to 2026-05-20,2420.6,-47.37,1.212,36030.33,-47.37,1.055,0.65,0.0,823,123,0
"unit=0.75, cap=1.00, anchor=rolling_high, add=8%/20%, sell=rebound_from_low 5%, max_days=10, trend_sma=75, trend_exp=0.25, dd_guard=none, dd_exp=none",0.75,1.0,rolling_high,8.0,20.0,rebound_from_low,5.0,10,75,0.25,none,none,2010-06-25 to 2019-12-31,1423.69,-44.51,0.951,2020-01-02 to 2026-05-20,2655.26,-49.12,1.228,43838.5,-49.12,1.074,0.663,0.0,823,123,0
"unit=0.75, cap=1.00, anchor=rolling_high, add=8%/20%, sell=rebound_from_low 5%, max_days=10, trend_sma=100, trend_exp=0.2, dd_guard=none, dd_exp=none",0.75,1.0,rolling_high,8.0,20.0,rebound_from_low,5.0,10,100,0.2,none,none,2010-06-25 to 2019-12-31,1238.7,-46.17,0.895,2020-01-02 to 2026-05-20,3879.97,-52.6,1.309,55663.29,-52.6,1.086,0.668,0.0,823,123,0
"unit=0.75, cap=1.00, anchor=rolling_high, add=8%/20%, sell=rebound_from_low 5%, max_days=10, trend_sma=75, trend_exp=0.2, dd_guard=0.35, dd_exp=0.25",0.75,1.0,rolling_high,8.0,20.0,rebound_from_low,5.0,10,75,0.2,35.0,0.25,2010-06-25 to 2019-12-31,1125.79,-40.68,0.907,2020-01-02 to 2026-05-20,836.95,-47.77,0.966,11920.29,-47.77,0.932,0.595,0.0,823,123,0
"unit=0.75, cap=1.00, anchor=rolling_high, add=8%/20%, sell=rebound_from_low 5%, max_days=15, trend_sma=none, trend_exp=none, dd_guard=none, dd_exp=none",0.75,1.0,rolling_high,8.0,20.0,rebound_from_low,5.0,15,none,none,none,none,2010-06-25 to 2019-12-31,3693.03,-52.12,1.018,2020-01-02 to 2026-05-20,6316.3,-73.09,1.245,254614.83,-73.09,1.113,0.832,0.0,812,123,0
"unit=0.75, cap=1.00, anchor=rolling_high, add=8%/20%, sell=rebound_from_low 5%, max_days=15, trend_sma=75, trend_exp=0.2, dd_guard=none, dd_exp=none",0.75,1.0,rolling_high,8.0,20.0,rebound_from_low,5.0,15,75,0.2,none,none,2010-06-25 to 2019-12-31,1287.75,-45.76,0.931,2020-01-02 to 2026-05-20,2420.6,-47.37,1.212,36509.94,-47.37,1.057,0.65,0.0,812,123,0
"unit=0.75, cap=1.00, anchor=rolling_high, add=8%/20%, sell=rebound_from_low 5%, max_days=15, trend_sma=75, trend_exp=0.25, dd_guard=none, dd_exp=none",0.75,1.0,rolling_high,8.0,20.0,rebound_from_low,5.0,15,75,0.25,none,none,2010-06-25 to 2019-12-31,1443.92,-44.51,0.954,2020-01-02 to 2026-05-20,2655.26,-49.12,1.228,44421.76,-49.12,1.076,0.663,0.0,812,123,0
"unit=0.75, cap=1.00, anchor=rolling_high, add=8%/20%, sell=rebound_from_low 5%, max_days=15, trend_sma=100, trend_exp=0.2, dd_guard=none, dd_exp=none",0.75,1.0,rolling_high,8.0,20.0,rebound_from_low,5.0,15,100,0.2,none,none,2010-06-25 to 2019-12-31,1254.71,-46.17,0.899,2020-01-02 to 2026-05-20,3916.1,-52.6,1.311,56842.14,-52.6,1.089,0.669,0.0,812,123,0
"unit=0.75, cap=1.00, anchor=rolling_high, add=8%/20%, sell=rebound_from_low 5%, max_days=15, trend_sma=75, trend_exp=0.2, dd_guard=0.35, dd_exp=0.25",0.75,1.0,rolling_high,8.0,20.0,rebound_from_low,5.0,15,75,0.2,35.0,0.25,2010-06-25 to 2019-12-31,1142.06,-40.68,0.911,2020-01-02 to 2026-05-20,836.95,-47.77,0.966,12079.86,-47.77,0.934,0.595,0.0,812,123,0
"unit=0.75, cap=1.50, anchor=rolling_high, add=5%/15%, sell=extra_profit 12%, max_days=10, trend_sma=none, trend_exp=none, dd_guard=none, dd_exp=none",0.75,1.5,rolling_high,5.0,15.0,extra_profit,12.0,10,none,none,none,none,2010-06-25 to 2019-12-31,17642.95,-66.04,1.118,2020-01-02 to 2026-05-20,8297.49,-92.39,1.19,1559305.67,-92.39,1.133,1.17,56.0,729,123,0
"unit=0.75, cap=1.50, anchor=rolling_high, add=5%/15%, sell=extra_profit 12%, max_days=10, trend_sma=75, trend_exp=0.2, dd_guard=none, dd_exp=none",0.75,1.5,rolling_high,5.0,15.0,extra_profit,12.0,10,75,0.2,none,none,2010-06-25 to 2019-12-31,3526.83,-62.0,0.969,2020-01-02 to 2026-05-20,3971.3,-74.02,1.136,154441.46,-74.02,1.038,0.887,37.5,729,123,0
"unit=0.75, cap=1.50, anchor=rolling_high, add=5%/15%, sell=extra_profit 12%, max_days=10, trend_sma=75, trend_exp=0.25, dd_guard=none, dd_exp=none",0.75,1.5,rolling_high,5.0,15.0,extra_profit,12.0,10,75,0.25,none,none,2010-06-25 to 2019-12-31,3934.99,-61.12,0.988,2020-01-02 to 2026-05-20,4350.33,-74.17,1.151,187839.61,-74.17,1.054,0.9,37.5,729,123,0
"unit=0.75, cap=1.50, anchor=rolling_high, add=5%/15%, sell=extra_profit 12%, max_days=10, trend_sma=100, trend_exp=0.2, dd_guard=none, dd_exp=none",0.75,1.5,rolling_high,5.0,15.0,extra_profit,12.0,10,100,0.2,none,none,2010-06-25 to 2019-12-31,3423.48,-60.73,0.945,2020-01-02 to 2026-05-20,6567.88,-70.98,1.212,245791.45,-70.98,1.062,0.917,39.83,729,123,0
"unit=0.75, cap=1.50, anchor=rolling_high, add=5%/15%, sell=extra_profit 12%, max_days=10, trend_sma=75, trend_exp=0.2, dd_guard=0.35, dd_exp=0.25",0.75,1.5,rolling_high,5.0,15.0,extra_profit,12.0,10,75,0.2,35.0,0.25,2010-06-25 to 2019-12-31,1499.67,-48.23,0.951,2020-01-02 to 2026-05-20,249.84,-52.53,0.639,5582.54,-52.53,0.79,0.518,15.12,729,123,0
"unit=0.75, cap=1.50, anchor=rolling_high, add=5%/15%, sell=extra_profit 12%, max_days=15, trend_sma=none, trend_exp=none, dd_guard=none, dd_exp=none",0.75,1.5,rolling_high,5.0,15.0,extra_profit,12.0,15,none,none,none,none,2010-06-25 to 2019-12-31,14462.76,-68.77,1.086,2020-01-02 to 2026-05-20,6314.17,-91.44,1.152,977515.76,-91.44,1.099,1.185,57.98,645,123,0
"unit=0.75, cap=1.50, anchor=rolling_high, add=5%/15%, sell=extra_profit 12%, max_days=15, trend_sma=75, trend_exp=0.2, dd_guard=none, dd_exp=none",0.75,1.5,rolling_high,5.0,15.0,extra_profit,12.0,15,75,0.2,none,none,2010-06-25 to 2019-12-31,2536.42,-62.37,0.905,2020-01-02 to 2026-05-20,3499.24,-70.53,1.11,99213.92,-70.53,0.993,0.9,39.23,645,123,0
"unit=0.75, cap=1.50, anchor=rolling_high, add=5%/15%, sell=extra_profit 12%, max_days=15, trend_sma=75, trend_exp=0.25, dd_guard=none, dd_exp=none",0.75,1.5,rolling_high,5.0,15.0,extra_profit,12.0,15,75,0.25,none,none,2010-06-25 to 2019-12-31,2833.12,-61.5,0.923,2020-01-02 to 2026-05-20,3834.33,-71.51,1.126,120676.78,-71.51,1.01,0.913,39.23,645,123,0
"unit=0.75, cap=1.50, anchor=rolling_high, add=5%/15%, sell=extra_profit 12%, max_days=15, trend_sma=100, trend_exp=0.2, dd_guard=none, dd_exp=none",0.75,1.5,rolling_high,5.0,15.0,extra_profit,12.0,15,100,0.2,none,none,2010-06-25 to 2019-12-31,2160.77,-66.7,0.861,2020-01-02 to 2026-05-20,5960.58,-66.95,1.193,143301.57,-66.95,1.011,0.93,41.58,645,123,0
"unit=0.75, cap=1.50, anchor=rolling_high, add=5%/15%, sell=extra_profit 12%, max_days=15, trend_sma=75, trend_exp=0.2, dd_guard=0.35, dd_exp=0.25",0.75,1.5,rolling_high,5.0,15.0,extra_profit,12.0,15,75,0.2,35.0,0.25,2010-06-25 to 2019-12-31,1616.89,-51.82,0.996,2020-01-02 to 2026-05-20,232.25,-49.49,0.646,5692.37,-53.71,0.838,0.477,12.78,645,123,0
"unit=0.75, cap=1.50, anchor=rolling_high, add=5%/15%, sell=extra_profit 18%, max_days=10, trend_sma=none, trend_exp=none, dd_guard=none, dd_exp=none",0.75,1.5,rolling_high,5.0,15.0,extra_profit,18.0,10,none,none,none,none,2010-06-25 to 2019-12-31,9736.13,-68.83,1.029,2020-01-02 to 2026-05-20,7554.85,-92.2,1.176,787933.92,-92.2,1.084,1.195,59.33,696,123,0
"unit=0.75, cap=1.50, anchor=rolling_high, add=5%/15%, sell=extra_profit 18%, max_days=10, trend_sma=75, trend_exp=0.2, dd_guard=none, dd_exp=none",0.75,1.5,rolling_high,5.0,15.0,extra_profit,18.0,10,75,0.2,none,none,2010-06-25 to 2019-12-31,3582.02,-62.0,0.965,2020-01-02 to 2026-05-20,3582.82,-71.78,1.112,141822.33,-71.78,1.024,0.908,40.27,696,123,0
"unit=0.75, cap=1.50, anchor=rolling_high, add=5%/15%, sell=extra_profit 18%, max_days=10, trend_sma=75, trend_exp=0.25, dd_guard=none, dd_exp=none",0.75,1.5,rolling_high,5.0,15.0,extra_profit,18.0,10,75,0.25,none,none,2010-06-25 to 2019-12-31,3996.38,-61.12,0.983,2020-01-02 to 2026-05-20,3925.69,-72.71,1.127,172493.34,-72.71,1.04,0.921,40.27,696,123,0
"unit=0.75, cap=1.50, anchor=rolling_high, add=5%/15%, sell=extra_profit 18%, max_days=10, trend_sma=100, trend_exp=0.2, dd_guard=none, dd_exp=none",0.75,1.5,rolling_high,5.0,15.0,extra_profit,18.0,10,100,0.2,none,none,2010-06-25 to 2019-12-31,2932.63,-61.92,0.912,2020-01-02 to 2026-05-20,5081.33,-70.98,1.162,164354.08,-70.98,1.021,0.937,42.48,696,123,0
"unit=0.75, cap=1.50, anchor=rolling_high, add=5%/15%, sell=extra_profit 18%, max_days=10, trend_sma=75, trend_exp=0.2, dd_guard=0.35, dd_exp=0.25",0.75,1.5,rolling_high,5.0,15.0,extra_profit,18.0,10,75,0.2,35.0,0.25,2010-06-25 to 2019-12-31,657.45,-48.23,0.753,2020-01-02 to 2026-05-20,107.07,-53.24,0.485,1492.63,-53.24,0.622,0.509,14.62,696,123,0
"unit=0.75, cap=1.50, anchor=rolling_high, add=5%/15%, sell=extra_profit 18%, max_days=15, trend_sma=none, trend_exp=none, dd_guard=none, dd_exp=none",0.75,1.5,rolling_high,5.0,15.0,extra_profit,18.0,15,none,none,none,none,2010-06-25 to 2019-12-31,11403.36,-72.64,1.046,2020-01-02 to 2026-05-20,6833.62,-91.32,1.162,834673.16,-91.32,1.086,1.23,64.05,600,123,0
"unit=0.75, cap=1.50, anchor=rolling_high, add=5%/15%, sell=extra_profit 18%, max_days=15, trend_sma=75, trend_exp=0.2, dd_guard=none, dd_exp=none",0.75,1.5,rolling_high,5.0,15.0,extra_profit,18.0,15,75,0.2,none,none,2010-06-25 to 2019-12-31,2572.52,-62.46,0.898,2020-01-02 to 2026-05-20,3506.5,-70.32,1.104,100776.45,-70.32,0.987,0.939,44.42,600,123,0
"unit=0.75, cap=1.50, anchor=rolling_high, add=5%/15%, sell=extra_profit 18%, max_days=15, trend_sma=75, trend_exp=0.25, dd_guard=none, dd_exp=none",0.75,1.5,rolling_high,5.0,15.0,extra_profit,18.0,15,75,0.25,none,none,2010-06-25 to 2019-12-31,2873.27,-61.59,0.916,2020-01-02 to 2026-05-20,3842.25,-70.49,1.119,122576.98,-70.49,1.003,0.952,44.42,600,123,0
"unit=0.75, cap=1.50, anchor=rolling_high, add=5%/15%, sell=extra_profit 18%, max_days=15, trend_sma=100, trend_exp=0.2, dd_guard=none, dd_exp=none",0.75,1.5,rolling_high,5.0,15.0,extra_profit,18.0,15,100,0.2,none,none,2010-06-25 to 2019-12-31,1939.18,-67.38,0.837,2020-01-02 to 2026-05-20,6092.3,-68.19,1.192,132057.1,-68.19,0.998,0.967,46.52,600,123,0
"unit=0.75, cap=1.50, anchor=rolling_high, add=5%/15%, sell=extra_profit 18%, max_days=15, trend_sma=75, trend_exp=0.2, dd_guard=0.35, dd_exp=0.25",0.75,1.5,rolling_high,5.0,15.0,extra_profit,18.0,15,75,0.2,35.0,0.25,2010-06-25 to 2019-12-31,2071.18,-51.82,0.956,2020-01-02 to 2026-05-20,55.69,-51.26,0.378,3332.48,-53.71,0.738,0.552,19.12,600,123,0
"unit=0.75, cap=1.50, anchor=rolling_high, add=5%/15%, sell=rebound_from_low 5%, max_days=10, trend_sma=none, trend_exp=none, dd_guard=none, dd_exp=none",0.75,1.5,rolling_high,5.0,15.0,rebound_from_low,5.0,10,none,none,none,none,2010-06-25 to 2019-12-31,11513.04,-67.63,1.069,2020-01-02 to 2026-05-20,18759.86,-86.33,1.324,2292183.82,-86.33,1.177,1.077,43.65,1065,123,0
"unit=0.75, cap=1.50, anchor=rolling_high, add=5%/15%, sell=rebound_from_low 5%, max_days=10, trend_sma=75, trend_exp=0.2, dd_guard=none, dd_exp=none",0.75,1.5,rolling_high,5.0,15.0,rebound_from_low,5.0,10,75,0.2,none,none,2010-06-25 to 2019-12-31,2693.83,-64.61,0.943,2020-01-02 to 2026-05-20,8333.68,-59.25,1.331,246504.27,-64.61,1.119,0.807,26.82,1065,123,0
"unit=0.75, cap=1.50, anchor=rolling_high, add=5%/15%, sell=rebound_from_low 5%, max_days=10, trend_sma=75, trend_exp=0.25, dd_guard=none, dd_exp=none",0.75,1.5,rolling_high,5.0,15.0,rebound_from_low,5.0,10,75,0.25,none,none,2010-06-25 to 2019-12-31,3008.24,-63.79,0.962,2020-01-02 to 2026-05-20,9118.83,-58.92,1.346,299798.22,-63.79,1.136,0.82,26.82,1065,123,0
"unit=0.75, cap=1.50, anchor=rolling_high, add=5%/15%, sell=rebound_from_low 5%, max_days=10, trend_sma=100, trend_exp=0.2, dd_guard=none, dd_exp=none",0.75,1.5,rolling_high,5.0,15.0,rebound_from_low,5.0,10,100,0.2,none,none,2010-06-25 to 2019-12-31,2766.55,-63.14,0.927,2020-01-02 to 2026-05-20,16307.98,-60.62,1.436,492165.11,-63.38,1.161,0.837,29.07,1065,123,0
"unit=0.75, cap=1.50, anchor=rolling_high, add=5%/15%, sell=rebound_from_low 5%, max_days=10, trend_sma=75, trend_exp=0.2, dd_guard=0.35, dd_exp=0.25",0.75,1.5,rolling_high,5.0,15.0,rebound_from_low,5.0,10,75,0.2,35.0,0.25,2010-06-25 to 2019-12-31,320.46,-45.55,0.608,2020-01-02 to 2026-05-20,2817.67,-46.47,1.163,12739.54,-46.47,0.879,0.539,13.03,1065,123,0
"unit=0.75, cap=1.50, anchor=rolling_high, add=5%/15%, sell=rebound_from_low 5%, max_days=15, trend_sma=none, trend_exp=none, dd_guard=none, dd_exp=none",0.75,1.5,rolling_high,5.0,15.0,rebound_from_low,5.0,15,none,none,none,none,2010-06-25 to 2019-12-31,10480.85,-67.63,1.057,2020-01-02 to 2026-05-20,18870.1,-86.33,1.325,2100648.97,-86.33,1.171,1.078,43.77,1043,123,0
"unit=0.75, cap=1.50, anchor=rolling_high, add=5%/15%, sell=rebound_from_low 5%, max_days=15, trend_sma=75, trend_exp=0.2, dd_guard=none, dd_exp=none",0.75,1.5,rolling_high,5.0,15.0,rebound_from_low,5.0,15,75,0.2,none,none,2010-06-25 to 2019-12-31,2407.43,-64.61,0.921,2020-01-02 to 2026-05-20,8333.68,-59.25,1.331,221224.3,-64.61,1.108,0.807,26.8,1043,123,0
"unit=0.75, cap=1.50, anchor=rolling_high, add=5%/15%, sell=rebound_from_low 5%, max_days=15, trend_sma=75, trend_exp=0.25, dd_guard=none, dd_exp=none",0.75,1.5,rolling_high,5.0,15.0,rebound_from_low,5.0,15,75,0.25,none,none,2010-06-25 to 2019-12-31,2689.6,-63.79,0.941,2020-01-02 to 2026-05-20,9118.83,-58.92,1.346,269054.97,-63.79,1.125,0.82,26.8,1043,123,0
"unit=0.75, cap=1.50, anchor=rolling_high, add=5%/15%, sell=rebound_from_low 5%, max_days=15, trend_sma=100, trend_exp=0.2, dd_guard=none, dd_exp=none",0.75,1.5,rolling_high,5.0,15.0,rebound_from_low,5.0,15,100,0.2,none,none,2010-06-25 to 2019-12-31,2487.34,-63.14,0.908,2020-01-02 to 2026-05-20,16755.38,-60.62,1.441,456332.28,-63.38,1.154,0.837,29.15,1043,123,0
"unit=0.75, cap=1.50, anchor=rolling_high, add=5%/15%, sell=rebound_from_low 5%, max_days=15, trend_sma=75, trend_exp=0.2, dd_guard=0.35, dd_exp=0.25",0.75,1.5,rolling_high,5.0,15.0,rebound_from_low,5.0,15,75,0.2,35.0,0.25,2010-06-25 to 2019-12-31,388.55,-45.55,0.651,2020-01-02 to 2026-05-20,2817.67,-46.47,1.163,14818.63,-46.47,0.898,0.544,13.38,1043,123,0
"unit=0.75, cap=1.50, anchor=rolling_high, add=5%/20%, sell=extra_profit 12%, max_days=10, trend_sma=none, trend_exp=none, dd_guard=none, dd_exp=none",0.75,1.5,rolling_high,5.0,20.0,extra_profit,12.0,10,none,none,none,none,2010-06-25 to 2019-12-31,17642.95,-66.04,1.118,2020-01-02 to 2026-05-20,7549.33,-92.39,1.177,1420373.72,-92.39,1.127,1.17,56.03,701,123,0
"unit=0.75, cap=1.50, anchor=rolling_high, add=5%/20%, sell=extra_profit 12%, max_days=10, trend_sma=75, trend_exp=0.2, dd_guard=none, dd_exp=none",0.75,1.5,rolling_high,5.0,20.0,extra_profit,12.0,10,75,0.2,none,none,2010-06-25 to 2019-12-31,3526.83,-62.0,0.969,2020-01-02 to 2026-05-20,3381.17,-74.02,1.105,132040.61,-74.02,1.022,0.887,37.52,701,123,0
"unit=0.75, cap=1.50, anchor=rolling_high, add=5%/20%, sell=extra_profit 12%, max_days=10, trend_sma=75, trend_exp=0.25, dd_guard=none, dd_exp=none",0.75,1.5,rolling_high,5.0,20.0,extra_profit,12.0,10,75,0.25,none,none,2010-06-25 to 2019-12-31,3934.99,-61.12,0.988,2020-01-02 to 2026-05-20,3705.25,-74.17,1.12,160597.69,-74.17,1.039,0.9,37.52,701,123,0
"unit=0.75, cap=1.50, anchor=rolling_high, add=5%/20%, sell=extra_profit 12%, max_days=10, trend_sma=100, trend_exp=0.2, dd_guard=none, dd_exp=none",0.75,1.5,rolling_high,5.0,20.0,extra_profit,12.0,10,100,0.2,none,none,2010-06-25 to 2019-12-31,3423.48,-60.73,0.945,2020-01-02 to 2026-05-20,5601.37,-70.98,1.182,210149.38,-70.98,1.047,0.917,39.85,701,123,0
"unit=0.75, cap=1.50, anchor=rolling_high, add=5%/20%, sell=extra_profit 12%, max_days=10, trend_sma=75, trend_exp=0.2, dd_guard=0.35, dd_exp=0.25",0.75,1.5,rolling_high,5.0,20.0,extra_profit,12.0,10,75,0.2,35.0,0.25,2010-06-25 to 2019-12-31,1499.67,-48.23,0.951,2020-01-02 to 2026-05-20,249.84,-52.53,0.639,5582.54,-52.53,0.79,0.518,15.12,701,123,0
"unit=0.75, cap=1.50, anchor=rolling_high, add=5%/20%, sell=extra_profit 12%, max_days=15, trend_sma=none, trend_exp=none, dd_guard=none, dd_exp=none",0.75,1.5,rolling_high,5.0,20.0,extra_profit,12.0,15,none,none,none,none,2010-06-25 to 2019-12-31,15445.0,-68.77,1.095,2020-01-02 to 2026-05-20,6601.4,-91.44,1.158,1090185.42,-91.44,1.106,1.184,57.93,621,123,0
"unit=0.75, cap=1.50, anchor=rolling_high, add=5%/20%, sell=extra_profit 12%, max_days=15, trend_sma=75, trend_exp=0.2, dd_guard=none, dd_exp=none",0.75,1.5,rolling_high,5.0,20.0,extra_profit,12.0,15,75,0.2,none,none,2010-06-25 to 2019-12-31,2675.49,-62.37,0.913,2020-01-02 to 2026-05-20,3583.41,-73.91,1.115,106897.63,-73.91,1.0,0.899,39.12,621,123,0
"unit=0.75, cap=1.50, anchor=rolling_high, add=5%/20%, sell=extra_profit 12%, max_days=15, trend_sma=75, trend_exp=0.25, dd_guard=none, dd_exp=none",0.75,1.5,rolling_high,5.0,20.0,extra_profit,12.0,15,75,0.25,none,none,2010-06-25 to 2019-12-31,2987.84,-61.5,0.931,2020-01-02 to 2026-05-20,3926.33,-74.06,1.131,130021.02,-74.06,1.016,0.912,39.12,621,123,0
"unit=0.75, cap=1.50, anchor=rolling_high, add=5%/20%, sell=extra_profit 12%, max_days=15, trend_sma=100, trend_exp=0.2, dd_guard=none, dd_exp=none",0.75,1.5,rolling_high,5.0,20.0,extra_profit,12.0,15,100,0.2,none,none,2010-06-25 to 2019-12-31,2306.3,-66.7,0.872,2020-01-02 to 2026-05-20,6118.83,-68.32,1.198,156518.31,-68.32,1.019,0.93,41.48,621,123,0
"unit=0.75, cap=1.50, anchor=rolling_high, add=5%/20%, sell=extra_profit 12%, max_days=15, trend_sma=75, trend_exp=0.2, dd_guard=0.35, dd_exp=0.25",0.75,1.5,rolling_high,5.0,20.0,extra_profit,12.0,15,75,0.2,35.0,0.25,2010-06-25 to 2019-12-31,383.23,-51.82,0.665,2020-01-02 to 2026-05-20,232.25,-49.49,0.646,1530.3,-53.71,0.652,0.442,10.7,621,123,0
"unit=0.75, cap=1.50, anchor=rolling_high, add=5%/20%, sell=extra_profit 18%, max_days=10, trend_sma=none, trend_exp=none, dd_guard=none, dd_exp=none",0.75,1.5,rolling_high,5.0,20.0,extra_profit,18.0,10,none,none,none,none,2010-06-25 to 2019-12-31,9736.13,-68.83,1.029,2020-01-02 to 2026-05-20,7519.61,-92.2,1.176,784305.82,-92.2,1.084,1.195,59.38,668,123,0
"unit=0.75, cap=1.50, anchor=rolling_high, add=5%/20%, sell=extra_profit 18%, max_days=10, trend_sma=75, trend_exp=0.2, dd_guard=none, dd_exp=none",0.75,1.5,rolling_high,5.0,20.0,extra_profit,18.0,10,75,0.2,none,none,2010-06-25 to 2019-12-31,3582.02,-62.0,0.965,2020-01-02 to 2026-05-20,3582.82,-71.78,1.112,141822.33,-71.78,1.024,0.908,40.27,668,123,0
"unit=0.75, cap=1.50, anchor=rolling_high, add=5%/20%, sell=extra_profit 18%, max_days=10, trend_sma=75, trend_exp=0.25, dd_guard=none, dd_exp=none",0.75,1.5,rolling_high,5.0,20.0,extra_profit,18.0,10,75,0.25,none,none,2010-06-25 to 2019-12-31,3996.38,-61.12,0.983,2020-01-02 to 2026-05-20,3925.69,-72.71,1.127,172493.34,-72.71,1.04,0.921,40.27,668,123,0
"unit=0.75, cap=1.50, anchor=rolling_high, add=5%/20%, sell=extra_profit 18%, max_days=10, trend_sma=100, trend_exp=0.2, dd_guard=none, dd_exp=none",0.75,1.5,rolling_high,5.0,20.0,extra_profit,18.0,10,100,0.2,none,none,2010-06-25 to 2019-12-31,2932.63,-61.92,0.912,2020-01-02 to 2026-05-20,5081.33,-70.98,1.162,164354.08,-70.98,1.021,0.937,42.48,668,123,0
"unit=0.75, cap=1.50, anchor=rolling_high, add=5%/20%, sell=extra_profit 18%, max_days=10, trend_sma=75, trend_exp=0.2, dd_guard=0.35, dd_exp=0.25",0.75,1.5,rolling_high,5.0,20.0,extra_profit,18.0,10,75,0.2,35.0,0.25,2010-06-25 to 2019-12-31,657.45,-48.23,0.753,2020-01-02 to 2026-05-20,107.07,-53.24,0.485,1492.63,-53.24,0.622,0.509,14.62,668,123,0
"unit=0.75, cap=1.50, anchor=rolling_high, add=5%/20%, sell=extra_profit 18%, max_days=15, trend_sma=none, trend_exp=none, dd_guard=none, dd_exp=none",0.75,1.5,rolling_high,5.0,20.0,extra_profit,18.0,15,none,none,none,none,2010-06-25 to 2019-12-31,11424.95,-72.64,1.046,2020-01-02 to 2026-05-20,7163.59,-90.96,1.169,876041.63,-90.96,1.089,1.23,64.05,574,123,0
"unit=0.75, cap=1.50, anchor=rolling_high, add=5%/20%, sell=extra_profit 18%, max_days=15, trend_sma=75, trend_exp=0.2, dd_guard=none, dd_exp=none",0.75,1.5,rolling_high,5.0,20.0,extra_profit,18.0,15,75,0.2,none,none,2010-06-25 to 2019-12-31,2411.97,-62.46,0.887,2020-01-02 to 2026-05-20,3545.33,-69.36,1.106,95737.5,-69.36,0.983,0.938,44.32,574,123,0
"unit=0.75, cap=1.50, anchor=rolling_high, add=5%/20%, sell=extra_profit 18%, max_days=15, trend_sma=75, trend_exp=0.25, dd_guard=none, dd_exp=none",0.75,1.5,rolling_high,5.0,20.0,extra_profit,18.0,15,75,0.25,none,none,2010-06-25 to 2019-12-31,2694.66,-61.59,0.905,2020-01-02 to 2026-05-20,3884.7,-70.14,1.122,116449.06,-70.14,0.999,0.952,44.32,574,123,0
"unit=0.75, cap=1.50, anchor=rolling_high, add=5%/20%, sell=extra_profit 18%, max_days=15, trend_sma=100, trend_exp=0.2, dd_guard=none, dd_exp=none",0.75,1.5,rolling_high,5.0,20.0,extra_profit,18.0,15,100,0.2,none,none,2010-06-25 to 2019-12-31,1917.36,-67.38,0.835,2020-01-02 to 2026-05-20,6158.97,-68.19,1.194,132051.1,-68.19,0.999,0.967,46.45,574,123,0
"unit=0.75, cap=1.50, anchor=rolling_high, add=5%/20%, sell=extra_profit 18%, max_days=15, trend_sma=75, trend_exp=0.2, dd_guard=0.35, dd_exp=0.25",0.75,1.5,rolling_high,5.0,20.0,extra_profit,18.0,15,75,0.2,35.0,0.25,2010-06-25 to 2019-12-31,2071.18,-51.82,0.956,2020-01-02 to 2026-05-20,53.54,-51.26,0.372,3285.14,-53.71,0.737,0.552,19.1,574,123,0
"unit=0.75, cap=1.50, anchor=rolling_high, add=5%/20%, sell=rebound_from_low 5%, max_days=10, trend_sma=none, trend_exp=none, dd_guard=none, dd_exp=none",0.75,1.5,rolling_high,5.0,20.0,rebound_from_low,5.0,10,none,none,none,none,2010-06-25 to 2019-12-31,11513.04,-67.63,1.069,2020-01-02 to 2026-05-20,18759.86,-86.33,1.324,2292183.82,-86.33,1.177,1.077,43.65,1014,123,0
"unit=0.75, cap=1.50, anchor=rolling_high, add=5%/20%, sell=rebound_from_low 5%, max_days=10, trend_sma=75, trend_exp=0.2, dd_guard=none, dd_exp=none",0.75,1.5,rolling_high,5.0,20.0,rebound_from_low,5.0,10,75,0.2,none,none,2010-06-25 to 2019-12-31,2693.83,-64.61,0.943,2020-01-02 to 2026-05-20,8333.68,-59.25,1.331,246504.27,-64.61,1.119,0.807,26.82,1014,123,0
"unit=0.75, cap=1.50, anchor=rolling_high, add=5%/20%, sell=rebound_from_low 5%, max_days=10, trend_sma=75, trend_exp=0.25, dd_guard=none, dd_exp=none",0.75,1.5,rolling_high,5.0,20.0,rebound_from_low,5.0,10,75,0.25,none,none,2010-06-25 to 2019-12-31,3008.24,-63.79,0.962,2020-01-02 to 2026-05-20,9118.83,-58.92,1.346,299798.22,-63.79,1.136,0.82,26.82,1014,123,0
"unit=0.75, cap=1.50, anchor=rolling_high, add=5%/20%, sell=rebound_from_low 5%, max_days=10, trend_sma=100, trend_exp=0.2, dd_guard=none, dd_exp=none",0.75,1.5,rolling_high,5.0,20.0,rebound_from_low,5.0,10,100,0.2,none,none,2010-06-25 to 2019-12-31,2766.55,-63.14,0.927,2020-01-02 to 2026-05-20,16307.98,-60.62,1.436,492165.11,-63.38,1.161,0.837,29.07,1014,123,0
"unit=0.75, cap=1.50, anchor=rolling_high, add=5%/20%, sell=rebound_from_low 5%, max_days=10, trend_sma=75, trend_exp=0.2, dd_guard=0.35, dd_exp=0.25",0.75,1.5,rolling_high,5.0,20.0,rebound_from_low,5.0,10,75,0.2,35.0,0.25,2010-06-25 to 2019-12-31,320.46,-45.55,0.608,2020-01-02 to 2026-05-20,2817.67,-46.47,1.163,12739.54,-46.47,0.879,0.539,13.03,1014,123,0
"unit=0.75, cap=1.50, anchor=rolling_high, add=5%/20%, sell=rebound_from_low 5%, max_days=15, trend_sma=none, trend_exp=none, dd_guard=none, dd_exp=none",0.75,1.5,rolling_high,5.0,20.0,rebound_from_low,5.0,15,none,none,none,none,2010-06-25 to 2019-12-31,10480.85,-67.63,1.057,2020-01-02 to 2026-05-20,18870.1,-86.33,1.325,2100648.97,-86.33,1.171,1.078,43.77,996,123,0
"unit=0.75, cap=1.50, anchor=rolling_high, add=5%/20%, sell=rebound_from_low 5%, max_days=15, trend_sma=75, trend_exp=0.2, dd_guard=none, dd_exp=none",0.75,1.5,rolling_high,5.0,20.0,rebound_from_low,5.0,15,75,0.2,none,none,2010-06-25 to 2019-12-31,2407.43,-64.61,0.921,2020-01-02 to 2026-05-20,8333.68,-59.25,1.331,221224.3,-64.61,1.108,0.807,26.8,996,123,0
"unit=0.75, cap=1.50, anchor=rolling_high, add=5%/20%, sell=rebound_from_low 5%, max_days=15, trend_sma=75, trend_exp=0.25, dd_guard=none, dd_exp=none",0.75,1.5,rolling_high,5.0,20.0,rebound_from_low,5.0,15,75,0.25,none,none,2010-06-25 to 2019-12-31,2689.6,-63.79,0.941,2020-01-02 to 2026-05-20,9118.83,-58.92,1.346,269054.97,-63.79,1.125,0.82,26.8,996,123,0
"unit=0.75, cap=1.50, anchor=rolling_high, add=5%/20%, sell=rebound_from_low 5%, max_days=15, trend_sma=100, trend_exp=0.2, dd_guard=none, dd_exp=none",0.75,1.5,rolling_high,5.0,20.0,rebound_from_low,5.0,15,100,0.2,none,none,2010-06-25 to 2019-12-31,2487.34,-63.14,0.908,2020-01-02 to 2026-05-20,16755.38,-60.62,1.441,456332.28,-63.38,1.154,0.837,29.15,996,123,0
"unit=0.75, cap=1.50, anchor=rolling_high, add=5%/20%, sell=rebound_from_low 5%, max_days=15, trend_sma=75, trend_exp=0.2, dd_guard=0.35, dd_exp=0.25",0.75,1.5,rolling_high,5.0,20.0,rebound_from_low,5.0,15,75,0.2,35.0,0.25,2010-06-25 to 2019-12-31,388.55,-45.55,0.651,2020-01-02 to 2026-05-20,2817.67,-46.47,1.163,14818.63,-46.47,0.898,0.544,13.38,996,123,0
"unit=0.75, cap=1.50, anchor=rolling_high, add=8%/20%, sell=extra_profit 12%, max_days=10, trend_sma=none, trend_exp=none, dd_guard=none, dd_exp=none",0.75,1.5,rolling_high,8.0,20.0,extra_profit,12.0,10,none,none,none,none,2010-06-25 to 2019-12-31,5438.7,-67.08,0.963,2020-01-02 to 2026-05-20,8167.23,-86.25,1.194,479138.89,-86.25,1.059,1.064,41.88,591,123,0
"unit=0.75, cap=1.50, anchor=rolling_high, add=8%/20%, sell=extra_profit 12%, max_days=10, trend_sma=75, trend_exp=0.2, dd_guard=none, dd_exp=none",0.75,1.5,rolling_high,8.0,20.0,extra_profit,12.0,10,75,0.2,none,none,2010-06-25 to 2019-12-31,1356.18,-61.88,0.819,2020-01-02 to 2026-05-20,1892.96,-72.63,1.007,30273.72,-72.63,0.899,0.793,24.93,591,123,0
"unit=0.75, cap=1.50, anchor=rolling_high, add=8%/20%, sell=extra_profit 12%, max_days=10, trend_sma=75, trend_exp=0.25, dd_guard=none, dd_exp=none",0.75,1.5,rolling_high,8.0,20.0,extra_profit,12.0,10,75,0.25,none,none,2010-06-25 to 2019-12-31,1520.06,-61.0,0.839,2020-01-02 to 2026-05-20,2078.5,-72.79,1.024,36837.82,-72.79,0.917,0.806,24.93,591,123,0
"unit=0.75, cap=1.50, anchor=rolling_high, add=8%/20%, sell=extra_profit 12%, max_days=10, trend_sma=100, trend_exp=0.2, dd_guard=none, dd_exp=none",0.75,1.5,rolling_high,8.0,20.0,extra_profit,12.0,10,100,0.2,none,none,2010-06-25 to 2019-12-31,1286.23,-64.22,0.792,2020-01-02 to 2026-05-20,3871.69,-65.48,1.131,57523.09,-65.48,0.946,0.823,27.3,591,123,0
"unit=0.75, cap=1.50, anchor=rolling_high, add=8%/20%, sell=extra_profit 12%, max_days=10, trend_sma=75, trend_exp=0.2, dd_guard=0.35, dd_exp=0.25",0.75,1.5,rolling_high,8.0,20.0,extra_profit,12.0,10,75,0.2,35.0,0.25,2010-06-25 to 2019-12-31,670.7,-46.39,0.744,2020-01-02 to 2026-05-20,864.62,-52.25,0.913,7680.84,-52.25,0.819,0.559,12.83,591,123,0
"unit=0.75, cap=1.50, anchor=rolling_high, add=8%/20%, sell=extra_profit 12%, max_days=15, trend_sma=none, trend_exp=none, dd_guard=none, dd_exp=none",0.75,1.5,rolling_high,8.0,20.0,extra_profit,12.0,15,none,none,none,none,2010-06-25 to 2019-12-31,4381.68,-68.02,0.928,2020-01-02 to 2026-05-20,4215.79,-87.96,1.095,202334.63,-87.96,0.994,1.081,44.2,520,123,0
"unit=0.75, cap=1.50, anchor=rolling_high, add=8%/20%, sell=extra_profit 12%, max_days=15, trend_sma=75, trend_exp=0.2, dd_guard=none, dd_exp=none",0.75,1.5,rolling_high,8.0,20.0,extra_profit,12.0,15,75,0.2,none,none,2010-06-25 to 2019-12-31,886.93,-63.18,0.732,2020-01-02 to 2026-05-20,1586.03,-70.84,0.971,17315.46,-70.84,0.839,0.807,26.75,520,123,0
"unit=0.75, cap=1.50, anchor=rolling_high, add=8%/20%, sell=extra_profit 12%, max_days=15, trend_sma=75, trend_exp=0.25, dd_guard=none, dd_exp=none",0.75,1.5,rolling_high,8.0,20.0,extra_profit,12.0,15,75,0.25,none,none,2010-06-25 to 2019-12-31,998.0,-62.33,0.753,2020-01-02 to 2026-05-20,1742.99,-71.01,0.987,21079.13,-71.01,0.857,0.82,26.75,520,123,0
"unit=0.75, cap=1.50, anchor=rolling_high, add=8%/20%, sell=extra_profit 12%, max_days=15, trend_sma=100, trend_exp=0.2, dd_guard=none, dd_exp=none",0.75,1.5,rolling_high,8.0,20.0,extra_profit,12.0,15,100,0.2,none,none,2010-06-25 to 2019-12-31,802.91,-64.84,0.704,2020-01-02 to 2026-05-20,2807.61,-68.0,1.067,27376.54,-68.0,0.872,0.838,29.25,520,123,0
"unit=0.75, cap=1.50, anchor=rolling_high, add=8%/20%, sell=extra_profit 12%, max_days=15, trend_sma=75, trend_exp=0.2, dd_guard=0.35, dd_exp=0.25",0.75,1.5,rolling_high,8.0,20.0,extra_profit,12.0,15,75,0.2,35.0,0.25,2010-06-25 to 2019-12-31,255.7,-46.39,0.568,2020-01-02 to 2026-05-20,1217.12,-51.2,0.978,4803.31,-51.2,0.765,0.508,10.82,520,123,0
"unit=0.75, cap=1.50, anchor=rolling_high, add=8%/20%, sell=extra_profit 18%, max_days=10, trend_sma=none, trend_exp=none, dd_guard=none, dd_exp=none",0.75,1.5,rolling_high,8.0,20.0,extra_profit,18.0,10,none,none,none,none,2010-06-25 to 2019-12-31,4325.54,-68.8,0.926,2020-01-02 to 2026-05-20,10565.05,-88.46,1.23,493883.95,-88.46,1.06,1.077,43.58,558,123,0
"unit=0.75, cap=1.50, anchor=rolling_high, add=8%/20%, sell=extra_profit 18%, max_days=10, trend_sma=75, trend_exp=0.2, dd_guard=none, dd_exp=none",0.75,1.5,rolling_high,8.0,20.0,extra_profit,18.0,10,75,0.2,none,none,2010-06-25 to 2019-12-31,1553.63,-61.88,0.84,2020-01-02 to 2026-05-20,3069.92,-68.52,1.097,54761.91,-68.52,0.953,0.803,26.3,558,123,0
"unit=0.75, cap=1.50, anchor=rolling_high, add=8%/20%, sell=extra_profit 18%, max_days=10, trend_sma=75, trend_exp=0.25, dd_guard=none, dd_exp=none",0.75,1.5,rolling_high,8.0,20.0,extra_profit,18.0,10,75,0.25,none,none,2010-06-25 to 2019-12-31,1739.73,-61.0,0.86,2020-01-02 to 2026-05-20,3365.03,-68.71,1.113,66618.19,-68.71,0.971,0.816,26.3,558,123,0
"unit=0.75, cap=1.50, anchor=rolling_high, add=8%/20%, sell=extra_profit 18%, max_days=10, trend_sma=100, trend_exp=0.2, dd_guard=none, dd_exp=none",0.75,1.5,rolling_high,8.0,20.0,extra_profit,18.0,10,100,0.2,none,none,2010-06-25 to 2019-12-31,1283.13,-64.22,0.787,2020-01-02 to 2026-05-20,5207.42,-64.3,1.184,76729.87,-64.3,0.97,0.832,28.5,558,123,0
"unit=0.75, cap=1.50, anchor=rolling_high, add=8%/20%, sell=extra_profit 18%, max_days=10, trend_sma=75, trend_exp=0.2, dd_guard=0.35, dd_exp=0.25",0.75,1.5,rolling_high,8.0,20.0,extra_profit,18.0,10,75,0.2,35.0,0.25,2010-06-25 to 2019-12-31,706.92,-46.39,0.78,2020-01-02 to 2026-05-20,820.18,-51.74,0.889,7671.21,-51.74,0.82,0.549,12.57,558,123,0
"unit=0.75, cap=1.50, anchor=rolling_high, add=8%/20%, sell=extra_profit 18%, max_days=15, trend_sma=none, trend_exp=none, dd_guard=none, dd_exp=none",0.75,1.5,rolling_high,8.0,20.0,extra_profit,18.0,15,none,none,none,none,2010-06-25 to 2019-12-31,5598.75,-70.66,0.959,2020-01-02 to 2026-05-20,4478.34,-88.43,1.103,272968.7,-88.43,1.013,1.111,48.23,485,123,0
"unit=0.75, cap=1.50, anchor=rolling_high, add=8%/20%, sell=extra_profit 18%, max_days=15, trend_sma=75, trend_exp=0.2, dd_guard=none, dd_exp=none",0.75,1.5,rolling_high,8.0,20.0,extra_profit,18.0,15,75,0.2,none,none,2010-06-25 to 2019-12-31,1580.12,-63.18,0.833,2020-01-02 to 2026-05-20,1842.86,-68.31,0.994,34063.8,-68.31,0.9,0.83,29.93,485,123,0
"unit=0.75, cap=1.50, anchor=rolling_high, add=8%/20%, sell=extra_profit 18%, max_days=15, trend_sma=75, trend_exp=0.25, dd_guard=none, dd_exp=none",0.75,1.5,rolling_high,8.0,20.0,extra_profit,18.0,15,75,0.25,none,none,2010-06-25 to 2019-12-31,1769.2,-62.33,0.852,2020-01-02 to 2026-05-20,2023.74,-68.49,1.011,41446.98,-68.49,0.918,0.844,29.93,485,123,0
"unit=0.75, cap=1.50, anchor=rolling_high, add=8%/20%, sell=extra_profit 18%, max_days=15, trend_sma=100, trend_exp=0.2, dd_guard=none, dd_exp=none",0.75,1.5,rolling_high,8.0,20.0,extra_profit,18.0,15,100,0.2,none,none,2010-06-25 to 2019-12-31,1353.0,-64.76,0.79,2020-01-02 to 2026-05-20,3016.14,-66.95,1.075,47287.91,-66.95,0.918,0.861,32.32,485,123,0
"unit=0.75, cap=1.50, anchor=rolling_high, add=8%/20%, sell=extra_profit 18%, max_days=15, trend_sma=75, trend_exp=0.2, dd_guard=0.35, dd_exp=0.25",0.75,1.5,rolling_high,8.0,20.0,extra_profit,18.0,15,75,0.2,35.0,0.25,2010-06-25 to 2019-12-31,292.77,-46.39,0.619,2020-01-02 to 2026-05-20,764.03,-51.26,0.863,3451.82,-51.26,0.722,0.488,11.22,485,123,0
"unit=0.75, cap=1.50, anchor=rolling_high, add=8%/20%, sell=rebound_from_low 5%, max_days=10, trend_sma=none, trend_exp=none, dd_guard=none, dd_exp=none",0.75,1.5,rolling_high,8.0,20.0,rebound_from_low,5.0,10,none,none,none,none,2010-06-25 to 2019-12-31,2748.7,-67.86,0.87,2020-01-02 to 2026-05-20,12384.04,-83.59,1.272,372107.42,-83.59,1.053,0.996,32.88,823,123,0
"unit=0.75, cap=1.50, anchor=rolling_high, add=8%/20%, sell=rebound_from_low 5%, max_days=10, trend_sma=75, trend_exp=0.2, dd_guard=none, dd_exp=none",0.75,1.5,rolling_high,8.0,20.0,rebound_from_low,5.0,10,75,0.2,none,none,2010-06-25 to 2019-12-31,1187.36,-59.7,0.813,2020-01-02 to 2026-05-20,3260.0,-59.25,1.154,45171.42,-59.7,0.969,0.739,17.77,823,123,0
"unit=0.75, cap=1.50, anchor=rolling_high, add=8%/20%, sell=rebound_from_low 5%, max_days=10, trend_sma=75, trend_exp=0.25, dd_guard=none, dd_exp=none",0.75,1.5,rolling_high,8.0,20.0,rebound_from_low,5.0,10,75,0.25,none,none,2010-06-25 to 2019-12-31,1332.24,-58.77,0.835,2020-01-02 to 2026-05-20,3572.81,-58.92,1.17,54955.09,-58.92,0.988,0.752,17.77,823,123,0
"unit=0.75, cap=1.50, anchor=rolling_high, add=8%/20%, sell=rebound_from_low 5%, max_days=10, trend_sma=100, trend_exp=0.2, dd_guard=none, dd_exp=none",0.75,1.5,rolling_high,8.0,20.0,rebound_from_low,5.0,10,100,0.2,none,none,2010-06-25 to 2019-12-31,1098.18,-59.02,0.779,2020-01-02 to 2026-05-20,7026.01,-60.62,1.289,89261.81,-60.62,1.017,0.768,19.95,823,123,0
"unit=0.75, cap=1.50, anchor=rolling_high, add=8%/20%, sell=rebound_from_low 5%, max_days=10, trend_sma=75, trend_exp=0.2, dd_guard=0.35, dd_exp=0.25",0.75,1.5,rolling_high,8.0,20.0,rebound_from_low,5.0,10,75,0.2,35.0,0.25,2010-06-25 to 2019-12-31,186.5,-45.18,0.503,2020-01-02 to 2026-05-20,1321.07,-47.81,1.002,4161.15,-47.81,0.749,0.523,8.8,823,123,0
"unit=0.75, cap=1.50, anchor=rolling_high, add=8%/20%, sell=rebound_from_low 5%, max_days=15, trend_sma=none, trend_exp=none, dd_guard=none, dd_exp=none",0.75,1.5,rolling_high,8.0,20.0,rebound_from_low,5.0,15,none,none,none,none,2010-06-25 to 2019-12-31,3123.82,-67.86,0.89,2020-01-02 to 2026-05-20,12457.39,-83.59,1.273,423595.92,-83.59,1.063,0.998,33.02,812,123,0
"unit=0.75, cap=1.50, anchor=rolling_high, add=8%/20%, sell=rebound_from_low 5%, max_days=15, trend_sma=75, trend_exp=0.2, dd_guard=none, dd_exp=none",0.75,1.5,rolling_high,8.0,20.0,rebound_from_low,5.0,15,75,0.2,none,none,2010-06-25 to 2019-12-31,1239.77,-59.7,0.823,2020-01-02 to 2026-05-20,3260.0,-59.25,1.154,47014.32,-59.7,0.974,0.739,17.77,812,123,0
"unit=0.75, cap=1.50, anchor=rolling_high, add=8%/20%, sell=rebound_from_low 5%, max_days=15, trend_sma=75, trend_exp=0.25, dd_guard=none, dd_exp=none",0.75,1.5,rolling_high,8.0,20.0,rebound_from_low,5.0,15,75,0.25,none,none,2010-06-25 to 2019-12-31,1390.54,-58.77,0.844,2020-01-02 to 2026-05-20,3572.81,-58.92,1.17,57196.26,-58.92,0.992,0.752,17.77,812,123,0
"unit=0.75, cap=1.50, anchor=rolling_high, add=8%/20%, sell=rebound_from_low 5%, max_days=15, trend_sma=100, trend_exp=0.2, dd_guard=none, dd_exp=none",0.75,1.5,rolling_high,8.0,20.0,rebound_from_low,5.0,15,100,0.2,none,none,2010-06-25 to 2019-12-31,1142.03,-58.58,0.787,2020-01-02 to 2026-05-20,7220.54,-60.62,1.295,95061.03,-60.62,1.024,0.769,20.05,812,123,0
"unit=0.75, cap=1.50, anchor=rolling_high, add=8%/20%, sell=rebound_from_low 5%, max_days=15, trend_sma=75, trend_exp=0.2, dd_guard=0.35, dd_exp=0.25",0.75,1.5,rolling_high,8.0,20.0,rebound_from_low,5.0,15,75,0.2,35.0,0.25,2010-06-25 to 2019-12-31,774.11,-45.18,0.794,2020-01-02 to 2026-05-20,1321.07,-47.81,1.002,12900.66,-47.81,0.884,0.562,10.4,812,123,0
"unit=0.75, cap=2.00, anchor=rolling_high, add=5%/15%, sell=extra_profit 12%, max_days=10, trend_sma=none, trend_exp=none, dd_guard=none, dd_exp=none",0.75,2.0,rolling_high,5.0,15.0,extra_profit,12.0,10,none,none,none,none,2010-06-25 to 2019-12-31,9472.89,-77.54,1.003,2020-01-02 to 2026-05-20,6119.61,-95.22,1.151,623046.32,-95.22,1.058,1.255,56.0,729,123,0
"unit=0.75, cap=2.00, anchor=rolling_high, add=5%/15%, sell=extra_profit 12%, max_days=10, trend_sma=75, trend_exp=0.2, dd_guard=none, dd_exp=none",0.75,2.0,rolling_high,5.0,15.0,extra_profit,12.0,10,75,0.2,none,none,2010-06-25 to 2019-12-31,2582.03,-68.03,0.896,2020-01-02 to 2026-05-20,2488.31,-78.86,1.031,72554.57,-78.86,0.948,0.913,37.5,729,123,0
"unit=0.75, cap=2.00, anchor=rolling_high, add=5%/15%, sell=extra_profit 12%, max_days=10, trend_sma=75, trend_exp=0.25, dd_guard=none, dd_exp=none",0.75,2.0,rolling_high,5.0,15.0,extra_profit,12.0,10,75,0.25,none,none,2010-06-25 to 2019-12-31,2883.85,-67.29,0.914,2020-01-02 to 2026-05-20,2729.27,-78.99,1.046,88256.04,-78.99,0.964,0.926,37.5,729,123,0
"unit=0.75, cap=2.00, anchor=rolling_high, add=5%/15%, sell=extra_profit 12%, max_days=10, trend_sma=100, trend_exp=0.2, dd_guard=none, dd_exp=none",0.75,2.0,rolling_high,5.0,15.0,extra_profit,12.0,10,100,0.2,none,none,2010-06-25 to 2019-12-31,2321.5,-73.09,0.86,2020-01-02 to 2026-05-20,5053.14,-73.51,1.138,130498.83,-77.37,0.982,0.951,39.83,729,123,0
"unit=0.75, cap=2.00, anchor=rolling_high, add=5%/15%, sell=extra_profit 12%, max_days=10, trend_sma=75, trend_exp=0.2, dd_guard=0.35, dd_exp=0.25",0.75,2.0,rolling_high,5.0,15.0,extra_profit,12.0,10,75,0.2,35.0,0.25,2010-06-25 to 2019-12-31,664.8,-48.63,0.76,2020-01-02 to 2026-05-20,462.89,-55.07,0.75,4271.4,-55.07,0.731,0.542,15.68,729,123,0
"unit=0.75, cap=2.00, anchor=rolling_high, add=5%/15%, sell=extra_profit 12%, max_days=15, trend_sma=none, trend_exp=none, dd_guard=none, dd_exp=none",0.75,2.0,rolling_high,5.0,15.0,extra_profit,12.0,15,none,none,none,none,2010-06-25 to 2019-12-31,9194.38,-80.25,0.997,2020-01-02 to 2026-05-20,3825.51,-95.46,1.1,381756.49,-95.46,1.029,1.279,57.98,645,123,0
"unit=0.75, cap=2.00, anchor=rolling_high, add=5%/15%, sell=extra_profit 12%, max_days=15, trend_sma=75, trend_exp=0.2, dd_guard=none, dd_exp=none",0.75,2.0,rolling_high,5.0,15.0,extra_profit,12.0,15,75,0.2,none,none,2010-06-25 to 2019-12-31,2089.14,-70.47,0.854,2020-01-02 to 2026-05-20,2413.62,-75.11,1.023,57491.31,-75.11,0.923,0.933,39.23,645,123,0
"unit=0.75, cap=2.00, anchor=rolling_high, add=5%/15%, sell=extra_profit 12%, max_days=15, trend_sma=75, trend_exp=0.25, dd_guard=none, dd_exp=none",0.75,2.0,rolling_high,5.0,15.0,extra_profit,12.0,15,75,0.25,none,none,2010-06-25 to 2019-12-31,2335.5,-69.87,0.872,2020-01-02 to 2026-05-20,2647.63,-75.8,1.038,69937.44,-75.8,0.939,0.946,39.23,645,123,0
"unit=0.75, cap=2.00, anchor=rolling_high, add=5%/15%, sell=extra_profit 12%, max_days=15, trend_sma=100, trend_exp=0.2, dd_guard=none, dd_exp=none",0.75,2.0,rolling_high,5.0,15.0,extra_profit,12.0,15,100,0.2,none,none,2010-06-25 to 2019-12-31,1612.57,-78.46,0.799,2020-01-02 to 2026-05-20,4791.48,-72.19,1.125,87574.47,-81.11,0.946,0.971,41.58,645,123,0
"unit=0.75, cap=2.00, anchor=rolling_high, add=5%/15%, sell=extra_profit 12%, max_days=15, trend_sma=75, trend_exp=0.2, dd_guard=0.35, dd_exp=0.25",0.75,2.0,rolling_high,5.0,15.0,extra_profit,12.0,15,75,0.2,35.0,0.25,2010-06-25 to 2019-12-31,620.4,-46.22,0.761,2020-01-02 to 2026-05-20,257.89,-52.8,0.64,2598.42,-52.8,0.672,0.527,15.6,645,123,0
"unit=0.75, cap=2.00, anchor=rolling_high, add=5%/15%, sell=extra_profit 18%, max_days=10, trend_sma=none, trend_exp=none, dd_guard=none, dd_exp=none",0.75,2.0,rolling_high,5.0,15.0,extra_profit,18.0,10,none,none,none,none,2010-06-25 to 2019-12-31,4793.6,-79.25,0.918,2020-01-02 to 2026-05-20,4988.11,-95.3,1.127,260496.77,-95.3,1.005,1.283,59.33,696,123,0
"unit=0.75, cap=2.00, anchor=rolling_high, add=5%/15%, sell=extra_profit 18%, max_days=10, trend_sma=75, trend_exp=0.2, dd_guard=none, dd_exp=none",0.75,2.0,rolling_high,5.0,15.0,extra_profit,18.0,10,75,0.2,none,none,2010-06-25 to 2019-12-31,2758.52,-68.03,0.901,2020-01-02 to 2026-05-20,2470.32,-73.57,1.027,76797.77,-73.57,0.948,0.937,40.27,696,123,0
"unit=0.75, cap=2.00, anchor=rolling_high, add=5%/15%, sell=extra_profit 18%, max_days=10, trend_sma=75, trend_exp=0.25, dd_guard=none, dd_exp=none",0.75,2.0,rolling_high,5.0,15.0,extra_profit,18.0,10,75,0.25,none,none,2010-06-25 to 2019-12-31,3080.21,-67.29,0.918,2020-01-02 to 2026-05-20,2709.62,-73.35,1.042,93416.24,-73.35,0.964,0.95,40.27,696,123,0
"unit=0.75, cap=2.00, anchor=rolling_high, add=5%/15%, sell=extra_profit 18%, max_days=10, trend_sma=100, trend_exp=0.2, dd_guard=none, dd_exp=none",0.75,2.0,rolling_high,5.0,15.0,extra_profit,18.0,10,100,0.2,none,none,2010-06-25 to 2019-12-31,2015.82,-73.5,0.833,2020-01-02 to 2026-05-20,3932.61,-72.7,1.096,89199.49,-75.25,0.949,0.974,42.48,696,123,0
"unit=0.75, cap=2.00, anchor=rolling_high, add=5%/15%, sell=extra_profit 18%, max_days=10, trend_sma=75, trend_exp=0.2, dd_guard=0.35, dd_exp=0.25",0.75,2.0,rolling_high,5.0,15.0,extra_profit,18.0,10,75,0.2,35.0,0.25,2010-06-25 to 2019-12-31,286.51,-48.56,0.584,2020-01-02 to 2026-05-20,797.44,-56.61,0.86,3422.2,-56.61,0.705,0.5,14.47,696,123,0
"unit=0.75, cap=2.00, anchor=rolling_high, add=5%/15%, sell=extra_profit 18%, max_days=15, trend_sma=none, trend_exp=none, dd_guard=none, dd_exp=none",0.75,2.0,rolling_high,5.0,15.0,extra_profit,18.0,15,none,none,none,none,2010-06-25 to 2019-12-31,7735.19,-82.57,0.974,2020-01-02 to 2026-05-20,4673.89,-95.36,1.123,391376.68,-95.36,1.031,1.335,64.05,600,123,0
"unit=0.75, cap=2.00, anchor=rolling_high, add=5%/15%, sell=extra_profit 18%, max_days=15, trend_sma=75, trend_exp=0.2, dd_guard=none, dd_exp=none",0.75,2.0,rolling_high,5.0,15.0,extra_profit,18.0,15,75,0.2,none,none,2010-06-25 to 2019-12-31,2230.46,-70.17,0.858,2020-01-02 to 2026-05-20,2257.49,-74.38,1.008,57401.12,-74.38,0.918,0.98,44.42,600,123,0
"unit=0.75, cap=2.00, anchor=rolling_high, add=5%/15%, sell=extra_profit 18%, max_days=15, trend_sma=75, trend_exp=0.25, dd_guard=none, dd_exp=none",0.75,2.0,rolling_high,5.0,15.0,extra_profit,18.0,15,75,0.25,none,none,2010-06-25 to 2019-12-31,2492.73,-69.48,0.875,2020-01-02 to 2026-05-20,2476.97,-74.17,1.023,69827.76,-74.17,0.933,0.993,44.42,600,123,0
"unit=0.75, cap=2.00, anchor=rolling_high, add=5%/15%, sell=extra_profit 18%, max_days=15, trend_sma=100, trend_exp=0.2, dd_guard=none, dd_exp=none",0.75,2.0,rolling_high,5.0,15.0,extra_profit,18.0,15,100,0.2,none,none,2010-06-25 to 2019-12-31,1399.34,-78.89,0.774,2020-01-02 to 2026-05-20,5137.77,-72.74,1.132,82092.18,-79.61,0.937,1.016,46.52,600,123,0
"unit=0.75, cap=2.00, anchor=rolling_high, add=5%/15%, sell=extra_profit 18%, max_days=15, trend_sma=75, trend_exp=0.2, dd_guard=0.35, dd_exp=0.25",0.75,2.0,rolling_high,5.0,15.0,extra_profit,18.0,15,75,0.2,35.0,0.25,2010-06-25 to 2019-12-31,508.74,-46.11,0.697,2020-01-02 to 2026-05-20,396.79,-53.73,0.731,3065.13,-53.73,0.703,0.535,17.6,600,123,0
"unit=0.75, cap=2.00, anchor=rolling_high, add=5%/15%, sell=rebound_from_low 5%, max_days=10, trend_sma=none, trend_exp=none, dd_guard=none, dd_exp=none",0.75,2.0,rolling_high,5.0,15.0,rebound_from_low,5.0,10,none,none,none,none,2010-06-25 to 2019-12-31,9830.53,-71.98,1.017,2020-01-02 to 2026-05-20,20628.17,-89.37,1.316,2154254.23,-89.37,1.148,1.143,43.65,1065,123,0
"unit=0.75, cap=2.00, anchor=rolling_high, add=5%/15%, sell=rebound_from_low 5%, max_days=10, trend_sma=75, trend_exp=0.2, dd_guard=none, dd_exp=none",0.75,2.0,rolling_high,5.0,15.0,rebound_from_low,5.0,10,75,0.2,none,none,2010-06-25 to 2019-12-31,2421.99,-67.6,0.909,2020-01-02 to 2026-05-20,9246.45,-61.46,1.309,246602.65,-67.6,1.091,0.824,26.82,1065,123,0
"unit=0.75, cap=2.00, anchor=rolling_high, add=5%/15%, sell=rebound_from_low 5%, max_days=10, trend_sma=75, trend_exp=0.25, dd_guard=none, dd_exp=none",0.75,2.0,rolling_high,5.0,15.0,rebound_from_low,5.0,10,75,0.25,none,none,2010-06-25 to 2019-12-31,2705.81,-66.86,0.928,2020-01-02 to 2026-05-20,10116.58,-61.12,1.323,299917.86,-66.86,1.107,0.837,26.82,1065,123,0
"unit=0.75, cap=2.00, anchor=rolling_high, add=5%/15%, sell=rebound_from_low 5%, max_days=10, trend_sma=100, trend_exp=0.2, dd_guard=none, dd_exp=none",0.75,2.0,rolling_high,5.0,15.0,rebound_from_low,5.0,10,100,0.2,none,none,2010-06-25 to 2019-12-31,2577.79,-67.07,0.896,2020-01-02 to 2026-05-20,21327.57,-67.9,1.434,600428.81,-73.11,1.145,0.859,29.07,1065,123,0
"unit=0.75, cap=2.00, anchor=rolling_high, add=5%/15%, sell=rebound_from_low 5%, max_days=10, trend_sma=75, trend_exp=0.2, dd_guard=0.35, dd_exp=0.25",0.75,2.0,rolling_high,5.0,15.0,rebound_from_low,5.0,10,75,0.2,35.0,0.25,2010-06-25 to 2019-12-31,1261.87,-45.83,0.901,2020-01-02 to 2026-05-20,2403.63,-48.5,1.099,35585.37,-48.5,0.977,0.553,13.45,1065,123,0
"unit=0.75, cap=2.00, anchor=rolling_high, add=5%/15%, sell=rebound_from_low 5%, max_days=15, trend_sma=none, trend_exp=none, dd_guard=none, dd_exp=none",0.75,2.0,rolling_high,5.0,15.0,rebound_from_low,5.0,15,none,none,none,none,2010-06-25 to 2019-12-31,8486.19,-71.98,0.999,2020-01-02 to 2026-05-20,21039.19,-89.37,1.319,1899545.28,-89.37,1.14,1.144,43.77,1043,123,0
"unit=0.75, cap=2.00, anchor=rolling_high, add=5%/15%, sell=rebound_from_low 5%, max_days=15, trend_sma=75, trend_exp=0.2, dd_guard=none, dd_exp=none",0.75,2.0,rolling_high,5.0,15.0,rebound_from_low,5.0,15,75,0.2,none,none,2010-06-25 to 2019-12-31,2173.41,-67.6,0.89,2020-01-02 to 2026-05-20,9246.45,-61.46,1.309,222286.05,-67.6,1.081,0.823,26.8,1043,123,0
"unit=0.75, cap=2.00, anchor=rolling_high, add=5%/15%, sell=rebound_from_low 5%, max_days=15, trend_sma=75, trend_exp=0.25, dd_guard=none, dd_exp=none",0.75,2.0,rolling_high,5.0,15.0,rebound_from_low,5.0,15,75,0.25,none,none,2010-06-25 to 2019-12-31,2429.25,-66.86,0.909,2020-01-02 to 2026-05-20,10116.58,-61.12,1.323,270346.17,-66.86,1.098,0.836,26.8,1043,123,0
"unit=0.75, cap=2.00, anchor=rolling_high, add=5%/15%, sell=rebound_from_low 5%, max_days=15, trend_sma=100, trend_exp=0.2, dd_guard=none, dd_exp=none",0.75,2.0,rolling_high,5.0,15.0,rebound_from_low,5.0,15,100,0.2,none,none,2010-06-25 to 2019-12-31,2257.6,-67.07,0.875,2020-01-02 to 2026-05-20,22937.26,-67.9,1.447,568340.12,-73.11,1.141,0.86,29.15,1043,123,0
"unit=0.75, cap=2.00, anchor=rolling_high, add=5%/15%, sell=rebound_from_low 5%, max_days=15, trend_sma=75, trend_exp=0.2, dd_guard=0.35, dd_exp=0.25",0.75,2.0,rolling_high,5.0,15.0,rebound_from_low,5.0,15,75,0.2,35.0,0.25,2010-06-25 to 2019-12-31,1132.85,-45.83,0.875,2020-01-02 to 2026-05-20,2403.63,-48.5,1.099,32204.49,-48.5,0.965,0.552,13.48,1043,123,0
"unit=0.75, cap=2.00, anchor=rolling_high, add=5%/20%, sell=extra_profit 12%, max_days=10, trend_sma=none, trend_exp=none, dd_guard=none, dd_exp=none",0.75,2.0,rolling_high,5.0,20.0,extra_profit,12.0,10,none,none,none,none,2010-06-25 to 2019-12-31,15027.52,-74.55,1.068,2020-01-02 to 2026-05-20,5413.64,-95.02,1.136,872851.27,-95.02,1.081,1.228,56.03,701,123,0
"unit=0.75, cap=2.00, anchor=rolling_high, add=5%/20%, sell=extra_profit 12%, max_days=10, trend_sma=75, trend_exp=0.2, dd_guard=none, dd_exp=none",0.75,2.0,rolling_high,5.0,20.0,extra_profit,12.0,10,75,0.2,none,none,2010-06-25 to 2019-12-31,2935.42,-66.73,0.928,2020-01-02 to 2026-05-20,2538.96,-78.28,1.037,83736.99,-78.28,0.966,0.899,37.52,701,123,0
"unit=0.75, cap=2.00, anchor=rolling_high, add=5%/20%, sell=extra_profit 12%, max_days=10, trend_sma=75, trend_exp=0.25, dd_guard=none, dd_exp=none",0.75,2.0,rolling_high,5.0,20.0,extra_profit,12.0,10,75,0.25,none,none,2010-06-25 to 2019-12-31,3277.02,-65.97,0.946,2020-01-02 to 2026-05-20,2784.64,-78.41,1.053,101855.11,-78.41,0.983,0.912,37.52,701,123,0
"unit=0.75, cap=2.00, anchor=rolling_high, add=5%/20%, sell=extra_profit 12%, max_days=10, trend_sma=100, trend_exp=0.2, dd_guard=none, dd_exp=none",0.75,2.0,rolling_high,5.0,20.0,extra_profit,12.0,10,100,0.2,none,none,2010-06-25 to 2019-12-31,2464.84,-70.1,0.879,2020-01-02 to 2026-05-20,5000.09,-72.42,1.139,136805.45,-73.96,0.991,0.934,39.85,701,123,0
"unit=0.75, cap=2.00, anchor=rolling_high, add=5%/20%, sell=extra_profit 12%, max_days=10, trend_sma=75, trend_exp=0.2, dd_guard=0.35, dd_exp=0.25",0.75,2.0,rolling_high,5.0,20.0,extra_profit,12.0,10,75,0.2,35.0,0.25,2010-06-25 to 2019-12-31,1876.61,-51.01,1.001,2020-01-02 to 2026-05-20,1375.5,-55.07,0.99,30424.35,-55.07,0.973,0.559,17.12,701,123,0
"unit=0.75, cap=2.00, anchor=rolling_high, add=5%/20%, sell=extra_profit 12%, max_days=15, trend_sma=none, trend_exp=none, dd_guard=none, dd_exp=none",0.75,2.0,rolling_high,5.0,20.0,extra_profit,12.0,15,none,none,none,none,2010-06-25 to 2019-12-31,13267.66,-75.58,1.049,2020-01-02 to 2026-05-20,4568.89,-94.79,1.117,653109.72,-94.79,1.062,1.25,57.93,621,123,0
"unit=0.75, cap=2.00, anchor=rolling_high, add=5%/20%, sell=extra_profit 12%, max_days=15, trend_sma=75, trend_exp=0.2, dd_guard=none, dd_exp=none",0.75,2.0,rolling_high,5.0,20.0,extra_profit,12.0,15,75,0.2,none,none,2010-06-25 to 2019-12-31,2356.98,-67.05,0.883,2020-01-02 to 2026-05-20,3479.98,-77.39,1.091,91959.0,-77.39,0.971,0.915,39.12,621,123,0
"unit=0.75, cap=2.00, anchor=rolling_high, add=5%/20%, sell=extra_profit 12%, max_days=15, trend_sma=75, trend_exp=0.25, dd_guard=none, dd_exp=none",0.75,2.0,rolling_high,5.0,20.0,extra_profit,12.0,15,75,0.25,none,none,2010-06-25 to 2019-12-31,2633.48,-66.29,0.902,2020-01-02 to 2026-05-20,3813.27,-77.52,1.105,111853.99,-77.52,0.987,0.928,39.12,621,123,0
"unit=0.75, cap=2.00, anchor=rolling_high, add=5%/20%, sell=extra_profit 12%, max_days=15, trend_sma=100, trend_exp=0.2, dd_guard=none, dd_exp=none",0.75,2.0,rolling_high,5.0,20.0,extra_profit,12.0,15,100,0.2,none,none,2010-06-25 to 2019-12-31,1916.87,-73.46,0.834,2020-01-02 to 2026-05-20,7153.69,-72.36,1.195,153015.8,-77.24,0.997,0.95,41.48,621,123,0
"unit=0.75, cap=2.00, anchor=rolling_high, add=5%/20%, sell=extra_profit 12%, max_days=15, trend_sma=75, trend_exp=0.2, dd_guard=0.35, dd_exp=0.25",0.75,2.0,rolling_high,5.0,20.0,extra_profit,12.0,15,75,0.2,35.0,0.25,2010-06-25 to 2019-12-31,418.6,-51.82,0.683,2020-01-02 to 2026-05-20,124.37,-50.33,0.509,1081.55,-53.71,0.6,0.439,10.3,621,123,0
"unit=0.75, cap=2.00, anchor=rolling_high, add=5%/20%, sell=extra_profit 18%, max_days=10, trend_sma=none, trend_exp=none, dd_guard=none, dd_exp=none",0.75,2.0,rolling_high,5.0,20.0,extra_profit,18.0,10,none,none,none,none,2010-06-25 to 2019-12-31,8048.71,-76.22,0.985,2020-01-02 to 2026-05-20,5578.06,-95.1,1.139,484153.71,-95.1,1.043,1.258,59.38,668,123,0
"unit=0.75, cap=2.00, anchor=rolling_high, add=5%/20%, sell=extra_profit 18%, max_days=10, trend_sma=75, trend_exp=0.2, dd_guard=none, dd_exp=none",0.75,2.0,rolling_high,5.0,20.0,extra_profit,18.0,10,75,0.2,none,none,2010-06-25 to 2019-12-31,3298.35,-66.73,0.942,2020-01-02 to 2026-05-20,2934.18,-73.57,1.06,107817.94,-73.57,0.984,0.923,40.27,668,123,0
"unit=0.75, cap=2.00, anchor=rolling_high, add=5%/20%, sell=extra_profit 18%, max_days=10, trend_sma=75, trend_exp=0.25, dd_guard=none, dd_exp=none",0.75,2.0,rolling_high,5.0,20.0,extra_profit,18.0,10,75,0.25,none,none,2010-06-25 to 2019-12-31,3680.79,-65.97,0.96,2020-01-02 to 2026-05-20,3216.66,-73.37,1.075,131140.22,-73.37,1.0,0.936,40.27,668,123,0
"unit=0.75, cap=2.00, anchor=rolling_high, add=5%/20%, sell=extra_profit 18%, max_days=10, trend_sma=100, trend_exp=0.2, dd_guard=none, dd_exp=none",0.75,2.0,rolling_high,5.0,20.0,extra_profit,18.0,10,100,0.2,none,none,2010-06-25 to 2019-12-31,2333.25,-70.55,0.865,2020-01-02 to 2026-05-20,4520.91,-72.42,1.121,117579.01,-72.42,0.976,0.957,42.48,668,123,0
"unit=0.75, cap=2.00, anchor=rolling_high, add=5%/20%, sell=extra_profit 18%, max_days=10, trend_sma=75, trend_exp=0.2, dd_guard=0.35, dd_exp=0.25",0.75,2.0,rolling_high,5.0,20.0,extra_profit,18.0,10,75,0.2,35.0,0.25,2010-06-25 to 2019-12-31,2120.44,-51.01,1.004,2020-01-02 to 2026-05-20,1143.4,-56.61,0.948,28795.85,-56.61,0.958,0.584,19.35,668,123,0
"unit=0.75, cap=2.00, anchor=rolling_high, add=5%/20%, sell=extra_profit 18%, max_days=15, trend_sma=none, trend_exp=none, dd_guard=none, dd_exp=none",0.75,2.0,rolling_high,5.0,20.0,extra_profit,18.0,15,none,none,none,none,2010-06-25 to 2019-12-31,10749.6,-78.2,1.018,2020-01-02 to 2026-05-20,5553.87,-94.37,1.141,641912.71,-94.37,1.06,1.299,64.05,574,123,0
"unit=0.75, cap=2.00, anchor=rolling_high, add=5%/20%, sell=extra_profit 18%, max_days=15, trend_sma=75, trend_exp=0.2, dd_guard=none, dd_exp=none",0.75,2.0,rolling_high,5.0,20.0,extra_profit,18.0,15,75,0.2,none,none,2010-06-25 to 2019-12-31,2225.52,-67.13,0.867,2020-01-02 to 2026-05-20,2967.0,-74.38,1.058,74548.07,-74.38,0.947,0.956,44.32,574,123,0
"unit=0.75, cap=2.00, anchor=rolling_high, add=5%/20%, sell=extra_profit 18%, max_days=15, trend_sma=75, trend_exp=0.25, dd_guard=none, dd_exp=none",0.75,2.0,rolling_high,5.0,20.0,extra_profit,18.0,15,75,0.25,none,none,2010-06-25 to 2019-12-31,2487.23,-66.37,0.885,2020-01-02 to 2026-05-20,3252.53,-74.17,1.073,90680.36,-74.17,0.963,0.969,44.32,574,123,0
"unit=0.75, cap=2.00, anchor=rolling_high, add=5%/20%, sell=extra_profit 18%, max_days=15, trend_sma=100, trend_exp=0.2, dd_guard=none, dd_exp=none",0.75,2.0,rolling_high,5.0,20.0,extra_profit,18.0,15,100,0.2,none,none,2010-06-25 to 2019-12-31,1605.51,-74.0,0.801,2020-01-02 to 2026-05-20,6963.56,-69.32,1.187,125984.61,-75.42,0.977,0.99,46.45,574,123,0
"unit=0.75, cap=2.00, anchor=rolling_high, add=5%/20%, sell=extra_profit 18%, max_days=15, trend_sma=75, trend_exp=0.2, dd_guard=0.35, dd_exp=0.25",0.75,2.0,rolling_high,5.0,20.0,extra_profit,18.0,15,75,0.2,35.0,0.25,2010-06-25 to 2019-12-31,2299.58,-51.82,0.974,2020-01-02 to 2026-05-20,103.82,-56.18,0.481,4866.32,-56.18,0.791,0.554,18.85,574,123,0
"unit=0.75, cap=2.00, anchor=rolling_high, add=5%/20%, sell=rebound_from_low 5%, max_days=10, trend_sma=none, trend_exp=none, dd_guard=none, dd_exp=none",0.75,2.0,rolling_high,5.0,20.0,rebound_from_low,5.0,10,none,none,none,none,2010-06-25 to 2019-12-31,11615.9,-71.04,1.047,2020-01-02 to 2026-05-20,18906.12,-89.27,1.308,2330420.17,-89.27,1.158,1.118,43.65,1014,123,0
"unit=0.75, cap=2.00, anchor=rolling_high, add=5%/20%, sell=rebound_from_low 5%, max_days=10, trend_sma=75, trend_exp=0.2, dd_guard=none, dd_exp=none",0.75,2.0,rolling_high,5.0,20.0,rebound_from_low,5.0,10,75,0.2,none,none,2010-06-25 to 2019-12-31,2632.92,-66.56,0.934,2020-01-02 to 2026-05-20,8106.44,-60.51,1.301,234628.4,-66.56,1.1,0.812,26.82,1014,123,0
"unit=0.75, cap=2.00, anchor=rolling_high, add=5%/20%, sell=rebound_from_low 5%, max_days=10, trend_sma=75, trend_exp=0.25, dd_guard=none, dd_exp=none",0.75,2.0,rolling_high,5.0,20.0,rebound_from_low,5.0,10,75,0.25,none,none,2010-06-25 to 2019-12-31,2940.47,-65.78,0.953,2020-01-02 to 2026-05-20,8870.44,-60.18,1.315,285355.85,-65.78,1.117,0.825,26.82,1014,123,0
"unit=0.75, cap=2.00, anchor=rolling_high, add=5%/20%, sell=rebound_from_low 5%, max_days=10, trend_sma=100, trend_exp=0.2, dd_guard=none, dd_exp=none",0.75,2.0,rolling_high,5.0,20.0,rebound_from_low,5.0,10,100,0.2,none,none,2010-06-25 to 2019-12-31,2514.19,-66.92,0.902,2020-01-02 to 2026-05-20,18531.09,-66.1,1.426,509652.74,-71.71,1.144,0.845,29.07,1014,123,0
"unit=0.75, cap=2.00, anchor=rolling_high, add=5%/20%, sell=rebound_from_low 5%, max_days=10, trend_sma=75, trend_exp=0.2, dd_guard=0.35, dd_exp=0.25",0.75,2.0,rolling_high,5.0,20.0,rebound_from_low,5.0,10,75,0.2,35.0,0.25,2010-06-25 to 2019-12-31,318.68,-45.92,0.604,2020-01-02 to 2026-05-20,1700.04,-51.08,1.096,7787.72,-51.08,0.841,0.486,10.03,1014,123,0
"unit=0.75, cap=2.00, anchor=rolling_high, add=5%/20%, sell=rebound_from_low 5%, max_days=15, trend_sma=none, trend_exp=none, dd_guard=none, dd_exp=none",0.75,2.0,rolling_high,5.0,20.0,rebound_from_low,5.0,15,none,none,none,none,2010-06-25 to 2019-12-31,10118.51,-71.04,1.029,2020-01-02 to 2026-05-20,19718.08,-89.27,1.313,2119397.78,-89.27,1.152,1.12,43.77,996,123,0
"unit=0.75, cap=2.00, anchor=rolling_high, add=5%/20%, sell=rebound_from_low 5%, max_days=15, trend_sma=75, trend_exp=0.2, dd_guard=none, dd_exp=none",0.75,2.0,rolling_high,5.0,20.0,rebound_from_low,5.0,15,75,0.2,none,none,2010-06-25 to 2019-12-31,2352.76,-66.56,0.913,2020-01-02 to 2026-05-20,8037.05,-60.51,1.299,208784.48,-66.56,1.089,0.812,26.8,996,123,0
"unit=0.75, cap=2.00, anchor=rolling_high, add=5%/20%, sell=rebound_from_low 5%, max_days=15, trend_sma=75, trend_exp=0.25, dd_guard=none, dd_exp=none",0.75,2.0,rolling_high,5.0,20.0,rebound_from_low,5.0,15,75,0.25,none,none,2010-06-25 to 2019-12-31,2628.79,-65.78,0.932,2020-01-02 to 2026-05-20,8794.59,-60.18,1.314,253926.76,-65.78,1.105,0.825,26.8,996,123,0
"unit=0.75, cap=2.00, anchor=rolling_high, add=5%/20%, sell=rebound_from_low 5%, max_days=15, trend_sma=100, trend_exp=0.2, dd_guard=none, dd_exp=none",0.75,2.0,rolling_high,5.0,20.0,rebound_from_low,5.0,15,100,0.2,none,none,2010-06-25 to 2019-12-31,2259.56,-66.92,0.883,2020-01-02 to 2026-05-20,20380.33,-66.1,1.443,505668.81,-71.71,1.143,0.846,29.15,996,123,0
"unit=0.75, cap=2.00, anchor=rolling_high, add=5%/20%, sell=rebound_from_low 5%, max_days=15, trend_sma=75, trend_exp=0.2, dd_guard=0.35, dd_exp=0.25",0.75,2.0,rolling_high,5.0,20.0,rebound_from_low,5.0,15,75,0.2,35.0,0.25,2010-06-25 to 2019-12-31,386.48,-45.92,0.648,2020-01-02 to 2026-05-20,1700.04,-51.08,1.096,9064.97,-51.08,0.861,0.491,10.38,996,123,0
"unit=0.75, cap=2.00, anchor=rolling_high, add=8%/20%, sell=extra_profit 12%, max_days=10, trend_sma=none, trend_exp=none, dd_guard=none, dd_exp=none",0.75,2.0,rolling_high,8.0,20.0,extra_profit,12.0,10,none,none,none,none,2010-06-25 to 2019-12-31,4325.45,-78.15,0.911,2020-01-02 to 2026-05-20,6542.77,-91.88,1.158,307573.82,-91.88,1.016,1.126,41.88,591,123,0
"unit=0.75, cap=2.00, anchor=rolling_high, add=8%/20%, sell=extra_profit 12%, max_days=10, trend_sma=75, trend_exp=0.2, dd_guard=none, dd_exp=none",0.75,2.0,rolling_high,8.0,20.0,extra_profit,12.0,10,75,0.2,none,none,2010-06-25 to 2019-12-31,1114.11,-66.07,0.775,2020-01-02 to 2026-05-20,1666.75,-75.58,0.97,22349.97,-75.58,0.857,0.806,24.93,591,123,0
"unit=0.75, cap=2.00, anchor=rolling_high, add=8%/20%, sell=extra_profit 12%, max_days=10, trend_sma=75, trend_exp=0.25, dd_guard=none, dd_exp=none",0.75,2.0,rolling_high,8.0,20.0,extra_profit,12.0,10,75,0.25,none,none,2010-06-25 to 2019-12-31,1250.74,-65.29,0.795,2020-01-02 to 2026-05-20,1831.23,-75.72,0.986,27201.66,-75.72,0.874,0.82,24.93,591,123,0
"unit=0.75, cap=2.00, anchor=rolling_high, add=8%/20%, sell=extra_profit 12%, max_days=10, trend_sma=100, trend_exp=0.2, dd_guard=none, dd_exp=none",0.75,2.0,rolling_high,8.0,20.0,extra_profit,12.0,10,100,0.2,none,none,2010-06-25 to 2019-12-31,939.16,-69.02,0.728,2020-01-02 to 2026-05-20,4229.39,-69.27,1.119,46986.26,-72.67,0.909,0.841,27.3,591,123,0
"unit=0.75, cap=2.00, anchor=rolling_high, add=8%/20%, sell=extra_profit 12%, max_days=10, trend_sma=75, trend_exp=0.2, dd_guard=0.35, dd_exp=0.25",0.75,2.0,rolling_high,8.0,20.0,extra_profit,12.0,10,75,0.2,35.0,0.25,2010-06-25 to 2019-12-31,672.32,-44.95,0.73,2020-01-02 to 2026-05-20,1020.49,-55.07,0.938,8957.14,-55.07,0.824,0.584,13.48,591,123,0
"unit=0.75, cap=2.00, anchor=rolling_high, add=8%/20%, sell=extra_profit 12%, max_days=15, trend_sma=none, trend_exp=none, dd_guard=none, dd_exp=none",0.75,2.0,rolling_high,8.0,20.0,extra_profit,12.0,15,none,none,none,none,2010-06-25 to 2019-12-31,4472.42,-80.72,0.913,2020-01-02 to 2026-05-20,3021.8,-92.54,1.058,149294.74,-92.54,0.967,1.151,44.2,520,123,0
"unit=0.75, cap=2.00, anchor=rolling_high, add=8%/20%, sell=extra_profit 12%, max_days=15, trend_sma=75, trend_exp=0.2, dd_guard=none, dd_exp=none",0.75,2.0,rolling_high,8.0,20.0,extra_profit,12.0,15,75,0.2,none,none,2010-06-25 to 2019-12-31,789.83,-68.62,0.706,2020-01-02 to 2026-05-20,1300.98,-74.55,0.922,12947.38,-74.55,0.801,0.824,26.75,520,123,0
"unit=0.75, cap=2.00, anchor=rolling_high, add=8%/20%, sell=extra_profit 12%, max_days=15, trend_sma=75, trend_exp=0.25, dd_guard=none, dd_exp=none",0.75,2.0,rolling_high,8.0,20.0,extra_profit,12.0,15,75,0.25,none,none,2010-06-25 to 2019-12-31,889.97,-67.9,0.726,2020-01-02 to 2026-05-20,1431.41,-74.7,0.938,15767.06,-74.7,0.818,0.837,26.75,520,123,0
"unit=0.75, cap=2.00, anchor=rolling_high, add=8%/20%, sell=extra_profit 12%, max_days=15, trend_sma=100, trend_exp=0.2, dd_guard=none, dd_exp=none",0.75,2.0,rolling_high,8.0,20.0,extra_profit,12.0,15,100,0.2,none,none,2010-06-25 to 2019-12-31,672.23,-69.39,0.67,2020-01-02 to 2026-05-20,2650.08,-72.03,1.034,22126.76,-73.4,0.839,0.861,29.25,520,123,0
"unit=0.75, cap=2.00, anchor=rolling_high, add=8%/20%, sell=extra_profit 12%, max_days=15, trend_sma=75, trend_exp=0.2, dd_guard=0.35, dd_exp=0.25",0.75,2.0,rolling_high,8.0,20.0,extra_profit,12.0,15,75,0.2,35.0,0.25,2010-06-25 to 2019-12-31,607.52,-44.69,0.738,2020-01-02 to 2026-05-20,749.8,-51.6,0.862,6192.74,-51.6,0.787,0.544,11.85,520,123,0
"unit=0.75, cap=2.00, anchor=rolling_high, add=8%/20%, sell=extra_profit 18%, max_days=10, trend_sma=none, trend_exp=none, dd_guard=none, dd_exp=none",0.75,2.0,rolling_high,8.0,20.0,extra_profit,18.0,10,none,none,none,none,2010-06-25 to 2019-12-31,3318.29,-77.39,0.875,2020-01-02 to 2026-05-20,7760.06,-93.21,1.18,281102.42,-93.21,1.01,1.139,43.58,558,123,0
"unit=0.75, cap=2.00, anchor=rolling_high, add=8%/20%, sell=extra_profit 18%, max_days=10, trend_sma=75, trend_exp=0.2, dd_guard=none, dd_exp=none",0.75,2.0,rolling_high,8.0,20.0,extra_profit,18.0,10,75,0.2,none,none,2010-06-25 to 2019-12-31,1296.08,-66.07,0.798,2020-01-02 to 2026-05-20,2534.25,-73.57,1.043,38390.44,-73.57,0.905,0.817,26.3,558,123,0
"unit=0.75, cap=2.00, anchor=rolling_high, add=8%/20%, sell=extra_profit 18%, max_days=10, trend_sma=75, trend_exp=0.25, dd_guard=none, dd_exp=none",0.75,2.0,rolling_high,8.0,20.0,extra_profit,18.0,10,75,0.25,none,none,2010-06-25 to 2019-12-31,1453.19,-65.29,0.818,2020-01-02 to 2026-05-20,2779.49,-73.35,1.059,46708.66,-73.35,0.922,0.83,26.3,558,123,0
"unit=0.75, cap=2.00, anchor=rolling_high, add=8%/20%, sell=extra_profit 18%, max_days=10, trend_sma=100, trend_exp=0.2, dd_guard=none, dd_exp=none",0.75,2.0,rolling_high,8.0,20.0,extra_profit,18.0,10,100,0.2,none,none,2010-06-25 to 2019-12-31,923.04,-68.82,0.723,2020-01-02 to 2026-05-20,5038.29,-69.77,1.15,54916.61,-69.77,0.922,0.851,28.5,558,123,0
"unit=0.75, cap=2.00, anchor=rolling_high, add=8%/20%, sell=extra_profit 18%, max_days=10, trend_sma=75, trend_exp=0.2, dd_guard=0.35, dd_exp=0.25",0.75,2.0,rolling_high,8.0,20.0,extra_profit,18.0,10,75,0.2,35.0,0.25,2010-06-25 to 2019-12-31,168.41,-48.42,0.484,2020-01-02 to 2026-05-20,404.24,-56.61,0.738,1274.31,-56.61,0.6,0.464,9.3,558,123,0
"unit=0.75, cap=2.00, anchor=rolling_high, add=8%/20%, sell=extra_profit 18%, max_days=15, trend_sma=none, trend_exp=none, dd_guard=none, dd_exp=none",0.75,2.0,rolling_high,8.0,20.0,extra_profit,18.0,15,none,none,none,none,2010-06-25 to 2019-12-31,5768.64,-80.8,0.943,2020-01-02 to 2026-05-20,3718.53,-92.63,1.086,234440.19,-92.63,0.996,1.184,48.23,485,123,0
"unit=0.75, cap=2.00, anchor=rolling_high, add=8%/20%, sell=extra_profit 18%, max_days=15, trend_sma=75, trend_exp=0.2, dd_guard=none, dd_exp=none",0.75,2.0,rolling_high,8.0,20.0,extra_profit,18.0,15,75,0.2,none,none,2010-06-25 to 2019-12-31,1469.91,-68.62,0.811,2020-01-02 to 2026-05-20,1501.42,-74.38,0.944,26212.54,-74.38,0.862,0.849,29.93,485,123,0
"unit=0.75, cap=2.00, anchor=rolling_high, add=8%/20%, sell=extra_profit 18%, max_days=15, trend_sma=75, trend_exp=0.25, dd_guard=none, dd_exp=none",0.75,2.0,rolling_high,8.0,20.0,extra_profit,18.0,15,75,0.25,none,none,2010-06-25 to 2019-12-31,1646.58,-67.9,0.831,2020-01-02 to 2026-05-20,1650.51,-74.17,0.96,31898.97,-74.17,0.879,0.862,29.93,485,123,0
"unit=0.75, cap=2.00, anchor=rolling_high, add=8%/20%, sell=extra_profit 18%, max_days=15, trend_sma=100, trend_exp=0.2, dd_guard=none, dd_exp=none",0.75,2.0,rolling_high,8.0,20.0,extra_profit,18.0,15,100,0.2,none,none,2010-06-25 to 2019-12-31,1174.62,-68.14,0.758,2020-01-02 to 2026-05-20,2851.04,-71.25,1.043,39267.6,-71.25,0.886,0.886,32.32,485,123,0
"unit=0.75, cap=2.00, anchor=rolling_high, add=8%/20%, sell=extra_profit 18%, max_days=15, trend_sma=75, trend_exp=0.2, dd_guard=0.35, dd_exp=0.25",0.75,2.0,rolling_high,8.0,20.0,extra_profit,18.0,15,75,0.2,35.0,0.25,2010-06-25 to 2019-12-31,790.13,-44.64,0.824,2020-01-02 to 2026-05-20,854.95,-56.18,0.908,8796.47,-56.18,0.85,0.504,11.25,485,123,0
"unit=0.75, cap=2.00, anchor=rolling_high, add=8%/20%, sell=rebound_from_low 5%, max_days=10, trend_sma=none, trend_exp=none, dd_guard=none, dd_exp=none",0.75,2.0,rolling_high,8.0,20.0,rebound_from_low,5.0,10,none,none,none,none,2010-06-25 to 2019-12-31,2701.2,-73.7,0.855,2020-01-02 to 2026-05-20,12490.42,-86.52,1.255,369020.16,-86.52,1.037,1.038,32.88,823,123,0
"unit=0.75, cap=2.00, anchor=rolling_high, add=8%/20%, sell=rebound_from_low 5%, max_days=10, trend_sma=75, trend_exp=0.2, dd_guard=none, dd_exp=none",0.75,2.0,rolling_high,8.0,20.0,rebound_from_low,5.0,10,75,0.2,none,none,2010-06-25 to 2019-12-31,1159.3,-61.92,0.805,2020-01-02 to 2026-05-20,3169.47,-60.51,1.127,42991.26,-61.92,0.951,0.744,17.77,823,123,0
"unit=0.75, cap=2.00, anchor=rolling_high, add=8%/20%, sell=rebound_from_low 5%, max_days=10, trend_sma=75, trend_exp=0.25, dd_guard=none, dd_exp=none",0.75,2.0,rolling_high,8.0,20.0,rebound_from_low,5.0,10,75,0.25,none,none,2010-06-25 to 2019-12-31,1301.01,-61.04,0.826,2020-01-02 to 2026-05-20,3473.85,-60.18,1.143,52303.77,-61.04,0.97,0.757,17.77,823,123,0
"unit=0.75, cap=2.00, anchor=rolling_high, add=8%/20%, sell=rebound_from_low 5%, max_days=10, trend_sma=100, trend_exp=0.2, dd_guard=none, dd_exp=none",0.75,2.0,rolling_high,8.0,20.0,rebound_from_low,5.0,10,100,0.2,none,none,2010-06-25 to 2019-12-31,992.7,-62.34,0.754,2020-01-02 to 2026-05-20,7997.67,-66.1,1.283,92506.79,-66.1,1.003,0.777,19.95,823,123,0
"unit=0.75, cap=2.00, anchor=rolling_high, add=8%/20%, sell=rebound_from_low 5%, max_days=10, trend_sma=75, trend_exp=0.2, dd_guard=0.35, dd_exp=0.25",0.75,2.0,rolling_high,8.0,20.0,rebound_from_low,5.0,10,75,0.2,35.0,0.25,2010-06-25 to 2019-12-31,198.62,-45.44,0.514,2020-01-02 to 2026-05-20,1512.81,-47.76,1.026,4940.66,-47.76,0.767,0.517,8.38,823,123,0
"unit=0.75, cap=2.00, anchor=rolling_high, add=8%/20%, sell=rebound_from_low 5%, max_days=15, trend_sma=none, trend_exp=none, dd_guard=none, dd_exp=none",0.75,2.0,rolling_high,8.0,20.0,rebound_from_low,5.0,15,none,none,none,none,2010-06-25 to 2019-12-31,3035.61,-73.7,0.871,2020-01-02 to 2026-05-20,13018.71,-86.52,1.26,430423.15,-86.52,1.048,1.04,33.02,812,123,0
"unit=0.75, cap=2.00, anchor=rolling_high, add=8%/20%, sell=rebound_from_low 5%, max_days=15, trend_sma=75, trend_exp=0.2, dd_guard=none, dd_exp=none",0.75,2.0,rolling_high,8.0,20.0,rebound_from_low,5.0,15,75,0.2,none,none,2010-06-25 to 2019-12-31,1210.56,-61.92,0.814,2020-01-02 to 2026-05-20,3141.82,-60.51,1.125,44366.2,-61.92,0.955,0.744,17.77,812,123,0
"unit=0.75, cap=2.00, anchor=rolling_high, add=8%/20%, sell=rebound_from_low 5%, max_days=15, trend_sma=75, trend_exp=0.25, dd_guard=none, dd_exp=none",0.75,2.0,rolling_high,8.0,20.0,rebound_from_low,5.0,15,75,0.25,none,none,2010-06-25 to 2019-12-31,1358.05,-61.04,0.835,2020-01-02 to 2026-05-20,3443.63,-60.18,1.141,53975.85,-61.04,0.973,0.757,17.77,812,123,0
"unit=0.75, cap=2.00, anchor=rolling_high, add=8%/20%, sell=rebound_from_low 5%, max_days=15, trend_sma=100, trend_exp=0.2, dd_guard=none, dd_exp=none",0.75,2.0,rolling_high,8.0,20.0,rebound_from_low,5.0,15,100,0.2,none,none,2010-06-25 to 2019-12-31,1032.69,-62.34,0.762,2020-01-02 to 2026-05-20,8794.91,-66.1,1.301,105347.15,-66.1,1.016,0.778,20.05,812,123,0
"unit=0.75, cap=2.00, anchor=rolling_high, add=8%/20%, sell=rebound_from_low 5%, max_days=15, trend_sma=75, trend_exp=0.2, dd_guard=0.35, dd_exp=0.25",0.75,2.0,rolling_high,8.0,20.0,rebound_from_low,5.0,15,75,0.2,35.0,0.25,2010-06-25 to 2019-12-31,811.08,-45.44,0.802,2020-01-02 to 2026-05-20,1512.81,-47.76,1.026,15278.91,-47.76,0.899,0.557,9.98,812,123,0
