date,equity,held,exposure,regime,base_target
2010-07-01,1.0,CASH,0.0,WARMUP,TQQQ
2010-07-02,1.0,CASH,0.0,WARMUP,TQQQ
2010-07-06,1.0,CASH,0.0,WARMUP,TQQQ
2010-07-07,1.0,CASH,0.0,WARMUP,TQQQ
2010-07-08,1.0,CASH,0.0,WARMUP,TQQQ
2010-07-09,1.0,CASH,0.0,WARMUP,TQQQ
2010-07-12,1.0,CASH,0.0,WARMUP,TQQQ
2010-07-13,1.0,CASH,0.0,WARMUP,TQQQ
2010-07-14,1.0,CASH,0.0,WARMUP,TQQQ
2010-07-15,1.0,CASH,0.0,WARMUP,TQQQ
2010-07-16,1.0,CASH,0.0,WARMUP,TQQQ
2010-07-19,1.0,CASH,0.0,WARMUP,TQQQ
2010-07-20,1.0,CASH,0.0,WARMUP,TQQQ
2010-07-21,1.0,CASH,0.0,WARMUP,TQQQ
2010-07-22,1.0,CASH,0.0,WARMUP,TQQQ
2010-07-23,1.0,CASH,0.0,WARMUP,TQQQ
2010-07-26,1.0,CASH,0.0,WARMUP,TQQQ
2010-07-27,1.0,CASH,0.0,WARMUP,TQQQ
2010-07-28,1.0,CASH,0.0,WARMUP,TQQQ
2010-07-29,1.0,CASH,0.0,WARMUP,TQQQ
2010-07-30,1.0,CASH,0.0,WARMUP,TQQQ
2010-08-02,1.0,CASH,0.0,WARMUP,TQQQ
2010-08-03,1.0,CASH,0.0,WARMUP,TQQQ
2010-08-04,1.0,CASH,0.0,WARMUP,TQQQ
2010-08-05,1.0,CASH,0.0,WARMUP,TQQQ
2010-08-06,1.0,CASH,0.0,WARMUP,TQQQ
2010-08-09,1.0,CASH,0.0,WARMUP,TQQQ
2010-08-10,1.0,CASH,0.0,WARMUP,TQQQ
2010-08-11,1.0,CASH,0.0,WARMUP,TQQQ
2010-08-12,1.0,CASH,0.0,WARMUP,TQQQ
2010-08-13,1.0,CASH,0.0,WARMUP,TQQQ
2010-08-16,1.0,CASH,0.0,WARMUP,TQQQ
2010-08-17,1.0,CASH,0.0,WARMUP,TQQQ
2010-08-18,1.0,CASH,0.0,WARMUP,TQQQ
2010-08-19,1.0,CASH,0.0,WARMUP,TQQQ
2010-08-20,1.0,CASH,0.0,WARMUP,TQQQ
2010-08-23,1.0,CASH,0.0,WARMUP,TQQQ
2010-08-24,1.0,CASH,0.0,WARMUP,TQQQ
2010-08-25,1.0,CASH,0.0,WARMUP,TQQQ
2010-08-26,1.0,CASH,0.0,WARMUP,TQQQ
2010-08-27,1.0,CASH,0.0,WARMUP,TQQQ
2010-08-30,1.0,CASH,0.0,WARMUP,TQQQ
2010-08-31,1.0,CASH,0.0,WARMUP,TQQQ
2010-09-01,1.0,CASH,0.0,WARMUP,TQQQ
2010-09-02,1.0,CASH,0.0,WARMUP,TQQQ
2010-09-03,1.0,CASH,0.0,WARMUP,TQQQ
2010-09-07,1.0,CASH,0.0,WARMUP,TQQQ
2010-09-08,1.0,CASH,0.0,WARMUP,TQQQ
2010-09-09,1.0,CASH,0.0,WARMUP,TQQQ
2010-09-10,1.0,CASH,0.0,WARMUP,TQQQ
2010-09-13,1.0,CASH,0.0,WARMUP,TQQQ
2010-09-14,1.0,CASH,0.0,WARMUP,TQQQ
2010-09-15,1.0,CASH,0.0,WARMUP,TQQQ
2010-09-16,1.0,CASH,0.0,WARMUP,TQQQ
2010-09-17,1.0,CASH,0.0,WARMUP,TQQQ
2010-09-20,1.0,CASH,0.0,WARMUP,TQQQ
2010-09-21,1.0,CASH,0.0,WARMUP,TQQQ
2010-09-22,1.0,CASH,0.0,WARMUP,TQQQ
2010-09-23,1.0,CASH,0.0,WARMUP,TQQQ
2010-09-24,1.0,CASH,0.0,WARMUP,TQQQ
2010-09-27,1.0,CASH,0.0,WARMUP,TQQQ
2010-09-28,1.0,CASH,0.0,WARMUP,TQQQ
2010-09-29,1.0,CASH,0.0,WARMUP,TQQQ
2010-09-30,1.0,CASH,0.0,WARMUP,TQQQ
2010-10-01,1.0,CASH,0.0,WARMUP,TQQQ
2010-10-04,1.0,CASH,0.0,WARMUP,TQQQ
2010-10-05,1.0,CASH,0.0,WARMUP,TQQQ
2010-10-06,1.0,CASH,0.0,WARMUP,TQQQ
2010-10-07,1.0,CASH,0.0,WARMUP,TQQQ
2010-10-08,1.0,CASH,0.0,WARMUP,TQQQ
2010-10-11,1.0,CASH,0.0,WARMUP,TQQQ
2010-10-12,1.0,CASH,0.0,WARMUP,TQQQ
2010-10-13,1.0,CASH,0.0,WARMUP,TQQQ
2010-10-14,1.0,CASH,0.0,WARMUP,TQQQ
2010-10-15,1.0,CASH,0.0,WARMUP,TQQQ
2010-10-18,1.0,CASH,0.0,WARMUP,TQQQ
2010-10-19,1.0,CASH,0.0,WARMUP,TQQQ
2010-10-20,1.0,CASH,0.0,WARMUP,TQQQ
2010-10-21,1.0,CASH,0.0,WARMUP,TQQQ
2010-10-22,1.0,CASH,0.0,WARMUP,TQQQ
2010-10-25,1.0,CASH,0.0,WARMUP,TQQQ
2010-10-26,1.0,CASH,0.0,WARMUP,TQQQ
2010-10-27,1.0,CASH,0.0,WARMUP,TQQQ
2010-10-28,1.0,CASH,0.0,WARMUP,TQQQ
2010-10-29,1.0,CASH,0.0,WARMUP,TQQQ
2010-11-01,1.0,CASH,0.0,WARMUP,TQQQ
2010-11-02,1.0,CASH,0.0,WARMUP,TQQQ
2010-11-03,1.0,CASH,0.0,WARMUP,TQQQ
2010-11-04,1.0,CASH,0.0,WARMUP,TQQQ
2010-11-05,1.0,CASH,0.0,WARMUP,TQQQ
2010-11-08,1.0,CASH,0.0,WARMUP,TQQQ
2010-11-09,1.0,CASH,0.0,WARMUP,TQQQ
2010-11-10,1.0,CASH,0.0,WARMUP,TQQQ
2010-11-11,1.0,CASH,0.0,WARMUP,TQQQ
2010-11-12,1.0,CASH,0.0,WARMUP,TQQQ
2010-11-15,1.0,CASH,0.0,WARMUP,TQQQ
2010-11-16,1.0,CASH,0.0,WARMUP,TQQQ
2010-11-17,1.0,CASH,0.0,WARMUP,TQQQ
2010-11-18,1.0,CASH,0.0,WARMUP,TQQQ
2010-11-19,1.0,CASH,0.0,WARMUP,TQQQ
2010-11-22,1.0,CASH,0.0,WARMUP,TQQQ
2010-11-23,1.0,CASH,0.0,WARMUP,TQQQ
2010-11-24,1.0,CASH,0.0,WARMUP,TQQQ
2010-11-26,1.0,CASH,0.0,WARMUP,TQQQ
2010-11-29,1.0,CASH,0.0,WARMUP,TQQQ
2010-11-30,1.0,CASH,0.0,WARMUP,TQQQ
2010-12-01,1.0,CASH,0.0,WARMUP,TQQQ
2010-12-02,1.0,CASH,0.0,WARMUP,TQQQ
2010-12-03,1.0,CASH,0.0,WARMUP,TQQQ
2010-12-06,1.0,CASH,0.0,WARMUP,TQQQ
2010-12-07,1.0,CASH,0.0,WARMUP,TQQQ
2010-12-08,1.0,CASH,0.0,WARMUP,TQQQ
2010-12-09,1.0,CASH,0.0,WARMUP,TQQQ
2010-12-10,1.0,CASH,0.0,WARMUP,TQQQ
2010-12-13,1.0,CASH,0.0,WARMUP,TQQQ
2010-12-14,1.0,CASH,0.0,WARMUP,TQQQ
2010-12-15,1.0,CASH,0.0,WARMUP,TQQQ
2010-12-16,1.0,CASH,0.0,WARMUP,TQQQ
2010-12-17,1.0,CASH,0.0,WARMUP,TQQQ
2010-12-20,1.0,CASH,0.0,WARMUP,TQQQ
2010-12-21,1.0,CASH,0.0,WARMUP,TQQQ
2010-12-22,1.0,CASH,0.0,WARMUP,TQQQ
2010-12-23,1.0,CASH,0.0,WARMUP,TQQQ
2010-12-27,1.0,CASH,0.0,WARMUP,TQQQ
2010-12-28,1.0,CASH,0.0,WARMUP,TQQQ
2010-12-29,1.0,CASH,0.0,WARMUP,TQQQ
2010-12-30,1.0,CASH,0.0,WARMUP,TQQQ
2010-12-31,1.0,CASH,0.0,WARMUP,TQQQ
2011-01-03,1.0,CASH,0.0,WARMUP,SOXL
2011-01-04,1.0,CASH,0.0,WARMUP,SOXL
2011-01-05,1.0,CASH,0.0,WARMUP,SOXL
2011-01-06,1.0,CASH,0.0,WARMUP,SOXL
2011-01-07,1.0,CASH,0.0,WARMUP,SOXL
2011-01-10,1.0,CASH,0.0,WARMUP,SOXL
2011-01-11,1.0,CASH,0.0,WARMUP,SOXL
2011-01-12,1.0,CASH,0.0,WARMUP,SOXL
2011-01-13,1.0,CASH,0.0,WARMUP,SOXL
2011-01-14,1.0,CASH,0.0,WARMUP,SOXL
2011-01-18,1.0,CASH,0.0,WARMUP,SOXL
2011-01-19,1.0,CASH,0.0,WARMUP,SOXL
2011-01-20,1.0,CASH,0.0,WARMUP,SOXL
2011-01-21,1.0,CASH,0.0,WARMUP,SOXL
2011-01-24,1.0,CASH,0.0,WARMUP,SOXL
2011-01-25,1.0,CASH,0.0,WARMUP,SOXL
2011-01-26,1.0,CASH,0.0,WARMUP,SOXL
2011-01-27,1.0,CASH,0.0,WARMUP,SOXL
2011-01-28,1.0,CASH,0.0,WARMUP,SOXL
2011-01-31,1.0,CASH,0.0,WARMUP,SOXL
2011-02-01,1.0,CASH,0.0,WARMUP,SOXL
2011-02-02,1.0,CASH,0.0,WARMUP,SOXL
2011-02-03,1.001063883573185,SOXL,1.0,RISK_ON,SOXL
2011-02-04,1.0602980175282024,SOXL,1.0,RISK_ON,SOXL
2011-02-07,1.0493626338755977,SOXL,1.0,RISK_ON,SOXL
2011-02-08,1.0469317527313238,SOXL,1.0,RISK_ON,SOXL
2011-02-09,1.0270354645168294,SOXL,1.0,RISK_ON,SOXL
2011-02-10,1.0358453493042614,SOXL,1.0,RISK_ON,SOXL
2011-02-11,1.059539098392845,SOXL,1.0,RISK_ON,SOXL
2011-02-14,1.0836885332356616,SOXL,1.0,RISK_ON,SOXL
2011-02-15,1.0527042896122327,SOXL,1.0,RISK_ON,SOXL
2011-02-16,1.085966603857164,SOXL,1.0,RISK_ON,SOXL
2011-02-17,1.1338099071717853,SOXL,1.0,RISK_ON,SOXL
2011-02-18,1.1207473532889147,SOXL,1.0,RISK_ON,SOXL
2011-02-22,0.9872418136388521,SOXL,1.0,RISK_ON,SOXL
2011-02-23,0.934235126328041,SOXL,1.0,RISK_ON,SOXL
2011-02-24,0.980407124241461,SOXL,1.0,RISK_ON,SOXL
2011-02-25,1.0545264357130604,SOXL,1.0,RISK_ON,SOXL
2011-02-28,1.022631298114049,SOXL,1.0,RISK_ON,SOXL
2011-03-01,0.961574242067268,SOXL,1.0,RISK_ON,SOXL
2011-03-02,1.0025829156761088,SOXL,1.0,RISK_ON,SOXL
2011-03-03,1.060753822665656,SOXL,1.0,RISK_ON,SOXL
2011-03-04,1.0273391754308372,SOXL,1.0,RISK_ON,SOXL
2011-03-07,0.9422847190730748,SOXL,1.0,RISK_ON,SOXL
2011-03-08,0.947296844528365,SOXL,1.0,RISK_ON,SOXL
2011-03-09,0.8628495115405665,SOXL,1.0,RISK_ON,SOXL
2011-03-10,0.79754020423962,SOXL,1.0,RISK_ON,SOXL
2011-03-11,0.8188035497168135,SOXL,1.0,RISK_ON,SOXL
2011-03-14,0.8154618342885676,SOXL,1.0,RISK_ON,SOXL
2011-03-15,0.7858445882362275,SOXL,1.0,RISK_ON,SOXL
2011-03-16,0.7351159118553083,SOXL,1.0,RISK_ON,SOXL
2011-03-17,0.7619994612235234,SOXL,1.0,RISK_ON,SOXL
2011-03-18,0.7695933682143242,SOXL,1.0,RISK_ON,SOXL
2011-03-21,0.8093870190923013,SOXL,1.0,RISK_ON,SOXL
2011-03-22,0.7904010279372847,SOXL,1.0,RISK_ON,SOXL
2011-03-23,0.811816467637924,SOXL,1.0,RISK_ON,SOXL
2011-03-24,0.8716588591035039,SOXL,1.0,RISK_ON,SOXL
2011-03-25,0.8643686033351007,SOXL,1.0,RISK_ON,SOXL
2011-03-28,0.8684694169735354,SOXL,1.0,RISK_ON,SOXL
2011-03-29,0.8923154393603963,SOXL,1.0,RISK_ON,SOXL
2011-03-30,0.8952005139686416,SOXL,1.0,RISK_ON,SOXL
2011-03-31,0.8724181363885241,SOXL,1.0,RISK_ON,SOXL
2011-04-01,0.8737505458052937,TQQQ,1.0,RISK_ON,TQQQ
2011-04-04,0.8658584071187809,TQQQ,1.0,RISK_ON,TQQQ
2011-04-05,0.8560178589866579,TQQQ,1.0,RISK_ON,TQQQ
2011-04-06,0.8624752704422962,TQQQ,1.0,RISK_ON,TQQQ
2011-04-07,0.8622707579402167,TQQQ,1.0,RISK_ON,TQQQ
2011-04-08,0.849355996592005,TQQQ,1.0,RISK_ON,TQQQ
2011-04-11,0.8416668313309457,TQQQ,1.0,RISK_ON,TQQQ
2011-04-12,0.8250617951747398,TQQQ,1.0,RISK_ON,TQQQ
2011-04-13,0.8447428298759206,TQQQ,1.0,RISK_ON,TQQQ
2011-04-14,0.8401296015967713,TQQQ,1.0,RISK_ON,TQQQ
2011-04-15,0.834697584552523,TQQQ,1.0,RISK_ON,TQQQ
2011-04-18,0.8186045684082965,TQQQ,1.0,RISK_ON,TQQQ
2011-04-19,0.8333651751357533,TQQQ,1.0,RISK_ON,TQQQ
2011-04-20,0.8888202606823414,TQQQ,1.0,RISK_ON,TQQQ
2011-04-21,0.911370626719141,TQQQ,1.0,RISK_ON,TQQQ
2011-04-25,0.9181348684909639,TQQQ,1.0,RISK_ON,TQQQ
2011-04-26,0.9339208696298108,TQQQ,1.0,RISK_ON,TQQQ
2011-04-27,0.9532948277625471,TQQQ,1.0,RISK_ON,TQQQ
2011-04-28,0.9518602852208679,TQQQ,1.0,RISK_ON,TQQQ
2011-04-29,0.9472469338155883,TQQQ,1.0,RISK_ON,TQQQ
2011-05-02,0.9421221164659147,TQQQ,1.0,RISK_ON,TQQQ
2011-05-03,0.9279754166230869,TQQQ,1.0,RISK_ON,TQQQ
2011-05-04,0.9225437073941638,TQQQ,1.0,RISK_ON,TQQQ
2011-05-05,0.908705746322537,TQQQ,1.0,RISK_ON,TQQQ
2011-05-06,0.9165978850090498,TQQQ,1.0,RISK_ON,TQQQ
2011-05-09,0.9265406278291475,TQQQ,1.0,RISK_ON,TQQQ
2011-05-10,0.9503232401758885,TQQQ,1.0,RISK_ON,TQQQ
2011-05-11,0.9298213235653972,TQQQ,1.0,RISK_ON,TQQQ
2011-05-12,0.9462216009672633,TQQQ,1.0,RISK_ON,TQQQ
2011-05-13,0.9127030361359108,TQQQ,1.0,RISK_ON,TQQQ
2011-05-16,0.8652425302160702,TQQQ,1.0,RISK_ON,TQQQ
2011-05-17,0.8723158185744191,TQQQ,1.0,RISK_ON,TQQQ
2011-05-18,0.8935337751944492,TQQQ,1.0,RISK_ON,TQQQ
2011-05-19,0.9012230020185736,TQQQ,1.0,RISK_ON,TQQQ
2011-05-20,0.8813375163783782,TQQQ,1.0,RISK_ON,TQQQ
2011-05-23,0.84310143543569,TQQQ,1.0,RISK_ON,TQQQ
2011-05-24,0.8272149018116247,TQQQ,1.0,RISK_ON,TQQQ
2011-05-25,0.8364393883518421,TQQQ,1.0,RISK_ON,TQQQ
2011-05-26,0.852123133239649,TQQQ,1.0,RISK_ON,TQQQ
2011-05-27,0.8648330742704559,TQQQ,1.0,RISK_ON,TQQQ
2011-05-31,0.9064503834346123,TQQQ,1.0,RISK_ON,TQQQ
2011-06-01,0.8485352378088247,TQQQ,1.0,RISK_ON,TQQQ
2011-06-02,0.8534555426564187,TQQQ,1.0,RISK_ON,TQQQ
2011-06-03,0.8147077495170763,TQQQ,1.0,RISK_ON,TQQQ
2011-06-06,0.7950267148158954,TQQQ,1.0,RISK_ON,TQQQ
2011-06-07,0.7950267148158954,CASH,0.0,CASH,TQQQ
2011-06-08,0.7950267148158954,CASH,0.0,CASH,TQQQ
2011-06-09,0.7950267148158954,CASH,0.0,CASH,TQQQ
2011-06-10,0.7950267148158954,CASH,0.0,CASH,TQQQ
2011-06-13,0.7950267148158954,CASH,0.0,CASH,TQQQ
2011-06-14,0.7950267148158954,CASH,0.0,CASH,TQQQ
2011-06-15,0.7950267148158954,CASH,0.0,CASH,TQQQ
2011-06-16,0.7950267148158954,CASH,0.0,CASH,TQQQ
2011-06-17,0.7950267148158954,CASH,0.0,CASH,TQQQ
2011-06-20,0.7950267148158954,CASH,0.0,CASH,TQQQ
2011-06-21,0.7950267148158954,CASH,0.0,CASH,TQQQ
2011-06-22,0.7950267148158954,CASH,0.0,CASH,TQQQ
2011-06-23,0.7950267148158954,CASH,0.0,CASH,TQQQ
2011-06-24,0.7950267148158954,CASH,0.0,CASH,TQQQ
2011-06-27,0.7950267148158954,CASH,0.0,CASH,TQQQ
2011-06-28,0.7950267148158954,CASH,0.0,CASH,TQQQ
2011-06-29,0.7950267148158954,CASH,0.0,CASH,TQQQ
2011-06-30,0.7950267148158954,CASH,0.0,CASH,TQQQ
2011-07-01,0.8318635696197413,TQQQ,1.0,RISK_ON,TQQQ
2011-07-05,0.8438515680496669,TQQQ,1.0,RISK_ON,TQQQ
2011-07-06,0.8528437282072813,TQQQ,1.0,RISK_ON,TQQQ
2011-07-07,0.8873601192071596,TQQQ,1.0,RISK_ON,TQQQ
2011-07-08,0.8800127580513764,TQQQ,1.0,RISK_ON,TQQQ
2011-07-11,0.8328307295496467,TQQQ,1.0,RISK_ON,TQQQ
2011-07-12,0.8125262357642428,TQQQ,1.0,RISK_ON,TQQQ
2011-07-13,0.8233560346287327,TQQQ,1.0,RISK_ON,TQQQ
2011-07-14,0.7950267148158954,TQQQ,1.0,RISK_ON,TQQQ
2011-07-15,0.8266436002958472,TQQQ,1.0,RISK_ON,TQQQ
2011-07-18,0.8130106867305733,TQQQ,1.0,RISK_ON,TQQQ
2011-07-19,0.8703431910888701,TQQQ,1.0,RISK_ON,TQQQ
2011-07-20,0.8581619464865908,TQQQ,1.0,RISK_ON,TQQQ
2011-07-21,0.8755649024155198,TQQQ,1.0,RISK_ON,TQQQ
2011-07-22,0.9027322483236178,TQQQ,1.0,RISK_ON,TQQQ
2011-07-25,0.8974156559135468,TQQQ,1.0,RISK_ON,TQQQ
2011-07-26,0.9023462205129783,TQQQ,1.0,RISK_ON,TQQQ
2011-07-27,0.8338942802986948,TQQQ,1.0,RISK_ON,TQQQ
2011-07-28,0.8383421359345515,TQQQ,1.0,RISK_ON,TQQQ
2011-07-29,0.8302207448876997,TQQQ,1.0,RISK_ON,TQQQ
2011-08-01,0.8190048020790532,TQQQ,1.0,RISK_ON,TQQQ
2011-08-02,0.7568365561379877,TQQQ,1.0,RISK_ON,TQQQ
2011-08-03,0.7568365561379877,CASH,0.0,CASH,TQQQ
2011-08-04,0.7568365561379877,CASH,0.0,CASH,TQQQ
2011-08-05,0.7568365561379877,CASH,0.0,CASH,TQQQ
2011-08-08,0.7568365561379877,CASH,0.0,CASH,TQQQ
2011-08-09,0.7568365561379877,CASH,0.0,CASH,TQQQ
2011-08-10,0.7568365561379877,CASH,0.0,CASH,TQQQ
2011-08-11,0.7568365561379877,CASH,0.0,CASH,TQQQ
2011-08-12,0.7568365561379877,CASH,0.0,CASH,TQQQ
2011-08-15,0.7568365561379877,CASH,0.0,CASH,TQQQ
2011-08-16,0.7568365561379877,CASH,0.0,CASH,TQQQ
2011-08-17,0.7568365561379877,CASH,0.0,CASH,TQQQ
2011-08-18,0.7568365561379877,CASH,0.0,CASH,TQQQ
2011-08-19,0.7568365561379877,CASH,0.0,CASH,TQQQ
2011-08-22,0.7568365561379877,CASH,0.0,CASH,TQQQ
2011-08-23,0.7568365561379877,CASH,0.0,CASH,TQQQ
2011-08-24,0.7568365561379877,CASH,0.0,CASH,TQQQ
2011-08-25,0.7568365561379877,CASH,0.0,CASH,TQQQ
2011-08-26,0.7568365561379877,CASH,0.0,CASH,TQQQ
2011-08-29,0.7568365561379877,CASH,0.0,CASH,TQQQ
2011-08-30,0.7568365561379877,CASH,0.0,CASH,TQQQ
2011-08-31,0.7568365561379877,CASH,0.0,CASH,TQQQ
2011-09-01,0.7568365561379877,CASH,0.0,CASH,TQQQ
2011-09-02,0.7568365561379877,CASH,0.0,CASH,TQQQ
2011-09-06,0.7567153485970602,TQQQ,1.0,DEEP_DCA,TQQQ
2011-09-07,0.8139280014157474,TQQQ,1.0,DEEP_DCA,TQQQ
2011-09-08,0.8139280014157474,CASH,0.0,CASH,TQQQ
2011-09-09,0.8139280014157474,CASH,0.0,CASH,TQQQ
2011-09-12,0.8139280014157474,CASH,0.0,CASH,TQQQ
2011-09-13,0.8139280014157474,CASH,0.0,CASH,TQQQ
2011-09-14,0.8139280014157474,CASH,0.0,CASH,TQQQ
2011-09-15,0.8139280014157474,CASH,0.0,CASH,TQQQ
2011-09-16,0.8139280014157474,CASH,0.0,CASH,TQQQ
2011-09-19,0.8139280014157474,CASH,0.0,CASH,TQQQ
2011-09-20,0.8139280014157474,CASH,0.0,CASH,TQQQ
2011-09-21,0.8139280014157474,CASH,0.0,CASH,TQQQ
2011-09-22,0.8139280014157474,CASH,0.0,CASH,TQQQ
2011-09-23,0.8139280014157474,CASH,0.0,CASH,TQQQ
2011-09-26,0.8139280014157474,CASH,0.0,CASH,TQQQ
2011-09-27,0.8139280014157474,CASH,0.0,CASH,TQQQ
2011-09-28,0.8139280014157474,CASH,0.0,CASH,TQQQ
2011-09-29,0.8139280014157474,CASH,0.0,CASH,TQQQ
2011-09-30,0.8139280014157474,CASH,0.0,CASH,TQQQ
2011-10-03,0.8139280014157474,CASH,0.0,CASH,TQQQ
2011-10-04,0.8139280014157474,CASH,0.0,CASH,TQQQ
2011-10-05,0.8139280014157474,CASH,0.0,CASH,TQQQ
2011-10-06,0.8139280014157474,CASH,0.0,CASH,TQQQ
2011-10-07,0.8139280014157474,CASH,0.0,CASH,TQQQ
2011-10-10,0.8139280014157474,CASH,0.0,CASH,TQQQ
2011-10-11,0.8139280014157474,CASH,0.0,CASH,TQQQ
2011-10-12,0.8139280014157474,CASH,0.0,CASH,TQQQ
2011-10-13,0.835778508320924,TQQQ,1.0,RISK_ON,TQQQ
2011-10-14,0.881811043157531,TQQQ,1.0,RISK_ON,TQQQ
2011-10-17,0.8409918716739794,TQQQ,1.0,RISK_ON,TQQQ
2011-10-18,0.8714949003224903,TQQQ,1.0,RISK_ON,TQQQ
2011-10-19,0.8212478542791078,TQQQ,1.0,RISK_ON,TQQQ
2011-10-20,0.8108209943394175,TQQQ,1.0,RISK_ON,TQQQ
2011-10-21,0.839660668363381,TQQQ,1.0,RISK_ON,TQQQ
2011-10-24,0.8921247211713489,TQQQ,1.0,RISK_ON,TQQQ
2011-10-25,0.841545657047597,TQQQ,1.0,RISK_ON,TQQQ
2011-10-26,0.8382189477985026,TQQQ,1.0,RISK_ON,TQQQ
2011-10-27,0.9057694385255983,TQQQ,1.0,RISK_ON,TQQQ
2011-10-28,0.9087637966103743,TQQQ,1.0,RISK_ON,TQQQ
2011-10-31,0.8637301139200472,TQQQ,1.0,RISK_ON,TQQQ
2011-11-01,0.7968462574084925,TQQQ,1.0,RISK_ON,TQQQ
2011-11-02,0.8164774259614408,TQQQ,1.0,RISK_ON,TQQQ
2011-11-03,0.8661706866312056,TQQQ,1.0,RISK_ON,TQQQ
2011-11-04,0.8527497350738984,TQQQ,1.0,RISK_ON,TQQQ
2011-11-07,0.8717162679149997,TQQQ,1.0,RISK_ON,TQQQ
2011-11-08,0.9007775759986321,TQQQ,1.0,RISK_ON,TQQQ
2011-11-09,0.8076051354285522,TQQQ,1.0,RISK_ON,TQQQ
2011-11-10,0.8042765609093433,TQQQ,1.0,RISK_ON,TQQQ
2011-11-11,0.8494208940875303,TQQQ,1.0,RISK_ON,TQQQ
2011-11-14,0.8350010237671536,TQQQ,1.0,RISK_ON,TQQQ
2011-11-15,0.8618453250862006,TQQQ,1.0,RISK_ON,TQQQ
2011-11-16,0.8193629988284712,TQQQ,1.0,RISK_ON,TQQQ
2011-11-17,0.7630144543904032,TQQQ,1.0,RISK_ON,TQQQ
2011-11-18,0.7630144543904032,CASH,0.0,CASH,TQQQ
2011-11-21,0.7630144543904032,CASH,0.0,CASH,TQQQ
2011-11-22,0.7630144543904032,CASH,0.0,CASH,TQQQ
2011-11-23,0.7630144543904032,CASH,0.0,CASH,TQQQ
2011-11-25,0.7630144543904032,CASH,0.0,CASH,TQQQ
2011-11-28,0.7630144543904032,CASH,0.0,CASH,TQQQ
2011-11-29,0.7630144543904032,CASH,0.0,CASH,TQQQ
2011-11-30,0.7630144543904032,CASH,0.0,CASH,TQQQ
2011-12-01,0.7630144543904032,CASH,0.0,CASH,TQQQ
2011-12-02,0.7557541712350677,TQQQ,1.0,RISK_ON,TQQQ
2011-12-05,0.7805217316101692,TQQQ,1.0,RISK_ON,TQQQ
2011-12-06,0.7745445267915356,TQQQ,1.0,RISK_ON,TQQQ
2011-12-07,0.7757188598951633,TQQQ,1.0,RISK_ON,TQQQ
2011-12-08,0.7362174104555954,TQQQ,1.0,RISK_ON,TQQQ
2011-12-09,0.7711274514930575,TQQQ,1.0,RISK_ON,TQQQ
2011-12-12,0.7458248209705484,TQQQ,1.0,RISK_ON,TQQQ
2011-12-13,0.7206310639184165,TQQQ,1.0,RISK_ON,TQQQ
2011-12-14,0.7206310639184165,CASH,0.0,CASH,TQQQ
2011-12-15,0.7206310639184165,CASH,0.0,CASH,TQQQ
2011-12-16,0.7206310639184165,CASH,0.0,CASH,TQQQ
2011-12-19,0.7206310639184165,CASH,0.0,CASH,TQQQ
2011-12-20,0.7206310639184165,CASH,0.0,CASH,TQQQ
2011-12-21,0.7206310639184165,CASH,0.0,CASH,TQQQ
2011-12-22,0.7206310639184165,CASH,0.0,CASH,TQQQ
2011-12-23,0.7206310639184165,CASH,0.0,CASH,TQQQ
2011-12-27,0.7206310639184165,CASH,0.0,CASH,TQQQ
2011-12-28,0.6974977689650008,TQQQ,1.0,RISK_ON,TQQQ
2011-12-29,0.7110870019901137,TQQQ,1.0,RISK_ON,TQQQ
2011-12-30,0.7052794745097127,TQQQ,1.0,RISK_ON,TQQQ
2012-01-03,0.745423421035825,TQQQ,1.0,RISK_ON,TQQQ
2012-01-04,0.7543441665183619,TQQQ,1.0,RISK_ON,TQQQ
2012-01-05,0.7729123927497885,TQQQ,1.0,RISK_ON,TQQQ
2012-01-06,0.7808988800193613,TQQQ,1.0,RISK_ON,TQQQ
2012-01-09,0.7743643057701358,TQQQ,1.0,RISK_ON,TQQQ
2012-01-10,0.7902359174050073,TQQQ,1.0,RISK_ON,TQQQ
2012-01-11,0.7957329392216703,TQQQ,1.0,RISK_ON,TQQQ
2012-01-12,0.8051735200288921,TQQQ,1.0,RISK_ON,TQQQ
2012-01-13,0.7959399637643271,TQQQ,1.0,RISK_ON,TQQQ
2012-01-17,0.8173105285311859,TQQQ,1.0,RISK_ON,TQQQ
2012-01-18,0.8497787426534406,TQQQ,1.0,RISK_ON,TQQQ
2012-01-19,0.8667895811276201,TQQQ,1.0,RISK_ON,TQQQ
2012-01-20,0.8629516837754442,TQQQ,1.0,RISK_ON,TQQQ
2012-01-23,0.8628480780533744,TQQQ,1.0,RISK_ON,TQQQ
2012-01-24,0.8580760470892229,TQQQ,1.0,RISK_ON,TQQQ
2012-01-25,0.8908569473925171,TQQQ,1.0,RISK_ON,TQQQ
2012-01-26,0.8814165534867784,TQQQ,1.0,RISK_ON,TQQQ
2012-01-27,0.8901300252246812,TQQQ,1.0,RISK_ON,TQQQ
2012-01-30,0.8915818759445342,TQQQ,1.0,RISK_ON,TQQQ
2012-01-31,0.8946947824441986,TQQQ,1.0,RISK_ON,TQQQ
2012-02-01,0.9166849256271636,TQQQ,1.0,RISK_ON,TQQQ
2012-02-02,0.9261253818333967,TQQQ,1.0,RISK_ON,TQQQ
2012-02-03,0.9629512663320178,TQQQ,1.0,RISK_ON,TQQQ
2012-02-06,0.9620173819220196,TQQQ,1.0,RISK_ON,TQQQ
2012-02-07,0.9661659095389221,TQQQ,1.0,RISK_ON,TQQQ
2012-02-08,0.9822445457164505,TQQQ,1.0,RISK_ON,TQQQ
2012-02-09,1.004029595672083,TQQQ,1.0,RISK_ON,TQQQ
2012-02-10,0.9825552382816715,TQQQ,1.0,RISK_ON,TQQQ
2012-02-13,1.0090085265779027,TQQQ,1.0,RISK_ON,TQQQ
2012-02-14,1.0178256040378755,TQQQ,1.0,RISK_ON,TQQQ
2012-02-15,0.9951067319727391,TQQQ,1.0,RISK_ON,TQQQ
2012-02-16,1.0367048343369947,TQQQ,1.0,RISK_ON,TQQQ
2012-02-17,1.0278876322760333,TQQQ,1.0,RISK_ON,TQQQ
2012-02-21,1.0366011040139362,TQQQ,1.0,RISK_ON,TQQQ
2012-02-22,1.0229082652667536,TQQQ,1.0,RISK_ON,TQQQ
2012-02-23,1.042305337274739,TQQQ,1.0,RISK_ON,TQQQ
2012-02-24,1.0524730271512797,TQQQ,1.0,RISK_ON,TQQQ
2012-02-27,1.0575555014786746,TQQQ,1.0,RISK_ON,TQQQ
2012-02-28,1.089193063110035,TQQQ,1.0,RISK_ON,TQQQ
2012-02-29,1.0748793999368595,TQQQ,1.0,RISK_ON,TQQQ
2012-03-01,1.1010195659485909,TQQQ,1.0,RISK_ON,TQQQ
2012-03-02,1.0976994480047868,TQQQ,1.0,RISK_ON,TQQQ
2012-03-05,1.063466946183617,TQQQ,1.0,RISK_ON,TQQQ
2012-03-06,1.0329704804063944,TQQQ,1.0,RISK_ON,TQQQ
2012-03-07,1.056414281023548,TQQQ,1.0,RISK_ON,TQQQ
2012-03-08,1.0899201098788593,TQQQ,1.0,RISK_ON,TQQQ
2012-03-09,1.103092677197897,TQQQ,1.0,RISK_ON,TQQQ
2012-03-12,1.1048576502022498,TQQQ,1.0,RISK_ON,TQQQ
2012-03-13,1.1670973392492154,TQQQ,1.0,RISK_ON,TQQQ
2012-03-14,1.180166487747666,TQQQ,1.0,RISK_ON,TQQQ
2012-03-15,1.189190838952273,TQQQ,1.0,RISK_ON,TQQQ
2012-03-16,1.186597518575316,TQQQ,1.0,RISK_ON,TQQQ
2012-03-19,1.212427428125287,TQQQ,1.0,RISK_ON,TQQQ
2012-03-20,1.2190660442000425,TQQQ,1.0,RISK_ON,TQQQ
2012-03-21,1.2186512475087972,TQQQ,1.0,RISK_ON,TQQQ
2012-03-22,1.2112865814731264,TQQQ,1.0,RISK_ON,TQQQ
2012-03-23,1.2096272701071564,TQQQ,1.0,RISK_ON,TQQQ
2012-03-26,1.2728012173670862,TQQQ,1.0,RISK_ON,TQQQ
2012-03-27,1.277674486634523,TQQQ,1.0,RISK_ON,TQQQ
2012-03-28,1.2627370709121215,TQQQ,1.0,RISK_ON,TQQQ
2012-03-29,1.2497712166332688,TQQQ,1.0,RISK_ON,TQQQ
2012-03-30,1.2410578694963548,TQQQ,1.0,RISK_ON,TQQQ
2012-04-02,1.2789194997132027,TQQQ,1.0,RISK_ON,TQQQ
2012-04-03,1.2790250367505966,TQQQ,1.0,RISK_ON,TQQQ
2012-04-04,1.2268472513408002,TQQQ,1.0,RISK_ON,TQQQ
2012-04-05,1.2492534995253914,TQQQ,1.0,RISK_ON,TQQQ
2012-04-09,1.2205197639347258,TQQQ,1.0,RISK_ON,TQQQ
2012-04-10,1.1615981992157456,TQQQ,1.0,RISK_ON,TQQQ
2012-04-11,1.1784038821620983,TQQQ,1.0,RISK_ON,TQQQ
2012-04-12,1.2179243253409615,TQQQ,1.0,RISK_ON,TQQQ
2012-04-13,1.1628430876934361,TQQQ,1.0,RISK_ON,TQQQ
2012-04-16,1.1262264705552676,TQQQ,1.0,RISK_ON,TQQQ
2012-04-17,1.1926145003176527,TQQQ,1.0,RISK_ON,TQQQ
2012-04-18,1.1839011531807384,TQQQ,1.0,RISK_ON,TQQQ
2012-04-19,1.1456231064597926,TQQQ,1.0,RISK_ON,TQQQ
2012-04-20,1.1332788865133592,TQQQ,1.0,RISK_ON,TQQQ
2012-04-23,1.1047542313816632,TQQQ,1.0,RISK_ON,TQQQ
2012-04-24,1.0852515600357893,TQQQ,1.0,RISK_ON,TQQQ
2012-04-25,1.1714532652117406,TQQQ,1.0,RISK_ON,TQQQ
2012-04-26,1.1924074134745015,TQQQ,1.0,RISK_ON,TQQQ
2012-04-27,1.212841975614555,TQQQ,1.0,RISK_ON,TQQQ
2012-04-30,1.1876353202098557,TQQQ,1.0,RISK_ON,TQQQ
2012-05-01,1.194378850317062,TQQQ,1.0,RISK_ON,TQQQ
2012-05-02,1.2022619810665423,TQQQ,1.0,RISK_ON,TQQQ
2012-05-03,1.1649186909625153,TQQQ,1.0,RISK_ON,TQQQ
2012-05-04,1.0794420389395698,TQQQ,1.0,RISK_ON,TQQQ
2012-05-07,1.080997183879021,TQQQ,1.0,RISK_ON,TQQQ
2012-05-08,1.069069255835697,TQQQ,1.0,RISK_ON,TQQQ
2012-05-09,1.063156191317902,TQQQ,1.0,RISK_ON,TQQQ
2012-05-10,1.0522634482883555,TQQQ,1.0,RISK_ON,TQQQ
2012-05-11,1.0512278894716116,TQQQ,1.0,RISK_ON,TQQQ
2012-05-14,1.0221814676999066,TQQQ,1.0,RISK_ON,TQQQ
2012-05-15,1.0132609091188527,TQQQ,1.0,RISK_ON,TQQQ
2012-05-16,0.9912687100195748,TQQQ,1.0,RISK_ON,TQQQ
2012-05-17,0.9302739717507943,TQQQ,1.0,RISK_ON,TQQQ
2012-05-18,0.8929301832428126,TQQQ,1.0,RISK_ON,TQQQ
2012-05-21,0.8929301832428126,CASH,0.0,CASH,TQQQ
2012-05-22,0.8896765182872355,TQQQ,1.0,RISK_ON,TQQQ
2012-05-23,0.8946514339537075,TQQQ,1.0,RISK_ON,TQQQ
2012-05-24,0.8785764280657605,TQQQ,1.0,RISK_ON,TQQQ
2012-05-25,0.8736014549323177,TQQQ,1.0,RISK_ON,TQQQ
2012-05-29,0.9061334496634504,TQQQ,1.0,RISK_ON,TQQQ
2012-05-30,0.8841263582425563,TQQQ,1.0,RISK_ON,TQQQ
2012-05-31,0.8714960949882622,TQQQ,1.0,RISK_ON,TQQQ
2012-06-01,0.8029852366144221,TQQQ,1.0,RISK_ON,TQQQ
2012-06-04,0.8029852366144221,CASH,0.0,CASH,TQQQ
2012-06-05,0.8029852366144221,CASH,0.0,CASH,TQQQ
2012-06-06,0.8029852366144221,CASH,0.0,CASH,TQQQ
2012-06-07,0.7939896247409824,TQQQ,1.0,RISK_ON,TQQQ
2012-06-08,0.8173430796684745,TQQQ,1.0,RISK_ON,TQQQ
2012-06-11,0.7782483688454329,TQQQ,1.0,RISK_ON,TQQQ
2012-06-12,0.8028124139002564,TQQQ,1.0,RISK_ON,TQQQ
2012-06-13,0.787069807421428,TQQQ,1.0,RISK_ON,TQQQ
2012-06-14,0.7958926485262127,TQQQ,1.0,RISK_ON,TQQQ
2012-06-15,0.8252991579813836,TQQQ,1.0,RISK_ON,TQQQ
2012-06-18,0.8465768703005011,TQQQ,1.0,RISK_ON,TQQQ
2012-06-19,0.8744272480910308,TQQQ,1.0,RISK_ON,TQQQ
2012-06-20,0.8775411736766567,TQQQ,1.0,RISK_ON,TQQQ
2012-06-21,0.8118065193538849,TQQQ,1.0,RISK_ON,TQQQ
2012-06-22,0.8370629980666071,TQQQ,1.0,RISK_ON,TQQQ
2012-06-25,0.7874169592695701,TQQQ,1.0,RISK_ON,TQQQ
2012-06-26,0.802638188657301,TQQQ,1.0,RISK_ON,TQQQ
2012-06-27,0.8173430796684742,TQQQ,1.0,RISK_ON,TQQQ
2012-06-28,0.7879349079569601,TQQQ,1.0,RISK_ON,TQQQ
2012-06-29,0.8649118694373259,TQQQ,1.0,RISK_ON,TQQQ
2012-07-02,0.8718314270293267,TQQQ,1.0,RISK_ON,TQQQ
2012-07-03,0.8925894764592005,TQQQ,1.0,RISK_ON,TQQQ
2012-07-05,0.8957035059358481,TQQQ,1.0,RISK_ON,TQQQ
2012-07-06,0.8604149985197992,TQQQ,1.0,RISK_ON,TQQQ
2012-07-09,0.8574738956483388,TQQQ,1.0,RISK_ON,TQQQ
2012-07-10,0.8311811039967509,TQQQ,1.0,RISK_ON,TQQQ
2012-07-11,0.8197643118686483,TQQQ,1.0,RISK_ON,TQQQ
2012-07-12,0.7960654192948677,TQQQ,1.0,RISK_ON,TQQQ
2012-07-13,0.7960654192948677,CASH,0.0,CASH,TQQQ
2012-07-16,0.7900973483065773,TQQQ,1.0,RISK_ON,TQQQ
2012-07-17,0.802200409488588,TQQQ,1.0,RISK_ON,TQQQ
2012-07-18,0.8348575322444226,TQQQ,1.0,RISK_ON,TQQQ
2012-07-19,0.8620459477309248,TQQQ,1.0,RISK_ON,TQQQ
2012-07-20,0.8288894114740847,TQQQ,1.0,RISK_ON,TQQQ
2012-07-23,0.7982217784664736,TQQQ,1.0,RISK_ON,TQQQ
2012-07-24,0.7799852205521693,TQQQ,1.0,RISK_ON,TQQQ
2012-07-25,0.7625791267550672,TQQQ,1.0,RISK_ON,TQQQ
2012-07-26,0.7625791267550672,CASH,0.0,CASH,TQQQ
2012-07-27,0.7625791267550672,CASH,0.0,CASH,TQQQ
2012-07-30,0.7579822519882352,TQQQ,1.0,RISK_ON,TQQQ
2012-07-31,0.7584260851012584,TQQQ,1.0,RISK_ON,TQQQ
2012-08-01,0.7510114980064138,TQQQ,1.0,RISK_ON,TQQQ
2012-08-02,0.7431514300135588,TQQQ,1.0,RISK_ON,TQQQ
2012-08-03,0.7854184955103592,TQQQ,1.0,RISK_ON,TQQQ
2012-08-06,0.8030670743477778,TQQQ,1.0,RISK_ON,TQQQ
2012-08-07,0.8229390940843327,TQQQ,1.0,RISK_ON,TQQQ
2012-08-08,0.8216037647585365,TQQQ,1.0,RISK_ON,TQQQ
2012-08-09,0.8285743406014405,TQQQ,1.0,RISK_ON,TQQQ
2012-08-10,0.8319855227332006,TQQQ,1.0,RISK_ON,TQQQ
2012-08-13,0.8370281901411487,TQQQ,1.0,RISK_ON,TQQQ
2012-08-14,0.8382143281235146,TQQQ,1.0,RISK_ON,TQQQ
2012-08-15,0.8441467103550605,TQQQ,1.0,RISK_ON,TQQQ
2012-08-16,0.8744007552746559,TQQQ,1.0,RISK_ON,TQQQ
2012-08-17,0.8864129296920027,TQQQ,1.0,RISK_ON,TQQQ
2012-08-20,0.889824022754304,TQQQ,1.0,RISK_ON,TQQQ
2012-08-21,0.8795917233314466,TQQQ,1.0,RISK_ON,TQQQ
2012-08-22,0.8890823413711726,TQQQ,1.0,RISK_ON,TQQQ
2012-08-23,0.8693580878667078,TQQQ,1.0,RISK_ON,TQQQ
2012-08-24,0.8847811772074383,TQQQ,1.0,RISK_ON,TQQQ
2012-08-27,0.8890823413711725,TQQQ,1.0,RISK_ON,TQQQ
2012-08-28,0.8889342188612472,TQQQ,1.0,RISK_ON,TQQQ
2012-08-29,0.8892302857421802,TQQQ,1.0,RISK_ON,TQQQ
2012-08-30,0.8620914451428707,TQQQ,1.0,RISK_ON,TQQQ
2012-08-31,0.8804815272245032,TQQQ,1.0,RISK_ON,TQQQ
2012-09-04,0.8767729421699288,TQQQ,1.0,RISK_ON,TQQQ
2012-09-05,0.8727694481373854,TQQQ,1.0,RISK_ON,TQQQ
2012-09-06,0.9304597365791047,TQQQ,1.0,RISK_ON,TQQQ
2012-09-07,0.9264550846435973,TQQQ,1.0,RISK_ON,TQQQ
2012-09-10,0.8923454009930074,TQQQ,1.0,RISK_ON,TQQQ
2012-09-11,0.8884900294703892,TQQQ,1.0,RISK_ON,TQQQ
2012-09-12,0.8962009506545432,TQQQ,1.0,RISK_ON,TQQQ
2012-09-13,0.9319417633034859,TQQQ,1.0,RISK_ON,TQQQ
2012-09-14,0.9558192366006771,TQQQ,1.0,RISK_ON,TQQQ
2012-09-17,0.9575987553173317,TQQQ,1.0,RISK_ON,TQQQ
2012-09-18,0.9593783631034449,TQQQ,1.0,RISK_ON,TQQQ
2012-09-19,0.9657552019342253,TQQQ,1.0,RISK_ON,TQQQ
2012-09-20,0.9635314938267125,TQQQ,1.0,RISK_ON,TQQQ
2012-09-21,0.9635314938267125,TQQQ,1.0,RISK_ON,TQQQ
2012-09-24,0.9457348815488275,TQQQ,1.0,RISK_ON,TQQQ
2012-09-25,0.907768490333738,TQQQ,1.0,RISK_ON,TQQQ
2012-09-26,0.8838915514532993,TQQQ,1.0,RISK_ON,TQQQ
2012-09-27,0.9214133969996956,TQQQ,1.0,RISK_ON,TQQQ
2012-09-28,0.8993163331137465,TQQQ,1.0,RISK_ON,TQQQ
2012-10-01,0.8954590911324942,TQQQ,1.0,RISK_ON,TQQQ
2012-10-02,0.9012439743403263,TQQQ,1.0,RISK_ON,TQQQ
2012-10-03,0.9182985489572448,TQQQ,1.0,RISK_ON,TQQQ
2012-10-04,0.9289762847433831,TQQQ,1.0,RISK_ON,TQQQ
2012-10-05,0.9129597255989051,TQQQ,1.0,RISK_ON,TQQQ
2012-10-08,0.8887860963513221,TQQQ,1.0,RISK_ON,TQQQ
2012-10-09,0.8431091402299138,TQQQ,1.0,RISK_ON,TQQQ
2012-10-10,0.8328753266262574,TQQQ,1.0,RISK_ON,TQQQ
2012-10-11,0.8254606504619539,TQQQ,1.0,RISK_ON,TQQQ
2012-10-12,0.8253126170214875,TQQQ,1.0,RISK_ON,TQQQ
2012-10-15,0.8417735436957413,TQQQ,1.0,RISK_ON,TQQQ
2012-10-16,0.8784046055850345,TQQQ,1.0,RISK_ON,TQQQ
2012-10-17,0.8757350157669471,TQQQ,1.0,RISK_ON,TQQQ
2012-10-18,0.8457786409785425,TQQQ,1.0,RISK_ON,TQQQ
2012-10-19,0.7846767250577694,TQQQ,1.0,RISK_ON,TQQQ
2012-10-22,0.796986213328472,TQQQ,1.0,RISK_ON,TQQQ
2012-10-23,0.7734052522595075,TQQQ,1.0,RISK_ON,TQQQ
2012-10-24,0.7734052522595075,CASH,0.0,CASH,TQQQ
2012-10-25,0.7734052522595075,CASH,0.0,CASH,TQQQ
2012-10-26,0.7734052522595075,CASH,0.0,CASH,TQQQ
2012-10-31,0.7734052522595075,CASH,0.0,CASH,TQQQ
2012-11-01,0.7734052522595075,CASH,0.0,CASH,TQQQ
2012-11-02,0.7734052522595075,CASH,0.0,CASH,TQQQ
2012-11-05,0.7734052522595075,CASH,0.0,CASH,TQQQ
2012-11-06,0.7734052522595075,CASH,0.0,CASH,TQQQ
2012-11-07,0.7734052522595075,CASH,0.0,CASH,TQQQ
2012-11-08,0.7734052522595075,CASH,0.0,CASH,TQQQ
2012-11-09,0.7734052522595075,CASH,0.0,CASH,TQQQ
2012-11-12,0.7734052522595075,CASH,0.0,CASH,TQQQ
2012-11-13,0.7734052522595075,CASH,0.0,CASH,TQQQ
2012-11-14,0.7734052522595075,CASH,0.0,CASH,TQQQ
2012-11-15,0.7734052522595075,CASH,0.0,CASH,TQQQ
2012-11-16,0.7734052522595075,CASH,0.0,CASH,TQQQ
2012-11-19,0.7734052522595075,CASH,0.0,CASH,TQQQ
2012-11-20,0.7734052522595075,CASH,0.0,CASH,TQQQ
2012-11-21,0.7734052522595075,CASH,0.0,CASH,TQQQ
2012-11-23,0.7734052522595075,CASH,0.0,CASH,TQQQ
2012-11-26,0.7734052522595075,CASH,0.0,CASH,TQQQ
2012-11-27,0.7734052522595075,CASH,0.0,CASH,TQQQ
2012-11-28,0.7734052522595075,CASH,0.0,CASH,TQQQ
2012-11-29,0.7734052522595075,CASH,0.0,CASH,TQQQ
2012-11-30,0.7706315965786813,TQQQ,1.0,RISK_ON,TQQQ
2012-12-03,0.7668367137714717,TQQQ,1.0,RISK_ON,TQQQ
2012-12-04,0.7618729607677525,TQQQ,1.0,RISK_ON,TQQQ
2012-12-05,0.738369919949503,TQQQ,1.0,RISK_ON,TQQQ
2012-12-06,0.738369919949503,CASH,0.0,CASH,TQQQ
2012-12-07,0.738369919949503,CASH,0.0,CASH,TQQQ
2012-12-10,0.738369919949503,CASH,0.0,CASH,TQQQ
2012-12-11,0.738369919949503,CASH,0.0,CASH,TQQQ
2012-12-12,0.7333588324012154,TQQQ,1.0,RISK_ON,TQQQ
2012-12-13,0.7167960039739354,TQQQ,1.0,RISK_ON,TQQQ
2012-12-14,0.6964757584990675,TQQQ,1.0,RISK_ON,TQQQ
2012-12-17,0.6964757584990675,CASH,0.0,CASH,TQQQ
2012-12-18,0.6964757584990675,CASH,0.0,CASH,TQQQ
2012-12-19,0.6864894513578608,TQQQ,1.0,RISK_ON,TQQQ
2012-12-20,0.6870007080850108,TQQQ,1.0,RISK_ON,TQQQ
2012-12-21,0.6656209651957624,TQQQ,1.0,RISK_ON,TQQQ
2012-12-24,0.6599869914169972,TQQQ,1.0,RISK_ON,TQQQ
2012-12-26,0.6443678254349924,TQQQ,1.0,RISK_ON,TQQQ
2012-12-27,0.6443678254349924,CASH,0.0,CASH,TQQQ
2012-12-28,0.6443678254349924,CASH,0.0,CASH,TQQQ
2012-12-31,0.6443678254349924,CASH,0.0,CASH,TQQQ
2013-01-02,0.6443678254349924,CASH,0.0,CASH,TQQQ
2013-01-03,0.6350330784578843,TQQQ,1.0,RISK_ON,TQQQ
2013-01-04,0.6287718292640816,TQQQ,1.0,RISK_ON,TQQQ
2013-01-07,0.6294548895487297,TQQQ,1.0,RISK_ON,TQQQ
2013-01-08,0.6258110124967021,TQQQ,1.0,RISK_ON,TQQQ
2013-01-09,0.6321872674361283,TQQQ,1.0,RISK_ON,TQQQ
2013-01-10,0.643343782003243,TQQQ,1.0,RISK_ON,TQQQ
2013-01-11,0.6457340827530945,TQQQ,1.0,RISK_ON,TQQQ
2013-01-14,0.6374233792077358,TQQQ,1.0,RISK_ON,TQQQ
2013-01-15,0.6279741051058244,TQQQ,1.0,RISK_ON,TQQQ
2013-01-16,0.6350330784578845,TQQQ,1.0,RISK_ON,TQQQ
2013-01-17,0.6448234724557029,TQQQ,1.0,RISK_ON,TQQQ
2013-01-18,0.6411808945173297,TQQQ,1.0,RISK_ON,TQQQ
2013-01-22,0.6437994290239536,TQQQ,1.0,RISK_ON,TQQQ
2013-01-23,0.6542730200552259,TQQQ,1.0,RISK_ON,TQQQ
2013-01-24,0.6282024072369998,TQQQ,1.0,RISK_ON,TQQQ
2013-01-25,0.637537154214108,TQQQ,1.0,RISK_ON,TQQQ
2013-01-28,0.642091299691513,TQQQ,1.0,RISK_ON,TQQQ
2013-01-29,0.642091299691513,TQQQ,1.0,RISK_ON,TQQQ
2013-01-30,0.6385622232619003,TQQQ,1.0,RISK_ON,TQQQ
2013-01-31,0.6344636564308025,TQQQ,1.0,RISK_ON,TQQQ
2013-02-01,0.6682687546591743,SOXL,1.0,RISK_ON,SOXL
2013-02-04,0.6392378619733541,SOXL,1.0,RISK_ON,SOXL
2013-02-05,0.6694146240375659,SOXL,1.0,RISK_ON,SOXL
2013-02-06,0.6730425849006063,SOXL,1.0,RISK_ON,SOXL
2013-02-07,0.6642579115939083,SOXL,1.0,RISK_ON,SOXL
2013-02-08,0.6900412486315244,SOXL,1.0,RISK_ON,SOXL
2013-02-11,0.6930964249258169,SOXL,1.0,RISK_ON,SOXL
2013-02-12,0.6974900000728605,SOXL,1.0,RISK_ON,SOXL
2013-02-13,0.7030283937551609,SOXL,1.0,RISK_ON,SOXL
2013-02-14,0.7230820836599237,SOXL,1.0,RISK_ON,SOXL
2013-02-15,0.7091394969459853,SOXL,1.0,RISK_ON,SOXL
2013-02-19,0.7347327064364072,SOXL,1.0,RISK_ON,SOXL
2013-02-20,0.6854576209975104,SOXL,1.0,RISK_ON,SOXL
2013-02-21,0.648023586123187,SOXL,1.0,RISK_ON,SOXL
2013-02-22,0.6885126471713551,SOXL,1.0,RISK_ON,SOXL
2013-02-25,0.6491693053811307,SOXL,1.0,RISK_ON,SOXL
2013-02-26,0.6654039310927478,SOXL,1.0,RISK_ON,SOXL
2013-02-27,0.6951981862558536,SOXL,1.0,RISK_ON,SOXL
2013-02-28,0.7129599122231615,SOXL,1.0,RISK_ON,SOXL
2013-03-01,0.6877494348145173,SOXL,1.0,RISK_ON,SOXL
2013-03-04,0.684884386067419,SOXL,1.0,RISK_ON,SOXL
2013-03-05,0.7238462717996723,SOXL,1.0,RISK_ON,SOXL
2013-03-06,0.7270927015445179,SOXL,1.0,RISK_ON,SOXL
2013-03-07,0.7364516606244422,SOXL,1.0,RISK_ON,SOXL
2013-03-08,0.7381704646920294,SOXL,1.0,RISK_ON,SOXL
2013-03-11,0.7416083730680997,SOXL,1.0,RISK_ON,SOXL
2013-03-12,0.7526846350111329,SOXL,1.0,RISK_ON,SOXL
2013-03-13,0.7593701740956315,SOXL,1.0,RISK_ON,SOXL
2013-03-14,0.7698737265301407,SOXL,1.0,RISK_ON,SOXL
2013-03-15,0.7324408175591762,SOXL,1.0,RISK_ON,SOXL
2013-03-18,0.7028367650034885,SOXL,1.0,RISK_ON,SOXL
2013-03-19,0.6946248762655384,SOXL,1.0,RISK_ON,SOXL
2013-03-20,0.7219359140406365,SOXL,1.0,RISK_ON,SOXL
2013-03-21,0.6877494348145174,SOXL,1.0,RISK_ON,SOXL
2013-03-22,0.7093309005169862,SOXL,1.0,RISK_ON,SOXL
2013-03-25,0.7057015135096912,SOXL,1.0,RISK_ON,SOXL
2013-03-26,0.7251824939059299,SOXL,1.0,RISK_ON,SOXL
2013-03-27,0.7282386459831335,SOXL,1.0,RISK_ON,SOXL
2013-03-28,0.7414168944368753,SOXL,1.0,RISK_ON,SOXL
2013-04-01,0.6995901851381953,SOXL,1.0,RISK_ON,SOXL
2013-04-02,0.6795363451129848,SOXL,1.0,RISK_ON,SOXL
2013-04-03,0.638664551983039,SOXL,1.0,RISK_ON,SOXL
2013-04-04,0.6631120422155172,SOXL,1.0,RISK_ON,SOXL
2013-04-05,0.6535618296850398,SOXL,1.0,RISK_ON,SOXL
2013-04-08,0.6776261374743967,SOXL,1.0,RISK_ON,SOXL
2013-04-09,0.696152426882573,SOXL,1.0,RISK_ON,SOXL
2013-04-10,0.7408437345670079,SOXL,1.0,RISK_ON,SOXL
2013-04-11,0.7335866869375681,SOXL,1.0,RISK_ON,SOXL
2013-04-12,0.7227004024212812,SOXL,1.0,RISK_ON,SOXL
2013-04-15,0.6711336532858253,SOXL,1.0,RISK_ON,SOXL
2013-04-16,0.7114311606425447,SOXL,1.0,RISK_ON,SOXL
2013-04-17,0.6413393981227193,SOXL,1.0,RISK_ON,SOXL
2013-04-18,0.6239589780929347,SOXL,1.0,RISK_ON,SOXL
2013-04-19,0.6388561056744876,SOXL,1.0,RISK_ON,SOXL
2013-04-22,0.6583369359502783,SOXL,1.0,RISK_ON,SOXL
2013-04-23,0.7007361295768106,SOXL,1.0,RISK_ON,SOXL
2013-04-24,0.7259467571059025,SOXL,1.0,RISK_ON,SOXL
2013-04-25,0.7471466916901762,SOXL,1.0,RISK_ON,SOXL
2013-04-26,0.7267111704263229,SOXL,1.0,RISK_ON,SOXL
2013-04-29,0.7515388406929654,SOXL,1.0,RISK_ON,SOXL
2013-04-30,0.7738845695954067,SOXL,1.0,RISK_ON,SOXL
2013-05-01,0.7640311927324762,TQQQ,1.0,RISK_ON,TQQQ
2013-05-02,0.7916914743084713,TQQQ,1.0,RISK_ON,TQQQ
2013-05-03,0.8193502586491577,TQQQ,1.0,RISK_ON,TQQQ
2013-05-06,0.8299158204405539,TQQQ,1.0,RISK_ON,TQQQ
2013-05-07,0.8278974759476182,TQQQ,1.0,RISK_ON,TQQQ
2013-05-08,0.8408381520169178,TQQQ,1.0,RISK_ON,TQQQ
2013-05-09,0.8378693482906878,TQQQ,1.0,RISK_ON,TQQQ
2013-05-10,0.8521147579860683,TQQQ,1.0,RISK_ON,TQQQ
2013-05-13,0.8554391907465545,TQQQ,1.0,RISK_ON,TQQQ
2013-05-14,0.868023025733967,TQQQ,1.0,RISK_ON,TQQQ
2013-05-15,0.874433474356272,TQQQ,1.0,RISK_ON,TQQQ
2013-05-16,0.8712274657790054,TQQQ,1.0,RISK_ON,TQQQ
2013-05-17,0.8958016601962622,TQQQ,1.0,RISK_ON,TQQQ
2013-05-20,0.8917650425073103,TQQQ,1.0,RISK_ON,TQQQ
2013-05-21,0.8950894039708771,TQQQ,1.0,RISK_ON,TQQQ
2013-05-22,0.8732460241626996,TQQQ,1.0,RISK_ON,TQQQ
2013-05-23,0.8637494170847367,TQQQ,1.0,RISK_ON,TQQQ
2013-05-24,0.8632742944134688,TQQQ,1.0,RISK_ON,TQQQ
2013-05-28,0.8810809139388556,TQQQ,1.0,RISK_ON,TQQQ
2013-05-29,0.8677848227260581,TQQQ,1.0,RISK_ON,TQQQ
2013-05-30,0.8819118082382188,TQQQ,1.0,RISK_ON,TQQQ
2013-05-31,0.8567453503110247,TQQQ,1.0,RISK_ON,TQQQ
2013-06-03,0.8617313577794791,TQQQ,1.0,RISK_ON,TQQQ
2013-06-04,0.848791679867052,TQQQ,1.0,RISK_ON,TQQQ
2013-06-05,0.8162641714904196,TQQQ,1.0,RISK_ON,TQQQ
2013-06-06,0.8262359725365698,TQQQ,1.0,RISK_ON,TQQQ
2013-06-07,0.8607817541092183,TQQQ,1.0,RISK_ON,TQQQ
2013-06-10,0.8611373831434745,TQQQ,1.0,RISK_ON,TQQQ
2013-06-11,0.8362079161765588,TQQQ,1.0,RISK_ON,TQQQ
2013-06-12,0.8072417602237716,TQQQ,1.0,RISK_ON,TQQQ
2013-06-13,0.8362079161765588,TQQQ,1.0,RISK_ON,TQQQ
2013-06-14,0.8214870986222326,TQQQ,1.0,RISK_ON,TQQQ
2013-06-17,0.844279796912993,TQQQ,1.0,RISK_ON,TQQQ
2013-06-18,0.8642234703022129,TQQQ,1.0,RISK_ON,TQQQ
2013-06-19,0.8370385252882442,TQQQ,1.0,RISK_ON,TQQQ
2013-06-20,0.7753090820461772,TQQQ,1.0,RISK_ON,TQQQ
2013-06-21,0.7643868217667328,TQQQ,1.0,RISK_ON,TQQQ
2013-06-24,0.7407631578796897,TQQQ,1.0,RISK_ON,TQQQ
2013-06-25,0.7565517180998186,TQQQ,1.0,RISK_ON,TQQQ
2013-06-26,0.777207576417504,TQQQ,1.0,RISK_ON,TQQQ
2013-06-27,0.785873503086862,TQQQ,1.0,RISK_ON,TQQQ
2013-06-28,0.7880103430599369,TQQQ,1.0,RISK_ON,TQQQ
2013-07-01,0.7821323996917763,SOXL,1.0,RISK_ON,SOXL
2013-07-02,0.7841479944121509,SOXL,1.0,RISK_ON,SOXL
2013-07-03,0.7965756800502625,SOXL,1.0,RISK_ON,SOXL
2013-07-05,0.8276454881905516,SOXL,1.0,RISK_ON,SOXL
2013-07-08,0.7784373077169259,SOXL,1.0,RISK_ON,SOXL
2013-07-09,0.8024535574134218,SOXL,1.0,RISK_ON,SOXL
2013-07-10,0.8299975764068318,SOXL,1.0,RISK_ON,SOXL
2013-07-11,0.882901244885315,SOXL,1.0,RISK_ON,SOXL
2013-07-12,0.8980162581405903,SOXL,1.0,RISK_ON,SOXL
2013-07-15,0.897848209407641,SOXL,1.0,RISK_ON,SOXL
2013-07-16,0.9052375352923269,SOXL,1.0,RISK_ON,SOXL
2013-07-17,0.9075892274786002,SOXL,1.0,RISK_ON,SOXL
2013-07-18,0.8850837002486179,SOXL,1.0,RISK_ON,SOXL
2013-07-19,0.8797097050643019,SOXL,1.0,RISK_ON,SOXL
2013-07-22,0.8733281435373026,SOXL,1.0,RISK_ON,SOXL
2013-07-23,0.8637547781692857,SOXL,1.0,RISK_ON,SOXL
2013-07-24,0.8163938796630806,SOXL,1.0,RISK_ON,SOXL
2013-07-25,0.831005142749515,SOXL,1.0,RISK_ON,SOXL
2013-07-26,0.8084996155195329,SOXL,1.0,RISK_ON,SOXL
2013-07-29,0.7952324122716875,SOXL,1.0,RISK_ON,SOXL
2013-07-30,0.8217676768323934,SOXL,1.0,RISK_ON,SOXL
2013-07-31,0.8335243556287284,SOXL,1.0,RISK_ON,SOXL
2013-08-01,0.8787020727166177,SOXL,1.0,RISK_ON,SOXL
2013-08-02,0.8620750168948054,SOXL,1.0,RISK_ON,SOXL
2013-08-05,0.8580443554940654,SOXL,1.0,RISK_ON,SOXL
2013-08-06,0.8405780460825238,SOXL,1.0,RISK_ON,SOXL
2013-08-07,0.8143784829577096,SOXL,1.0,RISK_ON,SOXL
2013-08-08,0.8168976298319218,SOXL,1.0,RISK_ON,SOXL
2013-08-09,0.8048057116347032,SOXL,1.0,RISK_ON,SOXL
2013-08-12,0.8137063540309134,SOXL,1.0,RISK_ON,SOXL
2013-08-13,0.8409138135234165,SOXL,1.0,RISK_ON,SOXL
2013-08-14,0.8034612557661073,SOXL,1.0,RISK_ON,SOXL
2013-08-15,0.7483750659193198,SOXL,1.0,RISK_ON,SOXL
2013-08-16,0.7557643257990047,SOXL,1.0,RISK_ON,SOXL
2013-08-19,0.7404807357707708,SOXL,1.0,RISK_ON,SOXL
2013-08-20,0.7552603776151602,SOXL,1.0,RISK_ON,SOXL
2013-08-21,0.7386335198083513,SOXL,1.0,RISK_ON,SOXL
2013-08-22,0.7636575998675352,SOXL,1.0,RISK_ON,SOXL
2013-08-23,0.7641614160413774,SOXL,1.0,RISK_ON,SOXL
2013-08-26,0.7589557336100153,SOXL,1.0,RISK_ON,SOXL
2013-08-27,0.7023570391616828,SOXL,1.0,RISK_ON,SOXL
2013-08-28,0.7255339692634484,SOXL,1.0,RISK_ON,SOXL
2013-08-29,0.7532452449297938,SOXL,1.0,RISK_ON,SOXL
2013-08-30,0.7325877257222451,SOXL,1.0,RISK_ON,SOXL
2013-09-03,0.7446412235711738,TQQQ,1.0,RISK_ON,TQQQ
2013-09-04,0.7689367831612576,TQQQ,1.0,RISK_ON,TQQQ
2013-09-05,0.7723008527909074,TQQQ,1.0,RISK_ON,TQQQ
2013-09-06,0.7751041132018016,TQQQ,1.0,RISK_ON,TQQQ
2013-09-09,0.802388747204911,TQQQ,1.0,RISK_ON,TQQQ
2013-09-10,0.8145363586393349,TQQQ,1.0,RISK_ON,TQQQ
2013-09-11,0.8104252168271499,TQQQ,1.0,RISK_ON,TQQQ
2013-09-12,0.8067804339269891,TQQQ,1.0,RISK_ON,TQQQ
2013-09-13,0.8093971507730735,TQQQ,1.0,RISK_ON,TQQQ
2013-09-16,0.8025760203323992,TQQQ,1.0,RISK_ON,TQQQ
2013-09-17,0.818647556571726,TQQQ,1.0,RISK_ON,TQQQ
2013-09-18,0.8487362366686139,TQQQ,1.0,RISK_ON,TQQQ
2013-09-19,0.8539688285576922,TQQQ,1.0,RISK_ON,TQQQ
2013-09-20,0.8446250387362226,TQQQ,1.0,RISK_ON,TQQQ
2013-09-23,0.8398591424804047,TQQQ,1.0,RISK_ON,TQQQ
2013-09-24,0.8400456860452145,TQQQ,1.0,RISK_ON,TQQQ
2013-09-25,0.8321032177680588,TQQQ,1.0,RISK_ON,TQQQ
2013-09-26,0.851165512026592,TQQQ,1.0,RISK_ON,TQQQ
2013-09-27,0.8471475297563997,TQQQ,1.0,RISK_ON,TQQQ
2013-09-30,0.8418217222051224,TQQQ,1.0,RISK_ON,TQQQ
2013-10-01,0.8670514026244055,TQQQ,1.0,RISK_ON,TQQQ
2013-10-02,0.8654626395919854,TQQQ,1.0,RISK_ON,TQQQ
2013-10-03,0.8353737911344795,TQQQ,1.0,RISK_ON,TQQQ
2013-10-04,0.856865360750991,TQQQ,1.0,RISK_ON,TQQQ
2013-10-07,0.8356547288858145,TQQQ,1.0,RISK_ON,TQQQ
2013-10-08,0.788372220669616,TQQQ,1.0,RISK_ON,TQQQ
2013-10-09,0.7796824557291009,TQQQ,1.0,RISK_ON,TQQQ
2013-10-10,0.8292067416949656,TQQQ,1.0,RISK_ON,TQQQ
2013-10-11,0.8478948264197589,TQQQ,1.0,RISK_ON,TQQQ
2013-10-14,0.8654626395919853,TQQQ,1.0,RISK_ON,TQQQ
2013-10-15,0.8562113919902423,TQQQ,1.0,RISK_ON,TQQQ
2013-10-16,0.8854586057180696,TQQQ,1.0,RISK_ON,TQQQ
2013-10-17,0.899755733283463,TQQQ,1.0,RISK_ON,TQQQ
2013-10-18,0.9442340270452649,TQQQ,1.0,RISK_ON,TQQQ
2013-10-21,0.9496536675810073,TQQQ,1.0,RISK_ON,TQQQ
2013-10-22,0.9529245776686642,TQQQ,1.0,RISK_ON,TQQQ
2013-10-23,0.9375993840491944,TQQQ,1.0,RISK_ON,TQQQ
2013-10-24,0.9492796825280915,TQQQ,1.0,RISK_ON,TQQQ
2013-10-25,0.9682490978456619,TQQQ,1.0,RISK_ON,TQQQ
2013-10-28,0.9702113969693495,TQQQ,1.0,RISK_ON,TQQQ
2013-10-29,0.9748832918800843,TQQQ,1.0,RISK_ON,TQQQ
2013-10-30,0.9717991498380611,TQQQ,1.0,RISK_ON,TQQQ
2013-10-31,0.9655388286161425,TQQQ,1.0,RISK_ON,TQQQ
2013-11-01,0.9650714595404097,TQQQ,1.0,RISK_ON,TQQQ
2013-11-04,0.9697441401340288,TQQQ,1.0,RISK_ON,TQQQ
2013-11-05,0.9738552819462137,TQQQ,1.0,RISK_ON,TQQQ
2013-11-06,0.9721731348909768,TQQQ,1.0,RISK_ON,TQQQ
2013-11-07,0.9182571622030341,TQQQ,1.0,RISK_ON,TQQQ
2013-11-08,0.9545132284606718,TQQQ,1.0,RISK_ON,TQQQ
2013-11-11,0.9499339318898696,TQQQ,1.0,RISK_ON,TQQQ
2013-11-12,0.9546065002430766,TQQQ,1.0,RISK_ON,TQQQ
2013-11-13,0.9888062660319434,TQQQ,1.0,RISK_ON,TQQQ
2013-11-14,0.9964681332790002,TQQQ,1.0,RISK_ON,TQQQ
2013-11-15,1.0033832650647576,TQQQ,1.0,RISK_ON,TQQQ
2013-11-18,0.975630364062619,TQQQ,1.0,RISK_ON,TQQQ
2013-11-19,0.9660061976918747,TQQQ,1.0,RISK_ON,TQQQ
2013-11-20,0.9592783951538112,TQQQ,1.0,RISK_ON,TQQQ
2013-11-21,0.9886191612650734,TQQQ,1.0,RISK_ON,TQQQ
2013-11-22,1.0042238335105218,TQQQ,1.0,RISK_ON,TQQQ
2013-11-25,1.0108587009874166,TQQQ,1.0,RISK_ON,TQQQ
2013-11-26,1.0275847671895522,TQQQ,1.0,RISK_ON,TQQQ
2013-11-27,1.0481423843374824,TQQQ,1.0,RISK_ON,TQQQ
2013-11-29,1.0653351461728786,TQQQ,1.0,RISK_ON,TQQQ
2013-12-02,1.058700503176808,TQQQ,1.0,RISK_ON,TQQQ
2013-12-03,1.0556173712984933,TQQQ,1.0,RISK_ON,TQQQ
2013-12-04,1.0583273038067766,TQQQ,1.0,RISK_ON,TQQQ
2013-12-05,1.0550567304403558,TQQQ,1.0,RISK_ON,TQQQ
2013-12-06,1.0768290133273781,TQQQ,1.0,RISK_ON,TQQQ
2013-12-09,1.0897240897857796,TQQQ,1.0,RISK_ON,TQQQ
2013-12-10,1.0877612294600318,TQQQ,1.0,RISK_ON,TQQQ
2013-12-11,1.0471140376823764,TQQQ,1.0,RISK_ON,TQQQ
2013-12-12,1.0386112652683195,TQQQ,1.0,RISK_ON,TQQQ
2013-12-13,1.0336586570870738,TQQQ,1.0,RISK_ON,TQQQ
2013-12-16,1.0514120597806076,TQQQ,1.0,RISK_ON,TQQQ
2013-12-17,1.0447783147078333,TQQQ,1.0,RISK_ON,TQQQ
2013-12-18,1.080846771116747,TQQQ,1.0,RISK_ON,TQQQ
2013-12-19,1.0711293329635978,TQQQ,1.0,RISK_ON,TQQQ
2013-12-20,1.1033662384267169,TQQQ,1.0,RISK_ON,TQQQ
2013-12-23,1.1390614954655989,TQQQ,1.0,RISK_ON,TQQQ
2013-12-24,1.140650258498019,TQQQ,1.0,RISK_ON,TQQQ
2013-12-26,1.151769018195482,TQQQ,1.0,RISK_ON,TQQQ
2013-12-27,1.1433596298042419,TQQQ,1.0,RISK_ON,TQQQ
2013-12-30,1.1373793484103618,TQQQ,1.0,RISK_ON,TQQQ
2013-12-31,1.159712384395934,TQQQ,1.0,RISK_ON,TQQQ
2014-01-02,1.1326138449959862,TQQQ,1.0,RISK_ON,TQQQ
2014-01-03,1.1079447493146346,TQQQ,1.0,RISK_ON,TQQQ
2014-01-06,1.0961708423320964,TQQQ,1.0,RISK_ON,TQQQ
2014-01-07,1.1245779926960133,TQQQ,1.0,RISK_ON,TQQQ
2014-01-08,1.1329877178084895,TQQQ,1.0,RISK_ON,TQQQ
2014-01-09,1.1213070826083562,TQQQ,1.0,RISK_ON,TQQQ
2014-01-10,1.1325204609731687,TQQQ,1.0,RISK_ON,TQQQ
2014-01-13,1.0821549331190676,TQQQ,1.0,RISK_ON,TQQQ
2014-01-14,1.1441074876696609,TQQQ,1.0,RISK_ON,TQQQ
2014-01-15,1.1708314808146325,TQQQ,1.0,RISK_ON,TQQQ
2014-01-16,1.1732617102161131,TQQQ,1.0,RISK_ON,TQQQ
2014-01-17,1.152423604278496,TQQQ,1.0,RISK_ON,TQQQ
2014-01-21,1.1782140939165349,TQQQ,1.0,RISK_ON,TQQQ
2014-01-22,1.1891461978087763,TQQQ,1.0,RISK_ON,TQQQ
2014-01-23,1.174849912046473,TQQQ,1.0,RISK_ON,TQQQ
2014-01-24,1.1052348168063506,TQQQ,1.0,RISK_ON,TQQQ
2014-01-27,1.0730909586448123,TQQQ,1.0,RISK_ON,TQQQ
2014-01-28,1.0727167491110723,TQQQ,1.0,RISK_ON,TQQQ
2014-01-29,1.0388911928559452,TQQQ,1.0,RISK_ON,TQQQ
2014-01-30,1.0936486880331544,TQQQ,1.0,RISK_ON,TQQQ
2014-01-31,1.0859858106223894,TQQQ,1.0,RISK_ON,TQQQ
2014-02-03,1.0140357780906082,TQQQ,1.0,RISK_ON,TQQQ
2014-02-04,1.0338449761710586,TQQQ,1.0,RISK_ON,TQQQ
2014-02-05,1.024313857101895,TQQQ,1.0,RISK_ON,TQQQ
2014-02-06,1.0635598395756485,TQQQ,1.0,RISK_ON,TQQQ
2014-02-07,1.1199991450868585,TQQQ,1.0,RISK_ON,TQQQ
2014-02-10,1.1405559765519044,TQQQ,1.0,RISK_ON,TQQQ
2014-02-11,1.179615190980024,TQQQ,1.0,RISK_ON,TQQQ
2014-02-12,1.1852213750805762,TQQQ,1.0,RISK_ON,TQQQ
2014-02-13,1.2156835351485256,TQQQ,1.0,RISK_ON,TQQQ
2014-02-14,1.2192350462662813,TQQQ,1.0,RISK_ON,TQQQ
2014-02-18,1.2382969476833725,TQQQ,1.0,RISK_ON,TQQQ
2014-02-19,1.2111981838026007,TQQQ,1.0,RISK_ON,TQQQ
2014-02-20,1.2287661653354451,TQQQ,1.0,RISK_ON,TQQQ
2014-02-21,1.2224115621674132,TQQQ,1.0,RISK_ON,TQQQ
2014-02-24,1.2439036929859848,TQQQ,1.0,RISK_ON,TQQQ
2014-02-25,1.239418790601708,TQQQ,1.0,RISK_ON,TQQQ
2014-02-26,1.2353063019045785,TQQQ,1.0,RISK_ON,TQQQ
2014-02-27,1.2596021982158985,TQQQ,1.0,RISK_ON,TQQQ
2014-02-28,1.2532473705670424,TQQQ,1.0,RISK_ON,TQQQ
2014-03-03,1.2327255233876624,SOXL,1.0,RISK_ON,SOXL
2014-03-04,1.2966415799850672,SOXL,1.0,RISK_ON,SOXL
2014-03-05,1.3047877911420571,SOXL,1.0,RISK_ON,SOXL
2014-03-06,1.334551869937462,SOXL,1.0,RISK_ON,SOXL
2014-03-07,1.3282865387391014,SOXL,1.0,RISK_ON,SOXL
2014-03-10,1.319826827066585,SOXL,1.0,RISK_ON,SOXL
2014-03-11,1.2988341134412607,SOXL,1.0,RISK_ON,SOXL
2014-03-12,1.3315757083269835,SOXL,1.0,RISK_ON,SOXL
2014-03-13,1.264996498096503,SOXL,1.0,RISK_ON,SOXL
2014-03-14,1.2449449016904128,SOXL,1.0,RISK_ON,SOXL
2014-03-17,1.289591758690705,SOXL,1.0,RISK_ON,SOXL
2014-03-18,1.3445779759768346,SOXL,1.0,RISK_ON,SOXL
2014-03-19,1.34160095242464,SOXL,1.0,RISK_ON,SOXL
2014-03-20,1.4171097556973344,SOXL,1.0,RISK_ON,SOXL
2014-03-21,1.3798258511033388,SOXL,1.0,RISK_ON,SOXL
2014-03-24,1.3627498006350733,SOXL,1.0,RISK_ON,SOXL
2014-03-25,1.3909477313326843,SOXL,1.0,RISK_ON,SOXL
2014-03-26,1.3488076471112969,SOXL,1.0,RISK_ON,SOXL
2014-03-27,1.3154404056743598,SOXL,1.0,RISK_ON,SOXL
2014-03-28,1.3437947172261415,SOXL,1.0,RISK_ON,SOXL
2014-03-31,1.4084936631706473,SOXL,1.0,RISK_ON,SOXL
2014-04-01,1.4742891221123111,SOXL,1.0,RISK_ON,SOXL
2014-04-02,1.4650466442272247,SOXL,1.0,RISK_ON,SOXL
2014-04-03,1.4738193638771444,SOXL,1.0,RISK_ON,SOXL
2014-04-04,1.3499048989156397,SOXL,1.0,RISK_ON,SOXL
2014-04-07,1.3126203786489898,SOXL,1.0,RISK_ON,SOXL
2014-04-08,1.3618100378956781,SOXL,1.0,RISK_ON,SOXL
2014-04-09,1.4056737592798079,SOXL,1.0,RISK_ON,SOXL
2014-04-10,1.2761193634020946,SOXL,1.0,RISK_ON,SOXL
2014-04-11,1.2151800840878226,SOXL,1.0,RISK_ON,SOXL
2014-04-14,1.2436920078390834,SOXL,1.0,RISK_ON,SOXL
2014-04-15,1.2693830426232589,SOXL,1.0,RISK_ON,SOXL
2014-04-16,1.2620205827550857,SOXL,1.0,RISK_ON,SOXL
2014-04-17,1.3348656167220505,SOXL,1.0,RISK_ON,SOXL
2014-04-21,1.370113368714024,SOXL,1.0,RISK_ON,SOXL
2014-04-22,1.4092764293832167,SOXL,1.0,RISK_ON,SOXL
2014-04-23,1.403481225823615,SOXL,1.0,RISK_ON,SOXL
2014-04-24,1.425255843719793,SOXL,1.0,RISK_ON,SOXL
2014-04-25,1.287399225234512,SOXL,1.0,RISK_ON,SOXL
2014-04-28,1.263900477637468,SOXL,1.0,RISK_ON,SOXL
2014-04-29,1.286928974461222,SOXL,1.0,RISK_ON,SOXL
2014-04-30,1.312933509760924,SOXL,1.0,RISK_ON,SOXL
2014-05-01,1.2999311189765421,SOXL,1.0,RISK_ON,SOXL
2014-05-02,1.3077637064834746,SOXL,1.0,RISK_ON,SOXL
2014-05-05,1.314030269027144,SOXL,1.0,RISK_ON,SOXL
2014-05-06,1.2983642320715632,SOXL,1.0,RISK_ON,SOXL
2014-05-07,1.3008708817159371,SOXL,1.0,RISK_ON,SOXL
2014-05-08,1.3275020486430997,SOXL,1.0,RISK_ON,SOXL
2014-05-09,1.3166931763911578,SOXL,1.0,RISK_ON,SOXL
2014-05-12,1.3879723085293905,SOXL,1.0,RISK_ON,SOXL
2014-05-13,1.3572674819183441,SOXL,1.0,RISK_ON,SOXL
2014-05-14,1.3226466078228931,SOXL,1.0,RISK_ON,SOXL
2014-05-15,1.2762759905253278,SOXL,1.0,RISK_ON,SOXL
2014-05-16,1.3140302690271444,SOXL,1.0,RISK_ON,SOXL
2014-05-19,1.356170230114001,SOXL,1.0,RISK_ON,SOXL
2014-05-20,1.3370583964473057,SOXL,1.0,RISK_ON,SOXL
2014-05-21,1.3563271035062952,SOXL,1.0,RISK_ON,SOXL
2014-05-22,1.376222688461807,SOXL,1.0,RISK_ON,SOXL
2014-05-23,1.4131934619438686,SOXL,1.0,RISK_ON,SOXL
2014-05-27,1.4672394239524797,SOXL,1.0,RISK_ON,SOXL
2014-05-28,1.471939222725701,SOXL,1.0,RISK_ON,SOXL
2014-05-29,1.4810256891602092,SOXL,1.0,RISK_ON,SOXL
2014-05-30,1.4871353783115842,SOXL,1.0,RISK_ON,SOXL
2014-06-02,1.5112597724598422,SOXL,1.0,RISK_ON,SOXL
2014-06-03,1.5538705999926432,SOXL,1.0,RISK_ON,SOXL
2014-06-04,1.5750192019340148,SOXL,1.0,RISK_ON,SOXL
2014-06-05,1.5967939429647238,SOXL,1.0,RISK_ON,SOXL
2014-06-06,1.6206063142118252,SOXL,1.0,RISK_ON,SOXL
2014-06-09,1.6321985683489912,SOXL,1.0,RISK_ON,SOXL
2014-06-10,1.6484906212593786,SOXL,1.0,RISK_ON,SOXL
2014-06-11,1.6724588808225276,SOXL,1.0,RISK_ON,SOXL
2014-06-12,1.6550693298387353,SOXL,1.0,RISK_ON,SOXL
2014-06-13,1.7020668250328232,SOXL,1.0,RISK_ON,SOXL
2014-06-16,1.733868657179151,SOXL,1.0,RISK_ON,SOXL
2014-06-17,1.7728758295322964,SOXL,1.0,RISK_ON,SOXL
2014-06-18,1.751570107929569,SOXL,1.0,RISK_ON,SOXL
2014-06-19,1.7564266569605533,SOXL,1.0,RISK_ON,SOXL
2014-06-20,1.7717789471315457,SOXL,1.0,RISK_ON,SOXL
2014-06-23,1.7521968626915605,SOXL,1.0,RISK_ON,SOXL
2014-06-24,1.7131899366074768,SOXL,1.0,RISK_ON,SOXL
2014-06-25,1.731674646108588,SOXL,1.0,RISK_ON,SOXL
2014-06-26,1.7095860351587597,SOXL,1.0,RISK_ON,SOXL
2014-06-27,1.717732738853873,SOXL,1.0,RISK_ON,SOXL
2014-06-30,1.771465816019612,SOXL,1.0,RISK_ON,SOXL
2014-07-01,1.844466984571686,SOXL,1.0,RISK_ON,SOXL
2014-07-02,1.858409630633586,SOXL,1.0,RISK_ON,SOXL
2014-07-03,1.8958501623508142,SOXL,1.0,RISK_ON,SOXL
2014-07-07,1.8562164815047388,SOXL,1.0,RISK_ON,SOXL
2014-07-08,1.8281750547958298,SOXL,1.0,RISK_ON,SOXL
2014-07-09,1.8599756555968492,SOXL,1.0,RISK_ON,SOXL
2014-07-10,1.833187738411923,SOXL,1.0,RISK_ON,SOXL
2014-07-11,1.83679163986064,SOXL,1.0,RISK_ON,SOXL
2014-07-14,1.861542665636359,SOXL,1.0,RISK_ON,SOXL
2014-07-15,1.8468167608237656,SOXL,1.0,RISK_ON,SOXL
2014-07-16,1.910732571152109,SOXL,1.0,RISK_ON,SOXL
2014-07-17,1.7631626083357972,SOXL,1.0,RISK_ON,SOXL
2014-07-18,1.8322477294034665,SOXL,1.0,RISK_ON,SOXL
2014-07-21,1.8472870115970554,SOXL,1.0,RISK_ON,SOXL
2014-07-22,1.882534517319967,SOXL,1.0,RISK_ON,SOXL
2014-07-23,1.7525104863416179,SOXL,1.0,RISK_ON,SOXL
2014-07-24,1.7081761447806056,SOXL,1.0,RISK_ON,SOXL
2014-07-25,1.6054106511640653,SOXL,1.0,RISK_ON,SOXL
2014-07-28,1.6002407247520851,SOXL,1.0,RISK_ON,SOXL
2014-07-29,1.592878141749381,SOXL,1.0,RISK_ON,SOXL
2014-07-30,1.6398751444053454,SOXL,1.0,RISK_ON,SOXL
2014-07-31,1.5286484615019182,SOXL,1.0,RISK_ON,SOXL
2014-08-01,1.5109931997921546,TQQQ,1.0,RISK_ON,TQQQ
2014-08-04,1.541938955141182,TQQQ,1.0,RISK_ON,TQQQ
2014-08-05,1.5058349783043303,TQQQ,1.0,RISK_ON,TQQQ
2014-08-06,1.503256760954898,TQQQ,1.0,RISK_ON,TQQQ
2014-08-07,1.4887759085107517,TQQQ,1.0,RISK_ON,TQQQ
2014-08-08,1.5205148790385756,TQQQ,1.0,RISK_ON,TQQQ
2014-08-11,1.5480881297859983,TQQQ,1.0,RISK_ON,TQQQ
2014-08-12,1.5445171724906146,TQQQ,1.0,RISK_ON,TQQQ
2014-08-13,1.5947060493381662,TQQQ,1.0,RISK_ON,TQQQ
2014-08-14,1.6193037008715423,TQQQ,1.0,RISK_ON,TQQQ
2014-08-15,1.641322777697694,TQQQ,1.0,RISK_ON,TQQQ
2014-08-18,1.6809974735914013,TQQQ,1.0,RISK_ON,TQQQ
2014-08-19,1.7099590593604297,TQQQ,1.0,RISK_ON,TQQQ
2014-08-20,1.7099590593604297,TQQQ,1.0,RISK_ON,TQQQ
2014-08-21,1.7196799060162136,TQQQ,1.0,RISK_ON,TQQQ
2014-08-22,1.7264242005038388,TQQQ,1.0,RISK_ON,TQQQ
2014-08-25,1.7456656543326676,TQQQ,1.0,RISK_ON,TQQQ
2014-08-26,1.7516169718800247,TQQQ,1.0,RISK_ON,TQQQ
2014-08-27,1.7518160201701236,TQQQ,1.0,RISK_ON,TQQQ
2014-08-28,1.744674582056412,TQQQ,1.0,RISK_ON,TQQQ
2014-08-29,1.7651063946901229,TQQQ,1.0,RISK_ON,TQQQ
2014-09-02,1.7797864145436322,TQQQ,1.0,RISK_ON,TQQQ
2014-09-03,1.7492364925087873,TQQQ,1.0,RISK_ON,TQQQ
2014-09-04,1.7436825568260443,TQQQ,1.0,RISK_ON,TQQQ
2014-09-05,1.7706605686113936,TQQQ,1.0,RISK_ON,TQQQ
2014-09-08,1.7795873662535329,TQQQ,1.0,RISK_ON,TQQQ
2014-09-09,1.7363431424956095,TQQQ,1.0,RISK_ON,TQQQ
2014-09-10,1.7766116479202225,TQQQ,1.0,RISK_ON,TQQQ
2014-09-11,1.7752231937793528,TQQQ,1.0,RISK_ON,TQQQ
2014-09-12,1.747252918525108,TQQQ,1.0,RISK_ON,TQQQ
2014-09-15,1.694685110856751,TQQQ,1.0,RISK_ON,TQQQ
2014-09-16,1.7405089813952748,TQQQ,1.0,RISK_ON,TQQQ
2014-09-17,1.749038516292064,TQQQ,1.0,RISK_ON,TQQQ
2014-09-18,1.7867284470094529,TQQQ,1.0,RISK_ON,TQQQ
2014-09-19,1.782761656399887,TQQQ,1.0,RISK_ON,TQQQ
2014-09-22,1.7343584964385552,TQQQ,1.0,RISK_ON,TQQQ
2014-09-23,1.7192828815093917,TQQQ,1.0,RISK_ON,TQQQ
2014-09-24,1.775025455801158,TQQQ,1.0,RISK_ON,TQQQ
2014-09-25,1.6623500675320066,TQQQ,1.0,RISK_ON,TQQQ
2014-09-26,1.7155139479972847,TQQQ,1.0,RISK_ON,TQQQ
2014-09-29,1.709761202262971,TQQQ,1.0,RISK_ON,TQQQ
2014-09-30,1.7161093060786219,TQQQ,1.0,RISK_ON,TQQQ
2014-10-01,1.6339834824865234,TQQQ,1.0,RISK_ON,TQQQ
2014-10-02,1.633189790830671,TQQQ,1.0,RISK_ON,TQQQ
2014-10-03,1.6823856894937432,TQQQ,1.0,RISK_ON,TQQQ
2014-10-06,1.6708801980251156,TQQQ,1.0,RISK_ON,TQQQ
2014-10-07,1.6002601041401727,TQQQ,1.0,RISK_ON,TQQQ
2014-10-08,1.6927007030382242,TQQQ,1.0,RISK_ON,TQQQ
2014-10-09,1.6083936866035156,TQQQ,1.0,RISK_ON,TQQQ
2014-10-10,1.4879817403778435,TQQQ,1.0,RISK_ON,TQQQ
2014-10-13,1.4183531952462123,TQQQ,1.0,RISK_ON,TQQQ
2014-10-14,1.4209327229075484,TQQQ,1.0,RISK_ON,TQQQ
2014-10-15,1.3905823256398584,TQQQ,1.0,RISK_ON,TQQQ
2014-10-16,1.3905823256398584,CASH,0.0,CASH,TQQQ
2014-10-17,1.3905823256398584,CASH,0.0,CASH,TQQQ
2014-10-20,1.3905823256398584,CASH,0.0,CASH,TQQQ
2014-10-21,1.4993376209475624,TQQQ,1.0,RISK_ON,TQQQ
2014-10-22,1.4761001028760974,TQQQ,1.0,RISK_ON,TQQQ
2014-10-23,1.5435844309885287,TQQQ,1.0,RISK_ON,TQQQ
2014-10-24,1.5790919283845943,TQQQ,1.0,RISK_ON,TQQQ
2014-10-27,1.5850410464807738,TQQQ,1.0,RISK_ON,TQQQ
2014-10-28,1.6558718442253977,TQQQ,1.0,RISK_ON,TQQQ
2014-10-29,1.6359792329020857,TQQQ,1.0,RISK_ON,TQQQ
2014-10-30,1.646204959903081,TQQQ,1.0,RISK_ON,TQQQ
2014-10-31,1.7140599148020113,TQQQ,1.0,RISK_ON,TQQQ
2014-11-03,1.7317216207935777,TQQQ,1.0,RISK_ON,TQQQ
2014-11-04,1.7133169867103997,TQQQ,1.0,RISK_ON,TQQQ
2014-11-05,1.7131313384134275,TQQQ,1.0,RISK_ON,TQQQ
2014-11-06,1.727817648097597,TQQQ,1.0,RISK_ON,TQQQ
2014-11-07,1.7235415973656525,TQQQ,1.0,RISK_ON,TQQQ
2014-11-10,1.741202856818922,TQQQ,1.0,RISK_ON,TQQQ
2014-11-11,1.7577489985100414,TQQQ,1.0,RISK_ON,TQQQ
2014-11-12,1.7674157711977838,TQQQ,1.0,RISK_ON,TQQQ
2014-11-13,1.7900969025512032,TQQQ,1.0,RISK_ON,TQQQ
2014-11-14,1.8066417046274315,TQQQ,1.0,RISK_ON,TQQQ
2014-11-17,1.7897249361498133,TQQQ,1.0,RISK_ON,TQQQ
2014-11-18,1.8298805623137875,TQQQ,1.0,RISK_ON,TQQQ
2014-11-19,1.8066417046274315,TQQQ,1.0,RISK_ON,TQQQ
2014-11-20,1.83062404857827,TQQQ,1.0,RISK_ON,TQQQ
2014-11-21,1.843823385733474,TQQQ,1.0,RISK_ON,TQQQ
2014-11-24,1.8854666542338596,TQQQ,1.0,RISK_ON,TQQQ
2014-11-25,1.891602090434457,TQQQ,1.0,RISK_ON,TQQQ
2014-11-26,1.9302698509928715,TQQQ,1.0,RISK_ON,TQQQ
2014-11-28,1.9590860836431654,TQQQ,1.0,RISK_ON,TQQQ
2014-12-01,1.8867678668312786,TQQQ,1.0,RISK_ON,TQQQ
2014-12-02,1.9070317747485348,TQQQ,1.0,RISK_ON,TQQQ
2014-12-03,1.9243208445312656,TQQQ,1.0,RISK_ON,TQQQ
2014-12-04,1.9185580445395036,TQQQ,1.0,RISK_ON,TQQQ
2014-12-05,1.9198590338677743,TQQQ,1.0,RISK_ON,TQQQ
2014-12-08,1.8784024183755292,TQQQ,1.0,RISK_ON,TQQQ
2014-12-09,1.8966209576234379,TQQQ,1.0,RISK_ON,TQQQ
2014-12-10,1.8047832122353717,TQQQ,1.0,RISK_ON,TQQQ
2014-12-11,1.8330411603798582,TQQQ,1.0,RISK_ON,TQQQ
2014-12-12,1.7724351965596357,TQQQ,1.0,RISK_ON,TQQQ
2014-12-15,1.7192662164411523,TQQQ,1.0,RISK_ON,TQQQ
2014-12-16,1.6339349805784793,TQQQ,1.0,RISK_ON,TQQQ
2014-12-17,1.7216828817044443,TQQQ,1.0,RISK_ON,TQQQ
2014-12-18,1.8479132299955743,TQQQ,1.0,RISK_ON,TQQQ
2014-12-19,1.868548322872201,TQQQ,1.0,RISK_ON,TQQQ
2014-12-22,1.885785482577907,TQQQ,1.0,RISK_ON,TQQQ
2014-12-23,1.867748796051446,TQQQ,1.0,RISK_ON,TQQQ
2014-12-24,1.8716541083623173,TQQQ,1.0,RISK_ON,TQQQ
2014-12-26,1.9095846341924068,TQQQ,1.0,RISK_ON,TQQQ
2014-12-29,1.909957270401242,TQQQ,1.0,RISK_ON,TQQQ
2014-12-30,1.8705377626198505,TQQQ,1.0,RISK_ON,TQQQ
2014-12-31,1.8119677901647389,TQQQ,1.0,RISK_ON,TQQQ
2015-01-02,1.797093152953815,TQQQ,1.0,RISK_ON,TQQQ
2015-01-05,1.7162097734328523,TQQQ,1.0,RISK_ON,TQQQ
2015-01-06,1.64815655553006,TQQQ,1.0,RISK_ON,TQQQ
2015-01-07,1.7115610864920723,TQQQ,1.0,RISK_ON,TQQQ
2015-01-08,1.8091788235963342,TQQQ,1.0,RISK_ON,TQQQ
2015-01-09,1.772549510363664,TQQQ,1.0,RISK_ON,TQQQ
2015-01-12,1.7180692705360792,TQQQ,1.0,RISK_ON,TQQQ
2015-01-13,1.7165815165650937,TQQQ,1.0,RISK_ON,TQQQ
2015-01-14,1.6901782652371415,TQQQ,1.0,RISK_ON,TQQQ
2015-01-15,1.623054963337824,TQQQ,1.0,RISK_ON,TQQQ
2015-01-16,1.680881002990156,TQQQ,1.0,RISK_ON,TQQQ
2015-01-20,1.7180692705360794,TQQQ,1.0,RISK_ON,TQQQ
2015-01-21,1.744471852056586,TQQQ,1.0,RISK_ON,TQQQ
2015-01-22,1.8415317511933373,TQQQ,1.0,RISK_ON,TQQQ
2015-01-23,1.8538034050365517,TQQQ,1.0,RISK_ON,TQQQ
2015-01-26,1.8497135607744506,TQQQ,1.0,RISK_ON,TQQQ
2015-01-27,1.7065407680536255,TQQQ,1.0,RISK_ON,TQQQ
2015-01-28,1.6771629018602965,TQQQ,1.0,RISK_ON,TQQQ
2015-01-29,1.7256930188805335,TQQQ,1.0,RISK_ON,TQQQ
2015-01-30,1.686088086071318,TQQQ,1.0,RISK_ON,TQQQ
2015-02-02,1.7015119273639976,SOXL,1.0,RISK_ON,SOXL
2015-02-03,1.7933235359379058,SOXL,1.0,RISK_ON,SOXL
2015-02-04,1.8147696560471145,SOXL,1.0,RISK_ON,SOXL
2015-02-05,1.8644211563448518,SOXL,1.0,RISK_ON,SOXL
2015-02-06,1.836217046216466,SOXL,1.0,RISK_ON,SOXL
2015-02-09,1.7761367357071798,SOXL,1.0,RISK_ON,SOXL
2015-02-10,1.956084976102158,SOXL,1.0,RISK_ON,SOXL
2015-02-11,1.9757692918734493,SOXL,1.0,RISK_ON,SOXL
2015-02-12,2.0711055482633083,SOXL,1.0,RISK_ON,SOXL
2015-02-13,2.115175018773973,SOXL,1.0,RISK_ON,SOXL
2015-02-17,2.1363279859102495,SOXL,1.0,RISK_ON,SOXL
2015-02-18,2.1153230385106014,SOXL,1.0,RISK_ON,SOXL
2015-02-19,2.1347124694087665,SOXL,1.0,RISK_ON,SOXL
2015-02-20,2.172759314722863,SOXL,1.0,RISK_ON,SOXL
2015-02-23,2.129571265951215,SOXL,1.0,RISK_ON,SOXL
2015-02-24,2.215800267437986,SOXL,1.0,RISK_ON,SOXL
2015-02-25,2.178634843862907,SOXL,1.0,RISK_ON,SOXL
2015-02-26,2.222851410430096,SOXL,1.0,RISK_ON,SOXL
2015-02-27,2.206838953991293,SOXL,1.0,RISK_ON,SOXL
2015-03-02,2.3901670553459566,SOXL,1.0,RISK_ON,SOXL
2015-03-03,2.252083807433997,SOXL,1.0,RISK_ON,SOXL
2015-03-04,2.248410793501379,SOXL,1.0,RISK_ON,SOXL
2015-03-05,2.250467829092462,SOXL,1.0,RISK_ON,SOXL
2015-03-06,2.18260112622847,SOXL,1.0,RISK_ON,SOXL
2015-03-09,2.2016972886936896,SOXL,1.0,RISK_ON,SOXL
2015-03-10,2.077422827412978,SOXL,1.0,RISK_ON,SOXL
2015-03-11,2.0949023187765845,SOXL,1.0,RISK_ON,SOXL
2015-03-12,2.0922587463196116,SOXL,1.0,RISK_ON,SOXL
2015-03-13,2.1354465641712332,SOXL,1.0,RISK_ON,SOXL
2015-03-16,2.229461496172658,SOXL,1.0,RISK_ON,SOXL
2015-03-17,2.1820138966025024,SOXL,1.0,RISK_ON,SOXL
2015-03-18,2.2299020915821535,SOXL,1.0,RISK_ON,SOXL
2015-03-19,2.246207816453902,SOXL,1.0,RISK_ON,SOXL
2015-03-20,2.3447748749267023,SOXL,1.0,RISK_ON,SOXL
2015-03-23,2.279111841870266,SOXL,1.0,RISK_ON,SOXL
2015-03-24,2.2207946057590395,SOXL,1.0,RISK_ON,SOXL
2015-03-25,1.9165697103431032,SOXL,1.0,RISK_ON,SOXL
2015-03-26,1.8375388324449533,SOXL,1.0,RISK_ON,SOXL
2015-03-27,1.9884029264926841,SOXL,1.0,RISK_ON,SOXL
2015-03-30,2.071252413399808,SOXL,1.0,RISK_ON,SOXL
2015-03-31,1.9983918340548155,SOXL,1.0,RISK_ON,SOXL
2015-04-01,1.9646284858323129,TQQQ,1.0,RISK_ON,TQQQ
2015-04-02,1.9679278236796618,TQQQ,1.0,RISK_ON,TQQQ
2015-04-06,2.0152722268245777,TQQQ,1.0,RISK_ON,TQQQ
2015-04-07,2.0059585050012956,TQQQ,1.0,RISK_ON,TQQQ
2015-04-08,2.0536912711028235,TQQQ,1.0,RISK_ON,TQQQ
2015-04-09,2.0919183471289706,TQQQ,1.0,RISK_ON,TQQQ
2015-04-10,2.116948304736901,TQQQ,1.0,RISK_ON,TQQQ
2015-04-13,2.101231370038714,TQQQ,1.0,RISK_ON,TQQQ
2015-04-14,2.0831863543414766,TQQQ,1.0,RISK_ON,TQQQ
2015-04-15,2.1200524127356357,TQQQ,1.0,RISK_ON,TQQQ
2015-04-16,2.1126788748971523,TQQQ,1.0,RISK_ON,TQQQ
2015-04-17,2.013914703760287,TQQQ,1.0,RISK_ON,TQQQ
2015-04-20,2.103947813994377,TQQQ,1.0,RISK_ON,TQQQ
2015-04-21,2.130918654500645,TQQQ,1.0,RISK_ON,TQQQ
2015-04-22,2.165457330809292,TQQQ,1.0,RISK_ON,TQQQ
2015-04-23,2.1914590112078796,TQQQ,1.0,RISK_ON,TQQQ
2015-04-24,2.2772229245734,TQQQ,1.0,RISK_ON,TQQQ
2015-04-27,2.2626701468603287,TQQQ,1.0,RISK_ON,TQQQ
2015-04-28,2.2479244690104405,TQQQ,1.0,RISK_ON,TQQQ
2015-04-29,2.205040998015012,TQQQ,1.0,RISK_ON,TQQQ
2015-04-30,2.1014249690890705,TQQQ,1.0,RISK_ON,TQQQ
2015-05-01,2.186413554368447,TQQQ,1.0,RISK_ON,TQQQ
2015-05-04,2.1941747562500025,TQQQ,1.0,RISK_ON,TQQQ
2015-05-05,2.0901715292233485,TQQQ,1.0,RISK_ON,TQQQ
2015-05-06,2.045542405178196,TQQQ,1.0,RISK_ON,TQQQ
2015-05-07,2.080662577551452,TQQQ,1.0,RISK_ON,TQQQ
2015-05-08,2.1569196359856933,TQQQ,1.0,RISK_ON,TQQQ
2015-05-11,2.1332479003555944,TQQQ,1.0,RISK_ON,TQQQ
2015-05-12,2.10569370001528,TQQQ,1.0,RISK_ON,TQQQ
2015-05-13,2.1165601747514686,TQQQ,1.0,RISK_ON,TQQQ
2015-05-14,2.21028028687598,TQQQ,1.0,RISK_ON,TQQQ
2015-05-15,2.210086454854444,TQQQ,1.0,RISK_ON,TQQQ
2015-05-18,2.2372508944110683,TQQQ,1.0,RISK_ON,TQQQ
2015-05-19,2.230847681536164,TQQQ,1.0,RISK_ON,TQQQ
2015-05-20,2.2345356153113043,TQQQ,1.0,RISK_ON,TQQQ
2015-05-21,2.26965555471338,TQQQ,1.0,RISK_ON,TQQQ
2015-05-22,2.263446173860012,TQQQ,1.0,RISK_ON,TQQQ
2015-05-26,2.185055798332974,TQQQ,1.0,RISK_ON,TQQQ
2015-05-27,2.290223415315923,TQQQ,1.0,RISK_ON,TQQQ
2015-05-28,2.2733420906614414,TQQQ,1.0,RISK_ON,TQQQ
2015-05-29,2.234922580440837,TQQQ,1.0,RISK_ON,TQQQ
2015-06-01,2.2545205820221605,TQQQ,1.0,RISK_ON,TQQQ
2015-06-02,2.2339522554772575,TQQQ,1.0,RISK_ON,TQQQ
2015-06-03,2.253550723000941,TQQQ,1.0,RISK_ON,TQQQ
2015-06-04,2.204459036008043,TQQQ,1.0,RISK_ON,TQQQ
2015-06-05,2.187771776346277,TQQQ,1.0,RISK_ON,TQQQ
2015-06-08,2.1208282067641386,TQQQ,1.0,RISK_ON,TQQQ
2015-06-09,2.1103507938981005,TQQQ,1.0,RISK_ON,TQQQ
2015-06-10,2.193980924228466,TQQQ,1.0,RISK_ON,TQQQ
2015-06-11,2.20601178892095,TQQQ,1.0,RISK_ON,TQQQ
2015-06-12,2.149934228132641,TQQQ,1.0,RISK_ON,TQQQ
2015-06-15,2.120246477728351,TQQQ,1.0,RISK_ON,TQQQ
2015-06-16,2.1526513710018427,TQQQ,1.0,RISK_ON,TQQQ
2015-06-17,2.17069661967026,TQQQ,1.0,RISK_ON,TQQQ
2015-06-18,2.2624765478099724,TQQQ,1.0,RISK_ON,TQQQ
2015-06-19,2.227937405558966,TQQQ,1.0,RISK_ON,TQQQ
2015-06-22,2.2816861864346847,TQQQ,1.0,RISK_ON,TQQQ
2015-06-23,2.287312207454007,TQQQ,1.0,RISK_ON,TQQQ
2015-06-24,2.252192035080751,TQQQ,1.0,RISK_ON,TQQQ
2015-06-25,2.237445192374964,TQQQ,1.0,RISK_ON,TQQQ
2015-06-26,2.1959208752420856,TQQQ,1.0,RISK_ON,TQQQ
2015-06-29,2.040691945216198,TQQQ,1.0,RISK_ON,TQQQ
2015-06-30,2.0639764827455838,TQQQ,1.0,RISK_ON,TQQQ
2015-07-01,2.106275894993427,TQQQ,1.0,RISK_ON,TQQQ
2015-07-02,2.114231627810058,TQQQ,1.0,RISK_ON,TQQQ
2015-07-06,2.0963797452208173,TQQQ,1.0,RISK_ON,TQQQ
2015-07-07,2.10705262090665,TQQQ,1.0,RISK_ON,TQQQ
2015-07-08,2.0014961750247298,TQQQ,1.0,RISK_ON,TQQQ
2015-07-09,2.0014961750247298,CASH,0.0,CASH,TQQQ
2015-07-10,2.0014961750247298,CASH,0.0,CASH,TQQQ
2015-07-13,2.103773961040477,TQQQ,1.0,RISK_ON,TQQQ
2015-07-14,2.145987477159541,TQQQ,1.0,RISK_ON,TQQQ
2015-07-15,2.1562149878323535,TQQQ,1.0,RISK_ON,TQQQ
2015-07-16,2.240455586306826,TQQQ,1.0,RISK_ON,TQQQ
2015-07-17,2.3429202526341664,TQQQ,1.0,RISK_ON,TQQQ
2015-07-20,2.369140877667089,TQQQ,1.0,RISK_ON,TQQQ
2015-07-21,2.3626319949388197,TQQQ,1.0,RISK_ON,TQQQ
2015-07-22,2.2850860431343674,TQQQ,1.0,RISK_ON,TQQQ
2015-07-23,2.2577497180810977,TQQQ,1.0,RISK_ON,TQQQ
2015-07-24,2.1935930596166853,TQQQ,1.0,RISK_ON,TQQQ
2015-07-27,2.1372469711166087,TQQQ,1.0,RISK_ON,TQQQ
2015-07-28,2.193593059616685,TQQQ,1.0,RISK_ON,TQQQ
2015-07-29,2.218140246256071,TQQQ,1.0,RISK_ON,TQQQ
2015-07-30,2.2490094353121335,TQQQ,1.0,RISK_ON,TQQQ
2015-07-31,2.2421290247003625,TQQQ,1.0,RISK_ON,TQQQ
2015-08-03,2.221487569591081,TQQQ,1.0,RISK_ON,TQQQ
2015-08-04,2.2071683401724442,TQQQ,1.0,RISK_ON,TQQQ
2015-08-05,2.258865864649381,TQQQ,1.0,RISK_ON,TQQQ
2015-08-06,2.1504507237888664,TQQQ,1.0,RISK_ON,TQQQ
2015-08-07,2.141895981687685,TQQQ,1.0,RISK_ON,TQQQ
2015-08-10,2.2142347379999343,TQQQ,1.0,RISK_ON,TQQQ
2015-08-11,2.129809045405616,TQQQ,1.0,RISK_ON,TQQQ
2015-08-12,2.1485908516316727,TQQQ,1.0,RISK_ON,TQQQ
2015-08-13,2.138920856058081,TQQQ,1.0,RISK_ON,TQQQ
2015-08-14,2.1504507237888655,TQQQ,1.0,RISK_ON,TQQQ
2015-08-17,2.203262831916307,TQQQ,1.0,RISK_ON,TQQQ
2015-08-18,2.1681168299945752,TQQQ,1.0,RISK_ON,TQQQ
2015-08-19,2.1273914348752334,TQQQ,1.0,RISK_ON,TQQQ
2015-08-20,1.9522162610781737,TQQQ,1.0,RISK_ON,TQQQ
2015-08-21,1.9522162610781737,CASH,0.0,CASH,TQQQ
2015-08-24,1.9522162610781737,CASH,0.0,CASH,TQQQ
2015-08-25,1.9522162610781737,CASH,0.0,CASH,TQQQ
2015-08-26,1.9522162610781737,CASH,0.0,CASH,TQQQ
2015-08-27,1.9522162610781737,CASH,0.0,CASH,TQQQ
2015-08-28,1.9522162610781737,CASH,0.0,CASH,TQQQ
2015-08-31,1.9522162610781737,CASH,0.0,CASH,TQQQ
2015-09-01,1.9522162610781737,CASH,0.0,CASH,TQQQ
2015-09-02,1.9522162610781737,CASH,0.0,CASH,TQQQ
2015-09-03,1.9522162610781737,CASH,0.0,CASH,TQQQ
2015-09-04,1.9522162610781737,CASH,0.0,CASH,TQQQ
2015-09-08,1.9522162610781737,CASH,0.0,CASH,TQQQ
2015-09-09,1.9522162610781737,CASH,0.0,CASH,TQQQ
2015-09-10,1.9522162610781737,CASH,0.0,CASH,TQQQ
2015-09-11,1.9522162610781737,CASH,0.0,CASH,TQQQ
2015-09-14,1.9522162610781737,CASH,0.0,CASH,TQQQ
2015-09-15,1.9522162610781737,CASH,0.0,CASH,TQQQ
2015-09-16,1.9522162610781737,CASH,0.0,CASH,TQQQ
2015-09-17,1.9522162610781737,CASH,0.0,CASH,TQQQ
2015-09-18,1.9522162610781737,CASH,0.0,CASH,TQQQ
2015-09-21,1.9522162610781737,CASH,0.0,CASH,TQQQ
2015-09-22,1.9522162610781737,CASH,0.0,CASH,TQQQ
2015-09-23,1.9522162610781737,CASH,0.0,CASH,TQQQ
2015-09-24,1.9522162610781737,CASH,0.0,CASH,TQQQ
2015-09-25,1.9522162610781737,CASH,0.0,CASH,TQQQ
2015-09-28,1.9522162610781737,CASH,0.0,CASH,TQQQ
2015-09-29,1.9522162610781737,CASH,0.0,CASH,TQQQ
2015-09-30,1.9522162610781737,CASH,0.0,CASH,TQQQ
2015-10-01,1.9522162610781737,CASH,0.0,CASH,TQQQ
2015-10-02,1.9522162610781737,CASH,0.0,CASH,TQQQ
2015-10-05,1.9522162610781737,CASH,0.0,CASH,TQQQ
2015-10-06,1.9522162610781737,CASH,0.0,CASH,TQQQ
2015-10-07,1.9522162610781737,CASH,0.0,CASH,TQQQ
2015-10-08,1.9522162610781737,CASH,0.0,CASH,TQQQ
2015-10-09,1.9522162610781737,CASH,0.0,CASH,TQQQ
2015-10-12,1.9522162610781737,CASH,0.0,CASH,TQQQ
2015-10-13,1.9522162610781737,CASH,0.0,CASH,TQQQ
2015-10-14,1.9522162610781737,CASH,0.0,CASH,TQQQ
2015-10-15,1.9522162610781737,CASH,0.0,CASH,TQQQ
2015-10-16,1.9522162610781737,CASH,0.0,CASH,TQQQ
2015-10-19,1.9522162610781737,CASH,0.0,CASH,TQQQ
2015-10-20,1.9198579622128533,TQQQ,1.0,RISK_ON,TQQQ
2015-10-21,1.8889696422137328,TQQQ,1.0,RISK_ON,TQQQ
2015-10-22,2.0009403540872777,TQQQ,1.0,RISK_ON,TQQQ
2015-10-23,2.167331409857961,TQQQ,1.0,RISK_ON,TQQQ
2015-10-26,2.173767175568306,TQQQ,1.0,RISK_ON,TQQQ
2015-10-27,2.1879241382756582,TQQQ,1.0,RISK_ON,TQQQ
2015-10-28,2.238669866133337,TQQQ,1.0,RISK_ON,TQQQ
2015-10-29,2.230395909400489,TQQQ,1.0,RISK_ON,TQQQ
2015-10-30,2.1998749185548983,TQQQ,1.0,RISK_ON,TQQQ
2015-11-02,2.2748893153738936,TQQQ,1.0,RISK_ON,TQQQ
2015-11-03,2.296585355756341,TQQQ,1.0,RISK_ON,TQQQ
2015-11-04,2.2975041201415523,TQQQ,1.0,RISK_ON,TQQQ
2015-11-05,2.2772798246308503,TQQQ,1.0,RISK_ON,TQQQ
2015-11-06,2.2848180193031724,TQQQ,1.0,RISK_ON,TQQQ
2015-11-09,2.2112742636024563,TQQQ,1.0,RISK_ON,TQQQ
2015-11-10,2.1956466597768243,TQQQ,1.0,RISK_ON,TQQQ
2015-11-11,2.1859020619256966,TQQQ,1.0,RISK_ON,TQQQ
2015-11-12,2.1224697917282516,TQQQ,1.0,RISK_ON,TQQQ
2015-11-13,1.9976297559409482,TQQQ,1.0,RISK_ON,TQQQ
2015-11-16,2.0809185509941783,TQQQ,1.0,RISK_ON,TQQQ
2015-11-17,2.088089195762277,TQQQ,1.0,RISK_ON,TQQQ
2015-11-18,2.2077806631314427,TQQQ,1.0,RISK_ON,TQQQ
2015-11-19,2.2110912612777707,TQQQ,1.0,RISK_ON,TQQQ
2015-11-20,2.2550323490167217,TQQQ,1.0,RISK_ON,TQQQ
2015-11-23,2.236831012858754,TQQQ,1.0,RISK_ON,TQQQ
2015-11-24,2.2298446949195,TQQQ,1.0,RISK_ON,TQQQ
2015-11-25,2.234808936508793,TQQQ,1.0,RISK_ON,TQQQ
2015-11-27,2.2428979041607167,TQQQ,1.0,RISK_ON,TQQQ
2015-11-30,2.2287413829547504,TQQQ,1.0,RISK_ON,TQQQ
2015-12-01,2.2949306085599095,TQQQ,1.0,RISK_ON,TQQQ
2015-12-02,2.2531941579942187,TQQQ,1.0,RISK_ON,TQQQ
2015-12-03,2.1382826053855015,TQQQ,1.0,RISK_ON,TQQQ
2015-12-04,2.285185789958089,TQQQ,1.0,RISK_ON,TQQQ
2015-12-07,2.2572387521955273,TQQQ,1.0,RISK_ON,TQQQ
2015-12-08,2.257423299775065,TQQQ,1.0,RISK_ON,TQQQ
2015-12-09,2.1522556827653956,TQQQ,1.0,RISK_ON,TQQQ
2015-12-10,2.1827760113589068,TQQQ,1.0,RISK_ON,TQQQ
2015-12-11,2.033114988375832,TQQQ,1.0,RISK_ON,TQQQ
2015-12-14,2.0787119270646803,TQQQ,1.0,RISK_ON,TQQQ
2015-12-15,2.1140132741721054,TQQQ,1.0,RISK_ON,TQQQ
2015-12-16,2.2074137754793,TQQQ,1.0,RISK_ON,TQQQ
2015-12-17,2.115483915290385,TQQQ,1.0,RISK_ON,TQQQ
2015-12-18,1.9992849446387666,TQQQ,1.0,RISK_ON,TQQQ
2015-12-21,2.05867107538005,TQQQ,1.0,RISK_ON,TQQQ
2015-12-22,2.0976496875352537,TQQQ,1.0,RISK_ON,TQQQ
2015-12-23,2.1456369147303653,TQQQ,1.0,RISK_ON,TQQQ
2015-12-24,2.141223887622061,TQQQ,1.0,RISK_ON,TQQQ
2015-12-28,2.1406724523903793,TQQQ,1.0,RISK_ON,TQQQ
2015-12-29,2.2383020954784203,TQQQ,1.0,RISK_ON,TQQQ
2015-12-30,2.181121264162476,TQQQ,1.0,RISK_ON,TQQQ
2015-12-31,2.100223861368976,TQQQ,1.0,RISK_ON,TQQQ
2016-01-04,1.9718897836092728,TQQQ,1.0,RISK_ON,TQQQ
2016-01-05,1.9542389996802136,TQQQ,1.0,RISK_ON,TQQQ
2016-01-06,1.9018398491302635,TQQQ,1.0,RISK_ON,TQQQ
2016-01-07,1.9018398491302635,CASH,0.0,CASH,TQQQ
2016-01-08,1.9018398491302635,CASH,0.0,CASH,TQQQ
2016-01-11,1.9018398491302635,CASH,0.0,CASH,TQQQ
2016-01-12,1.9018398491302635,CASH,0.0,CASH,TQQQ
2016-01-13,1.9018398491302635,CASH,0.0,CASH,TQQQ
2016-01-14,1.9018398491302635,CASH,0.0,CASH,TQQQ
2016-01-15,1.9018398491302635,CASH,0.0,CASH,TQQQ
2016-01-19,1.9018398491302635,CASH,0.0,CASH,TQQQ
2016-01-20,1.9018398491302635,CASH,0.0,CASH,TQQQ
2016-01-21,1.9018398491302635,CASH,0.0,CASH,TQQQ
2016-01-22,1.9018398491302635,CASH,0.0,CASH,TQQQ
2016-01-25,1.9018398491302635,CASH,0.0,CASH,TQQQ
2016-01-26,1.9018398491302635,CASH,0.0,CASH,TQQQ
2016-01-27,1.9018398491302635,CASH,0.0,CASH,TQQQ
2016-01-28,1.9018398491302635,CASH,0.0,CASH,TQQQ
2016-01-29,1.9018398491302635,CASH,0.0,CASH,TQQQ
2016-02-01,1.9018398491302635,CASH,0.0,CASH,TQQQ
2016-02-02,1.9018398491302635,CASH,0.0,CASH,TQQQ
2016-02-03,1.9018398491302635,CASH,0.0,CASH,TQQQ
2016-02-04,1.9018398491302635,CASH,0.0,CASH,TQQQ
2016-02-05,1.9018398491302635,CASH,0.0,CASH,TQQQ
2016-02-08,1.9018398491302635,CASH,0.0,CASH,TQQQ
2016-02-09,1.9018398491302635,CASH,0.0,CASH,TQQQ
2016-02-10,1.9018398491302635,CASH,0.0,CASH,TQQQ
2016-02-11,1.9018398491302635,CASH,0.0,CASH,TQQQ
2016-02-12,1.9018398491302635,CASH,0.0,CASH,TQQQ
2016-02-16,1.9018398491302635,CASH,0.0,CASH,TQQQ
2016-02-17,1.9018398491302635,CASH,0.0,CASH,TQQQ
2016-02-18,1.8372493092287625,TQQQ,1.0,DEEP_DCA,TQQQ
2016-02-19,1.8563121743197786,TQQQ,1.0,DEEP_DCA,TQQQ
2016-02-22,1.9440029424563996,TQQQ,1.0,DEEP_DCA,TQQQ
2016-02-23,1.9440029424563996,CASH,0.0,CASH,TQQQ
2016-02-24,2.0018325120217164,TQQQ,1.0,DEEP_DCA,TQQQ
2016-02-25,2.057065160323606,TQQQ,1.0,DEEP_DCA,TQQQ
2016-02-26,2.057065160323606,CASH,0.0,CASH,TQQQ
2016-02-29,2.057065160323606,CASH,0.0,CASH,TQQQ
2016-03-01,2.057065160323606,CASH,0.0,CASH,SOXL
2016-03-02,2.057065160323606,CASH,0.0,CASH,SOXL
2016-03-03,2.057065160323606,CASH,0.0,CASH,SOXL
2016-03-04,2.057065160323606,CASH,0.0,CASH,SOXL
2016-03-07,2.0801115931124485,SOXL,1.0,RISK_ON,SOXL
2016-03-08,1.938421374947336,SOXL,1.0,RISK_ON,SOXL
2016-03-09,1.938421374947336,CASH,0.0,CASH,SOXL
2016-03-10,1.938421374947336,CASH,0.0,CASH,SOXL
2016-03-11,1.938421374947336,CASH,0.0,CASH,SOXL
2016-03-14,1.9159174367685385,SOXL,1.0,RISK_ON,SOXL
2016-03-15,1.9050542921093427,SOXL,1.0,RISK_ON,SOXL
2016-03-16,1.9578211218515955,SOXL,1.0,RISK_ON,SOXL
2016-03-17,2.000501235953709,SOXL,1.0,RISK_ON,SOXL
2016-03-18,2.080427375905554,SOXL,1.0,RISK_ON,SOXL
2016-03-21,2.0905148539465372,SOXL,1.0,RISK_ON,SOXL
2016-03-22,2.0850825954561802,SOXL,1.0,RISK_ON,SOXL
2016-03-23,2.001276292651247,SOXL,1.0,RISK_ON,SOXL
2016-03-24,1.9966204631799462,SOXL,1.0,RISK_ON,SOXL
2016-03-28,1.9942923959641272,SOXL,1.0,RISK_ON,SOXL
2016-03-29,2.0703402028249087,SOXL,1.0,RISK_ON,SOXL
2016-03-30,2.132418843989932,SOXL,1.0,RISK_ON,SOXL
2016-03-31,2.0959477223575695,SOXL,1.0,RISK_ON,SOXL
2016-04-01,2.1370749784215706,SOXL,1.0,RISK_ON,SOXL
2016-04-04,2.078099308689736,SOXL,1.0,RISK_ON,SOXL
2016-04-05,2.040851148117642,SOXL,1.0,RISK_ON,SOXL
2016-04-06,2.102931466564521,SOXL,1.0,RISK_ON,SOXL
2016-04-07,2.0043806364059544,SOXL,1.0,RISK_ON,SOXL
2016-04-08,2.034643985409916,SOXL,1.0,RISK_ON,SOXL
2016-04-11,2.031539794135378,SOXL,1.0,RISK_ON,SOXL
2016-04-12,2.0253317165466393,SOXL,1.0,RISK_ON,SOXL
2016-04-13,2.163458774493119,SOXL,1.0,RISK_ON,SOXL
2016-04-14,2.110690877389685,SOXL,1.0,RISK_ON,SOXL
2016-04-15,2.0540440372745126,SOXL,1.0,RISK_ON,SOXL
2016-04-18,2.0571473136680383,SOXL,1.0,RISK_ON,SOXL
2016-04-19,1.978772964393125,SOXL,1.0,RISK_ON,SOXL
2016-04-20,2.036972052625735,SOXL,1.0,RISK_ON,SOXL
2016-04-21,2.0012762926512475,SOXL,1.0,RISK_ON,SOXL
2016-04-22,2.012140657151793,SOXL,1.0,RISK_ON,SOXL
2016-04-25,1.9756684681582495,SOXL,1.0,RISK_ON,SOXL
2016-04-26,2.0548190939720503,SOXL,1.0,RISK_ON,SOXL
2016-04-27,2.12077927031168,SOXL,1.0,RISK_ON,SOXL
2016-04-28,1.9500609486255884,SOXL,1.0,RISK_ON,SOXL
2016-04-29,1.8002953843620377,SOXL,1.0,RISK_ON,SOXL
2016-05-02,1.8002953843620377,CASH,0.0,CASH,SOXL
2016-05-03,1.8002953843620377,CASH,0.0,CASH,SOXL
2016-05-04,1.8002953843620377,CASH,0.0,CASH,SOXL
2016-05-05,1.8002953843620377,CASH,0.0,CASH,SOXL
2016-05-06,1.8002953843620377,CASH,0.0,CASH,SOXL
2016-05-09,1.8002953843620377,CASH,0.0,CASH,SOXL
2016-05-10,1.8002953843620377,CASH,0.0,CASH,SOXL
2016-05-11,1.8002953843620377,CASH,0.0,CASH,SOXL
2016-05-12,1.8002953843620377,CASH,0.0,CASH,SOXL
2016-05-13,1.8002953843620377,CASH,0.0,CASH,SOXL
2016-05-16,1.8002953843620377,CASH,0.0,CASH,SOXL
2016-05-17,1.8002953843620377,CASH,0.0,CASH,SOXL
2016-05-18,1.8002953843620377,CASH,0.0,CASH,SOXL
2016-05-19,1.8002953843620377,CASH,0.0,CASH,SOXL
2016-05-20,1.8002953843620377,CASH,0.0,CASH,SOXL
2016-05-23,1.8395103953838334,SOXL,1.0,RISK_ON,SOXL
2016-05-24,1.9728395555093015,SOXL,1.0,RISK_ON,SOXL
2016-05-25,2.0077750522417577,SOXL,1.0,RISK_ON,SOXL
2016-05-26,2.027738973792467,SOXL,1.0,RISK_ON,SOXL
2016-05-27,2.064815208374105,SOXL,1.0,RISK_ON,SOXL
2016-05-31,2.0983254612492495,SOXL,1.0,RISK_ON,SOXL
2016-06-01,2.134687742946108,SOXL,1.0,RISK_ON,SOXL
2016-06-02,2.1332617985855733,SOXL,1.0,RISK_ON,SOXL
2016-06-03,2.1532250196330596,SOXL,1.0,RISK_ON,SOXL
2016-06-06,2.1368265193862657,SOXL,1.0,RISK_ON,SOXL
2016-06-07,2.199570452960752,SOXL,1.0,RISK_ON,SOXL
2016-06-08,2.193864994310878,SOXL,1.0,RISK_ON,SOXL
2016-06-09,2.2024213609773096,SOXL,1.0,RISK_ON,SOXL
2016-06-10,2.0919082913249096,SOXL,1.0,RISK_ON,SOXL
2016-06-13,2.0633884234097026,SOXL,1.0,RISK_ON,SOXL
2016-06-14,2.057685206370142,SOXL,1.0,RISK_ON,SOXL
2016-06-15,2.058398318651054,SOXL,1.0,RISK_ON,SOXL
2016-06-16,2.0562589818083183,SOXL,1.0,RISK_ON,SOXL
2016-06-17,2.0049241442252,SOXL,1.0,RISK_ON,SOXL
2016-06-20,2.072657622155757,SOXL,1.0,RISK_ON,SOXL
2016-06-21,2.0940473479663564,SOXL,1.0,RISK_ON,SOXL
2016-06-22,2.0847777289183687,SOXL,1.0,RISK_ON,SOXL
2016-06-23,2.247339729139311,SOXL,1.0,RISK_ON,SOXL
2016-06-24,1.8680304033996844,SOXL,1.0,RISK_ON,SOXL
2016-06-27,1.645577759331771,SOXL,1.0,RISK_ON,SOXL
2016-06-28,1.645577759331771,CASH,0.0,CASH,SOXL
2016-06-29,1.7445899891023018,SOXL,1.0,RISK_ON,SOXL
2016-06-30,1.8396413146288453,SOXL,1.0,RISK_ON,SOXL
2016-07-01,1.7802341064706413,SOXL,1.0,RISK_ON,SOXL
2016-07-05,1.6904629057351277,SOXL,1.0,RISK_ON,SOXL
2016-07-06,1.6977245202810662,SOXL,1.0,RISK_ON,SOXL
2016-07-07,1.7597712071662708,SOXL,1.0,RISK_ON,SOXL
2016-07-08,1.9076296172882596,SOXL,1.0,RISK_ON,SOXL
2016-07-11,1.9703364981155003,SOXL,1.0,RISK_ON,SOXL
2016-07-12,2.050866021295425,SOXL,1.0,RISK_ON,SOXL
2016-07-13,2.0561480916481703,SOXL,1.0,RISK_ON,SOXL
2016-07-14,2.1010327192350693,SOXL,1.0,RISK_ON,SOXL
2016-07-15,2.0964121398655036,SOXL,1.0,RISK_ON,SOXL
2016-07-18,2.1908034011541258,SOXL,1.0,RISK_ON,SOXL
2016-07-19,2.1650608958751825,SOXL,1.0,RISK_ON,SOXL
2016-07-20,2.2693529910285144,SOXL,1.0,RISK_ON,SOXL
2016-07-21,2.2218278470817,SOXL,1.0,RISK_ON,SOXL
2016-07-22,2.256811121987432,SOXL,1.0,RISK_ON,SOXL
2016-07-25,2.293115303593693,SOXL,1.0,RISK_ON,SOXL
2016-07-26,2.5729892850864085,SOXL,1.0,RISK_ON,SOXL
2016-07-27,2.5571477433762895,SOXL,1.0,RISK_ON,SOXL
2016-07-28,2.516881879301355,SOXL,1.0,RISK_ON,SOXL
2016-07-29,2.478598153501901,SOXL,1.0,RISK_ON,SOXL
2016-08-01,2.4918002164850193,SOXL,1.0,RISK_ON,SOXL
2016-08-02,2.3723253468183465,SOXL,1.0,RISK_ON,SOXL
2016-08-03,2.38882734187873,SOXL,1.0,RISK_ON,SOXL
2016-08-04,2.450874677284506,SOXL,1.0,RISK_ON,SOXL
2016-08-05,2.5446058743352062,SOXL,1.0,RISK_ON,SOXL
2016-08-08,2.5340445871202313,SOXL,1.0,RISK_ON,SOXL
2016-08-09,2.599391854603273,SOXL,1.0,RISK_ON,SOXL
2016-08-10,2.539326138656519,SOXL,1.0,RISK_ON,SOXL
2016-08-11,2.575629542038094,SOXL,1.0,RISK_ON,SOXL
2016-08-12,2.608633532158861,SOXL,1.0,RISK_ON,SOXL
2016-08-15,2.716886401852066,SOXL,1.0,RISK_ON,SOXL
2016-08-16,2.6587991924655907,SOXL,1.0,RISK_ON,SOXL
2016-08-17,2.6574798422144337,SOXL,1.0,RISK_ON,SOXL
2016-08-18,2.7162267267264872,SOXL,1.0,RISK_ON,SOXL
2016-08-19,2.7868552863375875,SOXL,1.0,RISK_ON,SOXL
2016-08-22,2.790155996639539,SOXL,1.0,RISK_ON,SOXL
2016-08-23,2.835040624226438,SOXL,1.0,RISK_ON,SOXL
2016-08-24,2.7617715482554224,SOXL,1.0,RISK_ON,SOXL
2016-08-25,2.795435472909997,SOXL,1.0,RISK_ON,SOXL
2016-08-26,2.834380949100859,SOXL,1.0,RISK_ON,SOXL
2016-08-29,2.863424034977639,SOXL,1.0,RISK_ON,SOXL
2016-08-30,2.838342372161304,SOXL,1.0,RISK_ON,SOXL
2016-08-31,2.8403216569462684,SOXL,1.0,RISK_ON,SOXL
2016-09-01,2.9149098237602127,SOXL,1.0,RISK_ON,SOXL
2016-09-02,2.899068022641865,SOXL,1.0,RISK_ON,SOXL
2016-09-06,2.8746457755428794,SOXL,1.0,RISK_ON,SOXL
2016-09-07,2.811277533436574,SOXL,1.0,RISK_ON,SOXL
2016-09-08,2.7987372208448638,SOXL,1.0,RISK_ON,SOXL
2016-09-09,2.4904793097844897,SOXL,1.0,RISK_ON,SOXL
2016-09-12,2.6396571998617504,SOXL,1.0,RISK_ON,SOXL
2016-09-13,2.5630887106299274,SOXL,1.0,RISK_ON,SOXL
2016-09-14,2.6363577866009433,SOXL,1.0,RISK_ON,SOXL
2016-09-15,2.818539407390742,SOXL,1.0,RISK_ON,SOXL
2016-09-16,2.8198584982336703,SOXL,1.0,RISK_ON,SOXL
2016-09-19,2.833720495750596,SOXL,1.0,RISK_ON,SOXL
2016-09-20,2.7980762486781425,SOXL,1.0,RISK_ON,SOXL
2016-09-21,2.9076502844801055,SOXL,1.0,RISK_ON,SOXL
2016-09-22,2.941313430909994,SOXL,1.0,RISK_ON,SOXL
2016-09-23,2.8475824932675224,SOXL,1.0,RISK_ON,SOXL
2016-09-26,2.759132069528424,SOXL,1.0,RISK_ON,SOXL
2016-09-27,2.907650284480106,SOXL,1.0,RISK_ON,SOXL
2016-09-28,2.926792277083947,SOXL,1.0,RISK_ON,SOXL
2016-09-29,3.0343852122433446,SOXL,1.0,RISK_ON,SOXL
2016-09-30,3.175641553240859,SOXL,1.0,RISK_ON,SOXL
2016-10-03,3.1096343512240106,SOXL,1.0,RISK_ON,SOXL
2016-10-04,3.085871260434146,SOXL,1.0,RISK_ON,SOXL
2016-10-05,3.1578191702964036,SOXL,1.0,RISK_ON,SOXL
2016-10-06,3.212606447605614,SOXL,1.0,RISK_ON,SOXL
2016-10-07,3.1941238707191224,SOXL,1.0,RISK_ON,SOXL
2016-10-10,3.146598986180537,SOXL,1.0,RISK_ON,SOXL
2016-10-11,2.949894914523547,SOXL,1.0,RISK_ON,SOXL
2016-10-12,2.9168911838110088,SOXL,1.0,RISK_ON,SOXL
2016-10-13,2.8112775334365754,SOXL,1.0,RISK_ON,SOXL
2016-10-14,2.8799268082627116,SOXL,1.0,RISK_ON,SOXL
2016-10-17,2.831079979390682,SOXL,1.0,RISK_ON,SOXL
2016-10-18,2.9347122697143204,SOXL,1.0,RISK_ON,SOXL
2016-10-19,2.891148289419722,SOXL,1.0,RISK_ON,SOXL
2016-10-20,2.953196403050184,SOXL,1.0,RISK_ON,SOXL
2016-10-21,2.929432015219176,SOXL,1.0,RISK_ON,SOXL
2016-10-24,3.092471643405134,SOXL,1.0,RISK_ON,SOXL
2016-10-25,3.0852108070838815,SOXL,1.0,RISK_ON,SOXL
2016-10-26,3.067388424139426,SOXL,1.0,RISK_ON,SOXL
2016-10-27,3.0264641819800566,SOXL,1.0,RISK_ON,SOXL
2016-10-28,2.9743176804389906,SOXL,1.0,RISK_ON,SOXL
2016-10-31,3.0211823710355405,SOXL,1.0,RISK_ON,SOXL
2016-11-01,2.9360323981901644,SOXL,1.0,RISK_ON,SOXL
2016-11-02,2.8772855136781104,SOXL,1.0,RISK_ON,SOXL
2016-11-03,2.8581435210742687,SOXL,1.0,RISK_ON,SOXL
2016-11-04,2.807977860767539,SOXL,1.0,RISK_ON,SOXL
2016-11-07,3.0508864290790423,SOXL,1.0,RISK_ON,SOXL
2016-11-08,3.070688356216691,SOXL,1.0,RISK_ON,SOXL
2016-11-09,3.0218436026104905,SOXL,1.0,RISK_ON,SOXL
2016-11-10,2.832401404907668,SOXL,1.0,RISK_ON,SOXL
2016-11-11,3.1518782030427657,SOXL,1.0,RISK_ON,SOXL
2016-11-14,3.0990725451925782,SOXL,1.0,RISK_ON,SOXL
2016-11-15,3.277954493313341,SOXL,1.0,RISK_ON,SOXL
2016-11-16,3.391486839277004,SOXL,1.0,RISK_ON,SOXL
2016-11-17,3.502380225330124,SOXL,1.0,RISK_ON,SOXL
2016-11-18,3.5743294322335246,SOXL,1.0,RISK_ON,SOXL
2016-11-21,3.6218553544050254,SOXL,1.0,RISK_ON,SOXL
2016-11-22,3.7670736372794416,SOXL,1.0,RISK_ON,SOXL
2016-11-23,3.7822544662310675,SOXL,1.0,RISK_ON,SOXL
2016-11-25,3.798096267349415,SOXL,1.0,RISK_ON,SOXL
2016-11-28,3.766412146296262,SOXL,1.0,RISK_ON,SOXL
2016-11-29,3.7446301561489626,SOXL,1.0,RISK_ON,SOXL
2016-11-30,3.677302825656271,SOXL,1.0,RISK_ON,SOXL
2016-12-01,3.1333974420138744,SOXL,1.0,RISK_ON,SOXL
2016-12-02,3.2548513370572834,SOXL,1.0,RISK_ON,SOXL
2016-12-05,3.3736652345572344,SOXL,1.0,RISK_ON,SOXL
2016-12-06,3.5136022253035923,SOXL,1.0,RISK_ON,SOXL
2016-12-07,3.7360489319436394,SOXL,1.0,RISK_ON,SOXL
2016-12-08,3.831760710820448,SOXL,1.0,RISK_ON,SOXL
2016-12-09,3.7835740758904537,SOXL,1.0,RISK_ON,SOXL
2016-12-12,3.6977649467359566,SOXL,1.0,RISK_ON,SOXL
2016-12-13,3.8225198114895447,SOXL,1.0,RISK_ON,SOXL
2016-12-14,3.813938327875992,SOXL,1.0,RISK_ON,SOXL
2016-12-15,4.014602784960511,SOXL,1.0,RISK_ON,SOXL
2016-12-16,3.883907471769742,SOXL,1.0,RISK_ON,SOXL
2016-12-19,4.004701691687572,SOXL,1.0,RISK_ON,SOXL
2016-12-20,4.11701585660927,SOXL,1.0,RISK_ON,SOXL
2016-12-21,4.11701585660927,SOXL,1.0,RISK_ON,SOXL
2016-12-22,4.183408020437506,SOXL,1.0,RISK_ON,SOXL
2016-12-23,4.245651468464177,SOXL,1.0,RISK_ON,SOXL
2016-12-27,4.4005653932944035,SOXL,1.0,RISK_ON,SOXL
2016-12-28,4.144678890709377,SOXL,1.0,RISK_ON,SOXL
2016-12-29,4.143987308371669,SOXL,1.0,RISK_ON,SOXL
2016-12-30,3.9489605703214394,SOXL,1.0,RISK_ON,SOXL
2017-01-03,3.9551840331361294,SOXL,1.0,RISK_ON,SOXL
2017-01-04,3.991146574105196,SOXL,1.0,RISK_ON,SOXL
2017-01-05,3.8811839447766436,SOXL,1.0,RISK_ON,SOXL
2017-01-06,3.974549116816651,SOXL,1.0,RISK_ON,SOXL
2017-01-09,4.1024926275173925,SOXL,1.0,RISK_ON,SOXL
2017-01-10,4.164735297319378,SOXL,1.0,RISK_ON,SOXL
2017-01-11,4.204156528201673,SOXL,1.0,RISK_ON,SOXL
2017-01-12,4.095576285323851,SOXL,1.0,RISK_ON,SOXL
2017-01-13,4.17303402596365,SOXL,1.0,RISK_ON,SOXL
2017-01-17,3.972474629211754,SOXL,1.0,RISK_ON,SOXL
2017-01-18,4.1384543902617725,SOXL,1.0,RISK_ON,SOXL
2017-01-19,4.081746195019055,SOXL,1.0,RISK_ON,SOXL
2017-01-20,4.2401177721295955,SOXL,1.0,RISK_ON,SOXL
2017-01-23,4.156436049858649,SOXL,1.0,RISK_ON,SOXL
2017-01-24,4.403332760278152,SOXL,1.0,RISK_ON,SOXL
2017-01-25,4.596977371285879,SOXL,1.0,RISK_ON,SOXL
2017-01-26,4.516754338928161,SOXL,1.0,RISK_ON,SOXL
2017-01-27,4.688266239863389,SOXL,1.0,RISK_ON,SOXL
2017-01-30,4.613573790941508,SOXL,1.0,RISK_ON,SOXL
2017-01-31,4.433762383137322,SOXL,1.0,RISK_ON,SOXL
2017-02-01,4.644696033771302,SOXL,1.0,RISK_ON,SOXL
2017-02-02,4.632941209296089,SOXL,1.0,RISK_ON,SOXL
2017-02-03,4.713163204020892,SOXL,1.0,RISK_ON,SOXL
2017-02-06,4.762266068814648,SOXL,1.0,RISK_ON,SOXL
2017-02-07,4.81482580766403,SOXL,1.0,RISK_ON,SOXL
2017-02-08,4.838341682411945,SOXL,1.0,RISK_ON,SOXL
2017-02-09,4.711781076978392,SOXL,1.0,RISK_ON,SOXL
2017-02-10,4.700713684309227,SOXL,1.0,RISK_ON,SOXL
2017-02-13,4.733909636519231,SOXL,1.0,RISK_ON,SOXL
2017-02-14,4.68411674583714,SOXL,1.0,RISK_ON,SOXL
2017-02-15,4.800996754992148,SOXL,1.0,RISK_ON,SOXL
2017-02-16,4.8189763393231955,SOXL,1.0,RISK_ON,SOXL
2017-02-17,4.896434598779452,SOXL,1.0,RISK_ON,SOXL
2017-02-21,5.106675629442809,SOXL,1.0,RISK_ON,SOXL
2017-02-22,5.10736876822989,SOXL,1.0,RISK_ON,SOXL
2017-02-23,4.8535564938415305,SOXL,1.0,RISK_ON,SOXL
2017-02-24,4.845256468156115,SOXL,1.0,RISK_ON,SOXL
2017-02-27,4.9849581756390435,SOXL,1.0,RISK_ON,SOXL
2017-02-28,4.792003590519653,SOXL,1.0,RISK_ON,SOXL
2017-03-01,5.016769925540717,SOXL,1.0,RISK_ON,SOXL
2017-03-02,4.861161305474037,SOXL,1.0,RISK_ON,SOXL
2017-03-03,4.852171772716742,SOXL,1.0,RISK_ON,SOXL
2017-03-06,4.859781772513822,SOXL,1.0,RISK_ON,SOXL
2017-03-07,4.8936661941627895,SOXL,1.0,RISK_ON,SOXL
2017-03-08,4.929630550989456,SOXL,1.0,RISK_ON,SOXL
2017-03-09,4.9531443504715424,SOXL,1.0,RISK_ON,SOXL
2017-03-10,5.123966744334892,SOXL,1.0,RISK_ON,SOXL
2017-03-13,5.2429183876042815,SOXL,1.0,RISK_ON,SOXL
2017-03-14,5.194506586331777,SOXL,1.0,RISK_ON,SOXL
2017-03-15,5.320377165876995,SOXL,1.0,RISK_ON,SOXL
2017-03-16,5.299629695745743,SOXL,1.0,RISK_ON,SOXL
2017-03-17,5.328675635113039,SOXL,1.0,RISK_ON,SOXL
2017-03-20,5.447627797198886,SOXL,1.0,RISK_ON,SOXL
2017-03-21,5.068639638501762,SOXL,1.0,RISK_ON,SOXL
2017-03-22,5.23046990552553,SOXL,1.0,RISK_ON,SOXL
2017-03-23,5.190357611121985,SOXL,1.0,RISK_ON,SOXL
2017-03-24,5.299629695745743,SOXL,1.0,RISK_ON,SOXL
2017-03-27,5.327291951621166,SOXL,1.0,RISK_ON,SOXL
2017-03-28,5.380545348074086,SOXL,1.0,RISK_ON,SOXL
2017-03-29,5.335589902040752,SOXL,1.0,RISK_ON,SOXL
2017-03-30,5.426880845884091,SOXL,1.0,RISK_ON,SOXL
2017-03-31,5.416505554369093,SOXL,1.0,RISK_ON,SOXL
2017-04-03,5.404838484527602,TQQQ,1.0,RISK_ON,TQQQ
2017-04-04,5.429400523409384,TQQQ,1.0,RISK_ON,TQQQ
2017-04-05,5.367380370722131,TQQQ,1.0,RISK_ON,TQQQ
2017-04-06,5.3716796767430255,TQQQ,1.0,RISK_ON,TQQQ
2017-04-07,5.365538337610032,TQQQ,1.0,RISK_ON,TQQQ
2017-04-10,5.3716796767430255,TQQQ,1.0,RISK_ON,TQQQ
2017-04-11,5.30413563648627,TQQQ,1.0,RISK_ON,TQQQ
2017-04-12,5.23413395469292,TQQQ,1.0,RISK_ON,TQQQ
2017-04-13,5.172113802005668,TQQQ,1.0,RISK_ON,TQQQ
2017-04-17,5.294925102297976,TQQQ,1.0,RISK_ON,TQQQ
2017-04-18,5.27957249172109,TQQQ,1.0,RISK_ON,TQQQ
2017-04-19,5.297995403236674,TQQQ,1.0,RISK_ON,TQQQ
2017-04-20,5.426329853842886,TQQQ,1.0,RISK_ON,TQQQ
2017-04-21,5.423874792700885,TQQQ,1.0,RISK_ON,TQQQ
2017-04-24,5.6209845004128445,TQQQ,1.0,RISK_ON,TQQQ
2017-04-25,5.745634884794859,TQQQ,1.0,RISK_ON,TQQQ
2017-04-26,5.720459449255375,TQQQ,1.0,RISK_ON,TQQQ
2017-04-27,5.8205470575000104,TQQQ,1.0,RISK_ON,TQQQ
2017-04-28,5.853706233912386,TQQQ,1.0,RISK_ON,TQQQ
2017-05-01,6.001077361319683,TQQQ,1.0,RISK_ON,TQQQ
2017-05-02,6.036691967501858,TQQQ,1.0,RISK_ON,TQQQ
2017-05-03,5.9771294563512,TQQQ,1.0,RISK_ON,TQQQ
2017-05-04,5.983270426856395,TQQQ,1.0,RISK_ON,TQQQ
2017-05-05,6.048358300087751,TQQQ,1.0,RISK_ON,TQQQ
2017-05-08,6.084587408811025,TQQQ,1.0,RISK_ON,TQQQ
2017-05-09,6.151520632804673,TQQQ,1.0,RISK_ON,TQQQ
2017-05-10,6.161343089139471,TQQQ,1.0,RISK_ON,TQQQ
2017-05-11,6.146606086987082,TQQQ,1.0,RISK_ON,TQQQ
2017-05-12,6.186519630562352,TQQQ,1.0,RISK_ON,TQQQ
2017-05-15,6.244238634089715,TQQQ,1.0,RISK_ON,TQQQ
2017-05-16,6.3228374534136575,TQQQ,1.0,RISK_ON,TQQQ
2017-05-17,5.844495699724092,TQQQ,1.0,RISK_ON,TQQQ
2017-05-18,5.992482066928085,TQQQ,1.0,RISK_ON,TQQQ
2017-05-19,6.064939915746833,TQQQ,1.0,RISK_ON,TQQQ
2017-05-22,6.222133499488928,TQQQ,1.0,RISK_ON,TQQQ
2017-05-23,6.237485372810215,TQQQ,1.0,RISK_ON,TQQQ
2017-05-24,6.323453061838152,TQQQ,1.0,RISK_ON,TQQQ
2017-05-25,6.489859760163135,TQQQ,1.0,RISK_ON,TQQQ
2017-05-26,6.517491362728016,TQQQ,1.0,RISK_ON,TQQQ
2017-05-30,6.530999359798209,TQQQ,1.0,RISK_ON,TQQQ
2017-05-31,6.52301856794771,TQQQ,1.0,RISK_ON,TQQQ
2017-06-01,6.601002516102755,TQQQ,1.0,RISK_ON,TQQQ
2017-06-02,6.826355011270503,TQQQ,1.0,RISK_ON,TQQQ
2017-06-05,6.8208314923288,TQQQ,1.0,RISK_ON,TQQQ
2017-06-06,6.743457991809063,TQQQ,1.0,RISK_ON,TQQQ
2017-06-07,6.817145951593406,TQQQ,1.0,RISK_ON,TQQQ
2017-06-08,6.835566282714396,TQQQ,1.0,RISK_ON,TQQQ
2017-06-09,6.341257784534646,TQQQ,1.0,RISK_ON,TQQQ
2017-06-12,6.226431699626425,TQQQ,1.0,RISK_ON,TQQQ
2017-06-13,6.37196226843282,TQQQ,1.0,RISK_ON,TQQQ
2017-06-14,6.286609450573781,TQQQ,1.0,RISK_ON,TQQQ
2017-06-15,6.201871503883639,TQQQ,1.0,RISK_ON,TQQQ
2017-06-16,6.127572727836189,TQQQ,1.0,RISK_ON,TQQQ
2017-06-19,6.424157015762882,TQQQ,1.0,RISK_ON,TQQQ
2017-06-20,6.278627921467685,TQQQ,1.0,RISK_ON,TQQQ
2017-06-21,6.460998415260461,TQQQ,1.0,RISK_ON,TQQQ
2017-06-22,6.453630282812065,TQQQ,1.0,RISK_ON,TQQQ
2017-06-23,6.526087763003014,TQQQ,1.0,RISK_ON,TQQQ
2017-06-26,6.439506677317376,TQQQ,1.0,RISK_ON,TQQQ
2017-06-27,6.0852022799799235,TQQQ,1.0,RISK_ON,TQQQ
2017-06-28,6.340644387876948,TQQQ,1.0,RISK_ON,TQQQ
2017-06-29,6.017656765211973,TQQQ,1.0,RISK_ON,TQQQ
2017-06-30,5.996780267065585,TQQQ,1.0,RISK_ON,TQQQ
2017-07-03,5.833442395168103,TQQQ,1.0,RISK_ON,TQQQ
2017-07-05,5.999849462120886,TQQQ,1.0,RISK_ON,TQQQ
2017-07-06,5.841425030157598,TQQQ,1.0,RISK_ON,TQQQ
2017-07-07,6.016429234640974,TQQQ,1.0,RISK_ON,TQQQ
2017-07-10,6.142307886849587,TQQQ,1.0,RISK_ON,TQQQ
2017-07-11,6.19266023243975,TQQQ,1.0,RISK_ON,TQQQ
2017-07-12,6.413102605323496,TQQQ,1.0,RISK_ON,TQQQ
2017-07-13,6.455471947296365,TQQQ,1.0,RISK_ON,TQQQ
2017-07-14,6.607141643468958,TQQQ,1.0,RISK_ON,TQQQ
2017-07-17,6.610825709693156,TQQQ,1.0,RISK_ON,TQQQ
2017-07-18,6.742231935749263,TQQQ,1.0,RISK_ON,TQQQ
2017-07-19,6.865655158188076,TQQQ,1.0,RISK_ON,TQQQ
2017-07-20,6.891444359013059,TQQQ,1.0,RISK_ON,TQQQ
2017-07-21,6.881006294253765,TQQQ,1.0,RISK_ON,TQQQ
2017-07-24,6.970658049505899,TQQQ,1.0,RISK_ON,TQQQ
2017-07-25,6.923989032884335,TQQQ,1.0,RISK_ON,TQQQ
2017-07-26,6.986007711060391,TQQQ,1.0,RISK_ON,TQQQ
2017-07-27,6.861356958050577,TQQQ,1.0,RISK_ON,TQQQ
2017-07-28,6.839251823449792,TQQQ,1.0,RISK_ON,TQQQ
2017-07-31,6.750214202110957,TQQQ,1.0,RISK_ON,TQQQ
2017-08-01,6.863237396213084,SOXL,1.0,RISK_ON,SOXL
2017-08-02,6.7168893445818485,SOXL,1.0,RISK_ON,SOXL
2017-08-03,6.63719155152022,SOXL,1.0,RISK_ON,SOXL
2017-08-04,6.644438188918459,SOXL,1.0,RISK_ON,SOXL
2017-08-07,6.990026103356928,SOXL,1.0,RISK_ON,SOXL
2017-08-08,6.916852621052702,SOXL,1.0,RISK_ON,SOXL
2017-08-09,6.848748469507749,SOXL,1.0,RISK_ON,SOXL
2017-08-10,6.277114166865024,SOXL,1.0,RISK_ON,SOXL
2017-08-11,6.380717221509695,SOXL,1.0,RISK_ON,SOXL
2017-08-14,6.874831581241151,SOXL,1.0,RISK_ON,SOXL
2017-08-15,6.925544998755396,SOXL,1.0,RISK_ON,SOXL
2017-08-16,6.956696897736678,SOXL,1.0,RISK_ON,SOXL
2017-08-17,6.4024538726360545,SOXL,1.0,RISK_ON,SOXL
2017-08-18,6.461137884723551,SOXL,1.0,RISK_ON,SOXL
2017-08-21,6.322756079574426,SOXL,1.0,RISK_ON,SOXL
2017-08-22,6.622701537792099,SOXL,1.0,RISK_ON,SOXL
2017-08-23,6.710368838404193,SOXL,1.0,RISK_ON,SOXL
2017-08-24,6.702397156808156,SOXL,1.0,RISK_ON,SOXL
2017-08-25,6.602416605595515,SOXL,1.0,RISK_ON,SOXL
2017-08-28,6.653857784864522,SOXL,1.0,RISK_ON,SOXL
2017-08-29,6.700947611923953,SOXL,1.0,RISK_ON,SOXL
2017-08-30,7.042191783312341,SOXL,1.0,RISK_ON,SOXL
2017-08-31,7.248676652983634,SOXL,1.0,RISK_ON,SOXL
2017-09-01,7.243655413737484,TQQQ,1.0,RISK_ON,TQQQ
2017-09-05,7.049679710887087,TQQQ,1.0,RISK_ON,TQQQ
2017-09-06,7.1105707160233855,TQQQ,1.0,RISK_ON,TQQQ
2017-09-07,7.154512965991838,TQQQ,1.0,RISK_ON,TQQQ
2017-09-08,6.978115369070401,TQQQ,1.0,RISK_ON,TQQQ
2017-09-11,7.200338745962711,TQQQ,1.0,RISK_ON,TQQQ
2017-09-12,7.2612312585259815,TQQQ,1.0,RISK_ON,TQQQ
2017-09-13,7.291363969997289,TQQQ,1.0,RISK_ON,TQQQ
2017-09-14,7.168324765629439,TQQQ,1.0,RISK_ON,TQQQ
2017-09-15,7.226077307808523,TQQQ,1.0,RISK_ON,TQQQ
2017-09-18,7.2084992018795635,TQQQ,1.0,RISK_ON,TQQQ
2017-09-19,7.239261264111986,TQQQ,1.0,RISK_ON,TQQQ
2017-09-20,7.178995087455882,TQQQ,1.0,RISK_ON,TQQQ
2017-09-21,7.04088990420912,TQQQ,1.0,RISK_ON,TQQQ
2017-09-22,7.023313305707134,TQQQ,1.0,RISK_ON,TQQQ
2017-09-25,6.802971951390272,TQQQ,1.0,RISK_ON,TQQQ
2017-09-26,6.8494248209818,TQQQ,1.0,RISK_ON,TQQQ
2017-09-27,7.035239314201856,TQQQ,1.0,RISK_ON,TQQQ
2017-09-28,7.023313305707133,TQQQ,1.0,RISK_ON,TQQQ
2017-09-29,7.172090318207309,TQQQ,1.0,RISK_ON,TQQQ
2017-10-02,7.192178290045858,TQQQ,1.0,RISK_ON,TQQQ
2017-10-03,7.23737848782305,TQQQ,1.0,RISK_ON,TQQQ
2017-10-04,7.256209265566345,TQQQ,1.0,RISK_ON,TQQQ
2017-10-05,7.465252454722624,TQQQ,1.0,RISK_ON,TQQQ
2017-10-06,7.49224594952323,TQQQ,1.0,RISK_ON,TQQQ
2017-10-09,7.473413664352964,TQQQ,1.0,RISK_ON,TQQQ
2017-10-10,7.489106732852529,TQQQ,1.0,RISK_ON,TQQQ
2017-10-11,7.554394148754783,TQQQ,1.0,RISK_ON,TQQQ
2017-10-12,7.513588100603087,TQQQ,1.0,RISK_ON,TQQQ
2017-10-13,7.5977085553890955,TQQQ,1.0,RISK_ON,TQQQ
2017-10-16,7.676175405313894,TQQQ,1.0,RISK_ON,TQQQ
2017-10-17,7.703171914968446,TQQQ,1.0,RISK_ON,TQQQ
2017-10-18,7.673664785690819,TQQQ,1.0,RISK_ON,TQQQ
2017-10-19,7.588917994997644,TQQQ,1.0,RISK_ON,TQQQ
2017-10-20,7.644161424980624,TQQQ,1.0,RISK_ON,TQQQ
2017-10-23,7.501662845821851,TQQQ,1.0,RISK_ON,TQQQ
2017-10-24,7.539953752069554,TQQQ,1.0,RISK_ON,TQQQ
2017-10-25,7.448302945841292,TQQQ,1.0,RISK_ON,TQQQ
2017-10-26,7.379250731074655,TQQQ,1.0,RISK_ON,TQQQ
2017-10-27,8.015163321800083,TQQQ,1.0,RISK_ON,TQQQ
2017-10-30,8.072290281785484,TQQQ,1.0,RISK_ON,TQQQ
2017-10-31,8.157664915812802,TQQQ,1.0,RISK_ON,TQQQ
2017-11-01,8.081580944384973,SOXL,1.0,RISK_ON,SOXL
2017-11-02,8.18853990656661,SOXL,1.0,RISK_ON,SOXL
2017-11-03,8.625201317300247,SOXL,1.0,RISK_ON,SOXL
2017-11-06,8.992396480484269,SOXL,1.0,RISK_ON,SOXL
2017-11-07,8.967588288095813,SOXL,1.0,RISK_ON,SOXL
2017-11-08,9.058007903874824,SOXL,1.0,RISK_ON,SOXL
2017-11-09,8.506663819978188,SOXL,1.0,RISK_ON,SOXL
2017-11-10,8.668207423138307,SOXL,1.0,RISK_ON,SOXL
2017-11-13,8.738780485006554,SOXL,1.0,RISK_ON,SOXL
2017-11-14,8.71451990926902,SOXL,1.0,RISK_ON,SOXL
2017-11-15,8.4835092313438,SOXL,1.0,RISK_ON,SOXL
2017-11-16,8.865589309960896,SOXL,1.0,RISK_ON,SOXL
2017-11-17,8.748152009233591,SOXL,1.0,RISK_ON,SOXL
2017-11-20,9.056906880064586,SOXL,1.0,RISK_ON,SOXL
2017-11-21,9.381646035707924,SOXL,1.0,RISK_ON,SOXL
2017-11-22,9.19860227488297,SOXL,1.0,RISK_ON,SOXL
2017-11-24,9.444498695456748,SOXL,1.0,RISK_ON,SOXL
2017-11-27,9.088882894628632,SOXL,1.0,RISK_ON,SOXL
2017-11-28,9.080612394211835,SOXL,1.0,RISK_ON,SOXL
2017-11-29,7.886955339557661,SOXL,1.0,RISK_ON,SOXL
2017-11-30,8.033062274556361,SOXL,1.0,RISK_ON,SOXL
2017-12-01,7.757941985336389,SOXL,1.0,RISK_ON,SOXL
2017-12-04,7.195020193514818,SOXL,1.0,RISK_ON,SOXL
2017-12-05,7.204392544957339,SOXL,1.0,RISK_ON,SOXL
2017-12-06,7.277170136092516,SOXL,1.0,RISK_ON,SOXL
2017-12-07,7.4899919999384625,SOXL,1.0,RISK_ON,SOXL
2017-12-08,7.37420913018071,SOXL,1.0,RISK_ON,SOXL
2017-12-11,7.5026690772426665,SOXL,1.0,RISK_ON,SOXL
2017-12-12,7.277720234389892,SOXL,1.0,RISK_ON,SOXL
2017-12-13,7.27661838336417,SOXL,1.0,RISK_ON,SOXL
2017-12-14,7.260079864177028,SOXL,1.0,RISK_ON,SOXL
2017-12-15,7.583166243281782,SOXL,1.0,RISK_ON,SOXL
2017-12-18,8.09425967612015,SOXL,1.0,RISK_ON,SOXL
2017-12-19,8.065072204955285,SOXL,1.0,RISK_ON,SOXL
2017-12-20,8.233920948061469,SOXL,1.0,RISK_ON,SOXL
2017-12-21,7.967402872667691,SOXL,1.0,RISK_ON,SOXL
2017-12-22,7.946436268990539,SOXL,1.0,RISK_ON,SOXL
2017-12-26,7.71688728082692,SOXL,1.0,RISK_ON,SOXL
2017-12-27,7.7946910332476,SOXL,1.0,RISK_ON,SOXL
2017-12-28,7.844347951583265,SOXL,1.0,RISK_ON,SOXL
2017-12-29,7.609283917782639,SOXL,1.0,RISK_ON,SOXL
2018-01-02,7.999841383032366,TQQQ,1.0,RISK_ON,TQQQ
2018-01-03,8.234064427130095,TQQQ,1.0,RISK_ON,TQQQ
2018-01-04,8.282337143319555,TQQQ,1.0,RISK_ON,TQQQ
2018-01-05,8.532469319324518,TQQQ,1.0,RISK_ON,TQQQ
2018-01-08,8.627366276907784,TQQQ,1.0,RISK_ON,TQQQ
2018-01-09,8.633947662698022,TQQQ,1.0,RISK_ON,TQQQ
2018-01-10,8.572512174928086,TQQQ,1.0,RISK_ON,TQQQ
2018-01-11,8.744202504324372,TQQQ,1.0,RISK_ON,TQQQ
2018-01-12,8.929610146163277,TQQQ,1.0,RISK_ON,TQQQ
2018-01-16,8.860493411273204,TQQQ,1.0,RISK_ON,TQQQ
2018-01-17,9.139699466564672,TQQQ,1.0,RISK_ON,TQQQ
2018-01-18,9.148475306217922,TQQQ,1.0,RISK_ON,TQQQ
2018-01-19,9.236240288746401,TQQQ,1.0,RISK_ON,TQQQ
2018-01-22,9.524770797156872,TQQQ,1.0,RISK_ON,TQQQ
2018-01-23,9.766125816309389,TQQQ,1.0,RISK_ON,TQQQ
2018-01-24,9.568105333554959,TQQQ,1.0,RISK_ON,TQQQ
2018-01-25,9.556035178708798,TQQQ,1.0,RISK_ON,TQQQ
2018-01-26,9.982799156899416,TQQQ,1.0,RISK_ON,TQQQ
2018-01-29,9.85060043524255,TQQQ,1.0,RISK_ON,TQQQ
2018-01-30,9.598823736039526,TQQQ,1.0,RISK_ON,TQQQ
2018-01-31,9.717306462452974,TQQQ,1.0,RISK_ON,TQQQ
2018-02-01,9.474307578701996,TQQQ,1.0,RISK_ON,TQQQ
2018-02-02,8.895598745685001,TQQQ,1.0,RISK_ON,TQQQ
2018-02-05,7.8687418641058064,TQQQ,1.0,RISK_ON,TQQQ
2018-02-06,8.475423397880208,TQQQ,1.0,RISK_ON,TQQQ
2018-02-07,8.140267330876734,TQQQ,1.0,RISK_ON,TQQQ
2018-02-08,7.1315094248705915,TQQQ,1.0,RISK_ON,TQQQ
2018-02-09,7.467213446740219,TQQQ,1.0,RISK_ON,TQQQ
2018-02-12,7.8851969750803965,TQQQ,1.0,RISK_ON,TQQQ
2018-02-13,7.981191818194767,TQQQ,1.0,RISK_ON,TQQQ
2018-02-14,8.448543313857114,TQQQ,1.0,RISK_ON,TQQQ
2018-02-15,8.890114586826268,TQQQ,1.0,RISK_ON,TQQQ
2018-02-16,8.790829380116577,TQQQ,1.0,RISK_ON,TQQQ
2018-02-20,8.834713188580015,TQQQ,1.0,RISK_ON,TQQQ
2018-02-21,8.755174773639432,TQQQ,1.0,RISK_ON,TQQQ
2018-02-22,8.75682061403669,TQQQ,1.0,RISK_ON,TQQQ
2018-02-23,9.27847825681258,TQQQ,1.0,RISK_ON,TQQQ
2018-02-26,9.65093345349126,TQQQ,1.0,RISK_ON,TQQQ
2018-02-27,9.305356365036879,TQQQ,1.0,RISK_ON,TQQQ
2018-02-28,9.11830551719911,TQQQ,1.0,RISK_ON,TQQQ
2018-03-01,8.679477311558719,TQQQ,1.0,RISK_ON,TQQQ
2018-03-02,8.91809058058167,TQQQ,1.0,RISK_ON,TQQQ
2018-03-05,9.19784459073929,TQQQ,1.0,RISK_ON,TQQQ
2018-03-06,9.314130887490931,TQQQ,1.0,RISK_ON,TQQQ
2018-03-07,9.383796894446357,TQQQ,1.0,RISK_ON,TQQQ
2018-03-08,9.523673570225368,TQQQ,1.0,RISK_ON,TQQQ
2018-03-09,10.07824209355004,TQQQ,1.0,RISK_ON,TQQQ
2018-03-12,10.229090380044509,TQQQ,1.0,RISK_ON,TQQQ
2018-03-13,9.857731751697736,TQQQ,1.0,RISK_ON,TQQQ
2018-03-14,9.824270940484004,TQQQ,1.0,RISK_ON,TQQQ
2018-03-15,9.780389107819362,TQQQ,1.0,RISK_ON,TQQQ
2018-03-16,9.71566128065531,TQQQ,1.0,RISK_ON,TQQQ
2018-03-19,9.105690700484786,TQQQ,1.0,RISK_ON,TQQQ
2018-03-20,9.172611005713053,TQQQ,1.0,RISK_ON,TQQQ
2018-03-21,9.039864329190031,TQQQ,1.0,RISK_ON,TQQQ
2018-03-22,8.379429213365432,TQQQ,1.0,RISK_ON,TQQQ
2018-03-23,7.70253437636905,TQQQ,1.0,RISK_ON,TQQQ
2018-03-26,8.569221152733169,TQQQ,1.0,RISK_ON,TQQQ
2018-03-27,7.7475160703635915,TQQQ,1.0,RISK_ON,TQQQ
2018-03-28,7.480378194119489,TQQQ,1.0,RISK_ON,TQQQ
2018-03-29,7.894522745398594,TQQQ,1.0,RISK_ON,TQQQ
2018-04-02,6.980161670643649,SOXL,1.0,RISK_ON,SOXL
2018-04-03,6.980161670643649,CASH,0.0,CASH,SOXL
2018-04-04,6.980161670643649,CASH,0.0,CASH,SOXL
2018-04-05,6.765546520346015,SOXL,1.0,RISK_ON,SOXL
2018-04-06,6.148056560907816,SOXL,1.0,RISK_ON,SOXL
2018-04-09,6.260542594308275,SOXL,1.0,RISK_ON,SOXL
2018-04-10,6.862499648451851,SOXL,1.0,RISK_ON,SOXL
2018-04-11,6.865321183236007,SOXL,1.0,RISK_ON,SOXL
2018-04-12,7.256430777941511,SOXL,1.0,RISK_ON,SOXL
2018-04-13,7.0860556561600445,SOXL,1.0,RISK_ON,SOXL
2018-04-16,7.1317117437689355,SOXL,1.0,RISK_ON,SOXL
2018-04-17,7.533641807954265,SOXL,1.0,RISK_ON,SOXL
2018-04-18,7.300200903440363,SOXL,1.0,RISK_ON,SOXL
2018-04-19,6.35749572241411,SOXL,1.0,RISK_ON,SOXL
2018-04-20,6.129230806691548,SOXL,1.0,RISK_ON,SOXL
2018-04-23,5.882613920350509,SOXL,1.0,RISK_ON,SOXL
2018-04-24,5.739536212738638,SOXL,1.0,RISK_ON,SOXL
2018-04-25,5.71929828001012,SOXL,1.0,RISK_ON,SOXL
2018-04-26,6.068519477966297,SOXL,1.0,RISK_ON,SOXL
2018-04-27,5.934382627764985,SOXL,1.0,RISK_ON,SOXL
2018-04-30,5.737654836769157,SOXL,1.0,RISK_ON,SOXL
2018-05-01,5.924227749058098,TQQQ,1.0,RISK_ON,TQQQ
2018-05-02,5.820932864434517,TQQQ,1.0,RISK_ON,TQQQ
2018-05-03,5.821332326698447,TQQQ,1.0,RISK_ON,TQQQ
2018-05-04,6.148833218338409,TQQQ,1.0,RISK_ON,TQQQ
2018-05-07,6.294967186038835,TQQQ,1.0,RISK_ON,TQQQ
2018-05-08,6.274146597545968,TQQQ,1.0,RISK_ON,TQQQ
2018-05-09,6.484339218379354,TQQQ,1.0,RISK_ON,TQQQ
2018-05-10,6.686122942241722,TQQQ,1.0,RISK_ON,TQQQ
2018-05-11,6.666106565984179,TQQQ,1.0,RISK_ON,TQQQ
2018-05-14,6.6957331102086,TQQQ,1.0,RISK_ON,TQQQ
2018-05-15,6.479134672131987,TQQQ,1.0,RISK_ON,TQQQ
2018-05-16,6.598444580564318,TQQQ,1.0,RISK_ON,TQQQ
2018-05-17,6.523976354235941,TQQQ,1.0,RISK_ON,TQQQ
2018-05-18,6.419479717915821,TQQQ,1.0,RISK_ON,TQQQ
2018-05-21,6.531583442475029,TQQQ,1.0,RISK_ON,TQQQ
2018-05-22,6.4975517572317765,TQQQ,1.0,RISK_ON,TQQQ
2018-05-23,6.6609020197368105,TQQQ,1.0,RISK_ON,TQQQ
2018-05-24,6.655296569123477,TQQQ,1.0,RISK_ON,TQQQ
2018-05-25,6.672112920963478,TQQQ,1.0,RISK_ON,TQQQ
2018-05-29,6.586834217073721,TQQQ,1.0,RISK_ON,TQQQ
2018-05-30,6.727362253460135,TQQQ,1.0,RISK_ON,TQQQ
2018-05-31,6.712948924312532,TQQQ,1.0,RISK_ON,TQQQ
2018-06-01,7.025236600875676,TQQQ,1.0,RISK_ON,TQQQ
2018-06-04,7.205401292417996,TQQQ,1.0,RISK_ON,TQQQ
2018-06-05,7.279869038045693,TQQQ,1.0,RISK_ON,TQQQ
2018-06-06,7.399977871005882,TQQQ,1.0,RISK_ON,TQQQ
2018-06-07,7.228221595733902,TQQQ,1.0,RISK_ON,TQQQ
2018-06-08,7.223416031049784,TQQQ,1.0,RISK_ON,TQQQ
2018-06-11,7.279869038045693,TQQQ,1.0,RISK_ON,TQQQ
2018-06-12,7.395173748423801,TQQQ,1.0,RISK_ON,TQQQ
2018-06-13,7.386766293554818,TQQQ,1.0,RISK_ON,TQQQ
2018-06-14,7.611372724236485,TQQQ,1.0,RISK_ON,TQQQ
2018-06-15,7.535703707612928,TQQQ,1.0,RISK_ON,TQQQ
2018-06-18,7.518886875072249,TQQQ,1.0,RISK_ON,TQQQ
2018-06-19,7.451626274719031,TQQQ,1.0,RISK_ON,TQQQ
2018-06-20,7.607769391949585,TQQQ,1.0,RISK_ON,TQQQ
2018-06-21,7.410788348567264,TQQQ,1.0,RISK_ON,TQQQ
2018-06-22,7.336321564340923,TQQQ,1.0,RISK_ON,TQQQ
2018-06-25,6.867891731948582,TQQQ,1.0,RISK_ON,TQQQ
2018-06-26,6.943561709973497,TQQQ,1.0,RISK_ON,TQQQ
2018-06-27,6.664905294988319,TQQQ,1.0,RISK_ON,TQQQ
2018-06-28,6.828254596091996,TQQQ,1.0,RISK_ON,TQQQ
2018-06-29,6.859483796378921,TQQQ,1.0,RISK_ON,TQQQ
2018-07-02,7.013224852318435,TQQQ,1.0,RISK_ON,TQQQ
2018-07-03,6.771803031198123,TQQQ,1.0,RISK_ON,TQQQ
2018-07-05,7.020431036191557,TQQQ,1.0,RISK_ON,TQQQ
2018-07-06,7.336321564340922,TQQQ,1.0,RISK_ON,TQQQ
2018-07-09,7.54050734949433,TQQQ,1.0,RISK_ON,TQQQ
2018-07-10,7.558524491629512,TQQQ,1.0,RISK_ON,TQQQ
2018-07-11,7.448023423132807,TQQQ,1.0,RISK_ON,TQQQ
2018-07-12,7.815559951491928,TQQQ,1.0,RISK_ON,TQQQ
2018-07-13,7.838380735508513,TQQQ,1.0,RISK_ON,TQQQ
2018-07-16,7.785531541500184,TQQQ,1.0,RISK_ON,TQQQ
2018-07-17,7.929663871574855,TQQQ,1.0,RISK_ON,TQQQ
2018-07-18,7.879217700258923,TQQQ,1.0,RISK_ON,TQQQ
2018-07-19,7.7627102767829195,TQQQ,1.0,RISK_ON,TQQQ
2018-07-20,7.751900760622896,TQQQ,1.0,RISK_ON,TQQQ
2018-07-23,7.819161360976115,TQQQ,1.0,RISK_ON,TQQQ
2018-07-24,7.918854355414832,TQQQ,1.0,RISK_ON,TQQQ
2018-07-25,8.249157251310443,TQQQ,1.0,RISK_ON,TQQQ
2018-07-26,7.888826426123766,TQQQ,1.0,RISK_ON,TQQQ
2018-07-27,7.559725281924693,TQQQ,1.0,RISK_ON,TQQQ
2018-07-30,7.2342265086111635,TQQQ,1.0,RISK_ON,TQQQ
2018-07-31,7.378358357985157,TQQQ,1.0,RISK_ON,TQQQ
2018-08-01,7.479251662018377,TQQQ,1.0,RISK_ON,TQQQ
2018-08-02,7.777125048032561,TQQQ,1.0,RISK_ON,TQQQ
2018-08-03,7.846788671078177,TQQQ,1.0,RISK_ON,TQQQ
2018-08-06,7.990918116948777,TQQQ,1.0,RISK_ON,TQQQ
2018-08-07,8.068989675564053,TQQQ,1.0,RISK_ON,TQQQ
2018-08-08,8.090609669285456,TQQQ,1.0,RISK_ON,TQQQ
2018-08-09,8.08340492751437,TQQQ,1.0,RISK_ON,TQQQ
2018-08-10,7.8948323004023875,TQQQ,1.0,RISK_ON,TQQQ
2018-08-13,7.872010554984445,TQQQ,1.0,RISK_ON,TQQQ
2018-08-14,8.017344156054975,TQQQ,1.0,RISK_ON,TQQQ
2018-08-15,7.725477605720768,TQQQ,1.0,RISK_ON,TQQQ
2018-08-16,7.7963429804629225,TQQQ,1.0,RISK_ON,TQQQ
2018-08-17,7.795141228766385,TQQQ,1.0,RISK_ON,TQQQ
2018-08-20,7.779525186520886,TQQQ,1.0,RISK_ON,TQQQ
2018-08-21,7.8600007292299185,TQQQ,1.0,RISK_ON,TQQQ
2018-08-22,7.9512853073982965,TQQQ,1.0,RISK_ON,TQQQ
2018-08-23,7.911647210140353,TQQQ,1.0,RISK_ON,TQQQ
2018-08-24,8.131449998940617,TQQQ,1.0,RISK_ON,TQQQ
2018-08-27,8.376473710245794,TQQQ,1.0,RISK_ON,TQQQ
2018-08-28,8.41370878481134,TQQQ,1.0,RISK_ON,TQQQ
2018-08-29,8.707977396436586,TQQQ,1.0,RISK_ON,TQQQ
2018-08-30,8.658734418919229,TQQQ,1.0,RISK_ON,TQQQ
2018-08-31,8.683954860723462,TQQQ,1.0,RISK_ON,TQQQ
2018-09-04,8.580660937501237,TQQQ,1.0,RISK_ON,TQQQ
2018-09-05,8.239547083343567,TQQQ,1.0,RISK_ON,TQQQ
2018-09-06,8.0149406526619,TQQQ,1.0,RISK_ON,TQQQ
2018-09-07,7.935668784452121,TQQQ,1.0,RISK_ON,TQQQ
2018-09-10,8.005335291701808,TQQQ,1.0,RISK_ON,TQQQ
2018-09-11,8.183096479851052,TQQQ,1.0,RISK_ON,TQQQ
2018-09-12,8.112231585809576,TQQQ,1.0,RISK_ON,TQQQ
2018-09-13,8.352451174532671,TQQQ,1.0,RISK_ON,TQQQ
2018-09-14,8.288792945064998,TQQQ,1.0,RISK_ON,TQQQ
2018-09-17,7.939271636038344,TQQQ,1.0,RISK_ON,TQQQ
2018-09-18,8.127844743851004,TQQQ,1.0,RISK_ON,TQQQ
2018-09-19,8.109830005219214,TQQQ,1.0,RISK_ON,TQQQ
2018-09-20,8.364461961688553,TQQQ,1.0,RISK_ON,TQQQ
2018-09-21,8.231142512678657,TQQQ,1.0,RISK_ON,TQQQ
2018-09-24,8.302003561114704,TQQQ,1.0,RISK_ON,TQQQ
2018-09-25,8.33563818759742,TQQQ,1.0,RISK_ON,TQQQ
2018-09-26,8.327228809925723,TQQQ,1.0,RISK_ON,TQQQ
2018-09-27,8.55783823068194,TQQQ,1.0,RISK_ON,TQQQ
2018-09-28,8.544626653230875,TQQQ,1.0,RISK_ON,TQQQ
2018-10-01,8.59387347635366,TQQQ,1.0,RISK_ON,TQQQ
2018-10-02,8.544626653230875,TQQQ,1.0,RISK_ON,TQQQ
2018-10-03,8.569849979239178,TQQQ,1.0,RISK_ON,TQQQ
2018-10-04,8.081003346924009,TQQQ,1.0,RISK_ON,TQQQ
2018-10-05,7.777125048032562,TQQQ,1.0,RISK_ON,TQQQ
2018-10-08,7.637797321240652,TQQQ,1.0,RISK_ON,TQQQ
2018-10-09,7.696650947425565,TQQQ,1.0,RISK_ON,TQQQ
2018-10-10,6.698537037266965,TQQQ,1.0,RISK_ON,TQQQ
2018-10-11,6.698537037266965,CASH,0.0,CASH,TQQQ
2018-10-12,6.698537037266965,CASH,0.0,CASH,TQQQ
2018-10-15,6.698537037266965,CASH,0.0,CASH,TQQQ
2018-10-16,6.698537037266965,CASH,0.0,CASH,TQQQ
2018-10-17,6.7206249114179375,TQQQ,1.0,RISK_ON,TQQQ
2018-10-18,6.254544687493304,TQQQ,1.0,RISK_ON,TQQQ
2018-10-19,6.254544687493304,CASH,0.0,CASH,TQQQ
2018-10-22,6.254544687493304,CASH,0.0,CASH,TQQQ
2018-10-23,6.254544687493304,CASH,0.0,CASH,TQQQ
2018-10-24,6.254544687493304,CASH,0.0,CASH,TQQQ
2018-10-25,6.254544687493304,CASH,0.0,CASH,TQQQ
2018-10-26,6.254544687493304,CASH,0.0,CASH,TQQQ
2018-10-29,6.254544687493304,CASH,0.0,CASH,TQQQ
2018-10-30,6.254544687493304,CASH,0.0,CASH,TQQQ
2018-10-31,6.254544687493304,CASH,0.0,CASH,TQQQ
2018-11-01,6.254544687493304,CASH,0.0,CASH,TQQQ
2018-11-02,6.254544687493304,CASH,0.0,CASH,TQQQ
2018-11-05,6.254544687493304,CASH,0.0,CASH,TQQQ
2018-11-06,6.254544687493304,CASH,0.0,CASH,TQQQ
2018-11-07,6.254544687493304,CASH,0.0,CASH,TQQQ
2018-11-08,6.254544687493304,CASH,0.0,CASH,TQQQ
2018-11-09,6.254544687493304,CASH,0.0,CASH,TQQQ
2018-11-12,6.254544687493304,CASH,0.0,CASH,TQQQ
2018-11-13,6.254544687493304,CASH,0.0,CASH,TQQQ
2018-11-14,6.254544687493304,CASH,0.0,CASH,TQQQ
2018-11-15,6.254544687493304,CASH,0.0,CASH,TQQQ
2018-11-16,6.254544687493304,CASH,0.0,CASH,TQQQ
2018-11-19,6.254544687493304,CASH,0.0,CASH,TQQQ
2018-11-20,6.254544687493304,CASH,0.0,CASH,TQQQ
2018-11-21,6.254544687493304,CASH,0.0,CASH,TQQQ
2018-11-23,6.254544687493304,CASH,0.0,CASH,TQQQ
2018-11-26,6.254544687493304,CASH,0.0,CASH,TQQQ
2018-11-27,6.254544687493304,CASH,0.0,CASH,TQQQ
2018-11-28,6.254544687493304,CASH,0.0,CASH,TQQQ
2018-11-29,6.254544687493304,CASH,0.0,CASH,TQQQ
2018-11-30,6.254544687493304,CASH,0.0,CASH,TQQQ
2018-12-03,6.7601019797530055,SOXL,1.0,DEEP_DCA,SOXL
2018-12-04,5.774145221636114,SOXL,1.0,DEEP_DCA,SOXL
2018-12-06,5.774145221636114,CASH,0.0,CASH,SOXL
2018-12-07,5.774145221636114,CASH,0.0,CASH,SOXL
2018-12-10,5.774145221636114,CASH,0.0,CASH,SOXL
2018-12-11,5.774145221636114,CASH,0.0,CASH,SOXL
2018-12-12,5.774145221636114,CASH,0.0,CASH,SOXL
2018-12-13,5.774145221636114,CASH,0.0,CASH,SOXL
2018-12-14,5.774145221636114,CASH,0.0,CASH,SOXL
2018-12-17,5.774145221636114,CASH,0.0,CASH,SOXL
2018-12-18,5.774145221636114,CASH,0.0,CASH,SOXL
2018-12-19,5.774145221636114,CASH,0.0,CASH,SOXL
2018-12-20,5.774145221636114,CASH,0.0,CASH,SOXL
2018-12-21,5.774145221636114,CASH,0.0,CASH,SOXL
2018-12-24,5.774145221636114,CASH,0.0,CASH,SOXL
2018-12-26,5.774145221636114,CASH,0.0,CASH,SOXL
2018-12-27,5.774145221636114,CASH,0.0,CASH,SOXL
2018-12-28,5.774145221636114,CASH,0.0,CASH,SOXL
2018-12-31,5.774145221636114,CASH,0.0,CASH,SOXL
2019-01-02,5.774145221636114,CASH,0.0,CASH,TQQQ
2019-01-03,5.774145221636114,CASH,0.0,CASH,TQQQ
2019-01-04,5.774145221636114,CASH,0.0,CASH,TQQQ
2019-01-07,5.774145221636114,CASH,0.0,CASH,TQQQ
2019-01-08,5.940833423177666,TQQQ,1.0,DEEP_DCA,TQQQ
2019-01-09,6.081201450750742,TQQQ,1.0,DEEP_DCA,TQQQ
2019-01-10,6.139689297704715,TQQQ,1.0,DEEP_DCA,TQQQ
2019-01-11,6.066579781211881,TQQQ,1.0,DEEP_DCA,TQQQ
2019-01-14,5.908664581393646,TQQQ,1.0,DEEP_DCA,TQQQ
2019-01-15,6.236193485459729,TQQQ,1.0,DEEP_DCA,TQQQ
2019-01-16,6.244965318384523,TQQQ,1.0,DEEP_DCA,TQQQ
2019-01-17,6.391182598172406,TQQQ,1.0,DEEP_DCA,TQQQ
2019-01-18,6.566644970235799,TQQQ,1.0,DEEP_DCA,TQQQ
2019-01-22,6.566644970235799,CASH,0.0,CASH,TQQQ
2019-01-23,6.5728348689127545,TQQQ,1.0,DEEP_DCA,TQQQ
2019-01-24,6.688908304160862,TQQQ,1.0,DEEP_DCA,TQQQ
2019-01-25,6.9272444547771554,TQQQ,1.0,DEEP_DCA,TQQQ
2019-01-28,6.9272444547771554,CASH,0.0,CASH,TQQQ
2019-01-29,6.73120646463637,TQQQ,1.0,DEEP_DCA,TQQQ
2019-01-30,7.235766101597684,TQQQ,1.0,DEEP_DCA,TQQQ
2019-01-31,7.235766101597684,CASH,0.0,CASH,TQQQ
2019-02-01,7.235766101597684,CASH,0.0,CASH,TQQQ
2019-02-04,7.235766101597684,CASH,0.0,CASH,TQQQ
2019-02-05,7.235766101597684,CASH,0.0,CASH,TQQQ
2019-02-06,7.235766101597684,CASH,0.0,CASH,TQQQ
2019-02-07,7.235766101597684,CASH,0.0,CASH,TQQQ
2019-02-08,7.235766101597684,CASH,0.0,CASH,TQQQ
2019-02-11,7.235766101597684,CASH,0.0,CASH,TQQQ
2019-02-12,7.235766101597684,CASH,0.0,CASH,TQQQ
2019-02-13,7.235766101597684,CASH,0.0,CASH,TQQQ
2019-02-14,7.235766101597684,CASH,0.0,CASH,TQQQ
2019-02-15,7.235766101597684,CASH,0.0,CASH,TQQQ
2019-02-19,7.235766101597684,CASH,0.0,CASH,TQQQ
2019-02-20,7.235766101597684,CASH,0.0,CASH,TQQQ
2019-02-21,7.235766101597684,CASH,0.0,CASH,TQQQ
2019-02-22,7.235766101597684,CASH,0.0,CASH,TQQQ
2019-02-25,7.235766101597684,CASH,0.0,CASH,TQQQ
2019-02-26,7.258307807910679,TQQQ,1.0,RISK_ON,TQQQ
2019-02-27,7.235766101597685,TQQQ,1.0,RISK_ON,TQQQ
2019-02-28,7.190683252049814,TQQQ,1.0,RISK_ON,TQQQ
2019-03-01,7.378479394831056,SOXL,1.0,RISK_ON,SOXL
2019-03-04,7.381881786121642,SOXL,1.0,RISK_ON,SOXL
2019-03-05,7.276352833249317,SOXL,1.0,RISK_ON,SOXL
2019-03-06,6.9206211845026715,SOXL,1.0,RISK_ON,SOXL
2019-03-07,6.685167104221523,SOXL,1.0,RISK_ON,SOXL
2019-03-08,6.674388085705484,SOXL,1.0,RISK_ON,SOXL
2019-03-11,7.150399411489323,SOXL,1.0,RISK_ON,SOXL
2019-03-12,7.2338018564000075,SOXL,1.0,RISK_ON,SOXL
2019-03-13,7.3223095751039295,SOXL,1.0,RISK_ON,SOXL
2019-03-14,7.197492251774381,SOXL,1.0,RISK_ON,SOXL
2019-03-15,7.817611379916688,SOXL,1.0,RISK_ON,SOXL
2019-03-18,7.766550207697516,SOXL,1.0,RISK_ON,SOXL
2019-03-19,8.081028494617302,SOXL,1.0,RISK_ON,SOXL
2019-03-20,7.850835722434984,SOXL,1.0,RISK_ON,SOXL
2019-03-21,8.664740180407232,SOXL,1.0,RISK_ON,SOXL
2019-03-22,7.927569176781793,SOXL,1.0,RISK_ON,SOXL
2019-03-25,7.625197465118597,SOXL,1.0,RISK_ON,SOXL
2019-03-26,7.8570897460888505,SOXL,1.0,RISK_ON,SOXL
2019-03-27,7.512661306782167,SOXL,1.0,RISK_ON,SOXL
2019-03-28,7.473446090357813,SOXL,1.0,RISK_ON,SOXL
2019-03-29,7.817306902163613,SOXL,1.0,RISK_ON,SOXL
2019-04-01,8.393059151510988,SOXL,1.0,RISK_ON,SOXL
2019-04-02,8.419773068057038,SOXL,1.0,RISK_ON,SOXL
2019-04-03,8.9932539639722,SOXL,1.0,RISK_ON,SOXL
2019-04-04,9.027355472316527,SOXL,1.0,RISK_ON,SOXL
2019-04-05,9.233672465457216,SOXL,1.0,RISK_ON,SOXL
2019-04-08,9.300174286500578,SOXL,1.0,RISK_ON,SOXL
2019-04-09,8.98643231281745,SOXL,1.0,RISK_ON,SOXL
2019-04-10,9.217188495357258,SOXL,1.0,RISK_ON,SOXL
2019-04-11,9.194454718746826,SOXL,1.0,RISK_ON,SOXL
2019-04-12,9.576965649762132,SOXL,1.0,RISK_ON,SOXL
2019-04-15,9.372924227197053,SOXL,1.0,RISK_ON,SOXL
2019-04-16,10.265825902090215,SOXL,1.0,RISK_ON,SOXL
2019-04-17,10.7330212896081,SOXL,1.0,RISK_ON,SOXL
2019-04-18,10.753483712786318,SOXL,1.0,RISK_ON,SOXL
2019-04-22,10.758031480222819,SOXL,1.0,RISK_ON,SOXL
2019-04-23,11.080863084778196,SOXL,1.0,RISK_ON,SOXL
2019-04-24,11.401987589687527,SOXL,1.0,RISK_ON,SOXL
2019-04-25,10.781334571191492,SOXL,1.0,RISK_ON,SOXL
2019-04-26,10.511359798512615,SOXL,1.0,RISK_ON,SOXL
2019-04-29,10.456228239489185,SOXL,1.0,RISK_ON,SOXL
2019-04-30,10.688122207316797,SOXL,1.0,RISK_ON,SOXL
2019-05-01,10.426103497365759,SOXL,1.0,RISK_ON,SOXL
2019-05-02,10.773377665034971,SOXL,1.0,RISK_ON,SOXL
2019-05-03,10.98935444683483,SOXL,1.0,RISK_ON,SOXL
2019-05-06,10.449408275191791,SOXL,1.0,RISK_ON,SOXL
2019-05-07,9.686661140308106,SOXL,1.0,RISK_ON,SOXL
2019-05-08,9.454197858122253,SOXL,1.0,RISK_ON,SOXL
2019-05-09,9.117728011829445,SOXL,1.0,RISK_ON,SOXL
2019-05-10,9.144439398089458,SOXL,1.0,RISK_ON,SOXL
2019-05-13,7.853680607368835,SOXL,1.0,RISK_ON,SOXL
2019-05-14,8.415795458407459,SOXL,1.0,RISK_ON,SOXL
2019-05-15,8.622110764690788,SOXL,1.0,RISK_ON,SOXL
2019-05-16,8.184467431223373,SOXL,1.0,RISK_ON,SOXL
2019-05-17,7.7007897604628885,SOXL,1.0,RISK_ON,SOXL
2019-05-20,6.777763765160641,SOXL,1.0,RISK_ON,SOXL
2019-05-21,7.204038101751142,SOXL,1.0,RISK_ON,SOXL
2019-05-22,6.7533237323328414,SOXL,1.0,RISK_ON,SOXL
2019-05-23,6.411736382530953,SOXL,1.0,RISK_ON,SOXL
2019-05-24,6.245205185315879,SOXL,1.0,RISK_ON,SOXL
2019-05-28,6.07526400595211,SOXL,1.0,RISK_ON,SOXL
2019-05-29,6.157677109022472,SOXL,1.0,RISK_ON,SOXL
2019-05-30,6.298061595478039,SOXL,1.0,RISK_ON,SOXL
2019-05-31,6.024679370936502,SOXL,1.0,RISK_ON,SOXL
2019-06-03,5.639589607095106,TQQQ,1.0,RISK_ON,TQQQ
2019-06-04,5.639589607095106,CASH,0.0,CASH,TQQQ
2019-06-05,5.7638777596110256,TQQQ,1.0,RISK_ON,TQQQ
2019-06-06,5.897044429041709,TQQQ,1.0,RISK_ON,TQQQ
2019-06-07,6.233289050082198,TQQQ,1.0,RISK_ON,TQQQ
2019-06-10,6.460781260563989,TQQQ,1.0,RISK_ON,TQQQ
2019-06-11,6.485195519435974,TQQQ,1.0,RISK_ON,TQQQ
2019-06-12,6.375332462941121,TQQQ,1.0,RISK_ON,TQQQ
2019-06-13,6.479646280099884,TQQQ,1.0,RISK_ON,TQQQ
2019-06-14,6.39530768504154,TQQQ,1.0,RISK_ON,TQQQ
2019-06-17,6.511828853322111,TQQQ,1.0,RISK_ON,TQQQ
2019-06-18,6.793697047397435,TQQQ,1.0,RISK_ON,TQQQ
2019-06-19,6.873596605684213,TQQQ,1.0,RISK_ON,TQQQ
2019-06-20,7.062248131158058,TQQQ,1.0,RISK_ON,TQQQ
2019-06-21,7.030066001307464,TQQQ,1.0,RISK_ON,TQQQ
2019-06-24,7.027847369664943,TQQQ,1.0,RISK_ON,TQQQ
2019-06-25,6.66829824894536,TQQQ,1.0,RISK_ON,TQQQ
2019-06-26,6.752637287375337,TQQQ,1.0,RISK_ON,TQQQ
2019-06-27,6.825878733876397,TQQQ,1.0,RISK_ON,TQQQ
2019-06-28,6.8547320295199485,TQQQ,1.0,RISK_ON,TQQQ
2019-07-01,7.12772215005214,TQQQ,1.0,RISK_ON,TQQQ
2019-07-02,7.214279820124638,TQQQ,1.0,RISK_ON,TQQQ
2019-07-03,7.374079823441457,TQQQ,1.0,RISK_ON,TQQQ
2019-07-05,7.326363281748535,TQQQ,1.0,RISK_ON,TQQQ
2019-07-08,7.17211074428128,TQQQ,1.0,RISK_ON,TQQQ
2019-07-09,7.279753395647087,TQQQ,1.0,RISK_ON,TQQQ
2019-07-10,7.495038698378702,TQQQ,1.0,RISK_ON,TQQQ
2019-07-11,7.475063032906653,TQQQ,1.0,RISK_ON,TQQQ
2019-07-12,7.600461831358726,TQQQ,1.0,RISK_ON,TQQQ
2019-07-15,7.664825204316654,TQQQ,1.0,RISK_ON,TQQQ
2019-07-16,7.556071463643062,TQQQ,1.0,RISK_ON,TQQQ
2019-07-17,7.443989775505688,TQQQ,1.0,RISK_ON,TQQQ
2019-07-18,7.476173235471177,TQQQ,1.0,RISK_ON,TQQQ
2019-07-19,7.295287807489416,TQQQ,1.0,RISK_ON,TQQQ
2019-07-22,7.467296935414569,TQQQ,1.0,RISK_ON,TQQQ
2019-07-23,7.611559423287644,TQQQ,1.0,RISK_ON,TQQQ
2019-07-24,7.773578944990247,TQQQ,1.0,RISK_ON,TQQQ
2019-07-25,7.55163420035802,TQQQ,1.0,RISK_ON,TQQQ
2019-07-26,7.775797576632767,TQQQ,1.0,RISK_ON,TQQQ
2019-07-29,7.703664559209705,TQQQ,1.0,RISK_ON,TQQQ
2019-07-30,7.600461831358727,TQQQ,1.0,RISK_ON,TQQQ
2019-07-31,7.279753395647089,TQQQ,1.0,RISK_ON,TQQQ
2019-08-01,7.177659096874109,TQQQ,1.0,RISK_ON,TQQQ
2019-08-02,6.84918234681223,TQQQ,1.0,RISK_ON,TQQQ
2019-08-05,6.13008543548796,TQQQ,1.0,RISK_ON,TQQQ
2019-08-06,6.381991461470104,TQQQ,1.0,RISK_ON,TQQQ
2019-08-07,6.4752067999566885,TQQQ,1.0,RISK_ON,TQQQ
2019-08-08,6.903557887034133,TQQQ,1.0,RISK_ON,TQQQ
2019-08-09,6.699370619603067,TQQQ,1.0,RISK_ON,TQQQ
2019-08-12,6.4752067999566885,TQQQ,1.0,RISK_ON,TQQQ
2019-08-13,6.90022905282709,TQQQ,1.0,RISK_ON,TQQQ
2019-08-14,6.28211756782617,TQQQ,1.0,RISK_ON,TQQQ
2019-08-15,6.255483347196771,TQQQ,1.0,RISK_ON,TQQQ
2019-08-16,6.544010096429445,TQQQ,1.0,RISK_ON,TQQQ
2019-08-19,6.8502916626334915,TQQQ,1.0,RISK_ON,TQQQ
2019-08-20,6.709358452339092,TQQQ,1.0,RISK_ON,TQQQ
2019-08-21,6.880253830726673,TQQQ,1.0,RISK_ON,TQQQ
2019-08-22,6.813671826126225,TQQQ,1.0,RISK_ON,TQQQ
2019-08-23,6.190009771674322,TQQQ,1.0,RISK_ON,TQQQ
2019-08-26,6.440806481835205,TQQQ,1.0,RISK_ON,TQQQ
2019-08-27,6.401965353455629,TQQQ,1.0,RISK_ON,TQQQ
2019-08-28,6.466330499900081,TQQQ,1.0,RISK_ON,TQQQ
2019-08-29,6.760405158353951,TQQQ,1.0,RISK_ON,TQQQ
2019-08-30,6.712687286546135,TQQQ,1.0,RISK_ON,TQQQ
2019-09-03,6.363516780323813,SOXL,1.0,RISK_ON,SOXL
2019-09-04,6.883808894263346,SOXL,1.0,RISK_ON,SOXL
2019-09-05,7.526703334570797,SOXL,1.0,RISK_ON,SOXL
2019-09-06,7.55702780517026,SOXL,1.0,RISK_ON,SOXL
2019-09-09,7.663164736169922,SOXL,1.0,RISK_ON,SOXL
2019-09-10,7.764104433714036,SOXL,1.0,RISK_ON,SOXL
2019-09-11,8.111976915474017,SOXL,1.0,RISK_ON,SOXL
2019-09-12,8.183458775961775,SOXL,1.0,RISK_ON,SOXL
2019-09-13,8.109378298746241,SOXL,1.0,RISK_ON,SOXL
2019-09-16,7.944324409732323,SOXL,1.0,RISK_ON,SOXL
2019-09-17,8.016670335960097,SOXL,1.0,RISK_ON,SOXL
2019-09-18,8.032265246080609,SOXL,1.0,RISK_ON,SOXL
2019-09-19,7.910098162336563,SOXL,1.0,RISK_ON,SOXL
2019-09-20,7.469083759068112,SOXL,1.0,RISK_ON,SOXL
2019-09-23,7.697389699664138,SOXL,1.0,RISK_ON,SOXL
2019-09-24,7.324729572718989,SOXL,1.0,RISK_ON,SOXL
2019-09-25,7.69925456665875,SOXL,1.0,RISK_ON,SOXL
2019-09-26,7.723559464862871,SOXL,1.0,RISK_ON,SOXL
2019-09-27,7.160684830319711,SOXL,1.0,RISK_ON,SOXL
2019-09-30,7.387222196537027,SOXL,1.0,RISK_ON,SOXL
2019-10-01,7.184987802671513,SOXL,1.0,RISK_ON,SOXL
2019-10-02,6.846049991765576,SOXL,1.0,RISK_ON,SOXL
2019-10-03,7.196273297255079,SOXL,1.0,RISK_ON,SOXL
2019-10-04,7.586421447149348,SOXL,1.0,RISK_ON,SOXL
2019-10-07,7.413696888352776,SOXL,1.0,RISK_ON,SOXL
2019-10-08,6.731911786335333,SOXL,1.0,RISK_ON,SOXL
2019-10-09,7.071285481815913,SOXL,1.0,RISK_ON,SOXL
2019-10-10,7.276994113263126,SOXL,1.0,RISK_ON,SOXL
2019-10-11,7.765656028731583,SOXL,1.0,RISK_ON,SOXL
2019-10-14,7.764352868663059,SOXL,1.0,RISK_ON,SOXL
2019-10-15,8.273412769933158,SOXL,1.0,RISK_ON,SOXL
2019-10-16,7.913642372552482,SOXL,1.0,RISK_ON,SOXL
2019-10-17,7.996534908024478,SOXL,1.0,RISK_ON,SOXL
2019-10-18,7.729634245024661,SOXL,1.0,RISK_ON,SOXL
2019-10-21,8.169256257067188,SOXL,1.0,RISK_ON,SOXL
2019-10-22,7.9783047899821495,SOXL,1.0,RISK_ON,SOXL
2019-10-23,7.514379805587821,SOXL,1.0,RISK_ON,SOXL
2019-10-24,8.059460206663298,SOXL,1.0,RISK_ON,SOXL
2019-10-25,8.55550006236207,SOXL,1.0,RISK_ON,SOXL
2019-10-28,9.00423649147499,SOXL,1.0,RISK_ON,SOXL
2019-10-29,8.768150107514183,SOXL,1.0,RISK_ON,SOXL
2019-10-30,8.769452625631933,SOXL,1.0,RISK_ON,SOXL
2019-10-31,8.604538681886456,SOXL,1.0,RISK_ON,SOXL
2019-11-01,8.837998569256037,TQQQ,1.0,RISK_ON,TQQQ
2019-11-04,8.995708427374286,TQQQ,1.0,RISK_ON,TQQQ
2019-11-05,9.006884677465429,TQQQ,1.0,RISK_ON,TQQQ
2019-11-06,8.94976206246527,TQQQ,1.0,RISK_ON,TQQQ
2019-11-07,9.040413427738859,TQQQ,1.0,RISK_ON,TQQQ
2019-11-08,9.147210470472539,TQQQ,1.0,RISK_ON,TQQQ
2019-11-11,9.108714277425754,TQQQ,1.0,RISK_ON,TQQQ
2019-11-12,9.183223934430442,TQQQ,1.0,RISK_ON,TQQQ
2019-11-13,9.169561978357029,TQQQ,1.0,RISK_ON,TQQQ
2019-11-14,9.16707924926815,TQQQ,1.0,RISK_ON,TQQQ
2019-11-15,9.339691435706456,TQQQ,1.0,RISK_ON,TQQQ
2019-11-18,9.388122514299944,TQQQ,1.0,RISK_ON,TQQQ
2019-11-19,9.426619699644526,TQQQ,1.0,RISK_ON,TQQQ
2019-11-20,9.261458677366248,TQQQ,1.0,RISK_ON,TQQQ
2019-11-21,9.18943472634383,TQQQ,1.0,RISK_ON,TQQQ
2019-11-22,9.214266978721605,TQQQ,1.0,RISK_ON,TQQQ
2019-11-25,9.53341475778261,TQQQ,1.0,RISK_ON,TQQQ
2019-11-26,9.590539357378363,TQQQ,1.0,RISK_ON,TQQQ
2019-11-27,9.78426168715672,TQQQ,1.0,RISK_ON,TQQQ
2019-11-29,9.653870779696312,TQQQ,1.0,RISK_ON,TQQQ
2019-12-02,9.229246777519089,SOXL,1.0,RISK_ON,SOXL
2019-12-03,8.807237749005834,SOXL,1.0,RISK_ON,SOXL
2019-12-04,9.220962695721969,SOXL,1.0,RISK_ON,SOXL
2019-12-05,9.331696351150041,SOXL,1.0,RISK_ON,SOXL
2019-12-06,9.765475663094797,SOXL,1.0,RISK_ON,SOXL
2019-12-09,9.600682021908307,SOXL,1.0,RISK_ON,SOXL
2019-12-10,9.707494829031342,SOXL,1.0,RISK_ON,SOXL
2019-12-11,10.343993606121057,SOXL,1.0,RISK_ON,SOXL
2019-12-12,11.183212493232096,SOXL,1.0,RISK_ON,SOXL
2019-12-13,10.999235714787396,SOXL,1.0,RISK_ON,SOXL
2019-12-16,11.311386829977554,SOXL,1.0,RISK_ON,SOXL
2019-12-17,11.460046309364094,SOXL,1.0,RISK_ON,SOXL
2019-12-18,11.443478145769852,SOXL,1.0,RISK_ON,SOXL
2019-12-19,11.712467685786311,SOXL,1.0,RISK_ON,SOXL
2019-12-20,12.088700165461905,SOXL,1.0,RISK_ON,SOXL
2019-12-23,12.170225435646556,SOXL,1.0,RISK_ON,SOXL
2019-12-24,12.260557137484755,SOXL,1.0,RISK_ON,SOXL
2019-12-26,12.306817988473256,SOXL,1.0,RISK_ON,SOXL
2019-12-27,12.169788209470436,SOXL,1.0,RISK_ON,SOXL
2019-12-30,11.913611073092866,SOXL,1.0,RISK_ON,SOXL
2019-12-31,11.993476431511537,SOXL,1.0,RISK_ON,SOXL
2020-01-02,12.58795498983893,TQQQ,1.0,RISK_ON,TQQQ
2020-01-03,12.245678953122766,TQQQ,1.0,RISK_ON,TQQQ
2020-01-06,12.478480940181074,TQQQ,1.0,RISK_ON,TQQQ
2020-01-07,12.463241220906545,TQQQ,1.0,RISK_ON,TQQQ
2020-01-08,12.750086210133619,TQQQ,1.0,RISK_ON,TQQQ
2020-01-09,13.071576987659117,TQQQ,1.0,RISK_ON,TQQQ
2020-01-10,12.964872387276744,TQQQ,1.0,RISK_ON,TQQQ
2020-01-13,13.418007198288509,TQQQ,1.0,RISK_ON,TQQQ
2020-01-14,13.26141930412157,TQQQ,1.0,RISK_ON,TQQQ
2020-01-15,13.26973540020739,TQQQ,1.0,RISK_ON,TQQQ
2020-01-16,13.639723639985515,TQQQ,1.0,RISK_ON,TQQQ
2020-01-17,13.843424271767338,TQQQ,1.0,RISK_ON,TQQQ
2020-01-21,13.836496221001847,TQQQ,1.0,RISK_ON,TQQQ
2020-01-22,13.930725016914204,TQQQ,1.0,RISK_ON,TQQQ
2020-01-23,14.059599601124987,TQQQ,1.0,RISK_ON,TQQQ
2020-01-24,13.69515247368622,TQQQ,1.0,RISK_ON,TQQQ
2020-01-27,12.848472500641789,TQQQ,1.0,RISK_ON,TQQQ
2020-01-28,13.445724935821449,TQQQ,1.0,RISK_ON,TQQQ
2020-01-29,13.494222398074077,TQQQ,1.0,RISK_ON,TQQQ
2020-01-30,13.646652797645205,TQQQ,1.0,RISK_ON,TQQQ
2020-01-31,12.975959039532245,TQQQ,1.0,RISK_ON,TQQQ
2020-02-03,13.571822322497383,TQQQ,1.0,RISK_ON,TQQQ
2020-02-04,14.498873883028995,TQQQ,1.0,RISK_ON,TQQQ
2020-02-05,14.666547322557234,TQQQ,1.0,RISK_ON,TQQQ
2020-02-06,15.024067506124707,TQQQ,1.0,RISK_ON,TQQQ
2020-02-07,14.830061053701273,TQQQ,1.0,RISK_ON,TQQQ
2020-02-10,15.364951069943764,TQQQ,1.0,RISK_ON,TQQQ
2020-02-11,15.376041042881846,TQQQ,1.0,RISK_ON,TQQQ
2020-02-12,15.826401977041346,TQQQ,1.0,RISK_ON,TQQQ
2020-02-13,15.765427603424506,TQQQ,1.0,RISK_ON,TQQQ
2020-02-14,15.872131096912684,TQQQ,1.0,RISK_ON,TQQQ
2020-02-18,15.899845513763035,TQQQ,1.0,RISK_ON,TQQQ
2020-02-19,16.3599061617519,TQQQ,1.0,RISK_ON,TQQQ
2020-02-20,15.894302187635288,TQQQ,1.0,RISK_ON,TQQQ
2020-02-21,14.985264223230468,TQQQ,1.0,RISK_ON,TQQQ
2020-02-24,13.2586476410577,TQQQ,1.0,RISK_ON,TQQQ
2020-02-25,12.186095945508841,TQQQ,1.0,RISK_ON,TQQQ
2020-02-26,12.353767171248691,TQQQ,1.0,RISK_ON,TQQQ
2020-02-27,10.50658988716257,TQQQ,1.0,RISK_ON,TQQQ
2020-02-28,10.670106938989191,TQQQ,1.0,RISK_ON,TQQQ
2020-03-02,12.126509617212326,TQQQ,1.0,RISK_ON,TQQQ
2020-03-03,10.98466745196081,TQQQ,1.0,RISK_ON,TQQQ
2020-03-04,12.317736658312521,TQQQ,1.0,RISK_ON,TQQQ
2020-03-05,11.23686775978365,TQQQ,1.0,RISK_ON,TQQQ
2020-03-06,10.647935848266586,TQQQ,1.0,RISK_ON,TQQQ
2020-03-09,8.484814986912397,TQQQ,1.0,RISK_ON,TQQQ
2020-03-10,8.484814986912397,CASH,0.0,CASH,TQQQ
2020-03-11,8.484814986912397,CASH,0.0,CASH,TQQQ
2020-03-12,8.484814986912397,CASH,0.0,CASH,TQQQ
2020-03-13,8.484814986912397,CASH,0.0,CASH,TQQQ
2020-03-16,8.484814986912397,CASH,0.0,CASH,TQQQ
2020-03-17,8.484814986912397,CASH,0.0,CASH,TQQQ
2020-03-18,8.484814986912397,CASH,0.0,CASH,TQQQ
2020-03-19,8.484814986912397,CASH,0.0,CASH,TQQQ
2020-03-20,8.484814986912397,CASH,0.0,CASH,TQQQ
2020-03-23,8.484814986912397,CASH,0.0,CASH,TQQQ
2020-03-24,8.484814986912397,CASH,0.0,CASH,TQQQ
2020-03-25,8.484814986912397,CASH,0.0,CASH,TQQQ
2020-03-26,8.484814986912397,CASH,0.0,CASH,TQQQ
2020-03-27,8.484814986912397,CASH,0.0,CASH,TQQQ
2020-03-30,8.484814986912397,CASH,0.0,CASH,TQQQ
2020-03-31,8.484814986912397,CASH,0.0,CASH,TQQQ
2020-04-01,8.484814986912397,CASH,0.0,CASH,TQQQ
2020-04-02,8.484814986912397,CASH,0.0,CASH,TQQQ
2020-04-03,8.484814986912397,CASH,0.0,CASH,TQQQ
2020-04-06,8.484814986912397,CASH,0.0,CASH,TQQQ
2020-04-07,8.468275475397501,TQQQ,1.0,DEEP_DCA,TQQQ
2020-04-08,9.00911974789432,TQQQ,1.0,DEEP_DCA,TQQQ
2020-04-09,9.042199431500498,TQQQ,1.0,DEEP_DCA,TQQQ
2020-04-13,9.356452132012683,TQQQ,1.0,DEEP_DCA,TQQQ
2020-04-14,10.570459411431031,TQQQ,1.0,DEEP_DCA,TQQQ
2020-04-15,10.21981952135552,TQQQ,1.0,RISK_ON,TQQQ
2020-04-16,10.767278805766637,TQQQ,1.0,RISK_ON,TQQQ
2020-04-17,11.036875882110818,TQQQ,1.0,RISK_ON,TQQQ
2020-04-20,10.679618998391856,TQQQ,1.0,RISK_ON,TQQQ
2020-04-21,9.498692723732452,TQQQ,1.0,RISK_ON,TQQQ
2020-04-22,10.338904929069711,TQQQ,1.0,RISK_ON,TQQQ
2020-04-23,10.27109147859059,TQQQ,1.0,RISK_ON,TQQQ
2020-04-24,10.767278805766635,TQQQ,1.0,RISK_ON,TQQQ
2020-04-27,10.977332847965526,TQQQ,1.0,RISK_ON,TQQQ
2020-04-28,10.38355989266133,TQQQ,1.0,RISK_ON,TQQQ
2020-04-29,11.463596336117357,TQQQ,1.0,RISK_ON,TQQQ
2020-04-30,11.53968020293031,TQQQ,1.0,RISK_ON,TQQQ
2020-05-01,10.504299383642287,TQQQ,1.0,RISK_ON,TQQQ
2020-05-04,10.874786951766229,TQQQ,1.0,RISK_ON,TQQQ
2020-05-05,11.222118675308208,TQQQ,1.0,RISK_ON,TQQQ
2020-05-06,11.443752621527235,TQQQ,1.0,RISK_ON,TQQQ
2020-05-07,11.89031943242944,TQQQ,1.0,RISK_ON,TQQQ
2020-05-08,12.369969229819741,TQQQ,1.0,RISK_ON,TQQQ
2020-05-11,12.677602294382938,TQQQ,1.0,RISK_ON,TQQQ
2020-05-12,11.923398455459232,TQQQ,1.0,RISK_ON,TQQQ
2020-05-13,11.47186675245119,TQQQ,1.0,RISK_ON,TQQQ
2020-05-14,11.852275517293808,TQQQ,1.0,RISK_ON,TQQQ
2020-05-15,12.055713226425635,TQQQ,1.0,RISK_ON,TQQQ
2020-05-18,12.753686161195894,TQQQ,1.0,RISK_ON,TQQQ
2020-05-19,12.656100533067743,TQQQ,1.0,RISK_ON,TQQQ
2020-05-20,13.397074348162855,TQQQ,1.0,RISK_ON,TQQQ
2020-05-21,12.98524196470998,TQQQ,1.0,RISK_ON,TQQQ
2020-05-22,13.102671307428253,TQQQ,1.0,RISK_ON,TQQQ
2020-05-26,13.048090523083264,TQQQ,1.0,RISK_ON,TQQQ
2020-05-27,13.23168187531943,TQQQ,1.0,RISK_ON,TQQQ
2020-05-28,13.147326271019875,TQQQ,1.0,RISK_ON,TQQQ
2020-05-29,13.689825947936228,TQQQ,1.0,RISK_ON,TQQQ
2020-06-01,13.858531871924264,TQQQ,1.0,RISK_ON,TQQQ
2020-06-02,14.134741317877204,TQQQ,1.0,RISK_ON,TQQQ
2020-06-03,14.326601765294432,TQQQ,1.0,RISK_ON,TQQQ
2020-06-04,14.035504248787825,TQQQ,1.0,RISK_ON,TQQQ
2020-06-05,14.867444716638483,TQQQ,1.0,RISK_ON,TQQQ
2020-06-08,15.19823891039472,TQQQ,1.0,RISK_ON,TQQQ
2020-06-09,15.537299557026481,TQQQ,1.0,RISK_ON,TQQQ
2020-06-10,16.097992828724497,TQQQ,1.0,RISK_ON,TQQQ
2020-06-11,13.72786722076632,TQQQ,1.0,RISK_ON,TQQQ
2020-06-12,14.025582391492765,TQQQ,1.0,RISK_ON,TQQQ
2020-06-15,14.52011629597843,TQQQ,1.0,RISK_ON,TQQQ
2020-06-16,15.2875514798835,TQQQ,1.0,RISK_ON,TQQQ
2020-06-17,15.436408404670336,TQQQ,1.0,RISK_ON,TQQQ
2020-06-18,15.555493151808145,TQQQ,1.0,RISK_ON,TQQQ
2020-06-19,15.533991390492949,TQQQ,1.0,RISK_ON,TQQQ
2020-06-22,16.086416888162674,TQQQ,1.0,RISK_ON,TQQQ
2020-06-23,16.50652233025492,TQQQ,1.0,RISK_ON,TQQQ
2020-06-24,15.53399139049295,TQQQ,1.0,RISK_ON,TQQQ
2020-06-25,15.94582773740413,TQQQ,1.0,RISK_ON,TQQQ
2020-06-26,14.799633908464902,TQQQ,1.0,RISK_ON,TQQQ
2020-06-29,15.27266605163537,TQQQ,1.0,RISK_ON,TQQQ
2020-06-30,16.150919529802724,TQQQ,1.0,RISK_ON,TQQQ
2020-07-01,15.475568700661654,SOXL,1.0,RISK_ON,SOXL
2020-07-02,16.05138008552264,SOXL,1.0,RISK_ON,SOXL
2020-07-06,17.338580675150393,SOXL,1.0,RISK_ON,SOXL
2020-07-07,16.697551565951294,SOXL,1.0,RISK_ON,SOXL
2020-07-08,17.388353562216107,SOXL,1.0,RISK_ON,SOXL
2020-07-09,18.08000629050117,SOXL,1.0,RISK_ON,SOXL
2020-07-10,17.899797954759233,SOXL,1.0,RISK_ON,SOXL
2020-07-13,17.00647869468574,SOXL,1.0,RISK_ON,SOXL
2020-07-14,17.907520373395432,SOXL,1.0,RISK_ON,SOXL
2020-07-15,17.72817163146562,SOXL,1.0,RISK_ON,SOXL
2020-07-16,17.511923654127724,SOXL,1.0,RISK_ON,SOXL
2020-07-17,17.83629688610484,SOXL,1.0,RISK_ON,SOXL
2020-07-20,18.935564189413913,SOXL,1.0,RISK_ON,SOXL
2020-07-21,18.534812439213976,SOXL,1.0,RISK_ON,SOXL
2020-07-22,18.757073775325964,SOXL,1.0,RISK_ON,SOXL
2020-07-23,17.883493523674705,SOXL,1.0,RISK_ON,SOXL
2020-07-24,17.031367670159135,SOXL,1.0,RISK_ON,SOXL
2020-07-27,18.64465688147745,SOXL,1.0,RISK_ON,SOXL
2020-07-28,17.541956266800938,SOXL,1.0,RISK_ON,SOXL
2020-07-29,18.678126603428904,SOXL,1.0,RISK_ON,SOXL
2020-07-30,19.771385611844963,SOXL,1.0,RISK_ON,SOXL
2020-07-31,19.43757203957766,SOXL,1.0,RISK_ON,SOXL
2020-08-03,20.162127512961046,TQQQ,1.0,RISK_ON,TQQQ
2020-08-04,20.424268067607002,TQQQ,1.0,RISK_ON,TQQQ
2020-08-05,20.587089507686592,TQQQ,1.0,RISK_ON,TQQQ
2020-08-06,21.375140803662063,TQQQ,1.0,RISK_ON,TQQQ
2020-08-07,20.6766386335327,TQQQ,1.0,RISK_ON,TQQQ
2020-08-10,20.398214764352982,TQQQ,1.0,RISK_ON,TQQQ
2020-08-11,19.240559540729855,TQQQ,1.0,RISK_ON,TQQQ
2020-08-12,20.679897897607912,TQQQ,1.0,RISK_ON,TQQQ
2020-08-13,20.824806391116134,TQQQ,1.0,RISK_ON,TQQQ
2020-08-14,20.764564630262345,TQQQ,1.0,RISK_ON,TQQQ
2020-08-17,21.450040148764696,TQQQ,1.0,RISK_ON,TQQQ
2020-08-18,22.08015369843648,TQQQ,1.0,RISK_ON,TQQQ
2020-08-19,21.648680979065887,TQQQ,1.0,RISK_ON,TQQQ
2020-08-20,22.53931195426716,TQQQ,1.0,RISK_ON,TQQQ
2020-08-21,23.00986332793456,TQQQ,1.0,RISK_ON,TQQQ
2020-08-24,23.436454954697712,TQQQ,1.0,RISK_ON,TQQQ
2020-08-25,23.983535305505345,TQQQ,1.0,RISK_ON,TQQQ
2020-08-26,25.518934813458788,TQQQ,1.0,RISK_ON,TQQQ
2020-08-27,25.287735157595442,TQQQ,1.0,RISK_ON,TQQQ
2020-08-28,25.678503492384312,TQQQ,1.0,RISK_ON,TQQQ
2020-08-31,26.27279505066604,TQQQ,1.0,RISK_ON,TQQQ
2020-09-01,27.75217553937077,SOXL,1.0,RISK_ON,SOXL
2020-09-02,30.24174530932753,SOXL,1.0,RISK_ON,SOXL
2020-09-03,25.080624613994107,SOXL,1.0,RISK_ON,SOXL
2020-09-04,24.385204919284114,SOXL,1.0,RISK_ON,SOXL
2020-09-08,20.91298218477959,SOXL,1.0,RISK_ON,SOXL
2020-09-09,22.642205119517353,SOXL,1.0,RISK_ON,SOXL
2020-09-10,21.701856446752856,SOXL,1.0,RISK_ON,SOXL
2020-09-11,21.626114162462404,SOXL,1.0,RISK_ON,SOXL
2020-09-14,22.99336281091163,SOXL,1.0,RISK_ON,SOXL
2020-09-15,24.175688898272764,SOXL,1.0,RISK_ON,SOXL
2020-09-16,23.44779765218781,SOXL,1.0,RISK_ON,SOXL
2020-09-17,23.34058653547489,SOXL,1.0,RISK_ON,SOXL
2020-09-18,22.252685809847684,SOXL,1.0,RISK_ON,SOXL
2020-09-21,22.145473242021957,SOXL,1.0,RISK_ON,SOXL
2020-09-22,22.948114211234547,SOXL,1.0,RISK_ON,SOXL
2020-09-23,21.23954931847622,SOXL,1.0,RISK_ON,SOXL
2020-09-24,21.860219290058588,SOXL,1.0,RISK_ON,SOXL
2020-09-25,22.803525330732196,SOXL,1.0,RISK_ON,SOXL
2020-09-28,24.66553379436647,SOXL,1.0,RISK_ON,SOXL
2020-09-29,24.871118750772435,SOXL,1.0,RISK_ON,SOXL
2020-09-30,24.904561096618053,SOXL,1.0,RISK_ON,SOXL
2020-10-01,26.070828677048,TQQQ,1.0,RISK_ON,TQQQ
2020-10-02,23.92093809272968,TQQQ,1.0,RISK_ON,TQQQ
2020-10-05,25.429672992641045,TQQQ,1.0,RISK_ON,TQQQ
2020-10-06,24.063631922669234,TQQQ,1.0,RISK_ON,TQQQ
2020-10-07,25.32883413501458,TQQQ,1.0,RISK_ON,TQQQ
2020-10-08,25.701740190941976,TQQQ,1.0,RISK_ON,TQQQ
2020-10-09,26.84517833910413,TQQQ,1.0,RISK_ON,TQQQ
2020-10-12,29.34894791957134,TQQQ,1.0,RISK_ON,TQQQ
2020-10-13,29.352762449926296,TQQQ,1.0,RISK_ON,TQQQ
2020-10-14,28.627886182760697,TQQQ,1.0,RISK_ON,TQQQ
2020-10-15,28.036184136712556,TQQQ,1.0,RISK_ON,TQQQ
2020-10-16,27.60620905931531,TQQQ,1.0,RISK_ON,TQQQ
2020-10-19,26.234455312210322,TQQQ,1.0,RISK_ON,TQQQ
2020-10-20,26.40378094690695,TQQQ,1.0,RISK_ON,TQQQ
2020-10-21,26.335295689569996,TQQQ,1.0,RISK_ON,TQQQ
2020-10-22,26.3486055130157,TQQQ,1.0,RISK_ON,TQQQ
2020-10-23,26.502715578822354,TQQQ,1.0,RISK_ON,TQQQ
2020-10-26,25.294583907680064,TQQQ,1.0,RISK_ON,TQQQ
2020-10-27,25.891992551928546,TQQQ,1.0,RISK_ON,TQQQ
2020-10-28,22.85360058501551,TQQQ,1.0,RISK_ON,TQQQ
2020-10-29,24.01606883242259,TQQQ,1.0,RISK_ON,TQQQ
2020-10-30,22.3456176019928,TQQQ,1.0,RISK_ON,TQQQ
2020-11-02,22.705557969119425,SOXL,1.0,RISK_ON,SOXL
2020-11-03,24.056434744803433,SOXL,1.0,RISK_ON,SOXL
2020-11-04,26.577778482699056,SOXL,1.0,RISK_ON,SOXL
2020-11-05,30.082886835213586,SOXL,1.0,RISK_ON,SOXL
2020-11-06,31.630339092833974,SOXL,1.0,RISK_ON,SOXL
2020-11-09,30.422177838478195,SOXL,1.0,RISK_ON,SOXL
2020-11-10,27.686305298443468,SOXL,1.0,RISK_ON,SOXL
2020-11-11,30.703130482482518,SOXL,1.0,RISK_ON,SOXL
2020-11-12,29.514710200068183,SOXL,1.0,RISK_ON,SOXL
2020-11-13,30.609775336126745,SOXL,1.0,RISK_ON,SOXL
2020-11-16,32.867216655046086,SOXL,1.0,RISK_ON,SOXL
2020-11-17,32.06657908454244,SOXL,1.0,RISK_ON,SOXL
2020-11-18,31.386196184409762,SOXL,1.0,RISK_ON,SOXL
2020-11-19,32.84298933933368,SOXL,1.0,RISK_ON,SOXL
2020-11-20,32.309821546164926,SOXL,1.0,RISK_ON,SOXL
2020-11-23,33.771998843288586,SOXL,1.0,RISK_ON,SOXL
2020-11-24,34.31773846283325,SOXL,1.0,RISK_ON,SOXL
2020-11-25,33.9506236533952,SOXL,1.0,RISK_ON,SOXL
2020-11-27,35.11928972200336,SOXL,1.0,RISK_ON,SOXL
2020-11-30,36.43964664785463,SOXL,1.0,RISK_ON,SOXL
2020-12-01,38.37307013029046,SOXL,1.0,RISK_ON,SOXL
2020-12-02,38.664791058694284,SOXL,1.0,RISK_ON,SOXL
2020-12-03,38.72312941795457,SOXL,1.0,RISK_ON,SOXL
2020-12-04,41.94639527315483,SOXL,1.0,RISK_ON,SOXL
2020-12-07,42.49482299123994,SOXL,1.0,RISK_ON,SOXL
2020-12-08,43.03068682806799,SOXL,1.0,RISK_ON,SOXL
2020-12-09,39.350552804280824,SOXL,1.0,RISK_ON,SOXL
2020-12-10,39.27425582807193,SOXL,1.0,RISK_ON,SOXL
2020-12-11,37.91888476349811,SOXL,1.0,RISK_ON,SOXL
2020-12-14,39.34696690731159,SOXL,1.0,RISK_ON,SOXL
2020-12-15,40.98776636616892,SOXL,1.0,RISK_ON,SOXL
2020-12-16,40.89711256021833,SOXL,1.0,RISK_ON,SOXL
2020-12-17,41.116122409382506,SOXL,1.0,RISK_ON,SOXL
2020-12-18,40.579360774125675,SOXL,1.0,RISK_ON,SOXL
2020-12-21,39.780494965123076,SOXL,1.0,RISK_ON,SOXL
2020-12-22,39.63336195772048,SOXL,1.0,RISK_ON,SOXL
2020-12-23,38.810178788325295,SOXL,1.0,RISK_ON,SOXL
2020-12-24,39.93050675391826,SOXL,1.0,RISK_ON,SOXL
2020-12-28,39.70339023516557,SOXL,1.0,RISK_ON,SOXL
2020-12-29,39.39817054985463,SOXL,1.0,RISK_ON,SOXL
2020-12-30,41.43505007306329,SOXL,1.0,RISK_ON,SOXL
2020-12-31,41.87581613413692,SOXL,1.0,RISK_ON,SOXL
2021-01-04,41.297697506951245,SOXL,1.0,RISK_ON,SOXL
2021-01-05,43.690065482363856,SOXL,1.0,RISK_ON,SOXL
2021-01-06,43.36869072208072,SOXL,1.0,RISK_ON,SOXL
2021-01-07,48.14803458558735,SOXL,1.0,RISK_ON,SOXL
2021-01-08,48.18843286650965,SOXL,1.0,RISK_ON,SOXL
2021-01-11,49.943440760301634,SOXL,1.0,RISK_ON,SOXL
2021-01-12,50.92462056292499,SOXL,1.0,RISK_ON,SOXL
2021-01-13,51.060174883806525,SOXL,1.0,RISK_ON,SOXL
2021-01-14,54.38254815140185,SOXL,1.0,RISK_ON,SOXL
2021-01-15,50.931797653609365,SOXL,1.0,RISK_ON,SOXL
2021-01-19,56.106125155067566,SOXL,1.0,RISK_ON,SOXL
2021-01-20,55.6384224927575,SOXL,1.0,RISK_ON,SOXL
2021-01-21,58.1151649818651,SOXL,1.0,RISK_ON,SOXL
2021-01-22,54.925649991492016,SOXL,1.0,RISK_ON,SOXL
2021-01-25,55.161752439651366,SOXL,1.0,RISK_ON,SOXL
2021-01-26,52.589838020346846,SOXL,1.0,RISK_ON,SOXL
2021-01-27,44.62995715075497,SOXL,1.0,RISK_ON,SOXL
2021-01-28,47.309586194529906,SOXL,1.0,RISK_ON,SOXL
2021-01-29,44.975564523496416,SOXL,1.0,RISK_ON,SOXL
2021-02-01,50.29082783966296,SOXL,1.0,RISK_ON,SOXL
2021-02-02,52.579959589257285,SOXL,1.0,RISK_ON,SOXL
2021-02-03,49.327593412123484,SOXL,1.0,RISK_ON,SOXL
2021-02-04,50.54668185325554,SOXL,1.0,RISK_ON,SOXL
2021-02-05,49.44879884838216,SOXL,1.0,RISK_ON,SOXL
2021-02-08,54.041416528939564,SOXL,1.0,RISK_ON,SOXL
2021-02-09,53.35288723362418,SOXL,1.0,RISK_ON,SOXL
2021-02-10,53.85739168639552,SOXL,1.0,RISK_ON,SOXL
2021-02-11,59.4697971503869,SOXL,1.0,RISK_ON,SOXL
2021-02-12,61.63415345699099,SOXL,1.0,RISK_ON,SOXL
2021-02-16,62.7248540744341,SOXL,1.0,RISK_ON,SOXL
2021-02-17,59.26244014218628,SOXL,1.0,RISK_ON,SOXL
2021-02-18,57.477812845363296,SOXL,1.0,RISK_ON,SOXL
2021-02-19,61.670054800650526,SOXL,1.0,RISK_ON,SOXL
2021-02-22,54.94810289733043,SOXL,1.0,RISK_ON,SOXL
2021-02-23,53.833164370683114,SOXL,1.0,RISK_ON,SOXL
2021-02-24,58.90514285126003,SOXL,1.0,RISK_ON,SOXL
2021-02-25,48.77012679717277,SOXL,1.0,RISK_ON,SOXL
2021-02-26,52.1257371452437,SOXL,1.0,RISK_ON,SOXL
2021-03-01,57.306346587330445,SOXL,1.0,RISK_ON,SOXL
2021-03-02,51.90937566902579,SOXL,1.0,RISK_ON,SOXL
2021-03-03,47.14259568677623,SOXL,1.0,RISK_ON,SOXL
2021-03-04,40.36948516325316,SOXL,1.0,RISK_ON,SOXL
2021-03-05,44.0994218402948,SOXL,1.0,RISK_ON,SOXL
2021-03-08,37.05697708488267,SOXL,1.0,RISK_ON,SOXL
2021-03-09,43.69544167944477,SOXL,1.0,RISK_ON,SOXL
2021-03-10,41.365924890792876,SOXL,1.0,RISK_ON,SOXL
2021-03-11,46.415474300887894,SOXL,1.0,RISK_ON,SOXL
2021-03-12,45.00160862304996,SOXL,1.0,RISK_ON,SOXL
2021-03-15,47.89667221251161,SOXL,1.0,RISK_ON,SOXL
2021-03-16,49.79530666792533,SOXL,1.0,RISK_ON,SOXL
2021-03-17,51.734339404261355,SOXL,1.0,RISK_ON,SOXL
2021-03-18,45.39209532373878,SOXL,1.0,RISK_ON,SOXL
2021-03-19,46.79250726700969,SOXL,1.0,RISK_ON,SOXL
2021-03-22,49.82224591753472,SOXL,1.0,RISK_ON,SOXL
2021-03-23,45.842816618717414,SOXL,1.0,RISK_ON,SOXL
2021-03-24,43.90296023839511,SOXL,1.0,RISK_ON,SOXL
2021-03-25,44.19932111620079,SOXL,1.0,RISK_ON,SOXL
2021-03-26,50.77330842301317,SOXL,1.0,RISK_ON,SOXL
2021-03-29,48.2137619053677,SOXL,1.0,RISK_ON,SOXL
2021-03-30,47.8500449584197,SOXL,1.0,RISK_ON,SOXL
2021-03-31,51.47380836404566,SOXL,1.0,RISK_ON,SOXL
2021-04-01,54.09092142321518,TQQQ,1.0,RISK_ON,TQQQ
2021-04-05,57.33976882788555,TQQQ,1.0,RISK_ON,TQQQ
2021-04-06,57.20439492971868,TQQQ,1.0,RISK_ON,TQQQ
2021-04-07,57.62742090304653,TQQQ,1.0,RISK_ON,TQQQ
2021-04-08,59.426694860447384,TQQQ,1.0,RISK_ON,TQQQ
2021-04-09,60.504000224918826,TQQQ,1.0,RISK_ON,TQQQ
2021-04-12,60.267097029478,TQQQ,1.0,RISK_ON,TQQQ
2021-04-13,62.3314690055875,TQQQ,1.0,RISK_ON,TQQQ
2021-04-14,60.14301818115652,TQQQ,1.0,RISK_ON,TQQQ
2021-04-15,62.799612102629645,TQQQ,1.0,RISK_ON,TQQQ
2021-04-16,63.06471012133829,TQQQ,1.0,RISK_ON,TQQQ
2021-04-19,61.34440689935424,TQQQ,1.0,RISK_ON,TQQQ
2021-04-20,60.00199901076935,TQQQ,1.0,RISK_ON,TQQQ
2021-04-21,61.5192571544199,TQQQ,1.0,RISK_ON,TQQQ
2021-04-22,59.28003942864954,TQQQ,1.0,RISK_ON,TQQQ
2021-04-23,61.513616387604415,TQQQ,1.0,RISK_ON,TQQQ
2021-04-26,62.73194092246301,TQQQ,1.0,RISK_ON,TQQQ
2021-04-27,61.90843852685484,TQQQ,1.0,RISK_ON,TQQQ
2021-04-28,61.27107693075291,TQQQ,1.0,RISK_ON,TQQQ
2021-04-29,61.885884470402495,TQQQ,1.0,RISK_ON,TQQQ
2021-04-30,60.72397210910356,TQQQ,1.0,RISK_ON,TQQQ
2021-05-03,59.73126923605482,TQQQ,1.0,RISK_ON,TQQQ
2021-05-04,56.583951128658406,TQQQ,1.0,RISK_ON,TQQQ
2021-05-05,55.92403998150895,TQQQ,1.0,RISK_ON,TQQQ
2021-05-06,57.14798726156381,TQQQ,1.0,RISK_ON,TQQQ
2021-05-07,58.54680281830357,TQQQ,1.0,RISK_ON,TQQQ
2021-05-10,54.14732008056044,TQQQ,1.0,RISK_ON,TQQQ
2021-05-11,53.876590305845916,TQQQ,1.0,RISK_ON,TQQQ
2021-05-12,49.776063703918766,TQQQ,1.0,RISK_ON,TQQQ
2021-05-13,50.82516973971757,TQQQ,1.0,RISK_ON,TQQQ
2021-05-14,54.13041129632839,TQQQ,1.0,RISK_ON,TQQQ
2021-05-17,53.21666564248204,TQQQ,1.0,RISK_ON,TQQQ
2021-05-18,52.09987941570701,TQQQ,1.0,RISK_ON,TQQQ
2021-05-19,52.29164296040952,TQQQ,1.0,RISK_ON,TQQQ
2021-05-20,55.31487771407965,TQQQ,1.0,RISK_ON,TQQQ
2021-05-21,54.401136565638105,TQQQ,1.0,RISK_ON,TQQQ
2021-05-24,57.12542869970667,TQQQ,1.0,RISK_ON,TQQQ
2021-05-25,57.40180825204628,TQQQ,1.0,RISK_ON,TQQQ
2021-05-26,57.98276217999334,TQQQ,1.0,RISK_ON,TQQQ
2021-05-27,57.305919721587806,TQQQ,1.0,RISK_ON,TQQQ
2021-05-28,57.86430607686811,TQQQ,1.0,RISK_ON,TQQQ
2021-06-01,57.30027895477232,TQQQ,1.0,RISK_ON,TQQQ
2021-06-02,57.59922607977869,TQQQ,1.0,RISK_ON,TQQQ
2021-06-03,55.78866608334206,TQQQ,1.0,RISK_ON,TQQQ
2021-06-04,58.64832310476789,TQQQ,1.0,RISK_ON,TQQQ
2021-06-07,59.1672285977446,TQQQ,1.0,RISK_ON,TQQQ
2021-06-08,59.23492230493523,TQQQ,1.0,RISK_ON,TQQQ
2021-06-09,59.30260249591146,TQQQ,1.0,RISK_ON,TQQQ
2021-06-10,61.118789742949154,TQQQ,1.0,RISK_ON,TQQQ
2021-06-11,61.60385514043776,TQQQ,1.0,RISK_ON,TQQQ
2021-06-14,63.3298126454517,TQQQ,1.0,RISK_ON,TQQQ
2021-06-15,62.156609739712195,TQQQ,1.0,RISK_ON,TQQQ
2021-06-16,61.49104881493764,TQQQ,1.0,RISK_ON,TQQQ
2021-06-17,63.78666970345806,TQQQ,1.0,RISK_ON,TQQQ
2021-06-18,62.263784309206436,TQQQ,1.0,RISK_ON,TQQQ
2021-06-21,63.40313810864822,TQQQ,1.0,RISK_ON,TQQQ
2021-06-22,65.17420823197163,TQQQ,1.0,RISK_ON,TQQQ
2021-06-23,65.28701005206695,TQQQ,1.0,RISK_ON,TQQQ
2021-06-24,66.48839877026467,TQQQ,1.0,RISK_ON,TQQQ
2021-06-25,66.27970841971089,TQQQ,1.0,RISK_ON,TQQQ
2021-06-28,68.62609170416587,TQQQ,1.0,RISK_ON,TQQQ
2021-06-29,69.39881818762507,TQQQ,1.0,RISK_ON,TQQQ
2021-06-30,69.09423930661282,TQQQ,1.0,RISK_ON,TQQQ
2021-07-01,69.12808390750574,TQQQ,1.0,RISK_ON,TQQQ
2021-07-02,71.47447169736554,TQQQ,1.0,RISK_ON,TQQQ
2021-07-06,72.43332546411656,TQQQ,1.0,RISK_ON,TQQQ
2021-07-07,72.89583229974802,TQQQ,1.0,RISK_ON,TQQQ
2021-07-08,71.63240415738956,TQQQ,1.0,RISK_ON,TQQQ
2021-07-09,72.84507440921826,TQQQ,1.0,RISK_ON,TQQQ
2021-07-12,73.7588200630646,TQQQ,1.0,RISK_ON,TQQQ
2021-07-13,73.7193346953562,TQQQ,1.0,RISK_ON,TQQQ
2021-07-14,74.11979309601729,TQQQ,1.0,RISK_ON,TQQQ
2021-07-15,72.5856261681347,TQQQ,1.0,RISK_ON,TQQQ
2021-07-16,70.8032655003707,TQQQ,1.0,RISK_ON,TQQQ
2021-07-19,69.1055253456486,TQQQ,1.0,RISK_ON,TQQQ
2021-07-20,71.38422393372257,TQQQ,1.0,RISK_ON,TQQQ
2021-07-21,73.01428389746843,TQQQ,1.0,RISK_ON,TQQQ
2021-07-22,74.54845082535103,TQQQ,1.0,RISK_ON,TQQQ
2021-07-23,77.02455372494299,TQQQ,1.0,RISK_ON,TQQQ
2021-07-26,77.34607743342572,TQQQ,1.0,RISK_ON,TQQQ
2021-07-27,74.81920763249437,TQQQ,1.0,RISK_ON,TQQQ
2021-07-28,75.63704222885822,TQQQ,1.0,RISK_ON,TQQQ
2021-07-29,76.00928778463228,TQQQ,1.0,RISK_ON,TQQQ
2021-07-30,74.86996101761932,TQQQ,1.0,RISK_ON,TQQQ
2021-08-02,74.84739795035736,TQQQ,1.0,RISK_ON,TQQQ
2021-08-03,76.15029794420983,TQQQ,1.0,RISK_ON,TQQQ
2021-08-04,76.52823833165704,TQQQ,1.0,RISK_ON,TQQQ
2021-08-05,77.96649870746194,TQQQ,1.0,RISK_ON,TQQQ
2021-08-06,76.95123276715124,TQQQ,1.0,RISK_ON,TQQQ
2021-08-09,77.36299973387213,TQQQ,1.0,RISK_ON,TQQQ
2021-08-10,76.20671462317428,TQQQ,1.0,RISK_ON,TQQQ
2021-08-11,75.79499271050142,TQQQ,1.0,RISK_ON,TQQQ
2021-08-12,76.58462797819264,TQQQ,1.0,RISK_ON,TQQQ
2021-08-13,77.35170017862193,TQQQ,1.0,RISK_ON,TQQQ
2021-08-16,77.4870785821936,TQQQ,1.0,RISK_ON,TQQQ
2021-08-17,75.45092846178076,TQQQ,1.0,RISK_ON,TQQQ
2021-08-18,73.25681434351027,TQQQ,1.0,RISK_ON,TQQQ
2021-08-19,74.30027510708878,TQQQ,1.0,RISK_ON,TQQQ
2021-08-20,76.595900501014,TQQQ,1.0,RISK_ON,TQQQ
2021-08-23,80.00830311090465,TQQQ,1.0,RISK_ON,TQQQ
2021-08-24,80.7979473894055,TQQQ,1.0,RISK_ON,TQQQ
2021-08-25,80.8882176800725,TQQQ,1.0,RISK_ON,TQQQ
2021-08-26,79.51761046281499,TQQQ,1.0,RISK_ON,TQQQ
2021-08-27,81.84143518541283,TQQQ,1.0,RISK_ON,TQQQ
2021-08-30,84.55443677504081,TQQQ,1.0,RISK_ON,TQQQ
2021-08-31,84.31755160121921,TQQQ,1.0,RISK_ON,TQQQ
2021-09-01,84.78004942604106,TQQQ,1.0,RISK_ON,TQQQ
2021-09-02,84.66160233372545,TQQQ,1.0,RISK_ON,TQQQ
2021-09-03,85.42303376733925,TQQQ,1.0,RISK_ON,TQQQ
2021-09-07,85.7727432882802,TQQQ,1.0,RISK_ON,TQQQ
2021-09-08,84.89285575154118,TQQQ,1.0,RISK_ON,TQQQ
2021-09-09,83.98476438072473,TQQQ,1.0,RISK_ON,TQQQ
2021-09-10,82.09526068130012,TQQQ,1.0,RISK_ON,TQQQ
2021-09-13,81.90912438719867,TQQQ,1.0,RISK_ON,TQQQ
2021-09-14,81.2040645785013,TQQQ,1.0,RISK_ON,TQQQ
2021-09-15,83.00332501968774,TQQQ,1.0,RISK_ON,TQQQ
2021-09-16,83.16690725733685,TQQQ,1.0,RISK_ON,TQQQ
2021-09-17,80.22828400589901,TQQQ,1.0,RISK_ON,TQQQ
2021-09-20,75.29298248554234,TQQQ,1.0,RISK_ON,TQQQ
2021-09-21,75.38887101600079,TQQQ,1.0,RISK_ON,TQQQ
2021-09-22,77.59425315168784,TQQQ,1.0,RISK_ON,TQQQ
2021-09-23,79.7488548698211,TQQQ,1.0,RISK_ON,TQQQ
2021-09-24,79.97446752082135,TQQQ,1.0,RISK_ON,TQQQ
2021-09-27,78.04546944287873,TQQQ,1.0,RISK_ON,TQQQ
2021-09-28,71.53651112152623,TQQQ,1.0,RISK_ON,TQQQ
2021-09-29,71.06273176307342,TQQQ,1.0,RISK_ON,TQQQ
2021-09-30,70.26179694013199,TQQQ,1.0,RISK_ON,TQQQ
2021-10-01,71.5421428775321,TQQQ,1.0,RISK_ON,TQQQ
2021-10-04,67.1426871722178,TQQQ,1.0,RISK_ON,TQQQ
2021-10-05,69.7259556304944,TQQQ,1.0,RISK_ON,TQQQ
2021-10-06,71.10220811997219,TQQQ,1.0,RISK_ON,TQQQ
2021-10-07,73.02557444190894,TQQQ,1.0,RISK_ON,TQQQ
2021-10-08,71.90313843750882,TQQQ,1.0,RISK_ON,TQQQ
2021-10-11,70.30691406384625,TQQQ,1.0,RISK_ON,TQQQ
2021-10-12,69.59059524854193,TQQQ,1.0,RISK_ON,TQQQ
2021-10-13,71.22065070688299,TQQQ,1.0,RISK_ON,TQQQ
2021-10-14,75.15197683136957,TQQQ,1.0,RISK_ON,TQQQ
2021-10-15,76.54514261048422,TQQQ,1.0,RISK_ON,TQQQ
2021-10-18,78.84076349900464,TQQQ,1.0,RISK_ON,TQQQ
2021-10-19,80.57234374921484,TQQQ,1.0,RISK_ON,TQQQ
2021-10-20,80.31852726413717,TQQQ,1.0,RISK_ON,TQQQ
2021-10-21,81.75682368318051,TQQQ,1.0,RISK_ON,TQQQ
2021-10-22,79.68682445646994,TQQQ,1.0,RISK_ON,TQQQ
2021-10-25,82.07832937004402,TQQQ,1.0,RISK_ON,TQQQ
2021-10-26,82.84541959209251,TQQQ,1.0,RISK_ON,TQQQ
2021-10-27,83.49968546702166,TQQQ,1.0,RISK_ON,TQQQ
2021-10-28,86.24089089072706,TQQQ,1.0,RISK_ON,TQQQ
2021-10-29,87.5156140829309,TQQQ,1.0,RISK_ON,TQQQ
2021-11-01,88.37858833003305,TQQQ,1.0,RISK_ON,TQQQ
2021-11-02,89.55742749718324,TQQQ,1.0,RISK_ON,TQQQ
2021-11-03,92.40016672356741,TQQQ,1.0,RISK_ON,TQQQ
2021-11-04,95.84640492354136,TQQQ,1.0,RISK_ON,TQQQ
2021-11-05,96.20175521129778,TQQQ,1.0,RISK_ON,TQQQ
2021-11-08,95.80693757745217,TQQQ,1.0,RISK_ON,TQQQ
2021-11-09,93.83280435417606,TQQQ,1.0,RISK_ON,TQQQ
2021-11-10,89.72097369159393,TQQQ,1.0,RISK_ON,TQQQ
2021-11-11,90.44858755674363,TQQQ,1.0,RISK_ON,TQQQ
2021-11-12,93.319512595586,TQQQ,1.0,RISK_ON,TQQQ
2021-11-15,93.29132678312779,TQQQ,1.0,RISK_ON,TQQQ
2021-11-16,95.22033387188002,TQQQ,1.0,RISK_ON,TQQQ
2021-11-17,95.33314920818975,TQQQ,1.0,RISK_ON,TQQQ
2021-11-18,98.24920038155602,TQQQ,1.0,RISK_ON,TQQQ
2021-11-19,99.9130914299804,TQQQ,1.0,RISK_ON,TQQQ
2021-11-22,96.44993092955998,TQQQ,1.0,RISK_ON,TQQQ
2021-11-23,95.13572236964772,TQQQ,1.0,RISK_ON,TQQQ
2021-11-24,96.01560990638674,TQQQ,1.0,RISK_ON,TQQQ
2021-11-26,90.71933535307737,TQQQ,1.0,RISK_ON,TQQQ
2021-11-29,96.3540288828871,TQQQ,1.0,RISK_ON,TQQQ
2021-11-30,92.21400339703715,TQQQ,1.0,RISK_ON,TQQQ
2021-12-01,90.06086220460543,SOXL,1.0,RISK_ON,SOXL
2021-12-02,90.18920117543662,SOXL,1.0,RISK_ON,SOXL
2021-12-03,89.73291971974983,SOXL,1.0,RISK_ON,SOXL
2021-12-06,89.26234723105232,SOXL,1.0,RISK_ON,SOXL
2021-12-07,102.65173323518827,SOXL,1.0,RISK_ON,SOXL
2021-12-08,100.79803655947029,SOXL,1.0,RISK_ON,SOXL
2021-12-09,93.96787588964168,SOXL,1.0,RISK_ON,SOXL
2021-12-10,96.39191317191751,SOXL,1.0,RISK_ON,SOXL
2021-12-13,88.89162135156944,SOXL,1.0,RISK_ON,SOXL
2021-12-14,87.72236928548287,SOXL,1.0,RISK_ON,SOXL
2021-12-15,97.1334322091869,SOXL,1.0,RISK_ON,SOXL
2021-12-16,84.45702802850136,SOXL,1.0,RISK_ON,SOXL
2021-12-17,84.07202232905838,SOXL,1.0,RISK_ON,SOXL
2021-12-20,82.06147750131674,SOXL,1.0,RISK_ON,SOXL
2021-12-21,90.5677089120473,SOXL,1.0,RISK_ON,SOXL
2021-12-22,93.24910252554783,SOXL,1.0,RISK_ON,SOXL
2021-12-23,96.14441871871003,SOXL,1.0,RISK_ON,SOXL
2021-12-27,104.10293745902682,SOXL,1.0,RISK_ON,SOXL
2021-12-28,100.58007728158667,SOXL,1.0,RISK_ON,SOXL
2021-12-29,101.26470130002792,SOXL,1.0,RISK_ON,SOXL
2021-12-30,97.4993701160565,SOXL,1.0,RISK_ON,SOXL
2021-12-31,97.00017631566035,SOXL,1.0,RISK_ON,SOXL
2022-01-03,102.83356406398546,SOXL,1.0,RISK_ON,SOXL
2022-01-04,101.3644974505148,SOXL,1.0,RISK_ON,SOXL
2022-01-05,91.29511071859051,SOXL,1.0,RISK_ON,SOXL
2022-01-06,93.47728249906835,SOXL,1.0,RISK_ON,SOXL
2022-01-07,85.20496093072339,SOXL,1.0,RISK_ON,SOXL
2022-01-10,85.57579333418711,SOXL,1.0,RISK_ON,SOXL
2022-01-11,90.26818590397923,SOXL,1.0,RISK_ON,SOXL
2022-01-12,92.1080905274389,SOXL,1.0,RISK_ON,SOXL
2022-01-13,85.86104773534565,SOXL,1.0,RISK_ON,SOXL
2022-01-14,91.96545491707167,SOXL,1.0,RISK_ON,SOXL
2022-01-18,79.84222416245011,SOXL,1.0,RISK_ON,SOXL
2022-01-19,72.48268976649103,SOXL,1.0,RISK_ON,SOXL
2022-01-20,65.59384559626095,SOXL,1.0,RISK_ON,SOXL
2022-01-21,65.59384559626095,CASH,0.0,CASH,SOXL
2022-01-24,65.59384559626095,CASH,0.0,CASH,SOXL
2022-01-25,65.59384559626095,CASH,0.0,CASH,SOXL
2022-01-26,65.59384559626095,CASH,0.0,CASH,SOXL
2022-01-27,65.59384559626095,CASH,0.0,CASH,SOXL
2022-01-28,65.59384559626095,CASH,0.0,CASH,SOXL
2022-01-31,65.59384559626095,CASH,0.0,CASH,SOXL
2022-02-01,65.59384559626095,CASH,0.0,CASH,SOXL
2022-02-02,65.59384559626095,CASH,0.0,CASH,SOXL
2022-02-03,65.59384559626095,CASH,0.0,CASH,SOXL
2022-02-04,65.59384559626095,CASH,0.0,CASH,SOXL
2022-02-07,65.59384559626095,CASH,0.0,CASH,SOXL
2022-02-08,65.59384559626095,CASH,0.0,CASH,SOXL
2022-02-09,65.59384559626095,CASH,0.0,CASH,SOXL
2022-02-10,65.59384559626095,CASH,0.0,CASH,SOXL
2022-02-11,65.59384559626095,CASH,0.0,CASH,SOXL
2022-02-14,65.59384559626095,CASH,0.0,CASH,SOXL
2022-02-15,65.59384559626095,CASH,0.0,CASH,SOXL
2022-02-16,65.59384559626095,CASH,0.0,CASH,SOXL
2022-02-17,65.59384559626095,CASH,0.0,CASH,SOXL
2022-02-18,65.59384559626095,CASH,0.0,CASH,SOXL
2022-02-22,65.59384559626095,CASH,0.0,CASH,SOXL
2022-02-23,65.59384559626095,CASH,0.0,CASH,SOXL
2022-02-24,65.59384559626095,CASH,0.0,CASH,SOXL
2022-02-25,65.59384559626095,CASH,0.0,CASH,SOXL
2022-02-28,65.59384559626095,CASH,0.0,CASH,SOXL
2022-03-01,65.59384559626095,CASH,0.0,CASH,TQQQ
2022-03-02,65.59384559626095,CASH,0.0,CASH,TQQQ
2022-03-03,65.59384559626095,CASH,0.0,CASH,TQQQ
2022-03-04,65.59384559626095,CASH,0.0,CASH,TQQQ
2022-03-07,65.59384559626095,CASH,0.0,CASH,TQQQ
2022-03-08,65.59384559626095,CASH,0.0,CASH,TQQQ
2022-03-09,65.59384559626095,CASH,0.0,CASH,TQQQ
2022-03-10,65.59384559626095,CASH,0.0,CASH,TQQQ
2022-03-11,65.59384559626095,CASH,0.0,CASH,TQQQ
2022-03-14,65.59384559626095,CASH,0.0,CASH,TQQQ
2022-03-15,65.59384559626095,CASH,0.0,CASH,TQQQ
2022-03-16,65.59384559626095,CASH,0.0,CASH,TQQQ
2022-03-17,67.78754137627769,TQQQ,1.0,DEEP_DCA,TQQQ
2022-03-18,71.99886183573864,TQQQ,1.0,DEEP_DCA,TQQQ
2022-03-21,71.48428814931916,TQQQ,1.0,DEEP_DCA,TQQQ
2022-03-22,75.70917791678282,TQQQ,1.0,DEEP_DCA,TQQQ
2022-03-23,75.70917791678282,CASH,0.0,CASH,TQQQ
2022-03-24,80.61507496011193,TQQQ,1.0,DEEP_DCA,TQQQ
2022-03-25,80.61507496011193,CASH,0.0,CASH,TQQQ
2022-03-28,80.61507496011193,CASH,0.0,CASH,TQQQ
2022-03-29,80.61507496011193,CASH,0.0,CASH,TQQQ
2022-03-30,80.61507496011193,CASH,0.0,CASH,TQQQ
2022-03-31,80.61507496011193,CASH,0.0,CASH,TQQQ
2022-04-01,80.61507496011193,CASH,0.0,CASH,TQQQ
2022-04-04,80.61507496011193,CASH,0.0,CASH,TQQQ
2022-04-05,80.61507496011193,CASH,0.0,CASH,TQQQ
2022-04-06,80.61507496011193,CASH,0.0,CASH,TQQQ
2022-04-07,81.14049025018113,TQQQ,1.0,DEEP_DCA,TQQQ
2022-04-08,81.14049025018113,CASH,0.0,CASH,TQQQ
2022-04-11,81.14049025018113,CASH,0.0,CASH,TQQQ
2022-04-12,81.14049025018113,CASH,0.0,CASH,TQQQ
2022-04-13,81.14049025018113,CASH,0.0,CASH,TQQQ
2022-04-14,81.14049025018113,CASH,0.0,CASH,TQQQ
2022-04-18,81.14049025018113,CASH,0.0,CASH,TQQQ
2022-04-19,81.14049025018113,CASH,0.0,CASH,TQQQ
2022-04-20,81.14049025018113,CASH,0.0,CASH,TQQQ
2022-04-21,81.14049025018113,CASH,0.0,CASH,TQQQ
2022-04-22,81.14049025018113,CASH,0.0,CASH,TQQQ
2022-04-25,81.14049025018113,CASH,0.0,CASH,TQQQ
2022-04-26,81.14049025018113,CASH,0.0,CASH,TQQQ
2022-04-27,81.14049025018113,CASH,0.0,CASH,TQQQ
2022-04-28,81.14049025018113,CASH,0.0,CASH,TQQQ
2022-04-29,81.14049025018113,CASH,0.0,CASH,TQQQ
2022-05-02,81.14049025018113,CASH,0.0,CASH,TQQQ
2022-05-03,81.14049025018113,CASH,0.0,CASH,TQQQ
2022-05-04,81.14049025018113,CASH,0.0,CASH,TQQQ
2022-05-05,81.14049025018113,CASH,0.0,CASH,TQQQ
2022-05-06,81.14049025018113,CASH,0.0,CASH,TQQQ
2022-05-09,81.14049025018113,CASH,0.0,CASH,TQQQ
2022-05-10,81.14049025018113,CASH,0.0,CASH,TQQQ
2022-05-11,81.14049025018113,CASH,0.0,CASH,TQQQ
2022-05-12,81.14049025018113,CASH,0.0,CASH,TQQQ
2022-05-13,81.14049025018113,CASH,0.0,CASH,TQQQ
2022-05-16,81.14049025018113,CASH,0.0,CASH,TQQQ
2022-05-17,81.14049025018113,CASH,0.0,CASH,TQQQ
2022-05-18,81.14049025018113,CASH,0.0,CASH,TQQQ
2022-05-19,81.14049025018113,CASH,0.0,CASH,TQQQ
2022-05-20,81.14049025018113,CASH,0.0,CASH,TQQQ
2022-05-23,81.14049025018113,CASH,0.0,CASH,TQQQ
2022-05-24,81.14049025018113,CASH,0.0,CASH,TQQQ
2022-05-25,81.14049025018113,CASH,0.0,CASH,TQQQ
2022-05-26,81.14049025018113,CASH,0.0,CASH,TQQQ
2022-05-27,81.14049025018113,CASH,0.0,CASH,TQQQ
2022-05-31,80.26301809889176,TQQQ,1.5,DEEP_DCA,TQQQ
2022-06-01,77.45806438806832,TQQQ,1.5,DEEP_DCA,TQQQ
2022-06-02,86.88836577105941,TQQQ,1.5,DEEP_DCA,TQQQ
2022-06-03,76.58125729654999,TQQQ,1.5,DEEP_DCA,TQQQ
2022-06-06,78.01090071252794,TQQQ,1.5,DEEP_DCA,TQQQ
2022-06-07,80.85181961113045,TQQQ,1.5,DEEP_DCA,TQQQ
2022-06-08,78.37750403401421,TQQQ,1.5,DEEP_DCA,TQQQ
2022-06-09,68.79936387737929,TQQQ,1.5,DEEP_DCA,TQQQ
2022-06-10,68.79936387737929,CASH,0.0,CASH,TQQQ
2022-06-13,68.79936387737929,CASH,0.0,CASH,TQQQ
2022-06-14,68.79936387737929,CASH,0.0,CASH,TQQQ
2022-06-15,68.79936387737929,CASH,0.0,CASH,TQQQ
2022-06-16,68.79936387737929,CASH,0.0,CASH,TQQQ
2022-06-17,68.79936387737929,CASH,0.0,CASH,TQQQ
2022-06-21,68.79936387737929,CASH,0.0,CASH,TQQQ
2022-06-22,68.79936387737929,CASH,0.0,CASH,TQQQ
2022-06-23,68.79936387737929,CASH,0.0,CASH,TQQQ
2022-06-24,68.79936387737929,CASH,0.0,CASH,TQQQ
2022-06-27,68.79936387737929,CASH,0.0,CASH,TQQQ
2022-06-28,68.79936387737929,CASH,0.0,CASH,TQQQ
2022-06-29,68.79936387737929,CASH,0.0,CASH,TQQQ
2022-06-30,68.79936387737929,CASH,0.0,CASH,TQQQ
2022-07-01,68.79936387737929,CASH,0.0,CASH,TQQQ
2022-07-05,68.79936387737929,CASH,0.0,CASH,TQQQ
2022-07-06,68.79936387737929,CASH,0.0,CASH,TQQQ
2022-07-07,77.32691065139402,TQQQ,2.0,DEEP_DCA,TQQQ
2022-07-08,78.0511635249511,TQQQ,2.0,DEEP_DCA,TQQQ
2022-07-11,68.0883495228179,TQQQ,2.0,DEEP_DCA,TQQQ
2022-07-12,64.12459668129277,TQQQ,2.0,DEEP_DCA,TQQQ
2022-07-13,63.315124572687594,TQQQ,2.0,DEEP_DCA,TQQQ
2022-07-14,63.315124572687594,CASH,0.0,CASH,TQQQ
2022-07-15,69.98249296201747,TQQQ,2.0,DEEP_DCA,TQQQ
2022-07-18,66.74328711045884,TQQQ,2.0,DEEP_DCA,TQQQ
2022-07-19,78.42399388419493,TQQQ,2.0,DEEP_DCA,TQQQ
2022-07-20,84.33473006600998,TQQQ,1.5,DEEP_DCA,TQQQ
2022-07-21,89.7096883458377,TQQQ,1.5,DEEP_DCA,TQQQ
2022-07-22,82.67053095550868,TQQQ,1.5,DEEP_DCA,TQQQ
2022-07-25,80.82283685523123,TQQQ,1.5,DEEP_DCA,TQQQ
2022-07-26,73.48792983071442,TQQQ,1.5,DEEP_DCA,TQQQ
2022-07-27,87.24170223001926,TQQQ,1.5,DEEP_DCA,TQQQ
2022-07-28,90.98793751743516,TQQQ,1.5,DEEP_DCA,TQQQ
2022-07-29,98.49832647441141,TQQQ,1.5,DEEP_DCA,TQQQ
2022-08-01,98.2768835801763,TQQQ,1.5,DEEP_DCA,TQQQ
2022-08-02,96.90495568846721,TQQQ,1.5,DEEP_DCA,TQQQ
2022-08-03,108.53352011241533,TQQQ,1.5,DEEP_DCA,TQQQ
2022-08-04,110.0866523164327,TQQQ,1.0,DEEP_DCA,TQQQ
2022-08-05,107.46770445226211,TQQQ,1.0,DEEP_DCA,TQQQ
2022-08-08,106.3714094635112,TQQQ,1.0,DEEP_DCA,TQQQ
2022-08-09,102.71708878016103,TQQQ,1.0,DEEP_DCA,TQQQ
2022-08-10,115.37017581861042,TQQQ,1.5,DEEP_DCA,TQQQ
2022-08-11,113.63173043553995,TQQQ,1.0,DEEP_DCA,TQQQ
2022-08-12,120.04816925434346,TQQQ,1.0,DEEP_DCA,TQQQ
2022-08-15,122.92458442999191,TQQQ,1.0,RISK_ON,TQQQ
2022-08-16,122.13430623883814,TQQQ,1.0,RISK_ON,TQQQ
2022-08-17,117.8988362725817,TQQQ,1.0,RISK_ON,TQQQ
2022-08-18,118.68901347133074,TQQQ,1.0,RISK_ON,TQQQ
2022-08-19,111.73523193904884,TQQQ,1.0,RISK_ON,TQQQ
2022-08-22,102.94810372336585,TQQQ,1.0,DEEP_DCA,TQQQ
2022-08-23,102.94810372336585,CASH,0.0,CASH,TQQQ
2022-08-24,102.94810372336585,CASH,0.0,CASH,TQQQ
2022-08-25,102.94810372336585,CASH,0.0,CASH,TQQQ
2022-08-26,102.94810372336585,CASH,0.0,CASH,TQQQ
2022-08-29,102.94810372336585,CASH,0.0,CASH,TQQQ
2022-08-30,102.94810372336585,CASH,0.0,CASH,TQQQ
2022-08-31,102.94810372336585,CASH,0.0,CASH,TQQQ
2022-09-01,102.94810372336585,CASH,0.0,CASH,TQQQ
2022-09-02,102.94810372336585,CASH,0.0,CASH,TQQQ
2022-09-06,102.94810372336585,CASH,0.0,CASH,TQQQ
2022-09-07,102.94810372336585,CASH,0.0,CASH,TQQQ
2022-09-08,102.94810372336585,CASH,0.0,CASH,TQQQ
2022-09-09,102.94810372336585,CASH,0.0,CASH,TQQQ
2022-09-12,102.94810372336585,CASH,0.0,CASH,TQQQ
2022-09-13,102.94810372336585,CASH,0.0,CASH,TQQQ
2022-09-14,102.94810372336585,CASH,0.0,CASH,TQQQ
2022-09-15,102.94810372336585,CASH,0.0,CASH,TQQQ
2022-09-16,102.94810372336585,CASH,0.0,CASH,TQQQ
2022-09-19,102.94810372336585,CASH,0.0,CASH,TQQQ
2022-09-20,102.94810372336585,CASH,0.0,CASH,TQQQ
2022-09-21,102.94810372336585,CASH,0.0,CASH,TQQQ
2022-09-22,102.94810372336585,CASH,0.0,CASH,TQQQ
2022-09-23,102.94810372336585,CASH,0.0,CASH,TQQQ
2022-09-26,102.94810372336585,CASH,0.0,CASH,TQQQ
2022-09-27,102.94810372336585,CASH,0.0,CASH,TQQQ
2022-09-28,102.94810372336585,CASH,0.0,CASH,TQQQ
2022-09-29,102.94810372336585,CASH,0.0,CASH,TQQQ
2022-09-30,102.94810372336585,CASH,0.0,CASH,TQQQ
2022-10-03,102.94810372336585,CASH,0.0,CASH,TQQQ
2022-10-04,102.94810372336585,CASH,0.0,CASH,TQQQ
2022-10-05,102.94810372336585,CASH,0.0,CASH,TQQQ
2022-10-06,102.94810372336585,CASH,0.0,CASH,TQQQ
2022-10-07,102.94810372336585,CASH,0.0,CASH,TQQQ
2022-10-10,102.94810372336585,CASH,0.0,CASH,TQQQ
2022-10-11,102.94810372336585,CASH,0.0,CASH,TQQQ
2022-10-12,102.94810372336585,CASH,0.0,CASH,TQQQ
2022-10-13,102.94810372336585,CASH,0.0,CASH,TQQQ
2022-10-14,102.94810372336585,CASH,0.0,CASH,TQQQ
2022-10-17,102.94810372336585,CASH,0.0,CASH,TQQQ
2022-10-18,102.94810372336585,CASH,0.0,CASH,TQQQ
2022-10-19,102.94810372336585,CASH,0.0,CASH,TQQQ
2022-10-20,102.94810372336585,CASH,0.0,CASH,TQQQ
2022-10-21,102.94810372336585,CASH,0.0,CASH,TQQQ
2022-10-24,108.20314345762057,TQQQ,1.5,DEEP_DCA,TQQQ
2022-10-25,117.97037210732243,TQQQ,1.5,DEEP_DCA,TQQQ
2022-10-26,106.2779852858345,TQQQ,1.5,DEEP_DCA,TQQQ
2022-10-27,97.49719376316328,TQQQ,1.5,DEEP_DCA,TQQQ
2022-10-28,97.49719376316328,CASH,0.0,CASH,TQQQ
2022-10-31,92.44258935596827,TQQQ,1.5,DEEP_DCA,TQQQ
2022-11-01,88.14037794766651,TQQQ,1.5,DEEP_DCA,TQQQ
2022-11-02,74.46341736716643,TQQQ,1.5,DEEP_DCA,TQQQ
2022-11-03,74.46341736716643,CASH,0.0,CASH,TQQQ
2022-11-04,74.46341736716643,CASH,0.0,CASH,TQQQ
2022-11-07,74.46341736716643,CASH,0.0,CASH,TQQQ
2022-11-08,74.46341736716643,CASH,0.0,CASH,TQQQ
2022-11-09,74.46341736716643,CASH,0.0,CASH,TQQQ
2022-11-10,74.46341736716643,CASH,0.0,CASH,TQQQ
2022-11-11,80.81623520012097,TQQQ,1.5,DEEP_DCA,TQQQ
2022-11-14,77.60782292439185,TQQQ,1.5,DEEP_DCA,TQQQ
2022-11-15,82.30224065843603,TQQQ,1.5,DEEP_DCA,TQQQ
2022-11-16,78.96859242021975,TQQQ,1.0,DEEP_DCA,TQQQ
2022-11-17,78.05452815798849,TQQQ,1.5,DEEP_DCA,TQQQ
2022-11-18,77.94738982355227,TQQQ,1.5,DEEP_DCA,TQQQ
2022-11-21,74.41403190943899,TQQQ,1.5,DEEP_DCA,TQQQ
2022-11-22,79.10447017914042,TQQQ,1.5,DEEP_DCA,TQQQ
2022-11-23,81.47007478728288,TQQQ,1.0,DEEP_DCA,TQQQ
2022-11-25,79.78547181857215,TQQQ,1.0,DEEP_DCA,TQQQ
2022-11-28,76.27290653283467,TQQQ,1.0,DEEP_DCA,TQQQ
2022-11-29,73.5309523209112,TQQQ,1.5,DEEP_DCA,TQQQ
2022-11-30,88.3468824029898,TQQQ,1.5,DEEP_DCA,TQQQ
2022-12-01,88.83439411454842,TQQQ,1.0,DEEP_DCA,TQQQ
2022-12-02,87.78441266748914,TQQQ,1.0,DEEP_DCA,TQQQ
2022-12-05,83.35957536585536,TQQQ,1.0,DEEP_DCA,TQQQ
2022-12-06,78.07223404847241,TQQQ,1.0,DEEP_DCA,TQQQ
2022-12-07,78.07223404847241,CASH,0.0,CASH,TQQQ
2022-12-08,78.07223404847241,CASH,0.0,CASH,TQQQ
2022-12-09,78.07223404847241,CASH,0.0,CASH,TQQQ
2022-12-12,78.07223404847241,CASH,0.0,CASH,TQQQ
2022-12-13,78.07223404847241,CASH,0.0,CASH,TQQQ
2022-12-14,76.21920008662767,TQQQ,1.0,DEEP_DCA,TQQQ
2022-12-15,76.21920008662767,CASH,0.0,CASH,TQQQ
2022-12-16,76.21920008662767,CASH,0.0,CASH,TQQQ
2022-12-19,76.21920008662767,CASH,0.0,CASH,TQQQ
2022-12-20,76.21920008662767,CASH,0.0,CASH,TQQQ
2022-12-21,76.21920008662767,CASH,0.0,CASH,TQQQ
2022-12-22,76.21920008662767,CASH,0.0,CASH,TQQQ
2022-12-23,76.21920008662767,CASH,0.0,CASH,TQQQ
2022-12-27,76.21920008662767,CASH,0.0,CASH,TQQQ
2022-12-28,76.21920008662767,CASH,0.0,CASH,TQQQ
2022-12-29,76.21920008662767,CASH,0.0,CASH,TQQQ
2022-12-30,76.21920008662767,CASH,0.0,CASH,TQQQ
2023-01-03,76.21920008662767,CASH,0.0,CASH,SOXL
2023-01-04,76.21920008662767,CASH,0.0,CASH,SOXL
2023-01-05,76.21920008662767,CASH,0.0,CASH,SOXL
2023-01-06,76.21920008662767,CASH,0.0,CASH,SOXL
2023-01-09,83.16098365356453,SOXL,1.5,DEEP_DCA,SOXL
2023-01-10,86.33450244122764,SOXL,1.0,DEEP_DCA,SOXL
2023-01-11,89.43591992577117,SOXL,1.0,DEEP_DCA,SOXL
2023-01-12,92.46520798930369,SOXL,1.0,DEEP_DCA,SOXL
2023-01-13,93.40282719719114,SOXL,1.0,DEEP_DCA,SOXL
2023-01-17,93.40282719719114,CASH,0.0,CASH,SOXL
2023-01-18,93.40282719719114,CASH,0.0,CASH,SOXL
2023-01-19,93.40282719719114,CASH,0.0,CASH,SOXL
2023-01-20,101.49718960393984,SOXL,1.0,DEEP_DCA,SOXL
2023-01-23,101.49718960393984,CASH,0.0,CASH,SOXL
2023-01-24,99.43142812129432,SOXL,1.0,RISK_ON,SOXL
2023-01-25,100.05115119726638,SOXL,1.0,RISK_ON,SOXL
2023-01-26,104.94009409022311,SOXL,1.0,RISK_ON,SOXL
2023-01-27,103.14978671020769,SOXL,1.0,RISK_ON,SOXL
2023-01-30,95.02450474158907,SOXL,1.0,RISK_ON,SOXL
2023-01-31,99.9823027714196,SOXL,1.0,RISK_ON,SOXL
2023-02-01,115.6819853475046,SOXL,1.0,RISK_ON,SOXL
2023-02-02,123.39413649488046,SOXL,1.0,RISK_ON,SOXL
2023-02-03,116.57715581507976,SOXL,1.0,RISK_ON,SOXL
2023-02-06,110.86191101347563,SOXL,1.0,RISK_ON,SOXL
2023-02-07,121.1217961795596,SOXL,1.0,RISK_ON,SOXL
2023-02-08,113.5473553059313,SOXL,1.0,RISK_ON,SOXL
2023-02-09,114.16711864806528,SOXL,1.0,RISK_ON,SOXL
2023-02-10,108.79616966391106,SOXL,1.0,RISK_ON,SOXL
2023-02-13,113.06539619192269,SOXL,1.0,RISK_ON,SOXL
2023-02-14,119.33146866646318,SOXL,1.0,RISK_ON,SOXL
2023-02-15,120.7775204951906,SOXL,1.0,RISK_ON,SOXL
2023-02-16,112.10136387644673,SOXL,1.0,RISK_ON,SOXL
2023-02-17,106.73042160331948,SOXL,1.0,RISK_ON,SOXL
2023-02-21,96.47052301518156,SOXL,1.0,RISK_ON,SOXL
2023-02-22,95.23107686323742,SOXL,1.0,RISK_ON,SOXL
2023-02-23,103.83837163408052,SOXL,1.0,RISK_ON,SOXL
2023-02-24,98.53628449782708,SOXL,1.0,RISK_ON,SOXL
2023-02-27,99.84457236459103,SOXL,1.0,RISK_ON,SOXL
2023-02-28,100.87746652796775,SOXL,1.0,RISK_ON,SOXL
2023-03-01,101.0840386496161,SOXL,1.0,RISK_ON,SOXL
2023-03-02,103.35636554288301,SOXL,1.0,RISK_ON,SOXL
2023-03-03,107.96986104423662,SOXL,1.0,RISK_ON,SOXL
2023-03-06,104.45809471005258,SOXL,1.0,RISK_ON,SOXL
2023-03-07,100.87746652796775,SOXL,1.0,RISK_ON,SOXL
2023-03-08,108.8650315118118,SOXL,1.0,RISK_ON,SOXL
2023-03-09,102.66777390798318,SOXL,1.0,RISK_ON,SOXL
2023-03-10,96.74597040678465,SOXL,1.0,RISK_ON,SOXL
2023-03-13,96.53938486308232,SOXL,1.0,RISK_ON,SOXL
2023-03-14,104.80237710544851,SOXL,1.0,RISK_ON,SOXL
2023-03-15,101.1528937864899,SOXL,1.0,RISK_ON,SOXL
2023-03-16,113.06539619192264,SOXL,1.0,RISK_ON,SOXL
2023-03-17,111.06847642409694,SOXL,1.0,RISK_ON,SOXL
2023-03-20,114.37371090279456,SOXL,1.0,RISK_ON,SOXL
2023-03-21,114.95986542178392,SOXL,1.0,RISK_ON,SOXL
2023-03-22,111.99448406067167,SOXL,1.0,RISK_ON,SOXL
2023-03-23,120.61473782462424,SOXL,1.0,RISK_ON,SOXL
2023-03-24,114.27024028872827,SOXL,1.0,RISK_ON,SOXL
2023-03-27,110.13252975655637,SOXL,1.0,RISK_ON,SOXL
2023-03-28,107.78781772622118,SOXL,1.0,RISK_ON,SOXL
2023-03-29,117.78730162320407,SOXL,1.0,RISK_ON,SOXL
2023-03-30,123.7870402807881,SOXL,1.0,RISK_ON,SOXL
2023-03-31,126.20068798032091,SOXL,1.0,RISK_ON,SOXL
2023-04-03,125.3075323760109,TQQQ,1.0,RISK_ON,TQQQ
2023-04-04,124.05716215976786,TQQQ,1.0,RISK_ON,TQQQ
2023-04-05,120.08267661172754,TQQQ,1.0,RISK_ON,TQQQ
2023-04-06,122.49415528780574,TQQQ,1.0,RISK_ON,TQQQ
2023-04-10,122.22622007294389,TQQQ,1.0,RISK_ON,TQQQ
2023-04-11,119.85938109540128,TQQQ,1.0,RISK_ON,TQQQ
2023-04-12,116.68873647327314,TQQQ,1.0,RISK_ON,TQQQ
2023-04-13,123.38729325145242,TQQQ,1.0,RISK_ON,TQQQ
2023-04-14,122.67276700393809,TQQQ,1.0,RISK_ON,TQQQ
2023-04-17,122.80675666219815,TQQQ,1.0,RISK_ON,TQQQ
2023-04-18,122.89605369993268,TQQQ,1.0,RISK_ON,TQQQ
2023-04-19,122.62811848507084,TQQQ,1.0,RISK_ON,TQQQ
2023-04-20,119.77007523733512,TQQQ,1.0,RISK_ON,TQQQ
2023-04-21,119.99335311299805,TQQQ,1.0,RISK_ON,TQQQ
2023-04-24,119.27883568581538,TQQQ,1.0,RISK_ON,TQQQ
2023-04-25,112.53563038876882,TQQQ,1.0,RISK_ON,TQQQ
2023-04-26,114.41123863512335,TQQQ,1.0,RISK_ON,TQQQ
2023-04-27,123.65522846631428,TQQQ,1.0,RISK_ON,TQQQ
2023-04-28,126.15601300045869,TQQQ,1.0,RISK_ON,TQQQ
2023-05-01,125.798789568194,TQQQ,1.0,RISK_ON,TQQQ
2023-05-02,122.44950676893852,TQQQ,1.0,RISK_ON,TQQQ
2023-05-03,120.03799281153366,TQQQ,1.0,RISK_ON,TQQQ
2023-05-04,118.69831673722445,TQQQ,1.0,RISK_ON,TQQQ
2023-05-05,125.97738364366302,TQQQ,1.0,RISK_ON,TQQQ
2023-05-08,127.00451126556977,TQQQ,1.0,RISK_ON,TQQQ
2023-05-09,124.54838407062431,TQQQ,1.0,RISK_ON,TQQQ
2023-05-10,128.5675093172002,TQQQ,1.0,RISK_ON,TQQQ
2023-05-11,129.6392678173109,TQQQ,1.0,RISK_ON,TQQQ
2023-05-12,128.29955646167505,TQQQ,1.0,RISK_ON,TQQQ
2023-05-15,130.2644793864274,TQQQ,1.0,RISK_ON,TQQQ
2023-05-16,130.7556836566205,TQQQ,1.0,RISK_ON,TQQQ
2023-05-17,135.44469545217515,TQQQ,1.0,RISK_ON,TQQQ
2023-05-18,142.72376235861373,TQQQ,1.0,RISK_ON,TQQQ
2023-05-19,141.74132735723254,TQQQ,1.0,RISK_ON,TQQQ
2023-05-22,143.21501073046514,TQQQ,1.0,RISK_ON,TQQQ
2023-05-23,137.67752713079437,TQQQ,1.0,RISK_ON,TQQQ
2023-05-24,135.44469545217515,TQQQ,1.0,RISK_ON,TQQQ
2023-05-25,145.2245733537531,TQQQ,1.0,RISK_ON,TQQQ
2023-05-26,156.2101729527068,TQQQ,1.0,RISK_ON,TQQQ
2023-05-30,158.39835611245877,TQQQ,1.0,RISK_ON,TQQQ
2023-05-31,155.1830806121267,TQQQ,1.0,RISK_ON,TQQQ
2023-06-01,160.8098524292003,TQQQ,1.0,RISK_ON,TQQQ
2023-06-02,164.42705280265432,TQQQ,1.0,RISK_ON,TQQQ
2023-06-05,164.7843467975723,TQQQ,1.0,RISK_ON,TQQQ
2023-06-06,164.60568215945,TQQQ,1.0,RISK_ON,TQQQ
2023-06-07,156.21017295270684,TQQQ,1.0,RISK_ON,TQQQ
2023-06-08,161.56905365657693,TQQQ,1.0,RISK_ON,TQQQ
2023-06-09,163.5339236593393,TQQQ,1.0,RISK_ON,TQQQ
2023-06-12,171.88480198787855,TQQQ,1.0,RISK_ON,TQQQ
2023-06-13,175.72526259633213,TQQQ,1.0,RISK_ON,TQQQ
2023-06-14,179.47646144837785,TQQQ,1.0,RISK_ON,TQQQ
2023-06-15,185.77311981443023,TQQQ,1.0,RISK_ON,TQQQ
2023-06-16,182.20055031918017,TQQQ,1.0,RISK_ON,TQQQ
2023-06-20,181.30743881652847,TQQQ,1.0,RISK_ON,TQQQ
2023-06-21,174.04116139099816,TQQQ,1.0,RISK_ON,TQQQ
2023-06-22,179.82010156988488,TQQQ,1.0,RISK_ON,TQQQ
2023-06-23,174.48914603605309,TQQQ,1.0,RISK_ON,TQQQ
2023-06-26,167.59018250220745,TQQQ,1.0,RISK_ON,TQQQ
2023-06-27,175.877854334065,TQQQ,1.0,RISK_ON,TQQQ
2023-06-28,176.95301748219677,TQQQ,1.0,RISK_ON,TQQQ
2023-06-29,175.7435030422068,TQQQ,1.0,RISK_ON,TQQQ
2023-06-30,183.67275187669375,TQQQ,1.0,RISK_ON,TQQQ
2023-07-03,184.9271088828475,TQQQ,1.0,RISK_ON,TQQQ
2023-07-05,184.79272230966268,TQQQ,1.0,RISK_ON,TQQQ
2023-07-06,180.44731535428835,TQQQ,1.0,RISK_ON,TQQQ
2023-07-07,178.61056948923155,TQQQ,1.0,RISK_ON,TQQQ
2023-07-10,178.7449737030797,TQQQ,1.0,RISK_ON,TQQQ
2023-07-11,181.29847735956105,TQQQ,1.0,RISK_ON,TQQQ
2023-07-12,188.01821175405806,TQQQ,1.0,RISK_ON,TQQQ
2023-07-13,197.38102909338406,TQQQ,1.0,RISK_ON,TQQQ
2023-07-14,197.20181759469878,TQQQ,1.0,RISK_ON,TQQQ
2023-07-17,202.66721262370535,TQQQ,1.0,RISK_ON,TQQQ
2023-07-18,207.50544679029838,TQQQ,1.0,RISK_ON,TQQQ
2023-07-19,207.50544679029838,TQQQ,1.0,RISK_ON,TQQQ
2023-07-20,192.94598992767212,TQQQ,1.0,RISK_ON,TQQQ
2023-07-21,191.2436835577901,TQQQ,1.0,RISK_ON,TQQQ
2023-07-24,192.00523099338847,TQQQ,1.0,RISK_ON,TQQQ
2023-07-25,195.85788130019736,TQQQ,1.0,RISK_ON,TQQQ
2023-07-26,193.84197685844524,TQQQ,1.0,RISK_ON,TQQQ
2023-07-27,192.18446013273706,TQQQ,1.0,RISK_ON,TQQQ
2023-07-28,202.5776333353577,TQQQ,1.0,RISK_ON,TQQQ
2023-07-31,202.9807930549121,TQQQ,1.0,RISK_ON,TQQQ
2023-08-01,201.41285561755157,TQQQ,1.0,RISK_ON,TQQQ
2023-08-02,188.2421776155905,TQQQ,1.0,RISK_ON,TQQQ
2023-08-03,186.89827660241573,TQQQ,1.0,RISK_ON,TQQQ
2023-08-04,184.29994802043393,TQQQ,1.0,RISK_ON,TQQQ
2023-08-07,188.86933847800404,TQQQ,1.0,RISK_ON,TQQQ
2023-08-08,184.0311748740643,TQQQ,1.0,RISK_ON,TQQQ
2023-08-09,177.89381169780702,TQQQ,1.0,RISK_ON,TQQQ
2023-08-10,178.70016641824253,TQQQ,1.0,RISK_ON,TQQQ
2023-08-11,175.11628925780323,TQQQ,1.0,RISK_ON,TQQQ
2023-08-14,180.94008964351707,TQQQ,1.0,RISK_ON,TQQQ
2023-08-15,175.38506240417286,TQQQ,1.0,RISK_ON,TQQQ
2023-08-16,169.5613325811123,TQQQ,1.0,RISK_ON,TQQQ
2023-08-17,163.8271467650728,TQQQ,1.0,RISK_ON,TQQQ
2023-08-18,163.0655816888111,TQQQ,1.0,RISK_ON,TQQQ
2023-08-21,170.9500938011142,TQQQ,1.0,RISK_ON,TQQQ
2023-08-22,170.1885110841892,TQQQ,1.0,RISK_ON,TQQQ
2023-08-23,178.2074097696771,TQQQ,1.0,RISK_ON,TQQQ
2023-08-24,166.4702473505651,TQQQ,1.0,RISK_ON,TQQQ
2023-08-25,170.41251222704832,TQQQ,1.0,RISK_ON,TQQQ
2023-08-28,174.22033760835674,TQQQ,1.0,RISK_ON,TQQQ
2023-08-29,185.33028624306525,TQQQ,1.0,RISK_ON,TQQQ
2023-08-30,188.42135383294917,TQQQ,1.0,RISK_ON,TQQQ
2023-08-31,190.12369548415785,TQQQ,1.0,RISK_ON,TQQQ
2023-09-01,189.45172733690714,TQQQ,1.0,RISK_ON,TQQQ
2023-09-05,189.94453690746255,TQQQ,1.0,RISK_ON,TQQQ
2023-09-06,184.92710888284753,TQQQ,1.0,RISK_ON,TQQQ
2023-09-07,180.8952999993433,TQQQ,1.0,RISK_ON,TQQQ
2023-09-08,181.43282865141924,TQQQ,1.0,RISK_ON,TQQQ
2023-09-11,187.6149991125137,TQQQ,1.0,RISK_ON,TQQQ
2023-09-12,181.61205779076786,TQQQ,1.0,RISK_ON,TQQQ
2023-09-13,183.40397873032418,TQQQ,1.0,RISK_ON,TQQQ
2023-09-14,187.70463132285133,TQQQ,1.0,RISK_ON,TQQQ
2023-09-15,178.0729526338391,TQQQ,1.0,RISK_ON,TQQQ
2023-09-18,178.47612999405686,TQQQ,1.0,RISK_ON,TQQQ
2023-09-19,177.40101976791505,TQQQ,1.0,RISK_ON,TQQQ
2023-09-20,169.70905549576847,TQQQ,1.0,RISK_ON,TQQQ
2023-09-21,160.0434714518519,TQQQ,1.0,RISK_ON,TQQQ
2023-09-22,160.1783519636097,TQQQ,1.0,RISK_ON,TQQQ
2023-09-25,162.29128005363125,TQQQ,1.0,RISK_ON,TQQQ
2023-09-26,155.05340409604887,TQQQ,1.0,RISK_ON,TQQQ
2023-09-27,155.99744419371035,TQQQ,1.0,RISK_ON,TQQQ
2023-09-28,159.7737457096629,TQQQ,1.0,RISK_ON,TQQQ
2023-09-29,160.13342119412934,TQQQ,1.0,RISK_ON,TQQQ
2023-10-02,163.9546711202256,TQQQ,1.0,RISK_ON,TQQQ
2023-10-03,155.2781814280942,TQQQ,1.0,RISK_ON,TQQQ
2023-10-04,161.5719643660251,TQQQ,1.0,RISK_ON,TQQQ
2023-10-05,159.8636601706137,TQQQ,1.0,RISK_ON,TQQQ
2023-10-06,167.91078391741635,TQQQ,1.0,RISK_ON,TQQQ
2023-10-09,170.3833874919043,TQQQ,1.0,RISK_ON,TQQQ
2023-10-10,173.17066521872496,TQQQ,1.0,RISK_ON,TQQQ
2023-10-11,176.85705227372674,TQQQ,1.0,RISK_ON,TQQQ
2023-10-12,174.78907259384894,TQQQ,1.0,RISK_ON,TQQQ
2023-10-13,168.18050965960538,TQQQ,1.0,RISK_ON,TQQQ
2023-10-16,173.84499721486083,TQQQ,1.0,RISK_ON,TQQQ
2023-10-17,172.1816061482665,TQQQ,1.0,RISK_ON,TQQQ
2023-10-18,164.89872885855044,TQQQ,1.0,RISK_ON,TQQQ
2023-10-19,160.49306139726914,TQQQ,1.0,RISK_ON,TQQQ
2023-10-20,153.2551325176968,TQQQ,1.0,RISK_ON,TQQQ
2023-10-23,154.6037788693051,TQQQ,1.0,RISK_ON,TQQQ
2023-10-24,158.96453320176934,TQQQ,1.0,RISK_ON,TQQQ
2023-10-25,147.32092804058402,TQQQ,1.0,RISK_ON,TQQQ
2023-10-26,147.32092804058402,CASH,0.0,CASH,TQQQ
2023-10-27,147.32092804058402,CASH,0.0,CASH,TQQQ
2023-10-30,147.32092804058402,CASH,0.0,CASH,TQQQ
2023-10-31,147.32092804058402,CASH,0.0,CASH,TQQQ
2023-11-01,147.32092804058402,CASH,0.0,CASH,TQQQ
2023-11-02,147.32092804058402,CASH,0.0,CASH,TQQQ
2023-11-03,152.51575873739392,TQQQ,1.0,RISK_ON,TQQQ
2023-11-06,154.26087353564108,TQQQ,1.0,RISK_ON,TQQQ
2023-11-07,158.60338775709747,TQQQ,1.0,RISK_ON,TQQQ
2023-11-08,158.8874613984905,TQQQ,1.0,RISK_ON,TQQQ
2023-11-09,155.11315816060312,TQQQ,1.0,RISK_ON,TQQQ
2023-11-10,165.4621147539426,TQQQ,1.0,RISK_ON,TQQQ
2023-11-13,163.9605280487654,TQQQ,1.0,RISK_ON,TQQQ
2023-11-14,174.26890724339037,TQQQ,1.0,RISK_ON,TQQQ
2023-11-15,174.7559315791389,TQQQ,1.0,RISK_ON,TQQQ
2023-11-16,175.04000522053195,TQQQ,1.0,RISK_ON,TQQQ
2023-11-17,175.16176926706697,TQQQ,1.0,RISK_ON,TQQQ
2023-11-20,181.41177158241146,TQQQ,1.0,RISK_ON,TQQQ
2023-11-21,178.1244289794897,TQQQ,1.0,RISK_ON,TQQQ
2023-11-22,180.19422666823587,TQQQ,1.0,RISK_ON,TQQQ
2023-11-24,179.3013646445593,TQQQ,1.0,RISK_ON,TQQQ
2023-11-27,178.77377883529198,TQQQ,1.0,RISK_ON,TQQQ
2023-11-28,180.19422666823587,TQQQ,1.0,RISK_ON,TQQQ
2023-11-29,179.54489273762928,TQQQ,1.0,RISK_ON,TQQQ
2023-11-30,178.0432423316692,TQQQ,1.0,RISK_ON,TQQQ
2023-12-01,179.5448927376293,TQQQ,1.0,RISK_ON,TQQQ
2023-12-04,174.4312486886399,TQQQ,1.0,RISK_ON,TQQQ
2023-12-05,175.68937100153,TQQQ,1.0,RISK_ON,TQQQ
2023-12-06,172.56438576905344,TQQQ,1.0,RISK_ON,TQQQ
2023-12-07,179.78837305511212,TQQQ,1.0,RISK_ON,TQQQ
2023-12-08,181.93935739167878,TQQQ,1.0,RISK_ON,TQQQ
2023-12-11,186.56596117972393,TQQQ,1.0,RISK_ON,TQQQ
2023-12-12,191.0708009212341,TQQQ,1.0,RISK_ON,TQQQ
2023-12-13,197.80781164713144,TQQQ,1.0,RISK_ON,TQQQ
2023-12-14,197.48312875663242,TQQQ,1.0,RISK_ON,TQQQ
2023-12-15,199.8370160119674,TQQQ,1.0,RISK_ON,TQQQ
2023-12-18,204.0172365637615,TQQQ,1.0,RISK_ON,TQQQ
2023-12-19,207.0610192232218,TQQQ,1.0,RISK_ON,TQQQ
2023-12-20,197.8609221748838,TQQQ,1.0,RISK_ON,TQQQ
2023-12-21,204.42369533432293,TQQQ,1.0,RISK_ON,TQQQ
2023-12-22,205.23893795402202,TQQQ,1.0,RISK_ON,TQQQ
2023-12-26,208.989098595186,TQQQ,1.0,RISK_ON,TQQQ
2023-12-27,210.08965702154495,TQQQ,1.0,RISK_ON,TQQQ
2023-12-28,209.55974613370137,TQQQ,1.0,RISK_ON,TQQQ
2023-12-29,206.6656284636912,TQQQ,1.0,RISK_ON,TQQQ
2024-01-02,184.55112616629847,SOXL,1.0,RISK_ON,SOXL
2024-01-03,172.769851782481,SOXL,1.0,RISK_ON,SOXL
2024-01-04,168.36008665804988,SOXL,1.0,RISK_ON,SOXL
2024-01-05,170.66370081963498,SOXL,1.0,RISK_ON,SOXL
2024-01-08,187.1179948653083,SOXL,1.0,RISK_ON,SOXL
2024-01-09,187.05213982470684,SOXL,1.0,RISK_ON,SOXL
2024-01-10,185.40670659802458,SOXL,1.0,RISK_ON,SOXL
2024-01-11,187.31541984289788,SOXL,1.0,RISK_ON,SOXL
2024-01-12,184.94601434262717,SOXL,1.0,RISK_ON,SOXL
2024-01-16,192.12007314365763,SOXL,1.0,RISK_ON,SOXL
2024-01-17,187.11799486530833,SOXL,1.0,RISK_ON,SOXL
2024-01-18,205.28350073596638,SOXL,1.0,RISK_ON,SOXL
2024-01-19,229.43834991713638,SOXL,1.0,RISK_ON,SOXL
2024-01-22,232.07104817598133,SOXL,1.0,RISK_ON,SOXL
2024-01-23,236.414958259811,SOXL,1.0,RISK_ON,SOXL
2024-01-24,246.28753213913836,SOXL,1.0,RISK_ON,SOXL
2024-01-25,244.31302755557942,SOXL,1.0,RISK_ON,SOXL
2024-01-26,223.84392026371947,SOXL,1.0,RISK_ON,SOXL
2024-01-29,230.62310362880447,SOXL,1.0,RISK_ON,SOXL
2024-01-30,220.6846874492588,SOXL,1.0,RISK_ON,SOXL
2024-01-31,211.27284404647835,SOXL,1.0,RISK_ON,SOXL
2024-02-01,213.57644546768026,SOXL,1.0,RISK_ON,SOXL
2024-02-02,221.47451476344867,SOXL,1.0,RISK_ON,SOXL
2024-02-05,231.01795358398354,SOXL,1.0,RISK_ON,SOXL
2024-02-06,222.65921751358405,SOXL,1.0,RISK_ON,SOXL
2024-02-07,232.72921637050095,SOXL,1.0,RISK_ON,SOXL
2024-02-08,244.51047801393526,SOXL,1.0,RISK_ON,SOXL
2024-02-09,258.79280427731055,SOXL,1.0,RISK_ON,SOXL
2024-02-12,257.6738928658608,SOXL,1.0,RISK_ON,SOXL
2024-02-13,242.47015661092433,SOXL,1.0,RISK_ON,SOXL
2024-02-14,257.4764169267385,SOXL,1.0,RISK_ON,SOXL
2024-02-15,257.41067654958556,SOXL,1.0,RISK_ON,SOXL
2024-02-16,252.27691367079964,SOXL,1.0,RISK_ON,SOXL
2024-02-20,239.70582471317542,SOXL,1.0,RISK_ON,SOXL
2024-02-21,237.86292828775407,SOXL,1.0,RISK_ON,SOXL
2024-02-22,272.61436184298935,SOXL,1.0,RISK_ON,SOXL
2024-02-23,264.38723393072746,SOXL,1.0,RISK_ON,SOXL
2024-02-26,271.2322341152644,SOXL,1.0,RISK_ON,SOXL
2024-02-27,270.57404043997843,SOXL,1.0,RISK_ON,SOXL
2024-02-28,261.95201161100476,SOXL,1.0,RISK_ON,SOXL
2024-02-29,281.960401166701,SOXL,1.0,RISK_ON,SOXL
2024-03-01,318.0940134111938,SOXL,1.0,RISK_ON,SOXL
2024-03-04,327.57163541227675,SOXL,1.0,RISK_ON,SOXL
2024-03-05,308.2872563513185,SOXL,1.0,RISK_ON,SOXL
2024-03-06,330.5334177683815,SOXL,1.0,RISK_ON,SOXL
2024-03-07,364.10012309271514,SOXL,1.0,RISK_ON,SOXL
2024-03-08,322.1746562172157,SOXL,1.0,RISK_ON,SOXL
2024-03-11,307.8265386151548,SOXL,1.0,RISK_ON,SOXL
2024-03-12,326.3210903619231,SOXL,1.0,RISK_ON,SOXL
2024-03-13,303.28510163067017,SOXL,1.0,RISK_ON,SOXL
2024-03-14,286.50176170888653,SOXL,1.0,RISK_ON,SOXL
2024-03-15,281.302207491415,SOXL,1.0,RISK_ON,SOXL
2024-03-18,279.98589658314205,SOXL,1.0,RISK_ON,SOXL
2024-03-19,272.8388473944303,SOXL,1.0,RISK_ON,SOXL
2024-03-20,285.88140697161305,SOXL,1.0,RISK_ON,SOXL
2024-03-21,305.0499249880308,SOXL,1.0,RISK_ON,SOXL
2024-03-22,305.84036384061284,SOXL,1.0,RISK_ON,SOXL
2024-03-25,302.28332530207786,SOXL,1.0,RISK_ON,SOXL
2024-03-26,296.61839036820265,SOXL,1.0,RISK_ON,SOXL
2024-03-27,306.30148926903803,SOXL,1.0,RISK_ON,SOXL
2024-03-28,306.4990671312256,SOXL,1.0,RISK_ON,SOXL
2024-04-01,316.11632373184267,SOXL,1.0,RISK_ON,SOXL
2024-04-02,302.21745752109325,SOXL,1.0,RISK_ON,SOXL
2024-04-03,304.2594606546825,SOXL,1.0,RISK_ON,SOXL
2024-04-04,279.0966433187,SOXL,1.0,RISK_ON,SOXL
2024-04-05,287.33054911480787,SOXL,1.0,RISK_ON,SOXL
2024-04-08,289.83365219605594,SOXL,1.0,RISK_ON,SOXL
2024-04-09,298.98975788748146,SOXL,1.0,RISK_ON,SOXL
2024-04-10,283.8393783572575,SOXL,1.0,RISK_ON,SOXL
2024-04-11,301.69048979244974,SOXL,1.0,RISK_ON,SOXL
2024-04-12,273.4316829040584,SOXL,1.0,RISK_ON,SOXL
2024-04-15,262.0359452553234,SOXL,1.0,RISK_ON,SOXL
2024-04-16,267.04222786011854,SOXL,1.0,RISK_ON,SOXL
2024-04-17,244.11899151991284,SOXL,1.0,RISK_ON,SOXL
2024-04-18,229.95667966599115,SOXL,1.0,RISK_ON,SOXL
2024-04-19,202.81770149663768,SOXL,1.0,RISK_ON,SOXL
2024-04-22,211.24919789531634,SOXL,1.0,RISK_ON,SOXL
2024-04-23,224.6869514180238,SOXL,1.0,RISK_ON,SOXL
2024-04-24,233.7771893284647,SOXL,1.0,RISK_ON,SOXL
2024-04-25,246.4244657774406,SOXL,1.0,RISK_ON,SOXL
2024-04-26,262.1677317788253,SOXL,1.0,RISK_ON,SOXL
2024-04-29,267.5032768462446,SOXL,1.0,RISK_ON,SOXL
2024-04-30,251.49656520168762,SOXL,1.0,RISK_ON,SOXL
2024-05-01,226.39956468515706,SOXL,1.0,RISK_ON,SOXL
2024-05-02,240.10085303371892,SOXL,1.0,RISK_ON,SOXL
2024-05-03,256.7004256686704,SOXL,1.0,RISK_ON,SOXL
2024-05-06,272.0484085418483,SOXL,1.0,RISK_ON,SOXL
2024-05-07,265.8564803985633,SOXL,1.0,RISK_ON,SOXL
2024-05-08,266.18587026501916,SOXL,1.0,RISK_ON,SOXL
2024-05-09,263.2216672361123,SOXL,1.0,RISK_ON,SOXL
2024-05-10,270.26987653219766,SOXL,1.0,RISK_ON,SOXL
2024-05-13,271.8508051988944,SOXL,1.0,RISK_ON,SOXL
2024-05-14,284.62979172907325,SOXL,1.0,RISK_ON,SOXL
2024-05-15,309.5950821644008,SOXL,1.0,RISK_ON,SOXL
2024-05-16,304.7205606023413,SOXL,1.0,RISK_ON,SOXL
2024-05-17,299.05565114923246,SOXL,1.0,RISK_ON,SOXL
2024-05-20,317.828936998976,SOXL,1.0,RISK_ON,SOXL
2024-05-21,316.05043047009167,SOXL,1.0,RISK_ON,SOXL
2024-05-22,325.27240394250185,SOXL,1.0,RISK_ON,SOXL
2024-05-23,321.51776206101295,SOXL,1.0,RISK_ON,SOXL
2024-05-24,338.8419057675618,SOXL,1.0,RISK_ON,SOXL
2024-05-28,355.96844613115667,SOXL,1.0,RISK_ON,SOXL
2024-05-29,335.81180947690393,SOXL,1.0,RISK_ON,SOXL
2024-05-30,329.356384728914,SOXL,1.0,RISK_ON,SOXL
2024-05-31,320.06854347551916,SOXL,1.0,RISK_ON,SOXL
2024-06-03,323.19090972294924,TQQQ,1.0,RISK_ON,TQQQ
2024-06-04,325.5967058683367,TQQQ,1.0,RISK_ON,TQQQ
2024-06-05,345.2522106163663,TQQQ,1.0,RISK_ON,TQQQ
2024-06-06,344.8427761450696,TQQQ,1.0,RISK_ON,TQQQ
2024-06-07,343.5631041275683,TQQQ,1.0,RISK_ON,TQQQ
2024-06-10,347.1973232413927,TQQQ,1.0,RISK_ON,TQQQ
2024-06-11,354.3635024800064,TQQQ,1.0,RISK_ON,TQQQ
2024-06-12,368.337316871361,TQQQ,1.0,RISK_ON,TQQQ
2024-06-13,374.2237443894421,TQQQ,1.0,RISK_ON,TQQQ
2024-06-14,379.64948838716214,TQQQ,1.0,RISK_ON,TQQQ
2024-06-17,393.4187449489308,TQQQ,1.0,RISK_ON,TQQQ
2024-06-18,393.6233426300323,TQQQ,1.0,RISK_ON,TQQQ
2024-06-20,384.3586224313239,TQQQ,1.0,RISK_ON,TQQQ
2024-06-21,380.8268217125971,TQQQ,1.0,RISK_ON,TQQQ
2024-06-24,367.92780269703303,TQQQ,1.0,RISK_ON,TQQQ
2024-06-25,380.2125504511052,TQQQ,1.0,RISK_ON,TQQQ
2024-06-26,382.591566378008,TQQQ,1.0,RISK_ON,TQQQ
2024-06-27,385.3662281518092,TQQQ,1.0,RISK_ON,TQQQ
2024-06-28,379.30309901354804,TQQQ,1.0,RISK_ON,TQQQ
2024-07-01,385.5203738141584,TQQQ,1.0,RISK_ON,TQQQ
2024-07-02,397.33822121143555,TQQQ,1.0,RISK_ON,TQQQ
2024-07-03,407.1008063945619,TQQQ,1.0,RISK_ON,TQQQ
2024-07-05,419.43257893704464,TQQQ,1.0,RISK_ON,TQQQ
2024-07-08,422.2071610078146,TQQQ,1.0,RISK_ON,TQQQ
2024-07-09,423.13207483342535,TQQQ,1.0,RISK_ON,TQQQ
2024-07-10,436.3886814984877,TQQQ,1.0,RISK_ON,TQQQ
2024-07-11,407.71750859850545,TQQQ,1.0,RISK_ON,TQQQ
2024-07-12,414.3457322280054,TQQQ,1.0,RISK_ON,TQQQ
2024-07-15,417.42864547498937,TQQQ,1.0,RISK_ON,TQQQ
2024-07-16,417.7369367996878,TQQQ,1.0,RISK_ON,TQQQ
2024-07-17,380.9987411509048,TQQQ,1.0,RISK_ON,TQQQ
2024-07-18,375.2953516439844,TQQQ,1.0,RISK_ON,TQQQ
2024-07-19,365.12161837439044,TQQQ,1.0,RISK_ON,TQQQ
2024-07-22,381.050109754516,TQQQ,1.0,RISK_ON,TQQQ
2024-07-23,376.9395454746988,TQQQ,1.0,RISK_ON,TQQQ
2024-07-24,336.2962599605434,TQQQ,1.0,RISK_ON,TQQQ
2024-07-25,325.0949354353897,TQQQ,1.0,RISK_ON,TQQQ
2024-07-26,334.3951035572262,TQQQ,1.0,RISK_ON,TQQQ
2024-07-29,336.34766841567017,TQQQ,1.0,RISK_ON,TQQQ
2024-07-30,322.62860483780247,TQQQ,1.0,RISK_ON,TQQQ
2024-07-31,350.83740052801056,TQQQ,1.0,RISK_ON,TQQQ
2024-08-01,325.5573923481951,TQQQ,1.0,RISK_ON,TQQQ
2024-08-02,301.8188208661138,TQQQ,1.0,RISK_ON,TQQQ
2024-08-05,275.51114172770735,TQQQ,1.0,RISK_ON,TQQQ
2024-08-06,275.51114172770735,CASH,0.0,CASH,TQQQ
2024-08-07,275.51114172770735,CASH,0.0,CASH,TQQQ
2024-08-08,275.51114172770735,CASH,0.0,CASH,TQQQ
2024-08-09,275.51114172770735,CASH,0.0,CASH,TQQQ
2024-08-12,275.51114172770735,CASH,0.0,CASH,TQQQ
2024-08-13,295.55251951327756,TQQQ,1.0,RISK_ON,TQQQ
2024-08-14,296.0640082356102,TQQQ,1.0,RISK_ON,TQQQ
2024-08-15,318.3374171356387,TQQQ,1.0,RISK_ON,TQQQ
2024-08-16,319.17440851712263,TQQQ,1.0,RISK_ON,TQQQ
2024-08-19,331.5434013705356,TQQQ,1.0,RISK_ON,TQQQ
2024-08-20,329.4973743516479,TQQQ,1.0,RISK_ON,TQQQ
2024-08-21,334.007851950608,TQQQ,1.0,RISK_ON,TQQQ
2024-08-22,317.96537287971887,TQQQ,1.0,RISK_ON,TQQQ
2024-08-23,327.96285408748224,TQQQ,1.0,RISK_ON,TQQQ
2024-08-26,318.33741713563876,TQQQ,1.0,RISK_ON,TQQQ
2024-08-27,321.03437734327184,TQQQ,1.0,RISK_ON,TQQQ
2024-08-28,310.1534172544239,TQQQ,1.0,RISK_ON,TQQQ
2024-08-29,308.5259219910568,TQQQ,1.0,RISK_ON,TQQQ
2024-08-30,319.0348738887635,TQQQ,1.0,RISK_ON,TQQQ
2024-09-03,289.9260534056724,TQQQ,1.0,RISK_ON,TQQQ
2024-09-04,287.4615487284321,TQQQ,1.0,RISK_ON,TQQQ
2024-09-05,288.3915692062853,TQQQ,1.0,RISK_ON,TQQQ
2024-09-06,265.0021898300009,TQQQ,1.0,RISK_ON,TQQQ
2024-09-09,265.0021898300009,CASH,0.0,CASH,TQQQ
2024-09-10,265.0021898300009,CASH,0.0,CASH,TQQQ
2024-09-11,281.8976922066341,TQQQ,1.0,RISK_ON,TQQQ
2024-09-12,290.23627718656655,TQQQ,1.0,RISK_ON,TQQQ
2024-09-13,294.0345095355348,TQQQ,1.0,RISK_ON,TQQQ
2024-09-16,290.1053386853813,TQQQ,1.0,RISK_ON,TQQQ
2024-09-17,290.27992335362836,TQQQ,1.0,RISK_ON,TQQQ
2024-09-18,286.4817248651466,TQQQ,1.0,RISK_ON,TQQQ
2024-09-19,308.13594614999874,TQQQ,1.0,RISK_ON,TQQQ
2024-09-20,306.17139458540845,TQQQ,1.0,RISK_ON,TQQQ
2024-09-23,308.4415370404041,TQQQ,1.0,RISK_ON,TQQQ
2024-09-24,312.80730500312126,TQQQ,1.0,RISK_ON,TQQQ
2024-09-25,313.90228541463676,TQQQ,1.0,RISK_ON,TQQQ
2024-09-26,320.559629520286,TQQQ,1.0,RISK_ON,TQQQ
2024-09-27,315.0410135746735,TQQQ,1.0,RISK_ON,TQQQ
2024-09-30,317.4937317727235,TQQQ,1.0,RISK_ON,TQQQ
2024-10-01,304.04766487391555,TQQQ,1.0,RISK_ON,TQQQ
2024-10-02,305.18646075492524,TQQQ,1.0,RISK_ON,TQQQ
2024-10-03,304.485616405938,TQQQ,1.0,RISK_ON,TQQQ
2024-10-04,315.2162415921635,TQQQ,1.0,RISK_ON,TQQQ
2024-10-07,304.8360385804316,TQQQ,1.0,RISK_ON,TQQQ
2024-10-08,318.06312971322825,TQQQ,1.0,RISK_ON,TQQQ
2024-10-09,325.72782329140483,TQQQ,1.0,RISK_ON,TQQQ
2024-10-10,324.5890612708816,TQQQ,1.0,RISK_ON,TQQQ
2024-10-11,325.4212504468918,TQQQ,1.0,RISK_ON,TQQQ
2024-10-14,333.742871323102,TQQQ,1.0,RISK_ON,TQQQ
2024-10-15,320.4282508327765,TQQQ,1.0,RISK_ON,TQQQ
2024-10-16,320.25305667577294,TQQQ,1.0,RISK_ON,TQQQ
2024-10-17,321.21659067880614,TQQQ,1.0,RISK_ON,TQQQ
2024-10-18,326.91033306044926,TQQQ,1.0,RISK_ON,TQQQ
2024-10-21,328.70615782095206,TQQQ,1.0,RISK_ON,TQQQ
2024-10-22,329.66965796349876,TQQQ,1.0,RISK_ON,TQQQ
2024-10-23,314.427834025161,TQQQ,1.0,RISK_ON,TQQQ
2024-10-24,321.9173673068205,TQQQ,1.0,RISK_ON,TQQQ
2024-10-25,327.3483523134447,TQQQ,1.0,RISK_ON,TQQQ
2024-10-28,327.65489129747124,TQQQ,1.0,RISK_ON,TQQQ
2024-10-29,336.7211719921628,TQQQ,1.0,RISK_ON,TQQQ
2024-10-30,329.2316725709898,TQQQ,1.0,RISK_ON,TQQQ
2024-10-31,304.179043561425,TQQQ,1.0,RISK_ON,TQQQ
2024-11-01,310.66119351007063,TQQQ,1.0,RISK_ON,TQQQ
2024-11-04,307.77055764048464,TQQQ,1.0,RISK_ON,TQQQ
2024-11-05,319.46468296925684,TQQQ,1.0,RISK_ON,TQQQ
2024-11-06,345.3932827638395,TQQQ,1.0,RISK_ON,TQQQ
2024-11-07,361.5548252357164,TQQQ,1.0,RISK_ON,TQQQ
2024-11-08,362.43076216024775,TQQQ,1.0,RISK_ON,TQQQ
2024-11-11,361.7738010017276,TQQQ,1.0,RISK_ON,TQQQ
2024-11-12,359.8028836656806,TQQQ,1.0,RISK_ON,TQQQ
2024-11-13,358.2261362526485,TQQQ,1.0,RISK_ON,TQQQ
2024-11-14,350.6490397529737,TQQQ,1.0,RISK_ON,TQQQ
2024-11-15,325.2898378988958,TQQQ,1.0,RISK_ON,TQQQ
2024-11-18,331.85955106555684,TQQQ,1.0,RISK_ON,TQQQ
2024-11-19,338.51692903169254,TQQQ,1.0,RISK_ON,TQQQ
2024-11-20,338.1227252481913,TQQQ,1.0,RISK_ON,TQQQ
2024-11-21,341.4514142312591,TQQQ,1.0,RISK_ON,TQQQ
2024-11-22,342.7215549392917,TQQQ,1.0,RISK_ON,TQQQ
2024-11-25,344.29826849183735,TQQQ,1.0,RISK_ON,TQQQ
2024-11-26,349.64172414093275,TQQQ,1.0,RISK_ON,TQQQ
2024-11-27,341.18862299575363,TQQQ,1.0,RISK_ON,TQQQ
2024-11-29,349.9044815159516,TQQQ,1.0,RISK_ON,TQQQ
2024-12-02,361.2482523912031,TQQQ,1.0,RISK_ON,TQQQ
2024-12-03,364.4454949657886,TQQQ,1.0,RISK_ON,TQQQ
2024-12-04,377.76014931660063,TQQQ,1.0,RISK_ON,TQQQ
2024-12-05,374.6504699600305,TQQQ,1.0,RISK_ON,TQQQ
2024-12-06,384.2861485952269,TQQQ,1.0,RISK_ON,TQQQ
2024-12-09,375.30749883952353,TQQQ,1.0,RISK_ON,TQQQ
2024-12-10,371.23425161943373,TQQQ,1.0,RISK_ON,TQQQ
2024-12-11,391.0748375278991,TQQQ,1.0,RISK_ON,TQQQ
2024-12-12,383.32258073170726,TQQQ,1.0,RISK_ON,TQQQ
2024-12-13,391.55663838990216,TQQQ,1.0,RISK_ON,TQQQ
2024-12-16,408.5941855072833,TQQQ,1.0,RISK_ON,TQQQ
2024-12-17,403.11938503116494,TQQQ,1.0,RISK_ON,TQQQ
2024-12-18,359.54009243017504,TQQQ,1.0,RISK_ON,TQQQ
2024-12-19,354.4594618770715,TQQQ,1.0,RISK_ON,TQQQ
2024-12-20,363.6571212592725,TQQQ,1.0,RISK_ON,TQQQ
2024-12-23,373.7861810428452,TQQQ,1.0,RISK_ON,TQQQ
2024-12-24,388.63921887551714,TQQQ,1.0,RISK_ON,TQQQ
2024-12-26,387.80425313961626,TQQQ,1.0,RISK_ON,TQQQ
2024-12-27,372.02841546913635,TQQQ,1.0,RISK_ON,TQQQ
2024-12-30,357.0875435345573,TQQQ,1.0,RISK_ON,TQQQ
2024-12-31,347.72748925923895,TQQQ,1.0,RISK_ON,TQQQ
2025-01-02,345.5302822921029,TQQQ,1.0,RISK_ON,TQQQ
2025-01-03,362.0971347870437,TQQQ,1.0,RISK_ON,TQQQ
2025-01-06,374.44530927249946,TQQQ,1.0,RISK_ON,TQQQ
2025-01-07,354.27509152823404,TQQQ,1.0,RISK_ON,TQQQ
2025-01-08,354.5387631363877,TQQQ,1.0,RISK_ON,TQQQ
2025-01-10,337.62040493138625,TQQQ,1.0,RISK_ON,TQQQ
2025-01-13,334.10490764445507,TQQQ,1.0,RISK_ON,TQQQ
2025-01-14,332.918402338007,TQQQ,1.0,RISK_ON,TQQQ
2025-01-15,355.41761206275555,TQQQ,1.0,RISK_ON,TQQQ
2025-01-16,348.16689679217967,TQQQ,1.0,RISK_ON,TQQQ
2025-01-17,365.34896046582116,TQQQ,1.0,RISK_ON,TQQQ
2025-01-21,371.4132042904355,TQQQ,1.0,RISK_ON,TQQQ
2025-01-22,385.8268007296802,TQQQ,1.0,RISK_ON,TQQQ
2025-01-23,388.1997097611169,TQQQ,1.0,RISK_ON,TQQQ
2025-01-24,381.21269995918107,TQQQ,1.0,RISK_ON,TQQQ
2025-01-27,347.7714401706789,TQQQ,1.0,RISK_ON,TQQQ
2025-01-28,363.19573827061157,TQQQ,1.0,RISK_ON,TQQQ
2025-01-29,360.954614252522,TQQQ,1.0,RISK_ON,TQQQ
2025-01-30,365.48077933965465,TQQQ,1.0,RISK_ON,TQQQ
2025-01-31,363.5033269297187,TQQQ,1.0,RISK_ON,TQQQ
2025-02-03,354.7145667821476,TQQQ,1.0,RISK_ON,TQQQ
2025-02-04,367.5901183443971,TQQQ,1.0,RISK_ON,TQQQ
2025-02-05,372.3799550396834,TQQQ,1.0,RISK_ON,TQQQ
2025-02-06,377.96087428040346,TQQQ,1.0,RISK_ON,TQQQ
2025-02-07,363.54724398067225,TQQQ,1.0,RISK_ON,TQQQ
2025-02-10,376.3349275805282,TQQQ,1.0,RISK_ON,TQQQ
2025-02-11,373.65432830852495,TQQQ,1.0,RISK_ON,TQQQ
2025-02-12,374.40139222154573,TQQQ,1.0,RISK_ON,TQQQ
2025-02-13,390.17722989202565,TQQQ,1.0,RISK_ON,TQQQ
2025-02-14,394.74741361157123,TQQQ,1.0,RISK_ON,TQQQ
2025-02-18,397.20822446588795,TQQQ,1.0,RISK_ON,TQQQ
2025-02-19,397.25217537732794,TQQQ,1.0,RISK_ON,TQQQ
2025-02-20,392.4183877706016,TQQQ,1.0,RISK_ON,TQQQ
2025-02-21,367.85375609206415,TQQQ,1.0,RISK_ON,TQQQ
2025-02-24,354.62666495926743,TQQQ,1.0,RISK_ON,TQQQ
2025-02-25,341.0919851673636,TQQQ,1.0,RISK_ON,TQQQ
2025-02-26,343.28919213449956,TQQQ,1.0,RISK_ON,TQQQ
2025-02-27,314.8135388265573,TQQQ,1.0,RISK_ON,TQQQ
2025-02-28,329.227135265802,TQQQ,1.0,RISK_ON,TQQQ
2025-03-03,307.95834789845503,TQQQ,1.0,RISK_ON,TQQQ
2025-03-04,307.95834789845503,CASH,0.0,CASH,TQQQ
2025-03-05,307.95834789845503,CASH,0.0,CASH,TQQQ
2025-03-06,307.95834789845503,CASH,0.0,CASH,TQQQ
2025-03-07,307.95834789845503,CASH,0.0,CASH,TQQQ
2025-03-10,307.95834789845503,CASH,0.0,CASH,TQQQ
2025-03-11,307.95834789845503,CASH,0.0,CASH,TQQQ
2025-03-12,307.95834789845503,CASH,0.0,CASH,TQQQ
2025-03-13,307.95834789845503,CASH,0.0,CASH,TQQQ
2025-03-14,307.95834789845503,CASH,0.0,CASH,TQQQ
2025-03-17,307.95834789845503,CASH,0.0,CASH,TQQQ
2025-03-18,307.95834789845503,CASH,0.0,CASH,TQQQ
2025-03-19,307.95834789845503,CASH,0.0,CASH,TQQQ
2025-03-20,307.95834789845503,CASH,0.0,CASH,TQQQ
2025-03-21,307.95834789845503,CASH,0.0,CASH,TQQQ
2025-03-24,307.95834789845503,CASH,0.0,CASH,TQQQ
2025-03-25,307.95834789845503,CASH,0.0,CASH,TQQQ
2025-03-26,307.95834789845503,CASH,0.0,CASH,TQQQ
2025-03-27,307.95834789845503,CASH,0.0,CASH,TQQQ
2025-03-28,307.95834789845503,CASH,0.0,CASH,TQQQ
2025-03-31,307.95834789845503,CASH,0.0,CASH,TQQQ
2025-04-01,307.95834789845503,CASH,0.0,CASH,TQQQ
2025-04-02,307.95834789845503,CASH,0.0,CASH,TQQQ
2025-04-03,307.95834789845503,CASH,0.0,CASH,TQQQ
2025-04-04,307.95834789845503,CASH,0.0,CASH,TQQQ
2025-04-07,307.95834789845503,CASH,0.0,CASH,TQQQ
2025-04-08,307.95834789845503,CASH,0.0,CASH,TQQQ
2025-04-09,307.95834789845503,CASH,0.0,CASH,TQQQ
2025-04-10,307.95834789845503,CASH,0.0,CASH,TQQQ
2025-04-11,307.95834789845503,CASH,0.0,CASH,TQQQ
2025-04-14,307.95834789845503,CASH,0.0,CASH,TQQQ
2025-04-15,307.95834789845503,CASH,0.0,CASH,TQQQ
2025-04-16,307.95834789845503,CASH,0.0,CASH,TQQQ
2025-04-17,307.95834789845503,CASH,0.0,CASH,TQQQ
2025-04-21,307.95834789845503,CASH,0.0,CASH,TQQQ
2025-04-22,307.95834789845503,CASH,0.0,CASH,TQQQ
2025-04-23,307.95834789845503,CASH,0.0,CASH,TQQQ
2025-04-24,307.95834789845503,CASH,0.0,CASH,TQQQ
2025-04-25,318.1173083375916,TQQQ,1.0,DEEP_DCA,TQQQ
2025-04-28,317.88102969981895,TQQQ,1.0,DEEP_DCA,TQQQ
2025-04-29,324.0827426945774,TQQQ,1.0,DEEP_DCA,TQQQ
2025-04-30,324.1418236982993,TQQQ,1.0,DEEP_DCA,TQQQ
2025-05-01,335.304866249461,TQQQ,1.0,DEEP_DCA,TQQQ
2025-05-02,351.015830150875,TQQQ,1.0,DEEP_DCA,TQQQ
2025-05-05,351.015830150875,CASH,0.0,CASH,TQQQ
2025-05-06,351.015830150875,CASH,0.0,CASH,TQQQ
2025-05-07,351.015830150875,CASH,0.0,CASH,TQQQ
2025-05-08,351.015830150875,CASH,0.0,CASH,TQQQ
2025-05-09,351.015830150875,CASH,0.0,CASH,TQQQ
2025-05-12,351.015830150875,CASH,0.0,CASH,TQQQ
2025-05-13,367.1038454504597,TQQQ,1.0,RISK_ON,TQQQ
2025-05-14,373.58149977200395,TQQQ,1.0,RISK_ON,TQQQ
2025-05-15,374.74962076391023,TQQQ,1.0,RISK_ON,TQQQ
2025-05-16,379.36895269729683,TQQQ,1.0,RISK_ON,TQQQ
2025-05-19,380.3777807546664,TQQQ,1.0,RISK_ON,TQQQ
2025-05-20,376.39562055942673,TQQQ,1.0,RISK_ON,TQQQ
2025-05-21,360.7323320292137,TQQQ,1.0,RISK_ON,TQQQ
2025-05-22,362.59073600146075,TQQQ,1.0,RISK_ON,TQQQ
2025-05-23,352.1308399005875,TQQQ,1.0,RISK_ON,TQQQ
2025-05-27,376.6610543942617,TQQQ,1.0,RISK_ON,TQQQ
2025-05-28,371.8293590761893,TQQQ,1.0,RISK_ON,TQQQ
2025-05-29,373.6346110141978,TQQQ,1.0,RISK_ON,TQQQ
2025-05-30,371.6701069336972,TQQQ,1.0,RISK_ON,TQQQ
2025-06-02,380.2184878201296,TQQQ,1.0,RISK_ON,TQQQ
2025-06-03,389.08549536768027,TQQQ,1.0,RISK_ON,TQQQ
2025-06-04,392.21812044008715,TQQQ,1.0,RISK_ON,TQQQ
2025-06-05,383.08567905770155,TQQQ,1.0,RISK_ON,TQQQ
2025-06-06,394.0233723780957,TQQQ,1.0,RISK_ON,TQQQ
2025-06-09,395.77555386595515,TQQQ,1.0,RISK_ON,TQQQ
2025-06-10,403.4213291794057,TQQQ,1.0,RISK_ON,TQQQ
2025-06-11,399.2797944655399,TQQQ,1.0,RISK_ON,TQQQ
2025-06-12,401.88151107623213,TQQQ,1.0,RISK_ON,TQQQ
2025-06-13,386.6961829337187,TQQQ,1.0,RISK_ON,TQQQ
2025-06-16,402.46561236422997,TQQQ,1.0,RISK_ON,TQQQ
2025-06-17,390.57216143661543,TQQQ,1.0,RISK_ON,TQQQ
2025-06-18,390.0411713908114,TQQQ,1.0,RISK_ON,TQQQ
2025-06-20,384.67848602693493,TQQQ,1.0,RISK_ON,TQQQ
2025-06-23,396.6250481967433,TQQQ,1.0,RISK_ON,TQQQ
2025-06-24,414.67760836887334,TQQQ,1.0,RISK_ON,TQQQ
2025-06-25,417.861590625552,TQQQ,1.0,RISK_ON,TQQQ
2025-06-26,429.30914371259774,TQQQ,1.0,RISK_ON,TQQQ
2025-06-27,433.51545619344034,TQQQ,1.0,RISK_ON,TQQQ
2025-06-30,441.9280403630808,TQQQ,1.0,RISK_ON,TQQQ
2025-07-01,430.69350333343607,TQQQ,1.0,RISK_ON,TQQQ
2025-07-02,439.2658699421496,TQQQ,1.0,RISK_ON,TQQQ
2025-07-03,451.56524250653115,TQQQ,1.0,RISK_ON,TQQQ
2025-07-07,441.5020898323683,TQQQ,1.0,RISK_ON,TQQQ
2025-07-08,442.087822802154,TQQQ,1.0,RISK_ON,TQQQ
2025-07-09,451.24584079656375,TQQQ,1.0,RISK_ON,TQQQ
2025-07-10,449.16928096928405,TQQQ,1.0,RISK_ON,TQQQ
2025-07-11,445.76167672358343,TQQQ,1.0,RISK_ON,TQQQ
2025-07-14,450.5004069717944,TQQQ,1.0,RISK_ON,TQQQ
2025-07-15,451.6717913272763,TQQQ,1.0,RISK_ON,TQQQ
2025-07-16,452.94964291941403,TQQQ,1.0,RISK_ON,TQQQ
2025-07-17,463.492020534662,TQQQ,1.0,RISK_ON,TQQQ
2025-07-18,461.89472644051216,TQQQ,1.0,RISK_ON,TQQQ
2025-07-21,468.92295098931436,TQQQ,1.0,RISK_ON,TQQQ
2025-07-22,461.6284767647833,TQQQ,1.0,RISK_ON,TQQQ
2025-07-23,467.6982922234598,TQQQ,1.0,RISK_ON,TQQQ
2025-07-24,470.78645396714836,TQQQ,1.0,RISK_ON,TQQQ
2025-07-25,473.4486651801243,TQQQ,1.0,RISK_ON,TQQQ
2025-07-28,478.08100977576885,TQQQ,1.0,RISK_ON,TQQQ
2025-07-29,475.8979419197887,TQQQ,1.0,RISK_ON,TQQQ
2025-07-30,477.54851042431113,TQQQ,1.0,RISK_ON,TQQQ
2025-07-31,469.66838481408377,TQQQ,1.0,RISK_ON,TQQQ
2025-08-01,452.7467906214047,SOXL,1.0,RISK_ON,SOXL
2025-08-04,470.0444306035993,SOXL,1.0,RISK_ON,SOXL
2025-08-05,461.01958275896806,SOXL,1.0,RISK_ON,SOXL
2025-08-06,451.05463837652945,SOXL,1.0,RISK_ON,SOXL
2025-08-07,470.04443060359927,SOXL,1.0,RISK_ON,SOXL
2025-08-08,483.3936794757885,SOXL,1.0,RISK_ON,SOXL
2025-08-11,481.513522272137,SOXL,1.0,RISK_ON,SOXL
2025-08-12,526.4497565365172,SOXL,1.0,RISK_ON,SOXL
2025-08-13,550.3280364113998,SOXL,1.0,RISK_ON,SOXL
2025-08-14,553.1482901528586,SOXL,1.0,RISK_ON,SOXL
2025-08-15,514.6046549504272,SOXL,1.0,RISK_ON,SOXL
2025-08-18,517.6129495226253,SOXL,1.0,RISK_ON,SOXL
2025-08-19,493.35862385822713,SOXL,1.0,RISK_ON,SOXL
2025-08-20,485.0858317206638,SOXL,1.0,RISK_ON,SOXL
2025-08-21,476.62507049628744,SOXL,1.0,RISK_ON,SOXL
2025-08-22,516.1088022365262,SOXL,1.0,RISK_ON,SOXL
2025-08-25,513.2885126231043,SOXL,1.0,RISK_ON,SOXL
2025-08-26,525.3216550399337,SOXL,1.0,RISK_ON,SOXL
2025-08-27,529.8340968982309,SOXL,1.0,RISK_ON,SOXL
2025-08-28,536.4147009189558,SOXL,1.0,RISK_ON,SOXL
2025-08-29,489.5983094509241,SOXL,1.0,RISK_ON,SOXL
2025-09-02,474.74487742067276,SOXL,1.0,RISK_ON,SOXL
2025-09-03,468.3522783587241,SOXL,1.0,RISK_ON,SOXL
2025-09-04,482.265577979205,SOXL,1.0,RISK_ON,SOXL
2025-09-05,497.3070149682325,SOXL,1.0,RISK_ON,SOXL
2025-09-08,509.1521165543226,SOXL,1.0,RISK_ON,SOXL
2025-09-09,511.0323096299373,SOXL,1.0,RISK_ON,SOXL
2025-09-10,537.7308432462787,SOXL,1.0,RISK_ON,SOXL
2025-09-11,548.4478433357853,SOXL,1.0,RISK_ON,SOXL
2025-09-12,550.8920512877285,SOXL,1.0,RISK_ON,SOXL
2025-09-15,564.0533310731045,SOXL,1.0,RISK_ON,SOXL
2025-09-16,573.0781430457727,SOXL,1.0,RISK_ON,SOXL
2025-09-17,572.8901380869964,SOXL,1.0,RISK_ON,SOXL
2025-09-18,632.4917994228517,SOXL,1.0,RISK_ON,SOXL
2025-09-19,620.8347027955379,SOXL,1.0,RISK_ON,SOXL
2025-09-22,647.3451597091768,SOXL,1.0,RISK_ON,SOXL
2025-09-23,645.0883110206734,SOXL,1.0,RISK_ON,SOXL
2025-09-24,643.2076157375749,SOXL,1.0,RISK_ON,SOXL
2025-09-25,636.6250387588777,SOXL,1.0,RISK_ON,SOXL
2025-09-26,639.8223068328566,SOXL,1.0,RISK_ON,SOXL
2025-09-29,639.8223068328566,SOXL,1.0,RISK_ON,SOXL
2025-09-30,655.2442377348281,SOXL,1.0,RISK_ON,SOXL
2025-10-01,664.4962566625119,TQQQ,1.0,RISK_ON,TQQQ
2025-10-02,672.6075306758299,TQQQ,1.0,RISK_ON,TQQQ
2025-10-03,663.4822504046042,TQQQ,1.0,RISK_ON,TQQQ
2025-10-06,678.3108672226871,TQQQ,1.0,RISK_ON,TQQQ
2025-10-07,667.3479006843797,TQQQ,1.0,RISK_ON,TQQQ
2025-10-08,689.9708721199531,TQQQ,1.0,RISK_ON,TQQQ
2025-10-09,687.2459667545434,TQQQ,1.0,RISK_ON,TQQQ
2025-10-10,615.1311376955518,TQQQ,1.0,RISK_ON,TQQQ
2025-10-13,654.1669834064951,TQQQ,1.0,RISK_ON,TQQQ
2025-10-14,640.8592789690308,TQQQ,1.0,RISK_ON,TQQQ
2025-10-15,653.9768026671256,TQQQ,1.0,RISK_ON,TQQQ
2025-10-16,646.689354172346,TQQQ,1.0,RISK_ON,TQQQ
2025-10-17,658.9830523519026,TQQQ,1.0,RISK_ON,TQQQ
2025-10-20,683.6972843737168,TQQQ,1.0,RISK_ON,TQQQ
2025-10-21,682.9368039318467,TQQQ,1.0,RISK_ON,TQQQ
2025-10-22,662.8486056254352,TQQQ,1.0,RISK_ON,TQQQ
2025-10-23,679.4515151308099,TQQQ,1.0,RISK_ON,TQQQ
2025-10-24,700.6170647717975,TQQQ,1.0,RISK_ON,TQQQ
2025-10-27,737.8151757125376,TQQQ,1.0,RISK_ON,TQQQ
2025-10-28,754.671514027707,TQQQ,1.0,RISK_ON,TQQQ
2025-10-29,764.303748924765,TQQQ,1.0,RISK_ON,TQQQ
2025-10-30,729.3235402204808,TQQQ,1.0,RISK_ON,TQQQ
2025-10-31,739.6528619796192,TQQQ,1.0,RISK_ON,TQQQ
2025-11-03,752.037218654854,SOXL,1.0,RISK_ON,SOXL
2025-11-04,662.5605428465274,SOXL,1.0,RISK_ON,SOXL
2025-11-05,724.9465417705089,SOXL,1.0,RISK_ON,SOXL
2025-11-06,665.8114098999314,SOXL,1.0,RISK_ON,SOXL
2025-11-07,646.1513706419229,SOXL,1.0,RISK_ON,SOXL
2025-11-10,695.9981759530851,SOXL,1.0,RISK_ON,SOXL
2025-11-11,647.2349929930575,SOXL,1.0,RISK_ON,SOXL
2025-11-12,676.6476924642673,SOXL,1.0,RISK_ON,SOXL
2025-11-13,607.1407888421073,SOXL,1.0,RISK_ON,SOXL
2025-11-14,601.5678401488495,SOXL,1.0,RISK_ON,SOXL
2025-11-17,570.297451744561,SOXL,1.0,RISK_ON,SOXL
2025-11-18,531.7512626515205,SOXL,1.0,RISK_ON,SOXL
2025-11-19,556.6746948335963,SOXL,1.0,RISK_ON,SOXL
2025-11-20,476.9507087649654,SOXL,1.0,RISK_ON,SOXL
2025-11-21,491.19266579379513,SOXL,1.0,RISK_ON,SOXL
2025-11-24,555.1266797756865,SOXL,1.0,RISK_ON,SOXL
2025-11-25,559.9255618870003,SOXL,1.0,RISK_ON,SOXL
2025-11-26,606.676337082343,SOXL,1.0,RISK_ON,SOXL
2025-11-28,638.7207330155863,SOXL,1.0,RISK_ON,SOXL
2025-12-01,639.4947995975305,SOXL,1.0,RISK_ON,SOXL
2025-12-02,678.0409296375818,SOXL,1.0,RISK_ON,SOXL
2025-12-03,721.0764450727455,SOXL,1.0,RISK_ON,SOXL
2025-12-04,699.0942651218941,SOXL,1.0,RISK_ON,SOXL
2025-12-05,719.8379857840264,SOXL,1.0,RISK_ON,SOXL
2025-12-08,742.9037880860126,SOXL,1.0,RISK_ON,SOXL
2025-12-09,739.8076989172039,SOXL,1.0,RISK_ON,SOXL
2025-12-10,768.6012277970432,SOXL,1.0,RISK_ON,SOXL
2025-12-11,755.2880857082582,SOXL,1.0,RISK_ON,SOXL
2025-12-12,645.6869188821588,SOXL,1.0,RISK_ON,SOXL
2025-12-15,637.4823327798565,SOXL,1.0,RISK_ON,SOXL
2025-12-16,626.8008871531051,SOXL,1.0,RISK_ON,SOXL
2025-12-17,557.4487023625512,SOXL,1.0,RISK_ON,SOXL
2025-12-18,597.2333507443109,SOXL,1.0,RISK_ON,SOXL
2025-12-19,645.8417558197432,SOXL,1.0,RISK_ON,SOXL
2025-12-22,669.681506597695,SOXL,1.0,RISK_ON,SOXL
2025-12-23,676.492914579672,SOXL,1.0,RISK_ON,SOXL
2025-12-24,684.3878858597944,SOXL,1.0,RISK_ON,SOXL
2025-12-26,684.3878858597944,SOXL,1.0,RISK_ON,SOXL
2025-12-29,678.3505444597615,SOXL,1.0,RISK_ON,SOXL
2025-12-30,676.0284628199078,SOXL,1.0,RISK_ON,SOXL
2025-12-31,650.6406379310569,SOXL,1.0,RISK_ON,SOXL
2026-01-02,731.2934979927217,SOXL,1.0,RISK_ON,SOXL
2026-01-05,761.9446567526505,SOXL,1.0,RISK_ON,SOXL
2026-01-06,836.0956646015289,SOXL,1.0,RISK_ON,SOXL
2026-01-07,809.4694394769481,SOXL,1.0,RISK_ON,SOXL
2026-01-08,768.601227797043,SOXL,1.0,RISK_ON,SOXL
2026-01-09,835.1668791879787,SOXL,1.0,RISK_ON,SOXL
2026-01-12,846.0031617523144,SOXL,1.0,RISK_ON,SOXL
2026-01-13,867.9852826501768,SOXL,1.0,RISK_ON,SOXL
2026-01-14,857.3038370234254,SOXL,1.0,RISK_ON,SOXL
2026-01-15,899.1008931698699,SOXL,1.0,RISK_ON,SOXL
2026-01-16,940.43349755655,SOXL,1.0,RISK_ON,SOXL
2026-01-20,896.9335894146113,SOXL,1.0,RISK_ON,SOXL
2026-01-21,982.6949464097696,SOXL,1.0,RISK_ON,SOXL
2026-01-22,986.4102652229378,SOXL,1.0,RISK_ON,SOXL
2026-01-23,953.5918027077504,SOXL,1.0,RISK_ON,SOXL
2026-01-26,939.659490027595,SOXL,1.0,RISK_ON,SOXL
2026-01-27,1005.6059117741712,SOXL,1.0,RISK_ON,SOXL
2026-01-28,1085.0202534941277,SOXL,1.0,RISK_ON,SOXL
2026-01-29,1090.9028760625545,SOXL,1.0,RISK_ON,SOXL
2026-01-30,956.5331139919639,SOXL,1.0,RISK_ON,SOXL
2026-02-02,1009.3211715343504,SOXL,1.0,RISK_ON,SOXL
2026-02-03,947.3996834231223,SOXL,1.0,RISK_ON,SOXL
2026-02-04,823.4017521571033,SOXL,1.0,RISK_ON,SOXL
2026-02-05,824.3305966236427,SOXL,1.0,RISK_ON,SOXL
2026-02-06,955.9138843476045,SOXL,1.0,RISK_ON,SOXL
2026-02-09,991.2091473342518,SOXL,1.0,RISK_ON,SOXL
2026-02-10,980.5277017075005,SOXL,1.0,RISK_ON,SOXL
2026-02-11,1053.4403683736382,SOXL,1.0,RISK_ON,SOXL
2026-02-12,976.8123828943322,SOXL,1.0,RISK_ON,SOXL
2026-02-13,999.8781261433292,SOXL,1.0,RISK_ON,SOXL
2026-02-17,996.16286638315,SOXL,1.0,RISK_ON,SOXL
2026-02-18,1026.1948545517084,SOXL,1.0,RISK_ON,SOXL
2026-02-19,1009.785682347104,SOXL,1.0,RISK_ON,SOXL
2026-02-20,1038.8887669961339,SOXL,1.0,RISK_ON,SOXL
2026-02-23,1019.5382835073159,SOXL,1.0,RISK_ON,SOXL
2026-02-24,1060.870887893996,SOXL,1.0,RISK_ON,SOXL
2026-02-25,1112.4206042536416,SOXL,1.0,RISK_ON,SOXL
2026-02-26,1011.4884162366195,SOXL,1.0,RISK_ON,SOXL
2026-02-27,971.7038859608382,SOXL,1.0,RISK_ON,SOXL
2026-03-02,971.5490490232537,SOXL,1.0,RISK_ON,SOXL
2026-03-03,826.9622340326869,SOXL,1.0,RISK_ON,SOXL
2026-03-04,876.4994835746585,SOXL,1.0,RISK_ON,SOXL
2026-03-05,848.3251843391788,SOXL,1.0,RISK_ON,SOXL
2026-03-06,741.355713975113,SOXL,1.0,RISK_ON,SOXL
2026-03-09,825.414218974777,SOXL,1.0,RISK_ON,SOXL
2026-03-10,845.0743172857747,SOXL,1.0,RISK_ON,SOXL
2026-03-11,868.2948974723561,SOXL,1.0,RISK_ON,SOXL
2026-03-12,778.3538289572544,SOXL,1.0,RISK_ON,SOXL
2026-03-13,785.1652369392314,SOXL,1.0,RISK_ON,SOXL
2026-03-16,831.14194555263,SOXL,1.0,RISK_ON,SOXL
2026-03-17,850.6472659790323,SOXL,1.0,RISK_ON,SOXL
2026-03-18,836.2505015391127,SOXL,1.0,RISK_ON,SOXL
2026-03-19,849.0991918681334,SOXL,1.0,RISK_ON,SOXL
2026-03-20,791.6669710460393,SOXL,1.0,RISK_ON,SOXL
2026-03-23,820.9248926326537,SOXL,1.0,RISK_ON,SOXL
2026-03-24,850.8020438636277,SOXL,1.0,RISK_ON,SOXL
2026-03-25,883.0012767344554,SOXL,1.0,RISK_ON,SOXL
2026-03-26,758.0745600548862,SOXL,1.0,RISK_ON,SOXL
2026-03-27,721.5408377795197,SOXL,1.0,RISK_ON,SOXL
2026-03-30,628.8132949177892,SOXL,1.0,RISK_ON,SOXL
2026-03-31,628.8132949177892,CASH,0.0,CASH,SOXL
2026-04-01,685.9065297771333,SOXL,1.0,RISK_ON,SOXL
2026-04-02,692.3377460353942,SOXL,1.0,RISK_ON,SOXL
2026-04-06,719.37502959206,SOXL,1.0,RISK_ON,SOXL
2026-04-07,742.2123035088107,SOXL,1.0,RISK_ON,SOXL
2026-04-08,885.9298172016894,SOXL,1.0,RISK_ON,SOXL
2026-04-09,944.7293513508914,SOXL,1.0,RISK_ON,SOXL
2026-04-10,1002.6100473379024,SOXL,1.0,RISK_ON,SOXL
2026-04-13,1057.3407986793113,SOXL,1.0,RISK_ON,SOXL
2026-04-14,1119.6840080379488,SOXL,1.0,RISK_ON,SOXL
2026-04-15,1128.2152040824335,SOXL,1.0,RISK_ON,SOXL
2026-04-16,1159.8462278428478,SOXL,1.0,RISK_ON,SOXL
2026-04-17,1242.6642276003006,SOXL,1.0,RISK_ON,SOXL
2026-04-20,1259.2016122258472,SOXL,1.0,RISK_ON,SOXL
2026-04-21,1287.4200374065458,SOXL,1.0,RISK_ON,SOXL
2026-04-22,1386.5129681253013,SOXL,1.0,RISK_ON,SOXL
2026-04-23,1480.0933705455848,SOXL,1.0,RISK_ON,SOXL
2026-04-24,1684.185490845401,SOXL,1.0,RISK_ON,SOXL
2026-04-27,1619.4796978338936,SOXL,1.0,RISK_ON,SOXL
2026-04-28,1437.9624979215187,SOXL,1.0,RISK_ON,SOXL
2026-04-29,1548.3428387665274,SOXL,1.0,RISK_ON,SOXL
2026-04-30,1666.5980912930088,SOXL,1.0,RISK_ON,SOXL
2026-05-01,1711.4850778639086,SOXL,1.0,RISK_ON,SOXL
2026-05-04,1674.079272410648,SOXL,1.0,RISK_ON,SOXL
2026-05-05,1892.083639883962,SOXL,1.0,RISK_ON,SOXL
2026-05-06,2176.7624531879505,SOXL,1.0,RISK_ON,SOXL
2026-05-07,1996.2952682024213,SOXL,1.0,RISK_ON,SOXL
2026-05-08,2322.3173928678743,SOXL,1.0,RISK_ON,SOXL
2026-05-11,2499.2408025090335,SOXL,1.0,RISK_ON,SOXL
2026-05-12,2264.305419981274,SOXL,1.0,RISK_ON,SOXL
2026-05-13,2418.1291020414383,SOXL,1.0,RISK_ON,SOXL
2026-05-14,2443.7225900399576,SOXL,1.0,RISK_ON,SOXL
2026-05-15,2154.8437170285865,SOXL,1.0,RISK_ON,SOXL
2026-05-18,1991.7014779312055,SOXL,1.0,RISK_ON,SOXL
2026-05-19,1993.5389539857179,SOXL,1.0,RISK_ON,SOXL
2026-05-20,2273.2302464546574,SOXL,1.0,RISK_ON,SOXL
2026-05-21,2341.348437776011,SOXL,1.0,RISK_ON,SOXL
2026-05-22,2501.078278563546,SOXL,1.0,RISK_ON,SOXL
