date,recommended_dca,recommended_units
2010-06-25,1.0,1.0
2010-06-28,0.9970150129982954,1.0
2010-06-29,0.9599290252223465,2.0
2010-06-30,0.944435914871775,1.0
2010-07-01,0.9413670450254309,1.0
2010-07-02,0.9396504185956395,1.0
2010-07-06,0.941287377695498,1.0
2010-07-07,0.97093732392113,1.0
2010-07-08,0.9763972689003639,1.0
2010-07-09,0.9855166041436454,1.0
2010-07-12,0.9892470172651174,1.0
2010-07-13,1.0005100446410102,1.0
2010-07-14,1.0058448683177854,1.0
2010-07-15,1.0070150116368977,1.0
2010-07-16,0.9799986738996036,2.0
2010-07-19,0.9947339470321549,2.0
2010-07-20,1.015684819952608,2.0
2010-07-21,0.9919728717047807,2.0
2010-07-22,1.036560890374488,2.0
2010-07-23,1.054549322049522,2.0
2010-07-26,1.070000165438162,2.0
2010-07-27,1.069847793666918,2.0
2010-07-28,1.0552685724872704,2.0
2010-07-29,1.0385130031247725,2.0
2010-07-30,1.0432411613974597,2.0
2010-08-02,1.0806592698412143,2.0
2010-08-03,1.073211948573536,2.0
2010-08-04,1.0938776157759242,2.0
2010-08-05,1.0895726854798757,2.0
2010-08-06,1.0861659770706373,2.0
2010-08-09,1.0988271371497544,2.0
2010-08-10,1.083297493859284,2.0
2010-08-11,1.0238499240232508,2.0
2010-08-12,1.00461162139333,2.0
2010-08-13,0.9912691339470086,2.0
2010-08-16,0.9950050859980898,2.0
2010-08-17,1.02023653483536,2.0
2010-08-18,1.0263484473413802,2.0
2010-08-19,1.001187110266077,2.0
2010-08-20,0.9988930647786958,2.0
2010-08-23,0.9805159391685814,2.0
2010-08-24,0.943008394989721,2.0
2010-08-25,0.9618576159832948,2.0
2010-08-26,0.9409294006838904,2.0
2010-08-27,0.9616818363542231,2.0
2010-08-30,0.9409089005518781,2.0
2010-08-31,0.9378013834579254,2.0
2010-09-01,0.9902027865210895,2.0
2010-09-02,1.0128565695625702,2.0
2010-09-03,1.0472490152056408,2.0
2010-09-07,1.0302530157813674,2.0
2010-09-08,1.0545119732665567,2.0
2010-09-09,1.0634064502948721,2.0
2010-09-10,1.0710361482806166,2.0
2010-09-13,1.102511120838722,2.0
2010-09-14,1.1118203070580497,2.0
2010-09-15,1.1244077658376224,1.0
2010-09-16,1.129692052065277,1.0
2010-09-17,1.1337013250219898,1.0
2010-09-20,1.1533886176362012,1.0
2010-09-21,1.1521770157286082,1.0
2010-09-22,1.1503551602886233,1.0
2010-09-23,1.1492073183008793,1.0
2010-09-24,1.1708992440995412,1.0
2010-09-27,1.1664313175144934,1.0
2010-09-28,1.1674080886208402,1.0
2010-09-29,1.1642737750461567,1.0
2010-09-30,1.1590186957157598,1.0
2010-10-01,1.1578174846732348,1.0
2010-10-04,1.1444282890077118,2.0
2010-10-05,1.2012268762399774,2.0
2010-10-06,1.1808181679682035,2.0
2010-10-07,1.1885367418678647,2.0
2010-10-08,1.2044982689014097,2.0
2010-10-11,1.2061263824110875,2.0
2010-10-12,1.222819730135845,2.0
2010-10-13,1.2426289221753646,2.0
2010-10-14,1.238031026650834,2.0
2010-10-15,1.2906791344059478,2.0
2010-10-18,1.2906791344059478,2.0
2010-10-19,1.256463052795524,2.0
2010-10-20,1.2738778352297147,2.0
2010-10-21,1.2798020169016773,2.0
2010-10-22,1.2964383245132773,1.0
2010-10-25,1.3029958032680535,1.0
2010-10-26,1.305599187834611,1.0
2010-10-27,1.3100790629707948,1.0
2010-10-28,1.3125877545425264,1.0
2010-10-29,1.310487880936324,1.0
2010-11-01,1.3114917220424904,1.0
2010-11-02,1.3247424664799918,1.0
2010-11-03,1.3311235322771127,1.0
2010-11-04,1.346845180031229,1.0
2010-11-05,1.3473826562383118,1.0
2010-11-08,1.348522594917249,1.0
2010-11-09,1.3412550279760223,1.0
2010-11-10,1.3480908948753623,1.0
2010-11-11,1.3405334022361468,1.0
2010-11-12,1.3177952519140546,2.0
2010-11-15,1.3083877768071557,2.0
2010-11-16,1.2651043170071872,2.0
2010-11-17,1.2730840063729905,2.0
2010-11-18,1.3125346934632658,2.0
2010-11-19,1.3145933904071654,2.0
2010-11-22,1.337696339217335,2.0
2010-11-23,1.2955734958709788,2.0
2010-11-24,1.3460173236909732,2.0
2010-11-26,1.3403710583918484,2.0
2010-11-29,1.3279324949562195,2.0
2010-11-30,1.2942775502510848,2.0
2010-12-01,1.3491433648802234,2.0
2010-12-02,1.376455370736596,2.0
2010-12-03,1.3841269440567971,2.0
2010-12-06,1.3825063796922379,2.0
2010-12-07,1.3833508764067837,2.0
2010-12-08,1.396125463829937,2.0
2010-12-09,1.397092405679242,2.0
2010-12-10,1.4166466320728106,2.0
2010-12-13,1.4055596488889563,2.0
2010-12-14,1.4094834130951241,2.0
2010-12-15,1.3999100722778026,2.0
2010-12-16,1.4193821984668262,2.0
2010-12-17,1.422264466325066,2.0
2010-12-20,1.4248213957875064,2.0
2010-12-21,1.4404797190608711,2.0
2010-12-22,1.441497699380186,2.0
2010-12-23,1.434189330385713,2.0
2010-12-27,1.4345734052679864,2.0
2010-12-28,1.4304323942072334,2.0
2010-12-29,1.436110449149692,2.0
2010-12-30,1.428915652917355,2.0
2010-12-31,1.420170590451473,2.0
2011-01-03,1.4629386835253289,2.0
2011-01-04,1.4645610871583976,1.0
2011-01-05,1.4693208590501747,1.0
2011-01-06,1.496467321611234,1.0
2011-01-07,1.4997532577578374,1.0
2011-01-10,1.5154754461316133,1.0
2011-01-11,1.5210843063827189,1.0
2011-01-12,1.5495418363605828,1.0
2011-01-13,1.5493716744126824,1.0
2011-01-14,1.5915781935093571,1.0
2011-01-18,1.5853436975208752,1.0
2011-01-19,1.5485356759916655,2.0
2011-01-20,1.5110049970290027,2.0
2011-01-21,1.4936517991297096,2.0
2011-01-24,1.565563815439715,2.0
2011-01-25,1.5437242964092426,2.0
2011-01-26,1.5722489254625756,2.0
2011-01-27,1.6301495776026762,2.0
2011-01-28,1.542137085533589,2.0
2011-01-31,1.5538499925913936,2.0
2011-02-01,1.6288354284956665,2.0
2011-02-02,1.6472856668062577,2.0
2011-02-03,1.6484531609764614,2.0
2011-02-04,1.7134807978796351,2.0
2011-02-07,1.7016994736945692,2.0
2011-02-08,1.699071963189064,2.0
2011-02-09,1.6775453025991283,2.0
2011-02-10,1.6871379450882813,2.0
2011-02-11,1.7128658791183067,2.0
2011-02-14,1.7388928862024506,2.0
2011-02-15,1.705747636792665,2.0
2011-02-16,1.7416790512932483,2.0
2011-02-17,1.792833015363289,1.0
2011-02-18,1.7859480388242002,1.0
2011-02-22,1.7150330380491254,2.0
2011-02-23,1.6536440300683077,2.0
2011-02-24,1.7081282756739375,2.0
2011-02-25,1.7942194021835585,2.0
2011-02-28,1.7580404546277344,2.0
2011-03-01,1.6880632794668187,2.0
2011-03-02,1.736057869738466,2.0
2011-03-03,1.803209787892259,2.0
2011-03-04,1.7653410939942848,2.0
2011-03-07,1.667904824924974,2.0
2011-03-08,1.6738194200078076,2.0
2011-03-09,1.5743436006036644,2.0
2011-03-10,1.4949019344653607,2.0
2011-03-11,1.5214725575798833,2.0
2011-03-14,1.517332842983806,2.0
2011-03-15,1.4805935582877618,2.0
2011-03-16,1.4168760974984405,2.0
2011-03-17,1.4514193751184452,2.0
2011-03-18,1.4610626077510058,2.0
2011-03-21,1.5114278261011982,2.0
2011-03-22,1.4877917203404816,2.0
2011-03-23,1.5146659042843278,2.0
2011-03-24,1.5891008045092219,2.0
2011-03-25,1.580239980209416,2.0
2011-03-28,1.5852382752744678,2.0
2011-03-29,1.6142560903422958,2.0
2011-03-30,1.6177356861664933,2.0
2011-03-31,1.5902887506258294,2.0
2011-04-01,1.5531889678153135,2.0
2011-04-04,1.5485126915769583,1.0
2011-04-05,1.5426463700234994,1.0
2011-04-06,1.5465253042709337,1.0
2011-04-07,1.5464030654967353,1.0
2011-04-08,1.5386825509690816,1.0
2011-04-11,1.534039278193091,1.0
2011-04-12,1.5239511987773144,1.0
2011-04-13,1.5360685725810261,1.0
2011-04-14,1.5332723997189186,1.0
2011-04-15,1.5299678828126497,1.0
2011-04-18,1.5201351861741885,2.0
2011-04-19,1.5384089612835603,2.0
2011-04-20,1.6066564188545012,2.0
2011-04-21,1.6338311581213878,2.0
2011-04-25,1.6419156350531152,2.0
2011-04-26,1.6607358768544764,2.0
2011-04-27,1.6837037254542477,2.0
2011-04-28,1.6820143154212976,2.0
2011-04-29,1.6765796102247905,2.0
2011-05-02,1.670532351656399,2.0
2011-05-03,1.6538095958367363,2.0
2011-05-04,1.6473558184786896,2.0
2011-05-05,1.6308827806347297,2.0
2011-05-06,1.64032555330796,2.0
2011-05-09,1.6521879257083922,2.0
2011-05-10,1.6804601431941355,2.0
2011-05-11,1.6562912805255132,2.0
2011-05-12,1.6757670887663898,2.0
2011-05-13,1.636192705356072,2.0
2011-05-16,1.579471424160813,2.0
2011-05-17,1.5880790838372203,2.0
2011-05-18,1.613831522351667,2.0
2011-05-19,1.623089978506945,2.0
2011-05-20,1.599214106315772,2.0
2011-05-23,1.552960627717516,2.0
2011-05-24,1.5334523719773112,2.0
2011-05-25,1.544852242575169,2.0
2011-05-26,1.564163441856465,2.0
2011-05-27,1.5797170068584785,2.0
2011-05-31,1.6303962093559967,2.0
2011-06-01,1.5609498343096229,2.0
2011-06-02,1.5669839604111162,2.0
2011-06-03,1.5195556107907997,2.0
2011-06-06,1.4950835024679414,2.0
2011-06-07,1.4893023838468873,2.0
2011-06-08,1.4679281135255613,2.0
2011-06-09,1.469527553915407,1.0
2011-06-10,1.4470328807792876,1.0
2011-06-13,1.4473659232701586,1.0
2011-06-14,1.46530313740791,1.0
2011-06-15,1.438616637411476,2.0
2011-06-16,1.4252325720274772,2.0
2011-06-17,1.4181701276773262,2.0
2011-06-20,1.4306964872780252,2.0
2011-06-21,1.494282563546544,2.0
2011-06-22,1.471847413355447,2.0
2011-06-23,1.499003719581083,2.0
2011-06-24,1.4463722696379167,2.0
2011-06-27,1.4932279590230402,2.0
2011-06-28,1.5378971955281577,2.0
2011-06-29,1.5507388431986078,2.0
2011-06-30,1.5900192777189701,2.0
2011-07-01,1.639134106612469,1.0
2011-07-05,1.6470078918837185,1.0
2011-07-06,1.6528580394103272,1.0
2011-07-07,1.6751563402103382,1.0
2011-07-08,1.670532969299583,1.0
2011-07-11,1.64067756123649,2.0
2011-07-12,1.614011201152494,2.0
2011-07-13,1.6283526687172378,2.0
2011-07-14,1.591001445771007,2.0
2011-07-15,1.633182349622128,2.0
2011-07-18,1.615226404348243,2.0
2011-07-19,1.6911620802816816,2.0
2011-07-20,1.6753824373597994,2.0
2011-07-21,1.6980330964541608,2.0
2011-07-22,1.7331578086253088,2.0
2011-07-25,1.726352916716922,2.0
2011-07-26,1.732676031677102,2.0
2011-07-27,1.6450491772808333,2.0
2011-07-28,1.650898791473576,2.0
2011-07-29,1.6402364213701408,2.0
2011-08-01,1.625464186101956,2.0
2011-08-02,1.5432079893736699,2.0
2011-08-03,1.5698876597267861,2.0
2011-08-04,1.4274491766755462,2.0
2011-08-05,1.4064625595072713,2.0
2011-08-08,1.3331566420191328,1.0
2011-08-09,1.3940185701572358,1.0
2011-08-10,1.339212952367546,2.0
2011-08-11,1.4538182989309483,2.0
2011-08-12,1.478475616152906,2.0
2011-08-15,1.5209984723522585,1.0
2011-08-16,1.5079686318963446,1.0
2011-08-17,1.4998143935142811,1.0
2011-08-18,1.427315376404043,2.0
2011-08-19,1.3739747307039265,2.0
2011-08-22,1.3821957743347748,2.0
2011-08-23,1.4962471852671608,2.0
2011-08-24,1.519765922654375,2.0
2011-08-25,1.4710888090026444,2.0
2011-08-26,1.5419405024747626,2.0
2011-08-29,1.6294262809353046,1.0
2011-08-30,1.6404788425558754,1.0
2011-08-31,1.643664235581528,1.0
2011-09-01,1.628200925971127,1.0
2011-09-02,1.5902068260683861,2.0
2011-09-06,1.5900374525872503,2.0
2011-09-07,1.6701822980351864,2.0
2011-09-08,1.6547607765319778,2.0
2011-09-09,1.582127449997684,2.0
2011-09-12,1.6216839426063687,2.0
2011-09-13,1.663629042445613,2.0
2011-09-14,1.7115394183902197,2.0
2011-09-15,1.763380530101336,2.0
2011-09-16,1.7941002054095818,2.0
2011-09-19,1.7971446615776852,2.0
2011-09-20,1.7801686818749736,2.0
2011-09-21,1.7198135694774646,2.0
2011-09-22,1.6082577905037483,2.0
2011-09-23,1.6416878007496316,2.0
2011-09-26,1.678812147001354,2.0
2011-09-27,1.7130422559425877,2.0
2011-09-28,1.659245432232076,2.0
2011-09-29,1.6264710403235085,2.0
2011-09-30,1.542177562669793,2.0
2011-10-03,1.4615972779039992,2.0
2011-10-04,1.5208873471807134,2.0
2011-10-05,1.5979667599734186,2.0
2011-10-06,1.6527044767326315,2.0
2011-10-07,1.6299859319772239,2.0
2011-10-10,1.7414823868131286,2.0
2011-10-11,1.7662763185833545,2.0
2011-10-12,1.785190575982428,2.0
2011-10-13,1.817140325535113,1.0
2011-10-14,1.8505013678583633,1.0
2011-10-17,1.8219481260541863,1.0
2011-10-18,1.8439756601896826,1.0
2011-10-19,1.8085366724217056,2.0
2011-10-20,1.793228779244133,2.0
2011-10-21,1.8357508974417176,2.0
2011-10-24,1.9122188232340909,2.0
2011-10-25,1.8399428745877016,2.0
2011-10-26,1.8350942835088315,2.0
2011-10-27,1.9336853796317546,2.0
2011-10-28,1.9379470575699713,2.0
2011-10-31,1.873923993794053,2.0
2011-11-01,1.7771842819346677,2.0
2011-11-02,1.8063727553616706,2.0
2011-11-03,1.8796671332686192,2.0
2011-11-04,1.8602504081504265,2.0
2011-11-07,1.8878341199728745,2.0
2011-11-08,1.9297916157878754,2.0
2011-11-09,1.7967191530989501,2.0
2011-11-10,1.7917823237537591,2.0
2011-11-11,1.8588312431909524,2.0
2011-11-14,1.8377940843778453,2.0
2011-11-15,1.8771827918973039,2.0
2011-11-16,1.8154956173249313,2.0
2011-11-17,1.7322596000905455,2.0
2011-11-18,1.7045619823474691,2.0
2011-11-21,1.638551466932105,2.0
2011-11-22,1.6480529501496315,2.0
2011-11-23,1.5750223352440547,2.0
2011-11-25,1.5512192039891666,2.0
2011-11-28,1.6580096169790108,2.0
2011-11-29,1.6380400623470768,2.0
2011-11-30,1.757895589222427,2.0
2011-12-01,1.783020899226444,2.0
2011-12-02,1.7717100919516782,2.0
2011-12-05,1.8104184935830678,2.0
2011-12-06,1.8011756518726847,2.0
2011-12-07,1.802996629450445,2.0
2011-12-08,1.7417878613165942,2.0
2011-12-09,1.796849184412827,2.0
2011-12-12,1.7575433869292827,2.0
2011-12-13,1.7179632349612908,2.0
2011-12-14,1.6646825727995815,2.0
2011-12-15,1.6560614491710275,2.0
2011-12-16,1.6698930512283552,2.0
2011-12-19,1.6390744084857662,2.0
2011-12-20,1.7360566812481066,2.0
2011-12-21,1.687869979530894,2.0
2011-12-22,1.7153138564820374,2.0
2011-12-23,1.7449250198376407,2.0
2011-12-27,1.7538668323030047,2.0
2011-12-28,1.7163326982369105,2.0
2011-12-29,1.738625275052537,2.0
2011-12-30,1.7291586058529382,2.0
2012-01-03,1.7947738109484497,2.0
2012-01-04,1.8090925380102387,2.0
2012-01-05,1.8387799247855043,2.0
2012-01-06,1.8514469390868935,2.0
2012-01-09,1.8411183149535983,2.0
2012-01-10,1.8662757353047779,2.0
2012-01-11,1.8749303027644042,2.0
2012-01-12,1.8897597608606451,2.0
2012-01-13,1.8753124806197359,2.0
2012-01-17,1.908880001797019,2.0
2012-01-18,1.9594343572473618,2.0
2012-01-19,1.9855832232623807,2.0
2012-01-20,1.9797219679555345,2.0
2012-01-23,1.9795637019352423,2.0
2012-01-24,1.9722651646470284,2.0
2012-01-25,2.0224957554251524,2.0
2012-01-26,2.0082072401798112,2.0
2012-01-27,2.021442628910537,2.0
2012-01-30,2.0236407788359254,2.0
2012-01-31,2.0283512501235976,2.0
2012-02-01,2.0615865839335417,2.0
2012-02-02,2.0757409027660634,1.0
2012-02-03,2.1032537324151157,1.0
2012-02-06,2.102573719528325,1.0
2012-02-07,2.1055959985014607,1.0
2012-02-08,2.117276408234878,1.0
2012-02-09,2.1329290082999934,1.0
2012-02-10,2.1177228284414813,1.0
2012-02-13,2.136727853758854,1.0
2012-02-14,2.1429516845462797,1.0
2012-02-15,2.127007375266844,1.0
2012-02-16,2.1566454283793433,1.0
2012-02-17,2.1505315772951614,1.0
2012-02-21,2.156608439913801,1.0
2012-02-22,2.1471125062984817,1.0
2012-02-23,2.160684123118483,1.0
2012-02-24,2.167709646799662,1.0
2012-02-27,2.171199422072485,1.0
2012-02-28,2.1928505189592378,1.0
2012-02-29,2.1832442170108513,1.0
2012-03-01,2.2009427837105355,1.0
2012-03-02,2.1987303909828806,1.0
2012-03-05,2.175873925071878,1.0
2012-03-06,2.15507530403129,2.0
2012-03-07,2.187682338276053,2.0
2012-03-08,2.233939685051302,2.0
2012-03-09,2.2519393371721677,2.0
2012-03-12,2.2543410994690762,2.0
2012-03-13,2.339003271823786,2.0
2012-03-14,2.3564646990222666,2.0
2012-03-15,2.3684769488008084,2.0
2012-03-16,2.3650339182456985,2.0
2012-03-19,2.399355363237002,2.0
2012-03-20,2.4081131125619035,2.0
2012-03-21,2.407568008167941,2.0
2012-03-22,2.3978674320257043,2.0
2012-03-23,2.3956779078123365,2.0
2012-03-26,2.479088798112273,1.0
2012-03-27,2.482252998711645,1.0
2012-03-28,2.4725795001231234,1.0
2012-03-29,2.4641164771554798,1.0
2012-03-30,2.4583899897593002,1.0
2012-04-02,2.483389722834067,1.0
2012-04-03,2.483458033002569,1.0
2012-04-04,2.4496870047836024,1.0
2012-04-05,2.4646002773023787,1.0
2012-04-09,2.445704411412623,1.0
2012-04-10,2.406348214031974,2.0
2012-04-11,2.4295581521520133,2.0
2012-04-12,2.483879498724879,2.0
2012-04-13,2.4089887242668175,2.0
2012-04-16,2.358417827131483,2.0
2012-04-17,2.4510994409486884,2.0
2012-04-18,2.439160465227345,2.0
2012-04-19,2.386585630023275,2.0
2012-04-20,2.369441117689762,2.0
2012-04-23,2.329682194348017,2.0
2012-04-24,2.302264137437712,2.0
2012-04-25,2.4241769714706534,2.0
2012-04-26,2.453085325506674,2.0
2012-04-27,2.4811112157047224,2.0
2012-04-30,2.4467340303195275,2.0
2012-05-01,2.455996609481373,2.0
2012-05-02,2.4668034800079615,2.0
2012-05-03,2.4157221184830324,2.0
2012-05-04,2.297551992287392,2.0
2012-05-07,2.2997590582866314,2.0
2012-05-08,2.282842269901153,2.0
2012-05-09,2.274423902485083,2.0
2012-05-10,2.258888575869281,2.0
2012-05-11,2.257406734794978,2.0
2012-05-14,2.2158238780323654,2.0
2012-05-15,2.2029324223629416,2.0
2012-05-16,2.1710567251107675,2.0
2012-05-17,2.081997004213562,2.0
2012-05-18,2.0262788943753205,2.0
2012-05-21,2.13989818621098,2.0
2012-05-22,2.1347003016028556,2.0
2012-05-23,2.1426584919980134,2.0
2012-05-24,2.116992357102891,2.0
2012-05-25,2.1090004720570255,2.0
2012-05-29,2.161358810948161,2.0
2012-05-30,2.126363718249234,2.0
2012-05-31,2.106112635218289,2.0
2012-06-01,1.9957340909100272,2.0
2012-06-04,2.0242718934440718,2.0
2012-06-05,2.042849414845054,2.0
2012-06-06,2.1359427855144837,2.0
2012-06-07,2.1199907349711467,2.0
2012-06-08,2.1615605432491423,2.0
2012-06-11,2.0926336654992133,2.0
2012-06-12,2.136667107894027,2.0
2012-06-13,2.108734346634562,2.0
2012-06-14,2.1244935251290715,2.0
2012-06-15,2.1768238145216117,2.0
2012-06-18,2.2142386147948723,2.0
2012-06-19,2.262800945998829,2.0
2012-06-20,2.26817245328904,2.0
2012-06-21,2.1549038760125074,2.0
2012-06-22,2.199598939762406,2.0
2012-06-25,2.112626566912422,2.0
2012-06-26,2.1398521068670533,2.0
2012-06-27,2.1659880162058127,2.0
2012-06-28,2.114032979145859,2.0
2012-06-29,2.251719423924329,2.0
2012-07-02,2.263729228890063,2.0
2012-07-03,2.2996618841826635,2.0
2012-07-05,2.305009277120461,2.0
2012-07-06,2.244468487875645,2.0
2012-07-09,2.239354096983096,2.0
2012-07-10,2.1935771898138534,2.0
2012-07-11,2.1734901474537365,2.0
2012-07-12,2.1316007982910556,2.0
2012-07-13,2.193358534275238,2.0
2012-07-16,2.182396277549283,2.0
2012-07-17,2.2046838264573343,2.0
2012-07-18,2.264517821698284,2.0
2012-07-19,2.313683085279709,2.0
2012-07-20,2.254356062209319,2.0
2012-07-23,2.1987509315184774,2.0
2012-07-24,2.165261423869306,2.0
2012-07-25,2.133048576674833,2.0
2012-07-26,2.1886933213460726,2.0
2012-07-27,2.2991950880864738,2.0
2012-07-30,2.28995475627233,2.0
2012-07-31,2.290849209934529,2.0
2012-08-01,2.2759185517184437,2.0
2012-08-02,2.2600380266137194,2.0
2012-08-03,2.3457323827801244,2.0
2012-08-06,2.3808722610205706,2.0
2012-08-07,2.420148959754701,2.0
2012-08-08,2.417531297905412,2.0
2012-08-09,2.431203802998387,2.0
2012-08-10,2.4378772325391047,2.0
2012-08-13,2.4477278879725612,2.0
2012-08-14,2.4500399622188977,2.0
2012-08-15,2.461600782451912,2.0
2012-08-16,2.5204157557251072,2.0
2012-08-17,2.543498744068356,2.0
2012-08-20,2.5500238326820197,2.0
2012-08-21,2.5304754516177286,2.0
2012-08-22,2.548677150053731,2.0
2012-08-23,2.5109827949659076,2.0
2012-08-24,2.5406804772236136,2.0
2012-08-27,2.5489140988297354,2.0
2012-08-28,2.548631337220126,2.0
2012-08-29,2.549197402548117,2.0
2012-08-30,2.497330637013959,2.0
2012-08-31,2.5328458994751437,2.0
2012-09-04,2.5257333340165324,2.0
2012-09-05,2.518044887077765,2.0
2012-09-06,2.6290069875109214,2.0
2012-09-07,2.621462907121423,2.0
2012-09-10,2.557120059586942,2.0
2012-09-11,2.549755055452831,2.0
2012-09-12,2.564506879626997,2.0
2012-09-13,2.632689347166947,2.0
2012-09-14,2.677657460747773,2.0
2012-09-17,2.6809810881501597,2.0
2012-09-18,2.6843029891582577,2.0
2012-09-19,2.69619758391211,2.0
2012-09-20,2.6920583180413193,2.0
2012-09-21,2.6920583180413193,2.0
2012-09-24,2.6589102525208914,2.0
2012-09-25,2.587749045052996,2.0
2012-09-26,2.542371677061922,2.0
2012-09-27,2.61432291610907,2.0
2012-09-28,2.5725248018954767,2.0
2012-10-01,2.5651692919525506,2.0
2012-10-02,2.576216867367197,2.0
2012-10-03,2.608717685979244,2.0
2012-10-04,2.628940517500547,2.0
2012-10-05,2.5987226626432265,2.0
2012-10-08,2.5528499783535747,2.0
2012-10-09,2.465385068965264,2.0
2012-10-10,2.445434528042236,2.0
2012-10-11,2.430920867132235,2.0
2012-10-12,2.43063006053831,2.0
2012-10-15,2.462949472351951,2.0
2012-10-16,2.5344021528454066,2.0
2012-10-17,2.5292675688131694,2.0
2012-10-18,2.471587750144594,2.0
2012-10-19,2.3525508208545047,2.0
2012-10-22,2.3771548600569274,2.0
2012-10-23,2.3302645262754984,2.0
2012-10-24,2.3147767852410066,2.0
2012-10-25,2.3147767852410066,2.0
2012-10-26,2.330916618224707,2.0
2012-10-31,2.30083169488967,2.0
2012-11-01,2.3658927511147985,2.0
2012-11-02,2.308219177842619,2.0
2012-11-05,2.345955432676239,2.0
2012-11-06,2.3554646043142573,2.0
2012-11-07,2.242789744404446,2.0
2012-11-08,2.172836715719819,2.0
2012-11-09,2.188603473680492,2.0
2012-11-12,2.1907590677982505,2.0
2012-11-13,2.1590494654104044,2.0
2012-11-14,2.1075652538255736,2.0
2012-11-15,2.095005082239481,2.0
2012-11-16,2.1107532821178783,2.0
2012-11-19,2.2120914577895197,2.0
2012-11-20,2.212401030126588,2.0
2012-11-21,2.222826744920746,2.0
2012-11-23,2.290755513201587,2.0
2012-11-26,2.310354595293317,2.0
2012-11-27,2.292939030557795,2.0
2012-11-28,2.333928885482668,2.0
2012-11-29,2.360817932851803,2.0
2012-11-30,2.3551733695892487,2.0
2012-12-03,2.3474417024905683,2.0
2012-12-04,2.337310955836657,2.0
2012-12-05,2.289242116060174,2.0
2012-12-06,2.3173042008226723,2.0
2012-12-07,2.29091109384981,2.0
2012-12-10,2.3044837592597047,2.0
2012-12-11,2.363735903262337,2.0
2012-12-12,2.353041987547156,2.0
2012-12-13,2.317612667220841,2.0
2012-12-14,2.2738117735658374,2.0
2012-12-17,2.332884727730616,2.0
2012-12-18,2.404978666292388,2.0
2012-12-19,2.381989378167069,2.0
2012-12-20,2.3831723772073614,2.0
2012-12-21,2.3337286724866266,2.0
2012-12-24,2.320559490898842,2.0
2012-12-26,2.283947804193801,2.0
2012-12-27,2.275475805077633,2.0
2012-12-28,2.231527924016346,2.0
2012-12-31,2.3285648354305093,2.0
2013-01-02,2.473395617375224,2.0
2013-01-03,2.449508796491022,2.0
2013-01-04,2.4334076431000757,2.0
2013-01-07,2.4351696293649425,2.0
2013-01-08,2.425771946945836,2.0
2013-01-09,2.442248882004785,2.0
2013-01-10,2.470981734539563,2.0
2013-01-11,2.477101895853366,2.0
2013-01-14,2.455848086256323,2.0
2013-01-15,2.4315776462966032,2.0
2013-01-16,2.4498003814579636,2.0
2013-01-17,2.474979123065871,2.0
2013-01-18,2.4656584280883957,2.0
2013-01-22,2.4723716456516236,2.0
2013-01-23,2.499185482835099,2.0
2013-01-24,2.4327966561695837,2.0
2013-01-25,2.4568961470386252,2.0
2013-01-28,2.468596095425826,2.0
2013-01-29,2.468596095425826,2.0
2013-01-30,2.4595513165754497,2.0
2013-01-31,2.4490273626702725,2.0
2013-02-01,2.502638072621293,2.0
2013-02-04,2.4663980615634316,1.0
2013-02-05,2.505208924328678,1.0
2013-02-06,2.5097349513816662,1.0
2013-02-07,2.4988154082031095,1.0
2013-02-08,2.531146322498166,1.0
2013-02-11,2.534881895841739,1.0
2013-02-12,2.540238055357713,1.0
2013-02-13,2.5469611567973995,1.0
2013-02-14,2.5711787482642134,1.0
2013-02-15,2.5546529600580157,1.0
2013-02-19,2.5853856031205797,1.0
2013-02-20,2.5275891889530335,2.0
2013-02-21,2.435564961603537,2.0
2013-02-22,2.5370157558581736,2.0
2013-02-25,2.440368469058003,2.0
2013-02-26,2.481054416484431,2.0
2013-02-27,2.555116068171845,2.0
2013-02-28,2.5986371444059264,2.0
2013-03-01,2.5373782714102173,2.0
2013-03-04,2.5303319653824574,2.0
2013-03-05,2.62629512183765,2.0
2013-03-06,2.634148057094816,2.0
2013-03-07,2.6567513994706813,2.0
2013-03-08,2.6608851272602667,2.0
2013-03-11,2.6691470679107447,2.0
2013-03-12,2.695723696182097,2.0
2013-03-13,2.7116867983668587,2.0
2013-03-14,2.7366918521944275,2.0
2013-03-15,2.647982996338218,2.0
2013-03-18,2.576631058071576,2.0
2013-03-19,2.556561688462806,2.0
2013-03-20,2.6235731617638516,2.0
2013-03-21,2.540749249191637,2.0
2013-03-22,2.593900327942626,2.0
2013-03-25,2.585053212412301,2.0
2013-03-26,2.6326261068637384,2.0
2013-03-27,2.640023324866151,2.0
2013-03-28,2.671872486154069,2.0
2013-04-01,2.5713844927715503,2.0
2013-04-02,2.5222454941531964,2.0
2013-04-03,2.4211088477903755,2.0
2013-04-04,2.482893860531906,2.0
2013-04-05,2.4590542122450096,2.0
2013-04-08,2.519416967685059,2.0
2013-04-09,2.5653376940457733,2.0
2013-04-10,2.6751292516301635,2.0
2013-04-11,2.657660215294203,2.0
2013-04-12,2.631366541296649,2.0
2013-04-15,2.5061957779837316,2.0
2013-04-16,2.6065183732392345,2.0
2013-04-17,2.4353177458424415,2.0
2013-04-18,2.3913198320829707,2.0
2013-04-19,2.429381651540103,2.0
2013-04-22,2.4787678450908883,2.0
2013-04-23,2.5851961497812024,2.0
2013-04-24,2.647201804033835,2.0
2013-04-25,2.6987384589607957,2.0
2013-04-26,2.6495297943177745,2.0
2013-04-29,2.7098758668969647,2.0
2013-04-30,2.7635915714842643,2.0
2013-05-01,2.711756688771498,2.0
2013-05-02,2.7444810828672663,1.0
2013-05-03,2.776442190502121,1.0
2013-05-06,2.78837614679072,1.0
2013-05-07,2.786115874967062,1.0
2013-05-08,2.8006319325310725,1.0
2013-05-09,2.7973358847202414,1.0
2013-05-10,2.813189350278273,1.0
2013-05-13,2.8168478007197058,1.0
2013-05-14,2.830660100605093,1.0
2013-05-15,2.837628581876593,1.0
2013-05-16,2.8341605606078764,1.0
2013-05-17,2.86080756146924,1.0
2013-05-20,2.8565104084694153,1.0
2013-05-21,2.860060103269264,1.0
2013-05-22,2.836794648594408,1.0
2013-05-23,2.8265113594705666,1.0
2013-05-24,2.825992866427112,1.0
2013-05-28,2.845423848730961,1.0
2013-05-29,2.831110286299926,1.0
2013-05-30,2.846473413606314,1.0
2013-05-31,2.8193974445246317,1.0
2013-06-03,2.8248665661902392,1.0
2013-06-04,2.810727563109378,2.0
2013-06-05,2.73891885052619,2.0
2013-06-06,2.7612249959093584,2.0
2013-06-07,2.838191771114177,2.0
2013-06-10,2.8389731837479446,2.0
2013-06-11,2.7841816949802003,2.0
2013-06-12,2.7198859923266903,2.0
2013-06-13,2.7849507314641953,2.0
2013-06-14,2.7522667007144377,2.0
2013-06-17,2.8031756593463495,2.0
2013-06-18,2.847320120640019,2.0
2013-06-19,2.787610226481475,2.0
2013-06-20,2.6505570294901766,2.0
2013-06-21,2.6256636635139827,2.0
2013-06-24,2.5715665471836213,2.0
2013-06-25,2.608105967238392,2.0
2013-06-26,2.6555782479367664,2.0
2013-06-27,2.675318023696384,2.0
2013-06-28,2.6801675967903296,2.0
2013-07-01,2.7183911003247347,2.0
2013-07-02,2.7207260911340794,1.0
2013-07-03,2.7350995230475874,1.0
2013-07-05,2.7706595830325456,1.0
2013-07-08,2.7157491454875973,2.0
2013-07-09,2.771606450436712,2.0
2013-07-10,2.835029742852063,2.0
2013-07-11,2.9554988984512276,2.0
2013-07-12,2.9892302712915932,2.0
2013-07-15,2.988857201829375,2.0
2013-07-16,3.0052561441593544,2.0
2013-07-17,3.01046128598172,2.0
2013-07-18,2.960693976514082,2.0
2013-07-19,2.9487103420841976,2.0
2013-07-22,2.934449021465612,2.0
2013-07-23,2.913005375334855,2.0
2013-07-24,2.806521717132844,2.0
2013-07-25,2.8400084710814477,2.0
2013-07-26,2.7887319151132672,2.0
2013-07-29,2.758223970634697,2.0
2013-07-30,2.8195817705786124,2.0
2013-07-31,2.846473680548409,2.0
2013-08-01,2.949327857876176,2.0
2013-08-02,2.912122939300057,2.0
2013-08-05,2.9030456380499,2.0
2013-08-06,2.863649469988718,2.0
2013-08-07,2.804145688026098,2.0
2013-08-08,2.809928010911776,2.0
2013-08-09,2.7821990280157873,2.0
2013-08-12,2.802712397702851,2.0
2013-08-13,2.8651877355155833,2.0
2013-08-14,2.7801147280314638,2.0
2013-08-15,2.6530427648840824,2.0
2013-08-16,2.670506398966692,2.0
2013-08-19,2.6345033335404833,2.0
2013-08-20,2.669558949309951,2.0
2013-08-21,2.630379351307021,2.0
2013-08-22,2.6897887303164016,2.0
2013-08-23,2.690971617699581,2.0
2013-08-26,2.6787502042524136,2.0
2013-08-27,2.545573126382481,2.0
2013-08-28,2.5565546926127953,1.0
2013-08-29,2.5891030786581553,1.0
2013-08-30,2.565434622595921,1.0
2013-09-03,2.5864111138152373,1.0
2013-09-04,2.614540100999665,1.0
2013-09-05,2.618352939620393,1.0
2013-09-06,2.6215211205487514,1.0
2013-09-09,2.6522810735788362,1.0
2013-09-10,2.665665891580342,1.0
2013-09-11,2.6611809767671377,1.0
2013-09-12,2.657191659649734,1.0
2013-09-13,2.660064382208251,1.0
2013-09-16,2.652592072097669,1.0
2013-09-17,2.670297944540441,1.0
2013-09-18,2.7030126499332305,1.0
2013-09-19,2.7085675424196998,1.0
2013-09-20,2.698689027484748,1.0
2013-09-23,2.693612839082609,1.0
2013-09-24,2.693812507844926,1.0
2013-09-25,2.68532274427733,1.0
2013-09-26,2.7058283756031996,1.0
2013-09-27,2.7015705774995653,1.0
2013-09-30,2.695909327539676,1.0
2013-10-01,2.722841281400631,1.0
2013-10-02,2.7211785447589127,1.0
2013-10-03,2.6896437662250237,1.0
2013-10-04,2.7127086679409205,1.0
2013-10-07,2.6903254829098606,1.0
2013-10-08,2.639584805762617,2.0
2013-10-09,2.620188657373186,2.0
2013-10-10,2.73114209144336,2.0
2013-10-11,2.7721775176364774,2.0
2013-10-14,2.81046904279225,2.0
2013-10-15,2.7904408316547835,2.0
2013-10-16,2.853986251170647,2.0
2013-10-17,2.884707785810405,2.0
2013-10-18,2.979775607502001,2.0
2013-10-21,2.991178372410382,1.0
2013-10-22,2.9946124445016236,1.0
2013-10-23,2.9785590543393012,1.0
2013-10-24,2.990927682568228,1.0
2013-10-25,3.010849735369485,1.0
2013-10-28,3.0128839452793565,1.0
2013-10-29,3.0177201954607416,1.0
2013-10-30,3.0145380238026105,1.0
2013-10-31,3.008064352289949,1.0
2013-11-01,3.007579234105725,1.0
2013-11-04,3.012433263991992,1.0
2013-11-05,3.0166902426579667,1.0
2013-11-06,3.0149534418184714,1.0
2013-11-07,2.9592177256094643,2.0
2013-11-08,3.037110761409638,2.0
2013-11-11,3.0273975016539607,2.0
2013-11-12,3.037325014353476,2.0
2013-11-13,3.1098685556549475,2.0
2013-11-14,3.1259330782986083,2.0
2013-11-15,3.1403954530365326,2.0
2013-11-18,3.082487986434375,2.0
2013-11-19,3.062215919706047,2.0
2013-11-20,3.04799817605509,2.0
2013-11-21,3.1101490023608043,2.0
2013-11-22,3.1428774219528433,2.0
2013-11-25,3.156720665636362,2.0
2013-11-26,3.1915426914012595,2.0
2013-11-27,3.234107447151422,2.0
2013-11-29,3.269474132554747,2.0
2013-12-02,3.255899815265836,2.0
2013-12-03,3.249579086120364,2.0
2013-12-04,3.2551414538513783,2.0
2013-12-05,3.2484342441553973,2.0
2013-12-06,3.293124073073897,2.0
2013-12-09,3.319414280205961,2.0
2013-12-10,3.315428455363399,2.0
2013-12-11,3.2328355146548704,2.0
2013-12-12,3.2153342171113692,2.0
2013-12-13,3.205112227331016,2.0
2013-12-16,3.241811882047556,2.0
2013-12-17,3.228176028496386,2.0
2013-12-18,3.302472691700038,2.0
2013-12-19,3.2826776850795754,2.0
2013-12-20,3.348542670758194,1.0
2013-12-23,3.3846523803526245,1.0
2013-12-24,3.386225684608384,1.0
2013-12-26,3.3972287011529594,1.0
2013-12-27,3.38896033047864,1.0
2013-12-30,3.3830521803989164,1.0
2013-12-31,3.4051946195963403,1.0
2014-01-02,3.3786722259595066,1.0
2014-01-03,3.3541420830004647,1.0
2014-01-06,3.3422611561745903,2.0
2014-01-07,3.4000033539531826,2.0
2014-01-08,3.416953995732026,2.0
2014-01-09,3.3934688475627177,2.0
2014-01-10,3.416092369505211,2.0
2014-01-13,3.3148121118868765,2.0
2014-01-14,3.441325788873131,2.0
2014-01-15,3.4949139798457107,2.0
2014-01-16,3.4997494418519675,2.0
2014-01-17,3.4583122334335004,2.0
2014-01-21,3.509908056506632,2.0
2014-01-22,3.5316192639285267,2.0
2014-01-23,3.5033140047221485,2.0
2014-01-24,3.3649220458090454,2.0
2014-01-27,3.2996802778008285,2.0
2014-01-28,3.298913395645544,2.0
2014-01-29,3.2295642785038514,2.0
2014-01-30,3.3430456046494483,2.0
2014-01-31,3.327430685961252,2.0
2014-02-03,3.180461184050993,2.0
2014-02-04,3.2218823572783437,2.0
2014-02-05,3.2020809265909844,2.0
2014-02-06,3.2838709867804265,2.0
2014-02-07,3.400046464559215,2.0
2014-02-10,3.4416497135128377,2.0
2014-02-11,3.5202245625060207,2.0
2014-02-12,3.53137793141582,2.0
2014-02-13,3.591886561341183,2.0
2014-02-14,3.598880817234227,2.0
2014-02-18,3.636392395370013,2.0
2014-02-19,3.5833401070895086,2.0
2014-02-20,3.6179896761109593,2.0
2014-02-21,3.605516196441302,2.0
2014-02-24,3.6477772661962504,2.0
2014-02-25,3.6390083337424586,2.0
2014-02-26,3.6309597534450058,2.0
2014-02-27,3.678568237501491,2.0
2014-02-28,3.6661959428765303,2.0
2014-03-03,3.612618643587906,2.0
2014-03-04,3.6750551184613127,1.0
2014-03-05,3.68275170394172,1.0
2014-03-06,3.7107543012167197,1.0
2014-03-07,3.704947216849076,1.0
2014-03-10,3.6970819757772566,1.0
2014-03-11,3.6774806972006298,1.0
2014-03-12,3.7083820066523283,1.0
2014-03-13,3.6465749140181534,2.0
2014-03-14,3.6080393645912303,2.0
2014-03-17,3.694303311424359,2.0
2014-03-18,3.7993152970448607,2.0
2014-03-19,3.793707498150608,2.0
2014-03-20,3.936054468962893,2.0
2014-03-21,3.8670156421718285,2.0
2014-03-24,3.8351118993076883,2.0
2014-03-25,3.8880160551737992,2.0
2014-03-26,3.809488862490574,2.0
2014-03-27,3.7466605680993372,2.0
2014-03-28,3.8005012575306694,2.0
2014-03-31,3.9224881115081054,2.0
2014-04-01,4.044643154273879,2.0
2014-04-02,4.027739626447002,2.0
2014-04-03,4.0438174935377935,2.0
2014-04-04,3.817155604845213,2.0
2014-04-07,3.746868524319715,2.0
2014-04-08,3.840476313654667,2.0
2014-04-09,3.922945214790965,2.0
2014-04-10,3.6819053369402535,2.0
2014-04-11,3.564687809547479,2.0
2014-04-14,3.620447942164527,2.0
2014-04-15,3.6703069882061987,2.0
2014-04-16,3.656115063596822,2.0
2014-04-17,3.796804672869901,2.0
2014-04-21,3.8636420311712785,2.0
2014-04-22,3.9372675615459682,2.0
2014-04-23,3.9264723433229363,2.0
2014-04-24,3.967084203033667,2.0
2014-04-25,3.711276312156185,2.0
2014-04-28,3.666116022586727,2.0
2014-04-29,3.71064731008386,2.0
2014-04-30,3.7606328824591237,2.0
2014-05-01,3.7358055694693224,2.0
2014-05-02,3.750811307358788,2.0
2014-05-05,3.7627939101549566,2.0
2014-05-06,3.732886906073289,2.0
2014-05-07,3.737690724896692,2.0
2014-05-08,3.7887034154740333,2.0
2014-05-09,3.768136266325925,2.0
2014-05-12,3.9041287111302156,2.0
2014-05-13,3.846550422264454,2.0
2014-05-14,3.7811393528014867,2.0
2014-05-15,3.692763903945476,2.0
2014-05-16,3.7655896149831896,2.0
2014-05-19,3.846095552259724,2.0
2014-05-20,3.8099619379938976,2.0
2014-05-21,3.846565956080898,2.0
2014-05-22,3.8841823261602793,2.0
2014-05-23,3.953745067239956,2.0
2014-05-27,4.054549821453365,2.0
2014-05-28,4.063208060759718,2.0
2014-05-29,4.079929401908931,2.0
2014-05-30,4.091150049233581,2.0
2014-06-02,4.135394175770666,2.0
2014-06-03,4.213127379962302,1.0
2014-06-04,4.232241765063017,1.0
2014-06-05,4.251744991722285,1.0
2014-06-06,4.272880090446196,1.0
2014-06-09,4.283068002902713,1.0
2014-06-10,4.297318391909425,1.0
2014-06-11,4.318145805925306,1.0
2014-06-12,4.303179906696951,1.0
2014-06-13,4.343910953100018,1.0
2014-06-16,4.37096465834364,1.0
2014-06-17,4.403743325591433,1.0
2014-06-18,4.386102612693854,1.0
2014-06-19,4.390156472596027,1.0
2014-06-20,4.402947085454241,1.0
2014-06-23,4.386726208708384,1.0
2014-06-24,4.354174071674021,1.0
2014-06-25,4.369834174275861,1.0
2014-06-26,4.351254582980389,1.0
2014-06-27,4.358166061709116,1.0
2014-06-30,4.403609334664565,1.0
2014-07-01,4.46409925873519,1.0
2014-07-02,4.475347857115223,1.0
2014-07-03,4.505401720203771,1.0
2014-07-07,4.474005837940191,1.0
2014-07-08,4.451476782275443,1.0
2014-07-09,4.477287417511886,1.0
2014-07-10,4.4557930135049455,1.0
2014-07-11,4.458712925190308,1.0
2014-07-14,4.478740186519794,1.0
2014-07-15,4.466930357520704,1.0
2014-07-16,4.518461814157811,1.0
2014-07-17,4.402138227356961,2.0
2014-07-18,4.517130041256453,2.0
2014-07-21,4.541847280930996,2.0
2014-07-22,4.599621465128669,2.0
2014-07-23,4.387828468072896,2.0
2014-07-24,4.313827790017597,2.0
2014-07-25,4.140811595050416,2.0
2014-07-28,4.131921784624782,2.0
2014-07-29,4.119248015688578,2.0
2014-07-30,4.200272354383913,2.0
2014-07-31,4.010346351808811,2.0
2014-08-01,4.050350350726108,2.0
2014-08-04,4.078001291632318,1.0
2014-08-05,4.0461730583302735,1.0
2014-08-06,4.043863304873774,1.0
2014-08-07,4.030878793999889,1.0
2014-08-08,4.059523452766047,1.0
2014-08-11,4.0840622330587655,1.0
2014-08-12,4.080922222822424,1.0
2014-08-13,4.125124693459218,1.0
2014-08-14,4.146334426560798,1.0
2014-08-15,4.165128091931055,1.0
2014-08-18,4.1986882586366585,1.0
2014-08-19,4.222801260897427,1.0
2014-08-20,4.222801260897427,1.0
2014-08-21,4.230803246537635,1.0
2014-08-22,4.236334078741548,1.0
2014-08-25,4.252072432918118,1.0
2014-08-26,4.256904386604116,1.0
2014-08-27,4.257065633728058,1.0
2014-08-28,4.251280957447764,1.0
2014-08-29,4.267876676727473,1.0
2014-09-02,4.27970777762906,1.0
2014-09-03,4.255221085764383,1.0
2014-09-04,4.250717264321277,1.0
2014-09-05,4.272639824462772,1.0
2014-09-08,4.279820005649923,1.0
2014-09-09,4.245153262583973,1.0
2014-09-10,4.277970989563644,1.0
2014-09-11,4.276856361477864,1.0
2014-09-12,4.254394334271439,1.0
2014-09-15,4.211728279497743,1.0
2014-09-16,4.249689548032482,1.0
2014-09-17,4.256631652207877,1.0
2014-09-18,4.287207149290112,1.0
2014-09-19,4.284034223152452,1.0
2014-09-22,4.245263053694538,1.0
2014-09-23,4.232962259522895,1.0
2014-09-24,4.2787092842681975,1.0
2014-09-25,4.188174478885221,2.0
2014-09-26,4.2774699927069175,2.0
2014-09-29,4.267906191709285,2.0
2014-09-30,4.278470881197248,2.0
2014-10-01,4.141971436909129,2.0
2014-10-02,4.140628947508152,2.0
2014-10-03,4.223780748745508,2.0
2014-10-06,4.204524496714209,2.0
2014-10-07,4.08605346340496,2.0
2014-10-08,4.243410287781929,2.0
2014-10-09,4.102511671374504,2.0
2014-10-10,3.897756074168734,2.0
2014-10-13,3.7761622182039143,2.0
2014-10-14,3.780740421281716,2.0
2014-10-15,3.72690354685854,2.0
2014-10-16,3.6882683207844225,2.0
2014-10-17,3.7844707118163647,2.0
2014-10-20,3.893186205430776,2.0
2014-10-21,4.0961729080335525,2.0
2014-10-22,4.0538494188223595,2.0
2014-10-23,4.177405323310059,2.0
2014-10-24,4.241468198754267,2.0
2014-10-27,4.252121554543115,2.0
2014-10-28,4.378797031556203,2.0
2014-10-29,4.3437281909903165,2.0
2014-10-30,4.361828179846658,2.0
2014-10-31,4.481689567444801,2.0
2014-11-03,4.512475057471831,2.0
2014-11-04,4.480502653057158,2.0
2014-11-05,4.480178993260491,2.0
2014-11-06,4.505783685153048,2.0
2014-11-07,4.49835004677964,2.0
2014-11-10,4.529080195571889,2.0
2014-11-11,4.557772158390973,2.0
2014-11-12,4.574483299845745,2.0
2014-11-13,4.6136187476449235,2.0
2014-11-14,4.642046232483231,2.0
2014-11-17,4.613067981173174,2.0
2014-11-18,4.682069714054272,2.0
2014-11-19,4.642429633378253,2.0
2014-11-20,4.68351353163892,2.0
2014-11-21,4.706027300231003,2.0
2014-11-24,4.77688392235193,1.0
2014-11-25,4.78206554674354,1.0
2014-11-26,4.814650798395241,1.0
2014-11-28,4.838609463271334,1.0
2014-12-01,4.779071394014007,1.0
2014-12-02,4.796180485333782,1.0
2014-12-03,4.810674286582453,1.0
2014-12-04,4.805872080855712,1.0
2014-12-05,4.806958567190417,1.0
2014-12-08,4.772358395544598,1.0
2014-12-09,4.7877879266503465,1.0
2014-12-10,4.710509845822757,2.0
2014-12-11,4.7596793319477255,2.0
2014-12-12,4.6547658918582675,2.0
2014-12-15,4.5616779053381835,2.0
2014-12-16,4.4107404236804575,2.0
2014-12-17,4.568654159659932,2.0
2014-12-18,4.791964100314467,2.0
2014-12-19,4.827638875644662,2.0
2014-12-22,4.85732657924528,2.0
2014-12-23,4.826356015358953,2.0
2014-12-24,4.833081771776273,2.0
2014-12-26,4.89838231008863,2.0
2014-12-29,4.899017265485653,2.0
2014-12-30,4.831611553854596,2.0
2014-12-31,4.730752484533338,2.0
2015-01-02,4.704862701516382,2.0
2015-01-05,4.563693032142792,2.0
2015-01-06,4.4430491075468,2.0
2015-01-07,4.556997997334111,2.0
2015-01-08,4.730266823853341,2.0
2015-01-09,4.666420597990426,2.0
2015-01-12,4.570803994579783,2.0
2015-01-13,4.568165085484284,2.0
2015-01-14,4.5213227991022364,2.0
2015-01-15,4.4016166391299265,2.0
2015-01-16,4.506164365305537,2.0
2015-01-20,4.572627294087583,2.0
2015-01-21,4.619474928816545,2.0
2015-01-22,4.790821205447306,2.0
2015-01-23,4.812106042146042,2.0
2015-01-26,4.8050274614373665,2.0
2015-01-27,4.557079240959815,2.0
2015-01-28,4.50477996719326,2.0
2015-01-29,4.591679494892339,2.0
2015-01-30,4.521426696945605,2.0
2015-02-02,4.600538991729865,2.0
2015-02-03,4.6832848221588455,1.0
2015-02-04,4.701954458231025,1.0
2015-02-05,4.744835556522998,1.0
2015-02-06,4.720909169372316,1.0
2015-02-09,4.669420188621885,1.0
2015-02-10,4.827113925160911,1.0
2015-02-11,4.84330605563326,1.0
2015-02-12,4.921206954931401,1.0
2015-02-13,4.956111085426334,1.0
2015-02-17,4.972632772323875,1.0
2015-02-18,4.956334636001176,1.0
2015-02-19,4.971479638250296,1.0
2015-02-20,5.001014546591159,1.0
2015-02-23,4.967879759715386,1.0
2015-02-24,5.034931631475362,1.0
2015-02-25,5.006780432335179,1.0
2015-02-26,5.040652922015707,1.0
2015-02-27,5.02854901455499,1.0
2015-03-02,5.167794290527625,1.0
2015-03-03,5.068277412614257,2.0
2015-03-04,5.0627674001643,2.0
2015-03-05,5.065854603950933,2.0
2015-03-06,4.964008605477715,2.0
2015-03-09,4.992963600582035,2.0
2015-03-10,4.805078238794999,2.0
2015-03-11,4.832033390602018,2.0
2015-03-12,4.827965855195912,2.0
2015-03-13,4.894404924483803,2.0
2015-03-16,5.038058960474624,2.0
2015-03-17,4.966579033915414,2.0
2015-03-18,5.039245286995628,2.0
2015-03-19,5.063810953659108,2.0
2015-03-20,5.211951238033831,2.0
2015-03-23,5.11464666743273,2.0
2015-03-24,5.027397609961945,2.0
2015-03-25,4.568265794592047,2.0
2015-03-26,4.4426809413039585,2.0
2015-03-27,4.685847586412364,2.0
2015-03-30,4.816009762392696,2.0
2015-03-31,4.70306664438126,2.0
2015-04-01,4.644065737326202,2.0
2015-04-02,4.646665071208675,1.0
2015-04-06,4.683928594949334,1.0
2015-04-07,4.676713074860713,1.0
2015-04-08,4.71380814079496,1.0
2015-04-09,4.743054058123359,1.0
2015-04-10,4.761971770384725,1.0
2015-04-13,4.7501871182329225,1.0
2015-04-14,4.736589186668354,1.0
2015-04-15,4.764530257675746,1.0
2015-04-16,4.759006756789903,1.0
2015-04-17,4.68484807919266,2.0
2015-04-20,4.824473079161528,2.0
2015-04-21,4.86570496959455,2.0
2015-04-22,4.918281304309132,2.0
2015-04-23,4.9576517157196855,2.0
2015-04-24,5.086998605947871,2.0
2015-04-27,5.06532602128632,2.0
2015-04-28,5.043318734631902,2.0
2015-04-29,4.979178424129137,2.0
2015-04-30,4.823196327930388,2.0
2015-05-01,4.953239251685819,2.0
2015-05-04,4.964961415830398,2.0
2015-05-05,4.8080692738739925,2.0
2015-05-06,4.739628337820517,2.0
2015-05-07,4.793878883443712,2.0
2015-05-08,4.911009798827537,2.0
2015-05-11,4.87507897088191,2.0
2015-05-12,4.83309950766805,2.0
2015-05-13,4.849726689397373,2.0
2015-05-14,4.992888846106324,2.0
2015-05-15,4.992597644594483,2.0
2015-05-18,5.033507036539103,2.0
2015-05-19,5.02390315334456,2.0
2015-05-20,5.029439308798425,2.0
2015-05-21,5.082138442673752,2.0
2015-05-22,5.072868868534268,2.0
2015-05-26,4.955742090468191,2.0
2015-05-27,5.114756315456305,2.0
2015-05-28,5.089622616416381,2.0
2015-05-29,5.032279839542253,2.0
2015-06-01,5.061698842303731,2.0
2015-06-02,5.0309137918841,2.0
2015-06-03,5.060336524909057,2.0
2015-06-04,4.986846089530312,2.0
2015-06-05,4.961680235161824,2.0
2015-06-08,4.860465707598657,2.0
2015-06-09,4.844456710978644,2.0
2015-06-10,4.972444010915584,2.0
2015-06-11,4.990621158173073,2.0
2015-06-12,4.906045998571027,2.0
2015-06-15,4.860881286918248,2.0
2015-06-16,4.9104079059360295,2.0
2015-06-17,4.937850963129248,2.0
2015-06-18,5.077037603905454,2.0
2015-06-19,5.02536594592087,2.0
2015-06-22,5.106190625999049,2.0
2015-06-23,5.114584977846335,2.0
2015-06-24,5.062230238234021,2.0
2015-06-25,5.04013337935359,2.0
2015-06-26,4.977774145120484,2.0
2015-06-29,4.743188318813202,2.0
2015-06-30,4.779268551071589,2.0
2015-07-01,4.844566900681591,2.0
2015-07-02,4.856766381484083,2.0
2015-07-06,4.829426369637961,2.0
2015-07-07,4.8458184771452615,2.0
2015-07-08,4.683976936380479,2.0
2015-07-09,4.674894858069359,2.0
2015-07-10,4.819741812145549,2.0
2015-07-13,4.983937204276286,2.0
2015-07-14,5.05060769668594,2.0
2015-07-15,5.066654390419918,2.0
2015-07-16,5.198618522805757,2.0
2015-07-17,5.357121148539241,1.0
2015-07-20,5.3771055915476555,1.0
2015-07-21,5.372181140676168,1.0
2015-07-22,5.313406663589551,1.0
2015-07-23,5.2922185214208115,1.0
2015-07-24,5.242090281861644,2.0
2015-07-27,5.1523231177994155,2.0
2015-07-28,5.242879145213559,2.0
2015-07-29,5.28199207054024,2.0
2015-07-30,5.330997336251981,2.0
2015-07-31,5.320125621534655,2.0
2015-08-03,5.2874718208127005,2.0
2015-08-04,5.264750900123696,2.0
2015-08-05,5.34696055434231,2.0
2015-08-06,5.17587424415886,2.0
2015-08-07,5.162148141025165,2.0
2015-08-10,5.278376064981214,2.0
2015-08-11,5.144204991822137,2.0
2015-08-12,5.174447906923926,2.0
2015-08-13,5.158922418635302,2.0
2015-08-14,5.177461170092386,2.0
2015-08-17,5.262229797891377,2.0
2015-08-18,5.206267038750483,2.0
2015-08-19,5.141071854751194,2.0
2015-08-20,4.85885196942935,2.0
2015-08-21,4.455876025741156,2.0
2015-08-24,4.103943811274613,2.0
2015-08-25,4.059093276628443,1.0
2015-08-26,4.254365566786775,1.0
2015-08-27,4.365180398297706,1.0
2015-08-28,4.364000783885665,1.0
2015-08-31,4.309987621960824,1.0
2015-09-01,4.179657096468134,2.0
2015-09-02,4.406317547959575,2.0
2015-09-03,4.357840102252149,2.0
2015-09-04,4.260662360176589,2.0
2015-09-08,4.501768542073975,2.0
2015-09-09,4.397300450844323,2.0
2015-09-10,4.491031147637549,2.0
2015-09-11,4.53944303680383,2.0
2015-09-14,4.512414852464424,2.0
2015-09-15,4.61742696236257,2.0
2015-09-16,4.668879612620389,2.0
2015-09-17,4.6774590459603385,2.0
2015-09-18,4.545515091047834,2.0
2015-09-21,4.5712982023070206,2.0
2015-09-22,4.436858496860539,2.0
2015-09-23,4.441576277127007,2.0
2015-09-24,4.407309233027173,2.0
2015-09-25,4.335984627512306,2.0
2015-09-28,4.086823124288397,2.0
2015-09-29,4.046452119497832,2.0
2015-09-30,4.224908832957177,2.0
2015-10-01,4.264320170764682,2.0
2015-10-02,4.411914695351398,2.0
2015-10-05,4.546010915811581,2.0
2015-10-06,4.5026894274279305,2.0
2015-10-07,4.5509178839884825,2.0
2015-10-08,4.587990563386267,2.0
2015-10-09,4.625222145726164,2.0
2015-10-12,4.651180853980702,2.0
2015-10-13,4.590471616974414,2.0
2015-10-14,4.577441851918157,2.0
2015-10-15,4.726559539885479,2.0
2015-10-16,4.765708224828956,1.0
2015-10-19,4.794186689390233,1.0
2015-10-20,4.767698198195505,1.0
2015-10-21,4.742129628605917,1.0
2015-10-22,4.835826769333137,1.0
2015-10-23,4.969871065706713,1.0
2015-10-26,4.974790144537361,1.0
2015-10-27,4.985589984002056,1.0
2015-10-28,5.024134318711478,1.0
2015-10-29,5.017944710840182,1.0
2015-10-30,4.995055673635478,1.0
2015-11-02,5.051831966617236,1.0
2015-11-03,5.067892215469454,1.0
2015-11-04,5.068567705414446,1.0
2015-11-05,5.0536954648308505,1.0
2015-11-06,5.0592715069447385,1.0
2015-11-09,5.004989355511192,1.0
2015-11-10,4.993198705910795,1.0
2015-11-11,4.9858110236333735,1.0
2015-11-12,4.937585085293809,2.0
2015-11-13,4.7439709726059975,2.0
2015-11-16,4.875832346474388,2.0
2015-11-17,4.88703413621114,2.0
2015-11-18,5.073788094112517,2.0
2015-11-19,5.078858884139652,2.0
2015-11-20,5.146147784226964,2.0
2015-11-23,5.118455597709815,2.0
2015-11-24,5.107798921573636,2.0
2015-11-25,5.1153791476117005,2.0
2015-11-27,5.127723349483823,2.0
2015-11-30,5.1061465465437585,2.0
2015-12-01,5.207241537742819,2.0
2015-12-02,5.144108000803965,2.0
2015-12-03,4.969210063812548,2.0
2015-12-04,5.196805479329272,2.0
2015-12-07,5.1544353894649415,2.0
2015-12-08,5.154716334015158,2.0
2015-12-09,4.99461893356962,2.0
2015-12-10,5.041836467467346,2.0
2015-12-11,4.811376000969506,2.0
2015-12-14,4.883313608043282,2.0
2015-12-15,4.938599215721741,2.0
2015-12-16,5.08406272701438,2.0
2015-12-17,4.942909278483467,2.0
2015-12-18,4.76190670119028,2.0
2015-12-21,4.856204163529621,2.0
2015-12-22,4.917501998234005,2.0
2015-12-23,4.99249971191314,2.0
2015-12-24,4.985654523174431,2.0
2015-12-28,4.984798201119208,2.0
2015-12-29,5.136359663062441,2.0
2015-12-30,5.0488815831945075,2.0
2015-12-31,4.924040152583677,2.0
2016-01-04,4.7234513074682605,2.0
2016-01-05,4.695264612062749,2.0
2016-01-06,4.611334260218911,2.0
2016-01-07,4.3188907770095994,2.0
2016-01-08,4.250907803800546,2.0
2016-01-11,4.275715784369139,2.0
2016-01-12,4.371876206145941,2.0
2016-01-13,4.066960645188447,2.0
2016-01-14,4.24235474298918,2.0
2016-01-15,3.98241301076086,2.0
2016-01-19,3.9936762622306925,2.0
2016-01-20,3.9695752334660637,2.0
2016-01-21,3.979245347975694,2.0
2016-01-22,4.207825371669888,2.0
2016-01-25,4.081512542420898,2.0
2016-01-26,4.1591911550624765,2.0
2016-01-27,3.9529109600111134,2.0
2016-01-28,4.056871241102421,2.0
2016-01-29,4.233063205784021,2.0
2016-02-01,4.2490380631229,2.0
2016-02-02,4.069258981883705,2.0
2016-02-03,4.030892280713627,2.0
2016-02-04,4.0260734137111704,2.0
2016-02-05,3.749954120515976,3.0
2016-02-08,3.578751645244363,3.0
2016-02-09,3.555545218886615,1.0
2016-02-10,3.569634447899422,1.0
2016-02-11,3.566805963167928,1.0
2016-02-12,3.6174768618905273,1.0
2016-02-16,3.6977353384942853,1.0
2016-02-17,3.7828910394873865,1.0
2016-02-18,3.7400658494868217,1.0
2016-02-19,3.7530011962508043,1.0
2016-02-22,3.8120974080799086,1.0
2016-02-23,3.748767561687526,1.0
2016-02-24,3.78594002968427,1.0
2016-02-25,3.8207593752748448,1.0
2016-02-26,3.8178363894426766,1.0
2016-02-29,3.7841737532647857,1.0
2016-03-01,3.9048738815545083,1.0
2016-03-02,3.927022107148836,1.0
2016-03-03,3.9298294247613375,1.0
2016-03-04,3.971326625135596,1.0
2016-03-07,3.986157609661775,1.0
2016-03-08,3.895649190064938,2.0
2016-03-09,3.9596902774908496,2.0
2016-03-10,3.9948575859876665,2.0
2016-03-11,4.152979789854672,2.0
2016-03-14,4.120837994261507,2.0
2016-03-15,4.105261381606914,2.0
2016-03-16,4.181067966172434,2.0
2016-03-17,4.241831600361453,2.0
2016-03-18,4.354813920531254,2.0
2016-03-21,4.368891716794221,2.0
2016-03-22,4.361323689059927,2.0
2016-03-23,4.244458740578698,2.0
2016-03-24,4.237875567176651,2.0
2016-03-28,4.234581314009673,2.0
2016-03-29,4.3422318609699095,2.0
2016-03-30,4.429032375813073,1.0
2016-03-31,4.403782524604744,1.0
2016-04-01,4.43258638159866,1.0
2016-04-04,4.391811838232849,1.0
2016-04-05,4.365572436805624,1.0
2016-04-06,4.409837312859008,1.0
2016-04-07,4.340950331777436,2.0
2016-04-08,4.384645414576279,2.0
2016-04-11,4.380185519968361,2.0
2016-04-12,4.37126272160426,2.0
2016-04-13,4.570007746028635,2.0
2016-04-14,4.49569802232627,2.0
2016-04-15,4.415261035967081,2.0
2016-04-18,4.4197081250899775,2.0
2016-04-19,4.307451564785869,2.0
2016-04-20,4.391911679246474,2.0
2016-04-21,4.340602422491769,2.0
2016-04-22,4.356311913779524,2.0
2016-04-25,4.303669620498003,2.0
2016-04-26,4.418614728685072,2.0
2016-04-27,4.513173325685582,2.0
2016-04-28,4.270972829463639,2.0
2016-04-29,4.052297747814073,2.0
2016-05-02,4.108191823878248,2.0
2016-05-03,4.016820954699919,2.0
2016-05-04,3.920889557867573,2.0
2016-05-05,3.9410251858264735,2.0
2016-05-06,3.9516567366875055,2.0
2016-05-09,3.9398580974167308,2.0
2016-05-10,4.037926110582021,2.0
2016-05-11,4.013411934944963,2.0
2016-05-12,3.871728360221749,2.0
2016-05-13,3.9027398748301527,2.0
2016-05-16,4.023920867761502,2.0
2016-05-17,3.971251802146021,2.0
2016-05-18,4.099680063101656,2.0
2016-05-19,4.046317026967421,2.0
2016-05-20,4.297386463694944,2.0
2016-05-23,4.359791339222956,2.0
2016-05-24,4.570458505137725,2.0
2016-05-25,4.624415641421722,2.0
2016-05-26,4.655070503059831,2.0
2016-05-27,4.71181280741941,2.0
2016-05-31,4.762791836131352,2.0
2016-06-01,4.817816038261869,2.0
2016-06-02,4.815671598733562,2.0
2016-06-03,4.845714775515572,2.0
2016-06-06,4.821111531377088,2.0
2016-06-07,4.915486638052877,2.0
2016-06-08,4.90698687787881,2.0
2016-06-09,4.919745063127013,2.0
2016-06-10,4.755170400028385,2.0
2016-06-13,4.71195048272204,2.0
2016-06-14,4.703267484052774,2.0
2016-06-15,4.704354555531562,2.0
2016-06-16,4.701095425540553,2.0
2016-06-17,4.622852812960571,2.0
2016-06-20,4.726970218838529,2.0
2016-06-21,4.759491835819883,2.0
2016-06-22,4.74544694201128,2.0
2016-06-23,4.992130897980861,1.0
2016-06-24,4.711271754333649,2.0
2016-06-27,4.33724707867725,2.0
2016-06-28,4.569017492721447,2.0
2016-06-29,4.752290502343154,2.0
2016-06-30,4.924906168312482,2.0
2016-07-01,4.818880106848596,2.0
2016-07-05,4.656880218263247,2.0
2016-07-06,4.670215678737159,2.0
2016-07-07,4.78400407975188,2.0
2016-07-08,5.051976504943169,2.0
2016-07-11,5.162688301947815,2.0
2016-07-12,5.30335804197087,2.0
2016-07-13,5.312461557135042,2.0
2016-07-14,5.3897744111798795,1.0
2016-07-15,5.385823245655236,1.0
2016-07-18,5.466656867857559,1.0
2016-07-19,5.445244361583281,1.0
2016-07-20,5.532677674270063,1.0
2016-07-21,5.494055599456404,1.0
2016-07-22,5.522890945951199,1.0
2016-07-25,5.552506237344338,1.0
2016-07-26,5.778399840617806,1.0
2016-07-27,5.766540903700275,1.0
2016-07-28,5.736273687245335,1.0
2016-07-29,5.707188711161809,1.0
2016-08-01,5.717321480782506,1.0
2016-08-02,5.625944922787352,2.0
2016-08-03,5.652034878554618,2.0
2016-08-04,5.749905421078256,2.0
2016-08-05,5.896504534859097,2.0
2016-08-08,5.880190259375184,2.0
2016-08-09,5.981281035488121,2.0
2016-08-10,5.8891373972461825,2.0
2016-08-11,5.945269082671775,2.0
2016-08-12,5.996057728475053,2.0
2016-08-15,6.1619391086515805,2.0
2016-08-16,6.07411066724479,2.0
2016-08-17,6.072100873968841,2.0
2016-08-18,6.161588424778648,2.0
2016-08-19,6.268399772301017,2.0
2016-08-22,6.273349239132352,2.0
2016-08-23,6.340627512533965,2.0
2016-08-24,6.231384224941528,2.0
2016-08-25,6.2820206935074765,2.0
2016-08-26,6.34036651835862,2.0
2016-08-29,6.383678459035089,1.0
2016-08-30,6.3650393606852,1.0
2016-08-31,6.366518889351565,1.0
2016-09-01,6.422248336599106,1.0
2016-09-02,6.410614473794892,1.0
2016-09-06,6.392612341230448,1.0
2016-09-07,6.345640139189684,1.0
2016-09-08,6.336205162809912,1.0
2016-09-09,6.103577072319408,2.0
2016-09-12,6.347311623193487,2.0
2016-09-13,6.224566970783865,2.0
2016-09-14,6.343191637586826,2.0
2016-09-15,6.635415858851761,2.0
2016-09-16,6.637488981514545,2.0
2016-09-19,6.659239530209256,2.0
2016-09-20,6.60339771975493,2.0
2016-09-21,6.7757896892997715,2.0
2016-09-22,6.828090468621087,2.0
2016-09-23,6.683029440865376,2.0
2016-09-26,6.544637926776544,2.0
2016-09-27,6.779492274290991,2.0
2016-09-28,6.809247472584659,2.0
2016-09-29,6.976125355917042,1.0
2016-09-30,7.084376974008539,1.0
2016-10-03,7.035292364459554,1.0
2016-10-04,7.017372072213548,1.0
2016-10-05,7.0719093714840415,1.0
2016-10-06,7.112808113459422,1.0
2016-10-07,7.099167977405429,1.0
2016-10-10,7.063957874394149,1.0
2016-10-11,6.916761280996242,2.0
2016-10-12,6.865170980683865,2.0
2016-10-13,6.699457503619374,2.0
2016-10-14,6.8085217017376225,2.0
2016-10-17,6.731534058407819,2.0
2016-10-18,6.895806479940089,2.0
2016-10-19,6.8275630193187675,2.0
2016-10-20,6.925248306827018,2.0
2016-10-21,6.888099454952461,2.0
2016-10-24,7.143672101838184,2.0
2016-10-25,7.132491112079376,2.0
2016-10-26,7.105023264908452,2.0
2016-10-27,7.041828571522629,2.0
2016-10-28,6.960941037925665,2.0
2016-10-31,7.034060026602937,2.0
2016-11-01,6.901894040820541,2.0
2016-11-02,6.809827287670807,2.0
2016-11-03,6.779623548185677,2.0
2016-11-04,6.700292433311418,2.0
2016-11-07,7.086707124230512,2.0
2016-11-08,7.117371533728122,2.0
2016-11-09,7.041894445900713,2.0
2016-11-10,6.747586197239994,2.0
2016-11-11,7.254976788243662,2.0
2016-11-14,7.173945341330548,2.0
2016-11-15,7.450003660160207,2.0
2016-11-16,7.622025597624366,2.0
2016-11-17,7.788173368707114,2.0
2016-11-18,7.894833532004477,1.0
2016-11-21,7.929824255711062,1.0
2016-11-22,8.035806169642346,1.0
2016-11-23,8.046601151031174,1.0
2016-11-25,8.05783542479643,1.0
2016-11-28,8.035428987674834,1.0
2016-11-29,8.019938770797737,1.0
2016-11-30,7.971872295973948,1.0
2016-12-01,7.578835890536337,2.0
2016-12-02,7.77467939405499,2.0
2016-12-05,7.963882102787917,2.0
2016-12-06,8.184105438227865,2.0
2016-12-07,8.529530153113727,2.0
2016-12-08,8.6752065182504,1.0
2016-12-09,8.63884164231431,1.0
2016-12-12,8.573532795296051,1.0
2016-12-13,8.669951313061077,1.0
2016-12-14,8.66346355152447,1.0
2016-12-15,8.815401965440008,1.0
2016-12-16,8.719739289862263,1.0
2016-12-19,8.810138030450116,1.0
2016-12-20,8.892499442691173,1.0
2016-12-21,8.892499442691173,1.0
2016-12-22,8.940300994265378,1.0
2016-12-23,8.984640662574142,1.0
2016-12-27,9.093917402598164,1.0
2016-12-28,8.917650867173345,2.0
2016-12-29,8.916660354379715,2.0
2016-12-30,8.63689750958884,2.0
2017-01-03,8.645972622566672,2.0
2017-01-04,8.698381667111507,2.0
2017-01-05,8.538611519941615,2.0
2017-01-06,8.675545693455113,2.0
2017-01-09,8.861728877671457,2.0
2017-01-10,8.951359936247,2.0
2017-01-11,9.007847400269027,2.0
2017-01-12,8.852751009040235,2.0
2017-01-13,8.964371909689058,2.0
2017-01-17,8.67714535468745,2.0
2017-01-18,8.91884856370099,2.0
2017-01-19,8.837370807088003,2.0
2017-01-20,9.065966961601202,2.0
2017-01-23,8.946684797387647,2.0
2017-01-24,9.300981287103102,2.0
2017-01-25,9.57366337629184,2.0
2017-01-26,9.462280284691278,2.0
2017-01-27,9.701818669210692,2.0
2017-01-30,9.59877594678753,2.0
2017-01-31,9.34936929788299,2.0
2017-02-01,9.645897243839999,2.0
2017-02-02,9.629619774373225,2.0
2017-02-03,9.740783519087373,2.0
2017-02-06,9.808438072666927,2.0
2017-02-07,9.880608081635046,2.0
2017-02-08,9.912777571963552,2.0
2017-02-09,9.739911499485592,2.0
2017-02-10,9.724663882010285,2.0
2017-02-13,9.77044691665942,2.0
2017-02-14,9.701933602433272,2.0
2017-02-15,9.863321096467816,2.0
2017-02-16,9.887948460452337,2.0
2017-02-17,9.99390574762955,2.0
2017-02-21,10.27998250917908,1.0
2017-02-22,10.280446223782274,1.0
2017-02-23,10.110149517763379,1.0
2017-02-24,10.104387503059572,2.0
2017-02-27,10.298608968560057,2.0
2017-02-28,10.032856338505386,2.0
2017-03-01,10.346580170377806,2.0
2017-03-02,10.132631649554888,2.0
2017-03-03,10.120139044569246,2.0
2017-03-06,10.130717570534989,2.0
2017-03-07,10.177810851545884,2.0
2017-03-08,10.227673566244874,2.0
2017-03-09,10.260198265761545,2.0
2017-03-10,10.496096318362412,2.0
2017-03-13,10.658541377458105,2.0
2017-03-14,10.592930574565472,2.0
2017-03-15,10.764054242663363,2.0
2017-03-16,10.736066215319555,2.0
2017-03-17,10.775294708228559,2.0
2017-03-20,10.93565422608078,2.0
2017-03-21,10.428461716930633,2.0
2017-03-22,10.650431138483246,2.0
2017-03-23,10.595982078556498,2.0
2017-03-24,10.74469809218975,2.0
2017-03-27,10.78208859972144,2.0
2017-03-28,10.853941441057218,2.0
2017-03-29,10.793485045930055,2.0
2017-03-30,10.916598573535111,2.0
2017-03-31,10.902688237230894,2.0
2017-04-03,10.776475418914396,2.0
2017-04-04,10.7927993272044,1.0
2017-04-05,10.751704843194112,1.0
2017-04-06,10.754575324785295,1.0
2017-04-07,10.750477070650799,1.0
2017-04-10,10.75457845180974,1.0
2017-04-11,10.709501579358221,1.0
2017-04-12,10.66238845699459,1.0
2017-04-13,10.620275463612803,1.0
2017-04-17,10.7043338100538,1.0
2017-04-18,10.693988583486407,1.0
2017-04-19,10.706426622072973,1.0
2017-04-20,10.792874643807403,1.0
2017-04-21,10.791247929923793,1.0
2017-04-24,10.921969214871385,1.0
2017-04-25,11.002704054074309,1.0
2017-04-26,10.9866340050852,1.0
2017-04-27,11.050710575135797,1.0
2017-04-28,11.071695101401804,1.0
2017-05-01,11.164608108812386,1.0
2017-05-02,11.186694085079614,1.0
2017-05-03,11.149901766935448,1.0
2017-05-04,11.153719591076353,1.0
2017-05-05,11.19416643061987,1.0
2017-05-08,11.216515276797487,1.0
2017-05-09,11.25764419946126,1.0
2017-05-10,11.263636315432251,1.0
2017-05-11,11.25465645903601,1.0
2017-05-12,11.279017949931506,1.0
2017-05-15,11.314094495120706,1.0
2017-05-16,11.3615666668046,1.0
2017-05-17,11.075053791255103,2.0
2017-05-18,11.26200354451564,2.0
2017-05-19,11.352787184714598,2.0
2017-05-22,11.548952685790718,2.0
2017-05-23,11.567946438126144,2.0
2017-05-24,11.674235139335998,2.0
2017-05-25,11.879046401526745,2.0
2017-05-26,11.912767955314598,2.0
2017-05-30,11.929227134133173,2.0
2017-05-31,11.919507103733746,2.0
2017-06-01,12.014507133188067,2.0
2017-06-02,12.28795310670057,2.0
2017-06-05,12.28132195314147,2.0
2017-06-06,12.188448343903413,2.0
2017-06-07,12.27723619845369,2.0
2017-06-08,12.299354737104766,2.0
2017-06-09,11.706411248497762,2.0
2017-06-12,11.565091423099336,2.0
2017-06-13,11.745297054205764,2.0
2017-06-14,11.64041016241179,2.0
2017-06-15,11.53580941135578,2.0
2017-06-16,11.443676295157747,2.0
2017-06-19,11.812938707457942,2.0
2017-06-20,11.634535535804654,2.0
2017-06-21,11.859831253200655,2.0
2017-06-22,11.850812804412097,2.0
2017-06-23,11.939513532760609,2.0
2017-06-26,11.833914925000727,2.0
2017-06-27,11.399844020355825,2.0
2017-06-28,11.718868836467067,2.0
2017-06-29,11.320902422291121,2.0
2017-06-30,11.294718924142574,2.0
2017-07-03,11.089625863811868,2.0
2017-07-05,11.300521514057918,2.0
2017-07-06,11.101598019285117,2.0
2017-07-07,11.323327275128376,2.0
2017-07-10,11.481269642141534,2.0
2017-07-11,11.544014366746108,2.0
2017-07-12,11.817972960516448,2.0
2017-07-13,11.87002560767471,2.0
2017-07-14,12.05594777175162,2.0
2017-07-17,12.06042748282774,2.0
2017-07-18,12.220245013609567,2.0
2017-07-19,12.3693826396013,2.0
2017-07-20,12.400360398929303,2.0
2017-07-21,12.387839887789333,2.0
2017-07-24,12.495436936364202,2.0
2017-07-25,12.439666841494248,2.0
2017-07-26,12.5139497228277,2.0
2017-07-27,12.365090205414182,2.0
2017-07-28,12.33853258089158,2.0
2017-07-31,12.231449003917,2.0
2017-08-01,12.284854366780376,2.0
2017-08-02,12.197535148627027,1.0
2017-08-03,12.149293733403903,1.0
2017-08-04,12.153714694562082,1.0
2017-08-07,12.364426092123967,1.0
2017-08-08,12.321280416140093,1.0
2017-08-09,12.280842125633312,1.0
2017-08-10,11.939166205797505,2.0
2017-08-11,12.070537314792016,2.0
2017-08-14,12.693685555544333,2.0
2017-08-15,12.756113734452256,2.0
2017-08-16,12.794370045226493,2.0
2017-08-17,12.114806508040676,2.0
2017-08-18,12.18883634478138,2.0
2017-08-21,12.014803650316743,2.0
2017-08-22,12.39478127303427,2.0
2017-08-23,12.504163661490562,2.0
2017-08-24,12.494262006547451,2.0
2017-08-25,12.37000827516038,2.0
2017-08-28,12.434260296404387,2.0
2017-08-29,12.492927769825823,2.0
2017-08-30,12.917058635687,2.0
2017-08-31,13.169554989458337,2.0
2017-09-01,13.284508241579706,2.0
2017-09-05,13.165926222137132,1.0
2017-09-06,13.203833223805757,1.0
2017-09-07,13.231033858933639,1.0
2017-09-08,13.122293531444074,1.0
2017-09-11,13.26159285987036,1.0
2017-09-12,13.298974961761568,1.0
2017-09-13,13.317370563347714,1.0
2017-09-14,13.242462365237152,1.0
2017-09-15,13.278025572881345,1.0
2017-09-18,13.267259356658315,1.0
2017-09-19,13.286130053828227,1.0
2017-09-20,13.249262826636185,1.0
2017-09-21,13.164301917093175,1.0
2017-09-22,13.153348574876182,1.0
2017-09-25,13.015795442165814,2.0
2017-09-26,13.075044197196597,2.0
2017-09-27,13.311516895678935,2.0
2017-09-28,13.296474220425017,2.0
2017-09-29,13.484249743923263,2.0
2017-10-02,13.509427065585134,2.0
2017-10-03,13.566027311793226,2.0
2017-10-04,13.58955969045772,2.0
2017-10-05,13.850558654730449,2.0
2017-10-06,13.883948541342232,2.0
2017-10-09,13.860681163067442,2.0
2017-10-10,13.88008475832292,2.0
2017-10-11,13.960751654771554,2.0
2017-10-12,13.910477760601081,2.0
2017-10-13,14.014305377415004,2.0
2017-10-16,14.110796659543384,2.0
2017-10-17,14.143879189122847,2.0
2017-10-18,14.107762119748038,2.0
2017-10-19,14.003893729501636,2.0
2017-10-20,14.071852636575782,2.0
2017-10-23,13.896969636440458,2.0
2017-10-24,13.94426125533256,2.0
2017-10-25,13.831262957103787,2.0
2017-10-26,13.745774030472521,2.0
2017-10-27,14.53548085932492,2.0
2017-10-30,14.604548180490097,2.0
2017-10-31,14.707521586091683,2.0
2017-11-01,14.694694699907343,2.0
2017-11-02,14.759521831703099,1.0
2017-11-03,15.021877374070943,1.0
2017-11-06,15.235050104272153,1.0
2017-11-07,15.221039036683994,1.0
2017-11-08,15.272196627190102,1.0
2017-11-09,14.96233413313923,2.0
2017-11-10,15.151759677133162,2.0
2017-11-13,15.233995506202955,2.0
2017-11-14,15.205803334388966,2.0
2017-11-15,14.93707918410131,2.0
2017-11-16,15.385570689956634,2.0
2017-11-17,15.249700613161389,2.0
2017-11-20,15.608509260511855,2.0
2017-11-21,15.9816110166446,2.0
2017-11-22,15.773735520949332,2.0
2017-11-24,16.054844786962857,2.0
2017-11-27,15.65183089053925,2.0
2017-11-28,15.642338732670654,2.0
2017-11-29,14.27153632647727,2.0
2017-11-30,14.447790113900162,2.0
2017-12-01,14.117915356693285,2.0
2017-12-04,13.434978105465905,2.0
2017-12-05,13.441491323412022,1.0
2017-12-06,13.486750491267838,1.0
2017-12-07,13.618222929672376,1.0
2017-12-08,13.548052186106899,1.0
2017-12-11,13.626723487331907,1.0
2017-12-12,13.490536732619077,1.0
2017-12-13,13.489854885664705,1.0
2017-12-14,13.479634837405142,1.0
2017-12-15,13.679589110114124,1.0
2017-12-18,13.9869172108244,1.0
2017-12-19,13.970105183572516,1.0
2017-12-20,14.067596484541932,1.0
2017-12-21,13.915815045265951,1.0
2017-12-22,13.90360785030613,1.0
2017-12-26,13.769729817004928,2.0
2017-12-27,13.862283272846177,2.0
2017-12-28,13.921166224115964,2.0
2017-12-29,13.64305339931973,2.0
2018-01-02,14.392975791770354,2.0
2018-01-03,14.533444630381814,1.0
2018-01-04,14.561844536268968,1.0
2018-01-05,14.708436277892321,1.0
2018-01-08,14.762965449177507,1.0
2018-01-09,14.766719800574881,1.0
2018-01-10,14.731695244023989,1.0
2018-01-11,14.8300444430052,1.0
2018-01-12,14.934859933378114,1.0
2018-01-16,14.896327863647773,1.0
2018-01-17,15.052793765195942,1.0
2018-01-18,15.057613055243781,1.0
2018-01-19,15.105763925212301,1.0
2018-01-22,15.263059666782617,1.0
2018-01-23,15.391980225305767,1.0
2018-01-24,15.287949286979202,1.0
2018-01-25,15.281522462616632,1.0
2018-01-26,15.509005978997438,1.0
2018-01-29,15.440547545728245,1.0
2018-01-30,15.308996165023215,1.0
2018-01-31,15.371984845671923,1.0
2018-02-01,15.243850043909141,2.0
2018-02-02,14.623103103423295,2.0
2018-02-05,13.497763744100869,2.0
2018-02-06,14.191551310299715,2.0
2018-02-07,13.817417616631094,2.0
2018-02-08,12.675896423265883,2.0
2018-02-09,13.060768695000728,1.0
2018-02-12,13.304464496628071,1.0
2018-02-13,13.358453153791402,1.0
2018-02-14,13.61919581935927,1.0
2018-02-15,13.85646929208945,1.0
2018-02-16,13.804886406453567,1.0
2018-02-20,13.827857729535014,1.0
2018-02-21,13.786360596564029,1.0
2018-02-22,13.78722447223683,1.0
2018-02-23,14.060999343816567,1.0
2018-02-26,14.249144488722566,1.0
2018-02-27,14.079068440669507,1.0
2018-02-28,13.984732032501839,2.0
2018-03-01,13.53604456800544,2.0
2018-03-02,13.784129489736861,2.0
2018-03-05,14.072396295464971,2.0
2018-03-06,14.191007754899893,2.0
2018-03-07,14.261767139210425,2.0
2018-03-08,14.403494240809573,2.0
2018-03-09,14.962644229367282,2.0
2018-03-12,15.111946019793578,2.0
2018-03-13,14.746193601684865,2.0
2018-03-14,14.712826185052974,2.0
2018-03-15,14.669014569202957,2.0
2018-03-16,14.604293006475608,2.0
2018-03-19,13.993033211616327,2.0
2018-03-20,14.061593072911057,2.0
2018-03-21,13.925928850946539,2.0
2018-03-22,13.247656580498052,2.0
2018-03-23,12.53422393267274,2.0
2018-03-26,13.474454461114037,2.0
2018-03-27,12.61307422676266,2.0
2018-03-28,12.323139276107453,2.0
2018-03-29,12.777977625368258,2.0
2018-04-02,12.021528167238076,2.0
2018-04-03,12.251070357998264,1.0
2018-04-04,12.406859382022269,1.0
2018-04-05,12.27970418457391,1.0
2018-04-06,11.906116821807027,2.0
2018-04-09,12.051337540822644,2.0
2018-04-10,12.823836820322635,2.0
2018-04-11,12.82735537240132,2.0
2018-04-12,13.314525835191965,2.0
2018-04-13,13.10611719139389,2.0
2018-04-16,13.162407880381458,2.0
2018-04-17,13.656950834006832,1.0
2018-04-18,13.515891064992818,1.0
2018-04-19,12.934103455298764,2.0
2018-04-20,12.624506436741541,2.0
2018-04-23,12.285861776301438,2.0
2018-04-24,12.086651477137266,2.0
2018-04-25,12.058237843794435,2.0
2018-04-26,12.307477757051709,1.0
2018-04-27,12.216798833513566,1.0
2018-04-30,12.081799238467045,1.0
2018-05-01,12.28099900756541,1.0
2018-05-02,12.209621469107972,1.0
2018-05-03,12.209901773054447,1.0
2018-05-04,12.43887303271908,1.0
2018-05-07,12.537413342466657,1.0
2018-05-08,12.523591809809998,1.0
2018-05-09,12.663443729745595,1.0
2018-05-10,12.794800999317767,1.0
2018-05-11,12.782032066423191,1.0
2018-05-14,12.800968030610234,1.0
2018-05-15,12.662937269108111,1.0
2018-05-16,12.7406631481545,1.0
2018-05-17,12.692734556062259,1.0
2018-05-18,12.624967303291676,1.0
2018-05-21,12.698456826311633,1.0
2018-05-22,12.676402455698742,1.0
2018-05-23,12.782631886214793,1.0
2018-05-24,12.779046165065,1.0
2018-05-25,12.78980906102129,1.0
2018-05-29,12.735318962549643,1.0
2018-05-30,12.825886970770384,1.0
2018-05-31,12.816728094561169,1.0
2018-06-01,13.015472075189386,1.0
2018-06-04,13.12673452428905,1.0
2018-06-05,13.171956373059194,1.0
2018-06-06,13.244397281132276,1.0
2018-06-07,13.14192814364108,1.0
2018-06-08,13.139015745502206,1.0
2018-06-11,13.173243513178168,1.0
2018-06-12,13.242793452995134,1.0
2018-06-13,13.237774946563519,1.0
2018-06-14,13.371946262420886,1.0
2018-06-15,13.3276326890224,1.0
2018-06-18,13.317719746291642,1.0
2018-06-19,13.278008006943708,1.0
2018-06-20,13.370752077549778,1.0
2018-06-21,13.25535233837438,1.0
2018-06-22,13.210953554875243,1.0
2018-06-25,12.929777815321971,2.0
2018-06-26,13.02474956799683,2.0
2018-06-27,12.676281144747545,2.0
2018-06-28,12.883403252858036,2.0
2018-06-29,12.922683758306004,2.0
2018-07-02,13.115773199009038,2.0
2018-07-03,12.81477731099695,2.0
2018-07-05,13.128441322636348,2.0
2018-07-06,13.522257400696372,2.0
2018-07-09,13.773161777720748,2.0
2018-07-10,13.795100742932728,2.0
2018-07-11,13.660650033604675,2.0
2018-07-12,14.110056802558626,2.0
2018-07-13,14.137524755035061,2.0
2018-07-16,14.073976737504196,2.0
2018-07-17,14.247674566519034,2.0
2018-07-18,14.187249957409685,2.0
2018-07-19,14.047396276259436,2.0
2018-07-20,14.034355100791101,2.0
2018-07-23,14.11553771804171,2.0
2018-07-24,14.235515872333456,2.0
2018-07-25,14.63136537804264,1.0
2018-07-26,14.418328986218112,1.0
2018-07-27,14.217830979343992,2.0
2018-07-30,13.809713881976284,2.0
2018-07-31,13.993140031406917,2.0
2018-08-01,14.120702335293254,2.0
2018-08-02,14.495621742571846,2.0
2018-08-03,14.582186000665887,2.0
2018-08-06,14.760753441320233,2.0
2018-08-07,14.856893687773995,2.0
2018-08-08,14.883431985183572,2.0
2018-08-09,14.874593765657696,2.0
2018-08-10,14.643261635339567,2.0
2018-08-13,14.615041336732146,2.0
2018-08-14,14.794922140697189,2.0
2018-08-15,14.435854729398383,2.0
2018-08-16,14.524134870995773,2.0
2018-08-17,14.522643535686955,2.0
2018-08-20,14.503248613707598,2.0
2018-08-21,14.603266953275257,2.0
2018-08-22,14.716332176511832,2.0
2018-08-23,14.66742550990536,2.0
2018-08-24,14.939085148191529,2.0
2018-08-27,15.239191141178795,2.0
2018-08-28,15.284350783309359,2.0
2018-08-29,15.64073110831627,2.0
2018-08-30,15.581764003072148,2.0
2018-08-31,15.612024317889102,2.0
2018-09-04,15.48822072179779,2.0
2018-09-05,15.077744730384183,2.0
2018-09-06,14.803739755740434,2.0
2018-09-07,14.706125182054201,2.0
2018-09-10,14.79219196496205,2.0
2018-09-11,15.011171509065884,2.0
2018-09-12,14.924504357145857,2.0
2018-09-13,15.21914141649382,2.0
2018-09-14,15.141811781155553,2.0
2018-09-17,14.71614525570886,2.0
2018-09-18,14.949170506986967,2.0
2018-09-19,14.927077853683619,2.0
2018-09-20,15.23953210471002,2.0
2018-09-21,15.077596559716943,2.0
2018-09-24,15.164137939734498,2.0
2018-09-25,15.205088092042649,2.0
2018-09-26,15.194864028948084,2.0
2018-09-27,15.475398205319228,2.0
2018-09-28,15.459470943200323,2.0
2018-10-01,15.518867738253073,2.0
2018-10-02,15.459584393509235,2.0
2018-10-03,15.490006036126081,2.0
2018-10-04,14.900943377513997,2.0
2018-10-05,14.527388585237011,2.0
2018-10-08,14.353882457499882,2.0
2018-10-09,14.427619086291386,2.0
2018-10-10,13.18028790310166,2.0
2018-10-11,12.824212769711362,2.0
2018-10-12,13.546388953307398,2.0
2018-10-15,13.205571313396126,2.0
2018-10-16,13.963912054881922,2.0
2018-10-17,13.994609856128239,2.0
2018-10-18,13.347586181542646,2.0
2018-10-19,13.311446324724095,2.0
2018-10-22,13.445189010141249,2.0
2018-10-23,13.346550956027427,2.0
2018-10-24,12.136514195198103,2.0
2018-10-25,12.966786295381882,2.0
2018-10-26,12.295289300345331,2.0
2018-10-29,11.857025432183448,2.0
2018-10-30,12.162535718176128,2.0
2018-10-31,12.709614381442549,2.0
2018-11-01,13.079631183600588,2.0
2018-11-02,12.689168852224778,2.0
2018-11-05,12.606282121730986,2.0
2018-11-06,12.784020246795649,2.0
2018-11-07,13.567787993201362,2.0
2018-11-08,13.413548618356968,2.0
2018-11-09,12.959224664319269,2.0
2018-11-12,12.200330390848167,2.0
2018-11-13,12.197004657029115,2.0
2018-11-14,11.990769729123583,2.0
2018-11-15,12.418563146625342,2.0
2018-11-16,12.327855518717989,2.0
2018-11-19,11.539930883083924,2.0
2018-11-20,11.113191506445075,3.0
2018-11-21,11.157320947708168,1.0
2018-11-23,11.074960072996568,1.0
2018-11-26,11.328385436517536,1.0
2018-11-27,11.36756370931733,1.0
2018-11-28,11.726862232394394,1.0
2018-11-29,11.690979007337543,1.0
2018-11-30,11.772606892487751,1.0
2018-12-03,11.97388848873285,1.0
2018-12-04,11.391759712926577,1.0
2018-12-06,11.447001060413758,1.0
2018-12-07,11.019673768458247,1.0
2018-12-10,11.134753012714848,1.0
2018-12-11,11.200440213515705,1.0
2018-12-12,11.365819572279598,1.0
2018-12-13,11.323759096176175,1.0
2018-12-14,11.162653148523583,2.0
2018-12-17,10.88355750884779,2.0
2018-12-18,11.170448994176558,2.0
2018-12-19,10.229285364479095,2.0
2018-12-20,10.092355077731401,1.0
2018-12-21,9.938109842841033,1.0
2018-12-24,9.650401179811873,2.0
2018-12-26,10.23453181365412,1.0
2018-12-27,10.310883131040338,1.0
2018-12-28,10.383416537576238,1.0
2018-12-31,10.449025293996426,1.0
2019-01-02,10.541408750323676,1.0
2019-01-03,10.200970184316297,1.0
2019-01-04,10.635907844778064,1.0
2019-01-07,10.74892749056587,1.0
2019-01-08,10.852361319939986,1.0
2019-01-09,10.937834020973874,1.0
2019-01-10,10.972899671097531,1.0
2019-01-11,10.929345016601292,1.0
2019-01-14,10.834514147782421,1.0
2019-01-15,11.0347058690536,1.0
2019-01-16,11.039880711722729,1.0
2019-01-17,11.126042947944903,1.0
2019-01-18,11.227859011723348,1.0
2019-01-22,11.021185411967373,2.0
2019-01-23,11.028112710826395,2.0
2019-01-24,11.157947193935374,2.0
2019-01-25,11.422995764734113,2.0
2019-01-28,11.142271299985293,2.0
2019-01-29,10.932057717023772,2.0
2019-01-30,11.478354383939513,2.0
2019-01-31,11.81482846224394,2.0
2019-02-01,11.714299601715489,2.0
2019-02-04,12.000362736693452,2.0
2019-02-05,12.211552083588028,2.0
2019-02-06,12.147252620628203,2.0
2019-02-07,11.816649646520979,2.0
2019-02-08,11.856884767710495,2.0
2019-02-11,11.838474906485656,2.0
2019-02-12,12.180163173121995,2.0
2019-02-13,12.196678770799295,2.0
2019-02-14,12.226391614741056,2.0
2019-02-15,12.323661855039381,2.0
2019-02-19,12.372926541968878,2.0
2019-02-20,12.366371623085103,2.0
2019-02-21,12.272928619500096,2.0
2019-02-22,12.450654584244473,2.0
2019-02-25,12.542157321335589,1.0
2019-02-26,12.555180608262331,1.0
2019-02-27,12.542184283093757,1.0
2019-02-28,12.516135050537242,1.0
2019-03-01,12.59951118611319,1.0
2019-03-04,12.6014487911,1.0
2019-03-05,12.541401502310393,1.0
2019-03-06,12.337022365522621,2.0
2019-03-07,12.057200874189805,2.0
2019-03-08,12.044241880050736,2.0
2019-03-11,12.616899191375099,2.0
2019-03-12,12.715007414764315,2.0
2019-03-13,12.818719049790914,2.0
2019-03-14,12.673048588692648,2.0
2019-03-15,13.40096679401502,2.0
2019-03-18,13.34261592593483,2.0
2019-03-19,13.702788858460526,2.0
2019-03-20,13.442571399262032,2.0
2019-03-21,14.371636699639472,1.0
2019-03-22,13.964070875716068,2.0
2019-03-25,13.608996303139877,2.0
2019-03-26,13.884908954329566,2.0
2019-03-27,13.479128478004455,2.0
2019-03-28,13.432217108725625,2.0
2019-03-29,13.844241358101337,2.0
2019-04-01,14.524005711058365,2.0
2019-04-02,14.554824274388347,2.0
2019-04-03,15.215721962181574,2.0
2019-04-04,15.254184373831006,2.0
2019-04-05,15.486606545453016,2.0
2019-04-08,15.560961082590486,2.0
2019-04-09,15.210997195812109,2.0
2019-04-10,15.471392041765935,2.0
2019-04-11,15.445951445619517,2.0
2019-04-12,15.87434333374731,1.0
2019-04-15,15.761605347070754,1.0
2019-04-16,16.262110582245583,1.0
2019-04-17,16.50880511391671,1.0
2019-04-18,16.5192972832646,1.0
2019-04-22,16.521625582493776,1.0
2019-04-23,16.686888680464744,1.0
2019-04-24,16.848084984739398,1.0
2019-04-25,16.542382679397434,2.0
2019-04-26,16.266225646355604,2.0
2019-04-29,16.20934775145946,2.0
2019-04-30,16.449003084686858,2.0
2019-05-01,16.1801747408453,2.0
2019-05-02,16.53945980310753,2.0
2019-05-03,16.760508861345777,2.0
2019-05-06,16.211504809817317,2.0
2019-05-07,15.422608305073366,2.0
2019-05-08,15.175864197730476,2.0
2019-05-09,14.815793358364006,2.0
2019-05-10,14.844731523704693,2.0
2019-05-13,13.44781833499098,2.0
2019-05-14,14.089490415804057,2.0
2019-05-15,14.31976294081864,2.0
2019-05-16,13.835200648705683,2.0
2019-05-17,13.290118450154633,2.0
2019-05-20,12.228140469823316,3.0
2019-05-21,12.997205606712793,3.0
2019-05-22,12.18404380980426,3.0
2019-05-23,11.567768677257694,3.0
2019-05-24,11.562071046310104,1.0
2019-05-28,11.457197150269602,1.0
2019-05-29,11.509004133461556,1.0
2019-05-30,11.59646705395572,1.0
2019-05-31,11.428675886879672,1.0
2019-06-03,11.465334273074674,1.0
2019-06-04,11.775076343101198,1.0
2019-06-05,11.861578062873734,1.0
2019-06-06,11.952926690320206,1.0
2019-06-07,12.180108722260162,1.0
2019-06-10,12.328284890125376,1.0
2019-06-11,12.343814610446783,1.0
2019-06-12,12.274111050894144,1.0
2019-06-13,12.341053876821169,1.0
2019-06-14,12.287510463054536,1.0
2019-06-17,12.362135185275827,1.0
2019-06-18,12.5405031079499,1.0
2019-06-19,12.58966510285613,1.0
2019-06-20,12.704843834943134,1.0
2019-06-21,12.685545500328988,1.0
2019-06-24,12.684210748824775,1.0
2019-06-25,12.467899478256262,2.0
2019-06-26,12.57302626932888,2.0
2019-06-27,12.663941101279892,2.0
2019-06-28,12.699628468390442,2.0
2019-07-01,13.036804689261547,2.0
2019-07-02,13.14235058978766,2.0
2019-07-03,13.336421072059899,2.0
2019-07-05,13.278885898241173,2.0
2019-07-08,13.09250368216651,2.0
2019-07-09,13.223502943017646,2.0
2019-07-10,13.484206889244337,2.0
2019-07-11,13.460251466524925,2.0
2019-07-12,13.610787486830887,2.0
2019-07-15,13.687629156015214,2.0
2019-07-16,13.558155202190502,2.0
2019-07-17,13.424083340236544,2.0
2019-07-18,13.462774186021974,2.0
2019-07-19,13.245620922619192,2.0
2019-07-22,13.453821609820134,2.0
2019-07-23,13.627101084681204,2.0
2019-07-24,13.820476459307509,2.0
2019-07-25,13.557418020843064,2.0
2019-07-26,13.825712144422768,2.0
2019-07-29,13.740209407536435,2.0
2019-07-30,13.6174928204867,2.0
2019-07-31,13.234424447566347,2.0
2019-08-01,13.110687720949006,2.0
2019-08-02,12.710691917059682,2.0
2019-08-05,11.821026723575907,2.0
2019-08-06,12.14486964536576,2.0
2019-08-07,12.263129386047423,2.0
2019-08-08,12.803952635079305,2.0
2019-08-09,12.55148446743385,2.0
2019-08-12,12.271499110201141,2.0
2019-08-13,12.808487954324795,2.0
2019-08-14,12.043576111744688,2.0
2019-08-15,12.009536000761809,2.0
2019-08-16,12.378820329411726,2.0
2019-08-19,12.765067692603415,2.0
2019-08-20,12.589986760672096,2.0
2019-08-21,12.80377699978348,2.0
2019-08-22,12.721171163565783,2.0
2019-08-23,11.944917495802317,2.0
2019-08-26,12.267560036019454,2.0
2019-08-27,12.21824111202872,2.0
2019-08-28,12.300135638167722,2.0
2019-08-29,12.67305736796539,2.0
2019-08-30,12.613422186220372,2.0
2019-09-03,12.368757685806953,2.0
2019-09-04,12.705854227230974,1.0
2019-09-05,13.101397417735287,1.0
2019-09-06,13.118991862421526,1.0
2019-09-09,13.180410098608741,1.0
2019-09-10,13.23828079485675,1.0
2019-09-11,13.435995896535427,1.0
2019-09-12,13.475461051698208,1.0
2019-09-13,13.434799003504867,1.0
2019-09-16,13.343649380608374,1.0
2019-09-17,13.384155643689748,1.0
2019-09-18,13.392835136804635,1.0
2019-09-19,13.324935508209329,1.0
2019-09-20,13.07729968977711,2.0
2019-09-23,13.343785534864606,2.0
2019-09-24,12.913103790826943,2.0
2019-09-25,13.353281977454476,2.0
2019-09-26,13.381383531968531,2.0
2019-09-27,12.73124947628308,2.0
2019-09-30,12.999762243584053,2.0
2019-10-01,12.762502854942289,2.0
2019-10-02,12.36114018982062,2.0
2019-10-03,12.78271185434925,2.0
2019-10-04,13.244723506652342,2.0
2019-10-07,13.043688342400054,2.0
2019-10-08,12.244000832679589,2.0
2019-10-09,12.655501143993066,2.0
2019-10-10,12.900937110905964,2.0
2019-10-11,13.478485442142393,2.0
2019-10-14,13.476976809952642,2.0
2019-10-15,14.06604485690665,2.0
2019-10-16,13.65827118542852,2.0
2019-10-17,13.753644436839476,2.0
2019-10-18,13.447608544475056,2.0
2019-10-21,13.957498970496644,2.0
2019-10-22,13.739998048082535,2.0
2019-10-23,13.207358816379996,2.0
2019-10-24,13.846054107051511,2.0
2019-10-25,14.414181690412997,2.0
2019-10-28,14.918197248748507,1.0
2019-10-29,14.787814462765565,1.0
2019-10-30,14.788545989504085,1.0
2019-10-31,14.695846145970814,1.0
2019-11-01,15.033586693527722,1.0
2019-11-04,15.12301136268662,1.0
2019-11-05,15.12927429498154,1.0
2019-11-06,15.097289368190973,1.0
2019-11-07,15.148263535525006,1.0
2019-11-08,15.207913815293853,1.0
2019-11-11,15.18657846189083,1.0
2019-11-12,15.227987963118121,1.0
2019-11-13,15.220437460058555,1.0
2019-11-14,15.219062129941074,1.0
2019-11-15,15.314584953249655,1.0
2019-11-18,15.34105736027605,1.0
2019-11-19,15.362026133757706,1.0
2019-11-20,15.272307752370246,1.0
2019-11-21,15.23271652576951,1.0
2019-11-22,15.246440747414718,1.0
2019-11-25,15.422466194630509,1.0
2019-11-26,15.45326913429665,1.0
2019-11-27,15.557318174764694,1.0
2019-11-29,15.488210519019225,1.0
2019-12-02,15.322185057940434,1.0
2019-12-03,15.088649880223443,1.0
2019-12-04,15.324915029930752,1.0
2019-12-05,15.386260527155637,1.0
2019-12-06,15.624667013484931,1.0
2019-12-09,15.536778626531929,1.0
2019-12-10,15.594396292770703,1.0
2019-12-11,15.935225525979995,1.0
2019-12-12,16.366174669542826,1.0
2019-12-13,16.27642593186711,1.0
2019-12-16,16.43039737248008,1.0
2019-12-17,16.502376625109047,1.0
2019-12-18,16.494423331802043,1.0
2019-12-19,16.623661605184008,1.0
2019-12-20,16.801658273438026,1.0
2019-12-23,16.839427383814833,1.0
2019-12-24,16.881092497854386,1.0
2019-12-26,16.902324686737032,1.0
2019-12-27,16.8395895824388,1.0
2019-12-30,16.721432127808953,1.0
2019-12-31,16.758796714439647,1.0
2020-01-02,17.1072001970495,1.0
2020-01-03,16.952148633845248,1.0
2020-01-06,17.059572554263955,1.0
2020-01-07,17.052626707137193,1.0
2020-01-08,17.183451905618075,1.0
2020-01-09,17.32787562851234,1.0
2020-01-10,17.280727841234388,1.0
2020-01-13,17.482053866462067,1.0
2020-01-14,17.414047348883827,1.0
2020-01-15,17.417687889094513,1.0
2020-01-16,17.57956950881952,1.0
2020-01-17,17.667082746362876,1.0
2020-01-21,17.664136007213997,1.0
2020-01-22,17.704234078805992,1.0
2020-01-23,17.758827237249598,1.0
2020-01-24,17.605382486291536,1.0
2020-01-27,17.242575152083926,2.0
2020-01-28,17.77691066773018,2.0
2020-01-29,17.819658081165898,2.0
2020-01-30,17.953855609803654,2.0
2020-01-31,17.36560113745682,2.0
2020-02-03,17.897224516068572,2.0
2020-02-04,18.712231299800678,2.0
2020-02-05,18.856496445568013,2.0
2020-02-06,19.162934305931156,2.0
2020-02-07,18.997968305943914,2.0
2020-02-10,19.4547820744776,2.0
2020-02-11,19.464139596717764,2.0
2020-02-12,19.84420563678615,1.0
2020-02-13,19.818721972123914,1.0
2020-02-14,19.863433368502577,1.0
2020-02-18,19.874994586662964,1.0
2020-02-19,20.066688808187997,1.0
2020-02-20,19.876322845767916,1.0
2020-02-21,19.497396054100182,2.0
2020-02-24,17.999724618726063,2.0
2020-02-25,17.02900160314774,2.0
2020-02-26,17.18520656289331,2.0
2020-02-27,15.472149132831163,2.0
2020-02-28,15.846413527816484,1.0
2020-03-02,16.56739049705901,1.0
2020-03-03,16.04739067605015,2.0
2020-03-04,17.34570472958031,2.0
2020-03-05,16.33099377060683,2.0
2020-03-06,15.760379325973755,2.0
2020-03-09,13.625905606833543,2.0
2020-03-10,14.493010213277755,1.0
2020-03-11,13.871724469760627,1.0
2020-03-12,12.46538026196589,1.0
2020-03-13,13.586783035685398,1.0
2020-03-16,12.02588061510471,2.0
2020-03-17,12.42433170842621,1.0
2020-03-18,12.040969837095602,1.0
2020-03-19,12.13388492856272,1.0
2020-03-20,11.660233930240848,2.0
2020-03-23,12.021862928765504,1.0
2020-03-24,12.91512032594312,1.0
2020-03-25,12.815300777689707,1.0
2020-03-26,13.511032684989607,1.0
2020-03-27,13.043189790271304,2.0
2020-03-30,13.957053844555897,2.0
2020-03-31,13.698801312551623,2.0
2020-04-01,12.56586067230827,2.0
2020-04-02,13.061711533831536,2.0
2020-04-03,12.711034971027761,2.0
2020-04-06,14.484946167504607,2.0
2020-04-07,14.466122426951658,2.0
2020-04-08,15.082062038472728,1.0
2020-04-09,15.100521107041331,1.0
2020-04-13,15.275455312102181,1.0
2020-04-14,15.936122991909334,1.0
2020-04-15,15.759914313208233,1.0
2020-04-16,16.041325734903356,1.0
2020-04-17,16.17520892979615,1.0
2020-04-20,16.000681731358465,1.0
2020-04-21,15.41090954814238,2.0
2020-04-22,16.3196960092342,2.0
2020-04-23,16.248336196607163,2.0
2020-04-24,16.77163204161868,2.0
2020-04-27,16.989758890072007,2.0
2020-04-28,16.37709823125492,2.0
2020-04-29,17.512729393978276,1.0
2020-04-30,17.55147270943364,1.0
2020-05-01,17.026547579660228,2.0
2020-05-04,17.426898019328426,2.0
2020-05-05,17.79796591128597,2.0
2020-05-06,18.03229993834186,2.0
2020-05-07,18.50141484180395,2.0
2020-05-08,18.99897371265754,2.0
2020-05-11,19.31397252545831,1.0
2020-05-12,18.930967103347253,2.0
2020-05-13,18.45303380714459,2.0
2020-05-14,18.86097207496264,2.0
2020-05-15,19.076797439333877,2.0
2020-05-18,19.813101794258124,2.0
2020-05-19,19.712035682403116,2.0
2020-05-20,20.48142389942773,2.0
2020-05-21,20.061680856260878,2.0
2020-05-22,20.182631329493656,2.0
2020-05-26,20.126583868741857,2.0
2020-05-27,20.31537062424594,2.0
2020-05-28,20.22903466903587,2.0
2020-05-29,20.785507155605153,2.0
2020-06-01,20.956270608869136,2.0
2020-06-02,21.234719927351815,2.0
2020-06-03,21.426876771198565,1.0
2020-06-04,21.28175357641406,1.0
2020-06-05,21.702239165347052,1.0
2020-06-08,21.86319301451848,1.0
2020-06-09,22.025777803950884,1.0
2020-06-10,22.290724042397475,1.0
2020-06-11,21.196762893362624,2.0
2020-06-12,21.503220464295296,2.0
2020-06-15,22.008681284947656,2.0
2020-06-16,22.784170831193276,2.0
2020-06-17,22.93207381441823,2.0
2020-06-18,23.050012720475056,2.0
2020-06-19,23.02877195504293,2.0
2020-06-22,23.574742404133783,2.0
2020-06-23,23.985187168895852,1.0
2020-06-24,23.51413485131434,2.0
2020-06-25,23.929742506028767,2.0
2020-06-26,22.78301915191558,2.0
2020-06-29,23.268483377234652,2.0
2020-06-30,24.160522369426662,2.0
2020-07-01,24.736181957708798,2.0
2020-07-02,25.042973298068926,1.0
2020-07-06,25.71239304818701,1.0
2020-07-07,25.395522996601276,1.0
2020-07-08,25.74573561495598,1.0
2020-07-09,26.08709774173187,1.0
2020-07-10,26.000424126619524,1.0
2020-07-13,25.56789562531684,2.0
2020-07-14,26.470985677962364,2.0
2020-07-15,26.294249089317994,2.0
2020-07-16,26.080418299923863,2.0
2020-07-17,26.402477866595362,2.0
2020-07-20,27.487283862309955,2.0
2020-07-21,27.09945954942206,2.0
2020-07-22,27.3161027515307,2.0
2020-07-23,26.467964932386927,2.0
2020-07-24,25.627188165231214,2.0
2020-07-27,27.245540644561736,2.0
2020-07-28,26.17128569609848,2.0
2020-07-29,27.301337161169545,2.0
2020-07-30,28.36666171208377,2.0
2020-07-31,28.04737516821244,2.0
2020-08-03,29.16014192130679,1.0
2020-08-04,29.28651840389743,1.0
2020-08-05,29.364341434482387,1.0
2020-08-06,29.73902225894264,1.0
2020-08-07,29.415081972007837,1.0
2020-08-10,29.28305177264293,1.0
2020-08-11,28.729084570818916,2.0
2020-08-12,30.16185488129221,2.0
2020-08-13,30.30275654988958,2.0
2020-08-14,30.24431438600857,2.0
2020-08-17,30.909925871019926,2.0
2020-08-18,31.515273209772694,2.0
2020-08-19,31.10470545201018,2.0
2020-08-20,31.957801518619164,2.0
2020-08-21,32.402593427831164,2.0
2020-08-24,32.803081327787275,1.0
2020-08-25,33.058321104719624,1.0
2020-08-26,33.76377473226947,1.0
2020-08-27,33.66180324212685,1.0
2020-08-28,33.83519853131065,1.0
2020-08-31,34.09622065909817,1.0
2020-09-01,34.68646805590389,1.0
2020-09-02,35.723681780402956,1.0
2020-09-03,33.69145656663128,2.0
2020-09-04,33.068667915006124,2.0
2020-09-08,31.5106442595401,1.0
2020-09-09,32.379148106108104,1.0
2020-09-10,31.93090224711165,1.0
2020-09-11,31.893756723400948,1.0
2020-09-14,32.565883972625414,1.0
2020-09-15,33.12406605424946,1.0
2020-09-16,32.79163181452355,1.0
2020-09-17,32.74165036513751,1.0
2020-09-18,32.23296014157408,2.0
2020-09-21,32.129420335325804,2.0
2020-09-22,32.905757544176495,2.0
2020-09-23,31.27245946466546,2.0
2020-09-24,31.881697812619365,2.0
2020-09-25,32.798860229773815,2.0
2020-09-28,34.58431379778445,2.0
2020-09-29,34.77647430756715,2.0
2020-09-30,34.80765666242376,2.0
2020-10-01,36.248401198070184,2.0
2020-10-02,35.25200657173918,1.0
2020-10-05,35.993138575090285,1.0
2020-10-06,35.34864348073544,2.0
2020-10-07,36.58767348918632,2.0
2020-10-08,36.946773405730895,2.0
2020-10-09,38.04258986118763,2.0
2020-10-12,40.40801094204788,1.0
2020-10-13,40.40975599337348,1.0
2020-10-14,40.077111821015464,1.0
2020-10-15,39.800998877415886,1.0
2020-10-16,39.59752897981078,2.0
2020-10-19,38.28579933939635,2.0
2020-10-20,38.45053858389452,2.0
2020-10-21,38.38404486291213,2.0
2020-10-22,38.39698655470941,2.0
2020-10-23,38.54670337243047,2.0
2020-10-26,37.37527134113442,2.0
2020-10-27,37.96375085830771,2.0
2020-10-28,34.993751554098594,2.0
2020-10-29,35.92252718052371,1.0
2020-10-30,35.089655815141235,1.0
2020-11-02,35.093639612361244,1.0
2020-11-03,35.78961265228288,1.0
2020-11-04,37.03997134278628,1.0
2020-11-05,38.66826440453376,1.0
2020-11-06,39.331291401096735,1.0
2020-11-09,38.830523895718244,1.0
2020-11-10,37.666510609150535,2.0
2020-11-11,40.40271243193509,2.0
2020-11-12,39.36014336082877,2.0
2020-11-13,40.33371268315656,2.0
2020-11-16,42.316775007673314,2.0
2020-11-17,41.62954166442783,2.0
2020-11-18,41.04068969821079,2.0
2020-11-19,42.31062782492785,2.0
2020-11-20,41.85271631415021,2.0
2020-11-23,43.115409590044024,1.0
2020-11-24,43.34765342520795,1.0
2020-11-25,43.193078143479234,1.0
2020-11-27,43.6886853523329,1.0
2020-11-30,44.23619807679138,1.0
2020-12-01,45.018562943881406,1.0
2020-12-02,45.132641363760676,1.0
2020-12-03,45.1553424949504,1.0
2020-12-04,46.4082342065897,1.0
2020-12-07,46.61048983244984,1.0
2020-12-08,46.8064107395681,1.0
2020-12-09,45.472059961011645,2.0
2020-12-10,45.41327854993095,2.0
2020-12-11,44.368461614004694,2.0
2020-12-14,45.48244401199137,2.0
2020-12-15,46.74688821655263,2.0
2020-12-16,46.67795658090523,2.0
2020-12-17,46.84460131859145,2.0
2020-12-18,46.436902196935506,2.0
2020-12-21,45.827454625084975,2.0
2020-12-22,45.71445975090111,2.0
2020-12-23,45.08146427099675,2.0
2020-12-24,45.94903568122107,2.0
2020-12-28,45.774801199659414,2.0
2020-12-29,45.5402115322907,2.0
2020-12-30,47.10982402918085,2.0
2020-12-31,47.443909711826194,2.0
2021-01-04,47.0072502349408,2.0
2021-01-05,48.82266444062544,2.0
2021-01-06,48.58324112231873,2.0
2021-01-07,52.1525874536515,1.0
2021-01-08,52.16716589198637,1.0
2021-01-11,52.80046816185707,1.0
2021-01-12,53.1462452202447,1.0
2021-01-13,53.193395680689356,1.0
2021-01-14,54.347123510269704,1.0
2021-01-15,53.197620737717756,2.0
2021-01-19,56.80064948107764,2.0
2021-01-20,56.4849773214631,2.0
2021-01-21,58.16127280143937,2.0
2021-01-22,56.033246383126375,2.0
2021-01-25,56.193807622412784,2.0
2021-01-26,54.447121752330006,2.0
2021-01-27,48.95312495047597,2.0
2021-01-28,50.9125815605016,2.0
2021-01-29,49.23807925666167,2.0
2021-02-01,53.11742364232393,2.0
2021-02-02,54.729273538511116,2.0
2021-02-03,52.47241268635348,2.0
2021-02-04,53.336937227315936,2.0
2021-02-05,52.56461199228046,2.0
2021-02-08,55.81928417105915,2.0
2021-02-09,55.3451564566995,2.0
2021-02-10,55.69405571021432,2.0
2021-02-11,59.56325685781717,2.0
2021-02-12,61.008421583627175,1.0
2021-02-16,61.36830095292457,1.0
2021-02-17,60.23911665768057,2.0
2021-02-18,59.02976413516005,2.0
2021-02-19,61.90006631698541,2.0
2021-02-22,57.402044384615984,2.0
2021-02-23,56.6255570740156,2.0
2021-02-24,60.18228074475772,2.0
2021-02-25,53.27910410241426,2.0
2021-02-26,55.7229994757667,2.0
2021-03-01,59.41508637141088,2.0
2021-03-02,55.68471544886495,2.0
2021-03-03,52.275742773371746,2.0
2021-03-04,47.2686586795816,2.0
2021-03-05,50.18025803863041,2.0
2021-03-08,44.83791393659804,3.0
2021-03-09,52.87028354745357,3.0
2021-03-10,50.05161084927282,3.0
2021-03-11,56.161440658790106,3.0
2021-03-12,54.45067703243552,3.0
2021-03-15,57.95364877224348,3.0
2021-03-16,60.250930629738484,3.0
2021-03-17,62.59708687019031,3.0
2021-03-18,54.92316785450594,3.0
2021-03-19,56.61762720204566,3.0
2021-03-22,60.28352636953896,3.0
2021-03-23,55.46852803590223,3.0
2021-03-24,53.12133996019522,3.0
2021-03-25,53.479937960402836,3.0
2021-03-26,61.43427262674193,3.0
2021-03-29,58.33731844647774,3.0
2021-03-30,57.89722468785431,3.0
2021-03-31,62.28188363093218,3.0
2021-04-01,69.12785419250649,3.0
2021-04-05,70.51185439269783,1.0
2021-04-06,70.45636742340174,1.0
2021-04-07,70.63003658986077,1.0
2021-04-08,71.36512507133304,1.0
2021-04-09,71.79636259200751,1.0
2021-04-12,71.70266000900747,1.0
2021-04-13,72.52135596020071,1.0
2021-04-14,71.67261365942122,1.0
2021-04-15,72.72790403119096,1.0
2021-04-16,72.83024198981752,1.0
2021-04-19,72.16801334888571,1.0
2021-04-20,71.64159438064583,1.0
2021-04-21,72.24545455859558,1.0
2021-04-22,71.36890725951007,2.0
2021-04-23,73.16161440378332,2.0
2021-04-26,74.12763278284147,2.0
2021-04-27,73.47889769133121,2.0
2021-04-28,72.97457979883478,2.0
2021-04-29,73.46273827240806,2.0
2021-04-30,72.54322573587193,2.0
2021-05-03,71.75261847071421,2.0
2021-05-04,69.23212265118698,2.0
2021-05-05,68.69383488107434,2.0
2021-05-06,69.69612245338011,2.0
2021-05-07,70.83343100612997,2.0
2021-05-10,67.28492574235877,2.0
2021-05-11,67.06064457871561,2.0
2021-05-12,63.65800061520368,2.0
2021-05-13,64.55246389196209,2.0
2021-05-14,67.35109319851026,2.0
2021-05-17,66.59315607869536,2.0
2021-05-18,65.66148904534158,2.0
2021-05-19,65.82261258807762,2.0
2021-05-20,68.35961839971245,2.0
2021-05-21,67.60681210218222,2.0
2021-05-24,69.86387006095721,2.0
2021-05-25,70.08920617778341,2.0
2021-05-26,70.56212824051747,2.0
2021-05-27,70.01300229626666,2.0
2021-05-28,70.467812040626,2.0
2021-06-01,70.00988568725404,2.0
2021-06-02,70.25337481434009,2.0
2021-06-03,68.78117439420448,2.0
2021-06-04,71.13159496449308,2.0
2021-06-07,71.55116815231139,2.0
2021-06-08,71.60573210008158,2.0
2021-06-09,71.6602825285322,2.0
2021-06-10,73.12339017740338,2.0
2021-06-11,73.51028647876879,2.0
2021-06-14,74.88330238214866,2.0
2021-06-15,73.95848641194344,2.0
2021-06-16,73.43052749339554,2.0
2021-06-17,75.25809224016167,2.0
2021-06-18,74.060243973526,2.0
2021-06-21,74.96372440684705,2.0
2021-06-22,76.3597263899956,2.0
2021-06-23,76.44783752458831,2.0
2021-06-24,77.38567818327294,2.0
2021-06-25,77.22375223375602,2.0
2021-06-28,79.0462925504754,2.0
2021-06-29,79.6396641788285,2.0
2021-06-30,79.40665155580587,2.0
2021-07-01,79.43257528706236,2.0
2021-07-02,81.23000817186315,1.0
2021-07-06,81.59325411742931,1.0
2021-07-07,81.76692097032353,1.0
2021-07-08,81.29452043835491,1.0
2021-07-09,81.75326747299171,1.0
2021-07-12,82.09509490312743,1.0
2021-07-13,82.08044388479385,1.0
2021-07-14,82.22907481891757,1.0
2021-07-15,81.66173754403191,1.0
2021-07-16,80.9933301800936,1.0
2021-07-19,80.34597011277754,2.0
2021-07-20,82.11219525719949,2.0
2021-07-21,83.36222095939569,2.0
2021-07-22,84.52995530116017,2.0
2021-07-23,86.40170517768564,2.0
2021-07-26,86.64214294958407,2.0
2021-07-27,84.7550899535448,2.0
2021-07-28,85.3727316090827,2.0
2021-07-29,85.65285148636428,2.0
2021-07-30,84.7969234475839,2.0
2021-08-02,84.77988018452626,2.0
2021-08-03,85.76375636413349,2.0
2021-08-04,86.04750456513719,2.0
2021-08-05,87.12563445260075,2.0
2021-08-06,86.3692714376865,2.0
2021-08-09,86.67736662234523,2.0
2021-08-10,85.81371336790552,2.0
2021-08-11,85.50462284898263,2.0
2021-08-12,86.0984968618194,2.0
2021-08-13,86.67341233534182,2.0
2021-08-16,86.77454095034076,2.0
2021-08-17,85.25437808160652,2.0
2021-08-18,83.60159550510086,2.0
2021-08-19,84.39547260830209,2.0
2021-08-20,86.13384463275226,2.0
2021-08-23,88.69204006413351,2.0
2021-08-24,89.27561916477012,2.0
2021-08-25,89.34209379866036,2.0
2021-08-26,88.33285796087154,2.0
2021-08-27,90.05381931952195,2.0
2021-08-30,92.04399797564783,1.0
2021-08-31,91.95803228373578,1.0
2021-09-01,92.12616807374857,1.0
2021-09-02,92.08326785592328,1.0
2021-09-03,92.35932151438273,1.0
2021-09-07,92.48536001439555,1.0
2021-09-08,92.1691138983269,1.0
2021-09-09,91.84047227807156,1.0
2021-09-10,91.15171483467516,1.0
2021-09-13,91.08282475159237,1.0
2021-09-14,90.82149620507423,2.0
2021-09-15,92.16306032234901,2.0
2021-09-16,92.28414976571403,2.0
2021-09-17,90.1103082252186,2.0
2021-09-20,86.4148342518998,2.0
2021-09-21,86.48818888918913,2.0
2021-09-22,88.17491292929768,2.0
2021-09-23,89.80718703695047,2.0
2021-09-24,89.97656574948793,2.0
2021-09-27,88.52973213061699,2.0
2021-09-28,83.60751142152236,2.0
2021-09-29,83.23835132346433,2.0
2021-09-30,82.61291215885142,2.0
2021-10-01,83.6165216219902,2.0
2021-10-04,80.1885380422915,2.0
2021-10-05,82.24535528701631,2.0
2021-10-06,83.32758136100709,2.0
2021-10-07,84.83029581551259,2.0
2021-10-08,83.96104598813282,2.0
2021-10-11,82.71845623157269,2.0
2021-10-12,82.15658987202961,2.0
2021-10-13,83.43952708740966,2.0
2021-10-14,86.51006651199535,2.0
2021-10-15,87.57920381953627,2.0
2021-10-18,89.3302284901344,2.0
2021-10-19,90.63820892625246,2.0
2021-10-20,90.44785175005032,2.0
2021-10-21,91.52762911231613,2.0
2021-10-22,89.98271147343971,2.0
2021-10-25,91.78304356453026,2.0
2021-10-26,92.35491629161264,2.0
2021-10-27,92.84116054294942,2.0
2021-10-28,94.87307770077012,2.0
2021-10-29,95.80795440543505,2.0
2021-11-01,96.43777668622282,2.0
2021-11-02,97.29532798166879,2.0
2021-11-03,99.35423891487576,2.0
2021-11-04,101.82464119241084,2.0
2021-11-05,102.0763111989164,2.0
2021-11-08,101.79702002842518,2.0
2021-11-09,100.3986714115333,2.0
2021-11-10,97.46563706995987,2.0
2021-11-11,97.99257782491819,2.0
2021-11-12,100.06615680039509,2.0
2021-11-15,100.04600133288636,2.0
2021-11-16,101.42511820664485,2.0
2021-11-17,101.50522931623853,2.0
2021-11-18,103.57513111591273,1.0
2021-11-19,104.15982391591544,1.0
2021-11-22,102.95636747909192,1.0
2021-11-23,102.48874604616697,1.0
2021-11-24,102.80471397298832,1.0
2021-11-26,100.91446190581354,2.0
2021-11-29,105.09307244516444,2.0
2021-11-30,102.08276203626089,2.0
2021-12-01,98.59029782818097,2.0
2021-12-02,98.63711879699588,1.0
2021-12-03,98.47077647303625,1.0
2021-12-06,98.29865091032168,1.0
2021-12-07,103.21358942412556,1.0
2021-12-08,102.59230092707996,1.0
2021-12-09,100.27507008969157,2.0
2021-12-10,101.9995674228898,2.0
2021-12-13,96.70846122087814,2.0
2021-12-14,95.86041292239898,2.0
2021-12-15,102.71650144022051,2.0
2021-12-16,93.77981843980744,2.0
2021-12-17,93.4948278128856,2.0
2021-12-20,92.00422410366953,2.0
2021-12-21,98.36215164006366,2.0
2021-12-22,100.30355882203679,2.0
2021-12-23,102.37979416005783,2.0
2021-12-27,108.02960305070093,2.0
2021-12-28,105.5924361067098,2.0
2021-12-29,106.07158953924404,2.0
2021-12-30,103.4422275855345,2.0
2021-12-31,103.08913106456669,2.0
2022-01-03,107.22219854496612,2.0
2022-01-04,106.20103185423986,2.0
2022-01-05,99.16778773575793,2.0
2022-01-06,100.7480153218794,2.0
2022-01-07,94.80417868278485,2.0
2022-01-10,95.0792606843705,2.0
2022-01-11,98.55492570414839,2.0
2022-01-12,99.89411209734767,2.0
2022-01-13,95.37738064166155,2.0
2022-01-14,99.89804090591616,2.0
2022-01-18,91.11873942311621,2.0
2022-01-19,90.06212960064026,1.0
2022-01-20,87.20891780950397,1.0
2022-01-21,85.76776147127705,1.0
2022-01-24,86.181445138717,1.0
2022-01-25,82.85680059522764,1.0
2022-01-26,82.80493639719623,1.0
2022-01-27,79.03034978187895,1.0
2022-01-28,81.48790887833535,1.0
2022-01-31,85.85118756457884,1.0
2022-02-01,86.70495105831272,1.0
2022-02-02,88.86423231634608,1.0
2022-02-03,84.83586674864976,2.0
2022-02-04,85.93701481413316,2.0
2022-02-07,85.87111592093268,2.0
2022-02-08,90.07794696134951,2.0
2022-02-09,95.77387920051356,2.0
2022-02-10,90.01718395523882,2.0
2022-02-11,81.12275693693847,2.0
2022-02-14,81.1911421031339,2.0
2022-02-15,89.96856548558972,2.0
2022-02-16,90.08589333023698,2.0
2022-02-17,83.2724428118437,2.0
2022-02-18,81.5881278337844,2.0
2022-02-22,80.18819245823231,2.0
2022-02-23,76.44980091467036,2.0
2022-02-24,82.1695182947042,2.0
2022-02-25,84.69317526464133,2.0
2022-02-28,83.65258538648798,2.0
2022-03-01,77.6283633045202,2.0
2022-03-02,78.86425453872924,1.0
2022-03-03,77.76619999836501,1.0
2022-03-04,76.65687756875865,2.0
2022-03-07,70.95025511360828,2.0
2022-03-08,72.2135115047904,1.0
2022-03-09,74.79031158506017,1.0
2022-03-10,73.98852856119696,1.0
2022-03-11,72.4587103350143,2.0
2022-03-14,69.62927976096398,2.0
2022-03-15,73.9265248799925,2.0
2022-03-16,79.46040108567983,2.0
2022-03-17,81.23203002010638,2.0
2022-03-18,84.59639656005287,1.0
2022-03-21,84.39486693750355,1.0
2022-03-22,86.05750542652649,1.0
2022-03-23,84.84665426475031,1.0
2022-03-24,86.67932466631325,1.0
2022-03-25,86.6337165751907,1.0
2022-03-28,87.94750019659207,1.0
2022-03-29,89.44974157605188,1.0
2022-03-30,88.55386013634718,1.0
2022-03-31,87.33306897854926,2.0
2022-04-01,87.08288965645538,2.0
2022-04-04,90.71071499281865,2.0
2022-04-05,86.71187851298849,2.0
2022-04-06,82.91031592269655,2.0
2022-04-07,83.27057395072067,2.0
2022-04-08,81.00071241364809,2.0
2022-04-11,77.1673587323411,2.0
2022-04-12,76.50506305914361,2.0
2022-04-13,79.56269148794777,2.0
2022-04-14,75.99429455415306,2.0
2022-04-18,76.13442339327219,2.0
2022-04-19,79.39755162239766,2.0
2022-04-20,77.01267365231786,2.0
2022-04-21,74.00076770363883,2.0
2022-04-22,70.08381676484376,2.0
2022-04-25,71.81719391930434,2.0
2022-04-26,66.43437761034478,2.0
2022-04-27,66.23733736641155,2.0
2022-04-28,70.90390534930842,2.0
2022-04-29,64.68898720956082,3.0
2022-05-02,66.88019164975903,1.0
2022-05-03,66.93264594618802,1.0
2022-05-04,69.14393664039886,1.0
2022-05-05,65.7091714176895,2.0
2022-05-06,64.18219083064129,2.0
2022-05-09,59.12574576424623,2.0
2022-05-10,60.49495017105737,1.0
2022-05-11,58.70009554052661,1.0
2022-05-12,58.543614231960056,1.0
2022-05-13,60.66401596255987,1.0
2022-05-16,60.037493780299634,1.0
2022-05-17,61.54578095495207,1.0
2022-05-18,58.55189340831859,2.0
2022-05-19,58.233624980350406,1.0
2022-05-20,58.06470950166479,1.0
2022-05-23,59.0204218601407,1.0
2022-05-24,57.79297287659155,2.0
2022-05-25,59.33984887169125,2.0
2022-05-26,62.6482902156367,2.0
2022-05-27,66.73943511934915,1.0
2022-05-31,66.57905202868965,1.0
2022-06-01,66.0619960256266,1.0
2022-06-02,67.8493004144578,1.0
2022-06-03,66.06072141269101,2.0
2022-06-06,66.60884028657843,2.0
2022-06-07,67.68691944142682,2.0
2022-06-08,66.76628165255227,2.0
2022-06-09,63.13997285675034,2.0
2022-06-10,58.64852346433882,2.0
2022-06-13,53.23391406287974,2.0
2022-06-14,53.47355017885501,1.0
2022-06-15,54.754948518703195,1.0
2022-06-16,52.526638102378925,2.0
2022-06-17,53.824179668389256,2.0
2022-06-21,56.53082722907766,2.0
2022-06-22,56.391701864125764,2.0
2022-06-23,58.00133878495065,2.0
2022-06-24,62.04670759739421,1.0
2022-06-27,61.558845405265444,1.0
2022-06-28,59.688650500957614,2.0
2022-06-29,59.76877341690706,2.0
2022-06-30,58.359435047610525,2.0
2022-07-01,58.991667363346686,2.0
2022-07-05,61.0233607399195,2.0
2022-07-06,61.80052407327366,2.0
2022-07-07,64.35387234258947,2.0
2022-07-08,64.55478765106733,2.0
2022-07-11,61.808096210397856,2.0
2022-07-12,60.60871316646664,2.0
2022-07-13,60.35368327543878,2.0
2022-07-14,60.76898469288837,2.0
2022-07-15,62.90206430337313,2.0
2022-07-18,61.93157351791566,2.0
2022-07-19,65.54444082280389,2.0
2022-07-20,67.74000121967345,1.0
2022-07-21,68.6994094316752,1.0
2022-07-22,67.50150311744402,2.0
2022-07-25,66.83098837789306,2.0
2022-07-26,64.13539175479025,2.0
2022-07-27,69.47021736241946,2.0
2022-07-28,70.79604806820545,2.0
2022-07-29,73.39324634459908,2.0
2022-08-01,73.31992094511752,2.0
2022-08-02,72.86500863012218,2.0
2022-08-03,76.7511381907667,1.0
2022-08-04,77.1172366104711,1.0
2022-08-05,76.5057084834193,1.0
2022-08-08,76.2455509248681,1.0
2022-08-09,75.3724256925034,2.0
2022-08-10,79.49896323332541,2.0
2022-08-11,78.70033619469905,2.0
2022-08-12,81.66301202515031,2.0
2022-08-15,82.96743545744046,2.0
2022-08-16,82.61186710417908,2.0
2022-08-17,80.70193069014846,2.0
2022-08-18,81.06253299817634,2.0
2022-08-19,77.89630848962237,2.0
2022-08-22,73.81234480561983,2.0
2022-08-23,73.64616354327721,2.0
2022-08-24,74.024305585278,2.0
2022-08-25,76.61925271935186,2.0
2022-08-26,70.4030843039932,2.0
2022-08-29,68.95962348103714,2.0
2022-08-30,67.42248924296288,2.0
2022-08-31,66.59745058613309,2.0
2022-09-01,66.64535195766015,2.0
2022-09-02,64.79409762545862,2.0
2022-09-06,63.806475863086824,2.0
2022-09-07,66.31925002448507,2.0
2022-09-08,67.03985286864679,2.0
2022-09-09,69.87498514909281,2.0
2022-09-12,71.57658993958283,2.0
2022-09-13,63.72391243978142,2.0
2022-09-14,64.67746503840532,2.0
2022-09-15,62.506871876600755,2.0
2022-09-16,61.69303769689849,2.0
2022-09-19,62.6794576779095,2.0
2022-09-20,61.68415925580359,2.0
2022-09-21,59.42649633259157,3.0
2022-09-22,57.227393184579334,3.0
2022-09-23,54.491340168288644,3.0
2022-09-26,53.74977815178886,3.0
2022-09-27,53.80093884839554,3.0
2022-09-28,56.946139565615454,3.0
2022-09-29,52.13883152596981,3.0
2022-09-30,51.33438808343607,1.0
2022-10-03,52.52120632657451,1.0
2022-10-04,54.148195742065205,1.0
2022-10-05,54.148195742065205,1.0
2022-10-06,53.6925670388931,1.0
2022-10-07,51.65155078605003,2.0
2022-10-10,50.57436700264173,2.0
2022-10-11,49.23570526477995,2.0
2022-10-12,49.16333546129886,2.0
2022-10-13,51.35440568224811,2.0
2022-10-14,48.26942141378724,2.0
2022-10-17,51.43792328919852,2.0
2022-10-18,52.29079417484885,2.0
2022-10-19,51.86781173447183,2.0
2022-10-20,51.28382968971324,2.0
2022-10-21,53.70430838379066,2.0
2022-10-24,54.9226891197384,2.0
2022-10-25,57.12612690418475,2.0
2022-10-26,54.60971713792376,2.0
2022-10-27,52.604417773324855,2.0
2022-10-28,55.776544193263355,2.0
2022-10-31,54.491370379694665,2.0
2022-11-01,53.36426770090607,2.0
2022-11-02,49.68396915292574,2.0
2022-11-03,47.77304299910633,2.0
2022-11-04,49.99316893896612,1.0
2022-11-07,50.5223449957132,1.0
2022-11-08,50.88607478876041,1.0
2022-11-09,49.702675452372226,2.0
2022-11-10,56.95099709267998,1.0
2022-11-11,58.03071435140501,1.0
2022-11-14,57.518756621671216,1.0
2022-11-15,58.29192510557419,1.0
2022-11-16,57.504882979380724,1.0
2022-11-17,57.356968911730036,1.0
2022-11-18,57.339473649087566,1.0
2022-11-21,56.76187881390076,2.0
2022-11-22,58.35200196535691,2.0
2022-11-23,59.515335586338125,2.0
2022-11-25,58.6949209796929,2.0
2022-11-28,56.97221699774417,2.0
2022-11-29,56.06194650953606,2.0
2022-11-30,61.082419706717914,2.0
2022-12-01,61.30711399890146,2.0
2022-12-02,60.824043100483614,2.0
2022-12-05,58.7801092896952,2.0
2022-12-06,56.29458844504292,2.0
2022-12-07,55.84394213681808,2.0
2022-12-08,57.16515408639962,2.0
2022-12-09,56.43157818839585,2.0
2022-12-12,57.80027281203496,2.0
2022-12-13,59.010564815162645,2.0
2022-12-14,58.07682619202037,2.0
2022-12-15,54.240560003784786,2.0
2022-12-16,53.172685093956694,2.0
2022-12-19,51.70342462051798,2.0
2022-12-20,51.55248580821078,2.0
2022-12-21,53.04511964214286,2.0
2022-12-22,50.53173437961299,2.0
2022-12-23,50.627761664288876,2.0
2022-12-27,49.18865614309099,2.0
2022-12-28,47.86450143394745,2.0
2022-12-29,50.11555523626503,2.0
2022-12-30,50.11555523626503,2.0
2023-01-03,49.36236226398531,2.0
2023-01-04,50.610485220789364,1.0
2023-01-05,49.77284510954291,1.0
2023-01-06,52.02657712907483,1.0
2023-01-09,53.07954911894474,1.0
2023-01-10,53.75474898348033,1.0
2023-01-11,54.398426589804544,1.0
2023-01-12,55.01260382207036,1.0
2023-01-13,55.198553588048064,1.0
2023-01-17,55.35484259534515,1.0
2023-01-18,55.01576298821875,1.0
2023-01-19,53.513772638835555,2.0
2023-01-20,56.60547560802752,2.0
2023-01-23,62.35896456905926,1.0
2023-01-24,61.9359041288904,1.0
2023-01-25,62.06458083067583,1.0
2023-01-26,63.07549625029051,1.0
2023-01-27,62.71680104291521,1.0
2023-01-30,61.070029066341654,2.0
2023-01-31,63.194211966351524,2.0
2023-02-01,69.80957887643339,1.0
2023-02-02,71.36090375143043,1.0
2023-02-03,70.04678149199093,2.0
2023-02-06,67.75740221172478,2.0
2023-02-07,71.93786821713941,2.0
2023-02-08,68.93875905643995,2.0
2023-02-09,69.18959125622261,2.0
2023-02-10,67.01960034020905,2.0
2023-02-13,68.77285133297728,2.0
2023-02-14,71.31379079882673,2.0
2023-02-15,71.88989221907218,2.0
2023-02-16,68.44704385371891,2.0
2023-02-17,66.2607829323028,2.0
2023-02-21,62.01439030407453,2.0
2023-02-22,61.48321943429185,2.0
2023-02-23,65.18791601956227,2.0
2023-02-24,62.96888007793149,2.0
2023-02-27,63.526256450015694,2.0
2023-02-28,63.96436244818166,2.0
2023-03-01,64.05168744036834,2.0
2023-03-02,65.01159382488241,2.0
2023-03-03,66.94620793036154,2.0
2023-03-06,65.49456358230188,2.0
2023-03-07,63.997870419203515,2.0
2023-03-08,67.37614789715654,2.0
2023-03-09,64.81917519549276,2.0
2023-03-10,62.32668987706861,2.0
2023-03-13,62.23797272761598,2.0
2023-03-14,65.78934838724945,2.0
2023-03-15,64.26204198343235,2.0
2023-03-16,69.30735377252901,2.0
2023-03-17,68.49130777599747,2.0
2023-03-20,69.85009427916677,2.0
2023-03-21,70.08875537686022,2.0
2023-03-22,68.88347126997947,2.0
2023-03-23,72.41813258753463,2.0
2023-03-24,69.87860566191213,2.0
2023-03-27,68.19173163536419,2.0
2023-03-28,67.22386482056805,2.0
2023-03-29,71.38144317490622,2.0
2023-03-30,73.80540615437616,2.0
2023-03-31,74.76480797999125,2.0
2023-04-03,73.4302168736003,2.0
2023-04-04,73.1859710244761,1.0
2023-04-05,72.40440663665818,1.0
2023-04-06,72.88907919460132,1.0
2023-04-10,72.83593152438281,1.0
2023-04-11,72.36579327962879,1.0
2023-04-12,71.72769849830925,2.0
2023-04-13,74.47272259608216,2.0
2023-04-14,74.18521561679076,2.0
2023-04-17,74.23923850640966,2.0
2023-04-18,74.27523000286587,2.0
2023-04-19,74.1672674523034,2.0
2023-04-20,73.01487673602642,2.0
2023-04-21,73.10563139564341,2.0
2023-04-24,72.81541598176672,2.0
2023-04-25,70.07109439102085,2.0
2023-04-26,70.37190458601664,1.0
2023-04-27,72.26716078767201,1.0
2023-04-28,72.75433586223534,1.0
2023-05-01,72.68565867963981,1.0
2023-05-02,72.04059790126637,1.0
2023-05-03,71.56768357451335,1.0
2023-05-04,71.30143273661743,2.0
2023-05-05,74.21644454371834,2.0
2023-05-08,74.61983856821514,2.0
2023-05-09,73.65779145212657,2.0
2023-05-10,75.24239614676806,2.0
2023-05-11,75.66056474827553,2.0
2023-05-12,75.13929964918901,2.0
2023-05-15,75.90647439631341,2.0
2023-05-16,76.09731145161648,2.0
2023-05-17,77.91656732143586,2.0
2023-05-18,80.70816848936542,1.0
2023-05-19,80.52298601650506,1.0
2023-05-22,80.8020465882416,1.0
2023-05-23,79.76063358148303,1.0
2023-05-24,79.32944685063678,2.0
2023-05-25,83.14813217323788,2.0
2023-05-26,87.34134680920683,2.0
2023-05-30,88.15699510766073,2.0
2023-05-31,86.96398939500601,2.0
2023-06-01,89.0661571136415,2.0
2023-06-02,90.40177887683127,1.0
2023-06-05,90.4672555607864,1.0
2023-06-06,90.43455969739321,1.0
2023-06-07,88.89706197706109,2.0
2023-06-08,90.93015858808143,2.0
2023-06-09,91.6673639391952,2.0
2023-06-12,94.78805393507734,2.0
2023-06-13,96.19996111009601,2.0
2023-06-14,97.56902466006969,2.0
2023-06-15,99.85105186780301,2.0
2023-06-16,98.57091941573711,2.0
2023-06-20,98.24878346417512,2.0
2023-06-21,95.62375890307239,2.0
2023-06-22,97.74053461516289,2.0
2023-06-23,95.80878129641381,2.0
2023-06-26,93.2833852917455,2.0
2023-06-27,96.35875927328654,2.0
2023-06-28,96.7514612689275,2.0
2023-06-29,96.31056307733104,2.0
2023-06-30,99.20749584987817,2.0
2023-07-03,99.65918090511818,2.0
2023-07-05,99.61088667199587,2.0
2023-07-06,98.04929879857846,2.0
2023-07-07,97.38396514282935,2.0
2023-07-10,97.43280652057601,2.0
2023-07-11,98.36073324912726,2.0
2023-07-12,100.79120017856009,1.0
2023-07-13,102.46425323196603,1.0
2023-07-14,102.43324558323992,1.0
2023-07-17,103.37954872919777,1.0
2023-07-18,104.20219581224865,1.0
2023-07-19,104.20219581224865,1.0
2023-07-20,101.76511602667543,2.0
2023-07-21,101.16654104362982,2.0
2023-07-24,101.43511602995694,2.0
2023-07-25,102.79201508155285,2.0
2023-07-26,102.08664685228275,2.0
2023-07-27,101.5047001302051,2.0
2023-07-28,105.16423849475397,2.0
2023-07-31,105.3037790446888,2.0
2023-08-01,104.76148336839125,2.0
2023-08-02,100.19448046822085,2.0
2023-08-03,99.71760109081539,2.0
2023-08-04,98.79340646265825,2.0
2023-08-07,100.42633808458163,2.0
2023-08-08,98.71127472528565,2.0
2023-08-09,96.51662729554916,2.0
2023-08-10,96.80829323420694,2.0
2023-08-11,95.51395635601715,2.0
2023-08-14,97.63159978915424,2.0
2023-08-15,95.63335898793623,2.0
2023-08-16,93.51631115322196,2.0
2023-08-17,91.4079817402288,2.0
2023-08-18,91.12470297982186,2.0
2023-08-21,94.06205126195913,2.0
2023-08-22,93.78269983598939,2.0
2023-08-23,96.72857303219763,2.0
2023-08-24,92.48139650858762,2.0
2023-08-25,93.94146855170887,2.0
2023-08-28,95.34086778452259,2.0
2023-08-29,99.39410228933247,2.0
2023-08-30,100.49928453296886,2.0
2023-08-31,101.10459646361278,2.0
2023-09-01,100.86638136865618,2.0
2023-09-05,101.0412810523514,2.0
2023-09-06,99.26194741729374,2.0
2023-09-07,97.81918570954838,2.0
2023-09-08,98.01299032994885,2.0
2023-09-11,100.23944366964487,2.0
2023-09-12,98.10125922088356,2.0
2023-09-13,98.74654666182349,2.0
2023-09-14,100.29021055171259,2.0
2023-09-15,96.85944984611277,2.0
2023-09-18,97.00566952735397,2.0
2023-09-19,96.61607385431765,2.0
2023-09-20,93.82327107131084,2.0
2023-09-21,90.26089255192613,2.0
2023-09-22,90.31159231102511,2.0
2023-09-25,91.10579826086904,2.0
2023-09-26,88.3970305284417,2.0
2023-09-27,88.75584655521098,2.0
2023-09-28,90.18820863017834,2.0
2023-09-29,90.32356039479663,2.0
2023-10-02,91.76047594743206,2.0
2023-10-03,88.5231694195164,2.0
2023-10-04,90.91520161266399,2.0
2023-10-05,90.27436923001233,2.0
2023-10-06,93.3038348992068,2.0
2023-10-09,94.2197911945842,2.0
2023-10-10,95.24734995907811,2.0
2023-10-11,96.59908112630673,2.0
2023-10-12,95.84605632108732,2.0
2023-10-13,93.43018064110602,2.0
2023-10-16,95.52805509324781,2.0
2023-10-17,94.91870450002331,2.0
2023-10-18,92.24215250517167,2.0
2023-10-19,90.59914541201611,2.0
2023-10-20,87.87525312966251,2.0
2023-10-23,88.39080869054689,2.0
2023-10-24,90.05290240965473,2.0
2023-10-25,85.65552937093396,2.0
2023-10-26,82.32723081598847,2.0
2023-10-27,83.1097785929157,2.0
2023-10-30,84.89765546681336,2.0
2023-10-31,85.72097382188676,2.0
2023-11-01,88.66725021093393,2.0
2023-11-02,91.80545760635462,2.0
2023-11-03,93.96360004402477,2.0
2023-11-06,94.68037311194361,2.0
2023-11-07,96.45723701488016,2.0
2023-11-08,96.57240657018674,2.0
2023-11-09,95.04304267086732,2.0
2023-11-10,99.27049862397077,2.0
2023-11-13,98.66989222079174,2.0
2023-11-14,102.80556201756501,2.0
2023-11-15,102.99708798499958,2.0
2023-11-16,103.10871811484803,2.0
2023-11-17,103.15652299442361,2.0
2023-11-20,105.61035724560239,2.0
2023-11-21,104.33453366525828,2.0
2023-11-22,105.14277532671552,2.0
2023-11-24,104.79546003080894,2.0
2023-11-27,104.58988337806032,2.0
2023-11-28,105.14389629188588,2.0
2023-11-29,104.89129784054433,2.0
2023-11-30,104.30646088333954,2.0
2023-12-01,104.89294201405497,2.0
2023-12-04,102.90129447265686,2.0
2023-12-05,103.39609276670967,2.0
2023-12-06,102.17001617087429,2.0
2023-12-07,105.02143464097624,2.0
2023-12-08,105.8590716623801,2.0
2023-12-11,107.65369787802197,2.0
2023-12-12,109.38664840433466,2.0
2023-12-13,111.95790198011744,2.0
2023-12-14,111.83539575559936,2.0
2023-12-15,112.72408417232378,2.0
2023-12-18,114.29604599560808,2.0
2023-12-19,115.43286494364007,2.0
2023-12-20,112.01359809935288,2.0
2023-12-21,114.49048886019037,2.0
2023-12-22,114.79486935890401,2.0
2023-12-26,116.19324304669045,2.0
2023-12-27,116.6011728182281,1.0
2023-12-28,116.50314106202273,1.0
2023-12-29,115.96681432557102,1.0
2024-01-02,114.00735268915322,2.0
2024-01-03,111.58137781675636,1.0
2024-01-04,110.63204616088429,1.0
2024-01-05,111.13662924985523,1.0
2024-01-08,114.70831317923617,1.0
2024-01-09,114.69486402313608,1.0
2024-01-10,114.35855364551237,1.0
2024-01-11,114.7509840219781,1.0
2024-01-12,114.26713968002784,1.0
2024-01-16,115.7446171199209,1.0
2024-01-17,114.74009500879298,1.0
2024-01-18,118.4531061788238,1.0
2024-01-19,123.09907400627687,1.0
2024-01-22,123.56989969664976,1.0
2024-01-23,124.34090336674397,1.0
2024-01-24,126.07170396573927,1.0
2024-01-25,125.73479972110597,1.0
2024-01-26,122.22334112121546,2.0
2024-01-29,124.6910655029827,2.0
2024-01-30,121.10879444878043,2.0
2024-01-31,117.6653988928064,2.0
2024-02-01,118.52070420930076,2.0
2024-02-02,121.44263920320431,2.0
2024-02-05,124.93131869808268,2.0
2024-02-06,121.91779268210686,2.0
2024-02-07,125.59370948811268,2.0
2024-02-08,129.832251925539,2.0
2024-02-09,134.88808592379573,2.0
2024-02-12,134.49927744286435,2.0
2024-02-13,129.2086410418252,2.0
2024-02-14,134.539721292312,2.0
2024-02-15,134.51680256548934,2.0
2024-02-16,132.72828828004683,2.0
2024-02-20,128.31901776095773,2.0
2024-02-21,127.6613174208094,2.0
2024-02-22,140.0954079895763,1.0
2024-02-23,138.68610780524617,1.0
2024-02-26,139.88297605631564,1.0
2024-02-27,139.76982129707864,1.0
2024-02-28,138.28520488828883,1.0
2024-02-29,141.80603329266964,1.0
2024-03-01,147.86357492664678,1.0
2024-03-04,149.33211241528704,1.0
2024-03-05,146.40168259936237,2.0
2024-03-06,153.44462798171182,2.0
2024-03-07,163.83314227264637,2.0
2024-03-08,151.25642348951033,2.0
2024-03-11,146.76559858979837,2.0
2024-03-12,152.6441640738439,2.0
2024-03-13,145.46042373795606,2.0
2024-03-14,140.09404245739768,2.0
2024-03-15,138.399052137019,2.0
2024-03-18,137.967315613908,2.0
2024-03-19,135.619429216927,2.0
2024-03-20,139.94145423224842,2.0
2024-03-21,146.19689260932554,2.0
2024-03-22,146.44944892833587,2.0
2024-03-25,145.3139164808965,2.0
2024-03-26,143.4984307068836,2.0
2024-03-27,146.62143216098445,2.0
2024-03-28,146.68448365356534,2.0
2024-04-01,149.7529047786915,2.0
2024-04-02,145.36339873062255,2.0
2024-04-03,146.0181784360585,2.0
2024-04-04,137.96753038321236,2.0
2024-04-05,140.68107465850682,2.0
2024-04-08,141.4981192718681,2.0
2024-04-09,144.478145931975,2.0
2024-04-10,139.597474605113,2.0
2024-04-11,145.45049765683476,2.0
2024-04-12,136.36777289050752,2.0
2024-04-15,132.57887305187782,2.0
2024-04-16,134.26748898101823,2.0
2024-04-17,126.58371264279661,2.0
2024-04-18,121.6879546946943,2.0
2024-04-19,112.11372947883736,3.0
2024-04-22,116.77450606352255,3.0
2024-04-23,124.2026244675092,3.0
2024-04-24,129.22754777169885,3.0
2024-04-25,136.21871969136618,3.0
2024-04-26,144.92128118722314,3.0
2024-04-29,147.87069636627683,3.0
2024-04-30,139.0224789996739,3.0
2024-05-01,125.14933832888129,3.0
2024-05-02,132.72314781681158,3.0
2024-05-03,141.89907328599415,3.0
2024-05-06,150.38314393309264,3.0
2024-05-07,146.96037886599242,3.0
2024-05-08,147.1424592683842,3.0
2024-05-09,145.50387649964895,3.0
2024-05-10,149.3999914547957,3.0
2024-05-13,150.2739266792715,3.0
2024-05-14,157.33789132111417,3.0
2024-05-15,171.1382110991733,2.0
2024-05-16,169.3418591197016,2.0
2024-05-17,167.2430918717943,2.0
2024-05-20,174.24224987582193,2.0
2024-05-21,173.5922150137882,2.0
2024-05-22,176.9690333943686,2.0
2024-05-23,175.60718028138388,2.0
2024-05-24,181.9152791420362,2.0
2024-05-28,188.04512845643833,2.0
2024-05-29,180.94646927593126,2.0
2024-05-30,178.62752990794226,2.0
2024-05-31,175.26933552601858,2.0
2024-06-03,175.26933552601858,2.0
2024-06-04,175.70421965178747,1.0
2024-06-05,179.23984361659754,1.0
2024-06-06,179.1689901280947,1.0
2024-06-07,178.94737183441117,1.0
2024-06-10,179.57834168715036,1.0
2024-06-11,180.8138313612857,1.0
2024-06-12,183.19055619958323,1.0
2024-06-13,184.16641697086084,1.0
2024-06-14,185.0564659506686,1.0
2024-06-17,187.29368324931647,1.0
2024-06-18,187.32617595358133,1.0
2024-06-20,185.85646999193807,1.0
2024-06-21,185.28719022624313,1.0
2024-06-24,183.1952303957669,2.0
2024-06-25,187.27304987200225,2.0
2024-06-26,188.05424981031993,2.0
2024-06-27,188.96345157290756,2.0
2024-06-28,186.98141084371545,2.0
2024-07-01,189.0246579443135,2.0
2024-07-02,192.88762690851016,2.0
2024-07-03,196.04712109435883,2.0
2024-07-05,200.006161221946,2.0
2024-07-08,200.88822511916163,2.0
2024-07-09,201.18159812138538,2.0
2024-07-10,205.38357267128413,2.0
2024-07-11,196.38761021514335,2.0
2024-07-12,198.51608512668065,2.0
2024-07-15,199.50076989746694,2.0
2024-07-16,199.5990099323486,2.0
2024-07-17,187.89640623291788,2.0
2024-07-18,186.02124014283888,2.0
2024-07-19,182.6594021324376,2.0
2024-07-22,187.9717666815782,2.0
2024-07-23,186.61995403017755,2.0
2024-07-24,173.2051508687091,2.0
2024-07-25,169.3590766646127,2.0
2024-07-26,172.58904876487085,2.0
2024-07-29,173.26089136062205,2.0
2024-07-30,168.54954175158824,2.0
2024-07-31,178.37419833545263,2.0
2024-08-01,169.80556009226547,2.0
2024-08-02,161.55112552505568,2.0
2024-08-05,152.1635175056364,2.0
2024-08-06,153.41836343146088,1.0
2024-08-07,151.7714101248935,1.0
2024-08-08,156.40340295390743,1.0
2024-08-09,157.11277383049992,1.0
2024-08-12,157.46873171862975,1.0
2024-08-13,161.28696010689038,1.0
2024-08-14,161.38000546442288,1.0
2024-08-15,165.42696785657913,1.0
2024-08-16,165.57195752790946,1.0
2024-08-19,167.7107590755031,1.0
2024-08-20,167.3657657875372,1.0
2024-08-21,168.12945375207502,1.0
2024-08-22,165.437693499819,1.0
2024-08-23,167.17159304286528,1.0
2024-08-26,165.5361380302237,1.0
2024-08-27,166.0036130563661,1.0
2024-08-28,164.12814132201459,2.0
2024-08-29,163.55396599262372,2.0
2024-08-30,167.26794168007132,2.0
2024-09-03,157.09355142262967,2.0
2024-09-04,156.20330650742332,2.0
2024-09-05,156.54020827784336,2.0
2024-09-06,148.07630915330134,2.0
2024-09-09,151.74854465715467,2.0
2024-09-10,154.469813120187,2.0
2024-09-11,161.03540074266013,2.0
2024-09-12,164.21106453313473,2.0
2024-09-13,165.64370451961486,2.0
2024-09-16,164.16803187353798,2.0
2024-09-17,164.23390859649356,2.0
2024-09-18,162.80128458267518,2.0
2024-09-19,171.00504360896,2.0
2024-09-20,170.27816625889034,2.0
2024-09-23,171.11990193119453,2.0
2024-09-24,172.73459607471582,2.0
2024-09-25,173.13771297857252,2.0
2024-09-26,175.58568779222293,2.0
2024-09-27,173.57050767926867,2.0
2024-09-30,174.47135905758267,2.0
2024-10-01,169.54538745906632,2.0
2024-10-02,169.9686990359851,2.0
2024-10-03,169.70850811769787,2.0
2024-10-04,173.6957192195058,2.0
2024-10-07,169.88247023136572,2.0
2024-10-08,174.79671184133645,2.0
2024-10-09,177.6048823156374,2.0
2024-10-10,177.19093815699014,2.0
2024-10-11,177.49378340275547,2.0
2024-10-14,180.51970369340216,2.0
2024-10-15,175.71848810528056,2.0
2024-10-16,175.6544263333092,2.0
2024-10-17,176.00676224323416,2.0
2024-10-18,178.08665298859677,2.0
2024-10-21,178.73880795829464,2.0
2024-10-22,179.08811082895343,2.0
2024-10-23,173.56818224030414,2.0
2024-10-24,176.3243818294257,2.0
2024-10-25,178.30754322926975,2.0
2024-10-28,178.41887060745793,2.0
2024-10-29,181.71011676636022,2.0
2024-10-30,179.01566622876112,2.0
2024-10-31,169.9342939579686,2.0
2024-11-01,172.3485416458071,2.0
2024-11-04,171.279393347331,2.0
2024-11-05,175.61806855467083,2.0
2024-11-06,185.12047453252057,2.0
2024-11-07,190.89523505570062,1.0
2024-11-08,191.04939532663008,1.0
2024-11-11,190.93394802697318,1.0
2024-11-12,190.58722253416636,1.0
2024-11-13,190.30882801098548,1.0
2024-11-14,188.96702423194432,1.0
2024-11-15,184.41162315522854,2.0
2024-11-18,186.8946015692971,2.0
2024-11-19,189.39409604949714,2.0
2024-11-20,189.24707540872717,2.0
2024-11-21,190.48911882068347,2.0
2024-11-22,190.96151005833806,2.0
2024-11-25,191.5472227234901,2.0
2024-11-26,193.52902752890003,2.0
2024-11-27,190.40983248023383,2.0
2024-11-29,193.6525590141984,2.0
2024-12-02,197.83798787167174,2.0
2024-12-03,199.00532822663575,2.0
2024-12-04,203.85231483715123,2.0
2024-12-05,202.73358871292822,2.0
2024-12-06,206.209637134862,2.0
2024-12-09,202.99764822504912,2.0
2024-12-10,201.52889205422173,2.0
2024-12-11,208.70934384807947,1.0
2024-12-12,207.33026546026034,1.0
2024-12-13,208.81480843355763,1.0
2024-12-16,211.8434763350495,1.0
2024-12-17,210.8973104087025,1.0
2024-12-18,203.29761926735773,2.0
2024-12-19,201.3824318370903,2.0
2024-12-20,204.86612126087175,2.0
2024-12-23,208.67025628911733,2.0
2024-12-24,214.1981584298405,2.0
2024-12-26,213.89137709808293,2.0
2024-12-27,208.0906574190237,2.0
2024-12-30,202.51929828980343,2.0
2024-12-31,198.98031248064893,2.0
2025-01-02,198.14210642866888,2.0
2025-01-03,204.47552978648517,2.0
2025-01-06,209.12421538422575,2.0
2025-01-07,201.61429698134964,2.0
2025-01-08,201.7143321651229,2.0
2025-01-10,195.29720248245764,2.0
2025-01-13,193.94149177243673,2.0
2025-01-14,193.48235554850024,2.0
2025-01-15,202.1996191454318,2.0
2025-01-16,199.44961767540175,2.0
2025-01-17,206.01149402828796,2.0
2025-01-21,208.29117388277217,2.0
2025-01-22,213.68000517869723,2.0
2025-01-23,214.55612052141663,2.0
2025-01-24,211.9816503648292,2.0
2025-01-27,199.58447573623548,2.0
2025-01-28,205.48576682192578,2.0
2025-01-29,204.6404447000757,2.0
2025-01-30,206.3511869593938,2.0
2025-01-31,205.6068584617642,2.0
2025-02-03,202.29278405625323,2.0
2025-02-04,207.18803283247397,2.0
2025-02-05,208.98785786033352,2.0
2025-02-06,211.07594797944373,2.0
2025-02-07,205.709672015917,2.0
2025-02-10,210.53350361205563,2.0
2025-02-11,209.5337881841246,2.0
2025-02-12,209.81306238802844,2.0
2025-02-13,215.70686117862132,2.0
2025-02-14,217.3912707223173,2.0
2025-02-18,218.29474492912198,2.0
2025-02-19,218.3108353321368,2.0
2025-02-20,216.539889359359,2.0
2025-02-21,207.5032497939582,2.0
2025-02-24,202.5290426560422,2.0
2025-02-25,197.37589426692298,2.0
2025-02-26,198.22350336875397,2.0
2025-02-27,187.2618399052074,2.0
2025-02-28,192.97762533561155,2.0
2025-03-03,184.6664563260285,2.0
2025-03-04,183.3137531801971,2.0
2025-03-05,188.0744559327859,2.0
2025-03-06,177.67957482259118,2.0
2025-03-07,180.13687913463212,2.0
2025-03-10,166.5974536805222,2.0
2025-03-11,165.29757026196387,2.0
2025-03-12,169.06344675525918,2.0
2025-03-13,162.9052946436325,2.0
2025-03-14,170.61033501738063,2.0
2025-03-17,172.8156729330302,2.0
2025-03-18,167.00859078836578,2.0
2025-03-19,171.33874903360575,2.0
2025-03-20,170.16417071208667,2.0
2025-03-21,171.23231705154146,2.0
2025-03-24,178.48404327815072,2.0
2025-03-25,180.60722844471672,2.0
2025-03-26,173.91170538839017,2.0
2025-03-27,171.93605155201539,2.0
2025-03-28,162.8102830906828,2.0
2025-03-31,162.7345658648785,2.0
2025-04-01,165.2338084694744,2.0
2025-04-02,167.69550201843558,2.0
2025-04-03,149.7311207479939,3.0
2025-04-04,122.31514726425274,3.0
2025-04-07,124.27667009785897,1.0
2025-04-08,121.91666207400789,1.0
2025-04-09,136.2395242206297,1.0
2025-04-10,130.6545889561557,2.0
2025-04-11,135.2608240898924,2.0
2025-04-14,137.15413867662133,2.0
2025-04-15,137.504401136929,2.0
2025-04-16,129.2193372798969,2.0
2025-04-17,128.97207204777706,2.0
2025-04-21,122.68910279893126,2.0
2025-04-22,128.9417760647071,2.0
2025-04-23,134.64580990193278,2.0
2025-04-24,142.28648232166248,2.0
2025-04-25,145.41565602278976,2.0
2025-04-28,145.34365886336883,2.0
2025-04-29,147.23404386423275,2.0
2025-04-30,147.25193792635034,2.0
2025-05-01,150.63271384540974,1.0
2025-05-02,152.98538403498446,1.0
2025-05-05,152.10157681672695,1.0
2025-05-06,150.66042752981585,1.0
2025-05-07,151.24459264293174,1.0
2025-05-08,152.746495729477,1.0
2025-05-09,152.62590527880087,1.0
2025-05-12,158.78580845080478,1.0
2025-05-13,161.2116710437781,1.0
2025-05-14,162.1598800138573,1.0
2025-05-15,162.32890067364005,1.0
2025-05-16,162.99587432724493,1.0
2025-05-19,163.1403553222303,1.0
2025-05-20,162.57104614514395,1.0
2025-05-21,160.3159860646537,2.0
2025-05-22,160.86656743472136,2.0
2025-05-23,157.7728292488894,2.0
2025-05-27,165.1000446663519,2.0
2025-05-28,163.68813024639337,2.0
2025-05-29,164.21794014824448,2.0
2025-05-30,163.64230912123216,2.0
2025-06-02,166.15149417583348,2.0
2025-06-03,168.73468708567938,2.0
2025-06-04,169.64037065675814,2.0
2025-06-05,167.0070779719832,2.0
2025-06-06,170.18596511241964,2.0
2025-06-09,170.6904863772882,2.0
2025-06-10,172.88881687304843,2.0
2025-06-11,171.70556256805108,2.0
2025-06-12,172.45146594156643,2.0
2025-06-13,168.10733498813164,2.0
2025-06-16,172.6776012123542,2.0
2025-06-17,169.2756714456091,2.0
2025-06-18,169.12226095420772,2.0
2025-06-20,167.57208362243045,2.0
2025-06-23,171.04149229770448,2.0
2025-06-24,176.23149877618485,2.0
2025-06-25,177.13360553396197,2.0
2025-06-26,180.36872197497334,2.0
2025-06-27,181.54687407897305,1.0
2025-06-30,182.72121003178623,1.0
2025-07-01,181.17285784233223,1.0
2025-07-02,182.37485153192497,1.0
2025-07-03,184.07701252241532,1.0
2025-07-07,182.70961880829333,1.0
2025-07-08,182.7904123817165,1.0
2025-07-09,184.05260917483645,1.0
2025-07-10,183.77028246969806,1.0
2025-07-11,183.3055605773,1.0
2025-07-14,183.9551121575357,1.0
2025-07-15,184.11455125914918,1.0
2025-07-16,184.2881810769208,1.0
2025-07-17,185.71794678068858,1.0
2025-07-18,185.50460533040268,1.0
2025-07-21,186.44548929267563,1.0
2025-07-22,185.47871936948874,1.0
2025-07-23,186.29165419677275,1.0
2025-07-24,186.70167547845838,1.0
2025-07-25,187.0536021362844,1.0
2025-07-28,187.6636516667644,1.0
2025-07-29,187.37801327976595,1.0
2025-07-30,187.59464788664837,1.0
2025-07-31,186.56279141179266,1.0
2025-08-01,182.83336895718747,2.0
2025-08-04,185.16181233029417,1.0
2025-08-05,183.97677741719653,1.0
2025-08-06,182.65122392432667,1.0
2025-08-07,185.21448233933606,1.0
2025-08-08,186.96784440364596,1.0
2025-08-11,186.72544091732817,1.0
2025-08-12,192.53402694733,1.0
2025-08-13,195.44496088028018,1.0
2025-08-14,195.77882501567004,1.0
2025-08-15,191.23150455561802,2.0
2025-08-18,191.97677660300926,2.0
2025-08-19,185.97967360159336,2.0
2025-08-20,183.90062993759398,2.0
2025-08-21,181.76226016580156,2.0
2025-08-22,191.80041211531793,2.0
2025-08-25,191.10167997744986,2.0
2025-08-26,194.08837417212072,2.0
2025-08-27,195.19983606779368,2.0
2025-08-28,196.8161065615105,2.0
2025-08-29,185.36449412283545,2.0
2025-09-02,181.61543581506578,2.0
2025-09-03,179.98509396221692,2.0
2025-09-04,183.54962811770673,2.0
2025-09-05,187.36612852986616,2.0
2025-09-08,190.34131389079184,2.0
2025-09-09,190.8099078646358,2.0
2025-09-10,197.45572998254198,2.0
2025-09-11,200.07926441737982,2.0
2025-09-12,200.67371210588863,2.0
2025-09-15,203.8698892449148,2.0
2025-09-16,206.04449143938422,2.0
2025-09-17,205.99942790940526,2.0
2025-09-18,220.2871098707145,1.0
2025-09-19,218.93378105925385,1.0
2025-09-22,222.0500343569387,1.0
2025-09-23,221.79198895343984,1.0
2025-09-24,221.57645094604476,1.0
2025-09-25,220.8205809338682,1.0
2025-09-26,221.1902504413037,1.0
2025-09-29,221.1902504413037,1.0
2025-09-30,222.96740050420217,1.0
2025-10-01,227.2765685975076,1.0
2025-10-02,228.20133052867845,1.0
2025-10-03,227.1693264726388,1.0
2025-10-06,228.8617138188617,1.0
2025-10-07,227.62874752384081,1.0
2025-10-08,230.20093845447144,1.0
2025-10-09,229.8978938875853,1.0
2025-10-10,221.85659663219437,2.0
2025-10-13,231.24251923782862,2.0
2025-10-14,228.10641161041832,2.0
2025-10-15,231.2190983402317,2.0
2025-10-16,229.50140513022603,2.0
2025-10-17,232.40998453624402,2.0
2025-10-20,238.22079080965304,2.0
2025-10-21,238.04414123447006,2.0
2025-10-22,233.37618573476453,2.0
2025-10-23,237.27322814593754,2.0
2025-10-24,242.20075000434252,2.0
2025-10-27,250.77358369776346,2.0
2025-10-28,254.59308078092266,1.0
2025-10-29,255.6762453594466,1.0
2025-10-30,251.77569821180484,1.0
2025-10-31,252.9643212094826,1.0
2025-11-03,254.12020271692722,1.0
2025-11-04,244.04187572688843,1.0
2025-11-05,245.6237138403444,1.0
2025-11-06,238.9450647393059,1.0
2025-11-07,236.59321290687376,1.0
2025-11-10,241.75988316933217,1.0
2025-11-11,236.11380447607627,1.0
2025-11-12,239.69042628383923,1.0
2025-11-13,231.48323094698128,2.0
2025-11-14,231.54220519270663,1.0
2025-11-17,227.53023613167778,1.0
2025-11-18,222.40400859346548,2.0
2025-11-19,223.67777241221032,1.0
2025-11-20,212.99979250931327,1.0
2025-11-21,214.57417088832904,1.0
2025-11-24,223.8838837546352,1.0
2025-11-25,224.52901720129023,1.0
2025-11-26,230.77800594938572,1.0
2025-11-28,234.8412059036873,1.0
2025-12-01,234.9360740362723,1.0
2025-12-02,239.65640247188566,1.0
2025-12-03,244.7267634471085,1.0
2025-12-04,242.23991304003363,1.0
2025-12-05,244.6358498685935,1.0
2025-12-08,247.24880920133438,1.0
2025-12-09,246.90533522240398,1.0
2025-12-10,250.10854416022116,1.0
2025-12-11,248.66447907783427,1.0
2025-12-12,236.63643416321165,2.0
2025-12-15,234.63184655038418,2.0
2025-12-16,232.01090352460815,2.0
2025-12-17,214.89705510857289,2.0
2025-12-18,225.12173735531078,2.0
2025-12-19,237.33673794875767,2.0
2025-12-22,243.17722816395897,2.0
2025-12-23,244.82615062100996,2.0
2025-12-24,246.73097020459895,2.0
2025-12-26,246.73097020459895,2.0
2025-12-29,245.27994208456812,2.0
2025-12-30,244.7201921098776,2.0
2025-12-31,238.5933165656777,2.0
2026-01-02,258.3105329529098,2.0
2026-01-05,265.52835286300405,2.0
2026-01-06,282.75549642061117,1.0
2026-01-07,279.75396130062546,1.0
2026-01-08,275.045921049753,2.0
2026-01-09,290.926380456575,2.0
2026-01-12,293.4428918609481,2.0
2026-01-13,298.52600692649537,2.0
2026-01-14,296.0768952691942,2.0
2026-01-15,305.7001988408491,2.0
2026-01-16,315.06910317302106,1.0
2026-01-20,310.2112452163804,1.0
2026-01-21,320.09831588281173,1.0
2026-01-22,320.50171923105927,1.0
2026-01-23,316.9472909404263,1.0
2026-01-26,315.40372035883803,1.0
2026-01-27,322.78218989451074,1.0
2026-01-28,331.27906885052704,1.0
2026-01-29,331.87776419610293,1.0
2026-01-30,318.25163939309994,2.0
2026-02-02,329.96051150461506,2.0
2026-02-03,316.4652062991385,2.0
2026-02-04,288.8520587294438,2.0
2026-02-05,289.06928653729216,2.0
2026-02-06,319.83096335190226,2.0
2026-02-09,327.7037213116721,2.0
2026-02-10,325.3494590181299,2.0
2026-02-11,341.4782548451709,2.0
2026-02-12,324.9186775848891,2.0
2026-02-13,330.03360782479876,2.0
2026-02-17,329.2160677996041,2.0
2026-02-18,335.83279911714766,2.0
2026-02-19,332.2527524309362,2.0
2026-02-20,338.63666811252597,2.0
2026-02-23,334.4316730170025,2.0
2026-02-24,343.47036059993144,2.0
2026-02-25,354.5969421465452,2.0
2026-02-26,333.1480734373882,2.0
2026-02-27,324.4123401020843,2.0
2026-03-02,324.37787760517085,2.0
2026-03-03,292.19507000632774,2.0
2026-03-04,303.8639141221,2.0
2026-03-05,297.35228994450597,2.0
2026-03-06,272.3558871859866,2.0
2026-03-09,292.94324111352347,2.0
2026-03-10,297.59487967869353,2.0
2026-03-11,303.04633377004484,2.0
2026-03-12,282.11925692230085,2.0
2026-03-13,283.76514879219275,2.0
2026-03-16,294.8427215517095,2.0
2026-03-17,299.4556534261678,2.0
2026-03-18,296.07689885890943,2.0
2026-03-19,299.10964273969097,2.0
2026-03-20,285.62199118585346,2.0
2026-03-23,292.65921443515873,2.0
2026-03-24,299.7600050087246,2.0
2026-03-25,307.3230977996202,2.0
2026-03-26,278.336453741085,2.0
2026-03-27,269.39391498487,2.0
2026-03-30,246.31346040720672,3.0
2026-03-31,290.518910901834,3.0
2026-04-01,316.89663628591285,3.0
2026-04-02,319.8679315149178,3.0
2026-04-06,332.35946475079436,3.0
2026-04-07,342.91054565172965,3.0
2026-04-08,409.3096753982361,2.0
2026-04-09,427.42037880376205,2.0
2026-04-10,444.87821048773816,2.0
2026-04-13,461.06829939955037,2.0
2026-04-14,479.1920538560138,1.0
2026-04-15,480.40908810408666,1.0
2026-04-16,484.8987254314196,1.0
2026-04-17,496.44000896859376,1.0
2026-04-20,498.6422180581393,1.0
2026-04-21,502.3670380778496,1.0
2026-04-22,515.256129090165,1.0
2026-04-23,526.8482495194388,1.0
2026-04-24,551.064193923233,1.0
2026-04-27,544.0069653970664,1.0
2026-04-28,523.682202815648,2.0
2026-04-29,550.4813347470248,2.0
2026-04-30,578.5101440527998,2.0
2026-05-01,588.897602273988,2.0
2026-05-04,580.3170662130502,2.0
2026-05-05,630.6976573191375,1.0
2026-05-06,662.3287925844244,1.0
2026-05-07,644.0250631845962,2.0
2026-05-08,714.143755137519,2.0
2026-05-11,750.4146365484473,1.0
2026-05-12,726.900969315989,2.0
2026-05-13,759.8219061609287,2.0
2026-05-14,765.1832115381382,2.0
2026-05-15,704.8803319076138,2.0
2026-05-18,669.3028853904602,2.0
2026-05-19,669.7145361117983,2.0
2026-05-20,732.3546712396142,2.0
