date,OOS Rank 1 - IS#4 rebound 8/20,OOS Rank 3 - IS#8 profit 5/15
2010-06-25,1.0,1.0
2010-06-28,0.9940002213151687,0.9932838298304129
2010-06-29,0.9196827441007813,0.9101525811948192
2010-06-30,0.889847107622002,0.8771005666770115
2010-07-01,0.8840352170786557,0.8706879115274911
2010-07-02,0.8807949379172901,0.8671154970797111
2010-07-06,0.8838790881379226,0.8705142854370375
2010-07-07,0.9398406558211659,0.9322106218935539
2010-07-08,0.9504639460006474,0.9440058223083663
2010-07-09,0.9683068197457343,0.9638434752772885
2010-07-12,0.9756737796204912,0.972052060024255
2010-07-13,0.9980021306330652,0.9969537030275836
2010-07-14,1.0086982009518424,1.0089143378943561
2010-07-15,1.0110569066879496,1.0115552458907209
2010-07-16,0.9565361141045748,0.9504944265222094
2010-07-19,0.9854445410486876,0.9826502120923742
2010-07-20,1.0271625451145476,1.0292170498437885
2010-07-21,1.0030629747798299,0.9751548699405187
2010-07-22,1.048374761588353,1.0737766958021142
2010-07-23,1.06665922646822,1.1157039216574791
2010-07-26,1.082365640795341,1.152484349042578
2010-07-27,1.0822107374738048,1.152299716508701
2010-07-28,1.0673894431111968,1.1346342052896279
2010-07-29,1.0503565408452078,1.1143663365085523
2010-07-30,1.055162389050031,1.1200738605547769
2010-08-02,1.0931975030507821,1.1652697088865445
2010-08-03,1.0856261068768935,1.1562354972943993
2010-08-04,1.1066352024639503,1.1812827350092927
2010-08-05,1.1022582426146479,1.1760526542030885
2010-08-06,1.098794592225012,1.1719158599527773
2010-08-09,1.11166719110788,1.1872844000910954
2010-08-10,1.0958775247229497,1.1684071213830185
2010-08-11,1.0354390100126596,1.0962743831426822
2010-08-12,0.9963323279687187,1.049926257660261
2010-08-13,0.9697344775028394,1.0185509801472499
2010-08-16,0.977080984484598,1.0271886637289351
2010-08-17,1.026882417068254,1.085795456162604
2010-08-18,1.0392475773682501,1.100431156667026
2010-08-19,0.9880375810549871,1.0397316638035212
2010-08-20,0.9834871106252434,1.0343713456964452
2010-08-23,0.947118407611586,0.9915537691527233
2010-08-24,0.8742963802270656,0.8777648544288658
2010-08-25,0.926723719337417,0.9304001812162633
2010-08-26,0.8662326922167506,0.884851927658613
2010-08-27,0.9235474948747134,0.9433986831331587
2010-08-30,0.8636993056428904,0.8822640872162857
2010-08-31,0.8551425576164181,0.8735234162005829
2010-09-01,0.9984901920801968,1.01995223587025
2010-09-02,1.0444055867563857,1.0899557029739892
2010-09-03,1.115687267356018,1.2009863292643523
2010-09-07,1.0974901334663956,1.1571317413974258
2010-09-08,1.149433086154242,1.2184366538288465
2010-09-09,1.168920351290666,1.2415603160054518
2010-09-10,1.1857775863897528,1.2616029920681
2010-09-13,1.2207985904706902,1.3450219044370182
2010-09-14,1.2311581935278584,1.3705750818026972
2010-09-15,1.2451663265486286,1.4054879625897965
2010-09-16,1.2569286569179714,1.435212122746607
2010-09-17,1.2658949346110464,1.446672637169483
2010-09-20,1.3100802622737817,1.5031971913527096
2010-09-21,1.3073143889041134,1.4996446691113534
2010-09-22,1.3031594893737402,1.494309412482765
2010-09-23,1.300545861863092,1.49095456242349
2010-09-24,1.3498880911979814,1.5542750083880403
2010-09-27,1.3395347536747644,1.5409306735424688
2010-09-28,1.3417897177623435,1.5438343966788945
2010-09-29,1.3345483040269583,1.53450773817358
2010-09-30,1.322441381924793,1.518924597402689
2010-10-01,1.3196866089039696,1.5153827318949051
2010-10-04,1.2890113729161523,1.4759528117625005
2010-10-05,1.3533052715532934,1.6407697875828513
2010-10-06,1.3301981842207504,1.5780487059655872
2010-10-07,1.3389364800407753,1.6012572155730833
2010-10-08,1.3570079119655818,1.6496421490075137
2010-10-11,1.3588511504777998,1.6546587014528922
2010-10-12,1.377752413565703,1.706186765335275
2010-10-13,1.4001828573918207,1.768375212355289
2010-10-14,1.3949760855565294,1.761014079261208
2010-10-15,1.4545951068285985,1.8452635863403983
2010-10-18,1.4545951068285985,1.8452635863403983
2010-10-19,1.4158409651287225,1.7902308797086472
2010-10-20,1.4355626795955843,1.8181451126065957
2010-10-21,1.442272346883871,1.827657594201512
2010-10-22,1.4611143663542916,1.8543852867873347
2010-10-25,1.4759690203866191,1.8754892860975587
2010-10-26,1.481896480066148,1.8839205447879772
2010-10-27,1.4921170210445878,1.898465254582378
2010-10-28,1.4978597833745984,1.9066443838532847
2010-10-29,1.4930435523824555,1.8997817266360315
2010-11-01,1.4953423487399735,1.903056024544305
2010-11-02,1.5257099228813114,1.9463181151013698
2010-11-03,1.540481782837913,1.9674123363290144
2010-11-04,1.5770522186246725,2.0196947247922177
2010-11-05,1.578317198846428,2.0215081926120733
2010-11-08,1.581001368028898,2.025356569194115
2010-11-09,1.563875423074881,2.000797593364576
2010-11-10,1.5798953612026494,2.0237404925546794
2010-11-11,1.5620931318627265,1.9982142230711504
2010-11-12,1.5088359342783324,1.9219536800067398
2010-11-15,1.4980107121977075,1.8910824332444434
2010-11-16,1.448206367264732,1.7503224423667914
2010-11-17,1.4665674980564596,1.7751636951154806
2010-11-18,1.5579136271196794,1.8989330023766704
2010-11-19,1.5603696072696653,1.905635051010011
2010-11-22,1.5879290895106155,1.9809879144541016
2010-11-23,1.537676726107223,1.8406342779757587
2010-11-24,1.6580157116168035,2.0018826249513597
2010-11-26,1.6510258045482098,1.982988019540644
2010-11-29,1.6356275794226611,1.941582966008818
2010-11-30,1.593967371157302,1.8308672121813852
2010-12-01,1.7297832585416084,2.005495443921113
2010-12-02,1.7649761135614384,2.0968438443365836
2010-12-03,1.7748622628062265,2.1231387051060024
2010-12-06,1.7727738274237355,2.117545622791872
2010-12-07,1.773861830054811,2.120455172937955
2010-12-08,1.7903251093524573,2.1645149311430036
2010-12-09,1.7915709693294548,2.1678871392961705
2010-12-10,1.816771840211588,2.2361578868062737
2010-12-13,1.8024823986763943,2.1967816882141102
2010-12-14,1.8075389733316902,2.2036802530679624
2010-12-15,1.7952006157031193,2.1868417017535378
2010-12-16,1.820296313074056,2.2210624962122383
2010-12-17,1.8240106826390368,2.2261357929180052
2010-12-20,1.8273066593505507,2.2306387195418678
2010-12-21,1.847488471582389,2.258216824583174
2010-12-22,1.848800512731795,2.260012045163592
2010-12-23,1.8393805528240519,2.2471219472588566
2010-12-27,1.8398755018374628,2.247798812129127
2010-12-28,1.8345379008706364,2.2404991700742163
2010-12-29,1.8418564501935801,2.2505044573687782
2010-12-30,1.8325826632621613,2.2378201232754287
2010-12-31,1.8213114475157228,2.222413096947574
2011-01-03,1.8764339294740233,2.297706303861262
2011-01-04,1.8806165838885025,2.3034395380546373
2011-01-05,1.892901673120006,2.320283386749179
2011-01-06,1.963195765920608,2.4167369478256964
2011-01-07,1.9718600480074338,2.4286764114599086
2011-01-10,2.0134097975755174,2.4859624034765004
2011-01-11,2.028387989760419,2.5066642096500273
2011-01-12,2.104665179665792,2.6121821427238476
2011-01-13,2.104199709094855,2.6115354482808053
2011-01-14,2.219414810860146,2.771603565795819
2011-01-18,2.201939743422906,2.747175000992918
2011-01-19,2.099180855370572,2.603663484919381
2011-01-20,1.9969190693717753,2.4616809814380276
2011-01-21,1.9508225181900551,2.398070863514872
2011-01-24,2.1396068239022035,2.6578454129500813
2011-01-25,2.1096099288752965,2.5744218944227795
2011-01-26,2.1879618355387334,2.6814538817941065
2011-01-27,2.3499189327353314,2.9036400577907004
2011-01-28,2.2224111484378364,2.550909525029729
2011-01-31,2.2563394547439635,2.5945027791798343
2011-02-01,2.4751990498226526,2.8762124490573004
2011-02-02,2.503376867556613,2.9495176256014424
2011-02-03,2.5051605784307096,2.951870158370536
2011-02-04,2.604477523195875,3.082870218029927
2011-02-07,2.5864800753020174,3.0590233134440834
2011-02-08,2.5824662531275315,3.0537093539674762
2011-02-09,2.549583690487468,3.010183714419077
2011-02-10,2.564236369724043,3.029549148342125
2011-02-11,2.6035346875984793,3.0815224574158835
2011-02-14,2.6432928229858796,3.1341986574019267
2011-02-15,2.5926575446764635,3.066990667645108
2011-02-16,2.6475437064866347,3.1396709524957114
2011-02-17,2.725693156799081,3.24341265836881
2011-02-18,2.70465345779498,3.2153872966496735
2011-02-22,2.488790609865614,2.928120106026545
2011-02-23,2.3097297505797214,2.6922962957339696
2011-02-24,2.4626930474692452,2.9584142144532333
2011-02-25,2.712176085166548,3.4057307131368293
2011-02-28,2.657214250574455,3.1997109718886603
2011-03-01,2.4446210480418484,2.817627062106316
2011-03-02,2.584324577077767,3.057955153465415
2011-03-03,2.7852516170439565,3.4128074643537
2011-03-04,2.7264672885326866,3.197794766969089
2011-03-07,2.4239932818121304,2.6682977076182617
2011-03-08,2.441270176178422,2.696683024474529
2011-03-09,2.3977444755190156,2.6486035373116947
2011-03-10,2.3614472855256428,2.6085088288085663
2011-03-11,2.374039107586618,2.6224180442368197
2011-03-14,2.372101347897548,2.620277550443869
2011-03-15,2.3548705931349487,2.601244063564542
2011-03-16,2.3244678754978434,2.5676605244094386
2011-03-17,2.3414691077456475,2.586440475455075
2011-03-18,2.34613605098714,2.5915956879908784
2011-03-21,2.370398631750403,2.618396691137796
2011-03-22,2.3592779224841687,2.6061125006409807
2011-03-23,2.372062638492817,2.620234791147646
2011-03-24,2.4070335726022427,2.6588644869851352
2011-03-25,2.4030073178708835,2.654416993671117
2011-03-28,2.4052873629591973,2.6569355837660145
2011-03-29,2.4184959783940068,2.671526123300488
2011-03-30,2.4200599936711518,2.673253770444606
2011-03-31,2.4077420179420628,2.6596470519549213
2011-04-01,2.3908911428298882,2.6410331888495784
2011-04-04,2.376421695072518,2.623141453214741
2011-04-05,2.3583266409732224,2.6007828561887036
2011-04-06,2.370245697487452,2.615496779099055
2011-04-07,2.369869017893717,2.6150314937510486
2011-04-08,2.3460875989541266,2.5856565661705577
2011-04-11,2.341839735185626,2.580974934994417
2011-04-12,2.332599487969057,2.5707911268965384
2011-04-13,2.3437278587916253,2.5830558629196014
2011-04-14,2.341167854109805,2.5802344452888506
2011-04-15,2.3381405721735447,2.5768980347389503
2011-04-18,2.3291246427963803,2.5669614505276073
2011-04-19,2.3375241643727,2.576218682920031
2011-04-20,2.441740412167589,2.8333639323315305
2011-04-21,2.483246934305304,2.9411929556491656
2011-04-25,2.495595451860502,2.973937193701585
2011-04-26,2.5243440273852564,3.012286754824736
2011-04-27,2.559429844278343,3.0591536111526283
2011-04-28,2.556849231539285,3.0557008435121444
2011-04-29,2.5485466784507573,3.0445936628448895
2011-05-02,2.539308137465096,3.0322391223505893
2011-05-03,2.5137614600594986,2.998090835023456
2011-05-04,2.5039027839945645,2.9849287169980236
2011-05-05,2.4787393558632864,2.9513493296181346
2011-05-06,2.493162957236843,2.9705736026750436
2011-05-09,2.5112829588005785,2.9947412482546714
2011-05-10,2.5544708640981884,3.0523929665535237
2011-05-11,2.517548031364425,3.0030050206044088
2011-05-12,2.547299437176934,3.0427307834604855
2011-05-13,2.486842120196491,2.961892169393899
2011-05-16,2.4609789251092606,2.9310884467199716
2011-05-17,2.465002621522041,2.9358807714116937
2011-05-18,2.5453461189175806,3.042997727417451
2011-05-19,2.5746980907625123,3.0822783646326615
2011-05-20,2.4985712787025602,2.9802620451925756
2011-05-23,2.4768914612697173,2.954402652029553
2011-05-24,2.4675571341108564,2.9432687927772334
2011-05-25,2.473060517801392,2.9498331544477763
2011-05-26,2.482334756397697,2.960895340874966
2011-05-27,2.4897398660262033,2.9697280555365175
2011-05-31,2.6502864575618217,3.18409126907223
2011-06-01,2.6164199503738303,3.143403573014477
2011-06-02,2.6194541811847505,3.14704894040706
2011-06-03,2.595669054992955,3.1184731566743276
2011-06-06,2.583128174956343,3.103406367755294
2011-06-07,2.5801316393639935,3.099806287926247
2011-06-08,2.5690227263552194,3.086459884250072
2011-06-09,2.570702191862083,3.0884776176320066
2011-06-10,2.54709170155238,3.060111643893907
2011-06-13,2.547443437789958,3.060534224736024
2011-06-14,2.566385854870036,3.0832919099167
2011-06-15,2.5383418228783277,3.0495994171072516
2011-06-16,2.5312573234100344,3.0410880002230964
2011-06-17,2.527494473850746,3.036567260061452
2011-06-20,2.534191769441068,3.0446134847835746
2011-06-21,2.5679809411102528,3.0852082688659004
2011-06-22,2.556414124125682,3.0713117329399644
2011-06-23,2.5705642533813386,3.0883118964093237
2011-06-24,2.5434878445317297,3.0557819195949745
2011-06-27,2.5682069715939746,3.085479825054745
2011-06-28,2.5912549110461063,3.1131699423136734
2011-06-29,2.5977461092698375,3.1209685587730482
2011-06-30,2.6638763975191107,3.2099049630637273
2011-07-01,2.7465735220578806,3.321451212906589
2011-07-05,2.7730929902640042,3.3573506732670886
2011-07-06,2.792891328260047,3.3841823286459918
2011-07-07,2.8686241361660536,3.4869059297451357
2011-07-08,2.8527102386435015,3.4652523551361707
2011-07-11,2.7502348443737916,3.3259099619758725
2011-07-12,2.705310808431812,3.204281299692736
2011-07-13,2.753628102498204,3.2683436005354736
2011-07-14,2.7346791745072356,3.2458526884620156
2011-07-15,2.8804093121095224,3.439476273924553
2011-07-18,2.816755315245136,3.3543918131660724
2011-07-19,3.0829246857218635,3.709212722909757
2011-07-20,3.0540151653054415,3.63134164810316
2011-07-21,3.0955106850628042,3.7418038221434937
2011-07-22,3.159862987949596,3.91595613886866
2011-07-25,3.147394666057545,3.881362676703988
2011-07-26,3.158979999328294,3.897355605845355
2011-07-27,2.9984218034668872,3.675616599107376
2011-07-28,3.009136753444263,3.705023149472939
2011-07-29,2.9896055505916403,3.651184463987194
2011-08-01,2.9354848756806304,3.577195056727228
2011-08-02,2.8909201446431347,3.5228882752846067
2011-08-03,2.9059141819050436,3.5411600764504185
2011-08-04,2.8268165924739406,3.4447713986356923
2011-08-05,2.814348528979588,3.4295777604505804
2011-08-08,2.7263369207451746,3.322326419277256
2011-08-09,2.8010154303600756,3.4133299865759086
2011-08-10,2.7349426045200236,3.332813344185022
2011-08-11,2.8051566916573503,3.418376546196759
2011-08-12,2.8194295978159953,3.435769573760561
2011-08-15,2.843756982835466,3.4654150344323935
2011-08-16,2.8291398278089526,3.4476025036517215
2011-08-17,2.819961003696689,3.436417147354035
2011-08-18,2.738172989142468,3.3367499053979484
2011-08-19,2.7074744926184247,3.299340579625386
2011-08-22,2.7123342147624583,3.3052626588616736
2011-08-23,2.7794764750560352,3.3870825188818983
2011-08-24,2.7925832768753573,3.4030545264592535
2011-08-25,2.7657497290112287,3.3703550444863617
2011-08-26,2.8057114583218294,3.4190525873462976
2011-08-29,2.853468366992461,3.4772493707930345
2011-08-30,2.8650816338634435,3.491401349972862
2011-08-31,2.868419489343493,3.4954688756556624
2011-09-01,2.8522281817459456,3.475738075480285
2011-09-02,2.8122941056523976,3.4270742309548767
2011-09-06,2.8122041359328627,3.426964593450476
2011-09-07,2.854728358332394,3.478784801900197
2011-09-08,2.8468206210069713,3.46914839767112
2011-09-09,2.809333597651703,3.4234665426055946
2011-09-12,2.8304053063825467,3.4491446215264725
2011-09-13,2.852368125438782,3.475908611493051
2011-09-14,2.8770112750576415,3.505938864324224
2011-09-15,2.903154016008155,3.5377965258888384
2011-09-16,2.9539829348431312,3.6071327372696778
2011-09-19,2.959020370757556,3.6140184696074154
2011-09-20,2.9506351191653533,3.6037770889038527
2011-09-21,2.9206234401142352,3.5671221325992084
2011-09-22,2.8637895365839148,3.4977076807460508
2011-09-23,2.881647852817617,3.5195190495836934
2011-09-26,2.9011971714909484,3.543395735074565
2011-09-27,2.918943187962788,3.56506994587926
2011-09-28,2.891443106948794,3.5314825459132266
2011-09-29,2.8743092173208744,3.5105559601473897
2011-09-30,2.8296198312463243,3.4559742924221717
2011-10-03,2.7852648166318903,3.4018010114199755
2011-10-04,2.8191603729200523,3.4431995660475914
2011-10-05,2.8620231170072716,3.4955502528898075
2011-10-06,2.8914344754954313,3.5314720038324148
2011-10-07,2.8795105837859127,3.516908682371817
2011-10-10,2.9386009579571923,3.589079089085288
2011-10-11,2.9511522438717086,3.6044086824739177
2011-10-12,2.982912654784754,3.691253714915648
2011-10-13,3.0365654299036056,3.839895874687217
2011-10-14,3.1486195837026227,4.157130965858297
2011-10-17,3.0509676284662266,4.012806181118518
2011-10-18,3.1251095037858225,4.121965448312093
2011-10-19,3.0043875367379647,3.9437226993992476
2011-10-20,2.9788308510241834,3.86861725727373
2011-10-21,3.120806860273336,4.075018043367304
2011-10-24,3.3821016918254414,4.456944658734314
2011-10-25,3.2536295682866285,4.07791260474583
2011-10-26,3.2450122637060064,4.053732526179887
2011-10-27,3.420223432193162,4.543756118204827
2011-10-28,3.427799172489466,4.566288238931512
2011-10-31,3.31399049794285,4.226866406080956
2011-11-01,3.142053355101488,3.735898137027788
2011-11-02,3.2457806175108335,3.873955904928157
2011-11-03,3.510494440582002,4.227626205541307
2011-11-04,3.4740501624283655,4.12936680717176
2011-11-07,3.525820787815376,4.267134455493367
2011-11-08,3.604575034643243,4.480520755130237
2011-11-09,3.3547710466628557,3.7853519959610584
2011-11-10,3.336244227751501,3.7619511961471073
2011-11-11,3.587177626842032,4.07868925583797
2011-11-14,3.546377631353563,3.9748302148596593
2011-11-15,3.6991531361443926,4.1665088867298525
2011-11-16,3.454817554631668,3.858443305921656
2011-11-17,3.13644527781723,3.4604198102509764
2011-11-18,3.121400303249447,3.443820787016842
2011-11-21,3.085136472003157,3.403811136305642
2011-11-22,3.090503650560027,3.4097327097297683
2011-11-23,3.049418616064174,3.3644038566234142
2011-11-25,3.0355929650932882,3.3491501052356125
2011-11-28,3.0982867125577918,3.4183197117450623
2011-11-29,3.0870913654875456,3.405967957656282
2011-11-30,3.7647409272047687,4.153614340763629
2011-12-01,3.872896226574373,4.33171440493748
2011-12-02,3.8235150437069896,4.269888297470443
2011-12-05,3.9914226289782606,4.47978735433309
2011-12-06,3.950463534521504,4.428327744214728
2011-12-07,3.9584912631183085,4.438401022700251
2011-12-08,3.9181759807788277,4.393198096011196
2011-12-09,4.167138408153144,4.809833196798832
2011-12-12,4.139791552712766,4.778268655321678
2011-12-13,4.11182313786788,4.745986691775766
2011-12-14,4.073566025891214,4.701829212667561
2011-12-15,4.06723704723517,4.694524120141209
2011-12-16,4.077428505686428,4.706287399970541
2011-12-19,4.054852743665381,4.680229794252571
2011-12-20,4.126828980459686,4.763306874782597
2011-12-21,4.092465328605298,4.723643341378214
2011-12-22,4.11242780465264,4.746684615888065
2011-12-23,4.133725514925805,4.771267056847369
2011-12-27,4.140080457636367,4.778602117845874
2011-12-28,4.113500091816862,4.747922281137887
2011-12-29,4.12952839612943,4.766422619408425
2011-12-30,4.12278305865389,4.7586369533383985
2012-01-03,4.437235414240928,5.164924399331584
2012-01-04,4.508392549084117,5.257640767635018
2012-01-05,4.65709767778644,5.4517658235375155
2012-01-06,4.721582257940927,5.536267277792064
2012-01-09,4.668636478243709,5.466773279800678
2012-01-10,4.796862374570394,5.6348483139724275
2012-01-11,4.819218818375988,5.693643822360385
2012-01-12,4.857525975825029,5.794967287215216
2012-01-13,4.820203837312269,5.695284807344476
2012-01-17,4.9069146645026676,5.924656504741118
2012-01-18,5.037518114397022,6.277698018238232
2012-01-19,5.105081238436721,6.466197421100196
2012-01-20,5.089937151461845,6.423253088864193
2012-01-23,5.089527716915352,6.422096328085773
2012-01-24,5.07066934512573,6.368821754590405
2012-01-25,5.200456525058885,6.733779054874925
2012-01-26,5.163533400291912,6.680260755962919
2012-01-27,5.1977345860820465,6.7297914084112325
2012-01-30,5.203414704040374,6.738023900454117
2012-01-31,5.215586874526813,6.755667963239524
2012-02-01,5.3014733787534745,6.880198683346861
2012-02-02,5.338053917764467,6.933341057897165
2012-02-03,5.4802680178031045,7.140111628388851
2012-02-06,5.476706121566071,7.13491680332318
2012-02-07,5.49253043792179,7.157993885325431
2012-02-08,5.5537715531545615,7.247334390170624
2012-02-09,5.63629916772764,7.367886840229398
2012-02-10,5.555531734265231,7.249699311018002
2012-02-13,5.65574403300649,7.396086087168459
2012-02-14,5.688856949760102,7.444558664203198
2012-02-15,5.603779284051183,7.31993056550242
2012-02-16,5.7607277606253895,7.549423598336375
2012-02-17,5.72790309307115,7.501270610540295
2012-02-21,5.760434318220041,7.548960470964313
2012-02-22,5.709453367214582,7.474173435979059
2012-02-23,5.7819919049512265,7.580471143528268
2012-02-24,5.819781444702182,7.6359307498986055
2012-02-27,5.838612631386071,7.663588666013338
2012-02-28,5.955638665583688,7.835534426573683
2012-02-29,5.903197119946548,7.758301547202534
2012-03-01,5.999386594555604,7.89981358452146
2012-03-02,5.987265095661882,7.881946537444969
2012-03-05,5.8621643161181085,7.697593000719569
2012-03-06,5.749532760968805,7.532037544470862
2012-03-07,5.836961545583591,7.788456909662299
2012-03-08,5.960996589451605,8.158988679006017
2012-03-09,6.009266172241479,8.306902058078554
2012-03-12,6.015708195079717,8.326838900008447
2012-03-13,6.242758313666155,9.030448230775892
2012-03-14,6.289595579854077,9.10629040668097
2012-03-15,6.321818896161282,9.158515048492651
2012-03-16,6.312583429039819,9.143537927428493
2012-03-19,6.404649402896326,9.29281487700973
2012-03-20,6.428143527539826,9.330973935772649
2012-03-21,6.426680286998661,9.328596309465915
2012-03-22,6.400655545996949,9.28630973736516
2012-03-23,6.394782681892055,9.27677178561065
2012-03-26,6.618544160972888,9.640136596957525
2012-03-27,6.635523445771261,9.667820452246783
2012-03-28,6.583546727092004,9.583049178720888
2012-03-29,6.5382541380020225,9.509249001879567
2012-03-30,6.507713016943643,9.45952616973945
2012-04-02,6.640730610481955,9.675965677493268
2012-04-03,6.641097768012115,9.676564526531894
2012-04-04,6.459579941182074,9.380499527910109
2012-04-05,6.538621026989197,9.50898707759227
2012-04-09,6.437858556757585,9.344953273381549
2012-04-10,6.229627411106079,9.00660197090962
2012-04-11,6.350398751641208,9.202058078302585
2012-04-12,6.6357879882148145,9.664980295117438
2012-04-13,6.233643091526292,9.009322100652485
2012-04-16,5.970610389573407,8.58377622287181
2012-04-17,6.442227336464005,9.342765286180919
2012-04-18,6.410691665086733,9.240375195002432
2012-04-19,6.271819384620153,8.79223206811917
2012-04-20,6.18126637648687,8.650131785326355
2012-04-23,5.972782941547588,8.3235414873845
2012-04-24,5.831496981425477,8.103138800673833
2012-04-25,6.452176951639817,9.068583526280763
2012-04-26,6.606831044013226,9.311905351313788
2012-04-27,6.75854867936328,9.551274336282258
2012-04-30,6.570329923462762,9.253520591503229
2012-05-01,6.620323266074068,9.332337328964305
2012-05-02,6.678872321126524,9.424725758143454
2012-05-03,6.400887294084415,8.985615638618972
2012-05-04,6.306953456449363,8.853750582780686
2012-05-07,6.308771316011574,8.85630250824985
2012-05-08,6.294848741040018,8.83675788862971
2012-05-09,6.287884598120721,8.826981570339738
2012-05-10,6.2750001770381125,8.808894319267306
2012-05-11,6.273765545890316,8.807161134407167
2012-05-14,6.239095244502138,8.75849069419536
2012-05-15,6.22820547623801,8.743203552347772
2012-05-16,6.2011697642768135,8.705250608476344
2012-05-17,6.124855479239726,8.598120018360655
2012-05-18,6.075681809326832,8.529089635996955
2012-05-21,6.177886171640947,8.67256491905553
2012-05-22,6.173384125534364,8.666244911524936
2012-05-23,6.180288222646063,8.675936937040644
2012-05-24,6.1580788647223415,8.644759266709295
2012-05-25,6.151104873151244,8.634969122804907
2012-05-29,6.196917079739528,8.699280656666746
2012-05-30,6.1668163347394955,8.657024995446724
2012-05-31,6.149196938519015,8.632290749248062
2012-06-01,6.05251558415239,8.496568707936309
2012-06-04,6.078479788806931,8.533017461471426
2012-06-05,6.095215067401781,8.556510576433395
2012-06-06,6.178543489611409,8.673487667162716
2012-06-07,6.164700280723057,8.654054462270826
2012-06-08,6.200964414518464,8.70496233687973
2012-06-11,6.141644413967863,8.621688456222124
2012-06-12,6.180414374038351,8.676114029351645
2012-06-13,6.156175229598066,8.642086928835337
2012-06-14,6.169977453649706,8.661462598892948
2012-06-15,6.2155706695979145,8.725466711981735
2012-06-18,6.247620493676197,8.770458505653677
2012-06-19,6.288726655257924,8.82816365673386
2012-06-20,6.293205766555336,8.834451468199989
2012-06-21,6.1989239741290785,8.702097950704788
2012-06-22,6.237495554832114,8.756245037326943
2012-06-25,6.1635062544706996,8.652378278880434
2012-06-26,6.187335256456927,8.685829618212406
2012-06-27,6.210006516750769,8.717655710703024
2012-06-28,6.165319131112687,8.65492320928722
2012-06-29,6.285782526678808,8.824030666011298
2012-07-02,6.295840992813594,8.8381508194289
2012-07-03,6.32582125232358,8.880237342175795
2012-07-05,6.330234367536291,8.886432507822127
2012-07-06,6.28035516050159,8.816411686929507
2012-07-09,6.276062065010286,8.810385005906642
2012-07-10,6.237573311213381,8.756354192343021
2012-07-11,6.220437761436478,8.73229917356555
2012-07-12,6.18447201379545,8.681810175773554
2012-07-13,6.238225923327111,8.757270334331727
2012-07-16,6.228872376684076,8.744139752409142
2012-07-17,6.247955858941944,8.770929294036298
2012-07-18,6.298825378686121,8.842340323654762
2012-07-19,6.573705923247992,9.418279813255237
2012-07-20,6.523137027290875,9.345828745694217
2012-07-23,6.474868125132032,9.276672925199891
2012-07-24,6.44528245716233,9.234284947603376
2012-07-25,6.4165162125043365,9.193070974156923
2012-07-26,6.4667324223346725,9.265016741257737
2012-07-27,7.446203256637779,10.668324174552728
2012-07-30,7.386052293375817,10.539698074806198
2012-07-31,7.391852271723048,10.552050930313113
2012-08-01,7.295016269764164,10.345728878661705
2012-08-02,7.192703377457918,10.129162822609935
2012-08-03,7.740880512693251,10.993312116253685
2012-08-06,7.973963459709284,11.36385216628395
2012-08-07,8.23836938032854,11.785654492485511
2012-08-08,8.22045286271148,11.756963041861917
2012-08-09,8.313907600379562,11.906582195272076
2012-08-10,8.359780014267672,11.98012157723491
2012-08-13,8.427671197638753,12.089031190414552
2012-08-14,8.443674424296017,12.114727924574249
2012-08-15,8.523757910462956,12.24334884615779
2012-08-16,8.933112777203032,12.901545296914215
2012-08-17,9.015332443738323,13.167391879615717
2012-08-20,9.038577222568446,13.243399981895827
2012-08-21,8.968940197585882,13.01496843091987
2012-08-22,9.033777535015666,13.225609775915348
2012-08-23,8.89950078410447,12.7854973872736
2012-08-24,9.005282491178388,13.125732404733059
2012-08-27,9.034613181696239,13.221444086835389
2012-08-28,9.033605923460955,13.219794038686116
2012-08-29,9.035621763471987,13.223096259188116
2012-08-30,8.850859763891263,12.92042287607896
2012-08-31,8.97736100938084,13.333853388913811
2012-09-04,8.95202413024121,13.249602098421605
2012-09-05,8.924637504957039,13.158854201744509
2012-09-06,9.319885748460333,14.46356391229611
2012-09-07,9.293010496776654,14.370188243160682
2012-09-10,9.06377240790435,13.576574344553599
2012-09-11,9.037537656818243,13.488596237248874
2012-09-12,9.090085320773632,13.664180870670153
2012-09-13,9.332974610608064,14.481591844602127
2012-09-14,9.49318335419538,15.038135055764071
2012-09-17,9.505028002765783,15.059138511326662
2012-09-18,9.5168600547805,15.080122751972805
2012-09-19,9.559244676438446,15.155303382742275
2012-09-20,9.544495724277773,15.129128262560494
2012-09-21,9.544495724277773,15.129128262560494
2012-09-24,9.426382312427313,14.91954982777432
2012-09-25,9.17284158861185,14.470344544021179
2012-09-26,9.01118677725851,13.899418217106565
2012-09-27,9.523785170636836,14.784489668205275
2012-09-28,9.217726410230018,14.252641064550312
2012-10-01,9.164753598037521,14.160953376024821
2012-10-02,9.244087902723336,14.298173933789068
2012-10-03,9.478494425987536,14.704030581066311
2012-10-04,9.626182924422558,14.960496802875605
2012-10-05,9.514982741995246,14.573583322182033
2012-10-08,9.34618432412635,13.994763798569158
2012-10-09,9.024366647998365,12.915922453468827
2012-10-10,8.877583809772396,12.680758669982904
2012-10-11,8.861777262500318,12.658180565888605
2012-10-12,8.86145922702972,12.65772628337913
2012-10-15,9.098298097586815,13.036421568911377
2012-10-16,9.6288354708487,13.887364975684497
2012-10-17,9.589625221469445,13.824060830519663
2012-10-18,9.150060354543868,13.114738821211729
2012-10-19,9.017854272154375,12.925248460063152
2012-10-22,9.046147492851473,12.965801001300662
2012-10-23,8.992616622568953,12.889075454645795
2012-10-24,8.974684768146593,12.86337381135418
2012-10-25,8.974684768146593,12.86337381135418
2012-10-26,8.993458471421114,12.89028207267838
2012-10-31,8.958635355638165,12.840370263276226
2012-11-01,9.034633287978652,12.949297745170119
2012-11-02,8.968561076572012,12.854596752787304
2012-11-05,9.012548860956706,12.917644238943234
2012-11-06,9.023507769870811,12.9333515919666
2012-11-07,8.894015012642836,12.747750227114388
2012-11-08,8.810793006367355,12.628468513749713
2012-11-09,8.829973025387805,12.655959145537095
2012-11-12,8.832582288419387,12.65969899006807
2012-11-13,8.7942287775463,12.604727081852488
2012-11-14,8.73131709885645,12.51455606626879
2012-11-15,8.715706877303829,12.492182008538972
2012-11-16,8.73536137072193,12.520352702267088
2012-11-19,8.86117839584647,12.700685657442705
2012-11-20,8.861549867079438,12.701218085428009
2012-11-21,8.874077947124322,12.719174524112951
2012-11-23,8.955434295093335,12.835782198130246
2012-11-26,8.97842016460448,12.868727737671678
2012-11-27,8.958116860833597,12.839627107091616
2012-11-28,9.00615915288471,12.90848590017158
2012-11-29,9.037286132168918,12.953100054372536
2012-11-30,9.030804270181905,12.943809631824385
2012-12-03,9.021909842343918,12.931061289896629
2012-12-04,9.010229825625274,12.914320376420978
2012-12-05,8.954638237793453,12.834641212915928
2012-12-06,8.987569534059988,12.881841486230526
2012-12-07,8.956859536803348,12.837824990424467
2012-12-10,8.9727794162442,12.860642879360933
2012-12-11,9.041990980344693,12.959843491314794
2012-12-12,9.029718555695426,12.942253482315762
2012-12-13,8.988930701856612,12.88379244168359
2012-12-14,8.937965658605947,12.81074448294392
2012-12-17,9.007628137941241,12.910591389600306
2012-12-18,9.091137668672829,13.03028521042662
2012-12-19,9.06506750532449,12.992918966916541
2012-12-20,9.06641732406673,12.994853655822899
2012-12-21,9.009987404302006,12.913972915069229
2012-12-24,8.994734039168817,12.892110337980652
2012-12-26,8.952160907944084,12.831090467599548
2012-12-27,8.942199281340287,12.816812514659231
2012-12-28,8.890386961479786,12.742550158307221
2012-12-31,9.006364656848108,12.908780448043645
2013-01-02,10.132313777275824,15.317463465604387
2013-01-03,9.935629565285156,14.873678157919679
2013-01-04,9.804356924525944,14.5803711714416
2013-01-07,9.81863051858434,14.612052837010083
2013-01-08,9.74246420763387,14.442873065094819
2013-01-09,9.875476393935546,14.663603728248047
2013-01-10,10.109010876767236,15.051772092160746
2013-01-11,10.159338964911834,15.135655460925607
2013-01-14,9.98413080437576,14.843457908883416
2013-01-15,9.785799255161724,14.513390162386495
2013-01-16,9.933206160383133,14.839689050379995
2013-01-17,10.138413036696218,15.297253693675978
2013-01-18,10.061670766669863,15.124429982189506
2013-01-22,10.116732842827746,15.247964036047767
2013-01-23,10.337272768123102,15.74408090922967
2013-01-24,9.78531717129939,14.803054224327926
2013-01-25,9.980160655987271,15.242988205066347
2013-01-28,10.075688656997551,15.46075340001057
2013-01-29,10.075688656997551,15.46075340001057
2013-01-30,10.001484697470616,15.290808478425227
2013-01-31,9.91546640315355,15.094525790012137
2013-02-01,10.35175400732404,16.085824172843896
2013-02-04,10.050453248041794,15.561721878430058
2013-02-05,10.368340316400214,16.112696155127075
2013-02-06,10.405989921822313,16.17819081087443
2013-02-07,10.314986846389639,16.01981491573088
2013-02-08,10.583244634855781,16.486181705256474
2013-02-11,10.61463690737417,16.54092241999937
2013-02-12,10.65971903382963,16.61956276957102
2013-02-13,10.716427615715107,16.718534026080146
2013-02-14,10.921236163449015,17.076204176474363
2013-02-15,10.780145650067007,16.829257142197307
2013-02-19,11.04081731606824,17.284790941535597
2013-02-20,10.544713329663441,16.415386039410013
2013-02-21,10.15888297947868,15.070674392297702
2013-02-22,11.009423840957053,16.483109072771935
2013-02-25,10.587925860337924,15.070290174299053
2013-02-26,10.942732600314116,15.63560326833261
2013-02-27,11.599296136642312,16.68575505537206
2013-02-28,11.797854699411406,17.325223773826675
2013-03-01,11.518346981429767,16.40628607117002
2013-03-04,11.48620308940378,16.303783433835864
2013-03-05,11.923995966102847,17.695007412171332
2013-03-06,11.959827576824878,17.81405256476953
2013-03-07,12.062967544296054,17.986021998711113
2013-03-08,12.08183138597451,18.017506554073876
2013-03-11,12.119530078358114,18.080439007852835
2013-03-12,12.24080978502162,18.28297293742727
2013-03-13,12.313654589423974,18.404765763885166
2013-03-14,12.427770876176337,18.595697191524042
2013-03-15,12.022912589276686,17.917573805930097
2013-03-18,11.697328473276245,17.37442455828246
2013-03-19,11.514194780414993,17.069930755698614
2013-03-20,12.120826339806813,18.076652962102052
2013-03-21,11.35170872763954,16.792653006674122
2013-03-22,11.829031550367645,17.583070850420917
2013-03-25,11.747936636643253,17.448135539926056
2013-03-26,12.182497931025228,18.170614049483905
2013-03-27,12.21689722349742,18.28548209299663
2013-03-28,12.365016734968096,18.781816316489067
2013-04-01,11.89765257257361,17.192483889715362
2013-04-02,11.440652276023487,16.45325269413209
2013-04-03,11.303028367377113,16.25533032999745
2013-04-04,11.882801739610489,17.499800366299397
2013-04-05,11.653477626820003,16.995732325963502
2013-04-08,12.22845180821016,18.24731019955573
2013-04-09,12.676453601029392,19.24508453271864
2013-04-10,13.766938353565319,21.7160509713685
2013-04-11,13.67658196276028,21.5565039059738
2013-04-12,13.540599278746924,21.316581490963223
2013-04-15,12.8932706378553,19.035078974814063
2013-04-16,13.930658603763646,20.74950697302578
2013-04-17,13.656161396513877,20.34064750141642
2013-04-18,13.58214558220518,20.230402056545813
2013-04-19,13.647000618008354,20.32700265928187
2013-04-22,13.730229022406755,20.45097011886428
2013-04-23,14.915165258721446,23.08521600702051
2013-04-24,15.634206868649155,24.746275139637305
2013-04-25,16.246006077545264,26.19160871489508
2013-04-26,15.94829174122366,24.7588584280364
2013-04-29,16.313351922558347,26.02767068827626
2013-04-30,16.638335266432332,27.188503452340647
2013-05-01,16.324703777433673,26.041112163624746
2013-05-02,16.720671641628993,26.74817924821779
2013-05-03,17.112063111111727,27.449050623496113
2013-05-06,17.259905884040105,27.714518218347234
2013-05-07,17.231782058071364,27.663967215855507
2013-05-08,17.41224288198966,27.988272230895124
2013-05-09,17.37105125089758,27.914155403130152
2013-05-10,17.568933148363858,28.270106976674303
2013-05-13,17.614852207158815,28.35281763927805
2013-05-14,17.78846439543823,28.665629990584577
2013-05-15,17.876486104305346,28.824411266839203
2013-05-16,17.83257196093388,28.745148511335294
2013-05-17,18.169575086192896,29.35324285063374
2013-05-20,18.114718935469764,29.254040238674126
2013-05-21,18.159962298952404,29.335829370618594
2013-05-22,17.86303973564709,28.79890503284102
2013-05-23,17.732884376494706,28.564012545385232
2013-05-24,17.726349956688022,28.552230157228212
2013-05-28,17.97132582962905,28.993933302099762
2013-05-29,17.789625298438413,28.665785367649082
2013-05-30,17.983654929556778,29.015772085378646
2013-05-31,17.63982206910219,28.39477435698785
2013-06-03,17.708603347523084,28.518711341753352
2013-06-04,17.530445085107253,28.197539090350332
2013-06-05,17.080338335940947,26.576661394582676
2013-06-06,17.35994077606153,27.063664097918245
2013-06-07,18.332564413373373,28.761007184707818
2013-06-10,18.33763494734654,28.778816655893785
2013-06-11,17.981954501911915,27.529115834884553
2013-06-12,17.564618106848766,26.098713911677752
2013-06-13,18.409174501057787,27.503452491560857
2013-06-14,17.97491165663594,26.777192646107245
2013-06-17,18.64320834968954,27.89162587088894
2013-06-18,19.233337783168544,28.879921591507188
2013-06-19,18.82798418309156,28.198584792136014
2013-06-20,18.55027982029554,27.782668252941015
2013-06-21,18.498014968172175,27.704391425750313
2013-06-24,18.383678373351994,27.533150036734465
2013-06-25,18.46204326090635,27.650516766222808
2013-06-26,18.562855403289763,27.801502645403037
2013-06-27,18.8402027344806,28.421475503032795
2013-06-28,18.908847869364873,28.576035111468272
2013-07-01,19.450890416479623,29.798666321437363
2013-07-02,19.48447368816985,29.856258937157886
2013-07-03,19.691372524538767,30.211146858449577
2013-07-05,20.20596586872655,31.094922137062593
2013-07-08,19.40105158637244,29.7083388766649
2013-07-09,19.802086049082106,31.08317599929236
2013-07-10,20.257486252228443,32.68355970318695
2013-07-11,21.122591301302126,35.808409174040925
2013-07-12,21.364874996538276,36.26818748541299
2013-07-15,21.36219312705872,36.2630912486718
2013-07-16,21.47999013860371,36.48693229085697
2013-07-17,21.51737872041526,36.55802559941751
2013-07-18,21.15988444747956,35.878119529657035
2013-07-19,21.073807844541957,35.71474364194517
2013-07-22,20.97138192113528,35.52043108348552
2013-07-23,20.81736405677029,35.22841367927364
2013-07-24,20.052589421218403,33.779684235755
2013-07-25,20.533501048521234,34.686537168829965
2013-07-26,19.788334615860183,33.27745057006834
2013-07-29,19.353212209125456,32.45834720502587
2013-07-30,20.218552987992048,34.082949168256306
2013-07-31,20.606163287619477,34.814372594009754
2013-08-01,22.10275951658398,37.64480340583552
2013-08-02,21.82254435988852,36.576322873683644
2013-08-05,21.75418400120204,36.319806290419095
2013-08-06,21.45748985519869,35.2108200447057
2013-08-07,21.009394146210045,33.564612964253136
2013-08-08,21.0964795812235,33.7203529394658
2013-08-09,20.678017051570386,32.9716230704352
2013-08-12,20.98447662205205,33.51862780644437
2013-08-13,21.924671434186706,35.19972336357711
2013-08-14,20.61619343347619,32.84814723647537
2013-08-15,20.333499980251787,32.39772673551012
2013-08-16,20.373652433979974,32.46170235332847
2013-08-19,20.29125110716091,32.330410855479094
2013-08-20,20.37225256691512,32.45947192026592
2013-08-21,20.2825539181287,32.316553469691776
2013-08-22,20.419984342876724,32.53552380684258
2013-08-23,20.422679781501845,32.53981849708744
2013-08-26,20.394853019676685,32.49548162313946
2013-08-27,20.090665713405095,32.010814584283914
2013-08-28,20.264875159893926,32.321528396809185
2013-08-29,20.419676191006978,32.56842880372006
2013-08-30,20.30767550334435,32.3897929434847
2013-09-03,20.40730285206229,32.54869390661813
2013-09-04,20.853411090459343,33.34517351386625
2013-09-05,20.914537128474922,33.45458642787612
2013-09-06,20.96539887801588,33.54565848860115
2013-09-09,21.459860377455783,34.43128811039402
2013-09-10,21.67753807140209,34.82224310610359
2013-09-11,21.604233531072836,34.69042832251137
2013-09-12,21.539135818587685,34.57341832031247
2013-09-13,21.585944141241963,34.65752366317492
2013-09-16,21.464059882368243,34.43846493537063
2013-09-17,21.752035931947443,34.95568426150309
2013-09-18,22.287687686145613,35.91926228883398
2013-09-19,22.379747466116513,36.08534284417421
2013-09-20,22.215688243254995,35.78922623686028
2013-09-23,22.13169669145715,35.637760430000306
2013-09-24,22.134992216512124,35.64370070803791
2013-09-25,21.994771269278587,35.390943952494226
2013-09-26,22.332364366270415,35.99901274472849
2013-09-27,22.26173302261771,35.87156275218264
2013-09-30,22.16796481452287,35.70242778458396
2013-10-01,22.613096341142164,36.504930925877495
2013-10-02,22.58533738207447,36.45476819920836
2013-10-03,22.05925106406418,35.504226384325634
2013-10-04,22.4394837041451,36.18928092016549
2013-10-07,22.067322576168046,35.517411981592666
2013-10-08,21.23076448634043,34.01020036253167
2013-10-09,20.917189431758903,33.447895906669686
2013-10-10,22.697544094411025,36.63472270435756
2013-10-11,23.040276895639394,37.873194632427804
2013-10-14,23.360121944088153,39.05025932776897
2013-10-15,23.19282168295063,38.424133106237484
2013-10-16,23.723620767226762,40.392912750585744
2013-10-17,23.980266826381147,40.882066356196155
2013-10-18,24.77450488369651,42.3977758872963
2013-10-21,24.869789916374884,42.5803121855068
2013-10-22,24.927171899114956,42.690288392168654
2013-10-23,24.658581469961288,42.175376320184306
2013-10-24,24.864402585042658,42.5694407766258
2013-10-25,25.197283816320343,43.20740406205046
2013-10-28,25.231509801790402,43.273101263324804
2013-10-29,25.312911656588454,43.42937843539623
2013-10-30,25.259263934996177,43.326344745492705
2013-10-31,25.15023182252425,43.11699509153062
2013-11-01,25.14208113635743,43.10135327721758
2013-11-04,25.223646074821847,43.25787681528313
2013-11-05,25.295291400309605,43.39541765019608
2013-11-06,25.26601336857065,43.339192254101626
2013-11-07,24.32718781648995,41.536525483783535
2013-11-08,24.97073394274625,43.99652144375567
2013-11-11,24.890473464828066,43.67992558404623
2013-11-12,24.97250299472642,44.002207109796764
2013-11-13,25.571931023671272,46.3668517813828
2013-11-14,25.70468738139014,46.90576131906052
2013-11-15,25.824204805528375,47.39403300822213
2013-11-18,25.345639193949673,45.42771093772488
2013-11-19,25.178115583673257,44.75549301783657
2013-11-20,25.060632061256307,44.28795542316694
2013-11-21,25.57418902777282,46.319838402320826
2013-11-22,25.84465643893399,46.868199414636315
2013-11-25,25.95905235227901,47.100422011086806
2013-11-26,26.24684636795522,47.684948482514194
2013-11-27,26.598653491782635,48.400424825685846
2013-11-29,26.89097054229353,48.99585402802562
2013-12-02,26.778767320366455,48.767007333552016
2013-12-03,26.726515644669288,48.660489528914134
2013-12-04,26.772485081641747,48.75417878181296
2013-12-05,26.71706170931177,48.64119852212225
2013-12-06,27.086449518342402,49.394007158581026
2013-12-09,27.303769831695636,49.83762495681022
2013-12-10,27.27082058293995,49.77030145444687
2013-12-11,26.58806505072236,48.37546350859464
2013-12-12,26.44340041936277,48.080826543818844
2013-12-13,26.35892432716895,47.9088873446127
2013-12-16,26.662250330181568,49.14316964189544
2013-12-17,26.54954165742683,48.67807626555909
2013-12-18,27.163636067408767,51.19881583762795
2013-12-19,27.000001387164016,50.50831561698043
2013-12-20,27.544451032333214,52.78851736681012
2013-12-23,28.141483971706542,55.350169140427695
2013-12-24,28.16777706340026,55.46594821382857
2013-12-26,28.351744125137536,56.27696603116635
2013-12-27,28.213044020769757,55.660592274502484
2013-12-30,28.114183492139396,55.223938456844934
2013-12-31,28.48404242655707,56.03718921379322
2014-01-02,28.038105026137288,55.055135872091164
2014-01-03,27.628947069178388,54.155790213245275
2014-01-06,27.432235792355094,53.72417546026286
2014-01-07,27.908537250595415,55.81254293770482
2014-01-08,28.048368454675906,56.43860197538321
2014-01-09,27.854626505254913,55.56581397796989
2014-01-10,28.0412520171378,56.39929901845252
2014-01-13,27.20572660118799,52.637007640793406
2014-01-14,28.249260631041395,57.157168966310145
2014-01-15,28.691352784197157,59.15976285796328
2014-01-16,28.73125148685383,59.343946319034266
2014-01-17,28.38936745198745,57.762999879922894
2014-01-21,28.81503848402763,59.70203009519949
2014-01-22,28.994166957767128,60.117482216966266
2014-01-23,28.760625890857746,59.5754315678905
2014-01-24,27.618813301018594,56.927845103487236
2014-01-27,27.080636740222534,54.444363394133084
2014-01-28,27.067997508808443,54.41591870586059
2014-01-29,25.92426359560858,51.84208017937703
2014-01-30,27.755244630022936,55.94078174140276
2014-01-31,27.49465854493801,55.352857789501805
2014-02-03,27.13033620500281,54.61939595585105
2014-02-04,27.236335678734658,54.83279645273851
2014-02-05,27.186116795250353,54.73169468014108
2014-02-06,28.58187938877005,57.87719499481131
2014-02-07,30.61430805546201,62.484197678948995
2014-02-10,30.990788547393326,64.20449963594648
2014-02-11,31.701853464726124,67.50255959682599
2014-02-12,31.80280492890152,67.98380286261815
2014-02-13,32.350454822669036,70.60475743209707
2014-02-14,32.41376581569933,70.91410674535226
2014-02-18,32.75331375124307,72.5772156823903
2014-02-19,32.27307393222158,70.19478825208625
2014-02-20,32.58670089067985,71.72198284614093
2014-02-21,32.47378438258223,71.16558455301798
2014-02-24,32.85632823880974,73.04245720421842
2014-02-25,32.776951612793376,72.8449261226115
2014-02-26,32.70409071437283,72.66366205145123
2014-02-27,33.13504489472569,73.73550896347388
2014-02-28,33.023039112908776,73.45650137108534
2014-03-03,32.53804360442073,72.24886168085203
2014-03-04,33.668383207602275,75.05840011038202
2014-03-05,33.81010588483363,75.41207387890307
2014-03-06,34.32683944325062,76.70224548907984
2014-03-07,34.21887015309222,76.43218505188533
2014-03-10,34.07285498341154,76.067099162463
2014-03-11,33.709751962261656,75.15968688118515
2014-03-12,34.27910243796231,76.58069170988554
2014-03-13,33.130739232404146,73.70888257563274
2014-03-14,32.77887845984128,71.95631000860544
2014-03-17,33.566492209589214,75.8271439437487
2014-03-18,34.525411981220586,80.67687292435873
2014-03-19,34.474199721158655,80.4089557307488
2014-03-20,35.774188264168735,87.19733674006848
2014-03-21,35.14357791409889,85.47673250513819
2014-03-24,34.85218798732417,84.68338596350343
2014-03-25,35.33536453288585,85.99758296443105
2014-03-26,34.61810896510042,84.04352672890721
2014-03-27,34.0443185686275,82.48418728812048
2014-03-28,34.535998665190306,85.15120032420084
2014-03-31,35.65005410996411,91.30073163848442
2014-04-01,36.76583600014961,97.69822478083933
2014-04-02,36.61140429375202,97.23885210647869
2014-04-03,36.75828192659068,97.67553437862466
2014-04-04,34.68762242026636,91.516314010832
2014-04-07,33.40381719534918,87.7248268806261
2014-04-08,35.08121306106974,92.65597957175002
2014-04-09,36.59536962024243,97.1326599945463
2014-04-10,34.33557754930775,83.70426581931737
2014-04-11,32.1384287275365,77.70843776723366
2014-04-14,33.14888016983034,81.35500465059329
2014-04-15,34.0664748113943,84.7161823898209
2014-04-16,33.80171767659026,83.73350253888272
2014-04-17,36.41613402788073,93.39980624759367
2014-04-21,37.70466253628754,98.33235476216129
2014-04-22,39.1488515450184,102.54846421863896
2014-04-23,39.04097406976929,101.91582317440002
2014-04-24,39.44680201844775,104.28763036336456
2014-04-25,36.89044065520501,89.15690667394199
2014-04-28,35.98816097391718,86.7159010087033
2014-04-29,36.86682760133777,89.08590828314401
2014-04-30,37.865039222174495,91.78602368620366
2014-05-01,37.36258195082118,90.42262226880861
2014-05-02,37.66422431230561,91.2398046785601
2014-05-05,37.90607708617077,91.89563705508678
2014-05-06,37.30049805251881,90.25223682798969
2014-05-07,37.397009884872546,90.5136397063794
2014-05-08,38.422882846027,93.29307900552456
2014-05-09,38.00365528751991,92.15362771519605
2014-05-12,40.76047311247008,99.63672850884865
2014-05-13,40.15632983994542,96.33047124747343
2014-05-14,39.47005206566987,92.64471964961865
2014-05-15,39.19329549309111,91.99511232112845
2014-05-16,40.746902147417565,96.07718286414236
2014-05-19,42.497910249165734,100.69886720733554
2014-05-20,41.695381639607234,98.57021850480933
2014-05-21,42.50056529465618,100.70100127782408
2014-05-22,43.33597045341158,102.91676116390511
2014-05-23,44.89594937819635,107.06384462399248
2014-05-27,46.046345979929924,113.20570191962392
2014-05-28,46.145164139892444,113.74961104942153
2014-05-29,46.33601249335305,114.80285409201394
2014-05-30,46.46408584406833,115.5132644027597
2014-06-02,46.969098826994454,118.32408715076458
2014-06-03,47.85639079659731,123.32839412470645
2014-06-04,48.292792644550985,124.587308451632
2014-06-05,48.740111081839146,125.87910685383096
2014-06-06,49.22709552252349,127.2869967249052
2014-06-09,49.463018033627705,127.96986300839986
2014-06-10,49.79381249828448,128.9278768583217
2014-06-11,50.278875298661994,130.33378155477894
2014-06-12,49.928622989552196,129.31744180896328
2014-06-13,50.87852630183836,132.07150169042166
2014-06-16,51.5154437972529,133.92223666322252
2014-06-17,52.291949527843066,136.18191371033853
2014-06-18,51.870900640159135,134.95446434804182
2014-06-19,51.96726598194563,135.23511806204328
2014-06-20,52.271595640089544,136.1216417701463
2014-06-23,51.884532585770586,134.99332874674465
2014-06-24,51.11064674278116,132.73941256975988
2014-06-25,51.48013121125936,133.813577978864
2014-06-26,51.04017274181861,132.53343440248366
2014-06-27,51.20312168418742,133.00707762071576
2014-06-30,52.27627155586999,136.12758454650526
2014-07-01,53.7196275273368,140.33486484991775
2014-07-02,53.99171048963648,141.1305117883195
2014-07-03,54.72050521334459,143.26299445852638
2014-07-07,53.95402905514276,141.01668783798704
2014-07-08,53.407938596348224,139.41897885214462
2014-07-09,54.030384461702646,141.23785919298993
2014-07-10,53.50901145701948,139.7122332338941
2014-07-11,53.57948935012771,139.91822358615465
2014-07-14,54.0632379621186,141.33232939124736
2014-07-15,53.77669523140283,140.49380573374714
2014-07-16,55.02365519535316,144.14052253302629
2014-07-17,52.17642939547574,135.79131942414185
2014-07-18,53.546181661507575,143.77229784464478
2014-07-21,53.840643052353464,145.54237224966818
2014-07-22,54.5289451798415,149.70794553402405
2014-07-23,52.0055653107855,134.19776531009026
2014-07-24,50.2426530432213,129.10548123539132
2014-07-25,46.192288871470915,117.4547643161232
2014-07-28,45.992954153553015,116.69826367838935
2014-07-29,45.709410890948035,115.6244779722806
2014-07-30,47.516576960866416,122.44735308871061
2014-07-31,46.872002792859945,120.78632433222522
2014-08-01,47.012267768790096,121.14777871577317
2014-08-04,47.65736913172633,123.00866002848672
2014-08-05,46.9097288464694,120.84850570403778
2014-08-06,46.85591427312397,120.69331534987285
2014-08-07,46.553501464551765,119.82133752015095
2014-08-08,47.21845401763751,121.73717616907868
2014-08-11,47.79215519157784,123.3928838332936
2014-08-12,47.71829577490277,123.17941924855576
2014-08-13,48.757189932126145,126.18142135002846
2014-08-14,49.26107409894574,127.64115601089041
2014-08-15,49.7098657273712,128.94287745592356
2014-08-18,50.51494201318224,131.2805208607649
2014-08-19,51.0980513147126,132.97687632554153
2014-08-20,51.0980513147126,132.97687632554153
2014-08-21,51.292678218043015,133.54384768661308
2014-08-22,51.42745624286806,133.93665001831076
2014-08-25,51.811486630813526,135.05623339276482
2014-08-26,51.92982769431915,135.40154446839466
2014-08-27,51.93377672836299,135.41307061329564
2014-08-28,51.79192914156232,134.99905273815145
2014-08-29,52.19831115450176,136.18479301241402
2014-09-02,52.489170809833276,137.0342514001421
2014-09-03,51.885523352094765,135.2701267997749
2014-09-04,51.775140595662606,134.94798773684806
2014-09-05,52.31185644301647,136.51393093768777
2014-09-08,52.48854885290517,137.0300871926414
2014-09-09,51.63398007324838,134.53270591698578
2014-09-10,52.436293839840474,136.87274429133694
2014-09-11,52.40883730236019,136.79251790787745
2014-09-12,51.85558759026199,135.1760559959684
2014-09-15,50.8102915991252,132.1258444776638
2014-09-16,51.73080328567025,134.8053327220403
2014-09-17,51.90066575216673,135.30083052946088
2014-09-18,52.649999013863,137.48752952300225
2014-09-19,52.571675361633666,137.25857758079184
2014-09-22,51.61534932099036,134.46358847804905
2014-09-23,51.31474399531549,133.58697335728695
2014-09-24,52.429445372823764,136.835354212042
2014-09-25,50.199596484356,130.32079627464444
2014-09-26,51.275247009674224,136.57253973816887
2014-09-29,51.160034555237644,135.88551636936128
2014-09-30,51.28730349744509,136.64231655645403
2014-10-01,49.642865017586324,126.83366205584734
2014-10-02,49.61052377803843,126.74116651077205
2014-10-03,51.61305073807818,132.467923046542
2014-10-06,51.140079334806394,131.10906984788545
2014-10-07,50.707788084530335,130.0007942162421
2014-10-08,54.63289097457166,141.26521447830646
2014-10-09,54.08867792560663,139.85803335146989
2014-10-10,53.27881023714768,137.76394441221802
2014-10-13,52.78018746593672,136.47464685789916
2014-10-14,52.799385498414836,136.5242875437059
2014-10-15,52.5738319166678,135.94106973235714
2014-10-16,52.410330556644084,135.51830142778405
2014-10-17,52.82043515306207,136.57871600109468
2014-10-20,53.27564734822839,137.75576607543982
2014-10-21,54.10896928399058,139.91050106904862
2014-10-22,53.94124669855347,139.47681786865462
2014-10-23,57.245767725347974,152.229888580447
2014-10-24,59.01034512779556,157.4826021500326
2014-10-27,59.15930894482605,158.3726260643454
2014-10-28,60.930551691075074,168.98839768437747
2014-10-29,60.44012949898975,165.94325008272708
2014-10-30,60.69323266169052,167.49903026069953
2014-10-31,62.36939886049927,177.85535266986588
2014-11-03,62.799961585933964,180.60418511172853
2014-11-04,62.35278600859457,179.164614510643
2014-11-05,62.348259285648425,179.15005433038172
2014-11-06,62.70637589070039,180.30192449855363
2014-11-07,62.60239215096804,179.9672361804429
2014-11-10,63.03219958618167,181.35036586798847
2014-11-11,63.43350844351066,182.6428379751223
2014-11-12,63.667248559778784,183.39619983700402
2014-11-13,64.2146529385109,185.16129846877047
2014-11-14,64.61230730243766,186.44483517061894
2014-11-17,64.20693640302179,185.13542974395529
2014-11-18,65.17213832939035,188.2508183766074
2014-11-19,64.61761674705376,186.45782032860708
2014-11-20,65.19231412592372,188.3141510152442
2014-11-21,65.50725947892894,189.33252717676473
2014-11-24,66.49851893379827,192.53960578008267
2014-11-25,66.64350596847093,193.00952556871414
2014-11-26,67.55625592951647,195.96862249389122
2014-11-28,68.2319489053136,198.16272459079266
2014-12-01,66.54441889851093,192.676518053258
2014-12-02,67.02324905977814,194.22849444903704
2014-12-03,67.4303611291313,195.5491449641944
2014-12-04,67.29506993667513,195.10995094123558
2014-12-05,67.32563900863943,195.20916309688383
2014-12-08,66.35158179606759,192.04768161282385
2014-12-09,66.78277019443694,193.44472957394711
2014-12-10,64.61615938575746,186.41951104698433
2014-12-11,65.29400882445958,190.79775463721387
2014-12-12,63.847599359529056,181.33521662096814
2014-12-15,61.281117376892446,173.1757407354389
2014-12-16,60.67281290493596,171.4567189219844
2014-12-17,65.03897960372781,189.87231957901352
2014-12-18,71.42879018583606,217.7143637754794
2014-12-19,71.96322430200821,222.57690342122618
2014-12-22,72.40799419496041,226.68329212924712
2014-12-23,71.94398877905712,222.3470728413911
2014-12-24,72.04476184368681,223.27675942334193
2014-12-26,73.02301388184647,226.67049758772694
2014-12-29,73.03254402020461,226.70361229427306
2014-12-30,72.02265451746162,223.19445908615648
2014-12-31,70.51167934199319,217.95292909998062
2015-01-02,70.12386080485871,215.26915058409995
2015-01-05,65.89466157005623,200.73597288331663
2015-01-06,65.37207555708042,199.1440106631543
2015-01-07,68.74198383843186,214.46610929000187
2015-01-08,73.99562831733896,238.92982883236579
2015-01-09,72.99187820855373,229.25495950355906
2015-01-12,69.98565095320237,215.16235688662462
2015-01-13,69.90444800880786,214.7897470972662
2015-01-14,69.68940646947651,214.1290063409331
2015-01-15,69.13588106143577,212.42823356049428
2015-01-16,69.62851526149889,213.94191084794943
2015-01-20,71.69272757009382,221.04176716804247
2015-01-21,73.16909657228626,226.13719458202874
2015-01-22,78.62427339483948,245.0101363650715
2015-01-23,78.9753187099008,247.4592393345975
2015-01-26,78.85856241614455,246.6401919208615
2015-01-27,77.63779035608532,242.8220719100535
2015-01-28,77.3704875790991,241.98604844986215
2015-01-29,77.81824046587877,243.38645259805963
2015-01-30,77.46105319528066,242.26930394263383
2015-02-02,77.86766275020099,243.54102708327628
2015-02-03,80.68274891224011,253.39685578420608
2015-02-04,81.3292426275211,255.66970855020202
2015-02-05,82.82005890105727,260.9158879030984
2015-02-06,81.98064343616706,257.95563771687154
2015-02-09,81.44416742544371,256.26759276301976
2015-02-10,86.97264748839582,275.7402809589672
2015-02-11,87.55906297936804,277.82145987893296
2015-02-12,90.3897810519368,287.8756654835976
2015-02-13,91.67840860621212,292.46975543859503
2015-02-17,92.29268257807233,294.66338085958137
2015-02-18,91.68467343420143,292.4904021585862
2015-02-19,92.24777399276508,294.5012874431689
2015-02-20,93.34932508340512,298.4378975947142
2015-02-23,92.10614698703615,293.98889560613566
2015-02-24,94.60488024570398,302.916782296674
2015-02-25,93.54174415913764,299.1062546652301
2015-02-26,94.81371914055153,303.65912268750293
2015-02-27,94.35612439118219,302.01859847793617
2015-03-02,99.60785818392957,320.83570130621916
2015-03-03,95.75236722019436,306.93440701950516
2015-03-04,95.64771603175733,306.18337807222935
2015-03-05,95.70633886981781,306.60351446504353
2015-03-06,93.77257264904146,292.7341407171357
2015-03-09,94.87207103614674,296.5763286363559
2015-03-10,87.69630729173461,271.46598271304396
2015-03-11,88.68509116471866,274.89225556178684
2015-03-12,88.5350893688867,274.3717866338523
2015-03-13,90.98393497739768,282.86695297639545
2015-03-16,96.35147826390059,301.5470665639955
2015-03-17,94.97762215746177,291.920876537994
2015-03-18,97.7707631460675,301.53087195687937
2015-03-19,98.72875553383301,304.8381544912568
2015-03-20,104.5341873252529,324.9035002831488
2015-03-23,102.57284728325797,311.2556140363735
2015-03-24,100.81435614257389,299.3090937928765
2015-03-25,98.05226351552194,291.1086799549332
2015-03-26,97.24361748704852,288.7078799176915
2015-03-27,98.84037389265909,293.4485114215557
2015-03-30,104.358919136099,317.902366604538
2015-03-31,103.62470407331142,315.6657709403718
2015-04-01,103.23471345195476,314.47776571274795
2015-04-02,103.3508462122728,314.87377502452495
2015-04-06,105.01675207462864,320.5552274087248
2015-04-07,104.69157278521207,319.44412620157595
2015-04-08,106.36067623030966,325.14515056381197
2015-04-09,107.68707218706606,329.6841051887182
2015-04-10,108.55041304426281,332.64282060599606
2015-04-13,108.01042630407537,330.790499691242
2015-04-14,107.38894291372999,328.65989276319755
2015-04-15,108.66228992701096,333.02224145252364
2015-04-16,108.40906277497538,332.1534988533116
2015-04-17,105.01353487953975,320.5077611270499
2015-04-20,108.15895755477138,342.0003505572862
2015-04-21,109.08794140282083,348.5767574801002
2015-04-22,110.27259211384738,357.0515379136296
2015-04-23,111.15971227794459,363.4822968777716
2015-04-24,114.0744339195022,384.82008466940454
2015-04-27,113.58598704614928,382.97560784338197
2015-04-28,113.09001543198886,381.1036776910265
2015-04-29,111.64457453577918,375.651052128031
2015-04-30,108.12961161452256,362.4120822109207
2015-05-01,111.05960109612356,384.3977946053258
2015-05-04,111.32372117303512,386.4444402212718
2015-05-05,107.78830099151925,358.96822929530407
2015-05-06,107.32800873572134,357.4353143638857
2015-05-07,109.797346372369,366.6408978888429
2015-05-08,115.18960681289718,386.79699232526224
2015-05-11,114.34258862153214,380.4293452222855
2015-05-12,113.35307446673774,373.0587178246507
2015-05-13,113.7449813696013,375.9463592180617
2015-05-14,117.11948852463605,400.91646884823075
2015-05-15,117.11259049796816,400.89003648101516
2015-05-18,118.07703539043754,404.5856415426937
2015-05-19,117.85061908906877,403.71720282446427
2015-05-20,117.98113544743305,404.2176944276595
2015-05-21,119.22352210066019,408.98250881037666
2015-05-22,119.00498504110949,408.1433303210584
2015-05-26,116.24355642371246,397.54181777311675
2015-05-27,119.99209752437737,411.89217355121787
2015-05-28,119.39952948082004,409.6152126020961
2015-05-29,118.04755953235944,404.4233049276482
2015-06-01,118.74113136296101,407.08315444888365
2015-06-02,118.01533342415009,404.2977764567762
2015-06-03,118.70899213297574,406.957859648218
2015-06-04,116.97638922365509,400.3089363531126
2015-06-05,116.38311428223462,398.03624981525803
2015-06-08,115.67087600587848,395.6003581977835
2015-06-09,115.5565798802963,395.2094595568963
2015-06-10,118.62477192098189,418.7020899953288
2015-06-11,119.06059044559068,422.1460006877176
2015-06-12,117.03279532053952,406.0493626502677
2015-06-15,116.70957917188751,404.92795295652365
2015-06-16,117.90467416936426,414.21099120252416
2015-06-17,118.56689166428909,419.41943164924413
2015-06-18,121.9257123616258,446.01984527799027
2015-06-19,120.67861461167571,435.8063161206318
2015-06-22,122.62924309613072,451.5771342152266
2015-06-23,122.83184811982157,452.4123036001098
2015-06-24,121.56819355448235,447.2022972522366
2015-06-25,121.03490655590926,445.0063013823195
2015-06-26,119.52989348121591,438.81214372560413
2015-06-29,117.83998275574953,432.60822831541157
2015-06-30,118.10889373638952,433.59544080635663
2015-07-01,118.59300976230489,435.3727032547435
2015-07-02,118.68259599065448,435.7015877184158
2015-07-06,118.48217517663217,434.96581288848023
2015-07-07,118.60281341367597,435.40869392744634
2015-07-08,117.41448817088308,431.0461739582041
2015-07-09,117.34618933731444,430.79543870947805
2015-07-10,118.43693438424356,434.799727162862
2015-07-13,126.5469269192624,468.1277093462558
2015-07-14,128.24820973346732,482.2175381626339
2015-07-15,128.65774172525397,483.94125524063986
2015-07-16,132.02548415763061,498.1214453087735
2015-07-17,136.0709489564147,515.2071288438023
2015-07-20,137.09122665722296,519.5314835077696
2015-07-21,136.8388698373802,518.4609414964356
2015-07-22,133.8297378086878,505.6984851539325
2015-07-23,132.75706194964638,501.1612217423797
2015-07-24,130.22951998722178,490.48040012115257
2015-07-27,127.98827923627117,471.58234182683213
2015-07-28,132.50975834676603,490.2312892279913
2015-07-29,134.4967784996028,498.46019136387883
2015-07-30,137.00490660233243,508.86549535768376
2015-07-31,136.72408274318718,506.530331596752
2015-08-03,135.88075802054666,499.53558917274916
2015-08-04,135.2939240428786,494.7056664558164
2015-08-05,137.4171068337261,512.0865733637694
2015-08-06,132.99819741453194,475.21988363275113
2015-08-07,132.28922721738635,472.3841640083538
2015-08-10,138.27610784966552,496.31500220990404
2015-08-11,131.21129496337335,467.9294478121574
2015-08-12,132.76174285310404,474.1189082367015
2015-08-13,131.96113415718833,470.91838419224365
2015-08-14,132.91430772899233,474.72604328989286
2015-08-17,137.28834396370436,492.21404395349293
2015-08-18,134.35367528606787,480.43619793896164
2015-08-19,133.8489471154178,478.63133712824316
2015-08-20,131.64464990429522,470.74897612111556
2015-08-21,128.3692108546938,459.03631191434414
2015-08-24,125.32756622908471,448.15967473789436
2015-08-25,124.50577031359151,445.22100927689627
2015-08-26,128.0995652069237,458.072084255297
2015-08-27,130.10155366760247,465.2310080608293
2015-08-28,130.0804558868342,465.15556436674586
2015-08-31,129.11445528620897,461.70123641640913
2015-09-01,126.77186715613544,453.3243599956256
2015-09-02,128.8342953466476,460.69941063165794
2015-09-03,128.40907407215317,459.1788590578668
2015-09-04,127.55002919830153,456.1069947997922
2015-09-08,129.71541289501633,463.85020471283394
2015-09-09,128.81235495531863,460.62095384088593
2015-09-10,129.63606527719432,463.5664650403557
2015-09-11,130.05530085572744,465.0656123242863
2015-09-14,129.82298356121342,464.2348673710565
2015-09-15,130.72934733548013,467.4759395987506
2015-09-16,131.16638550270991,469.0387472775954
2015-09-17,131.2386878392191,469.2972936819317
2015-09-18,130.12807680999123,465.3258523414904
2015-09-21,130.34950925901177,466.1176741035764
2015-09-22,129.19944950991106,462.00516782427945
2015-09-23,129.24066179490876,462.1525391073539
2015-09-24,128.94153671591405,461.08289575480387
2015-09-25,128.3155269949597,458.84434344450966
2015-09-28,126.10348682543771,450.93429434112204
2015-09-29,125.72977551418062,449.5979375862744
2015-09-30,127.39325480135643,455.5463841946705
2015-10-01,127.74976817628077,456.8212427349995
2015-10-02,129.0762462747455,461.5646045590714
2015-10-05,130.25320037971844,465.77328254378523
2015-10-06,129.88082046313775,464.4416867319853
2015-10-07,130.29817268325766,465.9340993020834
2015-10-08,130.61659180461442,467.07273634859496
2015-10-09,130.93458785224644,468.20986052297013
2015-10-12,131.15504595677035,468.9981981201128
2015-10-13,130.64147662889928,467.16172215668956
2015-10-14,130.53023771054598,466.7639421712689
2015-10-15,131.80590042048348,471.3255929107068
2015-10-16,132.13340390966283,472.49671480832546
2015-10-19,133.72051130899055,485.202717498895
2015-10-20,133.27721156158742,483.5942115187649
2015-10-21,132.84836204546693,482.03813796966716
2015-10-22,138.12439923798289,503.46800642050596
2015-10-23,145.8200263487756,534.8681730294685
2015-10-26,146.11012909903388,536.0593269668299
2015-10-27,146.7476759434287,538.6776974315031
2015-10-28,149.02807726617328,548.0480408528599
2015-10-29,148.65905339278382,546.5289230442154
2015-10-30,147.29607481269002,540.9197701428885
2015-11-02,150.66127831129452,554.7535058251127
2015-11-03,151.62399101436475,558.7215963442725
2015-11-04,151.6646417738552,558.8892768825388
2015-11-05,150.77016973513182,555.1995462383296
2015-11-06,151.10453076617236,556.57782097324
2015-11-09,147.84580524309646,543.1414293832273
2015-11-10,147.14574786893698,540.2625463563381
2015-11-11,146.70821146397756,538.4642643476674
2015-11-12,143.85584213737917,526.7451529668399
2015-11-13,138.18673606764565,480.27179184428553
2015-11-16,145.90716609223372,510.3082466933744
2015-11-17,146.58081097968392,512.9456311545213
2015-11-18,157.8398417795447,557.0500072526694
2015-11-19,157.99837708770858,558.3026291655766
2015-11-20,160.10215714791536,574.9457144204285
2015-11-23,159.236305632471,567.9844274810939
2015-11-24,158.90308482743484,565.3234395720431
2015-11-25,159.14011562529817,567.2113696215455
2015-11-27,159.5260444094905,570.2909311529933
2015-11-30,158.8514544181509,567.5913821026693
2015-12-01,162.012218537802,580.2335963106275
2015-12-02,160.03813200038732,572.3193830325923
2015-12-03,154.56968381421473,550.4283859410757
2015-12-04,161.68453525721327,607.1513343459777
2015-12-07,160.3597029847758,596.0133699227472
2015-12-08,160.36848715734914,596.0864633077032
2015-12-09,155.36279964964643,554.4311488124689
2015-12-10,156.8389044182876,566.2244182969469
2015-12-11,149.63400139253207,507.990047083869
2015-12-14,154.13092116297236,525.0794352257054
2015-12-15,157.63834854995144,538.4549462887692
2015-12-16,166.97099904677054,574.1393921480379
2015-12-17,162.31204160827352,538.27351150955
2015-12-18,156.33871183672034,493.9243701197722
2015-12-21,162.56140498032715,515.9312651288424
2015-12-22,166.6858370762848,530.5842135560977
2015-12-23,171.79554637771577,548.7912087612693
2015-12-24,171.55880887255316,547.0981237399153
2015-12-28,171.52921877726857,546.8868648355544
2015-12-29,176.77057125713245,584.2995781623198
2015-12-30,173.74493628191868,561.9093460633753
2015-12-31,169.42736659757907,530.6478389442693
2016-01-04,167.3568003815201,524.1628093412747
2016-01-05,167.05718408011222,523.2244087390144
2016-01-06,166.16130583148194,520.4185110488143
2016-01-07,163.00000747182006,510.51729983069333
2016-01-08,162.2302741355706,508.1064889938921
2016-01-11,162.51430541585933,508.9960771879634
2016-01-12,163.61078669108517,512.4302651283534
2016-01-13,160.18747897630917,501.7084385582586
2016-01-14,162.25998303701903,508.1995375058747
2016-01-15,159.27733880753814,498.8578724224947
2016-01-19,159.41248851394752,499.28116236130626
2016-01-20,159.1238796045758,498.3772369971003
2016-01-21,159.2401584487529,498.74142324762545
2016-01-22,161.98433409456212,507.33620285953356
2016-01-25,160.5255818940714,502.76737954432383
2016-01-26,161.4421122858565,505.63795990860876
2016-01-27,159.04003444011403,498.114633285427
2016-01-28,160.29484715057168,502.0447165208331
2016-01-29,162.38334812720407,508.585917934388
2016-02-01,162.56719239533626,509.1617196218353
2016-02-02,160.5036988258872,502.6988416034078
2016-02-03,160.04970972293552,501.27694417784164
2016-02-04,159.99230866546048,501.09716361633065
2016-02-05,156.70049824138698,490.7871875904518
2016-02-08,155.2696702163249,486.30582301135473
2016-02-09,154.66557501851887,484.4137921212461
2016-02-10,155.03330505990346,485.56552549050224
2016-02-11,154.95959845838112,485.33467583734875
2016-02-12,156.2804266185476,489.47151997820015
2016-02-16,158.36081185124831,495.98730281820787
2016-02-17,160.54895580566057,502.84058681845875
2016-02-18,159.458434304765,499.4250649379412
2016-02-19,159.78933961699616,500.46146296711976
2016-02-22,161.2989954878479,505.1897169765192
2016-02-23,159.69122370982754,500.1541631775364
2016-02-24,160.64130747012578,503.12983295475595
2016-02-25,161.52775518835196,505.90619414988134
2016-02-26,161.45362017874064,505.67400271923833
2016-02-29,160.59947205992742,502.99880412240776
2016-03-01,163.6729661253843,512.6250116034962
2016-03-02,165.53890912361055,519.1669684121174
2016-03-03,165.7767801413476,520.0020616278316
2016-03-04,169.2953492180971,532.3568100840805
2016-03-07,170.56613496206413,536.8299922147262
2016-03-08,168.24245352971909,529.5165716138974
2016-03-09,171.02202207677135,549.1022134408897
2016-03-10,172.5485289550525,560.0749860478031
2016-03-11,179.4123764374327,609.954130620072
2016-03-14,178.0168891993761,599.3326000486348
2016-03-15,177.34059908980436,594.2351123522607
2016-03-16,180.63169435407914,618.9243141064561
2016-03-17,183.26995794254418,639.1628097844776
2016-03-18,188.17581966084984,658.3151558451308
2016-03-21,188.7871860337424,660.7093427183746
2016-03-22,188.45850519205092,659.4216898904725
2016-03-23,183.3833953244508,639.5433828226362
2016-03-24,183.0975167005889,638.4273469766525
2016-03-28,182.95449548651746,637.8691134080888
2016-03-29,187.62876812655082,656.1118080680477
2016-03-30,191.39819983211805,670.8668608191848
2016-03-31,189.2049713634515,662.2615051336463
2016-04-01,191.6924065468331,672.0077025050263
2016-04-04,188.14809594800215,658.0989693389025
2016-04-05,185.88861927715055,649.2521796051597
2016-04-06,189.67715347687923,664.0643359478635
2016-04-07,183.7215067193896,640.7238160839684
2016-04-08,185.58008321508436,655.2351643717043
2016-04-11,185.39038371771676,653.7356574735675
2016-04-12,185.01081206069728,650.739082123758
2016-04-13,193.4646422185175,717.3092658769971
2016-04-14,190.303091808739,691.0657871026295
2016-04-15,186.88118411787556,663.2457122165214
2016-04-18,187.07033501565607,664.7486248567905
2016-04-19,182.29518899782295,626.7598195146957
2016-04-20,189.479749699277,654.4109326234027
2016-04-21,185.03039214198705,637.2092269636678
2016-04-22,186.37637341136536,642.3979974805409
2016-04-25,181.84951060550088,624.931850317603
2016-04-26,191.61196142966716,662.4866839873247
2016-04-27,199.8539216441157,694.3852758038286
2016-04-28,189.07508687004633,610.5404822547231
2016-04-29,169.6169346648539,540.2060131509303
2016-05-02,174.3194632289652,562.559580620752
2016-05-03,166.52650859147542,525.0234077216734
2016-05-04,165.33339464521913,521.26176787729
2016-05-05,165.58811132598092,522.0648365350567
2016-05-06,165.72213030453128,522.4873704692214
2016-05-09,165.57369787483296,522.0193939247315
2016-05-10,166.81008676801326,525.9174706661302
2016-05-11,166.50626796876193,524.9595932527259
2016-05-12,164.74284589218905,519.3998906220462
2016-05-13,165.13871579216803,520.6479859893205
2016-05-16,166.67698840312354,525.4978392351486
2016-05-17,166.02249544508743,523.4343592158747
2016-05-18,176.81445040662746,574.2176232624015
2016-05-19,176.12399306607927,571.9753134730043
2016-05-20,198.0898286461792,651.8286286550724
2016-05-23,203.87175307588336,673.1262021921485
2016-05-24,223.67266728543947,746.3093594300981
2016-05-25,226.32644545245202,756.2212625572621
2016-05-26,227.8342672568261,761.8608854067893
2016-05-27,230.62534784717533,772.3084597443607
2016-05-31,233.13302176932967,781.7087503075501
2016-06-01,235.83983713002934,791.8685763879209
2016-06-02,235.73431775244327,791.4719746394478
2016-06-03,237.21236083164578,797.027003038146
2016-06-06,236.00193577238008,792.474396827238
2016-06-07,240.644873659059,809.9265497241778
2016-06-08,240.22671591969421,808.3511323854539
2016-06-09,240.85438796710727,810.7154074173671
2016-06-10,232.75705358010921,780.2053939862935
2016-06-13,230.6309697290579,764.2501686294619
2016-06-14,230.20384703764952,761.0814256172284
2016-06-15,230.25727833386986,761.4769112512632
2016-06-16,230.09699226342855,760.2901711690313
2016-06-17,226.2482390430665,731.8190246744549
2016-06-20,236.49042556535161,768.903968801097
2016-06-21,239.76070348182247,780.8062350804705
2016-06-22,238.33866160037488,775.6222455417995
2016-06-23,263.24192521697313,866.3412941228885
2016-06-24,254.35586049577768,837.0968460590972
2016-06-27,248.29792579237858,817.1599040756766
2016-06-28,252.27840936868782,830.2598587652357
2016-06-29,272.6186703370157,930.171403843326
2016-06-30,292.52200235806265,1031.5294835085047
2016-07-01,279.86382458964067,981.562772992067
2016-07-05,277.0413107398614,971.6634066653896
2016-07-06,277.2793245058032,972.49818926886
2016-07-07,290.858593282105,1043.5823590928933
2016-07-08,323.6058770528869,1218.9483244287983
2016-07-11,337.8601193677968,1299.0862745078114
2016-07-12,356.3636668447762,1405.2756970647008
2016-07-13,356.978519598665,1407.989796157327
2016-07-14,362.1996290361407,1431.0416936836739
2016-07-15,361.6659870948468,1428.6815377245507
2016-07-18,372.57632539613826,1476.9265524131517
2016-07-19,369.6432277550843,1463.9111792394933
2016-07-20,381.57310574420984,1516.7988494606764
2016-07-21,376.21907257057865,1492.9746809572723
2016-07-22,380.18805066412057,1510.6056749204179
2016-07-25,384.2856987087234,1528.830936192755
2016-07-26,415.70996937628496,1668.7757817950974
2016-07-27,413.99518117614656,1661.0702166620551
2016-07-28,409.6276097982518,1641.4538225999388
2016-07-29,405.452752816087,1622.7268527419383
2016-08-01,406.89966554537006,1629.2092250039527
2016-08-02,393.82827198575836,1570.6226811078952
2016-08-03,395.66378534677773,1587.011172651662
2016-08-04,402.54926084611185,1648.8418602607123
2016-08-05,412.8640260113602,1743.429801381999
2016-08-08,411.7158174084841,1732.5746802293602
2016-08-09,418.8295815200521,1799.5955913629002
2016-08-10,412.34502967029744,1737.2172250791489
2016-08-11,416.29473334140533,1774.4713471129987
2016-08-12,419.8688249875824,1808.5788728319308
2016-08-15,431.54272094997145,1921.1575389020388
2016-08-16,425.3610809374589,1890.3519613940612
2016-08-17,425.2195509660593,1889.6478849721873
2016-08-18,431.5175271330475,1920.977505506696
2016-08-19,439.03530089945605,1958.4402466937681
2016-08-22,439.38369217880836,1960.179907665245
2016-08-23,444.1194329103338,1983.829648068136
2016-08-24,436.42936993011875,1945.3774689083596
2016-08-25,439.99357183348724,1963.1618465152333
2016-08-26,444.10055397760516,1983.6743679943181
2016-08-29,447.14940902641575,1998.918837106184
2016-08-30,444.5250930234888,1985.7864072748202
2016-08-31,444.7328915223642,1986.82552587492
2016-09-01,452.5578318073011,2025.9571590272333
2016-09-02,450.9099147282657,2017.6990999021998
2016-09-06,448.36481032214544,2004.950611917912
2016-09-07,441.74287653059406,1971.8036710075983
2016-09-08,440.4225667871268,1965.206520307247
2016-09-09,407.9214760834406,1802.8674594792437
2016-09-12,440.6635430820576,1964.8543180373374
2016-09-13,423.53529295393724,1879.3628665330032
2016-09-14,439.7590501043641,1959.948742943136
2016-09-15,480.479941876201,2163.1066213774566
2016-09-16,480.63069173864403,2163.8663282402517
2016-09-19,482.2137651618481,2171.844556315511
2016-09-20,478.1497413622077,2151.355033770765
2016-09-21,490.69520976383706,2214.541126928292
2016-09-22,494.5015056169371,2233.7703144314755
2016-09-23,483.9434468153825,2180.38258706894
2016-09-26,473.8720027310606,2129.588132846882
2016-09-27,490.9619816487937,2301.5343203622297
2016-09-28,493.1274996207596,2324.2616201684523
2016-09-29,505.273324180544,2452.4265632422707
2016-09-30,521.0326506272087,2623.6738697444066
2016-10-03,513.7766392678585,2582.773303055669
2016-10-04,511.1461695130205,2567.9709176239594
2016-10-05,519.1309862411435,2612.8760936934514
2016-10-06,525.1654391795316,2646.8751003553075
2016-10-07,523.1411628131139,2635.4543779346473
2016-10-10,517.9259453341352,2606.04434617541
2016-10-11,496.233201240837,2483.8601354010993
2016-10-12,488.7935254593265,2442.1749449974
2016-10-13,465.07854581622706,2309.5392114456067
2016-10-14,480.2965707996831,2394.1340347597115
2016-10-17,469.380312054158,2333.222540096087
2016-10-18,492.4042299413947,2461.3366555289035
2016-10-19,482.6092990730615,2406.529523050431
2016-10-20,496.4883750744893,2484.0011225801845
2016-10-21,491.1349224847474,2454.018948243069
2016-10-24,527.7629202243434,2658.8881782183157
2016-10-25,526.9326678748214,2649.523609765182
2016-10-26,524.8933171285083,2638.044953347914
2016-10-27,520.2012020440084,2611.647242665922
2016-10-28,514.1958860091491,2544.148530246867
2016-10-31,519.6242516034617,2604.2796664750394
2016-11-01,509.81193055621867,2494.179895950967
2016-11-02,496.1429277351336,2419.3214040453713
2016-11-03,491.7199402547429,2395.1785319605956
2016-11-04,480.1546571478516,2332.117249406409
2016-11-07,535.8137529545804,2634.733219271631
2016-11-08,538.1439511952794,2660.385862251113
2016-11-09,532.4085095028768,2596.906947480096
2016-11-10,510.0458211933485,2352.703457064084
2016-11-11,587.1359114142831,2750.758391100452
2016-11-14,580.5453181029998,2681.630266997961
2016-11-15,602.9968050613272,2913.8100161749785
2016-11-16,616.9898276711959,2989.50101170162
2016-11-17,630.5063562675169,3062.81254944303
2016-11-18,639.1844717457375,3110.001773298642
2016-11-21,644.8787593126797,3141.015951451596
2016-11-22,662.2024628551526,3235.4697162837633
2016-11-23,663.9905420293138,3245.249286139879
2016-11-25,665.8538750425006,3255.443719916771
2016-11-28,662.1323080218494,3235.075946015814
2016-11-29,659.5666451947928,3221.043746734005
2016-11-30,651.6211193334085,3177.6080247630357
2016-12-01,587.0462676324623,2825.1113291199435
2016-12-02,617.5373050301487,2989.3675765726316
2016-12-05,647.7443292457093,3153.053195914198
2016-12-06,683.7474130121686,3349.2327937534906
2016-12-07,741.7531905812094,3667.291547076124
2016-12-08,754.4850152601159,3808.218194482795
2016-12-09,748.1280632219824,3736.38311178944
2016-12-12,736.7600851910325,3609.274452933372
2016-12-13,753.4140681781574,3791.9281180265657
2016-12-14,752.2808301724829,3779.1589101198406
2016-12-15,778.7994890359246,4077.4107776762526
2016-12-16,761.8124092417148,3977.8555669081766
2016-12-19,777.6868094813781,4070.642058600676
2016-12-20,792.3000316572469,4156.265096120031
2016-12-21,792.3000316572469,4156.265096120031
2016-12-22,800.8604914151301,4206.533734012746
2016-12-23,808.8441245837248,4253.474972232857
2016-12-27,828.6176245418472,4369.873920060599
2016-12-28,796.3350025933502,4179.297132784455
2016-12-29,796.2462089424316,4178.253840938336
2016-12-30,771.1389009740354,3883.293212742955
2017-01-03,772.7676007791104,3892.474320330649
2017-01-04,782.1827654992338,3945.5616931792374
2017-01-05,753.305204664472,3782.5016458581163
2017-01-06,777.587741584841,3918.9878249899075
2017-01-09,811.1297517797867,4108.222211300865
2017-01-10,819.3749988263168,4201.71620766246
2017-01-11,824.5714053425949,4261.373506101132
2017-01-12,810.3029478431209,4096.285769374767
2017-01-13,820.5706207918746,4212.492507550189
2017-01-17,794.1474663119124,3908.8068385660436
2017-01-18,838.6107420363718,4153.787030536779
2017-01-19,823.21236531204,4068.4091821180778
2017-01-20,866.0132067616127,4305.192721731036
2017-01-23,854.5619815776406,4177.743703705262
2017-01-24,888.5725138987295,4549.988050946053
2017-01-25,914.7535500397017,4850.125832074015
2017-01-26,904.057867084709,4786.644813848707
2017-01-27,927.0585264294255,4922.965486141153
2017-01-30,917.1631709551449,4864.143795972269
2017-01-31,893.2130727380319,4721.95886955728
2017-02-01,921.684329252832,5058.928079570937
2017-02-02,920.1212776728984,5039.720790709284
2017-02-03,930.7960703700198,5170.6200861015595
2017-02-06,937.2933017419226,5251.424089235444
2017-02-07,944.2242737651613,5338.362596845386
2017-02-08,947.3138018502364,5377.468427197313
2017-02-09,930.711676266566,5166.477317916615
2017-02-10,929.247108697699,5148.275899475078
2017-02-13,933.6438124951502,5202.810766607971
2017-02-14,927.063949749716,5120.720796467318
2017-02-15,942.5625058154859,5216.550270181958
2017-02-16,944.9275177580189,5231.202139474863
2017-02-17,955.1039397069326,5294.2665836169435
2017-02-21,982.5805375982903,5464.758812302636
2017-02-22,982.6696263053835,5465.313453287544
2017-02-23,949.9508518261509,5261.613452036321
2017-02-24,948.8628427594979,5254.867600517407
2017-02-27,967.1923908373631,5482.129457928879
2017-02-28,942.1096822591406,5163.836298918203
2017-03-01,971.7161978349102,5527.144124881511
2017-03-02,951.5224018209805,5269.988653851785
2017-03-03,950.3433282781137,5255.368632276542
2017-03-06,951.3416840090231,5267.728801764348
2017-03-07,955.786100250813,5322.824547313043
2017-03-08,960.4922658389557,5381.501168944287
2017-03-09,963.5619685859754,5420.006631604574
2017-03-10,985.8266716347946,5700.390827911266
2017-03-13,1001.1601085288961,5799.640719170926
2017-03-14,994.9663184249845,5759.476391807147
2017-03-15,1011.1194876258435,5864.145572835025
2017-03-16,1008.4777524596556,5846.995024880258
2017-03-17,1012.1811845252444,5871.030750939851
2017-03-20,1027.3197971347158,5969.325118244635
2017-03-21,979.4346296913757,5657.861698946156
2017-03-22,1000.386706631971,5928.831198164325
2017-03-23,995.2463811830677,5860.627449371585
2017-03-24,1009.2845715465644,6045.699608400157
2017-03-27,1012.8142792011113,6093.035234227244
2017-03-28,1019.5977147888397,6184.398167771326
2017-03-29,1013.890231683666,6106.893174952124
2017-03-30,1025.5127702902328,6263.6212639003525
2017-03-31,1024.1994245720252,6245.66235547853
2017-04-03,1012.2837667558057,6082.984494179311
2017-04-04,1015.3659524406565,6103.71737717128
2017-04-05,1007.594926132457,6051.425207746456
2017-04-06,1008.1357228228529,6055.060942436016
2017-04-07,1007.3635389781707,6049.869277134057
2017-04-10,1008.1360144704017,6055.062427928213
2017-04-11,999.6427777118528,5997.959393533188
2017-04-12,990.8035663595673,5938.590539280004
2017-04-13,982.937677404354,5885.81531438258
2017-04-17,998.5752174745845,5990.633236081602
2017-04-18,996.6355095211634,5977.607125661516
2017-04-19,998.965401824451,5993.249883370318
2017-04-20,1015.17820970222,6102.132020230326
2017-04-21,1014.8705234954855,6100.0617177590775
2017-04-24,1039.581013831457,6266.323110519311
2017-04-25,1055.027095071215,6370.545066810496
2017-04-26,1051.929791715466,6349.6095742683265
2017-04-27,1064.2612427996069,6432.931809586793
2017-04-28,1068.3234130797052,6460.417413656592
2017-05-01,1086.3435892014716,6582.40154128371
2017-05-02,1090.6632527307313,6611.700591782026
2017-05-03,1083.4530946000743,6562.773010406332
2017-05-04,1084.1990407355543,6567.830921579906
2017-05-05,1092.1010997850249,6621.415482541189
2017-05-08,1096.48405060852,6651.1623373782795
2017-05-09,1104.5652921022427,6706.035472626959
2017-05-10,1105.747027219571,6714.066683995658
2017-05-11,1103.9750690152564,6702.022710131082
2017-05-12,1108.7780950033755,6734.66255052875
2017-05-15,1115.7092077594548,6781.788555745543
2017-05-16,1125.118526359474,6845.811827297084
2017-05-17,1068.0889728383909,6457.381515236797
2017-05-18,1086.2087834601389,6702.637224217183
2017-05-19,1095.0084636027298,6824.204237404965
2017-05-22,1114.0240549755256,7089.518643918902
2017-05-23,1115.8654609806972,7115.754074229156
2017-05-24,1126.169437244774,7262.86007905209
2017-05-25,1146.0255895307928,7549.55202455462
2017-05-26,1149.2947777750842,7597.767144563177
2017-05-30,1150.8909798945856,7621.391441102246
2017-05-31,1149.9485360863755,7607.419009141275
2017-06-01,1159.1595132508487,7743.839967048413
2017-06-02,1185.6733983233103,7942.117266721889
2017-06-05,1185.0303543420644,7937.295587019579
2017-06-06,1176.024130360905,7869.769391304292
2017-06-07,1184.63390493887,7934.2640895248505
2017-06-08,1186.7786280436674,7950.3438725625865
2017-06-09,1129.2790233727715,7519.155028440868
2017-06-12,1115.5782041138,7314.919745417254
2017-06-13,1150.517058611572,7571.3709054981855
2017-06-14,1129.8658068812224,7419.2411032027285
2017-06-15,1109.458321522143,7269.235123031116
2017-06-16,1091.6481408544767,7138.608256225292
2017-06-19,1162.4504967857201,7656.888960353073
2017-06-20,1127.163463651025,7396.705618507013
2017-06-21,1171.0352270163614,7718.9779217592695
2017-06-22,1170.1404753778022,7705.773821971169
2017-06-23,1178.9426889122637,7835.547499531579
2017-06-26,1168.4633504718965,7757.582984574877
2017-06-27,1125.389360911287,7117.342857924796
2017-06-28,1188.6923796093618,7565.4955021969645
2017-06-29,1107.5537344818417,6987.423266610057
2017-06-30,1102.405007115925,6951.0620335496105
2017-07-03,1096.399661273808,6913.196157386111
2017-07-05,1138.309846602793,7209.00832184062
2017-07-06,1132.298534344827,7170.93819513286
2017-07-07,1177.7544897394519,7493.18771960775
2017-07-10,1210.7746576243178,7728.3553710008455
2017-07-11,1224.0742128070046,7823.3824408644505
2017-07-12,1282.4633325148961,8241.12161183015
2017-07-13,1293.8171234457623,8322.792770999624
2017-07-14,1314.1835246001624,8616.10281613796
2017-07-17,1314.674679539999,8623.312061839695
2017-07-18,1332.1832585332331,8880.424543621784
2017-07-19,1348.5226998523117,9124.274912101175
2017-07-20,1351.916617738321,9175.686129455393
2017-07-21,1350.5444863649195,9154.836382247882
2017-07-24,1362.3336608561694,9333.74923671466
2017-07-25,1356.2228402932005,9286.88315628891
2017-07-26,1364.3618579611014,9349.27062704382
2017-07-27,1348.051150938375,9224.156194943647
2017-07-28,1345.1412456402825,9201.867451115128
2017-07-31,1333.4084758895085,9112.022207155776
2017-08-01,1339.2601459284106,9156.78506935539
2017-08-02,1320.126502704627,9010.344230643594
2017-08-03,1309.6319838815125,8930.162611003212
2017-08-04,1310.5895763073731,8937.471935743491
2017-08-07,1356.2612278072177,9286.115103090979
2017-08-08,1346.7484116753872,9213.205240578223
2017-08-09,1337.8641881726523,9145.170581904245
2017-08-10,1315.5310628495042,8992.509166408701
2017-08-11,1319.8736696521735,9022.19370414552
2017-08-14,1456.8336337858964,10070.19031023464
2017-08-15,1464.033928381044,10181.618337216953
2017-08-16,1468.446526737238,10250.321467820775
2017-08-17,1445.0480682505383,10086.991229386396
2017-08-18,1447.6969679690105,10105.481568091947
2017-08-21,1441.4958355922943,10062.195279372203
2017-08-22,1455.1725706910058,10157.66414993674
2017-08-23,1459.0249645712004,10184.555340711251
2017-08-24,1458.678452253232,10182.136551475782
2017-08-25,1454.3264985256462,10151.758240853907
2017-08-28,1456.592707423203,10167.577250460477
2017-08-29,1458.654461116579,10181.96908411582
2017-08-30,1508.422909514647,10959.736790733727
2017-08-31,1538.0560951487419,11441.764276030397
2017-09-01,1551.5486255687783,11666.47856210105
2017-09-05,1523.7112590068296,11432.169543307484
2017-09-06,1532.5290800939426,11506.227840707561
2017-09-07,1538.8747328227976,11559.559734716973
2017-09-08,1513.453742175935,11345.804402996755
2017-09-11,1545.7461159500685,11616.79397064131
2017-09-12,1554.504062554353,11690.471809215273
2017-09-13,1558.8260528809042,11726.855808024857
2017-09-14,1541.2020472086633,11578.441758825551
2017-09-15,1549.5213677611753,11648.404184310199
2017-09-18,1546.9961162113439,11627.154133677212
2017-09-19,1551.4190790473692,11664.366214640346
2017-09-20,1542.7659635081272,11591.539455883389
2017-09-21,1522.8809509938214,11424.294357527964
2017-09-22,1520.3338387563224,11402.904988500974
2017-09-25,1488.3767077360526,11134.59873952168
2017-09-26,1495.1862148147723,11248.648358305622
2017-09-27,1522.3628397812847,11706.386428012767
2017-09-28,1520.633564791474,11676.615991789327
2017-09-29,1542.2157498967679,12047.641949554802
2017-10-02,1545.1097196139708,12098.255564483563
2017-10-03,1551.6156111877108,12212.303310710533
2017-10-04,1554.3205870154093,12259.967618078725
2017-10-05,1584.3221054833448,12789.763302592013
2017-10-06,1588.1602451519445,12859.13083667467
2017-10-09,1585.48563700442,12810.6473422156
2017-10-10,1587.716152004923,12830.821730387832
2017-10-11,1596.9897275112687,12914.712712968321
2017-10-12,1591.2104996048731,12862.396185563925
2017-10-13,1603.1462244299205,12970.39761538199
2017-10-16,1614.2396083111837,13070.866285997163
2017-10-17,1618.0427698551628,13105.338375307718
2017-10-18,1613.8903614001465,13067.690127456275
2017-10-19,1601.9487882704516,12959.453861042415
2017-10-20,1609.7616883393316,13030.20554838715
2017-10-23,1589.65608666308,12848.028687490016
2017-10-24,1595.092652256128,12897.21501681968
2017-10-25,1582.101973212697,12779.636402026079
2017-10-26,1572.2745641067345,12690.77574461281
2017-10-27,1663.0547380552794,13511.008772071842
2017-10-30,1670.9958498658202,13583.227361851783
2017-10-31,1682.8369987390465,13690.975035181738
2017-11-01,1681.362006211478,13677.542171498011
2017-11-02,1696.2718746866524,13813.313199457876
2017-11-03,1756.876998467693,14365.769843620583
2017-11-06,1806.988665934945,14824.453073635987
2017-11-07,1803.648527503528,14793.778807711631
2017-11-08,1815.833645051199,14905.656472600202
2017-11-09,1741.7810651004108,14225.197878453042
2017-11-10,1763.9424325548725,14630.405646507417
2017-11-13,1773.5643968983834,14809.075861365536
2017-11-14,1770.26547497082,14747.406494486377
2017-11-15,1738.823968564648,14161.00231961218
2017-11-16,1791.293644334214,15117.674649200653
2017-11-17,1775.3959551508628,14817.296271267764
2017-11-20,1817.3781556592398,15601.728436588615
2017-11-21,1861.037605537989,16440.844676213506
2017-11-22,1836.7095295868016,15959.680598397767
2017-11-24,1869.605944411041,16599.6345750284
2017-11-27,1822.4398434792308,16130.85909840825
2017-11-28,1821.3288643927706,16119.851397003595
2017-11-29,1660.9201696646376,14530.620392589239
2017-11-30,1702.150332657109,14934.39305398887
2017-12-01,1624.0338038135042,14167.174564006378
2017-12-04,1466.1267986391554,12111.214025581789
2017-12-05,1467.5556305413218,12124.426487417655
2017-12-06,1477.4883812274911,12216.285680700857
2017-12-07,1506.438414455526,12484.233750652756
2017-12-08,1490.835651754439,12339.4904492564
2017-12-11,1508.2364108285842,12500.711634982361
2017-12-12,1477.938760158109,12219.61170941885
2017-12-13,1477.7886153836262,12218.222084319817
2017-12-14,1475.5383570998224,12197.39566884194
2017-12-15,1519.5332696016264,12604.499816817444
2017-12-18,1588.1506196510898,13241.641187763496
2017-12-19,1584.313672808784,13205.829699470274
2017-12-20,1606.5365990724988,13413.183608982492
2017-12-21,1571.6962297921123,13087.564070835722
2017-12-22,1568.924785981417,13061.730600672454
2017-12-26,1538.5592074130195,12778.743513379646
2017-12-27,1548.952586723834,12972.005826602912
2017-12-28,1555.5645434741034,13095.975504070651
2017-12-29,1524.3326651886005,12507.315704342125
2018-01-02,1608.5404752421646,14054.183455156866
2018-01-03,1640.0944263556416,14362.796183410877
2018-01-04,1646.5365802616238,14425.94826958856
2018-01-05,1679.8533439162177,14752.703279880257
2018-01-08,1692.3708457283824,14875.759724446936
2018-01-09,1693.2359190950071,14884.27155602775
2018-01-10,1685.163614913416,14804.839813206323
2018-01-11,1707.776513344773,15027.224219973454
2018-01-12,1732.0375923386255,15266.19472566753
2018-01-16,1723.0553900524149,15177.572474833247
2018-01-17,1759.4334842192707,15536.270908455223
2018-01-18,1760.5652898683609,15547.458387904884
2018-01-19,1771.881462161246,15659.323143880683
2018-01-22,1808.967294434845,16026.210556747077
2018-01-23,1839.6790716408243,16330.783653191735
2018-01-24,1814.6869408706752,16082.43906361501
2018-01-25,1813.1534106331742,16067.225568304435
2018-01-26,1867.405436227925,16605.382276549288
2018-01-29,1850.837149141525,16440.46189489648
2018-01-30,1819.141533418409,16125.301627305045
2018-01-31,1834.1860537105906,16274.583186535943
2018-02-01,1803.4549771112831,15969.350721943772
2018-02-02,1729.6491209986823,14506.199437465864
2018-02-05,1689.7168959099185,14171.29635562871
2018-02-06,1950.2719227642303,16356.515969304219
2018-02-07,1846.927620753501,15062.894045494038
2018-02-08,1801.152693905799,14689.569793206405
2018-02-09,1833.9652083153012,14957.177154947487
2018-02-12,1854.496788454025,15124.625523113637
2018-02-13,1859.0120763083635,15161.450627557664
2018-02-14,1931.9466669557146,15827.303926034914
2018-02-15,1999.5999556494874,16447.72591619261
2018-02-16,1984.6379661709072,16309.961026892253
2018-02-20,1991.2754644372626,16371.021829630183
2018-02-21,1979.264643115869,16260.485863389818
2018-02-22,1979.5136319055323,16262.775654718103
2018-02-23,2058.5216785035973,16989.373254946404
2018-02-26,2113.885793372355,17500.862768863597
2018-02-27,2063.171410509043,17030.865271970582
2018-02-28,2035.384624650713,16774.105975489736
2018-03-01,1969.755023839402,15563.203653456918
2018-03-02,2042.3178804724241,16204.985777009477
2018-03-05,2128.166562867056,16967.495541082677
2018-03-06,2146.193641397818,17289.27175347837
2018-03-07,2156.9487313391705,17483.243421184106
2018-03-08,2178.4903986394197,17874.15447610314
2018-03-09,2263.4834244328445,19435.39423915522
2018-03-12,2286.182275063429,19871.745624790798
2018-03-13,2230.573748369484,19330.676172152736
2018-03-14,2225.500812430731,19281.46357358417
2018-03-15,2218.840516845478,19216.869569971426
2018-03-16,2209.0019600763776,19121.48581586022
2018-03-19,2116.082138951291,17320.748535086812
2018-03-20,2136.921814336263,17511.694966186333
2018-03-21,2095.4811922608174,17131.54734429434
2018-03-22,2064.862824233401,16881.227740661543
2018-03-23,2031.5027387369084,16608.49330324277
2018-03-26,2077.2195115622344,16982.249489162255
2018-03-27,2037.382444284318,16656.56266999632
2018-03-28,2023.3325377865988,16541.698055969937
2018-03-29,2045.7364693872946,16724.860766441012
2018-04-02,2009.404517122652,16427.82991613744
2018-04-03,2032.4251896756093,16616.034774856784
2018-04-04,2047.932266111683,16742.8124405869
2018-04-05,2035.3389365963249,16639.85603056926
2018-04-06,1998.1860677897516,16336.113800246752
2018-04-09,2005.4979067990478,16395.891533697304
2018-04-10,2044.0639589528273,16711.187204589092
2018-04-11,2044.232211534153,16712.562748818946
2018-04-12,2067.5235539903774,16902.980461693038
2018-04-13,2057.814798044742,16823.606801480222
2018-04-16,2060.4663709257084,16845.28466073035
2018-04-17,2083.691275290034,17035.159210859278
2018-04-18,2070.7781068861623,16929.587967035757
2018-04-19,2017.2964760122136,16492.35040329575
2018-04-20,2002.8104210137608,16373.920069511509
2018-04-23,1986.6931487414265,16242.153764944262
2018-04-24,1977.0291671070775,16163.146155849656
2018-04-25,1975.634895103302,16151.747324434838
2018-04-26,2000.1363371855086,16352.058172647197
2018-04-27,1991.2944762765183,16279.771788339158
2018-04-30,1978.0918058431678,16171.83372884456
2018-05-01,1997.6601874990104,16331.814480772284
2018-05-02,1990.6939429834772,16274.862145351402
2018-05-03,1990.7213310688412,16275.086055870292
2018-05-04,2013.1203958727629,16458.2089779817
2018-05-07,2045.1759297454662,16751.56992474094
2018-05-08,2043.8230468734735,16740.48876947182
2018-05-09,2089.698661033127,17161.111941198604
2018-05-10,2133.2678901471436,17561.63552762061
2018-05-11,2128.9886907583327,17522.201735132392
2018-05-14,2135.3282188803537,17580.60790336318
2018-05-15,2089.048277097439,17154.078953623917
2018-05-16,2114.8219129769036,17390.987690668975
2018-05-17,2098.830822789714,17243.785260692017
2018-05-18,2076.3072020858963,17036.637692947355
2018-05-21,2100.6005064551778,17259.771476398793
2018-05-22,2093.2672734960033,17192.322786609464
2018-05-23,2128.5262423789522,17516.487651272517
2018-05-24,2127.326103988854,17505.4319624285
2018-05-25,2130.9273139772495,17538.60411615402
2018-05-29,2112.679392988992,17370.481460453913
2018-05-30,2142.878537748642,17648.426779511374
2018-05-31,2139.8026012618666,17620.068997042225
2018-06-01,2206.4971986034516,18234.83665123888
2018-06-04,2244.409680489656,18585.56201420477
2018-06-05,2259.9512701262447,18729.62601236396
2018-06-06,2284.9331565412226,18961.38774068199
2018-06-07,2249.399973506494,18631.309274050516
2018-06-08,2248.39830465655,18622.022020159282
2018-06-11,2260.1714491458156,18731.17422718679
2018-06-12,2284.15664462608,18953.68617832021
2018-06-13,2282.416476333244,18937.522302192705
2018-06-14,2328.9145258413514,19369.38874530616
2018-06-15,2313.402160762924,19224.968910541273
2018-06-18,2309.9432931625656,19192.79269902081
2018-06-19,2296.0986007998276,19064.02509210906
2018-06-20,2328.3342023919413,19363.62819527856
2018-06-21,2287.9431543502437,18987.60641604361
2018-06-22,2272.5394987144964,18844.507859610134
2018-06-25,2175.320205758888,17942.080448355126
2018-06-26,2207.436500240869,18238.605573494086
2018-06-27,2088.72895470085,17140.691889251422
2018-06-28,2157.326955906091,17770.84224161809
2018-06-29,2170.548186963778,17892.755347980434
2018-07-02,2235.7359135296806,18494.28922088964
2018-07-03,2184.171218454642,17539.327304990627
2018-07-05,2291.6288508832235,18505.26692752102
2018-07-06,2429.801672512472,19754.260374467787
2018-07-09,2475.111754508652,20578.9703572655
2018-07-10,2479.0738064271254,20652.72093851871
2018-07-11,2454.7912857369556,20426.27316846708
2018-07-12,2535.952675436467,21182.253502691754
2018-07-13,2540.913872020554,21228.641317343034
2018-07-16,2529.4355927464658,21121.292935371006
2018-07-17,2560.809924960556,21414.556308854848
2018-07-18,2549.894775396146,21312.38054621747
2018-07-19,2524.6328895709607,21076.027103988443
2018-07-20,2522.277273472722,21054.013989767576
2018-07-23,2536.9404986175814,21191.025812517135
2018-07-24,2558.6121292537064,21393.66328037342
2018-07-25,2630.1152142050914,22062.918769584965
2018-07-26,2553.141767846146,21340.12302832245
2018-07-27,2481.7801148837957,20672.435367717764
2018-07-30,2338.590737720136,19337.299070021145
2018-07-31,2401.0255558878566,19915.202005810545
2018-08-01,2445.0202207973994,20323.685401972707
2018-08-02,2575.505716195583,21537.825236180975
2018-08-03,2590.9623628518807,21827.206937657462
2018-08-06,2622.8486507518746,22428.598708212252
2018-08-07,2640.0175103937177,22757.288954245483
2018-08-08,2644.7570621912128,22848.75658855058
2018-08-09,2643.1780433203808,22818.215777773064
2018-08-10,2601.8655635595037,22019.756107468194
2018-08-13,2596.8267410168387,21972.02042064731
2018-08-14,2628.9481966889284,22276.25508671241
2018-08-15,2564.825564020995,21668.038920468858
2018-08-16,2580.5886561390403,21966.17850586488
2018-08-17,2580.3223569486777,21961.103669688902
2018-08-20,2576.859331997719,21895.117598115336
2018-08-21,2594.7187970946106,22234.853523891794
2018-08-22,2614.9085383322986,22622.192485512383
2018-08-23,2606.175089526672,22453.039204776986
2018-08-24,2654.68605317332,23388.720404410466
2018-08-27,2708.28174675729,24445.877784336302
2018-08-28,2716.347565901229,24608.873702865167
2018-08-29,2780.000663426871,25899.92172753159
2018-08-30,2769.467588024509,25790.072955639513
2018-08-31,2774.8724668743093,25846.41449495705
2018-09-04,2752.75786689557,25615.833862686744
2018-09-05,2679.4382382067015,24852.09093263204
2018-09-06,2630.5016506086163,23835.914024382302
2018-09-07,2613.069730489246,23482.27929017627
2018-09-10,2643.8079245463596,23791.489666059057
2018-09-11,2722.4763612094903,24583.9521583672
2018-09-12,2690.8839781648758,24264.609871047294
2018-09-13,2797.658125479372,25342.391837833704
2018-09-14,2783.3723590235663,25052.67551696422
2018-09-17,2704.735295915268,23468.050364604762
2018-09-18,2790.820958350273,24304.17213132685
2018-09-19,2782.5308775454023,24223.356739853607
2018-09-20,2899.601422000275,25364.20643729458
2018-09-21,2868.636152086775,24757.785340639417
2018-09-24,2885.183457563694,25077.512895625972
2018-09-25,2893.01373753122,25229.884757943506
2018-09-26,2891.0589413897437,25191.718225876015
2018-09-27,2944.7015767845955,26238.18972916001
2018-09-28,2941.655961519347,26177.434442240396
2018-10-01,2953.0145999767055,26403.730992977195
2018-10-02,2941.6774400265213,26176.786088805864
2018-10-03,2947.4952892628057,26292.690560912783
2018-10-04,2834.8460829871965,25167.83565368658
2018-10-05,2813.525788820193,24978.55353960511
2018-10-08,2803.444853301223,24889.054737571558
2018-10-09,2807.765214087223,24927.41101055556
2018-10-10,2734.94211516162,24280.885685406185
2018-10-11,2712.776175715599,24084.095911021264
2018-10-12,2758.6059037320565,24490.973402428463
2018-10-15,2737.784449587316,24306.12000275697
2018-10-16,2784.9504705785243,24724.861137194224
2018-10-17,2786.7871365340425,24741.167104278862
2018-10-18,2748.1340644900806,24398.00414719604
2018-10-19,2745.9016591074233,24378.184795408193
2018-10-22,2754.178281951295,24451.664863603855
2018-10-23,2748.116707674865,24397.850052948936
2018-10-24,2673.371015428175,23734.25589537709
2018-10-25,2728.2375269245376,24221.362180447944
2018-10-26,2685.8522374778786,23845.06450230262
2018-10-29,2657.1311027994643,23590.0775378562
2018-10-30,2677.6704344213713,23772.42624659174
2018-10-31,2713.8034348714846,24093.215943944473
2018-11-01,2737.5057627252813,24303.645813705007
2018-11-02,2712.9891448260473,24085.98665620254
2018-11-05,2707.6727028718683,24038.787149263473
2018-11-06,2719.125356930329,24140.46410339219
2018-11-07,2769.136923107045,24584.468060387528
2018-11-08,2759.692934159126,24500.62408621804
2018-11-09,2731.651408809032,24251.670710680213
2018-11-12,2683.6615883129466,23825.615863278166
2018-11-13,2683.442123499686,23823.667449082044
2018-11-14,2669.8300614900772,23702.81921621974
2018-11-15,2698.405392065126,23956.511728126687
2018-11-16,2692.4925290231818,23904.01717959529
2018-11-19,2640.8660418630293,23445.67591301946
2018-11-20,2611.568867108855,23185.57485012386
2018-11-21,2617.7910451564762,23240.81550514577
2018-11-23,2606.196767097718,23137.881209538973
2018-11-26,2641.9789112547505,23455.555995794657
2018-11-27,2647.461195689572,23504.22785649651
2018-11-28,2697.6686324436496,23949.970757461335
2018-11-29,2692.715846788985,23905.99980040211
2018-11-30,2703.99637603107,24006.148626031558
2018-12-03,2731.7352919329896,24252.415427188993
2018-12-04,2652.050820837329,23544.974665335263
2018-12-06,2659.766985122788,23613.478968189207
2018-12-07,2600.19215379758,23084.572099880865
2018-12-10,2616.4844044578026,23229.215115777188
2018-12-11,2625.745830491188,23311.438291746374
2018-12-12,2649.0079534220713,23517.960011000847
2018-12-13,2643.1263084753036,23465.742617512733
2018-12-14,2620.5637030951016,23265.43123287151
2018-12-17,2600.907329351643,23090.921446646535
2018-12-18,2621.475323342641,23273.524620624143
2018-12-19,2555.2138251293486,22685.253353549953
2018-12-20,2534.6912111452593,22503.053064428317
2018-12-21,2511.44793750605,22296.69868966492
2018-12-24,2467.82402874712,21909.404517750216
2018-12-26,2557.4493266098148,22705.100192572925
2018-12-27,2568.8969214263793,22806.732230623362
2018-12-28,2579.739590369032,22902.993721373667
2018-12-31,2589.519622434127,22989.82109488762
2019-01-02,2603.2566693304943,23111.77894675464
2019-01-03,2552.8129616055107,22663.938426098506
2019-01-04,2618.119359699011,23243.73029000792
2019-01-07,2634.811697992404,23391.92529409123
2019-01-08,2650.0241194042032,23526.981558445223
2019-01-09,2662.547106111464,23638.160953063194
2019-01-10,2667.668679669436,23683.63041342257
2019-01-11,2661.315425615317,23627.226062279915
2019-01-14,2647.4603808567094,23504.220622389625
2019-01-15,2676.8112208757834,23764.798126872443
2019-01-16,2677.56421144058,23771.483196265563
2019-01-17,2690.1026589673043,23882.79985243211
2019-01-18,2704.8732749751885,24013.93375716898
2019-01-22,2674.9998176029435,23748.716442527395
2019-01-23,2675.5042239530953,23753.194574938
2019-01-24,2684.953822462292,23837.088350935242
2019-01-25,2704.0876323563025,24006.958802008867
2019-01-28,2684.151298267467,23829.963520714413
2019-01-29,2668.9591370300527,23695.087126704108
2019-01-30,2708.9713620441094,24050.316678437288
2019-01-31,2788.778296374987,25636.57338046393
2019-02-01,2764.9304493603877,25145.765395334114
2019-02-04,2832.7881246948587,26527.40916174754
2019-02-05,2882.890277304893,27052.607797213444
2019-02-06,2867.6347858082436,26892.35940251012
2019-02-07,2789.198222100332,26068.960874010827
2019-02-08,2798.742632966887,26168.818198977282
2019-02-11,2794.375215361959,26123.105977445393
2019-02-12,2875.4310488839033,26971.330508734194
2019-02-13,2879.350089036618,27012.48010578028
2019-02-14,2886.3993536552016,27086.508829503036
2019-02-15,2909.4776723784794,27328.93932076514
2019-02-19,2921.1669753778647,27451.84807717223
2019-02-20,2919.6111980444025,27435.481830026918
2019-02-21,2897.4401370050755,27202.264666273844
2019-02-22,2939.607993837982,27645.422651544588
2019-02-25,2961.319249898014,27873.985281349305
2019-02-26,2967.5003005135627,27939.112509879345
2019-02-27,2961.3255846212514,27874.035846815023
2019-02-28,2948.963765744127,27743.78440714679
2019-03-01,2988.4484320901406,28159.60998315599
2019-03-04,2989.372179791429,28169.353611287996
2019-03-05,2960.740129951016,27867.333547389113
2019-03-06,2863.7594237438493,26845.531123505927
2019-03-07,2798.4805724483026,25475.518940278595
2019-03-08,2792.434211459068,25413.90467468036
2019-03-11,3059.3006694207165,28132.652322546106
2019-03-12,3083.208548628029,28624.857328716826
2019-03-13,3108.4840960337006,29150.21787607597
2019-03-14,3072.982071817552,28404.86363378262
2019-03-15,3250.3719154830005,32075.808732870417
2019-03-18,3236.1475881949764,31918.677414123595
2019-03-19,3323.9417588562665,32888.00084108708
2019-03-20,3260.5041312034327,32185.385766261326
2019-03-21,3486.9764645602227,34687.8943706764
2019-03-22,3288.213226297752,32474.53748344228
2019-03-25,3120.152165828133,30616.576615111866
2019-03-26,3247.3029309150606,32013.22245616092
2019-03-27,3056.5523322281,29908.189214594295
2019-03-28,3035.1714578652463,29673.998211974722
2019-03-29,3222.3051918926576,31722.004948456524
2019-04-01,3540.322875284781,35226.55032690666
2019-04-02,3547.8731427059365,35394.742597968325
2019-04-03,3709.777348285783,39010.88281346152
2019-04-04,3719.203239506234,39121.83779807464
2019-04-05,3776.1534767808234,39792.418938713956
2019-04-08,3794.3744888733604,40007.35518501055
2019-04-09,3708.6128429066293,38995.12515274079
2019-04-10,3772.4172549066593,39746.11833088905
2019-04-11,3766.1841678896753,39672.60524577174
2019-04-12,3871.1604520648116,40910.45183493879
2019-04-15,3815.9005717150544,40256.7352478901
2019-04-16,4059.4576937282263,43132.999579505034
2019-04-17,4183.236614007469,44605.226626744625
2019-04-18,4188.580291491618,44669.00890376775
2019-04-22,4189.767347608753,44683.17979559197
2019-04-23,4274.004440754267,45688.82316845344
2019-04-24,4356.992902461329,46681.89160351903
2019-04-25,4198.089650382038,44776.07617027204
2019-04-26,4127.656705144696,43094.22860966375
2019-04-29,4113.151416061305,42755.18279628469
2019-04-30,4235.385062781329,44177.48308964854
2019-05-01,4096.254768072043,42552.99611134571
2019-05-02,4279.080306639865,44679.012000290546
2019-05-03,4394.032959547624,46022.57669421297
2019-05-06,4249.382983352649,42630.681357967835
2019-05-07,3833.742200605248,37963.00200747116
2019-05-08,3710.4574213689434,36140.90161545164
2019-05-09,3533.504380903888,33568.405325833526
2019-05-10,3554.20927294713,33715.92818135013
2019-05-13,3453.8723558587217,32764.112452253867
2019-05-14,3948.282589425728,37454.18516517757
2019-05-15,4077.98485809197,39290.57506002097
2019-05-16,4036.5868865966722,38891.7138177726
2019-05-17,3988.8765921674917,38432.034596383215
2019-05-20,3893.2543086813794,37510.732865881066
2019-05-21,3942.226002488742,37982.565420025174
2019-05-22,3892.897655601856,37507.296584217685
2019-05-23,3853.516660782744,37127.86851208832
2019-05-24,3852.377618364411,37116.89406436685
2019-05-28,3831.4120028175394,36914.8945180249
2019-05-29,3841.806947555587,37015.04774828141
2019-05-30,3859.3244798811165,37183.82569686472
2019-05-31,3825.8195638843504,36861.01247840991
2019-06-03,3833.1824830236033,36931.95274355769
2019-06-04,3895.3156135649647,37530.5931294839
2019-06-05,3912.485127909574,37696.017993865724
2019-06-06,3930.5634908200345,37870.19943386943
2019-06-07,3975.387114975671,38302.066159871254
2019-06-10,4072.595068405727,39350.475875346616
2019-06-11,4082.9061589603743,39462.00025582038
2019-06-12,4069.072954417537,39328.29992082486
2019-06-13,4113.680215438329,39810.91591985827
2019-06-14,4102.971599728694,39707.28127221736
2019-06-17,4153.057449632928,40249.87297685384
2019-06-18,4273.501642689109,41556.55194935381
2019-06-19,4307.175439603246,41923.10275610255
2019-06-20,4386.379380500218,42786.06959510775
2019-06-21,4372.987706937155,42639.84597995574
2019-06-24,4372.062684383831,42629.74935665992
2019-06-25,4222.198772282601,40994.025735562405
2019-06-26,4257.977491921766,41771.74551744016
2019-06-27,4288.920250253232,42451.34766708125
2019-06-28,4301.067174765352,42720.51744735685
2019-07-01,4415.831650420687,45272.53826091917
2019-07-02,4451.760216270831,46097.20537232138
2019-07-03,4517.828099744285,47628.82062868296
2019-07-05,4498.240837970991,47166.51379903486
2019-07-08,4434.787209748325,45676.9332604594
2019-07-09,4479.381718490617,46705.23836548199
2019-07-10,4568.136083733046,48777.066366817744
2019-07-11,4559.979605069001,48679.5750786348
2019-07-12,4611.232598861424,49292.05178678608
2019-07-15,4637.39541927671,49605.114170401444
2019-07-16,4593.310780298472,49077.24527244987
2019-07-17,4547.660953085312,48531.26123484434
2019-07-18,4560.83374331956,48688.622462820436
2019-07-19,4486.899911043103,47805.10950204074
2019-07-22,4557.780238951102,48650.46642608497
2019-07-23,4616.776375285913,49355.39263612266
2019-07-24,4682.617943104557,50143.31313001191
2019-07-25,4593.043522244041,49069.583913690454
2019-07-26,4684.3911681858945,50162.01898786078
2019-07-29,4655.277217484931,49813.03182055532
2019-07-30,4613.492827781515,49312.538885335314
2019-07-31,4483.062689638096,47751.93771532505
2019-08-01,4440.938401192541,46747.40237129554
2019-08-02,4400.291583238091,46319.534884207846
2019-08-05,4307.894042125176,45346.9149912222
2019-08-06,4343.299243517964,45719.60676175001
2019-08-07,4355.986886229617,45853.16284503763
2019-08-08,4742.121310429561,51919.778093714514
2019-08-09,4714.069605833668,51612.6500844487
2019-08-12,4682.522584508554,51267.25311134402
2019-08-13,5094.377348411115,57997.476182934
2019-08-14,5003.107797423094,56958.40835430018
2019-08-15,4998.865684824121,56910.113576038224
2019-08-16,5044.979034851322,57435.09587259936
2019-08-19,5361.3828353271265,62811.41293960074
2019-08-20,5339.3223446454895,62552.96271651198
2019-08-21,5521.562814532551,65739.59364652999
2019-08-22,5449.960848193723,64467.21859633528
2019-08-23,5350.192868471656,63287.0699059481
2019-08-26,5393.546788070364,63799.90049127316
2019-08-27,5387.041731075323,63722.95261165309
2019-08-28,5397.873809471777,63851.08453503531
2019-08-29,5888.8417573264105,68206.80454382615
2019-08-30,5880.5287886482565,68110.52057947876
2019-09-03,5846.30898448056,67714.17379507242
2019-09-04,6166.573155871703,71866.51120302033
2019-09-05,6552.433359650969,76900.34792130653
2019-09-06,6570.120458934183,77132.71187975346
2019-09-09,6631.946137807888,77945.20674153681
2019-09-10,6690.4738127222245,78715.21636894865
2019-09-11,6891.319274832046,81360.36635672102
2019-09-12,6932.004664559863,81898.06069733722
2019-09-13,6889.961729351131,81342.03577140547
2019-09-16,6796.003129696518,80100.3227826957
2019-09-17,6837.469975637928,80647.4246031914
2019-09-18,6846.381277881291,80765.08294010513
2019-09-19,6776.61432303723,79843.78777912183
2019-09-20,6523.475686063775,76505.1195816699
2019-09-23,6790.672483954597,80012.87383714748
2019-09-24,6350.132251754379,74202.29869877653
2019-09-25,6785.2198867061825,79893.41932492956
2019-09-26,6799.570562365545,80271.71892994679
2019-09-27,6467.56147122021,71496.71115045623
2019-09-30,6741.73976773095,74889.56407522524
2019-10-01,6494.4223740586485,71814.24317533335
2019-10-02,6433.149795699018,71136.70118793898
2019-10-03,6874.143840059101,78414.96812074081
2019-10-04,7373.541913414377,86917.58116421207
2019-10-07,7261.064193166634,83949.23572564412
2019-10-08,7127.514481970032,82405.19260908742
2019-10-09,7608.997556290108,90713.69391748167
2019-10-10,7905.608944237323,95991.56072094469
2019-10-11,8616.978857139906,108883.50486571
2019-10-14,8616.010977254697,108846.99722885578
2019-10-15,8994.493952896097,123119.88173182287
2019-10-16,8732.439102195736,119104.46967025781
2019-10-17,8793.721513889255,120040.12264524408
2019-10-18,8597.07180565696,117035.19866441011
2019-10-21,8924.673754294883,127019.75738022491
2019-10-22,8784.906273384855,122566.25669223262
2019-10-23,8442.651428554485,111875.71156683624
2019-10-24,9263.28640252364,124048.5941856617
2019-10-25,9645.276118020105,135500.95129439817
2019-10-28,9984.224934043454,146161.46804674665
2019-10-29,9808.832491651588,143287.2753846524
2019-10-30,9809.806832401007,143303.2080206248
2019-10-31,9686.20873312566,141282.08052697562
2019-11-01,10133.654078530259,148587.74484703984
2019-11-04,10254.808019445734,150576.31502614453
2019-11-05,10263.34722335005,150716.67167001346
2019-11-06,10219.734591463888,149999.75111983437
2019-11-07,10289.091030578811,151139.2769382569
2019-11-08,10370.526683315595,152478.34105738578
2019-11-11,10341.284087474822,151997.0478552941
2019-11-12,10397.961574674795,152929.56694772042
2019-11-13,10387.597256887124,152758.93103808095
2019-11-14,10385.71211435348,152727.89815246544
2019-11-15,10516.737091989015,154884.76159707512
2019-11-18,10553.276064515747,155487.14148874136
2019-11-19,10582.268846923533,155965.31282308375
2019-11-20,10458.04418480566,153915.83362463806
2019-11-21,10403.553418354315,153018.11093125155
2019-11-22,10422.390716934722,153328.25695453273
2019-11-25,10664.256558649571,157311.30777137712
2019-11-26,10707.070732422315,158018.2816779682
2019-11-27,10851.97454467981,160412.1647588216
2019-11-29,10755.079968357444,158808.86597899577
2019-12-02,10523.347294370042,154978.5479525557
2019-12-03,10200.95532128056,149663.7303454166
2019-12-04,10522.017907183983,154936.6588195408
2019-12-05,10606.67670396185,156332.10696259397
2019-12-06,10937.017621859983,161782.37274825285
2019-12-09,10813.360520276334,159734.8072065071
2019-12-10,10893.963566438453,161067.64345316333
2019-12-11,11372.539831190761,168988.27849103935
2019-12-12,11990.728401153161,179270.96384456818
2019-12-13,11858.563327815324,177059.05334864094
2019-12-16,12084.041121420662,180827.620843363
2019-12-17,12190.451169281809,182610.08856088563
2019-12-18,12178.639328128445,182412.02296425437
2019-12-19,12370.440351204119,185627.8454741766
2019-12-20,12636.676089402175,190099.9379737563
2019-12-23,12693.773113410747,191061.43745663008
2019-12-24,12756.90256234504,192125.09241347696
2019-12-26,12789.149392913667,192668.7335947226
2019-12-27,12693.740297994891,191059.77147682122
2019-12-30,12514.712832467685,188043.3934442344
2019-12-31,12570.923375191984,188988.84967989408
2020-01-02,13096.218826352444,197828.98886938507
2020-01-03,12857.63367828332,193794.63606938336
2020-01-06,13021.4087974817,196557.8536850542
2020-01-07,13010.750838956554,196377.76230989653
2020-01-08,13211.37971022032,199767.52923222777
2020-01-09,13434.56927711932,203545.3128021313
2020-01-10,13361.095681694766,202299.2064437879
2020-01-13,13673.971313668602,207602.06820326083
2020-01-14,13567.056808075105,205785.04654493625
2020-01-15,13572.757006503933,205881.83077615348
2020-01-16,13826.309140800031,210187.13335030613
2020-01-17,13964.658572894332,212541.44366598295
2020-01-21,13959.974632719654,212461.64215686204
2020-01-22,14023.67133442292,213546.8159825674
2020-01-23,14110.591916255322,215028.44836378304
2020-01-24,13865.52669513945,210848.03880982345
2020-01-27,13291.196094393885,201071.57917254014
2020-01-28,14119.084950471639,215091.485783384
2020-01-29,14187.32920154494,216255.26125913791
2020-01-30,14294.703220563208,219919.48261416727
2020-01-31,13824.001318584478,203706.94594182837
2020-02-03,14249.320380688352,217738.42249913563
2020-02-04,14901.449518445608,240047.98134974463
2020-02-05,15016.909996877699,242130.02272493555
2020-02-06,15262.171527742737,246556.7621687974
2020-02-07,15130.1294506908,244168.95420701554
2020-02-10,15495.757748695487,250773.97304849615
2020-02-11,15503.246797144546,250909.64271055284
2020-02-12,15807.486467891342,256421.4876888476
2020-02-13,15766.683945803312,255680.57835486758
2020-02-14,15838.178748490747,256978.4098543795
2020-02-18,15856.70916859994,257314.97033834783
2020-02-19,16164.112783658276,262898.9962410025
2020-02-20,15855.891556669643,257287.40457457583
2020-02-21,15248.307981523662,246251.1846877057
2020-02-24,12894.030342618647,203691.26382608185
2020-02-25,12685.418912575331,200395.76003828328
2020-02-26,12720.327447499436,200947.22171535916
2020-02-27,12339.930612816745,194937.96704842604
2020-02-28,12519.028276493456,197767.2321031257
2020-03-02,12860.78149057063,203166.0207085717
2020-03-03,12618.584871369825,199339.9605746542
2020-03-04,12924.857087360859,204178.24411303143
2020-03-05,12698.028719952843,200594.96133788308
2020-03-06,12564.92552466356,198492.28611940227
2020-03-09,12054.41414122734,190427.56887222646
2020-03-10,12514.67540515474,197698.46835426707
2020-03-11,12192.788262337004,192613.51064998767
2020-03-12,11451.110159359176,180896.97624349245
2020-03-13,12069.203908842805,190661.2077250319
2020-03-16,11237.269746535745,177518.8684844991
2020-03-17,11460.661926851415,181047.86867515027
2020-03-18,11248.486472715525,177696.06281946195
2020-03-19,11300.565212718688,178518.76790761825
2020-03-20,11035.892837751831,174337.650822865
2020-03-23,11241.251762427917,177581.7737071564
2020-03-24,11742.40613863337,185498.6752149691
2020-03-25,11687.953112913294,184638.46274971566
2020-03-26,12068.670056979618,190652.77429050297
2020-03-27,11817.930532386525,186691.7590533428
2020-03-30,12066.336058226374,190615.9033399015
2020-03-31,11999.355502637714,189557.78934008162
2020-04-01,11701.638614675312,184854.65714944387
2020-04-02,11840.16248593688,187042.9645799055
2020-04-03,11744.79822475534,185536.46379095485
2020-04-06,12236.518428791976,193304.33055934496
2020-04-07,12231.747691028579,193228.96563630787
2020-04-08,12387.989369576746,195697.16713111848
2020-04-09,12397.086249491826,195840.8735532022
2020-04-13,12483.255957008563,197202.1249355255
2020-04-14,12807.198526878345,202319.55290106602
2020-04-15,12722.231419773741,200977.29939538147
2020-04-16,12858.533978949892,203130.51602382015
2020-04-17,12922.925151782452,204147.72468744146
2020-04-20,12839.263873766515,202826.09979595616
2020-04-21,12555.316805253793,198340.49399945847
2020-04-22,12777.434342100127,201849.35822545792
2020-04-23,12760.672597741586,201584.567403535
2020-04-24,12883.96479125138,203532.25498054433
2020-04-27,12934.234287094627,204326.37884004592
2020-04-28,12794.3094842086,202115.94042915863
2020-04-29,13060.466794287906,206320.5155252332
2020-04-30,13077.802951844136,206594.3805425075
2020-05-01,12843.1260504013,202887.1118782109
2020-05-04,12933.72135993665,204318.275960009
2020-05-05,13016.340000067697,205623.42995582838
2020-05-06,13067.752951459312,206435.61736098537
2020-05-07,13169.741547408985,208046.76495819335
2020-05-08,13525.685525726623,214341.12854446104
2020-05-11,13751.060678512069,218339.09109830446
2020-05-12,13587.446565691744,215741.22919374114
2020-05-13,13484.537510565282,214107.24109003012
2020-05-14,13573.968286130632,215527.2213162586
2020-05-15,13886.172227273826,221076.29052530162
2020-05-18,14424.81453535496,240275.1990877901
2020-05-19,14350.865038784983,237517.47770914432
2020-05-20,14913.799967275512,258376.41339544693
2020-05-21,14606.62973265945,252419.37853340866
2020-05-22,14695.132404283046,254131.4248688168
2020-05-26,14654.118767989225,253337.46307454634
2020-05-27,14792.263256516286,256010.83715847388
2020-05-28,14729.081041595546,254786.7706099566
2020-05-29,15136.286507455547,262671.7630634276
2020-06-01,15261.261508083473,265099.5113579741
2020-06-02,15465.054224123076,269062.23340433085
2020-06-03,15605.699075312736,271801.356780721
2020-06-04,15393.252663665964,267659.41249470256
2020-06-05,16004.572740820286,279558.32421361987
2020-06-08,16243.152423371335,284223.28782979905
2020-06-09,16485.943510017038,288978.9230943847
2020-06-10,16884.545512330053,296800.21144679404
2020-06-11,15218.971051691644,264026.52121719636
2020-06-12,15661.239644536738,272615.36735641997
2020-06-15,16401.194156725553,287033.72128038126
2020-06-16,17562.789837604654,309789.8772068744
2020-06-17,17677.365313755712,314314.49443879066
2020-06-18,17768.73705297983,316133.12809513975
2020-06-19,17752.280144159595,315805.37396607135
2020-06-22,18175.257895129027,324228.4235564906
2020-06-23,18493.27890308484,330578.9945176713
2020-06-24,17763.25679946184,315971.2284438329
2020-06-25,18078.7876268496,328536.827465297
2020-06-26,17208.112710616144,293113.67200575076
2020-06-29,17945.130075432604,307166.6062863218
2020-06-30,19327.918637175404,333661.9542781276
2020-07-01,19790.740282572122,351549.5396183598
2020-07-02,20284.1021636756,361359.70990530256
2020-07-06,21373.94660096805,383093.47216831223
2020-07-07,20844.500104738523,372470.92737805546
2020-07-08,21422.28618863449,384028.1754198004
2020-07-09,21993.1996086864,395484.7288386044
2020-07-10,21846.32743675543,392528.30101785745
2020-07-13,21115.84261821473,377835.98736520024
2020-07-14,21865.41410430058,407863.84981448064
2020-07-15,21718.69101734687,401736.5036078785
2020-07-16,21541.19278006172,394385.982153847
2020-07-17,21808.52562059919,405343.70955511706
2020-07-20,22709.062055144987,442816.4001090695
2020-07-21,22387.05276238903,428758.8590289566
2020-07-22,22566.912929714046,436470.8699017904
2020-07-23,21862.7322483932,405979.02699673944
2020-07-24,21164.77206237621,376962.4440018845
2020-07-27,23851.24304302285,430523.9899064387
2020-07-28,22906.115371594053,411427.07214297156
2020-07-29,23900.12421591604,451398.3586217945
2020-07-30,24837.397713525228,491030.0503264424
2020-07-31,24556.438767632473,484812.32826026104
2020-08-03,25535.573275822975,506451.3233283799
2020-08-04,25758.018255815376,511389.8928063173
2020-08-05,25895.59510951516,514447.4284423517
2020-08-06,26559.739350786516,529216.8666648736
2020-08-07,25978.2280718447,516246.4337492499
2020-08-10,25743.851129142033,511032.6995725425
2020-08-11,24764.95658176207,489280.78218792996
2020-08-12,27247.45176292649,544183.7045929538
2020-08-13,27375.374029676725,549903.52302833
2020-08-14,27322.31594730679,547517.3911307681
2020-08-17,27926.62824309448,574629.1876642318
2020-08-18,28476.277706663615,599949.6390046659
2020-08-19,28103.446858338542,591156.7847121855
2020-08-20,28878.090596833958,609397.067406749
2020-08-21,29282.02386024767,618938.8158860072
2020-08-24,29645.74968009406,627544.9324041086
2020-08-25,30109.404013877374,638531.5288830796
2020-08-26,31400.88087522824,669190.1965261356
2020-08-27,31210.26427016533,664642.8826755038
2020-08-28,31533.40191075194,672345.9718015774
2020-08-31,32022.368608920715,684016.4250614949
2020-09-01,33136.60267755269,710658.9862564144
2020-09-02,35128.24432792528,758472.5299136589
2020-09-03,31111.55756953554,661390.7261662207
2020-09-04,29955.603501804628,633882.4494040613
2020-09-08,27118.789366641256,566685.7414744082
2020-09-09,28621.16923550918,601828.6905991391
2020-09-10,27824.76713342224,583082.8735380704
2020-09-11,27759.70580590616,581556.6852090933
2020-09-14,28935.572675510226,609132.0843976991
2020-09-15,29932.444922430997,632623.2928877079
2020-09-16,29328.634810311407,618337.977634244
2020-09-17,29238.78278492684,616217.4281807792
2020-09-18,28325.701735144932,594676.1991462465
2020-09-21,28234.264188776746,590378.4516176768
2020-09-22,29605.519704160204,622475.0399193901
2020-09-23,29164.67200243291,613205.9342433797
2020-09-24,30306.707024136595,640085.0597659295
2020-09-25,32059.132854916443,681516.0245405937
2020-09-28,33813.0456951249,764989.5516225402
2020-09-29,34001.86285615637,774553.321815684
2020-09-30,34032.50043206619,776115.8198014159
2020-10-01,35448.21128199669,848396.7435198175
2020-10-02,33489.67429801864,795925.3129419769
2020-10-05,34904.882887950414,833575.6015522113
2020-10-06,33648.61005268952,799991.8476348006
2020-10-07,34833.94962980981,863084.3385253174
2020-10-08,35177.547952101515,882144.1239682786
2020-10-09,36226.10695835563,941012.67048359
2020-10-12,38489.838963423004,1072660.9759732413
2020-10-13,38493.18001306366,1072765.2043024413
2020-10-14,37856.2845997492,1052896.2290064732
2020-10-15,37332.040892301804,1036574.4584192801
2020-10-16,36948.44147448657,1024651.5235750128
2020-10-19,35718.347099070306,948279.384436672
2020-10-20,36027.26207711483,957459.9699984387
2020-10-21,35902.0384433114,953734.662471396
2020-10-22,35926.37474481597,954458.3473484694
2020-10-23,36207.92579468338,962831.4650588693
2020-10-26,33996.213845953396,896995.7354639872
2020-10-27,35072.12913294466,928773.574783406
2020-10-28,34248.99384593613,906975.4598144705
2020-10-29,36076.10447685205,961137.9999901454
2020-10-30,35574.24476785017,947767.4755396687
2020-11-02,35576.66902391254,947832.0624638123
2020-11-03,36994.82383534661,990125.8145763712
2020-11-04,39592.69145259146,1067956.8659462952
2020-11-05,43091.11635091125,1173589.4010465632
2020-11-06,44576.226863309785,1218865.986419659
2020-11-09,43435.45895277393,1183949.0276890756
2020-11-10,40818.33737280347,1104094.6095291527
2020-11-11,46778.28518817862,1284554.1704992512
2020-11-12,45565.16794607513,1209973.315474422
2020-11-13,46697.855836454444,1277312.7602199148
2020-11-16,49005.29129156217,1418614.1158830544
2020-11-17,48205.45568870694,1392695.6975958524
2020-11-18,47520.177687388205,1370533.476029977
2020-11-19,48997.96813588694,1418243.6398650757
2020-11-20,48465.028058021315,1400975.8157885948
2020-11-23,49934.533314004686,1448526.8288969828
2020-11-24,50475.16867508519,1466082.4604170567
2020-11-25,50113.388172536346,1454319.6191217513
2020-11-27,51269.15781051001,1491865.6331886363
2020-11-30,52560.61533598161,1533932.4949352152
2020-12-01,54429.08306503298,1594972.9649178062
2020-12-02,54706.32235364163,1604067.1448883791
2020-12-03,54761.625626812434,1605882.3358490192
2020-12-04,57815.67763187321,1706136.005388907
2020-12-07,58322.14010506085,1722866.229557804
2020-12-08,58814.892562266,1739160.4416826093
2020-12-09,55444.75423446454,1627606.0870319514
2020-12-10,55300.69642879508,1622872.2631260701
2020-12-11,52743.388069798864,1538863.7504254174
2020-12-14,55405.132399694914,1625796.8057972852
2020-12-15,58501.124179594626,1727492.491398741
2020-12-16,58414.43381441213,1721761.3747839902
2020-12-17,58624.01908129921,1735591.6236671521
2020-12-18,58111.25496906635,1701605.1555744214
2020-12-21,57344.774948979124,1651357.4965788682
2020-12-22,57202.67532743371,1642196.2066558003
2020-12-23,56406.650477872114,1591033.7033860432
2020-12-24,58588.538715490766,1659925.5823550406
2020-12-28,58141.99251253537,1645763.4446288422
2020-12-29,57543.04716777244,1626785.413475282
2020-12-30,61529.51893930402,1752942.766276285
2020-12-31,61968.04819623347,1780913.2029343538
2021-01-04,61394.85865074399,1744033.3098669392
2021-01-05,63777.77846597255,1895580.7680536888
2021-01-06,63463.452403745,1885122.9818552798
2021-01-07,68149.32255163381,2040932.0406997192
2021-01-08,68187.6383300067,2042216.5318425535
2021-01-11,69851.48806371193,2097998.8682894656
2021-01-12,70770.9273202616,2128911.721409241
2021-01-13,70897.1435775747,2133161.8740285193
2021-01-14,73987.94002106608,2237262.164066602
2021-01-15,70842.43962084854,2130790.9643604225
2021-01-19,75664.51626335755,2455502.638614984
2021-01-20,75241.90477245698,2424797.8647630527
2021-01-21,77486.01124483549,2586708.610946203
2021-01-22,74636.73443231848,2480234.1848053276
2021-01-25,74851.68234446873,2496225.704854466
2021-01-26,72513.42061504052,2321646.7604935677
2021-01-27,57806.29081388999,1794547.828538705
2021-01-28,64747.790455243754,2010040.8645527093
2021-01-29,60467.398743643374,1811710.7576315897
2021-02-01,74759.62139162676,2239931.1550658247
2021-02-02,79319.49446357555,2443844.4434234016
2021-02-03,72744.9884162831,2141513.95377427
2021-02-04,75154.0574734206,2247364.29837363
2021-02-05,72966.68525716157,2149737.5255115773
2021-02-08,82047.70172967568,2449227.1243926617
2021-02-09,81347.30588410748,2402418.8471049434
2021-02-10,82378.0492142264,2436494.371334863
2021-02-11,93881.30902612381,2817350.80705883
2021-02-12,96170.516616223,2894252.062274515
2021-02-16,97310.76880010785,2932665.3762277407
2021-02-17,93711.81394597696,2811252.5782420454
2021-02-18,91821.06142804379,2684266.337675401
2021-02-19,100795.23263595105,2977939.397130644
2021-02-22,93434.2320900866,2491051.2859370206
2021-02-23,90893.79103500607,2415233.302069958
2021-02-24,102369.18229105863,2756566.7386207976
2021-02-25,90568.29098057718,2045139.4099672688
2021-02-26,98918.46977909903,2326567.6775165983
2021-03-01,112092.29226634176,2789028.881287264
2021-03-02,97946.53505865025,2263703.168939799
2021-03-03,85894.14996767868,1847956.6719658917
2021-03-04,83426.01112875622,1794856.2729696715
2021-03-05,84967.63422931382,1828023.289529055
2021-03-08,82253.8628892655,1769638.2673136983
2021-03-09,85200.89466954331,1833041.7359190595
2021-03-10,84292.4338554059,1813496.793413237
2021-03-11,86350.35380170826,1857771.6002140744
2021-03-12,85824.28871954206,1846453.6527305366
2021-03-15,96866.9020902571,2084028.2845539073
2021-03-16,102012.23770208773,2249249.990867078
2021-03-17,109956.98679514042,2380629.2784960973
2021-03-18,107261.00580748523,2322259.8063911702
2021-03-19,107922.8322277575,2336588.7126235487
2021-03-22,121898.46467598768,2639168.846560315
2021-03-23,119951.20405364942,2597009.5824197135
2021-03-24,118936.04376545215,2575030.8034908995
2021-03-25,119096.62035176432,2578507.3749572304
2021-03-26,154524.23757438097,3345534.785272199
2021-03-29,144086.04218954238,3008232.2857196457
2021-03-30,143868.64032924164,3003693.3638005336
2021-03-31,165659.5263594037,3344906.3947137133
2021-04-01,190059.72053977603,4080242.7417473923
2021-04-05,197708.11822396214,4264045.8437345335
2021-04-06,197395.38191771402,4256495.579934711
2021-04-07,198373.4057279137,4280103.139125046
2021-04-08,202523.1876597158,4380329.6290790625
2021-04-09,204983.01723861307,4439885.354514159
2021-04-12,204445.3091868726,4426848.078052964
2021-04-13,209137.3056363088,4540574.559533996
2021-04-14,204217.60786886804,4421009.5267971875
2021-04-15,210261.41018180072,4567471.53251682
2021-04-16,210856.09095333994,4581932.143178709
2021-04-19,207002.38640910495,4488191.618919606
2021-04-20,203967.38994715092,4414530.096920749
2021-04-21,207423.0153226763,4498251.569530187
2021-04-22,202364.57085398142,4375453.866233196
2021-04-23,207473.16874921773,4622744.008955301
2021-04-26,210226.30986917613,4760079.51551192
2021-04-27,208377.30518259318,4666348.869847189
2021-04-28,206939.9695523239,4594287.678902109
2021-04-29,208331.2018138975,4663437.315377653
2021-04-30,205710.56085957913,4532103.728860223
2021-05-03,203457.39893174262,4420968.406490498
2021-05-04,196274.70840008042,4071548.587196142
2021-05-05,193207.35183050326,4000321.365290633
2021-05-06,198873.5820893006,4131647.7272383436
2021-05-07,205396.42888644396,4283342.224968707
2021-05-10,202309.55304732997,4218968.439618123
2021-05-11,202107.23517855836,4214749.2977621835
2021-05-12,199030.77410746785,4150592.7022424056
2021-05-13,199869.74206258342,4168088.5607976145
2021-05-14,202469.31923046248,4222300.207565811
2021-05-17,201785.76456515712,4208045.3416129295
2021-05-18,200938.84689432234,4190383.699488838
2021-05-19,201086.77259627305,4193468.545748137
2021-05-20,203411.93001824053,4241957.43632529
2021-05-21,202739.89833513158,4227942.870929079
2021-05-24,216344.64453182026,4545532.850173175
2021-05-25,217747.20072489692,4578520.044781389
2021-05-26,220700.2461647595,4648027.138471745
2021-05-27,217248.08898194146,4566642.421044879
2021-05-28,220084.69841968708,4633388.697969786
2021-06-01,217210.01015098355,4565642.316469618
2021-06-02,218728.49054383463,4601371.056252709
2021-06-03,209515.421343421,4384414.542126177
2021-06-04,223906.34813300433,4721523.924115228
2021-06-07,225233.6627539728,4784186.1939741885
2021-06-08,225406.29318697646,4792395.540540959
2021-06-09,225578.85852552022,4800609.5773073
2021-06-10,230207.58136559158,5021143.61333042
2021-06-11,231431.71277504577,5080919.70536677
2021-06-14,235776.00151617106,5294447.591816895
2021-06-15,232849.56372283676,5147325.866732588
2021-06-16,231179.04749849913,5064651.0217723595
2021-06-17,236961.49246545928,5348265.906804764
2021-06-18,233171.03937267014,5156733.265438
2021-06-21,236029.7651861787,5227504.866905884
2021-06-22,240447.1524582552,5337021.379969648
2021-06-23,240725.96831411376,5343948.986818119
2021-06-24,243693.9379983188,5417702.936505102
2021-06-25,243181.43696499226,5404948.7821653895
2021-06-28,248949.41528728273,5548455.17318901
2021-06-29,250827.55344736116,5595312.225940662
2021-06-30,250089.99281396318,5576894.61591618
2021-07-01,250172.03650128676,5578942.605555963
2021-07-02,255861.38097094774,5720966.631660551
2021-07-06,258161.11086676476,5778527.5834785905
2021-07-07,259265.58059314513,5806201.2463885555
2021-07-08,256254.83779584707,5730725.513889846
2021-07-09,259161.4033810273,5803487.429129481
2021-07-12,261339.4657541148,5858085.273745133
2021-07-13,261245.73068998184,5855733.263377139
2021-07-14,262196.5759177742,5879590.952529258
2021-07-15,258560.42825036668,5788316.745242613
2021-07-16,254306.59215181184,5681716.686743692
2021-07-19,250221.05465460874,5579538.634994562
2021-07-20,255749.08169818507,5855508.114343658
2021-07-21,259661.94864451923,6056076.297672964
2021-07-22,263317.44682377303,6246949.981032875
2021-07-23,269177.32286074274,6558188.455757893
2021-07-26,269930.11068872863,6599249.923343621
2021-07-27,264021.6054423583,6275851.926806026
2021-07-28,265955.28085165116,6378756.162499802
2021-07-29,266832.2168369983,6425844.323640118
2021-07-30,264152.51688179316,6281368.705632675
2021-08-02,264099.13833446027,6278526.976102505
2021-08-03,267179.393543397,6360498.676049432
2021-08-04,268067.70890927745,6384171.051596732
2021-08-05,271443.2713181012,6474160.712332776
2021-08-06,269075.05284764554,6410932.250026398
2021-08-09,270039.650143152,6436658.723234734
2021-08-10,267335.5217769951,6364506.999497638
2021-08-11,266367.7973158439,6338717.300151215
2021-08-12,268227.0466703885,6388244.498761552
2021-08-13,270027.0873193823,6436234.165619886
2021-08-16,270343.7243172124,6444682.52975742
2021-08-17,265584.0696292337,6317669.8313884605
2021-08-18,260409.58510328323,6179882.763885337
2021-08-19,262894.7871986465,6311921.524204748
2021-08-20,268336.8545688492,6604444.50220688
2021-08-23,276346.50123036746,7045797.199171054
2021-08-24,278173.84456239163,7150104.0364858275
2021-08-25,278382.05006653606,7162085.358233312
2021-08-26,275221.637502062,6980048.8485137895
2021-08-27,280610.48309687286,7286025.356525389
2021-08-30,286842.9071643584,7648318.603684939
2021-08-31,286304.4471780425,7632246.906095168
2021-09-01,287356.6589546544,7663645.770146055
2021-09-02,287087.67470359156,7655615.549646353
2021-09-03,288817.66629837715,7707256.713552141
2021-09-07,289609.8388423381,7730920.395359654
2021-09-08,287619.28066368215,7671439.2633037595
2021-09-09,285557.95321318926,7609894.330387576
2021-09-10,281253.5162896626,7481487.781251083
2021-09-13,280826.2626333654,7468765.580073509
2021-09-14,279206.68900776183,7420548.793328196
2021-09-15,283351.63675372244,7667178.691046697
2021-09-16,283725.76216933294,7689843.054603263
2021-09-17,277008.9129192109,7282274.412453359
2021-09-20,265591.8632192432,6610314.06638014
2021-09-21,266045.02157452854,6622939.426683138
2021-09-22,276473.83200492914,6913553.659708292
2021-09-23,286761.097724548,7201514.6937767565
2021-09-24,287304.59739937045,7232072.302235411
2021-09-27,282661.60615253734,6970414.008503897
2021-09-28,277946.83452249534,6854148.093708215
2021-09-29,277578.6750044992,6845069.30760587
2021-09-30,276952.970968383,6829639.493002156
2021-10-01,277962.32989302784,6854530.208383416
2021-10-04,274543.68295596243,6770226.631309032
2021-10-05,276656.27364713507,6822322.959312057
2021-10-06,277748.39233763923,6849254.524312545
2021-10-07,279251.0480227463,6886309.90081025
2021-10-08,278392.6119053706,6865140.930537252
2021-10-11,277156.57178819063,6834660.273948842
2021-10-12,276591.8052798514,6820733.17420988
2021-10-13,277887.5586949964,6852686.356247695
2021-10-14,280955.39184824197,6928338.891723615
2021-10-15,287934.5522569587,7185212.880159239
2021-10-18,299505.8713259854,7616189.71030001
2021-10-19,308320.5495086048,7950742.049850783
2021-10-20,307669.7580557765,7913170.121181778
2021-10-21,311361.1679787804,8125726.63777129
2021-10-22,306079.32576551486,7817123.995834717
2021-10-25,312233.83681621845,8169027.034515888
2021-10-26,314188.9076823353,8283543.867232139
2021-10-27,315851.3917576233,8381673.297734722
2021-10-28,322798.68794804794,8794416.762217276
2021-10-29,325995.4419436595,8989401.650932807
2021-11-01,328149.23095269105,9122367.120089801
2021-11-02,331081.79162760294,9304882.56356848
2021-11-03,338122.99570576526,9526400.548498765
2021-11-04,346572.3213403881,9792879.332920553
2021-11-05,347433.1931945061,9820108.947713528
2021-11-08,346477.84937828983,9789882.218480654
2021-11-09,341694.5688387939,9638590.796249457
2021-11-10,331662.45596740214,9321813.288675148
2021-11-11,333464.5300372347,9435208.099698396
2021-11-12,340556.1561727099,9884433.315350229
2021-11-15,340487.1958725061,9879952.27721172
2021-11-16,345204.1984413775,10186386.05208788
2021-11-17,345478.2229169889,10204489.023852423
2021-11-18,352558.4205446359,10672690.116032297
2021-11-19,356558.87095038017,10943814.23577842
2021-11-22,348278.334141482,10374814.040959127
2021-11-23,345098.8422854851,10162769.041161243
2021-11-24,347237.3056275847,10303758.557218798
2021-11-26,334404.25862177904,9877487.79888699
2021-11-29,362236.42390379607,10797742.739794364
2021-11-30,351808.4934698919,10101828.953769477
2021-12-01,339712.20943103154,9324218.441455487
2021-12-02,340036.5127615799,9334182.566129923
2021-12-03,338883.8985481423,9298764.799764253
2021-12-06,337693.2320063739,9262192.612155955
2021-12-07,371631.38619098725,10304188.801076574
2021-12-08,367135.06747914944,10164633.939391607
2021-12-09,350467.2572936753,9648061.917203657
2021-12-10,362582.08331458655,10021394.82629896
2021-12-13,324776.99808139756,8851737.850787431
2021-12-14,319052.4726402337,8677087.593090447
2021-12-15,364918.8307863943,10073432.114615863
2021-12-16,333010.9757278755,8101485.032561415
2021-12-17,330976.80025123217,8027623.264744803
2021-12-20,320370.5124695283,7643670.2925242325
2021-12-21,386787.68196325697,9228307.222619498
2021-12-22,402132.4403605212,9774737.382373357
2021-12-23,418863.573335497,10381734.371446311
2021-12-27,442093.9839515243,11670787.039516225
2021-12-28,432070.45965017186,11078376.954277962
2021-12-29,434040.8958720551,11191486.79797602
2021-12-30,423227.7232635296,10567282.53910026
2021-12-31,421775.923810403,10486128.097085116
2022-01-03,438770.38751766336,11432054.382602029
2022-01-04,434570.7161879965,11187081.094177296
2022-01-05,405647.02495799016,9520116.01697082
2022-01-06,418639.5115561745,9861444.620540865
2022-01-07,368995.65496681427,8552406.486854587
2022-01-10,371147.57279759937,8608237.977961957
2022-01-11,398418.2481827358,9552274.35843789
2022-01-12,409299.97884046356,9941669.685567277
2022-01-13,372101.79221606813,8593127.385681557
2022-01-14,407551.5012102202,9815004.019555625
2022-01-18,396806.50614299515,9556233.853179717
2022-01-19,394045.7025834362,9489745.819265453
2022-01-20,386555.5853159245,9309362.40546556
2022-01-21,382722.7970767247,9217057.91913158
2022-01-24,383830.3838654232,9243731.772008581
2022-01-25,374946.1276662895,9029773.511405142
2022-01-26,374805.3035795293,9026382.065235768
2022-01-27,364554.21919053467,8779506.678483387
2022-01-28,371356.01220243913,8943313.278517459
2022-01-31,383286.5739132418,9230635.275367824
2022-02-01,385573.55365859054,9285712.278707488
2022-02-02,391334.9194314143,9424462.419611096
2022-02-03,380690.9890924838,9168126.180509415
2022-02-04,382173.3922162307,9203826.681120925
2022-02-07,382085.46004122036,9201709.023233242
2022-02-08,387700.9911652503,9336947.049324732
2022-02-09,395055.6696465966,9514068.710372714
2022-02-10,387931.9675810281,9342509.621030517
2022-02-11,376432.73341886065,9065575.223320452
2022-02-14,376527.93889775255,9067868.043136435
2022-02-15,388739.664524632,9361961.27002338
2022-02-16,388891.7243251794,9365623.304267284
2022-02-17,380067.8562947149,9153119.363219684
2022-02-18,377761.610172677,9097578.370509146
2022-02-22,375817.01869403076,9050747.054411352
2022-02-23,370560.8455511775,8924163.394747749
2022-02-24,378878.08006828843,9124466.153968656
2022-02-25,382369.0105591592,9208537.729458235
2022-02-28,380959.6008496328,9174595.11871303
2022-03-01,372729.156488778,8976382.514306867
2022-03-02,376289.6022132219,9062128.215139903
2022-03-03,373146.0700830053,8986422.984262189
2022-03-04,369952.3429281817,8909508.913846856
2022-03-07,361690.15531587333,8710531.841294495
2022-03-08,365554.04191491456,8803585.264942994
2022-03-09,373380.5193651598,8992069.192508005
2022-03-10,370978.84356073267,8934229.980520995
2022-03-11,366376.52776866115,8823393.07312571
2022-03-14,362084.56505396304,8720030.35412835
2022-03-15,368788.4795070121,8881479.758947236
2022-03-16,377070.34367621515,9080930.6991812
2022-03-17,379592.44421749376,9141670.082736075
2022-03-18,384308.92066868226,9255256.304818658
2022-03-21,383759.591906307,9242026.89946802
2022-03-22,388295.79291844426,9351271.574154358
2022-03-23,385017.7401119786,9272326.701233426
2022-03-24,390007.5228382,9392494.918916693
2022-03-25,389884.40206344135,9389529.819056777
2022-03-28,393431.90945047315,9474963.927776108
2022-03-29,406939.6235189916,9839110.565384893
2022-03-30,404494.2079188954,9779984.559763717
2022-03-31,401148.43282175297,9699089.387101427
2022-04-01,400803.6814901863,9690753.88406165
2022-04-04,417584.3919216515,10599102.714962374
2022-04-05,412061.8404587941,10458929.63537449
2022-04-06,406642.24084532127,10321369.673631603
2022-04-07,407172.30560314446,10334823.74644284
2022-04-08,403842.6063920856,10250309.514994832
2022-04-11,398109.0340678331,10104780.316193216
2022-04-12,397084.00523286755,10078763.094003463
2022-04-13,401845.0122744807,10199606.697444908
2022-04-14,396438.1594080374,10062370.272892734
2022-04-18,396657.48198623,10067937.105798716
2022-04-19,401757.7141521376,10197390.90158798
2022-04-20,398137.40828941274,10105500.50903279
2022-04-21,393466.1613354941,9986935.190909432
2022-04-22,387218.15472656547,9828348.651055655
2022-04-25,390091.2875876252,9901274.34199915
2022-04-26,381319.8949421876,9678639.364732802
2022-04-27,380980.58772207366,9670027.088633673
2022-04-28,389032.85907140473,9874409.371045038
2022-04-29,378802.9397260106,9614754.154027358
2022-05-02,386501.64116821584,9810162.145648539
2022-05-03,386683.5459627651,9814779.242549358
2022-05-04,394348.6092620785,10009333.432786798
2022-05-05,382594.9051406883,9711001.599332485
2022-05-06,379927.62058865326,9643300.738179715
2022-05-09,370948.1133596636,9415383.408674581
2022-05-10,376102.26754308,9546205.849971747
2022-05-11,369406.995474898,9376266.84428067
2022-05-12,368816.15190203034,9361270.08712583
2022-05-13,376831.07744273683,9564704.460397767
2022-05-16,374495.9989314452,9505435.633622926
2022-05-17,380140.9262904739,9648714.851080058
2022-05-18,369045.7821593676,9367098.548943525
2022-05-19,367842.163002944,9336548.357615916
2022-05-20,367201.9791204915,9320299.247596854
2022-05-23,370828.3410320336,9412343.354430411
2022-05-24,366201.0563584428,9294893.884345902
2022-05-25,369141.54635454813,9369529.230168136
2022-05-26,375315.89112809533,9526246.089606447
2022-05-27,382668.74076465995,9712875.690839829
2022-05-31,382116.97617580014,9698870.834181055
2022-06-01,380336.44888764,9653677.594253777
2022-06-02,386510.44472151104,9810385.59692555
2022-06-03,380397.1476153694,9655218.245825812
2022-06-06,381344.01194501,9679251.501093835
2022-06-07,383195.6724087872,9726250.239141716
2022-06-08,381632.0535634524,9686562.55667713
2022-06-09,375413.7292863274,9528729.412040444
2022-06-10,367402.2355633803,9325382.144967003
2022-06-13,357226.3245406209,9067097.764048904
2022-06-14,358191.17633829755,9091587.576182997
2022-06-15,363341.2432013123,9222306.273351783
2022-06-16,354469.29975909257,8997119.121617751
2022-06-17,357096.20070753025,9063794.96849602
2022-06-21,362483.33945797384,9200531.010504073
2022-06-22,362215.7359260895,9193738.71324345
2022-06-23,365317.4523533136,9272466.298950251
2022-06-24,372961.27147051564,9466481.270594636
2022-06-27,371201.77575149795,9421821.852730418
2022-06-28,364435.3599713107,9250077.081484746
2022-06-29,364582.1313847892,9253802.424953451
2022-06-30,362003.1063324843,9188341.761282453
2022-07-01,363179.6015332422,9218203.4939471
2022-07-05,366932.01107344276,9313446.934350047
2022-07-06,368333.9362661451,9349030.51794082
2022-07-07,372899.3578356144,9464909.782319525
2022-07-08,373248.619753119,9473774.727968046
2022-07-11,368484.31089492916,9352847.318010554
2022-07-12,366339.16837596335,9298399.435530746
2022-07-13,365876.74584724737,9286662.253839117
2022-07-14,366632.02167623,9305832.620941864
2022-07-15,370492.82234327105,9403827.2386134
2022-07-18,368777.9612868835,9360300.735156463
2022-07-19,375231.91892148793,9524114.71194902
2022-07-20,379002.6986289322,9619824.422867037
2022-07-21,382223.3944246478,9701571.93597534
2022-07-22,378224.52866492514,9600072.958162494
2022-07-25,377097.41996748606,9571464.750848737
2022-07-26,372534.39556763065,9455646.331289556
2022-07-27,381830.71207379136,9691604.89541636
2022-07-28,384016.85977133753,9747093.568950687
2022-07-29,398175.25200393546,10551647.644413484
2022-08-01,397775.3440863224,10539784.70042303
2022-08-02,395295.0764788489,10466218.405906653
2022-08-03,416482.9015531956,11094191.776268136
2022-08-04,420475.9650358529,11213258.709541177
2022-08-05,413773.9376596888,11013188.08658704
2022-08-08,410945.88565326046,10928927.636172889
2022-08-09,401486.9107663378,10647333.603837028
2022-08-10,423577.57786215766,11958913.52029458
2022-08-11,419301.2381020086,11688612.6635761
2022-08-12,435164.669757674,12678647.372972438
2022-08-15,442150.48010803945,12906483.477502396
2022-08-16,440246.07852010656,12844255.910019225
2022-08-17,430017.02419437,12510187.508122658
2022-08-18,431948.08630222135,12573074.507400524
2022-08-19,414992.16191781755,12020592.846312124
2022-08-22,371260.2415540895,10602609.917455805
2022-08-23,369579.9882743197,10530989.921906741
2022-08-24,373394.11851661466,10693201.356818393
2022-08-25,399704.1819859921,11817773.612857139
2022-08-26,334523.30782936106,8941419.499038393
2022-08-29,332465.7209408792,8886422.591214493
2022-08-30,330242.4743308936,8826997.791433915
2022-08-31,329030.1549205513,8794593.901597256
2022-09-01,329101.13419778703,8796491.095241614
2022-09-02,326358.63261491095,8723187.213104406
2022-09-06,324866.2892680161,8683298.608666738
2022-09-07,328704.3641355321,8785885.89229088
2022-09-08,329775.84179878427,8814525.245803054
2022-09-09,371614.8960781295,9932834.574328199
2022-09-12,389804.5190613879,10477074.3094445
2022-09-13,376974.8811577004,10132242.315182699
2022-09-14,378667.17518777977,10177727.396651903
2022-09-15,374854.6953995708,10075256.460346442
2022-09-16,373390.5459990696,10035903.396646418
2022-09-19,375181.61856945476,10084043.424521718
2022-09-20,373394.31625929294,10036004.732815176
2022-09-21,369294.4290464716,9925808.927254735
2022-09-22,366561.2622589073,9852347.51228097
2022-09-23,363056.15093281405,9758137.95330823
2022-09-26,362068.0327051356,9731579.543665284
2022-09-27,362136.92379220534,9733431.182123007
2022-09-28,366371.04033902125,9847234.772195939
2022-09-29,360185.34114624024,9680977.002135476
2022-09-30,356851.01038025314,9591357.642945819
2022-10-03,361801.1333942815,9724405.88667513
2022-10-04,368525.8126714009,9905150.236851497
2022-10-05,368525.8126714009,9905150.236851497
2022-10-06,366665.222606702,9855141.734091695
2022-10-07,358302.4059731192,9630367.912799727
2022-10-10,356060.6994618163,9570115.85170141
2022-10-11,353233.3174688653,9494122.14256571
2022-10-12,353077.5404401591,9489935.204175696
2022-10-13,357798.23937536514,9616817.041399548
2022-10-14,351350.1031836315,9443505.55132015
2022-10-17,358269.1085503984,9629472.952492444
2022-10-18,360051.1720029587,9677370.83541483
2022-10-19,359177.44563001674,9653887.02317613
2022-10-20,357964.24708481506,9621278.957623698
2022-10-21,363032.766146151,9757509.42250471
2022-10-24,365503.59267866885,9823919.717719527
2022-10-25,369902.6799912454,9942157.353287678
2022-10-26,365014.3958754924,9810771.200942032
2022-10-27,360993.35641414,9702694.6467265
2022-10-28,367523.8751868459,9878220.396467965
2022-10-31,364983.3876015189,9809937.767837126
2022-11-01,362718.565433097,9749064.40953597
2022-11-02,355214.0539710335,9547359.913052863
2022-11-03,351115.428922231,9437198.031640474
2022-11-04,360905.71728868346,9700339.102896394
2022-11-07,363197.8226658696,9761945.772874672
2022-11-08,364766.70332407224,9804113.778720828
2022-11-09,359676.9328637282,9667312.123728618
2022-11-10,375412.80632841645,10090257.23480772
2022-11-11,379683.2472771983,10205037.143625135
2022-11-14,377673.4459288421,10151018.175028637
2022-11-15,380719.47026281094,10232888.501653407
2022-11-16,377635.23959902214,10149991.274269303
2022-11-17,377052.4343443702,10134326.771518987
2022-11-18,376983.44894437655,10132472.598140646
2022-11-21,374704.9598413184,10071231.903180309
2022-11-22,377854.0400365055,10155872.14103804
2022-11-23,380113.97112836764,10216614.038132194
2022-11-25,378542.0113500474,10174363.272418713
2022-11-28,375208.9398555247,10084777.75963171
2022-11-29,373410.4687048513,10036438.874453137
2022-11-30,383442.39345940325,10306074.591794947
2022-12-01,384860.0206887978,10391379.035925712
2022-12-02,381812.3229874123,10207149.723427773
2022-12-05,377963.19841780385,10104249.454314634
2022-12-06,373168.51918563945,9976071.273957355
2022-12-07,372272.3387376164,9952113.304396268
2022-12-08,374914.63107412256,10022750.818871342
2022-12-09,373471.302653763,9984165.712001508
2022-12-12,376188.7530932728,10056812.45971527
2022-12-13,392021.5730782283,10530617.066240506
2022-12-14,390160.6707528521,10480628.873926654
2022-12-15,382429.0489305453,10272939.414205378
2022-12-16,380170.3057684199,10212264.285781806
2022-12-19,377018.82186064066,10127608.051272439
2022-12-20,376688.6714132203,10118739.437464448
2022-12-21,379960.6107352428,10206631.386352979
2022-12-22,374559.6350441549,10061548.537109958
2022-12-23,374773.17179133097,10067284.63396918
2022-12-27,371577.27708782617,9981435.421533313
2022-12-28,368576.4110424316,9900825.135362078
2022-12-29,373776.6239768539,10040515.027031342
2022-12-30,373776.6239768539,10040515.027031342
2023-01-03,372091.37181714876,9995245.209315548
2023-01-04,377736.349065139,10146882.511516677
2023-01-05,373985.23478314676,10046118.801588185
2023-01-06,408022.95079574094,11069625.583209427
2023-01-09,424621.6806685953,11573717.41156853
2023-01-10,435478.46839129203,11904969.417116826
2023-01-11,445959.77174276084,12225716.967708101
2023-01-12,456080.13401584886,12536288.162325203
2023-01-13,459178.79432944045,12631631.036825366
2023-01-17,461792.0767332246,12712104.077819878
2023-01-18,456106.2470797946,12536897.152796198
2023-01-19,431077.3714820261,11766788.78400935
2023-01-20,481136.57004300365,13296371.913235897
2023-01-23,530284.677913877,16337173.236468714
2023-01-24,523053.5764783267,16087794.884873854
2023-01-25,525237.7417856507,16162995.658736192
2023-01-26,542433.6371889903,16755344.013175422
2023-01-27,536233.3648072132,16540954.289047966
2023-01-30,507932.5628624842,15563735.22310263
2023-01-31,543443.70639918,16781767.779300384
2023-02-01,600617.5328928662,20734495.134579252
2023-02-02,627445.0849019281,21771218.68844383
2023-02-03,604220.4919230962,20869145.88214467
2023-02-06,584373.6840844224,19334471.138515268
2023-02-07,656843.4276009828,22018485.478940748
2023-02-08,629322.387547802,19953072.588550746
2023-02-09,631623.7124245731,20116427.045915708
2023-02-10,611714.9980727792,18696872.47512724
2023-02-13,643880.3387390348,19797383.640977267
2023-02-14,691696.8161705185,21443144.294300888
2023-02-15,697312.6124089244,21832907.186569657
2023-02-16,663750.9620159217,19480330.36665018
2023-02-17,621137.2294460663,18080333.089547627
2023-02-21,541126.7889833115,15473267.313819496
2023-02-22,527221.9253683663,15075664.245450828
2023-02-23,622526.0002683719,17800839.670224596
2023-02-24,579931.6093505275,15982978.959036056
2023-02-27,595331.8448796051,16407411.144584803
2023-02-28,607648.9627387517,16746872.26793895
2023-03-01,610137.6735692334,16815461.412240397
2023-03-02,637568.9527853797,17571470.48548632
2023-03-03,694487.0876050511,19140140.54337331
2023-03-06,664218.3362866762,17895050.817152135
2023-03-07,633709.0515530193,16974939.097817007
2023-03-08,700947.0242565249,19663117.715069704
2023-03-09,647478.1889184322,17424432.12160368
2023-03-10,597434.385541211,15414372.238213092
2023-03-13,594883.0998355683,15348546.653840035
2023-03-14,696717.6501712807,17975974.374063615
2023-03-15,664207.2284052229,16724034.624841843
2023-03-16,769024.372597848,20663116.252966125
2023-03-17,750824.552126521,19933242.046109594
2023-03-20,780764.2604177388,21119590.412463855
2023-03-21,786126.3074597893,21281951.75980424
2023-03-22,758953.876962782,20458507.75557965
2023-03-23,837232.6229398085,22820556.684481345
2023-03-24,807726.0600519807,21019965.28488535
2023-03-27,788130.0695797418,19878266.403699707
2023-03-28,765645.7203831297,19243451.094915774
2023-03-29,860824.9318045613,21921285.17297517
2023-03-30,890202.8174534685,23596182.414749503
2023-03-31,901832.4228028379,24286317.670433864
2023-04-03,885653.683306449,23310885.746891234
2023-04-04,879732.5304188662,23136429.076965198
2023-04-05,860848.9403162865,22580503.437908802
2023-04-06,872431.5504549068,22920597.908064254
2023-04-10,871152.9498900754,22882995.47627003
2023-04-11,859850.474314934,22550658.624821916
2023-04-12,844610.8834976543,22103258.5395986
2023-04-13,877095.9968399834,24006528.850018546
2023-04-14,873692.9782614763,23798001.50359384
2023-04-17,874332.3127680705,23836989.08043453
2023-04-18,874758.3542715806,23862993.264628746
2023-04-19,873480.5783542411,23784954.933241993
2023-04-20,859840.6922001254,22953428.07448925
2023-04-21,860914.6997990274,23017616.00478551
2023-04-24,857479.9859415935,22812023.519773483
2023-04-25,825001.09300839,20877573.59316886
2023-04-26,827126.0954090209,20931349.15102061
2023-04-27,871901.2247781078,22199727.468626797
2023-04-28,883715.5089498174,22536451.590283196
2023-05-01,882038.8242487564,22488587.377329588
2023-05-02,866304.9100227387,22039534.262353424
2023-05-03,854874.1064687886,21714001.38359875
2023-05-04,848481.7091513061,21532245.733788453
2023-05-05,883343.4889482816,23512919.067502983
2023-05-08,888168.8799452119,23800477.364345264
2023-05-09,876660.820644287,23110064.836658012
2023-05-10,895614.8185004368,24228695.834695507
2023-05-11,900617.0680463077,24531659.521444283
2023-05-12,894381.3048364888,24151388.854029182
2023-05-15,903558.6665685556,24706210.89321047
2023-05-16,905841.5453483731,24845960.0177653
2023-05-17,927605.8317241883,26182446.08279399
2023-05-18,961006.3390979847,27237771.19424314
2023-05-19,956574.1695296185,27097150.85441392
2023-05-22,963237.650584487,27308447.502534892
2023-05-23,938284.1885050867,26516528.37872593
2023-05-24,928088.7588580281,26193995.302081574
2023-05-25,972987.7070116828,29031031.36328461
2023-05-26,1022301.1261422854,32325130.636672016
2023-05-30,1031896.0615096751,32664748.06087997
2023-05-31,1017861.9384000744,32167451.90673128
2023-06-01,1042589.3473860725,33042219.847452857
2023-06-02,1058302.098647717,33599655.35563136
2023-06-05,1059842.7890189951,33654410.76048689
2023-06-06,1059072.8809792479,33627043.844607584
2023-06-07,1022881.542256216,32340709.244974162
2023-06-08,1046392.132906367,34004904.17389476
2023-06-09,1054918.2796437885,34625224.980768554
2023-06-12,1091010.782737291,37277430.929514945
2023-06-13,1107343.3972356976,38526795.24999876
2023-06-14,1123181.0522780074,39143614.47959479
2023-06-15,1149582.3906952145,40173582.07613789
2023-06-16,1134770.49749448,39594156.7320884
2023-06-20,1131043.5270285513,39448588.88008234
2023-06-21,1100672.9793011954,38262844.0518182
2023-06-22,1125160.0082377288,40168618.472336665
2023-06-23,1102811.0510497561,38382351.66749817
2023-06-26,1073597.1072176134,36106011.73474079
2023-06-27,1144739.9042829517,38784289.297473274
2023-06-28,1154116.6755864169,39139911.444858596
2023-06-29,1148831.2787112496,38738616.04385832
2023-06-30,1183559.7570508309,41360358.704735495
2023-07-03,1188975.2155072829,41784046.34156698
2023-07-05,1188396.3164228827,41738499.63156936
2023-07-06,1169672.896565387,40266264.52716832
2023-07-07,1161696.0805497635,39958872.25047003
2023-07-10,1162281.7006955985,39981421.036615744
2023-07-11,1173406.3376862044,40409791.12191582
2023-07-12,1202545.8557904116,41533120.202674106
2023-07-13,1242667.751539284,43084295.281747006
2023-07-14,1241912.1782962303,43054971.02615207
2023-07-17,1264972.9274858397,43949907.66506674
2023-07-18,1285205.6644248858,44736804.560126394
2023-07-19,1285205.6644248858,44736804.560126394
2023-07-20,1224788.397439767,42382623.476314835
2023-07-21,1217548.1108696628,41821705.98292579
2023-07-24,1220796.7468737033,42071529.38766579
2023-07-25,1237208.865847285,43337798.604963884
2023-07-26,1228676.8731112496,42668699.02549735
2023-07-27,1221637.5350921075,42121405.8990019
2023-07-28,1265901.4027463584,45538258.98061847
2023-07-31,1267589.3555036217,45674200.86486263
2023-08-01,1261029.0036395632,45144981.21193977
2023-08-02,1205780.318236713,40716826.2923712
2023-08-03,1194245.0134595288,40280791.38085066
2023-08-04,1171997.363526467,39440799.35981803
2023-08-07,1210934.6972095612,40907602.20361878
2023-08-08,1169367.9350897514,39335734.62041431
2023-08-09,1117110.547642705,37367983.18059187
2023-08-10,1123895.953506791,37622060.440351844
2023-08-11,1093692.4745433612,36490285.953438334
2023-08-14,1142431.8496980395,38917383.31041334
2023-08-15,1095433.2289359109,36527791.94599196
2023-08-16,1046691.389624088,34101938.16161076
2023-08-17,1039612.0573389725,33871288.56020417
2023-08-18,1038645.5114992097,33839797.820159204
2023-08-21,1139086.0178107985,37112219.824498825
2023-08-22,1138071.139016623,37079154.36296585
2023-08-23,1245317.1091186025,40573303.14144501
2023-08-24,1228913.2478546682,40038853.858705394
2023-08-25,1234733.7232026926,40228489.01989727
2023-08-28,1271704.084825445,42026280.4543041
2023-08-29,1380372.8665517068,47386281.61390726
2023-08-30,1411223.7975443217,48571807.25670991
2023-08-31,1428308.5312010648,49230045.40004218
2023-09-01,1421544.1532217506,48969056.20144462
2023-09-05,1426498.6441184608,49160106.12832777
2023-09-06,1376006.2451053995,47212263.28145115
2023-09-07,1335806.2111883673,45668263.28310638
2023-09-08,1341125.4696939474,45871830.85431098
2023-09-11,1402360.0506167628,48216382.88147223
2023-09-12,1342234.250005137,45902281.248712614
2023-09-13,1359980.527985942,46581640.8128039
2023-09-14,1402713.3246036652,48220078.271862045
2023-09-15,1388317.9564865236,47725218.94088865
2023-09-18,1388946.5631474745,47746828.104972005
2023-09-19,1387273.2346142726,47689305.28015081
2023-09-20,1375242.94587596,47275748.6008069
2023-09-21,1359577.925412971,46737243.334187955
2023-09-22,1359807.0588610577,46745120.09176033
2023-09-25,1363394.5280745376,46868443.96930372
2023-09-26,1351233.5487250953,46450394.63177547
2023-09-27,1352878.941554576,46506957.13077927
2023-09-28,1359428.955413323,46732122.29846583
2023-09-29,1360040.9523963407,46753160.48346461
2023-10-02,1366531.8609432227,46976293.829884194
2023-10-03,1352068.442601212,46479095.184731595
2023-10-04,1363029.089367095,46855881.54277837
2023-10-05,1360146.7332696344,46756796.83730857
2023-10-06,1373839.987965228,47227520.114571676
2023-10-09,1377886.1097810124,47366610.76640514
2023-10-10,1382394.2390277123,47521583.519085705
2023-10-11,1388279.8376384294,47723908.55635997
2023-10-12,1385033.2218463975,47612301.954451725
2023-10-13,1374559.9923579053,47252271.19347142
2023-10-16,1383819.1569451622,47570566.908852704
2023-10-17,1381171.0688919472,47479535.46931541
2023-10-18,1369487.0662427857,47077882.820560254
2023-10-19,1362169.2366843661,46826322.998679444
2023-10-20,1349882.994665503,46403967.59545833
2023-10-23,1352258.8527030768,46485640.77737311
2023-10-24,1359887.151268163,46747873.37147321
2023-10-25,1339965.7575051289,46063049.78728895
2023-10-26,1324345.760881132,45526092.27315956
2023-10-27,1328122.2142808773,45655912.72565808
2023-10-30,1336693.4935972013,45950561.498342924
2023-10-31,1340582.346926157,46084245.84326281
2023-11-01,1354405.343506218,46559429.16500858
2023-11-02,1368786.317953752,47053793.69503946
2023-11-03,1378439.4855556488,47385633.77181807
2023-11-06,1381593.9309883395,47494071.89883996
2023-11-07,1433709.8887105435,50168031.91501479
2023-11-08,1437151.4668545316,50347773.52012909
2023-11-09,1430323.5413100347,50108570.58511832
2023-11-10,1558199.9660094627,56794986.84737312
2023-11-13,1539250.849727855,55764123.80270066
2023-11-14,1668928.5433499345,62776027.70975909
2023-11-15,1672053.4949825746,63039185.26620353
2023-11-16,1673874.6559322202,63192903.43752874
2023-11-17,1674654.7063033683,63258833.650731996
2023-11-20,1714689.7056156122,66644562.60598378
2023-11-21,1693871.663395805,64833074.35004873
2023-11-22,1707059.182395943,65963119.16778971
2023-11-24,1701392.206475289,65472865.97650321
2023-11-27,1698037.8061391367,65183872.35186085
2023-11-28,1707077.2898501134,65960750.46140507
2023-11-29,1702955.6896391783,65604205.155326106
2023-11-30,1693413.132711113,65192695.954116136
2023-12-01,1702982.2487048125,65605072.82346806
2023-12-04,1670485.4149835964,64203696.39013733
2023-12-05,1678558.1660933457,64898329.31338499
2023-12-06,1658554.2118210183,63166801.6629421
2023-12-07,1705073.20185274,67133287.8826837
2023-12-08,1718740.738956161,68338050.84204532
2023-12-11,1748024.2977051088,70944759.69571026
2023-12-12,1776303.6309999959,73514318.01943445
2023-12-13,1818266.372935667,77402396.68928267
2023-12-14,1816266.9453951262,77307119.47911052
2023-12-15,1830771.493198469,77998202.88769272
2023-12-18,1856429.7554983823,79221872.44655713
2023-12-19,1874986.6264469188,80108329.68436183
2023-12-20,1819169.7450174394,77438819.8143625
2023-12-21,1859597.102676317,79365223.57951325
2023-12-22,1864565.585802831,79602591.3021658
2023-12-26,1887392.2603631343,80693475.49599397
2023-12-27,1894051.8176880362,81012194.58368647
2023-12-28,1890850.9715617565,80858941.29656912
2023-12-29,1873354.7136745094,80021407.42124
2024-01-02,1809730.8889474354,76979174.91950476
2024-01-03,1732326.6379513268,73293555.1733324
2024-01-04,1702702.2371692117,71890508.75404206
2024-01-05,1718311.3866218221,72628240.63180223
2024-01-08,1829309.2015593078,77879996.70086354
2024-01-09,1828878.0128826438,77859447.6099455
2024-01-10,1818099.1305420324,77345774.57119997
2024-01-11,1830639.084853749,77942949.33817558
2024-01-12,1815124.4656969975,77203511.47533317
2024-01-16,1862298.4698747199,79449563.6745281
2024-01-17,1829811.8884238175,77898131.82155025
2024-01-18,1948829.9613563626,83569919.59842284
2024-01-19,2102468.118564672,90944912.15982948
2024-01-22,2118631.921567285,91727582.72008207
2024-01-23,2145201.837328157,93015301.63636284
2024-01-24,2205222.3256948283,95928514.53384656
2024-01-25,2193376.807435583,95351700.43652967
2024-01-26,2070253.165543322,89360096.33833349
2024-01-29,2154269.8190333117,93419591.33592914
2024-01-30,2029870.458233596,87380904.94886759
2024-01-31,1913865.449872278,81790910.00051898
2024-02-01,1941828.198586554,83128613.79323034
2024-02-02,2038051.839608765,87739750.32971704
2024-02-05,2155731.760901705,93410885.48701262
2024-02-06,2103472.3628443982,88341169.52484347
2024-02-07,2230948.6049839174,94334138.74750032
2024-02-08,2382282.5120257656,101497255.47954607
2024-02-09,2475515.486597317,110390229.69503194
2024-02-12,2468344.5799868805,110032277.09883554
2024-02-13,2370764.497035226,105163028.39397505
2024-02-14,2469070.0698299403,114925713.0973519
2024-02-15,2468647.1991155865,114881646.66836956
2024-02-16,2435660.336583495,111444887.5728574
2024-02-20,2354342.4504478117,103114869.12030879
2024-02-21,2342215.076299947,101925723.90072356
2024-02-22,2800755.0646486776,124262511.20543563
2024-02-23,2744124.6826283433,121449956.69703764
2024-02-26,2791725.199409399,123808216.5223061
2024-02-27,2787186.5536586284,123582901.81129563
2024-02-28,2727679.7380324556,120629343.68886434
2024-02-29,2867271.123934683,127539767.2440462
2024-03-01,3113459.114129509,139798065.46450904
2024-03-04,3175612.084986726,142922031.81854707
2024-03-05,3050355.186713807,136611588.80199385
2024-03-06,3197832.6833063513,151398563.96774098
2024-03-07,3415415.1258642892,174461060.76054713
2024-03-08,3151918.0018211394,159394388.14978117
2024-03-11,2963820.3832134907,148746392.27381572
2024-03-12,3202434.569824922,166620156.24273267
2024-03-13,2899501.4833335467,143095722.4531203
2024-03-14,2684492.130240079,127258250.23054062
2024-03-15,2587054.0193343326,122639200.18380953
2024-03-18,2562842.098806378,121491434.9859161
2024-03-19,2432001.506951133,115288941.56413886
2024-03-20,2664516.2519110395,126311294.45654681
2024-03-21,3021831.5510561573,143249813.00818932
2024-03-22,3032323.5540542463,143992160.7908758
2024-03-25,2985066.022634777,141480154.04139245
2024-03-26,2910103.97727286,136177317.89387462
2024-03-27,3037404.3384963362,145068327.98165047
2024-03-28,3040030.083951963,145255502.97070453
2024-04-01,3167851.4856648697,154371065.74598262
2024-04-02,2981212.9570955373,140796448.63201764
2024-04-03,3008204.9316005637,142699097.08696175
2024-04-04,2674834.2591032893,119096141.20001818
2024-04-05,2832660.1150345556,126123287.03495492
2024-04-08,2882014.0057636504,128320753.25890446
2024-04-09,3064105.3404097473,134401422.15320298
2024-04-10,2856050.83977939,120780626.27592428
2024-04-11,3215294.0616145334,135972800.2786745
2024-04-12,2811725.848615463,110500187.58252464
2024-04-15,2577358.8083021017,101289616.10005245
2024-04-16,2675840.3655166896,105159918.94305177
2024-04-17,2629900.92045639,103354509.18053888
2024-04-18,2599386.6669274736,102155305.94365634
2024-04-19,2538031.917146283,99744078.20492113
2024-04-22,2559134.0919825877,100573388.88574697
2024-04-23,2591691.890102149,101852902.96115266
2024-04-24,2612662.4244503905,102677040.2006803
2024-04-25,2640931.333506432,103788001.90947708
2024-04-26,2674675.2867828584,105114131.6132877
2024-04-29,2747617.620118927,109392664.66110039
2024-04-30,2714735.5908130775,108083511.31352665
2024-05-01,2660554.616696127,105926369.39931415
2024-05-02,2692756.871351362,107208458.44221343
2024-05-03,2729990.069575764,108690847.67199495
2024-05-06,2948711.1198753584,121687984.4254348
2024-05-07,2935288.3562816023,121134051.20487154
2024-05-08,2936015.650530619,121164065.32549885
2024-05-09,2929476.650313478,120894212.59180175
2024-05-10,3086360.7048845347,125749953.8664969
2024-05-13,3122467.6967307907,127221088.64077616
2024-05-14,3416025.5738777635,139181741.66812852
2024-05-15,3817521.638700805,163597355.2974433
2024-05-16,3736980.1265323223,159733676.5315584
2024-05-17,3643887.593597364,153794643.45654497
2024-05-20,3950406.609620806,173103602.36011338
2024-05-21,3920784.5775258043,171166269.02168113
2024-05-22,4074086.1102445014,181155151.35701865
2024-05-23,4011069.3164283033,176972978.4454011
2024-05-24,4300677.703005748,196044402.56644347
2024-05-28,4446318.906625645,215862273.78572246
2024-05-29,4277631.96749328,206694918.62025514
2024-05-30,4222537.833226075,200734891.95407653
2024-05-31,4062976.7370394357,192243814.72272757
2024-06-03,4062976.7370394357,192243814.72272757
2024-06-04,4083239.935977331,193317068.705581
2024-06-05,4248392.31541732,202069658.94002673
2024-06-06,4245016.4150359575,201889915.69535422
2024-06-07,4234462.387024535,201328040.37599415
2024-06-10,4264473.523013036,202925297.6780452
2024-06-11,4323445.62976684,206066557.59825546
2024-06-12,4437673.4992773365,212161029.1166698
2024-06-13,4485189.422226556,214703967.8533757
2024-06-14,4528758.375338772,217038623.6823863
2024-06-17,4638805.934593989,222942330.0926774
2024-06-18,4640423.196863741,223029336.90289775
2024-06-20,4567244.6450498095,219092252.9519608
2024-06-21,4539126.057868794,217582337.24652496
2024-06-24,4436117.131762456,212055041.35783234
2024-06-25,4535355.585371156,222675469.90831003
2024-06-26,4554368.865486465,224765413.37077826
2024-06-27,4576498.356517096,227210471.35734388
2024-06-28,4528256.004880963,221848309.01715833
2024-07-01,4577986.11796325,227302885.732182
2024-07-02,4672010.46311463,237754593.34221306
2024-07-03,4748920.8286316125,246517061.26432872
2024-07-05,4845301.91763058,257718152.58349383
2024-07-08,4866776.813232803,258996773.15574813
2024-07-09,4873919.690641691,259422285.9081158
2024-07-10,4976228.007783166,265518024.22113472
2024-07-11,4757175.787518885,252434406.19111273
2024-07-12,4808992.166221629,258590182.96323964
2024-07-15,4832965.7454398265,261476255.87454382
2024-07-16,4835357.229508241,261765925.18730977
2024-07-17,4550439.3898857245,227234011.4864322
2024-07-18,4459162.338902586,222131687.14358917
2024-07-19,4297180.28597715,213099132.63098496
2024-07-22,4548383.661064504,231692102.8984664
2024-07-23,4482635.858543304,226693362.53487635
2024-07-24,4385968.341832991,221804746.7511088
2024-07-25,4356750.856774022,220327176.37915748
2024-07-26,4381678.046352468,221587780.31898287
2024-07-29,4386795.05343978,221846554.7497738
2024-07-30,4351009.034452522,220036804.14054304
2024-07-31,5111861.459005614,258514208.94379723
2024-08-01,5038193.41721176,254788709.7882545
2024-08-02,4964719.7272350835,251073039.28450084
2024-08-05,4878170.947260785,246696142.61593214
2024-08-06,4902308.2837905,247916802.54754993
2024-08-07,4870732.447751679,246319966.9641179
2024-08-08,4959923.721169647,250830498.33849928
2024-08-09,4973421.2250914555,251513086.5848836
2024-08-12,4980182.2185849715,251854999.78004095
2024-08-13,5052636.425790626,255519113.5692404
2024-08-14,5054385.2014636025,255607551.67800865
2024-08-15,5309151.987769817,270029854.59536266
2024-08-16,5318505.012226117,270562361.39157814
2024-08-19,5456597.705845856,278426206.8393074
2024-08-20,5434036.216674949,277137534.8247862
2024-08-21,5483875.059579229,279982829.3782051
2024-08-22,5307403.284782958,269897140.6491291
2024-08-23,5419209.525456095,276261705.2731047
2024-08-26,5387399.4287630245,274640082.87300193
2024-08-27,5417980.489293469,276385196.65610904
2024-08-28,5381253.6876630485,274511667.5226556
2024-08-29,5375606.307800881,274223580.0707201
2024-08-30,5412226.8816194795,276091690.2487678
2024-09-03,5313464.126458981,271053546.6893226
2024-09-04,5304430.880758063,270592737.4644786
2024-09-05,5307863.084754226,270767823.0666357
2024-09-06,5221766.449251443,266375811.02785316
2024-09-09,5260615.933781015,268357623.70564193
2024-09-10,5288916.984377562,269801333.48831064
2024-09-11,5356357.054523253,273241625.8789075
2024-09-12,5388045.656322789,274858143.40927315
2024-09-13,5402147.993568803,275577540.10343856
2024-09-16,5387710.258040361,274841033.87548465
2024-09-17,5388358.845924172,274874120.0208058
2024-09-18,5374257.811134959,274154789.76833016
2024-09-19,5918597.02469094,305238540.93825865
2024-09-20,5893313.533041819,302319272.0181074
2024-09-23,5922591.161774185,305681743.74964947
2024-09-24,5978757.707603193,312171851.69840854
2024-09-25,5992779.4422081355,313810934.849018
2024-09-26,6077934.771677573,323794095.6936581
2024-09-27,6007829.264472677,319613371.7979609
2024-09-30,6039166.948676035,321479582.68730396
2024-10-01,5867806.394979947,311268455.6853063
2024-10-02,5882530.500417915,313017113.00434905
2024-10-03,5873479.525701859,311938872.351491
2024-10-04,6012164.664112829,328428863.3781761
2024-10-07,5879515.9848328065,312205913.09700674
2024-10-08,6050444.020993136,332526175.3231466
2024-10-09,6148132.980475351,344546066.34464234
2024-10-10,6133731.435476762,342739185.2013311
2024-10-11,6144268.155924396,344057323.31451815
2024-10-14,6249539.155741263,357254646.4010879
2024-10-15,6082491.822779757,335875719.86202335
2024-10-16,6080262.807977769,335737936.59137803
2024-10-17,6092519.434755599,336495528.78013444
2024-10-18,6164875.80662065,340969009.98911476
2024-10-21,6187564.517981243,342373720.61439985
2024-10-22,6199717.115078494,343126445.4446517
2024-10-23,6007671.8187237745,331228486.85498285
2024-10-24,6103548.016013461,343062954.7809663
2024-10-25,6172539.282594835,351744599.97264767
2024-10-28,6176411.985841421,352238676.5345904
2024-10-29,6290916.752224519,366858455.4443913
2024-10-30,6197166.364706116,354618661.0377024
2024-10-31,5881215.815689165,314142063.24435794
2024-11-01,6049159.6122092465,324183813.190153
2024-11-04,5973733.549556571,319658963.25437224
2024-11-05,6277886.946704358,337877780.1569332
2024-11-06,6619271.591523801,379012314.0947507
2024-11-07,6826789.618275971,392313348.27530575
2024-11-08,6837870.899949275,393026189.849575
2024-11-11,6829566.460154533,392491874.8134974
2024-11-12,6804637.782895952,390888174.4387352
2024-11-13,6784658.619330891,389603446.1628972
2024-11-14,6688508.396899954,383422833.2728966
2024-11-15,6364418.204845078,362625816.3943351
2024-11-18,6536660.329944641,373611468.6111644
2024-11-19,6712375.624531042,384853901.5798334
2024-11-20,6701900.51181266,384181598.9536575
2024-11-21,6790309.661796362,389854722.7273697
2024-11-22,6824156.440434035,392030012.01606923
2024-11-25,6845191.537840251,394735411.0175599
2024-11-26,6916368.963079026,403924642.95563895
2024-11-27,6804336.88980194,389276552.0671345
2024-11-29,6920796.291388626,404192932.376787
2024-12-02,7071124.384448953,423848665.81131464
2024-12-03,7113055.180942155,426662133.4001745
2024-12-04,7287167.015281966,438352891.502432
2024-12-05,7246975.190528555,435646508.0017382
2024-12-06,7371853.681465093,444049840.83918136
2024-12-09,7256453.574957228,436268621.0532819
2024-12-10,7203687.747663583,432717473.0877888
2024-12-11,7461638.546575998,450062416.6378475
2024-12-12,7362536.860576298,443371185.31230354
2024-12-13,7468499.2696631495,450514146.11706585
2024-12-16,7686230.467425678,465216342.241572
2024-12-17,7617228.468934866,460541255.31983316
2024-12-18,7065509.03992619,423201084.76677495
2024-12-19,6931721.505503684,414230816.59565735
2024-12-20,7172743.464014625,430353761.54059434
2024-12-23,7440454.110268931,448333874.17706996
2024-12-24,7836636.618022762,475056791.5229122
2024-12-26,7814076.6249305755,473525911.1851798
2024-12-27,7388122.993604132,444631432.1517045
2024-12-30,6990529.077708751,417846396.1232342
2024-12-31,6744992.057339936,401417436.72804064
2025-01-02,6687881.265241975,397612745.3420318
2025-01-03,7117563.346547689,435740759.237041
2025-01-06,7442810.7279792875,458030094.3707547
2025-01-07,6905576.140028774,421021084.61108935
2025-01-08,6912463.0985219795,421491106.251478
2025-01-10,6846491.453703745,417468450.19395596
2025-01-13,6832233.397256644,416599057.63457006
2025-01-14,6827380.879095996,416303172.76422995
2025-01-15,7445665.425926696,472572170.3763895
2025-01-16,7242126.16474013,453290794.6967358
2025-01-17,7721040.49692415,498030574.743669
2025-01-21,7892770.818198217,514563600.97672665
2025-01-22,8303212.434916905,544517090.2066529
2025-01-23,8371641.342535245,549540417.0152798
2025-01-24,8169733.296758116,534703997.29435045
2025-01-27,8026398.001995418,525322790.799716
2025-01-28,8503419.486007277,560271404.3533132
2025-01-29,8433105.261328809,555085380.5454205
2025-01-30,8574807.493424935,565526220.056379
2025-01-31,8512640.016954726,560936585.9321439
2025-02-03,8236843.835685728,540593154.5769095
2025-02-04,8637479.976271018,570026951.8346894
2025-02-05,8788297.512160635,581168528.1224036
2025-02-06,8964790.053685045,594233550.4127597
2025-02-07,8735735.221598623,560241844.5957382
2025-02-10,9147485.684087768,589801314.2219642
2025-02-11,9060175.700784028,583499662.9892669
2025-02-12,9084449.019545551,585249588.6897895
2025-02-13,9597378.230009174,622239766.408945
2025-02-14,9672696.301036285,633172299.418381
2025-02-18,9713096.853921926,639093068.4462819
2025-02-19,9713816.936287642,639199141.4872831
2025-02-20,9634624.081832046,633365782.2009245
2025-02-21,9230540.613493493,603630136.9906845
2025-02-24,9164159.396194188,599289144.9545937
2025-02-25,9094207.717461396,594714663.0055648
2025-02-26,9105923.939189503,595480843.9718683
2025-02-27,8954857.823068814,585601892.7612231
2025-02-28,9036856.450075278,590964183.500793
2025-03-03,8920096.342710061,583328669.769248
2025-03-04,8900494.315564277,582046797.4687234
2025-03-05,8969839.111963544,586581592.4176661
2025-03-06,8821109.964657445,576855467.0126547
2025-03-07,8857708.68296087,579248835.9677607
2025-03-10,8657979.907487968,566187595.770903
2025-03-11,8637713.635216719,564862285.2371405
2025-03-12,8696749.894446999,568722954.5888898
2025-03-13,8601716.015711438,562508225.0684927
2025-03-14,8723768.345556624,570489823.0776907
2025-03-17,8757597.815086428,572702097.3291843
2025-03-18,8669313.892708331,566928780.4249433
2025-03-19,8736746.769081345,571338545.5846584
2025-03-20,8718779.082499735,570163550.7965082
2025-03-21,8735197.592404941,571237237.3548853
2025-03-24,8846178.420253742,578494815.7701497
2025-03-25,8877748.17427339,580559316.1869277
2025-03-26,8779012.645079492,574102517.6624689
2025-03-27,8749093.514610786,572145959.5821041
2025-03-28,8609781.957594974,563035696.4060869
2025-03-31,8608580.957955388,562957157.1734109
2025-04-01,8648243.462588184,565550882.0815587
2025-04-02,8686896.554238549,568078596.5443406
2025-04-03,8407721.40664263,549821970.0211474
2025-04-04,8099828.214989995,529687330.3247364
2025-04-07,8177764.586800099,534783970.35506344
2025-04-08,8084587.371671228,528690657.1367205
2025-04-09,8654457.294401005,565957234.8950579
2025-04-10,8441591.495667957,552036900.5798578
2025-04-11,8530874.13543436,557875528.4923227
2025-04-14,8566697.566294098,560218197.6146197
2025-04-15,8573260.68943041,560647392.2938639
2025-04-16,8418291.077503193,550513172.4259319
2025-04-17,8413458.335939405,550197135.8497074
2025-04-21,8290498.127287495,542156167.2108332
2025-04-22,8417252.113137592,550445229.4712776
2025-04-23,8528959.022259975,557750289.8875418
2025-04-24,8674155.479582746,567245395.4392344
2025-04-25,8731384.259358548,570987864.880881
2025-04-28,8730087.353203434,570903053.8527023
2025-04-29,8764151.225651234,573130656.855937
2025-04-30,8764470.770497639,573151553.4542497
2025-05-01,8824838.272002501,577099279.2407434
2025-05-02,8907537.170517202,582507364.1546903
2025-05-05,8876661.379801469,580488245.3879964
2025-05-06,8826198.020438405,577188199.832614
2025-05-07,8846731.323207116,578530972.7949071
2025-05-08,8899441.942872422,581977977.6781228
2025-05-09,8895226.379144605,581702301.3751774
2025-05-12,9616829.550506162,634525983.4898825
2025-05-13,9912141.749822697,656337473.8200393
2025-05-14,10029327.262512513,665023478.9630233
2025-05-15,10050338.376206623,666583034.012647
2025-05-16,10133341.312322484,672745485.1359962
2025-05-19,10151395.703178456,674087222.2155235
2025-05-20,10080191.013986103,668794423.3107806
2025-05-21,9799143.507891357,647921173.1588975
2025-05-22,9832965.47487329,652927847.8264321
2025-05-23,9642915.271397436,624674789.0513376
2025-05-27,10092986.404501598,689949242.363811
2025-05-28,10006240.908828788,676673438.0223979
2025-05-29,10038790.077380927,681601368.0213513
2025-05-30,10003426.026145853,676225760.5590844
2025-06-02,10157578.25185477,699555463.131214
2025-06-03,10316289.179244576,724026662.8515894
2025-06-04,10371940.188449388,732770872.3286685
2025-06-05,10210132.974510498,707177793.7228125
2025-06-06,10405448.91628372,722321123.122303
2025-06-09,10436451.13158922,724730189.0349152
2025-06-10,10571533.98084677,735230693.9311427
2025-06-11,10498821.16133351,729569825.4485953
2025-06-12,10544656.237005789,733135245.7990338
2025-06-13,10277703.421389438,712358733.7870406
2025-06-16,10558516.27239759,734146169.1383003
2025-06-17,10349462.363840353,717874788.8350735
2025-06-18,10340035.996342383,717142871.9944739
2025-06-20,10244785.177393664,709747861.1618873
2025-06-23,10457952.791953005,726279234.056755
2025-06-24,10776872.36141421,751071977.1192497
2025-06-25,10832313.630078321,755397199.4813962
2025-06-26,11031140.305881925,770918040.733325
2025-06-27,11103554.984123686,776583053.1560761
2025-06-30,11247919.908141088,787885539.963738
2025-07-01,11056339.00491907,772863476.5198216
2025-07-02,11203780.821132632,784400627.3511815
2025-07-03,11413963.219550427,800872999.0052259
2025-07-07,11243540.870203346,787487326.6081254
2025-07-08,11253534.29999661,788270831.1110821
2025-07-09,11409725.557604974,800517830.6034
2025-07-10,11374548.119033348,797755049.4453528
2025-07-11,11316731.429900113,793215893.6573104
2025-07-14,11397335.841002109,799540240.3348254
2025-07-15,11417190.718726316,801099400.2405602
2025-07-16,11438832.425522996,802799228.7948016
2025-07-17,11617212.009591544,816813059.1700202
2025-07-18,11590388.2689044,814701872.8642694
2025-07-21,11708548.924384987,823999242.1700251
2025-07-22,11586518.536579272,814385816.1307111
2025-07-23,11688592.170869939,822416957.6525412
2025-07-24,11740301.77644933,826489705.6292255
2025-07-25,11784781.893434202,829994887.6045322
2025-07-28,11862035.807074623,836085497.9878503
2025-07-29,11825744.73378967,833222126.2570297
2025-07-30,11853226.49318835,835389647.1264436
2025-07-31,11722178.841709571,825050892.9620907
2025-08-01,11251178.153353982,787941794.9620781
2025-08-04,11539185.97180685,810519868.0348955
2025-08-05,11390745.969372336,798848388.6898382
2025-08-06,11225784.51570784,785898049.8197589
2025-08-07,11542436.755279757,810713292.9321883
2025-08-08,11762066.028684216,827981469.3109294
2025-08-11,11731414.537248876,825566147.0951377
2025-08-12,12464936.920805717,883349312.1632035
2025-08-13,12843737.816131165,913398991.8922151
2025-08-14,12887837.226203984,916909648.3832871
2025-08-15,12286156.717299653,868991624.0080663
2025-08-18,12334278.034121964,876611598.1784543
2025-08-19,11947044.813451983,814997152.8587875
2025-08-20,11678600.208957046,794497961.0571535
2025-08-21,11405648.10976611,773711770.9578228
2025-08-22,12671742.47773478,869853465.6559883
2025-08-25,12625348.289200967,862723461.2351444
2025-08-26,12823654.210518517,893061002.4621928
2025-08-27,12897457.023770308,904567912.0218706
2025-08-28,13004782.975214152,921420177.4962456
2025-08-29,12244325.074849874,800792701.2293576
2025-09-02,11746557.556788392,764351031.410161
2025-09-03,11534607.962885072,748912666.7680637
2025-09-04,11993769.115228416,793408431.1906575
2025-09-05,12495029.688374026,842899846.1671252
2025-09-08,12893830.740126478,883053047.3255167
2025-09-09,12957633.822257072,889574910.5212075
2025-09-10,13864763.866681604,982525376.4907784
2025-09-11,14049901.866300767,997211707.9706125
2025-09-12,14091853.696597032,1000544831.8255191
2025-09-15,14317420.166961808,1018472732.2717398
2025-09-16,14470902.208359282,1030694349.0963695
2025-09-17,14467721.485202901,1030440750.633013
2025-09-18,15476189.112565286,1110843575.5764322
2025-09-19,15285083.110102499,1095488580.962105
2025-09-22,15722387.498387143,1130572681.4813826
2025-09-23,15685662.664842984,1127616532.699867
2025-09-24,15655023.499074537,1125150936.449754
2025-09-25,15547680.606216487,1116514853.2427702
2025-09-26,15599996.7528745,1120720386.8108761
2025-09-29,15599996.7528745,1120720386.8108761
2025-09-30,15851926.056549061,1140980315.4440887
2025-10-01,16467712.55174952,1190595285.6522305
2025-10-02,16602393.01902402,1201495171.660687
2025-10-03,16451478.862823592,1189269639.289404
2025-10-06,16697828.019744094,1209204487.3169675
2025-10-07,16517013.16785045,1194546972.9975688
2025-10-08,16892162.05825443,1224918165.4680114
2025-10-09,16847464.818017893,1221289983.9575918
2025-10-10,15663001.161895797,1125174703.5284345
2025-10-13,16994913.554889396,1232279051.121705
2025-10-14,16763276.364664398,1194676713.0044286
2025-10-15,16993167.85108824,1231356840.6284094
2025-10-16,16866296.868154526,1210774804.2667735
2025-10-17,17081120.16528056,1245300422.8911536
2025-10-20,17510324.426075883,1315355282.7506459
2025-10-21,17497274.94656793,1313160666.8230164
2025-10-22,17152444.433642503,1255221853.748111
2025-10-23,17440297.378958046,1302382701.647801
2025-10-24,17804296.024989605,1363238358.989259
2025-10-27,18437640.20411446,1417522533.1831234
2025-10-28,18719865.407029584,1441811379.6740165
2025-10-29,18879948.929619763,1455613277.8788576
2025-10-30,18301010.972393997,1405648532.5228117
2025-10-31,18474671.636949178,1420579556.1069736
2025-11-03,18644350.14224318,1435184574.9868734
2025-11-04,17158097.774131283,1307116899.1899517
2025-11-05,17381641.701560516,1326180047.5876417
2025-11-06,16431681.998327974,1245045963.05912
2025-11-07,16106602.207563752,1217473231.3353055
2025-11-10,16813584.366018664,1277293781.512496
2025-11-11,16024326.253400814,1210176245.3102915
2025-11-12,16512222.500162797,1251422335.1337566
2025-11-13,15375784.697505327,1155010466.0686517
2025-11-14,15383658.349326825,1155672547.3313675
2025-11-17,14847882.54898815,1110617367.7514343
2025-11-18,14647169.995700818,1095604126.174989
2025-11-19,14697502.816513322,1099369006.7751591
2025-11-20,14276523.195681937,1067879851.5490079
2025-11-21,14339837.762842791,1072615763.0628892
2025-11-24,15590382.228904486,1177325130.6417537
2025-11-25,15680680.523159474,1184958313.3653617
2025-11-26,16557879.732063299,1259161551.4761133
2025-11-28,17143848.62258516,1309042849.9953527
2025-12-01,17157768.981428277,1310232673.1905348
2025-12-02,17850683.05750352,1369464271.753156
2025-12-03,18609786.113807533,1434654585.0095103
2025-12-04,18229679.318061717,1401852755.7404113
2025-12-05,18592093.13583733,1433049881.1768312
2025-12-08,18991243.83445384,1467489344.536188
2025-12-09,18938215.364094313,1462902467.401667
2025-12-10,19432059.500506032,1505604906.6691642
2025-12-11,19206545.698158707,1486045675.5681002
2025-12-12,17339191.895598963,1324313672.4943206
2025-12-15,17043956.55654112,1299072076.5256896
2025-12-16,16661275.382404782,1255538422.2199097
2025-12-17,16292579.07936825,1227754692.345205
2025-12-18,16525136.632074907,1245279457.772766
2025-12-19,18327395.52470456,1447984307.527374
2025-12-22,19233923.355440553,1554882273.5098412
2025-12-23,19496068.167596098,1586512048.0354257
2025-12-24,19800955.327862244,1623542641.5120492
2025-12-26,19800955.327862244,1623542641.5120492
2025-12-29,19566891.46733287,1594898413.8544967
2025-12-30,19477138.26741704,1586709098.5635517
2025-12-31,18496992.974964853,1497327301.1407504
2026-01-02,21569440.80662573,1868542138.4722347
2026-01-05,22175156.56746427,2025176873.754674
2026-01-06,23621046.147573262,2172991650.9799232
2026-01-07,23117049.60297797,2121090982.7827015
2026-01-08,22335075.474684883,2040774304.6144238
2026-01-09,24927113.301391486,2305889944.5892034
2026-01-12,25143810.77525625,2350768295.7747602
2026-01-13,25581537.94921903,2442390068.393581
2026-01-14,25370617.287178878,2419847989.7117777
2026-01-15,26199354.353917845,2508331078.7205234
2026-01-16,27006310.12844611,2594814022.62745
2026-01-20,26169358.60700634,2504796356.3679695
2026-01-21,27845841.928237908,2684420637.128972
2026-01-22,27916378.20311227,2692032469.1619086
2026-01-23,27294085.764128223,2624858315.216778
2026-01-26,27026905.69484662,2596095735.6584725
2026-01-27,28297748.575751618,2732743552.842648
2026-01-28,29795010.597406503,2894600469.9988713
2026-01-29,29903241.551442247,2906370648.0185156
2026-01-30,27435449.6588869,2637880889.8793116
2026-02-02,29464311.868994374,2856245428.7039666
2026-02-03,28253203.215641044,2593400995.71633
2026-02-04,23298088.697822697,2084255229.6176758
2026-02-05,23350651.86206476,2088957548.824101
2026-02-06,30805320.062160555,2755854794.4580865
2026-02-09,32329471.697210778,2959363962.6292243
2026-02-10,31862631.61274883,2895582700.437276
2026-02-11,35037527.988798685,3326217461.4410973
2026-02-12,33329929.69600876,3144753931.808787
2026-02-13,34384548.45720877,3256140859.3947906
2026-02-17,34213345.90289151,3237992533.9257965
2026-02-18,35595492.41488174,3384419423.6699543
2026-02-19,35214139.870925464,3303242558.151754
2026-02-20,35894128.580067426,3446046941.497808
2026-02-23,35446187.40271077,3349767132.8769784
2026-02-24,36408981.8237774,3553469046.670363
2026-02-25,37594333.13649843,3812473686.451195
2026-02-26,35308956.138248906,3553038557.243243
2026-02-27,33447970.600502413,3343412869.3224716
2026-03-02,33440828.676825076,3342613731.101591
2026-03-03,26772057.908524346,2596437497.9876823
2026-03-04,29979493.65053978,2907504598.671906
2026-03-05,28688183.54396041,2720586280.688577
2026-03-06,27964696.877277274,2651975875.41063
2026-03-09,34306242.69114447,3253363638.882232
2026-03-10,35401186.14931219,3408343883.9797654
2026-03-11,37346662.576333255,3595649830.55164
2026-03-12,36572962.5932131,3521159795.2635417
2026-03-13,36636972.90833307,3527322559.55993
2026-03-16,37066041.17285527,3568632254.354506
2026-03-17,38231666.27288031,3736130275.5472565
2026-03-18,38102256.04246176,3723483861.541094
2026-03-19,39273111.15782638,3837903861.2756114
2026-03-20,38741832.359309465,3785985464.8937244
2026-03-23,39028191.5317258,3813969470.772753
2026-03-24,39312273.83721549,3841730973.3636084
2026-03-25,41305928.639279716,4132517275.8427644
2026-03-26,40137138.92622528,4015583851.5102673
2026-03-27,39750274.846166365,3976879419.8000407
2026-03-30,38728587.61196722,3874663096.746092
2026-03-31,40118698.13177181,4013738912.922281
2026-04-01,40847215.25225917,4086624566.0316095
2026-04-02,40923813.81589156,4094287991.063883
2026-04-06,41243446.47053058,4126266147.9709554
2026-04-07,43862074.71191525,4388250972.014863
2026-04-08,55242946.07836533,6087679871.743006
2026-04-09,57699499.42945045,6693742677.55069
2026-04-10,60067998.31307587,7308900581.315273
2026-04-13,62264933.88233869,7608135778.506721
2026-04-14,64724692.547753446,7944580472.304243
2026-04-15,65055107.16012938,7989979513.24829
2026-04-16,66277124.8691839,8157986843.042913
2026-04-17,69447880.59724113,8594873304.478197
2026-04-20,70067103.24204673,8680658782.055563
2026-04-21,71119129.2283137,8826557491.592402
2026-04-22,74786743.399466,9336093671.269289
2026-04-23,78168640.5627983,9808686836.394243
2026-04-24,85390424.41799419,10823086873.733784
2026-04-27,83192376.18899302,10511222582.59541
2026-04-28,76944957.57420325,9627620417.00463
2026-04-29,84859560.5478782,10736168127.41926
2026-04-30,93544341.85356481,11966136298.505465
2026-05-01,95232378.60207425,12207851953.651743
2026-05-04,93837856.73632598,12007743050.67911
2026-05-05,102025182.25298181,13180510286.833887
2026-05-06,112310009.42610708,14667843595.508472
2026-05-07,106071505.21289513,13755801801.646431
2026-05-08,129284214.16567817,17125565634.644875
2026-05-11,135883303.81451565,18104086100.91062
2026-05-12,127325127.55864523,16827711374.68487
2026-05-13,138915759.4971658,18542475978.51721
2026-05-14,139900850.41300288,18836856437.371765
2026-05-15,128820358.66210143,15496724942.362768
2026-05-18,115751431.33011213,13736849932.081625
2026-05-19,115965007.998806,13762196233.316334
2026-05-20,148504530.64370868,17623837806.97278
