date,equity,held,exposure,regime,base_target
2010-07-01,1.0,CASH,0.0,WARMUP,TQQQ
2010-07-02,1.0,CASH,0.0,WARMUP,TQQQ
2010-07-06,1.0,CASH,0.0,WARMUP,TQQQ
2010-07-07,1.0,CASH,0.0,WARMUP,TQQQ
2010-07-08,1.0,CASH,0.0,WARMUP,TQQQ
2010-07-09,1.0,CASH,0.0,WARMUP,TQQQ
2010-07-12,1.0,CASH,0.0,WARMUP,TQQQ
2010-07-13,1.0,CASH,0.0,WARMUP,TQQQ
2010-07-14,1.0,CASH,0.0,WARMUP,TQQQ
2010-07-15,1.0,CASH,0.0,WARMUP,TQQQ
2010-07-16,1.0,CASH,0.0,WARMUP,TQQQ
2010-07-19,1.0,CASH,0.0,WARMUP,TQQQ
2010-07-20,1.0,CASH,0.0,WARMUP,TQQQ
2010-07-21,1.0,CASH,0.0,WARMUP,TQQQ
2010-07-22,1.0,CASH,0.0,WARMUP,TQQQ
2010-07-23,1.0,CASH,0.0,WARMUP,TQQQ
2010-07-26,1.0,CASH,0.0,WARMUP,TQQQ
2010-07-27,1.0,CASH,0.0,WARMUP,TQQQ
2010-07-28,1.0,CASH,0.0,WARMUP,TQQQ
2010-07-29,1.0,CASH,0.0,WARMUP,TQQQ
2010-07-30,1.0,CASH,0.0,WARMUP,TQQQ
2010-08-02,1.0,CASH,0.0,WARMUP,TQQQ
2010-08-03,1.0,CASH,0.0,WARMUP,TQQQ
2010-08-04,1.0,CASH,0.0,WARMUP,TQQQ
2010-08-05,1.0,CASH,0.0,WARMUP,TQQQ
2010-08-06,1.0,CASH,0.0,WARMUP,TQQQ
2010-08-09,1.0,CASH,0.0,WARMUP,TQQQ
2010-08-10,1.0,CASH,0.0,WARMUP,TQQQ
2010-08-11,1.0,CASH,0.0,WARMUP,TQQQ
2010-08-12,1.0,CASH,0.0,WARMUP,TQQQ
2010-08-13,1.0,CASH,0.0,WARMUP,TQQQ
2010-08-16,1.0,CASH,0.0,WARMUP,TQQQ
2010-08-17,1.0,CASH,0.0,WARMUP,TQQQ
2010-08-18,1.0,CASH,0.0,WARMUP,TQQQ
2010-08-19,1.0,CASH,0.0,WARMUP,TQQQ
2010-08-20,1.0,CASH,0.0,WARMUP,TQQQ
2010-08-23,1.0,CASH,0.0,WARMUP,TQQQ
2010-08-24,1.0,CASH,0.0,WARMUP,TQQQ
2010-08-25,1.0,CASH,0.0,WARMUP,TQQQ
2010-08-26,1.0,CASH,0.0,WARMUP,TQQQ
2010-08-27,1.0,CASH,0.0,WARMUP,TQQQ
2010-08-30,1.0,CASH,0.0,WARMUP,TQQQ
2010-08-31,1.0,CASH,0.0,WARMUP,TQQQ
2010-09-01,1.0,CASH,0.0,WARMUP,TQQQ
2010-09-02,1.0,CASH,0.0,WARMUP,TQQQ
2010-09-03,1.0,CASH,0.0,WARMUP,TQQQ
2010-09-07,1.0,CASH,0.0,WARMUP,TQQQ
2010-09-08,1.0,CASH,0.0,WARMUP,TQQQ
2010-09-09,1.0,CASH,0.0,WARMUP,TQQQ
2010-09-10,1.0,CASH,0.0,WARMUP,TQQQ
2010-09-13,1.0,CASH,0.0,WARMUP,TQQQ
2010-09-14,1.0,CASH,0.0,WARMUP,TQQQ
2010-09-15,1.0,CASH,0.0,WARMUP,TQQQ
2010-09-16,1.0,CASH,0.0,WARMUP,TQQQ
2010-09-17,1.0,CASH,0.0,WARMUP,TQQQ
2010-09-20,1.0,CASH,0.0,WARMUP,TQQQ
2010-09-21,1.0,CASH,0.0,WARMUP,TQQQ
2010-09-22,1.0,CASH,0.0,WARMUP,TQQQ
2010-09-23,1.0,CASH,0.0,WARMUP,TQQQ
2010-09-24,1.0,CASH,0.0,WARMUP,TQQQ
2010-09-27,1.0,CASH,0.0,WARMUP,TQQQ
2010-09-28,1.0,CASH,0.0,WARMUP,TQQQ
2010-09-29,1.0,CASH,0.0,WARMUP,TQQQ
2010-09-30,1.0,CASH,0.0,WARMUP,TQQQ
2010-10-01,1.0,CASH,0.0,WARMUP,TQQQ
2010-10-04,1.0,CASH,0.0,WARMUP,TQQQ
2010-10-05,1.0,CASH,0.0,WARMUP,TQQQ
2010-10-06,1.0,CASH,0.0,WARMUP,TQQQ
2010-10-07,1.0,CASH,0.0,WARMUP,TQQQ
2010-10-08,1.0,CASH,0.0,WARMUP,TQQQ
2010-10-11,1.0,CASH,0.0,WARMUP,TQQQ
2010-10-12,1.0,CASH,0.0,WARMUP,TQQQ
2010-10-13,1.0,CASH,0.0,WARMUP,TQQQ
2010-10-14,1.0,CASH,0.0,WARMUP,TQQQ
2010-10-15,1.0,CASH,0.0,WARMUP,TQQQ
2010-10-18,1.0,CASH,0.0,WARMUP,TQQQ
2010-10-19,1.0,CASH,0.0,WARMUP,TQQQ
2010-10-20,1.0,CASH,0.0,WARMUP,TQQQ
2010-10-21,1.0,CASH,0.0,WARMUP,TQQQ
2010-10-22,1.0,CASH,0.0,WARMUP,TQQQ
2010-10-25,1.0,CASH,0.0,WARMUP,TQQQ
2010-10-26,1.0,CASH,0.0,WARMUP,TQQQ
2010-10-27,1.0,CASH,0.0,WARMUP,TQQQ
2010-10-28,1.0,CASH,0.0,WARMUP,TQQQ
2010-10-29,1.0,CASH,0.0,WARMUP,TQQQ
2010-11-01,1.0,CASH,0.0,WARMUP,TQQQ
2010-11-02,1.0,CASH,0.0,WARMUP,TQQQ
2010-11-03,1.0,CASH,0.0,WARMUP,TQQQ
2010-11-04,1.0,CASH,0.0,WARMUP,TQQQ
2010-11-05,1.0,CASH,0.0,WARMUP,TQQQ
2010-11-08,1.0,CASH,0.0,WARMUP,TQQQ
2010-11-09,1.0,CASH,0.0,WARMUP,TQQQ
2010-11-10,1.0,CASH,0.0,WARMUP,TQQQ
2010-11-11,1.0,CASH,0.0,WARMUP,TQQQ
2010-11-12,1.0,CASH,0.0,WARMUP,TQQQ
2010-11-15,1.0,CASH,0.0,WARMUP,TQQQ
2010-11-16,1.0,CASH,0.0,WARMUP,TQQQ
2010-11-17,1.0,CASH,0.0,WARMUP,TQQQ
2010-11-18,1.0,CASH,0.0,WARMUP,TQQQ
2010-11-19,1.0,CASH,0.0,WARMUP,TQQQ
2010-11-22,1.0,CASH,0.0,WARMUP,TQQQ
2010-11-23,1.0,CASH,0.0,WARMUP,TQQQ
2010-11-24,1.0,CASH,0.0,WARMUP,TQQQ
2010-11-26,1.0,CASH,0.0,WARMUP,TQQQ
2010-11-29,1.0,CASH,0.0,WARMUP,TQQQ
2010-11-30,1.0,CASH,0.0,WARMUP,TQQQ
2010-12-01,1.0,CASH,0.0,WARMUP,TQQQ
2010-12-02,1.0,CASH,0.0,WARMUP,TQQQ
2010-12-03,1.0,CASH,0.0,WARMUP,TQQQ
2010-12-06,1.0,CASH,0.0,WARMUP,TQQQ
2010-12-07,1.0,CASH,0.0,WARMUP,TQQQ
2010-12-08,1.0,CASH,0.0,WARMUP,TQQQ
2010-12-09,1.0,CASH,0.0,WARMUP,TQQQ
2010-12-10,1.0,CASH,0.0,WARMUP,TQQQ
2010-12-13,1.0,CASH,0.0,WARMUP,TQQQ
2010-12-14,1.0,CASH,0.0,WARMUP,TQQQ
2010-12-15,1.0,CASH,0.0,WARMUP,TQQQ
2010-12-16,1.0,CASH,0.0,WARMUP,TQQQ
2010-12-17,1.0,CASH,0.0,WARMUP,TQQQ
2010-12-20,1.0,CASH,0.0,WARMUP,TQQQ
2010-12-21,1.0,CASH,0.0,WARMUP,TQQQ
2010-12-22,1.0,CASH,0.0,WARMUP,TQQQ
2010-12-23,1.0,CASH,0.0,WARMUP,TQQQ
2010-12-27,1.0,CASH,0.0,WARMUP,TQQQ
2010-12-28,1.0,CASH,0.0,WARMUP,TQQQ
2010-12-29,1.0,CASH,0.0,WARMUP,TQQQ
2010-12-30,1.0,CASH,0.0,WARMUP,TQQQ
2010-12-31,1.0,CASH,0.0,WARMUP,TQQQ
2011-01-03,1.0,CASH,0.0,WARMUP,SOXL
2011-01-04,1.0,CASH,0.0,WARMUP,SOXL
2011-01-05,1.0,CASH,0.0,WARMUP,SOXL
2011-01-06,1.0,CASH,0.0,WARMUP,SOXL
2011-01-07,1.0,CASH,0.0,WARMUP,SOXL
2011-01-10,1.0,CASH,0.0,WARMUP,SOXL
2011-01-11,1.0,CASH,0.0,WARMUP,SOXL
2011-01-12,1.0,CASH,0.0,WARMUP,SOXL
2011-01-13,1.0,CASH,0.0,WARMUP,SOXL
2011-01-14,1.0,CASH,0.0,WARMUP,SOXL
2011-01-18,1.0,CASH,0.0,WARMUP,SOXL
2011-01-19,1.0,CASH,0.0,WARMUP,SOXL
2011-01-20,1.0,CASH,0.0,WARMUP,SOXL
2011-01-21,1.0,CASH,0.0,WARMUP,SOXL
2011-01-24,1.0,CASH,0.0,WARMUP,SOXL
2011-01-25,1.0,CASH,0.0,WARMUP,SOXL
2011-01-26,1.0,CASH,0.0,WARMUP,SOXL
2011-01-27,1.0,CASH,0.0,WARMUP,SOXL
2011-01-28,1.0,CASH,0.0,WARMUP,SOXL
2011-01-31,1.0,CASH,0.0,WARMUP,SOXL
2011-02-01,1.0,CASH,0.0,WARMUP,SOXL
2011-02-02,1.0,CASH,0.0,WARMUP,SOXL
2011-02-03,1.001063883573185,SOXL,1.0,RISK_ON,SOXL
2011-02-04,1.0602980175282024,SOXL,1.0,RISK_ON,SOXL
2011-02-07,1.0493626338755977,SOXL,1.0,RISK_ON,SOXL
2011-02-08,1.0469317527313238,SOXL,1.0,RISK_ON,SOXL
2011-02-09,1.0270354645168294,SOXL,1.0,RISK_ON,SOXL
2011-02-10,1.0358453493042614,SOXL,1.0,RISK_ON,SOXL
2011-02-11,1.059539098392845,SOXL,1.0,RISK_ON,SOXL
2011-02-14,1.0836885332356616,SOXL,1.0,RISK_ON,SOXL
2011-02-15,1.0527042896122327,SOXL,1.0,RISK_ON,SOXL
2011-02-16,1.085966603857164,SOXL,1.0,RISK_ON,SOXL
2011-02-17,1.1338099071717853,SOXL,1.0,RISK_ON,SOXL
2011-02-18,1.1207473532889147,SOXL,1.0,RISK_ON,SOXL
2011-02-22,0.9872418136388521,SOXL,1.0,RISK_ON,SOXL
2011-02-23,0.934235126328041,SOXL,1.0,RISK_ON,SOXL
2011-02-24,0.980407124241461,SOXL,1.0,RISK_ON,SOXL
2011-02-25,1.0545264357130604,SOXL,1.0,RISK_ON,SOXL
2011-02-28,1.022631298114049,SOXL,1.0,RISK_ON,SOXL
2011-03-01,0.961574242067268,SOXL,1.0,RISK_ON,SOXL
2011-03-02,1.0025829156761088,SOXL,1.0,RISK_ON,SOXL
2011-03-03,1.060753822665656,SOXL,1.0,RISK_ON,SOXL
2011-03-04,1.0273391754308372,SOXL,1.0,RISK_ON,SOXL
2011-03-07,0.9422847190730748,SOXL,1.0,RISK_ON,SOXL
2011-03-08,0.947296844528365,SOXL,1.0,RISK_ON,SOXL
2011-03-09,0.8628495115405665,SOXL,1.0,RISK_ON,SOXL
2011-03-10,0.79754020423962,SOXL,1.0,RISK_ON,SOXL
2011-03-11,0.8188035497168135,SOXL,1.0,RISK_ON,SOXL
2011-03-14,0.8154618342885676,SOXL,1.0,RISK_ON,SOXL
2011-03-15,0.7858445882362275,SOXL,1.0,RISK_ON,SOXL
2011-03-16,0.7351159118553083,SOXL,1.0,RISK_ON,SOXL
2011-03-17,0.7619994612235234,SOXL,1.0,RISK_ON,SOXL
2011-03-18,0.7695933682143242,SOXL,1.0,RISK_ON,SOXL
2011-03-21,0.8093870190923013,SOXL,1.0,RISK_ON,SOXL
2011-03-22,0.7904010279372847,SOXL,1.0,RISK_ON,SOXL
2011-03-23,0.811816467637924,SOXL,1.0,RISK_ON,SOXL
2011-03-24,0.8716588591035039,SOXL,1.0,RISK_ON,SOXL
2011-03-25,0.8643686033351007,SOXL,1.0,RISK_ON,SOXL
2011-03-28,0.8684694169735354,SOXL,1.0,RISK_ON,SOXL
2011-03-29,0.8923154393603963,SOXL,1.0,RISK_ON,SOXL
2011-03-30,0.8952005139686416,SOXL,1.0,RISK_ON,SOXL
2011-03-31,0.8724181363885241,SOXL,1.0,RISK_ON,SOXL
2011-04-01,0.8737505458052937,TQQQ,1.0,RISK_ON,TQQQ
2011-04-04,0.8658584071187809,TQQQ,1.0,RISK_ON,TQQQ
2011-04-05,0.8560178589866579,TQQQ,1.0,RISK_ON,TQQQ
2011-04-06,0.8624752704422962,TQQQ,1.0,RISK_ON,TQQQ
2011-04-07,0.8622707579402167,TQQQ,1.0,RISK_ON,TQQQ
2011-04-08,0.849355996592005,TQQQ,1.0,RISK_ON,TQQQ
2011-04-11,0.8416668313309457,TQQQ,1.0,RISK_ON,TQQQ
2011-04-12,0.8250617951747398,TQQQ,1.0,RISK_ON,TQQQ
2011-04-13,0.8447428298759206,TQQQ,1.0,RISK_ON,TQQQ
2011-04-14,0.8401296015967713,TQQQ,1.0,RISK_ON,TQQQ
2011-04-15,0.834697584552523,TQQQ,1.0,RISK_ON,TQQQ
2011-04-18,0.8186045684082965,TQQQ,1.0,RISK_ON,TQQQ
2011-04-19,0.8333651751357533,TQQQ,1.0,RISK_ON,TQQQ
2011-04-20,0.8888202606823414,TQQQ,1.0,RISK_ON,TQQQ
2011-04-21,0.911370626719141,TQQQ,1.0,RISK_ON,TQQQ
2011-04-25,0.9181348684909639,TQQQ,1.0,RISK_ON,TQQQ
2011-04-26,0.9339208696298108,TQQQ,1.0,RISK_ON,TQQQ
2011-04-27,0.9532948277625471,TQQQ,1.0,RISK_ON,TQQQ
2011-04-28,0.9518602852208679,TQQQ,1.0,RISK_ON,TQQQ
2011-04-29,0.9472469338155883,TQQQ,1.0,RISK_ON,TQQQ
2011-05-02,0.9421221164659147,TQQQ,1.0,RISK_ON,TQQQ
2011-05-03,0.9279754166230869,TQQQ,1.0,RISK_ON,TQQQ
2011-05-04,0.9225437073941638,TQQQ,1.0,RISK_ON,TQQQ
2011-05-05,0.908705746322537,TQQQ,1.0,RISK_ON,TQQQ
2011-05-06,0.9165978850090498,TQQQ,1.0,RISK_ON,TQQQ
2011-05-09,0.9265406278291475,TQQQ,1.0,RISK_ON,TQQQ
2011-05-10,0.9503232401758885,TQQQ,1.0,RISK_ON,TQQQ
2011-05-11,0.9298213235653972,TQQQ,1.0,RISK_ON,TQQQ
2011-05-12,0.9462216009672633,TQQQ,1.0,RISK_ON,TQQQ
2011-05-13,0.9127030361359108,TQQQ,1.0,RISK_ON,TQQQ
2011-05-16,0.8652425302160702,TQQQ,1.0,RISK_ON,TQQQ
2011-05-17,0.8723158185744191,TQQQ,1.0,RISK_ON,TQQQ
2011-05-18,0.8935337751944492,TQQQ,1.0,RISK_ON,TQQQ
2011-05-19,0.9012230020185736,TQQQ,1.0,RISK_ON,TQQQ
2011-05-20,0.8813375163783782,TQQQ,1.0,RISK_ON,TQQQ
2011-05-23,0.84310143543569,TQQQ,1.0,RISK_ON,TQQQ
2011-05-24,0.8272149018116247,TQQQ,1.0,RISK_ON,TQQQ
2011-05-25,0.8364393883518421,TQQQ,1.0,RISK_ON,TQQQ
2011-05-26,0.852123133239649,TQQQ,1.0,RISK_ON,TQQQ
2011-05-27,0.8648330742704559,TQQQ,1.0,RISK_ON,TQQQ
2011-05-31,0.9064503834346123,TQQQ,1.0,RISK_ON,TQQQ
2011-06-01,0.8485352378088247,TQQQ,1.0,RISK_ON,TQQQ
2011-06-02,0.8534555426564187,TQQQ,1.0,RISK_ON,TQQQ
2011-06-03,0.8147077495170763,TQQQ,1.0,RISK_ON,TQQQ
2011-06-06,0.7950267148158954,TQQQ,1.0,RISK_ON,TQQQ
2011-06-07,0.7950267148158954,CASH,0.0,CASH,TQQQ
2011-06-08,0.7950267148158954,CASH,0.0,CASH,TQQQ
2011-06-09,0.7950267148158954,CASH,0.0,CASH,TQQQ
2011-06-10,0.7950267148158954,CASH,0.0,CASH,TQQQ
2011-06-13,0.7950267148158954,CASH,0.0,CASH,TQQQ
2011-06-14,0.7950267148158954,CASH,0.0,CASH,TQQQ
2011-06-15,0.7950267148158954,CASH,0.0,CASH,TQQQ
2011-06-16,0.7950267148158954,CASH,0.0,CASH,TQQQ
2011-06-17,0.7950267148158954,CASH,0.0,CASH,TQQQ
2011-06-20,0.7950267148158954,CASH,0.0,CASH,TQQQ
2011-06-21,0.7950267148158954,CASH,0.0,CASH,TQQQ
2011-06-22,0.7950267148158954,CASH,0.0,CASH,TQQQ
2011-06-23,0.7950267148158954,CASH,0.0,CASH,TQQQ
2011-06-24,0.7950267148158954,CASH,0.0,CASH,TQQQ
2011-06-27,0.7950267148158954,CASH,0.0,CASH,TQQQ
2011-06-28,0.7950267148158954,CASH,0.0,CASH,TQQQ
2011-06-29,0.7950267148158954,CASH,0.0,CASH,TQQQ
2011-06-30,0.7950267148158954,CASH,0.0,CASH,TQQQ
2011-07-01,0.8318635696197413,TQQQ,1.0,RISK_ON,TQQQ
2011-07-05,0.8438515680496669,TQQQ,1.0,RISK_ON,TQQQ
2011-07-06,0.8528437282072813,TQQQ,1.0,RISK_ON,TQQQ
2011-07-07,0.8873601192071596,TQQQ,1.0,RISK_ON,TQQQ
2011-07-08,0.8800127580513764,TQQQ,1.0,RISK_ON,TQQQ
2011-07-11,0.8328307295496467,TQQQ,1.0,RISK_ON,TQQQ
2011-07-12,0.8125262357642428,TQQQ,1.0,RISK_ON,TQQQ
2011-07-13,0.8233560346287327,TQQQ,1.0,RISK_ON,TQQQ
2011-07-14,0.7950267148158954,TQQQ,1.0,RISK_ON,TQQQ
2011-07-15,0.8266436002958472,TQQQ,1.0,RISK_ON,TQQQ
2011-07-18,0.8130106867305733,TQQQ,1.0,RISK_ON,TQQQ
2011-07-19,0.8703431910888701,TQQQ,1.0,RISK_ON,TQQQ
2011-07-20,0.8581619464865908,TQQQ,1.0,RISK_ON,TQQQ
2011-07-21,0.8755649024155198,TQQQ,1.0,RISK_ON,TQQQ
2011-07-22,0.9027322483236178,TQQQ,1.0,RISK_ON,TQQQ
2011-07-25,0.8974156559135468,TQQQ,1.0,RISK_ON,TQQQ
2011-07-26,0.9023462205129783,TQQQ,1.0,RISK_ON,TQQQ
2011-07-27,0.8338942802986948,TQQQ,1.0,RISK_ON,TQQQ
2011-07-28,0.8383421359345515,TQQQ,1.0,RISK_ON,TQQQ
2011-07-29,0.8302207448876997,TQQQ,1.0,RISK_ON,TQQQ
2011-08-01,0.8190048020790532,TQQQ,1.0,RISK_ON,TQQQ
2011-08-02,0.7568365561379877,TQQQ,1.0,RISK_ON,TQQQ
2011-08-03,0.7568365561379877,CASH,0.0,CASH,TQQQ
2011-08-04,0.7568365561379877,CASH,0.0,CASH,TQQQ
2011-08-05,0.7568365561379877,CASH,0.0,CASH,TQQQ
2011-08-08,0.7568365561379877,CASH,0.0,CASH,TQQQ
2011-08-09,0.8086638540762789,TQQQ,0.5,DEEP_DCA,TQQQ
2011-08-10,0.7609750510035946,TQQQ,0.5,DEEP_DCA,TQQQ
2011-08-11,0.8098165214907158,TQQQ,0.5,DEEP_DCA,TQQQ
2011-08-12,0.820117539389582,TQQQ,0.5,DEEP_DCA,TQQQ
2011-08-15,0.820117539389582,CASH,0.0,CASH,TQQQ
2011-08-16,0.820117539389582,CASH,0.0,CASH,TQQQ
2011-08-17,0.820117539389582,CASH,0.0,CASH,TQQQ
2011-08-18,0.820117539389582,CASH,0.0,CASH,TQQQ
2011-08-19,0.7971311086213198,TQQQ,0.5,DEEP_DCA,TQQQ
2011-08-22,0.8007080912584847,TQQQ,0.5,DEEP_DCA,TQQQ
2011-08-23,0.8502606611909788,TQQQ,0.5,DEEP_DCA,TQQQ
2011-08-24,0.8602844406263414,TQQQ,0.5,DEEP_DCA,TQQQ
2011-08-25,0.8396186835920415,TQQQ,0.5,DEEP_DCA,TQQQ
2011-08-26,0.8699472630890048,TQQQ,0.5,DEEP_DCA,TQQQ
2011-08-29,0.9069662534526438,TQQQ,0.5,DEEP_DCA,TQQQ
2011-08-30,0.9069662534526438,CASH,0.0,CASH,TQQQ
2011-08-31,0.9069662534526438,CASH,0.0,CASH,TQQQ
2011-09-01,0.9069662534526438,CASH,0.0,CASH,TQQQ
2011-09-02,0.9069662534526438,CASH,0.0,CASH,TQQQ
2011-09-06,0.9068936280301575,TQQQ,0.5,DEEP_DCA,TQQQ
2011-09-07,0.9411771868215608,TQQQ,0.5,DEEP_DCA,TQQQ
2011-09-08,0.9411771868215608,CASH,0.0,CASH,TQQQ
2011-09-09,0.9411771868215608,CASH,0.0,CASH,TQQQ
2011-09-12,0.9588255920355839,TQQQ,0.5,DEEP_DCA,TQQQ
2011-09-13,0.9588255920355839,CASH,0.0,CASH,TQQQ
2011-09-14,0.9588255920355839,CASH,0.0,CASH,TQQQ
2011-09-15,0.9588255920355839,CASH,0.0,CASH,TQQQ
2011-09-16,0.9588255920355839,CASH,0.0,CASH,TQQQ
2011-09-19,0.9588255920355839,CASH,0.0,CASH,TQQQ
2011-09-20,0.9588255920355839,CASH,0.0,CASH,TQQQ
2011-09-21,0.9588255920355839,CASH,0.0,CASH,TQQQ
2011-09-22,0.9588255920355839,CASH,0.0,CASH,TQQQ
2011-09-23,0.9737734112586794,TQQQ,0.5,DEEP_DCA,TQQQ
2011-09-26,0.9737734112586794,CASH,0.0,CASH,TQQQ
2011-09-27,0.9737734112586794,CASH,0.0,CASH,TQQQ
2011-09-28,0.9737734112586794,CASH,0.0,CASH,TQQQ
2011-09-29,0.9737734112586794,CASH,0.0,CASH,TQQQ
2011-09-30,0.9737734112586794,CASH,0.0,CASH,TQQQ
2011-10-03,0.9356129975024562,TQQQ,0.5,DEEP_DCA,TQQQ
2011-10-04,0.9640780853025543,TQQQ,0.5,DEEP_DCA,TQQQ
2011-10-05,1.0007229397877315,TQQQ,0.5,DEEP_DCA,TQQQ
2011-10-06,1.0264325181603056,TQQQ,0.5,DEEP_DCA,TQQQ
2011-10-07,1.0264325181603056,CASH,0.0,CASH,TQQQ
2011-10-10,1.0264325181603056,CASH,0.0,CASH,TQQQ
2011-10-11,1.0264325181603056,CASH,0.0,CASH,TQQQ
2011-10-12,1.0264325181603056,CASH,0.0,CASH,TQQQ
2011-10-13,1.05398786800298,TQQQ,1.0,RISK_ON,TQQQ
2011-10-14,1.112038814238341,TQQQ,1.0,RISK_ON,TQQQ
2011-10-17,1.0605623631244814,TQQQ,1.0,RISK_ON,TQQQ
2011-10-18,1.099029279673301,TQQQ,1.0,RISK_ON,TQQQ
2011-10-19,1.0356634759281098,TQQQ,1.0,RISK_ON,TQQQ
2011-10-20,1.0225143176662177,TQQQ,1.0,RISK_ON,TQQQ
2011-10-21,1.0588836023939203,TQQQ,1.0,RISK_ON,TQQQ
2011-10-24,1.1250452404539324,TQQQ,1.0,RISK_ON,TQQQ
2011-10-25,1.0612607336370745,TQQQ,1.0,RISK_ON,TQQQ
2011-10-26,1.0570654699948412,TQQQ,1.0,RISK_ON,TQQQ
2011-10-27,1.1422523909256534,TQQQ,1.0,RISK_ON,TQQQ
2011-10-28,1.1460285314489973,TQQQ,1.0,RISK_ON,TQQQ
2011-10-31,1.0892372228253075,TQQQ,1.0,RISK_ON,TQQQ
2011-11-01,1.0048909844061664,TQQQ,1.0,RISK_ON,TQQQ
2011-11-02,1.0296475596034604,TQQQ,1.0,RISK_ON,TQQQ
2011-11-03,1.0923149928360583,TQQQ,1.0,RISK_ON,TQQQ
2011-11-04,1.0753900300886006,TQQQ,1.0,RISK_ON,TQQQ
2011-11-07,1.09930844305756,TQQQ,1.0,RISK_ON,TQQQ
2011-11-08,1.1359572272073002,TQQQ,1.0,RISK_ON,TQQQ
2011-11-09,1.018458845739725,TQQQ,1.0,RISK_ON,TQQQ
2011-11-10,1.014261229833044,TQQQ,1.0,RISK_ON,TQQQ
2011-11-11,1.071192078144141,TQQQ,1.0,RISK_ON,TQQQ
2011-11-14,1.0530073937755675,TQQQ,1.0,RISK_ON,TQQQ
2011-11-15,1.086860343610487,TQQQ,1.0,RISK_ON,TQQQ
2011-11-16,1.0332865127038442,TQQQ,1.0,RISK_ON,TQQQ
2011-11-17,0.9622261999223322,TQQQ,1.0,RISK_ON,TQQQ
2011-11-18,0.9622261999223322,CASH,0.0,CASH,TQQQ
2011-11-21,0.9622261999223322,CASH,0.0,CASH,TQQQ
2011-11-22,0.9622261999223322,CASH,0.0,CASH,TQQQ
2011-11-23,0.9622261999223322,CASH,0.0,CASH,TQQQ
2011-11-25,0.9513197369950745,TQQQ,0.5,DEEP_DCA,TQQQ
2011-11-28,1.0004385351551315,TQQQ,0.5,DEEP_DCA,TQQQ
2011-11-29,1.0004385351551315,CASH,0.0,CASH,TQQQ
2011-11-30,1.0004385351551315,CASH,0.0,CASH,TQQQ
2011-12-01,1.0004385351551315,CASH,0.0,CASH,TQQQ
2011-12-02,0.9909190994446531,TQQQ,1.0,RISK_ON,TQQQ
2011-12-05,1.0233934800785418,TQQQ,1.0,RISK_ON,TQQQ
2011-12-06,1.015556372932448,TQQQ,1.0,RISK_ON,TQQQ
2011-12-07,1.0170961184552454,TQQQ,1.0,RISK_ON,TQQQ
2011-12-08,0.9653031648795511,TQQQ,1.0,RISK_ON,TQQQ
2011-12-09,1.011076020317299,TQQQ,1.0,RISK_ON,TQQQ
2011-12-12,0.9779000739510738,TQQQ,1.0,RISK_ON,TQQQ
2011-12-13,0.9448668787668147,TQQQ,1.0,RISK_ON,TQQQ
2011-12-14,0.9448668787668147,CASH,0.0,CASH,TQQQ
2011-12-15,0.9448668787668147,CASH,0.0,CASH,TQQQ
2011-12-16,0.9448668787668147,CASH,0.0,CASH,TQQQ
2011-12-19,0.9448668787668147,CASH,0.0,CASH,TQQQ
2011-12-20,0.9448668787668147,CASH,0.0,CASH,TQQQ
2011-12-21,0.9448668787668147,CASH,0.0,CASH,TQQQ
2011-12-22,0.9448668787668147,CASH,0.0,CASH,TQQQ
2011-12-23,0.9448668787668147,CASH,0.0,CASH,TQQQ
2011-12-27,0.9448668787668147,CASH,0.0,CASH,TQQQ
2011-12-28,0.914535291228284,TQQQ,1.0,RISK_ON,TQQQ
2011-12-29,0.9323530302020329,TQQQ,1.0,RISK_ON,TQQQ
2011-12-30,0.9247383981961329,TQQQ,1.0,RISK_ON,TQQQ
2012-01-03,0.9773737720436914,TQQQ,1.0,RISK_ON,TQQQ
2012-01-04,0.9890703493387717,TQQQ,1.0,RISK_ON,TQQQ
2012-01-05,1.0134163744297888,TQQQ,1.0,RISK_ON,TQQQ
2012-01-06,1.0238879842125812,TQQQ,1.0,RISK_ON,TQQQ
2012-01-09,1.0153200732744059,TQQQ,1.0,RISK_ON,TQQQ
2012-01-10,1.036130389256202,TQQQ,1.0,RISK_ON,TQQQ
2012-01-11,1.043337896823502,TQQQ,1.0,RISK_ON,TQQQ
2012-01-12,1.0557160644708454,TQQQ,1.0,RISK_ON,TQQQ
2012-01-13,1.0436093403446633,TQQQ,1.0,RISK_ON,TQQQ
2012-01-17,1.0716296961685583,TQQQ,1.0,RISK_ON,TQQQ
2012-01-18,1.1142009114170595,TQQQ,1.0,RISK_ON,TQQQ
2012-01-19,1.1365049427849385,TQQQ,1.0,RISK_ON,TQQQ
2012-01-20,1.1314728226422681,TQQQ,1.0,RISK_ON,TQQQ
2012-01-23,1.1313369783522618,TQQQ,1.0,RISK_ON,TQQQ
2012-01-24,1.1250800540698709,TQQQ,1.0,RISK_ON,TQQQ
2012-01-25,1.168061252776906,TQQQ,1.0,RISK_ON,TQQQ
2012-01-26,1.1556833301884144,TQQQ,1.0,RISK_ON,TQQQ
2012-01-27,1.1671081372171983,TQQQ,1.0,RISK_ON,TQQQ
2012-01-30,1.1690117543755314,TQQQ,1.0,RISK_ON,TQQQ
2012-01-31,1.1730932912332928,TQQQ,1.0,RISK_ON,TQQQ
2012-02-01,1.2019260171498594,TQQQ,1.0,RISK_ON,TQQQ
2012-02-02,1.214304021424635,TQQQ,1.0,RISK_ON,TQQQ
2012-02-03,1.2625888654817858,TQQQ,1.0,RISK_ON,TQQQ
2012-02-06,1.2613643880872007,TQQQ,1.0,RISK_ON,TQQQ
2012-02-07,1.2668037960410388,TQQQ,1.0,RISK_ON,TQQQ
2012-02-08,1.287885555543996,TQQQ,1.0,RISK_ON,TQQQ
2012-02-09,1.3164493702142002,TQQQ,1.0,RISK_ON,TQQQ
2012-02-10,1.2882929250414474,TQQQ,1.0,RISK_ON,TQQQ
2012-02-13,1.3229775746451846,TQQQ,1.0,RISK_ON,TQQQ
2012-02-14,1.3345382259639749,TQQQ,1.0,RISK_ON,TQQQ
2012-02-15,1.3047500155854694,TQQQ,1.0,RISK_ON,TQQQ
2012-02-16,1.3592920289838626,TQQQ,1.0,RISK_ON,TQQQ
2012-02-17,1.3477312142925046,TQQQ,1.0,RISK_ON,TQQQ
2012-02-21,1.3591560213212885,TQQQ,1.0,RISK_ON,TQQQ
2012-02-22,1.3412024380575334,TQQQ,1.0,RISK_ON,TQQQ
2012-02-23,1.3666352174686014,TQQQ,1.0,RISK_ON,TQQQ
2012-02-24,1.379966745734504,TQQQ,1.0,RISK_ON,TQQQ
2012-02-27,1.386630712769211,TQQQ,1.0,RISK_ON,TQQQ
2012-02-28,1.4281128047954306,TQQQ,1.0,RISK_ON,TQQQ
2012-02-29,1.409345217713327,TQQQ,1.0,RISK_ON,TQQQ
2012-03-01,1.4436193120545435,TQQQ,1.0,RISK_ON,TQQQ
2012-03-02,1.4392660866167695,TQQQ,1.0,RISK_ON,TQQQ
2012-03-05,1.3943815974965366,TQQQ,1.0,RISK_ON,TQQQ
2012-03-06,1.3543956714449148,TQQQ,1.0,RISK_ON,TQQQ
2012-03-07,1.3851343834220453,TQQQ,1.0,RISK_ON,TQQQ
2012-03-08,1.4290660837277058,TQQQ,1.0,RISK_ON,TQQQ
2012-03-09,1.4463375048352116,TQQQ,1.0,RISK_ON,TQQQ
2012-03-12,1.4486516772560654,TQQQ,1.0,RISK_ON,TQQQ
2012-03-13,1.5302582352712792,TQQQ,1.0,RISK_ON,TQQQ
2012-03-14,1.5473940571476301,TQQQ,1.0,RISK_ON,TQQQ
2012-03-15,1.559226478732717,TQQQ,1.0,RISK_ON,TQQQ
2012-03-16,1.555826205482083,TQQQ,1.0,RISK_ON,TQQQ
2012-03-19,1.589693502129835,TQQQ,1.0,RISK_ON,TQQQ
2012-03-20,1.5983978291620038,TQQQ,1.0,RISK_ON,TQQQ
2012-03-21,1.5978539618842753,TQQQ,1.0,RISK_ON,TQQQ
2012-03-22,1.5881976629003725,TQQQ,1.0,RISK_ON,TQQQ
2012-03-23,1.5860220304168913,TQQQ,1.0,RISK_ON,TQQQ
2012-03-26,1.668853555944393,TQQQ,1.0,RISK_ON,TQQQ
2012-03-27,1.6752432204380052,TQQQ,1.0,RISK_ON,TQQQ
2012-03-28,1.6556577902822136,TQQQ,1.0,RISK_ON,TQQQ
2012-03-29,1.63865740426445,TQQQ,1.0,RISK_ON,TQQQ
2012-03-30,1.6272327606082337,TQQQ,1.0,RISK_ON,TQQQ
2012-04-02,1.676875639134029,TQQQ,1.0,RISK_ON,TQQQ
2012-04-03,1.6770140156988338,TQQQ,1.0,RISK_ON,TQQQ
2012-04-04,1.608600282639582,TQQQ,1.0,RISK_ON,TQQQ
2012-04-05,1.6379785912458373,TQQQ,1.0,RISK_ON,TQQQ
2012-04-09,1.6003038969088517,TQQQ,1.0,RISK_ON,TQQQ
2012-04-10,1.5230479503703294,TQQQ,1.0,RISK_ON,TQQQ
2012-04-11,1.5450829888055622,TQQQ,1.0,RISK_ON,TQQQ
2012-04-12,1.5969008463245675,TQQQ,1.0,RISK_ON,TQQQ
2012-04-13,1.524680205693785,TQQQ,1.0,RISK_ON,TQQQ
2012-04-16,1.4766697458640132,TQQQ,1.0,RISK_ON,TQQQ
2012-04-17,1.5637154667742135,TQQQ,1.0,RISK_ON,TQQQ
2012-04-18,1.5522908231179973,TQQQ,1.0,RISK_ON,TQQQ
2012-04-19,1.5021019534710942,TQQQ,1.0,RISK_ON,TQQQ
2012-04-20,1.4859166331933686,TQQQ,1.0,RISK_ON,TQQQ
2012-04-23,1.4485160780249104,TQQQ,1.0,RISK_ON,TQQQ
2012-04-24,1.4229448403627536,TQQQ,1.0,RISK_ON,TQQQ
2012-04-25,1.5359695768639812,TQQQ,1.0,RISK_ON,TQQQ
2012-04-26,1.563443941566768,TQQQ,1.0,RISK_ON,TQQQ
2012-04-27,1.5902370426624275,TQQQ,1.0,RISK_ON,TQQQ
2012-04-30,1.5571869355980932,TQQQ,1.0,RISK_ON,TQQQ
2012-05-01,1.5660288223322285,TQQQ,1.0,RISK_ON,TQQQ
2012-05-02,1.57636491457015,TQQQ,1.0,RISK_ON,TQQQ
2012-05-03,1.5274016659258058,TQQQ,1.0,RISK_ON,TQQQ
2012-05-04,1.415327594395771,TQQQ,1.0,RISK_ON,TQQQ
2012-05-07,1.4173666474126916,TQQQ,1.0,RISK_ON,TQQQ
2012-05-08,1.4017271548835062,TQQQ,1.0,RISK_ON,TQQQ
2012-05-09,1.3939741463128013,TQQQ,1.0,RISK_ON,TQQQ
2012-05-10,1.379691953075706,TQQQ,1.0,RISK_ON,TQQQ
2012-05-11,1.378334163665913,TQQQ,1.0,RISK_ON,TQQQ
2012-05-14,1.3402494858703935,TQQQ,1.0,RISK_ON,TQQQ
2012-05-15,1.3285531536341646,TQQQ,1.0,RISK_ON,TQQQ
2012-05-16,1.2997177320702318,TQQQ,1.0,RISK_ON,TQQQ
2012-05-17,1.2197435110647574,TQQQ,1.0,RISK_ON,TQQQ
2012-05-18,1.1707796089301425,TQQQ,1.0,RISK_ON,TQQQ
2012-05-21,1.1707796089301425,CASH,0.0,CASH,TQQQ
2012-05-22,1.1665135143846024,TQQQ,1.0,RISK_ON,TQQQ
2012-05-23,1.173036454170667,TQQQ,1.0,RISK_ON,TQQQ
2012-05-24,1.1519594545796223,TQQQ,1.0,RISK_ON,TQQQ
2012-05-25,1.145436439444825,TQQQ,1.0,RISK_ON,TQQQ
2012-05-29,1.1880912816528815,TQQQ,1.0,RISK_ON,TQQQ
2012-05-30,1.159236333784647,TQQQ,1.0,RISK_ON,TQQQ
2012-05-31,1.1426759632752248,TQQQ,1.0,RISK_ON,TQQQ
2012-06-01,1.0528468618743807,TQQQ,1.0,RISK_ON,TQQQ
2012-06-04,1.0528468618743807,CASH,0.0,CASH,TQQQ
2012-06-05,1.0528468618743807,CASH,0.0,CASH,TQQQ
2012-06-06,1.0528468618743807,CASH,0.0,CASH,TQQQ
2012-06-07,1.04105212232036,TQQQ,1.0,RISK_ON,TQQQ
2012-06-08,1.0716723761098343,TQQQ,1.0,RISK_ON,TQQQ
2012-06-11,1.0204127243390628,TQQQ,1.0,RISK_ON,TQQQ
2012-06-12,1.052620262624515,TQQQ,1.0,RISK_ON,TQQQ
2012-06-13,1.0319790938044753,TQQQ,1.0,RISK_ON,TQQQ
2012-06-14,1.0435473022178128,TQQQ,1.0,RISK_ON,TQQQ
2012-06-15,1.0821041147055408,TQQQ,1.0,RISK_ON,TQQQ
2012-06-18,1.1100027255660612,TQQQ,1.0,RISK_ON,TQQQ
2012-06-19,1.1465191912764452,TQQQ,1.0,RISK_ON,TQQQ
2012-06-20,1.1506020643249704,TQQQ,1.0,RISK_ON,TQQQ
2012-06-21,1.0644130270122456,TQQQ,1.0,RISK_ON,TQQQ
2012-06-22,1.097528460699173,TQQQ,1.0,RISK_ON,TQQQ
2012-06-25,1.032434267470496,TQQQ,1.0,RISK_ON,TQQQ
2012-06-26,1.052391824426724,TQQQ,1.0,RISK_ON,TQQQ
2012-06-27,1.071672376109834,TQQQ,1.0,RISK_ON,TQQQ
2012-06-28,1.033113384128269,TQQQ,1.0,RISK_ON,TQQQ
2012-06-29,1.1340429512432673,TQQQ,1.0,RISK_ON,TQQQ
2012-07-02,1.1431156392132398,TQQQ,1.0,RISK_ON,TQQQ
2012-07-03,1.170332885812968,TQQQ,1.0,RISK_ON,TQQQ
2012-07-05,1.1744158950798582,TQQQ,1.0,RISK_ON,TQQQ
2012-07-06,1.1281468074315404,TQQQ,1.0,RISK_ON,TQQQ
2012-07-09,1.1242905336328806,TQQQ,1.0,RISK_ON,TQQQ
2012-07-10,1.0898163217569483,TQQQ,1.0,RISK_ON,TQQQ
2012-07-11,1.074847013210972,TQQQ,1.0,RISK_ON,TQQQ
2012-07-12,1.043773833358496,TQQQ,1.0,RISK_ON,TQQQ
2012-07-13,1.043773833358496,CASH,0.0,CASH,TQQQ
2012-07-16,1.0359487021793006,TQQQ,1.0,RISK_ON,TQQQ
2012-07-17,1.0518178233082016,TQQQ,1.0,RISK_ON,TQQQ
2012-07-18,1.0946367291156032,TQQQ,1.0,RISK_ON,TQQQ
2012-07-19,1.1302852524246885,TQQQ,1.0,RISK_ON,TQQQ
2012-07-20,1.0868115326638845,TQQQ,1.0,RISK_ON,TQQQ
2012-07-23,1.0466011779762767,TQQQ,1.0,RISK_ON,TQQQ
2012-07-24,1.0226900250733681,TQQQ,1.0,RISK_ON,TQQQ
2012-07-25,0.9998677484035794,TQQQ,1.0,RISK_ON,TQQQ
2012-07-26,0.9998677484035794,CASH,0.0,CASH,TQQQ
2012-07-27,0.9998677484035794,CASH,0.0,CASH,TQQQ
2012-07-30,0.9938404829545975,TQQQ,1.0,RISK_ON,TQQQ
2012-07-31,0.9944224217984704,TQQQ,1.0,RISK_ON,TQQQ
2012-08-01,0.9847006680239985,TQQQ,1.0,RISK_ON,TQQQ
2012-08-02,0.9743948148861651,TQQQ,1.0,RISK_ON,TQQQ
2012-08-03,1.029813949933493,TQQQ,1.0,RISK_ON,TQQQ
2012-08-06,1.0529541647198342,TQQQ,1.0,RISK_ON,TQQQ
2012-08-07,1.0790096793977262,TQQQ,1.0,RISK_ON,TQQQ
2012-08-08,1.0772588411181072,TQQQ,1.0,RISK_ON,TQQQ
2012-08-09,1.086398422479032,TQQQ,1.0,RISK_ON,TQQQ
2012-08-10,1.0908710481749264,TQQQ,1.0,RISK_ON,TQQQ
2012-08-13,1.0974828217342,TQQQ,1.0,RISK_ON,TQQQ
2012-08-14,1.0990380454114739,TQQQ,1.0,RISK_ON,TQQQ
2012-08-15,1.1068163827097492,TQQQ,1.0,RISK_ON,TQQQ
2012-08-16,1.146484454798972,TQQQ,1.0,RISK_ON,TQQQ
2012-08-17,1.1622344083011236,TQQQ,1.0,RISK_ON,TQQQ
2012-08-20,1.1667069172121807,TQQQ,1.0,RISK_ON,TQQQ
2012-08-21,1.1532906751122187,TQQQ,1.0,RISK_ON,TQQQ
2012-08-22,1.1657344498726405,TQQQ,1.0,RISK_ON,TQQQ
2012-08-23,1.1398726812396984,TQQQ,1.0,RISK_ON,TQQQ
2012-08-24,1.1600949100832327,TQQQ,1.0,RISK_ON,TQQQ
2012-08-27,1.1657344498726405,TQQQ,1.0,RISK_ON,TQQQ
2012-08-28,1.1655402366883418,TQQQ,1.0,RISK_ON,TQQQ
2012-08-29,1.165928429487265,TQQQ,1.0,RISK_ON,TQQQ
2012-08-30,1.1303449070798508,TQQQ,1.0,RISK_ON,TQQQ
2012-08-31,1.154457355636058,TQQQ,1.0,RISK_ON,TQQQ
2012-09-04,1.1495947853686823,TQQQ,1.0,RISK_ON,TQQQ
2012-09-05,1.1443455405052676,TQQQ,1.0,RISK_ON,TQQQ
2012-09-06,1.2199870795733858,TQQQ,1.0,RISK_ON,TQQQ
2012-09-07,1.214736316507087,TQQQ,1.0,RISK_ON,TQQQ
2012-09-10,1.1700128623842365,TQQQ,1.0,RISK_ON,TQQQ
2012-09-11,1.1649578307051205,TQQQ,1.0,RISK_ON,TQQQ
2012-09-12,1.175068127633027,TQQQ,1.0,RISK_ON,TQQQ
2012-09-13,1.2219302624799078,TQQQ,1.0,RISK_ON,TQQQ
2012-09-14,1.2532375912876335,TQQQ,1.0,RISK_ON,TQQQ
2012-09-17,1.2555708355504742,TQQQ,1.0,RISK_ON,TQQQ
2012-09-18,1.2579041965981521,TQQQ,1.0,RISK_ON,TQQQ
2012-09-19,1.2662652902341607,TQQQ,1.0,RISK_ON,TQQQ
2012-09-20,1.2633496399880983,TQQQ,1.0,RISK_ON,TQQQ
2012-09-21,1.2633496399880983,TQQQ,1.0,RISK_ON,TQQQ
2012-09-24,1.2400153288022957,TQQQ,1.0,RISK_ON,TQQQ
2012-09-25,1.1902350912277708,TQQQ,1.0,RISK_ON,TQQQ
2012-09-26,1.1589284631290684,TQQQ,1.0,RISK_ON,TQQQ
2012-09-27,1.2081258275810227,TQQQ,1.0,RISK_ON,TQQQ
2012-09-28,1.17915291088451,TQQQ,1.0,RISK_ON,TQQQ
2012-10-01,1.1740954267238124,TQQQ,1.0,RISK_ON,TQQQ
2012-10-02,1.1816803683316497,TQQQ,1.0,RISK_ON,TQQQ
2012-10-03,1.2040417450385632,TQQQ,1.0,RISK_ON,TQQQ
2012-10-04,1.2180420281094682,TQQQ,1.0,RISK_ON,TQQQ
2012-10-05,1.1970416618955295,TQQQ,1.0,RISK_ON,TQQQ
2012-10-08,1.1653460235040436,TQQQ,1.0,RISK_ON,TQQQ
2012-10-09,1.105455956140961,TQQQ,1.0,RISK_ON,TQQQ
2012-10-10,1.0920377286987661,TQQQ,1.0,RISK_ON,TQQQ
2012-10-11,1.082315858139457,TQQQ,1.0,RISK_ON,TQQQ
2012-10-12,1.0821217617399954,TQQQ,1.0,RISK_ON,TQQQ
2012-10-15,1.1037047675068303,TQQQ,1.0,RISK_ON,TQQQ
2012-10-16,1.1517341668017362,TQQQ,1.0,RISK_ON,TQQQ
2012-10-17,1.148233891660545,TQQQ,1.0,RISK_ON,TQQQ
2012-10-18,1.1089561144973152,TQQQ,1.0,RISK_ON,TQQQ
2012-10-19,1.0288413658091164,TQQQ,1.0,RISK_ON,TQQQ
2012-10-22,1.0449811470979122,TQQQ,1.0,RISK_ON,TQQQ
2012-10-23,1.0140625950132955,TQQQ,1.0,RISK_ON,TQQQ
2012-10-24,1.0140625950132955,CASH,0.0,CASH,TQQQ
2012-10-25,1.0140625950132955,CASH,0.0,CASH,TQQQ
2012-10-26,1.0140625950132955,CASH,0.0,CASH,TQQQ
2012-10-31,1.0140625950132955,CASH,0.0,CASH,TQQQ
2012-11-01,1.0140625950132955,CASH,0.0,CASH,TQQQ
2012-11-02,1.0140625950132955,CASH,0.0,CASH,TQQQ
2012-11-05,1.0140625950132955,CASH,0.0,CASH,TQQQ
2012-11-06,1.0140625950132955,CASH,0.0,CASH,TQQQ
2012-11-07,1.0140625950132955,CASH,0.0,CASH,TQQQ
2012-11-08,1.0140625950132955,CASH,0.0,CASH,TQQQ
2012-11-09,1.0140625950132955,CASH,0.0,CASH,TQQQ
2012-11-12,1.0140625950132955,CASH,0.0,CASH,TQQQ
2012-11-13,1.0140625950132955,CASH,0.0,CASH,TQQQ
2012-11-14,1.0140625950132955,CASH,0.0,CASH,TQQQ
2012-11-15,1.0140625950132955,CASH,0.0,CASH,TQQQ
2012-11-16,1.0140625950132955,CASH,0.0,CASH,TQQQ
2012-11-19,1.0140625950132955,CASH,0.0,CASH,TQQQ
2012-11-20,1.0140625950132955,CASH,0.0,CASH,TQQQ
2012-11-21,1.0140625950132955,CASH,0.0,CASH,TQQQ
2012-11-23,1.0140625950132955,CASH,0.0,CASH,TQQQ
2012-11-26,1.0140625950132955,CASH,0.0,CASH,TQQQ
2012-11-27,1.0140625950132955,CASH,0.0,CASH,TQQQ
2012-11-28,1.0140625950132955,CASH,0.0,CASH,TQQQ
2012-11-29,1.0140625950132955,CASH,0.0,CASH,TQQQ
2012-11-30,1.0104258722613426,TQQQ,1.0,RISK_ON,TQQQ
2012-12-03,1.005450151323312,TQQQ,1.0,RISK_ON,TQQQ
2012-12-04,0.9989418476400219,TQQQ,1.0,RISK_ON,TQQQ
2012-12-05,0.9681254619312003,TQQQ,1.0,RISK_ON,TQQQ
2012-12-06,0.9681254619312003,CASH,0.0,CASH,TQQQ
2012-12-07,0.9681254619312003,CASH,0.0,CASH,TQQQ
2012-12-10,0.9681254619312003,CASH,0.0,CASH,TQQQ
2012-12-11,0.9681254619312003,CASH,0.0,CASH,TQQQ
2012-12-12,0.9615550948070962,TQQQ,1.0,RISK_ON,TQQQ
2012-12-13,0.9398384789363627,TQQQ,1.0,RISK_ON,TQQQ
2012-12-14,0.9131952659540987,TQQQ,1.0,RISK_ON,TQQQ
2012-12-17,0.9131952659540987,CASH,0.0,CASH,TQQQ
2012-12-18,0.9131952659540987,CASH,0.0,CASH,TQQQ
2012-12-19,0.9001015605459358,TQQQ,1.0,RISK_ON,TQQQ
2012-12-20,0.900771902933626,TQQQ,1.0,RISK_ON,TQQQ
2012-12-21,0.8727395130686116,TQQQ,1.0,RISK_ON,TQQQ
2012-12-24,0.8653524387584225,TQQQ,1.0,RISK_ON,TQQQ
2012-12-26,0.8448731209087156,TQQQ,1.0,RISK_ON,TQQQ
2012-12-27,0.8448731209087156,CASH,0.0,CASH,TQQQ
2012-12-28,0.8448731209087156,CASH,0.0,CASH,TQQQ
2012-12-31,0.8448731209087156,CASH,0.0,CASH,TQQQ
2013-01-02,0.8448731209087156,CASH,0.0,CASH,TQQQ
2013-01-03,0.8326337189706712,TQQQ,1.0,RISK_ON,TQQQ
2013-01-04,0.8244241825252657,TQQQ,1.0,RISK_ON,TQQQ
2013-01-07,0.8253197878793505,TQQQ,1.0,RISK_ON,TQQQ
2013-01-08,0.8205420605384859,TQQQ,1.0,RISK_ON,TQQQ
2013-01-09,0.8289023885960607,TQQQ,1.0,RISK_ON,TQQQ
2013-01-10,0.8435304300790735,TQQQ,1.0,RISK_ON,TQQQ
2013-01-11,0.8466645109172564,TQQQ,1.0,RISK_ON,TQQQ
2013-01-14,0.8357677998088543,TQQQ,1.0,RISK_ON,TQQQ
2013-01-15,0.8233782338099398,TQQQ,1.0,RISK_ON,TQQQ
2013-01-16,0.8326337189706713,TQQQ,1.0,RISK_ON,TQQQ
2013-01-17,0.8454705497455146,TQQQ,1.0,RISK_ON,TQQQ
2013-01-18,0.8406945257581763,TQQQ,1.0,RISK_ON,TQQQ
2013-01-22,0.8441278589158723,TQQQ,1.0,RISK_ON,TQQQ
2013-01-23,0.8578604743451714,TQQQ,1.0,RISK_ON,TQQQ
2013-01-24,0.8236775757796384,TQQQ,1.0,RISK_ON,TQQQ
2013-01-25,0.8359169777176828,TQQQ,1.0,RISK_ON,TQQQ
2013-01-28,0.8418882179793612,TQQQ,1.0,RISK_ON,TQQQ
2013-01-29,0.8418882179793612,TQQQ,1.0,RISK_ON,TQQQ
2013-01-30,0.837261013300109,TQQQ,1.0,RISK_ON,TQQQ
2013-01-31,0.8318871122250439,TQQQ,1.0,RISK_ON,TQQQ
2013-02-01,0.8762112043281056,SOXL,1.0,RISK_ON,SOXL
2013-02-04,0.8381468877404838,SOXL,1.0,RISK_ON,SOXL
2013-02-05,0.8777136291849362,SOXL,1.0,RISK_ON,SOXL
2013-02-06,0.8824704877615146,SOXL,1.0,RISK_ON,SOXL
2013-02-07,0.870952323663574,SOXL,1.0,RISK_ON,SOXL
2013-02-08,0.9047585560211664,SOXL,1.0,RISK_ON,SOXL
2013-02-11,0.908764399002142,SOXL,1.0,RISK_ON,SOXL
2013-02-12,0.9145251049218144,SOXL,1.0,RISK_ON,SOXL
2013-02-13,0.9217868578686307,SOXL,1.0,RISK_ON,SOXL
2013-02-14,0.9480805722764457,SOXL,1.0,RISK_ON,SOXL
2013-02-15,0.9297995279946439,SOXL,1.0,RISK_ON,SOXL
2013-02-19,0.963356471595368,SOXL,1.0,RISK_ON,SOXL
2013-02-20,0.8987486597610319,SOXL,1.0,RISK_ON,SOXL
2013-02-21,0.8496664296681111,SOXL,1.0,RISK_ON,SOXL
2013-02-22,0.902754305909195,SOXL,1.0,RISK_ON,SOXL
2013-02-25,0.8511686576921292,SOXL,1.0,RISK_ON,SOXL
2013-02-26,0.8724549453532169,SOXL,1.0,RISK_ON,SOXL
2013-02-27,0.911520156791747,SOXL,1.0,RISK_ON,SOXL
2013-02-28,0.9348087262366823,SOXL,1.0,RISK_ON,SOXL
2013-03-01,0.901753607891099,SOXL,1.0,RISK_ON,SOXL
2013-03-04,0.8979970536669918,SOXL,1.0,RISK_ON,SOXL
2013-03-05,0.9490825497078219,SOXL,1.0,RISK_ON,SOXL
2013-03-06,0.9533391576917587,SOXL,1.0,RISK_ON,SOXL
2013-03-07,0.965610305713426,SOXL,1.0,RISK_ON,SOXL
2013-03-08,0.9678639429986717,SOXL,1.0,RISK_ON,SOXL
2013-03-11,0.9723716112347881,SOXL,1.0,RISK_ON,SOXL
2013-03-12,0.9868944282135774,SOXL,1.0,RISK_ON,SOXL
2013-03-13,0.9956602790961295,SOXL,1.0,RISK_ON,SOXL
2013-03-14,1.0094321788957223,SOXL,1.0,RISK_ON,SOXL
2013-03-15,0.9603514250488944,SOXL,1.0,RISK_ON,SOXL
2013-03-18,0.9215356007836387,SOXL,1.0,RISK_ON,SOXL
2013-03-19,0.9107684522813009,SOXL,1.0,RISK_ON,SOXL
2013-03-20,0.9465777537539903,SOXL,1.0,RISK_ON,SOXL
2013-03-21,0.901753607891099,SOXL,1.0,RISK_ON,SOXL
2013-03-22,0.9300504898304172,SOXL,1.0,RISK_ON,SOXL
2013-03-25,0.9252917613421211,SOXL,1.0,RISK_ON,SOXL
2013-03-26,0.9508345585707393,SOXL,1.0,RISK_ON,SOXL
2013-03-27,0.9548416809649953,SOXL,1.0,RISK_ON,SOXL
2013-03-28,0.9721205509826085,SOXL,1.0,RISK_ON,SOXL
2013-04-01,0.9172787959668895,SOXL,1.0,RISK_ON,SOXL
2013-04-02,0.8909848847262622,SOXL,1.0,RISK_ON,SOXL
2013-04-03,0.8373951832300376,SOXL,1.0,RISK_ON,SOXL
2013-04-04,0.8694498988067435,SOXL,1.0,RISK_ON,SOXL
2013-04-05,0.856927985782115,SOXL,1.0,RISK_ON,SOXL
2013-04-08,0.888480285605243,SOXL,1.0,RISK_ON,SOXL
2013-04-09,0.9127713245635856,SOXL,1.0,RISK_ON,SOXL
2013-04-10,0.9713690433049748,SOXL,1.0,RISK_ON,SOXL
2013-04-11,0.9618538499057249,SOXL,1.0,RISK_ON,SOXL
2013-04-12,0.9475801248509914,SOXL,1.0,RISK_ON,SOXL
2013-04-15,0.8799675617194006,SOXL,1.0,RISK_ON,SOXL
2013-04-16,0.9328042792918987,SOXL,1.0,RISK_ON,SOXL
2013-04-17,0.8409023502808703,SOXL,1.0,RISK_ON,SOXL
2013-04-18,0.8181137361793583,SOXL,1.0,RISK_ON,SOXL
2013-04-19,0.8376463418986234,SOXL,1.0,RISK_ON,SOXL
2013-04-22,0.8631889422944292,SOXL,1.0,RISK_ON,SOXL
2013-04-23,0.9187813192401264,SOXL,1.0,RISK_ON,SOXL
2013-04-24,0.951836634418522,SOXL,1.0,RISK_ON,SOXL
2013-04-25,0.9796332657651983,SOXL,1.0,RISK_ON,SOXL
2013-04-26,0.9528389070991168,SOXL,1.0,RISK_ON,SOXL
2013-04-29,0.9853921017731531,SOXL,1.0,RISK_ON,SOXL
2013-04-30,1.0146910595602536,SOXL,1.0,RISK_ON,SOXL
2013-05-01,1.0017716478002794,TQQQ,1.0,RISK_ON,TQQQ
2013-05-02,1.0380388658361097,TQQQ,1.0,RISK_ON,TQQQ
2013-05-03,1.0743041207480564,TQQQ,1.0,RISK_ON,TQQQ
2013-05-06,1.08815732510199,TQQQ,1.0,RISK_ON,TQQQ
2013-05-07,1.0855109406248253,TQQQ,1.0,RISK_ON,TQQQ
2013-05-08,1.1024783138327554,TQQQ,1.0,RISK_ON,TQQQ
2013-05-09,1.0985857196178719,TQQQ,1.0,RISK_ON,TQQQ
2013-05-10,1.1172638150672132,TQQQ,1.0,RISK_ON,TQQQ
2013-05-13,1.1216226979454933,TQQQ,1.0,RISK_ON,TQQQ
2013-05-14,1.138122193294502,TQQQ,1.0,RISK_ON,TQQQ
2013-05-15,1.1465273549431236,TQQQ,1.0,RISK_ON,TQQQ
2013-05-16,1.1423237458158262,TQQQ,1.0,RISK_ON,TQQQ
2013-05-17,1.1745445915992254,TQQQ,1.0,RISK_ON,TQQQ
2013-05-20,1.1692519161269859,TQQQ,1.0,RISK_ON,TQQQ
2013-05-21,1.1736107055231764,TQQQ,1.0,RISK_ON,TQQQ
2013-05-22,1.14497041073926,TQQQ,1.0,RISK_ON,TQQQ
2013-05-23,1.1325187833561177,TQQQ,1.0,RISK_ON,TQQQ
2013-05-24,1.1318958187103927,TQQQ,1.0,RISK_ON,TQQQ
2013-05-28,1.15524325105789,TQQQ,1.0,RISK_ON,TQQQ
2013-05-29,1.1378098696328323,TQQQ,1.0,RISK_ON,TQQQ
2013-05-30,1.1563326913311909,TQQQ,1.0,RISK_ON,TQQQ
2013-05-31,1.1233352898286986,TQQQ,1.0,RISK_ON,TQQQ
2013-06-03,1.1298727728073117,TQQQ,1.0,RISK_ON,TQQQ
2013-06-04,1.1129067083486375,TQQQ,1.0,RISK_ON,TQQQ
2013-06-05,1.0702577484956253,TQQQ,1.0,RISK_ON,TQQQ
2013-06-06,1.0833324340065822,TQQQ,1.0,RISK_ON,TQQQ
2013-06-07,1.1286276848546692,TQQQ,1.0,RISK_ON,TQQQ
2013-06-10,1.1290939735180658,TQQQ,1.0,RISK_ON,TQQQ
2013-06-11,1.0964073064817184,TQQQ,1.0,RISK_ON,TQQQ
2013-06-12,1.0584278704910417,TQQQ,1.0,RISK_ON,TQQQ
2013-06-13,1.0964073064817186,TQQQ,1.0,RISK_ON,TQQQ
2013-06-14,1.0771058724582936,TQQQ,1.0,RISK_ON,TQQQ
2013-06-17,1.1069908812664937,TQQQ,1.0,RISK_ON,TQQQ
2013-06-18,1.1331403457704974,TQQQ,1.0,RISK_ON,TQQQ
2013-06-19,1.0974963728266611,TQQQ,1.0,RISK_ON,TQQQ
2013-06-20,1.0165588317123522,TQQQ,1.0,RISK_ON,TQQQ
2013-06-21,1.0022379364636764,TQQQ,1.0,RISK_ON,TQQQ
2013-06-24,0.9712633939000858,TQQQ,1.0,RISK_ON,TQQQ
2013-06-25,0.9919648156987774,TQQQ,1.0,RISK_ON,TQQQ
2013-06-26,1.0190480727967404,TQQQ,1.0,RISK_ON,TQQQ
2013-06-27,1.0304105403528507,TQQQ,1.0,RISK_ON,TQQQ
2013-06-28,1.033212292063088,TQQQ,1.0,RISK_ON,TQQQ
2013-07-01,1.0255053331462145,SOXL,1.0,RISK_ON,SOXL
2013-07-02,1.0281481122153595,SOXL,1.0,RISK_ON,SOXL
2013-07-03,1.044442869861981,SOXL,1.0,RISK_ON,SOXL
2013-07-05,1.0851805428700965,SOXL,1.0,RISK_ON,SOXL
2013-07-08,1.020660454544883,SOXL,1.0,RISK_ON,SOXL
2013-07-09,1.0521497422353474,SOXL,1.0,RISK_ON,SOXL
2013-07-10,1.0882645207372403,SOXL,1.0,RISK_ON,SOXL
2013-07-11,1.1576300069248269,SOXL,1.0,RISK_ON,SOXL
2013-07-12,1.1774482969099611,SOXL,1.0,RISK_ON,SOXL
2013-07-15,1.177227957141482,SOXL,1.0,RISK_ON,SOXL
2013-07-16,1.1869165892785565,SOXL,1.0,RISK_ON,SOXL
2013-07-17,1.1900000478846595,SOXL,1.0,RISK_ON,SOXL
2013-07-18,1.1604915679793273,SOXL,1.0,RISK_ON,SOXL
2013-07-19,1.1534453687373702,SOXL,1.0,RISK_ON,SOXL
2013-07-22,1.1450780828631149,SOXL,1.0,RISK_ON,SOXL
2013-07-23,1.1325258126273754,SOXL,1.0,RISK_ON,SOXL
2013-07-24,1.0704278174288002,SOXL,1.0,RISK_ON,SOXL
2013-07-25,1.0895856073695387,SOXL,1.0,RISK_ON,SOXL
2013-07-26,1.0600771274642065,SOXL,1.0,RISK_ON,SOXL
2013-07-29,1.0426816229537657,SOXL,1.0,RISK_ON,SOXL
2013-07-30,1.0774737570402366,SOXL,1.0,RISK_ON,SOXL
2013-07-31,1.0928887133960656,SOXL,1.0,RISK_ON,SOXL
2013-08-01,1.1521241955615649,SOXL,1.0,RISK_ON,SOXL
2013-08-02,1.130323366921161,SOXL,1.0,RISK_ON,SOXL
2013-08-05,1.125038501130926,SOXL,1.0,RISK_ON,SOXL
2013-08-06,1.10213727180073,SOXL,1.0,RISK_ON,SOXL
2013-08-07,1.0677852979901759,SOXL,1.0,RISK_ON,SOXL
2013-08-08,1.071088317473196,SOXL,1.0,RISK_ON,SOXL
2013-08-09,1.0552338066459983,SOXL,1.0,RISK_ON,SOXL
2013-08-12,1.0669040254597668,SOXL,1.0,RISK_ON,SOXL
2013-08-13,1.1025775186201536,SOXL,1.0,RISK_ON,SOXL
2013-08-14,1.0534710019546594,SOXL,1.0,RISK_ON,SOXL
2013-08-15,0.9812438681690656,SOXL,1.0,RISK_ON,SOXL
2013-08-16,0.9909324137626332,SOXL,1.0,RISK_ON,SOXL
2013-08-19,0.970893091660965,SOXL,1.0,RISK_ON,SOXL
2013-08-20,0.9902716540877169,SOXL,1.0,RISK_ON,SOXL
2013-08-21,0.9684710850778335,SOXL,1.0,RISK_ON,SOXL
2013-08-22,1.0012818055746242,SOXL,1.0,RISK_ON,SOXL
2013-08-23,1.0019423921625268,SOXL,1.0,RISK_ON,SOXL
2013-08-26,0.9951168788630762,SOXL,1.0,RISK_ON,SOXL
2013-08-27,0.9209066006176647,SOXL,1.0,RISK_ON,SOXL
2013-08-28,0.9512954010748306,SOXL,1.0,RISK_ON,SOXL
2013-08-29,0.9876294808231202,SOXL,1.0,RISK_ON,SOXL
2013-08-30,0.9605440460230019,SOXL,1.0,RISK_ON,SOXL
2013-09-03,0.9763481813995878,TQQQ,1.0,RISK_ON,TQQQ
2013-09-04,1.008203690698552,TQQQ,1.0,RISK_ON,TQQQ
2013-09-05,1.0126145440881325,TQQQ,1.0,RISK_ON,TQQQ
2013-09-06,1.0162900835526816,TQQQ,1.0,RISK_ON,TQQQ
2013-09-09,1.0520647652998611,TQQQ,1.0,RISK_ON,TQQQ
2013-09-10,1.0679922992006419,TQQQ,1.0,RISK_ON,TQQQ
2013-09-11,1.0626019102391595,TQQQ,1.0,RISK_ON,TQQQ
2013-09-12,1.0578229951811107,TQQQ,1.0,RISK_ON,TQQQ
2013-09-13,1.0612539450842864,TQQQ,1.0,RISK_ON,TQQQ
2013-09-16,1.0523103114389418,TQQQ,1.0,RISK_ON,TQQQ
2013-09-17,1.073382761745025,TQQQ,1.0,RISK_ON,TQQQ
2013-09-18,1.112834013117361,TQQQ,1.0,RISK_ON,TQQQ
2013-09-19,1.1196948091802044,TQQQ,1.0,RISK_ON,TQQQ
2013-09-20,1.1074435505729783,TQQQ,1.0,RISK_ON,TQQQ
2013-09-23,1.1011946699109716,TQQQ,1.0,RISK_ON,TQQQ
2013-09-24,1.1014392594723448,TQQQ,1.0,RISK_ON,TQQQ
2013-09-25,1.0910253658914402,TQQQ,1.0,RISK_ON,TQQQ
2013-09-26,1.1160191961327548,TQQQ,1.0,RISK_ON,TQQQ
2013-09-27,1.110750954786158,TQQQ,1.0,RISK_ON,TQQQ
2013-09-30,1.1037679375255285,TQQQ,1.0,RISK_ON,TQQQ
2013-10-01,1.136848234203873,TQQQ,1.0,RISK_ON,TQQQ
2013-10-02,1.1347651022897696,TQQQ,1.0,RISK_ON,TQQQ
2013-10-03,1.0953136301687316,TQQQ,1.0,RISK_ON,TQQQ
2013-10-04,1.12349264342544,TQQQ,1.0,RISK_ON,TQQQ
2013-10-07,1.0956819861688023,TQQQ,1.0,RISK_ON,TQQQ
2013-10-08,1.033686773645514,TQQQ,1.0,RISK_ON,TQQQ
2013-10-09,1.0222930501611052,TQQQ,1.0,RISK_ON,TQQQ
2013-10-10,1.087227605229105,TQQQ,1.0,RISK_ON,TQQQ
2013-10-11,1.1117307846896622,TQQQ,1.0,RISK_ON,TQQQ
2013-10-14,1.1347651022897696,TQQQ,1.0,RISK_ON,TQQQ
2013-10-15,1.1226351818855231,TQQQ,1.0,RISK_ON,TQQQ
2013-10-16,1.16098313124726,TQQQ,1.0,RISK_ON,TQQQ
2013-10-17,1.1797290374042748,TQQQ,1.0,RISK_ON,TQQQ
2013-10-18,1.238047459553705,TQQQ,1.0,RISK_ON,TQQQ
2013-10-21,1.2451535074240265,TQQQ,1.0,RISK_ON,TQQQ
2013-10-22,1.249442213198721,TQQQ,1.0,RISK_ON,TQQQ
2013-10-23,1.229348341886833,TQQQ,1.0,RISK_ON,TQQQ
2013-10-24,1.244663150974871,TQQQ,1.0,RISK_ON,TQQQ
2013-10-25,1.2695352015158026,TQQQ,1.0,RISK_ON,TQQQ
2013-10-28,1.2721081012158568,TQQQ,1.0,RISK_ON,TQQQ
2013-10-29,1.27823373051947,TQQQ,1.0,RISK_ON,TQQQ
2013-10-30,1.2741899086377508,TQQQ,1.0,RISK_ON,TQQQ
2013-10-31,1.2659815889174375,TQQQ,1.0,RISK_ON,TQQQ
2013-11-01,1.2653687905217945,TQQQ,1.0,RISK_ON,TQQQ
2013-11-04,1.2714954499860152,TQQQ,1.0,RISK_ON,TQQQ
2013-11-05,1.2768858389474973,TQQQ,1.0,RISK_ON,TQQQ
2013-11-06,1.274680265086906,TQQQ,1.0,RISK_ON,TQQQ
2013-11-07,1.2039874801376569,TQQQ,1.0,RISK_ON,TQQQ
2013-11-08,1.251525197947023,TQQQ,1.0,RISK_ON,TQQQ
2013-11-11,1.2455209804292902,TQQQ,1.0,RISK_ON,TQQQ
2013-11-12,1.2516474927277095,TQQQ,1.0,RISK_ON,TQQQ
2013-11-13,1.2964890594786276,TQQQ,1.0,RISK_ON,TQQQ
2013-11-14,1.3065350385568646,TQQQ,1.0,RISK_ON,TQQQ
2013-11-15,1.3156019235606027,TQQQ,1.0,RISK_ON,TQQQ
2013-11-18,1.2792132660913713,TQQQ,1.0,RISK_ON,TQQQ
2013-11-19,1.2665943873130798,TQQQ,1.0,RISK_ON,TQQQ
2013-11-20,1.2577731220313224,TQQQ,1.0,RISK_ON,TQQQ
2013-11-21,1.2962437340882487,TQQQ,1.0,RISK_ON,TQQQ
2013-11-22,1.3167040482447934,TQQQ,1.0,RISK_ON,TQQQ
2013-11-25,1.3254034602432674,TQQQ,1.0,RISK_ON,TQQQ
2013-11-26,1.3473341079182726,TQQQ,1.0,RISK_ON,TQQQ
2013-11-27,1.3742885545443024,TQQQ,1.0,RISK_ON,TQQQ
2013-11-29,1.3968311176201444,TQQQ,1.0,RISK_ON,TQQQ
2013-12-02,1.3881319999532726,TQQQ,1.0,RISK_ON,TQQQ
2013-12-03,1.384089502563763,TQQQ,1.0,RISK_ON,TQQQ
2013-12-04,1.387642673664725,TQQQ,1.0,RISK_ON,TQQQ
2013-12-05,1.3833544093874335,TQQQ,1.0,RISK_ON,TQQQ
2013-12-06,1.4119014843126103,TQQQ,1.0,RISK_ON,TQQQ
2013-12-09,1.4288090688655968,TQQQ,1.0,RISK_ON,TQQQ
2013-12-10,1.426235433336537,TQQQ,1.0,RISK_ON,TQQQ
2013-12-11,1.372940221474927,TQQQ,1.0,RISK_ON,TQQQ
2013-12-12,1.361791676215096,TQQQ,1.0,RISK_ON,TQQQ
2013-12-13,1.3552979852430143,TQQQ,1.0,RISK_ON,TQQQ
2013-12-16,1.3785756414951857,TQQQ,1.0,RISK_ON,TQQQ
2013-12-17,1.3698777011547223,TQQQ,1.0,RISK_ON,TQQQ
2013-12-18,1.417169431327605,TQQQ,1.0,RISK_ON,TQQQ
2013-12-19,1.404428257768627,TQQQ,1.0,RISK_ON,TQQQ
2013-12-20,1.446696188990485,TQQQ,1.0,RISK_ON,TQQQ
2013-12-23,1.49349859287482,TQQQ,1.0,RISK_ON,TQQQ
2013-12-24,1.4955817247889234,TQQQ,1.0,RISK_ON,TQQQ
2013-12-26,1.510160263374223,TQQQ,1.0,RISK_ON,TQQQ
2013-12-27,1.4991341600608796,TQQQ,1.0,RISK_ON,TQQQ
2013-12-30,1.4912930190142284,TQQQ,1.0,RISK_ON,TQQQ
2013-12-31,1.5205753342815362,TQQQ,1.0,RISK_ON,TQQQ
2014-01-02,1.4850446534325257,TQQQ,1.0,RISK_ON,TQQQ
2014-01-03,1.4526993763476104,TQQQ,1.0,RISK_ON,TQQQ
2014-01-06,1.4372618309814824,TQQQ,1.0,RISK_ON,TQQQ
2014-01-07,1.474508317905133,TQQQ,1.0,RISK_ON,TQQQ
2014-01-08,1.4855348627158795,TQQQ,1.0,RISK_ON,TQQQ
2014-01-09,1.4702196121304383,TQQQ,1.0,RISK_ON,TQQQ
2014-01-10,1.4849222114860376,TQQQ,1.0,RISK_ON,TQQQ
2014-01-13,1.418884648739041,TQQQ,1.0,RISK_ON,TQQQ
2014-01-14,1.5001147257933891,TQQQ,1.0,RISK_ON,TQQQ
2014-01-15,1.535154314364239,TQQQ,1.0,RISK_ON,TQQQ
2014-01-16,1.5383407482889417,TQQQ,1.0,RISK_ON,TQQQ
2014-01-17,1.5110185343260456,TQQQ,1.0,RISK_ON,TQQQ
2014-01-21,1.5448341449294214,TQQQ,1.0,RISK_ON,TQQQ
2014-01-22,1.5591679467875468,TQQQ,1.0,RISK_ON,TQQQ
2014-01-23,1.54042314437404,TQQQ,1.0,RISK_ON,TQQQ
2014-01-24,1.4491462052466482,TQQQ,1.0,RISK_ON,TQQQ
2014-01-27,1.4070002744738745,TQQQ,1.0,RISK_ON,TQQQ
2014-01-28,1.4065096236931172,TQQQ,1.0,RISK_ON,TQQQ
2014-01-29,1.3621587077229564,TQQQ,1.0,RISK_ON,TQQQ
2014-01-30,1.433954868265705,TQQQ,1.0,RISK_ON,TQQQ
2014-01-31,1.4239075646952584,TQQQ,1.0,RISK_ON,TQQQ
2014-02-03,1.3295691354082697,TQQQ,1.0,RISK_ON,TQQQ
2014-02-04,1.3555422804727846,TQQQ,1.0,RISK_ON,TQQQ
2014-02-05,1.3430454021435776,TQQQ,1.0,RISK_ON,TQQQ
2014-02-06,1.3945033961446671,TQQQ,1.0,RISK_ON,TQQQ
2014-02-07,1.468504689050604,TQQQ,1.0,RISK_ON,TQQQ
2014-02-10,1.4954581055160263,TQQQ,1.0,RISK_ON,TQQQ
2014-02-11,1.5466712156241402,TQQQ,1.0,RISK_ON,TQQQ
2014-02-12,1.5540218530558352,TQQQ,1.0,RISK_ON,TQQQ
2014-02-13,1.5939627986312217,TQQQ,1.0,RISK_ON,TQQQ
2014-02-14,1.5986194189085838,TQQQ,1.0,RISK_ON,TQQQ
2014-02-18,1.6236127340695947,TQQQ,1.0,RISK_ON,TQQQ
2014-02-19,1.588081758888982,TQQQ,1.0,RISK_ON,TQQQ
2014-02-20,1.6111162972377908,TQQQ,1.0,RISK_ON,TQQQ
2014-02-21,1.602784358244581,TQQQ,1.0,RISK_ON,TQQQ
2014-02-24,1.6309641073302947,TQQQ,1.0,RISK_ON,TQQQ
2014-02-25,1.6250836562512594,TQQQ,1.0,RISK_ON,TQQQ
2014-02-26,1.6196915013001643,TQQQ,1.0,RISK_ON,TQQQ
2014-02-27,1.6515474520965319,TQQQ,1.0,RISK_ON,TQQQ
2014-02-28,1.64321521877172,TQQQ,1.0,RISK_ON,TQQQ
2014-03-03,1.6163076725087606,SOXL,1.0,RISK_ON,SOXL
2014-03-04,1.7001122264949458,SOXL,1.0,RISK_ON,SOXL
2014-03-05,1.7107932607926177,SOXL,1.0,RISK_ON,SOXL
2014-03-06,1.749818906006779,SOXL,1.0,RISK_ON,SOXL
2014-03-07,1.741604017376186,SOXL,1.0,RISK_ON,SOXL
2014-03-10,1.7305119318923678,SOXL,1.0,RISK_ON,SOXL
2014-03-11,1.7029870016011983,SOXL,1.0,RISK_ON,SOXL
2014-03-12,1.7459166643849593,SOXL,1.0,RISK_ON,SOXL
2014-03-13,1.6586202741639076,SOXL,1.0,RISK_ON,SOXL
2014-03-14,1.6323293046801675,SOXL,1.0,RISK_ON,SOXL
2014-03-17,1.6908687412001984,SOXL,1.0,RISK_ON,SOXL
2014-03-18,1.7629647943731446,SOXL,1.0,RISK_ON,SOXL
2014-03-19,1.7590614226027375,SOXL,1.0,RISK_ON,SOXL
2014-03-20,1.858065990737432,SOXL,1.0,RISK_ON,SOXL
2014-03-21,1.8091806063489002,SOXL,1.0,RISK_ON,SOXL
2014-03-24,1.786791071237989,SOXL,1.0,RISK_ON,SOXL
2014-03-25,1.8237632364691994,SOXL,1.0,RISK_ON,SOXL
2014-03-26,1.7685105949403563,SOXL,1.0,RISK_ON,SOXL
2014-03-27,1.724760605732083,SOXL,1.0,RISK_ON,SOXL
2014-03-28,1.7619378122069718,SOXL,1.0,RISK_ON,SOXL
2014-03-31,1.8467688640099353,SOXL,1.0,RISK_ON,SOXL
2014-04-01,1.9330376262656215,SOXL,1.0,RISK_ON,SOXL
2014-04-02,1.9209192044148233,SOXL,1.0,RISK_ON,SOXL
2014-04-03,1.9324216952855948,SOXL,1.0,RISK_ON,SOXL
2014-04-04,1.7699492740918679,SOXL,1.0,RISK_ON,SOXL
2014-04-07,1.7210630824543454,SOXL,1.0,RISK_ON,SOXL
2014-04-08,1.7855588863783394,SOXL,1.0,RISK_ON,SOXL
2014-04-09,1.8430715021819954,SOXL,1.0,RISK_ON,SOXL
2014-04-10,1.6732041958825916,SOXL,1.0,RISK_ON,SOXL
2014-04-11,1.593302690767217,SOXL,1.0,RISK_ON,SOXL
2014-04-14,1.630686552983766,SOXL,1.0,RISK_ON,SOXL
2014-04-15,1.6643717617739904,SOXL,1.0,RISK_ON,SOXL
2014-04-16,1.654718355441684,SOXL,1.0,RISK_ON,SOXL
2014-04-17,1.7502302800925216,SOXL,1.0,RISK_ON,SOXL
2014-04-21,1.7964459306184795,SOXL,1.0,RISK_ON,SOXL
2014-04-22,1.8477952003769156,SOXL,1.0,RISK_ON,SOXL
2014-04-23,1.8401967270757436,SOXL,1.0,RISK_ON,SOXL
2014-04-24,1.8687468635853057,SOXL,1.0,RISK_ON,SOXL
2014-04-25,1.6879939660939458,SOXL,1.0,RISK_ON,SOXL
2014-04-28,1.6571832095103778,SOXL,1.0,RISK_ON,SOXL
2014-04-29,1.6873773893147268,SOXL,1.0,RISK_ON,SOXL
2014-04-30,1.7214736492910974,SOXL,1.0,RISK_ON,SOXL
2014-05-01,1.7044253578531139,SOXL,1.0,RISK_ON,SOXL
2014-05-02,1.7146951795148415,SOXL,1.0,RISK_ON,SOXL
2014-05-05,1.7229116826434163,SOXL,1.0,RISK_ON,SOXL
2014-05-06,1.702370909171374,SOXL,1.0,RISK_ON,SOXL
2014-05-07,1.7056575427127636,SOXL,1.0,RISK_ON,SOXL
2014-05-08,1.7405754207120319,SOXL,1.0,RISK_ON,SOXL
2014-05-09,1.7264031959786863,SOXL,1.0,RISK_ON,SOXL
2014-05-12,1.8198619635461692,SOXL,1.0,RISK_ON,SOXL
2014-05-13,1.779602841873973,SOXL,1.0,RISK_ON,SOXL
2014-05-14,1.7342091322705095,SOXL,1.0,RISK_ON,SOXL
2014-05-15,1.6734095600258674,SOXL,1.0,RISK_ON,SOXL
2014-05-16,1.7229116826434168,SOXL,1.0,RISK_ON,SOXL
2014-05-19,1.7781641627224618,SOXL,1.0,RISK_ON,SOXL
2014-05-20,1.7531053780983712,SOXL,1.0,RISK_ON,SOXL
2014-05-21,1.778369849765333,SOXL,1.0,RISK_ON,SOXL
2014-05-22,1.804456262354789,SOXL,1.0,RISK_ON,SOXL
2014-05-23,1.8529310799065692,SOXL,1.0,RISK_ON,SOXL
2014-05-27,1.9237943024206732,SOXL,1.0,RISK_ON,SOXL
2014-05-28,1.9299565183173062,SOXL,1.0,RISK_ON,SOXL
2014-05-29,1.9418703832738202,SOXL,1.0,RISK_ON,SOXL
2014-05-30,1.9498811993595238,SOXL,1.0,RISK_ON,SOXL
2014-06-02,1.9815122823676046,SOXL,1.0,RISK_ON,SOXL
2014-06-03,2.03738214647486,SOXL,1.0,RISK_ON,SOXL
2014-06-04,2.065111472210515,SOXL,1.0,RISK_ON,SOXL
2014-06-05,2.0936617701698754,SOXL,1.0,RISK_ON,SOXL
2014-06-06,2.124883739389388,SOXL,1.0,RISK_ON,SOXL
2014-06-09,2.1400831077387044,SOXL,1.0,RISK_ON,SOXL
2014-06-10,2.161444691984654,SOXL,1.0,RISK_ON,SOXL
2014-06-11,2.1928710566486527,SOXL,1.0,RISK_ON,SOXL
2014-06-12,2.1700704703515954,SOXL,1.0,RISK_ON,SOXL
2014-06-13,2.231691983518732,SOXL,1.0,RISK_ON,SOXL
2014-06-16,2.273389461442843,SOXL,1.0,RISK_ON,SOXL
2014-06-17,2.324534335756793,SOXL,1.0,RISK_ON,SOXL
2014-06-18,2.29659900007867,SOXL,1.0,RISK_ON,SOXL
2014-06-19,2.302966741568376,SOXL,1.0,RISK_ON,SOXL
2014-06-20,2.323096140954676,SOXL,1.0,RISK_ON,SOXL
2014-06-23,2.297420779551366,SOXL,1.0,RISK_ON,SOXL
2014-06-24,2.246276228137012,SOXL,1.0,RISK_ON,SOXL
2014-06-25,2.270512748939012,SOXL,1.0,RISK_ON,SOXL
2014-06-26,2.2415509154441104,SOXL,1.0,RISK_ON,SOXL
2014-06-27,2.252232595540975,SOXL,1.0,RISK_ON,SOXL
2014-06-30,2.3226855741179238,SOXL,1.0,RISK_ON,SOXL
2014-07-01,2.4184022171128436,SOXL,1.0,RISK_ON,SOXL
2014-07-02,2.436683339209669,SOXL,1.0,RISK_ON,SOXL
2014-07-03,2.485774087741476,SOXL,1.0,RISK_ON,SOXL
2014-07-07,2.433807756854426,SOXL,1.0,RISK_ON,SOXL
2014-07-08,2.3970407943166925,SOXL,1.0,RISK_ON,SOXL
2014-07-09,2.438736657742822,SOXL,1.0,RISK_ON,SOXL
2014-07-10,2.4036132541504807,SOXL,1.0,RISK_ON,SOXL
2014-07-11,2.4083385668433817,SOXL,1.0,RISK_ON,SOXL
2014-07-14,2.4407912678743604,SOXL,1.0,RISK_ON,SOXL
2014-07-15,2.421483163611362,SOXL,1.0,RISK_ON,SOXL
2014-07-16,2.5052873946979513,SOXL,1.0,RISK_ON,SOXL
2014-07-17,2.3117986913275828,SOXL,1.0,RISK_ON,SOXL
2014-07-18,2.402380746391235,SOXL,1.0,RISK_ON,SOXL
2014-07-21,2.4220997403905815,SOXL,1.0,RISK_ON,SOXL
2014-07-22,2.468315068016943,SOXL,1.0,RISK_ON,SOXL
2014-07-23,2.29783199218731,SOXL,1.0,RISK_ON,SOXL
2014-07-24,2.23970231525504,SOXL,1.0,RISK_ON,SOXL
2014-07-25,2.104959704146363,SOXL,1.0,RISK_ON,SOXL
2014-07-28,2.098181072920309,SOXL,1.0,RISK_ON,SOXL
2014-07-29,2.0885275051382046,SOXL,1.0,RISK_ON,SOXL
2014-07-30,2.1501483725061483,SOXL,1.0,RISK_ON,SOXL
2014-07-31,2.004311738516075,SOXL,1.0,RISK_ON,SOXL
2014-08-01,1.9811627613753888,TQQQ,1.0,RISK_ON,TQQQ
2014-08-04,2.0217377805935826,TQQQ,1.0,RISK_ON,TQQQ
2014-08-05,1.9743994772467712,TQQQ,1.0,RISK_ON,TQQQ
2014-08-06,1.9710190065708408,TQQQ,1.0,RISK_ON,TQQQ
2014-08-07,1.9520322066174987,TQQQ,1.0,RISK_ON,TQQQ
2014-08-08,1.9936472625308972,TQQQ,1.0,RISK_ON,TQQQ
2014-08-11,2.029800368711901,TQQQ,1.0,RISK_ON,TQQQ
2014-08-12,2.025118251269513,TQQQ,1.0,RISK_ON,TQQQ
2014-08-13,2.0909241952402087,TQQQ,1.0,RISK_ON,TQQQ
2014-08-14,2.1231757971944174,TQQQ,1.0,RISK_ON,TQQQ
2014-08-15,2.1520464599173446,TQQQ,1.0,RISK_ON,TQQQ
2014-08-18,2.204066568336309,TQQQ,1.0,RISK_ON,TQQQ
2014-08-19,2.2420400120578767,TQQQ,1.0,RISK_ON,TQQQ
2014-08-20,2.2420400120578767,TQQQ,1.0,RISK_ON,TQQQ
2014-08-21,2.2547856547292855,TQQQ,1.0,RISK_ON,TQQQ
2014-08-22,2.263628543692962,TQQQ,1.0,RISK_ON,TQQQ
2014-08-25,2.288857281853824,TQQQ,1.0,RISK_ON,TQQQ
2014-08-26,2.29666044649253,TQQQ,1.0,RISK_ON,TQQQ
2014-08-27,2.2969214318233138,TQQQ,1.0,RISK_ON,TQQQ
2014-08-28,2.287557821679007,TQQQ,1.0,RISK_ON,TQQQ
2014-08-29,2.3143473177157037,TQQQ,1.0,RISK_ON,TQQQ
2014-09-02,2.3335952591849467,TQQQ,1.0,RISK_ON,TQQQ
2014-09-03,2.2935392431110944,TQQQ,1.0,RISK_ON,TQQQ
2014-09-04,2.2862571120232524,TQQQ,1.0,RISK_ON,TQQQ
2014-09-05,2.3216297611737797,TQQQ,1.0,RISK_ON,TQQQ
2014-09-08,2.3333342738541627,TQQQ,1.0,RISK_ON,TQQQ
2014-09-09,2.2766339222142165,TQQQ,1.0,RISK_ON,TQQQ
2014-09-10,2.3294326134422514,TQQQ,1.0,RISK_ON,TQQQ
2014-09-11,2.3276121197165702,TQQQ,1.0,RISK_ON,TQQQ
2014-09-12,2.290938448540054,TQQQ,1.0,RISK_ON,TQQQ
2014-09-15,2.222013331594446,TQQQ,1.0,RISK_ON,TQQQ
2014-09-16,2.282096028131729,TQQQ,1.0,RISK_ON,TQQQ
2014-09-17,2.2932796634463655,TQQQ,1.0,RISK_ON,TQQQ
2014-09-18,2.3426974154431184,TQQQ,1.0,RISK_ON,TQQQ
2014-09-19,2.3374962948563898,TQQQ,1.0,RISK_ON,TQQQ
2014-09-22,2.2740317219771224,TQQQ,1.0,RISK_ON,TQQQ
2014-09-23,2.254265089733773,TQQQ,1.0,RISK_ON,TQQQ
2014-09-24,2.327352852422076,TQQQ,1.0,RISK_ON,TQQQ
2014-09-25,2.179616725354752,TQQQ,1.0,RISK_ON,TQQQ
2014-09-26,2.2493233926266565,TQQQ,1.0,RISK_ON,TQQQ
2014-09-29,2.2417805885782656,TQQQ,1.0,RISK_ON,TQQQ
2014-09-30,2.25010400584225,TQQQ,1.0,RISK_ON,TQQQ
2014-10-01,2.142423426293427,TQQQ,1.0,RISK_ON,TQQQ
2014-10-02,2.1413827648577533,TQQQ,1.0,RISK_ON,TQQQ
2014-10-03,2.205886749691757,TQQQ,1.0,RISK_ON,TQQQ
2014-10-06,2.190801141594975,TQQQ,1.0,RISK_ON,TQQQ
2014-10-07,2.0982064825131683,TQQQ,1.0,RISK_ON,TQQQ
2014-10-08,2.219411443727587,TQQQ,1.0,RISK_ON,TQQQ
2014-10-09,2.1088709584983465,TQQQ,1.0,RISK_ON,TQQQ
2014-10-10,1.9509909204413571,TQQQ,1.0,RISK_ON,TQQQ
2014-10-13,1.8596963462748362,TQQQ,1.0,RISK_ON,TQQQ
2014-10-14,1.8630785349870553,TQQQ,1.0,RISK_ON,TQQQ
2014-10-15,1.8232841289844552,TQQQ,1.0,RISK_ON,TQQQ
2014-10-16,1.8232841289844552,CASH,0.0,CASH,TQQQ
2014-10-17,1.8232841289844552,CASH,0.0,CASH,TQQQ
2014-10-20,1.8232841289844552,CASH,0.0,CASH,TQQQ
2014-10-21,1.9658803638289568,TQQQ,1.0,RISK_ON,TQQQ
2014-10-22,1.9354121224918637,TQQQ,1.0,RISK_ON,TQQQ
2014-10-23,2.0238952724168127,TQQQ,1.0,RISK_ON,TQQQ
2014-10-24,2.0704514922597577,TQQQ,1.0,RISK_ON,TQQQ
2014-10-27,2.0782517730530774,TQQQ,1.0,RISK_ON,TQQQ
2014-10-28,2.171122699851069,TQQQ,1.0,RISK_ON,TQQQ
2014-10-29,2.145040186186758,TQQQ,1.0,RISK_ON,TQQQ
2014-10-30,2.1584478107512823,TQQQ,1.0,RISK_ON,TQQQ
2014-10-31,2.2474169138809716,TQQQ,1.0,RISK_ON,TQQQ
2014-11-03,2.270574340544219,TQQQ,1.0,RISK_ON,TQQQ
2014-11-04,2.246442811899783,TQQQ,1.0,RISK_ON,TQQQ
2014-11-05,2.246199396183071,TQQQ,1.0,RISK_ON,TQQQ
2014-11-06,2.2654555846638043,TQQQ,1.0,RISK_ON,TQQQ
2014-11-07,2.259848972749835,TQQQ,1.0,RISK_ON,TQQQ
2014-11-10,2.2830058139272937,TQQQ,1.0,RISK_ON,TQQQ
2014-11-11,2.304700550718562,TQQQ,1.0,RISK_ON,TQQQ
2014-11-12,2.317375293446901,TQQQ,1.0,RISK_ON,TQQQ
2014-11-13,2.347114019491095,TQQQ,1.0,RISK_ON,TQQQ
2014-11-14,2.3688069998249963,TQQQ,1.0,RISK_ON,TQQQ
2014-11-17,2.346626309828988,TQQQ,1.0,RISK_ON,TQQQ
2014-11-18,2.399276997619456,TQQQ,1.0,RISK_ON,TQQQ
2014-11-19,2.368806999824996,TQQQ,1.0,RISK_ON,TQQQ
2014-11-20,2.4002518314578807,TQQQ,1.0,RISK_ON,TQQQ
2014-11-21,2.417558352261764,TQQQ,1.0,RISK_ON,TQQQ
2014-11-24,2.4721595859577654,TQQQ,1.0,RISK_ON,TQQQ
2014-11-25,2.48020416069648,TQQQ,1.0,RISK_ON,TQQQ
2014-11-26,2.5309040098385203,TQQQ,1.0,RISK_ON,TQQQ
2014-11-28,2.568686871507087,TQQQ,1.0,RISK_ON,TQQQ
2014-12-01,2.473865691546456,TQQQ,1.0,RISK_ON,TQQQ
2014-12-02,2.5004350366441908,TQQQ,1.0,RISK_ON,TQQQ
2014-12-03,2.5231038754166475,TQQQ,1.0,RISK_ON,TQQQ
2014-12-04,2.515547888568723,TQQQ,1.0,RISK_ON,TQQQ
2014-12-05,2.5172537014145195,TQQQ,1.0,RISK_ON,TQQQ
2014-12-08,2.462897200778255,TQQQ,1.0,RISK_ON,TQQQ
2014-12-09,2.48678472822019,TQQQ,1.0,RISK_ON,TQQQ
2014-12-10,2.366370207971827,TQQQ,1.0,RISK_ON,TQQQ
2014-12-11,2.4034210660328923,TQQQ,1.0,RISK_ON,TQQQ
2014-12-12,2.323956592827847,TQQQ,1.0,RISK_ON,TQQQ
2014-12-15,2.2542432390645493,TQQQ,1.0,RISK_ON,TQQQ
2014-12-16,2.1423598322454303,TQQQ,1.0,RISK_ON,TQQQ
2014-12-17,2.257411888153772,TQQQ,1.0,RISK_ON,TQQQ
2014-12-18,2.4229208166017844,TQQQ,1.0,RISK_ON,TQQQ
2014-12-19,2.449976846761496,TQQQ,1.0,RISK_ON,TQQQ
2014-12-22,2.4725776228109995,TQQQ,1.0,RISK_ON,TQQQ
2014-12-23,2.4489285344565705,TQQQ,1.0,RISK_ON,TQQQ
2014-12-24,2.4540490467943514,TQQQ,1.0,RISK_ON,TQQQ
2014-12-26,2.5037822588990104,TQQQ,1.0,RISK_ON,TQQQ
2014-12-29,2.5042708467898005,TQQQ,1.0,RISK_ON,TQQQ
2014-12-30,2.4525853323222417,TQQQ,1.0,RISK_ON,TQQQ
2014-12-31,2.3757903815714303,TQQQ,1.0,RISK_ON,TQQQ
2015-01-02,2.3562872644592523,TQQQ,1.0,RISK_ON,TQQQ
2015-01-05,2.2502357352113598,TQQQ,1.0,RISK_ON,TQQQ
2015-01-06,2.1610066763914237,TQQQ,1.0,RISK_ON,TQQQ
2015-01-07,2.2441405354066006,TQQQ,1.0,RISK_ON,TQQQ
2015-01-08,2.3721335837057587,TQQQ,1.0,RISK_ON,TQQQ
2015-01-09,2.324106477189791,TQQQ,1.0,RISK_ON,TQQQ
2015-01-12,2.252673844407553,TQQQ,1.0,RISK_ON,TQQQ
2015-01-13,2.2507231521305724,TQQQ,1.0,RISK_ON,TQQQ
2015-01-14,2.216104109293471,TQQQ,1.0,RISK_ON,TQQQ
2015-01-15,2.1280943246288024,TQQQ,1.0,RISK_ON,TQQQ
2015-01-16,2.2039138560554004,TQQQ,1.0,RISK_ON,TQQQ
2015-01-20,2.252673844407554,TQQQ,1.0,RISK_ON,TQQQ
2015-01-21,2.2872920090159723,TQQQ,1.0,RISK_ON,TQQQ
2015-01-22,2.414553639193417,TQQQ,1.0,RISK_ON,TQQQ
2015-01-23,2.430643813270977,TQQQ,1.0,RISK_ON,TQQQ
2015-01-26,2.425281348930956,TQQQ,1.0,RISK_ON,TQQQ
2015-01-27,2.237558065054077,TQQQ,1.0,RISK_ON,TQQQ
2015-01-28,2.199038808634592,TQQQ,1.0,RISK_ON,TQQQ
2015-01-29,2.2626698432804853,TQQQ,1.0,RISK_ON,TQQQ
2015-01-30,2.210741205839109,TQQQ,1.0,RISK_ON,TQQQ
2015-02-02,2.2309644206163988,SOXL,1.0,RISK_ON,SOXL
2015-02-03,2.3513446711652572,SOXL,1.0,RISK_ON,SOXL
2015-02-04,2.379464092577738,SOXL,1.0,RISK_ON,SOXL
2015-02-05,2.444565446739906,SOXL,1.0,RISK_ON,SOXL
2015-02-06,2.407585179249771,SOXL,1.0,RISK_ON,SOXL
2015-02-09,2.328809924742179,SOXL,1.0,RISK_ON,SOXL
2015-02-10,2.5647519216317725,SOXL,1.0,RISK_ON,SOXL
2015-02-11,2.5905613252707838,SOXL,1.0,RISK_ON,SOXL
2015-02-12,2.7155629738516684,SOXL,1.0,RISK_ON,SOXL
2015-02-13,2.773345360894356,SOXL,1.0,RISK_ON,SOXL
2015-02-17,2.8010804101247255,SOXL,1.0,RISK_ON,SOXL
2015-02-18,2.7735394393258126,SOXL,1.0,RISK_ON,SOXL
2015-02-19,2.7989621999742322,SOXL,1.0,RISK_ON,SOXL
2015-02-20,2.848847926220033,SOXL,1.0,RISK_ON,SOXL
2015-02-23,2.7922212293066235,SOXL,1.0,RISK_ON,SOXL
2015-02-24,2.905281755799842,SOXL,1.0,RISK_ON,SOXL
2015-02-25,2.85655171968332,SOXL,1.0,RISK_ON,SOXL
2015-02-26,2.914526974059608,SOXL,1.0,RISK_ON,SOXL
2015-02-27,2.8935319871734553,SOXL,1.0,RISK_ON,SOXL
2015-03-02,3.133905542506116,SOXL,1.0,RISK_ON,SOXL
2015-03-03,2.9528554962381572,SOXL,1.0,RISK_ON,SOXL
2015-03-04,2.9480395656129788,SOXL,1.0,RISK_ON,SOXL
2015-03-05,2.950736680538736,SOXL,1.0,RISK_ON,SOXL
2015-03-06,2.861752173877843,SOXL,1.0,RISK_ON,SOXL
2015-03-09,2.886790410956919,SOXL,1.0,RISK_ON,SOXL
2015-03-10,2.7238459748646844,SOXL,1.0,RISK_ON,SOXL
2015-03-11,2.7467644879209465,SOXL,1.0,RISK_ON,SOXL
2015-03-12,2.7432983258565025,SOXL,1.0,RISK_ON,SOXL
2015-03-13,2.7999247199954476,SOXL,1.0,RISK_ON,SOXL
2015-03-16,2.923193893093039,SOXL,1.0,RISK_ON,SOXL
2015-03-17,2.8609822184157645,SOXL,1.0,RISK_ON,SOXL
2015-03-18,2.9237715867704464,SOXL,1.0,RISK_ON,SOXL
2015-03-19,2.9451510972259425,SOXL,1.0,RISK_ON,SOXL
2015-03-20,3.0743888633333505,SOXL,1.0,RISK_ON,SOXL
2015-03-23,2.9882937333828865,SOXL,1.0,RISK_ON,SOXL
2015-03-24,2.911830161908316,SOXL,1.0,RISK_ON,SOXL
2015-03-25,2.512940852569079,SOXL,1.0,RISK_ON,SOXL
2015-03-26,2.409318260281994,SOXL,1.0,RISK_ON,SOXL
2015-03-27,2.607126116198958,SOXL,1.0,RISK_ON,SOXL
2015-03-30,2.715755538410805,SOXL,1.0,RISK_ON,SOXL
2015-03-31,2.6202232311903675,SOXL,1.0,RISK_ON,SOXL
2015-04-01,2.5759538802714004,TQQQ,1.0,RISK_ON,TQQQ
2015-04-02,2.580279859555267,TQQQ,1.0,RISK_ON,TQQQ
2015-04-06,2.6423562265985825,TQQQ,1.0,RISK_ON,TQQQ
2015-04-07,2.630144392125314,TQQQ,1.0,RISK_ON,TQQQ
2015-04-08,2.69272996743485,TQQQ,1.0,RISK_ON,TQQQ
2015-04-09,2.742852006044743,TQQQ,1.0,RISK_ON,TQQQ
2015-04-10,2.7756704329830355,TQQQ,1.0,RISK_ON,TQQQ
2015-04-13,2.755062924126411,TQQQ,1.0,RISK_ON,TQQQ
2015-04-14,2.73140291484727,TQQQ,1.0,RISK_ON,TQQQ
2015-04-15,2.7797404335463916,TQQQ,1.0,RISK_ON,TQQQ
2015-04-16,2.7700725021571535,TQQQ,1.0,RISK_ON,TQQQ
2015-04-17,2.640576288645816,TQQQ,1.0,RISK_ON,TQQQ
2015-04-20,2.7586246328151476,TQQQ,1.0,RISK_ON,TQQQ
2015-04-21,2.7939878792290718,TQQQ,1.0,RISK_ON,TQQQ
2015-04-22,2.839273813897277,TQQQ,1.0,RISK_ON,TQQQ
2015-04-23,2.8733663306246537,TQQQ,1.0,RISK_ON,TQQQ
2015-04-24,2.98581704943197,TQQQ,1.0,RISK_ON,TQQQ
2015-04-27,2.9667359435185374,TQQQ,1.0,RISK_ON,TQQQ
2015-04-28,2.9474019135232634,TQQQ,1.0,RISK_ON,TQQQ
2015-04-29,2.89117456860447,TQQQ,1.0,RISK_ON,TQQQ
2015-04-30,2.7553167645998538,TQQQ,1.0,RISK_ON,TQQQ
2015-05-01,2.8667508996579327,TQQQ,1.0,RISK_ON,TQQQ
2015-05-04,2.8769271229217894,TQQQ,1.0,RISK_ON,TQQQ
2015-05-05,2.740561637970288,TQQQ,1.0,RISK_ON,TQQQ
2015-05-06,2.682045452296374,TQQQ,1.0,RISK_ON,TQQQ
2015-05-07,2.7280938247765083,TQQQ,1.0,RISK_ON,TQQQ
2015-05-08,2.8280794795648476,TQQQ,1.0,RISK_ON,TQQQ
2015-05-11,2.797041906970924,TQQQ,1.0,RISK_ON,TQQQ
2015-05-12,2.760913779034136,TQQQ,1.0,RISK_ON,TQQQ
2015-05-13,2.775161530180683,TQQQ,1.0,RISK_ON,TQQQ
2015-05-14,2.8980441455085013,TQQQ,1.0,RISK_ON,TQQQ
2015-05-15,2.897789999571192,TQQQ,1.0,RISK_ON,TQQQ
2015-05-18,2.9334070864585584,TQQQ,1.0,RISK_ON,TQQQ
2015-05-19,2.925011412075203,TQQQ,1.0,RISK_ON,TQQQ
2015-05-20,2.9298469050891565,TQQQ,1.0,RISK_ON,TQQQ
2015-05-21,2.975894972105423,TQQQ,1.0,RISK_ON,TQQQ
2015-05-22,2.967753443659377,TQQQ,1.0,RISK_ON,TQQQ
2015-05-26,2.864970656241298,TQQQ,1.0,RISK_ON,TQQQ
2015-05-27,3.0028628495998584,TQQQ,1.0,RISK_ON,TQQQ
2015-05-28,2.980728632336175,TQQQ,1.0,RISK_ON,TQQQ
2015-05-29,2.930354280572174,TQQQ,1.0,RISK_ON,TQQQ
2015-06-01,2.956050511988461,TQQQ,1.0,RISK_ON,TQQQ
2015-06-02,2.9290820235662918,TQQQ,1.0,RISK_ON,TQQQ
2015-06-03,2.954778865910313,TQQQ,1.0,RISK_ON,TQQQ
2015-06-04,2.890411519864808,TQQQ,1.0,RISK_ON,TQQQ
2015-06-05,2.8685317540023014,TQQQ,1.0,RISK_ON,TQQQ
2015-06-08,2.780757628223364,TQQQ,1.0,RISK_ON,TQQQ
2015-06-09,2.7670200017346374,TQQQ,1.0,RISK_ON,TQQQ
2015-06-10,2.8766729769844805,TQQQ,1.0,RISK_ON,TQQQ
2015-06-11,2.8924474365380872,TQQQ,1.0,RISK_ON,TQQQ
2015-06-12,2.8189204509779633,TQQQ,1.0,RISK_ON,TQQQ
2015-06-15,2.779994884947569,TQQQ,1.0,RISK_ON,TQQQ
2015-06-16,2.822483076058301,TQQQ,1.0,RISK_ON,TQQQ
2015-06-17,2.846143390801309,TQQQ,1.0,RISK_ON,TQQQ
2015-06-18,2.9664821030450965,TQQQ,1.0,RISK_ON,TQQQ
2015-06-19,2.921195557449157,TQQQ,1.0,RISK_ON,TQQQ
2015-06-22,2.991669126195163,TQQQ,1.0,RISK_ON,TQQQ
2015-06-23,2.9990457731183455,TQQQ,1.0,RISK_ON,TQQQ
2015-06-24,2.9529974006382114,TQQQ,1.0,RISK_ON,TQQQ
2015-06-25,2.9336618433236024,TQQQ,1.0,RISK_ON,TQQQ
2015-06-26,2.8792165746046448,TQQQ,1.0,RISK_ON,TQQQ
2015-06-29,2.6756856945862983,TQQQ,1.0,RISK_ON,TQQQ
2015-06-30,2.7062155862333372,TQQQ,1.0,RISK_ON,TQQQ
2015-07-01,2.761677133237666,TQQQ,1.0,RISK_ON,TQQQ
2015-07-02,2.7721084188304332,TQQQ,1.0,RISK_ON,TQQQ
2015-07-06,2.7487016390970007,TQQQ,1.0,RISK_ON,TQQQ
2015-07-07,2.762695549770106,TQQQ,1.0,RISK_ON,TQQQ
2015-07-08,2.6242935372175915,TQQQ,1.0,RISK_ON,TQQQ
2015-07-09,2.6242935372175915,CASH,0.0,CASH,TQQQ
2015-07-10,2.6242935372175915,CASH,0.0,CASH,TQQQ
2015-07-13,2.758396682750074,TQQQ,1.0,RISK_ON,TQQQ
2015-07-14,2.8137456056792534,TQQQ,1.0,RISK_ON,TQQQ
2015-07-15,2.8271555689334447,TQQQ,1.0,RISK_ON,TQQQ
2015-07-16,2.9376089691979588,TQQQ,1.0,RISK_ON,TQQQ
2015-07-17,3.071957145822715,TQQQ,1.0,RISK_ON,TQQQ
2015-07-20,3.1063367352890077,TQQQ,1.0,RISK_ON,TQQQ
2015-07-21,3.0978025101970745,TQQQ,1.0,RISK_ON,TQQQ
2015-07-22,2.996126902370696,TQQQ,1.0,RISK_ON,TQQQ
2015-07-23,2.9602844450811188,TQQQ,1.0,RISK_ON,TQQQ
2015-07-24,2.8761644221310108,TQQQ,1.0,RISK_ON,TQQQ
2015-07-27,2.802285352191537,TQQQ,1.0,RISK_ON,TQQQ
2015-07-28,2.8761644221310108,TQQQ,1.0,RISK_ON,TQQQ
2015-07-29,2.908349856236984,TQQQ,1.0,RISK_ON,TQQQ
2015-07-30,2.948824484342617,TQQQ,1.0,RISK_ON,TQQQ
2015-07-31,2.939803124558279,TQQQ,1.0,RISK_ON,TQQQ
2015-08-03,2.9127387524560517,TQQQ,1.0,RISK_ON,TQQQ
2015-08-04,2.8939638671026984,TQQQ,1.0,RISK_ON,TQQQ
2015-08-05,2.9617478984028316,TQQQ,1.0,RISK_ON,TQQQ
2015-08-06,2.8195976624708203,TQQQ,1.0,RISK_ON,TQQQ
2015-08-07,2.808380976329306,TQQQ,1.0,RISK_ON,TQQQ
2015-08-10,2.9032290869824524,TQQQ,1.0,RISK_ON,TQQQ
2015-08-11,2.7925329976193782,TQQQ,1.0,RISK_ON,TQQQ
2015-08-12,2.817159061516655,TQQQ,1.0,RISK_ON,TQQQ
2015-08-13,2.8044800930502847,TQQQ,1.0,RISK_ON,TQQQ
2015-08-14,2.81959766247082,TQQQ,1.0,RISK_ON,TQQQ
2015-08-17,2.888843097848167,TQQQ,1.0,RISK_ON,TQQQ
2015-08-18,2.8427608585448128,TQQQ,1.0,RISK_ON,TQQQ
2015-08-19,2.789363109128179,TQQQ,1.0,RISK_ON,TQQQ
2015-08-20,2.559679394408658,TQQQ,1.0,RISK_ON,TQQQ
2015-08-21,2.559679394408658,CASH,0.0,CASH,TQQQ
2015-08-24,2.559679394408658,CASH,0.0,CASH,TQQQ
2015-08-25,2.5427790022782553,TQQQ,0.5,DEEP_DCA,TQQQ
2015-08-26,2.726268824931003,TQQQ,0.5,DEEP_DCA,TQQQ
2015-08-27,2.726268824931003,CASH,0.0,CASH,TQQQ
2015-08-28,2.726268824931003,CASH,0.0,CASH,TQQQ
2015-08-31,2.726268824931003,CASH,0.0,CASH,TQQQ
2015-09-01,2.726268824931003,CASH,0.0,CASH,TQQQ
2015-09-02,2.726268824931003,CASH,0.0,CASH,TQQQ
2015-09-03,2.726268824931003,CASH,0.0,CASH,TQQQ
2015-09-04,2.726268824931003,CASH,0.0,CASH,TQQQ
2015-09-08,2.726268824931003,CASH,0.0,CASH,TQQQ
2015-09-09,2.726268824931003,CASH,0.0,CASH,TQQQ
2015-09-10,2.726268824931003,CASH,0.0,CASH,TQQQ
2015-09-11,2.726268824931003,CASH,0.0,CASH,TQQQ
2015-09-14,2.726268824931003,CASH,0.0,CASH,TQQQ
2015-09-15,2.726268824931003,CASH,0.0,CASH,TQQQ
2015-09-16,2.726268824931003,CASH,0.0,CASH,TQQQ
2015-09-17,2.726268824931003,CASH,0.0,CASH,TQQQ
2015-09-18,2.726268824931003,CASH,0.0,CASH,TQQQ
2015-09-21,2.726268824931003,CASH,0.0,CASH,TQQQ
2015-09-22,2.726268824931003,CASH,0.0,CASH,TQQQ
2015-09-23,2.726268824931003,CASH,0.0,CASH,TQQQ
2015-09-24,2.726268824931003,CASH,0.0,CASH,TQQQ
2015-09-25,2.726268824931003,CASH,0.0,CASH,TQQQ
2015-09-28,2.726268824931003,CASH,0.0,CASH,TQQQ
2015-09-29,2.706070677507302,TQQQ,0.5,DEEP_DCA,TQQQ
2015-09-30,2.795577860226836,TQQQ,0.5,DEEP_DCA,TQQQ
2015-10-01,2.795577860226836,CASH,0.0,CASH,TQQQ
2015-10-02,2.795577860226836,CASH,0.0,CASH,TQQQ
2015-10-05,2.795577860226836,CASH,0.0,CASH,TQQQ
2015-10-06,2.795577860226836,CASH,0.0,CASH,TQQQ
2015-10-07,2.795577860226836,CASH,0.0,CASH,TQQQ
2015-10-08,2.795577860226836,CASH,0.0,CASH,TQQQ
2015-10-09,2.795577860226836,CASH,0.0,CASH,TQQQ
2015-10-12,2.795577860226836,CASH,0.0,CASH,TQQQ
2015-10-13,2.795577860226836,CASH,0.0,CASH,TQQQ
2015-10-14,2.795577860226836,CASH,0.0,CASH,TQQQ
2015-10-15,2.795577860226836,CASH,0.0,CASH,TQQQ
2015-10-16,2.795577860226836,CASH,0.0,CASH,TQQQ
2015-10-19,2.795577860226836,CASH,0.0,CASH,TQQQ
2015-10-20,2.7492407070609604,TQQQ,1.0,RISK_ON,TQQQ
2015-10-21,2.7050085667746924,TQQQ,1.0,RISK_ON,TQQQ
2015-10-22,2.865350865601075,TQQQ,1.0,RISK_ON,TQQQ
2015-10-23,3.103623213253477,TQQQ,1.0,RISK_ON,TQQQ
2015-10-26,3.1128392435120875,TQQQ,1.0,RISK_ON,TQQQ
2015-10-27,3.133112044380406,TQQQ,1.0,RISK_ON,TQQQ
2015-10-28,3.2057800351806027,TQQQ,1.0,RISK_ON,TQQQ
2015-10-29,3.1939317114472217,TQQQ,1.0,RISK_ON,TQQQ
2015-10-30,3.150225587294257,TQQQ,1.0,RISK_ON,TQQQ
2015-11-02,3.257646363939994,TQQQ,1.0,RISK_ON,TQQQ
2015-11-03,3.2887151401596224,TQQQ,1.0,RISK_ON,TQQQ
2015-11-04,3.2900308127238103,TQQQ,1.0,RISK_ON,TQQQ
2015-11-05,3.2610695783075077,TQQQ,1.0,RISK_ON,TQQQ
2015-11-06,3.2718642891969583,TQQQ,1.0,RISK_ON,TQQQ
2015-11-09,3.1665494737772235,TQQQ,1.0,RISK_ON,TQQQ
2015-11-10,3.1441707116829027,TQQQ,1.0,RISK_ON,TQQQ
2015-11-11,3.1302164267235195,TQQQ,1.0,RISK_ON,TQQQ
2015-11-12,3.0393812801655415,TQQQ,1.0,RISK_ON,TQQQ
2015-11-13,2.8606100819765845,TQQQ,1.0,RISK_ON,TQQQ
2015-11-16,2.9798798145866323,TQQQ,1.0,RISK_ON,TQQQ
2015-11-17,2.990148193227315,TQQQ,1.0,RISK_ON,TQQQ
2015-11-18,3.1615466304324764,TQQQ,1.0,RISK_ON,TQQQ
2015-11-19,3.1662874140569666,TQQQ,1.0,RISK_ON,TQQQ
2015-11-20,3.229211145656996,TQQQ,1.0,RISK_ON,TQQQ
2015-11-23,3.2031467933594393,TQQQ,1.0,RISK_ON,TQQQ
2015-11-24,3.193142371131803,TQQQ,1.0,RISK_ON,TQQQ
2015-11-25,3.2002511757025527,TQQQ,1.0,RISK_ON,TQQQ
2015-11-27,3.2118345946764935,TQQQ,1.0,RISK_ON,TQQQ
2015-11-30,3.1915624260391042,TQQQ,1.0,RISK_ON,TQQQ
2015-12-01,3.2863455386360405,TQQQ,1.0,RISK_ON,TQQQ
2015-12-02,3.226578852182226,TQQQ,1.0,RISK_ON,TQQQ
2015-12-03,3.0620252631347684,TQQQ,1.0,RISK_ON,TQQQ
2015-12-04,3.2723909375611924,TQQQ,1.0,RISK_ON,TQQQ
2015-12-07,3.2323707197269287,TQQQ,1.0,RISK_ON,TQQQ
2015-12-08,3.232634992255439,TQQQ,1.0,RISK_ON,TQQQ
2015-12-09,3.0820347398209704,TQQQ,1.0,RISK_ON,TQQQ
2015-12-10,3.125739915627541,TQQQ,1.0,RISK_ON,TQQQ
2015-12-11,2.9114250107002997,TQQQ,1.0,RISK_ON,TQQQ
2015-12-14,2.976719924401236,TQQQ,1.0,RISK_ON,TQQQ
2015-12-15,3.027271528942834,TQQQ,1.0,RISK_ON,TQQQ
2015-12-16,3.1610212465301033,TQQQ,1.0,RISK_ON,TQQQ
2015-12-17,3.029377490168836,TQQQ,1.0,RISK_ON,TQQQ
2015-12-18,2.8629803157310985,TQQQ,1.0,RISK_ON,TQQQ
2015-12-21,2.9480213819361203,TQQQ,1.0,RISK_ON,TQQQ
2015-12-22,3.0038388378891177,TQQQ,1.0,RISK_ON,TQQQ
2015-12-23,3.0725566498421024,TQQQ,1.0,RISK_ON,TQQQ
2015-12-24,3.0662371855867727,TQQQ,1.0,RISK_ON,TQQQ
2015-12-28,3.0654475291558883,TQQQ,1.0,RISK_ON,TQQQ
2015-12-29,3.2052533868163713,TQQQ,1.0,RISK_ON,TQQQ
2015-12-30,3.123370314103958,TQQQ,1.0,RISK_ON,TQQQ
2015-12-31,3.007525060323283,TQQQ,1.0,RISK_ON,TQQQ
2016-01-04,2.8237503865586486,TQQQ,1.0,RISK_ON,TQQQ
2016-01-05,2.798474426230117,TQQQ,1.0,RISK_ON,TQQQ
2016-01-06,2.723438730599126,TQQQ,1.0,RISK_ON,TQQQ
2016-01-07,2.723438730599126,CASH,0.0,CASH,TQQQ
2016-01-08,2.723438730599126,CASH,0.0,CASH,TQQQ
2016-01-11,2.723438730599126,CASH,0.0,CASH,TQQQ
2016-01-12,2.723438730599126,CASH,0.0,CASH,TQQQ
2016-01-13,2.723438730599126,CASH,0.0,CASH,TQQQ
2016-01-14,2.811528074394445,TQQQ,0.5,DEEP_DCA,TQQQ
2016-01-15,2.811528074394445,CASH,0.0,CASH,TQQQ
2016-01-19,2.817492155610594,TQQQ,0.5,DEEP_DCA,TQQQ
2016-01-20,2.8047395025319997,TQQQ,0.5,DEEP_DCA,TQQQ
2016-01-21,2.8098637812887155,TQQQ,0.5,DEEP_DCA,TQQQ
2016-01-22,2.930919287481392,TQQQ,0.5,DEEP_DCA,TQQQ
2016-01-25,2.930919287481392,CASH,0.0,CASH,TQQQ
2016-01-26,2.9727549369745923,TQQQ,0.5,DEEP_DCA,TQQQ
2016-01-27,2.9727549369745923,CASH,0.0,CASH,TQQQ
2016-01-28,3.0313919130844664,TQQQ,0.5,DEEP_DCA,TQQQ
2016-01-29,3.130132736413666,TQQQ,0.5,DEEP_DCA,TQQQ
2016-02-01,3.130132736413666,CASH,0.0,CASH,TQQQ
2016-02-02,3.130132736413666,CASH,0.0,CASH,TQQQ
2016-02-03,3.1079987895566794,TQQQ,0.5,DEEP_DCA,TQQQ
2016-02-04,3.1052121175680116,TQQQ,0.5,DEEP_DCA,TQQQ
2016-02-05,2.9454891776577754,TQQQ,0.5,DEEP_DCA,TQQQ
2016-02-08,2.8782516886803116,TQQQ,0.5,DEEP_DCA,TQQQ
2016-02-09,2.8615427348022555,TQQQ,0.5,DEEP_DCA,TQQQ
2016-02-10,2.87855161393012,TQQQ,0.5,DEEP_DCA,TQQQ
2016-02-11,2.875130401263049,TQQQ,0.5,DEEP_DCA,TQQQ
2016-02-12,2.936397223652732,TQQQ,0.5,DEEP_DCA,TQQQ
2016-02-16,3.034119229449926,TQQQ,0.5,DEEP_DCA,TQQQ
2016-02-17,3.1389289018877404,TQQQ,0.5,DEEP_DCA,TQQQ
2016-02-18,3.085626539815016,TQQQ,0.5,DEEP_DCA,TQQQ
2016-02-19,3.1016344060730914,TQQQ,0.5,DEEP_DCA,TQQQ
2016-02-22,3.174893825288824,TQQQ,0.5,DEEP_DCA,TQQQ
2016-02-23,3.174893825288824,CASH,0.0,CASH,TQQQ
2016-02-24,3.2221166816236084,TQQQ,0.5,DEEP_DCA,TQQQ
2016-02-25,3.2665674626942067,TQQQ,0.5,DEEP_DCA,TQQQ
2016-02-26,3.2665674626942067,CASH,0.0,CASH,TQQQ
2016-02-29,3.2665674626942067,CASH,0.0,CASH,TQQQ
2016-03-01,3.2665674626942067,CASH,0.0,CASH,SOXL
2016-03-02,3.2665674626942067,CASH,0.0,CASH,SOXL
2016-03-03,3.2665674626942067,CASH,0.0,CASH,SOXL
2016-03-04,3.2665674626942067,CASH,0.0,CASH,SOXL
2016-03-07,3.303164615244959,SOXL,1.0,RISK_ON,SOXL
2016-03-08,3.0781641313675365,SOXL,1.0,RISK_ON,SOXL
2016-03-09,3.0781641313675365,CASH,0.0,CASH,SOXL
2016-03-10,3.0781641313675365,CASH,0.0,CASH,SOXL
2016-03-11,3.0781641313675365,CASH,0.0,CASH,SOXL
2016-03-14,3.042428446540821,SOXL,1.0,RISK_ON,SOXL
2016-03-15,3.025178047491387,SOXL,1.0,RISK_ON,SOXL
2016-03-16,3.108970438938264,SOXL,1.0,RISK_ON,SOXL
2016-03-17,3.1767453809863357,SOXL,1.0,RISK_ON,SOXL
2016-03-18,3.303666070335996,SOXL,1.0,RISK_ON,SOXL
2016-03-21,3.319684730408064,SOXL,1.0,RISK_ON,SOXL
2016-03-22,3.3110584412774107,SOXL,1.0,RISK_ON,SOXL
2016-03-23,3.1779761514250917,SOXL,1.0,RISK_ON,SOXL
2016-03-24,3.170582811945067,SOXL,1.0,RISK_ON,SOXL
2016-03-28,3.1668859000704024,SOXL,1.0,RISK_ON,SOXL
2016-03-29,3.2876478945332335,SOXL,1.0,RISK_ON,SOXL
2016-03-30,3.3862272070748127,SOXL,1.0,RISK_ON,SOXL
2016-03-31,3.3283119880773278,SOXL,1.0,RISK_ON,SOXL
2016-04-01,3.393621030824143,SOXL,1.0,RISK_ON,SOXL
2016-04-04,3.299969158461332,SOXL,1.0,RISK_ON,SOXL
2016-04-05,3.2408200212746086,SOXL,1.0,RISK_ON,SOXL
2016-04-06,3.339401997297365,SOXL,1.0,RISK_ON,SOXL
2016-04-07,3.1829057708157333,SOXL,1.0,RISK_ON,SOXL
2016-04-08,3.2309632038398517,SOXL,1.0,RISK_ON,SOXL
2016-04-11,3.2260338265838633,SOXL,1.0,RISK_ON,SOXL
2016-04-12,3.216175556341192,SOXL,1.0,RISK_ON,SOXL
2016-04-13,3.4355178318842126,SOXL,1.0,RISK_ON,SOXL
2016-04-14,3.351723745494768,SOXL,1.0,RISK_ON,SOXL
2016-04-15,3.2617699956798845,SOXL,1.0,RISK_ON,SOXL
2016-04-18,3.2666979201279576,SOXL,1.0,RISK_ON,SOXL
2016-04-19,3.1422414351369867,SOXL,1.0,RISK_ON,SOXL
2016-04-20,3.234660115714517,SOXL,1.0,RISK_ON,SOXL
2016-04-21,3.1779761514250926,SOXL,1.0,RISK_ON,SOXL
2016-04-22,3.1952284875517463,SOXL,1.0,RISK_ON,SOXL
2016-04-25,3.137311573611693,SOXL,1.0,RISK_ON,SOXL
2016-04-26,3.2630007661186395,SOXL,1.0,RISK_ON,SOXL
2016-04-27,3.36774385837475,SOXL,1.0,RISK_ON,SOXL
2016-04-28,3.0966474800675985,SOXL,1.0,RISK_ON,SOXL
2016-04-29,2.858823550767084,SOXL,1.0,RISK_ON,SOXL
2016-05-02,2.858823550767084,CASH,0.0,CASH,SOXL
2016-05-03,2.858823550767084,CASH,0.0,CASH,SOXL
2016-05-04,2.858823550767084,CASH,0.0,CASH,SOXL
2016-05-05,2.858823550767084,CASH,0.0,CASH,SOXL
2016-05-06,2.858823550767084,CASH,0.0,CASH,SOXL
2016-05-09,2.858823550767084,CASH,0.0,CASH,SOXL
2016-05-10,2.858823550767084,CASH,0.0,CASH,SOXL
2016-05-11,2.858823550767084,CASH,0.0,CASH,SOXL
2016-05-12,2.858823550767084,CASH,0.0,CASH,SOXL
2016-05-13,2.858823550767084,CASH,0.0,CASH,SOXL
2016-05-16,2.858823550767084,CASH,0.0,CASH,SOXL
2016-05-17,2.858823550767084,CASH,0.0,CASH,SOXL
2016-05-18,2.858823550767084,CASH,0.0,CASH,SOXL
2016-05-19,2.858823550767084,CASH,0.0,CASH,SOXL
2016-05-20,2.858823550767084,CASH,0.0,CASH,SOXL
2016-05-23,2.92109599673707,SOXL,1.0,RISK_ON,SOXL
2016-05-24,3.1328193318528545,SOXL,1.0,RISK_ON,SOXL
2016-05-25,3.188296017336823,SOXL,1.0,RISK_ON,SOXL
2016-05-26,3.2199982199812287,SOXL,1.0,RISK_ON,SOXL
2016-05-27,3.2788743430421743,SOXL,1.0,RISK_ON,SOXL
2016-05-31,3.3320877773173345,SOXL,1.0,RISK_ON,SOXL
2016-06-01,3.3898301612492046,SOXL,1.0,RISK_ON,SOXL
2016-06-02,3.3875657976589904,SOXL,1.0,RISK_ON,SOXL
2016-06-03,3.41926688792199,SOXL,1.0,RISK_ON,SOXL
2016-06-06,3.393226484158245,SOXL,1.0,RISK_ON,SOXL
2016-06-07,3.492862264224454,SOXL,1.0,RISK_ON,SOXL
2016-06-08,3.483802140148222,SOXL,1.0,RISK_ON,SOXL
2016-06-09,3.497389434070914,SOXL,1.0,RISK_ON,SOXL
2016-06-10,3.321897473732527,SOXL,1.0,RISK_ON,SOXL
2016-06-13,3.2766086445942726,SOXL,1.0,RISK_ON,SOXL
2016-06-14,3.26755208013854,SOXL,1.0,RISK_ON,SOXL
2016-06-15,3.2686844844099285,SOXL,1.0,RISK_ON,SOXL
2016-06-16,3.2652872715957635,SOXL,1.0,RISK_ON,SOXL
2016-06-17,3.183768847490362,SOXL,1.0,RISK_ON,SOXL
2016-06-20,3.2913278978357905,SOXL,1.0,RISK_ON,SOXL
2016-06-21,3.325294241594129,SOXL,1.0,RISK_ON,SOXL
2016-06-22,3.3105743209237675,SOXL,1.0,RISK_ON,SOXL
2016-06-23,3.568718666972913,SOXL,1.0,RISK_ON,SOXL
2016-06-24,2.966385048351604,SOXL,1.0,RISK_ON,SOXL
2016-06-27,2.61313587417949,SOXL,1.0,RISK_ON,SOXL
2016-06-28,2.61313587417949,CASH,0.0,CASH,SOXL
2016-06-29,2.770364791578654,SOXL,1.0,RISK_ON,SOXL
2016-06-30,2.9213038931879183,SOXL,1.0,RISK_ON,SOXL
2016-07-01,2.8269667487152743,SOXL,1.0,RISK_ON,SOXL
2016-07-05,2.684412351768759,SOXL,1.0,RISK_ON,SOXL
2016-07-06,2.6959436120612903,SOXL,1.0,RISK_ON,SOXL
2016-07-07,2.7944721820144656,SOXL,1.0,RISK_ON,SOXL
2016-07-08,3.029267598759652,SOXL,1.0,RISK_ON,SOXL
2016-07-11,3.1288445400000957,SOXL,1.0,RISK_ON,SOXL
2016-07-12,3.2567233866596923,SOXL,1.0,RISK_ON,SOXL
2016-07-13,3.265111180825252,SOXL,1.0,RISK_ON,SOXL
2016-07-14,3.3363868345471044,SOXL,1.0,RISK_ON,SOXL
2016-07-15,3.329049471337353,SOXL,1.0,RISK_ON,SOXL
2016-07-18,3.4789404076262036,SOXL,1.0,RISK_ON,SOXL
2016-07-19,3.4380619601300624,SOXL,1.0,RISK_ON,SOXL
2016-07-20,3.6036751702582674,SOXL,1.0,RISK_ON,SOXL
2016-07-21,3.5282064433210514,SOXL,1.0,RISK_ON,SOXL
2016-07-22,3.5837589993361334,SOXL,1.0,RISK_ON,SOXL
2016-07-25,3.6414091217931674,SOXL,1.0,RISK_ON,SOXL
2016-07-26,4.085841927925066,SOXL,1.0,RISK_ON,SOXL
2016-07-27,4.060685960235133,SOXL,1.0,RISK_ON,SOXL
2016-07-28,3.9967447861870746,SOXL,1.0,RISK_ON,SOXL
2016-07-29,3.935951197603069,SOXL,1.0,RISK_ON,SOXL
2016-08-01,3.9569157398124712,SOXL,1.0,RISK_ON,SOXL
2016-08-02,3.767192667646207,SOXL,1.0,RISK_ON,SOXL
2016-08-03,3.7933974185571158,SOXL,1.0,RISK_ON,SOXL
2016-08-04,3.891927018344562,SOXL,1.0,RISK_ON,SOXL
2016-08-05,4.040769789312998,SOXL,1.0,RISK_ON,SOXL
2016-08-08,4.023998732252668,SOXL,1.0,RISK_ON,SOXL
2016-08-09,4.127768540741621,SOXL,1.0,RISK_ON,SOXL
2016-08-10,4.032385702550812,SOXL,1.0,RISK_ON,SOXL
2016-08-11,4.090034589206721,SOXL,1.0,RISK_ON,SOXL
2016-08-12,4.14244409102854,SOXL,1.0,RISK_ON,SOXL
2016-08-15,4.31434691097979,SOXL,1.0,RISK_ON,SOXL
2016-08-16,4.222105891181119,SOXL,1.0,RISK_ON,SOXL
2016-08-17,4.220010796341415,SOXL,1.0,RISK_ON,SOXL
2016-08-18,4.3132993635599375,SOXL,1.0,RISK_ON,SOXL
2016-08-19,4.425455730413326,SOXL,1.0,RISK_ON,SOXL
2016-08-22,4.430697174915958,SOXL,1.0,RISK_ON,SOXL
2016-08-23,4.501972828637809,SOXL,1.0,RISK_ON,SOXL
2016-08-24,4.385623388569057,SOXL,1.0,RISK_ON,SOXL
2016-08-25,4.439080849744435,SOXL,1.0,RISK_ON,SOXL
2016-08-26,4.500925281217957,SOXL,1.0,RISK_ON,SOXL
2016-08-29,4.547044967249876,SOXL,1.0,RISK_ON,SOXL
2016-08-30,4.507215920875273,SOXL,1.0,RISK_ON,SOXL
2016-08-31,4.510358975068536,SOXL,1.0,RISK_ON,SOXL
2016-09-01,4.628803098043283,SOXL,1.0,RISK_ON,SOXL
2016-09-02,4.6036467184196415,SOXL,1.0,RISK_ON,SOXL
2016-09-06,4.564864807531182,SOXL,1.0,RISK_ON,SOXL
2016-09-07,4.464237641301785,SOXL,1.0,RISK_ON,SOXL
2016-09-08,4.444323941981899,SOXL,1.0,RISK_ON,SOXL
2016-09-09,3.954818173370518,SOXL,1.0,RISK_ON,SOXL
2016-09-12,4.1917088909222615,SOXL,1.0,RISK_ON,SOXL
2016-09-13,4.070120066019419,SOXL,1.0,RISK_ON,SOXL
2016-09-14,4.186469506088171,SOXL,1.0,RISK_ON,SOXL
2016-09-15,4.4757693135280245,SOXL,1.0,RISK_ON,SOXL
2016-09-16,4.47786399643402,SOXL,1.0,RISK_ON,SOXL
2016-09-19,4.499876497996982,SOXL,1.0,RISK_ON,SOXL
2016-09-20,4.443274334893508,SOXL,1.0,RISK_ON,SOXL
2016-09-21,4.617275133220419,SOXL,1.0,RISK_ON,SOXL
2016-09-22,4.670731358594672,SOXL,1.0,RISK_ON,SOXL
2016-09-23,4.521888999559944,SOXL,1.0,RISK_ON,SOXL
2016-09-26,4.381431963088526,SOXL,1.0,RISK_ON,SOXL
2016-09-27,4.617275133220418,SOXL,1.0,RISK_ON,SOXL
2016-09-28,4.647672133479275,SOXL,1.0,RISK_ON,SOXL
2016-09-29,4.818526994076965,SOXL,1.0,RISK_ON,SOXL
2016-09-30,5.042838491982617,SOXL,1.0,RISK_ON,SOXL
2016-10-03,4.938020724140104,SOXL,1.0,RISK_ON,SOXL
2016-10-04,4.90028553680408,SOXL,1.0,RISK_ON,SOXL
2016-10-05,5.014536998497172,SOXL,1.0,RISK_ON,SOXL
2016-10-06,5.101537809594336,SOXL,1.0,RISK_ON,SOXL
2016-10-07,5.072187944821623,SOXL,1.0,RISK_ON,SOXL
2016-10-10,4.996719629818116,SOXL,1.0,RISK_ON,SOXL
2016-10-11,4.684358537594323,SOXL,1.0,RISK_ON,SOXL
2016-10-12,4.631949447706213,SOXL,1.0,RISK_ON,SOXL
2016-10-13,4.464237641301786,SOXL,1.0,RISK_ON,SOXL
2016-10-14,4.573250953961911,SOXL,1.0,RISK_ON,SOXL
2016-10-17,4.495683424781618,SOXL,1.0,RISK_ON,SOXL
2016-10-18,4.660248881523117,SOXL,1.0,RISK_ON,SOXL
2016-10-19,4.591070382309509,SOXL,1.0,RISK_ON,SOXL
2016-10-20,4.689601217898079,SOXL,1.0,RISK_ON,SOXL
2016-10-21,4.651863970893514,SOXL,1.0,RISK_ON,SOXL
2016-10-24,4.910766778074511,SOXL,1.0,RISK_ON,SOXL
2016-10-25,4.8992367535831045,SOXL,1.0,RISK_ON,SOXL
2016-10-26,4.870935260097659,SOXL,1.0,RISK_ON,SOXL
2016-10-27,4.805948598298291,SOXL,1.0,RISK_ON,SOXL
2016-10-28,4.723141272350199,SOXL,1.0,RISK_ON,SOXL
2016-10-31,4.797561216066439,SOXL,1.0,RISK_ON,SOXL
2016-11-01,4.662345212163945,SOXL,1.0,RISK_ON,SOXL
2016-11-02,4.569056644945423,SOXL,1.0,RISK_ON,SOXL
2016-11-03,4.538659644686566,SOXL,1.0,RISK_ON,SOXL
2016-11-04,4.458997844533987,SOXL,1.0,RISK_ON,SOXL
2016-11-07,4.844730509186751,SOXL,1.0,RISK_ON,SOXL
2016-11-08,4.876175468799167,SOXL,1.0,RISK_ON,SOXL
2016-11-09,4.79861123508854,SOXL,1.0,RISK_ON,SOXL
2016-11-10,4.497781815090987,SOXL,1.0,RISK_ON,SOXL
2016-11-11,5.005102892712886,SOXL,1.0,RISK_ON,SOXL
2016-11-14,4.921248843212359,SOXL,1.0,RISK_ON,SOXL
2016-11-15,5.205308853884414,SOXL,1.0,RISK_ON,SOXL
2016-11-16,5.385595348664142,SOXL,1.0,RISK_ON,SOXL
2016-11-17,5.561691241830756,SOXL,1.0,RISK_ON,SOXL
2016-11-18,5.675944763192388,SOXL,1.0,RISK_ON,SOXL
2016-11-21,5.7514147259307284,SOXL,1.0,RISK_ON,SOXL
2016-11-22,5.982017687361113,SOXL,1.0,RISK_ON,SOXL
2016-11-23,6.006124459896363,SOXL,1.0,RISK_ON,SOXL
2016-11-25,6.031280839520004,SOXL,1.0,RISK_ON,SOXL
2016-11-28,5.980967256405306,SOXL,1.0,RISK_ON,SOXL
2016-11-29,5.9463780067985015,SOXL,1.0,RISK_ON,SOXL
2016-11-30,5.839463908315161,SOXL,1.0,RISK_ON,SOXL
2016-12-01,4.9757559114761305,SOXL,1.0,RISK_ON,SOXL
2016-12-02,5.168621625901951,SOXL,1.0,RISK_ON,SOXL
2016-12-05,5.357295090979823,SOXL,1.0,RISK_ON,SOXL
2016-12-06,5.579511494045773,SOXL,1.0,RISK_ON,SOXL
2016-12-07,5.932751239732561,SOXL,1.0,RISK_ON,SOXL
2016-12-08,6.084739124562802,SOXL,1.0,RISK_ON,SOXL
2016-12-09,6.008219966669777,SOXL,1.0,RISK_ON,SOXL
2016-12-12,5.871957239214847,SOXL,1.0,RISK_ON,SOXL
2016-12-13,6.070064810077006,SOXL,1.0,RISK_ON,SOXL
2016-12-14,6.056437631077355,SOXL,1.0,RISK_ON,SOXL
2016-12-15,6.37508771522363,SOXL,1.0,RISK_ON,SOXL
2016-12-16,6.1675468624446,SOXL,1.0,RISK_ON,SOXL
2016-12-19,6.359365029450568,SOXL,1.0,RISK_ON,SOXL
2016-12-20,6.5377170835367755,SOXL,1.0,RISK_ON,SOXL
2016-12-21,6.5377170835367755,SOXL,1.0,RISK_ON,SOXL
2016-12-22,6.643146161002198,SOXL,1.0,RISK_ON,SOXL
2016-12-23,6.741987182673013,SOXL,1.0,RISK_ON,SOXL
2016-12-27,6.987986578379596,SOXL,1.0,RISK_ON,SOXL
2016-12-28,6.581645282241281,SOXL,1.0,RISK_ON,SOXL
2016-12-29,6.580547066975326,SOXL,1.0,RISK_ON,SOXL
2016-12-30,6.270849538108498,SOXL,1.0,RISK_ON,SOXL
2017-01-03,6.280732239700972,SOXL,1.0,RISK_ON,SOXL
2017-01-04,6.33783984546436,SOXL,1.0,RISK_ON,SOXL
2017-01-05,6.163221970442625,SOXL,1.0,RISK_ON,SOXL
2017-01-06,6.311483502948847,SOXL,1.0,RISK_ON,SOXL
2017-01-09,6.514654562951712,SOXL,1.0,RISK_ON,SOXL
2017-01-10,6.613494348821403,SOXL,1.0,RISK_ON,SOXL
2017-01-11,6.676094266715691,SOXL,1.0,RISK_ON,SOXL
2017-01-12,6.503671586424742,SOXL,1.0,RISK_ON,SOXL
2017-01-13,6.6266725200791585,SOXL,1.0,RISK_ON,SOXL
2017-01-17,6.308189269084688,SOXL,1.0,RISK_ON,SOXL
2017-01-18,6.571760932913975,SOXL,1.0,RISK_ON,SOXL
2017-01-19,6.481709752707885,SOXL,1.0,RISK_ON,SOXL
2017-01-20,6.733199812810538,SOXL,1.0,RISK_ON,SOXL
2017-01-23,6.600315353696232,SOXL,1.0,RISK_ON,SOXL
2017-01-24,6.992381087178251,SOXL,1.0,RISK_ON,SOXL
2017-01-25,7.299883833248,SOXL,1.0,RISK_ON,SOXL
2017-01-26,7.172491686264594,SOXL,1.0,RISK_ON,SOXL
2017-01-27,7.4448482483541065,SOXL,1.0,RISK_ON,SOXL
2017-01-30,7.326238528028679,SOXL,1.0,RISK_ON,SOXL
2017-01-31,7.040702558880286,SOXL,1.0,RISK_ON,SOXL
2017-02-01,7.375659862731503,SOXL,1.0,RISK_ON,SOXL
2017-02-02,7.356993498679927,SOXL,1.0,RISK_ON,SOXL
2017-02-03,7.4843839979285,SOXL,1.0,RISK_ON,SOXL
2017-02-06,7.562358105678747,SOXL,1.0,RISK_ON,SOXL
2017-02-07,7.645821642023939,SOXL,1.0,RISK_ON,SOXL
2017-02-08,7.683164256536086,SOXL,1.0,RISK_ON,SOXL
2017-02-09,7.482189215131423,SOXL,1.0,RISK_ON,SOXL
2017-02-10,7.464614475406472,SOXL,1.0,RISK_ON,SOXL
2017-02-13,7.517328808172329,SOXL,1.0,RISK_ON,SOXL
2017-02-14,7.438258956758376,SOXL,1.0,RISK_ON,SOXL
2017-02-15,7.6238614560419125,SOXL,1.0,RISK_ON,SOXL
2017-02-16,7.652412581354503,SOXL,1.0,RISK_ON,SOXL
2017-02-17,7.7754143388763355,SOXL,1.0,RISK_ON,SOXL
2017-02-21,8.109271779726765,SOXL,1.0,RISK_ON,SOXL
2017-02-22,8.110372466594969,SOXL,1.0,RISK_ON,SOXL
2017-02-23,7.707324992387103,SOXL,1.0,RISK_ON,SOXL
2017-02-24,7.694144761460806,SOXL,1.0,RISK_ON,SOXL
2017-02-27,7.915987540653454,SOXL,1.0,RISK_ON,SOXL
2017-02-28,7.609580538247411,SOXL,1.0,RISK_ON,SOXL
2017-03-01,7.966503795152569,SOXL,1.0,RISK_ON,SOXL
2017-03-02,7.7194012409755315,SOXL,1.0,RISK_ON,SOXL
2017-03-03,7.705126090252945,SOXL,1.0,RISK_ON,SOXL
2017-03-06,7.7172105775155355,SOXL,1.0,RISK_ON,SOXL
2017-03-07,7.77101818234285,SOXL,1.0,RISK_ON,SOXL
2017-03-08,7.828128671642194,SOXL,1.0,RISK_ON,SOXL
2017-03-09,7.865467990684676,SOXL,1.0,RISK_ON,SOXL
2017-03-10,8.136729632977898,SOXL,1.0,RISK_ON,SOXL
2017-03-13,8.325621834854804,SOXL,1.0,RISK_ON,SOXL
2017-03-14,8.248745118503097,SOXL,1.0,RISK_ON,SOXL
2017-03-15,8.448624416244053,SOXL,1.0,RISK_ON,SOXL
2017-03-16,8.415677958265393,SOXL,1.0,RISK_ON,SOXL
2017-03-17,8.461802175568103,SOXL,1.0,RISK_ON,SOXL
2017-03-20,8.650695201312425,SOXL,1.0,RISK_ON,SOXL
2017-03-21,8.048871587834055,SOXL,1.0,RISK_ON,SOXL
2017-03-22,8.30585396006761,SOXL,1.0,RISK_ON,SOXL
2017-03-23,8.242156650774783,SOXL,1.0,RISK_ON,SOXL
2017-03-24,8.415677958265395,SOXL,1.0,RISK_ON,SOXL
2017-03-27,8.459604921168777,SOXL,1.0,RISK_ON,SOXL
2017-03-28,8.544169968249589,SOXL,1.0,RISK_ON,SOXL
2017-03-29,8.472781856625408,SOXL,1.0,RISK_ON,SOXL
2017-03-30,8.61774956720118,SOXL,1.0,RISK_ON,SOXL
2017-03-31,8.601273866609601,SOXL,1.0,RISK_ON,SOXL
2017-04-03,8.582746854697543,TQQQ,1.0,RISK_ON,TQQQ
2017-04-04,8.621750751402516,TQQQ,1.0,RISK_ON,TQQQ
2017-04-05,8.523264317084783,TQQQ,1.0,RISK_ON,TQQQ
2017-04-06,8.530091506340085,TQQQ,1.0,RISK_ON,TQQQ
2017-04-07,8.520339215077687,TQQQ,1.0,RISK_ON,TQQQ
2017-04-10,8.530091506340085,TQQQ,1.0,RISK_ON,TQQQ
2017-04-11,8.422833278230813,TQQQ,1.0,RISK_ON,TQQQ
2017-04-12,8.31167237750171,TQQQ,1.0,RISK_ON,TQQQ
2017-04-13,8.213185943183978,TQQQ,1.0,RISK_ON,TQQQ
2017-04-17,8.408207182823714,TQQQ,1.0,RISK_ON,TQQQ
2017-04-18,8.383827625410968,TQQQ,1.0,RISK_ON,TQQQ
2017-04-19,8.413082743083288,TQQQ,1.0,RISK_ON,TQQQ
2017-04-20,8.616874605771315,TQQQ,1.0,RISK_ON,TQQQ
2017-04-21,8.612976030752852,TQQQ,1.0,RISK_ON,TQQQ
2017-04-24,8.925981262775625,TQQQ,1.0,RISK_ON,TQQQ
2017-04-25,9.123922921449461,TQQQ,1.0,RISK_ON,TQQQ
2017-04-26,9.083944966361498,TQQQ,1.0,RISK_ON,TQQQ
2017-04-27,9.242881557587115,TQQQ,1.0,RISK_ON,TQQQ
2017-04-28,9.295537491316196,TQQQ,1.0,RISK_ON,TQQQ
2017-05-01,9.529559115431159,TQQQ,1.0,RISK_ON,TQQQ
2017-05-02,9.586114209550328,TQQQ,1.0,RISK_ON,TQQQ
2017-05-03,9.491530447852428,TQQQ,1.0,RISK_ON,TQQQ
2017-05-04,9.501282153743203,TQQQ,1.0,RISK_ON,TQQQ
2017-05-05,9.604640050719139,TQQQ,1.0,RISK_ON,TQQQ
2017-05-08,9.66217095933617,TQQQ,1.0,RISK_ON,TQQQ
2017-05-09,9.768459226663822,TQQQ,1.0,RISK_ON,TQQQ
2017-05-10,9.784057038967415,TQQQ,1.0,RISK_ON,TQQQ
2017-05-11,9.760655052167406,TQQQ,1.0,RISK_ON,TQQQ
2017-05-12,9.82403675017025,TQQQ,1.0,RISK_ON,TQQQ
2017-05-15,9.915693068374559,TQQQ,1.0,RISK_ON,TQQQ
2017-05-16,10.040506006127771,TQQQ,1.0,RISK_ON,TQQQ
2017-05-17,9.280911395909097,TQQQ,1.0,RISK_ON,TQQQ
2017-05-18,9.515910005265173,TQQQ,1.0,RISK_ON,TQQQ
2017-05-19,9.63097123712761,TQQQ,1.0,RISK_ON,TQQQ
2017-05-22,9.880590673546166,TQQQ,1.0,RISK_ON,TQQQ
2017-05-23,9.904969060215665,TQQQ,1.0,RISK_ON,TQQQ
2017-05-24,10.041483576740506,TQQQ,1.0,RISK_ON,TQQQ
2017-05-25,10.305733206167533,TQQQ,1.0,RISK_ON,TQQQ
2017-05-26,10.349611492388831,TQQQ,1.0,RISK_ON,TQQQ
2017-05-30,10.371061850193112,TQQQ,1.0,RISK_ON,TQQQ
2017-05-31,10.35838855452499,TQQQ,1.0,RISK_ON,TQQQ
2017-06-01,10.482225092408711,TQQQ,1.0,RISK_ON,TQQQ
2017-06-02,10.840079156806029,TQQQ,1.0,RISK_ON,TQQQ
2017-06-05,10.831307948386113,TQQQ,1.0,RISK_ON,TQQQ
2017-06-06,10.708440785912385,TQQQ,1.0,RISK_ON,TQQQ
2017-06-07,10.825455402885426,TQQQ,1.0,RISK_ON,TQQQ
2017-06-08,10.854706422956378,TQQQ,1.0,RISK_ON,TQQQ
2017-06-09,10.069757026198719,TQQQ,1.0,RISK_ON,TQQQ
2017-06-12,9.887416106686597,TQQQ,1.0,RISK_ON,TQQQ
2017-06-13,10.118514970280964,TQQQ,1.0,RISK_ON,TQQQ
2017-06-14,9.982976853625612,TQQQ,1.0,RISK_ON,TQQQ
2017-06-15,9.848415136839748,TQQQ,1.0,RISK_ON,TQQQ
2017-06-16,9.730430559085088,TQQQ,1.0,RISK_ON,TQQQ
2017-06-19,10.201398909322108,TQQQ,1.0,RISK_ON,TQQQ
2017-06-20,9.970302387214241,TQQQ,1.0,RISK_ON,TQQQ
2017-06-21,10.25990212020726,TQQQ,1.0,RISK_ON,TQQQ
2017-06-22,10.24820171217888,TQQQ,1.0,RISK_ON,TQQQ
2017-06-23,10.363262358669694,TQQQ,1.0,RISK_ON,TQQQ
2017-06-26,10.225773783761863,TQQQ,1.0,RISK_ON,TQQQ
2017-06-27,9.66314735920566,TQQQ,1.0,RISK_ON,TQQQ
2017-06-28,10.068782967815732,TQQQ,1.0,RISK_ON,TQQQ
2017-06-29,9.555886789609891,TQQQ,1.0,RISK_ON,TQQQ
2017-06-30,9.522735438405606,TQQQ,1.0,RISK_ON,TQQQ
2017-07-03,9.263359027751656,TQQQ,1.0,RISK_ON,TQQQ
2017-07-05,9.527609242550307,TQQQ,1.0,RISK_ON,TQQQ
2017-07-06,9.2760352502779,TQQQ,1.0,RISK_ON,TQQQ
2017-07-07,9.55393750210066,TQQQ,1.0,RISK_ON,TQQQ
2017-07-10,9.753829619026975,TQQQ,1.0,RISK_ON,TQQQ
2017-07-11,9.833787870689399,TQQQ,1.0,RISK_ON,TQQQ
2017-07-12,10.183844785049791,TQQQ,1.0,RISK_ON,TQQQ
2017-07-13,10.251126228814346,TQQQ,1.0,RISK_ON,TQQQ
2017-07-14,10.491973871441363,TQQQ,1.0,RISK_ON,TQQQ
2017-07-17,10.497824075455554,TQQQ,1.0,RISK_ON,TQQQ
2017-07-18,10.706493839889653,TQQQ,1.0,RISK_ON,TQQQ
2017-07-19,10.902486796425881,TQQQ,1.0,RISK_ON,TQQQ
2017-07-20,10.94343939526846,TQQQ,1.0,RISK_ON,TQQQ
2017-07-21,10.92686401235213,TQQQ,1.0,RISK_ON,TQQQ
2017-07-24,11.06922873289116,TQQQ,1.0,RISK_ON,TQQQ
2017-07-25,10.995119514499676,TQQQ,1.0,RISK_ON,TQQQ
2017-07-26,11.093603607330909,TQQQ,1.0,RISK_ON,TQQQ
2017-07-27,10.895661363285448,TQQQ,1.0,RISK_ON,TQQQ
2017-07-28,10.86055896845706,TQQQ,1.0,RISK_ON,TQQQ
2017-07-31,10.719169477044268,TQQQ,1.0,RISK_ON,TQQQ
2017-08-01,10.898647451541537,SOXL,1.0,RISK_ON,SOXL
2017-08-02,10.66625044589098,SOXL,1.0,RISK_ON,SOXL
2017-08-03,10.539692365629344,SOXL,1.0,RISK_ON,SOXL
2017-08-04,10.551199842590018,SOXL,1.0,RISK_ON,SOXL
2017-08-07,11.099984712694697,SOXL,1.0,RISK_ON,SOXL
2017-08-08,10.983787072951769,SOXL,1.0,RISK_ON,SOXL
2017-08-09,10.875639402278983,SOXL,1.0,RISK_ON,SOXL
2017-08-10,9.967898583179764,SOXL,1.0,RISK_ON,SOXL
2017-08-11,10.132417614402272,SOXL,1.0,RISK_ON,SOXL
2017-08-14,10.917058724212735,SOXL,1.0,RISK_ON,SOXL
2017-08-15,10.997590348961072,SOXL,1.0,RISK_ON,SOXL
2017-08-16,11.047058776882619,SOXL,1.0,RISK_ON,SOXL
2017-08-17,10.166934866790198,SOXL,1.0,RISK_ON,SOXL
2017-08-18,10.260123594188222,SOXL,1.0,RISK_ON,SOXL
2017-08-21,10.040376786528562,SOXL,1.0,RISK_ON,SOXL
2017-08-22,10.516682590202091,SOXL,1.0,RISK_ON,SOXL
2017-08-23,10.655896046948715,SOXL,1.0,RISK_ON,SOXL
2017-08-24,10.64323721813433,SOXL,1.0,RISK_ON,SOXL
2017-08-25,10.484470630768634,SOXL,1.0,RISK_ON,SOXL
2017-08-28,10.566157922782429,SOXL,1.0,RISK_ON,SOXL
2017-08-29,10.640935377509257,SOXL,1.0,RISK_ON,SOXL
2017-08-30,11.182822493479854,SOXL,1.0,RISK_ON,SOXL
2017-08-31,11.510715245647603,SOXL,1.0,RISK_ON,SOXL
2017-09-01,11.502741644684328,TQQQ,1.0,RISK_ON,TQQQ
2017-09-05,11.194713133139917,TQQQ,1.0,RISK_ON,TQQQ
2017-09-06,11.291406509696685,TQQQ,1.0,RISK_ON,TQQQ
2017-09-07,11.361185691588007,TQQQ,1.0,RISK_ON,TQQQ
2017-09-08,11.08107076780486,TQQQ,1.0,RISK_ON,TQQQ
2017-09-11,11.433955871499025,TQQQ,1.0,RISK_ON,TQQQ
2017-09-12,11.53065164181171,TQQQ,1.0,RISK_ON,TQQQ
2017-09-13,11.578501625737083,TQQQ,1.0,RISK_ON,TQQQ
2017-09-14,11.38311848018783,TQQQ,1.0,RISK_ON,TQQQ
2017-09-15,11.474828056923062,TQQQ,1.0,RISK_ON,TQQQ
2017-09-18,11.446914469161799,TQQQ,1.0,RISK_ON,TQQQ
2017-09-19,11.495763846182989,TQQQ,1.0,RISK_ON,TQQQ
2017-09-20,11.400062681454283,TQQQ,1.0,RISK_ON,TQQQ
2017-09-21,11.180755142381324,TQQQ,1.0,RISK_ON,TQQQ
2017-09-22,11.15284394837598,TQQQ,1.0,RISK_ON,TQQQ
2017-09-25,10.802947448945593,TQQQ,1.0,RISK_ON,TQQQ
2017-09-26,10.876713431318553,TQQQ,1.0,RISK_ON,TQQQ
2017-09-27,11.171782148322231,TQQQ,1.0,RISK_ON,TQQQ
2017-09-28,11.15284394837598,TQQQ,1.0,RISK_ON,TQQQ
2017-09-29,11.389098082471309,TQQQ,1.0,RISK_ON,TQQQ
2017-10-02,11.420997273836251,TQQQ,1.0,RISK_ON,TQQQ
2017-10-03,11.492774045041248,TQQQ,1.0,RISK_ON,TQQQ
2017-10-04,11.522676843970475,TQQQ,1.0,RISK_ON,TQQQ
2017-10-05,11.85463214279451,TQQQ,1.0,RISK_ON,TQQQ
2017-10-06,11.897497130020383,TQQQ,1.0,RISK_ON,TQQQ
2017-10-09,11.86759193733524,TQQQ,1.0,RISK_ON,TQQQ
2017-10-10,11.892512133320887,TQQQ,1.0,RISK_ON,TQQQ
2017-10-11,11.996186899012867,TQQQ,1.0,RISK_ON,TQQQ
2017-10-12,11.931387926309206,TQQQ,1.0,RISK_ON,TQQQ
2017-10-13,12.064969081564291,TQQQ,1.0,RISK_ON,TQQQ
2017-10-16,12.189572455248445,TQQQ,1.0,RISK_ON,TQQQ
2017-10-17,12.232442229986157,TQQQ,1.0,RISK_ON,TQQQ
2017-10-18,12.185585654766806,TQQQ,1.0,RISK_ON,TQQQ
2017-10-19,12.051009893927741,TQQQ,1.0,RISK_ON,TQQQ
2017-10-20,12.13873506393725,TQQQ,1.0,RISK_ON,TQQQ
2017-10-23,11.912450923240915,TQQQ,1.0,RISK_ON,TQQQ
2017-10-24,11.973255914195184,TQQQ,1.0,RISK_ON,TQQQ
2017-10-25,11.827716751251103,TQQQ,1.0,RISK_ON,TQQQ
2017-10-26,11.718063580153604,TQQQ,1.0,RISK_ON,TQQQ
2017-10-27,12.727876695482667,TQQQ,1.0,RISK_ON,TQQQ
2017-10-30,12.818592863511876,TQQQ,1.0,RISK_ON,TQQQ
2017-10-31,12.954165623690843,TQQQ,1.0,RISK_ON,TQQQ
2017-11-01,12.833346200809943,SOXL,1.0,RISK_ON,SOXL
2017-11-02,13.003194328348654,SOXL,1.0,RISK_ON,SOXL
2017-11-03,13.696601607820664,SOXL,1.0,RISK_ON,SOXL
2017-11-06,14.279698242604425,SOXL,1.0,RISK_ON,SOXL
2017-11-07,14.240303460354728,SOXL,1.0,RISK_ON,SOXL
2017-11-08,14.383887523995455,SOXL,1.0,RISK_ON,SOXL
2017-11-09,13.508367059236638,SOXL,1.0,RISK_ON,SOXL
2017-11-10,13.764894216502876,SOXL,1.0,RISK_ON,SOXL
2017-11-13,13.876962454343847,SOXL,1.0,RISK_ON,SOXL
2017-11-14,13.83843727348959,SOXL,1.0,RISK_ON,SOXL
2017-11-15,13.47159815793783,SOXL,1.0,RISK_ON,SOXL
2017-11-16,14.07833166207141,SOXL,1.0,RISK_ON,SOXL
2017-11-17,13.891844197861912,SOXL,1.0,RISK_ON,SOXL
2017-11-20,14.382139126023654,SOXL,1.0,RISK_ON,SOXL
2017-11-21,14.897816694312466,SOXL,1.0,RISK_ON,SOXL
2017-11-22,14.607147830295583,SOXL,1.0,RISK_ON,SOXL
2017-11-24,14.997625128794436,SOXL,1.0,RISK_ON,SOXL
2017-11-27,14.432916228653266,SOXL,1.0,RISK_ON,SOXL
2017-11-28,14.419782883107,SOXL,1.0,RISK_ON,SOXL
2017-11-29,12.524285661358649,SOXL,1.0,RISK_ON,SOXL
2017-11-30,12.756299779893254,SOXL,1.0,RISK_ON,SOXL
2017-12-01,12.319415716895659,SOXL,1.0,RISK_ON,SOXL
2017-12-04,11.4255101446888,SOXL,1.0,RISK_ON,SOXL
2017-12-05,11.440393201804142,SOXL,1.0,RISK_ON,SOXL
2017-12-06,11.555962176380538,SOXL,1.0,RISK_ON,SOXL
2017-12-07,11.893917915069798,SOXL,1.0,RISK_ON,SOXL
2017-12-08,11.710057645408464,SOXL,1.0,RISK_ON,SOXL
2017-12-11,11.914048793295093,SOXL,1.0,RISK_ON,SOXL
2017-12-12,11.5568357185678,SOXL,1.0,RISK_ON,SOXL
2017-12-13,11.555086006998724,SOXL,1.0,RISK_ON,SOXL
2017-12-14,11.528823256698018,SOXL,1.0,RISK_ON,SOXL
2017-12-15,12.041876257633218,SOXL,1.0,RISK_ON,SOXL
2017-12-18,12.853479706229788,SOXL,1.0,RISK_ON,SOXL
2017-12-19,12.807130740011104,SOXL,1.0,RISK_ON,SOXL
2017-12-20,13.075258274804753,SOXL,1.0,RISK_ON,SOXL
2017-12-21,12.652034309860328,SOXL,1.0,RISK_ON,SOXL
2017-12-22,12.618739873351464,SOXL,1.0,RISK_ON,SOXL
2017-12-26,12.254221884183005,SOXL,1.0,RISK_ON,SOXL
2017-12-27,12.377772275796719,SOXL,1.0,RISK_ON,SOXL
2017-12-28,12.456626206562543,SOXL,1.0,RISK_ON,SOXL
2017-12-29,12.083350464367784,SOXL,1.0,RISK_ON,SOXL
2018-01-02,12.703545844127355,TQQQ,1.0,RISK_ON,TQQQ
2018-01-03,13.075486115937931,TQQQ,1.0,RISK_ON,TQQQ
2018-01-04,13.152141968694465,TQQQ,1.0,RISK_ON,TQQQ
2018-01-05,13.549345539719008,TQQQ,1.0,RISK_ON,TQQQ
2018-01-08,13.700039508937467,TQQQ,1.0,RISK_ON,TQQQ
2018-01-09,13.710490583165202,TQQQ,1.0,RISK_ON,TQQQ
2018-01-10,13.612932581953197,TQQQ,1.0,RISK_ON,TQQQ
2018-01-11,13.885572483927392,TQQQ,1.0,RISK_ON,TQQQ
2018-01-12,14.179995131224842,TQQQ,1.0,RISK_ON,TQQQ
2018-01-16,14.070239503802686,TQQQ,1.0,RISK_ON,TQQQ
2018-01-17,14.513611660015194,TQQQ,1.0,RISK_ON,TQQQ
2018-01-18,14.527547471491685,TQQQ,1.0,RISK_ON,TQQQ
2018-01-19,14.66691604465169,TQQQ,1.0,RISK_ON,TQQQ
2018-01-22,15.125095196652879,TQQQ,1.0,RISK_ON,TQQQ
2018-01-23,15.508360864521912,TQQQ,1.0,RISK_ON,TQQQ
2018-01-24,15.193909344760202,TQQQ,1.0,RISK_ON,TQQQ
2018-01-25,15.174742244052538,TQQQ,1.0,RISK_ON,TQQQ
2018-01-26,15.85243265089804,TQQQ,1.0,RISK_ON,TQQQ
2018-01-29,15.642504423487804,TQQQ,1.0,RISK_ON,TQQQ
2018-01-30,15.242689391205715,TQQQ,1.0,RISK_ON,TQQQ
2018-01-31,15.430836964971721,TQQQ,1.0,RISK_ON,TQQQ
2018-02-01,15.044960881684654,TQQQ,1.0,RISK_ON,TQQQ
2018-02-02,14.12598588722718,TQQQ,1.0,RISK_ON,TQQQ
2018-02-05,12.49536312286003,TQQQ,1.0,RISK_ON,TQQQ
2018-02-06,13.45875805884403,TQQQ,1.0,RISK_ON,TQQQ
2018-02-07,12.926538698701895,TQQQ,1.0,RISK_ON,TQQQ
2018-02-08,11.324656649920893,TQQQ,1.0,RISK_ON,TQQQ
2018-02-09,11.857746148535705,TQQQ,1.0,RISK_ON,TQQQ
2018-02-12,12.521493423028144,TQQQ,1.0,RISK_ON,TQQQ
2018-02-13,12.673930806710489,TQQQ,1.0,RISK_ON,TQQQ
2018-02-14,13.416073165065306,TQQQ,1.0,RISK_ON,TQQQ
2018-02-15,14.117277181623823,TQQQ,1.0,RISK_ON,TQQQ
2018-02-16,13.959614783747364,TQQQ,1.0,RISK_ON,TQQQ
2018-02-20,14.029301162006387,TQQQ,1.0,RISK_ON,TQQQ
2018-02-21,13.902996170171173,TQQQ,1.0,RISK_ON,TQQQ
2018-02-22,13.90560972310774,TQQQ,1.0,RISK_ON,TQQQ
2018-02-23,14.733988869974146,TQQQ,1.0,RISK_ON,TQQQ
2018-02-26,15.325438304950017,TQQQ,1.0,RISK_ON,TQQQ
2018-02-27,14.776670626234338,TQQQ,1.0,RISK_ON,TQQQ
2018-02-28,14.479638609358364,TQQQ,1.0,RISK_ON,TQQQ
2018-03-01,13.782790514360792,TQQQ,1.0,RISK_ON,TQQQ
2018-03-02,14.161702352347902,TQQQ,1.0,RISK_ON,TQQQ
2018-03-05,14.60594464703309,TQQQ,1.0,RISK_ON,TQQQ
2018-03-06,14.79060434603181,TQQQ,1.0,RISK_ON,TQQQ
2018-03-07,14.901232203605666,TQQQ,1.0,RISK_ON,TQQQ
2018-03-08,15.123352828028505,TQQQ,1.0,RISK_ON,TQQQ
2018-03-09,16.00399362107065,TQQQ,1.0,RISK_ON,TQQQ
2018-03-12,16.24353688589775,TQQQ,1.0,RISK_ON,TQQQ
2018-03-13,15.653828773706747,TQQQ,1.0,RISK_ON,TQQQ
2018-03-14,15.600693851539802,TQQQ,1.0,RISK_ON,TQQQ
2018-03-15,15.53101061079931,TQQQ,1.0,RISK_ON,TQQQ
2018-03-16,15.428224457874663,TQQQ,1.0,RISK_ON,TQQQ
2018-03-19,14.459606599375572,TQQQ,1.0,RISK_ON,TQQQ
2018-03-20,14.565874352030443,TQQQ,1.0,RISK_ON,TQQQ
2018-03-21,14.355075986147527,TQQQ,1.0,RISK_ON,TQQQ
2018-03-22,13.306321721001192,TQQQ,1.0,RISK_ON,TQQQ
2018-03-23,12.23142983481017,TQQQ,1.0,RISK_ON,TQQQ
2018-03-26,13.607706521919578,TQQQ,1.0,RISK_ON,TQQQ
2018-03-27,12.30285962753308,TQQQ,1.0,RISK_ON,TQQQ
2018-03-28,11.878651434509704,TQQQ,1.0,RISK_ON,TQQQ
2018-03-29,12.53630251049584,TQQQ,1.0,RISK_ON,TQQQ
2018-04-02,11.084320242963424,SOXL,1.0,RISK_ON,SOXL
2018-04-03,11.084320242963424,CASH,0.0,CASH,SOXL
2018-04-04,11.084320242963424,CASH,0.0,CASH,SOXL
2018-04-05,10.743516810731267,SOXL,1.0,RISK_ON,SOXL
2018-04-06,9.762958368078984,SOXL,1.0,RISK_ON,SOXL
2018-04-09,9.94158334496385,SOXL,1.0,RISK_ON,SOXL
2018-04-10,10.897475926750287,SOXL,1.0,RISK_ON,SOXL
2018-04-11,10.901956452646381,SOXL,1.0,RISK_ON,SOXL
2018-04-12,11.523028600021398,SOXL,1.0,RISK_ON,SOXL
2018-04-13,11.252477214485147,SOXL,1.0,RISK_ON,SOXL
2018-04-16,11.324977927215928,SOXL,1.0,RISK_ON,SOXL
2018-04-17,11.96323270653456,SOXL,1.0,RISK_ON,SOXL
2018-04-18,11.592534452607078,SOXL,1.0,RISK_ON,SOXL
2018-04-19,10.09554246098287,SOXL,1.0,RISK_ON,SOXL
2018-04-20,9.733063546383658,SOXL,1.0,RISK_ON,SOXL
2018-04-23,9.341442166463024,SOXL,1.0,RISK_ON,SOXL
2018-04-24,9.114238384426148,SOXL,1.0,RISK_ON,SOXL
2018-04-25,9.082101058959623,SOXL,1.0,RISK_ON,SOXL
2018-04-26,9.636655491424602,SOXL,1.0,RISK_ON,SOXL
2018-04-27,9.42364956489043,SOXL,1.0,RISK_ON,SOXL
2018-04-30,9.111250806956296,SOXL,1.0,RISK_ON,SOXL
2018-05-01,9.407523874265102,TQQQ,1.0,RISK_ON,TQQQ
2018-05-02,9.243494209244155,TQQQ,1.0,RISK_ON,TQQQ
2018-05-03,9.244128545219064,TQQQ,1.0,RISK_ON,TQQQ
2018-05-04,9.764191680441357,TQQQ,1.0,RISK_ON,TQQQ
2018-05-07,9.996248726222793,TQQQ,1.0,RISK_ON,TQQQ
2018-05-08,9.963186158134652,TQQQ,1.0,RISK_ON,TQQQ
2018-05-09,10.296966725399106,TQQQ,1.0,RISK_ON,TQQQ
2018-05-10,10.617394176888483,TQQQ,1.0,RISK_ON,TQQQ
2018-05-11,10.585608677495918,TQQQ,1.0,RISK_ON,TQQQ
2018-05-14,10.632654880631428,TQQQ,1.0,RISK_ON,TQQQ
2018-05-15,10.288702037552726,TQQQ,1.0,RISK_ON,TQQQ
2018-05-16,10.478163155449822,TQQQ,1.0,RISK_ON,TQQQ
2018-05-17,10.359909494933518,TQQQ,1.0,RISK_ON,TQQQ
2018-05-18,10.193971478604178,TQQQ,1.0,RISK_ON,TQQQ
2018-05-21,10.371989358715636,TQQQ,1.0,RISK_ON,TQQQ
2018-05-22,10.317947903024086,TQQQ,1.0,RISK_ON,TQQQ
2018-05-23,10.577343989649538,TQQQ,1.0,RISK_ON,TQQQ
2018-05-24,10.568442675806677,TQQQ,1.0,RISK_ON,TQQQ
2018-05-25,10.59514661733526,TQQQ,1.0,RISK_ON,TQQQ
2018-05-29,10.459726191789192,TQQQ,1.0,RISK_ON,TQQQ
2018-05-30,10.682881160387247,TQQQ,1.0,RISK_ON,TQQQ
2018-05-31,10.659993158134924,TQQQ,1.0,RISK_ON,TQQQ
2018-06-01,11.155898092474029,TQQQ,1.0,RISK_ON,TQQQ
2018-06-04,11.44199506726597,TQQQ,1.0,RISK_ON,TQQQ
2018-06-05,11.560247964441748,TQQQ,1.0,RISK_ON,TQQQ
2018-06-06,11.75097775428866,TQQQ,1.0,RISK_ON,TQQQ
2018-06-07,11.478233131931272,TQQQ,1.0,RISK_ON,TQQQ
2018-06-08,11.470602016719278,TQQQ,1.0,RISK_ON,TQQQ
2018-06-11,11.560247964441748,TQQQ,1.0,RISK_ON,TQQQ
2018-06-12,11.743348929098236,TQQQ,1.0,RISK_ON,TQQQ
2018-06-13,11.72999810334473,TQQQ,1.0,RISK_ON,TQQQ
2018-06-14,12.08666743620203,TQQQ,1.0,RISK_ON,TQQQ
2018-06-15,11.966506951058383,TQQQ,1.0,RISK_ON,TQQQ
2018-06-18,11.939802246189277,TQQQ,1.0,RISK_ON,TQQQ
2018-06-19,11.832994113480183,TQQQ,1.0,RISK_ON,TQQQ
2018-06-20,12.08094543563895,TQQQ,1.0,RISK_ON,TQQQ
2018-06-21,11.768144519318428,TQQQ,1.0,RISK_ON,TQQQ
2018-06-22,11.649893148823695,TQQQ,1.0,RISK_ON,TQQQ
2018-06-25,10.90603841900687,TQQQ,1.0,RISK_ON,TQQQ
2018-06-26,11.026200430831565,TQQQ,1.0,RISK_ON,TQQQ
2018-06-27,10.583701089528056,TQQQ,1.0,RISK_ON,TQQQ
2018-06-28,10.84309564947246,TQQQ,1.0,RISK_ON,TQQQ
2018-06-29,10.892686829912842,TQQQ,1.0,RISK_ON,TQQQ
2018-07-02,11.136823739476396,TQQQ,1.0,RISK_ON,TQQQ
2018-07-03,10.753451991771561,TQQQ,1.0,RISK_ON,TQQQ
2018-07-05,11.148266977262034,TQQQ,1.0,RISK_ON,TQQQ
2018-07-06,11.649893148823695,TQQQ,1.0,RISK_ON,TQQQ
2018-07-09,11.974135012908285,TQQQ,1.0,RISK_ON,TQQQ
2018-07-10,12.002745779064211,TQQQ,1.0,RISK_ON,TQQQ
2018-07-11,11.827272876257625,TQQQ,1.0,RISK_ON,TQQQ
2018-07-12,12.410911590308192,TQQQ,1.0,RISK_ON,TQQQ
2018-07-13,12.44715041831402,TQQQ,1.0,RISK_ON,TQQQ
2018-07-16,12.363227234495156,TQQQ,1.0,RISK_ON,TQQQ
2018-07-17,12.592105730337337,TQQQ,1.0,RISK_ON,TQQQ
2018-07-18,12.51199848579473,TQQQ,1.0,RISK_ON,TQQQ
2018-07-19,12.326987643148804,TQQQ,1.0,RISK_ON,TQQQ
2018-07-20,12.309822404800085,TQQQ,1.0,RISK_ON,TQQQ
2018-07-23,12.416630537509182,TQQQ,1.0,RISK_ON,TQQQ
2018-07-24,12.574940491988619,TQQQ,1.0,RISK_ON,TQQQ
2018-07-25,13.099453139121556,TQQQ,1.0,RISK_ON,TQQQ
2018-07-26,12.527256899516106,TQQQ,1.0,RISK_ON,TQQQ
2018-07-27,12.004652603691559,TQQQ,1.0,RISK_ON,TQQQ
2018-07-30,11.487768781749047,TQQQ,1.0,RISK_ON,TQQQ
2018-07-31,11.716646514250705,TQQQ,1.0,RISK_ON,TQQQ
2018-08-01,11.876862530016965,TQQQ,1.0,RISK_ON,TQQQ
2018-08-02,12.3498779354227,TQQQ,1.0,RISK_ON,TQQQ
2018-08-03,12.460502007408055,TQQQ,1.0,RISK_ON,TQQQ
2018-08-06,12.689375923207097,TQQQ,1.0,RISK_ON,TQQQ
2018-08-07,12.81335158428648,TQQQ,1.0,RISK_ON,TQQQ
2018-08-08,12.847683587664964,TQQQ,1.0,RISK_ON,TQQQ
2018-08-09,12.836242639900895,TQQQ,1.0,RISK_ON,TQQQ
2018-08-10,12.536794076014926,TQQQ,1.0,RISK_ON,TQQQ
2018-08-13,12.500553721328052,TQQQ,1.0,RISK_ON,TQQQ
2018-08-14,12.7313398051381,TQQQ,1.0,RISK_ON,TQQQ
2018-08-15,12.267863102912228,TQQQ,1.0,RISK_ON,TQQQ
2018-08-16,12.380395526205975,TQQQ,1.0,RISK_ON,TQQQ
2018-08-17,12.378487174897584,TQQQ,1.0,RISK_ON,TQQQ
2018-08-20,12.353689294655824,TQQQ,1.0,RISK_ON,TQQQ
2018-08-21,12.481482421692514,TQQQ,1.0,RISK_ON,TQQQ
2018-08-22,12.6264400237374,TQQQ,1.0,RISK_ON,TQQQ
2018-08-23,12.563495727521943,TQQQ,1.0,RISK_ON,TQQQ
2018-08-24,12.91253699852934,TQQQ,1.0,RISK_ON,TQQQ
2018-08-27,13.301628456775687,TQQQ,1.0,RISK_ON,TQQQ
2018-08-28,13.360756813714886,TQQQ,1.0,RISK_ON,TQQQ
2018-08-29,13.828047928535971,TQQQ,1.0,RISK_ON,TQQQ
2018-08-30,13.749851325323327,TQQQ,1.0,RISK_ON,TQQQ
2018-08-31,13.78990074922175,TQQQ,1.0,RISK_ON,TQQQ
2018-09-04,13.62587261088185,TQQQ,1.0,RISK_ON,TQQQ
2018-09-05,13.084192435378624,TQQQ,1.0,RISK_ON,TQQQ
2018-09-06,12.727523102521324,TQQQ,1.0,RISK_ON,TQQQ
2018-09-07,12.601641380155119,TQQQ,1.0,RISK_ON,TQQQ
2018-09-10,12.712270032183612,TQQQ,1.0,RISK_ON,TQQQ
2018-09-11,12.994550304358771,TQQQ,1.0,RISK_ON,TQQQ
2018-09-12,12.88201864440555,TQQQ,1.0,RISK_ON,TQQQ
2018-09-13,13.263481277461471,TQQQ,1.0,RISK_ON,TQQQ
2018-09-14,13.162393618634411,TQQQ,1.0,RISK_ON,TQQQ
2018-09-17,12.607362617377678,TQQQ,1.0,RISK_ON,TQQQ
2018-09-18,12.90681194460417,TQQQ,1.0,RISK_ON,TQQQ
2018-09-19,12.87820499515086,TQQQ,1.0,RISK_ON,TQQQ
2018-09-20,13.282554103778056,TQQQ,1.0,RISK_ON,TQQQ
2018-09-21,13.070846189668258,TQQQ,1.0,RISK_ON,TQQQ
2018-09-24,13.183371742897293,TQQQ,1.0,RISK_ON,TQQQ
2018-09-25,13.23678267931655,TQQQ,1.0,RISK_ON,TQQQ
2018-09-26,13.223428800200951,TQQQ,1.0,RISK_ON,TQQQ
2018-09-27,13.589630729513928,TQQQ,1.0,RISK_ON,TQQQ
2018-09-28,13.568651078569996,TQQQ,1.0,RISK_ON,TQQQ
2018-10-01,13.646853788506828,TQQQ,1.0,RISK_ON,TQQQ
2018-10-02,13.568651078569996,TQQQ,1.0,RISK_ON,TQQQ
2018-10-03,13.608705082511559,TQQQ,1.0,RISK_ON,TQQQ
2018-10-04,12.83242899064621,TQQQ,1.0,RISK_ON,TQQQ
2018-10-05,12.349877935422706,TQQQ,1.0,RISK_ON,TQQQ
2018-10-08,12.128629028111474,TQQQ,1.0,RISK_ON,TQQQ
2018-10-09,12.222087098407584,TQQQ,1.0,RISK_ON,TQQQ
2018-10-10,10.63710744590418,TQQQ,1.0,RISK_ON,TQQQ
2018-10-11,10.63710744590418,CASH,0.0,CASH,TQQQ
2018-10-12,10.63710744590418,CASH,0.0,CASH,TQQQ
2018-10-15,10.63710744590418,CASH,0.0,CASH,TQQQ
2018-10-16,10.63710744590418,CASH,0.0,CASH,TQQQ
2018-10-17,10.672182431574688,TQQQ,1.0,RISK_ON,TQQQ
2018-10-18,9.932058820595866,TQQQ,1.0,RISK_ON,TQQQ
2018-10-19,9.932058820595866,CASH,0.0,CASH,TQQQ
2018-10-22,9.932058820595866,CASH,0.0,CASH,TQQQ
2018-10-23,9.932058820595866,CASH,0.0,CASH,TQQQ
2018-10-24,9.932058820595866,CASH,0.0,CASH,TQQQ
2018-10-25,9.932058820595866,CASH,0.0,CASH,TQQQ
2018-10-26,9.932058820595866,CASH,0.0,CASH,TQQQ
2018-10-29,9.932058820595866,CASH,0.0,CASH,TQQQ
2018-10-30,9.932058820595866,CASH,0.0,CASH,TQQQ
2018-10-31,9.932058820595866,CASH,0.0,CASH,TQQQ
2018-11-01,9.932058820595866,CASH,0.0,CASH,TQQQ
2018-11-02,9.932058820595866,CASH,0.0,CASH,TQQQ
2018-11-05,9.932058820595866,CASH,0.0,CASH,TQQQ
2018-11-06,9.932058820595866,CASH,0.0,CASH,TQQQ
2018-11-07,9.932058820595866,CASH,0.0,CASH,TQQQ
2018-11-08,9.932058820595866,CASH,0.0,CASH,TQQQ
2018-11-09,9.932058820595866,CASH,0.0,CASH,TQQQ
2018-11-12,9.932058820595866,CASH,0.0,CASH,TQQQ
2018-11-13,9.932058820595866,CASH,0.0,CASH,TQQQ
2018-11-14,9.932058820595866,CASH,0.0,CASH,TQQQ
2018-11-15,9.932058820595866,CASH,0.0,CASH,TQQQ
2018-11-16,9.932058820595866,CASH,0.0,CASH,TQQQ
2018-11-19,9.932058820595866,CASH,0.0,CASH,TQQQ
2018-11-20,9.656599188576122,TQQQ,0.5,DEEP_DCA,TQQQ
2018-11-21,9.764779390619266,TQQQ,0.5,DEEP_DCA,TQQQ
2018-11-23,9.656656758352524,TQQQ,0.5,DEEP_DCA,TQQQ
2018-11-26,9.988114279229956,TQQQ,0.5,DEEP_DCA,TQQQ
2018-11-27,10.039928865012733,TQQQ,0.5,DEEP_DCA,TQQQ
2018-11-28,10.515932567094966,TQQQ,0.5,DEEP_DCA,TQQQ
2018-11-29,10.515932567094966,CASH,0.0,CASH,TQQQ
2018-11-30,10.515932567094966,CASH,0.0,CASH,TQQQ
2018-12-03,10.94093603735851,SOXL,0.5,DEEP_DCA,SOXL
2018-12-04,10.143071607319808,SOXL,0.5,DEEP_DCA,SOXL
2018-12-06,10.0598131337733,SOXL,0.5,DEEP_DCA,SOXL
2018-12-07,9.496500852957508,SOXL,0.5,DEEP_DCA,SOXL
2018-12-10,9.999201706295187,SOXL,1.25,DEEP_DCA,SOXL
2018-12-11,10.220409748120147,SOXL,1.25,DEEP_DCA,SOXL
2018-12-12,10.78631456022238,SOXL,1.25,DEEP_DCA,SOXL
2018-12-13,10.726442301365637,SOXL,0.5,DEEP_DCA,SOXL
2018-12-14,10.49753066071335,SOXL,0.5,DEEP_DCA,SOXL
2018-12-17,10.00540618526519,SOXL,1.25,DEEP_DCA,SOXL
2018-12-18,10.499923881116967,SOXL,1.25,DEEP_DCA,SOXL
2018-12-19,8.84116995170358,SOXL,1.25,DEEP_DCA,SOXL
2018-12-20,8.558628197160383,SOXL,1.25,DEEP_DCA,SOXL
2018-12-21,8.068106421902923,SOXL,1.25,DEEP_DCA,SOXL
2018-12-24,7.19221528195447,SOXL,1.25,DEEP_DCA,SOXL
2018-12-26,9.664676456031431,SOXL,2.0,DEEP_DCA,SOXL
2018-12-27,9.935050612139092,SOXL,1.25,DEEP_DCA,SOXL
2018-12-28,10.197134100717783,SOXL,1.25,DEEP_DCA,SOXL
2018-12-31,10.438750697428295,SOXL,1.25,DEEP_DCA,SOXL
2019-01-02,10.513434505992311,TQQQ,0.5,DEEP_DCA,TQQQ
2019-01-03,10.513434505992311,CASH,0.0,CASH,TQQQ
2019-01-04,12.194408191525396,TQQQ,1.25,DEEP_DCA,TQQQ
2019-01-07,12.388779124018033,TQQQ,0.5,DEEP_DCA,TQQQ
2019-01-08,12.567598952080218,TQQQ,0.5,DEEP_DCA,TQQQ
2019-01-09,12.716070466981689,TQQQ,0.5,DEEP_DCA,TQQQ
2019-01-10,12.777220848970508,TQQQ,0.5,DEEP_DCA,TQQQ
2019-01-11,12.701147256880137,TQQQ,0.5,DEEP_DCA,TQQQ
2019-01-14,12.535839597595519,TQQQ,0.5,DEEP_DCA,TQQQ
2019-01-15,12.883282725259082,TQQQ,0.5,DEEP_DCA,TQQQ
2019-01-16,12.892343541272277,TQQQ,0.5,DEEP_DCA,TQQQ
2019-01-17,13.043271793599494,TQQQ,0.5,DEEP_DCA,TQQQ
2019-01-18,13.222315606948449,TQQQ,0.5,DEEP_DCA,TQQQ
2019-01-22,13.222315606948449,CASH,0.0,CASH,TQQQ
2019-01-23,13.228547464636257,TQQQ,0.5,DEEP_DCA,TQQQ
2019-01-24,13.34535269237941,TQQQ,0.5,DEEP_DCA,TQQQ
2019-01-25,13.583110473222357,TQQQ,0.5,DEEP_DCA,TQQQ
2019-01-28,13.583110473222357,CASH,0.0,CASH,TQQQ
2019-01-29,13.390912428645306,TQQQ,0.5,DEEP_DCA,TQQQ
2019-01-30,13.892792288450126,TQQQ,0.5,DEEP_DCA,TQQQ
2019-01-31,13.892792288450126,CASH,0.0,CASH,TQQQ
2019-02-01,13.892792288450126,CASH,0.0,CASH,TQQQ
2019-02-04,13.892792288450126,CASH,0.0,CASH,TQQQ
2019-02-05,13.892792288450126,CASH,0.0,CASH,TQQQ
2019-02-06,13.892792288450126,CASH,0.0,CASH,TQQQ
2019-02-07,13.892792288450126,CASH,0.0,CASH,TQQQ
2019-02-08,13.892792288450126,CASH,0.0,CASH,TQQQ
2019-02-11,13.892792288450126,CASH,0.0,CASH,TQQQ
2019-02-12,13.892792288450126,CASH,0.0,CASH,TQQQ
2019-02-13,13.892792288450126,CASH,0.0,CASH,TQQQ
2019-02-14,13.892792288450126,CASH,0.0,CASH,TQQQ
2019-02-15,13.892792288450126,CASH,0.0,CASH,TQQQ
2019-02-19,13.892792288450126,CASH,0.0,CASH,TQQQ
2019-02-20,13.892792288450126,CASH,0.0,CASH,TQQQ
2019-02-21,13.892792288450126,CASH,0.0,CASH,TQQQ
2019-02-22,13.892792288450126,CASH,0.0,CASH,TQQQ
2019-02-25,13.892792288450126,CASH,0.0,CASH,TQQQ
2019-02-26,13.936072742687658,TQQQ,1.0,RISK_ON,TQQQ
2019-02-27,13.892792288450128,TQQQ,1.0,RISK_ON,TQQQ
2019-02-28,13.806232461094497,TQQQ,1.0,RISK_ON,TQQQ
2019-03-01,14.166804205343643,SOXL,1.0,RISK_ON,SOXL
2019-03-04,14.173336853693582,SOXL,1.0,RISK_ON,SOXL
2019-03-05,13.9707194940267,SOXL,1.0,RISK_ON,SOXL
2019-03-06,13.287708761358903,SOXL,1.0,RISK_ON,SOXL
2019-03-07,12.835632977691464,SOXL,1.0,RISK_ON,SOXL
2019-03-08,12.814937081332456,SOXL,1.0,RISK_ON,SOXL
2019-03-11,13.728886811493638,SOXL,1.0,RISK_ON,SOXL
2019-03-12,13.889020904722164,SOXL,1.0,RISK_ON,SOXL
2019-03-13,14.058957209270021,SOXL,1.0,RISK_ON,SOXL
2019-03-14,13.819305854780433,SOXL,1.0,RISK_ON,SOXL
2019-03-15,15.009944982746935,SOXL,1.0,RISK_ON,SOXL
2019-03-18,14.911906675581491,SOXL,1.0,RISK_ON,SOXL
2019-03-19,15.515710261554167,SOXL,1.0,RISK_ON,SOXL
2019-03-20,15.073736277690132,SOXL,1.0,RISK_ON,SOXL
2019-03-21,16.63644648950244,SOXL,1.0,RISK_ON,SOXL
2019-03-22,15.221065797169777,SOXL,1.0,RISK_ON,SOXL
2019-03-25,14.640507038766522,SOXL,1.0,RISK_ON,SOXL
2019-03-26,15.085744108011104,SOXL,1.0,RISK_ON,SOXL
2019-03-27,14.424435727069072,SOXL,1.0,RISK_ON,SOXL
2019-03-28,14.349141853734793,SOXL,1.0,RISK_ON,SOXL
2019-03-29,15.009360380353694,SOXL,1.0,RISK_ON,SOXL
2019-04-01,16.114814356819966,SOXL,1.0,RISK_ON,SOXL
2019-04-02,16.16610552468999,SOXL,1.0,RISK_ON,SOXL
2019-04-03,17.267198464466528,SOXL,1.0,RISK_ON,SOXL
2019-04-04,17.332673932509362,SOXL,1.0,RISK_ON,SOXL
2019-04-05,17.72880602011903,SOXL,1.0,RISK_ON,SOXL
2019-04-08,17.856490632029733,SOXL,1.0,RISK_ON,SOXL
2019-04-09,17.254100779822426,SOXL,1.0,RISK_ON,SOXL
2019-04-10,17.697156521023537,SOXL,1.0,RISK_ON,SOXL
2019-04-11,17.653507288593122,SOXL,1.0,RISK_ON,SOXL
2019-04-12,18.387934692414806,SOXL,1.0,RISK_ON,SOXL
2019-04-15,17.99617173848093,SOXL,1.0,RISK_ON,SOXL
2019-04-16,19.710557931887717,SOXL,1.0,RISK_ON,SOXL
2019-04-17,20.607580912698936,SOXL,1.0,RISK_ON,SOXL
2019-04-18,20.646869108439613,SOXL,1.0,RISK_ON,SOXL
2019-04-22,20.65560089820235,SOXL,1.0,RISK_ON,SOXL
2019-04-23,21.275442994154652,SOXL,1.0,RISK_ON,SOXL
2019-04-24,21.892007430151505,SOXL,1.0,RISK_ON,SOXL
2019-04-25,20.70034322375032,SOXL,1.0,RISK_ON,SOXL
2019-04-26,20.181987131626084,SOXL,1.0,RISK_ON,SOXL
2019-04-29,20.07613361351944,SOXL,1.0,RISK_ON,SOXL
2019-04-30,20.521373921558443,SOXL,1.0,RISK_ON,SOXL
2019-05-01,20.018293603327365,SOXL,1.0,RISK_ON,SOXL
2019-05-02,20.68506583045995,SOXL,1.0,RISK_ON,SOXL
2019-05-03,21.099744874329378,SOXL,1.0,RISK_ON,SOXL
2019-05-06,20.063039167669757,SOXL,1.0,RISK_ON,SOXL
2019-05-07,18.598551874304967,SOXL,1.0,RISK_ON,SOXL
2019-05-08,18.15221847314841,SOXL,1.0,RISK_ON,SOXL
2019-05-09,17.506190724291166,SOXL,1.0,RISK_ON,SOXL
2019-05-10,17.557477033969555,SOXL,1.0,RISK_ON,SOXL
2019-05-13,15.07919850448348,SOXL,1.0,RISK_ON,SOXL
2019-05-14,16.158468447442022,SOXL,1.0,RISK_ON,SOXL
2019-05-15,16.55459729625727,SOXL,1.0,RISK_ON,SOXL
2019-05-16,15.714314754931728,SOXL,1.0,RISK_ON,SOXL
2019-05-17,14.785645513819434,SOXL,1.0,RISK_ON,SOXL
2019-05-20,13.013420119919179,SOXL,1.0,RISK_ON,SOXL
2019-05-21,13.831873996536483,SOXL,1.0,RISK_ON,SOXL
2019-05-22,12.966494846930523,SOXL,1.0,RISK_ON,SOXL
2019-05-23,12.310641405494383,SOXL,1.0,RISK_ON,SOXL
2019-05-24,11.990898713432365,SOXL,1.0,RISK_ON,SOXL
2019-05-28,11.664608798445506,SOXL,1.0,RISK_ON,SOXL
2019-05-29,11.822843338745304,SOXL,1.0,RISK_ON,SOXL
2019-05-30,12.092383907561826,SOXL,1.0,RISK_ON,SOXL
2019-05-31,11.567485450704384,SOXL,1.0,RISK_ON,SOXL
2019-06-03,10.828106644599039,TQQQ,1.0,RISK_ON,TQQQ
2019-06-04,10.828106644599039,CASH,0.0,CASH,TQQQ
2019-06-05,11.066741982250102,TQQQ,1.0,RISK_ON,TQQQ
2019-06-06,11.322424221306543,TQQQ,1.0,RISK_ON,TQQQ
2019-06-07,11.968019533901389,TQQQ,1.0,RISK_ON,TQQQ
2019-06-10,12.40480839400095,TQQQ,1.0,RISK_ON,TQQQ
2019-06-11,12.451684180562106,TQQQ,1.0,RISK_ON,TQQQ
2019-06-12,12.240745269239332,TQQQ,1.0,RISK_ON,TQQQ
2019-06-13,12.441029547953383,TQQQ,1.0,RISK_ON,TQQQ
2019-06-14,12.279098030738284,TQQQ,1.0,RISK_ON,TQQQ
2019-06-17,12.502820628373396,TQQQ,1.0,RISK_ON,TQQQ
2019-06-18,13.044012289080115,TQQQ,1.0,RISK_ON,TQQQ
2019-06-19,13.197420781233008,TQQQ,1.0,RISK_ON,TQQQ
2019-06-20,13.559634874600217,TQQQ,1.0,RISK_ON,TQQQ
2019-06-21,13.497844645461175,TQQQ,1.0,RISK_ON,TQQQ
2019-06-24,13.49358483549201,TQQQ,1.0,RISK_ON,TQQQ
2019-06-25,12.80324449260156,TQQQ,1.0,RISK_ON,TQQQ
2019-06-26,12.965176861097628,TQQQ,1.0,RISK_ON,TQQQ
2019-06-27,13.105801666938186,TQQQ,1.0,RISK_ON,TQQQ
2019-06-28,13.161200478561545,TQQQ,1.0,RISK_ON,TQQQ
2019-07-01,13.685346089143854,TQQQ,1.0,RISK_ON,TQQQ
2019-07-02,13.851538267609088,TQQQ,1.0,RISK_ON,TQQQ
2019-07-03,14.158356954476815,TQQQ,1.0,RISK_ON,TQQQ
2019-07-05,14.066740394024903,TQQQ,1.0,RISK_ON,TQQQ
2019-07-08,13.770572934642022,TQQQ,1.0,RISK_ON,TQQQ
2019-07-09,13.977248630871754,TQQQ,1.0,RISK_ON,TQQQ
2019-07-10,14.390600023331224,TQQQ,1.0,RISK_ON,TQQQ
2019-07-11,14.352246410551306,TQQQ,1.0,RISK_ON,TQQQ
2019-07-12,14.593014207029857,TQQQ,1.0,RISK_ON,TQQQ
2019-07-15,14.716592962746006,TQQQ,1.0,RISK_ON,TQQQ
2019-07-16,14.507783956407815,TQQQ,1.0,RISK_ON,TQQQ
2019-07-17,14.292585235115876,TQQQ,1.0,RISK_ON,TQQQ
2019-07-18,14.354378018097828,TQQQ,1.0,RISK_ON,TQQQ
2019-07-19,14.00707496218463,TQQQ,1.0,RISK_ON,TQQQ
2019-07-22,14.337335373097297,TQQQ,1.0,RISK_ON,TQQQ
2019-07-23,14.614321769685372,TQQQ,1.0,RISK_ON,TQQQ
2019-07-24,14.9254019690842,TQQQ,1.0,RISK_ON,TQQQ
2019-07-25,14.499264336469487,TQQQ,1.0,RISK_ON,TQQQ
2019-07-26,14.929661779053363,TQQQ,1.0,RISK_ON,TQQQ
2019-07-29,14.79116517563545,TQQQ,1.0,RISK_ON,TQQQ
2019-07-30,14.593014207029858,TQQQ,1.0,RISK_ON,TQQQ
2019-07-31,13.977248630871758,TQQQ,1.0,RISK_ON,TQQQ
2019-08-01,13.78122586468881,TQQQ,1.0,RISK_ON,TQQQ
2019-08-02,13.150544994671854,TQQQ,1.0,RISK_ON,TQQQ
2019-08-05,11.769866862733862,TQQQ,1.0,RISK_ON,TQQQ
2019-08-06,12.25353065811361,TQQQ,1.0,RISK_ON,TQQQ
2019-08-07,12.43250567161021,TQQQ,1.0,RISK_ON,TQQQ
2019-08-08,13.254946943998045,TQQQ,1.0,RISK_ON,TQQQ
2019-08-09,12.862903965475057,TQQQ,1.0,RISK_ON,TQQQ
2019-08-12,12.432505671610212,TQQQ,1.0,RISK_ON,TQQQ
2019-08-13,13.248555526482363,TQQQ,1.0,RISK_ON,TQQQ
2019-08-14,12.061771107023706,TQQQ,1.0,RISK_ON,TQQQ
2019-08-15,12.010632956650479,TQQQ,1.0,RISK_ON,TQQQ
2019-08-16,12.564609154950505,TQQQ,1.0,RISK_ON,TQQQ
2019-08-19,13.15267489965644,TQQQ,1.0,RISK_ON,TQQQ
2019-08-20,12.882080771865018,TQQQ,1.0,RISK_ON,TQQQ
2019-08-21,13.210202764983412,TQQQ,1.0,RISK_ON,TQQQ
2019-08-22,13.0823641992981,TQQQ,1.0,RISK_ON,TQQQ
2019-08-23,11.88492259338781,TQQQ,1.0,RISK_ON,TQQQ
2019-08-26,12.366456483782974,TQQQ,1.0,RISK_ON,TQQQ
2019-08-27,12.291880865769654,TQQQ,1.0,RISK_ON,TQQQ
2019-08-28,12.415463026609679,TQQQ,1.0,RISK_ON,TQQQ
2019-08-29,12.980091303675522,TQQQ,1.0,RISK_ON,TQQQ
2019-08-30,12.888472189380701,TQQQ,1.0,RISK_ON,TQQQ
2019-09-03,12.218058960416792,SOXL,1.0,RISK_ON,SOXL
2019-09-04,13.217028546606779,SOXL,1.0,RISK_ON,SOXL
2019-09-05,14.451396655965466,SOXL,1.0,RISK_ON,SOXL
2019-09-06,14.509620148181794,SOXL,1.0,RISK_ON,SOXL
2019-09-09,14.713404836051442,SOXL,1.0,RISK_ON,SOXL
2019-09-10,14.907210748507582,SOXL,1.0,RISK_ON,SOXL
2019-09-11,15.575131748730618,SOXL,1.0,RISK_ON,SOXL
2019-09-12,15.712378119910182,SOXL,1.0,RISK_ON,SOXL
2019-09-13,15.570142361023862,SOXL,1.0,RISK_ON,SOXL
2019-09-16,15.25323612548856,SOXL,1.0,RISK_ON,SOXL
2019-09-17,15.39214151738287,SOXL,1.0,RISK_ON,SOXL
2019-09-18,15.42208400640466,SOXL,1.0,RISK_ON,SOXL
2019-09-19,15.18752115637459,SOXL,1.0,RISK_ON,SOXL
2019-09-20,14.340766104484434,SOXL,1.0,RISK_ON,SOXL
2019-09-23,14.779117340052908,SOXL,1.0,RISK_ON,SOXL
2019-09-24,14.063603645284187,SOXL,1.0,RISK_ON,SOXL
2019-09-25,14.782697915964006,SOXL,1.0,RISK_ON,SOXL
2019-09-26,14.829363728208437,SOXL,1.0,RISK_ON,SOXL
2019-09-27,13.748634988176509,SOXL,1.0,RISK_ON,SOXL
2019-09-30,14.183590531271635,SOXL,1.0,RISK_ON,SOXL
2019-10-01,13.795297102752182,SOXL,1.0,RISK_ON,SOXL
2019-10-02,13.144530820439872,SOXL,1.0,RISK_ON,SOXL
2019-10-03,13.816965441656517,SOXL,1.0,RISK_ON,SOXL
2019-10-04,14.566056433833197,SOXL,1.0,RISK_ON,SOXL
2019-10-07,14.234422383646704,SOXL,1.0,RISK_ON,SOXL
2019-10-08,12.925383551449421,SOXL,1.0,RISK_ON,SOXL
2019-10-09,13.576986739456613,SOXL,1.0,RISK_ON,SOXL
2019-10-10,13.971950762410097,SOXL,1.0,RISK_ON,SOXL
2019-10-11,14.91018983696786,SOXL,1.0,RISK_ON,SOXL
2019-10-14,14.907687747776972,SOXL,1.0,RISK_ON,SOXL
2019-10-15,15.885091297231508,SOXL,1.0,RISK_ON,SOXL
2019-10-16,15.194326099440044,SOXL,1.0,RISK_ON,SOXL
2019-10-17,15.353481157993022,SOXL,1.0,RISK_ON,SOXL
2019-10-18,14.841027408017972,SOXL,1.0,RISK_ON,SOXL
2019-10-21,15.685109045398258,SOXL,1.0,RISK_ON,SOXL
2019-10-22,15.318479025558135,SOXL,1.0,RISK_ON,SOXL
2019-10-23,14.427735273602176,SOXL,1.0,RISK_ON,SOXL
2019-10-24,15.4742987868941,SOXL,1.0,RISK_ON,SOXL
2019-10-25,16.42670363045229,SOXL,1.0,RISK_ON,SOXL
2019-10-28,17.28828510149377,SOXL,1.0,RISK_ON,SOXL
2019-10-29,16.83499528415507,SOXL,1.0,RISK_ON,SOXL
2019-10-30,16.837496140789707,SOXL,1.0,RISK_ON,SOXL
2019-10-31,16.520858602517265,SOXL,1.0,RISK_ON,SOXL
2019-11-01,16.969105502343723,TQQQ,1.0,RISK_ON,TQQQ
2019-11-04,17.271911075369914,TQQQ,1.0,RISK_ON,TQQQ
2019-11-05,17.29336966301632,TQQQ,1.0,RISK_ON,TQQQ
2019-11-06,17.183693284036206,TQQQ,1.0,RISK_ON,TQQQ
2019-11-07,17.35774542595554,TQQQ,1.0,RISK_ON,TQQQ
2019-11-08,17.562797539427276,TQQQ,1.0,RISK_ON,TQQQ
2019-11-11,17.488884203038893,TQQQ,1.0,RISK_ON,TQQQ
2019-11-12,17.631943994319492,TQQQ,1.0,RISK_ON,TQQQ
2019-11-13,17.605712809491674,TQQQ,1.0,RISK_ON,TQQQ
2019-11-14,17.600945927995507,TQQQ,1.0,RISK_ON,TQQQ
2019-11-15,17.932364221369184,TQQQ,1.0,RISK_ON,TQQQ
2019-11-18,18.02535270465589,TQQQ,1.0,RISK_ON,TQQQ
2019-11-19,18.09926794627269,TQQQ,1.0,RISK_ON,TQQQ
2019-11-20,17.782156013072754,TQQQ,1.0,RISK_ON,TQQQ
2019-11-21,17.643868818973566,TQQQ,1.0,RISK_ON,TQQQ
2019-11-22,17.6915471600773,TQQQ,1.0,RISK_ON,TQQQ
2019-11-25,18.30431624928759,TQQQ,1.0,RISK_ON,TQQQ
2019-11-26,18.413996438724535,TQQQ,1.0,RISK_ON,TQQQ
2019-11-27,18.785946561414526,TQQQ,1.0,RISK_ON,TQQQ
2019-11-29,18.535593831901895,TQQQ,1.0,RISK_ON,TQQQ
2019-12-02,17.72030862504094,SOXL,1.0,RISK_ON,SOXL
2019-12-03,16.910044211478603,SOXL,1.0,RISK_ON,SOXL
2019-12-04,17.704403049032546,SOXL,1.0,RISK_ON,SOXL
2019-12-05,17.917013524910605,SOXL,1.0,RISK_ON,SOXL
2019-12-06,18.7498770800972,SOXL,1.0,RISK_ON,SOXL
2019-12-09,18.43347052475598,SOXL,1.0,RISK_ON,SOXL
2019-12-10,18.63855290611971,SOXL,1.0,RISK_ON,SOXL
2019-12-11,19.86064123481892,SOXL,1.0,RISK_ON,SOXL
2019-12-12,21.471955575204188,SOXL,1.0,RISK_ON,SOXL
2019-12-13,21.118717074547558,SOXL,1.0,RISK_ON,SOXL
2019-12-16,21.71805245176316,SOXL,1.0,RISK_ON,SOXL
2019-12-17,22.003481145812614,SOXL,1.0,RISK_ON,SOXL
2019-12-18,21.971669993795825,SOXL,1.0,RISK_ON,SOXL
2019-12-19,22.48813442268184,SOXL,1.0,RISK_ON,SOXL
2019-12-20,23.21050709461597,SOXL,1.0,RISK_ON,SOXL
2019-12-23,23.367036980882617,SOXL,1.0,RISK_ON,SOXL
2019-12-24,23.54047536364394,SOXL,1.0,RISK_ON,SOXL
2019-12-26,23.629296973525477,SOXL,1.0,RISK_ON,SOXL
2019-12-27,23.366197499290394,SOXL,1.0,RISK_ON,SOXL
2019-12-30,22.874333100307442,SOXL,1.0,RISK_ON,SOXL
2019-12-31,23.0276759281399,SOXL,1.0,RISK_ON,SOXL
2020-01-02,24.169084731964578,TQQQ,1.0,RISK_ON,TQQQ
2020-01-03,23.511909000100935,TQQQ,1.0,RISK_ON,TQQQ
2020-01-06,23.95889272029407,TQQQ,1.0,RISK_ON,TQQQ
2020-01-07,23.92963220365457,TQQQ,1.0,RISK_ON,TQQQ
2020-01-08,24.48037939453385,TQQQ,1.0,RISK_ON,TQQQ
2020-01-09,25.097647080097634,TQQQ,1.0,RISK_ON,TQQQ
2020-01-10,24.89277245749104,TQQQ,1.0,RISK_ON,TQQQ
2020-01-13,25.762798895557154,TQQQ,1.0,RISK_ON,TQQQ
2020-01-14,25.462147512137403,TQQQ,1.0,RISK_ON,TQQQ
2020-01-15,25.47811455611711,TQQQ,1.0,RISK_ON,TQQQ
2020-01-16,26.18849818270667,TQQQ,1.0,RISK_ON,TQQQ
2020-01-17,26.57960681262024,TQQQ,1.0,RISK_ON,TQQQ
2020-01-21,26.56630483893876,TQQQ,1.0,RISK_ON,TQQQ
2020-01-22,26.747225707692667,TQQQ,1.0,RISK_ON,TQQQ
2020-01-23,26.99466707113108,TQQQ,1.0,RISK_ON,TQQQ
2020-01-24,26.294922473180193,TQQQ,1.0,RISK_ON,TQQQ
2020-01-27,24.6692827226499,TQQQ,1.0,RISK_ON,TQQQ
2020-01-28,25.816017416560186,TQQQ,1.0,RISK_ON,TQQQ
2020-01-29,25.909133357585965,TQQQ,1.0,RISK_ON,TQQQ
2020-01-30,26.201802281643577,TQQQ,1.0,RISK_ON,TQQQ
2020-01-31,24.91405901579009,TQQQ,1.0,RISK_ON,TQQQ
2020-02-03,26.05812651414673,TQQQ,1.0,RISK_ON,TQQQ
2020-02-04,27.83808106081255,TQQQ,1.0,RISK_ON,TQQQ
2020-02-05,28.16001687727592,TQQQ,1.0,RISK_ON,TQQQ
2020-02-06,28.846461626800746,TQQQ,1.0,RISK_ON,TQQQ
2020-02-07,28.473965983866307,TQQQ,1.0,RISK_ON,TQQQ
2020-02-10,29.500963787344478,TQQQ,1.0,RISK_ON,TQQQ
2020-02-11,29.522256721409786,TQQQ,1.0,RISK_ON,TQQQ
2020-02-12,30.386957269390294,TQQQ,1.0,RISK_ON,TQQQ
2020-02-13,30.26988544925641,TQQQ,1.0,RISK_ON,TQQQ
2020-02-14,30.47475794660758,TQQQ,1.0,RISK_ON,TQQQ
2020-02-18,30.52797009184434,TQQQ,1.0,RISK_ON,TQQQ
2020-02-19,31.411294253081092,TQQQ,1.0,RISK_ON,TQQQ
2020-02-20,30.517326812694822,TQQQ,1.0,RISK_ON,TQQQ
2020-02-21,28.771958672754103,TQQQ,1.0,RISK_ON,TQQQ
2020-02-24,25.45682587256265,TQQQ,1.0,RISK_ON,TQQQ
2020-02-25,23.39750862603154,TQQQ,1.0,RISK_ON,TQQQ
2020-02-26,23.71944019198407,TQQQ,1.0,RISK_ON,TQQQ
2020-02-27,20.172828821823067,TQQQ,1.0,RISK_ON,TQQQ
2020-02-28,20.486784304179718,TQQQ,1.0,RISK_ON,TQQQ
2020-03-02,23.283101876195875,TQQQ,1.0,RISK_ON,TQQQ
2020-03-03,21.09074576555118,TQQQ,1.0,RISK_ON,TQQQ
2020-03-04,23.650261002767607,TQQQ,1.0,RISK_ON,TQQQ
2020-03-05,21.574974587001375,TQQQ,1.0,RISK_ON,TQQQ
2020-03-06,20.444215438092478,TQQQ,1.0,RISK_ON,TQQQ
2020-03-09,16.290987099911188,TQQQ,1.0,RISK_ON,TQQQ
2020-03-10,16.290987099911188,CASH,0.0,CASH,TQQQ
2020-03-11,16.290987099911188,CASH,0.0,CASH,TQQQ
2020-03-12,16.290987099911188,CASH,0.0,CASH,TQQQ
2020-03-13,21.78683110835036,TQQQ,1.25,DEEP_DCA,TQQQ
2020-03-16,18.032397407103222,TQQQ,0.5,DEEP_DCA,TQQQ
2020-03-17,21.705440432977714,TQQQ,1.25,DEEP_DCA,TQQQ
2020-03-18,19.193932863996114,TQQQ,1.25,DEEP_DCA,TQQQ
2020-03-19,19.749338664170924,TQQQ,1.25,DEEP_DCA,TQQQ
2020-03-20,16.858387881765946,TQQQ,1.25,DEEP_DCA,TQQQ
2020-03-23,16.96282937707138,TQQQ,2.0,DEEP_DCA,TQQQ
2020-03-24,24.525151042670018,TQQQ,2.0,DEEP_DCA,TQQQ
2020-03-25,23.814335971663475,TQQQ,1.25,DEEP_DCA,TQQQ
2020-03-26,28.662552284264358,TQQQ,1.25,DEEP_DCA,TQQQ
2020-03-27,27.17381539461453,TQQQ,0.5,DEEP_DCA,TQQQ
2020-03-30,30.743669420492733,TQQQ,1.25,DEEP_DCA,TQQQ
2020-03-31,30.317024589361363,TQQQ,0.5,DEEP_DCA,TQQQ
2020-04-01,28.436525029190868,TQQQ,0.5,DEEP_DCA,TQQQ
2020-04-02,30.54048451184305,TQQQ,1.25,DEEP_DCA,TQQQ
2020-04-03,29.003091785169122,TQQQ,1.25,DEEP_DCA,TQQQ
2020-04-06,36.59230521536648,TQQQ,1.25,DEEP_DCA,TQQQ
2020-04-07,36.5566403921264,TQQQ,0.5,DEEP_DCA,TQQQ
2020-04-08,37.724023859707756,TQQQ,0.5,DEEP_DCA,TQQQ
2020-04-09,37.79328139032958,TQQQ,0.5,DEEP_DCA,TQQQ
2020-04-13,37.79328139032958,CASH,0.0,CASH,TQQQ
2020-04-14,40.24513590065115,TQQQ,0.5,DEEP_DCA,TQQQ
2020-04-15,38.91013715754847,TQQQ,1.0,RISK_ON,TQQQ
2020-04-16,40.994490584739374,TQQQ,1.0,RISK_ON,TQQQ
2020-04-17,42.02093329205979,TQQQ,1.0,RISK_ON,TQQQ
2020-04-20,40.660741527720354,TQQQ,1.0,RISK_ON,TQQQ
2020-04-21,36.16457569779232,TQQQ,1.0,RISK_ON,TQQQ
2020-04-22,39.36353357398609,TQQQ,1.0,RISK_ON,TQQQ
2020-04-23,39.10534597549127,TQQQ,1.0,RISK_ON,TQQQ
2020-04-24,40.994490584739374,TQQQ,1.0,RISK_ON,TQQQ
2020-04-27,41.79423382632768,TQQQ,1.0,RISK_ON,TQQQ
2020-04-28,39.53354937069213,TQQQ,1.0,RISK_ON,TQQQ
2020-04-29,43.6455951912871,TQQQ,1.0,RISK_ON,TQQQ
2020-04-30,43.93527092254463,TQQQ,1.0,RISK_ON,TQQQ
2020-05-01,39.993243413682286,TQQQ,1.0,RISK_ON,TQQQ
2020-05-04,41.40380864536233,TQQQ,1.0,RISK_ON,TQQQ
2020-05-05,42.72621213535993,TQQQ,1.0,RISK_ON,TQQQ
2020-05-06,43.57004379286921,TQQQ,1.0,RISK_ON,TQQQ
2020-05-07,45.27026715062075,TQQQ,1.0,RISK_ON,TQQQ
2020-05-08,47.0964480694763,TQQQ,1.0,RISK_ON,TQQQ
2020-05-11,48.26770600718627,TQQQ,1.0,RISK_ON,TQQQ
2020-05-12,45.3962096215653,TQQQ,1.0,RISK_ON,TQQQ
2020-05-13,43.67708332404982,TQQQ,1.0,RISK_ON,TQQQ
2020-05-14,45.12542173991224,TQQQ,1.0,RISK_ON,TQQQ
2020-05-15,45.89997447529038,TQQQ,1.0,RISK_ON,TQQQ
2020-05-18,48.557381738443816,TQQQ,1.0,RISK_ON,TQQQ
2020-05-19,48.185841892056374,TQQQ,1.0,RISK_ON,TQQQ
2020-05-20,51.006967325363306,TQQQ,1.0,RISK_ON,TQQQ
2020-05-21,49.43898909516203,TQQQ,1.0,RISK_ON,TQQQ
2020-05-22,49.88608033996737,TQQQ,1.0,RISK_ON,TQQQ
2020-05-26,49.6782737538929,TQQQ,1.0,RISK_ON,TQQQ
2020-05-27,50.37726503074683,TQQQ,1.0,RISK_ON,TQQQ
2020-05-28,50.05609613667342,TQQQ,1.0,RISK_ON,TQQQ
2020-05-29,52.121566744313,TQQQ,1.0,RISK_ON,TQQQ
2020-06-01,52.763884412247194,TQQQ,1.0,RISK_ON,TQQQ
2020-06-02,53.81550253561831,TQQQ,1.0,RISK_ON,TQQQ
2020-06-03,54.54597691518179,TQQQ,1.0,RISK_ON,TQQQ
2020-06-04,53.437675122784626,TQQQ,1.0,RISK_ON,TQQQ
2020-06-05,56.605139836162515,TQQQ,1.0,RISK_ON,TQQQ
2020-06-08,57.86457963576757,TQQQ,1.0,RISK_ON,TQQQ
2020-06-09,59.15549247797587,TQQQ,1.0,RISK_ON,TQQQ
2020-06-10,61.29023194764028,TQQQ,1.0,RISK_ON,TQQQ
2020-06-11,52.266402094915186,TQQQ,1.0,RISK_ON,TQQQ
2020-06-12,53.39989942357568,TQQQ,1.0,RISK_ON,TQQQ
2020-06-15,55.282748921297824,TQQQ,1.0,RISK_ON,TQQQ
2020-06-16,58.20462128928599,TQQQ,1.0,RISK_ON,TQQQ
2020-06-17,58.77136743858966,TQQQ,1.0,RISK_ON,TQQQ
2020-06-18,59.2247613400007,TQQQ,1.0,RISK_ON,TQQQ
2020-06-19,59.14289722487079,TQQQ,1.0,RISK_ON,TQQQ
2020-06-22,61.2461586218788,TQQQ,1.0,RISK_ON,TQQQ
2020-06-23,62.84563504494911,TQQQ,1.0,RISK_ON,TQQQ
2020-06-24,59.142897224870794,TQQQ,1.0,RISK_ON,TQQQ
2020-06-25,60.710890545231535,TQQQ,1.0,RISK_ON,TQQQ
2020-06-26,56.34696229777403,TQQQ,1.0,RISK_ON,TQQQ
2020-06-29,58.14794768036626,TQQQ,1.0,RISK_ON,TQQQ
2020-06-30,61.49174090716222,TQQQ,1.0,RISK_ON,TQQQ
2020-07-01,58.92046326997575,SOXL,1.0,RISK_ON,SOXL
2020-07-02,61.11276225480628,SOXL,1.0,RISK_ON,SOXL
2020-07-06,66.01354855411755,SOXL,1.0,RISK_ON,SOXL
2020-07-07,63.5729447343732,SOXL,1.0,RISK_ON,SOXL
2020-07-08,66.20304993018462,SOXL,1.0,RISK_ON,SOXL
2020-07-09,68.83639413618826,SOXL,1.0,RISK_ON,SOXL
2020-07-10,68.15028309029356,SOXL,1.0,RISK_ON,SOXL
2020-07-13,64.74912959024338,SOXL,1.0,RISK_ON,SOXL
2020-07-14,68.17968481971691,SOXL,1.0,RISK_ON,SOXL
2020-07-15,67.49684652370392,SOXL,1.0,RISK_ON,SOXL
2020-07-16,66.6735209805593,SOXL,1.0,RISK_ON,SOXL
2020-07-17,67.90851411523188,SOXL,1.0,RISK_ON,SOXL
2020-07-20,72.09377799931379,SOXL,1.0,RISK_ON,SOXL
2020-07-21,70.56798730077716,SOXL,1.0,RISK_ON,SOXL
2020-07-22,71.41420763322687,SOXL,1.0,RISK_ON,SOXL
2020-07-23,68.0882068815651,SOXL,1.0,RISK_ON,SOXL
2020-07-24,64.84388991818822,SOXL,1.0,RISK_ON,SOXL
2020-07-27,70.98620039206855,SOXL,1.0,RISK_ON,SOXL
2020-07-28,66.78786478828236,SOXL,1.0,RISK_ON,SOXL
2020-07-29,71.11363037936283,SOXL,1.0,RISK_ON,SOXL
2020-07-30,75.27601875396223,SOXL,1.0,RISK_ON,SOXL
2020-07-31,74.0050832100585,SOXL,1.0,RISK_ON,SOXL
2020-08-03,76.76369874027293,TQQQ,1.0,RISK_ON,TQQQ
2020-08-04,77.76175207326145,TQQQ,1.0,RISK_ON,TQQQ
2020-08-05,78.38166561991927,TQQQ,1.0,RISK_ON,TQQQ
2020-08-06,81.3820301517503,TQQQ,1.0,RISK_ON,TQQQ
2020-08-07,78.72260791950976,TQQQ,1.0,RISK_ON,TQQQ
2020-08-10,77.66255877528756,TQQQ,1.0,RISK_ON,TQQQ
2020-08-11,73.25499331503629,TQQQ,1.0,RISK_ON,TQQQ
2020-08-12,78.73501698524072,TQQQ,1.0,RISK_ON,TQQQ
2020-08-13,79.28673018779939,TQQQ,1.0,RISK_ON,TQQQ
2020-08-14,79.05737044494532,TQQQ,1.0,RISK_ON,TQQQ
2020-08-17,81.66719602819892,TQQQ,1.0,RISK_ON,TQQQ
2020-08-18,84.0662408050001,TQQQ,1.0,RISK_ON,TQQQ
2020-08-19,82.42348550434451,TQQQ,1.0,RISK_ON,TQQQ
2020-08-20,85.81440383997929,TQQQ,1.0,RISK_ON,TQQQ
2020-08-21,87.60594413585362,TQQQ,1.0,RISK_ON,TQQQ
2020-08-24,89.23011554836545,TQQQ,1.0,RISK_ON,TQQQ
2020-08-25,91.31302625355384,TQQQ,1.0,RISK_ON,TQQQ
2020-08-26,97.15878559610012,TQQQ,1.0,RISK_ON,TQQQ
2020-08-27,96.27853420793983,TQQQ,1.0,RISK_ON,TQQQ
2020-08-28,97.76631483573755,TQQQ,1.0,RISK_ON,TQQQ
2020-08-31,100.02897377956673,TQQQ,1.0,RISK_ON,TQQQ
2020-09-01,105.6614507135691,SOXL,1.0,RISK_ON,SOXL
2020-09-02,115.1400428755817,SOXL,1.0,RISK_ON,SOXL
2020-09-03,95.48999781143469,SOXL,1.0,RISK_ON,SOXL
2020-09-04,92.84231155369955,SOXL,1.0,RISK_ON,SOXL
2020-09-08,79.62244377043666,SOXL,1.0,RISK_ON,SOXL
2020-09-09,86.2061511858197,SOXL,1.0,RISK_ON,SOXL
2020-09-10,82.62594159828951,SOXL,1.0,RISK_ON,SOXL
2020-09-11,82.33756638146605,SOXL,1.0,RISK_ON,SOXL
2020-09-14,87.54312136494347,SOXL,1.0,RISK_ON,SOXL
2020-09-15,92.0446167316706,SOXL,1.0,RISK_ON,SOXL
2020-09-16,89.27330084279785,SOXL,1.0,RISK_ON,SOXL
2020-09-17,88.86511366812256,SOXL,1.0,RISK_ON,SOXL
2020-09-18,84.72312599803732,SOXL,1.0,RISK_ON,SOXL
2020-09-21,84.31493329850923,SOXL,1.0,RISK_ON,SOXL
2020-09-22,87.37084540488928,SOXL,1.0,RISK_ON,SOXL
2020-09-23,80.86578979398739,SOXL,1.0,RISK_ON,SOXL
2020-09-24,83.22887983421525,SOXL,1.0,RISK_ON,SOXL
2020-09-25,86.82034907175476,SOXL,1.0,RISK_ON,SOXL
2020-09-28,93.90961366758552,SOXL,1.0,RISK_ON,SOXL
2020-09-29,94.69234166337539,SOXL,1.0,RISK_ON,SOXL
2020-09-30,94.81966742103715,SOXL,1.0,RISK_ON,SOXL
2020-10-01,99.26002289131775,TQQQ,1.0,RISK_ON,TQQQ
2020-10-02,91.07469854828548,TQQQ,1.0,RISK_ON,TQQQ
2020-10-05,96.81893715908092,TQQQ,1.0,RISK_ON,TQQQ
2020-10-06,91.61797981493426,TQQQ,1.0,RISK_ON,TQQQ
2020-10-07,96.43501122253603,TQQQ,1.0,RISK_ON,TQQQ
2020-10-08,97.85478441448872,TQQQ,1.0,RISK_ON,TQQQ
2020-10-09,102.20822089966272,TQQQ,1.0,RISK_ON,TQQQ
2020-10-12,111.74087630353769,TQQQ,1.0,RISK_ON,TQQQ
2020-10-13,111.75539944643593,TQQQ,1.0,RISK_ON,TQQQ
2020-10-14,108.99556255120237,TQQQ,1.0,RISK_ON,TQQQ
2020-10-15,106.74276271261172,TQQQ,1.0,RISK_ON,TQQQ
2020-10-16,105.1057094162307,TQQQ,1.0,RISK_ON,TQQQ
2020-10-19,99.88300207441291,TQQQ,1.0,RISK_ON,TQQQ
2020-10-20,100.52767918016485,TQQQ,1.0,RISK_ON,TQQQ
2020-10-21,100.26693379707052,TQQQ,1.0,RISK_ON,TQQQ
2020-10-22,100.31760857217128,TQQQ,1.0,RISK_ON,TQQQ
2020-10-23,100.90435511748605,TQQQ,1.0,RISK_ON,TQQQ
2020-10-26,96.30460960042532,TQQQ,1.0,RISK_ON,TQQQ
2020-10-27,98.57913629223626,TQQQ,1.0,RISK_ON,TQQQ
2020-10-28,87.01100165698794,TQQQ,1.0,RISK_ON,TQQQ
2020-10-29,91.43689184549737,TQQQ,1.0,RISK_ON,TQQQ
2020-10-30,85.07694719528132,TQQQ,1.0,RISK_ON,TQQQ
2020-11-02,86.44735584331757,SOXL,1.0,RISK_ON,SOXL
2020-11-03,91.5905778459151,SOXL,1.0,RISK_ON,SOXL
2020-11-04,101.19014371474879,SOXL,1.0,RISK_ON,SOXL
2020-11-05,114.53521761389328,SOXL,1.0,RISK_ON,SOXL
2020-11-06,120.42686564769154,SOXL,1.0,RISK_ON,SOXL
2020-11-09,115.82700749783021,SOXL,1.0,RISK_ON,SOXL
2020-11-10,105.41066153830762,SOXL,1.0,RISK_ON,SOXL
2020-11-11,116.89668450045639,SOXL,1.0,RISK_ON,SOXL
2020-11-12,112.37198657473208,SOXL,1.0,RISK_ON,SOXL
2020-11-13,116.5412514576834,SOXL,1.0,RISK_ON,SOXL
2020-11-16,125.13605600983055,SOXL,1.0,RISK_ON,SOXL
2020-11-17,122.08777148614737,SOXL,1.0,RISK_ON,SOXL
2020-11-18,119.49733513759026,SOXL,1.0,RISK_ON,SOXL
2020-11-19,125.04381483322668,SOXL,1.0,RISK_ON,SOXL
2020-11-20,123.01387370590706,SOXL,1.0,RISK_ON,SOXL
2020-11-23,128.5808525611451,SOXL,1.0,RISK_ON,SOXL
2020-11-24,130.65865867155813,SOXL,1.0,RISK_ON,SOXL
2020-11-25,129.26093461606453,SOXL,1.0,RISK_ON,SOXL
2020-11-27,133.7104219016174,SOXL,1.0,RISK_ON,SOXL
2020-11-30,138.73744502804712,SOXL,1.0,RISK_ON,SOXL
2020-12-01,146.09860955037567,SOXL,1.0,RISK_ON,SOXL
2020-12-02,147.2092848722051,SOXL,1.0,RISK_ON,SOXL
2020-12-03,147.43139775351582,SOXL,1.0,RISK_ON,SOXL
2020-12-04,159.70340669252005,SOXL,1.0,RISK_ON,SOXL
2020-12-07,161.79144725792358,SOXL,1.0,RISK_ON,SOXL
2020-12-08,163.83165308985434,SOXL,1.0,RISK_ON,SOXL
2020-12-09,149.82020021395007,SOXL,1.0,RISK_ON,SOXL
2020-12-10,149.5297131067374,SOXL,1.0,RISK_ON,SOXL
2020-12-11,144.36937990205232,SOXL,1.0,RISK_ON,SOXL
2020-12-14,149.80654755182485,SOXL,1.0,RISK_ON,SOXL
2020-12-15,156.05359837877546,SOXL,1.0,RISK_ON,SOXL
2020-12-16,155.7084502070274,SOXL,1.0,RISK_ON,SOXL
2020-12-17,156.54229108376938,SOXL,1.0,RISK_ON,SOXL
2020-12-18,154.49866704470386,SOXL,1.0,RISK_ON,SOXL
2020-12-21,151.4571281864282,SOXL,1.0,RISK_ON,SOXL
2020-12-22,150.8969455446042,SOXL,1.0,RISK_ON,SOXL
2020-12-23,147.76282268069048,SOXL,1.0,RISK_ON,SOXL
2020-12-24,152.02827127413858,SOXL,1.0,RISK_ON,SOXL
2020-12-28,151.16356570111492,SOXL,1.0,RISK_ON,SOXL
2020-12-29,150.00149627378153,SOXL,1.0,RISK_ON,SOXL
2020-12-30,157.75655118995076,SOXL,1.0,RISK_ON,SOXL
2020-12-31,159.43468922897677,SOXL,1.0,RISK_ON,SOXL
2021-01-04,157.2336058311611,SOXL,1.0,RISK_ON,SOXL
2021-01-05,166.34211952458926,SOXL,1.0,RISK_ON,SOXL
2021-01-06,165.1185425352441,SOXL,1.0,RISK_ON,SOXL
2021-01-07,183.3150405128781,SOXL,1.0,RISK_ON,SOXL
2021-01-08,183.46884975073513,SOXL,1.0,RISK_ON,SOXL
2021-01-11,190.15072879148838,SOXL,1.0,RISK_ON,SOXL
2021-01-12,193.88639561187733,SOXL,1.0,RISK_ON,SOXL
2021-01-13,194.40249447319061,SOXL,1.0,RISK_ON,SOXL
2021-01-14,207.0518371803268,SOXL,1.0,RISK_ON,SOXL
2021-01-15,193.9137211025416,SOXL,1.0,RISK_ON,SOXL
2021-01-19,213.61404872174296,SOXL,1.0,RISK_ON,SOXL
2021-01-20,211.8333543854675,SOXL,1.0,RISK_ON,SOXL
2021-01-21,221.2631089671142,SOXL,1.0,RISK_ON,SOXL
2021-01-22,209.11960041668016,SOXL,1.0,RISK_ON,SOXL
2021-01-25,210.01851831067196,SOXL,1.0,RISK_ON,SOXL
2021-01-26,200.22641360632764,SOXL,1.0,RISK_ON,SOXL
2021-01-27,169.9205891496071,SOXL,1.0,RISK_ON,SOXL
2021-01-28,180.12279804446672,SOXL,1.0,RISK_ON,SOXL
2021-01-29,171.23642748196994,SOXL,1.0,RISK_ON,SOXL
2021-02-01,191.47334303887934,SOXL,1.0,RISK_ON,SOXL
2021-02-02,200.18880324463845,SOXL,1.0,RISK_ON,SOXL
2021-02-03,187.80600002835794,SOXL,1.0,RISK_ON,SOXL
2021-02-04,192.44746148983575,SOXL,1.0,RISK_ON,SOXL
2021-02-05,188.26746807475647,SOXL,1.0,RISK_ON,SOXL
2021-02-08,205.7530394676032,SOXL,1.0,RISK_ON,SOXL
2021-02-09,203.13158717466112,SOXL,1.0,RISK_ON,SOXL
2021-02-10,205.0523977538408,SOXL,1.0,RISK_ON,SOXL
2021-02-11,226.42062895707772,SOXL,1.0,RISK_ON,SOXL
2021-02-12,234.66102895355436,SOXL,1.0,RISK_ON,SOXL
2021-02-16,238.81367671155562,SOXL,1.0,RISK_ON,SOXL
2021-02-17,225.63115419063928,SOXL,1.0,RISK_ON,SOXL
2021-02-18,218.83650456405988,SOXL,1.0,RISK_ON,SOXL
2021-02-19,234.7977169061169,SOXL,1.0,RISK_ON,SOXL
2021-02-22,209.2050858446696,SOXL,1.0,RISK_ON,SOXL
2021-02-23,204.96015657723692,SOXL,1.0,RISK_ON,SOXL
2021-02-24,224.27080858307644,SOXL,1.0,RISK_ON,SOXL
2021-02-25,185.68354547784847,SOXL,1.0,RISK_ON,SOXL
2021-02-26,198.45943243141872,SOXL,1.0,RISK_ON,SOXL
2021-03-01,218.1836774173565,SOXL,1.0,RISK_ON,SOXL
2021-03-02,197.6356747615639,SOXL,1.0,RISK_ON,SOXL
2021-03-03,179.48701151740264,SOXL,1.0,RISK_ON,SOXL
2021-03-04,153.6996031485157,SOXL,1.0,RISK_ON,SOXL
2021-03-05,167.90067072993332,SOXL,1.0,RISK_ON,SOXL
2021-03-08,141.08782038703427,SOXL,1.0,RISK_ON,SOXL
2021-03-09,166.3625884345702,SOXL,1.0,RISK_ON,SOXL
2021-03-10,157.49336940698853,SOXL,1.0,RISK_ON,SOXL
2021-03-11,176.71862673370057,SOXL,1.0,RISK_ON,SOXL
2021-03-12,171.33558573849842,SOXL,1.0,RISK_ON,SOXL
2021-03-15,182.35802318080232,SOXL,1.0,RISK_ON,SOXL
2021-03-16,189.5867346974609,SOXL,1.0,RISK_ON,SOXL
2021-03-17,196.96925545197655,SOXL,1.0,RISK_ON,SOXL
2021-03-18,172.82229409477137,SOXL,1.0,RISK_ON,SOXL
2021-03-19,178.15411239898665,SOXL,1.0,RISK_ON,SOXL
2021-03-22,189.6893010779173,SOXL,1.0,RISK_ON,SOXL
2021-03-23,174.53833490848626,SOXL,1.0,RISK_ON,SOXL
2021-03-24,167.15267827662873,SOXL,1.0,RISK_ON,SOXL
2021-03-25,168.28101937692452,SOXL,1.0,RISK_ON,SOXL
2021-03-26,193.31030166958524,SOXL,1.0,RISK_ON,SOXL
2021-03-29,183.56528554140402,SOXL,1.0,RISK_ON,SOXL
2021-03-30,182.18049824034668,SOXL,1.0,RISK_ON,SOXL
2021-03-31,195.97733005765738,SOXL,1.0,RISK_ON,SOXL
2021-04-01,205.94152050899623,TQQQ,1.0,RISK_ON,TQQQ
2021-04-05,218.31092662771627,TQQQ,1.0,RISK_ON,TQQQ
2021-04-06,217.79551469365833,TQQQ,1.0,RISK_ON,TQQQ
2021-04-07,219.40611051768408,TQQQ,1.0,RISK_ON,TQQQ
2021-04-08,226.2565246879322,TQQQ,1.0,RISK_ON,TQQQ
2021-04-09,230.3581724131737,TQQQ,1.0,RISK_ON,TQQQ
2021-04-12,229.4562058169533,TQQQ,1.0,RISK_ON,TQQQ
2021-04-13,237.3159333362868,TQQQ,1.0,RISK_ON,TQQQ
2021-04-14,228.98379776743235,TQQQ,1.0,RISK_ON,TQQQ
2021-04-15,239.09830454912532,TQQQ,1.0,RISK_ON,TQQQ
2021-04-16,240.1076178982107,TQQQ,1.0,RISK_ON,TQQQ
2021-04-19,233.55787069571866,TQQQ,1.0,RISK_ON,TQQQ
2021-04-20,228.44689246786785,TQQQ,1.0,RISK_ON,TQQQ
2021-04-21,234.22358180660675,TQQQ,1.0,RISK_ON,TQQQ
2021-04-22,225.6981603299091,TQQQ,1.0,RISK_ON,TQQQ
2021-04-23,234.2021055946242,TQQQ,1.0,RISK_ON,TQQQ
2021-04-26,238.84065861943012,TQQQ,1.0,RISK_ON,TQQQ
2021-04-27,235.70532035873705,TQQQ,1.0,RISK_ON,TQQQ
2021-04-28,233.27867993994516,TQQQ,1.0,RISK_ON,TQQQ
2021-04-29,235.61944981785464,TQQQ,1.0,RISK_ON,TQQQ
2021-04-30,231.19567606639845,TQQQ,1.0,RISK_ON,TQQQ
2021-05-03,227.41613721384778,TQQQ,1.0,RISK_ON,TQQQ
2021-05-04,215.4332857572902,TQQQ,1.0,RISK_ON,TQQQ
2021-05-05,212.92079195113982,TQQQ,1.0,RISK_ON,TQQQ
2021-05-06,217.58075257383254,TQQQ,1.0,RISK_ON,TQQQ
2021-05-07,222.90649292150917,TQQQ,1.0,RISK_ON,TQQQ
2021-05-10,206.15624832177414,TQQQ,1.0,RISK_ON,TQQQ
2021-05-11,205.12549306775406,TQQQ,1.0,RISK_ON,TQQQ
2021-05-12,189.51347054957176,TQQQ,1.0,RISK_ON,TQQQ
2021-05-13,193.50775436842432,TQQQ,1.0,RISK_ON,TQQQ
2021-05-14,206.0918711463983,TQQQ,1.0,RISK_ON,TQQQ
2021-05-17,202.61294780103188,TQQQ,1.0,RISK_ON,TQQQ
2021-05-18,198.36098374543633,TQQQ,1.0,RISK_ON,TQQQ
2021-05-19,199.09108918522423,TQQQ,1.0,RISK_ON,TQQQ
2021-05-20,210.60151543873693,TQQQ,1.0,RISK_ON,TQQQ
2021-05-21,207.12260924689446,TQQQ,1.0,RISK_ON,TQQQ
2021-05-24,217.49486487942625,TQQQ,1.0,RISK_ON,TQQQ
2021-05-25,218.5471306524768,TQQQ,1.0,RISK_ON,TQQQ
2021-05-26,220.75900895144292,TQQQ,1.0,RISK_ON,TQQQ
2021-05-27,218.1820522022969,TQQQ,1.0,RISK_ON,TQQQ
2021-05-28,220.30800849980875,TQQQ,1.0,RISK_ON,TQQQ
2021-06-01,218.1605759903143,TQQQ,1.0,RISK_ON,TQQQ
2021-06-02,219.29876376481914,TQQQ,1.0,RISK_ON,TQQQ
2021-06-03,212.4053800170819,TQQQ,1.0,RISK_ON,TQQQ
2021-06-04,223.29301327662378,TQQQ,1.0,RISK_ON,TQQQ
2021-06-07,225.26865324378153,TQQQ,1.0,RISK_ON,TQQQ
2021-06-08,225.5263849410964,TQQQ,1.0,RISK_ON,TQQQ
2021-06-09,225.78406517783944,TQQQ,1.0,RISK_ON,TQQQ
2021-06-10,232.69887367698738,TQQQ,1.0,RISK_ON,TQQQ
2021-06-11,234.54567352577362,TQQQ,1.0,RISK_ON,TQQQ
2021-06-14,241.11694840082006,TQQQ,1.0,RISK_ON,TQQQ
2021-06-15,236.6501879183508,TQQQ,1.0,RISK_ON,TQQQ
2021-06-16,234.11618359316995,TQQQ,1.0,RISK_ON,TQQQ
2021-06-17,242.85635003616946,TQQQ,1.0,RISK_ON,TQQQ
2021-06-18,237.0582359460198,TQQQ,1.0,RISK_ON,TQQQ
2021-06-21,241.39612200306962,TQQQ,1.0,RISK_ON,TQQQ
2021-06-22,248.13915511340483,TQQQ,1.0,RISK_ON,TQQQ
2021-06-23,248.56862789248456,TQQQ,1.0,RISK_ON,TQQQ
2021-06-24,253.1427008207709,TQQQ,1.0,RISK_ON,TQQQ
2021-06-25,252.3481495915113,TQQQ,1.0,RISK_ON,TQQQ
2021-06-28,261.28158478883006,TQQQ,1.0,RISK_ON,TQQQ
2021-06-29,264.223602834632,TQQQ,1.0,RISK_ON,TQQQ
2021-06-30,263.0639731551925,TQQQ,1.0,RISK_ON,TQQQ
2021-07-01,263.192830427088,TQQQ,1.0,RISK_ON,TQQQ
2021-07-02,272.1262827779307,TQQQ,1.0,RISK_ON,TQQQ
2021-07-06,275.776947205062,TQQQ,1.0,RISK_ON,TQQQ
2021-07-07,277.5378593594419,TQQQ,1.0,RISK_ON,TQQQ
2021-07-08,272.7275824063951,TQQQ,1.0,RISK_ON,TQQQ
2021-07-09,277.3446077586466,TQQQ,1.0,RISK_ON,TQQQ
2021-07-12,280.823531104013,TQQQ,1.0,RISK_ON,TQQQ
2021-07-13,280.67319762013494,TQQQ,1.0,RISK_ON,TQQQ
2021-07-14,282.1978714427064,TQQQ,1.0,RISK_ON,TQQQ
2021-07-15,276.3568049285916,TQQQ,1.0,RISK_ON,TQQQ
2021-07-16,269.57078508724334,TQQQ,1.0,RISK_ON,TQQQ
2021-07-19,263.10694273268166,TQQQ,1.0,RISK_ON,TQQQ
2021-07-20,271.78268053973346,TQQQ,1.0,RISK_ON,TQQQ
2021-07-21,277.9888426575521,TQQQ,1.0,RISK_ON,TQQQ
2021-07-22,283.8299091716669,TQQQ,1.0,RISK_ON,TQQQ
2021-07-23,293.2572286304892,TQQQ,1.0,RISK_ON,TQQQ
2021-07-26,294.48137271349617,TQQQ,1.0,RISK_ON,TQQQ
2021-07-27,284.86076734683064,TQQQ,1.0,RISK_ON,TQQQ
2021-07-28,287.9745264743974,TQQQ,1.0,RISK_ON,TQQQ
2021-07-29,289.39178493000816,TQQQ,1.0,RISK_ON,TQQQ
2021-07-30,285.054001794102,TQQQ,1.0,RISK_ON,TQQQ
2021-08-02,284.96809694617167,TQQQ,1.0,RISK_ON,TQQQ
2021-08-03,289.92865592252474,TQQQ,1.0,RISK_ON,TQQQ
2021-08-04,291.36759643240543,TQQQ,1.0,RISK_ON,TQQQ
2021-08-05,296.84351588224456,TQQQ,1.0,RISK_ON,TQQQ
2021-08-06,292.97807218176354,TQQQ,1.0,RISK_ON,TQQQ
2021-08-09,294.5458013494439,TQQQ,1.0,RISK_ON,TQQQ
2021-08-10,290.14345234939844,TQQQ,1.0,RISK_ON,TQQQ
2021-08-11,288.5758947169576,TQQQ,1.0,RISK_ON,TQQQ
2021-08-12,291.58228993813543,TQQQ,1.0,RISK_ON,TQQQ
2021-08-13,294.502780311383,TQQQ,1.0,RISK_ON,TQQQ
2021-08-16,295.01820939896487,TQQQ,1.0,RISK_ON,TQQQ
2021-08-17,287.26593155364003,TQQQ,1.0,RISK_ON,TQQQ
2021-08-18,278.9122340051832,TQQQ,1.0,RISK_ON,TQQQ
2021-08-19,282.8850244585292,TQQQ,1.0,RISK_ON,TQQQ
2021-08-20,291.6252080550526,TQQQ,1.0,RISK_ON,TQQQ
2021-08-23,304.6173214001237,TQQQ,1.0,RISK_ON,TQQQ
2021-08-24,307.62375092834947,TQQQ,1.0,RISK_ON,TQQQ
2021-08-25,307.9674389341665,TQQQ,1.0,RISK_ON,TQQQ
2021-08-26,302.74909679992675,TQQQ,1.0,RISK_ON,TQQQ
2021-08-27,311.59664430283914,TQQQ,1.0,RISK_ON,TQQQ
2021-08-30,321.92591320435787,TQQQ,1.0,RISK_ON,TQQQ
2021-08-31,321.02401522223323,TQQQ,1.0,RISK_ON,TQQQ
2021-09-01,322.7848930695652,TQQQ,1.0,RISK_ON,TQQQ
2021-09-02,322.3339269249789,TQQQ,1.0,RISK_ON,TQQQ
2021-09-03,325.2329410862439,TQQQ,1.0,RISK_ON,TQQQ
2021-09-07,326.564397615068,TQQQ,1.0,RISK_ON,TQQQ
2021-09-08,323.2143830021689,TQQQ,1.0,RISK_ON,TQQQ
2021-09-09,319.75698732935695,TQQQ,1.0,RISK_ON,TQQQ
2021-09-10,312.5630395350073,TQQQ,1.0,RISK_ON,TQQQ
2021-09-13,311.85435884663013,TQQQ,1.0,RISK_ON,TQQQ
2021-09-14,309.1699695769994,TQQQ,1.0,RISK_ON,TQQQ
2021-09-15,316.0203322866757,TQQQ,1.0,RISK_ON,TQQQ
2021-09-16,316.64314243417044,TQQQ,1.0,RISK_ON,TQQQ
2021-09-17,305.4548593603964,TQQQ,1.0,RISK_ON,TQQQ
2021-09-20,286.66458046460383,TQQQ,1.0,RISK_ON,TQQQ
2021-09-21,287.0296589147837,TQQQ,1.0,RISK_ON,TQQQ
2021-09-22,295.42625742663375,TQQQ,1.0,RISK_ON,TQQQ
2021-09-23,303.6295185700688,TQQQ,1.0,RISK_ON,TQQQ
2021-09-24,304.48849843527614,TQQQ,1.0,RISK_ON,TQQQ
2021-09-27,297.14418285000056,TQQQ,1.0,RISK_ON,TQQQ
2021-09-28,272.36248680269114,TQQQ,1.0,RISK_ON,TQQQ
2021-09-29,270.558656531394,TQQQ,1.0,RISK_ON,TQQQ
2021-09-30,267.5092402721552,TQQQ,1.0,RISK_ON,TQQQ
2021-10-01,272.3839287076258,TQQQ,1.0,RISK_ON,TQQQ
2021-10-04,255.63378702903444,TQQQ,1.0,RISK_ON,TQQQ
2021-10-05,265.4691202084778,TQQQ,1.0,RISK_ON,TQQQ
2021-10-06,270.7089557082241,TQQQ,1.0,RISK_ON,TQQQ
2021-10-07,278.03182938856503,TQQQ,1.0,RISK_ON,TQQQ
2021-10-08,273.758354813939,TQQQ,1.0,RISK_ON,TQQQ
2021-10-11,267.6810156609679,TQQQ,1.0,RISK_ON,TQQQ
2021-10-12,264.9537597349917,TQQQ,1.0,RISK_ON,TQQQ
2021-10-13,271.1599046992864,TQQQ,1.0,RISK_ON,TQQQ
2021-10-14,286.12772662561105,TQQQ,1.0,RISK_ON,TQQQ
2021-10-15,291.4319564542572,TQQQ,1.0,RISK_ON,TQQQ
2021-10-18,300.1721228972567,TQQQ,1.0,RISK_ON,TQQQ
2021-10-19,306.76480537018995,TQQQ,1.0,RISK_ON,TQQQ
2021-10-20,305.7984444450697,TQQQ,1.0,RISK_ON,TQQQ
2021-10-21,311.2745011231004,TQQQ,1.0,RISK_ON,TQQQ
2021-10-22,303.3933488523561,TQQQ,1.0,RISK_ON,TQQQ
2021-10-25,312.49857659201155,TQQQ,1.0,RISK_ON,TQQQ
2021-10-26,315.4191355793549,TQQQ,1.0,RISK_ON,TQQQ
2021-10-27,317.9101360199987,TQQQ,1.0,RISK_ON,TQQQ
2021-10-28,328.3467859814303,TQQQ,1.0,RISK_ON,TQQQ
2021-10-29,333.20006681901407,TQQQ,1.0,RISK_ON,TQQQ
2021-11-01,336.48568710301333,TQQQ,1.0,RISK_ON,TQQQ
2021-11-02,340.9739066439412,TQQQ,1.0,RISK_ON,TQQQ
2021-11-03,351.7971284210592,TQQQ,1.0,RISK_ON,TQQQ
2021-11-04,364.91806473097785,TQQQ,1.0,RISK_ON,TQQQ
2021-11-05,366.2709974717845,TQQQ,1.0,RISK_ON,TQQQ
2021-11-08,364.76779986119556,TQQQ,1.0,RISK_ON,TQQQ
2021-11-09,357.2516402730115,TQQQ,1.0,RISK_ON,TQQQ
2021-11-10,341.5965795632443,TQQQ,1.0,RISK_ON,TQQQ
2021-11-11,344.36683937375744,TQQQ,1.0,RISK_ON,TQQQ
2021-11-12,355.2973735966926,TQQQ,1.0,RISK_ON,TQQQ
2021-11-15,355.19006115087547,TQQQ,1.0,RISK_ON,TQQQ
2021-11-16,362.53441104319893,TQQQ,1.0,RISK_ON,TQQQ
2021-11-17,362.9639352828505,TQQQ,1.0,RISK_ON,TQQQ
2021-11-18,374.0662792016463,TQQQ,1.0,RISK_ON,TQQQ
2021-11-19,380.4012471307886,TQQQ,1.0,RISK_ON,TQQQ
2021-11-22,367.2158821849222,TQQQ,1.0,RISK_ON,TQQQ
2021-11-23,362.21226786346034,TQQQ,1.0,RISK_ON,TQQQ
2021-11-24,365.5622824763594,TQQQ,1.0,RISK_ON,TQQQ
2021-11-26,345.3976632418734,TQQQ,1.0,RISK_ON,TQQQ
2021-11-29,366.8507522741705,TQQQ,1.0,RISK_ON,TQQQ
2021-11-30,351.08834481153826,TQQQ,1.0,RISK_ON,TQQQ
2021-12-01,342.8906443588033,SOXL,1.0,RISK_ON,SOXL
2021-12-02,343.37927206375105,SOXL,1.0,RISK_ON,SOXL
2021-12-03,341.64206193140774,SOXL,1.0,RISK_ON,SOXL
2021-12-06,339.85044124382824,SOXL,1.0,RISK_ON,SOXL
2021-12-07,390.828136572756,SOXL,1.0,RISK_ON,SOXL
2021-12-08,383.7705176245976,SOXL,1.0,RISK_ON,SOXL
2021-12-09,357.7659010150985,SOXL,1.0,RISK_ON,SOXL
2021-12-10,366.99498993699893,SOXL,1.0,RISK_ON,SOXL
2021-12-13,338.4389686842211,SOXL,1.0,RISK_ON,SOXL
2021-12-14,333.98725031795186,SOXL,1.0,RISK_ON,SOXL
2021-12-15,369.81819120633594,SOXL,1.0,RISK_ON,SOXL
2021-12-16,321.55504680302124,SOXL,1.0,RISK_ON,SOXL
2021-12-17,320.089206379865,SOXL,1.0,RISK_ON,SOXL
2021-12-20,312.4344161122527,SOXL,1.0,RISK_ON,SOXL
2021-12-21,344.82037265422036,SOXL,1.0,RISK_ON,SOXL
2021-12-22,355.0292998330872,SOXL,1.0,RISK_ON,SOXL
2021-12-23,366.0526990188558,SOXL,1.0,RISK_ON,SOXL
2021-12-27,396.35333741169245,SOXL,1.0,RISK_ON,SOXL
2021-12-28,382.94067661033216,SOXL,1.0,RISK_ON,SOXL
2021-12-29,385.54726025921525,SOXL,1.0,RISK_ON,SOXL
2021-12-30,371.2114344155422,SOXL,1.0,RISK_ON,SOXL
2021-12-31,369.3108431965854,SOXL,1.0,RISK_ON,SOXL
2022-01-03,391.5204249711163,SOXL,1.0,RISK_ON,SOXL
2022-01-04,385.92721627459554,SOXL,1.0,RISK_ON,SOXL
2022-01-05,347.58982508947156,SOXL,1.0,RISK_ON,SOXL
2022-01-06,355.89805432016374,SOXL,1.0,RISK_ON,SOXL
2022-01-07,324.40266771739164,SOXL,1.0,RISK_ON,SOXL
2022-01-10,325.81454584802646,SOXL,1.0,RISK_ON,SOXL
2022-01-11,343.67999230783397,SOXL,1.0,RISK_ON,SOXL
2022-01-12,350.68510048083306,SOXL,1.0,RISK_ON,SOXL
2022-01-13,326.90060102255075,SOXL,1.0,RISK_ON,SOXL
2022-01-14,350.1420408748055,SOXL,1.0,RISK_ON,SOXL
2022-01-18,303.98500547225,SOXL,1.0,RISK_ON,SOXL
2022-01-19,275.9648929679069,SOXL,1.0,RISK_ON,SOXL
2022-01-20,249.73684941385807,SOXL,1.0,RISK_ON,SOXL
2022-01-21,249.73684941385807,CASH,0.0,CASH,SOXL
2022-01-24,249.73684941385807,CASH,0.0,CASH,SOXL
2022-01-25,249.73684941385807,CASH,0.0,CASH,SOXL
2022-01-26,249.73684941385807,CASH,0.0,CASH,SOXL
2022-01-27,249.73684941385807,CASH,0.0,CASH,SOXL
2022-01-28,256.77701652370484,SOXL,0.5,DEEP_DCA,SOXL
2022-01-31,256.77701652370484,CASH,0.0,CASH,SOXL
2022-02-01,256.77701652370484,CASH,0.0,CASH,SOXL
2022-02-02,256.77701652370484,CASH,0.0,CASH,SOXL
2022-02-03,256.77701652370484,CASH,0.0,CASH,SOXL
2022-02-04,256.77701652370484,CASH,0.0,CASH,SOXL
2022-02-07,256.77701652370484,CASH,0.0,CASH,SOXL
2022-02-08,256.77701652370484,CASH,0.0,CASH,SOXL
2022-02-09,256.77701652370484,CASH,0.0,CASH,SOXL
2022-02-10,256.77701652370484,CASH,0.0,CASH,SOXL
2022-02-11,256.77701652370484,CASH,0.0,CASH,SOXL
2022-02-14,256.77701652370484,CASH,0.0,CASH,SOXL
2022-02-15,256.77701652370484,CASH,0.0,CASH,SOXL
2022-02-16,256.77701652370484,CASH,0.0,CASH,SOXL
2022-02-17,256.77701652370484,CASH,0.0,CASH,SOXL
2022-02-18,256.77701652370484,CASH,0.0,CASH,SOXL
2022-02-22,256.77701652370484,CASH,0.0,CASH,SOXL
2022-02-23,256.77701652370484,CASH,0.0,CASH,SOXL
2022-02-24,271.18538241243147,SOXL,0.5,DEEP_DCA,SOXL
2022-02-25,271.18538241243147,CASH,0.0,CASH,SOXL
2022-02-28,271.18538241243147,CASH,0.0,CASH,SOXL
2022-03-01,264.9304681805309,TQQQ,0.5,DEEP_DCA,TQQQ
2022-03-02,271.25721866498145,TQQQ,0.5,DEEP_DCA,TQQQ
2022-03-03,265.59202593780026,TQQQ,0.5,DEEP_DCA,TQQQ
2022-03-04,259.90907450190394,TQQQ,0.5,DEEP_DCA,TQQQ
2022-03-07,245.39760706128538,TQQQ,0.5,DEEP_DCA,TQQQ
2022-03-08,241.16119470411277,TQQQ,1.25,DEEP_DCA,TQQQ
2022-03-09,273.43143446023026,TQQQ,1.25,DEEP_DCA,TQQQ
2022-03-10,269.03447629844993,TQQQ,0.5,DEEP_DCA,TQQQ
2022-03-11,260.6904935382323,TQQQ,0.5,DEEP_DCA,TQQQ
2022-03-14,241.60355718241388,TQQQ,1.25,DEEP_DCA,TQQQ
2022-03-15,269.56134601796947,TQQQ,1.25,DEEP_DCA,TQQQ
2022-03-16,307.39581839005615,TQQQ,1.25,DEEP_DCA,TQQQ
2022-03-17,312.536033172916,TQQQ,0.5,DEEP_DCA,TQQQ
2022-03-18,322.244228544053,TQQQ,0.5,DEEP_DCA,TQQQ
2022-03-21,321.0926936698794,TQQQ,0.5,DEEP_DCA,TQQQ
2022-03-22,330.5813608372682,TQQQ,0.5,DEEP_DCA,TQQQ
2022-03-23,330.5813608372682,CASH,0.0,CASH,TQQQ
2022-03-24,341.29207098719155,TQQQ,0.5,DEEP_DCA,TQQQ
2022-03-25,341.29207098719155,CASH,0.0,CASH,TQQQ
2022-03-28,341.29207098719155,CASH,0.0,CASH,TQQQ
2022-03-29,341.29207098719155,CASH,0.0,CASH,TQQQ
2022-03-30,341.29207098719155,CASH,0.0,CASH,TQQQ
2022-03-31,341.29207098719155,CASH,0.0,CASH,TQQQ
2022-04-01,341.29207098719155,CASH,0.0,CASH,TQQQ
2022-04-04,341.29207098719155,CASH,0.0,CASH,TQQQ
2022-04-05,341.29207098719155,CASH,0.0,CASH,TQQQ
2022-04-06,341.29207098719155,CASH,0.0,CASH,TQQQ
2022-04-07,342.4042703653152,TQQQ,0.5,DEEP_DCA,TQQQ
2022-04-08,342.4042703653152,CASH,0.0,CASH,TQQQ
2022-04-11,330.2510238656401,TQQQ,0.5,DEEP_DCA,TQQQ
2022-04-12,328.12524446101907,TQQQ,0.5,DEEP_DCA,TQQQ
2022-04-13,337.96072170482637,TQQQ,0.5,DEEP_DCA,TQQQ
2022-04-14,326.59252197448427,TQQQ,0.5,DEEP_DCA,TQQQ
2022-04-18,327.04418451500857,TQQQ,0.5,DEEP_DCA,TQQQ
2022-04-19,337.5570566189055,TQQQ,0.5,DEEP_DCA,TQQQ
2022-04-20,329.9525984757365,TQQQ,0.5,DEEP_DCA,TQQQ
2022-04-21,320.27442745361,TQQQ,0.5,DEEP_DCA,TQQQ
2022-04-22,307.5600652331868,TQQQ,0.5,DEEP_DCA,TQQQ
2022-04-25,321.8230349471705,TQQQ,1.25,DEEP_DCA,TQQQ
2022-04-26,276.5957870178727,TQQQ,1.25,DEEP_DCA,TQQQ
2022-04-27,275.0576008603826,TQQQ,1.25,DEEP_DCA,TQQQ
2022-04-28,311.3921036900836,TQQQ,1.25,DEEP_DCA,TQQQ
2022-04-29,260.2153291911458,TQQQ,1.25,DEEP_DCA,TQQQ
2022-05-02,275.53042315039187,TQQQ,1.25,DEEP_DCA,TQQQ
2022-05-03,276.34075927779634,TQQQ,1.25,DEEP_DCA,TQQQ
2022-05-04,310.5770679551067,TQQQ,1.25,DEEP_DCA,TQQQ
2022-05-05,252.7216129545041,TQQQ,1.25,DEEP_DCA,TQQQ
2022-05-06,241.70988827061595,TQQQ,1.25,DEEP_DCA,TQQQ
2022-05-09,206.0051587229872,TQQQ,1.25,DEEP_DCA,TQQQ
2022-05-10,206.0051587229872,CASH,0.0,CASH,TQQQ
2022-05-11,169.3326922575384,TQQQ,2.0,DEEP_DCA,TQQQ
2022-05-12,166.62432070341967,TQQQ,2.0,DEEP_DCA,TQQQ
2022-05-13,202.83432210594415,TQQQ,2.0,DEEP_DCA,TQQQ
2022-05-16,190.26540208802072,TQQQ,2.0,DEEP_DCA,TQQQ
2022-05-17,218.9448906606414,TQQQ,2.0,DEEP_DCA,TQQQ
2022-05-18,179.0053255024049,TQQQ,1.25,DEEP_DCA,TQQQ
2022-05-19,171.75612884926815,TQQQ,2.0,DEEP_DCA,TQQQ
2022-05-20,168.7669500787542,TQQQ,2.0,DEEP_DCA,TQQQ
2022-05-23,185.43377567320812,TQQQ,2.0,DEEP_DCA,TQQQ
2022-05-24,162.29493013036998,TQQQ,2.0,DEEP_DCA,TQQQ
2022-05-25,175.3267981438636,TQQQ,2.0,DEEP_DCA,TQQQ
2022-05-26,204.65234970941114,TQQQ,2.0,DEEP_DCA,TQQQ
2022-05-27,244.74592871826547,TQQQ,2.0,DEEP_DCA,TQQQ
2022-05-31,242.54031250937513,TQQQ,1.25,DEEP_DCA,TQQQ
2022-06-01,235.47692717833723,TQQQ,1.25,DEEP_DCA,TQQQ
2022-06-02,259.36747158211256,TQQQ,1.25,DEEP_DCA,TQQQ
2022-06-03,233.72797580849755,TQQQ,1.25,DEEP_DCA,TQQQ
2022-06-06,237.3640663431407,TQQQ,1.25,DEEP_DCA,TQQQ
2022-06-07,244.56746201994383,TQQQ,1.25,DEEP_DCA,TQQQ
2022-06-08,238.3303618136422,TQQQ,1.25,DEEP_DCA,TQQQ
2022-06-09,238.3303618136422,CASH,0.0,CASH,TQQQ
2022-06-10,187.46958840257025,TQQQ,2.0,DEEP_DCA,TQQQ
2022-06-13,135.5462829242401,TQQQ,2.0,DEEP_DCA,TQQQ
2022-06-14,137.30816381300133,TQQQ,2.0,DEEP_DCA,TQQQ
2022-06-15,157.05028379830722,TQQQ,2.0,DEEP_DCA,TQQQ
2022-06-16,118.70227730262984,TQQQ,2.0,DEEP_DCA,TQQQ
2022-06-17,127.49904351875064,TQQQ,2.0,DEEP_DCA,TQQQ
2022-06-21,146.73354395209697,TQQQ,2.0,DEEP_DCA,TQQQ
2022-06-22,145.65025877881857,TQQQ,2.0,DEEP_DCA,TQQQ
2022-06-23,158.1225201417735,TQQQ,2.0,DEEP_DCA,TQQQ
2022-06-24,191.20779329931756,TQQQ,2.0,DEEP_DCA,TQQQ
2022-06-27,182.1872239998229,TQQQ,2.0,DEEP_DCA,TQQQ
2022-06-28,148.97739909978498,TQQQ,2.0,DEEP_DCA,TQQQ
2022-06-29,149.57736151575068,TQQQ,2.0,DEEP_DCA,TQQQ
2022-06-30,138.9963520057139,TQQQ,2.0,DEEP_DCA,TQQQ
2022-07-01,143.51379303656756,TQQQ,2.0,DEEP_DCA,TQQQ
2022-07-05,158.34176195849057,TQQQ,2.0,DEEP_DCA,TQQQ
2022-07-06,164.39144899837515,TQQQ,2.0,DEEP_DCA,TQQQ
2022-07-07,184.7674480131367,TQQQ,2.0,DEEP_DCA,TQQQ
2022-07-08,186.49800150397255,TQQQ,2.0,DEEP_DCA,TQQQ
2022-07-11,162.69252805757523,TQQQ,2.0,DEEP_DCA,TQQQ
2022-07-12,162.69252805757523,CASH,0.0,CASH,TQQQ
2022-07-13,160.63879094955703,TQQQ,2.0,DEEP_DCA,TQQQ
2022-07-14,163.95489344455893,TQQQ,2.0,DEEP_DCA,TQQQ
2022-07-15,181.22008373212182,TQQQ,2.0,DEEP_DCA,TQQQ
2022-07-18,172.8321408224054,TQQQ,2.0,DEEP_DCA,TQQQ
2022-07-19,203.0794008154966,TQQQ,2.0,DEEP_DCA,TQQQ
2022-07-20,215.8343063693799,TQQQ,1.25,DEEP_DCA,TQQQ
2022-07-21,227.2975591240373,TQQQ,1.25,DEEP_DCA,TQQQ
2022-07-22,212.43495692898358,TQQQ,1.25,DEEP_DCA,TQQQ
2022-07-25,208.47833929597618,TQQQ,1.25,DEEP_DCA,TQQQ
2022-07-26,192.71166064774667,TQQQ,1.25,DEEP_DCA,TQQQ
2022-07-27,222.76775654162174,TQQQ,1.25,DEEP_DCA,TQQQ
2022-07-28,230.7392924119174,TQQQ,1.25,DEEP_DCA,TQQQ
2022-07-29,246.6108269705406,TQQQ,1.25,DEEP_DCA,TQQQ
2022-08-01,246.148803763068,TQQQ,1.25,DEEP_DCA,TQQQ
2022-08-02,243.28530900306615,TQQQ,1.25,DEEP_DCA,TQQQ
2022-08-03,267.61377659830805,TQQQ,1.25,DEEP_DCA,TQQQ
2022-08-04,269.5285747834357,TQQQ,0.5,DEEP_DCA,TQQQ
2022-08-05,266.3225490282286,TQQQ,0.5,DEEP_DCA,TQQQ
2022-08-08,264.96414988227536,TQQQ,0.5,DEEP_DCA,TQQQ
2022-08-09,260.4128142454507,TQQQ,0.5,DEEP_DCA,TQQQ
2022-08-10,260.4128142454507,CASH,0.0,CASH,TQQQ
2022-08-11,258.4508104112485,TQQQ,0.5,DEEP_DCA,TQQQ
2022-08-12,265.74777670014385,TQQQ,0.5,DEEP_DCA,TQQQ
2022-08-15,272.11522855337125,TQQQ,1.0,RISK_ON,TQQQ
2022-08-16,270.3658085199114,TQQQ,1.0,RISK_ON,TQQQ
2022-08-17,260.9898494044653,TQQQ,1.0,RISK_ON,TQQQ
2022-08-18,262.73904587344106,TQQQ,1.0,RISK_ON,TQQQ
2022-08-19,247.34562510458937,TQQQ,1.0,RISK_ON,TQQQ
2022-08-22,237.61969674849172,TQQQ,0.5,DEEP_DCA,TQQQ
2022-08-23,236.6165593661257,TQQQ,1.25,DEEP_DCA,TQQQ
2022-08-24,238.89452860543292,TQQQ,1.25,DEEP_DCA,TQQQ
2022-08-25,254.59688315521404,TQQQ,1.25,DEEP_DCA,TQQQ
2022-08-26,239.10515084508174,TQQQ,0.5,DEEP_DCA,TQQQ
2022-08-29,229.9133463369661,TQQQ,1.25,DEEP_DCA,TQQQ
2022-08-30,220.3042154385995,TQQQ,1.25,DEEP_DCA,TQQQ
2022-08-31,215.2496135680804,TQQQ,1.25,DEEP_DCA,TQQQ
2022-09-01,215.53984682813763,TQQQ,1.25,DEEP_DCA,TQQQ
2022-09-02,204.3138075024945,TQQQ,1.25,DEEP_DCA,TQQQ
2022-09-06,198.47467174596943,TQQQ,1.25,DEEP_DCA,TQQQ
2022-09-07,213.1299433200157,TQQQ,1.25,DEEP_DCA,TQQQ
2022-09-08,217.47202763714532,TQQQ,1.25,DEEP_DCA,TQQQ
2022-09-09,234.71634418305806,TQQQ,1.25,DEEP_DCA,TQQQ
2022-09-12,245.4335304666898,TQQQ,1.25,DEEP_DCA,TQQQ
2022-09-13,225.23864321337265,TQQQ,0.5,DEEP_DCA,TQQQ
2022-09-14,231.5582175187317,TQQQ,1.25,DEEP_DCA,TQQQ
2022-09-15,216.9871935562165,TQQQ,1.25,DEEP_DCA,TQQQ
2022-09-16,211.69007047216982,TQQQ,1.25,DEEP_DCA,TQQQ
2022-09-19,218.03649230500199,TQQQ,1.25,DEEP_DCA,TQQQ
2022-09-20,218.03649230500199,CASH,0.0,CASH,TQQQ
2022-09-21,203.07362944724244,TQQQ,1.25,DEEP_DCA,TQQQ
2022-09-22,193.68013892915866,TQQQ,1.25,DEEP_DCA,TQQQ
2022-09-23,175.1602668448163,TQQQ,2.0,DEEP_DCA,TQQQ
2022-09-26,170.39288826328323,TQQQ,2.0,DEEP_DCA,TQQQ
2022-09-27,170.71712914305203,TQQQ,2.0,DEEP_DCA,TQQQ
2022-09-28,190.67740021440335,TQQQ,2.0,DEEP_DCA,TQQQ
2022-09-29,170.55654134793997,TQQQ,1.25,DEEP_DCA,TQQQ
2022-09-30,152.65595294120035,TQQQ,2.0,DEEP_DCA,TQQQ
2022-10-03,173.8319634970115,TQQQ,2.0,DEEP_DCA,TQQQ
2022-10-04,206.1414377993733,TQQQ,2.0,DEEP_DCA,TQQQ
2022-10-05,206.1414377993733,TQQQ,1.25,DEEP_DCA,TQQQ
2022-10-06,199.63674698075127,TQQQ,1.25,DEEP_DCA,TQQQ
2022-10-07,171.1787205923717,TQQQ,1.25,DEEP_DCA,TQQQ
2022-10-10,160.46915343411814,TQQQ,2.0,DEEP_DCA,TQQQ
2022-10-11,147.72676463668958,TQQQ,2.0,DEEP_DCA,TQQQ
2022-10-12,147.07525240150753,TQQQ,2.0,DEEP_DCA,TQQQ
2022-10-13,166.73943116919185,TQQQ,2.0,DEEP_DCA,TQQQ
2022-10-14,136.69013404050463,TQQQ,2.0,DEEP_DCA,TQQQ
2022-10-17,163.6080388352136,TQQQ,2.0,DEEP_DCA,TQQQ
2022-10-18,171.74605211706034,TQQQ,2.0,DEEP_DCA,TQQQ
2022-10-19,171.74605211706034,CASH,0.0,CASH,TQQQ
2022-10-20,168.12037138088493,TQQQ,1.25,DEEP_DCA,TQQQ
2022-10-21,191.9250173839725,TQQQ,2.0,DEEP_DCA,TQQQ
2022-10-24,200.08911136168885,TQQQ,1.25,DEEP_DCA,TQQQ
2022-10-25,215.14040006532,TQQQ,1.25,DEEP_DCA,TQQQ
2022-10-26,197.37107421992235,TQQQ,1.25,DEEP_DCA,TQQQ
2022-10-27,183.781914223854,TQQQ,1.25,DEEP_DCA,TQQQ
2022-10-28,204.56127904926126,TQQQ,1.25,DEEP_DCA,TQQQ
2022-10-31,195.72362004668915,TQQQ,1.25,DEEP_DCA,TQQQ
2022-11-01,188.13292333332572,TQQQ,1.25,DEEP_DCA,TQQQ
2022-11-02,163.80538057106762,TQQQ,1.25,DEEP_DCA,TQQQ
2022-11-03,151.99250983101683,TQQQ,1.25,DEEP_DCA,TQQQ
2022-11-04,166.17252850128864,TQQQ,2.0,DEEP_DCA,TQQQ
2022-11-07,176.72607852404207,TQQQ,2.0,DEEP_DCA,TQQQ
2022-11-08,181.4972763549151,TQQQ,1.25,DEEP_DCA,TQQQ
2022-11-09,165.66911015520353,TQQQ,1.25,DEEP_DCA,TQQQ
2022-11-10,238.14932705074435,TQQQ,2.0,DEEP_DCA,TQQQ
2022-11-11,255.08067563871543,TQQQ,1.25,DEEP_DCA,TQQQ
2022-11-14,246.64173626601428,TQQQ,1.25,DEEP_DCA,TQQQ
2022-11-15,259.0743246427753,TQQQ,1.25,DEEP_DCA,TQQQ
2022-11-16,253.8274282095618,TQQQ,0.5,DEEP_DCA,TQQQ
2022-11-17,253.8274282095618,CASH,0.0,CASH,TQQQ
2022-11-18,253.53709006888022,TQQQ,1.25,DEEP_DCA,TQQQ
2022-11-21,243.9597190824579,TQQQ,1.25,DEEP_DCA,TQQQ
2022-11-22,256.77403619094076,TQQQ,1.25,DEEP_DCA,TQQQ
2022-11-23,260.61342631572796,TQQQ,0.5,DEEP_DCA,TQQQ
2022-11-25,257.9190004617954,TQQQ,0.5,DEEP_DCA,TQQQ
2022-11-28,252.241542480383,TQQQ,0.5,DEEP_DCA,TQQQ
2022-11-29,244.68496274512646,TQQQ,1.25,DEEP_DCA,TQQQ
2022-11-30,285.7701020157539,TQQQ,1.25,DEEP_DCA,TQQQ
2022-12-01,286.55856374613217,TQQQ,0.5,DEEP_DCA,TQQQ
2022-12-02,284.8650689098787,TQQQ,0.5,DEEP_DCA,TQQQ
2022-12-05,277.6856531996012,TQQQ,0.5,DEEP_DCA,TQQQ
2022-12-06,268.87911345319,TQQQ,0.5,DEEP_DCA,TQQQ
2022-12-07,264.84342877127716,TQQQ,1.25,DEEP_DCA,TQQQ
2022-12-08,276.5920498886133,TQQQ,1.25,DEEP_DCA,TQQQ
2022-12-09,273.9300354834168,TQQQ,0.5,DEEP_DCA,TQQQ
2022-12-12,278.91293094380126,TQQQ,0.5,DEEP_DCA,TQQQ
2022-12-13,283.29311922744046,TQQQ,0.5,DEEP_DCA,TQQQ
2022-12-14,279.93115720929546,TQQQ,0.5,DEEP_DCA,TQQQ
2022-12-15,266.0629753892409,TQQQ,0.5,DEEP_DCA,TQQQ
2022-12-16,256.2414480187363,TQQQ,1.25,DEEP_DCA,TQQQ
2022-12-19,256.2414480187363,CASH,0.0,CASH,TQQQ
2022-12-20,254.83899264959894,TQQQ,1.25,DEEP_DCA,TQQQ
2022-12-21,268.67379534957377,TQQQ,1.25,DEEP_DCA,TQQQ
2022-12-22,244.80443839718632,TQQQ,1.25,DEEP_DCA,TQQQ
2022-12-23,245.67667367602638,TQQQ,1.25,DEEP_DCA,TQQQ
2022-12-27,232.58273781654282,TQQQ,1.25,DEEP_DCA,TQQQ
2022-12-28,220.84314167882746,TQQQ,1.25,DEEP_DCA,TQQQ
2022-12-29,240.31726561028248,TQQQ,1.25,DEEP_DCA,TQQQ
2022-12-30,240.31726561028248,TQQQ,1.25,DEEP_DCA,TQQQ
2023-01-03,230.68720130521567,SOXL,1.25,DEEP_DCA,SOXL
2023-01-04,252.56062220663267,SOXL,1.25,DEEP_DCA,SOXL
2023-01-05,236.88524581078195,SOXL,1.25,DEEP_DCA,SOXL
2023-01-06,277.1087128879925,SOXL,1.25,DEEP_DCA,SOXL
2023-01-09,298.14047289940885,SOXL,1.25,DEEP_DCA,SOXL
2023-01-10,303.8291645823414,SOXL,0.5,DEEP_DCA,SOXL
2023-01-11,309.2864328627221,SOXL,0.5,DEEP_DCA,SOXL
2023-01-12,314.5243601969588,SOXL,0.5,DEEP_DCA,SOXL
2023-01-13,316.1190361182161,SOXL,0.5,DEEP_DCA,SOXL
2023-01-17,316.1190361182161,CASH,0.0,CASH,SOXL
2023-01-18,316.1190361182161,CASH,0.0,CASH,SOXL
2023-01-19,316.1190361182161,CASH,0.0,CASH,SOXL
2023-01-20,329.8165981663694,SOXL,0.5,DEEP_DCA,SOXL
2023-01-23,329.8165981663694,CASH,0.0,CASH,SOXL
2023-01-24,323.1038760950696,SOXL,1.0,RISK_ON,SOXL
2023-01-25,325.1176752703954,SOXL,1.0,RISK_ON,SOXL
2023-01-26,341.00436651649517,SOXL,1.0,RISK_ON,SOXL
2023-01-27,335.18673656976495,SOXL,1.0,RISK_ON,SOXL
2023-01-30,308.78351428854126,SOXL,1.0,RISK_ON,SOXL
2023-01-31,324.8939513063083,SOXL,1.0,RISK_ON,SOXL
2023-02-01,375.91029884993696,SOXL,1.0,RISK_ON,SOXL
2023-02-02,400.971046501157,SOXL,1.0,RISK_ON,SOXL
2023-02-03,378.8191683422523,SOXL,1.0,RISK_ON,SOXL
2023-02-06,360.2473969906647,SOXL,1.0,RISK_ON,SOXL
2023-02-07,393.58704349969526,SOXL,1.0,RISK_ON,SOXL
2023-02-08,368.97378739180976,SOXL,1.0,RISK_ON,SOXL
2023-02-09,370.9877174126161,SOXL,1.0,RISK_ON,SOXL
2023-02-10,353.5347403421052,SOXL,1.0,RISK_ON,SOXL
2023-02-13,367.4076542204591,SOXL,1.0,RISK_ON,SOXL
2023-02-14,387.7693481302247,SOXL,1.0,RISK_ON,SOXL
2023-02-15,392.46831464135875,SOXL,1.0,RISK_ON,SOXL
2023-02-16,364.2750171488964,SOXL,1.0,RISK_ON,SOXL
2023-02-17,346.8220618859655,SOXL,1.0,RISK_ON,SOXL
2023-02-21,313.4823717617748,SOXL,1.0,RISK_ON,SOXL
2023-02-22,309.4547734111231,SOXL,1.0,RISK_ON,SOXL
2023-02-23,337.4243033243381,SOXL,1.0,RISK_ON,SOXL
2023-02-24,320.19509383307457,SOXL,1.0,RISK_ON,SOXL
2023-02-27,324.4463943402334,SOXL,1.0,RISK_ON,SOXL
2023-02-28,327.8027989910434,SOXL,1.0,RISK_ON,SOXL
2023-03-01,328.4740581136253,SOXL,1.0,RISK_ON,SOXL
2023-03-02,335.8580174999269,SOXL,1.0,RISK_ON,SOXL
2023-03-03,350.8496384290372,SOXL,1.0,RISK_ON,SOXL
2023-03-06,339.438102499664,SOXL,1.0,RISK_ON,SOXL
2023-03-07,327.80279899104346,SOXL,1.0,RISK_ON,SOXL
2023-03-08,353.75850792135253,SOXL,1.0,RISK_ON,SOXL
2023-03-09,333.6204289377736,SOXL,1.0,RISK_ON,SOXL
2023-03-10,314.37744207876426,SOXL,1.0,RISK_ON,SOXL
2023-03-13,313.70613934102215,SOXL,1.0,RISK_ON,SOXL
2023-03-14,340.55685316558043,SOXL,1.0,RISK_ON,SOXL
2023-03-15,328.6978038852926,SOXL,1.0,RISK_ON,SOXL
2023-03-16,367.40765422045905,SOXL,1.0,RISK_ON,SOXL
2023-03-17,360.91863430566644,SOXL,1.0,RISK_ON,SOXL
2023-03-20,371.65904195793826,SOXL,1.0,RISK_ON,SOXL
2023-03-21,373.56375961768134,SOXL,1.0,RISK_ON,SOXL
2023-03-22,363.92770962847027,SOXL,1.0,RISK_ON,SOXL
2023-03-23,391.9393499788285,SOXL,1.0,RISK_ON,SOXL
2023-03-24,371.32281268819503,SOXL,1.0,RISK_ON,SOXL
2023-03-27,357.8772619567576,SOXL,1.0,RISK_ON,SOXL
2023-03-28,350.25808601166426,SOXL,1.0,RISK_ON,SOXL
2023-03-29,382.75155479825486,SOXL,1.0,RISK_ON,SOXL
2023-03-30,402.2477930847858,SOXL,1.0,RISK_ON,SOXL
2023-03-31,410.09097649250737,SOXL,1.0,RISK_ON,SOXL
2023-04-03,407.18865432776323,TQQQ,1.0,RISK_ON,TQQQ
2023-04-04,403.12555807082197,TQQQ,1.0,RISK_ON,TQQQ
2023-04-05,390.2104093062972,TQQQ,1.0,RISK_ON,TQQQ
2023-04-06,398.0465444406633,TQQQ,1.0,RISK_ON,TQQQ
2023-04-10,397.17588505157534,TQQQ,1.0,RISK_ON,TQQQ
2023-04-11,389.48480726876375,TQQQ,1.0,RISK_ON,TQQQ
2023-04-12,379.1817513186884,TQQQ,1.0,RISK_ON,TQQQ
2023-04-13,400.94880928181453,TQQQ,1.0,RISK_ON,TQQQ
2023-04-14,398.62694581765993,TQQQ,1.0,RISK_ON,TQQQ
2023-04-17,399.06234716669485,TQQQ,1.0,RISK_ON,TQQQ
2023-04-18,399.35251919339686,TQQQ,1.0,RISK_ON,TQQQ
2023-04-19,398.48185980430895,TQQQ,1.0,RISK_ON,TQQQ
2023-04-20,389.1946065802653,TQQQ,1.0,RISK_ON,TQQQ
2023-04-21,389.9201512942059,TQQQ,1.0,RISK_ON,TQQQ
2023-04-24,387.5983164918477,TQQQ,1.0,RISK_ON,TQQQ
2023-04-25,365.6861725153705,TQQQ,1.0,RISK_ON,TQQQ
2023-04-26,371.7809888715608,TQQQ,1.0,RISK_ON,TQQQ
2023-04-27,401.8194686709025,TQQQ,1.0,RISK_ON,TQQQ
2023-04-28,409.94580449376707,TQQQ,1.0,RISK_ON,TQQQ
2023-05-01,408.7850017397736,TQQQ,1.0,RISK_ON,TQQQ
2023-05-02,397.90145842731226,TQQQ,1.0,RISK_ON,TQQQ
2023-05-03,390.06520864576055,TQQQ,1.0,RISK_ON,TQQQ
2023-05-04,385.71191170032085,TQQQ,1.0,RISK_ON,TQQQ
2023-05-05,409.3653457931775,TQQQ,1.0,RISK_ON,TQQQ
2023-05-08,412.7030119833638,TQQQ,1.0,RISK_ON,TQQQ
2023-05-09,404.7217908356467,TQQQ,1.0,RISK_ON,TQQQ
2023-05-10,417.781996951726,TQQQ,1.0,RISK_ON,TQQQ
2023-05-11,421.26469183167046,TQQQ,1.0,RISK_ON,TQQQ
2023-05-12,416.91128023904525,TQQQ,1.0,RISK_ON,TQQQ
2023-05-15,423.29632594553027,TQQQ,1.0,RISK_ON,TQQQ
2023-05-16,424.8925013867623,TQQQ,1.0,RISK_ON,TQQQ
2023-05-17,440.1295136154416,TQQQ,1.0,RISK_ON,TQQQ
2023-05-18,463.78294770829825,TQQQ,1.0,RISK_ON,TQQQ
2023-05-19,460.5905108404449,TQQQ,1.0,RISK_ON,TQQQ
2023-05-22,465.37926645851223,TQQQ,1.0,RISK_ON,TQQQ
2023-05-23,447.38513272562534,TQQQ,1.0,RISK_ON,TQQQ
2023-05-24,440.1295136154415,TQQQ,1.0,RISK_ON,TQQQ
2023-05-25,471.9093695165519,TQQQ,1.0,RISK_ON,TQQQ
2023-05-26,507.60723566125256,TQQQ,1.0,RISK_ON,TQQQ
2023-05-30,514.7177687580853,TQQQ,1.0,RISK_ON,TQQQ
2023-05-31,504.2696841182518,TQQQ,1.0,RISK_ON,TQQQ
2023-06-01,522.5539612160443,TQQQ,1.0,RISK_ON,TQQQ
2023-06-02,534.3081065940007,TQQQ,1.0,RISK_ON,TQQQ
2023-06-05,535.4691386423655,TQQQ,1.0,RISK_ON,TQQQ
2023-06-06,534.8885652945903,TQQQ,1.0,RISK_ON,TQQQ
2023-06-07,507.60723566125256,TQQQ,1.0,RISK_ON,TQQQ
2023-06-08,525.0209966789391,TQQQ,1.0,RISK_ON,TQQQ
2023-06-09,531.4058704146457,TQQQ,1.0,RISK_ON,TQQQ
2023-06-12,558.5421713582252,TQQQ,1.0,RISK_ON,TQQQ
2023-06-13,571.0218041265293,TQQQ,1.0,RISK_ON,TQQQ
2023-06-14,583.211379515317,TQQQ,1.0,RISK_ON,TQQQ
2023-06-15,603.6724627257096,TQQQ,1.0,RISK_ON,TQQQ
2023-06-16,592.0633460375113,TQQQ,1.0,RISK_ON,TQQQ
2023-06-20,589.1611671817492,TQQQ,1.0,RISK_ON,TQQQ
2023-06-21,565.5492926936652,TQQQ,1.0,RISK_ON,TQQQ
2023-06-22,584.3280431028625,TQQQ,1.0,RISK_ON,TQQQ
2023-06-23,567.0050253325622,TQQQ,1.0,RISK_ON,TQQQ
2023-06-26,544.5867426935474,TQQQ,1.0,RISK_ON,TQQQ
2023-06-27,571.5176532041611,TQQQ,1.0,RISK_ON,TQQQ
2023-06-28,575.011411537514,TQQQ,1.0,RISK_ON,TQQQ
2023-06-29,571.081076721474,TQQQ,1.0,RISK_ON,TQQQ
2023-06-30,596.8472864737844,TQQQ,1.0,RISK_ON,TQQQ
2023-07-03,600.9233378626961,TQQQ,1.0,RISK_ON,TQQQ
2023-07-05,600.4866467328234,TQQQ,1.0,RISK_ON,TQQQ
2023-07-06,586.3661834445038,TQQQ,1.0,RISK_ON,TQQQ
2023-07-07,580.3976509632295,TQQQ,1.0,RISK_ON,TQQQ
2023-07-10,580.834399416695,TQQQ,1.0,RISK_ON,TQQQ
2023-07-11,589.1320467966119,TQQQ,1.0,RISK_ON,TQQQ
2023-07-12,610.9679217328824,TQQQ,1.0,RISK_ON,TQQQ
2023-07-13,641.3925332532561,TQQQ,1.0,RISK_ON,TQQQ
2023-07-14,640.8101828741045,TQQQ,1.0,RISK_ON,TQQQ
2023-07-17,658.5700637450558,TQQQ,1.0,RISK_ON,TQQQ
2023-07-18,674.291976245144,TQQQ,1.0,RISK_ON,TQQQ
2023-07-19,674.291976245144,TQQQ,1.0,RISK_ON,TQQQ
2023-07-20,626.9808087899715,TQQQ,1.0,RISK_ON,TQQQ
2023-07-21,621.4491394093483,TQQQ,1.0,RISK_ON,TQQQ
2023-07-24,623.9237989100841,TQQQ,1.0,RISK_ON,TQQQ
2023-07-25,636.443042281006,TQQQ,1.0,RISK_ON,TQQQ
2023-07-26,629.8923313913584,TQQQ,1.0,RISK_ON,TQQQ
2023-07-27,624.5062066128285,TQQQ,1.0,RISK_ON,TQQQ
2023-07-28,658.2789745408692,TQQQ,1.0,RISK_ON,TQQQ
2023-07-31,659.5890479304873,TQQQ,1.0,RISK_ON,TQQQ
2023-08-01,654.4940123561439,TQQQ,1.0,RISK_ON,TQQQ
2023-08-02,611.6957020669415,TQQQ,1.0,RISK_ON,TQQQ
2023-08-03,607.3286761210287,TQQQ,1.0,RISK_ON,TQQQ
2023-08-04,598.885369491833,TQQQ,1.0,RISK_ON,TQQQ
2023-08-07,613.7336704378047,TQQQ,1.0,RISK_ON,TQQQ
2023-08-08,598.0119872320876,TQQQ,1.0,RISK_ON,TQQQ
2023-08-09,578.0685360645871,TQQQ,1.0,RISK_ON,TQQQ
2023-08-10,580.6887974910089,TQQQ,1.0,RISK_ON,TQQQ
2023-08-11,569.0429363798324,TQQQ,1.0,RISK_ON,TQQQ
2023-08-14,587.9674606854942,TQQQ,1.0,RISK_ON,TQQQ
2023-08-15,569.9163186395779,TQQQ,1.0,RISK_ON,TQQQ
2023-08-16,550.9920236282873,TQQQ,1.0,RISK_ON,TQQQ
2023-08-17,532.3587031739977,TQQQ,1.0,RISK_ON,TQQQ
2023-08-18,529.883986349669,TQQQ,1.0,RISK_ON,TQQQ
2023-08-21,555.5048234706645,TQQQ,1.0,RISK_ON,TQQQ
2023-08-22,553.0300493227431,TQQQ,1.0,RISK_ON,TQQQ
2023-08-23,579.0875775736114,TQQQ,1.0,RISK_ON,TQQQ
2023-08-24,540.947497081694,TQQQ,1.0,RISK_ON,TQQQ
2023-08-25,553.7579443039882,TQQQ,1.0,RISK_ON,TQQQ
2023-08-28,566.1315284256312,TQQQ,1.0,RISK_ON,TQQQ
2023-08-29,602.2334685759073,TQQQ,1.0,RISK_ON,TQQQ
2023-08-30,612.2779377989078,TQQQ,1.0,RISK_ON,TQQQ
2023-08-31,617.8097218267167,TQQQ,1.0,RISK_ON,TQQQ
2023-09-01,615.6261515301675,TQQQ,1.0,RISK_ON,TQQQ
2023-09-05,617.2275434183435,TQQQ,1.0,RISK_ON,TQQQ
2023-09-06,600.9233378626964,TQQQ,1.0,RISK_ON,TQQQ
2023-09-07,587.8219160834012,TQQQ,1.0,RISK_ON,TQQQ
2023-09-08,589.5686232792993,TQQQ,1.0,RISK_ON,TQQQ
2023-09-11,609.6576763724861,TQQQ,1.0,RISK_ON,TQQQ
2023-09-12,590.1510309820438,TQQQ,1.0,RISK_ON,TQQQ
2023-09-13,595.9739042140393,TQQQ,1.0,RISK_ON,TQQQ
2023-09-14,609.9489375474511,TQQQ,1.0,RISK_ON,TQQQ
2023-09-15,578.6506571493679,TQQQ,1.0,RISK_ON,TQQQ
2023-09-18,579.960787862579,TQQQ,1.0,RISK_ON,TQQQ
2023-09-19,576.4672015000044,TQQQ,1.0,RISK_ON,TQQQ
2023-09-20,551.4720513943097,TQQQ,1.0,RISK_ON,TQQQ
2023-09-21,520.0635950508845,TQQQ,1.0,RISK_ON,TQQQ
2023-09-22,520.5018912413553,TQQQ,1.0,RISK_ON,TQQQ
2023-09-25,527.3678818913469,TQQQ,1.0,RISK_ON,TQQQ
2023-09-26,503.8482983876544,TQQQ,1.0,RISK_ON,TQQQ
2023-09-27,506.91597045580073,TQQQ,1.0,RISK_ON,TQQQ
2023-09-28,519.1871173171285,TQQQ,1.0,RISK_ON,TQQQ
2023-09-29,520.3558880505199,TQQQ,1.0,RISK_ON,TQQQ
2023-10-02,532.773095426276,TQQQ,1.0,RISK_ON,TQQQ
2023-10-03,504.5787156069822,TQQQ,1.0,RISK_ON,TQQQ
2023-10-04,525.0304550717499,TQQQ,1.0,RISK_ON,TQQQ
2023-10-05,519.479295669578,TQQQ,1.0,RISK_ON,TQQQ
2023-10-06,545.62854166891,TQQQ,1.0,RISK_ON,TQQQ
2023-10-09,553.6633030522928,TQQQ,1.0,RISK_ON,TQQQ
2023-10-10,562.7206026838602,TQQQ,1.0,RISK_ON,TQQQ
2023-10-11,574.6995711927383,TQQQ,1.0,RISK_ON,TQQQ
2023-10-12,567.9796410571752,TQQQ,1.0,RISK_ON,TQQQ
2023-10-13,546.5050194026662,TQQQ,1.0,RISK_ON,TQQQ
2023-10-16,564.9118543418433,TQQQ,1.0,RISK_ON,TQQQ
2023-10-17,559.5066408069143,TQQQ,1.0,RISK_ON,TQQQ
2023-10-18,535.8408248180151,TQQQ,1.0,RISK_ON,TQQQ
2023-10-19,521.5245441367256,TQQQ,1.0,RISK_ON,TQQQ
2023-10-20,498.0047886622547,TQQQ,1.0,RISK_ON,TQQQ
2023-10-23,502.38723465462795,TQQQ,1.0,RISK_ON,TQQQ
2023-10-24,516.5575694686746,TQQQ,1.0,RISK_ON,TQQQ
2023-10-25,478.72150465111787,TQQQ,1.0,RISK_ON,TQQQ
2023-10-26,478.72150465111787,CASH,0.0,CASH,TQQQ
2023-10-27,478.72150465111787,CASH,0.0,CASH,TQQQ
2023-10-30,478.72150465111787,CASH,0.0,CASH,TQQQ
2023-10-31,478.72150465111787,CASH,0.0,CASH,TQQQ
2023-11-01,478.72150465111787,CASH,0.0,CASH,TQQQ
2023-11-02,478.72150465111787,CASH,0.0,CASH,TQQQ
2023-11-03,495.6021827778506,TQQQ,1.0,RISK_ON,TQQQ
2023-11-06,501.2729587708967,TQQQ,1.0,RISK_ON,TQQQ
2023-11-07,515.3840220781533,TQQQ,1.0,RISK_ON,TQQQ
2023-11-08,516.307123519667,TQQQ,1.0,RISK_ON,TQQQ
2023-11-09,504.0424700920611,TQQQ,1.0,RISK_ON,TQQQ
2023-11-10,537.671555503251,TQQQ,1.0,RISK_ON,TQQQ
2023-11-13,532.7921276010014,TQQQ,1.0,RISK_ON,TQQQ
2023-11-14,566.2893561631626,TQQQ,1.0,RISK_ON,TQQQ
2023-11-15,567.8719488464438,TQQQ,1.0,RISK_ON,TQQQ
2023-11-16,568.7950502879576,TQQQ,1.0,RISK_ON,TQQQ
2023-11-17,569.1907243333559,TQQQ,1.0,RISK_ON,TQQQ
2023-11-20,589.5001980263974,TQQQ,1.0,RISK_ON,TQQQ
2023-11-21,578.8179302854495,TQQQ,1.0,RISK_ON,TQQQ
2023-11-22,585.5437680673498,TQQQ,1.0,RISK_ON,TQQQ
2023-11-24,582.6423998971565,TQQQ,1.0,RISK_ON,TQQQ
2023-11-27,580.9280021140021,TQQQ,1.0,RISK_ON,TQQQ
2023-11-28,585.5437680673498,TQQQ,1.0,RISK_ON,TQQQ
2023-11-29,583.433747987953,TQQQ,1.0,RISK_ON,TQQQ
2023-11-30,578.5541130890801,TQQQ,1.0,RISK_ON,TQQQ
2023-12-01,583.4337479879531,TQQQ,1.0,RISK_ON,TQQQ
2023-12-04,566.8168870575898,TQQQ,1.0,RISK_ON,TQQQ
2023-12-05,570.9051738656661,TQQQ,1.0,RISK_ON,TQQQ
2023-12-06,560.7504887683012,TQQQ,1.0,RISK_ON,TQQQ
2023-12-07,584.2249408312822,TQQQ,1.0,RISK_ON,TQQQ
2023-12-08,591.2145958095518,TQQQ,1.0,RISK_ON,TQQQ
2023-12-11,606.248812307478,TQQQ,1.0,RISK_ON,TQQQ
2023-12-12,620.887354760006,TQQQ,1.0,RISK_ON,TQQQ
2023-12-13,642.7793693871731,TQQQ,1.0,RISK_ON,TQQQ
2023-12-14,641.7243075983189,TQQQ,1.0,RISK_ON,TQQQ
2023-12-15,649.3732985708888,TQQQ,1.0,RISK_ON,TQQQ
2023-12-18,662.9569862311859,TQQQ,1.0,RISK_ON,TQQQ
2023-12-19,672.8478023830255,TQQQ,1.0,RISK_ON,TQQQ
2023-12-20,642.9519528218323,TQQQ,1.0,RISK_ON,TQQQ
2023-12-21,664.2777799351749,TQQQ,1.0,RISK_ON,TQQQ
2023-12-22,666.9269227199023,TQQQ,1.0,RISK_ON,TQQQ
2023-12-26,679.1131244272854,TQQQ,1.0,RISK_ON,TQQQ
2023-12-27,682.6894050876806,TQQQ,1.0,RISK_ON,TQQQ
2023-12-28,680.9674519277764,TQQQ,1.0,RISK_ON,TQQQ
2023-12-29,671.5629743423312,TQQQ,1.0,RISK_ON,TQQQ
2024-01-02,599.7015765407776,SOXL,1.0,RISK_ON,SOXL
2024-01-03,561.4181535760847,SOXL,1.0,RISK_ON,SOXL
2024-01-04,547.0885574786168,SOXL,1.0,RISK_ON,SOXL
2024-01-05,554.5741852997086,SOXL,1.0,RISK_ON,SOXL
2024-01-08,608.0426538213479,SOXL,1.0,RISK_ON,SOXL
2024-01-09,607.8286569062802,SOXL,1.0,RISK_ON,SOXL
2024-01-10,602.481797634098,SOXL,1.0,RISK_ON,SOXL
2024-01-11,608.6841891658805,SOXL,1.0,RISK_ON,SOXL
2024-01-12,600.984771430026,SOXL,1.0,RISK_ON,SOXL
2024-01-16,624.2969801525966,SOXL,1.0,RISK_ON,SOXL
2024-01-17,608.0426538213479,SOXL,1.0,RISK_ON,SOXL
2024-01-18,667.0717301298714,SOXL,1.0,RISK_ON,SOXL
2024-01-19,745.5632648929773,SOXL,1.0,RISK_ON,SOXL
2024-01-22,754.1182562884933,SOXL,1.0,RISK_ON,SOXL
2024-01-23,768.2338554708934,SOXL,1.0,RISK_ON,SOXL
2024-01-24,800.3149283038649,SOXL,1.0,RISK_ON,SOXL
2024-01-25,793.8987468573193,SOXL,1.0,RISK_ON,SOXL
2024-01-26,727.3840841277652,SOXL,1.0,RISK_ON,SOXL
2024-01-29,749.4131393611485,SOXL,1.0,RISK_ON,SOXL
2024-01-30,717.1181110131704,SOXL,1.0,RISK_ON,SOXL
2024-01-31,686.5341885844539,SOXL,1.0,RISK_ON,SOXL
2024-02-01,694.0197750054846,SOXL,1.0,RISK_ON,SOXL
2024-02-02,719.6846663919104,SOXL,1.0,RISK_ON,SOXL
2024-02-05,750.6962100502137,SOXL,1.0,RISK_ON,SOXL
2024-02-06,723.5343752598377,SOXL,1.0,RISK_ON,SOXL
2024-02-07,756.2569834373417,SOXL,1.0,RISK_ON,SOXL
2024-02-08,794.5403650019737,SOXL,1.0,RISK_ON,SOXL
2024-02-09,840.9509925323518,SOXL,1.0,RISK_ON,SOXL
2024-02-12,837.3150735791875,SOXL,1.0,RISK_ON,SOXL
2024-02-13,787.9103108405432,SOXL,1.0,RISK_ON,SOXL
2024-02-14,836.6733726344108,SOXL,1.0,RISK_ON,SOXL
2024-02-15,836.4597483198917,SOXL,1.0,RISK_ON,SOXL
2024-02-16,819.7775109586295,SOXL,1.0,RISK_ON,SOXL
2024-02-20,778.9275740152574,SOXL,1.0,RISK_ON,SOXL
2024-02-21,772.9390551983597,SOXL,1.0,RISK_ON,SOXL
2024-02-22,885.8643454582922,SOXL,1.0,RISK_ON,SOXL
2024-02-23,859.1301732975639,SOXL,1.0,RISK_ON,SOXL
2024-02-26,881.3731012458322,SOXL,1.0,RISK_ON,SOXL
2024-02-27,879.2342912968619,SOXL,1.0,RISK_ON,SOXL
2024-02-28,851.2168828468245,SOXL,1.0,RISK_ON,SOXL
2024-02-29,916.2344365721848,SOXL,1.0,RISK_ON,SOXL
2024-03-01,1033.651136644821,SOXL,1.0,RISK_ON,SOXL
2024-03-04,1064.4488075882396,SOXL,1.0,RISK_ON,SOXL
2024-03-05,1001.7839365267346,SOXL,1.0,RISK_ON,SOXL
2024-03-06,1074.0731625581798,SOXL,1.0,RISK_ON,SOXL
2024-03-07,1183.1486611500632,SOXL,1.0,RISK_ON,SOXL
2024-03-08,1046.911244967682,SOXL,1.0,RISK_ON,SOXL
2024-03-11,1000.2868275225409,SOXL,1.0,RISK_ON,SOXL
2024-03-12,1060.3851432053057,SOXL,1.0,RISK_ON,SOXL
2024-03-13,985.5293617951204,SOXL,1.0,RISK_ON,SOXL
2024-03-14,930.9916538992397,SOXL,1.0,RISK_ON,SOXL
2024-03-15,914.0956266232146,SOXL,1.0,RISK_ON,SOXL
2024-03-18,909.8182551256394,SOXL,1.0,RISK_ON,SOXL
2024-03-19,886.5938145322899,SOXL,1.0,RISK_ON,SOXL
2024-03-20,928.9758021313007,SOXL,1.0,RISK_ON,SOXL
2024-03-21,991.2641810384962,SOXL,1.0,RISK_ON,SOXL
2024-03-22,993.832723620162,SOXL,1.0,RISK_ON,SOXL
2024-03-25,982.2740750023609,SOXL,1.0,RISK_ON,SOXL
2024-03-26,963.865786299833,SOXL,1.0,RISK_ON,SOXL
2024-03-27,995.3311574263066,SOXL,1.0,RISK_ON,SOXL
2024-03-28,995.9731895715706,SOXL,1.0,RISK_ON,SOXL
2024-04-01,1027.2246051830375,SOXL,1.0,RISK_ON,SOXL
2024-04-02,982.0600366872322,SOXL,1.0,RISK_ON,SOXL
2024-04-03,988.6955556567085,SOXL,1.0,RISK_ON,SOXL
2024-04-04,906.9286136712198,SOXL,1.0,RISK_ON,SOXL
2024-04-05,933.6848106643752,SOXL,1.0,RISK_ON,SOXL
2024-04-08,941.818680639874,SOXL,1.0,RISK_ON,SOXL
2024-04-09,971.5715796450744,SOXL,1.0,RISK_ON,SOXL
2024-04-10,922.3402003617026,SOXL,1.0,RISK_ON,SOXL
2024-04-11,980.347647366081,SOXL,1.0,RISK_ON,SOXL
2024-04-12,888.5202421685699,SOXL,1.0,RISK_ON,SOXL
2024-04-15,851.4896264483854,SOXL,1.0,RISK_ON,SOXL
2024-04-16,867.7576147997487,SOXL,1.0,RISK_ON,SOXL
2024-04-17,793.2682239290003,SOXL,1.0,RISK_ON,SOXL
2024-04-18,747.2475849728023,SOXL,1.0,RISK_ON,SOXL
2024-04-19,659.0590795328442,SOXL,1.0,RISK_ON,SOXL
2024-04-22,686.4573500713246,SOXL,1.0,RISK_ON,SOXL
2024-04-23,730.1235261610465,SOXL,1.0,RISK_ON,SOXL
2024-04-24,759.6623868511183,SOXL,1.0,RISK_ON,SOXL
2024-04-25,800.7598961589913,SOXL,1.0,RISK_ON,SOXL
2024-04-26,851.9178686788867,SOXL,1.0,RISK_ON,SOXL
2024-04-29,869.2558002055275,SOXL,1.0,RISK_ON,SOXL
2024-04-30,817.2417572252393,SOXL,1.0,RISK_ON,SOXL
2024-05-01,735.6886879546354,SOXL,1.0,RISK_ON,SOXL
2024-05-02,780.2112243051766,SOXL,1.0,RISK_ON,SOXL
2024-05-03,834.1517777218668,SOXL,1.0,RISK_ON,SOXL
2024-05-06,884.0252719506245,SOXL,1.0,RISK_ON,SOXL
2024-05-07,863.9045111268234,SOXL,1.0,RISK_ON,SOXL
2024-05-08,864.9748683027105,SOXL,1.0,RISK_ON,SOXL
2024-05-09,855.3426473211892,SOXL,1.0,RISK_ON,SOXL
2024-05-10,878.245906241663,SOXL,1.0,RISK_ON,SOXL
2024-05-13,883.3831570052386,SOXL,1.0,RISK_ON,SOXL
2024-05-14,924.9086601432471,SOXL,1.0,RISK_ON,SOXL
2024-05-15,1006.0337355837155,SOXL,1.0,RISK_ON,SOXL
2024-05-16,990.1939066627315,SOXL,1.0,RISK_ON,SOXL
2024-05-17,971.7857007603254,SOXL,1.0,RISK_ON,SOXL
2024-05-20,1032.7897669766269,SOXL,1.0,RISK_ON,SOXL
2024-05-21,1027.0104840677873,SOXL,1.0,RISK_ON,SOXL
2024-05-22,1056.9774213881165,SOXL,1.0,RISK_ON,SOXL
2024-05-23,1044.7766578249293,SOXL,1.0,RISK_ON,SOXL
2024-05-24,1101.0717155081566,SOXL,1.0,RISK_ON,SOXL
2024-05-28,1156.7246582459977,SOXL,1.0,RISK_ON,SOXL
2024-05-29,1091.2253734113847,SOXL,1.0,RISK_ON,SOXL
2024-05-30,1070.248376526947,SOXL,1.0,RISK_ON,SOXL
2024-05-31,1040.0674008914891,SOXL,1.0,RISK_ON,SOXL
2024-06-03,1050.2135755587424,TQQQ,1.0,RISK_ON,TQQQ
2024-06-04,1058.0312452267374,TQQQ,1.0,RISK_ON,TQQQ
2024-06-05,1121.9020946220237,TQQQ,1.0,RISK_ON,TQQQ
2024-06-06,1120.5716313350886,TQQQ,1.0,RISK_ON,TQQQ
2024-06-07,1116.4133184475306,TQQQ,1.0,RISK_ON,TQQQ
2024-06-10,1128.2227664705747,TQQQ,1.0,RISK_ON,TQQQ
2024-06-11,1151.5093704401322,TQQQ,1.0,RISK_ON,TQQQ
2024-06-12,1196.9174841420895,TQQQ,1.0,RISK_ON,TQQQ
2024-06-13,1216.0455162279263,TQQQ,1.0,RISK_ON,TQQQ
2024-06-14,1233.676550494319,TQQQ,1.0,RISK_ON,TQQQ
2024-06-17,1278.4199505451338,TQQQ,1.0,RISK_ON,TQQQ
2024-06-18,1279.0847936943574,TQQQ,1.0,RISK_ON,TQQQ
2024-06-20,1248.9789502633719,TQQQ,1.0,RISK_ON,TQQQ
2024-06-21,1237.5023123091835,TQQQ,1.0,RISK_ON,TQQQ
2024-06-24,1195.5867618589914,TQQQ,1.0,RISK_ON,TQQQ
2024-06-25,1235.506228884537,TQQQ,1.0,RISK_ON,TQQQ
2024-06-26,1243.2368758419207,TQQQ,1.0,RISK_ON,TQQQ
2024-06-27,1252.2531797501213,TQQQ,1.0,RISK_ON,TQQQ
2024-06-28,1232.5509531719474,TQQQ,1.0,RISK_ON,TQQQ
2024-07-01,1252.7540783284612,TQQQ,1.0,RISK_ON,TQQQ
2024-07-02,1291.156345833885,TQQQ,1.0,RISK_ON,TQQQ
2024-07-03,1322.8800087941368,TQQQ,1.0,RISK_ON,TQQQ
2024-07-05,1362.9522835555772,TQQQ,1.0,RISK_ON,TQQQ
2024-07-08,1371.968328467615,TQQQ,1.0,RISK_ON,TQQQ
2024-07-09,1374.973849435736,TQQQ,1.0,RISK_ON,TQQQ
2024-07-10,1418.051386169135,TQQQ,1.0,RISK_ON,TQQQ
2024-07-11,1324.8839916017403,TQQQ,1.0,RISK_ON,TQQQ
2024-07-12,1346.422500972277,TQQQ,1.0,RISK_ON,TQQQ
2024-07-15,1356.4404725390762,TQQQ,1.0,RISK_ON,TQQQ
2024-07-16,1357.4422696957563,TQQQ,1.0,RISK_ON,TQQQ
2024-07-17,1238.0609670317683,TQQQ,1.0,RISK_ON,TQQQ
2024-07-18,1219.52771963319,TQQQ,1.0,RISK_ON,TQQQ
2024-07-19,1186.4680249685089,TQQQ,1.0,RISK_ON,TQQQ
2024-07-22,1238.2278900585213,TQQQ,1.0,RISK_ON,TQQQ
2024-07-23,1224.8705514700953,TQQQ,1.0,RISK_ON,TQQQ
2024-07-24,1092.7996023246928,TQQQ,1.0,RISK_ON,TQQQ
2024-07-25,1056.4007348855068,TQQQ,1.0,RISK_ON,TQQQ
2024-07-26,1086.621766859779,TQQQ,1.0,RISK_ON,TQQQ
2024-07-29,1092.9666548495268,TQQQ,1.0,RISK_ON,TQQQ
2024-07-30,1048.3863576320673,TQQQ,1.0,RISK_ON,TQQQ
2024-07-31,1140.051250711564,TQQQ,1.0,RISK_ON,TQQQ
2024-08-01,1057.9034953695673,TQQQ,1.0,RISK_ON,TQQQ
2024-08-02,980.7646610619292,TQQQ,1.0,RISK_ON,TQQQ
2024-08-05,895.2774739492648,TQQQ,1.0,RISK_ON,TQQQ
2024-08-06,895.2774739492648,CASH,0.0,CASH,TQQQ
2024-08-07,895.2774739492648,CASH,0.0,CASH,TQQQ
2024-08-08,895.2774739492648,CASH,0.0,CASH,TQQQ
2024-08-09,895.2774739492648,CASH,0.0,CASH,TQQQ
2024-08-12,895.2774739492648,CASH,0.0,CASH,TQQQ
2024-08-13,960.4022234088028,TQQQ,1.0,RISK_ON,TQQQ
2024-08-14,962.0643134731532,TQQQ,1.0,RISK_ON,TQQQ
2024-08-15,1034.4420805979562,TQQQ,1.0,RISK_ON,TQQQ
2024-08-16,1037.1618963013545,TQQQ,1.0,RISK_ON,TQQQ
2024-08-19,1077.3551190060987,TQQQ,1.0,RISK_ON,TQQQ
2024-08-20,1070.7065243626485,TQQQ,1.0,RISK_ON,TQQQ
2024-08-21,1085.3633871151999,TQQQ,1.0,RISK_ON,TQQQ
2024-08-22,1033.2331173613027,TQQQ,1.0,RISK_ON,TQQQ
2024-08-23,1065.720078380061,TQQQ,1.0,RISK_ON,TQQQ
2024-08-26,1034.4420805979564,TQQQ,1.0,RISK_ON,TQQQ
2024-08-27,1043.2058921334542,TQQQ,1.0,RISK_ON,TQQQ
2024-08-28,1007.8480536032279,TQQQ,1.0,RISK_ON,TQQQ
2024-08-29,1002.5594840045009,TQQQ,1.0,RISK_ON,TQQQ
2024-08-30,1036.7084764910976,TQQQ,1.0,RISK_ON,TQQQ
2024-09-03,942.1189397183871,TQQQ,1.0,RISK_ON,TQQQ
2024-09-04,934.1104958197498,TQQQ,1.0,RISK_ON,TQQQ
2024-09-05,937.1326109288235,TQQQ,1.0,RISK_ON,TQQQ
2024-09-06,861.1284814626682,TQQQ,1.0,RISK_ON,TQQQ
2024-09-09,861.1284814626682,CASH,0.0,CASH,TQQQ
2024-09-10,861.1284814626682,CASH,0.0,CASH,TQQQ
2024-09-11,916.0306628917061,TQQQ,1.0,RISK_ON,TQQQ
2024-09-12,943.1270164196638,TQQQ,1.0,RISK_ON,TQQQ
2024-09-13,955.469427842783,TQQQ,1.0,RISK_ON,TQQQ
2024-09-16,942.7015298500509,TQQQ,1.0,RISK_ON,TQQQ
2024-09-17,943.2688452762014,TQQQ,1.0,RISK_ON,TQQQ
2024-09-18,930.9265438832269,TQQQ,1.0,RISK_ON,TQQQ
2024-09-19,1001.2922518203704,TQQQ,1.0,RISK_ON,TQQQ
2024-09-20,994.9084128541491,TQQQ,1.0,RISK_ON,TQQQ
2024-09-23,1002.2852738764237,TQQQ,1.0,RISK_ON,TQQQ
2024-09-24,1016.4719005551115,TQQQ,1.0,RISK_ON,TQQQ
2024-09-25,1020.030055374906,TQQQ,1.0,RISK_ON,TQQQ
2024-09-26,1041.663192157473,TQQQ,1.0,RISK_ON,TQQQ
2024-09-27,1023.7303691416726,TQQQ,1.0,RISK_ON,TQQQ
2024-09-30,1031.7005127042505,TQQQ,1.0,RISK_ON,TQQQ
2024-10-01,988.0073221776223,TQQQ,1.0,RISK_ON,TQQQ
2024-10-02,991.7078560046782,TQQQ,1.0,RISK_ON,TQQQ
2024-10-03,989.4304520693665,TQQQ,1.0,RISK_ON,TQQQ
2024-10-04,1024.2997751405728,TQQQ,1.0,RISK_ON,TQQQ
2024-10-07,990.5691540370224,TQQQ,1.0,RISK_ON,TQQQ
2024-10-08,1033.5507796177783,TQQQ,1.0,RISK_ON,TQQQ
2024-10-09,1058.4573132056175,TQQQ,1.0,RISK_ON,TQQQ
2024-10-10,1054.7568894087062,TQQQ,1.0,RISK_ON,TQQQ
2024-10-11,1057.4611002753677,TQQQ,1.0,RISK_ON,TQQQ
2024-10-14,1084.502328700823,TQQQ,1.0,RISK_ON,TQQQ
2024-10-15,1041.2362751959786,TQQQ,1.0,RISK_ON,TQQQ
2024-10-16,1040.666979227223,TQQQ,1.0,RISK_ON,TQQQ
2024-10-17,1043.797997025234,TQQQ,1.0,RISK_ON,TQQQ
2024-10-18,1062.2998959495005,TQQQ,1.0,RISK_ON,TQQQ
2024-10-21,1068.135454704607,TQQQ,1.0,RISK_ON,TQQQ
2024-10-22,1071.2663624724732,TQQQ,1.0,RISK_ON,TQQQ
2024-10-23,1021.7378332510281,TQQQ,1.0,RISK_ON,TQQQ
2024-10-24,1046.0751809002563,TQQQ,1.0,RISK_ON,TQQQ
2024-10-25,1063.7232459015343,TQQQ,1.0,RISK_ON,TQQQ
2024-10-28,1064.7193488016394,TQQQ,1.0,RISK_ON,TQQQ
2024-10-29,1094.1803601696677,TQQQ,1.0,RISK_ON,TQQQ
2024-10-30,1069.8431225505842,TQQQ,1.0,RISK_ON,TQQQ
2024-10-31,988.4342391391165,TQQQ,1.0,RISK_ON,TQQQ
2024-11-01,1009.4980799529278,TQQQ,1.0,RISK_ON,TQQQ
2024-11-04,1000.1049165287503,TQQQ,1.0,RISK_ON,TQQQ
2024-11-05,1038.1051473678228,TQQQ,1.0,RISK_ON,TQQQ
2024-11-06,1122.3605106230682,TQQQ,1.0,RISK_ON,TQQQ
2024-11-07,1174.8776786352632,TQQQ,1.0,RISK_ON,TQQQ
2024-11-08,1177.7240484488964,TQQQ,1.0,RISK_ON,TQQQ
2024-11-11,1175.5892435811354,TQQQ,1.0,RISK_ON,TQQQ
2024-11-12,1169.1847189477076,TQQQ,1.0,RISK_ON,TQQQ
2024-11-13,1164.0610552289074,TQQQ,1.0,RISK_ON,TQQQ
2024-11-14,1139.439169625446,TQQQ,1.0,RISK_ON,TQQQ
2024-11-15,1057.0340732837285,TQQQ,1.0,RISK_ON,TQQQ
2024-11-18,1078.382452051773,TQQQ,1.0,RISK_ON,TQQQ
2024-11-19,1100.0156988644846,TQQQ,1.0,RISK_ON,TQQQ
2024-11-20,1098.7347279197122,TQQQ,1.0,RISK_ON,TQQQ
2024-11-21,1109.551351326068,TQQQ,1.0,RISK_ON,TQQQ
2024-11-22,1113.6786920844734,TQQQ,1.0,RISK_ON,TQQQ
2024-11-25,1118.8022457731286,TQQQ,1.0,RISK_ON,TQQQ
2024-11-26,1136.1658828503182,TQQQ,1.0,RISK_ON,TQQQ
2024-11-27,1108.6974073729343,TQQQ,1.0,RISK_ON,TQQQ
2024-11-29,1137.019716773307,TQQQ,1.0,RISK_ON,TQQQ
2024-12-02,1173.881465705013,TQQQ,1.0,RISK_ON,TQQQ
2024-12-03,1184.270952089585,TQQQ,1.0,RISK_ON,TQQQ
2024-12-04,1227.5371156245742,TQQQ,1.0,RISK_ON,TQQQ
2024-12-05,1217.4321671942353,TQQQ,1.0,RISK_ON,TQQQ
2024-12-06,1248.7434454757915,TQQQ,1.0,RISK_ON,TQQQ
2024-12-09,1219.5671921222856,TQQQ,1.0,RISK_ON,TQQQ
2024-12-10,1206.331115863791,TQQQ,1.0,RISK_ON,TQQQ
2024-12-11,1270.803389189708,TQQQ,1.0,RISK_ON,TQQQ
2024-12-12,1245.6123176476358,TQQQ,1.0,RISK_ON,TQQQ
2024-12-13,1272.3690081188581,TQQQ,1.0,RISK_ON,TQQQ
2024-12-16,1327.7327660049755,TQQQ,1.0,RISK_ON,TQQQ
2024-12-17,1309.9423219964362,TQQQ,1.0,RISK_ON,TQQQ
2024-12-18,1168.3307749945736,TQQQ,1.0,RISK_ON,TQQQ
2024-12-19,1151.8211919006621,TQQQ,1.0,RISK_ON,TQQQ
2024-12-20,1181.709120230185,TQQQ,1.0,RISK_ON,TQQQ
2024-12-23,1214.623647750384,TQQQ,1.0,RISK_ON,TQQQ
2024-12-24,1262.888810850211,TQQQ,1.0,RISK_ON,TQQQ
2024-12-26,1260.175577511683,TQQQ,1.0,RISK_ON,TQQQ
2024-12-27,1208.9117628779372,TQQQ,1.0,RISK_ON,TQQQ
2024-12-30,1160.3611815827194,TQQQ,1.0,RISK_ON,TQQQ
2024-12-31,1129.9455486791433,TQQQ,1.0,RISK_ON,TQQQ
2025-01-02,1122.8056925885849,TQQQ,1.0,RISK_ON,TQQQ
2025-01-03,1176.6399214330186,TQQQ,1.0,RISK_ON,TQQQ
2025-01-06,1216.7654945474064,TQQQ,1.0,RISK_ON,TQQQ
2025-01-07,1151.2220777626885,TQQQ,1.0,RISK_ON,TQQQ
2025-01-08,1152.0788824995843,TQQQ,1.0,RISK_ON,TQQQ
2025-01-10,1097.1024307228638,TQQQ,1.0,RISK_ON,TQQQ
2025-01-13,1085.678771008115,TQQQ,1.0,RISK_ON,TQQQ
2025-01-14,1081.8232047071556,TQQQ,1.0,RISK_ON,TQQQ
2025-01-15,1154.9347149056628,TQQQ,1.0,RISK_ON,TQQQ
2025-01-16,1131.3734098671098,TQQQ,1.0,RISK_ON,TQQQ
2025-01-17,1187.2067764108708,TQQQ,1.0,RISK_ON,TQQQ
2025-01-21,1206.9126251786092,TQQQ,1.0,RISK_ON,TQQQ
2025-01-22,1253.7498170603246,TQQQ,1.0,RISK_ON,TQQQ
2025-01-23,1261.4606195718093,TQQQ,1.0,RISK_ON,TQQQ
2025-01-24,1238.7562293002968,TQQQ,1.0,RISK_ON,TQQQ
2025-01-27,1130.0883678069827,TQQQ,1.0,RISK_ON,TQQQ
2025-01-28,1180.209849478297,TQQQ,1.0,RISK_ON,TQQQ
2025-01-29,1172.9272842900432,TQQQ,1.0,RISK_ON,TQQQ
2025-01-30,1187.6351237642461,TQQQ,1.0,RISK_ON,TQQQ
2025-01-31,1181.2093633128882,TQQQ,1.0,RISK_ON,TQQQ
2025-02-03,1152.6501590109442,TQQQ,1.0,RISK_ON,TQQQ
2025-02-04,1194.4894516292688,TQQQ,1.0,RISK_ON,TQQQ
2025-02-05,1210.0540958403676,TQQQ,1.0,RISK_ON,TQQQ
2025-02-06,1228.1893743224437,TQQQ,1.0,RISK_ON,TQQQ
2025-02-07,1181.3520724105836,TQQQ,1.0,RISK_ON,TQQQ
2025-02-10,1222.9058368033725,TQQQ,1.0,RISK_ON,TQQQ
2025-02-11,1214.1951903668623,TQQQ,1.0,RISK_ON,TQQQ
2025-02-12,1216.62278544971,TQQQ,1.0,RISK_ON,TQQQ
2025-02-13,1267.8866000834557,TQQQ,1.0,RISK_ON,TQQQ
2025-02-14,1282.7374787457882,TQQQ,1.0,RISK_ON,TQQQ
2025-02-18,1290.7339195129532,TQQQ,1.0,RISK_ON,TQQQ
2025-02-19,1290.876738640793,TQQQ,1.0,RISK_ON,TQQQ
2025-02-20,1275.169275301854,TQQQ,1.0,RISK_ON,TQQQ
2025-02-21,1195.3461463360195,TQQQ,1.0,RISK_ON,TQQQ
2025-02-24,1152.3645207552634,TQQQ,1.0,RISK_ON,TQQQ
2025-02-25,1108.383381339916,TQQQ,1.0,RISK_ON,TQQQ
2025-02-26,1115.5232374304742,TQQQ,1.0,RISK_ON,TQQQ
2025-02-27,1022.9911866294748,TQQQ,1.0,RISK_ON,TQQQ
2025-02-28,1069.8283785111903,TQQQ,1.0,RISK_ON,TQQQ
2025-03-03,1000.715143711338,TQQQ,1.0,RISK_ON,TQQQ
2025-03-04,1000.715143711338,CASH,0.0,CASH,TQQQ
2025-03-05,1000.715143711338,CASH,0.0,CASH,TQQQ
2025-03-06,1000.715143711338,CASH,0.0,CASH,TQQQ
2025-03-07,1000.715143711338,CASH,0.0,CASH,TQQQ
2025-03-10,1000.715143711338,CASH,0.0,CASH,TQQQ
2025-03-11,1000.715143711338,CASH,0.0,CASH,TQQQ
2025-03-12,1017.8141357405892,TQQQ,0.5,DEEP_DCA,TQQQ
2025-03-13,1017.8141357405892,CASH,0.0,CASH,TQQQ
2025-03-14,1053.9192773355664,TQQQ,0.5,DEEP_DCA,TQQQ
2025-03-17,1053.9192773355664,CASH,0.0,CASH,TQQQ
2025-03-18,1053.9192773355664,CASH,0.0,CASH,TQQQ
2025-03-19,1053.9192773355664,CASH,0.0,CASH,TQQQ
2025-03-20,1053.9192773355664,CASH,0.0,CASH,TQQQ
2025-03-21,1053.9192773355664,CASH,0.0,CASH,TQQQ
2025-03-24,1053.9192773355664,CASH,0.0,CASH,TQQQ
2025-03-25,1053.9192773355664,CASH,0.0,CASH,TQQQ
2025-03-26,1053.9192773355664,CASH,0.0,CASH,TQQQ
2025-03-27,1053.9192773355664,CASH,0.0,CASH,TQQQ
2025-03-28,1053.9192773355664,CASH,0.0,CASH,TQQQ
2025-03-31,1053.5517075839625,TQQQ,0.5,DEEP_DCA,TQQQ
2025-04-01,1065.6868375452839,TQQQ,0.5,DEEP_DCA,TQQQ
2025-04-02,1077.5944842195543,TQQQ,0.5,DEEP_DCA,TQQQ
2025-04-03,1077.5944842195543,CASH,0.0,CASH,TQQQ
2025-04-04,978.9399293744376,TQQQ,0.5,DEEP_DCA,TQQQ
2025-04-07,983.7050356115712,TQQQ,1.25,DEEP_DCA,TQQQ
2025-04-08,913.6532316266661,TQQQ,1.25,DEEP_DCA,TQQQ
2025-04-09,1316.1655022548903,TQQQ,1.25,DEEP_DCA,TQQQ
2025-04-10,1235.2342419137203,TQQQ,0.5,DEEP_DCA,TQQQ
2025-04-11,1316.8872133370958,TQQQ,1.25,DEEP_DCA,TQQQ
2025-04-14,1330.7120155288019,TQQQ,0.5,DEEP_DCA,TQQQ
2025-04-15,1333.260833371899,TQQQ,0.5,DEEP_DCA,TQQQ
2025-04-16,1273.01103300729,TQQQ,0.5,DEEP_DCA,TQQQ
2025-04-17,1268.4433641198355,TQQQ,1.25,DEEP_DCA,TQQQ
2025-04-21,1152.5814669271624,TQQQ,1.25,DEEP_DCA,TQQQ
2025-04-22,1262.7181739777993,TQQQ,1.25,DEEP_DCA,TQQQ
2025-04-23,1367.4543482881993,TQQQ,1.25,DEEP_DCA,TQQQ
2025-04-24,1425.652929161657,TQQQ,0.5,DEEP_DCA,TQQQ
2025-04-25,1449.167719077448,TQQQ,0.5,DEEP_DCA,TQQQ
2025-04-28,1448.6295412329966,TQQQ,0.5,DEEP_DCA,TQQQ
2025-04-29,1462.7605899761998,TQQQ,0.5,DEEP_DCA,TQQQ
2025-04-30,1462.8939222282386,TQQQ,0.5,DEEP_DCA,TQQQ
2025-05-01,1488.0840487527155,TQQQ,0.5,DEEP_DCA,TQQQ
2025-05-02,1522.9467023039917,TQQQ,0.5,DEEP_DCA,TQQQ
2025-05-05,1522.9467023039917,CASH,0.0,CASH,TQQQ
2025-05-06,1522.9467023039917,CASH,0.0,CASH,TQQQ
2025-05-07,1522.9467023039917,CASH,0.0,CASH,TQQQ
2025-05-08,1522.9467023039917,CASH,0.0,CASH,TQQQ
2025-05-09,1522.9467023039917,CASH,0.0,CASH,TQQQ
2025-05-12,1522.9467023039917,CASH,0.0,CASH,TQQQ
2025-05-13,1592.74751395567,TQQQ,1.0,RISK_ON,TQQQ
2025-05-14,1620.8520079422253,TQQQ,1.0,RISK_ON,TQQQ
2025-05-15,1625.9201155878295,TQQQ,1.0,RISK_ON,TQQQ
2025-05-16,1645.9619362993765,TQQQ,1.0,RISK_ON,TQQQ
2025-05-19,1650.3389222675087,TQQQ,1.0,RISK_ON,TQQQ
2025-05-20,1633.0615882658492,TQQQ,1.0,RISK_ON,TQQQ
2025-05-21,1565.1035317757169,TQQQ,1.0,RISK_ON,TQQQ
2025-05-22,1573.166559018294,TQQQ,1.0,RISK_ON,TQQQ
2025-05-23,1527.7843770625107,TQQQ,1.0,RISK_ON,TQQQ
2025-05-27,1634.2132217499234,TQQQ,1.0,RISK_ON,TQQQ
2025-05-28,1613.2500234576034,TQQQ,1.0,RISK_ON,TQQQ
2025-05-29,1621.0824408293106,TQQQ,1.0,RISK_ON,TQQQ
2025-05-30,1612.5590787639155,TQQQ,1.0,RISK_ON,TQQQ
2025-06-02,1649.6478005900367,TQQQ,1.0,RISK_ON,TQQQ
2025-06-03,1688.118942754886,TQQQ,1.0,RISK_ON,TQQQ
2025-06-04,1701.710412465885,TQQQ,1.0,RISK_ON,TQQQ
2025-06-05,1662.0876368169618,TQQQ,1.0,RISK_ON,TQQQ
2025-06-06,1709.5428298375923,TQQQ,1.0,RISK_ON,TQQQ
2025-06-09,1717.1449913059987,TQQQ,1.0,RISK_ON,TQQQ
2025-06-10,1750.3175929381582,TQQQ,1.0,RISK_ON,TQQQ
2025-06-11,1732.3487832914584,TQQQ,1.0,RISK_ON,TQQQ
2025-06-12,1743.636809050525,TQQQ,1.0,RISK_ON,TQQQ
2025-06-13,1677.7524715603768,TQQQ,1.0,RISK_ON,TQQQ
2025-06-16,1746.1710398571113,TQQQ,1.0,RISK_ON,TQQQ
2025-06-17,1694.5691167716495,TQQQ,1.0,RISK_ON,TQQQ
2025-06-18,1692.2653188521485,TQQQ,1.0,RISK_ON,TQQQ
2025-06-20,1668.9983226403278,TQQQ,1.0,RISK_ON,TQQQ
2025-06-23,1720.8306786128749,TQQQ,1.0,RISK_ON,TQQQ
2025-06-24,1799.1550293137325,TQQQ,1.0,RISK_ON,TQQQ
2025-06-25,1812.9693216090943,TQQQ,1.0,RISK_ON,TQQQ
2025-06-26,1862.6366349489872,TQQQ,1.0,RISK_ON,TQQQ
2025-06-27,1880.8864948450662,TQQQ,1.0,RISK_ON,TQQQ
2025-06-30,1917.38603765344,TQQQ,1.0,RISK_ON,TQQQ
2025-07-01,1868.6429336348679,TQQQ,1.0,RISK_ON,TQQQ
2025-07-02,1905.8357219261243,TQQQ,1.0,RISK_ON,TQQQ
2025-07-03,1959.1988106485956,TQQQ,1.0,RISK_ON,TQQQ
2025-07-07,1915.537972978367,TQQQ,1.0,RISK_ON,TQQQ
2025-07-08,1918.079283136323,TQQQ,1.0,RISK_ON,TQQQ
2025-07-09,1957.813027617967,TQQQ,1.0,RISK_ON,TQQQ
2025-07-10,1948.8034910972544,TQQQ,1.0,RISK_ON,TQQQ
2025-07-11,1934.0189736966681,TQQQ,1.0,RISK_ON,TQQQ
2025-07-14,1954.5788259446967,TQQQ,1.0,RISK_ON,TQQQ
2025-07-15,1959.6610922930404,TQQQ,1.0,RISK_ON,TQQQ
2025-07-16,1965.2052863182603,TQQQ,1.0,RISK_ON,TQQQ
2025-07-17,2010.9453294857844,TQQQ,1.0,RISK_ON,TQQQ
2025-07-18,2004.0151754461517,TQQQ,1.0,RISK_ON,TQQQ
2025-07-21,2034.508419568645,TQQQ,1.0,RISK_ON,TQQQ
2025-07-22,2002.8600022863927,TQQQ,1.0,RISK_ON,TQQQ
2025-07-23,2029.195012398079,TQQQ,1.0,RISK_ON,TQQQ
2025-07-24,2042.5935697842524,TQQQ,1.0,RISK_ON,TQQQ
2025-07-25,2054.1440624953525,TQQQ,1.0,RISK_ON,TQQQ
2025-07-28,2074.2423410340734,TQQQ,1.0,RISK_ON,TQQQ
2025-07-29,2064.7706998527005,TQQQ,1.0,RISK_ON,TQQQ
2025-07-30,2071.931994714556,TQQQ,1.0,RISK_ON,TQQQ
2025-07-31,2037.7426212419161,TQQQ,1.0,RISK_ON,TQQQ
2025-08-01,1964.3251743353476,SOXL,1.0,RISK_ON,SOXL
2025-08-04,2039.3741650238928,SOXL,1.0,RISK_ON,SOXL
2025-08-05,2000.2182037161967,SOXL,1.0,RISK_ON,SOXL
2025-08-06,1956.983460772112,SOXL,1.0,RISK_ON,SOXL
2025-08-07,2039.3741650238926,SOXL,1.0,RISK_ON,SOXL
2025-08-08,2097.292335094449,SOXL,1.0,RISK_ON,SOXL
2025-08-11,2089.134927458778,SOXL,1.0,RISK_ON,SOXL
2025-08-12,2284.099039924823,SOXL,1.0,RISK_ON,SOXL
2025-08-13,2387.699346430981,SOXL,1.0,RISK_ON,SOXL
2025-08-14,2399.935535703041,SOXL,1.0,RISK_ON,SOXL
2025-08-15,2232.706889345068,SOXL,1.0,RISK_ON,SOXL
2025-08-18,2245.7589283266684,SOXL,1.0,RISK_ON,SOXL
2025-08-19,2140.5270780385335,SOXL,1.0,RISK_ON,SOXL
2025-08-20,2104.6340486576846,SOXL,1.0,RISK_ON,SOXL
2025-08-21,2067.9254808415067,SOXL,1.0,RISK_ON,SOXL
2025-08-22,2239.232908835869,SOXL,1.0,RISK_ON,SOXL
2025-08-25,2226.9965639267034,SOXL,1.0,RISK_ON,SOXL
2025-08-26,2279.204564216,SOXL,1.0,RISK_ON,SOXL
2025-08-27,2298.782622688401,SOXL,1.0,RISK_ON,SOXL
2025-08-28,2327.333782868908,SOXL,1.0,RISK_ON,SOXL
2025-08-29,2124.212262767192,SOXL,1.0,RISK_ON,SOXL
2025-09-02,2059.76791756873,SOXL,1.0,RISK_ON,SOXL
2025-09-03,2032.032451460658,SOXL,1.0,RISK_ON,SOXL
2025-09-04,2092.397859385626,SOXL,1.0,RISK_ON,SOXL
2025-09-05,2157.6578986565232,SOXL,1.0,RISK_ON,SOXL
2025-09-08,2209.050049236279,SOXL,1.0,RISK_ON,SOXL
2025-09-09,2217.207612509056,SOXL,1.0,RISK_ON,SOXL
2025-09-10,2333.044108287274,SOXL,1.0,RISK_ON,SOXL
2025-09-11,2379.5417831582054,SOXL,1.0,RISK_ON,SOXL
2025-09-12,2390.1464286482883,SOXL,1.0,RISK_ON,SOXL
2025-09-15,2447.2490602835146,SOXL,1.0,RISK_ON,SOXL
2025-09-16,2486.404865954105,SOXL,1.0,RISK_ON,SOXL
2025-09-17,2485.5891718816697,SOXL,1.0,RISK_ON,SOXL
2025-09-18,2744.1819354737418,SOXL,1.0,RISK_ON,SOXL
2025-09-19,2693.6054789664217,SOXL,1.0,RISK_ON,SOXL
2025-09-22,2808.6259693979923,SOXL,1.0,RISK_ON,SOXL
2025-09-23,2798.8342165124373,SOXL,1.0,RISK_ON,SOXL
2025-09-24,2790.6744743201766,SOXL,1.0,RISK_ON,SOXL
2025-09-25,2762.1147540988404,SOXL,1.0,RISK_ON,SOXL
2025-09-26,2775.986689354738,SOXL,1.0,RISK_ON,SOXL
2025-09-29,2775.986689354738,SOXL,1.0,RISK_ON,SOXL
2025-09-30,2842.8975714087533,SOXL,1.0,RISK_ON,SOXL
2025-10-01,2883.0391562185146,TQQQ,1.0,RISK_ON,TQQQ
2025-10-02,2918.23140952731,TQQQ,1.0,RISK_ON,TQQQ
2025-10-03,2878.6397036754984,TQQQ,1.0,RISK_ON,TQQQ
2025-10-06,2942.9763835144736,TQQQ,1.0,RISK_ON,TQQQ
2025-10-07,2895.4115379922423,TQQQ,1.0,RISK_ON,TQQQ
2025-10-08,2993.5654580855753,TQQQ,1.0,RISK_ON,TQQQ
2025-10-09,2981.7429552697977,TQQQ,1.0,RISK_ON,TQQQ
2025-10-10,2668.859513359497,TQQQ,1.0,RISK_ON,TQQQ
2025-10-13,2838.2237054860334,TQQQ,1.0,RISK_ON,TQQQ
2025-10-14,2780.4857835821663,TQQQ,1.0,RISK_ON,TQQQ
2025-10-15,2837.3985713895463,TQQQ,1.0,RISK_ON,TQQQ
2025-10-16,2805.7806365272795,TQQQ,1.0,RISK_ON,TQQQ
2025-10-17,2859.119105888131,TQQQ,1.0,RISK_ON,TQQQ
2025-10-20,2966.3463444472,TQQQ,1.0,RISK_ON,TQQQ
2025-10-21,2963.046860259792,TQQQ,1.0,RISK_ON,TQQQ
2025-10-22,2875.8905193254577,TQQQ,1.0,RISK_ON,TQQQ
2025-10-23,2947.9252941360232,TQQQ,1.0,RISK_ON,TQQQ
2025-10-24,3039.7559218724946,TQQQ,1.0,RISK_ON,TQQQ
2025-10-27,3201.1467638889026,TQQQ,1.0,RISK_ON,TQQQ
2025-10-28,3274.2810861756598,TQQQ,1.0,RISK_ON,TQQQ
2025-10-29,3316.072307859271,TQQQ,1.0,RISK_ON,TQQQ
2025-10-30,3164.3042423871325,TQQQ,1.0,RISK_ON,TQQQ
2025-10-31,3209.1199035593227,TQQQ,1.0,RISK_ON,TQQQ
2025-11-03,3262.8517114683805,SOXL,1.0,RISK_ON,SOXL
2025-11-04,2874.6407060079055,SOXL,1.0,RISK_ON,SOXL
2025-11-05,3145.313830038752,SOXL,1.0,RISK_ON,SOXL
2025-11-06,2888.745190288522,SOXL,1.0,RISK_ON,SOXL
2025-11-07,2803.446496089227,SOXL,1.0,RISK_ON,SOXL
2025-11-10,3019.716023695415,SOXL,1.0,RISK_ON,SOXL
2025-11-11,2808.1479908494316,SOXL,1.0,RISK_ON,SOXL
2025-11-12,2935.760394102823,SOXL,1.0,RISK_ON,SOXL
2025-11-13,2634.191916085091,SOXL,1.0,RISK_ON,SOXL
2025-11-14,2610.012653768465,SOXL,1.0,RISK_ON,SOXL
2025-11-17,2474.340325601366,SOXL,1.0,RISK_ON,SOXL
2025-11-18,2307.1005987195335,SOXL,1.0,RISK_ON,SOXL
2025-11-19,2415.235490628752,SOXL,1.0,RISK_ON,SOXL
2025-11-20,2069.338322328497,SOXL,1.0,RISK_ON,SOXL
2025-11-21,2131.1296708328896,SOXL,1.0,RISK_ON,SOXL
2025-11-24,2408.5191427462437,SOXL,1.0,RISK_ON,SOXL
2025-11-25,2429.339974909368,SOXL,1.0,RISK_ON,SOXL
2025-11-26,2632.17680675054,SOXL,1.0,RISK_ON,SOXL
2025-11-28,2771.2073088588927,SOXL,1.0,RISK_ON,SOXL
2025-12-01,2774.565739012395,SOXL,1.0,RISK_ON,SOXL
2025-12-02,2941.8052096819792,SOXL,1.0,RISK_ON,SOXL
2025-12-03,3128.5227041202334,SOXL,1.0,RISK_ON,SOXL
2025-12-04,3033.1489756726796,SOXL,1.0,RISK_ON,SOXL
2025-12-05,3123.1494208444283,SOXL,1.0,RISK_ON,SOXL
2025-12-08,3223.224644052187,SOXL,1.0,RISK_ON,SOXL
2025-12-09,3209.7916920749226,SOXL,1.0,RISK_ON,SOXL
2025-12-10,3334.7177099026594,SOXL,1.0,RISK_ON,SOXL
2025-12-11,3276.9561957489964,SOXL,1.0,RISK_ON,SOXL
2025-12-12,2801.4313867546753,SOXL,1.0,RISK_ON,SOXL
2025-12-15,2765.8342817953358,SOXL,1.0,RISK_ON,SOXL
2025-12-16,2719.490866496634,SOXL,1.0,RISK_ON,SOXL
2025-12-17,2418.5936645700053,SOXL,1.0,RISK_ON,SOXL
2025-12-18,2591.2066747276435,SOXL,1.0,RISK_ON,SOXL
2025-12-19,2802.103175270275,SOXL,1.0,RISK_ON,SOXL
2025-12-22,2905.53631620704,SOXL,1.0,RISK_ON,SOXL
2025-12-23,2935.088861799471,SOXL,1.0,RISK_ON,SOXL
2025-12-24,2969.3426459398593,SOXL,1.0,RISK_ON,SOXL
2025-12-26,2969.3426459398593,SOXL,1.0,RISK_ON,SOXL
2025-12-29,2943.1485305009305,SOXL,1.0,RISK_ON,SOXL
2025-12-30,2933.07375246492,SOXL,1.0,RISK_ON,SOXL
2025-12-31,2822.924007433399,SOXL,1.0,RISK_ON,SOXL
2026-01-02,3172.851266296632,SOXL,1.0,RISK_ON,SOXL
2026-01-05,3305.836952825828,SOXL,1.0,RISK_ON,SOXL
2026-01-06,3627.554730703332,SOXL,1.0,RISK_ON,SOXL
2026-01-07,3512.031958608254,SOXL,1.0,RISK_ON,SOXL
2026-01-08,3334.7177099026594,SOXL,1.0,RISK_ON,SOXL
2026-01-09,3623.525024458727,SOXL,1.0,RISK_ON,SOXL
2026-01-12,3670.540228273028,SOXL,1.0,RISK_ON,SOXL
2026-01-13,3765.9137005083335,SOXL,1.0,RISK_ON,SOXL
2026-01-14,3719.5702852096324,SOXL,1.0,RISK_ON,SOXL
2026-01-15,3900.914496372081,SOXL,1.0,RISK_ON,SOXL
2026-01-16,4080.243598199978,SOXL,1.0,RISK_ON,SOXL
2026-01-20,3891.511250639421,SOXL,1.0,RISK_ON,SOXL
2026-01-21,4263.602662484729,SOXL,1.0,RISK_ON,SOXL
2026-01-22,4279.722256099896,SOXL,1.0,RISK_ON,SOXL
2026-01-23,4137.333323838041,SOXL,1.0,RISK_ON,SOXL
2026-01-26,4076.885424258724,SOXL,1.0,RISK_ON,SOXL
2026-01-27,4363.006097176889,SOXL,1.0,RISK_ON,SOXL
2026-01-28,4707.559816552068,SOXL,1.0,RISK_ON,SOXL
2026-01-29,4733.082655899894,SOXL,1.0,RISK_ON,SOXL
2026-01-30,4150.094743511954,SOXL,1.0,RISK_ON,SOXL
2026-02-02,4379.125434579807,SOXL,1.0,RISK_ON,SOXL
2026-02-03,4110.467676095761,SOXL,1.0,RISK_ON,SOXL
2026-02-04,3572.4798581875716,SOXL,1.0,RISK_ON,SOXL
2026-02-05,3576.509820644426,SOXL,1.0,RISK_ON,SOXL
2026-02-06,4147.408101874053,SOXL,1.0,RISK_ON,SOXL
2026-02-09,4300.543088263022,SOXL,1.0,RISK_ON,SOXL
2026-02-10,4254.19967296432,SOXL,1.0,RISK_ON,SOXL
2026-02-11,4570.544679990516,SOXL,1.0,RISK_ON,SOXL
2026-02-12,4238.080079349153,SOXL,1.0,RISK_ON,SOXL
2026-02-13,4338.155046344663,SOXL,1.0,RISK_ON,SOXL
2026-02-17,4322.035708941744,SOXL,1.0,RISK_ON,SOXL
2026-02-18,4452.335010045285,SOXL,1.0,RISK_ON,SOXL
2026-02-19,4381.140800126606,SOXL,1.0,RISK_ON,SOXL
2026-02-20,4507.409882561046,SOXL,1.0,RISK_ON,SOXL
2026-02-23,4423.454252968454,SOXL,1.0,RISK_ON,SOXL
2026-02-24,4602.783354796351,SOXL,1.0,RISK_ON,SOXL
2026-02-25,4826.441275012895,SOXL,1.0,RISK_ON,SOXL
2026-02-26,4388.5284241002155,SOXL,1.0,RISK_ON,SOXL
2026-02-27,4215.9159263670745,SOXL,1.0,RISK_ON,SOXL
2026-03-02,4215.244137851474,SOXL,1.0,RISK_ON,SOXL
2026-03-03,3587.927663287136,SOXL,1.0,RISK_ON,SOXL
2026-03-04,3802.8541262866215,SOXL,1.0,RISK_ON,SOXL
2026-03-05,3680.6147500967872,SOXL,1.0,RISK_ON,SOXL
2026-03-06,3216.508039957428,SOXL,1.0,RISK_ON,SOXL
2026-03-09,3581.211315404628,SOXL,1.0,RISK_ON,SOXL
2026-03-10,3666.5102658161713,SOXL,1.0,RISK_ON,SOXL
2026-03-11,3767.2570213272816,SOXL,1.0,RISK_ON,SOXL
2026-03-12,3377.031162744504,SOXL,1.0,RISK_ON,SOXL
2026-03-13,3406.583708336935,SOXL,1.0,RISK_ON,SOXL
2026-03-16,3606.0621100246044,SOXL,1.0,RISK_ON,SOXL
2026-03-17,3690.689528132796,SOXL,1.0,RISK_ON,SOXL
2026-03-18,3628.226519218928,SOXL,1.0,RISK_ON,SOXL
2026-03-19,3683.9729240380398,SOXL,1.0,RISK_ON,SOXL
2026-03-20,3434.792676898166,SOXL,1.0,RISK_ON,SOXL
2026-03-23,3561.733547848206,SOXL,1.0,RISK_ON,SOXL
2026-03-24,3691.361060436148,SOXL,1.0,RISK_ON,SOXL
2026-03-25,3831.0633510601,SOXL,1.0,RISK_ON,SOXL
2026-03-26,3289.0458269073056,SOXL,1.0,RISK_ON,SOXL
2026-03-27,3130.537557242532,SOXL,1.0,RISK_ON,SOXL
2026-03-30,2728.2220675014414,SOXL,1.0,RISK_ON,SOXL
2026-03-31,2728.2220675014414,CASH,0.0,CASH,SOXL
2026-04-01,2975.9315617300413,SOXL,1.0,RISK_ON,SOXL
2026-04-02,3003.8345756428675,SOXL,1.0,RISK_ON,SOXL
2026-04-06,3121.14080030568,SOXL,1.0,RISK_ON,SOXL
2026-04-07,3220.2245111063557,SOXL,1.0,RISK_ON,SOXL
2026-04-08,3843.7693621970348,SOXL,1.0,RISK_ON,SOXL
2026-04-09,4098.881949544016,SOXL,1.0,RISK_ON,SOXL
2026-04-10,4350.007988624901,SOXL,1.0,RISK_ON,SOXL
2026-04-13,4587.467413842824,SOXL,1.0,RISK_ON,SOXL
2026-04-14,4857.954887478912,SOXL,1.0,RISK_ON,SOXL
2026-04-15,4894.969049709351,SOXL,1.0,RISK_ON,SOXL
2026-04-16,5032.206060660442,SOXL,1.0,RISK_ON,SOXL
2026-04-17,5391.527176086526,SOXL,1.0,RISK_ON,SOXL
2026-04-20,5463.277659161274,SOXL,1.0,RISK_ON,SOXL
2026-04-21,5585.708483875604,SOXL,1.0,RISK_ON,SOXL
2026-04-22,6015.641378910282,SOXL,1.0,RISK_ON,SOXL
2026-04-23,6421.657156617496,SOXL,1.0,RISK_ON,SOXL
2026-04-24,7307.1483364404585,SOXL,1.0,RISK_ON,SOXL
2026-04-27,7026.41035933987,SOXL,1.0,RISK_ON,SOXL
2026-04-28,6238.86462130525,SOXL,1.0,RISK_ON,SOXL
2026-04-29,6717.770020007189,SOXL,1.0,RISK_ON,SOXL
2026-04-30,7230.842170593448,SOXL,1.0,RISK_ON,SOXL
2026-05-01,7425.592612888692,SOXL,1.0,RISK_ON,SOXL
2026-05-04,7263.300650051626,SOXL,1.0,RISK_ON,SOXL
2026-05-05,8209.15267156486,SOXL,1.0,RISK_ON,SOXL
2026-05-06,9444.284032309395,SOXL,1.0,RISK_ON,SOXL
2026-05-07,8661.293977047037,SOXL,1.0,RISK_ON,SOXL
2026-05-08,10075.80089379771,SOXL,1.0,RISK_ON,SOXL
2026-05-11,10843.41562831714,SOXL,1.0,RISK_ON,SOXL
2026-05-12,9824.105285756836,SOXL,1.0,RISK_ON,SOXL
2026-05-13,10491.497606009434,SOXL,1.0,RISK_ON,SOXL
2026-05-14,10602.539658246931,SOXL,1.0,RISK_ON,SOXL
2026-05-15,9349.185566413347,SOXL,1.0,RISK_ON,SOXL
2026-05-18,8641.362973531845,SOXL,1.0,RISK_ON,SOXL
2026-05-19,8649.335201156391,SOXL,1.0,RISK_ON,SOXL
2026-05-20,9862.827285959595,SOXL,1.0,RISK_ON,SOXL
2026-05-21,10158.3705803893,SOXL,1.0,RISK_ON,SOXL
2026-05-22,10851.387855941686,SOXL,1.0,RISK_ON,SOXL
