date,equity,exposure,units,held,base_allocation
2010-06-25,1.0,0.0,0.0,CASH,TQQQ
2010-06-28,0.9910449028847056,1.0,1.0,TQQQ,TQQQ
2010-06-29,0.8804530672361154,1.0,1.0,TQQQ,TQQQ
2010-06-30,0.8378218737176297,1.0,1.0,SOXL,SOXL
2010-07-01,0.8296547008000997,1.0,1.0,TQQQ,TQQQ
2010-07-02,0.8251159594201454,1.0,1.0,TQQQ,TQQQ
2010-07-06,0.829428247431138,1.0,1.0,TQQQ,TQQQ
2010-07-07,0.9078073418966635,1.0,1.0,TQQQ,TQQQ
2010-07-08,0.923122375064333,1.0,1.0,TQQQ,TQQQ
2010-07-09,0.9489875872845844,1.0,1.0,TQQQ,TQQQ
2010-07-12,0.9597641515793622,1.0,1.0,TQQQ,TQQQ
2010-07-13,0.9925461380607286,1.0,1.0,TQQQ,TQQQ
2010-07-14,1.0084232170448646,1.0,1.0,TQQQ,TQQQ
2010-07-15,1.0119428501377254,1.0,1.0,TQQQ,TQQQ
2010-07-16,0.9304969611904967,1.0,1.0,TQQQ,TQQQ
2010-07-19,0.9514836157238201,1.0,1.0,TQQQ,TQQQ
2010-07-20,0.9815431885237547,1.0,1.0,TQQQ,TQQQ
2010-07-21,0.9471711914592963,1.0,1.0,TQQQ,TQQQ
2010-07-22,1.0110324040418157,1.0,1.0,TQQQ,TQQQ
2010-07-23,1.0373503867464593,1.0,1.0,TQQQ,TQQQ
2010-07-26,1.0601491451188356,1.0,1.0,TQQQ,TQQQ
2010-07-27,1.059922487369577,1.0,1.0,TQQQ,TQQQ
2010-07-28,1.0382564046026028,1.0,1.0,TQQQ,TQQQ
2010-07-29,1.013528636861348,1.0,1.0,TQQQ,TQQQ
2010-07-30,1.0204497712354634,1.0,1.0,TQQQ,TQQQ
2010-08-02,1.0753510197287897,1.0,1.0,TQQQ,TQQQ
2010-08-03,1.0642347753805692,1.0,1.0,TQQQ,TQQQ
2010-08-04,1.094974048921217,1.0,1.0,TQQQ,TQQQ
2010-08-05,1.0885101132712598,1.0,1.0,TQQQ,TQQQ
2010-08-06,1.0834050340886043,1.0,1.0,TQQQ,TQQQ
2010-08-09,1.1023487031741466,1.0,1.0,TQQQ,TQQQ
2010-08-10,1.0789792468860684,1.0,1.0,TQQQ,TQQQ
2010-08-11,0.9901635406862701,1.0,1.0,TQQQ,TQQQ
2010-08-12,0.9622555473985345,1.0,1.0,TQQQ,TQQQ
2010-08-13,0.9430854930707963,1.0,1.0,TQQQ,TQQQ
2010-08-16,0.9484170937491792,1.0,1.0,TQQQ,TQQQ
2010-08-17,0.9844923962079759,1.0,1.0,TQQQ,TQQQ
2010-08-18,0.9933389292323911,1.0,1.0,TQQQ,TQQQ
2010-08-19,0.9568108562892021,1.0,1.0,TQQQ,TQQQ
2010-08-20,0.9535220366783034,1.0,1.0,TQQQ,TQQQ
2010-08-23,0.927208277833129,1.0,1.0,TQQQ,TQQQ
2010-08-24,0.8740060427479062,1.0,1.0,TQQQ,TQQQ
2010-08-25,0.9002109350216001,1.0,1.0,TQQQ,TQQQ
2010-08-26,0.8708305860750196,1.0,1.0,TQQQ,TQQQ
2010-08-27,0.8996401008523672,1.0,1.0,TQQQ,TQQQ
2010-08-30,0.870490906021577,1.0,1.0,TQQQ,TQQQ
2010-08-31,0.8661784817570531,1.0,1.0,TQQQ,TQQQ
2010-09-01,0.9387774970460384,1.0,1.0,TQQQ,TQQQ
2010-09-02,0.9709933501050004,1.0,1.0,TQQQ,TQQQ
2010-09-03,1.0204497712354632,1.0,1.0,TQQQ,TQQQ
2010-09-07,0.9956082317956025,1.0,1.0,TQQQ,TQQQ
2010-09-08,1.0307730881584893,1.0,1.0,TQQQ,TQQQ
2010-09-09,1.043814663030244,1.0,1.0,TQQQ,TQQQ
2010-09-10,1.055048289795649,1.0,1.0,TQQQ,TQQQ
2010-09-13,1.101555707622187,1.0,1.0,TQQQ,TQQQ
2010-09-14,1.11550759233632,1.0,1.0,TQQQ,TQQQ
2010-09-15,1.1344510570415653,1.0,1.0,TQQQ,TQQQ
2010-09-16,1.1504457909499481,1.0,1.0,TQQQ,TQQQ
2010-09-17,1.1626944383965085,1.0,1.0,TQQQ,TQQQ
2010-09-20,1.223267035748426,1.0,1.0,TQQQ,TQQQ
2010-09-21,1.2194117420812949,1.0,1.0,TQQQ,TQQQ
2010-09-22,1.213627507172051,1.0,1.0,TQQQ,TQQQ
2010-09-23,1.2099943067608812,1.0,1.0,TQQQ,TQQQ
2010-09-24,1.2785118475208361,1.0,1.0,TQQQ,TQQQ
2010-09-27,1.2638764469671142,1.0,1.0,TQQQ,TQQQ
2010-09-28,1.2670519717667663,1.0,1.0,TQQQ,TQQQ
2010-09-29,1.2568460372609245,1.0,1.0,TQQQ,TQQQ
2010-09-30,1.2398278349524476,1.0,1.0,TQQQ,TQQQ
2010-10-01,1.2359725412853164,1.0,1.0,TQQQ,TQQQ
2010-10-04,1.1930938275034169,1.0,1.0,TQQQ,TQQQ
2010-10-05,1.2819140981965125,1.0,1.0,TQQQ,TQQQ
2010-10-06,1.2492452702728614,1.0,1.0,TQQQ,TQQQ
2010-10-07,1.2614939177194218,1.0,1.0,TQQQ,TQQQ
2010-10-08,1.2869060188214527,1.0,1.0,TQQQ,TQQQ
2010-10-11,1.289515137691638,1.0,1.0,TQQQ,TQQQ
2010-10-12,1.316286095260971,1.0,1.0,TQQQ,TQQQ
2010-10-13,1.3482712029647366,1.0,1.0,TQQQ,TQQQ
2010-10-14,1.3407878865206235,1.0,1.0,TQQQ,TQQQ
2010-10-15,1.4263150456165856,1.0,1.0,TQQQ,TQQQ
2010-10-18,1.4263150456165856,1.0,1.0,TQQQ,TQQQ
2010-10-19,1.3695976056782682,1.0,1.0,TQQQ,TQQQ
2010-10-20,1.3980715961348769,1.0,1.0,TQQQ,TQQQ
2010-10-21,1.4078246239027952,1.0,1.0,TQQQ,TQQQ
2010-10-22,1.4352752140860754,1.0,1.0,TQQQ,TQQQ
2010-10-25,1.4570543872839992,1.0,1.0,TQQQ,TQQQ
2010-10-26,1.4657875573704022,1.0,1.0,TQQQ,TQQQ
2010-10-27,1.4808761371691102,1.0,1.0,TQQQ,TQQQ
2010-10-28,1.4893832626471453,1.0,1.0,TQQQ,TQQQ
2010-10-29,1.482235129889943,1.0,1.0,TQQQ,TQQQ
2010-11-01,1.4856417406786198,1.0,1.0,TQQQ,TQQQ
2010-11-02,1.530672306479781,1.0,1.0,TQQQ,TQQQ
2010-11-03,1.5527915684917408,1.0,1.0,TQQQ,TQQQ
2010-11-04,1.6078100631487204,1.0,1.0,TQQQ,TQQQ
2010-11-05,1.6097353255454891,1.0,1.0,TQQQ,TQQQ
2010-11-08,1.6138212964410512,1.0,1.0,TQQQ,TQQQ
2010-11-09,1.5877296989786036,1.0,1.0,TQQQ,TQQQ
2010-11-10,1.6120050368692942,1.0,1.0,TQQQ,TQQQ
2010-11-11,1.5848939904859252,1.0,1.0,TQQQ,TQQQ
2010-11-12,1.5042455253304226,1.0,1.0,TQQQ,TQQQ
2010-11-15,1.4881373603572616,1.0,1.0,TQQQ,TQQQ
2010-11-16,1.4142927152854556,1.0,1.0,TQQQ,TQQQ
2010-11-17,1.4276740383374185,1.0,1.0,TQQQ,TQQQ
2010-11-18,1.4940353669651116,1.0,1.0,TQQQ,TQQQ
2010-11-19,1.4975504355646754,1.0,1.0,TQQQ,TQQQ
2010-11-22,1.5370273074314922,1.0,1.0,TQQQ,TQQQ
2010-11-23,1.4644285646495694,1.0,1.0,TQQQ,TQQQ
2010-11-24,1.5499558599990628,1.0,1.0,TQQQ,TQQQ
2010-11-26,1.5402029684846756,1.0,1.0,TQQQ,TQQQ
2010-11-29,1.5187638841007882,1.0,1.0,TQQQ,TQQQ
2010-11-30,1.461026450227424,1.0,1.0,TQQQ,TQQQ
2010-12-01,1.553928604210144,1.0,1.0,TQQQ,TQQQ
2010-12-02,1.6011152458900355,1.0,1.0,TQQQ,TQQQ
2010-12-03,1.6145007928014676,1.0,1.0,TQQQ,TQQQ
2010-12-06,1.6116650843087892,1.0,1.0,TQQQ,TQQQ
2010-12-07,1.613141936334166,1.0,1.0,TQQQ,TQQQ
2010-12-08,1.6354875154615565,1.0,1.0,TQQQ,TQQQ
2010-12-09,1.6371859157287696,1.0,1.0,TQQQ,TQQQ
2010-12-10,1.6715579127932279,1.0,1.0,TQQQ,TQQQ
2010-12-13,1.651934951727566,1.0,1.0,TQQQ,TQQQ
2010-12-14,1.658852271002806,1.0,1.0,TQQQ,TQQQ
2010-12-15,1.6419515192382792,1.0,1.0,TQQQ,TQQQ
2010-12-16,1.6762101533647253,1.0,1.0,TQQQ,TQQQ
2010-12-17,1.681315028167084,1.0,1.0,TQQQ,TQQQ
2010-12-20,1.6858496819411002,1.0,1.0,TQQQ,TQQQ
2010-12-21,1.7136398159242918,1.0,1.0,TQQQ,TQQQ
2010-12-22,1.7154564842566424,1.0,1.0,TQQQ,TQQQ
2010-12-23,1.702410617398653,1.0,1.0,TQQQ,TQQQ
2010-12-27,1.7030943376185388,1.0,1.0,TQQQ,TQQQ
2010-12-28,1.6957201602529686,1.0,1.0,TQQQ,TQQQ
2010-12-29,1.7058168194267362,1.0,1.0,TQQQ,TQQQ
2010-12-30,1.6929975421912398,1.0,1.0,TQQQ,TQQQ
2010-12-31,1.6774557831475458,1.0,1.0,TQQQ,TQQQ
2011-01-03,1.7532304594897146,1.0,1.0,TQQQ,TQQQ
2011-01-04,1.7590633390711699,1.0,1.0,SOXL,SOXL
2011-01-05,1.776214426307169,1.0,1.0,SOXL,SOXL
2011-01-06,1.874663716220598,1.0,1.0,SOXL,SOXL
2011-01-07,1.8870124451047599,1.0,1.0,SOXL,SOXL
2011-01-10,1.9463582807095061,1.0,1.0,SOXL,SOXL
2011-01-11,1.9679691629215632,1.0,1.0,SOXL,SOXL
2011-01-12,2.078423944271403,1.0,1.0,SOXL,SOXL
2011-01-13,2.0777386827054496,1.0,1.0,SOXL,SOXL
2011-01-14,2.2475390300312474,1.0,1.0,SOXL,SOXL
2011-01-18,2.221125924281747,1.0,1.0,SOXL,SOXL
2011-01-19,2.0664181832062036,1.0,1.0,SOXL,SOXL
2011-01-20,1.9912948842284321,1.0,1.0,SOXL,SOXL
2011-01-21,1.956990822354914,1.0,1.0,SOXL,SOXL
2011-01-24,2.0983207962750146,1.0,1.0,SOXL,SOXL
2011-01-25,2.054412826584187,1.0,1.0,SOXL,SOXL
2011-01-26,2.1113545170963413,1.0,1.0,SOXL,SOXL
2011-01-27,2.227986089547358,1.0,1.0,SOXL,SOXL
2011-01-28,2.047551447989027,1.0,1.0,SOXL,SOXL
2011-01-31,2.070878787068627,1.0,1.0,SOXL,SOXL
2011-02-01,2.220782821648391,1.0,1.0,SOXL,SOXL
2011-02-02,2.2585152135675894,1.0,1.0,SOXL,SOXL
2011-02-03,2.2609172016298738,1.0,1.0,SOXL,SOXL
2011-02-04,2.3946989176161306,1.0,1.0,SOXL,SOXL
2011-02-07,2.37000092059023,1.0,1.0,SOXL,SOXL
2011-02-08,2.364512087342891,1.0,1.0,SOXL,SOXL
2011-02-09,2.3195757534527535,1.0,1.0,SOXL,SOXL
2011-02-10,2.339472470641971,1.0,1.0,SOXL,SOXL
2011-02-11,2.392985157036474,1.0,1.0,SOXL,SOXL
2011-02-14,2.4475267468878634,1.0,1.0,SOXL,SOXL
2011-02-15,2.377548369637709,1.0,1.0,SOXL,SOXL
2011-02-16,2.4526718034298747,1.0,1.0,SOXL,SOXL
2011-02-17,2.560725810046978,1.0,1.0,SOXL,SOXL
2011-02-18,2.5312251850404515,1.0,1.0,SOXL,SOXL
2011-02-22,2.229700659013382,1.0,1.0,SOXL,SOXL
2011-02-23,2.1099837243356467,1.0,1.0,SOXL,SOXL
2011-02-24,2.2142644108721945,1.0,1.0,SOXL,SOXL
2011-02-25,2.3816639834652564,1.0,1.0,SOXL,SOXL
2011-02-28,2.309627799301328,1.0,1.0,SOXL,SOXL
2011-03-01,2.1717295257867644,1.0,1.0,SOXL,SOXL
2011-03-02,2.264348767221017,1.0,1.0,SOXL,SOXL
2011-03-03,2.3957280907018066,1.0,1.0,SOXL,SOXL
2011-03-04,2.320260880204313,1.0,1.0,SOXL,SOXL
2011-03-07,2.1281642542861103,1.0,1.0,SOXL,SOXL
2011-03-08,2.139483810084597,1.0,1.0,SOXL,SOXL
2011-03-09,1.948758246555878,1.0,1.0,SOXL,SOXL
2011-03-10,1.801256469667187,1.0,1.0,SOXL,SOXL
2011-03-11,1.849280053185562,1.0,1.0,SOXL,SOXL
2011-03-14,1.8417326041380837,1.0,1.0,SOXL,SOXL
2011-03-15,1.7748414765161669,1.0,1.0,SOXL,SOXL
2011-03-16,1.6602706768955968,1.0,1.0,SOXL,SOXL
2011-03-17,1.72098703563225,1.0,1.0,SOXL,SOXL
2011-03-18,1.7381381228682495,1.0,1.0,SOXL,SOXL
2011-03-21,1.828012678050044,1.0,1.0,SOXL,SOXL
2011-03-22,1.7851326681153434,1.0,1.0,SOXL,SOXL
2011-03-23,1.833499758710258,1.0,1.0,SOXL,SOXL
2011-03-24,1.9686552333738834,1.0,1.0,SOXL,SOXL
2011-03-25,1.9521892728894432,1.0,1.0,SOXL,SOXL
2011-03-28,1.9614507521453675,1.0,1.0,SOXL,SOXL
2011-03-29,2.0153074848739863,1.0,1.0,SOXL,SOXL
2011-03-30,2.0218234689910872,1.0,1.0,SOXL,SOXL
2011-03-31,1.9703691287679352,1.0,1.0,SOXL,SOXL
2011-04-01,1.901419789789062,1.0,1.0,SOXL,SOXL
2011-04-04,1.884245112534877,1.0,1.0,TQQQ,TQQQ
2011-04-05,1.8628306557923793,1.0,1.0,TQQQ,TQQQ
2011-04-06,1.876882603558996,1.0,1.0,TQQQ,TQQQ
2011-04-07,1.8764375519755863,1.0,1.0,TQQQ,TQQQ
2011-04-08,1.8483331205584475,1.0,1.0,TQQQ,TQQQ
2011-04-11,1.8316000116422875,1.0,1.0,TQQQ,TQQQ
2011-04-12,1.795465091961224,1.0,1.0,TQQQ,TQQQ
2011-04-13,1.838294005446219,1.0,1.0,TQQQ,TQQQ
2011-04-14,1.8282550243049667,1.0,1.0,TQQQ,TQQQ
2011-04-15,1.8164344971203112,1.0,1.0,TQQQ,TQQQ
2011-04-18,1.7814128762526544,1.0,1.0,TQQQ,TQQQ
2011-04-19,1.8135348293083533,1.0,1.0,TQQQ,TQQQ
2011-04-20,1.9342138752330713,1.0,1.0,TQQQ,TQQQ
2011-04-21,1.9832869079834397,1.0,1.0,TQQQ,TQQQ
2011-04-25,1.9980069690090765,1.0,1.0,TQQQ,TQQQ
2011-04-26,2.0323600747047843,1.0,1.0,TQQQ,TQQQ
2011-04-27,2.0745203390468534,1.0,1.0,TQQQ,TQQQ
2011-04-28,2.0713982794141668,1.0,1.0,TQQQ,TQQQ
2011-04-29,2.061359432243891,1.0,1.0,TQQQ,TQQQ
2011-05-02,2.0502068843472796,1.0,1.0,TQQQ,TQQQ
2011-05-03,2.0194216936935265,1.0,1.0,TQQQ,TQQQ
2011-05-04,2.007600630624966,1.0,1.0,TQQQ,TQQQ
2011-05-05,1.977488108243429,1.0,1.0,TQQQ,TQQQ
2011-05-06,1.994661981671756,1.0,1.0,TQQQ,TQQQ
2011-05-09,2.0162993661188873,1.0,1.0,TQQQ,TQQQ
2011-05-10,2.068053693989775,1.0,1.0,TQQQ,TQQQ
2011-05-11,2.023438545477205,1.0,1.0,TQQQ,TQQQ
2011-05-12,2.059127877690953,1.0,1.0,TQQQ,TQQQ
2011-05-13,1.9861867097663735,1.0,1.0,TQQQ,TQQQ
2011-05-16,1.8829044649746167,1.0,1.0,TQQQ,TQQQ
2011-05-17,1.8982973282434457,1.0,1.0,TQQQ,TQQQ
2011-05-18,1.9444708271528321,1.0,1.0,TQQQ,TQQQ
2011-05-19,1.9612043379819213,1.0,1.0,TQQQ,TQQQ
2011-05-20,1.9179299710005875,1.0,1.0,TQQQ,TQQQ
2011-05-23,1.8347220712749737,1.0,1.0,TQQQ,TQQQ
2011-05-24,1.8001509948007568,1.0,1.0,TQQQ,TQQQ
2011-05-25,1.8202245360410418,1.0,1.0,TQQQ,TQQQ
2011-05-26,1.8543551159450447,1.0,1.0,TQQQ,TQQQ
2011-05-27,1.8820139598948682,1.0,1.0,TQQQ,TQQQ
2011-05-31,1.9725795456412147,1.0,1.0,TQQQ,TQQQ
2011-06-01,1.8465471534728253,1.0,1.0,TQQQ,TQQQ
2011-06-02,1.8572545158150504,1.0,1.0,TQQQ,TQQQ
2011-06-03,1.7729331833050537,1.0,1.0,TQQQ,TQQQ
2011-06-06,1.7301042698200588,1.0,1.0,TQQQ,TQQQ
2011-06-07,1.7301042698200588,0.0,0.0,CASH,TQQQ
2011-06-08,1.7301042698200588,0.0,0.0,CASH,TQQQ
2011-06-09,1.7301042698200588,0.0,0.0,CASH,SOXL
2011-06-10,1.7301042698200588,0.0,0.0,CASH,TQQQ
2011-06-13,1.7301042698200588,0.0,0.0,CASH,TQQQ
2011-06-14,1.7301042698200588,0.0,0.0,CASH,TQQQ
2011-06-15,1.7301042698200588,0.0,0.0,CASH,TQQQ
2011-06-16,1.7301042698200588,0.0,0.0,CASH,TQQQ
2011-06-17,1.7301042698200588,0.0,0.0,CASH,TQQQ
2011-06-20,1.7301042698200588,0.0,0.0,CASH,TQQQ
2011-06-21,1.7301042698200588,0.0,0.0,CASH,TQQQ
2011-06-22,1.7301042698200588,0.0,0.0,CASH,TQQQ
2011-06-23,1.7301042698200588,0.0,0.0,CASH,TQQQ
2011-06-24,1.7301042698200588,0.0,0.0,CASH,TQQQ
2011-06-27,1.7301042698200588,0.0,0.0,CASH,TQQQ
2011-06-28,1.7301042698200588,0.0,0.0,CASH,TQQQ
2011-06-29,1.7301042698200588,0.0,0.0,CASH,TQQQ
2011-06-30,1.7301042698200588,0.0,0.0,CASH,TQQQ
2011-07-01,1.8102667312953225,1.0,1.0,TQQQ,TQQQ
2011-07-05,1.8363551496986557,1.0,1.0,TQQQ,TQQQ
2011-07-06,1.855923137804007,1.0,1.0,TQQQ,TQQQ
2011-07-07,1.931036533691076,1.0,1.0,TQQQ,TQQQ
2011-07-08,1.9150472573639679,1.0,1.0,TQQQ,TQQQ
2011-07-11,1.8123719302016301,1.0,1.0,TQQQ,TQQQ
2011-07-12,1.7681858775028971,1.0,1.0,TQQQ,TQQQ
2011-07-13,1.7917533644427948,1.0,1.0,TQQQ,TQQQ
2011-07-14,1.7301042698200588,1.0,1.0,TQQQ,TQQQ
2011-07-15,1.7989078816622561,1.0,1.0,TQQQ,TQQQ
2011-07-18,1.7692403723932413,1.0,1.0,TQQQ,TQQQ
2011-07-19,1.8940048718493248,1.0,1.0,TQQQ,TQQQ
2011-07-20,1.8674966772895238,1.0,1.0,TQQQ,TQQQ
2011-07-21,1.905368396894128,1.0,1.0,TQQQ,TQQQ
2011-07-22,1.9644888519421868,1.0,1.0,TQQQ,TQQQ
2011-07-25,1.9529194824184894,1.0,1.0,TQQQ,TQQQ
2011-07-26,1.9636484150918956,1.0,1.0,TQQQ,TQQQ
2011-07-27,1.8146863853737747,1.0,1.0,TQQQ,TQQQ
2011-07-28,1.8243657512935318,1.0,1.0,TQQQ,TQQQ
2011-07-29,1.8066916840289808,1.0,1.0,TQQQ,TQQQ
2011-08-01,1.7822841393262299,1.0,1.0,TQQQ,TQQQ
2011-08-02,1.6469966780381136,1.0,1.0,TQQQ,TQQQ
2011-08-03,1.6469966780381136,0.0,0.0,CASH,TQQQ
2011-08-04,1.6469966780381136,0.0,0.0,CASH,TQQQ
2011-08-05,1.6469966780381136,0.0,0.0,CASH,TQQQ
2011-08-08,1.6469966780381136,0.0,0.0,CASH,SOXL
2011-08-09,1.6469966780381136,0.0,0.0,CASH,TQQQ
2011-08-10,1.6469966780381136,0.0,0.0,CASH,TQQQ
2011-08-11,1.6469966780381136,0.0,0.0,CASH,TQQQ
2011-08-12,1.6469966780381136,0.0,0.0,CASH,TQQQ
2011-08-15,1.6469966780381136,0.0,0.0,CASH,TQQQ
2011-08-16,1.6469966780381136,0.0,0.0,CASH,TQQQ
2011-08-17,1.6469966780381136,0.0,0.0,CASH,TQQQ
2011-08-18,1.6469966780381136,0.0,0.0,CASH,TQQQ
2011-08-19,1.6469966780381136,0.0,0.0,CASH,TQQQ
2011-08-22,1.6469966780381136,0.0,0.0,CASH,TQQQ
2011-08-23,1.6469966780381136,0.0,0.0,CASH,TQQQ
2011-08-24,1.6469966780381136,0.0,0.0,CASH,TQQQ
2011-08-25,1.6469966780381136,0.0,0.0,CASH,TQQQ
2011-08-26,1.6469966780381136,0.0,0.0,CASH,TQQQ
2011-08-29,1.6469966780381136,0.0,0.0,CASH,TQQQ
2011-08-30,1.6469966780381136,0.0,0.0,CASH,TQQQ
2011-08-31,1.6469966780381136,0.0,0.0,CASH,TQQQ
2011-09-01,1.6469966780381136,0.0,0.0,CASH,TQQQ
2011-09-02,1.6469966780381136,0.0,0.0,CASH,TQQQ
2011-09-06,1.6469966780381136,0.0,0.0,CASH,TQQQ
2011-09-07,1.6469966780381136,0.0,0.0,CASH,TQQQ
2011-09-08,1.6469966780381136,0.0,0.0,CASH,TQQQ
2011-09-09,1.6469966780381136,0.0,0.0,CASH,TQQQ
2011-09-12,1.6469966780381136,0.0,0.0,CASH,TQQQ
2011-09-13,1.6469966780381136,0.0,0.0,CASH,TQQQ
2011-09-14,1.6469966780381136,0.0,0.0,CASH,TQQQ
2011-09-15,1.6469966780381136,0.0,0.0,CASH,TQQQ
2011-09-16,1.6469966780381136,0.0,0.0,CASH,TQQQ
2011-09-19,1.6469966780381136,0.0,0.0,CASH,TQQQ
2011-09-20,1.6469966780381136,0.0,0.0,CASH,TQQQ
2011-09-21,1.6469966780381136,0.0,0.0,CASH,TQQQ
2011-09-22,1.6469966780381136,0.0,0.0,CASH,TQQQ
2011-09-23,1.6469966780381136,0.0,0.0,CASH,TQQQ
2011-09-26,1.6469966780381136,0.0,0.0,CASH,TQQQ
2011-09-27,1.6469966780381136,0.0,0.0,CASH,TQQQ
2011-09-28,1.6469966780381136,0.0,0.0,CASH,TQQQ
2011-09-29,1.6469966780381136,0.0,0.0,CASH,TQQQ
2011-09-30,1.6469966780381136,0.0,0.0,CASH,TQQQ
2011-10-03,1.6469966780381136,0.0,0.0,CASH,TQQQ
2011-10-04,1.6469966780381136,0.0,0.0,CASH,TQQQ
2011-10-05,1.6469966780381136,0.0,0.0,CASH,TQQQ
2011-10-06,1.6469966780381136,0.0,0.0,CASH,TQQQ
2011-10-07,1.6469966780381136,0.0,0.0,CASH,TQQQ
2011-10-10,1.6469966780381136,0.0,0.0,CASH,TQQQ
2011-10-11,1.6469966780381136,0.0,0.0,CASH,TQQQ
2011-10-12,1.6469966780381136,0.0,0.0,CASH,TQQQ
2011-10-13,1.691211533993709,1.0,1.0,TQQQ,TQQQ
2011-10-14,1.7843585774054231,1.0,1.0,TQQQ,TQQQ
2011-10-17,1.7017605898941643,1.0,1.0,TQQQ,TQQQ
2011-10-18,1.7634838294649604,1.0,1.0,TQQQ,TQQQ
2011-10-19,1.6618083845089229,1.0,1.0,TQQQ,TQQQ
2011-10-20,1.6407094639070692,1.0,1.0,TQQQ,TQQQ
2011-10-21,1.69906741755386,1.0,1.0,TQQQ,TQQQ
2011-10-24,1.8052290117408563,1.0,1.0,TQQQ,TQQQ
2011-10-25,1.7028811836008038,1.0,1.0,TQQQ,TQQQ
2011-10-26,1.6961496681516932,1.0,1.0,TQQQ,TQQQ
2011-10-27,1.832839453935302,1.0,1.0,TQQQ,TQQQ
2011-10-28,1.8388983166000827,1.0,1.0,TQQQ,TQQQ
2011-10-31,1.747772062344658,1.0,1.0,TQQQ,TQQQ
2011-11-01,1.6124312217339518,1.0,1.0,TQQQ,TQQQ
2011-11-02,1.65215507565293,1.0,1.0,TQQQ,TQQQ
2011-11-03,1.7527106009031137,1.0,1.0,TQQQ,TQQQ
2011-11-04,1.7255528176364792,1.0,1.0,TQQQ,TQQQ
2011-11-07,1.7639321747877414,1.0,1.0,TQQQ,TQQQ
2011-11-08,1.8227383389571565,1.0,1.0,TQQQ,TQQQ
2011-11-09,1.6342026603199777,1.0,1.0,TQQQ,TQQQ
2011-11-10,1.6274666964656803,1.0,1.0,TQQQ,TQQQ
2011-11-11,1.7188172581826533,1.0,1.0,TQQQ,TQQQ
2011-11-14,1.6896381465591006,1.0,1.0,TQQQ,TQQQ
2011-11-15,1.7439578918972425,1.0,1.0,TQQQ,TQQQ
2011-11-16,1.6579946184619785,1.0,1.0,TQQQ,TQQQ
2011-11-17,1.54397242270933,1.0,1.0,TQQQ,TQQQ
2011-11-18,1.54397242270933,0.0,0.0,CASH,TQQQ
2011-11-21,1.54397242270933,0.0,0.0,CASH,TQQQ
2011-11-22,1.54397242270933,0.0,0.0,CASH,TQQQ
2011-11-23,1.54397242270933,0.0,0.0,CASH,TQQQ
2011-11-25,1.54397242270933,0.0,0.0,CASH,TQQQ
2011-11-28,1.54397242270933,0.0,0.0,CASH,TQQQ
2011-11-29,1.54397242270933,0.0,0.0,CASH,TQQQ
2011-11-30,1.54397242270933,0.0,0.0,CASH,TQQQ
2011-12-01,1.54397242270933,0.0,0.0,CASH,TQQQ
2011-12-02,1.5292808571862089,1.0,1.0,TQQQ,TQQQ
2011-12-05,1.579398954417048,1.0,1.0,TQQQ,TQQQ
2011-12-06,1.5673041088930413,1.0,1.0,TQQQ,TQQQ
2011-12-07,1.569680910814885,1.0,1.0,TQQQ,TQQQ
2011-12-08,1.489748669055388,1.0,1.0,TQQQ,TQQQ
2011-12-09,1.5603894693590743,1.0,1.0,TQQQ,TQQQ
2011-12-12,1.5091891675957771,1.0,1.0,TQQQ,TQQQ
2011-12-13,1.4582086541645725,1.0,1.0,TQQQ,TQQQ
2011-12-14,1.4582086541645725,0.0,0.0,CASH,TQQQ
2011-12-15,1.4582086541645725,0.0,0.0,CASH,TQQQ
2011-12-16,1.4582086541645725,0.0,0.0,CASH,TQQQ
2011-12-19,1.4582086541645725,0.0,0.0,CASH,TQQQ
2011-12-20,1.4582086541645725,0.0,0.0,CASH,TQQQ
2011-12-21,1.4582086541645725,0.0,0.0,CASH,TQQQ
2011-12-22,1.4582086541645725,0.0,0.0,CASH,TQQQ
2011-12-23,1.4582086541645725,0.0,0.0,CASH,TQQQ
2011-12-27,1.4582086541645725,0.0,0.0,CASH,TQQQ
2011-12-28,1.4113983003957988,1.0,1.0,TQQQ,TQQQ
2011-12-29,1.4388967169372924,1.0,1.0,TQQQ,TQQQ
2011-12-30,1.4271443323922144,1.0,1.0,TQQQ,TQQQ
2012-01-03,1.5083766519946775,1.0,1.0,TQQQ,TQQQ
2012-01-04,1.5264278023233548,1.0,1.0,TQQQ,TQQQ
2012-01-05,1.5640011681061763,1.0,1.0,TQQQ,TQQQ
2012-01-06,1.5801618314504078,1.0,1.0,TQQQ,TQQQ
2012-01-09,1.5669388860441962,1.0,1.0,TQQQ,TQQQ
2012-01-10,1.5990553553473745,1.0,1.0,TQQQ,TQQQ
2012-01-11,1.6101786701370255,1.0,1.0,TQQQ,TQQQ
2012-01-12,1.6292819679965236,1.0,1.0,TQQQ,TQQQ
2012-01-13,1.6105975877316718,1.0,1.0,TQQQ,TQQQ
2012-01-17,1.6538417841374151,1.0,1.0,TQQQ,TQQQ
2012-01-18,1.7195416276884916,1.0,1.0,TQQQ,TQQQ
2012-01-19,1.7539632153239317,1.0,1.0,TQQQ,TQQQ
2012-01-20,1.7461967881991134,1.0,1.0,TQQQ,TQQQ
2012-01-23,1.7459877706330817,1.0,1.0,TQQQ,TQQQ
2012-01-24,1.736331108655984,1.0,1.0,TQQQ,TQQQ
2012-01-25,1.8026635518128187,1.0,1.0,TQQQ,TQQQ
2012-01-26,1.783560884283737,1.0,1.0,TQQQ,TQQQ
2012-01-27,1.801192612753435,1.0,1.0,TQQQ,TQQQ
2012-01-30,1.8041307088897043,1.0,1.0,TQQQ,TQQQ
2012-01-31,1.8104298528715534,1.0,1.0,TQQQ,TQQQ
2012-02-01,1.8549270200787376,1.0,1.0,TQQQ,TQQQ
2012-02-02,1.8740300658060691,1.0,1.0,TQQQ,TQQQ
2012-02-03,1.9485476015502017,1.0,1.0,TQQQ,TQQQ
2012-02-06,1.9466576188300888,1.0,1.0,TQQQ,TQQQ
2012-02-07,1.955052359313835,1.0,1.0,TQQQ,TQQQ
2012-02-08,1.987587998343826,1.0,1.0,TQQQ,TQQQ
2012-02-09,2.0316704081371113,1.0,1.0,TQQQ,TQQQ
2012-02-10,1.9882168159670868,1.0,1.0,TQQQ,TQQQ
2012-02-13,2.0417457355766886,1.0,1.0,TQQQ,TQQQ
2012-02-14,2.0595873640750013,1.0,1.0,TQQQ,TQQQ
2012-02-15,2.0136153497598532,1.0,1.0,TQQQ,TQQQ
2012-02-16,2.0977889171506674,1.0,1.0,TQQQ,TQQQ
2012-02-17,2.0799480450488543,1.0,1.0,TQQQ,TQQQ
2012-02-21,2.097579395320303,1.0,1.0,TQQQ,TQQQ
2012-02-22,2.0698720872788607,1.0,1.0,TQQQ,TQQQ
2012-02-23,2.109122258035016,1.0,1.0,TQQQ,TQQQ
2012-02-24,2.1296958646234816,1.0,1.0,TQQQ,TQQQ
2012-02-27,2.1399810920916735,1.0,1.0,TQQQ,TQQQ
2012-02-28,2.2040007268851682,1.0,1.0,TQQQ,TQQQ
2012-02-29,2.1750352793328718,1.0,1.0,TQQQ,TQQQ
2012-03-01,2.227931347204549,1.0,1.0,TQQQ,TQQQ
2012-03-02,2.2212132856280538,1.0,1.0,TQQQ,TQQQ
2012-03-05,2.1519427463349494,1.0,1.0,TQQQ,TQQQ
2012-03-06,2.0902328943187967,1.0,1.0,TQQQ,TQQQ
2012-03-07,2.1376715614464983,1.0,1.0,TQQQ,TQQQ
2012-03-08,2.205471665944552,1.0,1.0,TQQQ,TQQQ
2012-03-09,2.232126574323007,1.0,1.0,TQQQ,TQQQ
2012-03-12,2.235697774329368,1.0,1.0,TQQQ,TQQQ
2012-03-13,2.361639808555378,1.0,1.0,TQQQ,TQQQ
2012-03-14,2.3880862036321346,1.0,1.0,TQQQ,TQQQ
2012-03-15,2.4063466236590103,1.0,1.0,TQQQ,TQQQ
2012-03-16,2.4011000054062315,1.0,1.0,TQQQ,TQQQ
2012-03-19,2.453366751390315,1.0,1.0,TQQQ,TQQQ
2012-03-20,2.4667998489573075,1.0,1.0,TQQQ,TQQQ
2012-03-21,2.4659620137680154,1.0,1.0,TQQQ,TQQQ
2012-03-22,2.451057977141639,1.0,1.0,TQQQ,TQQQ
2012-03-23,2.447700585212474,1.0,1.0,TQQQ,TQQQ
2012-03-26,2.5755338628194293,1.0,1.0,TQQQ,TQQQ
2012-03-27,2.5853957603800612,1.0,1.0,TQQQ,TQQQ
2012-03-28,2.555169904127412,1.0,1.0,TQQQ,TQQQ
2012-03-29,2.5289335351453532,1.0,1.0,TQQQ,TQQQ
2012-03-30,2.5113009242130726,1.0,1.0,TQQQ,TQQQ
2012-04-02,2.5879145607234353,1.0,1.0,TQQQ,TQQQ
2012-04-03,2.5881283688006302,1.0,1.0,TQQQ,TQQQ
2012-04-04,2.4825455027554737,1.0,1.0,TQQQ,TQQQ
2012-04-05,2.527884917464864,1.0,1.0,TQQQ,TQQQ
2012-04-09,2.469741727076075,1.0,1.0,TQQQ,TQQQ
2012-04-10,2.3505134681797295,1.0,1.0,TQQQ,TQQQ
2012-04-11,2.384520046269104,1.0,1.0,TQQQ,TQQQ
2012-04-12,2.4644908225764652,1.0,1.0,TQQQ,TQQQ
2012-04-13,2.3530322685231027,1.0,1.0,TQQQ,TQQQ
2012-04-16,2.2789376844882803,1.0,1.0,TQQQ,TQQQ
2012-04-17,2.4132749634623694,1.0,1.0,TQQQ,TQQQ
2012-04-18,2.395643108926588,1.0,1.0,TQQQ,TQQQ
2012-04-19,2.318186594583603,1.0,1.0,TQQQ,TQQQ
2012-04-20,2.293208617244565,1.0,1.0,TQQQ,TQQQ
2012-04-23,2.2354880003668365,1.0,1.0,TQQQ,TQQQ
2012-04-24,2.1960245257978186,1.0,1.0,TQQQ,TQQQ
2012-04-25,2.370454096964186,1.0,1.0,TQQQ,TQQQ
2012-04-26,2.4128559198016397,1.0,1.0,TQQQ,TQQQ
2012-04-27,2.4542060993726054,1.0,1.0,TQQQ,TQQQ
2012-04-30,2.4031997620888745,1.0,1.0,TQQQ,TQQQ
2012-05-01,2.4168456592043968,1.0,1.0,TQQQ,TQQQ
2012-05-02,2.4327970528504297,1.0,1.0,TQQQ,TQQQ
2012-05-03,2.3572317818883906,1.0,1.0,TQQQ,TQQQ
2012-05-04,2.184268863534576,1.0,1.0,TQQQ,TQQQ
2012-05-07,2.1874159772368773,1.0,1.0,TQQQ,TQQQ
2012-05-08,2.1632793649374626,1.0,1.0,TQQQ,TQQQ
2012-05-09,2.151313928711689,1.0,1.0,TQQQ,TQQQ
2012-05-10,2.129273291112421,1.0,1.0,TQQQ,TQQQ
2012-05-11,2.127177820676607,1.0,1.0,TQQQ,TQQQ
2012-05-14,2.068401022153394,1.0,1.0,TQQQ,TQQQ
2012-05-15,2.0503503760890496,1.0,1.0,TQQQ,TQQQ
2012-05-16,2.0058487965689515,1.0,1.0,TQQQ,TQQQ
2012-05-17,1.8824248062898155,1.0,1.0,TQQQ,TQQQ
2012-05-18,1.806859031063443,1.0,1.0,TQQQ,TQQQ
2012-05-21,1.806859031063443,0.0,0.0,CASH,TQQQ
2012-05-22,1.8002754173779023,1.0,1.0,TQQQ,TQQQ
2012-05-23,1.8103423599448611,1.0,1.0,TQQQ,TQQQ
2012-05-24,1.7778143127179014,1.0,1.0,TQQQ,TQQQ
2012-05-25,1.767747137580161,1.0,1.0,TQQQ,TQQQ
2012-05-29,1.8335765298829014,1.0,1.0,TQQQ,TQQQ
2012-05-30,1.7890450394759883,1.0,1.0,TQQQ,TQQQ
2012-05-31,1.7634872548589797,1.0,1.0,TQQQ,TQQQ
2012-06-01,1.6248542539402608,1.0,1.0,TQQQ,TQQQ
2012-06-04,1.6248542539402608,0.0,0.0,CASH,TQQQ
2012-06-05,1.6248542539402608,0.0,0.0,CASH,TQQQ
2012-06-06,1.6248542539402608,0.0,0.0,CASH,TQQQ
2012-06-07,1.6066515822277176,1.0,1.0,TQQQ,TQQQ
2012-06-08,1.6539080191194586,1.0,1.0,TQQQ,TQQQ
2012-06-11,1.574799087818108,1.0,1.0,TQQQ,TQQQ
2012-06-12,1.6245053850784066,1.0,1.0,TQQQ,TQQQ
2012-06-13,1.5926492117262945,1.0,1.0,TQQQ,TQQQ
2012-06-14,1.6105025941264115,1.0,1.0,TQQQ,TQQQ
2012-06-15,1.6700071766218685,1.0,1.0,TQQQ,TQQQ
2012-06-18,1.713062891851918,1.0,1.0,TQQQ,TQQQ
2012-06-19,1.769418930241322,1.0,1.0,TQQQ,TQQQ
2012-06-20,1.7757191718327157,1.0,1.0,TQQQ,TQQQ
2012-06-21,1.6427044829610902,1.0,1.0,TQQQ,TQQQ
2012-06-22,1.6938115113009526,1.0,1.0,TQQQ,TQQQ
2012-06-25,1.5933517846315775,1.0,1.0,TQQQ,TQQQ
2012-06-26,1.624152206598192,1.0,1.0,TQQQ,TQQQ
2012-06-27,1.6539080191194584,1.0,1.0,TQQQ,TQQQ
2012-06-28,1.594399757681499,1.0,1.0,TQQQ,TQQQ
2012-06-29,1.7501641860857833,1.0,1.0,TQQQ,TQQQ
2012-07-02,1.7641664514745636,1.0,1.0,TQQQ,TQQQ
2012-07-03,1.8061709351627613,1.0,1.0,TQQQ,TQQQ
2012-07-05,1.8124713869794409,1.0,1.0,TQQQ,TQQQ
2012-07-06,1.741064479475477,1.0,1.0,TQQQ,TQQQ
2012-07-09,1.7351134220838667,1.0,1.0,TQQQ,TQQQ
2012-07-10,1.681909501630375,1.0,1.0,TQQQ,TQQQ
2012-07-11,1.6588071091807162,1.0,1.0,TQQQ,TQQQ
2012-07-12,1.610852303889409,1.0,1.0,TQQQ,TQQQ
2012-07-13,1.610852303889409,0.0,0.0,CASH,TQQQ
2012-07-16,1.5987762085011772,1.0,1.0,TQQQ,TQQQ
2012-07-17,1.6232668684176512,1.0,1.0,TQQQ,TQQQ
2012-07-18,1.6893492408147663,1.0,1.0,TQQQ,TQQQ
2012-07-19,1.7443653848262106,1.0,1.0,TQQQ,TQQQ
2012-07-20,1.677272541017356,1.0,1.0,TQQQ,TQQQ
2012-07-23,1.6152163396285562,1.0,1.0,TQQQ,TQQQ
2012-07-24,1.5783140364948698,1.0,1.0,TQQQ,TQQQ
2012-07-25,1.543092696021706,1.0,1.0,TQQQ,TQQQ
2012-07-26,1.543092696021706,0.0,0.0,CASH,TQQQ
2012-07-27,1.543092696021706,0.0,0.0,CASH,TQQQ
2012-07-30,1.533790117783058,1.0,1.0,TQQQ,TQQQ
2012-07-31,1.5346889428630004,1.0,1.0,TQQQ,TQQQ
2012-08-01,1.5196848541814223,1.0,1.0,TQQQ,TQQQ
2012-08-02,1.5037796874996094,1.0,1.0,TQQQ,TQQQ
2012-08-03,1.5893078412690738,1.0,1.0,TQQQ,TQQQ
2012-08-06,1.625020232579511,1.0,1.0,TQQQ,TQQQ
2012-08-07,1.665231976064738,1.0,1.0,TQQQ,TQQQ
2012-08-08,1.662529553115339,1.0,1.0,TQQQ,TQQQ
2012-08-09,1.6766346364833513,1.0,1.0,TQQQ,TQQQ
2012-08-10,1.683537764493551,1.0,1.0,TQQQ,TQQQ
2012-08-13,1.6937415108492455,1.0,1.0,TQQQ,TQQQ
2012-08-14,1.6961415017785637,1.0,1.0,TQQQ,TQQQ
2012-08-15,1.708146142499364,1.0,1.0,TQQQ,TQQQ
2012-08-16,1.7693664578300503,1.0,1.0,TQQQ,TQQQ
2012-08-17,1.7936722235821592,1.0,1.0,TQQQ,TQQQ
2012-08-20,1.8005746306578654,1.0,1.0,TQQQ,TQQQ
2012-08-21,1.779869752467851,1.0,1.0,TQQQ,TQQQ
2012-08-22,1.7990738252757361,1.0,1.0,TQQQ,TQQQ
2012-08-23,1.759161089371745,1.0,1.0,TQQQ,TQQQ
2012-08-24,1.7903707040685475,1.0,1.0,TQQQ,TQQQ
2012-08-27,1.7990738252757361,1.0,1.0,TQQQ,TQQQ
2012-08-28,1.7987744572272533,1.0,1.0,TQQQ,TQQQ
2012-08-29,1.7993733735578423,1.0,1.0,TQQQ,TQQQ
2012-08-30,1.7444572699067669,1.0,1.0,TQQQ,TQQQ
2012-08-31,1.7816699258984632,1.0,1.0,TQQQ,TQQQ
2012-09-04,1.7741653582869463,1.0,1.0,TQQQ,TQQQ
2012-09-05,1.766064397615568,1.0,1.0,TQQQ,TQQQ
2012-09-06,1.8828018957313997,1.0,1.0,TQQQ,TQQQ
2012-09-07,1.874698051322047,1.0,1.0,TQQQ,TQQQ
2012-09-10,1.8056770445365828,1.0,1.0,TQQQ,TQQQ
2012-09-11,1.797875632147311,1.0,1.0,TQQQ,TQQQ
2012-09-12,1.813478637159478,1.0,1.0,TQQQ,TQQQ
2012-09-13,1.8858008029913071,1.0,1.0,TQQQ,TQQQ
2012-09-14,1.9341169315867572,1.0,1.0,TQQQ,TQQQ
2012-09-17,1.9377179993824751,1.0,1.0,TQQQ,TQQQ
2012-09-18,1.9413192474118164,1.0,1.0,TQQQ,TQQQ
2012-09-19,1.9542230736798059,1.0,1.0,TQQQ,TQQQ
2012-09-20,1.9497230005705224,1.0,1.0,TQQQ,TQQQ
2012-09-21,1.9497230005705224,1.0,1.0,TQQQ,TQQQ
2012-09-24,1.913711962146096,1.0,1.0,TQQQ,TQQQ
2012-09-25,1.8368861185325152,1.0,1.0,TQQQ,TQQQ
2012-09-26,1.788569809703442,1.0,1.0,TQQQ,TQQQ
2012-09-27,1.8644966480034573,1.0,1.0,TQQQ,TQQQ
2012-09-28,1.8197821279045956,1.0,1.0,TQQQ,TQQQ
2012-10-01,1.8119772910764789,1.0,1.0,TQQQ,TQQQ
2012-10-02,1.823682924216043,1.0,1.0,TQQQ,TQQQ
2012-10-03,1.85819315725834,1.0,1.0,TQQQ,TQQQ
2012-10-04,1.8798001047335178,1.0,1.0,TQQQ,TQQQ
2012-10-05,1.847389953871186,1.0,1.0,TQQQ,TQQQ
2012-10-08,1.7984743682442768,1.0,1.0,TQQQ,TQQQ
2012-10-09,1.7060458800857756,1.0,1.0,TQQQ,TQQQ
2012-10-10,1.6853381181577867,1.0,1.0,TQQQ,TQQQ
2012-10-11,1.6703340294762088,1.0,1.0,TQQQ,TQQQ
2012-10-12,1.6700344811941026,1.0,1.0,TQQQ,TQQQ
2012-10-15,1.7033434571363766,1.0,1.0,TQQQ,TQQQ
2012-10-16,1.7774674185014285,1.0,1.0,TQQQ,TQQQ
2012-10-17,1.7720652761069813,1.0,1.0,TQQQ,TQQQ
2012-10-18,1.7114478422465995,1.0,1.0,TQQQ,TQQQ
2012-10-19,1.5878073963541917,1.0,1.0,TQQQ,TQQQ
2012-10-22,1.6127155028757343,1.0,1.0,TQQQ,TQQQ
2012-10-23,1.5649990115453671,1.0,1.0,TQQQ,TQQQ
2012-10-24,1.5649990115453671,0.0,0.0,CASH,TQQQ
2012-10-25,1.5649990115453671,0.0,0.0,CASH,TQQQ
2012-10-26,1.5649990115453671,0.0,0.0,CASH,TQQQ
2012-10-31,1.5649990115453671,0.0,0.0,CASH,TQQQ
2012-11-01,1.5649990115453671,0.0,0.0,CASH,TQQQ
2012-11-02,1.5649990115453671,0.0,0.0,CASH,TQQQ
2012-11-05,1.5649990115453671,0.0,0.0,CASH,TQQQ
2012-11-06,1.5649990115453671,0.0,0.0,CASH,TQQQ
2012-11-07,1.5649990115453671,0.0,0.0,CASH,TQQQ
2012-11-08,1.5649990115453671,0.0,0.0,CASH,TQQQ
2012-11-09,1.5649990115453671,0.0,0.0,CASH,TQQQ
2012-11-12,1.5649990115453671,0.0,0.0,CASH,TQQQ
2012-11-13,1.5649990115453671,0.0,0.0,CASH,TQQQ
2012-11-14,1.5649990115453671,0.0,0.0,CASH,TQQQ
2012-11-15,1.5649990115453671,0.0,0.0,CASH,TQQQ
2012-11-16,1.5649990115453671,0.0,0.0,CASH,TQQQ
2012-11-19,1.5649990115453671,0.0,0.0,CASH,TQQQ
2012-11-20,1.5649990115453671,0.0,0.0,CASH,TQQQ
2012-11-21,1.5649990115453671,0.0,0.0,CASH,TQQQ
2012-11-23,1.5649990115453671,0.0,0.0,CASH,TQQQ
2012-11-26,1.5649990115453671,0.0,0.0,CASH,TQQQ
2012-11-27,1.5649990115453671,0.0,0.0,CASH,TQQQ
2012-11-28,1.5649990115453671,0.0,0.0,CASH,TQQQ
2012-11-29,1.5649990115453671,0.0,0.0,CASH,TQQQ
2012-11-30,1.5593870025127332,1.0,1.0,TQQQ,TQQQ
2012-12-03,1.5517076353017007,1.0,1.0,TQQQ,TQQQ
2012-12-04,1.5416633934216515,1.0,1.0,TQQQ,TQQQ
2012-12-05,1.49410457518104,1.0,1.0,TQQQ,TQQQ
2012-12-06,1.49410457518104,0.0,0.0,CASH,TQQQ
2012-12-07,1.49410457518104,0.0,0.0,CASH,TQQQ
2012-12-10,1.49410457518104,0.0,0.0,CASH,TQQQ
2012-12-11,1.49410457518104,0.0,0.0,CASH,TQQQ
2012-12-12,1.4839653944673137,1.0,1.0,TQQQ,TQQQ
2012-12-13,1.4504500418494872,1.0,1.0,TQQQ,TQQQ
2012-12-14,1.409330980295793,1.0,1.0,TQQQ,TQQQ
2012-12-17,1.409330980295793,0.0,0.0,CASH,TQQQ
2012-12-18,1.409330980295793,0.0,0.0,CASH,TQQQ
2012-12-19,1.3891238184020267,1.0,1.0,TQQQ,TQQQ
2012-12-20,1.3901585112272201,1.0,1.0,TQQQ,TQQQ
2012-12-21,1.3468963704803614,1.0,1.0,TQQQ,TQQQ
2012-12-24,1.3354954558828822,1.0,1.0,TQQQ,TQQQ
2012-12-26,1.3038900244710394,1.0,1.0,TQQQ,TQQQ
2012-12-27,1.3038900244710394,0.0,0.0,CASH,TQQQ
2012-12-28,1.3038900244710394,0.0,0.0,CASH,TQQQ
2012-12-31,1.3038900244710394,0.0,0.0,CASH,TQQQ
2013-01-02,1.3038900244710394,0.0,0.0,CASH,TQQQ
2013-01-03,1.2850011323953152,1.0,1.0,TQQQ,TQQQ
2013-01-04,1.2723311039617589,1.0,1.0,TQQQ,TQQQ
2013-01-07,1.273713565595481,1.0,1.0,TQQQ,TQQQ
2013-01-08,1.2663402524064982,1.0,1.0,TQQQ,TQQQ
2013-01-09,1.2792421669187293,1.0,1.0,TQQQ,TQQQ
2013-01-10,1.3018179923026425,1.0,1.0,TQQQ,TQQQ
2013-01-11,1.306654394311088,1.0,1.0,TQQQ,TQQQ
2013-01-14,1.2898379494743073,1.0,1.0,TQQQ,TQQQ
2013-01-15,1.2707170329630597,1.0,1.0,TQQQ,TQQQ
2013-01-16,1.2850011323953152,1.0,1.0,TQQQ,TQQQ
2013-01-17,1.3048121728686333,1.0,1.0,TQQQ,TQQQ
2013-01-18,1.297441211746081,1.0,1.0,TQQQ,TQQQ
2013-01-22,1.3027401407002364,1.0,1.0,TQQQ,TQQQ
2013-01-23,1.3239330893798809,1.0,1.0,TQQQ,TQQQ
2013-01-24,1.2711788681245253,1.0,1.0,TQQQ,TQQQ
2013-01-25,1.2900677602002493,1.0,1.0,TQQQ,TQQQ
2013-01-28,1.2992834331885357,1.0,1.0,TQQQ,TQQQ
2013-01-29,1.2992834331885357,1.0,1.0,TQQQ,TQQQ
2013-01-30,1.2921424211487742,1.0,1.0,TQQQ,TQQQ
2013-01-31,1.2838487582012328,1.0,1.0,TQQQ,TQQQ
2013-02-01,1.326005536618824,1.0,1.0,TQQQ,TQQQ
2013-02-04,1.2684009762524278,1.0,1.0,SOXL,SOXL
2013-02-05,1.3282796634441583,1.0,1.0,SOXL,SOXL
2013-02-06,1.3354778132554361,1.0,1.0,SOXL,SOXL
2013-02-07,1.318046762948945,1.0,1.0,SOXL,SOXL
2013-02-08,1.3692076909247946,1.0,1.0,SOXL,SOXL
2013-02-11,1.3752694475421958,1.0,1.0,SOXL,SOXL
2013-02-12,1.3839873556955857,1.0,1.0,SOXL,SOXL
2013-02-13,1.3949764119241292,1.0,1.0,SOXL,SOXL
2013-02-14,1.4347684930234161,1.0,1.0,SOXL,SOXL
2013-02-15,1.4071027549716035,1.0,1.0,SOXL,SOXL
2013-02-19,1.4578858284870515,1.0,1.0,SOXL,SOXL
2013-02-20,1.360112524061039,1.0,1.0,SOXL,SOXL
2013-02-21,1.2858341116840453,1.0,1.0,SOXL,SOXL
2013-02-22,1.3661744296159495,1.0,1.0,SOXL,SOXL
2013-02-25,1.2881082385093796,1.0,1.0,SOXL,SOXL
2013-02-26,1.3203208897742793,1.0,1.0,SOXL,SOXL
2013-02-27,1.3794398467324627,1.0,1.0,SOXL,SOXL
2013-02-28,1.4146836741810813,1.0,1.0,SOXL,SOXL
2013-03-01,1.3646600330241623,1.0,1.0,SOXL,SOXL
2013-03-04,1.3589755351171264,1.0,1.0,SOXL,SOXL
2013-03-05,1.43628497474033,1.0,1.0,SOXL,SOXL
2013-03-06,1.4427266709432591,1.0,1.0,SOXL,SOXL
2013-03-07,1.4612961995687532,1.0,1.0,SOXL,SOXL
2013-03-08,1.464707613213018,1.0,1.0,SOXL,SOXL
2013-03-11,1.4715288021889483,1.0,1.0,SOXL,SOXL
2013-03-12,1.4935076593335808,1.0,1.0,SOXL,SOXL
2013-03-13,1.5067724807000578,1.0,1.0,SOXL,SOXL
2013-03-14,1.5276141999632684,1.0,1.0,SOXL,SOXL
2013-03-15,1.4533389152739642,1.0,1.0,SOXL,SOXL
2013-03-18,1.3945967702136193,1.0,1.0,SOXL,SOXL
2013-03-19,1.378302708851041,1.0,1.0,SOXL,SOXL
2013-03-20,1.432494813010609,1.0,1.0,SOXL,SOXL
2013-03-21,1.364660033024162,1.0,1.0,SOXL,SOXL
2013-03-22,1.4074825456196225,1.0,1.0,SOXL,SOXL
2013-03-25,1.4002814170581641,1.0,1.0,SOXL,SOXL
2013-03-26,1.4389360624010112,1.0,1.0,SOXL,SOXL
2013-03-27,1.4450002020185573,1.0,1.0,SOXL,SOXL
2013-03-28,1.4711490115409294,1.0,1.0,SOXL,SOXL
2013-04-01,1.388155371885708,1.0,1.0,SOXL,SOXL
2013-04-02,1.3483638865364573,1.0,1.0,SOXL,SOXL
2013-04-03,1.2672644341210422,1.0,1.0,SOXL,SOXL
2013-04-04,1.3157732318736468,1.0,1.0,SOXL,SOXL
2013-04-05,1.2968234657876068,1.0,1.0,SOXL,SOXL
2013-04-08,1.3445732779942097,1.0,1.0,SOXL,SOXL
2013-04-09,1.3813335871597419,1.0,1.0,SOXL,SOXL
2013-04-10,1.470012022597017,1.0,1.0,SOXL,SOXL
2013-04-11,1.4556119995367356,1.0,1.0,SOXL,SOXL
2013-04-12,1.4340108479149958,1.0,1.0,SOXL,SOXL
2013-04-15,1.331690481338387,1.0,1.0,SOXL,SOXL
2013-04-16,1.4116505618097452,1.0,1.0,SOXL,SOXL
2013-04-17,1.2725710775676766,1.0,1.0,SOXL,SOXL
2013-04-18,1.2380844484149518,1.0,1.0,SOXL,SOXL
2013-04-19,1.2676440758315526,1.0,1.0,SOXL,SOXL
2013-04-22,1.3062982743618727,1.0,1.0,SOXL,SOXL
2013-04-23,1.3904290518985156,1.0,1.0,SOXL,SOXL
2013-04-24,1.4404525441179254,1.0,1.0,SOXL,SOXL
2013-04-25,1.4825178584174923,1.0,1.0,SOXL,SOXL
2013-04-26,1.441969472647366,1.0,1.0,SOXL,SOXL
2013-04-29,1.491233830383265,1.0,1.0,SOXL,SOXL
2013-04-30,1.535572824695639,1.0,1.0,SOXL,SOXL
2013-05-01,1.4923708193271774,1.0,1.0,SOXL,SOXL
2013-05-02,1.5463989543249563,1.0,1.0,TQQQ,TQQQ
2013-05-03,1.6004248611114646,1.0,1.0,TQQQ,TQQQ
2013-05-06,1.6210624146379013,1.0,1.0,TQQQ,TQQQ
2013-05-07,1.61712029111034,1.0,1.0,TQQQ,TQQQ
2013-05-08,1.6423965627128547,1.0,1.0,TQQQ,TQQQ
2013-05-09,1.6365976428807405,1.0,1.0,TQQQ,TQQQ
2013-05-10,1.664423405966601,1.0,1.0,TQQQ,TQQQ
2013-05-13,1.6709165528727568,1.0,1.0,TQQQ,TQQQ
2013-05-14,1.6954963691899596,1.0,1.0,TQQQ,TQQQ
2013-05-15,1.7080176631627075,1.0,1.0,TQQQ,TQQQ
2013-05-16,1.701755832439096,1.0,1.0,TQQQ,TQQQ
2013-05-17,1.7497559596334873,1.0,1.0,TQQQ,TQQQ
2013-05-20,1.7418714340519557,1.0,1.0,TQQQ,TQQQ
2013-05-21,1.74836485948452,1.0,1.0,TQQQ,TQQQ
2013-05-22,1.7056980952298615,1.0,1.0,TQQQ,TQQQ
2013-05-23,1.687148793453726,1.0,1.0,TQQQ,TQQQ
2013-05-24,1.6862206041962562,1.0,1.0,TQQQ,TQQQ
2013-05-28,1.7210024250797695,1.0,1.0,TQQQ,TQQQ
2013-05-29,1.6950310908239865,1.0,1.0,TQQQ,TQQQ
2013-05-30,1.7226251199376894,1.0,1.0,TQQQ,TQQQ
2013-05-31,1.6734674369881462,1.0,1.0,TQQQ,TQQQ
2013-06-03,1.6832065306629596,1.0,1.0,TQQQ,TQQQ
2013-06-04,1.6579320694821023,1.0,1.0,TQQQ,TQQQ
2013-06-05,1.5943967140448716,1.0,1.0,TQQQ,TQQQ
2013-06-06,1.61387462286809,1.0,1.0,TQQQ,TQQQ
2013-06-07,1.6813519625696776,1.0,1.0,TQQQ,TQQQ
2013-06-10,1.6820466074333322,1.0,1.0,TQQQ,TQQQ
2013-06-11,1.6333519746384906,1.0,1.0,TQQQ,TQQQ
2013-06-12,1.5767728162621173,1.0,1.0,TQQQ,TQQQ
2013-06-13,1.6333519746384906,1.0,1.0,TQQQ,TQQQ
2013-06-14,1.604598579347978,1.0,1.0,TQQQ,TQQQ
2013-06-17,1.6491192153798964,1.0,1.0,TQQQ,TQQQ
2013-06-18,1.6880747544999242,1.0,1.0,TQQQ,TQQQ
2013-06-19,1.6349750872860238,1.0,1.0,TQQQ,TQQQ
2013-06-20,1.5143998907921934,1.0,1.0,TQQQ,TQQQ
2013-06-21,1.4930653249276267,1.0,1.0,TQQQ,TQQQ
2013-06-24,1.4469218547745837,1.0,1.0,TQQQ,TQQQ
2013-06-25,1.477761273604127,1.0,1.0,TQQQ,TQQQ
2013-06-26,1.5181083306627354,1.0,1.0,TQQQ,TQQQ
2013-06-27,1.5350352161073595,1.0,1.0,TQQQ,TQQQ
2013-06-28,1.5392087950806694,1.0,1.0,TQQQ,TQQQ
2013-07-01,1.5721363263973096,1.0,1.0,TQQQ,TQQQ
2013-07-02,1.576187668144788,1.0,1.0,SOXL,SOXL
2013-07-03,1.6011678465210883,1.0,1.0,SOXL,SOXL
2013-07-05,1.6636206805988398,1.0,1.0,SOXL,SOXL
2013-07-08,1.5647085569536177,1.0,1.0,SOXL,SOXL
2013-07-09,1.6129830216579732,1.0,1.0,SOXL,SOXL
2013-07-10,1.6683483958146383,1.0,1.0,SOXL,SOXL
2013-07-11,1.7746878908807184,1.0,1.0,SOXL,SOXL
2013-07-12,1.8050701678269714,1.0,1.0,SOXL,SOXL
2013-07-15,1.8047322464413666,1.0,1.0,SOXL,SOXL
2013-07-16,1.8195855298660273,1.0,1.0,SOXL,SOXL
2013-07-17,1.8243127143847149,1.0,1.0,SOXL,SOXL
2013-07-18,1.7790748985510785,1.0,1.0,SOXL,SOXL
2013-07-19,1.7682726915253406,1.0,1.0,SOXL,SOXL
2013-07-22,1.7554449463001414,1.0,1.0,SOXL,SOXL
2013-07-23,1.7362030631137868,1.0,1.0,SOXL,SOXL
2013-07-24,1.6410036964590493,1.0,1.0,SOXL,SOXL
2013-07-25,1.6703740666883775,1.0,1.0,SOXL,SOXL
2013-07-26,1.625136118180463,1.0,1.0,SOXL,SOXL
2013-07-29,1.5984679249674727,1.0,1.0,SOXL,SOXL
2013-07-30,1.6518059034847874,1.0,1.0,SOXL,SOXL
2013-07-31,1.6754374478270584,1.0,1.0,SOXL,SOXL
2013-08-01,1.766247286000157,1.0,1.0,SOXL,SOXL
2013-08-02,1.7328263700690174,1.0,1.0,SOXL,SOXL
2013-08-05,1.7247243499454499,1.0,1.0,SOXL,SOXL
2013-08-06,1.6896163478975652,1.0,1.0,SOXL,SOXL
2013-08-07,1.6369527527344043,1.0,1.0,SOXL,SOXL
2013-08-08,1.6420166645701966,1.0,1.0,SOXL,SOXL
2013-08-09,1.6177103388509384,1.0,1.0,SOXL,SOXL
2013-08-12,1.6356017305633743,1.0,1.0,SOXL,SOXL
2013-08-13,1.6902903332288852,1.0,1.0,SOXL,SOXL
2013-08-14,1.6150084271831562,1.0,1.0,SOXL,SOXL
2013-08-15,1.5042816590981603,1.0,1.0,SOXL,SOXL
2013-08-16,1.519134677174265,1.0,1.0,SOXL,SOXL
2013-08-19,1.488413948145296,1.0,1.0,SOXL,SOXL
2013-08-20,1.5181222397602288,1.0,1.0,SOXL,SOXL
2013-08-21,1.4847009258062558,1.0,1.0,SOXL,SOXL
2013-08-22,1.535000928710073,1.0,1.0,SOXL,SOXL
2013-08-23,1.5360131007755535,1.0,1.0,SOXL,SOXL
2013-08-26,1.5255493458325315,1.0,1.0,SOXL,SOXL
2013-08-27,1.4117826120198709,1.0,1.0,SOXL,SOXL
2013-08-28,1.430053845133637,1.0,1.0,TQQQ,TQQQ
2013-08-29,1.4846740476201872,1.0,1.0,SOXL,SOXL
2013-08-30,1.4439570582280452,1.0,1.0,SOXL,SOXL
2013-09-03,1.479376315481946,1.0,1.0,SOXL,SOXL
2013-09-04,1.5276444446536916,1.0,1.0,TQQQ,TQQQ
2013-09-05,1.5343272729563082,1.0,1.0,TQQQ,TQQQ
2013-09-06,1.539896723934813,1.0,1.0,TQQQ,TQQQ
2013-09-09,1.594102568184957,1.0,1.0,TQQQ,TQQQ
2013-09-10,1.618236521277006,1.0,1.0,TQQQ,TQQQ
2013-09-11,1.6100689297233188,1.0,1.0,TQQQ,TQQQ
2013-09-12,1.6028279633389377,1.0,1.0,TQQQ,TQQQ
2013-09-13,1.6080269203410733,1.0,1.0,TQQQ,TQQQ
2013-09-16,1.5944754035316253,1.0,1.0,TQQQ,TQQQ
2013-09-17,1.6264042243245171,1.0,1.0,TQQQ,TQQQ
2013-09-18,1.6861813034543462,1.0,1.0,TQQQ,TQQQ
2013-09-19,1.6965767645944942,1.0,1.0,TQQQ,TQQQ
2013-09-20,1.67801404638213,1.0,1.0,TQQQ,TQQQ
2013-09-23,1.6685450989174644,1.0,1.0,TQQQ,TQQQ
2013-09-24,1.6689157043876572,1.0,1.0,TQQQ,TQQQ
2013-09-25,1.6531366524732196,1.0,1.0,TQQQ,TQQQ
2013-09-26,1.6910075366036368,1.0,1.0,TQQQ,TQQQ
2013-09-27,1.683025247785046,1.0,1.0,TQQQ,TQQQ
2013-09-30,1.6724443724159777,1.0,1.0,TQQQ,TQQQ
2013-10-01,1.7225676473213398,1.0,1.0,TQQQ,TQQQ
2013-10-02,1.71941159165204,1.0,1.0,TQQQ,TQQQ
2013-10-03,1.659634401028387,1.0,1.0,TQQQ,TQQQ
2013-10-04,1.7023314068142716,1.0,1.0,TQQQ,TQQQ
2013-10-07,1.6601922046286806,1.0,1.0,TQQQ,TQQQ
2013-10-08,1.5662566512183185,1.0,1.0,TQQQ,TQQQ
2013-10-09,1.5489929475466337,1.0,1.0,TQQQ,TQQQ
2013-10-10,1.6473820102534424,1.0,1.0,TQQQ,TQQQ
2013-10-11,1.6845095650608224,1.0,1.0,TQQQ,TQQQ
2013-10-14,1.7194115916520403,1.0,1.0,TQQQ,TQQQ
2013-10-15,1.7010323922735924,1.0,1.0,TQQQ,TQQQ
2013-10-16,1.759137621516074,1.0,1.0,TQQQ,TQQQ
2013-10-17,1.7875415650706532,1.0,1.0,TQQQ,TQQQ
2013-10-18,1.8759063295766254,1.0,1.0,TQQQ,TQQQ
2013-10-21,1.8866739571004991,1.0,1.0,TQQQ,TQQQ
2013-10-22,1.8931713711741949,1.0,1.0,TQQQ,TQQQ
2013-10-23,1.8627251952497224,1.0,1.0,TQQQ,TQQQ
2013-10-24,1.8859314082342273,1.0,1.0,TQQQ,TQQQ
2013-10-25,1.9236165436542532,1.0,1.0,TQQQ,TQQQ
2013-10-28,1.9275163746218855,1.0,1.0,TQQQ,TQQQ
2013-10-29,1.936797566487332,1.0,1.0,TQQQ,TQQQ
2013-10-30,1.9306700889208863,1.0,1.0,TQQQ,TQQQ
2013-10-31,1.9182327298923163,1.0,1.0,TQQQ,TQQQ
2013-11-01,1.9173039863403585,1.0,1.0,TQQQ,TQQQ
2013-11-04,1.92658740808228,1.0,1.0,TQQQ,TQQQ
2013-11-05,1.9347547766483197,1.0,1.0,TQQQ,TQQQ
2013-11-06,1.9314139757130424,1.0,1.0,TQQQ,TQQQ
2013-11-07,1.8242987373954866,1.0,1.0,TQQQ,TQQQ
2013-11-08,1.8963282073002605,1.0,1.0,TQQQ,TQQQ
2013-11-11,1.8872303112810829,1.0,1.0,TQQQ,TQQQ
2013-11-12,1.8965137330230046,1.0,1.0,TQQQ,TQQQ
2013-11-13,1.9644582922126974,1.0,1.0,TQQQ,TQQQ
2013-11-14,1.9796792060453703,1.0,1.0,TQQQ,TQQQ
2013-11-15,1.9934181439725662,1.0,1.0,TQQQ,TQQQ
2013-11-18,1.9382819952569315,1.0,1.0,TQQQ,TQQQ
2013-11-19,1.9191603585060362,1.0,1.0,TQQQ,TQQQ
2013-11-20,1.9057947019008035,1.0,1.0,TQQQ,TQQQ
2013-11-21,1.9640856798536765,1.0,1.0,TQQQ,TQQQ
2013-11-22,1.9950883214525572,1.0,1.0,TQQQ,TQQQ
2013-11-25,2.008269344285636,1.0,1.0,TQQQ,TQQQ
2013-11-26,2.0414996324833297,1.0,1.0,TQQQ,TQQQ
2013-11-27,2.082340489091184,1.0,1.0,TQQQ,TQQQ
2013-11-29,2.1164979599273033,1.0,1.0,TQQQ,TQQQ
2013-12-02,2.103316268131282,1.0,1.0,TQQQ,TQQQ
2013-12-03,2.097192135379549,1.0,1.0,TQQQ,TQQQ
2013-12-04,2.102575503166191,1.0,1.0,TQQQ,TQQQ
2013-12-05,2.0960776431171997,1.0,1.0,TQQQ,TQQQ
2013-12-06,2.139332563997201,1.0,1.0,TQQQ,TQQQ
2013-12-09,2.164950722871202,1.0,1.0,TQQQ,TQQQ
2013-12-10,2.1610515608665124,1.0,1.0,TQQQ,TQQQ
2013-12-11,2.0802988141904093,1.0,1.0,TQQQ,TQQQ
2013-12-12,2.0634052700136225,1.0,1.0,TQQQ,TQQQ
2013-12-13,2.0535661630540587,1.0,1.0,TQQQ,TQQQ
2013-12-16,2.088836788226642,1.0,1.0,TQQQ,TQQQ
2013-12-17,2.075657549294743,1.0,1.0,TQQQ,TQQQ
2013-12-18,2.1473144068404966,1.0,1.0,TQQQ,TQQQ
2013-12-19,2.12800880528039,1.0,1.0,TQQQ,TQQQ
2013-12-20,2.1920544254530405,1.0,1.0,TQQQ,TQQQ
2013-12-23,2.2629696260831125,1.0,1.0,TQQQ,TQQQ
2013-12-24,2.266125793246236,1.0,1.0,TQQQ,TQQQ
2013-12-26,2.288215618573388,1.0,1.0,TQQQ,TQQQ
2013-12-27,2.2715076001193455,1.0,1.0,TQQQ,TQQQ
2013-12-30,2.2596281561848928,1.0,1.0,TQQQ,TQQQ
2013-12-31,2.303996900364301,1.0,1.0,TQQQ,TQQQ
2014-01-02,2.2501594317078744,1.0,1.0,TQQQ,TQQQ
2014-01-03,2.20115031458339,1.0,1.0,TQQQ,TQQQ
2014-01-06,2.177759356332907,1.0,1.0,TQQQ,TQQQ
2014-01-07,2.2341950770583403,1.0,1.0,TQQQ,TQQQ
2014-01-08,2.2509028725247355,1.0,1.0,TQQQ,TQQQ
2014-01-09,2.2276969940217017,1.0,1.0,TQQQ,TQQQ
2014-01-10,2.249974128972778,1.0,1.0,TQQQ,TQQQ
2014-01-13,2.149913104884798,1.0,1.0,TQQQ,TQQQ
2014-01-14,2.2729942587654204,1.0,1.0,TQQQ,TQQQ
2014-01-15,2.326086502703806,1.0,1.0,TQQQ,TQQQ
2014-01-16,2.3309148542357483,1.0,1.0,TQQQ,TQQQ
2014-01-17,2.289516528509072,1.0,1.0,TQQQ,TQQQ
2014-01-21,2.340753515220017,1.0,1.0,TQQQ,TQQQ
2014-01-22,2.362472735076976,1.0,1.0,TQQQ,TQQQ
2014-01-23,2.3340703524359294,1.0,1.0,TQQQ,TQQQ
2014-01-24,2.195766946796749,1.0,1.0,TQQQ,TQQQ
2014-01-27,2.1319061833839,1.0,1.0,TQQQ,TQQQ
2014-01-28,2.1311631885423337,1.0,1.0,TQQQ,TQQQ
2014-01-29,2.0639620701695023,1.0,1.0,TQQQ,TQQQ
2014-01-30,2.172748377917639,1.0,1.0,TQQQ,TQQQ
2014-01-31,2.1575247882331956,1.0,1.0,TQQQ,TQQQ
2014-02-03,2.014581678611882,1.0,1.0,TQQQ,TQQQ
2014-02-04,2.053937437487194,1.0,1.0,TQQQ,TQQQ
2014-02-05,2.0350013264590427,1.0,1.0,TQQQ,TQQQ
2014-02-06,2.112970964306338,1.0,1.0,TQQQ,TQQQ
2014-02-07,2.225098518965048,1.0,1.0,TQQQ,TQQQ
2014-02-10,2.2659382606346647,1.0,1.0,TQQQ,TQQQ
2014-02-11,2.3435379619747096,1.0,1.0,TQQQ,TQQQ
2014-02-12,2.354675971981129,1.0,1.0,TQQQ,TQQQ
2014-02-13,2.415194819520463,1.0,1.0,TQQQ,TQQQ
2014-02-14,2.4222505946635713,1.0,1.0,TQQQ,TQQQ
2014-02-18,2.4601208098310456,1.0,1.0,TQQQ,TQQQ
2014-02-19,2.406283341174619,1.0,1.0,TQQQ,TQQQ
2014-02-20,2.4411855907534843,1.0,1.0,TQQQ,TQQQ
2014-02-21,2.4285606991133424,1.0,1.0,TQQQ,TQQQ
2014-02-24,2.4712597117880546,1.0,1.0,TQQQ,TQQQ
2014-02-25,2.462348456429859,1.0,1.0,TQQQ,TQQQ
2014-02-26,2.454179080974991,1.0,1.0,TQQQ,TQQQ
2014-02-27,2.5024467641714416,1.0,1.0,TQQQ,TQQQ
2014-02-28,2.48982276448189,1.0,1.0,TQQQ,TQQQ
2014-03-03,2.4352438618974297,1.0,1.0,TQQQ,TQQQ
2014-03-04,2.5615090088559715,1.0,1.0,SOXL,SOXL
2014-03-05,2.5776022981446065,1.0,1.0,SOXL,SOXL
2014-03-06,2.6364010993182756,1.0,1.0,SOXL,SOXL
2014-03-07,2.6240232365112175,1.0,1.0,SOXL,SOXL
2014-03-10,2.6073123311536603,1.0,1.0,SOXL,SOXL
2014-03-11,2.565840348644564,1.0,1.0,SOXL,SOXL
2014-03-12,2.6305221922077133,1.0,1.0,SOXL,SOXL
2014-03-13,2.498994781200727,1.0,1.0,SOXL,SOXL
2014-03-14,2.459382944449429,1.0,1.0,SOXL,SOXL
2014-03-17,2.5475826057201387,1.0,1.0,SOXL,SOXL
2014-03-18,2.656208355578281,1.0,1.0,SOXL,SOXL
2014-03-19,2.6503272592024087,1.0,1.0,SOXL,SOXL
2014-03-20,2.7994945538131963,1.0,1.0,SOXL,SOXL
2014-03-21,2.725839641502346,1.0,1.0,SOXL,SOXL
2014-03-24,2.6921062253582084,1.0,1.0,SOXL,SOXL
2014-03-25,2.7478106216430382,1.0,1.0,SOXL,SOXL
2014-03-26,2.6645635650053583,1.0,1.0,SOXL,SOXL
2014-03-27,2.5986450297941577,1.0,1.0,SOXL,SOXL
2014-03-28,2.6546605450046084,1.0,1.0,SOXL,SOXL
2014-03-31,2.782473259285121,1.0,1.0,SOXL,SOXL
2014-04-01,2.912451886711631,1.0,1.0,SOXL,SOXL
2014-04-02,2.894193414032103,1.0,1.0,SOXL,SOXL
2014-04-03,2.9115236382204897,1.0,1.0,SOXL,SOXL
2014-04-04,2.66673069440986,1.0,1.0,SOXL,SOXL
2014-04-07,2.593075538847309,1.0,1.0,SOXL,SOXL
2014-04-08,2.6902494851242245,1.0,1.0,SOXL,SOXL
2014-04-09,2.7769027953314684,1.0,1.0,SOXL,SOXL
2014-04-10,2.5209686803618316,1.0,1.0,SOXL,SOXL
2014-04-11,2.4005829270172545,1.0,1.0,SOXL,SOXL
2014-04-14,2.4569081016431205,1.0,1.0,SOXL,SOXL
2014-04-15,2.5076606230500236,1.0,1.0,SOXL,SOXL
2014-04-16,2.493115630838463,1.0,1.0,SOXL,SOXL
2014-04-17,2.637021147904209,1.0,1.0,SOXL,SOXL
2014-04-21,2.7066526770799757,1.0,1.0,SOXL,SOXL
2014-04-22,2.7840196103485884,1.0,1.0,SOXL,SOXL
2014-04-23,2.7725699960326713,1.0,1.0,SOXL,SOXL
2014-04-24,2.815586870095028,1.0,1.0,SOXL,SOXL
2014-04-25,2.543251022679847,1.0,1.0,SOXL,SOXL
2014-04-28,2.4968291113064325,1.0,1.0,SOXL,SOXL
2014-04-29,2.542323260692108,1.0,1.0,SOXL,SOXL
2014-04-30,2.5936941279230368,1.0,1.0,SOXL,SOXL
2014-05-01,2.56800820780417,1.0,1.0,SOXL,SOXL
2014-05-02,2.583481205255171,1.0,1.0,SOXL,SOXL
2014-05-05,2.5958605275724356,1.0,1.0,SOXL,SOXL
2014-05-06,2.564912343405125,1.0,1.0,SOXL,SOXL
2014-05-07,2.5698649480381546,1.0,1.0,SOXL,SOXL
2014-05-08,2.622474452930743,1.0,1.0,SOXL,SOXL
2014-05-09,2.6011220618657775,1.0,1.0,SOXL,SOXL
2014-05-12,2.741932930790983,1.0,1.0,SOXL,SOXL
2014-05-13,2.681275686621423,1.0,1.0,SOXL,SOXL
2014-05-14,2.6128827951073164,1.0,1.0,SOXL,SOXL
2014-05-15,2.521276637015342,1.0,1.0,SOXL,SOXL
2014-05-16,2.5958605275724373,1.0,1.0,SOXL,SOXL
2014-05-19,2.6791085572169218,1.0,1.0,SOXL,SOXL
2014-05-20,2.6413532174479064,1.0,1.0,SOXL,SOXL
2014-05-21,2.679418459884037,1.0,1.0,SOXL,SOXL
2014-05-22,2.718721123723322,1.0,1.0,SOXL,SOXL
2014-05-23,2.7917574469584463,1.0,1.0,SOXL,SOXL
2014-05-27,2.8985252403240995,1.0,1.0,SOXL,SOXL
2014-05-28,2.9078096712491224,1.0,1.0,SOXL,SOXL
2014-05-29,2.9257589710166383,1.0,1.0,SOXL,SOXL
2014-05-30,2.9378293636735915,1.0,1.0,SOXL,SOXL
2014-06-02,2.9854865071848518,1.0,1.0,SOXL,SOXL
2014-06-03,3.069664731334086,1.0,1.0,SOXL,SOXL
2014-06-04,3.1114434542381852,1.0,1.0,SOXL,SOXL
2014-06-05,3.154458868790335,1.0,1.0,SOXL,SOXL
2014-06-06,3.201500585497982,1.0,1.0,SOXL,SOXL
2014-06-09,3.2244005438849186,1.0,1.0,SOXL,SOXL
2014-06-10,3.2565842034417756,1.0,1.0,SOXL,SOXL
2014-06-11,3.303934606558033,1.0,1.0,SOXL,SOXL
2014-06-12,3.26958284458987,1.0,1.0,SOXL,SOXL
2014-06-13,3.3624247213230913,1.0,1.0,SOXL,SOXL
2014-06-16,3.4252486083937512,1.0,1.0,SOXL,SOXL
2014-06-17,3.5023085580156605,1.0,1.0,SOXL,SOXL
2014-06-18,3.460218229682538,1.0,1.0,SOXL,SOXL
2014-06-19,3.469813536281481,1.0,1.0,SOXL,SOXL
2014-06-20,3.5001406988560544,1.0,1.0,SOXL,SOXL
2014-06-23,3.461457110595898,1.0,1.0,SOXL,SOXL
2014-06-24,3.384399350239298,1.0,1.0,SOXL,SOXL
2014-06-25,3.420915322591551,1.0,1.0,SOXL,SOXL
2014-06-26,3.377280102705169,1.0,1.0,SOXL,SOXL
2014-06-27,3.393372418987,1.0,1.0,SOXL,SOXL
2014-06-30,3.499522596283731,1.0,1.0,SOXL,SOXL
2014-07-01,3.6437360700029844,1.0,1.0,SOXL,SOXL
2014-07-02,3.671280433117742,1.0,1.0,SOXL,SOXL
2014-07-03,3.745243545333801,1.0,1.0,SOXL,SOXL
2014-07-07,3.666946904063841,1.0,1.0,SOXL,SOXL
2014-07-08,3.611551923942725,1.0,1.0,SOXL,SOXL
2014-07-09,3.6743733784963752,1.0,1.0,SOXL,SOXL
2014-07-10,3.621454700691774,1.0,1.0,SOXL,SOXL
2014-07-11,3.6285732184708004,1.0,1.0,SOXL,SOXL
2014-07-14,3.677469729398823,1.0,1.0,SOXL,SOXL
2014-07-15,3.648378771968898,1.0,1.0,SOXL,SOXL
2014-07-16,3.774643432424038,1.0,1.0,SOXL,SOXL
2014-07-17,3.4831189178245783,1.0,1.0,SOXL,SOXL
2014-07-18,3.6195965009475843,1.0,1.0,SOXL,SOXL
2014-07-21,3.6493070204600397,1.0,1.0,SOXL,SOXL
2014-07-22,3.7189380631324043,1.0,1.0,SOXL,SOXL
2014-07-23,3.462076429426729,1.0,1.0,SOXL,SOXL
2014-07-24,3.374494140973241,1.0,1.0,SOXL,SOXL
2014-07-25,3.1714811363252156,1.0,1.0,SOXL,SOXL
2014-07-28,3.1612674839022468,1.0,1.0,SOXL,SOXL
2014-07-29,3.1467232214457894,1.0,1.0,SOXL,SOXL
2014-07-30,3.239565341430712,1.0,1.0,SOXL,SOXL
2014-07-31,3.0198380259013144,1.0,1.0,SOXL,SOXL
2014-08-01,3.065023002374977,1.0,1.0,SOXL,SOXL
2014-08-04,3.1277959202039156,1.0,1.0,TQQQ,TQQQ
2014-08-05,3.0545601245095226,1.0,1.0,TQQQ,TQQQ
2014-08-06,3.0493295312864213,1.0,1.0,TQQQ,TQQQ
2014-08-07,3.019955619651262,1.0,1.0,TQQQ,TQQQ
2014-08-08,3.084337560452096,1.0,1.0,TQQQ,TQQQ
2014-08-11,3.1402691706667842,1.0,1.0,TQQQ,TQQQ
2014-08-12,3.1330260301643738,1.0,1.0,TQQQ,TQQQ
2014-08-13,3.2348335215055357,1.0,1.0,TQQQ,TQQQ
2014-08-14,3.2847294229328705,1.0,1.0,TQQQ,TQQQ
2014-08-15,3.3293944895057823,1.0,1.0,TQQQ,TQQQ
2014-08-18,3.4098734257025862,1.0,1.0,TQQQ,TQQQ
2014-08-19,3.468621490604227,1.0,1.0,TQQQ,TQQQ
2014-08-20,3.468621490604227,1.0,1.0,TQQQ,TQQQ
2014-08-21,3.488340056251402,1.0,1.0,TQQQ,TQQQ
2014-08-22,3.502020738429327,1.0,1.0,TQQQ,TQQQ
2014-08-25,3.5410519291030456,1.0,1.0,TQQQ,TQQQ
2014-08-26,3.553124554834362,1.0,1.0,TQQQ,TQQQ
2014-08-27,3.5535273542478096,1.0,1.0,TQQQ,TQQQ
2014-08-28,3.5390410732429882,1.0,1.0,TQQQ,TQQQ
2014-08-29,3.580487610609464,1.0,1.0,TQQQ,TQQQ
2014-09-02,3.6102648049207158,1.0,1.0,TQQQ,TQQQ
2014-09-03,3.548294586342812,1.0,1.0,TQQQ,TQQQ
2014-09-04,3.5370287675950003,1.0,1.0,TQQQ,TQQQ
2014-09-05,3.591753670988597,1.0,1.0,TQQQ,TQQQ
2014-09-08,3.609861280613301,1.0,1.0,TQQQ,TQQQ
2014-09-09,3.5221408953333397,1.0,1.0,TQQQ,TQQQ
2014-09-10,3.6038255718259475,1.0,1.0,TQQQ,TQQQ
2014-09-11,3.6010093587703165,1.0,1.0,TQQQ,TQQQ
2014-09-12,3.5442721497287324,1.0,1.0,TQQQ,TQQQ
2014-09-15,3.4376392808911356,1.0,1.0,TQQQ,TQQQ
2014-09-16,3.5305914675508077,1.0,1.0,TQQQ,TQQQ
2014-09-17,3.54789396161126,1.0,1.0,TQQQ,TQQQ
2014-09-18,3.6243475616181233,1.0,1.0,TQQQ,TQQQ
2014-09-19,3.6163007553393913,1.0,1.0,TQQQ,TQQQ
2014-09-22,3.5181160424060436,1.0,1.0,TQQQ,TQQQ
2014-09-23,3.4875349406871488,1.0,1.0,TQQQ,TQQQ
2014-09-24,3.600607767513478,1.0,1.0,TQQQ,TQQQ
2014-09-25,3.372047492062027,1.0,1.0,TQQQ,TQQQ
2014-09-26,3.479890208927899,1.0,1.0,TQQQ,TQQQ
2014-09-29,3.468220382610031,1.0,1.0,TQQQ,TQQQ
2014-09-30,3.4810976406429557,1.0,1.0,TQQQ,TQQQ
2014-10-01,3.3145068588754425,1.0,1.0,TQQQ,TQQQ
2014-10-02,3.312896627746938,1.0,1.0,TQQQ,TQQQ
2014-10-03,3.412689638758216,1.0,1.0,TQQQ,TQQQ
2014-10-06,3.3893516775417316,1.0,1.0,TQQQ,TQQQ
2014-10-07,3.2460990986220244,1.0,1.0,TQQQ,TQQQ
2014-10-08,3.4336139447011953,1.0,1.0,TQQQ,TQQQ
2014-10-09,3.2625976852748337,1.0,1.0,TQQQ,TQQQ
2014-10-10,3.0183449052601135,1.0,1.0,TQQQ,TQQQ
2014-10-13,2.8771046319883937,1.0,1.0,TQQQ,TQQQ
2014-10-14,2.8823369166307473,1.0,1.0,TQQQ,TQQQ
2014-10-15,2.8207711888855442,1.0,1.0,TQQQ,TQQQ
2014-10-16,2.8207711888855442,0.0,0.0,CASH,TQQQ
2014-10-17,2.8207711888855442,0.0,0.0,CASH,TQQQ
2014-10-20,2.8207711888855442,0.0,0.0,CASH,TQQQ
2014-10-21,3.0413800072528807,1.0,1.0,TQQQ,TQQQ
2014-10-22,2.9942422185806494,1.0,1.0,TQQQ,TQQQ
2014-10-23,3.131132498183754,1.0,1.0,TQQQ,TQQQ
2014-10-24,3.2031594903607417,1.0,1.0,TQQQ,TQQQ
2014-10-27,3.2152273946940246,1.0,1.0,TQQQ,TQQQ
2014-10-28,3.358905700648073,1.0,1.0,TQQQ,TQQQ
2014-10-29,3.3185541267371534,1.0,1.0,TQQQ,TQQQ
2014-10-30,3.3392968280230635,1.0,1.0,TQQQ,TQQQ
2014-10-31,3.4769400495669505,1.0,1.0,TQQQ,TQQQ
2014-11-03,3.5127660461285366,1.0,1.0,TQQQ,TQQQ
2014-11-04,3.475432354095754,1.0,1.0,TQQQ,TQQQ
2014-11-05,3.475055996349715,1.0,1.0,TQQQ,TQQQ
2014-11-06,3.504846455603732,1.0,1.0,TQQQ,TQQQ
2014-11-07,3.496171885099809,1.0,1.0,TQQQ,TQQQ
2014-11-10,3.531998334558803,1.0,1.0,TQQQ,TQQQ
2014-11-11,3.5655614292213706,1.0,1.0,TQQQ,TQQQ
2014-11-12,3.585170981192492,1.0,1.0,TQQQ,TQQQ
2014-11-13,3.631178564383086,1.0,1.0,TQQQ,TQQQ
2014-11-14,3.6647405268021336,1.0,1.0,TQQQ,TQQQ
2014-11-17,3.6304238108526716,1.0,1.0,TQQQ,TQQQ
2014-11-18,3.711878768371773,1.0,1.0,TQQQ,TQQQ
2014-11-19,3.6647405268021336,1.0,1.0,TQQQ,TQQQ
2014-11-20,3.7133862373942654,1.0,1.0,TQQQ,TQQQ
2014-11-21,3.7401626643981136,1.0,1.0,TQQQ,TQQQ
2014-11-24,3.8246357302440552,1.0,1.0,TQQQ,TQQQ
2014-11-25,3.8370795394259694,1.0,1.0,TQQQ,TQQQ
2014-11-26,3.9155172944130454,1.0,1.0,TQQQ,TQQQ
2014-11-28,3.973970498375185,1.0,1.0,TQQQ,TQQQ
2014-12-01,3.827274763440408,1.0,1.0,TQQQ,TQQQ
2014-12-02,3.8683788263947014,1.0,1.0,TQQQ,TQQQ
2014-12-03,3.90344984297717,1.0,1.0,TQQQ,TQQQ
2014-12-04,3.891760560876966,1.0,1.0,TQQQ,TQQQ
2014-12-05,3.894399141175912,1.0,1.0,TQQQ,TQQQ
2014-12-08,3.8103046975630486,1.0,1.0,TQQQ,TQQQ
2014-12-09,3.8472620318497923,1.0,1.0,TQQQ,TQQQ
2014-12-10,3.660969702983214,1.0,1.0,TQQQ,TQQQ
2014-12-11,3.718291116322789,1.0,1.0,TQQQ,TQQQ
2014-12-12,3.595352794270203,1.0,1.0,TQQQ,TQQQ
2014-12-15,3.487500031980333,1.0,1.0,TQQQ,TQQQ
2014-12-16,3.314407624518307,1.0,1.0,TQQQ,TQQQ
2014-12-17,3.4924021935244096,1.0,1.0,TQQQ,TQQQ
2014-12-18,3.748458159771549,1.0,1.0,TQQQ,TQQQ
2014-12-19,3.790316749807553,1.0,1.0,TQQQ,TQQQ
2014-12-22,3.8252820148452558,1.0,1.0,TQQQ,TQQQ
2014-12-23,3.7886949241895436,1.0,1.0,TQQQ,TQQQ
2014-12-24,3.7966160998552767,1.0,1.0,TQQQ,TQQQ
2014-12-26,3.873559066947285,1.0,1.0,TQQQ,TQQQ
2014-12-29,3.874313141131587,1.0,1.0,TQQQ,TQQQ
2014-12-30,3.794352971507555,1.0,1.0,TQQQ,TQQQ
2014-12-31,3.6755434886749034,1.0,1.0,TQQQ,TQQQ
2015-01-02,3.6453707840085436,1.0,1.0,TQQQ,TQQQ
2015-01-05,3.4813005458110724,1.0,1.0,TQQQ,TQQQ
2015-01-06,3.3432558307150027,1.0,1.0,TQQQ,TQQQ
2015-01-07,3.4718700895332146,1.0,1.0,TQQQ,TQQQ
2015-01-08,3.669885667805597,1.0,1.0,TQQQ,TQQQ
2015-01-09,3.5955842248456866,1.0,1.0,TQQQ,TQQQ
2015-01-12,3.4850718225273996,1.0,1.0,TQQQ,TQQQ
2015-01-13,3.482053940649263,1.0,1.0,TQQQ,TQQQ
2015-01-14,3.428495878321375,1.0,1.0,TQQQ,TQQQ
2015-01-15,3.2923374809295813,1.0,1.0,TQQQ,TQQQ
2015-01-16,3.4096370038039967,1.0,1.0,TQQQ,TQQQ
2015-01-20,3.4850718225274,1.0,1.0,TQQQ,TQQQ
2015-01-21,3.5386303377526955,1.0,1.0,TQQQ,TQQQ
2015-01-22,3.7355148047486244,1.0,1.0,TQQQ,TQQQ
2015-01-23,3.760407857881349,1.0,1.0,TQQQ,TQQQ
2015-01-26,3.752109418674761,1.0,1.0,TQQQ,TQQQ
2015-01-27,3.461686238417168,1.0,1.0,TQQQ,TQQQ
2015-01-28,3.402094903268751,1.0,1.0,TQQQ,TQQQ
2015-01-29,3.500536457420603,1.0,1.0,TQQQ,TQQQ
2015-01-30,3.4201990242557154,1.0,1.0,TQQQ,TQQQ
2015-02-02,3.5099651021088283,1.0,1.0,TQQQ,TQQQ
2015-02-03,3.6993577535713627,1.0,1.0,SOXL,SOXL
2015-02-04,3.743599317904608,1.0,1.0,SOXL,SOXL
2015-02-05,3.846021739240335,1.0,1.0,SOXL,SOXL
2015-02-06,3.787840167707687,1.0,1.0,SOXL,SOXL
2015-02-09,3.663903004875083,1.0,1.0,SOXL,SOXL
2015-02-10,4.035110953558732,1.0,1.0,SOXL,SOXL
2015-02-11,4.075717226580392,1.0,1.0,SOXL,SOXL
2015-02-12,4.272381651549709,1.0,1.0,SOXL,SOXL
2015-02-13,4.363288942895183,1.0,1.0,SOXL,SOXL
2015-02-17,4.406924823823767,1.0,1.0,SOXL,SOXL
2015-02-18,4.363593809099654,1.0,1.0,SOXL,SOXL
2015-02-19,4.403591778772706,1.0,1.0,SOXL,SOXL
2015-02-20,4.482075772286018,1.0,1.0,SOXL,SOXL
2015-02-23,4.392987198391587,1.0,1.0,SOXL,SOXL
2015-02-24,4.570863290803536,1.0,1.0,SOXL,SOXL
2015-02-25,4.494198014741268,1.0,1.0,SOXL,SOXL
2015-02-26,4.58540779052399,1.0,1.0,SOXL,SOXL
2015-02-27,4.552376966329971,1.0,1.0,SOXL,SOXL
2015-03-02,4.930556347673655,1.0,1.0,SOXL,SOXL
2015-03-03,4.64571175482854,1.0,1.0,SOXL,SOXL
2015-03-04,4.638133924233676,1.0,1.0,SOXL,SOXL
2015-03-05,4.642377280717146,1.0,1.0,SOXL,SOXL
2015-03-06,4.5023789087968495,1.0,1.0,SOXL,SOXL
2015-03-09,4.541772862302296,1.0,1.0,SOXL,SOXL
2015-03-10,4.285411823670147,1.0,1.0,SOXL,SOXL
2015-03-11,4.3214708267107556,1.0,1.0,SOXL,SOXL
2015-03-12,4.316016579771405,1.0,1.0,SOXL,SOXL
2015-03-13,4.405105630019281,1.0,1.0,SOXL,SOXL
2015-03-16,4.5990448369327,1.0,1.0,SOXL,SOXL
2015-03-17,4.501168971047858,1.0,1.0,SOXL,SOXL
2015-03-18,4.5999541956582215,1.0,1.0,SOXL,SOXL
2015-03-19,4.633589988726736,1.0,1.0,SOXL,SOXL
2015-03-20,4.836920027444728,1.0,1.0,SOXL,SOXL
2015-03-23,4.701467020091705,1.0,1.0,SOXL,SOXL
2015-03-24,4.581166815807743,1.0,1.0,SOXL,SOXL
2015-03-25,3.9535971139617776,1.0,1.0,SOXL,SOXL
2015-03-26,3.790567291177364,1.0,1.0,SOXL,SOXL
2015-03-27,4.101777570821268,1.0,1.0,SOXL,SOXL
2015-03-30,4.272685088693849,1.0,1.0,SOXL,SOXL
2015-03-31,4.122382239062457,1.0,1.0,SOXL,SOXL
2015-04-01,4.044808556981556,1.0,1.0,SOXL,SOXL
2015-04-02,4.0516008060746245,1.0,1.0,TQQQ,TQQQ
2015-04-06,4.149074688776588,1.0,1.0,TQQQ,TQQQ
2015-04-07,4.129899451558687,1.0,1.0,TQQQ,TQQQ
2015-04-08,4.228173381678718,1.0,1.0,TQQQ,TQQQ
2015-04-09,4.306873489806019,1.0,1.0,TQQQ,TQQQ
2015-04-10,4.358406999784721,1.0,1.0,TQQQ,TQQQ
2015-04-13,4.326049206668656,1.0,1.0,TQQQ,TQQQ
2015-04-14,4.288895445846808,1.0,1.0,TQQQ,TQQQ
2015-04-15,4.364797306589817,1.0,1.0,TQQQ,TQQQ
2015-04-16,4.349616550725427,1.0,1.0,TQQQ,TQQQ
2015-04-17,4.146279319260707,1.0,1.0,TQQQ,TQQQ
2015-04-20,4.33164090498989,1.0,1.0,TQQQ,TQQQ
2015-04-21,4.387169855611574,1.0,1.0,TQQQ,TQQQ
2015-04-22,4.458278146872475,1.0,1.0,TQQQ,TQQQ
2015-04-23,4.511810336462138,1.0,1.0,TQQQ,TQQQ
2015-04-24,4.688382912066233,1.0,1.0,TQQQ,TQQQ
2015-04-27,4.658421903691221,1.0,1.0,TQQQ,TQQQ
2015-04-28,4.628061351251912,1.0,1.0,TQQQ,TQQQ
2015-04-29,4.53977362451566,1.0,1.0,TQQQ,TQQQ
2015-04-30,4.32644635250928,1.0,1.0,TQQQ,TQQQ
2015-05-01,4.501423150079858,1.0,1.0,TQQQ,TQQQ
2015-05-04,4.517402514428109,1.0,1.0,TQQQ,TQQQ
2015-05-05,4.303276633937867,1.0,1.0,TQQQ,TQQQ
2015-05-06,4.211394929201871,1.0,1.0,TQQQ,TQQQ
2015-05-07,4.2837008933661975,1.0,1.0,TQQQ,TQQQ
2015-05-08,4.440699167332827,1.0,1.0,TQQQ,TQQQ
2015-05-11,4.391963904738417,1.0,1.0,TQQQ,TQQQ
2015-05-12,4.335235842279104,1.0,1.0,TQQQ,TQQQ
2015-05-13,4.357606952366655,1.0,1.0,TQQQ,TQQQ
2015-05-14,4.550559395672769,1.0,1.0,TQQQ,TQQQ
2015-05-15,4.550160331253206,1.0,1.0,TQQQ,TQQQ
2015-05-18,4.606086907360248,1.0,1.0,TQQQ,TQQQ
2015-05-19,4.592904351462083,1.0,1.0,TQQQ,TQQQ
2015-05-20,4.600496647973219,1.0,1.0,TQQQ,TQQQ
2015-05-21,4.67280309178228,1.0,1.0,TQQQ,TQQQ
2015-05-22,4.660018161369473,1.0,1.0,TQQQ,TQQQ
2015-05-26,4.498626821274504,1.0,1.0,TQQQ,TQQQ
2015-05-27,4.715146608637389,1.0,1.0,TQQQ,TQQQ
2015-05-28,4.680392990069739,1.0,1.0,TQQQ,TQQQ
2015-05-29,4.60129429716761,1.0,1.0,TQQQ,TQQQ
2015-06-01,4.641642012280168,1.0,1.0,TQQQ,TQQQ
2015-06-02,4.599297536135588,1.0,1.0,TQQQ,TQQQ
2015-06-03,4.639644291958677,1.0,1.0,TQQQ,TQQQ
2015-06-04,4.538574992322764,1.0,1.0,TQQQ,TQQQ
2015-06-05,4.504218039951002,1.0,1.0,TQQQ,TQQQ
2015-06-08,4.366394523557539,1.0,1.0,TQQQ,TQQQ
2015-06-09,4.344822981243319,1.0,1.0,TQQQ,TQQQ
2015-06-10,4.517002490719074,1.0,1.0,TQQQ,TQQQ
2015-06-11,4.54177134483715,1.0,1.0,TQQQ,TQQQ
2015-06-12,4.426317499597032,1.0,1.0,TQQQ,TQQQ
2015-06-15,4.36519733029885,1.0,1.0,TQQQ,TQQQ
2015-06-16,4.431912555431412,1.0,1.0,TQQQ,TQQQ
2015-06-17,4.46906439767432,1.0,1.0,TQQQ,TQQQ
2015-06-18,4.658022359626922,1.0,1.0,TQQQ,TQQQ
2015-06-19,4.586911670142345,1.0,1.0,TQQQ,TQQQ
2015-06-22,4.697570986610884,1.0,1.0,TQQQ,TQQQ
2015-06-23,4.709154886607121,1.0,1.0,TQQQ,TQQQ
2015-06-24,4.63684844279806,1.0,1.0,TQQQ,TQQQ
2015-06-25,4.60648884964822,1.0,1.0,TQQQ,TQQQ
2015-06-26,4.52099649242785,1.0,1.0,TQQQ,TQQQ
2015-06-29,4.201408725818091,1.0,1.0,TQQQ,TQQQ
2015-06-30,4.249346339218109,1.0,1.0,TQQQ,TQQQ
2015-07-01,4.336433994827262,1.0,1.0,TQQQ,TQQQ
2015-07-02,4.352812423595076,1.0,1.0,TQQQ,TQQQ
2015-07-06,4.316059166126995,1.0,1.0,TQQQ,TQQQ
2015-07-07,4.338033130373924,1.0,1.0,TQQQ,TQQQ
2015-07-08,4.120709938079828,1.0,1.0,TQQQ,TQQQ
2015-07-09,4.120709938079828,0.0,0.0,CASH,TQQQ
2015-07-10,4.120709938079828,0.0,0.0,CASH,TQQQ
2015-07-13,4.331280933679988,1.0,1.0,TQQQ,TQQQ
2015-07-14,4.418190275857031,1.0,1.0,TQQQ,TQQQ
2015-07-15,4.4392482028405045,1.0,1.0,TQQQ,TQQQ
2015-07-16,4.612683514326129,1.0,1.0,TQQQ,TQQQ
2015-07-17,4.823638802154147,1.0,1.0,TQQQ,TQQQ
2015-07-20,4.877621287535159,1.0,1.0,TQQQ,TQQQ
2015-07-21,4.8642211646472475,1.0,1.0,TQQQ,TQQQ
2015-07-22,4.704567969878901,1.0,1.0,TQQQ,TQQQ
2015-07-23,4.6482889247247074,1.0,1.0,TQQQ,TQQQ
2015-07-24,4.516201802109709,1.0,1.0,TQQQ,TQQQ
2015-07-27,4.4001970334227565,1.0,1.0,TQQQ,TQQQ
2015-07-28,4.516201802109708,1.0,1.0,TQQQ,TQQQ
2015-07-29,4.566738988151251,1.0,1.0,TQQQ,TQQQ
2015-07-30,4.6302933838919405,1.0,1.0,TQQQ,TQQQ
2015-07-31,4.616127894306201,1.0,1.0,TQQQ,TQQQ
2015-08-03,4.573631425548984,1.0,1.0,TQQQ,TQQQ
2015-08-04,4.544149868092424,1.0,1.0,TQQQ,TQQQ
2015-08-05,4.650585944177586,1.0,1.0,TQQQ,TQQQ
2015-08-06,4.427379273027946,1.0,1.0,TQQQ,TQQQ
2015-08-07,4.409767105063642,1.0,1.0,TQQQ,TQQQ
2015-08-10,4.558698270866927,1.0,1.0,TQQQ,TQQQ
2015-08-11,4.384882804270729,1.0,1.0,TQQQ,TQQQ
2015-08-12,4.42354922178092,1.0,1.0,TQQQ,TQQQ
2015-08-13,4.403640494043435,1.0,1.0,TQQQ,TQQQ
2015-08-14,4.427379273027947,1.0,1.0,TQQQ,TQQQ
2015-08-17,4.536110529847196,1.0,1.0,TQQQ,TQQQ
2015-08-18,4.463750050124354,1.0,1.0,TQQQ,TQQQ
2015-08-19,4.3799040134574145,1.0,1.0,TQQQ,TQQQ
2015-08-20,4.019251273768887,1.0,1.0,TQQQ,TQQQ
2015-08-21,4.019251273768887,0.0,0.0,CASH,TQQQ
2015-08-24,4.019251273768887,0.0,0.0,CASH,TQQQ
2015-08-25,4.019251273768887,0.0,0.0,CASH,SOXL
2015-08-26,4.019251273768887,0.0,0.0,CASH,TQQQ
2015-08-27,4.019251273768887,0.0,0.0,CASH,TQQQ
2015-08-28,4.019251273768887,0.0,0.0,CASH,TQQQ
2015-08-31,4.019251273768887,0.0,0.0,CASH,TQQQ
2015-09-01,4.019251273768887,0.0,0.0,CASH,TQQQ
2015-09-02,4.019251273768887,0.0,0.0,CASH,TQQQ
2015-09-03,4.019251273768887,0.0,0.0,CASH,TQQQ
2015-09-04,4.019251273768887,0.0,0.0,CASH,TQQQ
2015-09-08,4.019251273768887,0.0,0.0,CASH,TQQQ
2015-09-09,4.019251273768887,0.0,0.0,CASH,TQQQ
2015-09-10,4.019251273768887,0.0,0.0,CASH,TQQQ
2015-09-11,4.019251273768887,0.0,0.0,CASH,TQQQ
2015-09-14,4.019251273768887,0.0,0.0,CASH,TQQQ
2015-09-15,4.019251273768887,0.0,0.0,CASH,TQQQ
2015-09-16,4.019251273768887,0.0,0.0,CASH,TQQQ
2015-09-17,4.019251273768887,0.0,0.0,CASH,TQQQ
2015-09-18,4.019251273768887,0.0,0.0,CASH,TQQQ
2015-09-21,4.019251273768887,0.0,0.0,CASH,TQQQ
2015-09-22,4.019251273768887,0.0,0.0,CASH,TQQQ
2015-09-23,4.019251273768887,0.0,0.0,CASH,TQQQ
2015-09-24,4.019251273768887,0.0,0.0,CASH,TQQQ
2015-09-25,4.019251273768887,0.0,0.0,CASH,TQQQ
2015-09-28,4.019251273768887,0.0,0.0,CASH,TQQQ
2015-09-29,4.019251273768887,0.0,0.0,CASH,TQQQ
2015-09-30,4.019251273768887,0.0,0.0,CASH,TQQQ
2015-10-01,4.019251273768887,0.0,0.0,CASH,TQQQ
2015-10-02,4.019251273768887,0.0,0.0,CASH,TQQQ
2015-10-05,4.019251273768887,0.0,0.0,CASH,TQQQ
2015-10-06,4.019251273768887,0.0,0.0,CASH,TQQQ
2015-10-07,4.019251273768887,0.0,0.0,CASH,TQQQ
2015-10-08,4.019251273768887,0.0,0.0,CASH,TQQQ
2015-10-09,4.019251273768887,0.0,0.0,CASH,TQQQ
2015-10-12,4.019251273768887,0.0,0.0,CASH,TQQQ
2015-10-13,4.019251273768887,0.0,0.0,CASH,TQQQ
2015-10-14,4.019251273768887,0.0,0.0,CASH,TQQQ
2015-10-15,4.019251273768887,0.0,0.0,CASH,TQQQ
2015-10-16,4.019251273768887,0.0,0.0,CASH,TQQQ
2015-10-19,4.019251273768887,0.0,0.0,CASH,TQQQ
2015-10-20,3.952631544275776,1.0,1.0,TQQQ,TQQQ
2015-10-21,3.8890377738568076,1.0,1.0,TQQQ,TQQQ
2015-10-22,4.119563316876217,1.0,1.0,TQQQ,TQQQ
2015-10-23,4.462133425306802,1.0,1.0,TQQQ,TQQQ
2015-10-26,4.475382563025249,1.0,1.0,TQQQ,TQQQ
2015-10-27,4.504530938696649,1.0,1.0,TQQQ,TQQQ
2015-10-28,4.60900469812148,1.0,1.0,TQQQ,TQQQ
2015-10-29,4.591971520863935,1.0,1.0,TQQQ,TQQQ
2015-10-30,4.529134012971157,1.0,1.0,TQQQ,TQQQ
2015-11-02,4.683575182802795,1.0,1.0,TQQQ,TQQQ
2015-11-03,4.728243756194669,1.0,1.0,TQQQ,TQQQ
2015-11-04,4.7301348669948355,1.0,1.0,TQQQ,TQQQ
2015-11-05,4.6884977064934,1.0,1.0,TQQQ,TQQQ
2015-11-06,4.704016086275108,1.0,1.0,TQQQ,TQQQ
2015-11-09,4.552604511395142,1.0,1.0,TQQQ,TQQQ
2015-11-10,4.5204279042261435,1.0,1.0,TQQQ,TQQQ
2015-11-11,4.500365586501616,1.0,1.0,TQQQ,TQQQ
2015-11-12,4.369772137387676,1.0,1.0,TQQQ,TQQQ
2015-11-13,4.112750136870137,1.0,1.0,TQQQ,TQQQ
2015-11-16,4.2842244839593215,1.0,1.0,TQQQ,TQQQ
2015-11-17,4.298987964668915,1.0,1.0,TQQQ,TQQQ
2015-11-18,4.545412745641276,1.0,1.0,TQQQ,TQQQ
2015-11-19,4.552225471162664,1.0,1.0,TQQQ,TQQQ
2015-11-20,4.642694284827549,1.0,1.0,TQQQ,TQQQ
2015-11-23,4.605218386158924,1.0,1.0,TQQQ,TQQQ
2015-11-24,4.590835763620574,1.0,1.0,TQQQ,TQQQ
2015-11-25,4.6010562153567305,1.0,1.0,TQQQ,TQQQ
2015-11-27,4.617709443412417,1.0,1.0,TQQQ,TQQQ
2015-11-30,4.5885642491338565,1.0,1.0,TQQQ,TQQQ
2015-12-01,4.724836484464592,1.0,1.0,TQQQ,TQQQ
2015-12-02,4.638909336319069,1.0,1.0,TQQQ,TQQQ
2015-12-03,4.402326875819771,1.0,1.0,TQQQ,TQQQ
2015-12-04,4.7047732577706824,1.0,1.0,TQQQ,TQQQ
2015-12-07,4.6472359503469125,1.0,1.0,TQQQ,TQQQ
2015-12-08,4.64761499057939,1.0,1.0,TQQQ,TQQQ
2015-12-09,4.43109530228931,1.0,1.0,TQQQ,TQQQ
2015-12-10,4.493930537758632,1.0,1.0,TQQQ,TQQQ
2015-12-11,4.1858062785603085,1.0,1.0,TQQQ,TQQQ
2015-12-14,4.279682818439961,1.0,1.0,TQQQ,TQQQ
2015-12-15,4.352359919897654,1.0,1.0,TQQQ,TQQQ
2015-12-16,4.544654210691631,1.0,1.0,TQQQ,TQQQ
2015-12-17,4.355388605879945,1.0,1.0,TQQQ,TQQQ
2015-12-18,4.116156045146142,1.0,1.0,TQQQ,TQQQ
2015-12-21,4.238421062293474,1.0,1.0,TQQQ,TQQQ
2015-12-22,4.318670787676275,1.0,1.0,TQQQ,TQQQ
2015-12-23,4.417468487792459,1.0,1.0,TQQQ,TQQQ
2015-12-24,4.408382884330279,1.0,1.0,TQQQ,TQQQ
2015-12-28,4.407247581571611,1.0,1.0,TQQQ,TQQQ
2015-12-29,4.608247981110599,1.0,1.0,TQQQ,TQQQ
2015-12-30,4.490523266028556,1.0,1.0,TQQQ,TQQQ
2015-12-31,4.323971897114666,1.0,1.0,TQQQ,TQQQ
2016-01-04,4.059755858419805,1.0,1.0,TQQQ,TQQQ
2016-01-05,4.023415716994538,1.0,1.0,TQQQ,TQQQ
2016-01-06,3.91553468583963,1.0,1.0,TQQQ,TQQQ
2016-01-07,3.91553468583963,0.0,0.0,CASH,TQQQ
2016-01-08,3.91553468583963,0.0,0.0,CASH,TQQQ
2016-01-11,3.91553468583963,0.0,0.0,CASH,TQQQ
2016-01-12,3.91553468583963,0.0,0.0,CASH,TQQQ
2016-01-13,3.91553468583963,0.0,0.0,CASH,TQQQ
2016-01-14,3.91553468583963,0.0,0.0,CASH,TQQQ
2016-01-15,3.91553468583963,0.0,0.0,CASH,TQQQ
2016-01-19,3.91553468583963,0.0,0.0,CASH,TQQQ
2016-01-20,3.91553468583963,0.0,0.0,CASH,TQQQ
2016-01-21,3.91553468583963,0.0,0.0,CASH,TQQQ
2016-01-22,3.91553468583963,0.0,0.0,CASH,TQQQ
2016-01-25,3.91553468583963,0.0,0.0,CASH,TQQQ
2016-01-26,3.91553468583963,0.0,0.0,CASH,TQQQ
2016-01-27,3.91553468583963,0.0,0.0,CASH,TQQQ
2016-01-28,3.91553468583963,0.0,0.0,CASH,TQQQ
2016-01-29,3.91553468583963,0.0,0.0,CASH,TQQQ
2016-02-01,3.91553468583963,0.0,0.0,CASH,TQQQ
2016-02-02,3.91553468583963,0.0,0.0,CASH,TQQQ
2016-02-03,3.91553468583963,0.0,0.0,CASH,TQQQ
2016-02-04,3.91553468583963,0.0,0.0,CASH,TQQQ
2016-02-05,3.91553468583963,0.0,0.0,CASH,TQQQ
2016-02-08,3.91553468583963,0.0,0.0,CASH,TQQQ
2016-02-09,3.91553468583963,0.0,0.0,CASH,SOXL
2016-02-10,3.91553468583963,0.0,0.0,CASH,TQQQ
2016-02-11,3.91553468583963,0.0,0.0,CASH,TQQQ
2016-02-12,3.91553468583963,0.0,0.0,CASH,TQQQ
2016-02-16,3.91553468583963,0.0,0.0,CASH,TQQQ
2016-02-17,3.91553468583963,0.0,0.0,CASH,TQQQ
2016-02-18,3.91553468583963,0.0,0.0,CASH,TQQQ
2016-02-19,3.91553468583963,0.0,0.0,CASH,TQQQ
2016-02-22,3.91553468583963,0.0,0.0,CASH,TQQQ
2016-02-23,3.91553468583963,0.0,0.0,CASH,TQQQ
2016-02-24,3.91553468583963,0.0,0.0,CASH,TQQQ
2016-02-25,3.91553468583963,0.0,0.0,CASH,TQQQ
2016-02-26,3.91553468583963,0.0,0.0,CASH,TQQQ
2016-02-29,3.91553468583963,0.0,0.0,CASH,TQQQ
2016-03-01,3.91553468583963,0.0,0.0,CASH,TQQQ
2016-03-02,3.91553468583963,0.0,0.0,CASH,SOXL
2016-03-03,3.91553468583963,0.0,0.0,CASH,SOXL
2016-03-04,3.91553468583963,0.0,0.0,CASH,SOXL
2016-03-07,3.9594009754241837,1.0,1.0,SOXL,SOXL
2016-03-08,3.6897001061387646,1.0,1.0,SOXL,SOXL
2016-03-09,3.6897001061387646,0.0,0.0,CASH,SOXL
2016-03-10,3.6897001061387646,0.0,0.0,CASH,SOXL
2016-03-11,3.6897001061387646,0.0,0.0,CASH,SOXL
2016-03-14,3.646865713744481,1.0,1.0,SOXL,SOXL
2016-03-15,3.6261879022639016,1.0,1.0,SOXL,SOXL
2016-03-16,3.7266266767840275,1.0,1.0,SOXL,SOXL
2016-03-17,3.8078669897353774,1.0,1.0,SOXL,SOXL
2016-03-18,3.960001163674969,1.0,1.0,SOXL,SOXL
2016-03-21,3.9792039788338327,1.0,1.0,SOXL,SOXL
2016-03-22,3.9688644926148644,1.0,1.0,SOXL,SOXL
2016-03-23,3.8093416958177535,1.0,1.0,SOXL,SOXL
2016-03-24,3.800479237595875,1.0,1.0,SOXL,SOXL
2016-03-28,3.796047573125927,1.0,1.0,SOXL,SOXL
2016-03-29,3.9408015411488355,1.0,1.0,SOXL,SOXL
2016-03-30,4.0589658125913965,1.0,1.0,SOXL,SOXL
2016-03-31,3.989544626010157,1.0,1.0,SOXL,SOXL
2016-04-01,4.067828270813275,1.0,1.0,SOXL,SOXL
2016-04-04,3.955570950401717,1.0,1.0,SOXL,SOXL
2016-04-05,3.8846712846266915,1.0,1.0,SOXL,SOXL
2016-04-06,4.002838168223304,1.0,1.0,SOXL,SOXL
2016-04-07,3.815250098045451,1.0,1.0,SOXL,SOXL
2016-04-08,3.8728562216073286,1.0,1.0,SOXL,SOXL
2016-04-11,3.8669469486616124,1.0,1.0,SOXL,SOXL
2016-04-12,3.8551318856422507,1.0,1.0,SOXL,SOXL
2016-04-13,4.1180483836716855,1.0,1.0,SOXL,SOXL
2016-04-14,4.017608448194203,1.0,1.0,SOXL,SOXL
2016-04-15,3.90978366297061,1.0,1.0,SOXL,SOXL
2016-04-18,3.9156903237622736,1.0,1.0,SOXL,SOXL
2016-04-19,3.766508464380826,1.0,1.0,SOXL,SOXL
2016-04-20,3.877287305598599,1.0,1.0,SOXL,SOXL
2016-04-21,3.809341695817753,1.0,1.0,SOXL,SOXL
2016-04-22,3.8300226999310634,1.0,1.0,SOXL,SOXL
2016-04-25,3.760598610956432,1.0,1.0,SOXL,SOXL
2016-04-26,3.9112589495316654,1.0,1.0,SOXL,SOXL
2016-04-27,4.036809521917032,1.0,1.0,SOXL,SOXL
2016-04-28,3.7118558163344506,1.0,1.0,SOXL,SOXL
2016-04-29,3.4267836081093295,1.0,1.0,SOXL,SOXL
2016-05-02,3.4267836081093295,0.0,0.0,CASH,SOXL
2016-05-03,3.4267836081093295,0.0,0.0,CASH,SOXL
2016-05-04,3.4267836081093295,0.0,0.0,CASH,SOXL
2016-05-05,3.4267836081093295,0.0,0.0,CASH,SOXL
2016-05-06,3.4267836081093295,0.0,0.0,CASH,SOXL
2016-05-09,3.4267836081093295,0.0,0.0,CASH,SOXL
2016-05-10,3.4267836081093295,0.0,0.0,CASH,SOXL
2016-05-11,3.4267836081093295,0.0,0.0,CASH,SOXL
2016-05-12,3.4267836081093295,0.0,0.0,CASH,SOXL
2016-05-13,3.4267836081093295,0.0,0.0,CASH,SOXL
2016-05-16,3.4267836081093295,0.0,0.0,CASH,SOXL
2016-05-17,3.4267836081093295,0.0,0.0,CASH,SOXL
2016-05-18,3.4267836081093295,0.0,0.0,CASH,SOXL
2016-05-19,3.4267836081093295,0.0,0.0,CASH,SOXL
2016-05-20,3.4267836081093295,0.0,0.0,CASH,SOXL
2016-05-23,3.501427123292557,1.0,1.0,SOXL,SOXL
2016-05-24,3.755213048182382,1.0,1.0,SOXL,SOXL
2016-05-25,3.8217122962108148,1.0,1.0,SOXL,SOXL
2016-05-26,3.859712209381166,1.0,1.0,SOXL,SOXL
2016-05-27,3.930284924364068,1.0,1.0,SOXL,SOXL
2016-05-31,3.99406968334965,1.0,1.0,SOXL,SOXL
2016-06-01,4.063284753798005,1.0,1.0,SOXL,SOXL
2016-06-02,4.060570264755154,1.0,1.0,SOXL,SOXL
2016-06-03,4.098568844548434,1.0,1.0,SOXL,SOXL
2016-06-06,4.067355553998331,1.0,1.0,SOXL,SOXL
2016-06-07,4.18678507162133,1.0,1.0,SOXL,SOXL
2016-06-08,4.175925248722026,1.0,1.0,SOXL,SOXL
2016-06-09,4.192212449654544,1.0,1.0,SOXL,SOXL
2016-06-10,3.981855949371601,1.0,1.0,SOXL,SOXL
2016-06-13,3.927569101944145,1.0,1.0,SOXL,SOXL
2016-06-14,3.9167122124744,1.0,1.0,SOXL,SOXL
2016-06-15,3.91807065703519,1.0,1.0,SOXL,SOXL
2016-06-16,3.9139982567823783,1.0,1.0,SOXL,SOXL
2016-06-17,3.816284651502185,1.0,1.0,SOXL,SOXL
2016-06-20,3.945212614034139,1.0,1.0,SOXL,SOXL
2016-06-21,3.9859270162473406,1.0,1.0,SOXL,SOXL
2016-06-22,3.9682837708327616,1.0,1.0,SOXL,SOXL
2016-06-23,4.277712854307517,1.0,1.0,SOXL,SOXL
2016-06-24,3.555713437369184,1.0,1.0,SOXL,SOXL
2016-06-27,3.1322851477342035,1.0,1.0,SOXL,SOXL
2016-06-28,3.1322851477342035,0.0,0.0,CASH,SOXL
2016-06-29,3.3207503410228796,1.0,1.0,SOXL,SOXL
2016-06-30,3.501676620441248,1.0,1.0,SOXL,SOXL
2016-07-01,3.388597356336384,1.0,1.0,SOXL,SOXL
2016-07-05,3.217721563057207,1.0,1.0,SOXL,SOXL
2016-07-06,3.2315437281064296,1.0,1.0,SOXL,SOXL
2016-07-07,3.349647618065646,1.0,1.0,SOXL,SOXL
2016-07-08,3.631089128092023,1.0,1.0,SOXL,SOXL
2016-07-11,3.750449915173119,1.0,1.0,SOXL,SOXL
2016-07-12,3.903733345809627,1.0,1.0,SOXL,SOXL
2016-07-13,3.913787041468085,1.0,1.0,SOXL,SOXL
2016-07-14,3.999223950563284,1.0,1.0,SOXL,SOXL
2016-07-15,3.9904281395710957,1.0,1.0,SOXL,SOXL
2016-07-18,4.170098756298071,1.0,1.0,SOXL,SOXL
2016-07-19,4.121096556799362,1.0,1.0,SOXL,SOXL
2016-07-20,4.319614458202106,1.0,1.0,SOXL,SOXL
2016-07-21,4.229151441935971,1.0,1.0,SOXL,SOXL
2016-07-22,4.295742547671985,1.0,1.0,SOXL,SOXL
2016-07-25,4.36484547256298,1.0,1.0,SOXL,SOXL
2016-07-26,4.897572837134502,1.0,1.0,SOXL,SOXL
2016-07-27,4.867418169197661,1.0,1.0,SOXL,SOXL
2016-07-28,4.790775836664164,1.0,1.0,SOXL,SOXL
2016-07-29,4.717901479749236,1.0,1.0,SOXL,SOXL
2016-08-01,4.74303201560392,1.0,1.0,SOXL,SOXL
2016-08-02,4.5156173309306045,1.0,1.0,SOXL,SOXL
2016-08-03,4.547027167786644,1.0,1.0,SOXL,SOXL
2016-08-04,4.66513204529025,1.0,1.0,SOXL,SOXL
2016-08-05,4.8435452711231495,1.0,1.0,SOXL,SOXL
2016-08-08,4.8234423237559865,1.0,1.0,SOXL,SOXL
2016-08-09,4.947829958666312,1.0,1.0,SOXL,SOXL
2016-08-10,4.833495031870055,1.0,1.0,SOXL,SOXL
2016-08-11,4.902597462988855,1.0,1.0,SOXL,SOXL
2016-08-12,4.96541960556191,1.0,1.0,SOXL,SOXL
2016-08-15,5.171473705087891,1.0,1.0,SOXL,SOXL
2016-08-16,5.0609087289989825,1.0,1.0,SOXL,SOXL
2016-08-17,5.058396909844001,1.0,1.0,SOXL,SOXL
2016-08-18,5.170216561079914,1.0,1.0,SOXL,SOXL
2016-08-19,5.304657397876503,1.0,1.0,SOXL,SOXL
2016-08-22,5.310938673966638,1.0,1.0,SOXL,SOXL
2016-08-23,5.396375583061837,1.0,1.0,SOXL,SOXL
2016-08-24,5.25691160172748,1.0,1.0,SOXL,SOXL
2016-08-25,5.320988419447539,1.0,1.0,SOXL,SOXL
2016-08-26,5.395120414142639,1.0,1.0,SOXL,SOXL
2016-08-29,5.450403149073191,1.0,1.0,SOXL,SOXL
2016-08-30,5.402658834240752,1.0,1.0,SOXL,SOXL
2016-08-31,5.406427797403711,1.0,1.0,SOXL,SOXL
2016-09-01,5.548405079209634,1.0,1.0,SOXL,SOXL
2016-09-02,5.518250411272793,1.0,1.0,SOXL,SOXL
2016-09-06,5.471761759131748,1.0,1.0,SOXL,SOXL
2016-09-07,5.35114407492877,1.0,1.0,SOXL,SOXL
2016-09-08,5.327274633259623,1.0,1.0,SOXL,SOXL
2016-09-09,4.740518715132357,1.0,1.0,SOXL,SOXL
2016-09-12,5.024471797427618,1.0,1.0,SOXL,SOXL
2016-09-13,4.878726046230931,1.0,1.0,SOXL,SOXL
2016-09-14,5.018191015109679,1.0,1.0,SOXL,SOXL
2016-09-15,5.364966239977994,1.0,1.0,SOXL,SOXL
2016-09-16,5.36747855290517,1.0,1.0,SOXL,SOXL
2016-09-19,5.393863270134663,1.0,1.0,SOXL,SOXL
2016-09-20,5.326016501707256,1.0,1.0,SOXL,SOXL
2016-09-21,5.534583901704804,1.0,1.0,SOXL,SOXL
2016-09-22,5.598661706969252,1.0,1.0,SOXL,SOXL
2016-09-23,5.420248974908547,1.0,1.0,SOXL,SOXL
2016-09-26,5.251887469645325,1.0,1.0,SOXL,SOXL
2016-09-27,5.534583901704805,1.0,1.0,SOXL,SOXL
2016-09-28,5.571021820820561,1.0,1.0,SOXL,SOXL
2016-09-29,5.775818776338563,1.0,1.0,SOXL,SOXL
2016-09-30,6.044695018437599,1.0,1.0,SOXL,SOXL
2016-10-03,5.919051227063685,1.0,1.0,SOXL,SOXL
2016-10-04,5.873819718930617,1.0,1.0,SOXL,SOXL
2016-10-05,6.010770893565604,1.0,1.0,SOXL,SOXL
2016-10-06,6.115057062425351,1.0,1.0,SOXL,SOXL
2016-10-07,6.079875793545378,1.0,1.0,SOXL,SOXL
2016-10-10,5.989412283507049,1.0,1.0,SOXL,SOXL
2016-10-11,5.614994209856873,1.0,1.0,SOXL,SOXL
2016-10-12,5.5521745361447925,1.0,1.0,SOXL,SOXL
2016-10-13,5.351144074928774,1.0,1.0,SOXL,SOXL
2016-10-14,5.481814467245819,1.0,1.0,SOXL,SOXL
2016-10-17,5.388836175419338,1.0,1.0,SOXL,SOXL
2016-10-18,5.586097179700203,1.0,1.0,SOXL,SOXL
2016-10-19,5.50317455862096,1.0,1.0,SOXL,SOXL
2016-10-20,5.621278448580176,1.0,1.0,SOXL,SOXL
2016-10-21,5.5760454591305235,1.0,1.0,SOXL,SOXL
2016-10-24,5.886384739971863,1.0,1.0,SOXL,SOXL
2016-10-25,5.87256356246703,1.0,1.0,SOXL,SOXL
2016-10-26,5.838640425139424,1.0,1.0,SOXL,SOXL
2016-10-27,5.760740948597949,1.0,1.0,SOXL,SOXL
2016-10-28,5.6614833557701125,1.0,1.0,SOXL,SOXL
2016-10-31,5.75069021557266,1.0,1.0,SOXL,SOXL
2016-11-01,5.588608998855184,1.0,1.0,SOXL,SOXL
2016-11-02,5.4767873725304925,1.0,1.0,SOXL,SOXL
2016-11-03,5.440351922275711,1.0,1.0,SOXL,SOXL
2016-11-04,5.344861317522054,1.0,1.0,SOXL,SOXL
2016-11-07,5.807228119422409,1.0,1.0,SOXL,SOXL
2016-11-08,5.84492071368517,1.0,1.0,SOXL,SOXL
2016-11-09,5.751947359580638,1.0,1.0,SOXL,SOXL
2016-11-10,5.391350957207489,1.0,1.0,SOXL,SOXL
2016-11-11,5.999462522760143,1.0,1.0,SOXL,SOXL
2016-11-14,5.8989497610131085,1.0,1.0,SOXL,SOXL
2016-11-15,6.239441240930316,1.0,1.0,SOXL,SOXL
2016-11-16,6.455548048570366,1.0,1.0,SOXL,SOXL
2016-11-17,6.666629242811673,1.0,1.0,SOXL,SOXL
2016-11-18,6.803580417446659,1.0,1.0,SOXL,SOXL
2016-11-21,6.894043927484988,1.0,1.0,SOXL,SOXL
2016-11-22,7.170459577226526,1.0,1.0,SOXL,SOXL
2016-11-23,7.19935710115539,1.0,1.0,SOXL,SOXL
2016-11-25,7.229510781547843,1.0,1.0,SOXL,SOXL
2016-11-28,7.169200951901964,1.0,1.0,SOXL,SOXL
2016-11-29,7.12773988824844,1.0,1.0,SOXL,SOXL
2016-11-30,6.999582796402961,1.0,1.0,SOXL,SOXL
2016-12-01,5.96428322896895,1.0,1.0,SOXL,SOXL
2016-12-02,6.195465889260836,1.0,1.0,SOXL,SOXL
2016-12-05,6.421623429926174,1.0,1.0,SOXL,SOXL
2016-12-06,6.687988840414618,1.0,1.0,SOXL,SOXL
2016-12-07,7.111404916499847,1.0,1.0,SOXL,SOXL
2016-12-08,7.293589080584485,1.0,1.0,SOXL,SOXL
2016-12-09,7.201867932765982,1.0,1.0,SOXL,SOXL
2016-12-12,7.038533028445893,1.0,1.0,SOXL,SOXL
2016-12-13,7.275999927461084,1.0,1.0,SOXL,SOXL
2016-12-14,7.2596639681681,1.0,1.0,SOXL,SOXL
2016-12-15,7.641621943232974,1.0,1.0,SOXL,SOXL
2016-12-16,7.392847660956711,1.0,1.0,SOXL,SOXL
2016-12-19,7.622775646101593,1.0,1.0,SOXL,SOXL
2016-12-20,7.836559255565078,1.0,1.0,SOXL,SOXL
2016-12-21,7.836559255565078,1.0,1.0,SOXL,SOXL
2016-12-22,7.96293531110389,1.0,1.0,SOXL,SOXL
2016-12-23,8.081411505297991,1.0,1.0,SOXL,SOXL
2016-12-27,8.376282384592622,1.0,1.0,SOXL,SOXL
2016-12-28,7.8892141348748686,1.0,1.0,SOXL,SOXL
2016-12-29,7.887898725747904,1.0,1.0,SOXL,SOXL
2016-12-30,7.516673876881542,1.0,1.0,SOXL,SOXL
2017-01-03,7.528520459379344,1.0,1.0,SOXL,SOXL
2017-01-04,7.596971604973194,1.0,1.0,SOXL,SOXL
2017-01-05,7.387664534227827,1.0,1.0,SOXL,SOXL
2017-01-06,7.565377591088493,1.0,1.0,SOXL,SOXL
2017-01-09,7.8089149254666355,1.0,1.0,SOXL,SOXL
2017-01-10,7.9273911196607365,1.0,1.0,SOXL,SOXL
2017-01-11,8.002428198788918,1.0,1.0,SOXL,SOXL
2017-01-12,7.7957489836643115,1.0,1.0,SOXL,SOXL
2017-01-13,7.9431868921726005,1.0,1.0,SOXL,SOXL
2017-01-17,7.561429882391013,1.0,1.0,SOXL,SOXL
2017-01-18,7.877367552377069,1.0,1.0,SOXL,SOXL
2017-01-19,7.769423025325999,1.0,1.0,SOXL,SOXL
2017-01-20,8.07087983815496,1.0,1.0,SOXL,SOXL
2017-01-23,7.911593865832286,1.0,1.0,SOXL,SOXL
2017-01-24,8.38155290899999,1.0,1.0,SOXL,SOXL
2017-01-25,8.750144964523642,1.0,1.0,SOXL,SOXL
2017-01-26,8.597443938190908,1.0,1.0,SOXL,SOXL
2017-01-27,8.923909325142438,1.0,1.0,SOXL,SOXL
2017-01-30,8.781736509547372,1.0,1.0,SOXL,SOXL
2017-01-31,8.439473374995199,1.0,1.0,SOXL,SOXL
2017-02-01,8.840977322391494,1.0,1.0,SOXL,SOXL
2017-02-02,8.818595616345299,1.0,1.0,SOXL,SOXL
2017-02-03,8.971298617766811,1.0,1.0,SOXL,SOXL
2017-02-06,9.064763768977372,1.0,1.0,SOXL,SOXL
2017-02-07,9.164813866177873,1.0,1.0,SOXL,SOXL
2017-02-08,9.209566415281978,1.0,1.0,SOXL,SOXL
2017-02-09,8.968668787057272,1.0,1.0,SOXL,SOXL
2017-02-10,8.94760249013804,1.0,1.0,SOXL,SOXL
2017-02-13,9.010790517907447,1.0,1.0,SOXL,SOXL
2017-02-14,8.91601292020309,1.0,1.0,SOXL,SOXL
2017-02-15,9.138485932750783,1.0,1.0,SOXL,SOXL
2017-02-16,9.172706320939662,1.0,1.0,SOXL,SOXL
2017-02-17,9.320146698308925,1.0,1.0,SOXL,SOXL
2017-02-21,9.720335236578254,1.0,1.0,SOXL,SOXL
2017-02-22,9.721650645705218,1.0,1.0,SOXL,SOXL
2017-02-23,9.238530104684944,1.0,1.0,SOXL,SOXL
2017-02-24,9.222735319717469,1.0,1.0,SOXL,SOXL
2017-02-27,9.48864744733108,1.0,1.0,SOXL,SOXL
2017-02-28,9.121369813390002,1.0,1.0,SOXL,SOXL
2017-03-01,9.549204656846557,1.0,1.0,SOXL,SOXL
2017-03-02,9.253009480525455,1.0,1.0,SOXL,SOXL
2017-03-03,9.235895336253456,1.0,1.0,SOXL,SOXL
2017-03-06,9.250379649815915,1.0,1.0,SOXL,SOXL
2017-03-07,9.314881111623507,1.0,1.0,SOXL,SOXL
2017-03-08,9.38333472607833,1.0,1.0,SOXL,SOXL
2017-03-09,9.428092212904383,1.0,1.0,SOXL,SOXL
2017-03-10,9.753243178273337,1.0,1.0,SOXL,SOXL
2017-03-13,9.979666368379482,1.0,1.0,SOXL,SOXL
2017-03-14,9.887518601384665,1.0,1.0,SOXL,SOXL
2017-03-15,10.127104770659965,1.0,1.0,SOXL,SOXL
2017-03-16,10.08761188297494,1.0,1.0,SOXL,SOXL
2017-03-17,10.14289955562744,1.0,1.0,SOXL,SOXL
2017-03-20,10.369319783100417,1.0,1.0,SOXL,SOXL
2017-03-21,9.647933419653755,1.0,1.0,SOXL,SOXL
2017-03-22,9.95597024075071,1.0,1.0,SOXL,SOXL
2017-03-23,9.87962022135654,1.0,1.0,SOXL,SOXL
2017-03-24,10.08761188297494,1.0,1.0,SOXL,SOXL
2017-03-27,10.14026577474034,1.0,1.0,SOXL,SOXL
2017-03-28,10.241631281067805,1.0,1.0,SOXL,SOXL
2017-03-29,10.156063522340983,1.0,1.0,SOXL,SOXL
2017-03-30,10.329826895415389,1.0,1.0,SOXL,SOXL
2017-03-31,10.31008193288946,1.0,1.0,SOXL,SOXL
2017-04-03,10.131053960674027,1.0,1.0,SOXL,SOXL
2017-04-04,10.177096843962982,1.0,1.0,TQQQ,TQQQ
2017-04-05,10.060846423458738,1.0,1.0,TQQQ,TQQQ
2017-04-06,10.068903150691412,1.0,1.0,TQQQ,TQQQ
2017-04-07,10.057391566154847,1.0,1.0,TQQQ,TQQQ
2017-04-10,10.068903150691412,1.0,1.0,TQQQ,TQQQ
2017-04-11,9.942294377018642,1.0,1.0,TQQQ,TQQQ
2017-04-12,9.81108235147417,1.0,1.0,TQQQ,TQQQ
2017-04-13,9.694829167084084,1.0,1.0,TQQQ,TQQQ
2017-04-17,9.925029764099639,1.0,1.0,TQQQ,TQQQ
2017-04-18,9.896254948586993,1.0,1.0,TQQQ,TQQQ
2017-04-19,9.930782101510617,1.0,1.0,TQQQ,TQQQ
2017-04-20,10.17134036072324,1.0,1.0,TQQQ,TQQQ
2017-04-21,10.166738490794458,1.0,1.0,TQQQ,TQQQ
2017-04-24,10.53620645864424,1.0,1.0,TQQQ,TQQQ
2017-04-25,10.769857767134923,1.0,1.0,TQQQ,TQQQ
2017-04-26,10.722667180249616,1.0,1.0,TQQQ,TQQQ
2017-04-27,10.910278369337188,1.0,1.0,TQQQ,TQQQ
2017-04-28,10.97243332514857,1.0,1.0,TQQQ,TQQQ
2017-05-01,11.248671277681396,1.0,1.0,TQQQ,TQQQ
2017-05-02,11.315432249250323,1.0,1.0,TQQQ,TQQQ
2017-05-03,11.203784389646323,1.0,1.0,TQQQ,TQQQ
2017-05-04,11.215294592239966,1.0,1.0,TQQQ,TQQQ
2017-05-05,11.33729804112665,1.0,1.0,TQQQ,TQQQ
2017-05-08,11.40520740726339,1.0,1.0,TQQQ,TQQQ
2017-05-09,11.530669859282728,1.0,1.0,TQQQ,TQQQ
2017-05-10,11.549079411912242,1.0,1.0,TQQQ,TQQQ
2017-05-11,11.521457827767634,1.0,1.0,TQQQ,TQQQ
2017-05-12,11.596274144626314,1.0,1.0,TQQQ,TQQQ
2017-05-15,11.704462310126196,1.0,1.0,TQQQ,TQQQ
2017-05-16,11.851794008879166,1.0,1.0,TQQQ,TQQQ
2017-05-17,10.955168712229568,1.0,1.0,TQQQ,TQQQ
2017-05-18,11.23255782321605,1.0,1.0,TQQQ,TQQQ
2017-05-19,11.368377937432454,1.0,1.0,TQQQ,TQQQ
2017-05-22,11.663030279395016,1.0,1.0,TQQQ,TQQQ
2017-05-23,11.691805094907663,1.0,1.0,TQQQ,TQQQ
2017-05-24,11.852943785389899,1.0,1.0,TQQQ,TQQQ
2017-05-25,12.16486488610023,1.0,1.0,TQQQ,TQQQ
2017-05-26,12.216658724857242,1.0,1.0,TQQQ,TQQQ
2017-05-30,12.241984210837684,1.0,1.0,TQQQ,TQQQ
2017-05-31,12.22701915094015,1.0,1.0,TQQQ,TQQQ
2017-06-01,12.373194163467774,1.0,1.0,TQQQ,TQQQ
2017-06-02,12.795605746585302,1.0,1.0,TQQQ,TQQQ
2017-06-05,12.78525084827408,1.0,1.0,TQQQ,TQQQ
2017-06-06,12.640224230314269,1.0,1.0,TQQQ,TQQQ
2017-06-07,12.778342515609221,1.0,1.0,TQQQ,TQQQ
2017-06-08,12.812873123390151,1.0,1.0,TQQQ,TQQQ
2017-06-09,11.886327380545936,1.0,1.0,TQQQ,TQQQ
2017-06-12,11.671085624684766,1.0,1.0,TQQQ,TQQQ
2017-06-13,11.943877011571228,1.0,1.0,TQQQ,TQQQ
2017-06-14,11.78388256982804,1.0,1.0,TQQQ,TQQQ
2017-06-15,11.625044814310193,1.0,1.0,TQQQ,TQQQ
2017-06-16,11.485778134447429,1.0,1.0,TQQQ,TQQQ
2017-06-19,12.041708896816969,1.0,1.0,TQQQ,TQQQ
2017-06-20,11.768924419645113,1.0,1.0,TQQQ,TQQQ
2017-06-21,12.110767348492985,1.0,1.0,TQQQ,TQQQ
2017-06-22,12.096957592877873,1.0,1.0,TQQQ,TQQQ
2017-06-23,12.23277217932259,1.0,1.0,TQQQ,TQQQ
2017-06-26,12.070482330386696,1.0,1.0,TQQQ,TQQQ
2017-06-27,11.406359947659968,1.0,1.0,TQQQ,TQQQ
2017-06-28,11.885172076263517,1.0,1.0,TQQQ,TQQQ
2017-06-29,11.279747719129896,1.0,1.0,TQQQ,TQQQ
2017-06-30,11.240617314334566,1.0,1.0,TQQQ,TQQQ
2017-07-03,10.934449242006673,1.0,1.0,TQQQ,TQQQ
2017-07-05,11.246370342717004,1.0,1.0,TQQQ,TQQQ
2017-07-06,10.949412919961285,1.0,1.0,TQQQ,TQQQ
2017-07-07,11.277446093194042,1.0,1.0,TQQQ,TQQQ
2017-07-10,11.51340110053496,1.0,1.0,TQQQ,TQQQ
2017-07-11,11.607781583334114,1.0,1.0,TQQQ,TQQQ
2017-07-12,12.02099219047992,1.0,1.0,TQQQ,TQQQ
2017-07-13,12.10040968629592,1.0,1.0,TQQQ,TQQQ
2017-07-14,12.38470436606142,1.0,1.0,TQQQ,TQQQ
2017-07-17,12.391609934840439,1.0,1.0,TQQQ,TQQQ
2017-07-18,12.63792191340696,1.0,1.0,TQQQ,TQQQ
2017-07-19,12.869272977904712,1.0,1.0,TQQQ,TQQQ
2017-07-20,12.917616105186598,1.0,1.0,TQQQ,TQQQ
2017-07-21,12.898051939246125,1.0,1.0,TQQQ,TQQQ
2017-07-24,13.066094816564458,1.0,1.0,TQQQ,TQQQ
2017-07-25,12.97861782962994,1.0,1.0,TQQQ,TQQQ
2017-07-26,13.094869632077106,1.0,1.0,TQQQ,TQQQ
2017-07-27,12.861217632614963,1.0,1.0,TQQQ,TQQQ
2017-07-28,12.819781456055017,1.0,1.0,TQQQ,TQQQ
2017-07-31,12.652886973304497,1.0,1.0,TQQQ,TQQQ
2017-08-01,12.735757944481467,1.0,1.0,TQQQ,TQQQ
2017-08-02,12.464189338477471,1.0,1.0,SOXL,SOXL
2017-08-03,12.316299212975952,1.0,1.0,SOXL,SOXL
2017-08-04,12.329744411654707,1.0,1.0,SOXL,SOXL
2017-08-07,12.971037322846101,1.0,1.0,SOXL,SOXL
2017-08-08,12.835249994144903,1.0,1.0,SOXL,SOXL
2017-08-09,12.708872589955954,1.0,1.0,SOXL,SOXL
2017-08-10,11.648122964391845,1.0,1.0,SOXL,SOXL
2017-08-11,11.84037488299854,1.0,1.0,SOXL,SOXL
2017-08-14,12.757275708626038,1.0,1.0,SOXL,SOXL
2017-08-15,12.851382013713332,1.0,1.0,SOXL,SOXL
2017-08-16,12.909189005497263,1.0,1.0,SOXL,SOXL
2017-08-17,11.88070543620281,1.0,1.0,SOXL,SOXL
2017-08-18,11.989601358980094,1.0,1.0,SOXL,SOXL
2017-08-21,11.73281833640049,1.0,1.0,SOXL,SOXL
2017-08-22,12.289411841317637,1.0,1.0,SOXL,SOXL
2017-08-23,12.452087550243547,1.0,1.0,SOXL,SOXL
2017-08-24,12.437298941119955,1.0,1.0,SOXL,SOXL
2017-08-25,12.25176609187024,1.0,1.0,SOXL,SOXL
2017-08-28,12.347223875933569,1.0,1.0,SOXL,SOXL
2017-08-29,12.434613128796684,1.0,1.0,SOXL,SOXL
2017-08-30,13.067834483088664,1.0,1.0,SOXL,SOXL
2017-08-31,13.450998944122816,1.0,1.0,SOXL,SOXL
2017-09-01,13.627113800329083,1.0,1.0,SOXL,SOXL
2017-09-05,13.262193140243458,1.0,1.0,TQQQ,TQQQ
2017-09-06,13.376744222904902,1.0,1.0,TQQQ,TQQQ
2017-09-07,13.459414747283434,1.0,1.0,TQQQ,TQQQ
2017-09-08,13.12756286411802,1.0,1.0,TQQQ,TQQQ
2017-09-11,13.545627240821844,1.0,1.0,TQQQ,TQQQ
2017-09-12,13.660176905561288,1.0,1.0,TQQQ,TQQQ
2017-09-13,13.716861173417362,1.0,1.0,TQQQ,TQQQ
2017-09-14,13.485396750039886,1.0,1.0,TQQQ,TQQQ
2017-09-15,13.594043605486867,1.0,1.0,TQQQ,TQQQ
2017-09-18,13.560977664410657,1.0,1.0,TQQQ,TQQQ
2017-09-19,13.618843061294026,1.0,1.0,TQQQ,TQQQ
2017-09-20,13.50546885389387,1.0,1.0,TQQQ,TQQQ
2017-09-21,13.24565875178335,1.0,1.0,TQQQ,TQQQ
2017-09-22,13.212594228629142,1.0,1.0,TQQQ,TQQQ
2017-09-25,12.7980760748512,1.0,1.0,TQQQ,TQQQ
2017-09-26,12.885466861572903,1.0,1.0,TQQQ,TQQQ
2017-09-27,13.235031426381711,1.0,1.0,TQQQ,TQQQ
2017-09-28,13.212594228629142,1.0,1.0,TQQQ,TQQQ
2017-09-29,13.492479270437643,1.0,1.0,TQQQ,TQQQ
2017-10-02,13.53027256346703,1.0,1.0,TQQQ,TQQQ
2017-10-03,13.615302510056146,1.0,1.0,TQQQ,TQQQ
2017-10-04,13.650732127108947,1.0,1.0,TQQQ,TQQQ
2017-10-05,14.043989958395604,1.0,1.0,TQQQ,TQQQ
2017-10-06,14.094772834881217,1.0,1.0,TQQQ,TQQQ
2017-10-09,14.059341799906417,1.0,1.0,TQQQ,TQQQ
2017-10-10,14.08886577182275,1.0,1.0,TQQQ,TQQQ
2017-10-11,14.211687593519253,1.0,1.0,TQQQ,TQQQ
2017-10-12,14.134922714277186,1.0,1.0,TQQQ,TQQQ
2017-10-13,14.293174153026488,1.0,1.0,TQQQ,TQQQ
2017-10-16,14.440788340920141,1.0,1.0,TQQQ,TQQQ
2017-10-17,14.491574053249758,1.0,1.0,TQQQ,TQQQ
2017-10-18,14.436068078576973,1.0,1.0,TQQQ,TQQQ
2017-10-19,14.27663692872238,1.0,1.0,TQQQ,TQQQ
2017-10-20,14.380560685982188,1.0,1.0,TQQQ,TQQQ
2017-10-23,14.112484098602616,1.0,1.0,TQQQ,TQQQ
2017-10-24,14.184524461735506,1.0,1.0,TQQQ,TQQQ
2017-10-25,14.012103728424687,1.0,1.0,TQQQ,TQQQ
2017-10-26,13.882196550486427,1.0,1.0,TQQQ,TQQQ
2017-10-27,15.078511522416514,1.0,1.0,TQQQ,TQQQ
2017-10-30,15.185980084680203,1.0,1.0,TQQQ,TQQQ
2017-10-31,15.34659094564009,1.0,1.0,TQQQ,TQQQ
2017-11-01,15.326510334254099,1.0,1.0,TQQQ,TQQQ
2017-11-02,15.52935368534746,1.0,1.0,SOXL,SOXL
2017-11-03,16.35747395375637,1.0,1.0,SOXL,SOXL
2017-11-06,17.05385170215532,1.0,1.0,SOXL,SOXL
2017-11-07,17.006802034774747,1.0,1.0,SOXL,SOXL
2017-11-08,17.178277372154838,1.0,1.0,SOXL,SOXL
2017-11-09,16.13266907108151,1.0,1.0,SOXL,SOXL
2017-11-10,16.43903549578951,1.0,1.0,SOXL,SOXL
2017-11-13,16.572872354299452,1.0,1.0,SOXL,SOXL
2017-11-14,16.52686279660089,1.0,1.0,SOXL,SOXL
2017-11-15,16.088760127054467,1.0,1.0,SOXL,SOXL
2017-11-16,16.81336202822738,1.0,1.0,SOXL,SOXL
2017-11-17,16.590645208880975,1.0,1.0,SOXL,SOXL
2017-11-20,17.1761877400335,1.0,1.0,SOXL,SOXL
2017-11-21,17.792048762459974,1.0,1.0,SOXL,SOXL
2017-11-22,17.444912548285583,1.0,1.0,SOXL,SOXL
2017-11-24,17.911244076984623,1.0,1.0,SOXL,SOXL
2017-11-27,17.236830997752936,1.0,1.0,SOXL,SOXL
2017-11-28,17.221147775292742,1.0,1.0,SOXL,SOXL
2017-11-29,14.957411019705322,1.0,1.0,SOXL,SOXL
2017-11-30,15.23449435644274,1.0,1.0,SOXL,SOXL
2017-12-01,14.712734237570299,1.0,1.0,SOXL,SOXL
2017-12-04,13.645173817672775,1.0,1.0,SOXL,SOXL
2017-12-05,13.665024200629901,1.0,1.0,TQQQ,TQQQ
2017-12-06,13.80307072370373,1.0,1.0,SOXL,SOXL
2017-12-07,14.20673230105089,1.0,1.0,SOXL,SOXL
2017-12-08,13.987119679206938,1.0,1.0,SOXL,SOXL
2017-12-11,14.230787121869295,1.0,1.0,SOXL,SOXL
2017-12-12,13.804109422508882,1.0,1.0,SOXL,SOXL
2017-12-13,13.802022610710011,1.0,1.0,SOXL,SOXL
2017-12-14,13.770646689249856,1.0,1.0,SOXL,SOXL
2017-12-15,14.38346486300663,1.0,1.0,SOXL,SOXL
2017-12-18,15.352889361593181,1.0,1.0,SOXL,SOXL
2017-12-19,15.29752922572887,1.0,1.0,SOXL,SOXL
2017-12-20,15.617793644629753,1.0,1.0,SOXL,SOXL
2017-12-21,15.11226897796346,1.0,1.0,SOXL,SOXL
2017-12-22,15.072501876427848,1.0,1.0,SOXL,SOXL
2017-12-26,14.63710193136073,1.0,1.0,SOXL,SOXL
2017-12-27,14.784675613263685,1.0,1.0,SOXL,SOXL
2017-12-28,14.878875553089825,1.0,1.0,SOXL,SOXL
2017-12-29,14.433007030336945,1.0,1.0,SOXL,SOXL
2018-01-02,15.62302793347263,1.0,1.0,SOXL,SOXL
2018-01-03,16.08044743402461,1.0,1.0,TQQQ,TQQQ
2018-01-04,16.174717479979797,1.0,1.0,TQQQ,TQQQ
2018-01-05,16.66320619806791,1.0,1.0,TQQQ,TQQQ
2018-01-08,16.848530813747107,1.0,1.0,TQQQ,TQQQ
2018-01-09,16.861387573909848,1.0,1.0,TQQQ,TQQQ
2018-01-10,16.741405293819668,1.0,1.0,TQQQ,TQQQ
2018-01-11,17.076707438063966,1.0,1.0,TQQQ,TQQQ
2018-01-12,17.438789354552007,1.0,1.0,TQQQ,TQQQ
2018-01-16,17.303810093319612,1.0,1.0,TQQQ,TQQQ
2018-01-17,17.849073832126393,1.0,1.0,TQQQ,TQQQ
2018-01-18,17.866213606629064,1.0,1.0,TQQQ,TQQQ
2018-01-19,18.037610065465287,1.0,1.0,TQQQ,TQQQ
2018-01-22,18.601087547835956,1.0,1.0,TQQQ,TQQQ
2018-01-23,19.072435205230907,1.0,1.0,TQQQ,TQQQ
2018-01-24,18.68571630985958,1.0,1.0,TQQQ,TQQQ
2018-01-25,18.662148155275535,1.0,1.0,TQQQ,TQQQ
2018-01-26,19.49557901534902,1.0,1.0,TQQQ,TQQQ
2018-01-29,19.237407142557238,1.0,1.0,TQQQ,TQQQ
2018-01-30,18.74570552061893,1.0,1.0,TQQQ,TQQQ
2018-01-31,18.977096334976476,1.0,1.0,TQQQ,TQQQ
2018-02-01,18.50253448754084,1.0,1.0,TQQQ,TQQQ
2018-02-02,17.372369191330296,1.0,1.0,TQQQ,TQQQ
2018-02-05,15.367001426422279,1.0,1.0,TQQQ,TQQQ
2018-02-06,16.551796377610042,1.0,1.0,TQQQ,TQQQ
2018-02-07,15.897266897896351,1.0,1.0,TQQQ,TQQQ
2018-02-08,13.927246220102429,1.0,1.0,TQQQ,TQQQ
2018-02-09,15.195845003661159,1.0,1.0,SOXL,SOXL
2018-02-12,16.04644374278413,1.0,1.0,TQQQ,TQQQ
2018-02-13,16.241794075122076,1.0,1.0,TQQQ,TQQQ
2018-02-14,17.192857052847373,1.0,1.0,TQQQ,TQQQ
2018-02-15,18.091459735913293,1.0,1.0,TQQQ,TQQQ
2018-02-16,17.88941482558179,1.0,1.0,TQQQ,TQQQ
2018-02-20,17.97871473291559,1.0,1.0,TQQQ,TQQQ
2018-02-21,17.816856054127364,1.0,1.0,TQQQ,TQQQ
2018-02-22,17.820206693763776,1.0,1.0,TQQQ,TQQQ
2018-02-23,18.88178046797721,1.0,1.0,TQQQ,TQQQ
2018-02-26,19.63973000038583,1.0,1.0,TQQQ,TQQQ
2018-02-27,18.936480330169566,1.0,1.0,TQQQ,TQQQ
2018-02-28,18.555828903891197,1.0,1.0,TQQQ,TQQQ
2018-03-01,17.662811066971248,1.0,1.0,TQQQ,TQQQ
2018-03-02,18.148389783847637,1.0,1.0,TQQQ,TQQQ
2018-03-05,18.71769026319113,1.0,1.0,TQQQ,TQQQ
2018-03-06,18.95433923943164,1.0,1.0,TQQQ,TQQQ
2018-03-07,19.09610748295994,1.0,1.0,TQQQ,TQQQ
2018-03-08,19.38075906288754,1.0,1.0,TQQQ,TQQQ
2018-03-09,20.509310783177,1.0,1.0,TQQQ,TQQQ
2018-03-12,20.81628432436238,1.0,1.0,TQQQ,TQQQ
2018-03-13,20.060567658207468,1.0,1.0,TQQQ,TQQQ
2018-03-14,19.99247729977216,1.0,1.0,TQQQ,TQQQ
2018-03-15,19.903174711926653,1.0,1.0,TQQQ,TQQQ
2018-03-16,19.771454366540024,1.0,1.0,TQQQ,TQQQ
2018-03-19,18.530157643252863,1.0,1.0,TQQQ,TQQQ
2018-03-20,18.666341040635196,1.0,1.0,TQQQ,TQQQ
2018-03-21,18.39620443161253,1.0,1.0,TQQQ,TQQQ
2018-03-22,17.05220658270178,1.0,1.0,TQQQ,TQQQ
2018-03-23,15.67472378152058,1.0,1.0,TQQQ,TQQQ
2018-03-26,17.438438834358557,1.0,1.0,TQQQ,TQQQ
2018-03-27,15.766260575875648,1.0,1.0,TQQQ,TQQQ
2018-03-28,15.222634037682198,1.0,1.0,TQQQ,TQQQ
2018-03-29,16.065424446196474,1.0,1.0,TQQQ,TQQQ
2018-04-02,14.638826628968895,1.0,1.0,TQQQ,TQQQ
2018-04-03,14.638826628968895,0.0,0.0,CASH,SOXL
2018-04-04,14.638826628968895,0.0,0.0,CASH,SOXL
2018-04-05,14.188733285294342,1.0,1.0,SOXL,SOXL
2018-04-06,12.893732028978237,1.0,1.0,SOXL,SOXL
2018-04-09,13.129639726736425,1.0,1.0,SOXL,SOXL
2018-04-10,14.39206382410501,1.0,1.0,SOXL,SOXL
2018-04-11,14.397985598728376,1.0,1.0,SOXL,SOXL
2018-04-12,15.21822093014305,1.0,1.0,SOXL,SOXL
2018-04-13,14.860910933790686,1.0,1.0,SOXL,SOXL
2018-04-16,14.956650729313148,1.0,1.0,SOXL,SOXL
2018-04-17,15.79958915619166,1.0,1.0,SOXL,SOXL
2018-04-18,15.310012875916604,1.0,1.0,SOXL,SOXL
2018-04-19,13.332968785843294,1.0,1.0,SOXL,SOXL
2018-04-20,12.854255011192954,1.0,1.0,SOXL,SOXL
2018-04-23,12.337040823267925,1.0,1.0,SOXL,SOXL
2018-04-24,12.036980567089962,1.0,1.0,SOXL,SOXL
2018-04-25,11.994538962733483,1.0,1.0,SOXL,SOXL
2018-04-26,12.738307684285802,1.0,1.0,TQQQ,TQQQ
2018-04-27,12.456749534679172,1.0,1.0,SOXL,SOXL
2018-04-30,12.043796841409002,1.0,1.0,SOXL,SOXL
2018-05-01,12.639514259807028,1.0,1.0,SOXL,SOXL
2018-05-02,12.419131583369165,1.0,1.0,TQQQ,TQQQ
2018-05-03,12.419982822276872,1.0,1.0,TQQQ,TQQQ
2018-05-04,13.118714587749238,1.0,1.0,TQQQ,TQQQ
2018-05-07,13.430496734326647,1.0,1.0,TQQQ,TQQQ
2018-05-08,13.386077447180092,1.0,1.0,TQQQ,TQQQ
2018-05-09,13.834526513184171,1.0,1.0,TQQQ,TQQQ
2018-05-10,14.265045205907024,1.0,1.0,TQQQ,TQQQ
2018-05-11,14.222335575699198,1.0,1.0,TQQQ,TQQQ
2018-05-14,14.285540577390869,1.0,1.0,TQQQ,TQQQ
2018-05-15,13.823427588534546,1.0,1.0,TQQQ,TQQQ
2018-05-16,14.07797366166468,1.0,1.0,TQQQ,TQQQ
2018-05-17,13.91909453469212,1.0,1.0,TQQQ,TQQQ
2018-05-18,13.69615096240782,1.0,1.0,TQQQ,TQQQ
2018-05-21,13.935324481336025,1.0,1.0,TQQQ,TQQQ
2018-05-22,13.862718930453957,1.0,1.0,TQQQ,TQQQ
2018-05-23,14.211228446337206,1.0,1.0,TQQQ,TQQQ
2018-05-24,14.199270078067508,1.0,1.0,TQQQ,TQQQ
2018-05-25,14.235147234054688,1.0,1.0,TQQQ,TQQQ
2018-05-29,14.053203635039486,1.0,1.0,TQQQ,TQQQ
2018-05-30,14.353025362169108,1.0,1.0,TQQQ,TQQQ
2018-05-31,14.322275125820024,1.0,1.0,TQQQ,TQQQ
2018-06-01,14.988549049182668,1.0,1.0,TQQQ,TQQQ
2018-06-04,15.372934695464053,1.0,1.0,TQQQ,TQQQ
2018-06-05,15.531813822436613,1.0,1.0,TQQQ,TQQQ
2018-06-06,15.788072629272614,1.0,1.0,TQQQ,TQQQ
2018-06-07,15.421623509806729,1.0,1.0,TQQQ,TQQQ
2018-06-08,15.411372747297671,1.0,1.0,TQQQ,TQQQ
2018-06-11,15.531813822436616,1.0,1.0,TQQQ,TQQQ
2018-06-12,15.777821866763558,1.0,1.0,TQQQ,TQQQ
2018-06-13,15.759884314359013,1.0,1.0,TQQQ,TQQQ
2018-06-14,16.239087719068355,1.0,1.0,TQQQ,TQQQ
2018-06-15,16.07764461948222,1.0,1.0,TQQQ,TQQQ
2018-06-18,16.04176746349504,1.0,1.0,TQQQ,TQQQ
2018-06-19,15.8982629419025,1.0,1.0,TQQQ,TQQQ
2018-06-20,16.23139990358382,1.0,1.0,TQQQ,TQQQ
2018-06-21,15.811135050137164,1.0,1.0,TQQQ,TQQQ
2018-06-22,15.652257974342694,1.0,1.0,TQQQ,TQQQ
2018-06-25,14.652846063709685,1.0,1.0,TQQQ,TQQQ
2018-06-26,14.814290188884861,1.0,1.0,TQQQ,TQQQ
2018-06-27,14.21977057749658,1.0,1.0,TQQQ,TQQQ
2018-06-28,14.568282144557921,1.0,1.0,TQQQ,TQQQ
2018-06-29,14.63490851130514,1.0,1.0,TQQQ,TQQQ
2018-07-02,14.962922655704547,1.0,1.0,TQQQ,TQQQ
2018-07-03,14.447844146186114,1.0,1.0,TQQQ,TQQQ
2018-07-05,14.978296235495518,1.0,1.0,TQQQ,TQQQ
2018-07-06,15.652257974342692,1.0,1.0,TQQQ,TQQQ
2018-07-09,16.08789435640223,1.0,1.0,TQQQ,TQQQ
2018-07-10,16.126333433824893,1.0,1.0,TQQQ,TQQQ
2018-07-11,15.890575126417966,1.0,1.0,TQQQ,TQQQ
2018-07-12,16.674724101127893,1.0,1.0,TQQQ,TQQQ
2018-07-13,16.723418043415794,1.0,1.0,TQQQ,TQQQ
2018-07-16,16.61066273258329,1.0,1.0,TQQQ,TQQQ
2018-07-17,16.9181712496084,1.0,1.0,TQQQ,TQQQ
2018-07-18,16.810541832824946,1.0,1.0,TQQQ,TQQQ
2018-07-19,16.561969815884435,1.0,1.0,TQQQ,TQQQ
2018-07-20,16.538911497376066,1.0,1.0,TQQQ,TQQQ
2018-07-23,16.68241294220147,1.0,1.0,TQQQ,TQQQ
2018-07-24,16.89510985433289,1.0,1.0,TQQQ,TQQQ
2018-07-25,17.59981567599488,1.0,1.0,TQQQ,TQQQ
2018-07-26,16.83104438343211,1.0,1.0,TQQQ,TQQQ
2018-07-27,16.128893304082286,1.0,1.0,TQQQ,TQQQ
2018-07-30,15.434435168162222,1.0,1.0,TQQQ,TQQQ
2018-07-31,15.741946761954466,1.0,1.0,TQQQ,TQQQ
2018-08-01,15.957202518754233,1.0,1.0,TQQQ,TQQQ
2018-08-02,16.592723129000657,1.0,1.0,TQQQ,TQQQ
2018-08-03,16.7413525190532,1.0,1.0,TQQQ,TQQQ
2018-08-06,17.048865138434493,1.0,1.0,TQQQ,TQQQ
2018-08-07,17.21543310648063,1.0,1.0,TQQQ,TQQQ
2018-08-08,17.261557948209735,1.0,1.0,TQQQ,TQQQ
2018-08-09,17.24618436841876,1.0,1.0,TQQQ,TQQQ
2018-08-10,16.843858092965693,1.0,1.0,TQQQ,TQQQ
2018-08-13,16.795170304212064,1.0,1.0,TQQQ,TQQQ
2018-08-14,17.105241768261696,1.0,1.0,TQQQ,TQQQ
2018-08-15,16.482532816370767,1.0,1.0,TQQQ,TQQQ
2018-08-16,16.633724127858798,1.0,1.0,TQQQ,TQQQ
2018-08-17,16.631161180834273,1.0,1.0,TQQQ,TQQQ
2018-08-20,16.597850048638755,1.0,1.0,TQQQ,TQQQ
2018-08-21,16.769540833966808,1.0,1.0,TQQQ,TQQQ
2018-08-22,16.964294040159412,1.0,1.0,TQQQ,TQQQ
2018-08-23,16.879730121007647,1.0,1.0,TQQQ,TQQQ
2018-08-24,17.34868789115316,1.0,1.0,TQQQ,TQQQ
2018-08-27,17.87145524174517,1.0,1.0,TQQQ,TQQQ
2018-08-28,17.950895318025974,1.0,1.0,TQQQ,TQQQ
2018-08-29,18.578726061609775,1.0,1.0,TQQQ,TQQQ
2018-08-30,18.473656515083714,1.0,1.0,TQQQ,TQQQ
2018-08-31,18.52747532583162,1.0,1.0,TQQQ,TQQQ
2018-09-04,18.307092649393756,1.0,1.0,TQQQ,TQQQ
2018-09-05,17.579316202154853,1.0,1.0,TQQQ,TQQQ
2018-09-06,17.100111771856465,1.0,1.0,TQQQ,TQQQ
2018-09-07,16.930981882374848,1.0,1.0,TQQQ,TQQQ
2018-09-10,17.07961537478358,1.0,1.0,TQQQ,TQQQ
2018-09-11,17.458877178194005,1.0,1.0,TQQQ,TQQQ
2018-09-12,17.30768278993884,1.0,1.0,TQQQ,TQQQ
2018-09-13,17.820198352432747,1.0,1.0,TQQQ,TQQQ
2018-09-14,17.68438779985901,1.0,1.0,TQQQ,TQQQ
2018-09-17,16.938669697859382,1.0,1.0,TQQQ,TQQQ
2018-09-18,17.340995973312445,1.0,1.0,TQQQ,TQQQ
2018-09-19,17.302554844711693,1.0,1.0,TQQQ,TQQQ
2018-09-20,17.84582577149991,1.0,1.0,TQQQ,TQQQ
2018-09-21,17.56137864975031,1.0,1.0,TQQQ,TQQQ
2018-09-24,17.712575089183566,1.0,1.0,TQQQ,TQQQ
2018-09-25,17.784321196445564,1.0,1.0,TQQQ,TQQQ
2018-09-26,17.76638569521911,1.0,1.0,TQQQ,TQQQ
2018-09-27,18.258403835051084,1.0,1.0,TQQQ,TQQQ
2018-09-28,18.230214494548434,1.0,1.0,TQQQ,TQQQ
2018-10-01,18.335284041074498,1.0,1.0,TQQQ,TQQQ
2018-10-02,18.230214494548434,1.0,1.0,TQQQ,TQQQ
2018-10-03,18.28402920294016,1.0,1.0,TQQQ,TQQQ
2018-10-04,17.24105437201353,1.0,1.0,TQQQ,TQQQ
2018-10-05,16.59272312900066,1.0,1.0,TQQQ,TQQQ
2018-10-08,16.295464348895564,1.0,1.0,TQQQ,TQQQ
2018-10-09,16.421030292494514,1.0,1.0,TQQQ,TQQQ
2018-10-10,14.291523863881899,1.0,1.0,TQQQ,TQQQ
2018-10-11,14.291523863881899,0.0,0.0,CASH,TQQQ
2018-10-12,14.291523863881899,0.0,0.0,CASH,TQQQ
2018-10-15,14.291523863881899,0.0,0.0,CASH,TQQQ
2018-10-16,14.291523863881899,0.0,0.0,CASH,TQQQ
2018-10-17,14.33865277140522,1.0,1.0,TQQQ,TQQQ
2018-10-18,13.344257719672726,1.0,1.0,TQQQ,TQQQ
2018-10-19,13.344257719672726,0.0,0.0,CASH,TQQQ
2018-10-22,13.344257719672726,0.0,0.0,CASH,TQQQ
2018-10-23,13.344257719672726,0.0,0.0,CASH,TQQQ
2018-10-24,13.344257719672726,0.0,0.0,CASH,TQQQ
2018-10-25,13.344257719672726,0.0,0.0,CASH,TQQQ
2018-10-26,13.344257719672726,0.0,0.0,CASH,TQQQ
2018-10-29,13.344257719672726,0.0,0.0,CASH,TQQQ
2018-10-30,13.344257719672726,0.0,0.0,CASH,TQQQ
2018-10-31,13.344257719672726,0.0,0.0,CASH,TQQQ
2018-11-01,13.344257719672726,0.0,0.0,CASH,TQQQ
2018-11-02,13.344257719672726,0.0,0.0,CASH,TQQQ
2018-11-05,13.344257719672726,0.0,0.0,CASH,TQQQ
2018-11-06,13.344257719672726,0.0,0.0,CASH,TQQQ
2018-11-07,13.344257719672726,0.0,0.0,CASH,TQQQ
2018-11-08,13.344257719672726,0.0,0.0,CASH,TQQQ
2018-11-09,13.344257719672726,0.0,0.0,CASH,TQQQ
2018-11-12,13.344257719672726,0.0,0.0,CASH,TQQQ
2018-11-13,13.344257719672726,0.0,0.0,CASH,TQQQ
2018-11-14,13.344257719672726,0.0,0.0,CASH,TQQQ
2018-11-15,13.344257719672726,0.0,0.0,CASH,TQQQ
2018-11-16,13.344257719672726,0.0,0.0,CASH,TQQQ
2018-11-19,13.344257719672726,0.0,0.0,CASH,TQQQ
2018-11-20,13.344257719672726,0.0,0.0,CASH,TQQQ
2018-11-21,13.344257719672726,0.0,0.0,CASH,SOXL
2018-11-23,13.344257719672726,0.0,0.0,CASH,TQQQ
2018-11-26,13.344257719672726,0.0,0.0,CASH,TQQQ
2018-11-27,13.344257719672726,0.0,0.0,CASH,TQQQ
2018-11-28,13.344257719672726,0.0,0.0,CASH,TQQQ
2018-11-29,13.344257719672726,0.0,0.0,CASH,TQQQ
2018-11-30,13.344257719672726,0.0,0.0,CASH,TQQQ
2018-12-03,13.344257719672726,0.0,0.0,CASH,TQQQ
2018-12-04,13.344257719672726,0.0,0.0,CASH,SOXL
2018-12-06,13.344257719672726,0.0,0.0,CASH,TQQQ
2018-12-07,13.344257719672726,0.0,0.0,CASH,SOXL
2018-12-10,13.344257719672726,0.0,0.0,CASH,TQQQ
2018-12-11,13.344257719672726,0.0,0.0,CASH,SOXL
2018-12-12,13.344257719672726,0.0,0.0,CASH,SOXL
2018-12-13,13.344257719672726,0.0,0.0,CASH,SOXL
2018-12-14,13.344257719672726,0.0,0.0,CASH,SOXL
2018-12-17,13.344257719672726,0.0,0.0,CASH,SOXL
2018-12-18,13.344257719672726,0.0,0.0,CASH,SOXL
2018-12-19,13.344257719672726,0.0,0.0,CASH,SOXL
2018-12-20,13.344257719672726,0.0,0.0,CASH,TQQQ
2018-12-21,13.344257719672726,0.0,0.0,CASH,SOXL
2018-12-24,13.344257719672726,0.0,0.0,CASH,SOXL
2018-12-26,13.344257719672726,0.0,0.0,CASH,TQQQ
2018-12-27,13.344257719672726,0.0,0.0,CASH,SOXL
2018-12-28,13.344257719672726,0.0,0.0,CASH,SOXL
2018-12-31,13.344257719672726,0.0,0.0,CASH,SOXL
2019-01-02,13.344257719672726,0.0,0.0,CASH,SOXL
2019-01-03,13.344257719672726,0.0,0.0,CASH,TQQQ
2019-01-04,13.344257719672726,0.0,0.0,CASH,TQQQ
2019-01-07,13.344257719672726,0.0,0.0,CASH,TQQQ
2019-01-08,13.344257719672726,0.0,0.0,CASH,TQQQ
2019-01-09,13.344257719672726,0.0,0.0,CASH,TQQQ
2019-01-10,13.344257719672726,0.0,0.0,CASH,TQQQ
2019-01-11,13.344257719672726,0.0,0.0,CASH,TQQQ
2019-01-14,13.344257719672726,0.0,0.0,CASH,TQQQ
2019-01-15,13.344257719672726,0.0,0.0,CASH,TQQQ
2019-01-16,13.344257719672726,0.0,0.0,CASH,TQQQ
2019-01-17,13.344257719672726,0.0,0.0,CASH,TQQQ
2019-01-18,13.344257719672726,0.0,0.0,CASH,TQQQ
2019-01-22,13.344257719672726,0.0,0.0,CASH,TQQQ
2019-01-23,13.344257719672726,0.0,0.0,CASH,TQQQ
2019-01-24,13.344257719672726,0.0,0.0,CASH,TQQQ
2019-01-25,13.344257719672726,0.0,0.0,CASH,TQQQ
2019-01-28,13.344257719672726,0.0,0.0,CASH,TQQQ
2019-01-29,13.344257719672726,0.0,0.0,CASH,TQQQ
2019-01-30,13.344257719672726,0.0,0.0,CASH,TQQQ
2019-01-31,13.344257719672726,0.0,0.0,CASH,TQQQ
2019-02-01,13.344257719672726,0.0,0.0,CASH,TQQQ
2019-02-04,13.344257719672726,0.0,0.0,CASH,TQQQ
2019-02-05,13.344257719672726,0.0,0.0,CASH,TQQQ
2019-02-06,13.344257719672726,0.0,0.0,CASH,TQQQ
2019-02-07,13.344257719672726,0.0,0.0,CASH,TQQQ
2019-02-08,13.344257719672726,0.0,0.0,CASH,TQQQ
2019-02-11,13.344257719672726,0.0,0.0,CASH,TQQQ
2019-02-12,13.344257719672726,0.0,0.0,CASH,TQQQ
2019-02-13,13.344257719672726,0.0,0.0,CASH,TQQQ
2019-02-14,13.344257719672726,0.0,0.0,CASH,TQQQ
2019-02-15,13.344257719672726,0.0,0.0,CASH,TQQQ
2019-02-19,13.344257719672726,0.0,0.0,CASH,TQQQ
2019-02-20,13.344257719672726,0.0,0.0,CASH,TQQQ
2019-02-21,13.344257719672726,0.0,0.0,CASH,TQQQ
2019-02-22,13.344257719672726,0.0,0.0,CASH,TQQQ
2019-02-25,13.344257719672726,0.0,0.0,CASH,TQQQ
2019-02-26,13.385828276321293,1.0,1.0,TQQQ,TQQQ
2019-02-27,13.344257719672726,1.0,1.0,TQQQ,TQQQ
2019-02-28,13.261115567942422,1.0,1.0,TQQQ,TQQQ
2019-03-01,13.526130981876545,1.0,1.0,TQQQ,TQQQ
2019-03-04,13.532371293694338,1.0,1.0,SOXL,SOXL
2019-03-05,13.33891389653031,1.0,1.0,SOXL,SOXL
2019-03-06,12.68679280767728,1.0,1.0,SOXL,SOXL
2019-03-07,12.255160674836265,1.0,1.0,SOXL,SOXL
2019-03-08,12.235402264350743,1.0,1.0,SOXL,SOXL
2019-03-11,13.108020813109489,1.0,1.0,SOXL,SOXL
2019-03-12,13.260908452645406,1.0,1.0,SOXL,SOXL
2019-03-13,13.42316119839549,1.0,1.0,SOXL,SOXL
2019-03-14,13.194341518876474,1.0,1.0,SOXL,SOXL
2019-03-15,14.331146667996705,1.0,1.0,SOXL,SOXL
2019-03-18,14.237538898404834,1.0,1.0,SOXL,SOXL
2019-03-19,14.81403640669192,1.0,1.0,SOXL,SOXL
2019-03-20,14.39205464704485,1.0,1.0,SOXL,SOXL
2019-03-21,15.884082897894206,1.0,1.0,SOXL,SOXL
2019-03-22,14.532713687431382,1.0,1.0,SOXL,SOXL
2019-03-25,13.978412887879735,1.0,1.0,SOXL,SOXL
2019-03-26,14.403516349598194,1.0,1.0,SOXL,SOXL
2019-03-27,13.772111518894494,1.0,1.0,SOXL,SOXL
2019-03-28,13.700219601503042,1.0,1.0,SOXL,SOXL
2019-03-29,14.330582318687117,1.0,1.0,SOXL,SOXL
2019-04-01,15.386048497589654,1.0,1.0,SOXL,SOXL
2019-04-02,15.435018556036908,1.0,1.0,SOXL,SOXL
2019-04-03,16.486311642373483,1.0,1.0,SOXL,SOXL
2019-04-04,16.54883072273831,1.0,1.0,SOXL,SOXL
2019-04-05,16.927048353048757,1.0,1.0,SOXL,SOXL
2019-04-08,17.048950896244595,1.0,1.0,SOXL,SOXL
2019-04-09,16.473810918625503,1.0,1.0,SOXL,SOXL
2019-04-10,16.896836337954685,1.0,1.0,SOXL,SOXL
2019-04-11,16.855156435657303,1.0,1.0,SOXL,SOXL
2019-04-12,17.556372049038195,1.0,1.0,SOXL,SOXL
2019-04-15,17.182316688156266,1.0,1.0,SOXL,SOXL
2019-04-16,18.81918171044559,1.0,1.0,SOXL,SOXL
2019-04-17,19.67563667651276,1.0,1.0,SOXL,SOXL
2019-04-18,19.713146578569166,1.0,1.0,SOXL,SOXL
2019-04-22,19.721483486726136,1.0,1.0,SOXL,SOXL
2019-04-23,20.313288003684217,1.0,1.0,SOXL,SOXL
2019-04-24,20.901980095545863,1.0,1.0,SOXL,SOXL
2019-04-25,19.764199317893166,1.0,1.0,SOXL,SOXL
2019-04-26,19.2692881658225,1.0,1.0,SOXL,SOXL
2019-04-29,19.1682263468566,1.0,1.0,SOXL,SOXL
2019-04-30,19.59332517008758,1.0,1.0,SOXL,SOXL
2019-05-01,19.11300051496663,1.0,1.0,SOXL,SOXL
2019-05-02,19.749612820943447,1.0,1.0,SOXL,SOXL
2019-05-03,20.14554328876247,1.0,1.0,SOXL,SOXL
2019-05-06,19.15571634613366,1.0,1.0,SOXL,SOXL
2019-05-07,17.757462850425316,1.0,1.0,SOXL,SOXL
2019-05-08,17.33131109053727,1.0,1.0,SOXL,SOXL
2019-05-09,16.71449430294578,1.0,1.0,SOXL,SOXL
2019-05-10,16.763468999880512,1.0,1.0,SOXL,SOXL
2019-05-13,14.397265214642944,1.0,1.0,SOXL,SOXL
2019-05-14,15.42772221523706,1.0,1.0,SOXL,SOXL
2019-05-15,15.805939845547506,1.0,1.0,SOXL,SOXL
2019-05-16,15.0036655055257,1.0,1.0,SOXL,SOXL
2019-05-17,14.116987701227014,1.0,1.0,SOXL,SOXL
2019-05-20,12.42490844326641,1.0,1.0,SOXL,SOXL
2019-05-21,13.206349016789494,1.0,1.0,SOXL,SOXL
2019-05-22,12.380102973491407,1.0,1.0,SOXL,SOXL
2019-05-23,11.753911029629554,1.0,1.0,SOXL,SOXL
2019-05-24,11.736542219689046,1.0,1.0,TQQQ,TQQQ
2019-05-28,11.417174466800471,1.0,1.0,SOXL,SOXL
2019-05-29,11.572054861274971,1.0,1.0,SOXL,SOXL
2019-05-30,11.835879431459258,1.0,1.0,SOXL,SOXL
2019-05-31,11.322110539105676,1.0,1.0,SOXL,SOXL
2019-06-03,11.43105867743052,1.0,1.0,SOXL,SOXL
2019-06-04,11.43105867743052,0.0,0.0,CASH,TQQQ
2019-06-05,11.682984016525909,1.0,1.0,TQQQ,TQQQ
2019-06-06,11.952903701741034,1.0,1.0,TQQQ,TQQQ
2019-06-07,12.634447536844897,1.0,1.0,TQQQ,TQQQ
2019-06-10,13.095559508627233,1.0,1.0,TQQQ,TQQQ
2019-06-11,13.14504283710173,1.0,1.0,TQQQ,TQQQ
2019-06-12,12.922360669495939,1.0,1.0,TQQQ,TQQQ
2019-06-13,13.133798505150969,1.0,1.0,TQQQ,TQQQ
2019-06-14,12.962849071620118,1.0,1.0,TQQQ,TQQQ
2019-06-17,13.199025875460938,1.0,1.0,TQQQ,TQQQ
2019-06-18,13.770356025613587,1.0,1.0,TQQQ,TQQQ
2019-06-19,13.932307836742662,1.0,1.0,TQQQ,TQQQ
2019-06-20,14.314693308560905,1.0,1.0,TQQQ,TQQQ
2019-06-21,14.24946054614802,1.0,1.0,TQQQ,TQQQ
2019-06-24,14.244964430998591,1.0,1.0,TQQQ,TQQQ
2019-06-25,13.516183078285396,1.0,1.0,TQQQ,TQQQ
2019-06-26,13.68713161313243,1.0,1.0,TQQQ,TQQQ
2019-06-27,13.835586091975019,1.0,1.0,TQQQ,TQQQ
2019-06-28,13.894068840218933,1.0,1.0,TQQQ,TQQQ
2019-07-01,14.44740284688421,1.0,1.0,TQQQ,TQQQ
2019-07-02,14.622851990299768,1.0,1.0,TQQQ,TQQQ
2019-07-03,14.946751119138819,1.0,1.0,TQQQ,TQQQ
2019-07-05,14.85002847568735,1.0,1.0,TQQQ,TQQQ
2019-07-08,14.537373678799064,1.0,1.0,TQQQ,TQQQ
2019-07-09,14.755559731255426,1.0,1.0,TQQQ,TQQQ
2019-07-10,15.191930038800514,1.0,1.0,TQQQ,TQQQ
2019-07-11,15.151442535360154,1.0,1.0,TQQQ,TQQQ
2019-07-12,15.405615482688347,1.0,1.0,TQQQ,TQQQ
2019-07-15,15.536073818043562,1.0,1.0,TQQQ,TQQQ
2019-07-16,15.315639258670574,1.0,1.0,TQQQ,TQQQ
2019-07-17,15.088459178547712,1.0,1.0,TQQQ,TQQQ
2019-07-18,15.15368565017386,1.0,1.0,TQQQ,TQQQ
2019-07-19,14.787047814926368,1.0,1.0,TQQQ,TQQQ
2019-07-22,15.135695797473225,1.0,1.0,TQQQ,TQQQ
2019-07-23,15.428104146589876,1.0,1.0,TQQQ,TQQQ
2019-07-24,15.756508377416552,1.0,1.0,TQQQ,TQQQ
2019-07-25,15.306639838901159,1.0,1.0,TQQQ,TQQQ
2019-07-26,15.761007188617441,1.0,1.0,TQQQ,TQQQ
2019-07-29,15.614796723272379,1.0,1.0,TQQQ,TQQQ
2019-07-30,15.40561548268835,1.0,1.0,TQQQ,TQQQ
2019-07-31,14.755559731255428,1.0,1.0,TQQQ,TQQQ
2019-08-01,14.548622504168925,1.0,1.0,TQQQ,TQQQ
2019-08-02,13.882821812216712,1.0,1.0,TQQQ,TQQQ
2019-08-05,12.42526000547414,1.0,1.0,TQQQ,TQQQ
2019-08-06,12.935856204414792,1.0,1.0,TQQQ,TQQQ
2019-08-07,13.124799984065378,1.0,1.0,TQQQ,TQQQ
2019-08-08,13.993039990587025,1.0,1.0,TQQQ,TQQQ
2019-08-09,13.57916373904638,1.0,1.0,TQQQ,TQQQ
2019-08-12,13.124799984065378,1.0,1.0,TQQQ,TQQQ
2019-08-13,13.98629177378569,1.0,1.0,TQQQ,TQQQ
2019-08-14,12.733421383264455,1.0,1.0,TQQQ,TQQQ
2019-08-15,12.679435648853792,1.0,1.0,TQQQ,TQQQ
2019-08-16,13.26425773919001,1.0,1.0,TQQQ,TQQQ
2019-08-19,13.885072116500975,1.0,1.0,TQQQ,TQQQ
2019-08-20,13.59940659208274,1.0,1.0,TQQQ,TQQQ
2019-08-21,13.94580427034533,1.0,1.0,TQQQ,TQQQ
2019-08-22,13.810846225105408,1.0,1.0,TQQQ,TQQQ
2019-08-23,12.546724313162853,1.0,1.0,TQQQ,TQQQ
2019-08-26,13.05507110650306,1.0,1.0,TQQQ,TQQQ
2019-08-27,12.976344606538968,1.0,1.0,TQQQ,TQQQ
2019-08-28,13.10680923268092,1.0,1.0,TQQQ,TQQQ
2019-08-29,13.70287655365172,1.0,1.0,TQQQ,TQQQ
2019-08-30,13.606155707567892,1.0,1.0,TQQQ,TQQQ
2019-09-03,13.210273802146983,1.0,1.0,TQQQ,TQQQ
2019-09-04,14.290367253482843,1.0,1.0,SOXL,SOXL
2019-09-05,15.624977010244937,1.0,1.0,SOXL,SOXL
2019-09-06,15.68792610155113,1.0,1.0,SOXL,SOXL
2019-09-09,15.908266578233452,1.0,1.0,SOXL,SOXL
2019-09-10,16.11781125110784,1.0,1.0,SOXL,SOXL
2019-09-11,16.839974698030243,1.0,1.0,SOXL,SOXL
2019-09-12,16.98836402752159,1.0,1.0,SOXL,SOXL
2019-09-13,16.834572131848617,1.0,1.0,SOXL,SOXL
2019-09-16,16.4919316296063,1.0,1.0,SOXL,SOXL
2019-09-17,16.642118704973086,1.0,1.0,SOXL,SOXL
2019-09-18,16.6744954551908,1.0,1.0,SOXL,SOXL
2019-09-19,16.420885352281466,1.0,1.0,SOXL,SOXL
2019-09-20,15.505362275966633,1.0,1.0,SOXL,SOXL
2019-09-23,15.979308857606007,1.0,1.0,SOXL,SOXL
2019-09-24,15.20569176483442,1.0,1.0,SOXL,SOXL
2019-09-25,15.983188203968789,1.0,1.0,SOXL,SOXL
2019-09-26,16.03363836379559,1.0,1.0,SOXL,SOXL
2019-09-27,14.86514618958705,1.0,1.0,SOXL,SOXL
2019-09-30,15.335426648985266,1.0,1.0,SOXL,SOXL
2019-10-01,14.915595016763087,1.0,1.0,SOXL,SOXL
2019-10-02,14.21198340107266,1.0,1.0,SOXL,SOXL
2019-10-03,14.939024349777192,1.0,1.0,SOXL,SOXL
2019-10-04,15.748948179858163,1.0,1.0,SOXL,SOXL
2019-10-07,15.390381168381355,1.0,1.0,SOXL,SOXL
2019-10-08,13.975039428569696,1.0,1.0,SOXL,SOXL
2019-10-09,14.679558579427782,1.0,1.0,SOXL,SOXL
2019-10-10,15.106591856357783,1.0,1.0,SOXL,SOXL
2019-10-11,16.121025604741316,1.0,1.0,SOXL,SOXL
2019-10-14,16.118324321650505,1.0,1.0,SOXL,SOXL
2019-10-15,17.175100382636113,1.0,1.0,SOXL,SOXL
2019-10-16,16.42823891917595,1.0,1.0,SOXL,SOXL
2019-10-17,16.60031611592887,1.0,1.0,SOXL,SOXL
2019-10-18,16.046249237938838,1.0,1.0,SOXL,SOXL
2019-10-21,16.95888179475492,1.0,1.0,SOXL,SOXL
2019-10-22,16.562478162896085,1.0,1.0,SOXL,SOXL
2019-10-23,15.599394113602447,1.0,1.0,SOXL,SOXL
2019-10-24,16.730949206692056,1.0,1.0,SOXL,SOXL
2019-10-25,17.760696444960413,1.0,1.0,SOXL,SOXL
2019-10-28,18.69224731196751,1.0,1.0,SOXL,SOXL
2019-10-29,18.2021450051629,1.0,1.0,SOXL,SOXL
2019-10-30,18.204850286205993,1.0,1.0,SOXL,SOXL
2019-10-31,17.862501634480147,1.0,1.0,SOXL,SOXL
2019-11-01,19.094054842658732,1.0,1.0,SOXL,SOXL
2019-11-04,19.434783446382937,1.0,1.0,TQQQ,TQQQ
2019-11-05,19.458927035847516,1.0,1.0,TQQQ,TQQQ
2019-11-06,19.33551646302583,1.0,1.0,TQQQ,TQQQ
2019-11-07,19.53137066710191,1.0,1.0,TQQQ,TQQQ
2019-11-08,19.762096086435566,1.0,1.0,TQQQ,TQQQ
2019-11-11,19.678926973198283,1.0,1.0,TQQQ,TQQQ
2019-11-12,19.839894955346015,1.0,1.0,TQQQ,TQQQ
2019-11-13,19.81038112155461,1.0,1.0,TQQQ,TQQQ
2019-11-14,19.805015164848,1.0,1.0,TQQQ,TQQQ
2019-11-15,20.177941652621975,1.0,1.0,TQQQ,TQQQ
2019-11-18,20.28256601744525,1.0,1.0,TQQQ,TQQQ
2019-11-19,20.365739418302752,1.0,1.0,TQQQ,TQQQ
2019-11-20,20.008921519699157,1.0,1.0,TQQQ,TQQQ
2019-11-21,19.853313062827702,1.0,1.0,TQQQ,TQQQ
2019-11-22,19.906970486083686,1.0,1.0,TQQQ,TQQQ
2019-11-25,20.596469125256625,1.0,1.0,TQQQ,TQQQ
2019-11-26,20.719881841888423,1.0,1.0,TQQQ,TQQQ
2019-11-27,21.138415745953413,1.0,1.0,TQQQ,TQQQ
2019-11-29,20.85670837838169,1.0,1.0,TQQQ,TQQQ
2019-12-02,20.18599165958694,1.0,1.0,TQQQ,TQQQ
2019-12-03,19.26298631526927,1.0,1.0,SOXL,SOXL
2019-12-04,20.167874322284945,1.0,1.0,SOXL,SOXL
2019-12-05,20.410065533297963,1.0,1.0,SOXL,SOXL
2019-12-06,21.35881738404697,1.0,1.0,SOXL,SOXL
2019-12-09,20.9983860404249,1.0,1.0,SOXL,SOXL
2019-12-10,21.2320030752247,1.0,1.0,SOXL,SOXL
2019-12-11,22.62413391376805,1.0,1.0,SOXL,SOXL
2019-12-12,24.459663486522413,1.0,1.0,SOXL,SOXL
2019-12-13,24.0572766492931,1.0,1.0,SOXL,SOXL
2019-12-16,24.740000543182173,1.0,1.0,SOXL,SOXL
2019-12-17,25.0651450402008,1.0,1.0,SOXL,SOXL
2019-12-18,25.02891036559682,1.0,1.0,SOXL,SOXL
2019-12-19,25.61723510409876,1.0,1.0,SOXL,SOXL
2019-12-20,26.440119063567707,1.0,1.0,SOXL,SOXL
2019-12-23,26.618417922502648,1.0,1.0,SOXL,SOXL
2019-12-24,26.81600338869858,1.0,1.0,SOXL,SOXL
2019-12-26,26.917178385922902,1.0,1.0,SOXL,SOXL
2019-12-27,26.61746445266877,1.0,1.0,SOXL,SOXL
2019-12-30,26.0571683421828,1.0,1.0,SOXL,SOXL
2019-12-31,26.23183950228234,1.0,1.0,SOXL,SOXL
2020-01-02,27.867875258714683,1.0,1.0,SOXL,SOXL
2020-01-03,27.110131510077665,1.0,1.0,TQQQ,TQQQ
2020-01-06,27.625518313872988,1.0,1.0,TQQQ,TQQQ
2020-01-07,27.591777373199736,1.0,1.0,TQQQ,TQQQ
2020-01-08,28.226802509884124,1.0,1.0,TQQQ,TQQQ
2020-01-09,28.938535662103032,1.0,1.0,TQQQ,TQQQ
2020-01-10,28.70231231988354,1.0,1.0,TQQQ,TQQQ
2020-01-13,29.70549084192538,1.0,1.0,TQQQ,TQQQ
2020-01-14,29.35882344449901,1.0,1.0,TQQQ,TQQQ
2020-01-15,29.377234054367417,1.0,1.0,TQQQ,TQQQ
2020-01-16,30.196335883730526,1.0,1.0,TQQQ,TQQQ
2020-01-17,30.647299030738875,1.0,1.0,TQQQ,TQQQ
2020-01-21,30.631966249433585,1.0,1.0,TQQQ,TQQQ
2020-01-22,30.84057000109979,1.0,1.0,TQQQ,TQQQ
2020-01-23,31.12587686729962,1.0,1.0,TQQQ,TQQQ
2020-01-24,30.319044693681366,1.0,1.0,TQQQ,TQQQ
2020-01-27,28.444622593736547,1.0,1.0,TQQQ,TQQQ
2020-01-28,29.766846472151016,1.0,1.0,TQQQ,TQQQ
2020-01-29,29.87421269879477,1.0,1.0,TQQQ,TQQQ
2020-01-30,30.21167601653716,1.0,1.0,TQQQ,TQQQ
2020-01-31,28.726861433375046,1.0,1.0,TQQQ,TQQQ
2020-02-03,30.04601483472774,1.0,1.0,TQQQ,TQQQ
2020-02-04,32.09837022272729,1.0,1.0,TQQQ,TQQQ
2020-02-05,32.46957448114293,1.0,1.0,TQQQ,TQQQ
2020-02-06,33.26106162095365,1.0,1.0,TQQQ,TQQQ
2020-02-07,32.83157465987459,1.0,1.0,TQQQ,TQQQ
2020-02-10,34.01574224403024,1.0,1.0,TQQQ,TQQQ
2020-02-11,34.04028645652086,1.0,1.0,TQQQ,TQQQ
2020-02-12,35.0373166729378,1.0,1.0,TQQQ,TQQQ
2020-02-13,34.902333306241204,1.0,1.0,TQQQ,TQQQ
2020-02-14,35.1385566484607,1.0,1.0,TQQQ,TQQQ
2020-02-18,35.199909828185895,1.0,1.0,TQQQ,TQQQ
2020-02-19,36.218418681032574,1.0,1.0,TQQQ,TQQQ
2020-02-20,35.18764262294148,1.0,1.0,TQQQ,TQQQ
2020-02-21,33.17516667923829,1.0,1.0,TQQQ,TQQQ
2020-02-24,29.352692292377245,1.0,1.0,TQQQ,TQQQ
2020-02-25,26.978216169942392,1.0,1.0,TQQQ,TQQQ
2020-02-26,27.349417977857584,1.0,1.0,TQQQ,TQQQ
2020-02-27,23.260044884164675,1.0,1.0,TQQQ,TQQQ
2020-02-28,24.94799319643488,1.0,1.0,SOXL,SOXL
2020-03-02,28.353230039042927,1.0,1.0,TQQQ,TQQQ
2020-03-03,25.683473504397607,1.0,1.0,TQQQ,TQQQ
2020-03-04,28.800349622003782,1.0,1.0,TQQQ,TQQQ
2020-03-05,26.273155917521162,1.0,1.0,TQQQ,TQQQ
2020-03-06,24.896151932007374,1.0,1.0,TQQQ,TQQQ
2020-03-09,19.83851522408109,1.0,1.0,TQQQ,TQQQ
2020-03-10,19.83851522408109,0.0,0.0,CASH,SOXL
2020-03-11,19.83851522408109,0.0,0.0,CASH,TQQQ
2020-03-12,19.83851522408109,0.0,0.0,CASH,SOXL
2020-03-13,19.83851522408109,0.0,0.0,CASH,TQQQ
2020-03-16,19.83851522408109,0.0,0.0,CASH,TQQQ
2020-03-17,19.83851522408109,0.0,0.0,CASH,SOXL
2020-03-18,19.83851522408109,0.0,0.0,CASH,TQQQ
2020-03-19,19.83851522408109,0.0,0.0,CASH,TQQQ
2020-03-20,19.83851522408109,0.0,0.0,CASH,TQQQ
2020-03-23,19.83851522408109,0.0,0.0,CASH,SOXL
2020-03-24,19.83851522408109,0.0,0.0,CASH,TQQQ
2020-03-25,19.83851522408109,0.0,0.0,CASH,TQQQ
2020-03-26,19.83851522408109,0.0,0.0,CASH,TQQQ
2020-03-27,19.83851522408109,0.0,0.0,CASH,TQQQ
2020-03-30,19.83851522408109,0.0,0.0,CASH,TQQQ
2020-03-31,19.83851522408109,0.0,0.0,CASH,TQQQ
2020-04-01,19.83851522408109,0.0,0.0,CASH,TQQQ
2020-04-02,19.83851522408109,0.0,0.0,CASH,TQQQ
2020-04-03,19.83851522408109,0.0,0.0,CASH,TQQQ
2020-04-06,19.83851522408109,0.0,0.0,CASH,TQQQ
2020-04-07,19.83851522408109,0.0,0.0,CASH,TQQQ
2020-04-08,19.83851522408109,0.0,0.0,CASH,TQQQ
2020-04-09,19.83851522408109,0.0,0.0,CASH,TQQQ
2020-04-13,19.83851522408109,0.0,0.0,CASH,TQQQ
2020-04-14,19.83851522408109,0.0,0.0,CASH,TQQQ
2020-04-15,19.180438235105473,1.0,1.0,TQQQ,TQQQ
2020-04-16,20.20790736169225,1.0,1.0,TQQQ,TQQQ
2020-04-17,20.713876673792743,1.0,1.0,TQQQ,TQQQ
2020-04-20,20.043389664151228,1.0,1.0,TQQQ,TQQQ
2020-04-21,17.82703683848428,1.0,1.0,TQQQ,TQQQ
2020-04-22,19.403938864035197,1.0,1.0,TQQQ,TQQQ
2020-04-23,19.276666105639524,1.0,1.0,TQQQ,TQQQ
2020-04-24,20.207907361692246,1.0,1.0,TQQQ,TQQQ
2020-04-27,20.602134417782853,1.0,1.0,TQQQ,TQQQ
2020-04-28,19.48775051509182,1.0,1.0,TQQQ,TQQQ
2020-04-29,21.514743286164467,1.0,1.0,TQQQ,TQQQ
2020-04-30,21.657539108372102,1.0,1.0,TQQQ,TQQQ
2020-05-01,19.714350549782264,1.0,1.0,TQQQ,TQQQ
2020-05-04,20.409674957427843,1.0,1.0,TQQQ,TQQQ
2020-05-05,21.061545696308205,1.0,1.0,TQQQ,TQQQ
2020-05-06,21.477498347019118,1.0,1.0,TQQQ,TQQQ
2020-05-07,22.31561485758542,1.0,1.0,TQQQ,TQQQ
2020-05-08,23.215818664350348,1.0,1.0,TQQQ,TQQQ
2020-05-11,23.79318588755466,1.0,1.0,TQQQ,TQQQ
2020-05-12,22.377694715210225,1.0,1.0,TQQQ,TQQQ
2020-05-13,21.53027006926335,1.0,1.0,TQQQ,TQQQ
2020-05-14,22.244226864580035,1.0,1.0,TQQQ,TQQQ
2020-05-15,22.6260315023817,1.0,1.0,TQQQ,TQQQ
2020-05-18,23.935971791663857,1.0,1.0,TQQQ,TQQQ
2020-05-19,23.752829145025547,1.0,1.0,TQQQ,TQQQ
2020-05-20,25.143477960316705,1.0,1.0,TQQQ,TQQQ
2020-05-21,24.37054815170975,1.0,1.0,TQQQ,TQQQ
2020-05-22,24.59094317606724,1.0,1.0,TQQQ,TQQQ
2020-05-26,24.488509055437934,1.0,1.0,TQQQ,TQQQ
2020-05-27,24.833068754094246,1.0,1.0,TQQQ,TQQQ
2020-05-28,24.67475606688617,1.0,1.0,TQQQ,TQQQ
2020-05-29,25.692918297854675,1.0,1.0,TQQQ,TQQQ
2020-06-01,26.009533754172388,1.0,1.0,TQQQ,TQQQ
2020-06-02,26.527923005037216,1.0,1.0,TQQQ,TQQQ
2020-06-03,26.88800452774319,1.0,1.0,TQQQ,TQQQ
2020-06-04,26.341680952638193,1.0,1.0,TQQQ,TQQQ
2020-06-05,27.90305495532793,1.0,1.0,TQQQ,TQQQ
2020-06-08,28.5238882449205,1.0,1.0,TQQQ,TQQQ
2020-06-09,29.160230960939682,1.0,1.0,TQQQ,TQQQ
2020-06-10,30.212526327669778,1.0,1.0,TQQQ,TQQQ
2020-06-11,25.764308770384662,1.0,1.0,TQQQ,TQQQ
2020-06-12,26.32305228425399,1.0,1.0,TQQQ,TQQQ
2020-06-15,27.251187935734475,1.0,1.0,TQQQ,TQQQ
2020-06-16,28.691504108459924,1.0,1.0,TQQQ,TQQQ
2020-06-17,28.970872146107673,1.0,1.0,TQQQ,TQQQ
2020-06-18,29.19437649432431,1.0,1.0,TQQQ,TQQQ
2020-06-19,29.154024710844418,1.0,1.0,TQQQ,TQQQ
2020-06-22,30.190800733049464,1.0,1.0,TQQQ,TQQQ
2020-06-23,30.979249886181464,1.0,1.0,TQQQ,TQQQ
2020-06-24,29.154024710844414,1.0,1.0,TQQQ,TQQQ
2020-06-25,29.92695203992676,1.0,1.0,TQQQ,TQQQ
2020-06-26,27.775783436694553,1.0,1.0,TQQQ,TQQQ
2020-06-29,28.663564825170535,1.0,1.0,TQQQ,TQQQ
2020-06-30,30.311863522062968,1.0,1.0,TQQQ,TQQQ
2020-07-01,31.395202536892377,1.0,1.0,TQQQ,TQQQ
2020-07-02,32.56333998810769,1.0,1.0,SOXL,SOXL
2020-07-06,35.17467879099148,1.0,1.0,SOXL,SOXL
2020-07-07,33.87422168622254,1.0,1.0,SOXL,SOXL
2020-07-08,35.27564504824879,1.0,1.0,SOXL,SOXL
2020-07-09,36.678794285300526,1.0,1.0,SOXL,SOXL
2020-07-10,36.31321697186644,1.0,1.0,SOXL,SOXL
2020-07-13,34.50095060098321,1.0,1.0,SOXL,SOXL
2020-07-14,36.32888082868256,1.0,1.0,SOXL,SOXL
2020-07-15,35.96503452680677,1.0,1.0,SOXL,SOXL
2020-07-16,35.52633353223336,1.0,1.0,SOXL,SOXL
2020-07-17,36.184387592359876,1.0,1.0,SOXL,SOXL
2020-07-20,38.414467247128606,1.0,1.0,SOXL,SOXL
2020-07-21,37.60146967466944,1.0,1.0,SOXL,SOXL
2020-07-22,38.05236479814315,1.0,1.0,SOXL,SOXL
2020-07-23,36.280127427479,1.0,1.0,SOXL,SOXL
2020-07-24,34.55143244547866,1.0,1.0,SOXL,SOXL
2020-07-27,37.824310446003224,1.0,1.0,SOXL,SOXL
2020-07-28,35.58726308447238,1.0,1.0,SOXL,SOXL
2020-07-29,37.89220256847154,1.0,1.0,SOXL,SOXL
2020-07-30,40.11009579913918,1.0,1.0,SOXL,SOXL
2020-07-31,39.43288247161665,1.0,1.0,SOXL,SOXL
2020-08-03,41.77960765005725,1.0,1.0,SOXL,SOXL
2020-08-04,42.32281348317702,1.0,1.0,TQQQ,TQQQ
2020-08-05,42.660206569243314,1.0,1.0,TQQQ,TQQQ
2020-08-06,44.29320096401632,1.0,1.0,TQQQ,TQQQ
2020-08-07,42.84577411410388,1.0,1.0,TQQQ,TQQQ
2020-08-10,42.268828972377484,1.0,1.0,TQQQ,TQQQ
2020-08-11,39.86994499560381,1.0,1.0,TQQQ,TQQQ
2020-08-12,42.852527904931286,1.0,1.0,TQQQ,TQQQ
2020-08-13,43.15281017707368,1.0,1.0,TQQQ,TQQQ
2020-08-14,43.02796745859897,1.0,1.0,TQQQ,TQQQ
2020-08-17,44.44840070558753,1.0,1.0,TQQQ,TQQQ
2020-08-18,45.75413000548713,1.0,1.0,TQQQ,TQQQ
2020-08-19,44.86002619969448,1.0,1.0,TQQQ,TQQQ
2020-08-20,46.70556287691443,1.0,1.0,TQQQ,TQQQ
2020-08-21,47.68063671128584,1.0,1.0,TQQQ,TQQQ
2020-08-24,48.56462330607847,1.0,1.0,TQQQ,TQQQ
2020-08-25,49.69827377743479,1.0,1.0,TQQQ,TQQQ
2020-08-26,52.879885997457976,1.0,1.0,TQQQ,TQQQ
2020-08-27,52.40079805642706,1.0,1.0,TQQQ,TQQQ
2020-08-28,53.21054685308259,1.0,1.0,TQQQ,TQQQ
2020-08-31,54.44204374494153,1.0,1.0,TQQQ,TQQQ
2020-09-01,57.26940804736029,1.0,1.0,TQQQ,TQQQ
2020-09-02,62.40687990454917,1.0,1.0,SOXL,SOXL
2020-09-03,51.756405744886344,1.0,1.0,SOXL,SOXL
2020-09-04,50.32131324055312,1.0,1.0,SOXL,SOXL
2020-09-08,43.2086929257154,1.0,1.0,TQQQ,TQQQ
2020-09-09,46.781477884282594,1.0,1.0,SOXL,SOXL
2020-09-10,44.838600389004455,1.0,1.0,SOXL,SOXL
2020-09-11,44.68211087575404,1.0,1.0,SOXL,SOXL
2020-09-14,47.50700518213615,1.0,1.0,SOXL,SOXL
2020-09-15,49.94982162473642,1.0,1.0,SOXL,SOXL
2020-09-16,48.44593026895629,1.0,1.0,SOXL,SOXL
2020-09-17,48.22440443955629,1.0,1.0,SOXL,SOXL
2020-09-18,45.97667895638132,1.0,1.0,SOXL,SOXL
2020-09-21,45.7551561251519,1.0,1.0,SOXL,SOXL
2020-09-22,47.41352522172548,1.0,1.0,SOXL,SOXL
2020-09-23,43.88342521765864,1.0,1.0,SOXL,SOXL
2020-09-24,45.16579374220935,1.0,1.0,SOXL,SOXL
2020-09-25,47.11477251461106,1.0,1.0,SOXL,SOXL
2020-09-28,50.96191406631013,1.0,1.0,SOXL,SOXL
2020-09-29,51.38665289922769,1.0,1.0,SOXL,SOXL
2020-09-30,51.45574873833812,1.0,1.0,SOXL,SOXL
2020-10-01,54.65053934144894,1.0,1.0,SOXL,SOXL
2020-10-02,50.14386762358143,1.0,1.0,TQQQ,TQQQ
2020-10-05,53.30652759929649,1.0,1.0,TQQQ,TQQQ
2020-10-06,50.442971218759645,1.0,1.0,TQQQ,TQQQ
2020-10-07,53.09515540936929,1.0,1.0,TQQQ,TQQQ
2020-10-08,53.87683111201053,1.0,1.0,TQQQ,TQQQ
2020-10-09,56.27376307434999,1.0,1.0,TQQQ,TQQQ
2020-10-12,61.52225401455462,1.0,1.0,TQQQ,TQQQ
2020-10-13,61.530218302042464,1.0,1.0,TQQQ,TQQQ
2020-10-14,60.010715077953016,1.0,1.0,TQQQ,TQQQ
2020-10-15,58.77039517317721,1.0,1.0,TQQQ,TQQQ
2020-10-16,57.86904808674372,1.0,1.0,TQQQ,TQQQ
2020-10-19,54.99353890354513,1.0,1.0,TQQQ,TQQQ
2020-10-20,55.34848489687307,1.0,1.0,TQQQ,TQQQ
2020-10-21,55.20491109347233,1.0,1.0,TQQQ,TQQQ
2020-10-22,55.23283707111969,1.0,1.0,TQQQ,TQQQ
2020-10-23,55.55588768591633,1.0,1.0,TQQQ,TQQQ
2020-10-26,53.02335257909396,1.0,1.0,TQQQ,TQQQ
2020-10-27,54.275644400821484,1.0,1.0,TQQQ,TQQQ
2020-10-28,47.90646989676834,1.0,1.0,TQQQ,TQQQ
2020-10-29,51.72095015909309,1.0,1.0,SOXL,SOXL
2020-10-30,48.12346980668688,1.0,1.0,TQQQ,TQQQ
2020-11-02,48.1398637343864,1.0,1.0,TQQQ,TQQQ
2020-11-03,51.00396562419816,1.0,1.0,SOXL,SOXL
2020-11-04,56.34967374485584,1.0,1.0,SOXL,SOXL
2020-11-05,63.78112867244441,1.0,1.0,SOXL,SOXL
2020-11-06,67.06202280790673,1.0,1.0,SOXL,SOXL
2020-11-09,64.50047543353914,1.0,1.0,SOXL,SOXL
2020-11-10,58.69996133248048,1.0,1.0,SOXL,SOXL
2020-11-11,65.09615683360828,1.0,1.0,SOXL,SOXL
2020-11-12,62.576497562820904,1.0,1.0,SOXL,SOXL
2020-11-13,64.89822712165076,1.0,1.0,SOXL,SOXL
2020-11-16,69.68443146306605,1.0,1.0,SOXL,SOXL
2020-11-17,67.98689641288178,1.0,1.0,SOXL,SOXL
2020-11-18,66.54437344208084,1.0,1.0,SOXL,SOXL
2020-11-19,69.63304273331185,1.0,1.0,SOXL,SOXL
2020-11-20,68.50263666942922,1.0,1.0,SOXL,SOXL
2020-11-23,71.60272131113993,1.0,1.0,SOXL,SOXL
2020-11-24,72.7597706795116,1.0,1.0,SOXL,SOXL
2020-11-25,71.98142121165803,1.0,1.0,SOXL,SOXL
2020-11-27,74.45921483897433,1.0,1.0,SOXL,SOXL
2020-11-30,77.25862038435561,1.0,1.0,SOXL,SOXL
2020-12-01,81.35781490683684,1.0,1.0,SOXL,SOXL
2020-12-02,81.97631577781078,1.0,1.0,SOXL,SOXL
2020-12-03,82.10002044402741,1.0,1.0,SOXL,SOXL
2020-12-04,88.93390170735026,1.0,1.0,SOXL,SOXL
2020-12-07,90.09668401858458,1.0,1.0,SOXL,SOXL
2020-12-08,91.23280056522071,1.0,1.0,SOXL,SOXL
2020-12-09,83.43025409909143,1.0,1.0,SOXL,SOXL
2020-12-10,83.2684739328242,1.0,1.0,SOXL,SOXL
2020-12-11,80.39486018678389,1.0,1.0,SOXL,SOXL
2020-12-14,83.42264012208675,1.0,1.0,SOXL,SOXL
2020-12-15,86.90144150939743,1.0,1.0,SOXL,SOXL
2020-12-16,86.70923912527529,1.0,1.0,SOXL,SOXL
2020-12-17,87.1735625769321,1.0,1.0,SOXL,SOXL
2020-12-18,86.0355425360448,1.0,1.0,SOXL,SOXL
2020-12-21,84.34182008939015,1.0,1.0,SOXL,SOXL
2020-12-22,84.02984355815408,1.0,1.0,SOXL,SOXL
2020-12-23,82.28456393092657,1.0,1.0,SOXL,SOXL
2020-12-24,84.65985523507167,1.0,1.0,SOXL,SOXL
2020-12-28,84.17832733979961,1.0,1.0,SOXL,SOXL
2020-12-29,83.53122351981256,1.0,1.0,SOXL,SOXL
2020-12-30,87.84976346833373,1.0,1.0,SOXL,SOXL
2020-12-31,88.78427246013767,1.0,1.0,SOXL,SOXL
2021-01-04,87.55855130801451,1.0,1.0,SOXL,SOXL
2021-01-05,92.63080198464262,1.0,1.0,SOXL,SOXL
2021-01-06,91.94940719299812,1.0,1.0,SOXL,SOXL
2021-01-07,102.08251004085646,1.0,1.0,SOXL,SOXL
2021-01-08,102.16813920702249,1.0,1.0,SOXL,SOXL
2021-01-11,105.88904934100505,1.0,1.0,SOXL,SOXL
2021-01-12,107.96936080151964,1.0,1.0,SOXL,SOXL
2021-01-13,108.2567266681455,1.0,1.0,SOXL,SOXL
2021-01-14,115.30077840291715,1.0,1.0,SOXL,SOXL
2021-01-15,107.98456629541981,1.0,1.0,SOXL,SOXL
2021-01-19,118.95508308319077,1.0,1.0,SOXL,SOXL
2021-01-20,117.96346926385186,1.0,1.0,SOXL,SOXL
2021-01-21,123.21462032495312,1.0,1.0,SOXL,SOXL
2021-01-22,116.45227450929943,1.0,1.0,SOXL,SOXL
2021-01-25,116.95283173205587,1.0,1.0,SOXL,SOXL
2021-01-26,111.49994397049478,1.0,1.0,SOXL,SOXL
2021-01-27,94.62355270960357,1.0,1.0,SOXL,SOXL
2021-01-28,100.30484855124999,1.0,1.0,SOXL,SOXL
2021-01-29,95.35629131078393,1.0,1.0,SOXL,SOXL
2021-02-01,106.62560616074234,1.0,1.0,SOXL,SOXL
2021-02-02,111.47899991870466,1.0,1.0,SOXL,SOXL
2021-02-03,104.58342073552396,1.0,1.0,SOXL,SOXL
2021-02-04,107.168051487079,1.0,1.0,SOXL,SOXL
2021-02-05,104.84035315424032,1.0,1.0,SOXL,SOXL
2021-02-08,114.57755165796533,1.0,1.0,SOXL,SOXL
2021-02-09,113.11771194300334,1.0,1.0,SOXL,SOXL
2021-02-10,114.18737464166735,1.0,1.0,SOXL,SOXL
2021-02-11,126.08667309340687,1.0,1.0,SOXL,SOXL
2021-02-12,130.67548676548444,1.0,1.0,SOXL,SOXL
2021-02-16,132.98797960442295,1.0,1.0,SOXL,SOXL
2021-02-17,125.64701645663315,1.0,1.0,SOXL,SOXL
2021-02-18,121.86328539733482,1.0,1.0,SOXL,SOXL
2021-02-19,130.75163776558566,1.0,1.0,SOXL,SOXL
2021-02-22,116.49984502049668,1.0,1.0,SOXL,SOXL
2021-02-23,114.13598591191314,1.0,1.0,SOXL,SOXL
2021-02-24,124.88952681516034,1.0,1.0,SOXL,SOXL
2021-02-25,103.40145749106841,1.0,1.0,SOXL,SOXL
2021-02-26,110.51594412816048,1.0,1.0,SOXL,SOXL
2021-03-01,121.49974607049859,1.0,1.0,SOXL,SOXL
2021-03-02,110.05725254887513,1.0,1.0,SOXL,SOXL
2021-03-03,99.95083231069684,1.0,1.0,SOXL,SOXL
2021-03-04,85.59055723837328,1.0,1.0,SOXL,SOXL
2021-03-05,93.49868867765574,1.0,1.0,SOXL,SOXL
2021-03-08,78.56745517041904,1.0,1.0,SOXL,SOXL
2021-03-09,92.64222856517688,1.0,1.0,SOXL,SOXL
2021-03-10,87.70320564104853,1.0,1.0,SOXL,SOXL
2021-03-11,98.4091591880166,1.0,1.0,SOXL,SOXL
2021-03-12,95.41147579898586,1.0,1.0,SOXL,SOXL
2021-03-15,101.54956534069377,1.0,1.0,SOXL,SOXL
2021-03-16,105.5750233248083,1.0,1.0,SOXL,SOXL
2021-03-17,109.68609924503426,1.0,1.0,SOXL,SOXL
2021-03-18,96.23941157283367,1.0,1.0,SOXL,SOXL
2021-03-19,99.20852570301507,1.0,1.0,SOXL,SOXL
2021-03-22,105.63211692228869,1.0,1.0,SOXL,SOXL
2021-03-23,97.19502183719185,1.0,1.0,SOXL,SOXL
2021-03-24,93.0821547232605,1.0,1.0,SOXL,SOXL
2021-03-25,93.71053242723681,1.0,1.0,SOXL,SOXL
2021-03-26,107.64856306241163,1.0,1.0,SOXL,SOXL
2021-03-29,102.2218750181837,1.0,1.0,SOXL,SOXL
2021-03-30,101.45070717023349,1.0,1.0,SOXL,SOXL
2021-03-31,109.13377147066791,1.0,1.0,SOXL,SOXL
2021-04-01,121.12961470162439,1.0,1.0,SOXL,SOXL
2021-04-05,128.40497770635307,1.0,1.0,TQQQ,TQQQ
2021-04-06,128.10180521141257,1.0,1.0,TQQQ,TQQQ
2021-04-07,129.04914737204794,1.0,1.0,TQQQ,TQQQ
2021-04-08,133.07837833595502,1.0,1.0,TQQQ,TQQQ
2021-04-09,135.49087429680878,1.0,1.0,TQQQ,TQQQ
2021-04-12,134.960360265428,1.0,1.0,TQQQ,TQQQ
2021-04-13,139.5832540059597,1.0,1.0,TQQQ,TQQQ
2021-04-14,134.68247148283467,1.0,1.0,TQQQ,TQQQ
2021-04-15,140.63160994473557,1.0,1.0,TQQQ,TQQQ
2021-04-16,141.22524245354813,1.0,1.0,TQQQ,TQQQ
2021-04-19,137.37285622628175,1.0,1.0,TQQQ,TQQQ
2021-04-20,134.36671766734474,1.0,1.0,TQQQ,TQQQ
2021-04-21,137.7643804646478,1.0,1.0,TQQQ,TQQQ
2021-04-22,132.74996248575005,1.0,1.0,TQQQ,TQQQ
2021-04-23,137.75178905482764,1.0,1.0,TQQQ,TQQQ
2021-04-26,140.4800287419007,1.0,1.0,TQQQ,TQQQ
2021-04-27,138.63594211313642,1.0,1.0,TQQQ,TQQQ
2021-04-28,137.20865334581467,1.0,1.0,TQQQ,TQQQ
2021-04-29,138.58543522406615,1.0,1.0,TQQQ,TQQQ
2021-04-30,135.98346275966873,1.0,1.0,TQQQ,TQQQ
2021-05-03,133.76043321308788,1.0,1.0,TQQQ,TQQQ
2021-05-04,126.71243192334086,1.0,1.0,TQQQ,TQQQ
2021-05-05,125.23462617767817,1.0,1.0,TQQQ,TQQQ
2021-05-06,127.97552789946617,1.0,1.0,TQQQ,TQQQ
2021-05-07,131.1079740381616,1.0,1.0,TQQQ,TQQQ
2021-05-10,121.25594245992407,1.0,1.0,TQQQ,TQQQ
2021-05-11,120.64963782712586,1.0,1.0,TQQQ,TQQQ
2021-05-12,111.46701926984765,1.0,1.0,TQQQ,TQQQ
2021-05-13,113.81636648545759,1.0,1.0,TQQQ,TQQQ
2021-05-14,121.21802698067398,1.0,1.0,TQQQ,TQQQ
2021-05-17,119.17182199219248,1.0,1.0,TQQQ,TQQQ
2021-05-18,116.6709339308304,1.0,1.0,TQQQ,TQQQ
2021-05-19,117.10038373771722,1.0,1.0,TQQQ,TQQQ
2021-05-20,123.87050633414165,1.0,1.0,TQQQ,TQQQ
2021-05-21,121.82430134566015,1.0,1.0,TQQQ,TQQQ
2021-05-24,127.92501092112525,1.0,1.0,TQQQ,TQQQ
2021-05-25,128.5439069637436,1.0,1.0,TQQQ,TQQQ
2021-05-26,129.84488815130695,1.0,1.0,TQQQ,TQQQ
2021-05-27,128.32919719420622,1.0,1.0,TQQQ,TQQQ
2021-05-28,129.57963113561655,1.0,1.0,TQQQ,TQQQ
2021-06-01,128.3165553380326,1.0,1.0,TQQQ,TQQQ
2021-06-02,128.9859885375333,1.0,1.0,TQQQ,TQQQ
2021-06-03,124.93151421836177,1.0,1.0,TQQQ,TQQQ
2021-06-04,131.33531557460185,1.0,1.0,TQQQ,TQQQ
2021-06-07,132.4973574155039,1.0,1.0,TQQQ,TQQQ
2021-06-08,132.6489184397974,1.0,1.0,TQQQ,TQQQ
2021-06-09,132.8004996426323,1.0,1.0,TQQQ,TQQQ
2021-06-10,136.86760572870674,1.0,1.0,TQQQ,TQQQ
2021-06-11,137.95385696819136,1.0,1.0,TQQQ,TQQQ
2021-06-14,141.8189052301727,1.0,1.0,TQQQ,TQQQ
2021-06-15,139.19167932124017,1.0,1.0,TQQQ,TQQQ
2021-06-16,137.70125189794527,1.0,1.0,TQQQ,TQQQ
2021-06-17,142.84199763514277,1.0,1.0,TQQQ,TQQQ
2021-06-18,139.43167280312477,1.0,1.0,TQQQ,TQQQ
2021-06-21,141.98312828918122,1.0,1.0,TQQQ,TQQQ
2021-06-22,145.9491802400324,1.0,1.0,TQQQ,TQQQ
2021-06-23,146.20179539954918,1.0,1.0,TQQQ,TQQQ
2021-06-24,148.89218014299624,1.0,1.0,TQQQ,TQQQ
2021-06-25,148.4248148568593,1.0,1.0,TQQQ,TQQQ
2021-06-28,153.679246496183,1.0,1.0,TQQQ,TQQQ
2021-06-29,155.4096674013625,1.0,1.0,TQQQ,TQQQ
2021-06-30,154.72761252422958,1.0,1.0,TQQQ,TQQQ
2021-07-01,154.80340312564704,1.0,1.0,TQQQ,TQQQ
2021-07-02,160.05782467570003,1.0,1.0,TQQQ,TQQQ
2021-07-06,162.20507371013412,1.0,1.0,TQQQ,TQQQ
2021-07-07,163.2407777034657,1.0,1.0,TQQQ,TQQQ
2021-07-08,160.4114838811694,1.0,1.0,TQQQ,TQQQ
2021-07-09,163.12707162279816,1.0,1.0,TQQQ,TQQQ
2021-07-12,165.17329678982102,1.0,1.0,TQQQ,TQQQ
2021-07-13,165.08486433222998,1.0,1.0,TQQQ,TQQQ
2021-07-14,165.9817096930658,1.0,1.0,TQQQ,TQQQ
2021-07-15,162.5460809701592,1.0,1.0,TQQQ,TQQQ
2021-07-16,158.55473521769014,1.0,1.0,TQQQ,TQQQ
2021-07-19,154.7528760580354,1.0,1.0,TQQQ,TQQQ
2021-07-20,159.8557264945242,1.0,1.0,TQQQ,TQQQ
2021-07-21,163.5060246298854,1.0,1.0,TQQQ,TQQQ
2021-07-22,166.94164326352129,1.0,1.0,TQQQ,TQQQ
2021-07-23,172.4865550952584,1.0,1.0,TQQQ,TQQQ
2021-07-26,173.20652545164143,1.0,1.0,TQQQ,TQQQ
2021-07-27,167.54792771777812,1.0,1.0,TQQQ,TQQQ
2021-07-28,169.3793624010981,1.0,1.0,TQQQ,TQQQ
2021-07-29,170.2129984810659,1.0,1.0,TQQQ,TQQQ
2021-07-30,167.6615833520922,1.0,1.0,TQQQ,TQQQ
2021-08-02,167.61105628448055,1.0,1.0,TQQQ,TQQQ
2021-08-03,170.52871193947308,1.0,1.0,TQQQ,TQQQ
2021-08-04,171.37502014342658,1.0,1.0,TQQQ,TQQQ
2021-08-05,174.59591891825443,1.0,1.0,TQQQ,TQQQ
2021-08-06,172.32234212552058,1.0,1.0,TQQQ,TQQQ
2021-08-09,173.24440057380875,1.0,1.0,TQQQ,TQQQ
2021-08-10,170.65509014412632,1.0,1.0,TQQQ,TQQQ
2021-08-11,169.73303169583815,1.0,1.0,TQQQ,TQQQ
2021-08-12,171.50135799099704,1.0,1.0,TQQQ,TQQQ
2021-08-13,173.2191370400029,1.0,1.0,TQQQ,TQQQ
2021-08-16,173.52231962421408,1.0,1.0,TQQQ,TQQQ
2021-08-17,168.9625948074676,1.0,1.0,TQQQ,TQQQ
2021-08-18,164.049170428169,1.0,1.0,TQQQ,TQQQ
2021-08-19,166.38584551979324,1.0,1.0,TQQQ,TQQQ
2021-08-20,171.52662152480283,1.0,1.0,TQQQ,TQQQ
2021-08-23,179.1682755019038,1.0,1.0,TQQQ,TQQQ
2021-08-24,180.9366017970627,1.0,1.0,TQQQ,TQQQ
2021-08-25,181.1386495318851,1.0,1.0,TQQQ,TQQQ
2021-08-26,178.06935213843354,1.0,1.0,TQQQ,TQQQ
2021-08-27,183.27329706722836,1.0,1.0,TQQQ,TQQQ
2021-08-30,189.34873301961696,1.0,1.0,TQQQ,TQQQ
2021-08-31,188.81821898823617,1.0,1.0,TQQQ,TQQQ
2021-09-01,189.853882624485,1.0,1.0,TQQQ,TQQQ
2021-09-02,189.58871641223084,1.0,1.0,TQQQ,TQQQ
2021-09-03,191.29384351579245,1.0,1.0,TQQQ,TQQQ
2021-09-07,192.07697270669001,1.0,1.0,TQQQ,TQQQ
2021-09-08,190.1065381410846,1.0,1.0,TQQQ,TQQQ
2021-09-09,188.07300527658876,1.0,1.0,TQQQ,TQQQ
2021-09-10,183.84168622077652,1.0,1.0,TQQQ,TQQQ
2021-09-13,183.4248177344392,1.0,1.0,TQQQ,TQQQ
2021-09-14,181.84594776428256,1.0,1.0,TQQQ,TQQQ
2021-09-15,185.87523926381377,1.0,1.0,TQQQ,TQQQ
2021-09-16,186.24149996837394,1.0,1.0,TQQQ,TQQQ
2021-09-17,179.66085387549316,1.0,1.0,TQQQ,TQQQ
2021-09-20,168.60889524491557,1.0,1.0,TQQQ,TQQQ
2021-09-21,168.823635282265,1.0,1.0,TQQQ,TQQQ
2021-09-22,173.7622626597453,1.0,1.0,TQQQ,TQQQ
2021-09-23,178.58723440291146,1.0,1.0,TQQQ,TQQQ
2021-09-24,179.0925050790278,1.0,1.0,TQQQ,TQQQ
2021-09-27,174.77272329781243,1.0,1.0,TQQQ,TQQQ
2021-09-28,160.19675393309063,1.0,1.0,TQQQ,TQQQ
2021-09-29,159.13577631668252,1.0,1.0,TQQQ,TQQQ
2021-09-30,157.3421864877178,1.0,1.0,TQQQ,TQQQ
2021-10-01,160.20938569999353,1.0,1.0,TQQQ,TQQQ
2021-10-04,150.357354121756,1.0,1.0,TQQQ,TQQQ
2021-10-05,156.142249346107,1.0,1.0,TQQQ,TQQQ
2021-10-06,159.22418859573216,1.0,1.0,TQQQ,TQQQ
2021-10-07,163.53129825296185,1.0,1.0,TQQQ,TQQQ
2021-10-08,161.0177582461555,1.0,1.0,TQQQ,TQQQ
2021-10-11,157.44325071221175,1.0,1.0,TQQQ,TQQQ
2021-10-12,155.8391172082493,1.0,1.0,TQQQ,TQQQ
2021-10-13,159.48943552215187,1.0,1.0,TQQQ,TQQQ
2021-10-14,168.2931010723428,1.0,1.0,TQQQ,TQQQ
2021-10-15,171.41291544413534,1.0,1.0,TQQQ,TQQQ
2021-10-18,176.55366118133287,1.0,1.0,TQQQ,TQQQ
2021-10-19,180.43133112094642,1.0,1.0,TQQQ,TQQQ
2021-10-20,179.8629419673983,1.0,1.0,TQQQ,TQQQ
2021-10-21,183.0838003851434,1.0,1.0,TQQQ,TQQQ
2021-10-22,178.4482849669795,1.0,1.0,TQQQ,TQQQ
2021-10-25,183.80375056298507,1.0,1.0,TQQQ,TQQQ
2021-10-26,185.5215901476151,1.0,1.0,TQQQ,TQQQ
2021-10-27,186.9867540371042,1.0,1.0,TQQQ,TQQQ
2021-10-28,193.12532864546597,1.0,1.0,TQQQ,TQQQ
2021-10-29,195.97986582302673,1.0,1.0,TQQQ,TQQQ
2021-11-01,197.91242526646482,1.0,1.0,TQQQ,TQQQ
2021-11-02,200.5522627637589,1.0,1.0,TQQQ,TQQQ
2021-11-03,206.91818899783163,1.0,1.0,TQQQ,TQQQ
2021-11-04,214.63561339780867,1.0,1.0,TQQQ,TQQQ
2021-11-05,215.43135417706776,1.0,1.0,TQQQ,TQQQ
2021-11-08,214.54717085094694,1.0,1.0,TQQQ,TQQQ
2021-11-09,210.12639547013245,1.0,1.0,TQQQ,TQQQ
2021-11-10,200.9185436468605,1.0,1.0,TQQQ,TQQQ
2021-11-11,202.54792050608742,1.0,1.0,TQQQ,TQQQ
2021-11-12,208.9770055746747,1.0,1.0,TQQQ,TQQQ
2021-11-15,208.91384674016015,1.0,1.0,TQQQ,TQQQ
2021-11-16,213.23360834283412,1.0,1.0,TQQQ,TQQQ
2021-11-17,213.48620332380952,1.0,1.0,TQQQ,TQQQ
2021-11-18,220.01632234907868,1.0,1.0,TQQQ,TQQQ
2021-11-19,223.7424312643987,1.0,1.0,TQQQ,TQQQ
2021-11-22,215.98711156371294,1.0,1.0,TQQQ,TQQQ
2021-11-23,213.04415201783183,1.0,1.0,TQQQ,TQQQ
2021-11-24,215.0145462263545,1.0,1.0,TQQQ,TQQQ
2021-11-26,203.15416460326145,1.0,1.0,TQQQ,TQQQ
2021-11-29,215.77235134782208,1.0,1.0,TQQQ,TQQQ
2021-11-30,206.50138104711837,1.0,1.0,TQQQ,TQQQ
2021-12-01,195.9041357572334,1.0,1.0,TQQQ,TQQQ
2021-12-02,196.18325519367514,1.0,1.0,SOXL,SOXL
2021-12-03,195.19070857532202,1.0,1.0,SOXL,SOXL
2021-12-06,194.16717307734297,1.0,1.0,SOXL,SOXL
2021-12-07,223.2922075740917,1.0,1.0,SOXL,SOXL
2021-12-08,219.2600189503375,1.0,1.0,SOXL,SOXL
2021-12-09,204.4028329457563,1.0,1.0,SOXL,SOXL
2021-12-10,209.6757353313142,1.0,1.0,SOXL,SOXL
2021-12-13,193.36071827882924,1.0,1.0,SOXL,SOXL
2021-12-14,190.81730080042507,1.0,1.0,SOXL,SOXL
2021-12-15,211.2886205372518,1.0,1.0,SOXL,SOXL
2021-12-16,183.7143959228295,1.0,1.0,SOXL,SOXL
2021-12-17,182.87691565805514,1.0,1.0,SOXL,SOXL
2021-12-20,178.5034956876133,1.0,1.0,SOXL,SOXL
2021-12-21,197.0066374085292,1.0,1.0,SOXL,SOXL
2021-12-22,202.83926652345005,1.0,1.0,SOXL,SOXL
2021-12-23,209.13727763228087,1.0,1.0,SOXL,SOXL
2021-12-27,226.44902437502438,1.0,1.0,SOXL,SOXL
2021-12-28,218.78590494626928,1.0,1.0,SOXL,SOXL
2021-12-29,220.2751029356913,1.0,1.0,SOXL,SOXL
2021-12-30,212.08464814486425,1.0,1.0,SOXL,SOXL
2021-12-31,210.9987324346512,1.0,1.0,SOXL,SOXL
2022-01-03,223.68785544218463,1.0,1.0,SOXL,SOXL
2022-01-04,220.4922568084261,1.0,1.0,SOXL,SOXL
2022-01-05,198.58887521009845,1.0,1.0,SOXL,SOXL
2022-01-06,203.33567398362067,1.0,1.0,SOXL,SOXL
2022-01-07,185.3413425920527,1.0,1.0,SOXL,SOXL
2022-01-10,186.14799251928505,1.0,1.0,SOXL,SOXL
2022-01-11,196.35510261705522,1.0,1.0,SOXL,SOXL
2022-01-12,200.35726580923168,1.0,1.0,SOXL,SOXL
2022-01-13,186.76847745340848,1.0,1.0,SOXL,SOXL
2022-01-14,200.0470477332598,1.0,1.0,SOXL,SOXL
2022-01-18,173.67607216666607,1.0,1.0,SOXL,SOXL
2022-01-19,173.67607216666607,0.0,0.0,CASH,TQQQ
2022-01-20,173.67607216666607,0.0,0.0,CASH,SOXL
2022-01-21,173.67607216666607,0.0,0.0,CASH,SOXL
2022-01-24,173.67607216666607,0.0,0.0,CASH,TQQQ
2022-01-25,173.67607216666607,0.0,0.0,CASH,SOXL
2022-01-26,173.67607216666607,0.0,0.0,CASH,TQQQ
2022-01-27,173.67607216666607,0.0,0.0,CASH,SOXL
2022-01-28,173.67607216666607,0.0,0.0,CASH,TQQQ
2022-01-31,173.67607216666607,0.0,0.0,CASH,SOXL
2022-02-01,173.67607216666607,0.0,0.0,CASH,SOXL
2022-02-02,173.67607216666607,0.0,0.0,CASH,SOXL
2022-02-03,173.67607216666607,0.0,0.0,CASH,SOXL
2022-02-04,173.67607216666607,0.0,0.0,CASH,SOXL
2022-02-07,173.67607216666607,0.0,0.0,CASH,SOXL
2022-02-08,173.67607216666607,0.0,0.0,CASH,SOXL
2022-02-09,173.67607216666607,0.0,0.0,CASH,SOXL
2022-02-10,173.67607216666607,0.0,0.0,CASH,SOXL
2022-02-11,173.67607216666607,0.0,0.0,CASH,SOXL
2022-02-14,173.67607216666607,0.0,0.0,CASH,SOXL
2022-02-15,173.67607216666607,0.0,0.0,CASH,SOXL
2022-02-16,173.67607216666607,0.0,0.0,CASH,SOXL
2022-02-17,173.67607216666607,0.0,0.0,CASH,SOXL
2022-02-18,173.67607216666607,0.0,0.0,CASH,SOXL
2022-02-22,173.67607216666607,0.0,0.0,CASH,SOXL
2022-02-23,173.67607216666607,0.0,0.0,CASH,SOXL
2022-02-24,173.67607216666607,0.0,0.0,CASH,SOXL
2022-02-25,173.67607216666607,0.0,0.0,CASH,SOXL
2022-02-28,173.67607216666607,0.0,0.0,CASH,SOXL
2022-03-01,173.67607216666607,0.0,0.0,CASH,SOXL
2022-03-02,173.67607216666607,0.0,0.0,CASH,TQQQ
2022-03-03,173.67607216666607,0.0,0.0,CASH,TQQQ
2022-03-04,173.67607216666607,0.0,0.0,CASH,TQQQ
2022-03-07,173.67607216666607,0.0,0.0,CASH,TQQQ
2022-03-08,173.67607216666607,0.0,0.0,CASH,SOXL
2022-03-09,173.67607216666607,0.0,0.0,CASH,TQQQ
2022-03-10,173.67607216666607,0.0,0.0,CASH,TQQQ
2022-03-11,173.67607216666607,0.0,0.0,CASH,TQQQ
2022-03-14,173.67607216666607,0.0,0.0,CASH,TQQQ
2022-03-15,173.67607216666607,0.0,0.0,CASH,TQQQ
2022-03-16,173.67607216666607,0.0,0.0,CASH,TQQQ
2022-03-17,173.67607216666607,0.0,0.0,CASH,TQQQ
2022-03-18,173.67607216666607,0.0,0.0,CASH,TQQQ
2022-03-21,173.67607216666607,0.0,0.0,CASH,TQQQ
2022-03-22,173.67607216666607,0.0,0.0,CASH,TQQQ
2022-03-23,173.67607216666607,0.0,0.0,CASH,TQQQ
2022-03-24,173.67607216666607,0.0,0.0,CASH,TQQQ
2022-03-25,173.67607216666607,0.0,0.0,CASH,TQQQ
2022-03-28,173.67607216666607,0.0,0.0,CASH,TQQQ
2022-03-29,173.67607216666607,0.0,0.0,CASH,TQQQ
2022-03-30,173.67607216666607,0.0,0.0,CASH,TQQQ
2022-03-31,173.67607216666607,0.0,0.0,CASH,TQQQ
2022-04-01,173.67607216666607,0.0,0.0,CASH,TQQQ
2022-04-04,173.67607216666607,0.0,0.0,CASH,TQQQ
2022-04-05,173.67607216666607,0.0,0.0,CASH,TQQQ
2022-04-06,173.67607216666607,0.0,0.0,CASH,TQQQ
2022-04-07,173.67607216666607,0.0,0.0,CASH,TQQQ
2022-04-08,173.67607216666607,0.0,0.0,CASH,TQQQ
2022-04-11,173.67607216666607,0.0,0.0,CASH,TQQQ
2022-04-12,173.67607216666607,0.0,0.0,CASH,TQQQ
2022-04-13,173.67607216666607,0.0,0.0,CASH,TQQQ
2022-04-14,173.67607216666607,0.0,0.0,CASH,TQQQ
2022-04-18,173.67607216666607,0.0,0.0,CASH,TQQQ
2022-04-19,173.67607216666607,0.0,0.0,CASH,TQQQ
2022-04-20,173.67607216666607,0.0,0.0,CASH,TQQQ
2022-04-21,173.67607216666607,0.0,0.0,CASH,TQQQ
2022-04-22,173.67607216666607,0.0,0.0,CASH,TQQQ
2022-04-25,173.67607216666607,0.0,0.0,CASH,TQQQ
2022-04-26,173.67607216666607,0.0,0.0,CASH,TQQQ
2022-04-27,173.67607216666607,0.0,0.0,CASH,TQQQ
2022-04-28,173.67607216666607,0.0,0.0,CASH,TQQQ
2022-04-29,173.67607216666607,0.0,0.0,CASH,TQQQ
2022-05-02,173.67607216666607,0.0,0.0,CASH,SOXL
2022-05-03,173.67607216666607,0.0,0.0,CASH,TQQQ
2022-05-04,173.67607216666607,0.0,0.0,CASH,TQQQ
2022-05-05,173.67607216666607,0.0,0.0,CASH,TQQQ
2022-05-06,173.67607216666607,0.0,0.0,CASH,TQQQ
2022-05-09,173.67607216666607,0.0,0.0,CASH,TQQQ
2022-05-10,173.67607216666607,0.0,0.0,CASH,SOXL
2022-05-11,173.67607216666607,0.0,0.0,CASH,TQQQ
2022-05-12,173.67607216666607,0.0,0.0,CASH,TQQQ
2022-05-13,173.67607216666607,0.0,0.0,CASH,TQQQ
2022-05-16,173.67607216666607,0.0,0.0,CASH,TQQQ
2022-05-17,173.67607216666607,0.0,0.0,CASH,TQQQ
2022-05-18,173.67607216666607,0.0,0.0,CASH,TQQQ
2022-05-19,173.67607216666607,0.0,0.0,CASH,SOXL
2022-05-20,173.67607216666607,0.0,0.0,CASH,TQQQ
2022-05-23,173.67607216666607,0.0,0.0,CASH,TQQQ
2022-05-24,173.67607216666607,0.0,0.0,CASH,TQQQ
2022-05-25,173.67607216666607,0.0,0.0,CASH,TQQQ
2022-05-26,173.67607216666607,0.0,0.0,CASH,TQQQ
2022-05-27,173.67607216666607,0.0,0.0,CASH,TQQQ
2022-05-31,173.67607216666607,0.0,0.0,CASH,TQQQ
2022-06-01,173.67607216666607,0.0,0.0,CASH,TQQQ
2022-06-02,173.67607216666607,0.0,0.0,CASH,TQQQ
2022-06-03,173.67607216666607,0.0,0.0,CASH,TQQQ
2022-06-06,173.67607216666607,0.0,0.0,CASH,TQQQ
2022-06-07,173.67607216666607,0.0,0.0,CASH,TQQQ
2022-06-08,173.67607216666607,0.0,0.0,CASH,TQQQ
2022-06-09,173.67607216666607,0.0,0.0,CASH,TQQQ
2022-06-10,173.67607216666607,0.0,0.0,CASH,TQQQ
2022-06-13,173.67607216666607,0.0,0.0,CASH,TQQQ
2022-06-14,173.67607216666607,0.0,0.0,CASH,SOXL
2022-06-15,173.67607216666607,0.0,0.0,CASH,TQQQ
2022-06-16,173.67607216666607,0.0,0.0,CASH,TQQQ
2022-06-17,173.67607216666607,0.0,0.0,CASH,TQQQ
2022-06-21,173.67607216666607,0.0,0.0,CASH,TQQQ
2022-06-22,173.67607216666607,0.0,0.0,CASH,TQQQ
2022-06-23,173.67607216666607,0.0,0.0,CASH,TQQQ
2022-06-24,173.67607216666607,0.0,0.0,CASH,TQQQ
2022-06-27,173.67607216666607,0.0,0.0,CASH,TQQQ
2022-06-28,173.67607216666607,0.0,0.0,CASH,TQQQ
2022-06-29,173.67607216666607,0.0,0.0,CASH,TQQQ
2022-06-30,173.67607216666607,0.0,0.0,CASH,TQQQ
2022-07-01,173.67607216666607,0.0,0.0,CASH,TQQQ
2022-07-05,173.67607216666607,0.0,0.0,CASH,TQQQ
2022-07-06,173.67607216666607,0.0,0.0,CASH,TQQQ
2022-07-07,173.67607216666607,0.0,0.0,CASH,TQQQ
2022-07-08,173.67607216666607,0.0,0.0,CASH,TQQQ
2022-07-11,173.67607216666607,0.0,0.0,CASH,TQQQ
2022-07-12,173.67607216666607,0.0,0.0,CASH,TQQQ
2022-07-13,173.67607216666607,0.0,0.0,CASH,TQQQ
2022-07-14,173.67607216666607,0.0,0.0,CASH,TQQQ
2022-07-15,173.67607216666607,0.0,0.0,CASH,TQQQ
2022-07-18,173.67607216666607,0.0,0.0,CASH,TQQQ
2022-07-19,173.67607216666607,0.0,0.0,CASH,TQQQ
2022-07-20,173.67607216666607,0.0,0.0,CASH,TQQQ
2022-07-21,173.67607216666607,0.0,0.0,CASH,TQQQ
2022-07-22,173.67607216666607,0.0,0.0,CASH,TQQQ
2022-07-25,173.67607216666607,0.0,0.0,CASH,TQQQ
2022-07-26,173.67607216666607,0.0,0.0,CASH,TQQQ
2022-07-27,173.67607216666607,0.0,0.0,CASH,TQQQ
2022-07-28,173.67607216666607,0.0,0.0,CASH,TQQQ
2022-07-29,173.67607216666607,0.0,0.0,CASH,TQQQ
2022-08-01,173.67607216666607,0.0,0.0,CASH,TQQQ
2022-08-02,173.67607216666607,0.0,0.0,CASH,TQQQ
2022-08-03,173.67607216666607,0.0,0.0,CASH,TQQQ
2022-08-04,173.67607216666607,0.0,0.0,CASH,TQQQ
2022-08-05,173.67607216666607,0.0,0.0,CASH,TQQQ
2022-08-08,173.67607216666607,0.0,0.0,CASH,TQQQ
2022-08-09,173.67607216666607,0.0,0.0,CASH,TQQQ
2022-08-10,173.67607216666607,0.0,0.0,CASH,TQQQ
2022-08-11,173.67607216666607,0.0,0.0,CASH,TQQQ
2022-08-12,173.67607216666607,0.0,0.0,CASH,TQQQ
2022-08-15,177.8373469715065,1.0,1.0,TQQQ,TQQQ
2022-08-16,176.69412736499953,1.0,1.0,TQQQ,TQQQ
2022-08-17,170.5665535555045,1.0,1.0,TQQQ,TQQQ
2022-08-18,171.70977316201143,1.0,1.0,TQQQ,TQQQ
2022-08-19,161.6495100259021,1.0,1.0,TQQQ,TQQQ
2022-08-22,161.6495100259021,0.0,0.0,CASH,TQQQ
2022-08-23,161.6495100259021,0.0,0.0,CASH,TQQQ
2022-08-24,161.6495100259021,0.0,0.0,CASH,TQQQ
2022-08-25,161.6495100259021,0.0,0.0,CASH,TQQQ
2022-08-26,161.6495100259021,0.0,0.0,CASH,TQQQ
2022-08-29,161.6495100259021,0.0,0.0,CASH,TQQQ
2022-08-30,161.6495100259021,0.0,0.0,CASH,TQQQ
2022-08-31,161.6495100259021,0.0,0.0,CASH,TQQQ
2022-09-01,161.6495100259021,0.0,0.0,CASH,TQQQ
2022-09-02,161.6495100259021,0.0,0.0,CASH,TQQQ
2022-09-06,161.6495100259021,0.0,0.0,CASH,TQQQ
2022-09-07,161.6495100259021,0.0,0.0,CASH,TQQQ
2022-09-08,161.6495100259021,0.0,0.0,CASH,TQQQ
2022-09-09,161.6495100259021,0.0,0.0,CASH,TQQQ
2022-09-12,161.6495100259021,0.0,0.0,CASH,TQQQ
2022-09-13,161.6495100259021,0.0,0.0,CASH,TQQQ
2022-09-14,161.6495100259021,0.0,0.0,CASH,TQQQ
2022-09-15,161.6495100259021,0.0,0.0,CASH,TQQQ
2022-09-16,161.6495100259021,0.0,0.0,CASH,TQQQ
2022-09-19,161.6495100259021,0.0,0.0,CASH,TQQQ
2022-09-20,161.6495100259021,0.0,0.0,CASH,TQQQ
2022-09-21,161.6495100259021,0.0,0.0,CASH,TQQQ
2022-09-22,161.6495100259021,0.0,0.0,CASH,TQQQ
2022-09-23,161.6495100259021,0.0,0.0,CASH,TQQQ
2022-09-26,161.6495100259021,0.0,0.0,CASH,TQQQ
2022-09-27,161.6495100259021,0.0,0.0,CASH,TQQQ
2022-09-28,161.6495100259021,0.0,0.0,CASH,TQQQ
2022-09-29,161.6495100259021,0.0,0.0,CASH,TQQQ
2022-09-30,161.6495100259021,0.0,0.0,CASH,SOXL
2022-10-03,161.6495100259021,0.0,0.0,CASH,TQQQ
2022-10-04,161.6495100259021,0.0,0.0,CASH,TQQQ
2022-10-05,161.6495100259021,0.0,0.0,CASH,TQQQ
2022-10-06,161.6495100259021,0.0,0.0,CASH,TQQQ
2022-10-07,161.6495100259021,0.0,0.0,CASH,TQQQ
2022-10-10,161.6495100259021,0.0,0.0,CASH,TQQQ
2022-10-11,161.6495100259021,0.0,0.0,CASH,TQQQ
2022-10-12,161.6495100259021,0.0,0.0,CASH,TQQQ
2022-10-13,161.6495100259021,0.0,0.0,CASH,TQQQ
2022-10-14,161.6495100259021,0.0,0.0,CASH,TQQQ
2022-10-17,161.6495100259021,0.0,0.0,CASH,TQQQ
2022-10-18,161.6495100259021,0.0,0.0,CASH,TQQQ
2022-10-19,161.6495100259021,0.0,0.0,CASH,TQQQ
2022-10-20,161.6495100259021,0.0,0.0,CASH,TQQQ
2022-10-21,161.6495100259021,0.0,0.0,CASH,TQQQ
2022-10-24,161.6495100259021,0.0,0.0,CASH,TQQQ
2022-10-25,161.6495100259021,0.0,0.0,CASH,TQQQ
2022-10-26,161.6495100259021,0.0,0.0,CASH,TQQQ
2022-10-27,161.6495100259021,0.0,0.0,CASH,TQQQ
2022-10-28,161.6495100259021,0.0,0.0,CASH,TQQQ
2022-10-31,161.6495100259021,0.0,0.0,CASH,TQQQ
2022-11-01,161.6495100259021,0.0,0.0,CASH,TQQQ
2022-11-02,161.6495100259021,0.0,0.0,CASH,TQQQ
2022-11-03,161.6495100259021,0.0,0.0,CASH,TQQQ
2022-11-04,161.6495100259021,0.0,0.0,CASH,SOXL
2022-11-07,161.6495100259021,0.0,0.0,CASH,TQQQ
2022-11-08,161.6495100259021,0.0,0.0,CASH,TQQQ
2022-11-09,161.6495100259021,0.0,0.0,CASH,TQQQ
2022-11-10,161.6495100259021,0.0,0.0,CASH,TQQQ
2022-11-11,161.6495100259021,0.0,0.0,CASH,TQQQ
2022-11-14,161.6495100259021,0.0,0.0,CASH,TQQQ
2022-11-15,161.6495100259021,0.0,0.0,CASH,TQQQ
2022-11-16,161.6495100259021,0.0,0.0,CASH,TQQQ
2022-11-17,161.6495100259021,0.0,0.0,CASH,TQQQ
2022-11-18,161.6495100259021,0.0,0.0,CASH,TQQQ
2022-11-21,161.6495100259021,0.0,0.0,CASH,TQQQ
2022-11-22,161.6495100259021,0.0,0.0,CASH,TQQQ
2022-11-23,161.6495100259021,0.0,0.0,CASH,TQQQ
2022-11-25,161.6495100259021,0.0,0.0,CASH,TQQQ
2022-11-28,161.6495100259021,0.0,0.0,CASH,TQQQ
2022-11-29,161.6495100259021,0.0,0.0,CASH,TQQQ
2022-11-30,161.6495100259021,0.0,0.0,CASH,TQQQ
2022-12-01,161.6495100259021,0.0,0.0,CASH,TQQQ
2022-12-02,161.6495100259021,0.0,0.0,CASH,TQQQ
2022-12-05,161.6495100259021,0.0,0.0,CASH,TQQQ
2022-12-06,161.6495100259021,0.0,0.0,CASH,TQQQ
2022-12-07,161.6495100259021,0.0,0.0,CASH,TQQQ
2022-12-08,161.6495100259021,0.0,0.0,CASH,TQQQ
2022-12-09,161.6495100259021,0.0,0.0,CASH,TQQQ
2022-12-12,161.6495100259021,0.0,0.0,CASH,TQQQ
2022-12-13,161.6495100259021,0.0,0.0,CASH,TQQQ
2022-12-14,161.6495100259021,0.0,0.0,CASH,TQQQ
2022-12-15,161.6495100259021,0.0,0.0,CASH,TQQQ
2022-12-16,161.6495100259021,0.0,0.0,CASH,TQQQ
2022-12-19,161.6495100259021,0.0,0.0,CASH,TQQQ
2022-12-20,161.6495100259021,0.0,0.0,CASH,TQQQ
2022-12-21,161.6495100259021,0.0,0.0,CASH,TQQQ
2022-12-22,161.6495100259021,0.0,0.0,CASH,TQQQ
2022-12-23,161.6495100259021,0.0,0.0,CASH,TQQQ
2022-12-27,161.6495100259021,0.0,0.0,CASH,TQQQ
2022-12-28,161.6495100259021,0.0,0.0,CASH,TQQQ
2022-12-29,161.6495100259021,0.0,0.0,CASH,TQQQ
2022-12-30,161.6495100259021,0.0,0.0,CASH,TQQQ
2023-01-03,161.6495100259021,0.0,0.0,CASH,TQQQ
2023-01-04,161.6495100259021,0.0,0.0,CASH,SOXL
2023-01-05,161.6495100259021,0.0,0.0,CASH,SOXL
2023-01-06,161.6495100259021,0.0,0.0,CASH,SOXL
2023-01-09,161.6495100259021,0.0,0.0,CASH,SOXL
2023-01-10,161.6495100259021,0.0,0.0,CASH,SOXL
2023-01-11,161.6495100259021,0.0,0.0,CASH,SOXL
2023-01-12,161.6495100259021,0.0,0.0,CASH,SOXL
2023-01-13,161.6495100259021,0.0,0.0,CASH,SOXL
2023-01-17,161.6495100259021,0.0,0.0,CASH,SOXL
2023-01-18,161.6495100259021,0.0,0.0,CASH,SOXL
2023-01-19,161.6495100259021,0.0,0.0,CASH,SOXL
2023-01-20,161.6495100259021,0.0,0.0,CASH,SOXL
2023-01-23,161.6495100259021,0.0,0.0,CASH,SOXL
2023-01-24,158.3595061889652,1.0,1.0,SOXL,SOXL
2023-01-25,159.34648703223831,1.0,1.0,SOXL,SOXL
2023-01-26,167.13289607018342,1.0,1.0,SOXL,SOXL
2023-01-27,164.28153019676353,1.0,1.0,SOXL,SOXL
2023-01-30,151.3408071099746,1.0,1.0,SOXL,SOXL
2023-01-31,159.23684624591903,1.0,1.0,SOXL,SOXL
2023-02-01,184.24094167422308,1.0,1.0,SOXL,SOXL
2023-02-02,196.5237238482165,1.0,1.0,SOXL,SOXL
2023-02-03,185.66665667589294,1.0,1.0,SOXL,SOXL
2023-02-06,176.56429099411696,1.0,1.0,SOXL,SOXL
2023-02-07,192.904680080802,1.0,1.0,SOXL,SOXL
2023-02-08,180.84130773928686,1.0,1.0,SOXL,SOXL
2023-02-09,181.82828858255996,1.0,1.0,SOXL,SOXL
2023-02-10,173.27425509222016,1.0,1.0,SOXL,SOXL
2023-02-13,180.0736298452923,1.0,1.0,SOXL,SOXL
2023-02-14,190.05333558402208,1.0,1.0,SOXL,SOXL
2023-02-15,192.35639064264578,1.0,1.0,SOXL,SOXL
2023-02-16,178.5383061222631,1.0,1.0,SOXL,SOXL
2023-02-17,169.98424056696336,1.0,1.0,SOXL,SOXL
2023-02-21,153.64383010363838,1.0,1.0,SOXL,SOXL
2023-02-22,151.66981497549227,1.0,1.0,SOXL,SOXL
2023-02-23,165.3782052679558,1.0,1.0,SOXL,SOXL
2023-02-24,156.93385531721518,1.0,1.0,SOXL,SOXL
2023-02-27,159.01752192000055,1.0,1.0,SOXL,SOXL
2023-02-28,160.66252918262896,1.0,1.0,SOXL,SOXL
2023-03-01,160.99153704814663,1.0,1.0,SOXL,SOXL
2023-03-02,164.6105380622812,1.0,1.0,SOXL,SOXL
2023-03-03,171.95825569510944,1.0,1.0,SOXL,SOXL
2023-03-06,166.36521817618885,1.0,1.0,SOXL,SOXL
2023-03-07,160.66252918262896,1.0,1.0,SOXL,SOXL
2023-03-08,173.38392794349943,1.0,1.0,SOXL,SOXL
2023-03-09,163.5138736794089,1.0,1.0,SOXL,SOXL
2023-03-10,154.0824787554753,1.0,1.0,SOXL,SOXL
2023-03-13,153.75348157827761,1.0,1.0,SOXL,SOXL
2023-03-14,166.9135717442649,1.0,1.0,SOXL,SOXL
2023-03-15,161.10119921110584,1.0,1.0,SOXL,SOXL
2023-03-16,180.0736298452923,1.0,1.0,SOXL,SOXL
2023-03-17,176.8932667946747,1.0,1.0,SOXL,SOXL
2023-03-20,182.15729644807763,1.0,1.0,SOXL,SOXL
2023-03-21,183.09089982138795,1.0,1.0,SOXL,SOXL
2023-03-22,178.36809462663678,1.0,1.0,SOXL,SOXL
2023-03-23,192.09717750657487,1.0,1.0,SOXL,SOXL
2023-03-24,181.99258943723927,1.0,1.0,SOXL,SOXL
2023-03-27,175.40260956082744,1.0,1.0,SOXL,SOXL
2023-03-28,171.66830295078603,1.0,1.0,SOXL,SOXL
2023-03-29,187.59399591070152,1.0,1.0,SOXL,SOXL
2023-03-30,197.1494608529227,1.0,1.0,SOXL,SOXL
2023-03-31,200.99360063904297,1.0,1.0,SOXL,SOXL
2023-04-03,195.6117963878186,1.0,1.0,SOXL,SOXL
2023-04-04,193.6598874732283,1.0,1.0,TQQQ,TQQQ
2023-04-05,187.45550180679706,1.0,1.0,TQQQ,TQQQ
2023-04-06,191.2199496961953,1.0,1.0,TQQQ,TQQQ
2023-04-10,190.80171595574,1.0,1.0,TQQQ,TQQQ
2023-04-11,187.1069530362329,1.0,1.0,TQQQ,TQQQ
2023-04-12,182.15739251227578,1.0,1.0,TQQQ,TQQQ
2023-04-13,192.61419985449982,1.0,1.0,TQQQ,TQQQ
2023-04-14,191.49879972785618,1.0,1.0,TQQQ,TQQQ
2023-04-17,191.70793725160186,1.0,1.0,TQQQ,TQQQ
2023-04-18,191.84733472940826,1.0,1.0,TQQQ,TQQQ
2023-04-19,191.42908721994095,1.0,1.0,TQQQ,TQQQ
2023-04-20,186.96752802040245,1.0,1.0,TQQQ,TQQQ
2023-04-21,187.31611809800265,1.0,1.0,TQQQ,TQQQ
2023-04-24,186.200717971359,1.0,1.0,TQQQ,TQQQ
2023-04-25,175.67417058319566,1.0,1.0,TQQQ,TQQQ
2023-04-26,177.93665363846358,1.0,1.0,SOXL,SOXL
2023-04-27,192.31325366877866,1.0,1.0,TQQQ,TQQQ
2023-04-28,196.20258138033245,1.0,1.0,TQQQ,TQQQ
2023-05-01,195.6470003696116,1.0,1.0,TQQQ,TQQQ
2023-05-02,190.43807001890536,1.0,1.0,TQQQ,TQQQ
2023-05-03,186.68762041289312,1.0,1.0,TQQQ,TQQQ
2023-05-04,184.60406473386377,1.0,1.0,TQQQ,TQQQ
2023-05-05,195.92475658069463,1.0,1.0,TQQQ,TQQQ
2023-05-08,197.52215658406297,1.0,1.0,TQQQ,TQQQ
2023-05-09,193.7023090784128,1.0,1.0,TQQQ,TQQQ
2023-05-10,199.95303098634466,1.0,1.0,TQQQ,TQQQ
2023-05-11,201.61984260706188,1.0,1.0,TQQQ,TQQQ
2023-05-12,199.53630064574347,1.0,1.0,TQQQ,TQQQ
2023-05-15,202.59219511151673,1.0,1.0,TQQQ,TQQQ
2023-05-16,203.3561618691046,1.0,1.0,TQQQ,TQQQ
2023-05-17,210.64867533426204,1.0,1.0,TQQQ,TQQQ
2023-05-18,221.96938089880382,1.0,1.0,TQQQ,TQQQ
2023-05-19,220.44141994820626,1.0,1.0,TQQQ,TQQQ
2023-05-22,222.73333393868077,1.0,1.0,TQQQ,TQQQ
2023-05-23,214.1212589875037,1.0,1.0,TQQQ,TQQQ
2023-05-24,210.64867533426204,1.0,1.0,TQQQ,TQQQ
2023-05-25,225.8586948926467,1.0,1.0,TQQQ,TQQQ
2023-05-26,242.94398040717027,1.0,1.0,TQQQ,TQQQ
2023-05-30,246.34704270137553,1.0,1.0,TQQQ,TQQQ
2023-05-31,241.3464980975363,1.0,1.0,TQQQ,TQQQ
2023-06-01,250.09749230738777,1.0,1.0,TQQQ,TQQQ
2023-06-02,255.7230981278514,1.0,1.0,TQQQ,TQQQ
2023-06-05,256.2788025979707,1.0,1.0,TQQQ,TQQQ
2023-06-06,256.0009366452001,1.0,1.0,TQQQ,TQQQ
2023-06-07,242.9439804071703,1.0,1.0,TQQQ,TQQQ
2023-06-08,251.2782305587096,1.0,1.0,TQQQ,TQQQ
2023-06-09,254.33409758906097,1.0,1.0,TQQQ,TQQQ
2023-06-12,267.32164220974187,1.0,1.0,TQQQ,TQQQ
2023-06-13,273.2945530357469,1.0,1.0,TQQQ,TQQQ
2023-06-14,279.1285308853666,1.0,1.0,TQQQ,TQQQ
2023-06-15,288.9213029347327,1.0,1.0,TQQQ,TQQQ
2023-06-16,283.3651636024617,1.0,1.0,TQQQ,TQQQ
2023-06-20,281.9761081928275,1.0,1.0,TQQQ,TQQQ
2023-06-21,270.6753207445684,1.0,1.0,TQQQ,TQQQ
2023-06-22,279.66305520979677,1.0,1.0,TQQQ,TQQQ
2023-06-23,271.37209815397944,1.0,1.0,TQQQ,TQQQ
2023-06-26,260.6425710600439,1.0,1.0,TQQQ,TQQQ
2023-06-27,273.5318968704051,1.0,1.0,TQQQ,TQQQ
2023-06-28,275.20403096296644,1.0,1.0,TQQQ,TQQQ
2023-06-29,273.3228389557021,1.0,1.0,TQQQ,TQQQ
2023-06-30,285.6548141706313,1.0,1.0,TQQQ,TQQQ
2023-07-03,287.6056098431977,1.0,1.0,TQQQ,TQQQ
2023-07-05,287.3966067993385,1.0,1.0,TQQQ,TQQQ
2023-07-06,280.63835702210343,1.0,1.0,TQQQ,TQQQ
2023-07-07,277.7818632025324,1.0,1.0,TQQQ,TQQQ
2023-07-10,277.99086624639165,1.0,1.0,TQQQ,TQQQ
2023-07-11,281.9622258693578,1.0,1.0,TQQQ,TQQQ
2023-07-12,292.41298164160077,1.0,1.0,TQQQ,TQQQ
2023-07-13,306.97438667367953,1.0,1.0,TQQQ,TQQQ
2023-07-14,306.6957250936745,1.0,1.0,TQQQ,TQQQ
2023-07-17,315.19565775792927,1.0,1.0,TQQQ,TQQQ
2023-07-18,322.7202886098774,1.0,1.0,TQQQ,TQQQ
2023-07-19,322.7202886098774,1.0,1.0,TQQQ,TQQQ
2023-07-20,300.0768746949967,1.0,1.0,TQQQ,TQQQ
2023-07-21,297.42935648386305,1.0,1.0,TQQQ,TQQQ
2023-07-24,298.61374364629455,1.0,1.0,TQQQ,TQQQ
2023-07-25,304.60555747797287,1.0,1.0,TQQQ,TQQQ
2023-07-26,301.47031977213123,1.0,1.0,TQQQ,TQQQ
2023-07-27,298.8924326617215,1.0,1.0,TQQQ,TQQQ
2023-07-28,315.05631325021585,1.0,1.0,TQQQ,TQQQ
2023-07-31,315.68340468805917,1.0,1.0,TQQQ,TQQQ
2023-08-01,313.2448620853629,1.0,1.0,TQQQ,TQQQ
2023-08-02,292.76132919317354,1.0,1.0,TQQQ,TQQQ
2023-08-03,290.6711890128937,1.0,1.0,TQQQ,TQQQ
2023-08-04,286.6301982892037,1.0,1.0,TQQQ,TQQQ
2023-08-07,293.7367133117458,1.0,1.0,TQQQ,TQQQ
2023-08-08,286.2121922014852,1.0,1.0,TQQQ,TQQQ
2023-08-09,276.66710714082495,1.0,1.0,TQQQ,TQQQ
2023-08-10,277.921207710246,1.0,1.0,TQQQ,TQQQ
2023-08-11,272.34745483712993,1.0,1.0,TQQQ,TQQQ
2023-08-14,281.40479296766034,1.0,1.0,TQQQ,TQQQ
2023-08-15,272.7654609248484,1.0,1.0,TQQQ,TQQQ
2023-08-16,263.70815022973994,1.0,1.0,TQQQ,TQQQ
2023-08-17,254.790156606923,1.0,1.0,TQQQ,TQQQ
2023-08-18,253.60571457364776,1.0,1.0,TQQQ,TQQQ
2023-08-21,265.8680038170093,1.0,1.0,TQQQ,TQQQ
2023-08-22,264.6835069128903,1.0,1.0,TQQQ,TQQQ
2023-08-23,277.154826635533,1.0,1.0,TQQQ,TQQQ
2023-08-24,258.9007784313369,1.0,1.0,TQQQ,TQQQ
2023-08-25,265.03193677072863,1.0,1.0,TQQQ,TQQQ
2023-08-28,270.95403719541736,1.0,1.0,TQQQ,TQQQ
2023-08-29,288.23264641019745,1.0,1.0,TQQQ,TQQQ
2023-08-30,293.0399907731786,1.0,1.0,TQQQ,TQQQ
2023-08-31,295.68753641973416,1.0,1.0,TQQQ,TQQQ
2023-09-01,294.64246632959424,1.0,1.0,TQQQ,TQQQ
2023-09-05,295.40884740430727,1.0,1.0,TQQQ,TQQQ
2023-09-06,287.6056098431979,1.0,1.0,TQQQ,TQQQ
2023-09-07,281.3351344315146,1.0,1.0,TQQQ,TQQQ
2023-09-08,282.1711740423734,1.0,1.0,TQQQ,TQQQ
2023-09-11,291.78594507460133,1.0,1.0,TQQQ,TQQQ
2023-09-12,282.4498630578003,1.0,1.0,TQQQ,TQQQ
2023-09-13,285.2367532120693,1.0,1.0,TQQQ,TQQQ
2023-09-14,291.9252895823148,1.0,1.0,TQQQ,TQQQ
2023-09-15,276.9458235916738,1.0,1.0,TQQQ,TQQQ
2023-09-18,277.57280528782957,1.0,1.0,TQQQ,TQQQ
2023-09-19,275.90069863069004,1.0,1.0,TQQQ,TQQQ
2023-09-20,263.93789445253816,1.0,1.0,TQQQ,TQQQ
2023-09-21,248.90567014562762,1.0,1.0,TQQQ,TQQQ
2023-09-22,249.1154413812994,1.0,1.0,TQQQ,TQQQ
2023-09-25,252.40143673035536,1.0,1.0,TQQQ,TQQQ
2023-09-26,241.14482031131828,1.0,1.0,TQQQ,TQQQ
2023-09-27,242.6131092193333,1.0,1.0,TQQQ,TQQQ
2023-09-28,248.48615510970586,1.0,1.0,TQQQ,TQQQ
2023-09-29,249.0454810555129,1.0,1.0,TQQQ,TQQQ
2023-10-02,254.98848727167194,1.0,1.0,TQQQ,TQQQ
2023-10-03,241.49442989229723,1.0,1.0,TQQQ,TQQQ
2023-10-04,251.28283970958492,1.0,1.0,TQQQ,TQQQ
2023-10-05,248.62602089043497,1.0,1.0,TQQQ,TQQQ
2023-10-06,261.14115498181525,1.0,1.0,TQQQ,TQQQ
2023-10-09,264.9866134537876,1.0,1.0,TQQQ,TQQQ
2023-10-10,269.32151985204626,1.0,1.0,TQQQ,TQQQ
2023-10-11,275.0546999616897,1.0,1.0,TQQQ,TQQQ
2023-10-12,271.83852776131084,1.0,1.0,TQQQ,TQQQ
2023-10-13,261.5606700177369,1.0,1.0,TQQQ,TQQQ
2023-10-16,270.3702114178739,1.0,1.0,TQQQ,TQQQ
2023-10-17,267.78329805366667,1.0,1.0,TQQQ,TQQQ
2023-10-18,256.4566938734213,1.0,1.0,TQQQ,TQQQ
2023-10-19,249.60480700131993,1.0,1.0,TQQQ,TQQQ
2023-10-20,238.3481357114391,1.0,1.0,TQQQ,TQQQ
2023-10-23,240.44562858478199,1.0,1.0,TQQQ,TQQQ
2023-10-24,247.2276100019407,1.0,1.0,TQQQ,TQQQ
2023-10-25,229.11903812224756,1.0,1.0,TQQQ,TQQQ
2023-10-26,229.11903812224756,0.0,0.0,CASH,TQQQ
2023-10-27,229.11903812224756,0.0,0.0,CASH,TQQQ
2023-10-30,229.11903812224756,0.0,0.0,CASH,TQQQ
2023-10-31,229.11903812224756,0.0,0.0,CASH,TQQQ
2023-11-01,229.11903812224756,0.0,0.0,CASH,TQQQ
2023-11-02,229.11903812224756,0.0,0.0,CASH,TQQQ
2023-11-03,237.1982082093735,1.0,1.0,TQQQ,TQQQ
2023-11-06,239.91227596663796,1.0,1.0,TQQQ,TQQQ
2023-11-07,246.66586684881642,1.0,1.0,TQQQ,TQQQ
2023-11-08,247.10771832797906,1.0,1.0,TQQQ,TQQQ
2023-11-09,241.23775610174704,1.0,1.0,TQQQ,TQQQ
2023-11-10,257.3328897191142,1.0,1.0,TQQQ,TQQQ
2023-11-13,254.9975411865064,1.0,1.0,TQQQ,TQQQ
2023-11-14,271.02951778190805,1.0,1.0,TQQQ,TQQQ
2023-11-15,271.78695623122144,1.0,1.0,TQQQ,TQQQ
2023-11-16,272.2287334080053,1.0,1.0,TQQQ,TQQQ
2023-11-17,272.4181549389827,1.0,1.0,TQQQ,TQQQ
2023-11-20,282.13834259644926,1.0,1.0,TQQQ,TQQQ
2023-11-21,277.0257445171519,1.0,1.0,TQQQ,TQQQ
2023-11-22,280.24484554300415,1.0,1.0,TQQQ,TQQQ
2023-11-24,278.85618361846997,1.0,1.0,TQQQ,TQQQ
2023-11-27,278.0356872170294,1.0,1.0,TQQQ,TQQQ
2023-11-28,280.24484554300415,1.0,1.0,TQQQ,TQQQ
2023-11-29,279.2349276105863,1.0,1.0,TQQQ,TQQQ
2023-11-30,276.8995295430593,1.0,1.0,TQQQ,TQQQ
2023-12-01,279.2349276105863,1.0,1.0,TQQQ,TQQQ
2023-12-04,271.2819972650126,1.0,1.0,TQQQ,TQQQ
2023-12-05,273.23867610788284,1.0,1.0,TQQQ,TQQQ
2023-12-06,268.3785822791495,1.0,1.0,TQQQ,TQQQ
2023-12-07,279.61359730032376,1.0,1.0,TQQQ,TQQQ
2023-12-08,282.958888532809,1.0,1.0,TQQQ,TQQQ
2023-12-11,290.15433089415006,1.0,1.0,TQQQ,TQQQ
2023-12-12,297.1604507943522,1.0,1.0,TQQQ,TQQQ
2023-12-13,307.63805213367266,1.0,1.0,TQQQ,TQQQ
2023-12-14,307.13316746984253,1.0,1.0,TQQQ,TQQQ
2023-12-15,310.79402090501895,1.0,1.0,TQQQ,TQQQ
2023-12-18,317.29520660647177,1.0,1.0,TQQQ,TQQQ
2023-12-19,322.0290111587337,1.0,1.0,TQQQ,TQQQ
2023-12-20,307.72072591379856,1.0,1.0,TQQQ,TQQQ
2023-12-21,317.92734647769754,1.0,1.0,TQQQ,TQQQ
2023-12-22,319.1952670367094,1.0,1.0,TQQQ,TQQQ
2023-12-26,325.02760749181766,1.0,1.0,TQQQ,TQQQ
2023-12-27,326.7392866243809,1.0,1.0,TQQQ,TQQQ
2023-12-28,325.91512463892036,1.0,1.0,TQQQ,TQQQ
2023-12-29,321.41410943938547,1.0,1.0,TQQQ,TQQQ
2024-01-02,305.1215048666728,1.0,1.0,TQQQ,TQQQ
2024-01-03,285.64336502900215,1.0,1.0,SOXL,SOXL
2024-01-04,278.3526251039075,1.0,1.0,SOXL,SOXL
2024-01-05,282.16125076826614,1.0,1.0,SOXL,SOXL
2024-01-08,309.36533162194485,1.0,1.0,SOXL,SOXL
2024-01-09,309.25651555129684,1.0,1.0,SOXL,SOXL
2024-01-10,306.5361137850968,1.0,1.0,SOXL,SOXL
2024-01-11,309.6918008977817,1.0,1.0,SOXL,SOXL
2024-01-12,305.77440129056083,1.0,1.0,SOXL,SOXL
2024-01-16,317.6354161828715,1.0,1.0,SOXL,SOXL
2024-01-17,309.36533162194485,1.0,1.0,SOXL,SOXL
2024-01-18,339.3987145680431,1.0,1.0,SOXL,SOXL
2024-01-19,379.3343388792165,1.0,1.0,SOXL,SOXL
2024-01-22,383.687065960708,1.0,1.0,SOXL,SOXL
2024-01-23,390.8688844956903,1.0,1.0,SOXL,SOXL
2024-01-24,407.1914214762476,1.0,1.0,SOXL,SOXL
2024-01-25,403.9268551012361,1.0,1.0,SOXL,SOXL
2024-01-26,370.08493074635066,1.0,1.0,SOXL,SOXL
2024-01-29,381.293112406452,1.0,1.0,SOXL,SOXL
2024-01-30,364.86175935524665,1.0,1.0,SOXL,SOXL
2024-01-31,349.30099806090396,1.0,1.0,SOXL,SOXL
2024-02-01,353.10958159747685,1.0,1.0,SOXL,SOXL
2024-02-02,366.1676364585942,1.0,1.0,SOXL,SOXL
2024-02-05,381.9459667025542,1.0,1.0,SOXL,SOXL
2024-02-06,368.12628360247237,1.0,1.0,SOXL,SOXL
2024-02-07,384.7751424116164,1.0,1.0,SOXL,SOXL
2024-02-08,404.2533454409658,1.0,1.0,SOXL,SOXL
2024-02-09,427.86651702715335,1.0,1.0,SOXL,SOXL
2024-02-12,426.01660169835156,1.0,1.0,SOXL,SOXL
2024-02-13,400.88004725087774,1.0,1.0,SOXL,SOXL
2024-02-14,425.6901534864075,1.0,1.0,SOXL,SOXL
2024-02-15,425.58137954354527,1.0,1.0,SOXL,SOXL
2024-02-16,417.093768160787,1.0,1.0,SOXL,SOXL
2024-02-20,396.30977228366163,1.0,1.0,SOXL,SOXL
2024-02-21,393.26288017773186,1.0,1.0,SOXL,SOXL
2024-02-22,450.71793399101904,1.0,1.0,SOXL,SOXL
2024-02-23,437.1158830322332,1.0,1.0,SOXL,SOXL
2024-02-26,448.4328386351968,1.0,1.0,SOXL,SOXL
2024-02-27,447.34476218428836,1.0,1.0,SOXL,SOXL
2024-02-28,433.0897726738288,1.0,1.0,SOXL,SOXL
2024-02-29,466.16990027860663,1.0,1.0,SOXL,SOXL
2024-03-01,525.9102600866449,1.0,1.0,SOXL,SOXL
2024-03-04,541.579774259957,1.0,1.0,SOXL,SOXL
2024-03-05,509.69653917673566,1.0,1.0,SOXL,SOXL
2024-03-06,546.4765395669027,1.0,1.0,SOXL,SOXL
2024-03-07,601.9729462363117,1.0,1.0,SOXL,SOXL
2024-03-08,532.6567722112494,1.0,1.0,SOXL,SOXL
2024-03-11,508.9348266821996,1.0,1.0,SOXL,SOXL
2024-03-12,539.512268917645,1.0,1.0,SOXL,SOXL
2024-03-13,501.4264756797018,1.0,1.0,SOXL,SOXL
2024-03-14,473.678335536676,1.0,1.0,SOXL,SOXL
2024-03-15,465.08173957212665,1.0,1.0,SOXL,SOXL
2024-03-18,462.9054602869524,1.0,1.0,SOXL,SOXL
2024-03-19,451.08912191145254,1.0,1.0,SOXL,SOXL
2024-03-20,472.65265033649524,1.0,1.0,SOXL,SOXL
2024-03-21,504.3442461222417,1.0,1.0,SOXL,SOXL
2024-03-22,505.651092164662,1.0,1.0,SOXL,SOXL
2024-03-25,499.77013752652044,1.0,1.0,SOXL,SOXL
2024-03-26,490.40424606599623,1.0,1.0,SOXL,SOXL
2024-03-27,506.4134365759846,1.0,1.0,SOXL,SOXL
2024-03-28,506.7401375546432,1.0,1.0,SOXL,SOXL
2024-04-01,522.6404698661977,1.0,1.0,SOXL,SOXL
2024-04-02,499.66127932808666,1.0,1.0,SOXL,SOXL
2024-04-03,503.0373579520356,1.0,1.0,SOXL,SOXL
2024-04-04,461.4352005635242,1.0,1.0,SOXL,SOXL
2024-04-05,475.04849964111094,1.0,1.0,SOXL,SOXL
2024-04-08,479.1869226763825,1.0,1.0,SOXL,SOXL
2024-04-09,494.3248684488286,1.0,1.0,SOXL,SOXL
2024-04-10,469.27644532918896,1.0,1.0,SOXL,SOXL
2024-04-11,498.7899924627588,1.0,1.0,SOXL,SOXL
2024-04-12,452.0692669752142,1.0,1.0,SOXL,SOXL
2024-04-15,433.2284994723747,1.0,1.0,SOXL,SOXL
2024-04-16,441.5054297984892,1.0,1.0,SOXL,SOXL
2024-04-17,403.6060941403711,1.0,1.0,SOXL,SOXL
2024-04-18,380.19126016959615,1.0,1.0,SOXL,SOXL
2024-04-19,335.3219666111411,1.0,1.0,SOXL,SOXL
2024-04-22,349.2619245396008,1.0,1.0,SOXL,SOXL
2024-04-23,371.4787706663892,1.0,1.0,SOXL,SOXL
2024-04-24,386.50781611261584,1.0,1.0,SOXL,SOXL
2024-04-25,407.41777406919823,1.0,1.0,SOXL,SOXL
2024-04-26,433.44638438038527,1.0,1.0,SOXL,SOXL
2024-04-29,442.2676899542402,1.0,1.0,SOXL,SOXL
2024-04-30,415.8035625937465,1.0,1.0,SOXL,SOXL
2024-05-01,374.3103055314546,1.0,1.0,SOXL,SOXL
2024-05-02,396.96283721869275,1.0,1.0,SOXL,SOXL
2024-05-03,424.40715177073395,1.0,1.0,SOXL,SOXL
2024-05-06,449.782317996818,1.0,1.0,SOXL,SOXL
2024-05-07,439.54505541539436,1.0,1.0,SOXL,SOXL
2024-05-08,440.0896834298494,1.0,1.0,SOXL,SOXL
2024-05-09,435.18891598325536,1.0,1.0,SOXL,SOXL
2024-05-10,446.84179854996154,1.0,1.0,SOXL,SOXL
2024-05-13,449.45557489037367,1.0,1.0,SOXL,SOXL
2024-05-14,470.58337562718094,1.0,1.0,SOXL,SOXL
2024-05-15,511.8587477814623,1.0,1.0,SOXL,SOXL
2024-05-16,503.79974449114417,1.0,1.0,SOXL,SOXL
2024-05-17,494.43385303061996,1.0,1.0,SOXL,SOXL
2024-05-20,525.4720047312634,1.0,1.0,SOXL,SOXL
2024-05-21,522.5315695399784,1.0,1.0,SOXL,SOXL
2024-05-22,537.7784156386441,1.0,1.0,SOXL,SOXL
2024-05-23,531.5708021496297,1.0,1.0,SOXL,SOXL
2024-05-24,560.2130624178716,1.0,1.0,SOXL,SOXL
2024-05-28,588.5286638352405,1.0,1.0,SOXL,SOXL
2024-05-29,555.2033103894863,1.0,1.0,SOXL,SOXL
2024-05-30,544.5305307587561,1.0,1.0,SOXL,SOXL
2024-05-31,529.1748264616566,1.0,1.0,SOXL,SOXL
2024-06-03,529.1748264616566,1.0,1.0,SOXL,SOXL
2024-06-04,533.1138778165398,1.0,1.0,TQQQ,TQQQ
2024-06-05,565.2968043546971,1.0,1.0,TQQQ,TQQQ
2024-06-06,564.6263539062571,1.0,1.0,TQQQ,TQQQ
2024-06-07,562.5311554732248,1.0,1.0,TQQQ,TQQQ
2024-06-10,568.4815581734279,1.0,1.0,TQQQ,TQQQ
2024-06-11,580.2149956516688,1.0,1.0,TQQQ,TQQQ
2024-06-12,603.0950062448154,1.0,1.0,TQQQ,TQQQ
2024-06-13,612.733180039372,1.0,1.0,TQQQ,TQQQ
2024-06-14,621.6169910471243,1.0,1.0,TQQQ,TQQQ
2024-06-17,644.161809041377,1.0,1.0,TQQQ,TQQQ
2024-06-18,644.497001640271,1.0,1.0,TQQQ,TQQQ
2024-06-20,629.3273995814659,1.0,1.0,TQQQ,TQQQ
2024-06-21,623.5446258060358,1.0,1.0,TQQQ,TQQQ
2024-06-24,602.4244905457236,1.0,1.0,TQQQ,TQQQ
2024-06-25,622.5388522573978,1.0,1.0,TQQQ,TQQQ
2024-06-26,626.4341204248451,1.0,1.0,TQQQ,TQQQ
2024-06-27,630.9771970645174,1.0,1.0,TQQQ,TQQQ
2024-06-28,621.0497671300159,1.0,1.0,TQQQ,TQQQ
2024-07-01,631.2295213354779,1.0,1.0,TQQQ,TQQQ
2024-07-02,650.5794716599528,1.0,1.0,TQQQ,TQQQ
2024-07-03,666.5643153638002,1.0,1.0,TQQQ,TQQQ
2024-07-05,686.7556075940838,1.0,1.0,TQQQ,TQQQ
2024-07-08,691.2985537324524,1.0,1.0,TQQQ,TQQQ
2024-07-09,692.8130213634297,1.0,1.0,TQQQ,TQQQ
2024-07-10,714.5185202220829,1.0,1.0,TQQQ,TQQQ
2024-07-11,667.5738081995972,1.0,1.0,TQQQ,TQQQ
2024-07-12,678.4266228795758,1.0,1.0,TQQQ,TQQQ
2024-07-15,683.4744785624725,1.0,1.0,TQQQ,TQQQ
2024-07-16,683.979322856349,1.0,1.0,TQQQ,TQQQ
2024-07-17,623.8261171184025,1.0,1.0,TQQQ,TQQQ
2024-07-18,614.4875743174456,1.0,1.0,TQQQ,TQQQ
2024-07-19,597.8297353897334,1.0,1.0,TQQQ,TQQQ
2024-07-22,623.9103557100264,1.0,1.0,TQQQ,TQQQ
2024-07-23,617.1798162155119,1.0,1.0,TQQQ,TQQQ
2024-07-24,550.6327643469392,1.0,1.0,TQQQ,TQQQ
2024-07-25,532.2923394835874,1.0,1.0,TQQQ,TQQQ
2024-07-26,547.520047247924,1.0,1.0,TQQQ,TQQQ
2024-07-29,550.7169376879112,1.0,1.0,TQQQ,TQQQ
2024-07-30,528.2541071377915,1.0,1.0,TQQQ,TQQQ
2024-07-31,574.4416832207664,1.0,1.0,TQQQ,TQQQ
2024-08-01,533.0494754230983,1.0,1.0,TQQQ,TQQQ
2024-08-02,494.1813259681825,1.0,1.0,TQQQ,TQQQ
2024-08-05,451.1065648602007,1.0,1.0,TQQQ,TQQQ
2024-08-06,451.1065648602007,0.0,0.0,CASH,SOXL
2024-08-07,451.1065648602007,0.0,0.0,CASH,TQQQ
2024-08-08,451.1065648602007,0.0,0.0,CASH,TQQQ
2024-08-09,451.1065648602007,0.0,0.0,CASH,TQQQ
2024-08-12,451.1065648602007,0.0,0.0,CASH,TQQQ
2024-08-13,483.92126151360304,1.0,1.0,TQQQ,TQQQ
2024-08-14,484.7587151814392,1.0,1.0,TQQQ,TQQQ
2024-08-15,521.2279268958374,1.0,1.0,TQQQ,TQQQ
2024-08-16,522.598429094174,1.0,1.0,TQQQ,TQQQ
2024-08-19,542.8506121244768,1.0,1.0,TQQQ,TQQQ
2024-08-20,539.500679352206,1.0,1.0,TQQQ,TQQQ
2024-08-21,546.8858845716105,1.0,1.0,TQQQ,TQQQ
2024-08-22,520.6188213688504,1.0,1.0,TQQQ,TQQQ
2024-08-23,536.9882002477714,1.0,1.0,TQQQ,TQQQ
2024-08-26,521.2279268958374,1.0,1.0,TQQQ,TQQQ
2024-08-27,525.643956729109,1.0,1.0,TQQQ,TQQQ
2024-08-28,507.8279596049018,1.0,1.0,TQQQ,TQQQ
2024-08-29,505.1632484065678,1.0,1.0,TQQQ,TQQQ
2024-08-30,522.370080953325,1.0,1.0,TQQQ,TQQQ
2024-09-03,474.70879876370077,1.0,1.0,TQQQ,TQQQ
2024-09-04,470.6735558417986,1.0,1.0,TQQQ,TQQQ
2024-09-05,472.1963196592661,1.0,1.0,TQQQ,TQQQ
2024-09-06,433.89985041437,1.0,1.0,TQQQ,TQQQ
2024-09-09,433.89985041437,0.0,0.0,CASH,TQQQ
2024-09-10,433.89985041437,0.0,0.0,CASH,TQQQ
2024-09-11,461.5636655223503,1.0,1.0,TQQQ,TQQQ
2024-09-12,475.2168026533419,1.0,1.0,TQQQ,TQQQ
2024-09-13,481.43576245752524,1.0,1.0,TQQQ,TQQQ
2024-09-16,475.0023557635425,1.0,1.0,TQQQ,TQQQ
2024-09-17,475.2882664695135,1.0,1.0,TQQQ,TQQQ
2024-09-18,469.06930666533015,1.0,1.0,TQQQ,TQQQ
2024-09-19,504.52478450483085,1.0,1.0,TQQQ,TQQQ
2024-09-20,501.30802571655465,1.0,1.0,TQQQ,TQQQ
2024-09-23,505.02508665931634,1.0,1.0,TQQQ,TQQQ
2024-09-24,512.1732978388688,1.0,1.0,TQQQ,TQQQ
2024-09-25,513.9662135496299,1.0,1.0,TQQQ,TQQQ
2024-09-26,524.8666354465389,1.0,1.0,TQQQ,TQQQ
2024-09-27,515.8307594004169,1.0,1.0,TQQQ,TQQQ
2024-09-30,519.8466488685197,1.0,1.0,TQQQ,TQQQ
2024-10-01,497.83080377205357,1.0,1.0,TQQQ,TQQQ
2024-10-02,499.6953496228406,1.0,1.0,TQQQ,TQQQ
2024-10-03,498.547936791587,1.0,1.0,TQQQ,TQQQ
2024-10-04,516.1175017256605,1.0,1.0,TQQQ,TQQQ
2024-10-07,499.1216432072137,1.0,1.0,TQQQ,TQQQ
2024-10-08,520.7788940732706,1.0,1.0,TQQQ,TQQQ
2024-10-09,533.3287496357492,1.0,1.0,TQQQ,TQQQ
2024-10-10,531.4641483436773,1.0,1.0,TQQQ,TQQQ
2024-10-11,532.8267842427182,1.0,1.0,TQQQ,TQQQ
2024-10-14,546.45214529,1.0,1.0,TQQQ,TQQQ
2024-10-15,524.6514123787515,1.0,1.0,TQQQ,TQQQ
2024-10-16,524.364614612223,1.0,1.0,TQQQ,TQQQ
2024-10-17,525.9422518139119,1.0,1.0,TQQQ,TQQQ
2024-10-18,535.2649810678473,1.0,1.0,TQQQ,TQQQ
2024-10-21,538.2051987272922,1.0,1.0,TQQQ,TQQQ
2024-10-22,539.7828359289811,1.0,1.0,TQQQ,TQQQ
2024-10-23,514.8267177317853,1.0,1.0,TQQQ,TQQQ
2024-10-24,527.0896092038807,1.0,1.0,TQQQ,TQQQ
2024-10-25,535.982058646096,1.0,1.0,TQQQ,TQQQ
2024-10-28,536.4839685978421,1.0,1.0,TQQQ,TQQQ
2024-10-29,551.328594381543,1.0,1.0,TQQQ,TQQQ
2024-10-30,539.0657029094475,1.0,1.0,TQQQ,TQQQ
2024-10-31,498.045971398556,1.0,1.0,TQQQ,TQQQ
2024-11-01,508.65942920508195,1.0,1.0,TQQQ,TQQQ
2024-11-04,503.92640671744573,1.0,1.0,TQQQ,TQQQ
2024-11-05,523.0737751770628,1.0,1.0,TQQQ,TQQQ
2024-11-06,565.5277727270213,1.0,1.0,TQQQ,TQQQ
2024-11-07,591.989842544595,1.0,1.0,TQQQ,TQQQ
2024-11-08,593.4239977010923,1.0,1.0,TQQQ,TQQQ
2024-11-11,592.3484367750042,1.0,1.0,TQQQ,TQQQ
2024-11-12,589.1213104664611,1.0,1.0,TQQQ,TQQQ
2024-11-13,586.5396315961406,1.0,1.0,TQQQ,TQQQ
2024-11-14,574.1332580788536,1.0,1.0,TQQQ,TQQQ
2024-11-15,532.6115057336461,1.0,1.0,TQQQ,TQQQ
2024-11-18,543.3685010266485,1.0,1.0,TQQQ,TQQQ
2024-11-19,554.2688120409879,1.0,1.0,TQQQ,TQQQ
2024-11-20,553.6234200440501,1.0,1.0,TQQQ,TQQQ
2024-11-21,559.0736864337896,1.0,1.0,TQQQ,TQQQ
2024-11-22,561.1533444697943,1.0,1.0,TQQQ,TQQQ
2024-11-25,563.7348570162603,1.0,1.0,TQQQ,TQQQ
2024-11-26,572.4839907371386,1.0,1.0,TQQQ,TQQQ
2024-11-27,558.6434066220694,1.0,1.0,TQQQ,TQQQ
2024-11-29,572.9141596662889,1.0,1.0,TQQQ,TQQQ
2024-12-02,591.4878217102791,1.0,1.0,TQQQ,TQQQ
2024-12-03,596.7228650322312,1.0,1.0,TQQQ,TQQQ
2024-12-04,618.5235979434797,1.0,1.0,TQQQ,TQQQ
2024-12-05,613.4319812254342,1.0,1.0,TQQQ,TQQQ
2024-12-06,629.2087967726014,1.0,1.0,TQQQ,TQQQ
2024-12-09,614.507708475377,1.0,1.0,TQQQ,TQQQ
2024-12-10,607.8383991143579,1.0,1.0,TQQQ,TQQQ
2024-12-11,640.3243308547281,1.0,1.0,TQQQ,TQQQ
2024-12-12,627.6311595709126,1.0,1.0,TQQQ,TQQQ
2024-12-13,641.1131494555725,1.0,1.0,TQQQ,TQQQ
2024-12-16,669.0094298709284,1.0,1.0,TQQQ,TQQQ
2024-12-17,660.0452948474023,1.0,1.0,TQQQ,TQQQ
2024-12-18,588.6909752134561,1.0,1.0,TQQQ,TQQQ
2024-12-19,580.3722876281524,1.0,1.0,TQQQ,TQQQ
2024-12-20,595.4319701557861,1.0,1.0,TQQQ,TQQQ
2024-12-23,612.0167315470709,1.0,1.0,TQQQ,TQQQ
2024-12-24,636.336328352905,1.0,1.0,TQQQ,TQQQ
2024-12-26,634.969257151076,1.0,1.0,TQQQ,TQQQ
2024-12-27,609.1387744505123,1.0,1.0,TQQQ,TQQQ
2024-12-30,584.6753629517775,1.0,1.0,TQQQ,TQQQ
2024-12-31,569.349673139434,1.0,1.0,TQQQ,TQQQ
2025-01-02,565.7521436068087,1.0,1.0,TQQQ,TQQQ
2025-01-03,592.8778456040358,1.0,1.0,TQQQ,TQQQ
2025-01-06,613.0960070392437,1.0,1.0,TQQQ,TQQQ
2025-01-07,580.0704652734294,1.0,1.0,TQQQ,TQQQ
2025-01-08,580.5021865585556,1.0,1.0,TQQQ,TQQQ
2025-01-10,552.8009485833018,1.0,1.0,TQQQ,TQQQ
2025-01-13,547.0448126250454,1.0,1.0,TQQQ,TQQQ
2025-01-14,545.1022054451897,1.0,1.0,TQQQ,TQQQ
2025-01-15,581.9411651068349,1.0,1.0,TQQQ,TQQQ
2025-01-16,570.0693010167859,1.0,1.0,TQQQ,TQQQ
2025-01-17,598.2021493945963,1.0,1.0,TQQQ,TQQQ
2025-01-21,608.1314063047896,1.0,1.0,TQQQ,TQQQ
2025-01-22,631.7314306745568,1.0,1.0,TQQQ,TQQQ
2025-01-23,635.6167004755531,1.0,1.0,TQQQ,TQQQ
2025-01-24,624.1765576706302,1.0,1.0,TQQQ,TQQQ
2025-01-27,569.421691368454,1.0,1.0,TQQQ,TQQQ
2025-01-28,594.6765272084211,1.0,1.0,TQQQ,TQQQ
2025-01-29,591.0070348880606,1.0,1.0,TQQQ,TQQQ
2025-01-30,598.4179823165167,1.0,1.0,TQQQ,TQQQ
2025-01-31,595.1802112812824,1.0,1.0,TQQQ,TQQQ
2025-02-03,580.7899268269265,1.0,1.0,TQQQ,TQQQ
2025-02-04,601.8716971562413,1.0,1.0,TQQQ,TQQQ
2025-02-05,609.7143104285389,1.0,1.0,TQQQ,TQQQ
2025-02-06,618.8521984387846,1.0,1.0,TQQQ,TQQQ
2025-02-07,595.2521186277326,1.0,1.0,TQQQ,TQQQ
2025-02-10,616.1899633815771,1.0,1.0,TQQQ,TQQQ
2025-02-11,611.8009540664345,1.0,1.0,TQQQ,TQQQ
2025-02-12,613.0240996927931,1.0,1.0,TQQQ,TQQQ
2025-02-13,638.8545823933568,1.0,1.0,TQQQ,TQQQ
2025-02-14,646.3375480508331,1.0,1.0,TQQQ,TQQQ
2025-02-18,650.3667988685846,1.0,1.0,TQQQ,TQQQ
2025-02-19,650.4387062150349,1.0,1.0,TQQQ,TQQQ
2025-02-20,642.5240747137174,1.0,1.0,TQQQ,TQQQ
2025-02-21,602.3033630000826,1.0,1.0,TQQQ,TQQQ
2025-02-24,580.6460566927409,1.0,1.0,TQQQ,TQQQ
2025-02-25,558.4850663125378,1.0,1.0,TQQQ,TQQQ
2025-02-26,562.0827067277329,1.0,1.0,TQQQ,TQQQ
2025-02-27,515.4582494075102,1.0,1.0,TQQQ,TQQQ
2025-02-28,539.0582737772773,1.0,1.0,TQQQ,TQQQ
2025-03-03,504.2339395245079,1.0,1.0,TQQQ,TQQQ
2025-03-04,504.2339395245079,0.0,0.0,CASH,TQQQ
2025-03-05,504.2339395245079,0.0,0.0,CASH,TQQQ
2025-03-06,504.2339395245079,0.0,0.0,CASH,TQQQ
2025-03-07,504.2339395245079,0.0,0.0,CASH,TQQQ
2025-03-10,504.2339395245079,0.0,0.0,CASH,TQQQ
2025-03-11,504.2339395245079,0.0,0.0,CASH,TQQQ
2025-03-12,504.2339395245079,0.0,0.0,CASH,TQQQ
2025-03-13,504.2339395245079,0.0,0.0,CASH,TQQQ
2025-03-14,504.2339395245079,0.0,0.0,CASH,TQQQ
2025-03-17,504.2339395245079,0.0,0.0,CASH,TQQQ
2025-03-18,504.2339395245079,0.0,0.0,CASH,TQQQ
2025-03-19,504.2339395245079,0.0,0.0,CASH,TQQQ
2025-03-20,504.2339395245079,0.0,0.0,CASH,TQQQ
2025-03-21,504.2339395245079,0.0,0.0,CASH,TQQQ
2025-03-24,504.2339395245079,0.0,0.0,CASH,TQQQ
2025-03-25,504.2339395245079,0.0,0.0,CASH,TQQQ
2025-03-26,504.2339395245079,0.0,0.0,CASH,TQQQ
2025-03-27,504.2339395245079,0.0,0.0,CASH,TQQQ
2025-03-28,504.2339395245079,0.0,0.0,CASH,TQQQ
2025-03-31,504.2339395245079,0.0,0.0,CASH,TQQQ
2025-04-01,504.2339395245079,0.0,0.0,CASH,TQQQ
2025-04-02,504.2339395245079,0.0,0.0,CASH,TQQQ
2025-04-03,504.2339395245079,0.0,0.0,CASH,TQQQ
2025-04-04,504.2339395245079,0.0,0.0,CASH,TQQQ
2025-04-07,504.2339395245079,0.0,0.0,CASH,SOXL
2025-04-08,504.2339395245079,0.0,0.0,CASH,TQQQ
2025-04-09,504.2339395245079,0.0,0.0,CASH,TQQQ
2025-04-10,504.2339395245079,0.0,0.0,CASH,TQQQ
2025-04-11,504.2339395245079,0.0,0.0,CASH,TQQQ
2025-04-14,504.2339395245079,0.0,0.0,CASH,TQQQ
2025-04-15,504.2339395245079,0.0,0.0,CASH,TQQQ
2025-04-16,504.2339395245079,0.0,0.0,CASH,TQQQ
2025-04-17,504.2339395245079,0.0,0.0,CASH,TQQQ
2025-04-21,504.2339395245079,0.0,0.0,CASH,TQQQ
2025-04-22,504.2339395245079,0.0,0.0,CASH,TQQQ
2025-04-23,504.2339395245079,0.0,0.0,CASH,TQQQ
2025-04-24,504.2339395245079,0.0,0.0,CASH,TQQQ
2025-04-25,504.2339395245079,0.0,0.0,CASH,TQQQ
2025-04-28,504.2339395245079,0.0,0.0,CASH,TQQQ
2025-04-29,504.2339395245079,0.0,0.0,CASH,TQQQ
2025-04-30,504.2339395245079,0.0,0.0,CASH,TQQQ
2025-05-01,504.2339395245079,0.0,0.0,CASH,TQQQ
2025-05-02,504.2339395245079,0.0,0.0,CASH,TQQQ
2025-05-05,504.2339395245079,0.0,0.0,CASH,TQQQ
2025-05-06,504.2339395245079,0.0,0.0,CASH,TQQQ
2025-05-07,504.2339395245079,0.0,0.0,CASH,TQQQ
2025-05-08,504.2339395245079,0.0,0.0,CASH,TQQQ
2025-05-09,504.2339395245079,0.0,0.0,CASH,TQQQ
2025-05-12,504.2339395245079,0.0,0.0,CASH,TQQQ
2025-05-13,527.3443597302103,1.0,1.0,TQQQ,TQQQ
2025-05-14,536.6495046179103,1.0,1.0,TQQQ,TQQQ
2025-05-15,538.3275094228134,1.0,1.0,TQQQ,TQQQ
2025-05-16,544.9631757907425,1.0,1.0,TQQQ,TQQQ
2025-05-19,546.4123564315463,1.0,1.0,TQQQ,TQQQ
2025-05-20,540.6919281222769,1.0,1.0,TQQQ,TQQQ
2025-05-21,518.191744752664,1.0,1.0,TQQQ,TQQQ
2025-05-22,520.8612232724349,1.0,1.0,TQQQ,TQQQ
2025-05-23,505.8356500754654,1.0,1.0,TQQQ,TQQQ
2025-05-27,541.0733407942671,1.0,1.0,TQQQ,TQQQ
2025-05-28,534.1325560082932,1.0,1.0,TQQQ,TQQQ
2025-05-29,536.7258574695932,1.0,1.0,TQQQ,TQQQ
2025-05-30,533.9037318441939,1.0,1.0,TQQQ,TQQQ
2025-06-02,546.1835322674468,1.0,1.0,TQQQ,TQQQ
2025-06-03,558.9209224211611,1.0,1.0,TQQQ,TQQQ
2025-06-04,563.4209356559887,1.0,1.0,TQQQ,TQQQ
2025-06-05,550.3021914280215,1.0,1.0,TQQQ,TQQQ
2025-06-06,566.0142371172886,1.0,1.0,TQQQ,TQQQ
2025-06-09,568.5312443246431,1.0,1.0,TQQQ,TQQQ
2025-06-10,579.5144526149835,1.0,1.0,TQQQ,TQQQ
2025-06-11,573.5650829461403,1.0,1.0,TQQQ,TQQQ
2025-06-12,577.3025052279365,1.0,1.0,TQQQ,TQQQ
2025-06-13,555.4886771551469,1.0,1.0,TQQQ,TQQQ
2025-06-16,578.141507630388,1.0,1.0,TQQQ,TQQQ
2025-06-17,561.0565169565252,1.0,1.0,TQQQ,TQQQ
2025-06-18,560.2938674057565,1.0,1.0,TQQQ,TQQQ
2025-06-20,552.5903744712766,1.0,1.0,TQQQ,TQQQ
2025-06-23,569.7515422036103,1.0,1.0,TQQQ,TQQQ
2025-06-24,595.6839708392372,1.0,1.0,TQQQ,TQQQ
2025-06-25,600.2578172230444,1.0,1.0,TQQQ,TQQQ
2025-06-26,616.7022174329038,1.0,1.0,TQQQ,TQQQ
2025-06-27,622.7445817108189,1.0,1.0,TQQQ,TQQQ
2025-06-30,634.8292516689119,1.0,1.0,TQQQ,TQQQ
2025-07-01,618.6908488431566,1.0,1.0,TQQQ,TQQQ
2025-07-02,631.0050461381961,1.0,1.0,TQQQ,TQQQ
2025-07-03,648.673084298048,1.0,1.0,TQQQ,TQQQ
2025-07-07,634.2173740961784,1.0,1.0,TQQQ,TQQQ
2025-07-08,635.0587790058587,1.0,1.0,TQQQ,TQQQ
2025-07-09,648.2142640151038,1.0,1.0,TQQQ,TQQQ
2025-07-10,645.2312876008563,1.0,1.0,TQQQ,TQQQ
2025-07-11,640.3362670189881,1.0,1.0,TQQQ,TQQQ
2025-07-14,647.1434489639515,1.0,1.0,TQQQ,TQQQ
2025-07-15,648.8261415878374,1.0,1.0,TQQQ,TQQQ
2025-07-16,650.6617743060378,1.0,1.0,TQQQ,TQQQ
2025-07-17,665.8058907255355,1.0,1.0,TQQQ,TQQQ
2025-07-18,663.5113791266534,1.0,1.0,TQQQ,TQQQ
2025-07-21,673.6074176744937,1.0,1.0,TQQQ,TQQQ
2025-07-22,663.128911695392,1.0,1.0,TQQQ,TQQQ
2025-07-23,671.8481964057132,1.0,1.0,TQQQ,TQQQ
2025-07-24,676.2843381068999,1.0,1.0,TQQQ,TQQQ
2025-07-25,680.1086022353529,1.0,1.0,TQQQ,TQQQ
2025-07-28,686.7629612814761,1.0,1.0,TQQQ,TQQQ
2025-07-29,683.6269861751766,1.0,1.0,TQQQ,TQQQ
2025-07-30,685.9980264189534,1.0,1.0,TQQQ,TQQQ
2025-07-31,674.6782327256461,1.0,1.0,TQQQ,TQQQ
2025-08-01,634.2173740961784,1.0,1.0,TQQQ,TQQQ
2025-08-04,658.448277627292,1.0,1.0,SOXL,SOXL
2025-08-05,645.8060780132789,1.0,1.0,SOXL,SOXL
2025-08-06,631.8469710904658,1.0,1.0,SOXL,SOXL
2025-08-07,658.448277627292,1.0,1.0,SOXL,SOXL
2025-08-08,677.1481905615306,1.0,1.0,SOXL,SOXL
2025-08-11,674.5144261941427,1.0,1.0,SOXL,SOXL
2025-08-12,737.4620629025333,1.0,1.0,SOXL,SOXL
2025-08-13,770.9112673450345,1.0,1.0,SOXL,SOXL
2025-08-14,774.8619390212224,1.0,1.0,SOXL,SOXL
2025-08-15,720.8691916123324,1.0,1.0,SOXL,SOXL
2025-08-18,725.0832749004076,1.0,1.0,SOXL,SOXL
2025-08-19,691.1072974843439,1.0,1.0,SOXL,SOXL
2025-08-20,679.5185935672434,1.0,1.0,SOXL,SOXL
2025-08-21,667.66657853868,1.0,1.0,SOXL,SOXL
2025-08-22,722.97623325637,1.0,1.0,SOXL,SOXL
2025-08-25,719.0255113299702,1.0,1.0,SOXL,SOXL
2025-08-26,735.8817942320584,1.0,1.0,SOXL,SOXL
2025-08-27,742.2029191641709,1.0,1.0,SOXL,SOXL
2025-08-28,751.4211698253465,1.0,1.0,SOXL,SOXL
2025-08-29,685.8397687495682,1.0,1.0,SOXL,SOXL
2025-09-02,665.03276392108,1.0,1.0,SOXL,SOXL
2025-09-03,656.0778746215796,1.0,1.0,SOXL,SOXL
2025-09-04,675.5679218910556,1.0,1.0,SOXL,SOXL
2025-09-05,696.6382880812188,1.0,1.0,SOXL,SOXL
2025-09-08,713.2311593714197,1.0,1.0,SOXL,SOXL
2025-09-09,715.8649739890197,1.0,1.0,SOXL,SOXL
2025-09-10,753.2648501077089,1.0,1.0,SOXL,SOXL
2025-09-11,768.2774527274346,1.0,1.0,SOXL,SOXL
2025-09-12,771.70135143006,1.0,1.0,SOXL,SOXL
2025-09-15,790.1379532528354,1.0,1.0,SOXL,SOXL
2025-09-16,802.7801026166364,1.0,1.0,SOXL,SOXL
2025-09-17,802.5167412549613,1.0,1.0,SOXL,SOXL
2025-09-18,886.0080214301647,1.0,1.0,SOXL,SOXL
2025-09-19,869.6785115016389,1.0,1.0,SOXL,SOXL
2025-09-22,906.8149257582287,1.0,1.0,SOXL,SOXL
2025-09-23,903.6534839134605,1.0,1.0,SOXL,SOXL
2025-09-24,901.018965792891,1.0,1.0,SOXL,SOXL
2025-09-25,891.7979513700492,1.0,1.0,SOXL,SOXL
2025-09-26,896.2767527755265,1.0,1.0,SOXL,SOXL
2025-09-29,896.2767527755265,1.0,1.0,SOXL,SOXL
2025-09-30,917.8801229655539,1.0,1.0,SOXL,SOXL
2025-10-01,971.0982131045367,1.0,1.0,SOXL,SOXL
2025-10-02,982.9520702502437,1.0,1.0,TQQQ,TQQQ
2025-10-03,969.616339195906,1.0,1.0,TQQQ,TQQQ
2025-10-06,991.2869553212362,1.0,1.0,TQQQ,TQQQ
2025-10-07,975.2656201986787,1.0,1.0,TQQQ,TQQQ
2025-10-08,1008.3269458508984,1.0,1.0,TQQQ,TQQQ
2025-10-09,1004.3447552746582,1.0,1.0,TQQQ,TQQQ
2025-10-10,898.9557768788126,1.0,1.0,TQQQ,TQQQ
2025-10-13,956.0029605714877,1.0,1.0,TQQQ,TQQQ
2025-10-14,936.5550135436863,1.0,1.0,TQQQ,TQQQ
2025-10-15,955.725029470572,1.0,1.0,TQQQ,TQQQ
2025-10-16,945.0751151325804,1.0,1.0,TQQQ,TQQQ
2025-10-17,963.0411882517511,1.0,1.0,TQQQ,TQQQ
2025-10-20,999.1586927734114,1.0,1.0,TQQQ,TQQQ
2025-10-21,998.0473227832927,1.0,1.0,TQQQ,TQQQ
2025-10-22,968.6903274891063,1.0,1.0,TQQQ,TQQQ
2025-10-23,992.953903982351,1.0,1.0,TQQQ,TQQQ
2025-10-24,1023.8853460027647,1.0,1.0,TQQQ,TQQQ
2025-10-27,1078.2468547445112,1.0,1.0,TQQQ,TQQQ
2025-10-28,1102.8807933908506,1.0,1.0,TQQQ,TQQQ
2025-10-29,1116.957390516795,1.0,1.0,TQQQ,TQQQ
2025-10-30,1065.8371353969733,1.0,1.0,TQQQ,TQQQ
2025-10-31,1080.9324588127313,1.0,1.0,TQQQ,TQQQ
2025-11-03,1095.7499220102823,1.0,1.0,TQQQ,TQQQ
2025-11-04,965.3786343842767,1.0,1.0,SOXL,SOXL
2025-11-05,984.1508968892668,1.0,1.0,TQQQ,TQQQ
2025-11-06,903.8720215311481,1.0,1.0,SOXL,SOXL
2025-11-07,877.1825428540124,1.0,1.0,SOXL,SOXL
2025-11-10,934.6496980174452,1.0,1.0,TQQQ,TQQQ
2025-11-11,869.1660576824,1.0,1.0,SOXL,SOXL
2025-11-12,908.6641075745554,1.0,1.0,SOXL,SOXL
2025-11-13,815.3239111126634,1.0,1.0,SOXL,SOXL
2025-11-14,815.947063543399,1.0,1.0,TQQQ,TQQQ
2025-11-17,773.5329252011177,1.0,1.0,SOXL,SOXL
2025-11-18,721.2501273150592,1.0,1.0,SOXL,SOXL
2025-11-19,733.6424711704932,1.0,1.0,TQQQ,TQQQ
2025-11-20,628.5741023479511,1.0,1.0,SOXL,SOXL
2025-11-21,642.512333902368,1.0,1.0,TQQQ,TQQQ
2025-11-24,726.1422319035254,1.0,1.0,SOXL,SOXL
2025-11-25,732.4194855357223,1.0,1.0,SOXL,SOXL
2025-11-26,793.572576317242,1.0,1.0,SOXL,SOXL
2025-11-28,835.488755147573,1.0,1.0,SOXL,SOXL
2025-12-01,836.5012851806853,1.0,1.0,SOXL,SOXL
2025-12-02,886.9221601237459,1.0,1.0,SOXL,SOXL
2025-12-03,943.2154466251905,1.0,1.0,SOXL,SOXL
2025-12-04,914.4613085281597,1.0,1.0,SOXL,SOXL
2025-12-05,941.5954603683679,1.0,1.0,SOXL,SOXL
2025-12-08,971.7670478175202,1.0,1.0,SOXL,SOXL
2025-12-09,967.7171594206599,1.0,1.0,SOXL,SOXL
2025-12-10,1005.380990194626,1.0,1.0,SOXL,SOXL
2025-12-11,987.9665241597645,1.0,1.0,SOXL,SOXL
2025-12-12,844.6009847292091,1.0,1.0,SOXL,SOXL
2025-12-15,833.8688461359465,1.0,1.0,SOXL,SOXL
2025-12-16,819.8968122742349,1.0,1.0,SOXL,SOXL
2025-12-17,729.1795902672732,1.0,1.0,SOXL,SOXL
2025-12-18,781.2205287123528,1.0,1.0,SOXL,SOXL
2025-12-19,844.80352163391,1.0,1.0,SOXL,SOXL
2025-12-22,875.987484625782,1.0,1.0,SOXL,SOXL
2025-12-23,884.8972545479137,1.0,1.0,SOXL,SOXL
2025-12-24,895.2243965769708,1.0,1.0,SOXL,SOXL
2025-12-26,895.2243965769708,1.0,1.0,SOXL,SOXL
2025-12-29,887.3271566879514,1.0,1.0,SOXL,SOXL
2025-12-30,884.2897210790072,1.0,1.0,SOXL,SOXL
2025-12-31,851.0807752661069,1.0,1.0,SOXL,SOXL
2026-01-02,956.5800242631915,1.0,1.0,SOXL,SOXL
2026-01-05,996.6737571771952,1.0,1.0,SOXL,SOXL
2026-01-06,1093.6681555711573,1.0,1.0,SOXL,SOXL
2026-01-07,1058.8393007466307,1.0,1.0,SOXL,SOXL
2026-01-08,1005.3809901946257,1.0,1.0,SOXL,SOXL
2026-01-09,1092.4532431237367,1.0,1.0,SOXL,SOXL
2026-01-12,1106.6278138901491,1.0,1.0,SOXL,SOXL
2026-01-13,1135.3818747419837,1.0,1.0,SOXL,SOXL
2026-01-14,1121.4098408802722,1.0,1.0,SOXL,SOXL
2026-01-15,1176.0831411248942,1.0,1.0,SOXL,SOXL
2026-01-16,1230.1489079006094,1.0,1.0,SOXL,SOXL
2026-01-20,1173.2481651754547,1.0,1.0,SOXL,SOXL
2026-01-21,1285.4296643689418,1.0,1.0,SOXL,SOXL
2026-01-22,1290.2895458942132,1.0,1.0,SOXL,SOXL
2026-01-23,1247.36083703077,1.0,1.0,SOXL,SOXL
2026-01-26,1229.1364551126935,1.0,1.0,SOXL,SOXL
2026-01-27,1315.3987149133932,1.0,1.0,SOXL,SOXL
2026-01-28,1419.277900408459,1.0,1.0,SOXL,SOXL
2026-01-29,1426.97275788317,1.0,1.0,SOXL,SOXL
2026-01-30,1251.2082657681258,1.0,1.0,SOXL,SOXL
2026-02-02,1320.2585191934686,1.0,1.0,SOXL,SOXL
2026-02-03,1239.261137482246,1.0,1.0,SOXL,SOXL
2026-02-04,1077.0636826647076,1.0,1.0,SOXL,SOXL
2026-02-05,1078.2786723573247,1.0,1.0,SOXL,SOXL
2026-02-06,1250.3982726397146,1.0,1.0,SOXL,SOXL
2026-02-09,1296.5667995264105,1.0,1.0,SOXL,SOXL
2026-02-10,1282.5947656646988,1.0,1.0,SOXL,SOXL
2026-02-11,1377.9693322922312,1.0,1.0,SOXL,SOXL
2026-02-12,1277.7348841394275,1.0,1.0,SOXL,SOXL
2026-02-13,1307.9063943433835,1.0,1.0,SOXL,SOXL
2026-02-17,1303.0465900633083,1.0,1.0,SOXL,SOXL
2026-02-18,1342.330407094097,1.0,1.0,SOXL,SOXL
2026-02-19,1320.8661299075716,1.0,1.0,SOXL,SOXL
2026-02-20,1358.934880000547,1.0,1.0,SOXL,SOXL
2026-02-23,1333.6231740766661,1.0,1.0,SOXL,SOXL
2026-02-24,1387.6889408523814,1.0,1.0,SOXL,SOXL
2026-02-25,1455.1193625112942,1.0,1.0,SOXL,SOXL
2026-02-26,1323.0934178977118,1.0,1.0,SOXL,SOXL
2026-02-27,1271.0526339430248,1.0,1.0,SOXL,SOXL
2026-03-02,1270.8500970383238,1.0,1.0,SOXL,SOXL
2026-03-03,1081.7210272852783,1.0,1.0,SOXL,SOXL
2026-03-04,1146.5190098994526,1.0,1.0,SOXL,SOXL
2026-03-05,1109.6651722538977,1.0,1.0,SOXL,SOXL
2026-03-06,969.7420649964921,1.0,1.0,SOXL,SOXL
2026-03-09,1079.6961217094463,1.0,1.0,SOXL,SOXL
2026-03-10,1105.4128241975327,1.0,1.0,SOXL,SOXL
2026-03-11,1135.7868713061896,1.0,1.0,SOXL,SOXL
2026-03-12,1018.1380343637207,1.0,1.0,SOXL,SOXL
2026-03-13,1027.0478042858524,1.0,1.0,SOXL,SOXL
2026-03-16,1087.1883650342597,1.0,1.0,SOXL,SOXL
2026-03-17,1112.7026078628414,1.0,1.0,SOXL,SOXL
2026-03-18,1093.8706924758585,1.0,1.0,SOXL,SOXL
2026-03-19,1110.6776250418134,1.0,1.0,SOXL,SOXL
2026-03-20,1035.5525003985822,1.0,1.0,SOXL,SOXL
2026-03-23,1073.8237873962587,1.0,1.0,SOXL,SOXL
2026-03-24,1112.9050675223464,1.0,1.0,SOXL,SOXL
2026-03-25,1155.0237832573782,1.0,1.0,SOXL,SOXL
2026-03-26,991.6114159924191,1.0,1.0,SOXL,SOXL
2026-03-27,943.8229028489006,1.0,1.0,SOXL,SOXL
2026-03-30,822.5291740737772,1.0,1.0,SOXL,SOXL
2026-03-31,822.5291740737772,0.0,0.0,CASH,SOXL
2026-04-01,897.2108827679232,1.0,1.0,SOXL,SOXL
2026-04-02,905.623336893736,1.0,1.0,SOXL,SOXL
2026-04-06,940.9898832005699,1.0,1.0,SOXL,SOXL
2026-04-07,970.8625404816114,1.0,1.0,SOXL,SOXL
2026-04-08,1158.8545069256338,1.0,1.0,SOXL,SOXL
2026-04-09,1235.7681673882184,1.0,1.0,SOXL,SOXL
2026-04-10,1311.4799270628223,1.0,1.0,SOXL,SOXL
2026-04-13,1383.0713518325101,1.0,1.0,SOXL,SOXL
2026-04-14,1464.62037269024,1.0,1.0,SOXL,SOXL
2026-04-15,1475.7797385831777,1.0,1.0,SOXL,SOXL
2026-04-16,1517.155199406033,1.0,1.0,SOXL,SOXL
2026-04-17,1625.4865936203457,1.0,1.0,SOXL,SOXL
2026-04-20,1647.1185810915547,1.0,1.0,SOXL,SOXL
2026-04-21,1684.030138377533,1.0,1.0,SOXL,SOXL
2026-04-22,1813.6502133972635,1.0,1.0,SOXL,SOXL
2026-04-23,1936.0595386045347,1.0,1.0,SOXL,SOXL
2026-04-24,2203.025463946685,1.0,1.0,SOXL,SOXL
2026-04-27,2118.3860281814113,1.0,1.0,SOXL,SOXL
2026-04-28,1880.9495844375965,1.0,1.0,SOXL,SOXL
2026-04-29,2025.3343347649525,1.0,1.0,SOXL,SOXL
2026-04-30,2180.0199878461417,1.0,1.0,SOXL,SOXL
2026-05-01,2238.735120444682,1.0,1.0,SOXL,SOXL
2026-05-04,2189.805865109746,1.0,1.0,SOXL,SOXL
2026-05-05,2474.9699253666854,1.0,1.0,SOXL,SOXL
2026-05-06,2847.348548840043,1.0,1.0,SOXL,SOXL
2026-05-07,2611.285593725562,1.0,1.0,SOXL,SOXL
2026-05-08,3037.7439894023146,1.0,1.0,SOXL,SOXL
2026-05-11,3269.1714531385655,1.0,1.0,SOXL,SOXL
2026-05-12,2961.860510903273,1.0,1.0,SOXL,SOXL
2026-05-13,3163.072010692691,1.0,1.0,SOXL,SOXL
2026-05-14,3196.54997738842,1.0,1.0,SOXL,SOXL
2026-05-15,2818.677399397727,1.0,1.0,SOXL,SOXL
2026-05-18,2605.2766137179983,1.0,1.0,SOXL,SOXL
2026-05-19,2607.68015332779,1.0,1.0,SOXL,SOXL
2026-05-20,2973.5347713033543,1.0,1.0,SOXL,SOXL
