date,equity,exposure,units,held,base_allocation
2010-06-25,1.0,0.0,0.0,CASH,TQQQ
2010-06-28,0.9910449028847056,1.0,1.0,TQQQ,TQQQ
2010-06-29,0.8804530672361154,1.0,1.0,TQQQ,TQQQ
2010-06-30,0.8378218737176297,1.0,1.0,SOXL,SOXL
2010-07-01,0.8296547008000997,1.0,1.0,TQQQ,TQQQ
2010-07-02,0.8251159594201454,1.0,1.0,TQQQ,TQQQ
2010-07-06,0.829428247431138,1.0,1.0,TQQQ,TQQQ
2010-07-07,0.9078073418966635,1.0,1.0,TQQQ,TQQQ
2010-07-08,0.923122375064333,1.0,1.0,TQQQ,TQQQ
2010-07-09,0.9489875872845844,1.0,1.0,TQQQ,TQQQ
2010-07-12,0.9597641515793622,1.0,1.0,TQQQ,TQQQ
2010-07-13,0.9925461380607286,1.0,1.0,TQQQ,TQQQ
2010-07-14,1.0084232170448646,1.0,1.0,TQQQ,TQQQ
2010-07-15,1.0119428501377254,1.0,1.0,TQQQ,TQQQ
2010-07-16,0.9304969611904967,1.0,1.0,TQQQ,TQQQ
2010-07-19,0.9514836157238201,1.0,1.0,TQQQ,TQQQ
2010-07-20,0.9815431885237547,1.0,1.0,TQQQ,TQQQ
2010-07-21,0.9471711914592963,1.0,1.0,TQQQ,TQQQ
2010-07-22,1.0110324040418157,1.0,1.0,TQQQ,TQQQ
2010-07-23,1.0373503867464593,1.0,1.0,TQQQ,TQQQ
2010-07-26,1.0601491451188356,1.0,1.0,TQQQ,TQQQ
2010-07-27,1.059922487369577,1.0,1.0,TQQQ,TQQQ
2010-07-28,1.0382564046026028,1.0,1.0,TQQQ,TQQQ
2010-07-29,1.013528636861348,1.0,1.0,TQQQ,TQQQ
2010-07-30,1.0204497712354634,1.0,1.0,TQQQ,TQQQ
2010-08-02,1.0753510197287897,1.0,1.0,TQQQ,TQQQ
2010-08-03,1.0642347753805692,1.0,1.0,TQQQ,TQQQ
2010-08-04,1.094974048921217,1.0,1.0,TQQQ,TQQQ
2010-08-05,1.0885101132712598,1.0,1.0,TQQQ,TQQQ
2010-08-06,1.0834050340886043,1.0,1.0,TQQQ,TQQQ
2010-08-09,1.1023487031741466,1.0,1.0,TQQQ,TQQQ
2010-08-10,1.0789792468860684,1.0,1.0,TQQQ,TQQQ
2010-08-11,0.9901635406862701,1.0,1.0,TQQQ,TQQQ
2010-08-12,0.9622555473985345,1.0,1.0,TQQQ,TQQQ
2010-08-13,0.9430854930707963,1.0,1.0,TQQQ,TQQQ
2010-08-16,0.9484170937491792,1.0,1.0,TQQQ,TQQQ
2010-08-17,0.9844923962079759,1.0,1.0,TQQQ,TQQQ
2010-08-18,0.9933389292323911,1.0,1.0,TQQQ,TQQQ
2010-08-19,0.9568108562892021,1.0,1.0,TQQQ,TQQQ
2010-08-20,0.9535220366783034,1.0,1.0,TQQQ,TQQQ
2010-08-23,0.927208277833129,1.0,1.0,TQQQ,TQQQ
2010-08-24,0.8740060427479062,1.0,1.0,TQQQ,TQQQ
2010-08-25,0.9002109350216001,1.0,1.0,TQQQ,TQQQ
2010-08-26,0.8708305860750196,1.0,1.0,TQQQ,TQQQ
2010-08-27,0.8996401008523672,1.0,1.0,TQQQ,TQQQ
2010-08-30,0.870490906021577,1.0,1.0,TQQQ,TQQQ
2010-08-31,0.8661784817570531,1.0,1.0,TQQQ,TQQQ
2010-09-01,0.9387774970460384,1.0,1.0,TQQQ,TQQQ
2010-09-02,0.9709933501050004,1.0,1.0,TQQQ,TQQQ
2010-09-03,1.0204497712354632,1.0,1.0,TQQQ,TQQQ
2010-09-07,0.9956082317956025,1.0,1.0,TQQQ,TQQQ
2010-09-08,1.0307730881584893,1.0,1.0,TQQQ,TQQQ
2010-09-09,1.043814663030244,1.0,1.0,TQQQ,TQQQ
2010-09-10,1.055048289795649,1.0,1.0,TQQQ,TQQQ
2010-09-13,1.101555707622187,1.0,1.0,TQQQ,TQQQ
2010-09-14,1.11550759233632,1.0,1.0,TQQQ,TQQQ
2010-09-15,1.1344510570415653,1.0,1.0,TQQQ,TQQQ
2010-09-16,1.1504457909499481,1.0,1.0,TQQQ,TQQQ
2010-09-17,1.1626944383965085,1.0,1.0,TQQQ,TQQQ
2010-09-20,1.223267035748426,1.0,1.0,TQQQ,TQQQ
2010-09-21,1.2194117420812949,1.0,1.0,TQQQ,TQQQ
2010-09-22,1.213627507172051,1.0,1.0,TQQQ,TQQQ
2010-09-23,1.2099943067608812,1.0,1.0,TQQQ,TQQQ
2010-09-24,1.2785118475208361,1.0,1.0,TQQQ,TQQQ
2010-09-27,1.2638764469671142,1.0,1.0,TQQQ,TQQQ
2010-09-28,1.2670519717667663,1.0,1.0,TQQQ,TQQQ
2010-09-29,1.2568460372609245,1.0,1.0,TQQQ,TQQQ
2010-09-30,1.2398278349524476,1.0,1.0,TQQQ,TQQQ
2010-10-01,1.2359725412853164,1.0,1.0,TQQQ,TQQQ
2010-10-04,1.1930938275034169,1.0,1.0,TQQQ,TQQQ
2010-10-05,1.2819140981965125,1.0,1.0,TQQQ,TQQQ
2010-10-06,1.2492452702728614,1.0,1.0,TQQQ,TQQQ
2010-10-07,1.2614939177194218,1.0,1.0,TQQQ,TQQQ
2010-10-08,1.2869060188214527,1.0,1.0,TQQQ,TQQQ
2010-10-11,1.289515137691638,1.0,1.0,TQQQ,TQQQ
2010-10-12,1.316286095260971,1.0,1.0,TQQQ,TQQQ
2010-10-13,1.3482712029647366,1.0,1.0,TQQQ,TQQQ
2010-10-14,1.3407878865206235,1.0,1.0,TQQQ,TQQQ
2010-10-15,1.4263150456165856,1.0,1.0,TQQQ,TQQQ
2010-10-18,1.4263150456165856,1.0,1.0,TQQQ,TQQQ
2010-10-19,1.3695976056782682,1.0,1.0,TQQQ,TQQQ
2010-10-20,1.3980715961348769,1.0,1.0,TQQQ,TQQQ
2010-10-21,1.4078246239027952,1.0,1.0,TQQQ,TQQQ
2010-10-22,1.4352752140860754,1.0,1.0,TQQQ,TQQQ
2010-10-25,1.4570543872839992,1.0,1.0,TQQQ,TQQQ
2010-10-26,1.4657875573704022,1.0,1.0,TQQQ,TQQQ
2010-10-27,1.4808761371691102,1.0,1.0,TQQQ,TQQQ
2010-10-28,1.4893832626471453,1.0,1.0,TQQQ,TQQQ
2010-10-29,1.482235129889943,1.0,1.0,TQQQ,TQQQ
2010-11-01,1.4856417406786198,1.0,1.0,TQQQ,TQQQ
2010-11-02,1.530672306479781,1.0,1.0,TQQQ,TQQQ
2010-11-03,1.5527915684917408,1.0,1.0,TQQQ,TQQQ
2010-11-04,1.6078100631487204,1.0,1.0,TQQQ,TQQQ
2010-11-05,1.6097353255454891,1.0,1.0,TQQQ,TQQQ
2010-11-08,1.6138212964410512,1.0,1.0,TQQQ,TQQQ
2010-11-09,1.5877296989786036,1.0,1.0,TQQQ,TQQQ
2010-11-10,1.6120050368692942,1.0,1.0,TQQQ,TQQQ
2010-11-11,1.5848939904859252,1.0,1.0,TQQQ,TQQQ
2010-11-12,1.5042455253304226,1.0,1.0,TQQQ,TQQQ
2010-11-15,1.4881373603572616,1.0,1.0,TQQQ,TQQQ
2010-11-16,1.4142927152854556,1.0,1.0,TQQQ,TQQQ
2010-11-17,1.4276740383374185,1.0,1.0,TQQQ,TQQQ
2010-11-18,1.4940353669651116,1.0,1.0,TQQQ,TQQQ
2010-11-19,1.4975504355646754,1.0,1.0,TQQQ,TQQQ
2010-11-22,1.5370273074314922,1.0,1.0,TQQQ,TQQQ
2010-11-23,1.4644285646495694,1.0,1.0,TQQQ,TQQQ
2010-11-24,1.5499558599990628,1.0,1.0,TQQQ,TQQQ
2010-11-26,1.5402029684846756,1.0,1.0,TQQQ,TQQQ
2010-11-29,1.5187638841007882,1.0,1.0,TQQQ,TQQQ
2010-11-30,1.461026450227424,1.0,1.0,TQQQ,TQQQ
2010-12-01,1.553928604210144,1.0,1.0,TQQQ,TQQQ
2010-12-02,1.6011152458900355,1.0,1.0,TQQQ,TQQQ
2010-12-03,1.6145007928014676,1.0,1.0,TQQQ,TQQQ
2010-12-06,1.6116650843087892,1.0,1.0,TQQQ,TQQQ
2010-12-07,1.613141936334166,1.0,1.0,TQQQ,TQQQ
2010-12-08,1.6354875154615565,1.0,1.0,TQQQ,TQQQ
2010-12-09,1.6371859157287696,1.0,1.0,TQQQ,TQQQ
2010-12-10,1.6715579127932279,1.0,1.0,TQQQ,TQQQ
2010-12-13,1.651934951727566,1.0,1.0,TQQQ,TQQQ
2010-12-14,1.658852271002806,1.0,1.0,TQQQ,TQQQ
2010-12-15,1.6419515192382792,1.0,1.0,TQQQ,TQQQ
2010-12-16,1.6762101533647253,1.0,1.0,TQQQ,TQQQ
2010-12-17,1.681315028167084,1.0,1.0,TQQQ,TQQQ
2010-12-20,1.6858496819411002,1.0,1.0,TQQQ,TQQQ
2010-12-21,1.7136398159242918,1.0,1.0,TQQQ,TQQQ
2010-12-22,1.7154564842566424,1.0,1.0,TQQQ,TQQQ
2010-12-23,1.702410617398653,1.0,1.0,TQQQ,TQQQ
2010-12-27,1.7030943376185388,1.0,1.0,TQQQ,TQQQ
2010-12-28,1.6957201602529686,1.0,1.0,TQQQ,TQQQ
2010-12-29,1.7058168194267362,1.0,1.0,TQQQ,TQQQ
2010-12-30,1.6929975421912398,1.0,1.0,TQQQ,TQQQ
2010-12-31,1.6774557831475458,1.0,1.0,TQQQ,TQQQ
2011-01-03,1.7532304594897146,1.0,1.0,TQQQ,TQQQ
2011-01-04,1.7590633390711699,1.0,1.0,SOXL,SOXL
2011-01-05,1.776214426307169,1.0,1.0,SOXL,SOXL
2011-01-06,1.874663716220598,1.0,1.0,SOXL,SOXL
2011-01-07,1.8870124451047599,1.0,1.0,SOXL,SOXL
2011-01-10,1.9463582807095061,1.0,1.0,SOXL,SOXL
2011-01-11,1.9679691629215632,1.0,1.0,SOXL,SOXL
2011-01-12,2.078423944271403,1.0,1.0,SOXL,SOXL
2011-01-13,2.0777386827054496,1.0,1.0,SOXL,SOXL
2011-01-14,2.2475390300312474,1.0,1.0,SOXL,SOXL
2011-01-18,2.221125924281747,1.0,1.0,SOXL,SOXL
2011-01-19,2.0664181832062036,1.0,1.0,SOXL,SOXL
2011-01-20,1.9912948842284321,1.0,1.0,SOXL,SOXL
2011-01-21,1.956990822354914,1.0,1.0,SOXL,SOXL
2011-01-24,2.0983207962750146,1.0,1.0,SOXL,SOXL
2011-01-25,2.054412826584187,1.0,1.0,SOXL,SOXL
2011-01-26,2.1113545170963413,1.0,1.0,SOXL,SOXL
2011-01-27,2.227986089547358,1.0,1.0,SOXL,SOXL
2011-01-28,2.047551447989027,1.0,1.0,SOXL,SOXL
2011-01-31,2.070878787068627,1.0,1.0,SOXL,SOXL
2011-02-01,2.220782821648391,1.0,1.0,SOXL,SOXL
2011-02-02,2.2585152135675894,1.0,1.0,SOXL,SOXL
2011-02-03,2.2609172016298738,1.0,1.0,SOXL,SOXL
2011-02-04,2.3946989176161306,1.0,1.0,SOXL,SOXL
2011-02-07,2.37000092059023,1.0,1.0,SOXL,SOXL
2011-02-08,2.364512087342891,1.0,1.0,SOXL,SOXL
2011-02-09,2.3195757534527535,1.0,1.0,SOXL,SOXL
2011-02-10,2.339472470641971,1.0,1.0,SOXL,SOXL
2011-02-11,2.392985157036474,1.0,1.0,SOXL,SOXL
2011-02-14,2.4475267468878634,1.0,1.0,SOXL,SOXL
2011-02-15,2.377548369637709,1.0,1.0,SOXL,SOXL
2011-02-16,2.4526718034298747,1.0,1.0,SOXL,SOXL
2011-02-17,2.560725810046978,1.0,1.0,SOXL,SOXL
2011-02-18,2.5312251850404515,1.0,1.0,SOXL,SOXL
2011-02-22,2.229700659013382,1.0,1.0,SOXL,SOXL
2011-02-23,2.1099837243356467,1.0,1.0,SOXL,SOXL
2011-02-24,2.2142644108721945,1.0,1.0,SOXL,SOXL
2011-02-25,2.3816639834652564,1.0,1.0,SOXL,SOXL
2011-02-28,2.309627799301328,1.0,1.0,SOXL,SOXL
2011-03-01,2.1717295257867644,1.0,1.0,SOXL,SOXL
2011-03-02,2.264348767221017,1.0,1.0,SOXL,SOXL
2011-03-03,2.3957280907018066,1.0,1.0,SOXL,SOXL
2011-03-04,2.320260880204313,1.0,1.0,SOXL,SOXL
2011-03-07,2.1281642542861103,1.0,1.0,SOXL,SOXL
2011-03-08,2.139483810084597,1.0,1.0,SOXL,SOXL
2011-03-09,1.948758246555878,1.0,1.0,SOXL,SOXL
2011-03-10,1.801256469667187,1.0,1.0,SOXL,SOXL
2011-03-11,1.849280053185562,1.0,1.0,SOXL,SOXL
2011-03-14,1.8417326041380837,1.0,1.0,SOXL,SOXL
2011-03-15,1.7748414765161669,1.0,1.0,SOXL,SOXL
2011-03-16,1.6602706768955968,1.0,1.0,SOXL,SOXL
2011-03-17,1.72098703563225,1.0,1.0,SOXL,SOXL
2011-03-18,1.7381381228682495,1.0,1.0,SOXL,SOXL
2011-03-21,1.828012678050044,1.0,1.0,SOXL,SOXL
2011-03-22,1.7851326681153434,1.0,1.0,SOXL,SOXL
2011-03-23,1.833499758710258,1.0,1.0,SOXL,SOXL
2011-03-24,1.9686552333738834,1.0,1.0,SOXL,SOXL
2011-03-25,1.9521892728894432,1.0,1.0,SOXL,SOXL
2011-03-28,1.9614507521453675,1.0,1.0,SOXL,SOXL
2011-03-29,2.0153074848739863,1.0,1.0,SOXL,SOXL
2011-03-30,2.0218234689910872,1.0,1.0,SOXL,SOXL
2011-03-31,1.9703691287679352,1.0,1.0,SOXL,SOXL
2011-04-01,1.901419789789062,1.0,1.0,SOXL,SOXL
2011-04-04,1.884245112534877,1.0,1.0,TQQQ,TQQQ
2011-04-05,1.8628306557923793,1.0,1.0,TQQQ,TQQQ
2011-04-06,1.876882603558996,1.0,1.0,TQQQ,TQQQ
2011-04-07,1.8764375519755863,1.0,1.0,TQQQ,TQQQ
2011-04-08,1.8483331205584475,1.0,1.0,TQQQ,TQQQ
2011-04-11,1.8316000116422875,1.0,1.0,TQQQ,TQQQ
2011-04-12,1.795465091961224,1.0,1.0,TQQQ,TQQQ
2011-04-13,1.838294005446219,1.0,1.0,TQQQ,TQQQ
2011-04-14,1.8282550243049667,1.0,1.0,TQQQ,TQQQ
2011-04-15,1.8164344971203112,1.0,1.0,TQQQ,TQQQ
2011-04-18,1.7814128762526544,1.0,1.0,TQQQ,TQQQ
2011-04-19,1.8135348293083533,1.0,1.0,TQQQ,TQQQ
2011-04-20,1.9342138752330713,1.0,1.0,TQQQ,TQQQ
2011-04-21,1.9832869079834397,1.0,1.0,TQQQ,TQQQ
2011-04-25,1.9980069690090765,1.0,1.0,TQQQ,TQQQ
2011-04-26,2.0323600747047843,1.0,1.0,TQQQ,TQQQ
2011-04-27,2.0745203390468534,1.0,1.0,TQQQ,TQQQ
2011-04-28,2.0713982794141668,1.0,1.0,TQQQ,TQQQ
2011-04-29,2.061359432243891,1.0,1.0,TQQQ,TQQQ
2011-05-02,2.0502068843472796,1.0,1.0,TQQQ,TQQQ
2011-05-03,2.0194216936935265,1.0,1.0,TQQQ,TQQQ
2011-05-04,2.007600630624966,1.0,1.0,TQQQ,TQQQ
2011-05-05,1.977488108243429,1.0,1.0,TQQQ,TQQQ
2011-05-06,1.994661981671756,1.0,1.0,TQQQ,TQQQ
2011-05-09,2.0162993661188873,1.0,1.0,TQQQ,TQQQ
2011-05-10,2.068053693989775,1.0,1.0,TQQQ,TQQQ
2011-05-11,2.023438545477205,1.0,1.0,TQQQ,TQQQ
2011-05-12,2.059127877690953,1.0,1.0,TQQQ,TQQQ
2011-05-13,1.9861867097663735,1.0,1.0,TQQQ,TQQQ
2011-05-16,1.8829044649746167,1.0,1.0,TQQQ,TQQQ
2011-05-17,1.8982973282434457,1.0,1.0,TQQQ,TQQQ
2011-05-18,1.9444708271528321,1.0,1.0,TQQQ,TQQQ
2011-05-19,1.9612043379819213,1.0,1.0,TQQQ,TQQQ
2011-05-20,1.9179299710005875,1.0,1.0,TQQQ,TQQQ
2011-05-23,1.8347220712749737,1.0,1.0,TQQQ,TQQQ
2011-05-24,1.8001509948007568,1.0,1.0,TQQQ,TQQQ
2011-05-25,1.8202245360410418,1.0,1.0,TQQQ,TQQQ
2011-05-26,1.8543551159450447,1.0,1.0,TQQQ,TQQQ
2011-05-27,1.8820139598948682,1.0,1.0,TQQQ,TQQQ
2011-05-31,1.9725795456412147,1.0,1.0,TQQQ,TQQQ
2011-06-01,1.8465471534728253,1.0,1.0,TQQQ,TQQQ
2011-06-02,1.8572545158150504,1.0,1.0,TQQQ,TQQQ
2011-06-03,1.7729331833050537,1.0,1.0,TQQQ,TQQQ
2011-06-06,1.7301042698200588,1.0,1.0,TQQQ,TQQQ
2011-06-07,1.720069709721026,1.0,1.0,TQQQ,TQQQ
2011-06-08,1.6830398639179944,1.0,1.0,TQQQ,TQQQ
2011-06-09,1.6830398639179944,0.0,0.0,CASH,SOXL
2011-06-10,1.6830398639179944,0.0,0.0,CASH,TQQQ
2011-06-13,1.6830398639179944,0.0,0.0,CASH,TQQQ
2011-06-14,1.6830398639179944,0.0,0.0,CASH,TQQQ
2011-06-15,1.6830398639179944,0.0,0.0,CASH,TQQQ
2011-06-16,1.6830398639179944,0.0,0.0,CASH,TQQQ
2011-06-17,1.6830398639179944,0.0,0.0,CASH,TQQQ
2011-06-20,1.6830398639179944,0.0,0.0,CASH,TQQQ
2011-06-21,1.6830398639179944,0.0,0.0,CASH,TQQQ
2011-06-22,1.6830398639179944,0.0,0.0,CASH,TQQQ
2011-06-23,1.6830398639179944,0.0,0.0,CASH,TQQQ
2011-06-24,1.6830398639179944,0.0,0.0,CASH,TQQQ
2011-06-27,1.6830398639179944,0.0,0.0,CASH,TQQQ
2011-06-28,1.6830398639179944,0.0,0.0,CASH,TQQQ
2011-06-29,1.6830398639179944,0.0,0.0,CASH,TQQQ
2011-06-30,1.6830398639179944,0.0,0.0,CASH,TQQQ
2011-07-01,1.6830398639179944,0.0,0.0,CASH,TQQQ
2011-07-05,1.7072947692312925,1.0,1.0,TQQQ,TQQQ
2011-07-06,1.725487504847891,1.0,1.0,TQQQ,TQQQ
2011-07-07,1.7953218764389398,1.0,1.0,TQQQ,TQQQ
2011-07-08,1.7804563381243361,1.0,1.0,TQQQ,TQQQ
2011-07-11,1.6849971079083634,1.0,1.0,TQQQ,TQQQ
2011-07-12,1.643916483249291,1.0,1.0,TQQQ,TQQQ
2011-07-13,1.6658276300026937,1.0,1.0,TQQQ,TQQQ
2011-07-14,1.6085112787541274,1.0,1.0,TQQQ,TQQQ
2011-07-15,1.6724793225291454,1.0,1.0,TQQQ,TQQQ
2011-07-18,1.6448968674689564,1.0,1.0,TQQQ,TQQQ
2011-07-19,1.7608928268246868,1.0,1.0,TQQQ,TQQQ
2011-07-20,1.7362476475296358,1.0,1.0,TQQQ,TQQQ
2011-07-21,1.7714577150339228,1.0,1.0,TQQQ,TQQQ
2011-07-22,1.8264231413430374,1.0,1.0,TQQQ,TQQQ
2011-07-25,1.8156668755551513,1.0,1.0,TQQQ,TQQQ
2011-07-26,1.8256417710081072,1.0,1.0,TQQQ,TQQQ
2011-07-27,1.6871489014814482,1.0,1.0,TQQQ,TQQQ
2011-07-28,1.6961479944983893,1.0,1.0,TQQQ,TQQQ
2011-07-29,1.67971607358333,1.0,1.0,TQQQ,TQQQ
2011-08-01,1.657023908939893,1.0,1.0,TQQQ,TQQQ
2011-08-02,1.5312445491914888,1.0,1.0,TQQQ,TQQQ
2011-08-03,1.5312445491914888,0.0,0.0,CASH,TQQQ
2011-08-04,1.5312445491914888,0.0,0.0,CASH,TQQQ
2011-08-05,1.5312445491914888,0.0,0.0,CASH,TQQQ
2011-08-08,1.5312445491914888,0.0,0.0,CASH,SOXL
2011-08-09,1.5312445491914888,0.0,0.0,CASH,TQQQ
2011-08-10,1.5312445491914888,0.0,0.0,CASH,TQQQ
2011-08-11,1.5312445491914888,0.0,0.0,CASH,TQQQ
2011-08-12,1.5312445491914888,0.0,0.0,CASH,TQQQ
2011-08-15,1.5312445491914888,0.0,0.0,CASH,TQQQ
2011-08-16,1.5312445491914888,0.0,0.0,CASH,TQQQ
2011-08-17,1.5312445491914888,0.0,0.0,CASH,TQQQ
2011-08-18,1.5312445491914888,0.0,0.0,CASH,TQQQ
2011-08-19,1.5312445491914888,0.0,0.0,CASH,TQQQ
2011-08-22,1.5312445491914888,0.0,0.0,CASH,TQQQ
2011-08-23,1.5312445491914888,0.0,0.0,CASH,TQQQ
2011-08-24,1.5312445491914888,0.0,0.0,CASH,TQQQ
2011-08-25,1.5312445491914888,0.0,0.0,CASH,TQQQ
2011-08-26,1.5312445491914888,0.0,0.0,CASH,TQQQ
2011-08-29,1.5312445491914888,0.0,0.0,CASH,TQQQ
2011-08-30,1.5312445491914888,0.0,0.0,CASH,TQQQ
2011-08-31,1.5312445491914888,0.0,0.0,CASH,TQQQ
2011-09-01,1.5312445491914888,0.0,0.0,CASH,TQQQ
2011-09-02,1.5312445491914888,0.0,0.0,CASH,TQQQ
2011-09-06,1.5312445491914888,0.0,0.0,CASH,TQQQ
2011-09-07,1.5312445491914888,0.0,0.0,CASH,TQQQ
2011-09-08,1.5312445491914888,0.0,0.0,CASH,TQQQ
2011-09-09,1.5312445491914888,0.0,0.0,CASH,TQQQ
2011-09-12,1.5312445491914888,0.0,0.0,CASH,TQQQ
2011-09-13,1.5312445491914888,0.0,0.0,CASH,TQQQ
2011-09-14,1.5312445491914888,0.0,0.0,CASH,TQQQ
2011-09-15,1.5312445491914888,0.0,0.0,CASH,TQQQ
2011-09-16,1.5312445491914888,0.0,0.0,CASH,TQQQ
2011-09-19,1.5312445491914888,0.0,0.0,CASH,TQQQ
2011-09-20,1.5312445491914888,0.0,0.0,CASH,TQQQ
2011-09-21,1.5312445491914888,0.0,0.0,CASH,TQQQ
2011-09-22,1.5312445491914888,0.0,0.0,CASH,TQQQ
2011-09-23,1.5312445491914888,0.0,0.0,CASH,TQQQ
2011-09-26,1.5312445491914888,0.0,0.0,CASH,TQQQ
2011-09-27,1.5312445491914888,0.0,0.0,CASH,TQQQ
2011-09-28,1.5312445491914888,0.0,0.0,CASH,TQQQ
2011-09-29,1.5312445491914888,0.0,0.0,CASH,TQQQ
2011-09-30,1.5312445491914888,0.0,0.0,CASH,TQQQ
2011-10-03,1.5312445491914888,0.0,0.0,CASH,TQQQ
2011-10-04,1.5312445491914888,0.0,0.0,CASH,TQQQ
2011-10-05,1.5312445491914888,0.0,0.0,CASH,TQQQ
2011-10-06,1.5312445491914888,0.0,0.0,CASH,TQQQ
2011-10-07,1.5312445491914888,0.0,0.0,CASH,TQQQ
2011-10-10,1.5312445491914888,0.0,0.0,CASH,TQQQ
2011-10-11,1.5312445491914888,0.0,0.0,CASH,TQQQ
2011-10-12,1.5312445491914888,0.0,0.0,CASH,TQQQ
2011-10-13,1.5312445491914888,0.0,0.0,CASH,TQQQ
2011-10-14,1.5312445491914888,0.0,0.0,CASH,TQQQ
2011-10-17,1.4603632141547225,1.0,1.0,TQQQ,TQQQ
2011-10-18,1.5133309165818045,1.0,1.0,TQQQ,TQQQ
2011-10-19,1.4260782909901843,1.0,1.0,TQQQ,TQQQ
2011-10-20,1.4079722849583753,1.0,1.0,TQQQ,TQQQ
2011-10-21,1.458052072482671,1.0,1.0,TQQQ,TQQQ
2011-10-24,1.549154480087699,1.0,1.0,TQQQ,TQQQ
2011-10-25,1.4613248499082518,1.0,1.0,TQQQ,TQQQ
2011-10-26,1.4555482103528568,1.0,1.0,TQQQ,TQQQ
2011-10-27,1.5728483382877068,1.0,1.0,TQQQ,TQQQ
2011-10-28,1.5780477418981826,1.0,1.0,TQQQ,TQQQ
2011-10-31,1.4998478879653747,1.0,1.0,TQQQ,TQQQ
2011-11-01,1.3837053552411067,1.0,1.0,TQQQ,TQQQ
2011-11-02,1.4177943189485924,1.0,1.0,TQQQ,TQQQ
2011-11-03,1.5040858871794134,1.0,1.0,TQQQ,TQQQ
2011-11-04,1.4807804775371285,1.0,1.0,TQQQ,TQQQ
2011-11-07,1.5137156634260527,1.0,1.0,TQQQ,TQQQ
2011-11-08,1.5641800821160508,1.0,1.0,TQQQ,TQQQ
2011-11-09,1.4023884815392884,1.0,1.0,TQQQ,TQQQ
2011-11-10,1.3966080245918728,1.0,1.0,TQQQ,TQQQ
2011-11-11,1.4750003676253514,1.0,1.0,TQQQ,TQQQ
2011-11-14,1.4499603581846574,1.0,1.0,TQQQ,TQQQ
2011-11-15,1.4965747635041555,1.0,1.0,TQQQ,TQQQ
2011-11-16,1.4228055135646027,1.0,1.0,TQQQ,TQQQ
2011-11-17,1.3249575429022473,1.0,1.0,TQQQ,TQQQ
2011-11-18,1.2931796051882671,1.0,1.0,TQQQ,TQQQ
2011-11-21,1.2931796051882671,0.0,0.0,CASH,TQQQ
2011-11-22,1.2931796051882671,0.0,0.0,CASH,TQQQ
2011-11-23,1.2931796051882671,0.0,0.0,CASH,TQQQ
2011-11-25,1.2931796051882671,0.0,0.0,CASH,TQQQ
2011-11-28,1.2931796051882671,0.0,0.0,CASH,TQQQ
2011-11-29,1.2931796051882671,0.0,0.0,CASH,TQQQ
2011-11-30,1.2931796051882671,0.0,0.0,CASH,TQQQ
2011-12-01,1.2931796051882671,0.0,0.0,CASH,TQQQ
2011-12-02,1.2931796051882671,0.0,0.0,CASH,TQQQ
2011-12-05,1.2931796051882671,0.0,0.0,CASH,TQQQ
2011-12-06,1.2931796051882671,0.0,0.0,CASH,TQQQ
2011-12-07,1.2931796051882671,0.0,0.0,CASH,TQQQ
2011-12-08,1.2931796051882671,0.0,0.0,CASH,TQQQ
2011-12-09,1.2931796051882671,0.0,0.0,CASH,TQQQ
2011-12-12,1.2931796051882671,0.0,0.0,CASH,TQQQ
2011-12-13,1.2931796051882671,0.0,0.0,CASH,TQQQ
2011-12-14,1.2931796051882671,0.0,0.0,CASH,TQQQ
2011-12-15,1.2931796051882671,0.0,0.0,CASH,TQQQ
2011-12-16,1.2931796051882671,0.0,0.0,CASH,TQQQ
2011-12-19,1.2931796051882671,0.0,0.0,CASH,TQQQ
2011-12-20,1.2931796051882671,0.0,0.0,CASH,TQQQ
2011-12-21,1.2931796051882671,0.0,0.0,CASH,TQQQ
2011-12-22,1.2931796051882671,0.0,0.0,CASH,TQQQ
2011-12-23,1.2931796051882671,0.0,0.0,CASH,TQQQ
2011-12-27,1.2931796051882671,0.0,0.0,CASH,TQQQ
2011-12-28,1.2931796051882671,0.0,0.0,CASH,TQQQ
2011-12-29,1.2931796051882671,0.0,0.0,CASH,TQQQ
2011-12-30,1.2931796051882671,0.0,0.0,CASH,TQQQ
2012-01-03,1.2931796051882671,0.0,0.0,CASH,TQQQ
2012-01-04,1.2931796051882671,0.0,0.0,CASH,TQQQ
2012-01-05,1.2931796051882671,0.0,0.0,CASH,TQQQ
2012-01-06,1.3065418971540588,1.0,1.0,TQQQ,TQQQ
2012-01-09,1.295608629539856,1.0,1.0,TQQQ,TQQQ
2012-01-10,1.3221638290758102,1.0,1.0,TQQQ,TQQQ
2012-01-11,1.33136103693051,1.0,1.0,TQQQ,TQQQ
2012-01-12,1.347156418473385,1.0,1.0,TQQQ,TQQQ
2012-01-13,1.3317074149900014,1.0,1.0,TQQQ,TQQQ
2012-01-17,1.367463470659946,1.0,1.0,TQQQ,TQQQ
2012-01-18,1.4217867662411063,1.0,1.0,TQQQ,TQQQ
2012-01-19,1.4502479311149485,1.0,1.0,TQQQ,TQQQ
2012-01-20,1.4438263341444313,1.0,1.0,TQQQ,TQQQ
2012-01-23,1.4436535099426147,1.0,1.0,TQQQ,TQQQ
2012-01-24,1.4356689901240642,1.0,1.0,TQQQ,TQQQ
2012-01-25,1.4905153447189254,1.0,1.0,TQQQ,TQQQ
2012-01-26,1.4747204843588062,1.0,1.0,TQQQ,TQQQ
2012-01-27,1.4892991126400372,1.0,1.0,TQQQ,TQQQ
2012-01-30,1.491728449701279,1.0,1.0,TQQQ,TQQQ
2012-01-31,1.4969368374528913,1.0,1.0,TQQQ,TQQQ
2012-02-01,1.5337289002047754,1.0,1.0,TQQQ,TQQQ
2012-02-02,1.549524073274548,1.0,1.0,TQQQ,TQQQ
2012-02-03,1.6111381944263157,1.0,1.0,TQQQ,TQQQ
2012-02-06,1.6095754800513846,1.0,1.0,TQQQ,TQQQ
2012-02-07,1.6165165919928635,1.0,1.0,TQQQ,TQQQ
2012-02-08,1.6434183780614118,1.0,1.0,TQQQ,TQQQ
2012-02-09,1.6798675025599925,1.0,1.0,TQQQ,TQQQ
2012-02-10,1.6439383099785778,1.0,1.0,TQQQ,TQQQ
2012-02-13,1.688198191964932,1.0,1.0,TQQQ,TQQQ
2012-02-14,1.7029503741038379,1.0,1.0,TQQQ,TQQQ
2012-02-15,1.6649388479399796,1.0,1.0,TQQQ,TQQQ
2012-02-16,1.7345369677275417,1.0,1.0,TQQQ,TQQQ
2012-02-17,1.719785411007943,1.0,1.0,TQQQ,TQQQ
2012-02-21,1.7343637265795204,1.0,1.0,TQQQ,TQQQ
2012-02-22,1.7114542004202475,1.0,1.0,TQQQ,TQQQ
2012-02-23,1.7439078336764673,1.0,1.0,TQQQ,TQQQ
2012-02-24,1.760918926115475,1.0,1.0,TQQQ,TQQQ
2012-02-27,1.7694231693780895,1.0,1.0,TQQQ,TQQQ
2012-02-28,1.8223572002054425,1.0,1.0,TQQQ,TQQQ
2012-02-29,1.7984073932656324,1.0,1.0,TQQQ,TQQQ
2012-03-01,1.8421440077651834,1.0,1.0,TQQQ,TQQQ
2012-03-02,1.8365892419540795,1.0,1.0,TQQQ,TQQQ
2012-03-05,1.7793135502979762,1.0,1.0,TQQQ,TQQQ
2012-03-06,1.7282893415609037,1.0,1.0,TQQQ,TQQQ
2012-03-07,1.7675135557609112,1.0,1.0,TQQQ,TQQQ
2012-03-08,1.8235734322843309,1.0,1.0,TQQQ,TQQQ
2012-03-09,1.8456127917145535,1.0,1.0,TQQQ,TQQQ
2012-03-12,1.848565604735701,1.0,1.0,TQQQ,TQQQ
2012-03-13,1.9526995871253756,1.0,1.0,TQQQ,TQQQ
2012-03-14,1.9745665392999863,1.0,1.0,TQQQ,TQQQ
2012-03-15,1.9896649952618322,1.0,1.0,TQQQ,TQQQ
2012-03-16,1.9853268784758211,1.0,1.0,TQQQ,TQQQ
2012-03-19,2.028543144112001,1.0,1.0,TQQQ,TQQQ
2012-03-20,2.0396501740569812,1.0,1.0,TQQQ,TQQQ
2012-03-21,2.0389574179379983,1.0,1.0,TQQQ,TQQQ
2012-03-22,2.02663415591413,1.0,1.0,TQQQ,TQQQ
2012-03-23,2.0238581280837433,1.0,1.0,TQQQ,TQQQ
2012-03-26,2.12955586721386,1.0,1.0,TQQQ,TQQQ
2012-03-27,2.1377100841376926,1.0,1.0,TQQQ,TQQQ
2012-03-28,2.1127181201594247,1.0,1.0,TQQQ,TQQQ
2012-03-29,2.09102482607904,1.0,1.0,TQQQ,TQQQ
2012-03-30,2.0764454681419506,1.0,1.0,TQQQ,TQQQ
2012-04-02,2.1397927304297895,1.0,1.0,TQQQ,TQQQ
2012-04-03,2.13996951562055,1.0,1.0,TQQQ,TQQQ
2012-04-04,2.052669319296367,1.0,1.0,TQQQ,TQQQ
2012-04-05,2.0901577864465244,1.0,1.0,TQQQ,TQQQ
2012-04-09,2.0420826382147577,1.0,1.0,TQQQ,TQQQ
2012-04-10,1.9434998775934478,1.0,1.0,TQQQ,TQQQ
2012-04-11,1.971617895740884,1.0,1.0,TQQQ,TQQQ
2012-04-12,2.037740977386007,1.0,1.0,TQQQ,TQQQ
2012-04-13,1.9455825238855446,1.0,1.0,TQQQ,TQQQ
2012-04-16,1.8843181163629055,1.0,1.0,TQQQ,TQQQ
2012-04-17,1.9953936276402635,1.0,1.0,TQQQ,TQQQ
2012-04-18,1.9808148951224813,1.0,1.0,TQQQ,TQQQ
2012-04-19,1.9167707072536138,1.0,1.0,TQQQ,TQQQ
2012-04-20,1.8961179024268684,1.0,1.0,TQQQ,TQQQ
2012-04-23,1.8483921551145768,1.0,1.0,TQQQ,TQQQ
2012-04-24,1.815762153613801,1.0,1.0,TQQQ,TQQQ
2012-04-25,1.959987598309101,1.0,1.0,TQQQ,TQQQ
2012-04-26,1.9950471453442211,1.0,1.0,TQQQ,TQQQ
2012-04-27,2.0292371510695975,1.0,1.0,TQQQ,TQQQ
2012-04-30,1.9870630424718752,1.0,1.0,TQQQ,TQQQ
2012-05-01,1.9983460237152066,1.0,1.0,TQQQ,TQQQ
2012-05-02,2.011535283006079,1.0,1.0,TQQQ,TQQQ
2012-05-03,1.9490548518776538,1.0,1.0,TQQQ,TQQQ
2012-05-04,1.806042095218503,1.0,1.0,TQQQ,TQQQ
2012-05-07,1.8086442564815617,1.0,1.0,TQQQ,TQQQ
2012-05-08,1.7886871263972317,1.0,1.0,TQQQ,TQQQ
2012-05-09,1.77879361838081,1.0,1.0,TQQQ,TQQQ
2012-05-10,1.7605695251959999,1.0,1.0,TQQQ,TQQQ
2012-05-11,1.7588369052426847,1.0,1.0,TQQQ,TQQQ
2012-05-14,1.710237864104808,1.0,1.0,TQQQ,TQQQ
2012-05-15,1.6953128577640855,1.0,1.0,TQQQ,TQQQ
2012-05-16,1.6585171467329107,1.0,1.0,TQQQ,TQQQ
2012-05-17,1.5564651852160265,1.0,1.0,TQQQ,TQQQ
2012-05-18,1.4939843371413968,1.0,1.0,TQQQ,TQQQ
2012-05-21,1.6196424376889296,1.0,1.0,TQQQ,TQQQ
2012-05-22,1.6137409811086807,1.0,1.0,TQQQ,TQQQ
2012-05-23,1.622764843578808,1.0,1.0,TQQQ,TQQQ
2012-05-24,1.5936071700701413,1.0,1.0,TQQQ,TQQQ
2012-05-25,1.5845830991269119,1.0,1.0,TQQQ,TQQQ
2012-05-29,1.6435916192094326,1.0,1.0,TQQQ,TQQQ
2012-05-30,1.6036742319442379,1.0,1.0,TQQQ,TQQQ
2012-05-31,1.5807646015484138,1.0,1.0,TQQQ,TQQQ
2012-06-01,1.4564959742277905,1.0,1.0,TQQQ,TQQQ
2012-06-04,1.4564959742277905,0.0,0.0,CASH,TQQQ
2012-06-05,1.4564959742277905,0.0,0.0,CASH,TQQQ
2012-06-06,1.4564959742277905,0.0,0.0,CASH,TQQQ
2012-06-07,1.4564959742277905,0.0,0.0,CASH,TQQQ
2012-06-08,1.4564959742277905,0.0,0.0,CASH,TQQQ
2012-06-11,1.4564959742277905,0.0,0.0,CASH,TQQQ
2012-06-12,1.4564959742277905,0.0,0.0,CASH,TQQQ
2012-06-13,1.4564959742277905,0.0,0.0,CASH,TQQQ
2012-06-14,1.4564959742277905,0.0,0.0,CASH,TQQQ
2012-06-15,1.4564959742277905,0.0,0.0,CASH,TQQQ
2012-06-18,1.4940469960305336,1.0,1.0,TQQQ,TQQQ
2012-06-19,1.5431978884258777,1.0,1.0,TQQQ,TQQQ
2012-06-20,1.5486926411688506,1.0,1.0,TQQQ,TQQQ
2012-06-21,1.4326839427831484,1.0,1.0,TQQQ,TQQQ
2012-06-22,1.4772569135306926,1.0,1.0,TQQQ,TQQQ
2012-06-25,1.3896410101296381,1.0,1.0,TQQQ,TQQQ
2012-06-26,1.4165035836723678,1.0,1.0,TQQQ,TQQQ
2012-06-27,1.4424551015782783,1.0,1.0,TQQQ,TQQQ
2012-06-28,1.3905549993326052,1.0,1.0,TQQQ,TQQQ
2012-06-29,1.5264048723598886,1.0,1.0,TQQQ,TQQQ
2012-07-02,1.5386169415379876,1.0,1.0,TQQQ,TQQQ
2012-07-03,1.575251132245558,1.0,1.0,TQQQ,TQQQ
2012-07-05,1.5807460683364152,1.0,1.0,TQQQ,TQQQ
2012-07-06,1.5184685675163523,1.0,1.0,TQQQ,TQQQ
2012-07-09,1.5132783556091123,1.0,1.0,TQQQ,TQQQ
2012-07-10,1.466876581390155,1.0,1.0,TQQQ,TQQQ
2012-07-11,1.4467278406727508,1.0,1.0,TQQQ,TQQQ
2012-07-12,1.4049040797755354,1.0,1.0,TQQQ,TQQQ
2012-07-13,1.4659590169034449,1.0,1.0,TQQQ,TQQQ
2012-07-16,1.4549691447217308,1.0,1.0,TQQQ,TQQQ
2012-07-17,1.4772569135306928,1.0,1.0,TQQQ,TQQQ
2012-07-18,1.537395294585256,1.0,1.0,TQQQ,TQQQ
2012-07-19,1.5874628347278887,1.0,1.0,TQQQ,TQQQ
2012-07-20,1.526404872359889,1.0,1.0,TQQQ,TQQQ
2012-07-23,1.469930515424101,1.0,1.0,TQQQ,TQQQ
2012-07-24,1.4363475085322128,1.0,1.0,TQQQ,TQQQ
2012-07-25,1.4042942647125327,1.0,1.0,TQQQ,TQQQ
2012-07-26,1.4592448173823511,1.0,1.0,TQQQ,TQQQ
2012-07-27,1.5697558294589327,1.0,1.0,TQQQ,TQQQ
2012-07-30,1.560292511761452,1.0,1.0,TQQQ,TQQQ
2012-07-31,1.5612068676601876,1.0,1.0,TQQQ,TQQQ
2012-08-01,1.545943522992464,1.0,1.0,TQQQ,TQQQ
2012-08-02,1.5297635305774522,1.0,1.0,TQQQ,TQQQ
2012-08-03,1.6167695272415619,1.0,1.0,TQQQ,TQQQ
2012-08-06,1.6530989937655152,1.0,1.0,TQQQ,TQQQ
2012-08-07,1.6940055568717893,1.0,1.0,TQQQ,TQQQ
2012-08-08,1.6912564386954025,1.0,1.0,TQQQ,TQQQ
2012-08-09,1.7056052441165062,1.0,1.0,TQQQ,TQQQ
2012-08-10,1.7126276514310177,1.0,1.0,TQQQ,TQQQ
2012-08-13,1.7230077085497293,1.0,1.0,TQQQ,TQQQ
2012-08-14,1.725449168976351,1.0,1.0,TQQQ,TQQQ
2012-08-15,1.7376612381544498,1.0,1.0,TQQQ,TQQQ
2012-08-16,1.7999393806921078,1.0,1.0,TQQQ,TQQQ
2012-08-17,1.8246651263178908,1.0,1.0,TQQQ,TQQQ
2012-08-20,1.8316868002408655,1.0,1.0,TQQQ,TQQQ
2012-08-21,1.8106241619944365,1.0,1.0,TQQQ,TQQQ
2012-08-22,1.830160062408748,1.0,1.0,TQQQ,TQQQ
2012-08-23,1.7895576734424383,1.0,1.0,TQQQ,TQQQ
2012-08-24,1.82130655977427,1.0,1.0,TQQQ,TQQQ
2012-08-27,1.830160062408748,1.0,1.0,TQQQ,TQQQ
2012-08-28,1.8298555215730152,1.0,1.0,TQQQ,TQQQ
2012-08-29,1.8304647865923651,1.0,1.0,TQQQ,TQQQ
2012-08-30,1.774599786349869,1.0,1.0,TQQQ,TQQQ
2012-08-31,1.8124554406622873,1.0,1.0,TQQQ,TQQQ
2012-09-04,1.804821201458046,1.0,1.0,TQQQ,TQQQ
2012-09-05,1.7965802641048343,1.0,1.0,TQQQ,TQQQ
2012-09-06,1.9153348720789491,1.0,1.0,TQQQ,TQQQ
2012-09-07,1.9070910011595896,1.0,1.0,TQQQ,TQQQ
2012-09-10,1.8368773788438744,1.0,1.0,TQQQ,TQQQ
2012-09-11,1.82894116567428,1.0,1.0,TQQQ,TQQQ
2012-09-12,1.8448137753613534,1.0,1.0,TQQQ,TQQQ
2012-09-13,1.9183855975249213,1.0,1.0,TQQQ,TQQQ
2012-09-14,1.9675365815942079,1.0,1.0,TQQQ,TQQQ
2012-09-17,1.9711998723214457,1.0,1.0,TQQQ,TQQQ
2012-09-18,1.974863346396568,1.0,1.0,TQQQ,TQQQ
2012-09-19,1.987990138169171,1.0,1.0,TQQQ,TQQQ
2012-09-20,1.983412308195313,1.0,1.0,TQQQ,TQQQ
2012-09-21,1.983412308195313,1.0,1.0,TQQQ,TQQQ
2012-09-24,1.9467790342271638,1.0,1.0,TQQQ,TQQQ
2012-09-25,1.8686257151320531,1.0,1.0,TQQQ,TQQQ
2012-09-26,1.8194745477148826,1.0,1.0,TQQQ,TQQQ
2012-09-27,1.8967133275633734,1.0,1.0,TQQQ,TQQQ
2012-09-28,1.8512261842649778,1.0,1.0,TQQQ,TQQQ
2012-10-01,1.8432864874855825,1.0,1.0,TQQQ,TQQQ
2012-10-02,1.855194382523717,1.0,1.0,TQQQ,TQQQ
2012-10-03,1.8903009186597481,1.0,1.0,TQQQ,TQQQ
2012-10-04,1.9122812130668292,1.0,1.0,TQQQ,TQQQ
2012-10-05,1.879311046478034,1.0,1.0,TQQQ,TQQQ
2012-10-08,1.829550247345745,1.0,1.0,TQQQ,TQQQ
2012-10-09,1.7355246852593296,1.0,1.0,TQQQ,TQQQ
2012-10-10,1.7144591134467524,1.0,1.0,TQQQ,TQQQ
2012-10-11,1.6991957687790291,1.0,1.0,TQQQ,TQQQ
2012-10-12,1.698891044595412,1.0,1.0,TQQQ,TQQQ
2012-10-15,1.7327755670829426,1.0,1.0,TQQQ,TQQQ
2012-10-16,1.808180318045319,1.0,1.0,TQQQ,TQQQ
2012-10-17,1.8026848319108093,1.0,1.0,TQQQ,TQQQ
2012-10-18,1.741019988045955,1.0,1.0,TQQQ,TQQQ
2012-10-19,1.6152431561052127,1.0,1.0,TQQQ,TQQQ
2012-10-22,1.6405816503601462,1.0,1.0,TQQQ,TQQQ
2012-10-23,1.5920406647017469,1.0,1.0,TQQQ,TQQQ
2012-10-24,1.5761680550146735,1.0,1.0,TQQQ,TQQQ
2012-10-25,1.5761680550146735,1.0,1.0,TQQQ,TQQQ
2012-10-26,1.5926534133308976,1.0,1.0,TQQQ,TQQQ
2012-10-31,1.5618188828978017,1.0,1.0,TQQQ,TQQQ
2012-11-01,1.6280650403463148,1.0,1.0,TQQQ,TQQQ
2012-11-02,1.5685334491146643,1.0,1.0,TQQQ,TQQQ
2012-11-05,1.6069987351422008,1.0,1.0,TQQQ,TQQQ
2012-11-06,1.6167695272415623,1.0,1.0,TQQQ,TQQQ
2012-11-07,1.5007612872255705,1.0,1.0,TQQQ,TQQQ
2012-11-08,1.5007612872255705,0.0,0.0,CASH,TQQQ
2012-11-09,1.5007612872255705,0.0,0.0,CASH,TQQQ
2012-11-12,1.5007612872255705,0.0,0.0,CASH,TQQQ
2012-11-13,1.5007612872255705,0.0,0.0,CASH,TQQQ
2012-11-14,1.5007612872255705,0.0,0.0,CASH,TQQQ
2012-11-15,1.5007612872255705,0.0,0.0,CASH,TQQQ
2012-11-16,1.5007612872255705,0.0,0.0,CASH,TQQQ
2012-11-19,1.5007612872255705,0.0,0.0,CASH,TQQQ
2012-11-20,1.5007612872255705,0.0,0.0,CASH,TQQQ
2012-11-21,1.5007612872255705,0.0,0.0,CASH,TQQQ
2012-11-23,1.5007612872255705,0.0,0.0,CASH,TQQQ
2012-11-26,1.5007612872255705,0.0,0.0,CASH,TQQQ
2012-11-27,1.5007612872255705,0.0,0.0,CASH,TQQQ
2012-11-28,1.5007612872255705,0.0,0.0,CASH,TQQQ
2012-11-29,1.5007612872255705,0.0,0.0,CASH,TQQQ
2012-11-30,1.5007612872255705,0.0,0.0,CASH,TQQQ
2012-12-03,1.5007612872255705,0.0,0.0,CASH,TQQQ
2012-12-04,1.5007612872255705,0.0,0.0,CASH,TQQQ
2012-12-05,1.5007612872255705,0.0,0.0,CASH,TQQQ
2012-12-06,1.5007612872255705,0.0,0.0,CASH,TQQQ
2012-12-07,1.5007612872255705,0.0,0.0,CASH,TQQQ
2012-12-10,1.5007612872255705,0.0,0.0,CASH,TQQQ
2012-12-11,1.5007612872255705,0.0,0.0,CASH,TQQQ
2012-12-12,1.5007612872255705,0.0,0.0,CASH,TQQQ
2012-12-13,1.5007612872255705,0.0,0.0,CASH,TQQQ
2012-12-14,1.5007612872255705,0.0,0.0,CASH,TQQQ
2012-12-17,1.5007612872255705,0.0,0.0,CASH,TQQQ
2012-12-18,1.5007612872255705,0.0,0.0,CASH,TQQQ
2012-12-19,1.4792431862834488,1.0,1.0,TQQQ,TQQQ
2012-12-20,1.4803450047760036,1.0,1.0,TQQQ,TQQQ
2012-12-21,1.4342762338888677,1.0,1.0,TQQQ,TQQQ
2012-12-24,1.4221356852838334,1.0,1.0,TQQQ,TQQQ
2012-12-26,1.3884798524155306,1.0,1.0,TQQQ,TQQQ
2012-12-27,1.3807545307563018,1.0,1.0,TQQQ,TQQQ
2012-12-28,1.3807545307563018,0.0,0.0,CASH,TQQQ
2012-12-31,1.3807545307563018,0.0,0.0,CASH,TQQQ
2013-01-02,1.3807545307563018,0.0,0.0,CASH,TQQQ
2013-01-03,1.3607521357497878,1.0,1.0,TQQQ,TQQQ
2013-01-04,1.3473352073002114,1.0,1.0,TQQQ,TQQQ
2013-01-07,1.3487991652479938,1.0,1.0,TQQQ,TQQQ
2013-01-08,1.3409911941758144,1.0,1.0,TQQQ,TQQQ
2013-01-09,1.3546536784220762,1.0,1.0,TQQQ,TQQQ
2013-01-10,1.3785603519906902,1.0,1.0,TQQQ,TQQQ
2013-01-11,1.3836818605998453,1.0,1.0,TQQQ,TQQQ
2013-01-14,1.3658740838979584,1.0,1.0,TQQQ,TQQQ
2013-01-15,1.3456259865817537,1.0,1.0,TQQQ,TQQQ
2013-01-16,1.3607521357497876,1.0,1.0,TQQQ,TQQQ
2013-01-17,1.3817310399358422,1.0,1.0,TQQQ,TQQQ
2013-01-18,1.373925559584751,1.0,1.0,TQQQ,TQQQ
2013-01-22,1.379536861170231,1.0,1.0,TQQQ,TQQQ
2013-01-23,1.401979137252047,1.0,1.0,TQQQ,TQQQ
2013-01-24,1.3461150469930525,1.0,1.0,TQQQ,TQQQ
2013-01-25,1.3661174419995663,1.0,1.0,TQQQ,TQQQ
2013-01-28,1.3758763802487541,1.0,1.0,TQQQ,TQQQ
2013-01-29,1.3758763802487541,1.0,1.0,TQQQ,TQQQ
2013-01-30,1.368314404512276,1.0,1.0,TQQQ,TQQQ
2013-01-31,1.3595318289296234,1.0,1.0,TQQQ,TQQQ
2013-02-01,1.4041737555566733,1.0,1.0,TQQQ,TQQQ
2013-02-04,1.3431733979917067,1.0,1.0,SOXL,SOXL
2013-02-05,1.4065819424885955,1.0,1.0,SOXL,SOXL
2013-02-06,1.414204424276518,1.0,1.0,SOXL,SOXL
2013-02-07,1.395745811023232,1.0,1.0,SOXL,SOXL
2013-02-08,1.4499226831325254,1.0,1.0,SOXL,SOXL
2013-02-11,1.4563417811827726,1.0,1.0,SOXL,SOXL
2013-02-12,1.4655736112877646,1.0,1.0,SOXL,SOXL
2013-02-13,1.4772104739767424,1.0,1.0,SOXL,SOXL
2013-02-14,1.5193483040351876,1.0,1.0,SOXL,SOXL
2013-02-15,1.4900516667077763,1.0,1.0,SOXL,SOXL
2013-02-19,1.543828409781358,1.0,1.0,SOXL,SOXL
2013-02-20,1.4402913548614087,1.0,1.0,SOXL,SOXL
2013-02-21,1.361634219288548,1.0,1.0,SOXL,SOXL
2013-02-22,1.4467106106290528,1.0,1.0,SOXL,SOXL
2013-02-25,1.3640424062204701,1.0,1.0,SOXL,SOXL
2013-02-26,1.398153997955154,1.0,1.0,SOXL,SOXL
2013-02-27,1.4607580260109048,1.0,1.0,SOXL,SOXL
2013-02-28,1.4980794822055061,1.0,1.0,SOXL,SOXL
2013-03-01,1.4451069401382688,1.0,1.0,SOXL,SOXL
2013-03-04,1.4390873402541462,1.0,1.0,SOXL,SOXL
2013-03-05,1.5209541825695272,1.0,1.0,SOXL,SOXL
2013-03-06,1.5277756176990416,1.0,1.0,SOXL,SOXL
2013-03-07,1.5474398227335584,1.0,1.0,SOXL,SOXL
2013-03-08,1.5510523397075366,1.0,1.0,SOXL,SOXL
2013-03-11,1.5582756387641281,1.0,1.0,SOXL,SOXL
2013-03-12,1.5815501527290678,1.0,1.0,SOXL,SOXL
2013-03-13,1.5955969372413326,1.0,1.0,SOXL,SOXL
2013-03-14,1.6176672788816127,1.0,1.0,SOXL,SOXL
2013-03-15,1.539013455374085,1.0,1.0,SOXL,SOXL
2013-03-18,1.4768084523322684,1.0,1.0,SOXL,SOXL
2013-03-19,1.459553853686245,1.0,1.0,SOXL,SOXL
2013-03-20,1.5169405902554554,1.0,1.0,SOXL,SOXL
2013-03-21,1.445106940138268,1.0,1.0,SOXL,SOXL
2013-03-22,1.4904538460696464,1.0,1.0,SOXL,SOXL
2013-03-25,1.4828282099337875,1.0,1.0,SOXL,SOXL
2013-03-26,1.5237615522327794,1.0,1.0,SOXL,SOXL
2013-03-27,1.5301831737613758,1.0,1.0,SOXL,SOXL
2013-03-28,1.557873459402257,1.0,1.0,SOXL,SOXL
2013-04-01,1.469987332637547,1.0,1.0,SOXL,SOXL
2013-04-02,1.427850133448689,1.0,1.0,SOXL,SOXL
2013-04-03,1.3419698565366338,1.0,1.0,SOXL,SOXL
2013-04-04,1.3933382549608966,1.0,1.0,SOXL,SOXL
2013-04-05,1.373271397412319,1.0,1.0,SOXL,SOXL
2013-04-08,1.423836067982428,1.0,1.0,SOXL,SOXL
2013-04-09,1.4627634027113687,1.0,1.0,SOXL,SOXL
2013-04-10,1.556669444794995,1.0,1.0,SOXL,SOXL
2013-04-11,1.5414205382842294,1.0,1.0,SOXL,SOXL
2013-04-12,1.5185459956376048,1.0,1.0,SOXL,SOXL
2013-04-15,1.410193828592986,1.0,1.0,SOXL,SOXL
2013-04-16,1.4948675674194298,1.0,1.0,SOXL,SOXL
2013-04-17,1.347589327385045,1.0,1.0,SOXL,SOXL
2013-04-18,1.3110697064358359,1.0,1.0,SOXL,SOXL
2013-04-19,1.3423718781811083,1.0,1.0,SOXL,SOXL
2013-04-22,1.3833047473279099,1.0,1.0,SOXL,SOXL
2013-04-23,1.4723950464172795,1.0,1.0,SOXL,SOXL
2013-04-24,1.52536743076712,1.0,1.0,SOXL,SOXL
2013-04-25,1.5699125014531061,1.0,1.0,SOXL,SOXL
2013-04-26,1.5269737824536498,1.0,1.0,SOXL,SOXL
2013-04-29,1.5791422812319398,1.0,1.0,SOXL,SOXL
2013-04-30,1.6260950656976576,1.0,1.0,SOXL,SOXL
2013-05-01,1.5803462958392023,1.0,1.0,SOXL,SOXL
2013-05-02,1.6375593972407256,1.0,1.0,TQQQ,TQQQ
2013-05-03,1.6947701390776004,1.0,1.0,TQQQ,TQQQ
2013-05-06,1.716624279381276,1.0,1.0,TQQQ,TQQQ
2013-05-07,1.7124497670993144,1.0,1.0,TQQQ,TQQQ
2013-05-08,1.7392160785832584,1.0,1.0,TQQQ,TQQQ
2013-05-09,1.7330753115849584,1.0,1.0,TQQQ,TQQQ
2013-05-10,1.7625414074454122,1.0,1.0,TQQQ,TQQQ
2013-05-13,1.7694173263045798,1.0,1.0,TQQQ,TQQQ
2013-05-14,1.7954461263630077,1.0,1.0,TQQQ,TQQQ
2013-05-15,1.8087055524337126,1.0,1.0,TQQQ,TQQQ
2013-05-16,1.8020745858796405,1.0,1.0,TQQQ,TQQQ
2013-05-17,1.8529043275424173,1.0,1.0,TQQQ,TQQQ
2013-05-20,1.8445550080329134,1.0,1.0,TQQQ,TQQQ
2013-05-21,1.8514312218376618,1.0,1.0,TQQQ,TQQQ
2013-05-22,1.8062492456343926,1.0,1.0,TQQQ,TQQQ
2013-05-23,1.7866064598249412,1.0,1.0,TQQQ,TQQQ
2013-05-24,1.7856235536759577,1.0,1.0,TQQQ,TQQQ
2013-05-28,1.8224557679513511,1.0,1.0,TQQQ,TQQQ
2013-05-29,1.7949534197697963,1.0,1.0,TQQQ,TQQQ
2013-05-30,1.824174120906783,1.0,1.0,TQQQ,TQQQ
2013-05-31,1.7721185854089951,1.0,1.0,TQQQ,TQQQ
2013-06-03,1.7824318000701886,1.0,1.0,TQQQ,TQQQ
2013-06-04,1.7556674057325217,1.0,1.0,TQQQ,TQQQ
2013-06-05,1.6883866318660623,1.0,1.0,TQQQ,TQQQ
2013-06-06,1.7090127662428687,1.0,1.0,TQQQ,TQQQ
2013-06-07,1.780467904918499,1.0,1.0,TQQQ,TQQQ
2013-06-10,1.7812034991977381,1.0,1.0,TQQQ,TQQQ
2013-06-11,1.7296383107285127,1.0,1.0,TQQQ,TQQQ
2013-06-12,1.6697238027497834,1.0,1.0,TQQQ,TQQQ
2013-06-13,1.729638310728513,1.0,1.0,TQQQ,TQQQ
2013-06-14,1.6991898986102376,1.0,1.0,TQQQ,TQQQ
2013-06-17,1.746335032601244,1.0,1.0,TQQQ,TQQQ
2013-06-18,1.7875870064092754,1.0,1.0,TQQQ,TQQQ
2013-06-19,1.7313571061023165,1.0,1.0,TQQQ,TQQQ
2013-06-20,1.6036739842660044,1.0,1.0,TQQQ,TQQQ
2013-06-21,1.5810817426456503,1.0,1.0,TQQQ,TQQQ
2013-06-24,1.5322181082264215,1.0,1.0,TQQQ,TQQQ
2013-06-25,1.5648755152742726,1.0,1.0,TQQQ,TQQQ
2013-06-26,1.6076010372054312,1.0,1.0,TQQQ,TQQQ
2013-06-27,1.6255257650050314,1.0,1.0,TQQQ,TQQQ
2013-06-28,1.6299453770648789,1.0,1.0,TQQQ,TQQQ
2013-07-01,1.6648139911341637,1.0,1.0,TQQQ,TQQQ
2013-07-02,1.6691041600659662,1.0,1.0,SOXL,SOXL
2013-07-03,1.6955569235850136,1.0,1.0,SOXL,SOXL
2013-07-05,1.7616913613006555,1.0,1.0,SOXL,SOXL
2013-07-08,1.6569483536031522,1.0,1.0,SOXL,SOXL
2013-07-09,1.7080686050119434,1.0,1.0,SOXL,SOXL
2013-07-10,1.7666977760149547,1.0,1.0,SOXL,SOXL
2013-07-11,1.8793059997571318,1.0,1.0,SOXL,SOXL
2013-07-12,1.911479316341289,1.0,1.0,SOXL,SOXL
2013-07-15,1.9111214744409322,1.0,1.0,SOXL,SOXL
2013-07-16,1.9268503610803767,1.0,1.0,SOXL,SOXL
2013-07-17,1.931856213812893,1.0,1.0,SOXL,SOXL
2013-07-18,1.883951622166713,1.0,1.0,SOXL,SOXL
2013-07-19,1.8725126234681793,1.0,1.0,SOXL,SOXL
2013-07-22,1.8589286807991903,1.0,1.0,SOXL,SOXL
2013-07-23,1.838552485804815,1.0,1.0,SOXL,SOXL
2013-07-24,1.7377411026615286,1.0,1.0,SOXL,SOXL
2013-07-25,1.7688428604808557,1.0,1.0,SOXL,SOXL
2013-07-26,1.72093812833923,1.0,1.0,SOXL,SOXL
2013-07-29,1.6926978412637468,1.0,1.0,SOXL,SOXL
2013-07-30,1.7491801013600623,1.0,1.0,SOXL,SOXL
2013-07-31,1.774204728672934,1.0,1.0,SOXL,SOXL
2013-08-01,1.8703678199931695,1.0,1.0,SOXL,SOXL
2013-08-02,1.8349767362147145,1.0,1.0,SOXL,SOXL
2013-08-05,1.8263971008283384,1.0,1.0,SOXL,SOXL
2013-08-06,1.7892194769615681,1.0,1.0,SOXL,SOXL
2013-08-07,1.7334513552160633,1.0,1.0,SOXL,SOXL
2013-08-08,1.7388137853899248,1.0,1.0,SOXL,SOXL
2013-08-09,1.713074598239905,1.0,1.0,SOXL,SOXL
2013-08-12,1.7320206900918642,1.0,1.0,SOXL,SOXL
2013-08-13,1.7899331938260414,1.0,1.0,SOXL,SOXL
2013-08-14,1.7102134084869525,1.0,1.0,SOXL,SOXL
2013-08-15,1.5929592813443023,1.0,1.0,SOXL,SOXL
2013-08-16,1.6086878869928554,1.0,1.0,SOXL,SOXL
2013-08-19,1.576156166526558,1.0,1.0,SOXL,SOXL
2013-08-20,1.607615766246242,1.0,1.0,SOXL,SOXL
2013-08-21,1.5722242609814496,1.0,1.0,SOXL,SOXL
2013-08-22,1.6254894563606963,1.0,1.0,SOXL,SOXL
2013-08-23,1.626561296116418,1.0,1.0,SOXL,SOXL
2013-08-26,1.6154807013000243,1.0,1.0,SOXL,SOXL
2013-08-27,1.4950074020086188,1.0,1.0,SOXL,SOXL
2013-08-28,1.5143557269676748,1.0,1.0,TQQQ,TQQQ
2013-08-29,1.5721957983224086,1.0,1.0,SOXL,SOXL
2013-08-30,1.5290785364929353,1.0,1.0,SOXL,SOXL
2013-09-03,1.566585764105315,1.0,1.0,SOXL,SOXL
2013-09-04,1.6176993065009286,1.0,1.0,TQQQ,TQQQ
2013-09-05,1.6247760885024225,1.0,1.0,TQQQ,TQQQ
2013-09-06,1.6306738594248706,1.0,1.0,TQQQ,TQQQ
2013-09-09,1.6880751460649919,1.0,1.0,TQQQ,TQQQ
2013-09-10,1.7136317991963976,1.0,1.0,TQQQ,TQQQ
2013-09-11,1.7049827269345743,1.0,1.0,TQQQ,TQQQ
2013-09-12,1.6973149045303466,1.0,1.0,TQQQ,TQQQ
2013-09-13,1.7028203408027178,1.0,1.0,TQQQ,TQQQ
2013-09-16,1.688469960109487,1.0,1.0,TQQQ,TQQQ
2013-09-17,1.722280989524622,1.0,1.0,TQQQ,TQQQ
2013-09-18,1.7855819361496055,1.0,1.0,TQQQ,TQQQ
2013-09-19,1.7965902112335286,1.0,1.0,TQQQ,TQQQ
2013-09-20,1.7769332180869846,1.0,1.0,TQQQ,TQQQ
2013-09-23,1.766906074794256,1.0,1.0,TQQQ,TQQQ
2013-09-24,1.7672985275107336,1.0,1.0,TQQQ,TQQQ
2013-09-25,1.7505892981946054,1.0,1.0,TQQQ,TQQQ
2013-09-26,1.7906926764438817,1.0,1.0,TQQQ,TQQQ
2013-09-27,1.7822398305402973,1.0,1.0,TQQQ,TQQQ
2013-09-30,1.7710352110317342,1.0,1.0,TQQQ,TQQQ
2013-10-01,1.8241132602713537,1.0,1.0,TQQQ,TQQQ
2013-10-02,1.8207711546620462,1.0,1.0,TQQQ,TQQQ
2013-10-03,1.757470089970662,1.0,1.0,TQQQ,TQQQ
2013-10-04,1.8026840904478145,1.0,1.0,TQQQ,TQQQ
2013-10-07,1.7580607761741933,1.0,1.0,TQQQ,TQQQ
2013-10-08,1.658587708249561,1.0,1.0,TQQQ,TQQQ
2013-10-09,1.6403063067395043,1.0,1.0,TQQQ,TQQQ
2013-10-10,1.744495418980319,1.0,1.0,TQQQ,TQQQ
2013-10-11,1.7838116485350235,1.0,1.0,TQQQ,TQQQ
2013-10-14,1.820771154662046,1.0,1.0,TQQQ,TQQQ
2013-10-15,1.801308498811327,1.0,1.0,TQQQ,TQQQ
2013-10-16,1.8628390397553283,1.0,1.0,TQQQ,TQQQ
2013-10-17,1.8929173999070918,1.0,1.0,TQQQ,TQQQ
2013-10-18,1.9864912801124655,1.0,1.0,TQQQ,TQQQ
2013-10-21,1.9978936608424787,1.0,1.0,TQQQ,TQQQ
2013-10-22,2.0047740984193325,1.0,1.0,TQQQ,TQQQ
2013-10-23,1.9725331160029105,1.0,1.0,TQQQ,TQQQ
2013-10-24,1.997107338612712,1.0,1.0,TQQQ,TQQQ
2013-10-25,2.037014018238146,1.0,1.0,TQQQ,TQQQ
2013-10-28,2.0411437448076293,1.0,1.0,TQQQ,TQQQ
2013-10-29,2.0509720642813,1.0,1.0,TQQQ,TQQQ
2013-10-30,2.0444833710225185,1.0,1.0,TQQQ,TQQQ
2013-10-31,2.0313128278731396,1.0,1.0,TQQQ,TQQQ
2013-11-01,2.0303293347539277,1.0,1.0,TQQQ,TQQQ
2013-11-04,2.0401600155556157,1.0,1.0,TQQQ,TQQQ
2013-11-05,2.0488088516846372,1.0,1.0,TQQQ,TQQQ
2013-11-06,2.0452711100490952,1.0,1.0,TQQQ,TQQQ
2013-11-07,1.9318414128781194,1.0,1.0,TQQQ,TQQQ
2013-11-08,2.0081170304934455,1.0,1.0,TQQQ,TQQQ
2013-11-11,1.9984828121827982,1.0,1.0,TQQQ,TQQQ
2013-11-12,2.0083134929844864,1.0,1.0,TQQQ,TQQQ
2013-11-13,2.0802633938048922,1.0,1.0,TQQQ,TQQQ
2013-11-14,2.096381582718286,1.0,1.0,TQQQ,TQQQ
2013-11-15,2.1109304330313723,1.0,1.0,TQQQ,TQQQ
2013-11-18,2.0525440003424267,1.0,1.0,TQQQ,TQQQ
2013-11-19,2.0322951403283427,1.0,1.0,TQQQ,TQQQ
2013-11-20,2.018141576325355,1.0,1.0,TQQQ,TQQQ
2013-11-21,2.0798688158931986,1.0,1.0,TQQQ,TQQQ
2013-11-22,2.1126990677163415,1.0,1.0,TQQQ,TQQQ
2013-11-25,2.1266571137594954,1.0,1.0,TQQQ,TQQQ
2013-11-26,2.1618463322719363,1.0,1.0,TQQQ,TQQQ
2013-11-27,2.205094763307476,1.0,1.0,TQQQ,TQQQ
2013-11-29,2.241265822009517,1.0,1.0,TQQQ,TQQQ
2013-12-02,2.2273070675679585,1.0,1.0,TQQQ,TQQQ
2013-12-03,2.220821916301203,1.0,1.0,TQQQ,TQQQ
2013-12-04,2.226522634400606,1.0,1.0,TQQQ,TQQQ
2013-12-05,2.2196417245581483,1.0,1.0,TQQQ,TQQQ
2013-12-06,2.265446529305233,1.0,1.0,TQQQ,TQQQ
2013-12-09,2.292574882364964,1.0,1.0,TQQQ,TQQQ
2013-12-10,2.288445864193886,1.0,1.0,TQQQ,TQQQ
2013-12-11,2.2029327313748217,1.0,1.0,TQQQ,TQQQ
2013-12-12,2.1850433103156393,1.0,1.0,TQQQ,TQQQ
2013-12-13,2.174624186572036,1.0,1.0,TQQQ,TQQQ
2013-12-16,2.211974020220321,1.0,1.0,TQQQ,TQQQ
2013-12-17,2.198017863239581,1.0,1.0,TQQQ,TQQQ
2013-12-18,2.2738989029432135,1.0,1.0,TQQQ,TQQQ
2013-12-19,2.253455233367701,1.0,1.0,TQQQ,TQQQ
2013-12-20,2.3212763521498307,1.0,1.0,TQQQ,TQQQ
2013-12-23,2.3963720141549043,1.0,1.0,TQQQ,TQQQ
2013-12-24,2.3997142378306124,1.0,1.0,TQQQ,TQQQ
2013-12-26,2.4231062615685452,1.0,1.0,TQQQ,TQQQ
2013-12-27,2.4054133030004037,1.0,1.0,TQQQ,TQQQ
2013-12-30,2.392833564120957,1.0,1.0,TQQQ,TQQQ
2013-12-31,2.439817852212691,1.0,1.0,TQQQ,TQQQ
2014-01-02,2.3828066569610304,1.0,1.0,TQQQ,TQQQ
2014-01-03,2.330908445265263,1.0,1.0,TQQQ,TQQQ
2014-01-06,2.3061385866292263,1.0,1.0,TQQQ,TQQQ
2014-01-07,2.3659012012866634,1.0,1.0,TQQQ,TQQQ
2014-01-08,2.383593923722003,1.0,1.0,TQQQ,TQQQ
2014-01-09,2.359020055311404,1.0,1.0,TQQQ,TQQQ
2014-01-10,2.3826104306027913,1.0,1.0,TQQQ,TQQQ
2014-01-13,2.2766507946145933,1.0,1.0,TQQQ,TQQQ
2014-01-14,2.406987600389548,1.0,1.0,TQQQ,TQQQ
2014-01-15,2.463209639817822,1.0,1.0,TQQQ,TQQQ
2014-01-16,2.468322623373715,1.0,1.0,TQQQ,TQQQ
2014-01-17,2.424483860333847,1.0,1.0,TQQQ,TQQQ
2014-01-21,2.478741274851715,1.0,1.0,TQQQ,TQQQ
2014-01-22,2.50174084587317,1.0,1.0,TQQQ,TQQQ
2014-01-23,2.4716641386510187,1.0,1.0,TQQQ,TQQQ
2014-01-24,2.3252077271658593,1.0,1.0,TQQQ,TQQQ
2014-01-27,2.257582362476365,1.0,1.0,TQQQ,TQQQ
2014-01-28,2.256795567980996,1.0,1.0,TQQQ,TQQQ
2014-01-29,2.1856329339215628,1.0,1.0,TQQQ,TQQQ
2014-01-30,2.300832210308714,1.0,1.0,TQQQ,TQQQ
2014-01-31,2.2847111878016992,1.0,1.0,TQQQ,TQQQ
2014-02-03,2.1333415611109117,1.0,1.0,TQQQ,TQQQ
2014-02-04,2.1750173476869183,1.0,1.0,TQQQ,TQQQ
2014-02-05,2.154964950163875,1.0,1.0,TQQQ,TQQQ
2014-02-06,2.2375309094845277,1.0,1.0,TQQQ,TQQQ
2014-02-07,2.3562683997728255,1.0,1.0,TQQQ,TQQQ
2014-02-10,2.399515650144356,1.0,1.0,TQQQ,TQQQ
2014-02-11,2.4816898651469366,1.0,1.0,TQQQ,TQQQ
2014-02-12,2.493484462460626,1.0,1.0,TQQQ,TQQQ
2014-02-13,2.5575709048505693,1.0,1.0,TQQQ,TQQQ
2014-02-14,2.5650426189629587,1.0,1.0,TQQQ,TQQQ
2014-02-18,2.60514528881383,1.0,1.0,TQQQ,TQQQ
2014-02-19,2.5481340935621692,1.0,1.0,TQQQ,TQQQ
2014-02-20,2.5850938358219935,1.0,1.0,TQQQ,TQQQ
2014-02-21,2.5717247049863583,1.0,1.0,TQQQ,TQQQ
2014-02-24,2.6169408306587263,1.0,1.0,TQQQ,TQQQ
2014-02-25,2.6075042555031285,1.0,1.0,TQQQ,TQQQ
2014-02-26,2.598853294178891,1.0,1.0,TQQQ,TQQQ
2014-02-27,2.6499663643089013,1.0,1.0,TQQQ,TQQQ
2014-02-28,2.6365981780044727,1.0,1.0,TQQQ,TQQQ
2014-03-03,2.578801841187054,1.0,1.0,TQQQ,TQQQ
2014-03-04,2.712510336894231,1.0,1.0,SOXL,SOXL
2014-03-05,2.7295523279233973,1.0,1.0,SOXL,SOXL
2014-03-06,2.7918173269646456,1.0,1.0,SOXL,SOXL
2014-03-07,2.778709787347676,1.0,1.0,SOXL,SOXL
2014-03-10,2.7610137716926384,1.0,1.0,SOXL,SOXL
2014-03-11,2.717097009792331,1.0,1.0,SOXL,SOXL
2014-03-12,2.7855918574262177,1.0,1.0,SOXL,SOXL
2014-03-13,2.6463108864407876,1.0,1.0,SOXL,SOXL
2014-03-14,2.6043639261608194,1.0,1.0,SOXL,SOXL
2014-03-17,2.6977629702712367,1.0,1.0,SOXL,SOXL
2014-03-18,2.812792223857463,1.0,1.0,SOXL,SOXL
2014-03-19,2.8065644359962176,1.0,1.0,SOXL,SOXL
2014-03-20,2.964525164285446,1.0,1.0,SOXL,SOXL
2014-03-21,2.886528284198169,1.0,1.0,SOXL,SOXL
2014-03-24,2.8508062782737804,1.0,1.0,SOXL,SOXL
2014-03-25,2.9097944568086422,1.0,1.0,SOXL,SOXL
2014-03-26,2.8216399740935576,1.0,1.0,SOXL,SOXL
2014-03-27,2.7518355316593825,1.0,1.0,SOXL,SOXL
2014-03-28,2.8111531696257095,1.0,1.0,SOXL,SOXL
2014-03-31,2.9465004619732156,1.0,1.0,SOXL,SOXL
2014-04-01,3.0841413483611957,1.0,1.0,SOXL,SOXL
2014-04-02,3.0648065360658285,1.0,1.0,SOXL,SOXL
2014-04-03,3.0831583794867066,1.0,1.0,SOXL,SOXL
2014-04-04,2.8239348560911512,1.0,1.0,SOXL,SOXL
2014-04-07,2.74593771841245,1.0,1.0,SOXL,SOXL
2014-04-08,2.848840082933378,1.0,1.0,SOXL,SOXL
2014-04-09,2.9406016183605868,1.0,1.0,SOXL,SOXL
2014-04-10,2.6695801501483505,1.0,1.0,SOXL,SOXL
2014-04-11,2.54209763916245,1.0,1.0,SOXL,SOXL
2014-04-14,2.601743191011698,1.0,1.0,SOXL,SOXL
2014-04-15,2.6554875809254996,1.0,1.0,SOXL,SOXL
2014-04-16,2.6400851593109356,1.0,1.0,SOXL,SOXL
2014-04-17,2.79247392750476,1.0,1.0,SOXL,SOXL
2014-04-21,2.8662102454368896,1.0,1.0,SOXL,SOXL
2014-04-22,2.9481379706564255,1.0,1.0,SOXL,SOXL
2014-04-23,2.9360133999139446,1.0,1.0,SOXL,SOXL
2014-04-24,2.981566124948917,1.0,1.0,SOXL,SOXL
2014-04-25,2.693176039781715,1.0,1.0,SOXL,SOXL
2014-04-28,2.64401754999174,1.0,1.0,SOXL,SOXL
2014-04-29,2.6921935860900748,1.0,1.0,SOXL,SOXL
2014-04-30,2.7465927734040205,1.0,1.0,SOXL,SOXL
2014-05-01,2.7193926645641993,1.0,1.0,SOXL,SOXL
2014-05-02,2.735777797461828,1.0,1.0,SOXL,SOXL
2014-05-05,2.748886882627342,1.0,1.0,SOXL,SOXL
2014-05-06,2.7161142985092677,1.0,1.0,SOXL,SOXL
2014-05-07,2.7213588599046004,1.0,1.0,SOXL,SOXL
2014-05-08,2.777069702750228,1.0,1.0,SOXL,SOXL
2014-05-09,2.7544585851313226,1.0,1.0,SOXL,SOXL
2014-05-12,2.9035702752273362,1.0,1.0,SOXL,SOXL
2014-05-13,2.8393372777057175,1.0,1.0,SOXL,SOXL
2014-05-14,2.766912615305269,1.0,1.0,SOXL,SOXL
2014-05-15,2.669906260891304,1.0,1.0,SOXL,SOXL
2014-05-16,2.7488868826273425,1.0,1.0,SOXL,SOXL
2014-05-19,2.8370423957081234,1.0,1.0,SOXL,SOXL
2014-05-20,2.797061373177132,1.0,1.0,SOXL,SOXL
2014-05-21,2.8373705671824676,1.0,1.0,SOXL,SOXL
2014-05-22,2.878990128762364,1.0,1.0,SOXL,SOXL
2014-05-23,2.956331953858073,1.0,1.0,SOXL,SOXL
2014-05-27,3.0693937241467775,1.0,1.0,SOXL,SOXL
2014-05-28,3.079225473623057,1.0,1.0,SOXL,SOXL
2014-05-29,3.098232887218352,1.0,1.0,SOXL,SOXL
2014-05-30,3.111014831275219,1.0,1.0,SOXL,SOXL
2014-06-02,3.1614813703169378,1.0,1.0,SOXL,SOXL
2014-06-03,3.2506219130036005,1.0,1.0,SOXL,SOXL
2014-06-04,3.294863497689739,1.0,1.0,SOXL,SOXL
2014-06-05,3.340414677176166,1.0,1.0,SOXL,SOXL
2014-06-06,3.39022950991483,1.0,1.0,SOXL,SOXL
2014-06-09,3.4144794241740644,1.0,1.0,SOXL,SOXL
2014-06-10,3.4485603151353064,1.0,1.0,SOXL,SOXL
2014-06-11,3.4987020313911943,1.0,1.0,SOXL,SOXL
2014-06-12,3.4623252280666614,1.0,1.0,SOXL,SOXL
2014-06-13,3.560640146915219,1.0,1.0,SOXL,SOXL
2014-06-16,3.6271675112515833,1.0,1.0,SOXL,SOXL
2014-06-17,3.7087701560938644,1.0,1.0,SOXL,SOXL
2014-06-18,3.6641985967934123,1.0,1.0,SOXL,SOXL
2014-06-19,3.6743595481097326,1.0,1.0,SOXL,SOXL
2014-06-20,3.706474501321997,1.0,1.0,SOXL,SOXL
2014-06-23,3.6655105099165173,1.0,1.0,SOXL,SOXL
2014-06-24,3.5839101833970535,1.0,1.0,SOXL,SOXL
2014-06-25,3.622578777622091,1.0,1.0,SOXL,SOXL
2014-06-26,3.576371255186975,1.0,1.0,SOXL,SOXL
2014-06-27,3.5934122158504445,1.0,1.0,SOXL,SOXL
2014-06-30,3.7058199615132774,1.0,1.0,SOXL,SOXL
2014-07-01,3.858534840450053,1.0,1.0,SOXL,SOXL
2014-07-02,3.8877029477702445,1.0,1.0,SOXL,SOXL
2014-07-03,3.9660261961918972,1.0,1.0,SOXL,SOXL
2014-07-07,3.883113956549328,1.0,1.0,SOXL,SOXL
2014-07-08,3.8244534343059624,1.0,1.0,SOXL,SOXL
2014-07-09,3.890978222728086,1.0,1.0,SOXL,SOXL
2014-07-10,3.8349399811823863,1.0,1.0,SOXL,SOXL
2014-07-11,3.8424781366181926,1.0,1.0,SOXL,SOXL
2014-07-14,3.8942571039658653,1.0,1.0,SOXL,SOXL
2014-07-15,3.863451230371041,1.0,1.0,SOXL,SOXL
2014-07-16,3.99715921089537,1.0,1.0,SOXL,SOXL
2014-07-17,3.688449283826919,1.0,1.0,SOXL,SOXL
2014-07-18,3.832972240293441,1.0,1.0,SOXL,SOXL
2014-07-21,3.8644341992455304,1.0,1.0,SOXL,SOXL
2014-07-22,3.9381700019948123,1.0,1.0,SOXL,SOXL
2014-07-23,3.6661663376823594,1.0,1.0,SOXL,SOXL
2014-07-24,3.57342106060639,1.0,1.0,SOXL,SOXL
2014-07-25,3.3584404098540936,1.0,1.0,SOXL,SOXL
2014-07-28,3.3476246611376284,1.0,1.0,SOXL,SOXL
2014-07-29,3.332223012297337,1.0,1.0,SOXL,SOXL
2014-07-30,3.430538188737318,1.0,1.0,SOXL,SOXL
2014-07-31,3.1978579160500464,1.0,1.0,SOXL,SOXL
2014-08-01,3.245706553448309,1.0,1.0,SOXL,SOXL
2014-08-04,3.312179943898751,1.0,1.0,TQQQ,TQQQ
2014-08-05,3.234626887413333,1.0,1.0,TQQQ,TQQQ
2014-08-06,3.229087949960176,1.0,1.0,TQQQ,TQQQ
2014-08-07,3.1979824419686294,1.0,1.0,TQQQ,TQQQ
2014-08-08,3.2661597075288125,1.0,1.0,TQQQ,TQQQ
2014-08-11,3.325388494287693,1.0,1.0,TQQQ,TQQQ
2014-08-12,3.317718369600862,1.0,1.0,TQQQ,TQQQ
2014-08-13,3.4255274273404277,1.0,1.0,TQQQ,TQQQ
2014-08-14,3.4783646994024724,1.0,1.0,TQQQ,TQQQ
2014-08-15,3.5256627781358367,1.0,1.0,TQQQ,TQQQ
2014-08-18,3.610885959308086,1.0,1.0,TQQQ,TQQQ
2014-08-19,3.6730972311667025,1.0,1.0,TQQQ,TQQQ
2014-08-20,3.6730972311667025,1.0,1.0,TQQQ,TQQQ
2014-08-21,3.693978209122184,1.0,1.0,TQQQ,TQQQ
2014-08-22,3.70846536950112,1.0,1.0,TQQQ,TQQQ
2014-08-25,3.7497974545329176,1.0,1.0,TQQQ,TQQQ
2014-08-26,3.762581763304206,1.0,1.0,TQQQ,TQQQ
2014-08-27,3.763008307801569,1.0,1.0,TQQQ,TQQQ
2014-08-28,3.747668058427907,1.0,1.0,TQQQ,TQQQ
2014-08-29,3.7915578751907417,1.0,1.0,TQQQ,TQQQ
2014-09-02,3.823090439430698,1.0,1.0,TQQQ,TQQQ
2014-09-03,3.7574670674687023,1.0,1.0,TQQQ,TQQQ
2014-09-04,3.745537127069756,1.0,1.0,TQQQ,TQQQ
2014-09-05,3.803488071465211,1.0,1.0,TQQQ,TQQQ
2014-09-08,3.8226631273067646,1.0,1.0,TQQQ,TQQQ
2014-09-09,3.729771612576348,1.0,1.0,TQQQ,TQQQ
2014-09-10,3.8162716126099285,1.0,1.0,TQQQ,TQQQ
2014-09-11,3.8132893833857153,1.0,1.0,TQQQ,TQQQ
2014-09-12,3.75320750763211,1.0,1.0,TQQQ,TQQQ
2014-09-15,3.640288615691983,1.0,1.0,TQQQ,TQQQ
2014-09-16,3.7387203472531736,1.0,1.0,TQQQ,TQQQ
2014-09-17,3.757042825851049,1.0,1.0,TQQQ,TQQQ
2014-09-18,3.838003376680427,1.0,1.0,TQQQ,TQQQ
2014-09-19,3.8294822100030568,1.0,1.0,TQQQ,TQQQ
2014-09-22,3.725509493984523,1.0,1.0,TQQQ,TQQQ
2014-09-23,3.6931256318785044,1.0,1.0,TQQQ,TQQQ
2014-09-24,3.8128641182659693,1.0,1.0,TQQQ,TQQQ
2014-09-25,3.570830181386572,1.0,1.0,TQQQ,TQQQ
2014-09-26,3.685030242071927,1.0,1.0,TQQQ,TQQQ
2014-09-29,3.672672477798002,1.0,1.0,TQQQ,TQQQ
2014-09-30,3.6863088520619223,1.0,1.0,TQQQ,TQQQ
2014-10-01,3.5098975195179505,1.0,1.0,TQQQ,TQQQ
2014-10-02,3.5081923650305926,1.0,1.0,TQQQ,TQQQ
2014-10-03,3.613868188532298,1.0,1.0,TQQQ,TQQQ
2014-10-06,3.58915445111311,1.0,1.0,TQQQ,TQQQ
2014-10-07,3.4374571118638495,1.0,1.0,TQQQ,TQQQ
2014-10-08,3.636025985349112,1.0,1.0,TQQQ,TQQQ
2014-10-09,3.454928292595663,1.0,1.0,TQQQ,TQQQ
2014-10-10,3.196276775730225,1.0,1.0,TQQQ,TQQQ
2014-10-13,3.046710367839115,1.0,1.0,TQQQ,TQQQ
2014-10-14,3.052251096420935,1.0,1.0,TQQQ,TQQQ
2014-10-15,2.987056060084965,1.0,1.0,TQQQ,TQQQ
2014-10-16,2.94060902334214,1.0,1.0,TQQQ,TQQQ
2014-10-17,2.94060902334214,0.0,0.0,CASH,TQQQ
2014-10-20,2.94060902334214,0.0,0.0,CASH,TQQQ
2014-10-21,2.94060902334214,0.0,0.0,CASH,TQQQ
2014-10-22,2.8950330655928944,1.0,1.0,TQQQ,TQQQ
2014-10-23,3.027387717247329,1.0,1.0,TQQQ,TQQQ
2014-10-24,3.097028216828029,1.0,1.0,TQQQ,TQQQ
2014-10-27,3.10869627155669,1.0,1.0,TQQQ,TQQQ
2014-10-28,3.247614039786715,1.0,1.0,TQQQ,TQQQ
2014-10-29,3.208599447047386,1.0,1.0,TQQQ,TQQQ
2014-10-30,3.228654873999749,1.0,1.0,TQQQ,TQQQ
2014-10-31,3.361737520136898,1.0,1.0,TQQQ,TQQQ
2014-11-03,3.3963764828801244,1.0,1.0,TQQQ,TQQQ
2014-11-04,3.3602797796057975,1.0,1.0,TQQQ,TQQQ
2014-11-05,3.359915891837295,1.0,1.0,TQQQ,TQQQ
2014-11-06,3.3887192945962274,1.0,1.0,TQQQ,TQQQ
2014-11-07,3.380332141318234,1.0,1.0,TQQQ,TQQQ
2014-11-10,3.414971541952878,1.0,1.0,TQQQ,TQQQ
2014-11-11,3.447422580225198,1.0,1.0,TQQQ,TQQQ
2014-11-12,3.4663824028492907,1.0,1.0,TQQQ,TQQQ
2014-11-13,3.5108656025644835,1.0,1.0,TQQQ,TQQQ
2014-11-14,3.5433155461082584,1.0,1.0,TQQQ,TQQQ
2014-11-17,3.5101358565160967,1.0,1.0,TQQQ,TQQQ
2014-11-18,3.5888919417489222,1.0,1.0,TQQQ,TQQQ
2014-11-19,3.5433155461082584,1.0,1.0,TQQQ,TQQQ
2014-11-20,3.5903494633343143,1.0,1.0,TQQQ,TQQQ
2014-11-21,3.6162386987052995,1.0,1.0,TQQQ,TQQQ
2014-11-24,3.697912892348836,1.0,1.0,TQQQ,TQQQ
2014-11-25,3.709944396954581,1.0,1.0,TQQQ,TQQQ
2014-11-26,3.785783249559532,1.0,1.0,TQQQ,TQQQ
2014-11-28,3.8422997054461425,1.0,1.0,TQQQ,TQQQ
2014-12-01,3.700464485642534,1.0,1.0,TQQQ,TQQQ
2014-12-02,3.740206634973158,1.0,1.0,TQQQ,TQQQ
2014-12-03,3.774115632722289,1.0,1.0,TQQQ,TQQQ
2014-12-04,3.762813655219221,1.0,1.0,TQQQ,TQQQ
2014-12-05,3.7653648106215023,1.0,1.0,TQQQ,TQQQ
2014-12-08,3.684056694203559,1.0,1.0,TQQQ,TQQQ
2014-12-09,3.7197895097093836,1.0,1.0,TQQQ,TQQQ
2014-12-10,3.539669662160543,1.0,1.0,TQQQ,TQQQ
2014-12-11,3.5950918273931376,1.0,1.0,TQQQ,TQQQ
2014-12-12,3.476226858766967,1.0,1.0,TQQQ,TQQQ
2014-12-15,3.3719476153887498,1.0,1.0,TQQQ,TQQQ
2014-12-16,3.204590332168295,1.0,1.0,TQQQ,TQQQ
2014-12-17,3.376687352099064,1.0,1.0,TQQQ,TQQQ
2014-12-18,3.6242593368662814,1.0,1.0,TQQQ,TQQQ
2014-12-19,3.664731013299584,1.0,1.0,TQQQ,TQQQ
2014-12-22,3.6985377634025705,1.0,1.0,TQQQ,TQQQ
2014-12-23,3.6631629241311034,1.0,1.0,TQQQ,TQQQ
2014-12-24,3.6708216450349647,1.0,1.0,TQQQ,TQQQ
2014-12-26,3.7452152370142335,1.0,1.0,TQQQ,TQQQ
2014-12-29,3.7459443262254934,1.0,1.0,TQQQ,TQQQ
2014-12-30,3.6686335016183507,1.0,1.0,TQQQ,TQQQ
2014-12-31,3.553760570105962,1.0,1.0,TQQQ,TQQQ
2015-01-02,3.524587586990091,1.0,1.0,TQQQ,TQQQ
2015-01-05,3.365953538711078,1.0,1.0,TQQQ,TQQQ
2015-01-06,3.2324827018317177,1.0,1.0,TQQQ,TQQQ
2015-01-07,3.3568355446561524,1.0,1.0,TQQQ,TQQQ
2015-01-08,3.548290211564425,1.0,1.0,TQQQ,TQQQ
2015-01-09,3.4764506212816553,1.0,1.0,TQQQ,TQQQ
2015-01-12,3.369599860550212,1.0,1.0,TQQQ,TQQQ
2015-01-13,3.3666819710852103,1.0,1.0,TQQQ,TQQQ
2015-01-14,3.3148984645919315,1.0,1.0,TQQQ,TQQQ
2015-01-15,3.1832514454692658,1.0,1.0,TQQQ,TQQQ
2015-01-16,3.2966644469934625,1.0,1.0,TQQQ,TQQQ
2015-01-20,3.369599860550212,1.0,1.0,TQQQ,TQQQ
2015-01-21,3.4213838049349086,1.0,1.0,TQQQ,TQQQ
2015-01-22,3.6117448380262918,1.0,1.0,TQQQ,TQQQ
2015-01-23,3.635813101934801,1.0,1.0,TQQQ,TQQQ
2015-01-26,3.627789617479601,1.0,1.0,TQQQ,TQQQ
2015-01-27,3.3469891182270954,1.0,1.0,TQQQ,TQQQ
2015-01-28,3.2893722412066135,1.0,1.0,TQQQ,TQQQ
2015-01-29,3.3845521009151773,1.0,1.0,TQQQ,TQQQ
2015-01-30,3.3068765127566957,1.0,1.0,TQQQ,TQQQ
2015-02-02,3.39366834340443,1.0,1.0,TQQQ,TQQQ
2015-02-03,3.576785789602305,1.0,1.0,SOXL,SOXL
2015-02-04,3.6195614845088495,1.0,1.0,SOXL,SOXL
2015-02-05,3.718590312098347,1.0,1.0,SOXL,SOXL
2015-02-06,3.6623364885599767,1.0,1.0,SOXL,SOXL
2015-02-09,3.5425057740541073,1.0,1.0,SOXL,SOXL
2015-02-10,3.901414375028778,1.0,1.0,SOXL,SOXL
2015-02-11,3.9406752278544803,1.0,1.0,SOXL,SOXL
2015-02-12,4.130823509639737,1.0,1.0,SOXL,SOXL
2015-02-13,4.218718741600426,1.0,1.0,SOXL,SOXL
2015-02-17,4.260908821397781,1.0,1.0,SOXL,SOXL
2015-02-18,4.219013506578706,1.0,1.0,SOXL,SOXL
2015-02-19,4.257686211158685,1.0,1.0,SOXL,SOXL
2015-02-20,4.333569770254488,1.0,1.0,SOXL,SOXL
2015-02-23,4.2474329956173476,1.0,1.0,SOXL,SOXL
2015-02-24,4.419415464475579,1.0,1.0,SOXL,SOXL
2015-02-25,4.345290362703323,1.0,1.0,SOXL,SOXL
2015-02-26,4.433478056790899,1.0,1.0,SOXL,SOXL
2015-02-27,4.401541653105161,1.0,1.0,SOXL,SOXL
2015-03-02,4.76719070010658,1.0,1.0,SOXL,SOXL
2015-03-03,4.4917839512054,1.0,1.0,SOXL,SOXL
2015-03-04,4.4844571992140425,1.0,1.0,SOXL,SOXL
2015-03-05,4.488559959255468,1.0,1.0,SOXL,SOXL
2015-03-06,4.353200196667339,1.0,1.0,SOXL,SOXL
2015-03-09,4.391288898134102,1.0,1.0,SOXL,SOXL
2015-03-10,4.143421949039509,1.0,1.0,SOXL,SOXL
2015-03-11,4.178286197986063,1.0,1.0,SOXL,SOXL
2015-03-12,4.173012668296534,1.0,1.0,SOXL,SOXL
2015-03-13,4.259149903503953,1.0,1.0,SOXL,SOXL
2015-03-16,4.44666326272556,1.0,1.0,SOXL,SOXL
2015-03-17,4.3520303481597935,1.0,1.0,SOXL,SOXL
2015-03-18,4.447542491387334,1.0,1.0,SOXL,SOXL
2015-03-19,4.480063819326844,1.0,1.0,SOXL,SOXL
2015-03-20,4.676656861020013,1.0,1.0,SOXL,SOXL
2015-03-23,4.545691860029917,1.0,1.0,SOXL,SOXL
2015-03-24,4.4293775996008655,1.0,1.0,SOXL,SOXL
2015-03-25,3.8226013586761844,1.0,1.0,SOXL,SOXL
2015-03-26,3.6649732534047423,1.0,1.0,SOXL,SOXL
2015-03-27,3.9658721066540275,1.0,1.0,SOXL,SOXL
2015-03-30,4.1311168929071815,1.0,1.0,SOXL,SOXL
2015-03-31,3.985794074053208,1.0,1.0,SOXL,SOXL
2015-04-01,3.9107906647597352,1.0,1.0,SOXL,SOXL
2015-04-02,3.91735786416403,1.0,1.0,TQQQ,TQQQ
2015-04-06,4.011602114579976,1.0,1.0,TQQQ,TQQQ
2015-04-07,3.9930622164241325,1.0,1.0,TQQQ,TQQQ
2015-04-08,4.088080006039736,1.0,1.0,TQQQ,TQQQ
2015-04-09,4.164172519157221,1.0,1.0,TQQQ,TQQQ
2015-04-10,4.213998553420115,1.0,1.0,TQQQ,TQQQ
2015-04-13,4.182712881065582,1.0,1.0,TQQQ,TQQQ
2015-04-14,4.146790147285758,1.0,1.0,TQQQ,TQQQ
2015-04-15,4.220177128214509,1.0,1.0,TQQQ,TQQQ
2015-04-16,4.205499361026744,1.0,1.0,TQQQ,TQQQ
2015-04-17,4.008899364906348,1.0,1.0,TQQQ,TQQQ
2015-04-20,4.18811930791787,1.0,1.0,TQQQ,TQQQ
2015-04-21,4.241808400653879,1.0,1.0,TQQQ,TQQQ
2015-04-22,4.310560638919927,1.0,1.0,TQQQ,TQQQ
2015-04-23,4.362319129924414,1.0,1.0,TQQQ,TQQQ
2015-04-24,4.53304127180012,1.0,1.0,TQQQ,TQQQ
2015-04-27,4.504072970776938,1.0,1.0,TQQQ,TQQQ
2015-04-28,4.474718363906445,1.0,1.0,TQQQ,TQQQ
2015-04-29,4.389355901711038,1.0,1.0,TQQQ,TQQQ
2015-04-30,4.183096868150303,1.0,1.0,TQQQ,TQQQ
2015-05-01,4.352276105399352,1.0,1.0,TQQQ,TQQQ
2015-05-04,4.367726020529222,1.0,1.0,TQQQ,TQQQ
2015-05-05,4.160694839026381,1.0,1.0,TQQQ,TQQQ
2015-05-06,4.071857479215243,1.0,1.0,TQQQ,TQQQ
2015-05-07,4.141767707518191,1.0,1.0,TQQQ,TQQQ
2015-05-08,4.29356410914326,1.0,1.0,TQQQ,TQQQ
2015-05-11,4.246443607069099,1.0,1.0,TQQQ,TQQQ
2015-05-12,4.191595133038638,1.0,1.0,TQQQ,TQQQ
2015-05-13,4.2132250142204555,1.0,1.0,TQQQ,TQQQ
2015-05-14,4.399784304578378,1.0,1.0,TQQQ,TQQQ
2015-05-15,4.3993984624835845,1.0,1.0,TQQQ,TQQQ
2015-05-18,4.453472006056834,1.0,1.0,TQQQ,TQQQ
2015-05-19,4.440726231858145,1.0,1.0,TQQQ,TQQQ
2015-05-20,4.448066970462098,1.0,1.0,TQQQ,TQQQ
2015-05-21,4.517977662517564,1.0,1.0,TQQQ,TQQQ
2015-05-22,4.505616339156115,1.0,1.0,TQQQ,TQQQ
2015-05-26,4.34957242822069,1.0,1.0,TQQQ,TQQQ
2015-05-27,4.558918198539776,1.0,1.0,TQQQ,TQQQ
2015-05-28,4.525316082358928,1.0,1.0,TQQQ,TQQQ
2015-05-29,4.448838190899168,1.0,1.0,TQQQ,TQQQ
2015-06-01,4.487849052694894,1.0,1.0,TQQQ,TQQQ
2015-06-02,4.446907589167646,1.0,1.0,TQQQ,TQQQ
2015-06-03,4.485917523458337,1.0,1.0,TQQQ,TQQQ
2015-06-04,4.388196984169106,1.0,1.0,TQQQ,TQQQ
2015-06-05,4.354978391320462,1.0,1.0,TQQQ,TQQQ
2015-06-08,4.221721424098719,1.0,1.0,TQQQ,TQQQ
2015-06-09,4.200864618364043,1.0,1.0,TQQQ,TQQQ
2015-06-10,4.367339250929394,1.0,1.0,TQQQ,TQQQ
2015-06-11,4.391287430947598,1.0,1.0,TQQQ,TQQQ
2015-06-12,4.279658953650118,1.0,1.0,TQQQ,TQQQ
2015-06-15,4.220563897814338,1.0,1.0,TQQQ,TQQQ
2015-06-16,4.285068626770031,1.0,1.0,TQQQ,TQQQ
2015-06-17,4.320989505539784,1.0,1.0,TQQQ,TQQQ
2015-06-18,4.503686664929628,1.0,1.0,TQQQ,TQQQ
2015-06-19,4.43493210790099,1.0,1.0,TQQQ,TQQQ
2015-06-22,4.541924915030732,1.0,1.0,TQQQ,TQQQ
2015-06-23,4.553125002087658,1.0,1.0,TQQQ,TQQQ
2015-06-24,4.483214310032192,1.0,1.0,TQQQ,TQQQ
2015-06-25,4.4538606306667345,1.0,1.0,TQQQ,TQQQ
2015-06-26,4.371200918144956,1.0,1.0,TQQQ,TQQQ
2015-06-29,4.062202151795046,1.0,1.0,TQQQ,TQQQ
2015-06-30,4.108551433432137,1.0,1.0,TQQQ,TQQQ
2015-07-01,4.192753586828055,1.0,1.0,TQQQ,TQQQ
2015-07-02,4.208589344052718,1.0,1.0,TQQQ,TQQQ
2015-07-06,4.173053843625241,1.0,1.0,TQQQ,TQQQ
2015-07-07,4.1942997377223366,1.0,1.0,TQQQ,TQQQ
2015-07-08,3.9841771819359684,1.0,1.0,TQQQ,TQQQ
2015-07-09,3.972591252784249,1.0,1.0,TQQQ,TQQQ
2015-07-10,4.15721994141065,1.0,1.0,TQQQ,TQQQ
2015-07-13,4.369656622260746,1.0,1.0,TQQQ,TQQQ
2015-07-14,4.457335992034985,1.0,1.0,TQQQ,TQQQ
2015-07-15,4.478580494874527,1.0,1.0,TQQQ,TQQQ
2015-07-16,4.653552464823177,1.0,1.0,TQQQ,TQQQ
2015-07-17,4.866376842778137,1.0,1.0,TQQQ,TQQQ
2015-07-20,4.9208376197037325,1.0,1.0,TQQQ,TQQQ
2015-07-21,4.907318770057902,1.0,1.0,TQQQ,TQQQ
2015-07-22,4.746251028097358,1.0,1.0,TQQQ,TQQQ
2015-07-23,4.689473343592929,1.0,1.0,TQQQ,TQQQ
2015-07-24,4.556215912618668,1.0,1.0,TQQQ,TQQQ
2015-07-27,4.439183327231488,1.0,1.0,TQQQ,TQQQ
2015-07-28,4.556215912618668,1.0,1.0,TQQQ,TQQQ
2015-07-29,4.607200864423497,1.0,1.0,TQQQ,TQQQ
2015-07-30,4.671318360026844,1.0,1.0,TQQQ,TQQQ
2015-07-31,4.657027362438909,1.0,1.0,TQQQ,TQQQ
2015-08-03,4.614154369675104,1.0,1.0,TQQQ,TQQQ
2015-08-04,4.584411601947228,1.0,1.0,TQQQ,TQQQ
2015-08-05,4.691790714924282,1.0,1.0,TQQQ,TQQQ
2015-08-06,4.466606404865426,1.0,1.0,TQQQ,TQQQ
2015-08-07,4.44883819089917,1.0,1.0,TQQQ,TQQQ
2015-08-10,4.599088905382475,1.0,1.0,TQQQ,TQQQ
2015-08-11,4.42373341210162,1.0,1.0,TQQQ,TQQQ
2015-08-12,4.4627424188872755,1.0,1.0,TQQQ,TQQQ
2015-08-13,4.442657297342186,1.0,1.0,TQQQ,TQQQ
2015-08-14,4.466606404865425,1.0,1.0,TQQQ,TQQQ
2015-08-17,4.576301034163758,1.0,1.0,TQQQ,TQQQ
2015-08-18,4.503299431577283,1.0,1.0,TQQQ,TQQQ
2015-08-19,4.418710508581536,1.0,1.0,TQQQ,TQQQ
2015-08-20,4.05486234069613,1.0,1.0,TQQQ,TQQQ
2015-08-21,3.5504185538713573,1.0,1.0,TQQQ,TQQQ
2015-08-24,3.5504185538713573,0.0,0.0,CASH,TQQQ
2015-08-25,3.5504185538713573,0.0,0.0,CASH,SOXL
2015-08-26,3.5504185538713573,0.0,0.0,CASH,TQQQ
2015-08-27,3.5504185538713573,0.0,0.0,CASH,TQQQ
2015-08-28,3.5504185538713573,0.0,0.0,CASH,TQQQ
2015-08-31,3.5504185538713573,0.0,0.0,CASH,TQQQ
2015-09-01,3.5504185538713573,0.0,0.0,CASH,TQQQ
2015-09-02,3.5504185538713573,0.0,0.0,CASH,TQQQ
2015-09-03,3.5504185538713573,0.0,0.0,CASH,TQQQ
2015-09-04,3.5504185538713573,0.0,0.0,CASH,TQQQ
2015-09-08,3.5504185538713573,0.0,0.0,CASH,TQQQ
2015-09-09,3.5504185538713573,0.0,0.0,CASH,TQQQ
2015-09-10,3.5504185538713573,0.0,0.0,CASH,TQQQ
2015-09-11,3.5504185538713573,0.0,0.0,CASH,TQQQ
2015-09-14,3.5504185538713573,0.0,0.0,CASH,TQQQ
2015-09-15,3.5504185538713573,0.0,0.0,CASH,TQQQ
2015-09-16,3.5504185538713573,0.0,0.0,CASH,TQQQ
2015-09-17,3.5504185538713573,0.0,0.0,CASH,TQQQ
2015-09-18,3.5504185538713573,0.0,0.0,CASH,TQQQ
2015-09-21,3.5504185538713573,0.0,0.0,CASH,TQQQ
2015-09-22,3.5504185538713573,0.0,0.0,CASH,TQQQ
2015-09-23,3.5504185538713573,0.0,0.0,CASH,TQQQ
2015-09-24,3.5504185538713573,0.0,0.0,CASH,TQQQ
2015-09-25,3.5504185538713573,0.0,0.0,CASH,TQQQ
2015-09-28,3.5504185538713573,0.0,0.0,CASH,TQQQ
2015-09-29,3.5504185538713573,0.0,0.0,CASH,TQQQ
2015-09-30,3.5504185538713573,0.0,0.0,CASH,TQQQ
2015-10-01,3.5504185538713573,0.0,0.0,CASH,TQQQ
2015-10-02,3.5504185538713573,0.0,0.0,CASH,TQQQ
2015-10-05,3.5504185538713573,0.0,0.0,CASH,TQQQ
2015-10-06,3.5504185538713573,0.0,0.0,CASH,TQQQ
2015-10-07,3.5504185538713573,0.0,0.0,CASH,TQQQ
2015-10-08,3.5504185538713573,0.0,0.0,CASH,TQQQ
2015-10-09,3.5504185538713573,0.0,0.0,CASH,TQQQ
2015-10-12,3.5504185538713573,0.0,0.0,CASH,TQQQ
2015-10-13,3.5504185538713573,0.0,0.0,CASH,TQQQ
2015-10-14,3.5504185538713573,0.0,0.0,CASH,TQQQ
2015-10-15,3.5504185538713573,0.0,0.0,CASH,TQQQ
2015-10-16,3.5504185538713573,0.0,0.0,CASH,TQQQ
2015-10-19,3.5504185538713573,0.0,0.0,CASH,TQQQ
2015-10-20,3.5504185538713573,0.0,0.0,CASH,TQQQ
2015-10-21,3.5504185538713573,0.0,0.0,CASH,TQQQ
2015-10-22,3.5504185538713573,0.0,0.0,CASH,TQQQ
2015-10-23,3.5504185538713573,0.0,0.0,CASH,TQQQ
2015-10-26,3.560960592823305,1.0,1.0,TQQQ,TQQQ
2015-10-27,3.5841532954914985,1.0,1.0,TQQQ,TQQQ
2015-10-28,3.6672807008153567,1.0,1.0,TQQQ,TQQQ
2015-10-29,3.6537277872642764,1.0,1.0,TQQQ,TQQQ
2015-10-30,3.603729404733566,1.0,1.0,TQQQ,TQQQ
2015-11-02,3.726614747368552,1.0,1.0,TQQQ,TQQQ
2015-11-03,3.7621565200206253,1.0,1.0,TQQQ,TQQQ
2015-11-04,3.7636612340738314,1.0,1.0,TQQQ,TQQQ
2015-11-05,3.7305314880343228,1.0,1.0,TQQQ,TQQQ
2015-11-06,3.742879111525481,1.0,1.0,TQQQ,TQQQ
2015-11-09,3.622404349010339,1.0,1.0,TQQQ,TQQQ
2015-11-10,3.5968021510918424,1.0,1.0,TQQQ,TQQQ
2015-11-11,3.5808390190440984,1.0,1.0,TQQQ,TQQQ
2015-11-12,3.47692876792553,1.0,1.0,TQQQ,TQQQ
2015-11-13,3.2724221805126126,1.0,1.0,TQQQ,TQQQ
2015-11-16,3.4088604366986788,1.0,1.0,TQQQ,TQQQ
2015-11-17,3.4206074040873684,1.0,1.0,TQQQ,TQQQ
2015-11-18,3.6166820238053567,1.0,1.0,TQQQ,TQQQ
2015-11-19,3.622102755277973,1.0,1.0,TQQQ,TQQQ
2015-11-20,3.694086742301053,1.0,1.0,TQQQ,TQQQ
2015-11-23,3.664268018100322,1.0,1.0,TQQQ,TQQQ
2015-11-24,3.6528240909367193,1.0,1.0,TQQQ,TQQQ
2015-11-25,3.660956273015184,1.0,1.0,TQQQ,TQQQ
2015-11-27,3.6742068695875383,1.0,1.0,TQQQ,TQQQ
2015-11-30,3.651016698281607,1.0,1.0,TQQQ,TQQQ
2015-12-01,3.759445431037957,1.0,1.0,TQQQ,TQQQ
2015-12-02,3.6910751444555605,1.0,1.0,TQQQ,TQQQ
2015-12-03,3.502831836330032,1.0,1.0,TQQQ,TQQQ
2015-12-04,3.743481575743852,1.0,1.0,TQQQ,TQQQ
2015-12-07,3.6977004427417377,1.0,1.0,TQQQ,TQQQ
2015-12-08,3.6980020364741035,1.0,1.0,TQQQ,TQQQ
2015-12-09,3.5257222220194993,1.0,1.0,TQQQ,TQQQ
2015-12-10,3.575718796434308,1.0,1.0,TQQQ,TQQQ
2015-12-11,3.3305512986290675,1.0,1.0,TQQQ,TQQQ
2015-12-14,3.405246736257997,1.0,1.0,TQQQ,TQQQ
2015-12-15,3.463074260642085,1.0,1.0,TQQQ,TQQQ
2015-12-16,3.6160784747174466,1.0,1.0,TQQQ,TQQQ
2015-12-17,3.465484117515568,1.0,1.0,TQQQ,TQQQ
2015-12-18,3.2751321846257415,1.0,1.0,TQQQ,TQQQ
2015-12-21,3.3724156909654117,1.0,1.0,TQQQ,TQQQ
2015-12-22,3.436268580779568,1.0,1.0,TQQQ,TQQQ
2015-12-23,3.514879674204727,1.0,1.0,TQQQ,TQQQ
2015-12-24,3.5076504652074574,1.0,1.0,TQQQ,TQQQ
2015-12-28,3.5067471305030815,1.0,1.0,TQQQ,TQQQ
2015-12-29,3.6666785982201664,1.0,1.0,TQQQ,TQQQ
2015-12-30,3.573007707451639,1.0,1.0,TQQQ,TQQQ
2015-12-31,3.4404865535545235,1.0,1.0,TQQQ,TQQQ
2016-01-04,3.230255832820723,1.0,1.0,TQQQ,TQQQ
2016-01-05,3.201340804947548,1.0,1.0,TQQQ,TQQQ
2016-01-06,3.115502310641021,1.0,1.0,TQQQ,TQQQ
2016-01-07,2.819132044303099,1.0,1.0,TQQQ,TQQQ
2016-01-08,2.819132044303099,0.0,0.0,CASH,TQQQ
2016-01-11,2.819132044303099,0.0,0.0,CASH,TQQQ
2016-01-12,2.819132044303099,0.0,0.0,CASH,TQQQ
2016-01-13,2.819132044303099,0.0,0.0,CASH,TQQQ
2016-01-14,2.819132044303099,0.0,0.0,CASH,TQQQ
2016-01-15,2.819132044303099,0.0,0.0,CASH,TQQQ
2016-01-19,2.819132044303099,0.0,0.0,CASH,TQQQ
2016-01-20,2.819132044303099,0.0,0.0,CASH,TQQQ
2016-01-21,2.819132044303099,0.0,0.0,CASH,TQQQ
2016-01-22,2.819132044303099,0.0,0.0,CASH,TQQQ
2016-01-25,2.819132044303099,0.0,0.0,CASH,TQQQ
2016-01-26,2.819132044303099,0.0,0.0,CASH,TQQQ
2016-01-27,2.819132044303099,0.0,0.0,CASH,TQQQ
2016-01-28,2.819132044303099,0.0,0.0,CASH,TQQQ
2016-01-29,2.819132044303099,0.0,0.0,CASH,TQQQ
2016-02-01,2.819132044303099,0.0,0.0,CASH,TQQQ
2016-02-02,2.819132044303099,0.0,0.0,CASH,TQQQ
2016-02-03,2.819132044303099,0.0,0.0,CASH,TQQQ
2016-02-04,2.819132044303099,0.0,0.0,CASH,TQQQ
2016-02-05,2.819132044303099,0.0,0.0,CASH,TQQQ
2016-02-08,2.819132044303099,0.0,0.0,CASH,TQQQ
2016-02-09,2.819132044303099,0.0,0.0,CASH,SOXL
2016-02-10,2.819132044303099,0.0,0.0,CASH,TQQQ
2016-02-11,2.819132044303099,0.0,0.0,CASH,TQQQ
2016-02-12,2.819132044303099,0.0,0.0,CASH,TQQQ
2016-02-16,2.819132044303099,0.0,0.0,CASH,TQQQ
2016-02-17,2.819132044303099,0.0,0.0,CASH,TQQQ
2016-02-18,2.819132044303099,0.0,0.0,CASH,TQQQ
2016-02-19,2.819132044303099,0.0,0.0,CASH,TQQQ
2016-02-22,2.819132044303099,0.0,0.0,CASH,TQQQ
2016-02-23,2.819132044303099,0.0,0.0,CASH,TQQQ
2016-02-24,2.819132044303099,0.0,0.0,CASH,TQQQ
2016-02-25,2.819132044303099,0.0,0.0,CASH,TQQQ
2016-02-26,2.819132044303099,0.0,0.0,CASH,TQQQ
2016-02-29,2.819132044303099,0.0,0.0,CASH,TQQQ
2016-03-01,2.819132044303099,0.0,0.0,CASH,TQQQ
2016-03-02,2.819132044303099,0.0,0.0,CASH,SOXL
2016-03-03,2.819132044303099,0.0,0.0,CASH,SOXL
2016-03-04,2.819132044303099,0.0,0.0,CASH,SOXL
2016-03-07,2.819132044303099,0.0,0.0,CASH,SOXL
2016-03-08,2.627102399491116,1.0,1.0,SOXL,SOXL
2016-03-09,2.627102399491116,0.0,0.0,CASH,SOXL
2016-03-10,2.627102399491116,0.0,0.0,CASH,SOXL
2016-03-11,2.627102399491116,0.0,0.0,CASH,SOXL
2016-03-14,2.5966038950591317,1.0,1.0,SOXL,SOXL
2016-03-15,2.5818810919601822,1.0,1.0,SOXL,SOXL
2016-03-16,2.653394477317644,1.0,1.0,SOXL,SOXL
2016-03-17,2.7112383711167123,1.0,1.0,SOXL,SOXL
2016-03-18,2.8195593841812543,1.0,1.0,SOXL,SOXL
2016-03-21,2.8332319755381787,1.0,1.0,SOXL,SOXL
2016-03-22,2.825870160682233,1.0,1.0,SOXL,SOXL
2016-03-23,2.712288376205502,1.0,1.0,SOXL,SOXL
2016-03-24,2.7059782196642295,1.0,1.0,SOXL,SOXL
2016-03-28,2.70282283141374,1.0,1.0,SOXL,SOXL
2016-03-29,2.8058890660099185,1.0,1.0,SOXL,SOXL
2016-03-30,2.8900231777563965,1.0,1.0,SOXL,SOXL
2016-03-31,2.840594617007065,1.0,1.0,SOXL,SOXL
2016-04-01,2.8963333342976694,1.0,1.0,SOXL,SOXL
2016-04-04,2.8164050291969414,1.0,1.0,SOXL,SOXL
2016-04-05,2.76592377686676,1.0,1.0,SOXL,SOXL
2016-04-06,2.850059748492356,1.0,1.0,SOXL,SOXL
2016-04-07,2.716495216117428,1.0,1.0,SOXL,SOXL
2016-04-08,2.7575113369623176,1.0,1.0,SOXL,SOXL
2016-04-11,2.753303877090685,1.0,1.0,SOXL,SOXL
2016-04-12,2.744891437186243,1.0,1.0,SOXL,SOXL
2016-04-13,2.932090543609488,1.0,1.0,SOXL,SOXL
2016-04-14,2.8605763316390846,1.0,1.0,SOXL,SOXL
2016-04-15,2.783804034748552,1.0,1.0,SOXL,SOXL
2016-04-18,2.788009634741067,1.0,1.0,SOXL,SOXL
2016-04-19,2.6817906983864583,1.0,1.0,SOXL,SOXL
2016-04-20,2.760666311906337,1.0,1.0,SOXL,SOXL
2016-04-21,2.7122883762055015,1.0,1.0,SOXL,SOXL
2016-04-22,2.72701345249004,1.0,1.0,SOXL,SOXL
2016-04-25,2.677582825208355,1.0,1.0,SOXL,SOXL
2016-04-26,2.7848544531438137,1.0,1.0,SOXL,SOXL
2016-04-27,2.8742476830765975,1.0,1.0,SOXL,SOXL
2016-04-28,2.642877480864444,1.0,1.0,SOXL,SOXL
2016-04-29,2.4399032930678706,1.0,1.0,SOXL,SOXL
2016-05-02,2.4399032930678706,0.0,0.0,CASH,SOXL
2016-05-03,2.4399032930678706,0.0,0.0,CASH,SOXL
2016-05-04,2.4399032930678706,0.0,0.0,CASH,SOXL
2016-05-05,2.4399032930678706,0.0,0.0,CASH,SOXL
2016-05-06,2.4399032930678706,0.0,0.0,CASH,SOXL
2016-05-09,2.4399032930678706,0.0,0.0,CASH,SOXL
2016-05-10,2.4399032930678706,0.0,0.0,CASH,SOXL
2016-05-11,2.4399032930678706,0.0,0.0,CASH,SOXL
2016-05-12,2.4399032930678706,0.0,0.0,CASH,SOXL
2016-05-13,2.4399032930678706,0.0,0.0,CASH,SOXL
2016-05-16,2.4399032930678706,0.0,0.0,CASH,SOXL
2016-05-17,2.4399032930678706,0.0,0.0,CASH,SOXL
2016-05-18,2.4399032930678706,0.0,0.0,CASH,SOXL
2016-05-19,2.4399032930678706,0.0,0.0,CASH,SOXL
2016-05-20,2.4399032930678706,0.0,0.0,CASH,SOXL
2016-05-23,2.4930502026278245,1.0,1.0,SOXL,SOXL
2016-05-24,2.6737482520779325,1.0,1.0,SOXL,SOXL
2016-05-25,2.7210963641288797,1.0,1.0,SOXL,SOXL
2016-05-26,2.7481526722836245,1.0,1.0,SOXL,SOXL
2016-05-27,2.798401132466532,1.0,1.0,SOXL,SOXL
2016-05-31,2.8438165018899686,1.0,1.0,SOXL,SOXL
2016-06-01,2.893098305945884,1.0,1.0,SOXL,SOXL
2016-06-02,2.8911655633183733,1.0,1.0,SOXL,SOXL
2016-06-03,2.9182209220956605,1.0,1.0,SOXL,SOXL
2016-06-06,2.89599675532293,1.0,1.0,SOXL,SOXL
2016-06-07,2.98103173466866,1.0,1.0,SOXL,SOXL
2016-06-08,2.9732994350301767,1.0,1.0,SOXL,SOXL
2016-06-09,2.9848960806707323,1.0,1.0,SOXL,SOXL
2016-06-10,2.835120204381373,1.0,1.0,SOXL,SOXL
2016-06-13,2.796467440461564,1.0,1.0,SOXL,SOXL
2016-06-14,2.7887372294534867,1.0,1.0,SOXL,SOXL
2016-06-15,2.789704455206954,1.0,1.0,SOXL,SOXL
2016-06-16,2.786804866576959,1.0,1.0,SOXL,SOXL
2016-06-17,2.7172318282513155,1.0,1.0,SOXL,SOXL
2016-06-20,2.809029792851655,1.0,1.0,SOXL,SOXL
2016-06-21,2.83801884363391,1.0,1.0,SOXL,SOXL
2016-06-22,2.8254566811193107,1.0,1.0,SOXL,SOXL
2016-06-23,3.045773201238763,1.0,1.0,SOXL,SOXL
2016-06-24,2.5317025867966505,1.0,1.0,SOXL,SOXL
2016-06-27,2.2302175219639477,1.0,1.0,SOXL,SOXL
2016-06-28,2.2302175219639477,0.0,0.0,CASH,SOXL
2016-06-29,2.2302175219639477,0.0,0.0,CASH,SOXL
2016-06-30,2.3517276980099733,1.0,1.0,SOXL,SOXL
2016-07-01,2.2757836099940776,1.0,1.0,SOXL,SOXL
2016-07-05,2.1610233452602574,1.0,1.0,SOXL,SOXL
2016-07-06,2.170306317937679,1.0,1.0,SOXL,SOXL
2016-07-07,2.2496249470876237,1.0,1.0,SOXL,SOXL
2016-07-08,2.4386412002262072,1.0,1.0,SOXL,SOXL
2016-07-11,2.5188039620861282,1.0,1.0,SOXL,SOXL
2016-07-12,2.6217491876302397,1.0,1.0,SOXL,SOXL
2016-07-13,2.6285012544571242,1.0,1.0,SOXL,SOXL
2016-07-14,2.6858807235887485,1.0,1.0,SOXL,SOXL
2016-07-15,2.6799734527071264,1.0,1.0,SOXL,SOXL
2016-07-18,2.800640325087283,1.0,1.0,SOXL,SOXL
2016-07-19,2.767730424398052,1.0,1.0,SOXL,SOXL
2016-07-20,2.901055142207322,1.0,1.0,SOXL,SOXL
2016-07-21,2.84030013708872,1.0,1.0,SOXL,SOXL
2016-07-22,2.8850227556441594,1.0,1.0,SOXL,SOXL
2016-07-25,2.9314323131489806,1.0,1.0,SOXL,SOXL
2016-07-26,3.289212266739566,1.0,1.0,SOXL,SOXL
2016-07-27,3.2689603772882703,1.0,1.0,SOXL,SOXL
2016-07-28,3.217487349994161,1.0,1.0,SOXL,SOXL
2016-07-29,3.168544896932946,1.0,1.0,SOXL,SOXL
2016-08-01,3.1854225768678357,1.0,1.0,SOXL,SOXL
2016-08-02,3.0326907655525326,1.0,1.0,SOXL,SOXL
2016-08-03,3.0537856270520547,1.0,1.0,SOXL,SOXL
2016-08-04,3.1331049194372853,1.0,1.0,SOXL,SOXL
2016-08-05,3.252927327489822,1.0,1.0,SOXL,SOXL
2016-08-08,3.2394261783948393,1.0,1.0,SOXL,SOXL
2016-08-09,3.322964973668203,1.0,1.0,SOXL,SOXL
2016-08-10,3.2461775819864385,1.0,1.0,SOXL,SOXL
2016-08-11,3.292586807873617,1.0,1.0,SOXL,SOXL
2016-08-12,3.3347781889608767,1.0,1.0,SOXL,SOXL
2016-08-15,3.4731642210447564,1.0,1.0,SOXL,SOXL
2016-08-16,3.398908730066457,1.0,1.0,SOXL,SOXL
2016-08-17,3.3972217911170755,1.0,1.0,SOXL,SOXL
2016-08-18,3.472319922525959,1.0,1.0,SOXL,SOXL
2016-08-19,3.5626104530085643,1.0,1.0,SOXL,SOXL
2016-08-22,3.5668289610437687,1.0,1.0,SOXL,SOXL
2016-08-23,3.624208430175393,1.0,1.0,SOXL,SOXL
2016-08-24,3.530544353411667,1.0,1.0,SOXL,SOXL
2016-08-25,3.5735783749295105,1.0,1.0,SOXL,SOXL
2016-08-26,3.6233654581271666,1.0,1.0,SOXL,SOXL
2016-08-29,3.660493369425138,1.0,1.0,SOXL,SOXL
2016-08-30,3.628428264681169,1.0,1.0,SOXL,SOXL
2016-08-31,3.630959502149349,1.0,1.0,SOXL,SOXL
2016-09-01,3.7263115127153856,1.0,1.0,SOXL,SOXL
2016-09-02,3.70605962326409,1.0,1.0,SOXL,SOXL
2016-09-06,3.674837822185991,1.0,1.0,SOXL,SOXL
2016-09-07,3.593830927616093,1.0,1.0,SOXL,SOXL
2016-09-08,3.5778001991411448,1.0,1.0,SOXL,SOXL
2016-09-09,3.1837346430655287,1.0,1.0,SOXL,SOXL
2016-09-12,3.374437669344673,1.0,1.0,SOXL,SOXL
2016-09-13,3.2765547529280994,1.0,1.0,SOXL,SOXL
2016-09-14,3.370219492927111,1.0,1.0,SOXL,SOXL
2016-09-15,3.6031139002935144,1.0,1.0,SOXL,SOXL
2016-09-16,3.6048011708605388,1.0,1.0,SOXL,SOXL
2016-09-19,3.622521159608369,1.0,1.0,SOXL,SOXL
2016-09-20,3.57695523738706,1.0,1.0,SOXL,SOXL
2016-09-21,3.7170292032732504,1.0,1.0,SOXL,SOXL
2016-09-22,3.7600638880263797,1.0,1.0,SOXL,SOXL
2016-09-23,3.6402418115914856,1.0,1.0,SOXL,SOXL
2016-09-26,3.527170143895262,1.0,1.0,SOXL,SOXL
2016-09-27,3.7170292032732513,1.0,1.0,SOXL,SOXL
2016-09-28,3.7415009272303235,1.0,1.0,SOXL,SOXL
2016-09-29,3.8790426607954047,1.0,1.0,SOXL,SOXL
2016-09-30,4.059620073966544,1.0,1.0,SOXL,SOXL
2016-10-03,3.9752376434096677,1.0,1.0,SOXL,SOXL
2016-10-04,3.9448601408503667,1.0,1.0,SOXL,SOXL
2016-10-05,4.036836615429426,1.0,1.0,SOXL,SOXL
2016-10-06,4.106875256460735,1.0,1.0,SOXL,SOXL
2016-10-07,4.083247499404818,1.0,1.0,SOXL,SOXL
2016-10-10,4.0224921626685735,1.0,1.0,SOXL,SOXL
2016-10-11,3.7710328048002553,1.0,1.0,SOXL,SOXL
2016-10-12,3.72884308180121,1.0,1.0,SOXL,SOXL
2016-10-13,3.593830927616094,1.0,1.0,SOXL,SOXL
2016-10-14,3.6815892257775906,1.0,1.0,SOXL,SOXL
2016-10-17,3.6191449603861066,1.0,1.0,SOXL,SOXL
2016-10-18,3.7516255454854,1.0,1.0,SOXL,SOXL
2016-10-19,3.695934673391372,1.0,1.0,SOXL,SOXL
2016-10-20,3.7752533025413166,1.0,1.0,SOXL,SOXL
2016-10-21,3.7448748051290868,1.0,1.0,SOXL,SOXL
2016-10-24,3.9532988150089903,1.0,1.0,SOXL,SOXL
2016-10-25,3.9440165055668546,1.0,1.0,SOXL,SOXL
2016-10-26,3.9212337102650214,1.0,1.0,SOXL,SOXL
2016-10-27,3.8689163844521137,1.0,1.0,SOXL,SOXL
2016-10-28,3.802254937495997,1.0,1.0,SOXL,SOXL
2016-10-31,3.8621663073310866,1.0,1.0,SOXL,SOXL
2016-11-01,3.7533124844347814,1.0,1.0,SOXL,SOXL
2016-11-02,3.678213026555327,1.0,1.0,SOXL,SOXL
2016-11-03,3.6537429606864693,1.0,1.0,SOXL,SOXL
2016-11-04,3.5896114247279605,1.0,1.0,SOXL,SOXL
2016-11-07,3.900137190677284,1.0,1.0,SOXL,SOXL
2016-11-08,3.92545155506494,1.0,1.0,SOXL,SOXL
2016-11-09,3.8630106058498845,1.0,1.0,SOXL,SOXL
2016-11-10,3.620833889041345,1.0,1.0,SOXL,SOXL
2016-11-11,4.029241908171956,1.0,1.0,SOXL,SOXL
2016-11-14,3.961737489167613,1.0,1.0,SOXL,SOXL
2016-11-15,4.190411730410598,1.0,1.0,SOXL,SOXL
2016-11-16,4.335549166086077,1.0,1.0,SOXL,SOXL
2016-11-17,4.47731139739222,1.0,1.0,SOXL,SOXL
2016-11-18,4.5692878719712775,1.0,1.0,SOXL,SOXL
2016-11-21,4.630043208707522,1.0,1.0,SOXL,SOXL
2016-11-22,4.81568409166795,1.0,1.0,SOXL,SOXL
2016-11-23,4.8350916826004475,1.0,1.0,SOXL,SOXL
2016-11-25,4.855342908816458,1.0,1.0,SOXL,SOXL
2016-11-28,4.814838798296223,1.0,1.0,SOXL,SOXL
2016-11-29,4.78699352805803,1.0,1.0,SOXL,SOXL
2016-11-30,4.700923163698843,1.0,1.0,SOXL,SOXL
2016-12-01,4.005615477586611,1.0,1.0,SOXL,SOXL
2016-12-02,4.160877863134809,1.0,1.0,SOXL,SOXL
2016-12-05,4.312765375931314,1.0,1.0,SOXL,SOXL
2016-12-06,4.4916565133883575,1.0,1.0,SOXL,SOXL
2016-12-07,4.776022953195942,1.0,1.0,SOXL,SOXL
2016-12-08,4.89837792518723,1.0,1.0,SOXL,SOXL
2016-12-09,4.836777958314544,1.0,1.0,SOXL,SOXL
2016-12-12,4.727082158222941,1.0,1.0,SOXL,SOXL
2016-12-13,4.886565041512201,1.0,1.0,SOXL,SOXL
2016-12-14,4.875593803414826,1.0,1.0,SOXL,SOXL
2016-12-15,5.132116962690075,1.0,1.0,SOXL,SOXL
2016-12-16,4.9650400353786335,1.0,1.0,SOXL,SOXL
2016-12-19,5.119459780496247,1.0,1.0,SOXL,SOXL
2016-12-20,5.263036955161928,1.0,1.0,SOXL,SOXL
2016-12-21,5.263036955161928,1.0,1.0,SOXL,SOXL
2016-12-22,5.34791117468321,1.0,1.0,SOXL,SOXL
2016-12-23,5.4274798435358935,1.0,1.0,SOXL,SOXL
2016-12-27,5.62551526751698,1.0,1.0,SOXL,SOXL
2016-12-28,5.298399997364438,1.0,1.0,SOXL,SOXL
2016-12-29,5.297516567963779,1.0,1.0,SOXL,SOXL
2016-12-30,5.048201781392031,1.0,1.0,SOXL,SOXL
2017-01-03,5.056157951880249,1.0,1.0,SOXL,SOXL
2017-01-04,5.102129774096456,1.0,1.0,SOXL,SOXL
2017-01-05,4.961559044981216,1.0,1.0,SOXL,SOXL
2017-01-06,5.080911219216135,1.0,1.0,SOXL,SOXL
2017-01-09,5.244471009807086,1.0,1.0,SOXL,SOXL
2017-01-10,5.32403967865977,1.0,1.0,SOXL,SOXL
2017-01-11,5.374434616996844,1.0,1.0,SOXL,SOXL
2017-01-12,5.235628756977065,1.0,1.0,SOXL,SOXL
2017-01-13,5.334648127055822,1.0,1.0,SOXL,SOXL
2017-01-17,5.0782599361612295,1.0,1.0,SOXL,SOXL
2017-01-18,5.29044382687622,1.0,1.0,SOXL,SOXL
2017-01-19,5.217948230728738,1.0,1.0,SOXL,SOXL
2017-01-20,5.420406770830692,1.0,1.0,SOXL,SOXL
2017-01-23,5.313430235410787,1.0,1.0,SOXL,SOXL
2017-01-24,5.629054954237189,1.0,1.0,SOXL,SOXL
2017-01-25,5.876601555537047,1.0,1.0,SOXL,SOXL
2017-01-26,5.7740474730027245,1.0,1.0,SOXL,SOXL
2017-01-27,5.993301783481774,1.0,1.0,SOXL,SOXL
2017-01-30,5.897818452329154,1.0,1.0,SOXL,SOXL
2017-01-31,5.667954366983479,1.0,1.0,SOXL,SOXL
2017-02-01,5.937604610652531,1.0,1.0,SOXL,SOXL
2017-02-02,5.92257304613561,1.0,1.0,SOXL,SOXL
2017-02-03,6.025128455140504,1.0,1.0,SOXL,SOXL
2017-02-06,6.087899695527878,1.0,1.0,SOXL,SOXL
2017-02-07,6.155093388800834,1.0,1.0,SOXL,SOXL
2017-02-08,6.185149222246531,1.0,1.0,SOXL,SOXL
2017-02-09,6.023362259574472,1.0,1.0,SOXL,SOXL
2017-02-10,6.00921412445821,1.0,1.0,SOXL,SOXL
2017-02-13,6.051651234218851,1.0,1.0,SOXL,SOXL
2017-02-14,5.987998554136675,1.0,1.0,SOXL,SOXL
2017-02-15,6.1374115360819355,1.0,1.0,SOXL,SOXL
2017-02-16,6.160393965204788,1.0,1.0,SOXL,SOXL
2017-02-17,6.2594149933717596,1.0,1.0,SOXL,SOXL
2017-02-21,6.528181807640152,1.0,1.0,SOXL,SOXL
2017-02-22,6.529065237040811,1.0,1.0,SOXL,SOXL
2017-02-23,6.204601249943175,1.0,1.0,SOXL,SOXL
2017-02-24,6.193993464782408,1.0,1.0,SOXL,SOXL
2017-02-27,6.372580177243278,1.0,1.0,SOXL,SOXL
2017-02-28,6.125916342108793,1.0,1.0,SOXL,SOXL
2017-03-01,6.413250428202601,1.0,1.0,SOXL,SOXL
2017-03-02,6.214325605703284,1.0,1.0,SOXL,SOXL
2017-03-03,6.2028317382007145,1.0,1.0,SOXL,SOXL
2017-03-06,6.212559410137252,1.0,1.0,SOXL,SOXL
2017-03-07,6.25587862282798,1.0,1.0,SOXL,SOXL
2017-03-08,6.301852103132401,1.0,1.0,SOXL,SOXL
2017-03-09,6.331911252754527,1.0,1.0,SOXL,SOXL
2017-03-10,6.550282797068204,1.0,1.0,SOXL,SOXL
2017-03-13,6.702348720156583,1.0,1.0,SOXL,SOXL
2017-03-14,6.64046223564044,1.0,1.0,SOXL,SOXL
2017-03-15,6.801368421852983,1.0,1.0,SOXL,SOXL
2017-03-16,6.77484497953935,1.0,1.0,SOXL,SOXL
2017-03-17,6.811976207013751,1.0,1.0,SOXL,SOXL
2017-03-20,6.964040140396274,1.0,1.0,SOXL,SOXL
2017-03-21,6.479556712663182,1.0,1.0,SOXL,SOXL
2017-03-22,6.6864343894742895,1.0,1.0,SOXL,SOXL
2017-03-23,6.635157679824771,1.0,1.0,SOXL,SOXL
2017-03-24,6.774844979539351,1.0,1.0,SOXL,SOXL
2017-03-27,6.810207358506576,1.0,1.0,SOXL,SOXL
2017-03-28,6.87828448118019,1.0,1.0,SOXL,SOXL
2017-03-29,6.8208171333731995,1.0,1.0,SOXL,SOXL
2017-03-30,6.93751669808264,1.0,1.0,SOXL,SOXL
2017-03-31,6.924255971778752,1.0,1.0,SOXL,SOXL
2017-04-03,6.804020699760818,1.0,1.0,SOXL,SOXL
2017-04-04,6.834943122264021,1.0,1.0,TQQQ,TQQQ
2017-04-05,6.756869284089128,1.0,1.0,TQQQ,TQQQ
2017-04-06,6.762280185963329,1.0,1.0,TQQQ,TQQQ
2017-04-07,6.7545490002665725,1.0,1.0,TQQQ,TQQQ
2017-04-10,6.762280185963329,1.0,1.0,TQQQ,TQQQ
2017-04-11,6.677249672831648,1.0,1.0,TQQQ,TQQQ
2017-04-12,6.589127613534794,1.0,1.0,TQQQ,TQQQ
2017-04-13,6.511051919132843,1.0,1.0,TQQQ,TQQQ
2017-04-17,6.66565475051357,1.0,1.0,TQQQ,TQQQ
2017-04-18,6.646329570612266,1.0,1.0,TQQQ,TQQQ
2017-04-19,6.669518023078125,1.0,1.0,TQQQ,TQQQ
2017-04-20,6.831077065358877,1.0,1.0,TQQQ,TQQQ
2017-04-21,6.827986447307232,1.0,1.0,TQQQ,TQQQ
2017-04-24,7.076121311745486,1.0,1.0,TQQQ,TQQQ
2017-04-25,7.233041642608183,1.0,1.0,TQQQ,TQQQ
2017-04-26,7.201348421819127,1.0,1.0,TQQQ,TQQQ
2017-04-27,7.327348186405678,1.0,1.0,TQQQ,TQQQ
2017-04-28,7.3690914845437545,1.0,1.0,TQQQ,TQQQ
2017-05-01,7.554613025973571,1.0,1.0,TQQQ,TQQQ
2017-05-02,7.599449726503877,1.0,1.0,TQQQ,TQQQ
2017-05-03,7.524466970437394,1.0,1.0,TQQQ,TQQQ
2017-05-04,7.532197228020621,1.0,1.0,TQQQ,TQQQ
2017-05-05,7.614134802816835,1.0,1.0,TQQQ,TQQQ
2017-05-08,7.659742765689761,1.0,1.0,TQQQ,TQQQ
2017-05-09,7.744003408649117,1.0,1.0,TQQQ,TQQQ
2017-05-10,7.756367273025989,1.0,1.0,TQQQ,TQQQ
2017-05-11,7.737816603864654,1.0,1.0,TQQQ,TQQQ
2017-05-12,7.788063278155633,1.0,1.0,TQQQ,TQQQ
2017-05-15,7.860722502002209,1.0,1.0,TQQQ,TQQQ
2017-05-16,7.959670541558345,1.0,1.0,TQQQ,TQQQ
2017-05-17,7.35749656222568,1.0,1.0,TQQQ,TQQQ
2017-05-18,7.543791222225171,1.0,1.0,TQQQ,TQQQ
2017-05-19,7.635008076084551,1.0,1.0,TQQQ,TQQQ
2017-05-22,7.8328967302885895,1.0,1.0,TQQQ,TQQQ
2017-05-23,7.852221910189893,1.0,1.0,TQQQ,TQQQ
2017-05-24,7.960442732014491,1.0,1.0,TQQQ,TQQQ
2017-05-25,8.169929092877194,1.0,1.0,TQQQ,TQQQ
2017-05-26,8.204713859831426,1.0,1.0,TQQQ,TQQQ
2017-05-30,8.221722468364291,1.0,1.0,TQQQ,TQQQ
2017-05-31,8.211671926958507,1.0,1.0,TQQQ,TQQQ
2017-06-01,8.309843135490851,1.0,1.0,TQQQ,TQQQ
2017-06-02,8.59353495733948,1.0,1.0,TQQQ,TQQQ
2017-06-05,8.586580602666515,1.0,1.0,TQQQ,TQQQ
2017-06-06,8.489180656476789,1.0,1.0,TQQQ,TQQQ
2017-06-07,8.581940963134933,1.0,1.0,TQQQ,TQQQ
2017-06-08,8.605131735884616,1.0,1.0,TQQQ,TQQQ
2017-06-09,7.982863170535086,1.0,1.0,TQQQ,TQQQ
2017-06-12,7.83830670404926,1.0,1.0,TQQQ,TQQQ
2017-06-13,8.021513530337694,1.0,1.0,TQQQ,TQQQ
2017-06-14,7.914061186515126,1.0,1.0,TQQQ,TQQQ
2017-06-15,7.80738567371635,1.0,1.0,TQQQ,TQQQ
2017-06-16,7.7138541047155895,1.0,1.0,TQQQ,TQQQ
2017-06-19,8.087217471397777,1.0,1.0,TQQQ,TQQQ
2017-06-20,7.904015285676988,1.0,1.0,TQQQ,TQQQ
2017-06-21,8.133597160670085,1.0,1.0,TQQQ,TQQQ
2017-06-22,8.124322522174564,1.0,1.0,TQQQ,TQQQ
2017-06-23,8.215535663579827,1.0,1.0,TQQQ,TQQQ
2017-06-26,8.106541723185552,1.0,1.0,TQQQ,TQQQ
2017-06-27,7.6605168123729666,1.0,1.0,TQQQ,TQQQ
2017-06-28,7.982087267624824,1.0,1.0,TQQQ,TQQQ
2017-06-29,7.575483978957464,1.0,1.0,TQQQ,TQQQ
2017-06-30,7.54920398032643,1.0,1.0,TQQQ,TQQQ
2017-07-03,7.343581356085048,1.0,1.0,TQQQ,TQQQ
2017-07-05,7.5530677169477505,1.0,1.0,TQQQ,TQQQ
2017-07-06,7.353630969377302,1.0,1.0,TQQQ,TQQQ
2017-07-07,7.573938205874877,1.0,1.0,TQQQ,TQQQ
2017-07-10,7.732405701990455,1.0,1.0,TQQQ,TQQQ
2017-07-11,7.7957916795118045,1.0,1.0,TQQQ,TQQQ
2017-07-12,8.073304121484203,1.0,1.0,TQQQ,TQQQ
2017-07-13,8.126640949770062,1.0,1.0,TQQQ,TQQQ
2017-07-14,8.31757339307408,1.0,1.0,TQQQ,TQQQ
2017-07-17,8.322211176378605,1.0,1.0,TQQQ,TQQQ
2017-07-18,8.487634419337441,1.0,1.0,TQQQ,TQQQ
2017-07-19,8.64300990523108,1.0,1.0,TQQQ,TQQQ
2017-07-20,8.675477172703342,1.0,1.0,TQQQ,TQQQ
2017-07-21,8.662337869472973,1.0,1.0,TQQQ,TQQQ
2017-07-24,8.775195546488566,1.0,1.0,TQQQ,TQQQ
2017-07-25,8.71644596010145,1.0,1.0,TQQQ,TQQQ
2017-07-26,8.794520726389871,1.0,1.0,TQQQ,TQQQ
2017-07-27,8.63759993147041,1.0,1.0,TQQQ,TQQQ
2017-07-28,8.609771375416202,1.0,1.0,TQQQ,TQQQ
2017-07-31,8.497684960743225,1.0,1.0,TQQQ,TQQQ
2017-08-01,8.553341144738111,1.0,1.0,TQQQ,TQQQ
2017-08-02,8.370955538676899,1.0,1.0,SOXL,SOXL
2017-08-03,8.271632459448565,1.0,1.0,SOXL,SOXL
2017-08-04,8.280662261330754,1.0,1.0,SOXL,SOXL
2017-08-07,8.711354888109124,1.0,1.0,SOXL,SOXL
2017-08-08,8.620160053017484,1.0,1.0,SOXL,SOXL
2017-08-09,8.535284927742124,1.0,1.0,SOXL,SOXL
2017-08-10,7.822884970381562,1.0,1.0,SOXL,SOXL
2017-08-11,7.952001451139271,1.0,1.0,SOXL,SOXL
2017-08-14,8.567792485459476,1.0,1.0,SOXL,SOXL
2017-08-15,8.630994325098019,1.0,1.0,SOXL,SOXL
2017-08-16,8.669817528509583,1.0,1.0,SOXL,SOXL
2017-08-17,7.979087470017449,1.0,1.0,SOXL,SOXL
2017-08-18,8.052222023991032,1.0,1.0,SOXL,SOXL
2017-08-21,7.879766422850147,1.0,1.0,SOXL,SOXL
2017-08-22,8.253574887745218,1.0,1.0,SOXL,SOXL
2017-08-23,8.36282797189388,1.0,1.0,SOXL,SOXL
2017-08-24,8.352895934912517,1.0,1.0,SOXL,SOXL
2017-08-25,8.22829198435803,1.0,1.0,SOXL,SOXL
2017-08-28,8.292401477925171,1.0,1.0,SOXL,SOXL
2017-08-29,8.35109214206785,1.0,1.0,SOXL,SOXL
2017-08-30,8.776363907360725,1.0,1.0,SOXL,SOXL
2017-08-31,9.033697343191681,1.0,1.0,SOXL,SOXL
2017-09-01,9.151976165100464,1.0,1.0,SOXL,SOXL
2017-09-05,8.90689527473792,1.0,1.0,TQQQ,TQQQ
2017-09-06,8.983827836802433,1.0,1.0,TQQQ,TQQQ
2017-09-07,9.039349400631336,1.0,1.0,TQQQ,TQQQ
2017-09-08,8.81647751671119,1.0,1.0,TQQQ,TQQQ
2017-09-11,9.097249752647063,1.0,1.0,TQQQ,TQQQ
2017-09-12,9.17418136243448,1.0,1.0,TQQQ,TQQQ
2017-09-13,9.212250543917534,1.0,1.0,TQQQ,TQQQ
2017-09-14,9.056798926145895,1.0,1.0,TQQQ,TQQQ
2017-09-15,9.129766206380971,1.0,1.0,TQQQ,TQQQ
2017-09-18,9.107559104492765,1.0,1.0,TQQQ,TQQQ
2017-09-19,9.146421532797127,1.0,1.0,TQQQ,TQQQ
2017-09-20,9.070279360722632,1.0,1.0,TQQQ,TQQQ
2017-09-21,8.895790771516722,1.0,1.0,TQQQ,TQQQ
2017-09-22,8.873584621905612,1.0,1.0,TQQQ,TQQQ
2017-09-25,8.595194030987853,1.0,1.0,TQQQ,TQQQ
2017-09-26,8.653885725270694,1.0,1.0,TQQQ,TQQQ
2017-09-27,8.888653454679153,1.0,1.0,TQQQ,TQQQ
2017-09-28,8.873584621905612,1.0,1.0,TQQQ,TQQQ
2017-09-29,9.061555550242447,1.0,1.0,TQQQ,TQQQ
2017-10-02,9.086937543970073,1.0,1.0,TQQQ,TQQQ
2017-10-03,9.144043696887397,1.0,1.0,TQQQ,TQQQ
2017-10-04,9.167838244695314,1.0,1.0,TQQQ,TQQQ
2017-10-05,9.431950392829549,1.0,1.0,TQQQ,TQQQ
2017-10-06,9.466056197037359,1.0,1.0,TQQQ,TQQQ
2017-10-09,9.442260696952346,1.0,1.0,TQQQ,TQQQ
2017-10-10,9.46208901065373,1.0,1.0,TQQQ,TQQQ
2017-10-11,9.544576205021583,1.0,1.0,TQQQ,TQQQ
2017-10-12,9.493020875299214,1.0,1.0,TQQQ,TQQQ
2017-10-13,9.599302617474985,1.0,1.0,TQQQ,TQQQ
2017-10-16,9.698440376873512,1.0,1.0,TQQQ,TQQQ
2017-10-17,9.732548085635514,1.0,1.0,TQQQ,TQQQ
2017-10-18,9.695270246419573,1.0,1.0,TQQQ,TQQQ
2017-10-19,9.588196209699593,1.0,1.0,TQQQ,TQQQ
2017-10-20,9.657991454926536,1.0,1.0,TQQQ,TQQQ
2017-10-23,9.477951090248576,1.0,1.0,TQQQ,TQQQ
2017-10-24,9.526333432685716,1.0,1.0,TQQQ,TQQQ
2017-10-25,9.410535585485551,1.0,1.0,TQQQ,TQQQ
2017-10-26,9.323289862466952,1.0,1.0,TQQQ,TQQQ
2017-10-27,10.126735571476338,1.0,1.0,TQQQ,TQQQ
2017-10-30,10.198911509444299,1.0,1.0,TQQQ,TQQQ
2017-10-31,10.306777840708492,1.0,1.0,TQQQ,TQQQ
2017-11-01,10.293291692469179,1.0,1.0,TQQQ,TQQQ
2017-11-02,10.429521384365543,1.0,1.0,SOXL,SOXL
2017-11-03,10.98568735387054,1.0,1.0,SOXL,SOXL
2017-11-06,11.45337498374119,1.0,1.0,SOXL,SOXL
2017-11-07,11.42177640455911,1.0,1.0,SOXL,SOXL
2017-11-08,11.5369393233987,1.0,1.0,SOXL,SOXL
2017-11-09,10.834708286829297,1.0,1.0,SOXL,SOXL
2017-11-10,11.040464124624311,1.0,1.0,SOXL,SOXL
2017-11-13,11.13034902299988,1.0,1.0,SOXL,SOXL
2017-11-14,11.099448981979172,1.0,1.0,SOXL,SOXL
2017-11-15,10.805219018958027,1.0,1.0,SOXL,SOXL
2017-11-16,11.291862003370534,1.0,1.0,SOXL,SOXL
2017-11-17,11.142285280662305,1.0,1.0,SOXL,SOXL
2017-11-20,11.535535925463634,1.0,1.0,SOXL,SOXL
2017-11-21,11.949148483548045,1.0,1.0,SOXL,SOXL
2017-11-22,11.716011635590519,1.0,1.0,SOXL,SOXL
2017-11-24,12.02920011395968,1.0,1.0,SOXL,SOXL
2017-11-27,11.576263966438011,1.0,1.0,SOXL,SOXL
2017-11-28,11.56573110671065,1.0,1.0,SOXL,SOXL
2017-11-29,10.045404415764722,1.0,1.0,SOXL,SOXL
2017-11-30,10.231493717631865,1.0,1.0,SOXL,SOXL
2017-12-01,9.88107937151367,1.0,1.0,SOXL,SOXL
2017-12-04,9.164105281411711,1.0,1.0,SOXL,SOXL
2017-12-05,9.17743680812776,1.0,1.0,TQQQ,TQQQ
2017-12-06,9.270148919243775,1.0,1.0,SOXL,SOXL
2017-12-07,9.541248228222823,1.0,1.0,SOXL,SOXL
2017-12-08,9.393756286046298,1.0,1.0,SOXL,SOXL
2017-12-11,9.557403457423337,1.0,1.0,SOXL,SOXL
2017-12-12,9.27084650985957,1.0,1.0,SOXL,SOXL
2017-12-13,9.269445006054424,1.0,1.0,SOXL,SOXL
2017-12-14,9.248372922151047,1.0,1.0,SOXL,SOXL
2017-12-15,9.65994190160926,1.0,1.0,SOXL,SOXL
2017-12-18,10.311007859883883,1.0,1.0,SOXL,SOXL
2017-12-19,10.27382796608167,1.0,1.0,SOXL,SOXL
2017-12-20,10.48891770344336,1.0,1.0,SOXL,SOXL
2017-12-21,10.149407094814807,1.0,1.0,SOXL,SOXL
2017-12-22,10.122699490347582,1.0,1.0,SOXL,SOXL
2017-12-26,9.83028467838321,1.0,1.0,SOXL,SOXL
2017-12-27,9.929395233938953,1.0,1.0,SOXL,SOXL
2017-12-28,9.992659958713022,1.0,1.0,SOXL,SOXL
2017-12-29,9.693214444953213,1.0,1.0,SOXL,SOXL
2018-01-02,10.492433054341072,1.0,1.0,SOXL,SOXL
2018-01-03,10.799636210331654,1.0,1.0,TQQQ,TQQQ
2018-01-04,10.86294801841562,1.0,1.0,TQQQ,TQQQ
2018-01-05,11.191017275807082,1.0,1.0,TQQQ,TQQQ
2018-01-08,11.31548137659572,1.0,1.0,TQQQ,TQQQ
2018-01-09,11.324115982888285,1.0,1.0,TQQQ,TQQQ
2018-01-10,11.24353582602534,1.0,1.0,TQQQ,TQQQ
2018-01-11,11.468724906941125,1.0,1.0,TQQQ,TQQQ
2018-01-12,11.711899295741814,1.0,1.0,TQQQ,TQQQ
2018-01-16,11.621247159149844,1.0,1.0,TQQQ,TQQQ
2018-01-17,11.98744654769041,1.0,1.0,TQQQ,TQQQ
2018-01-18,11.998957628468194,1.0,1.0,TQQQ,TQQQ
2018-01-19,12.114067572439886,1.0,1.0,TQQQ,TQQQ
2018-01-22,12.492499319894922,1.0,1.0,TQQQ,TQQQ
2018-01-23,12.809056632702447,1.0,1.0,TQQQ,TQQQ
2018-01-24,12.549336037065613,1.0,1.0,TQQQ,TQQQ
2018-01-25,12.533507653141546,1.0,1.0,TQQQ,TQQQ
2018-01-26,13.093240218555913,1.0,1.0,TQQQ,TQQQ
2018-01-29,12.919851864946311,1.0,1.0,TQQQ,TQQQ
2018-01-30,12.58962481978786,1.0,1.0,TQQQ,TQQQ
2018-01-31,12.745027001706404,1.0,1.0,TQQQ,TQQQ
2018-02-01,12.426311037325735,1.0,1.0,TQQQ,TQQQ
2018-02-02,11.667291482260978,1.0,1.0,TQQQ,TQQQ
2018-02-05,10.320485529392531,1.0,1.0,TQQQ,TQQQ
2018-02-06,11.116194386945327,1.0,1.0,TQQQ,TQQQ
2018-02-07,10.676612074397923,1.0,1.0,TQQQ,TQQQ
2018-02-08,9.353545242190972,1.0,1.0,TQQQ,TQQQ
2018-02-09,10.205536793764026,1.0,1.0,SOXL,SOXL
2018-02-12,10.7767993149833,1.0,1.0,TQQQ,TQQQ
2018-02-13,10.907996691889199,1.0,1.0,TQQQ,TQQQ
2018-02-14,11.546731043945552,1.0,1.0,TQQQ,TQQQ
2018-02-15,12.150233036943954,1.0,1.0,TQQQ,TQQQ
2018-02-16,12.014539578246259,1.0,1.0,TQQQ,TQQQ
2018-02-20,12.074513438847971,1.0,1.0,TQQQ,TQQQ
2018-02-21,11.965809072531696,1.0,1.0,TQQQ,TQQQ
2018-02-22,11.96805936371878,1.0,1.0,TQQQ,TQQQ
2018-02-23,12.681012819707568,1.0,1.0,TQQQ,TQQQ
2018-02-26,13.19005208925452,1.0,1.0,TQQQ,TQQQ
2018-02-27,12.717749273394967,1.0,1.0,TQQQ,TQQQ
2018-02-28,12.462103592911474,1.0,1.0,TQQQ,TQQQ
2018-03-01,11.862352385263705,1.0,1.0,TQQQ,TQQQ
2018-03-02,12.188467284445473,1.0,1.0,TQQQ,TQQQ
2018-03-05,12.570809759460694,1.0,1.0,TQQQ,TQQQ
2018-03-06,12.729743325422127,1.0,1.0,TQQQ,TQQQ
2018-03-07,12.82495494578064,1.0,1.0,TQQQ,TQQQ
2018-03-08,13.016127083404728,1.0,1.0,TQQQ,TQQQ
2018-03-09,13.774062960106868,1.0,1.0,TQQQ,TQQQ
2018-03-12,13.980226537619314,1.0,1.0,TQQQ,TQQQ
2018-03-13,13.472686862119435,1.0,1.0,TQQQ,TQQQ
2018-03-14,13.42695734473197,1.0,1.0,TQQQ,TQQQ
2018-03-15,13.36698168389731,1.0,1.0,TQQQ,TQQQ
2018-03-16,13.278518236750628,1.0,1.0,TQQQ,TQQQ
2018-03-19,12.444862761952505,1.0,1.0,TQQQ,TQQQ
2018-03-20,12.536323596960386,1.0,1.0,TQQQ,TQQQ
2018-03-21,12.354899720758752,1.0,1.0,TQQQ,TQQQ
2018-03-22,11.452270120727052,1.0,1.0,TQQQ,TQQQ
2018-03-23,10.5271520106881,1.0,1.0,TQQQ,TQQQ
2018-03-26,11.711663886211754,1.0,1.0,TQQQ,TQQQ
2018-03-27,10.58862816568631,1.0,1.0,TQQQ,TQQQ
2018-03-28,10.223528321863007,1.0,1.0,TQQQ,TQQQ
2018-03-29,10.789546764499898,1.0,1.0,TQQQ,TQQQ
2018-04-02,9.83144298612418,1.0,1.0,TQQQ,TQQQ
2018-04-03,10.394612052510894,1.0,1.0,SOXL,SOXL
2018-04-04,10.791160302382332,1.0,1.0,SOXL,SOXL
2018-04-05,10.459369405083518,1.0,1.0,SOXL,SOXL
2018-04-06,9.50474602556762,1.0,1.0,SOXL,SOXL
2018-04-09,9.678647790210206,1.0,1.0,SOXL,SOXL
2018-04-10,10.60925658486155,1.0,1.0,SOXL,SOXL
2018-04-11,10.6136218814017,1.0,1.0,SOXL,SOXL
2018-04-12,11.21826671881357,1.0,1.0,SOXL,SOXL
2018-04-13,10.95487201198292,1.0,1.0,SOXL,SOXL
2018-04-16,11.025447578384922,1.0,1.0,SOXL,SOXL
2018-04-17,11.646828234091526,1.0,1.0,SOXL,SOXL
2018-04-18,11.28593208752214,1.0,1.0,SOXL,SOXL
2018-04-19,9.828533879209495,1.0,1.0,SOXL,SOXL
2018-04-20,9.475645139412034,1.0,1.0,SOXL,SOXL
2018-04-23,9.094375427431121,1.0,1.0,SOXL,SOXL
2018-04-24,8.87318295027024,1.0,1.0,SOXL,SOXL
2018-04-25,8.84189668889771,1.0,1.0,SOXL,SOXL
2018-04-26,9.390173385220221,1.0,1.0,TQQQ,TQQQ
2018-04-27,9.182619924560013,1.0,1.0,SOXL,SOXL
2018-04-30,8.878207636381093,1.0,1.0,SOXL,SOXL
2018-05-01,9.31734680509924,1.0,1.0,SOXL,SOXL
2018-05-02,9.15488946821113,1.0,1.0,TQQQ,TQQQ
2018-05-03,9.155516967650907,1.0,1.0,TQQQ,TQQQ
2018-05-04,9.670594212616546,1.0,1.0,TQQQ,TQQQ
2018-05-07,9.900427600798059,1.0,1.0,TQQQ,TQQQ
2018-05-08,9.867683470392999,1.0,1.0,TQQQ,TQQQ
2018-05-09,10.19826227164249,1.0,1.0,TQQQ,TQQQ
2018-05-10,10.515623515415319,1.0,1.0,TQQQ,TQQQ
2018-05-11,10.484139676053763,1.0,1.0,TQQQ,TQQQ
2018-05-14,10.530731887468948,1.0,1.0,TQQQ,TQQQ
2018-05-15,10.190080586175899,1.0,1.0,TQQQ,TQQQ
2018-05-16,10.377721819254884,1.0,1.0,TQQQ,TQQQ
2018-05-17,10.260602450925823,1.0,1.0,TQQQ,TQQQ
2018-05-18,10.09625732355443,1.0,1.0,TQQQ,TQQQ
2018-05-21,10.272566521569773,1.0,1.0,TQQQ,TQQQ
2018-05-22,10.219044599473866,1.0,1.0,TQQQ,TQQQ
2018-05-23,10.4759519423998,1.0,1.0,TQQQ,TQQQ
2018-05-24,10.46713670930606,1.0,1.0,TQQQ,TQQQ
2018-05-25,10.493583920634123,1.0,1.0,TQQQ,TQQQ
2018-05-29,10.35946234158078,1.0,1.0,TQQQ,TQQQ
2018-05-30,10.580478984621712,1.0,1.0,TQQQ,TQQQ
2018-05-31,10.557811134377319,1.0,1.0,TQQQ,TQQQ
2018-06-01,11.0489617501019,1.0,1.0,TQQQ,TQQQ
2018-06-04,11.33231554833248,1.0,1.0,TQQQ,TQQQ
2018-06-05,11.449434916661538,1.0,1.0,TQQQ,TQQQ
2018-06-06,11.638338708854294,1.0,1.0,TQQQ,TQQQ
2018-06-07,11.368207004240906,1.0,1.0,TQQQ,TQQQ
2018-06-08,11.360650550143827,1.0,1.0,TQQQ,TQQQ
2018-06-11,11.449434916661541,1.0,1.0,TQQQ,TQQQ
2018-06-12,11.630782254757218,1.0,1.0,TQQQ,TQQQ
2018-06-13,11.617559405116607,1.0,1.0,TQQQ,TQQQ
2018-06-14,11.970809080704175,1.0,1.0,TQQQ,TQQQ
2018-06-15,11.851799653821569,1.0,1.0,TQQQ,TQQQ
2018-06-18,11.825352442493504,1.0,1.0,TQQQ,TQQQ
2018-06-19,11.719566621274929,1.0,1.0,TQQQ,TQQQ
2018-06-20,11.96514192913722,1.0,1.0,TQQQ,TQQQ
2018-06-21,11.655339407531734,1.0,1.0,TQQQ,TQQQ
2018-06-22,11.538221551249517,1.0,1.0,TQQQ,TQQQ
2018-06-25,10.801494871639223,1.0,1.0,TQQQ,TQQQ
2018-06-26,10.92050505454525,1.0,1.0,TQQQ,TQQQ
2018-06-27,10.482248861476798,1.0,1.0,TQQQ,TQQQ
2018-06-28,10.739157716449574,1.0,1.0,TQQQ,TQQQ
2018-06-29,10.78827202199861,1.0,1.0,TQQQ,TQQQ
2018-07-02,11.030070992870916,1.0,1.0,TQQQ,TQQQ
2018-07-03,10.650375618002126,1.0,1.0,TQQQ,TQQQ
2018-07-05,11.04140378395798,1.0,1.0,TQQQ,TQQQ
2018-07-06,11.538221551249515,1.0,1.0,TQQQ,TQQQ
2018-07-09,11.859355351895223,1.0,1.0,TQQQ,TQQQ
2018-07-10,11.887691109729992,1.0,1.0,TQQQ,TQQQ
2018-07-11,11.713899469707975,1.0,1.0,TQQQ,TQQQ
2018-07-12,12.29194288134988,1.0,1.0,TQQQ,TQQQ
2018-07-13,12.327838117375414,1.0,1.0,TQQQ,TQQQ
2018-07-16,12.244719390377812,1.0,1.0,TQQQ,TQQQ
2018-07-17,12.471402428962275,1.0,1.0,TQQQ,TQQQ
2018-07-18,12.392062307024922,1.0,1.0,TQQQ,TQQQ
2018-07-19,12.2088249103757,1.0,1.0,TQQQ,TQQQ
2018-07-20,12.191827235791946,1.0,1.0,TQQQ,TQQQ
2018-07-23,12.297610788940256,1.0,1.0,TQQQ,TQQQ
2018-07-24,12.454402486308256,1.0,1.0,TQQQ,TQQQ
2018-07-25,12.973883567703657,1.0,1.0,TQQQ,TQQQ
2018-07-26,12.407175971242502,1.0,1.0,TQQQ,TQQQ
2018-07-27,11.889578144189855,1.0,1.0,TQQQ,TQQQ
2018-07-30,11.377651248821268,1.0,1.0,TQQQ,TQQQ
2018-07-31,11.604336555475994,1.0,1.0,TQQQ,TQQQ
2018-08-01,11.763014531280433,1.0,1.0,TQQQ,TQQQ
2018-08-02,12.231495028690357,1.0,1.0,TQQQ,TQQQ
2018-08-03,12.341058698945758,1.0,1.0,TQQQ,TQQQ
2018-08-06,12.567744761623906,1.0,1.0,TQQQ,TQQQ
2018-08-07,12.69053203754334,1.0,1.0,TQQQ,TQQQ
2018-08-08,12.72453343489822,1.0,1.0,TQQQ,TQQQ
2018-08-09,12.713200643811154,1.0,1.0,TQQQ,TQQQ
2018-08-10,12.416621727869702,1.0,1.0,TQQQ,TQQQ
2018-08-13,12.380731027984696,1.0,1.0,TQQQ,TQQQ
2018-08-14,12.609303369099282,1.0,1.0,TQQQ,TQQQ
2018-08-15,12.150267116269719,1.0,1.0,TQQQ,TQQQ
2018-08-16,12.261719333031825,1.0,1.0,TQQQ,TQQQ
2018-08-17,12.259830030501702,1.0,1.0,TQQQ,TQQQ
2018-08-20,12.235274389774027,1.0,1.0,TQQQ,TQQQ
2018-08-21,12.361838002683447,1.0,1.0,TQQQ,TQQQ
2018-08-22,12.505402314270308,1.0,1.0,TQQQ,TQQQ
2018-08-23,12.443065159080659,1.0,1.0,TQQQ,TQQQ
2018-08-24,12.788762160688256,1.0,1.0,TQQQ,TQQQ
2018-08-27,13.174125443147421,1.0,1.0,TQQQ,TQQQ
2018-08-28,13.232685505323662,1.0,1.0,TQQQ,TQQQ
2018-08-29,13.695497339119791,1.0,1.0,TQQQ,TQQQ
2018-08-30,13.618044251642301,1.0,1.0,TQQQ,TQQQ
2018-08-31,13.65771733670466,1.0,1.0,TQQQ,TQQQ
2018-09-04,13.495259999816549,1.0,1.0,TQQQ,TQQQ
2018-09-05,12.958772171556337,1.0,1.0,TQQQ,TQQQ
2018-09-06,12.605521739945347,1.0,1.0,TQQQ,TQQQ
2018-09-07,12.48084591751921,1.0,1.0,TQQQ,TQQQ
2018-09-10,12.590412611868297,1.0,1.0,TQQQ,TQQQ
2018-09-11,12.869989317085468,1.0,1.0,TQQQ,TQQQ
2018-09-12,12.758534832253098,1.0,1.0,TQQQ,TQQQ
2018-09-13,13.136340904591762,1.0,1.0,TQQQ,TQQQ
2018-09-14,13.03622677108067,1.0,1.0,TQQQ,TQQQ
2018-09-17,12.486513069086163,1.0,1.0,TQQQ,TQQQ
2018-09-18,12.783091985027616,1.0,1.0,TQQQ,TQQQ
2018-09-19,12.754754715146005,1.0,1.0,TQQQ,TQQQ
2018-09-20,13.15523241784617,1.0,1.0,TQQQ,TQQQ
2018-09-21,12.945549321915726,1.0,1.0,TQQQ,TQQQ
2018-09-24,13.057005318794939,1.0,1.0,TQQQ,TQQQ
2018-09-25,13.109893693263697,1.0,1.0,TQQQ,TQQQ
2018-09-26,13.096672355669929,1.0,1.0,TQQQ,TQQQ
2018-09-27,13.459368543908122,1.0,1.0,TQQQ,TQQQ
2018-09-28,13.438588484147012,1.0,1.0,TQQQ,TQQQ
2018-10-01,13.516041571624504,1.0,1.0,TQQQ,TQQQ
2018-10-02,13.438588484147013,1.0,1.0,TQQQ,TQQQ
2018-10-03,13.47825854511569,1.0,1.0,TQQQ,TQQQ
2018-10-04,12.70941901465722,1.0,1.0,TQQQ,TQQQ
2018-10-05,12.231495028690356,1.0,1.0,TQQQ,TQQQ
2018-10-08,12.01236768817955,1.0,1.0,TQQQ,TQQQ
2018-10-09,12.10492990373409,1.0,1.0,TQQQ,TQQQ
2018-10-10,10.535142528109503,1.0,1.0,TQQQ,TQQQ
2018-10-11,10.108220638174958,1.0,1.0,TQQQ,TQQQ
2018-10-12,10.108220638174958,0.0,0.0,CASH,TQQQ
2018-10-15,10.108220638174958,0.0,0.0,CASH,TQQQ
2018-10-16,10.108220638174958,0.0,0.0,CASH,TQQQ
2018-10-17,10.108220638174958,0.0,0.0,CASH,TQQQ
2018-10-18,10.108220638174958,0.0,0.0,CASH,TQQQ
2018-10-19,10.108220638174958,0.0,0.0,CASH,TQQQ
2018-10-22,10.108220638174958,0.0,0.0,CASH,TQQQ
2018-10-23,10.108220638174958,0.0,0.0,CASH,TQQQ
2018-10-24,10.108220638174958,0.0,0.0,CASH,TQQQ
2018-10-25,10.108220638174958,0.0,0.0,CASH,TQQQ
2018-10-26,10.108220638174958,0.0,0.0,CASH,TQQQ
2018-10-29,10.108220638174958,0.0,0.0,CASH,TQQQ
2018-10-30,10.108220638174958,0.0,0.0,CASH,TQQQ
2018-10-31,10.108220638174958,0.0,0.0,CASH,TQQQ
2018-11-01,10.108220638174958,0.0,0.0,CASH,TQQQ
2018-11-02,10.108220638174958,0.0,0.0,CASH,TQQQ
2018-11-05,10.108220638174958,0.0,0.0,CASH,TQQQ
2018-11-06,10.108220638174958,0.0,0.0,CASH,TQQQ
2018-11-07,10.108220638174958,0.0,0.0,CASH,TQQQ
2018-11-08,10.108220638174958,0.0,0.0,CASH,TQQQ
2018-11-09,10.108220638174958,0.0,0.0,CASH,TQQQ
2018-11-12,10.108220638174958,0.0,0.0,CASH,TQQQ
2018-11-13,10.108220638174958,0.0,0.0,CASH,TQQQ
2018-11-14,10.108220638174958,0.0,0.0,CASH,TQQQ
2018-11-15,10.108220638174958,0.0,0.0,CASH,TQQQ
2018-11-16,10.108220638174958,0.0,0.0,CASH,TQQQ
2018-11-19,10.108220638174958,0.0,0.0,CASH,TQQQ
2018-11-20,10.108220638174958,0.0,0.0,CASH,TQQQ
2018-11-21,10.108220638174958,0.0,0.0,CASH,SOXL
2018-11-23,10.108220638174958,0.0,0.0,CASH,TQQQ
2018-11-26,10.108220638174958,0.0,0.0,CASH,TQQQ
2018-11-27,10.108220638174958,0.0,0.0,CASH,TQQQ
2018-11-28,10.108220638174958,0.0,0.0,CASH,TQQQ
2018-11-29,10.108220638174958,0.0,0.0,CASH,TQQQ
2018-11-30,10.108220638174958,0.0,0.0,CASH,TQQQ
2018-12-03,10.108220638174958,0.0,0.0,CASH,TQQQ
2018-12-04,10.108220638174958,0.0,0.0,CASH,SOXL
2018-12-06,10.108220638174958,0.0,0.0,CASH,TQQQ
2018-12-07,10.108220638174958,0.0,0.0,CASH,SOXL
2018-12-10,10.108220638174958,0.0,0.0,CASH,TQQQ
2018-12-11,10.108220638174958,0.0,0.0,CASH,SOXL
2018-12-12,10.108220638174958,0.0,0.0,CASH,SOXL
2018-12-13,10.108220638174958,0.0,0.0,CASH,SOXL
2018-12-14,10.108220638174958,0.0,0.0,CASH,SOXL
2018-12-17,10.108220638174958,0.0,0.0,CASH,SOXL
2018-12-18,10.108220638174958,0.0,0.0,CASH,SOXL
2018-12-19,10.108220638174958,0.0,0.0,CASH,SOXL
2018-12-20,10.108220638174958,0.0,0.0,CASH,TQQQ
2018-12-21,10.108220638174958,0.0,0.0,CASH,SOXL
2018-12-24,10.108220638174958,0.0,0.0,CASH,SOXL
2018-12-26,10.108220638174958,0.0,0.0,CASH,TQQQ
2018-12-27,10.108220638174958,0.0,0.0,CASH,SOXL
2018-12-28,10.108220638174958,0.0,0.0,CASH,SOXL
2018-12-31,10.108220638174958,0.0,0.0,CASH,SOXL
2019-01-02,10.108220638174958,0.0,0.0,CASH,SOXL
2019-01-03,10.108220638174958,0.0,0.0,CASH,TQQQ
2019-01-04,10.108220638174958,0.0,0.0,CASH,TQQQ
2019-01-07,10.108220638174958,0.0,0.0,CASH,TQQQ
2019-01-08,10.108220638174958,0.0,0.0,CASH,TQQQ
2019-01-09,10.108220638174958,0.0,0.0,CASH,TQQQ
2019-01-10,10.108220638174958,0.0,0.0,CASH,TQQQ
2019-01-11,10.108220638174958,0.0,0.0,CASH,TQQQ
2019-01-14,10.108220638174958,0.0,0.0,CASH,TQQQ
2019-01-15,10.108220638174958,0.0,0.0,CASH,TQQQ
2019-01-16,10.108220638174958,0.0,0.0,CASH,TQQQ
2019-01-17,10.108220638174958,0.0,0.0,CASH,TQQQ
2019-01-18,10.108220638174958,0.0,0.0,CASH,TQQQ
2019-01-22,10.108220638174958,0.0,0.0,CASH,TQQQ
2019-01-23,10.108220638174958,0.0,0.0,CASH,TQQQ
2019-01-24,10.108220638174958,0.0,0.0,CASH,TQQQ
2019-01-25,10.108220638174958,0.0,0.0,CASH,TQQQ
2019-01-28,10.108220638174958,0.0,0.0,CASH,TQQQ
2019-01-29,10.108220638174958,0.0,0.0,CASH,TQQQ
2019-01-30,10.108220638174958,0.0,0.0,CASH,TQQQ
2019-01-31,10.108220638174958,0.0,0.0,CASH,TQQQ
2019-02-01,10.108220638174958,0.0,0.0,CASH,TQQQ
2019-02-04,10.108220638174958,0.0,0.0,CASH,TQQQ
2019-02-05,10.108220638174958,0.0,0.0,CASH,TQQQ
2019-02-06,10.108220638174958,0.0,0.0,CASH,TQQQ
2019-02-07,10.108220638174958,0.0,0.0,CASH,TQQQ
2019-02-08,10.108220638174958,0.0,0.0,CASH,TQQQ
2019-02-11,10.108220638174958,0.0,0.0,CASH,TQQQ
2019-02-12,10.108220638174958,0.0,0.0,CASH,TQQQ
2019-02-13,10.108220638174958,0.0,0.0,CASH,TQQQ
2019-02-14,10.108220638174958,0.0,0.0,CASH,TQQQ
2019-02-15,10.108220638174958,0.0,0.0,CASH,TQQQ
2019-02-19,10.108220638174958,0.0,0.0,CASH,TQQQ
2019-02-20,10.108220638174958,0.0,0.0,CASH,TQQQ
2019-02-21,10.108220638174958,0.0,0.0,CASH,TQQQ
2019-02-22,10.108220638174958,0.0,0.0,CASH,TQQQ
2019-02-25,10.108220638174958,0.0,0.0,CASH,TQQQ
2019-02-26,10.108220638174958,0.0,0.0,CASH,TQQQ
2019-02-27,10.108220638174958,0.0,0.0,CASH,TQQQ
2019-02-28,10.108220638174958,0.0,0.0,CASH,TQQQ
2019-03-01,10.108220638174958,0.0,0.0,CASH,TQQQ
2019-03-04,10.112884089149206,1.0,1.0,SOXL,SOXL
2019-03-05,9.968311331629616,1.0,1.0,SOXL,SOXL
2019-03-06,9.480974349770905,1.0,1.0,SOXL,SOXL
2019-03-07,9.158411095050914,1.0,1.0,SOXL,SOXL
2019-03-08,9.143645426071743,1.0,1.0,SOXL,SOXL
2019-03-11,9.795762490118813,1.0,1.0,SOXL,SOXL
2019-03-12,9.910017038987924,1.0,1.0,SOXL,SOXL
2019-03-13,10.031270230709124,1.0,1.0,SOXL,SOXL
2019-03-14,9.860270865847598,1.0,1.0,SOXL,SOXL
2019-03-15,10.70981736848885,1.0,1.0,SOXL,SOXL
2019-03-18,10.639863292947965,1.0,1.0,SOXL,SOXL
2019-03-19,11.070685973796758,1.0,1.0,SOXL,SOXL
2019-03-20,10.755334544957782,1.0,1.0,SOXL,SOXL
2019-03-21,11.870343025814824,1.0,1.0,SOXL,SOXL
2019-03-22,10.860450532440536,1.0,1.0,SOXL,SOXL
2019-03-25,10.446215686623043,1.0,1.0,SOXL,SOXL
2019-03-26,10.763899996412716,1.0,1.0,SOXL,SOXL
2019-03-27,10.292044493215672,1.0,1.0,SOXL,SOXL
2019-03-28,10.238318903535376,1.0,1.0,SOXL,SOXL
2019-03-29,10.709395624285284,1.0,1.0,SOXL,SOXL
2019-04-01,11.498156654824863,1.0,1.0,SOXL,SOXL
2019-04-02,11.534752497058863,1.0,1.0,SOXL,SOXL
2019-04-03,12.320394931419182,1.0,1.0,SOXL,SOXL
2019-04-04,12.367116100929533,1.0,1.0,SOXL,SOXL
2019-04-05,12.649762133379479,1.0,1.0,SOXL,SOXL
2019-04-08,12.740861192277341,1.0,1.0,SOXL,SOXL
2019-04-09,12.311053008444254,1.0,1.0,SOXL,SOXL
2019-04-10,12.627184375193938,1.0,1.0,SOXL,SOXL
2019-04-11,12.59603654369918,1.0,1.0,SOXL,SOXL
2019-04-12,13.12006238260939,1.0,1.0,SOXL,SOXL
2019-04-15,12.840526858093707,1.0,1.0,SOXL,SOXL
2019-04-16,14.06377338900348,1.0,1.0,SOXL,SOXL
2019-04-17,14.70381123687493,1.0,1.0,SOXL,SOXL
2019-04-18,14.731842783117571,1.0,1.0,SOXL,SOXL
2019-04-22,14.738073042694666,1.0,1.0,SOXL,SOXL
2019-04-23,15.18033481290051,1.0,1.0,SOXL,SOXL
2019-04-24,15.620270634937087,1.0,1.0,SOXL,SOXL
2019-04-25,14.769995034782271,1.0,1.0,SOXL,SOXL
2019-04-26,14.400142700206576,1.0,1.0,SOXL,SOXL
2019-04-29,14.324618134787878,1.0,1.0,SOXL,SOXL
2019-04-30,14.642298978186835,1.0,1.0,SOXL,SOXL
2019-05-01,14.283347286943913,1.0,1.0,SOXL,SOXL
2019-05-02,14.759094391449498,1.0,1.0,SOXL,SOXL
2019-05-03,15.054977414573624,1.0,1.0,SOXL,SOXL
2019-05-06,14.31526927903152,1.0,1.0,SOXL,SOXL
2019-05-07,13.270339663781076,1.0,1.0,SOXL,SOXL
2019-05-08,12.951871949689982,1.0,1.0,SOXL,SOXL
2019-05-09,12.490918245289283,1.0,1.0,SOXL,SOXL
2019-05-10,12.527517553913999,1.0,1.0,SOXL,SOXL
2019-05-13,10.759228457193466,1.0,1.0,SOXL,SOXL
2019-05-14,11.529299864465335,1.0,1.0,SOXL,SOXL
2019-05-15,11.81194589691528,1.0,1.0,SOXL,SOXL
2019-05-16,11.212397803513515,1.0,1.0,SOXL,SOXL
2019-05-17,10.549774109211524,1.0,1.0,SOXL,SOXL
2019-05-20,9.285265396434573,1.0,1.0,SOXL,SOXL
2019-05-21,9.869244195943246,1.0,1.0,SOXL,SOXL
2019-05-22,9.25178179533019,1.0,1.0,SOXL,SOXL
2019-05-23,8.783821937564188,1.0,1.0,SOXL,SOXL
2019-05-24,8.770842042327596,1.0,1.0,TQQQ,TQQQ
2019-05-28,8.53217514524954,1.0,1.0,SOXL,SOXL
2019-05-29,8.647918900945347,1.0,1.0,SOXL,SOXL
2019-05-30,8.845077790561872,1.0,1.0,SOXL,SOXL
2019-05-31,8.461132867368448,1.0,1.0,SOXL,SOXL
2019-06-03,8.542550962593278,1.0,1.0,SOXL,SOXL
2019-06-04,9.234895620059271,1.0,1.0,TQQQ,TQQQ
2019-06-05,9.438420444508592,1.0,1.0,TQQQ,TQQQ
2019-06-06,9.656482497123411,1.0,1.0,TQQQ,TQQQ
2019-06-07,10.207086457376533,1.0,1.0,TQQQ,TQQQ
2019-06-10,10.579608465069242,1.0,1.0,TQQQ,TQQQ
2019-06-11,10.619584934991257,1.0,1.0,TQQQ,TQQQ
2019-06-12,10.43968501213037,1.0,1.0,TQQQ,TQQQ
2019-06-13,10.61050089170071,1.0,1.0,TQQQ,TQQQ
2019-06-14,10.472394683035834,1.0,1.0,TQQQ,TQQQ
2019-06-17,10.663196619487746,1.0,1.0,TQQQ,TQQQ
2019-06-18,11.124761418526857,1.0,1.0,TQQQ,TQQQ
2019-06-19,11.255598650095747,1.0,1.0,TQQQ,TQQQ
2019-06-20,11.564519286278006,1.0,1.0,TQQQ,TQQQ
2019-06-21,11.511819202332104,1.0,1.0,TQQQ,TQQQ
2019-06-24,11.508186891863545,1.0,1.0,TQQQ,TQQQ
2019-06-25,10.919420801856493,1.0,1.0,TQQQ,TQQQ
2019-06-26,11.057526284494893,1.0,1.0,TQQQ,TQQQ
2019-06-27,11.177459324393327,1.0,1.0,TQQQ,TQQQ
2019-06-28,11.224706223464285,1.0,1.0,TQQQ,TQQQ
2019-07-01,11.671732342284946,1.0,1.0,TQQQ,TQQQ
2019-07-02,11.813473765524293,1.0,1.0,TQQQ,TQQQ
2019-07-03,12.075144598529684,1.0,1.0,TQQQ,TQQQ
2019-07-05,11.997004546800785,1.0,1.0,TQQQ,TQQQ
2019-07-08,11.744417757085943,1.0,1.0,TQQQ,TQQQ
2019-07-09,11.92068536947827,1.0,1.0,TQQQ,TQQQ
2019-07-10,12.273219142209973,1.0,1.0,TQQQ,TQQQ
2019-07-11,12.24051019733099,1.0,1.0,TQQQ,TQQQ
2019-07-12,12.445850814001352,1.0,1.0,TQQQ,TQQQ
2019-07-15,12.551245173681334,1.0,1.0,TQQQ,TQQQ
2019-07-16,12.373161043041486,1.0,1.0,TQQQ,TQQQ
2019-07-17,12.189627357659083,1.0,1.0,TQQQ,TQQQ
2019-07-18,12.24232235941964,1.0,1.0,TQQQ,TQQQ
2019-07-19,11.946123885208312,1.0,1.0,TQQQ,TQQQ
2019-07-22,12.227788761386535,1.0,1.0,TQQQ,TQQQ
2019-07-23,12.464018900582452,1.0,1.0,TQQQ,TQQQ
2019-07-24,12.729329304321183,1.0,1.0,TQQQ,TQQQ
2019-07-25,12.365890613892546,1.0,1.0,TQQQ,TQQQ
2019-07-26,12.732963792869176,1.0,1.0,TQQQ,TQQQ
2019-07-29,12.614843641085873,1.0,1.0,TQQQ,TQQQ
2019-07-30,12.445850814001354,1.0,1.0,TQQQ,TQQQ
2019-07-31,11.92068536947827,1.0,1.0,TQQQ,TQQQ
2019-08-01,11.75350543050888,1.0,1.0,TQQQ,TQQQ
2019-08-02,11.215620002094301,1.0,1.0,TQQQ,TQQQ
2019-08-05,10.038088548106675,1.0,1.0,TQQQ,TQQQ
2019-08-06,10.450587751747877,1.0,1.0,TQQQ,TQQQ
2019-08-07,10.603231188578249,1.0,1.0,TQQQ,TQQQ
2019-08-08,11.304662793440706,1.0,1.0,TQQQ,TQQQ
2019-08-09,10.970301463448969,1.0,1.0,TQQQ,TQQQ
2019-08-12,10.603231188578249,1.0,1.0,TQQQ,TQQQ
2019-08-13,11.299211060618713,1.0,1.0,TQQQ,TQQQ
2019-08-14,10.28704520543239,1.0,1.0,TQQQ,TQQQ
2019-08-15,10.243431342856471,1.0,1.0,TQQQ,TQQQ
2019-08-16,10.715895977407174,1.0,1.0,TQQQ,TQQQ
2019-08-19,11.217437972394777,1.0,1.0,TQQQ,TQQQ
2019-08-20,10.986655209861981,1.0,1.0,TQQQ,TQQQ
2019-08-21,11.266502115739728,1.0,1.0,TQQQ,TQQQ
2019-08-22,11.157472541485275,1.0,1.0,TQQQ,TQQQ
2019-08-23,10.13621683479658,1.0,1.0,TQQQ,TQQQ
2019-08-26,10.546898794163784,1.0,1.0,TQQQ,TQQQ
2019-08-27,10.483297422653335,1.0,1.0,TQQQ,TQQQ
2019-08-28,10.588696864518663,1.0,1.0,TQQQ,TQQQ
2019-08-29,11.070246268386393,1.0,1.0,TQQQ,TQQQ
2019-08-30,10.99210766871045,1.0,1.0,TQQQ,TQQQ
2019-09-03,10.672283566884209,1.0,1.0,TQQQ,TQQQ
2019-09-04,11.544866812624168,1.0,1.0,SOXL,SOXL
2019-09-05,12.623068066331758,1.0,1.0,SOXL,SOXL
2019-09-06,12.6739232236706,1.0,1.0,SOXL,SOXL
2019-09-09,12.851931347017295,1.0,1.0,SOXL,SOXL
2019-09-10,13.021217782888293,1.0,1.0,SOXL,SOXL
2019-09-11,13.604637415412626,1.0,1.0,SOXL,SOXL
2019-09-12,13.724517822613127,1.0,1.0,SOXL,SOXL
2019-09-13,13.600272803509592,1.0,1.0,SOXL,SOXL
2019-09-16,13.323461235770901,1.0,1.0,SOXL,SOXL
2019-09-17,13.444794001495625,1.0,1.0,SOXL,SOXL
2019-09-18,13.470950450973717,1.0,1.0,SOXL,SOXL
2019-09-19,13.26606454367063,1.0,1.0,SOXL,SOXL
2019-09-20,12.526434008467787,1.0,1.0,SOXL,SOXL
2019-09-23,12.909324809261694,1.0,1.0,SOXL,SOXL
2019-09-24,12.284336931651987,1.0,1.0,SOXL,SOXL
2019-09-25,12.912458846077119,1.0,1.0,SOXL,SOXL
2019-09-26,12.953216397338373,1.0,1.0,SOXL,SOXL
2019-09-27,12.009217808390744,1.0,1.0,SOXL,SOXL
2019-09-30,12.389146831349121,1.0,1.0,SOXL,SOXL
2019-10-01,12.049974283033375,1.0,1.0,SOXL,SOXL
2019-10-02,11.481542258378338,1.0,1.0,SOXL,SOXL
2019-10-03,12.068902315067717,1.0,1.0,SOXL,SOXL
2019-10-04,12.723221590478667,1.0,1.0,SOXL,SOXL
2019-10-07,12.433543353560612,1.0,1.0,SOXL,SOXL
2019-10-08,11.29012054359112,1.0,1.0,SOXL,SOXL
2019-10-09,11.859285745529325,1.0,1.0,SOXL,SOXL
2019-10-10,12.20427634089095,1.0,1.0,SOXL,SOXL
2019-10-11,13.023814587010177,1.0,1.0,SOXL,SOXL
2019-10-14,13.021632281058661,1.0,1.0,SOXL,SOXL
2019-10-15,13.875377930728721,1.0,1.0,SOXL,SOXL
2019-10-16,13.272005325239684,1.0,1.0,SOXL,SOXL
2019-10-17,13.411022628487647,1.0,1.0,SOXL,SOXL
2019-10-18,12.963404439380406,1.0,1.0,SOXL,SOXL
2019-10-21,13.700699788787079,1.0,1.0,SOXL,SOXL
2019-10-22,13.38045419588705,1.0,1.0,SOXL,SOXL
2019-10-23,12.6024002186005,1.0,1.0,SOXL,SOXL
2019-10-24,13.516558169137582,1.0,1.0,SOXL,SOXL
2019-10-25,14.348467839868984,1.0,1.0,SOXL,SOXL
2019-10-28,15.101046867266644,1.0,1.0,SOXL,SOXL
2019-10-29,14.705104218889987,1.0,1.0,SOXL,SOXL
2019-10-30,14.707289754697376,1.0,1.0,SOXL,SOXL
2019-10-31,14.430713966437414,1.0,1.0,SOXL,SOXL
2019-11-01,15.425658148688331,1.0,1.0,SOXL,SOXL
2019-11-04,15.700925136546088,1.0,1.0,TQQQ,TQQQ
2019-11-05,15.720430200328076,1.0,1.0,TQQQ,TQQQ
2019-11-06,15.620729569740798,1.0,1.0,TQQQ,TQQQ
2019-11-07,15.778955783290332,1.0,1.0,TQQQ,TQQQ
2019-11-08,15.96535366861023,1.0,1.0,TQQQ,TQQQ
2019-11-11,15.898163209595648,1.0,1.0,TQQQ,TQQQ
2019-11-12,16.02820562782248,1.0,1.0,TQQQ,TQQQ
2019-11-13,16.00436206423816,1.0,1.0,TQQQ,TQQQ
2019-11-14,16.000027028307922,1.0,1.0,TQQQ,TQQQ
2019-11-15,16.301305963683145,1.0,1.0,TQQQ,TQQQ
2019-11-18,16.385829638674476,1.0,1.0,TQQQ,TQQQ
2019-11-19,16.453023561561157,1.0,1.0,TQQQ,TQQQ
2019-11-20,16.164758393656886,1.0,1.0,TQQQ,TQQQ
2019-11-21,16.039045815552143,1.0,1.0,TQQQ,TQQQ
2019-11-22,16.082394442918453,1.0,1.0,TQQQ,TQQQ
2019-11-25,16.639424910753153,1.0,1.0,TQQQ,TQQQ
2019-11-26,16.73912727327648,1.0,1.0,TQQQ,TQQQ
2019-11-27,17.077251416154635,1.0,1.0,TQQQ,TQQQ
2019-11-29,16.849666359657373,1.0,1.0,TQQQ,TQQQ
2019-12-02,16.307809383546527,1.0,1.0,TQQQ,TQQQ
2019-12-03,15.562134092039184,1.0,1.0,SOXL,SOXL
2019-12-04,16.29317279356666,1.0,1.0,SOXL,SOXL
2019-12-05,16.488833634518947,1.0,1.0,SOXL,SOXL
2019-12-06,17.25530895043208,1.0,1.0,SOXL,SOXL
2019-12-09,16.96412456143761,1.0,1.0,SOXL,SOXL
2019-12-10,17.152858517961125,1.0,1.0,SOXL,SOXL
2019-12-11,18.277529761998796,1.0,1.0,SOXL,SOXL
2019-12-12,19.76041288684763,1.0,1.0,SOXL,SOXL
2019-12-13,19.435333596682202,1.0,1.0,SOXL,SOXL
2019-12-16,19.98689089992957,1.0,1.0,SOXL,SOXL
2019-12-17,20.24956783792239,1.0,1.0,SOXL,SOXL
2019-12-18,20.220294657962665,1.0,1.0,SOXL,SOXL
2019-12-19,20.69558900331418,1.0,1.0,SOXL,SOXL
2019-12-20,21.360378476236818,1.0,1.0,SOXL,SOXL
2019-12-23,21.504422120653658,1.0,1.0,SOXL,SOXL
2019-12-24,21.664046981994176,1.0,1.0,SOXL,SOXL
2019-12-26,21.745783990358166,1.0,1.0,SOXL,SOXL
2019-12-27,21.503651833785117,1.0,1.0,SOXL,SOXL
2019-12-30,21.051001187622376,1.0,1.0,SOXL,SOXL
2019-12-31,21.192114095610396,1.0,1.0,SOXL,SOXL
2020-01-02,22.51383064590401,1.0,1.0,SOXL,SOXL
2020-01-03,21.901666486583274,1.0,1.0,TQQQ,TQQQ
2020-01-06,22.318035912313107,1.0,1.0,TQQQ,TQQQ
2020-01-07,22.290777363999002,1.0,1.0,TQQQ,TQQQ
2020-01-08,22.80379991238053,1.0,1.0,TQQQ,TQQQ
2020-01-09,23.378793144027103,1.0,1.0,TQQQ,TQQQ
2020-01-10,23.187953610264085,1.0,1.0,TQQQ,TQQQ
2020-01-13,23.998399011758963,1.0,1.0,TQQQ,TQQQ
2020-01-14,23.718334205825368,1.0,1.0,TQQQ,TQQQ
2020-01-15,23.733207724126178,1.0,1.0,TQQQ,TQQQ
2020-01-16,24.39494169906438,1.0,1.0,TQQQ,TQQQ
2020-01-17,24.759264699114947,1.0,1.0,TQQQ,TQQQ
2020-01-21,24.74687768939737,1.0,1.0,TQQQ,TQQQ
2020-01-22,24.915403976152742,1.0,1.0,TQQQ,TQQQ
2020-01-23,25.14589698676459,1.0,1.0,TQQQ,TQQQ
2020-01-24,24.49407539118645,1.0,1.0,TQQQ,TQQQ
2020-01-27,22.979771866955595,1.0,1.0,TQQQ,TQQQ
2020-01-28,24.047966847672136,1.0,1.0,TQQQ,TQQQ
2020-01-29,24.13470561125948,1.0,1.0,TQQQ,TQQQ
2020-01-30,24.407334647894817,1.0,1.0,TQQQ,TQQQ
2020-01-31,23.207786287801355,1.0,1.0,TQQQ,TQQQ
2020-02-03,24.273500699047524,1.0,1.0,TQQQ,TQQQ
2020-02-04,25.93155253119002,1.0,1.0,TQQQ,TQQQ
2020-02-05,26.231440116139456,1.0,1.0,TQQQ,TQQQ
2020-02-06,26.870864803478586,1.0,1.0,TQQQ,TQQQ
2020-02-07,26.523891931790633,1.0,1.0,TQQQ,TQQQ
2020-02-10,27.480554332441812,1.0,1.0,TQQQ,TQQQ
2020-02-11,27.500383050570512,1.0,1.0,TQQQ,TQQQ
2020-02-12,28.305861374011783,1.0,1.0,TQQQ,TQQQ
2020-02-13,28.196811343121077,1.0,1.0,TQQQ,TQQQ
2020-02-14,28.3876508768841,1.0,1.0,TQQQ,TQQQ
2020-02-18,28.43721673309299,1.0,1.0,TQQQ,TQQQ
2020-02-19,29.26004716460116,1.0,1.0,TQQQ,TQQQ
2020-02-20,28.427306333437212,1.0,1.0,TQQQ,TQQQ
2020-02-21,26.801472208845283,1.0,1.0,TQQQ,TQQQ
2020-02-24,23.71338098570176,1.0,1.0,TQQQ,TQQQ
2020-02-25,21.795095045458652,1.0,1.0,TQQQ,TQQQ
2020-02-26,22.094980650703803,1.0,1.0,TQQQ,TQQQ
2020-02-27,18.79126795554496,1.0,1.0,TQQQ,TQQQ
2020-02-28,20.15492349399894,1.0,1.0,SOXL,SOXL
2020-03-02,22.90593787424654,1.0,1.0,TQQQ,TQQQ
2020-03-03,20.74910151952645,1.0,1.0,TQQQ,TQQQ
2020-03-04,23.267155745210708,1.0,1.0,TQQQ,TQQQ
2020-03-05,21.225492699718068,1.0,1.0,TQQQ,TQQQ
2020-03-06,20.11304210056815,1.0,1.0,TQQQ,TQQQ
2020-03-09,16.027090973915534,1.0,1.0,TQQQ,TQQQ
2020-03-10,16.027090973915534,0.0,0.0,CASH,SOXL
2020-03-11,16.027090973915534,0.0,0.0,CASH,TQQQ
2020-03-12,16.027090973915534,0.0,0.0,CASH,SOXL
2020-03-13,16.027090973915534,0.0,0.0,CASH,TQQQ
2020-03-16,16.027090973915534,0.0,0.0,CASH,TQQQ
2020-03-17,16.027090973915534,0.0,0.0,CASH,SOXL
2020-03-18,16.027090973915534,0.0,0.0,CASH,TQQQ
2020-03-19,16.027090973915534,0.0,0.0,CASH,TQQQ
2020-03-20,16.027090973915534,0.0,0.0,CASH,TQQQ
2020-03-23,16.027090973915534,0.0,0.0,CASH,SOXL
2020-03-24,16.027090973915534,0.0,0.0,CASH,TQQQ
2020-03-25,16.027090973915534,0.0,0.0,CASH,TQQQ
2020-03-26,16.027090973915534,0.0,0.0,CASH,TQQQ
2020-03-27,16.027090973915534,0.0,0.0,CASH,TQQQ
2020-03-30,16.027090973915534,0.0,0.0,CASH,TQQQ
2020-03-31,16.027090973915534,0.0,0.0,CASH,TQQQ
2020-04-01,16.027090973915534,0.0,0.0,CASH,TQQQ
2020-04-02,16.027090973915534,0.0,0.0,CASH,TQQQ
2020-04-03,16.027090973915534,0.0,0.0,CASH,TQQQ
2020-04-06,16.027090973915534,0.0,0.0,CASH,TQQQ
2020-04-07,16.027090973915534,0.0,0.0,CASH,TQQQ
2020-04-08,16.027090973915534,0.0,0.0,CASH,TQQQ
2020-04-09,16.027090973915534,0.0,0.0,CASH,TQQQ
2020-04-13,16.027090973915534,0.0,0.0,CASH,TQQQ
2020-04-14,16.027090973915534,0.0,0.0,CASH,TQQQ
2020-04-15,15.495445351699312,1.0,1.0,TQQQ,TQQQ
2020-04-16,16.325514587158366,1.0,1.0,TQQQ,TQQQ
2020-04-17,16.73427583281856,1.0,1.0,TQQQ,TQQQ
2020-04-20,16.192604433574473,1.0,1.0,TQQQ,TQQQ
2020-04-21,14.402062754117498,1.0,1.0,TQQQ,TQQQ
2020-04-22,15.676006491085186,1.0,1.0,TQQQ,TQQQ
2020-04-23,15.573185687498405,1.0,1.0,TQQQ,TQQQ
2020-04-24,16.325514587158366,1.0,1.0,TQQQ,TQQQ
2020-04-27,16.644001773370444,1.0,1.0,TQQQ,TQQQ
2020-04-28,15.743716041975771,1.0,1.0,TQQQ,TQQQ
2020-04-29,17.381277985422837,1.0,1.0,TQQQ,TQQQ
2020-04-30,17.496639523691528,1.0,1.0,TQQQ,TQQQ
2020-05-01,15.926781121678292,1.0,1.0,TQQQ,TQQQ
2020-05-04,16.48851809704389,1.0,1.0,TQQQ,TQQQ
2020-05-05,17.015149829170053,1.0,1.0,TQQQ,TQQQ
2020-05-06,17.35118863542572,1.0,1.0,TQQQ,TQQQ
2020-05-07,18.028284144331625,1.0,1.0,TQQQ,TQQQ
2020-05-08,18.75553858566066,1.0,1.0,TQQQ,TQQQ
2020-05-11,19.221980600455197,1.0,1.0,TQQQ,TQQQ
2020-05-12,18.078437067297994,1.0,1.0,TQQQ,TQQQ
2020-05-13,17.393821724833128,1.0,1.0,TQQQ,TQQQ
2020-05-14,17.970611387806294,1.0,1.0,TQQQ,TQQQ
2020-05-15,18.27906278122924,1.0,1.0,TQQQ,TQQQ
2020-05-18,19.337334126114868,1.0,1.0,TQQQ,TQQQ
2020-05-19,19.189377294380158,1.0,1.0,TQQQ,TQQQ
2020-05-20,20.31285124511135,1.0,1.0,TQQQ,TQQQ
2020-05-21,19.688418608945224,1.0,1.0,TQQQ,TQQQ
2020-05-22,19.86647080013381,1.0,1.0,TQQQ,TQQQ
2020-05-26,19.783716574244664,1.0,1.0,TQQQ,TQQQ
2020-05-27,20.062078617670494,1.0,1.0,TQQQ,TQQQ
2020-05-28,19.93418135260053,1.0,1.0,TQQQ,TQQQ
2020-05-29,20.756731756076746,1.0,1.0,TQQQ,TQQQ
2020-06-01,21.012518273607665,1.0,1.0,TQQQ,TQQQ
2020-06-02,21.431313308904738,1.0,1.0,TQQQ,TQQQ
2020-06-03,21.72221508543635,1.0,1.0,TQQQ,TQQQ
2020-06-04,21.280852536853377,1.0,1.0,TQQQ,TQQQ
2020-06-05,22.54225153283465,1.0,1.0,TQQQ,TQQQ
2020-06-08,23.043808806629883,1.0,1.0,TQQQ,TQQQ
2020-06-09,23.557895797769632,1.0,1.0,TQQQ,TQQQ
2020-06-10,24.40802159516505,1.0,1.0,TQQQ,TQQQ
2020-06-11,20.81440651575433,1.0,1.0,TQQQ,TQQQ
2020-06-12,21.265802853974183,1.0,1.0,TQQQ,TQQQ
2020-06-15,22.015622805436863,1.0,1.0,TQQQ,TQQQ
2020-06-16,23.1792218989543,1.0,1.0,TQQQ,TQQQ
2020-06-17,23.404917063335844,1.0,1.0,TQQQ,TQQQ
2020-06-18,23.585481207450094,1.0,1.0,TQQQ,TQQQ
2020-06-19,23.552881907679566,1.0,1.0,TQQQ,TQQQ
2020-06-22,24.390469975121455,1.0,1.0,TQQQ,TQQQ
2020-06-23,25.027440341241107,1.0,1.0,TQQQ,TQQQ
2020-06-24,23.552881907679563,1.0,1.0,TQQQ,TQQQ
2020-06-25,24.177312540693435,1.0,1.0,TQQQ,TQQQ
2020-06-26,22.439431730823987,1.0,1.0,TQQQ,TQQQ
2020-06-29,23.156650379363885,1.0,1.0,TQQQ,TQQQ
2020-06-30,24.488273883889793,1.0,1.0,TQQQ,TQQQ
2020-07-01,25.363479147496776,1.0,1.0,TQQQ,TQQQ
2020-07-02,26.307191163703518,1.0,1.0,SOXL,SOXL
2020-07-06,28.416833144708814,1.0,1.0,SOXL,SOXL
2020-07-07,27.36622305164566,1.0,1.0,SOXL,SOXL
2020-07-08,28.498401516740728,1.0,1.0,SOXL,SOXL
2020-07-09,29.631974277514207,1.0,1.0,SOXL,SOXL
2020-07-10,29.33663257506182,1.0,1.0,SOXL,SOXL
2020-07-13,27.872543268627417,1.0,1.0,SOXL,SOXL
2020-07-14,29.349287053250272,1.0,1.0,SOXL,SOXL
2020-07-15,29.055343796165815,1.0,1.0,SOXL,SOXL
2020-07-16,28.700927113719718,1.0,1.0,SOXL,SOXL
2020-07-17,29.232554212233623,1.0,1.0,SOXL,SOXL
2020-07-20,31.034185488684763,1.0,1.0,SOXL,SOXL
2020-07-21,30.377383005827628,1.0,1.0,SOXL,SOXL
2020-07-22,30.741651051192036,1.0,1.0,SOXL,SOXL
2020-07-23,29.30990027517987,1.0,1.0,SOXL,SOXL
2020-07-24,27.913326417220997,1.0,1.0,SOXL,SOXL
2020-07-27,30.557411061078895,1.0,1.0,SOXL,SOXL
2020-07-28,28.750150730795117,1.0,1.0,SOXL,SOXL
2020-07-29,30.612259582297412,1.0,1.0,SOXL,SOXL
2020-07-30,32.404045720364515,1.0,1.0,SOXL,SOXL
2020-07-31,31.856940279944418,1.0,1.0,SOXL,SOXL
2020-08-03,33.75280685568448,1.0,1.0,SOXL,SOXL
2020-08-04,34.19165065052677,1.0,1.0,TQQQ,TQQQ
2020-08-05,34.46422294856804,1.0,1.0,TQQQ,TQQQ
2020-08-06,35.78348245107113,1.0,1.0,TQQQ,TQQQ
2020-08-07,34.61413880112521,1.0,1.0,TQQQ,TQQQ
2020-08-10,34.148037776478795,1.0,1.0,TQQQ,TQQQ
2020-08-11,32.21003327879588,1.0,1.0,TQQQ,TQQQ
2020-08-12,34.61959503707769,1.0,1.0,TQQQ,TQQQ
2020-08-13,34.86218634187646,1.0,1.0,TQQQ,TQQQ
2020-08-14,34.761328712975065,1.0,1.0,TQQQ,TQQQ
2020-08-17,35.908864837262534,1.0,1.0,TQQQ,TQQQ
2020-08-18,36.96373421838414,1.0,1.0,TQQQ,TQQQ
2020-08-19,36.241407830864546,1.0,1.0,TQQQ,TQQQ
2020-08-20,37.73237547070071,1.0,1.0,TQQQ,TQQQ
2020-08-21,38.52011572611991,1.0,1.0,TQQQ,TQQQ
2020-08-24,39.234268646055455,1.0,1.0,TQQQ,TQQQ
2020-08-25,40.15011940564231,1.0,1.0,TQQQ,TQQQ
2020-08-26,42.72047247481434,1.0,1.0,TQQQ,TQQQ
2020-08-27,42.33342808521768,1.0,1.0,TQQQ,TQQQ
2020-08-28,42.98760595505461,1.0,1.0,TQQQ,TQQQ
2020-08-31,43.982504640615474,1.0,1.0,TQQQ,TQQQ
2020-09-01,46.26666877182331,1.0,1.0,TQQQ,TQQQ
2020-09-02,50.417116922859826,1.0,1.0,SOXL,SOXL
2020-09-03,41.81283800661047,1.0,1.0,SOXL,SOXL
2020-09-04,40.653458997489174,1.0,1.0,SOXL,SOXL
2020-09-08,34.907332759652036,1.0,1.0,TQQQ,TQQQ
2020-09-09,37.79370550047523,1.0,1.0,SOXL,SOXL
2020-09-10,36.22409839952656,1.0,1.0,SOXL,SOXL
2020-09-11,36.09767403575746,1.0,1.0,SOXL,SOXL
2020-09-14,38.379842712631266,1.0,1.0,SOXL,SOXL
2020-09-15,40.35333926294806,1.0,1.0,SOXL,SOXL
2020-09-16,39.13837920662712,1.0,1.0,SOXL,SOXL
2020-09-17,38.959413463437016,1.0,1.0,SOXL,SOXL
2020-09-18,37.14352651845512,1.0,1.0,SOXL,SOXL
2020-09-21,36.9645631974197,1.0,1.0,SOXL,SOXL
2020-09-22,38.30432235171629,1.0,1.0,SOXL,SOXL
2020-09-23,35.452433827139494,1.0,1.0,SOXL,SOXL
2020-09-24,36.488430562425016,1.0,1.0,SOXL,SOXL
2020-09-25,38.062966748157095,1.0,1.0,SOXL,SOXL
2020-09-28,41.17098601986988,1.0,1.0,SOXL,SOXL
2020-09-29,41.5141229854358,1.0,1.0,SOXL,SOXL
2020-09-30,41.56994396229992,1.0,1.0,SOXL,SOXL
2020-10-01,44.15094355124669,1.0,1.0,SOXL,SOXL
2020-10-02,40.51010466809482,1.0,1.0,TQQQ,TQQQ
2020-10-05,43.065146644664644,1.0,1.0,TQQQ,TQQQ
2020-10-06,40.75174374624153,1.0,1.0,TQQQ,TQQQ
2020-10-07,42.894383798803744,1.0,1.0,TQQQ,TQQQ
2020-10-08,43.52588204637034,1.0,1.0,TQQQ,TQQQ
2020-10-09,45.462309555424504,1.0,1.0,TQQQ,TQQQ
2020-10-12,49.70244753068608,1.0,1.0,TQQQ,TQQQ
2020-10-13,49.708881699708726,1.0,1.0,TQQQ,TQQQ
2020-10-14,48.48130916554658,1.0,1.0,TQQQ,TQQQ
2020-10-15,47.479282565971715,1.0,1.0,TQQQ,TQQQ
2020-10-16,46.751104494670905,1.0,1.0,TQQQ,TQQQ
2020-10-19,44.42804519537861,1.0,1.0,TQQQ,TQQQ
2020-10-20,44.71479809304447,1.0,1.0,TQQQ,TQQQ
2020-10-21,44.598808041239515,1.0,1.0,TQQQ,TQQQ
2020-10-22,44.6213688115005,1.0,1.0,TQQQ,TQQQ
2020-10-23,44.88235414906449,1.0,1.0,TQQQ,TQQQ
2020-10-26,42.836375904563226,1.0,1.0,TQQQ,TQQQ
2020-10-27,43.848074347012926,1.0,1.0,TQQQ,TQQQ
2020-10-28,38.702561285567,1.0,1.0,TQQQ,TQQQ
2020-10-29,41.78419423500643,1.0,1.0,SOXL,SOXL
2020-10-30,38.877870640037955,1.0,1.0,TQQQ,TQQQ
2020-11-02,38.8911149260993,1.0,1.0,TQQQ,TQQQ
2020-11-03,41.20495852921616,1.0,1.0,SOXL,SOXL
2020-11-04,45.52363608154534,1.0,1.0,SOXL,SOXL
2020-11-05,51.52734164356437,1.0,1.0,SOXL,SOXL
2020-11-06,54.17790234283546,1.0,1.0,SOXL,SOXL
2020-11-09,52.108485738857446,1.0,1.0,SOXL,SOXL
2020-11-10,47.422380647670956,1.0,1.0,SOXL,SOXL
2020-11-11,52.589723365894606,1.0,1.0,SOXL,SOXL
2020-11-12,50.55414722019798,1.0,1.0,SOXL,SOXL
2020-11-13,52.42982039613338,1.0,1.0,SOXL,SOXL
2020-11-16,56.29648740891963,1.0,1.0,SOXL,SOXL
2020-11-17,54.92508696017593,1.0,1.0,SOXL,SOXL
2020-11-18,53.75970504404716,1.0,1.0,SOXL,SOXL
2020-11-19,56.25497160808971,1.0,1.0,SOXL,SOXL
2020-11-20,55.3417419324474,1.0,1.0,SOXL,SOXL
2020-11-23,57.846230701809795,1.0,1.0,SOXL,SOXL
2020-11-24,58.78098490487104,1.0,1.0,SOXL,SOXL
2020-11-25,58.1521738476985,1.0,1.0,SOXL,SOXL
2020-11-27,60.15392768013159,1.0,1.0,SOXL,SOXL
2020-11-30,62.41550455934521,1.0,1.0,SOXL,SOXL
2020-12-01,65.72715176628108,1.0,1.0,SOXL,SOXL
2020-12-02,66.226824731449,1.0,1.0,SOXL,SOXL
2020-12-03,66.32676295348615,1.0,1.0,SOXL,SOXL
2020-12-04,71.84770217071457,1.0,1.0,SOXL,SOXL
2020-12-07,72.78708788958082,1.0,1.0,SOXL,SOXL
2020-12-08,73.70493093601029,1.0,1.0,SOXL,SOXL
2020-12-09,67.40142885289764,1.0,1.0,SOXL,SOXL
2020-12-10,67.27073028935833,1.0,1.0,SOXL,SOXL
2020-12-11,64.949202271184,1.0,1.0,SOXL,SOXL
2020-12-14,67.3952776918481,1.0,1.0,SOXL,SOXL
2020-12-15,70.20572321586258,1.0,1.0,SOXL,SOXL
2020-12-16,70.05044722565188,1.0,1.0,SOXL,SOXL
2020-12-17,70.42556371582111,1.0,1.0,SOXL,SOXL
2020-12-18,69.50618287912926,1.0,1.0,SOXL,SOXL
2020-12-21,68.13786254716479,1.0,1.0,SOXL,SOXL
2020-12-22,67.88582371303985,1.0,1.0,SOXL,SOXL
2020-12-23,66.47585149261162,1.0,1.0,SOXL,SOXL
2020-12-24,68.39479599985347,1.0,1.0,SOXL,SOXL
2020-12-28,68.00578042601478,1.0,1.0,SOXL,SOXL
2020-12-29,67.48299978062093,1.0,1.0,SOXL,SOXL
2020-12-30,70.97185123183347,1.0,1.0,SOXL,SOXL
2020-12-31,71.72682006182954,1.0,1.0,SOXL,SOXL
2021-01-04,70.73658746670647,1.0,1.0,SOXL,SOXL
2021-01-05,74.83434489051531,1.0,1.0,SOXL,SOXL
2021-01-06,74.28386133912623,1.0,1.0,SOXL,SOXL
2021-01-07,82.47016759018746,1.0,1.0,SOXL,SOXL
2021-01-08,82.53934547072247,1.0,1.0,SOXL,SOXL
2021-01-11,85.54538521459978,1.0,1.0,SOXL,SOXL
2021-01-12,87.22602212997108,1.0,1.0,SOXL,SOXL
2021-01-13,87.45817856079209,1.0,1.0,SOXL,SOXL
2021-01-14,93.1489097825074,1.0,1.0,SOXL,SOXL
2021-01-15,87.23830630705233,1.0,1.0,SOXL,SOXL
2021-01-19,96.10114047596464,1.0,1.0,SOXL,SOXL
2021-01-20,95.30003793809703,1.0,1.0,SOXL,SOXL
2021-01-21,99.54232496529774,1.0,1.0,SOXL,SOXL
2021-01-22,94.07917762990643,1.0,1.0,SOXL,SOXL
2021-01-25,94.4835665701145,1.0,1.0,SOXL,SOXL
2021-01-26,90.0783009926278,1.0,1.0,SOXL,SOXL
2021-01-27,76.44424345381695,1.0,1.0,SOXL,SOXL
2021-01-28,81.03403479028088,1.0,1.0,SOXL,SOXL
2021-01-29,77.03620651600026,1.0,1.0,SOXL,SOXL
2021-02-01,86.14043292981681,1.0,1.0,SOXL,SOXL
2021-02-02,90.06138076348711,1.0,1.0,SOXL,SOXL
2021-02-03,84.4905971822378,1.0,1.0,SOXL,SOXL
2021-02-04,86.57866232830627,1.0,1.0,SOXL,SOXL
2021-02-05,84.6981671138785,1.0,1.0,SOXL,SOXL
2021-02-08,92.56463113538157,1.0,1.0,SOXL,SOXL
2021-02-09,91.38525941049411,1.0,1.0,SOXL,SOXL
2021-02-10,92.24941588537395,1.0,1.0,SOXL,SOXL
2021-02-11,101.86259190473179,1.0,1.0,SOXL,SOXL
2021-02-12,105.5697914281851,1.0,1.0,SOXL,SOXL
2021-02-16,107.43800246553164,1.0,1.0,SOXL,SOXL
2021-02-17,101.50740318041109,1.0,1.0,SOXL,SOXL
2021-02-18,98.45061182162063,1.0,1.0,SOXL,SOXL
2021-02-19,105.6313121111894,1.0,1.0,SOXL,SOXL
2021-02-22,94.11760877770263,1.0,1.0,SOXL,SOXL
2021-02-23,92.20790008454401,1.0,1.0,SOXL,SOXL
2021-02-24,100.8954443085623,1.0,1.0,SOXL,SOXL
2021-02-25,83.53571561813169,1.0,1.0,SOXL,SOXL
2021-02-26,89.28334961580968,1.0,1.0,SOXL,SOXL
2021-03-01,98.15691656277745,1.0,1.0,SOXL,SOXL
2021-03-02,88.91278298886515,1.0,1.0,SOXL,SOXL
2021-03-03,80.74803301900407,1.0,1.0,SOXL,SOXL
2021-03-04,69.14668924932477,1.0,1.0,SOXL,SOXL
2021-03-05,75.53549106132793,1.0,1.0,SOXL,SOXL
2021-03-08,63.47288279300462,1.0,1.0,SOXL,SOXL
2021-03-09,74.84357616834409,1.0,1.0,SOXL,SOXL
2021-03-10,70.85345045413878,1.0,1.0,SOXL,SOXL
2021-03-11,79.50254992159748,1.0,1.0,SOXL,SOXL
2021-03-12,77.08078882484601,1.0,1.0,SOXL,SOXL
2021-03-15,82.03961353424656,1.0,1.0,SOXL,SOXL
2021-03-16,85.29169064759648,1.0,1.0,SOXL,SOXL
2021-03-17,88.61293656897249,1.0,1.0,SOXL,SOXL
2021-03-18,77.74965954516641,1.0,1.0,SOXL,SOXL
2021-03-19,80.14834017921872,1.0,1.0,SOXL,SOXL
2021-03-22,85.3378152829591,1.0,1.0,SOXL,SOXL
2021-03-23,78.5216756194281,1.0,1.0,SOXL,SOXL
2021-03-24,75.19898263287894,1.0,1.0,SOXL,SOXL
2021-03-25,75.7066348696443,1.0,1.0,SOXL,SOXL
2021-03-26,86.96685684008744,1.0,1.0,SOXL,SOXL
2021-03-29,82.58275742591722,1.0,1.0,SOXL,SOXL
2021-03-30,81.9597482382007,1.0,1.0,SOXL,SOXL
2021-03-31,88.16672336263112,1.0,1.0,SOXL,SOXL
2021-04-01,97.85789574119674,1.0,1.0,SOXL,SOXL
2021-04-05,103.73549814379525,1.0,1.0,TQQQ,TQQQ
2021-04-06,103.4905718928981,1.0,1.0,TQQQ,TQQQ
2021-04-07,104.25590835182314,1.0,1.0,TQQQ,TQQQ
2021-04-08,107.51103357082488,1.0,1.0,TQQQ,TQQQ
2021-04-09,109.46003488478779,1.0,1.0,TQQQ,TQQQ
2021-04-12,109.0314445115749,1.0,1.0,TQQQ,TQQQ
2021-04-13,112.76617655706136,1.0,1.0,TQQQ,TQQQ
2021-04-14,108.80694440413504,1.0,1.0,TQQQ,TQQQ
2021-04-15,113.61311977907276,1.0,1.0,TQQQ,TQQQ
2021-04-16,114.09270215287178,1.0,1.0,TQQQ,TQQQ
2021-04-19,110.98044582553783,1.0,1.0,TQQQ,TQQQ
2021-04-20,108.55185398688067,1.0,1.0,TQQQ,TQQQ
2021-04-21,111.29674946600223,1.0,1.0,TQQQ,TQQQ
2021-04-22,107.24571378005137,1.0,1.0,TQQQ,TQQQ
2021-04-23,111.28657714874976,1.0,1.0,TQQQ,TQQQ
2021-04-26,113.49066072907183,1.0,1.0,TQQQ,TQQQ
2021-04-27,112.00086455082204,1.0,1.0,TQQQ,TQQQ
2021-04-28,110.84779000559871,1.0,1.0,TQQQ,TQQQ
2021-04-29,111.96006116927886,1.0,1.0,TQQQ,TQQQ
2021-04-30,109.85798604281474,1.0,1.0,TQQQ,TQQQ
2021-05-03,108.06205039045778,1.0,1.0,TQQQ,TQQQ
2021-05-04,102.36812841196547,1.0,1.0,TQQQ,TQQQ
2021-05-05,101.17424233430371,1.0,1.0,TQQQ,TQQQ
2021-05-06,103.38855528814489,1.0,1.0,TQQQ,TQQQ
2021-05-07,105.91918818424094,1.0,1.0,TQQQ,TQQQ
2021-05-10,97.95995310042608,1.0,1.0,TQQQ,TQQQ
2021-05-11,97.47013320221272,1.0,1.0,TQQQ,TQQQ
2021-05-12,90.05170186630211,1.0,1.0,TQQQ,TQQQ
2021-05-13,91.9496867269932,1.0,1.0,TQQQ,TQQQ
2021-05-14,97.92932203613537,1.0,1.0,TQQQ,TQQQ
2021-05-17,96.27623897365574,1.0,1.0,TQQQ,TQQQ
2021-05-18,94.25582766654463,1.0,1.0,TQQQ,TQQQ
2021-05-19,94.60277052219499,1.0,1.0,TQQQ,TQQQ
2021-05-20,100.07220054414269,1.0,1.0,TQQQ,TQQQ
2021-05-21,98.41911748166305,1.0,1.0,TQQQ,TQQQ
2021-05-24,103.34774375570649,1.0,1.0,TQQQ,TQQQ
2021-05-25,103.84773597117233,1.0,1.0,TQQQ,TQQQ
2021-05-26,104.89876945895676,1.0,1.0,TQQQ,TQQQ
2021-05-27,103.67427676969001,1.0,1.0,TQQQ,TQQQ
2021-05-28,104.68447427235031,1.0,1.0,TQQQ,TQQQ
2021-06-01,103.66406369796134,1.0,1.0,TQQQ,TQQQ
2021-06-02,104.20488374765605,1.0,1.0,TQQQ,TQQQ
2021-06-03,100.92936498877796,1.0,1.0,TQQQ,TQQQ
2021-06-04,106.10285230655667,1.0,1.0,TQQQ,TQQQ
2021-06-07,107.0416398160688,1.0,1.0,TQQQ,TQQQ
2021-06-08,107.16408256427927,1.0,1.0,TQQQ,TQQQ
2021-06-09,107.28654161428024,1.0,1.0,TQQQ,TQQQ
2021-06-10,110.57226529399175,1.0,1.0,TQQQ,TQQQ
2021-06-11,111.4498232785034,1.0,1.0,TQQQ,TQQQ
2021-06-14,114.57230897935646,1.0,1.0,TQQQ,TQQQ
2021-06-15,112.44983216212076,1.0,1.0,TQQQ,TQQQ
2021-06-16,111.24574931452084,1.0,1.0,TQQQ,TQQQ
2021-06-17,115.39884235970105,1.0,1.0,TQQQ,TQQQ
2021-06-18,112.64371750706039,1.0,1.0,TQQQ,TQQQ
2021-06-21,114.70498110108608,1.0,1.0,TQQQ,TQQQ
2021-06-22,117.90906541413028,1.0,1.0,TQQQ,TQQQ
2021-06-23,118.11314752900807,1.0,1.0,TQQQ,TQQQ
2021-06-24,120.28664895041084,1.0,1.0,TQQQ,TQQQ
2021-06-25,119.90907503046978,1.0,1.0,TQQQ,TQQQ
2021-06-28,124.15401236315071,1.0,1.0,TQQQ,TQQQ
2021-06-29,125.55198055569026,1.0,1.0,TQQQ,TQQQ
2021-06-30,125.00096373605736,1.0,1.0,TQQQ,TQQQ
2021-07-01,125.06219326105784,1.0,1.0,TQQQ,TQQQ
2021-07-02,129.30712244284354,1.0,1.0,TQQQ,TQQQ
2021-07-06,131.04183672109525,1.0,1.0,TQQQ,TQQQ
2021-07-07,131.87855872048277,1.0,1.0,TQQQ,TQQQ
2021-07-08,129.5928357734934,1.0,1.0,TQQQ,TQQQ
2021-07-09,131.78669813119157,1.0,1.0,TQQQ,TQQQ
2021-07-12,133.43979749546168,1.0,1.0,TQQQ,TQQQ
2021-07-13,133.36835489873255,1.0,1.0,TQQQ,TQQQ
2021-07-14,134.09289612700965,1.0,1.0,TQQQ,TQQQ
2021-07-15,131.3173288291212,1.0,1.0,TQQQ,TQQQ
2021-07-16,128.09281022172448,1.0,1.0,TQQQ,TQQQ
2021-07-19,125.02137357772418,1.0,1.0,TQQQ,TQQQ
2021-07-20,129.14385186040417,1.0,1.0,TQQQ,TQQQ
2021-07-21,132.09284575619398,1.0,1.0,TQQQ,TQQQ
2021-07-22,134.86840490318718,1.0,1.0,TQQQ,TQQQ
2021-07-23,139.34801466056044,1.0,1.0,TQQQ,TQQQ
2021-07-26,139.92966254448405,1.0,1.0,TQQQ,TQQQ
2021-07-27,135.35820849961004,1.0,1.0,TQQQ,TQQQ
2021-07-28,136.83778345523595,1.0,1.0,TQQQ,TQQQ
2021-07-29,137.51125932486983,1.0,1.0,TQQQ,TQQQ
2021-07-30,135.45002833442507,1.0,1.0,TQQQ,TQQQ
2021-08-02,135.4092086510914,1.0,1.0,TQQQ,TQQQ
2021-08-03,137.76631713854326,1.0,1.0,TQQQ,TQQQ
2021-08-04,138.45003053259148,1.0,1.0,TQQQ,TQQQ
2021-08-05,141.05212232720714,1.0,1.0,TQQQ,TQQQ
2021-08-06,139.21535068972605,1.0,1.0,TQQQ,TQQQ
2021-08-09,139.9602610051938,1.0,1.0,TQQQ,TQQQ
2021-08-10,137.86841525224878,1.0,1.0,TQQQ,TQQQ
2021-08-11,137.12350493678105,1.0,1.0,TQQQ,TQQQ
2021-08-12,138.55209604271607,1.0,1.0,TQQQ,TQQQ
2021-08-13,139.93985116352695,1.0,1.0,TQQQ,TQQQ
2021-08-16,140.18478556531934,1.0,1.0,TQQQ,TQQQ
2021-08-17,136.5010862748952,1.0,1.0,TQQQ,TQQQ
2021-08-18,132.53164105024024,1.0,1.0,TQQQ,TQQQ
2021-08-19,134.41938838651697,1.0,1.0,TQQQ,TQQQ
2021-08-20,138.5725058843829,1.0,1.0,TQQQ,TQQQ
2021-08-23,144.74602653846472,1.0,1.0,TQQQ,TQQQ
2021-08-24,146.17461764439975,1.0,1.0,TQQQ,TQQQ
2021-08-25,146.33784747236294,1.0,1.0,TQQQ,TQQQ
2021-08-26,143.8582310295387,1.0,1.0,TQQQ,TQQQ
2021-08-27,148.0623812824669,1.0,1.0,TQQQ,TQQQ
2021-08-30,152.9705895639483,1.0,1.0,TQQQ,TQQQ
2021-08-31,152.5419991907354,1.0,1.0,TQQQ,TQQQ
2021-09-01,153.37868858654198,1.0,1.0,TQQQ,TQQQ
2021-09-02,153.16446675799264,1.0,1.0,TQQQ,TQQQ
2021-09-03,154.54200065617965,1.0,1.0,TQQQ,TQQQ
2021-09-07,155.17467314427034,1.0,1.0,TQQQ,TQQQ
2021-09-08,153.5828033050007,1.0,1.0,TQQQ,TQQQ
2021-09-09,151.9399577669354,1.0,1.0,TQQQ,TQQQ
2021-09-10,148.5215701163895,1.0,1.0,TQQQ,TQQQ
2021-09-13,148.18479142709643,1.0,1.0,TQQQ,TQQQ
2021-09-14,146.90925783187214,1.0,1.0,TQQQ,TQQQ
2021-09-15,150.16443195624527,1.0,1.0,TQQQ,TQQQ
2021-09-16,150.46032575504282,1.0,1.0,TQQQ,TQQQ
2021-09-17,145.14396954559632,1.0,1.0,TQQQ,TQQQ
2021-09-20,136.21534034066434,1.0,1.0,TQQQ,TQQQ
2021-09-21,136.38882399483236,1.0,1.0,TQQQ,TQQQ
2021-09-22,140.37863015578273,1.0,1.0,TQQQ,TQQQ
2021-09-23,144.27661648191807,1.0,1.0,TQQQ,TQQQ
2021-09-24,144.68481331525462,1.0,1.0,TQQQ,TQQQ
2021-09-27,141.1949586152939,1.0,1.0,TQQQ,TQQQ
2021-09-28,129.41936027022052,1.0,1.0,TQQQ,TQQQ
2021-09-29,128.56222027827093,1.0,1.0,TQQQ,TQQQ
2021-09-30,127.1132193306691,1.0,1.0,TQQQ,TQQQ
2021-10-01,129.42956519105394,1.0,1.0,TQQQ,TQQQ
2021-10-04,121.47033010723908,1.0,1.0,TQQQ,TQQQ
2021-10-05,126.14381705865672,1.0,1.0,TQQQ,TQQQ
2021-10-06,128.63364657320957,1.0,1.0,TQQQ,TQQQ
2021-10-07,132.11326374875594,1.0,1.0,TQQQ,TQQQ
2021-10-08,130.08263121902095,1.0,1.0,TQQQ,TQQQ
2021-10-11,127.19486684823163,1.0,1.0,TQQQ,TQQQ
2021-10-12,125.8989234113405,1.0,1.0,TQQQ,TQQQ
2021-10-13,128.84793360892078,1.0,1.0,TQQQ,TQQQ
2021-10-14,135.96021731982898,1.0,1.0,TQQQ,TQQQ
2021-10-15,138.48064529509162,1.0,1.0,TQQQ,TQQQ
2021-10-18,142.63373834027183,1.0,1.0,TQQQ,TQQQ
2021-10-19,145.76642081106309,1.0,1.0,TQQQ,TQQQ
2021-10-20,145.30723197714045,1.0,1.0,TQQQ,TQQQ
2021-10-21,147.90929116817514,1.0,1.0,TQQQ,TQQQ
2021-10-22,144.16436235275052,1.0,1.0,TQQQ,TQQQ
2021-10-25,148.4909227503083,1.0,1.0,TQQQ,TQQQ
2021-10-26,149.8787267764906,1.0,1.0,TQQQ,TQQQ
2021-10-27,151.0623997824237,1.0,1.0,TQQQ,TQQQ
2021-10-28,156.0216163662817,1.0,1.0,TQQQ,TQQQ
2021-10-29,158.32773285314744,1.0,1.0,TQQQ,TQQQ
2021-11-01,159.8890042317073,1.0,1.0,TQQQ,TQQQ
2021-11-02,162.02166966798598,1.0,1.0,TQQQ,TQQQ
2021-11-03,167.16455852505493,1.0,1.0,TQQQ,TQQQ
2021-11-04,173.39929240234673,1.0,1.0,TQQQ,TQQQ
2021-11-05,174.04215350948036,1.0,1.0,TQQQ,TQQQ
2021-11-08,173.3278416547224,1.0,1.0,TQQQ,TQQQ
2021-11-09,169.7563964934658,1.0,1.0,TQQQ,TQQQ
2021-11-10,162.31757976857406,1.0,1.0,TQQQ,TQQQ
2021-11-11,163.63391674534154,1.0,1.0,TQQQ,TQQQ
2021-11-12,168.82783020657757,1.0,1.0,TQQQ,TQQQ
2021-11-15,168.7768056024105,1.0,1.0,TQQQ,TQQQ
2021-11-16,172.26664400058073,1.0,1.0,TQQQ,TQQQ
2021-11-17,172.47070981366804,1.0,1.0,TQQQ,TQQQ
2021-11-18,177.74624633978087,1.0,1.0,TQQQ,TQQQ
2021-11-19,180.75648606236163,1.0,1.0,TQQQ,TQQQ
2021-11-22,174.4911374225696,1.0,1.0,TQQQ,TQQQ
2021-11-23,172.11358648987,1.0,1.0,TQQQ,TQQQ
2021-11-24,173.70542372555866,1.0,1.0,TQQQ,TQQQ
2021-11-26,164.12368773818346,1.0,1.0,TQQQ,TQQQ
2021-11-29,174.31763746661107,1.0,1.0,TQQQ,TQQQ
2021-11-30,166.82782874113323,1.0,1.0,TQQQ,TQQQ
2021-12-01,158.2665522335184,1.0,1.0,TQQQ,TQQQ
2021-12-02,158.49204655856798,1.0,1.0,SOXL,SOXL
2021-12-03,157.69019043332287,1.0,1.0,SOXL,SOXL
2021-12-06,156.86329908808602,1.0,1.0,SOXL,SOXL
2021-12-07,180.39276045277552,1.0,1.0,SOXL,SOXL
2021-12-08,177.13524580679783,1.0,1.0,SOXL,SOXL
2021-12-09,165.13245885312665,1.0,1.0,SOXL,SOXL
2021-12-10,169.39231828692795,1.0,1.0,SOXL,SOXL
2021-12-13,156.21178236538086,1.0,1.0,SOXL,SOXL
2021-12-14,154.1570124972433,1.0,1.0,SOXL,SOXL
2021-12-15,170.69533202732455,1.0,1.0,SOXL,SOXL
2021-12-16,148.41873514299309,1.0,1.0,SOXL,SOXL
2021-12-17,147.74215364277552,1.0,1.0,SOXL,SOXL
2021-12-20,144.20896585418905,1.0,1.0,SOXL,SOXL
2021-12-21,159.15723856082792,1.0,1.0,SOXL,SOXL
2021-12-22,163.8692886505682,1.0,1.0,SOXL,SOXL
2021-12-23,168.95731040299438,1.0,1.0,SOXL,SOXL
2021-12-27,182.94308185964772,1.0,1.0,SOXL,SOXL
2021-12-28,176.75221974918318,1.0,1.0,SOXL,SOXL
2021-12-29,177.95530936476428,1.0,1.0,SOXL,SOXL
2021-12-30,171.33842485664414,1.0,1.0,SOXL,SOXL
2021-12-31,170.46113793869665,1.0,1.0,SOXL,SOXL
2022-01-03,180.71239548109992,1.0,1.0,SOXL,SOXL
2022-01-04,178.13074310233728,1.0,1.0,SOXL,SOXL
2022-01-05,160.43549295142557,1.0,1.0,SOXL,SOXL
2022-01-06,164.27032509076653,1.0,1.0,SOXL,SOXL
2022-01-07,149.73310882382677,1.0,1.0,SOXL,SOXL
2022-01-10,150.3847831866421,1.0,1.0,SOXL,SOXL
2022-01-11,158.63087823306773,1.0,1.0,SOXL,SOXL
2022-01-12,161.8641360070975,1.0,1.0,SOXL,SOXL
2022-01-13,150.88605903187616,1.0,1.0,SOXL,SOXL
2022-01-14,161.61351778949424,1.0,1.0,SOXL,SOXL
2022-01-18,140.30899879183931,1.0,1.0,SOXL,SOXL
2022-01-19,140.30899879183931,0.0,0.0,CASH,TQQQ
2022-01-20,140.30899879183931,0.0,0.0,CASH,SOXL
2022-01-21,140.30899879183931,0.0,0.0,CASH,SOXL
2022-01-24,140.30899879183931,0.0,0.0,CASH,TQQQ
2022-01-25,140.30899879183931,0.0,0.0,CASH,SOXL
2022-01-26,140.30899879183931,0.0,0.0,CASH,TQQQ
2022-01-27,140.30899879183931,0.0,0.0,CASH,SOXL
2022-01-28,140.30899879183931,0.0,0.0,CASH,TQQQ
2022-01-31,140.30899879183931,0.0,0.0,CASH,SOXL
2022-02-01,140.30899879183931,0.0,0.0,CASH,SOXL
2022-02-02,140.30899879183931,0.0,0.0,CASH,SOXL
2022-02-03,140.30899879183931,0.0,0.0,CASH,SOXL
2022-02-04,140.30899879183931,0.0,0.0,CASH,SOXL
2022-02-07,140.30899879183931,0.0,0.0,CASH,SOXL
2022-02-08,140.30899879183931,0.0,0.0,CASH,SOXL
2022-02-09,140.30899879183931,0.0,0.0,CASH,SOXL
2022-02-10,140.30899879183931,0.0,0.0,CASH,SOXL
2022-02-11,140.30899879183931,0.0,0.0,CASH,SOXL
2022-02-14,140.30899879183931,0.0,0.0,CASH,SOXL
2022-02-15,140.30899879183931,0.0,0.0,CASH,SOXL
2022-02-16,140.30899879183931,0.0,0.0,CASH,SOXL
2022-02-17,140.30899879183931,0.0,0.0,CASH,SOXL
2022-02-18,140.30899879183931,0.0,0.0,CASH,SOXL
2022-02-22,140.30899879183931,0.0,0.0,CASH,SOXL
2022-02-23,140.30899879183931,0.0,0.0,CASH,SOXL
2022-02-24,140.30899879183931,0.0,0.0,CASH,SOXL
2022-02-25,140.30899879183931,0.0,0.0,CASH,SOXL
2022-02-28,140.30899879183931,0.0,0.0,CASH,SOXL
2022-03-01,140.30899879183931,0.0,0.0,CASH,SOXL
2022-03-02,140.30899879183931,0.0,0.0,CASH,TQQQ
2022-03-03,140.30899879183931,0.0,0.0,CASH,TQQQ
2022-03-04,140.30899879183931,0.0,0.0,CASH,TQQQ
2022-03-07,140.30899879183931,0.0,0.0,CASH,TQQQ
2022-03-08,140.30899879183931,0.0,0.0,CASH,SOXL
2022-03-09,140.30899879183931,0.0,0.0,CASH,TQQQ
2022-03-10,140.30899879183931,0.0,0.0,CASH,TQQQ
2022-03-11,140.30899879183931,0.0,0.0,CASH,TQQQ
2022-03-14,140.30899879183931,0.0,0.0,CASH,TQQQ
2022-03-15,140.30899879183931,0.0,0.0,CASH,TQQQ
2022-03-16,140.30899879183931,0.0,0.0,CASH,TQQQ
2022-03-17,140.30899879183931,0.0,0.0,CASH,TQQQ
2022-03-18,140.30899879183931,0.0,0.0,CASH,TQQQ
2022-03-21,140.30899879183931,0.0,0.0,CASH,TQQQ
2022-03-22,140.30899879183931,0.0,0.0,CASH,TQQQ
2022-03-23,140.30899879183931,0.0,0.0,CASH,TQQQ
2022-03-24,140.30899879183931,0.0,0.0,CASH,TQQQ
2022-03-25,140.30899879183931,0.0,0.0,CASH,TQQQ
2022-03-28,140.30899879183931,0.0,0.0,CASH,TQQQ
2022-03-29,140.30899879183931,0.0,0.0,CASH,TQQQ
2022-03-30,140.30899879183931,0.0,0.0,CASH,TQQQ
2022-03-31,140.30899879183931,0.0,0.0,CASH,TQQQ
2022-04-01,140.30899879183931,0.0,0.0,CASH,TQQQ
2022-04-04,140.30899879183931,0.0,0.0,CASH,TQQQ
2022-04-05,140.30899879183931,0.0,0.0,CASH,TQQQ
2022-04-06,140.30899879183931,0.0,0.0,CASH,TQQQ
2022-04-07,140.30899879183931,0.0,0.0,CASH,TQQQ
2022-04-08,140.30899879183931,0.0,0.0,CASH,TQQQ
2022-04-11,140.30899879183931,0.0,0.0,CASH,TQQQ
2022-04-12,140.30899879183931,0.0,0.0,CASH,TQQQ
2022-04-13,140.30899879183931,0.0,0.0,CASH,TQQQ
2022-04-14,140.30899879183931,0.0,0.0,CASH,TQQQ
2022-04-18,140.30899879183931,0.0,0.0,CASH,TQQQ
2022-04-19,140.30899879183931,0.0,0.0,CASH,TQQQ
2022-04-20,140.30899879183931,0.0,0.0,CASH,TQQQ
2022-04-21,140.30899879183931,0.0,0.0,CASH,TQQQ
2022-04-22,140.30899879183931,0.0,0.0,CASH,TQQQ
2022-04-25,140.30899879183931,0.0,0.0,CASH,TQQQ
2022-04-26,140.30899879183931,0.0,0.0,CASH,TQQQ
2022-04-27,140.30899879183931,0.0,0.0,CASH,TQQQ
2022-04-28,140.30899879183931,0.0,0.0,CASH,TQQQ
2022-04-29,140.30899879183931,0.0,0.0,CASH,TQQQ
2022-05-02,140.30899879183931,0.0,0.0,CASH,SOXL
2022-05-03,140.30899879183931,0.0,0.0,CASH,TQQQ
2022-05-04,140.30899879183931,0.0,0.0,CASH,TQQQ
2022-05-05,140.30899879183931,0.0,0.0,CASH,TQQQ
2022-05-06,140.30899879183931,0.0,0.0,CASH,TQQQ
2022-05-09,140.30899879183931,0.0,0.0,CASH,TQQQ
2022-05-10,140.30899879183931,0.0,0.0,CASH,SOXL
2022-05-11,140.30899879183931,0.0,0.0,CASH,TQQQ
2022-05-12,140.30899879183931,0.0,0.0,CASH,TQQQ
2022-05-13,140.30899879183931,0.0,0.0,CASH,TQQQ
2022-05-16,140.30899879183931,0.0,0.0,CASH,TQQQ
2022-05-17,140.30899879183931,0.0,0.0,CASH,TQQQ
2022-05-18,140.30899879183931,0.0,0.0,CASH,TQQQ
2022-05-19,140.30899879183931,0.0,0.0,CASH,SOXL
2022-05-20,140.30899879183931,0.0,0.0,CASH,TQQQ
2022-05-23,140.30899879183931,0.0,0.0,CASH,TQQQ
2022-05-24,140.30899879183931,0.0,0.0,CASH,TQQQ
2022-05-25,140.30899879183931,0.0,0.0,CASH,TQQQ
2022-05-26,140.30899879183931,0.0,0.0,CASH,TQQQ
2022-05-27,140.30899879183931,0.0,0.0,CASH,TQQQ
2022-05-31,140.30899879183931,0.0,0.0,CASH,TQQQ
2022-06-01,140.30899879183931,0.0,0.0,CASH,TQQQ
2022-06-02,140.30899879183931,0.0,0.0,CASH,TQQQ
2022-06-03,140.30899879183931,0.0,0.0,CASH,TQQQ
2022-06-06,140.30899879183931,0.0,0.0,CASH,TQQQ
2022-06-07,140.30899879183931,0.0,0.0,CASH,TQQQ
2022-06-08,140.30899879183931,0.0,0.0,CASH,TQQQ
2022-06-09,140.30899879183931,0.0,0.0,CASH,TQQQ
2022-06-10,140.30899879183931,0.0,0.0,CASH,TQQQ
2022-06-13,140.30899879183931,0.0,0.0,CASH,TQQQ
2022-06-14,140.30899879183931,0.0,0.0,CASH,SOXL
2022-06-15,140.30899879183931,0.0,0.0,CASH,TQQQ
2022-06-16,140.30899879183931,0.0,0.0,CASH,TQQQ
2022-06-17,140.30899879183931,0.0,0.0,CASH,TQQQ
2022-06-21,140.30899879183931,0.0,0.0,CASH,TQQQ
2022-06-22,140.30899879183931,0.0,0.0,CASH,TQQQ
2022-06-23,140.30899879183931,0.0,0.0,CASH,TQQQ
2022-06-24,140.30899879183931,0.0,0.0,CASH,TQQQ
2022-06-27,140.30899879183931,0.0,0.0,CASH,TQQQ
2022-06-28,140.30899879183931,0.0,0.0,CASH,TQQQ
2022-06-29,140.30899879183931,0.0,0.0,CASH,TQQQ
2022-06-30,140.30899879183931,0.0,0.0,CASH,TQQQ
2022-07-01,140.30899879183931,0.0,0.0,CASH,TQQQ
2022-07-05,140.30899879183931,0.0,0.0,CASH,TQQQ
2022-07-06,140.30899879183931,0.0,0.0,CASH,TQQQ
2022-07-07,140.30899879183931,0.0,0.0,CASH,TQQQ
2022-07-08,140.30899879183931,0.0,0.0,CASH,TQQQ
2022-07-11,140.30899879183931,0.0,0.0,CASH,TQQQ
2022-07-12,140.30899879183931,0.0,0.0,CASH,TQQQ
2022-07-13,140.30899879183931,0.0,0.0,CASH,TQQQ
2022-07-14,140.30899879183931,0.0,0.0,CASH,TQQQ
2022-07-15,140.30899879183931,0.0,0.0,CASH,TQQQ
2022-07-18,140.30899879183931,0.0,0.0,CASH,TQQQ
2022-07-19,140.30899879183931,0.0,0.0,CASH,TQQQ
2022-07-20,140.30899879183931,0.0,0.0,CASH,TQQQ
2022-07-21,140.30899879183931,0.0,0.0,CASH,TQQQ
2022-07-22,140.30899879183931,0.0,0.0,CASH,TQQQ
2022-07-25,140.30899879183931,0.0,0.0,CASH,TQQQ
2022-07-26,140.30899879183931,0.0,0.0,CASH,TQQQ
2022-07-27,140.30899879183931,0.0,0.0,CASH,TQQQ
2022-07-28,140.30899879183931,0.0,0.0,CASH,TQQQ
2022-07-29,140.30899879183931,0.0,0.0,CASH,TQQQ
2022-08-01,140.30899879183931,0.0,0.0,CASH,TQQQ
2022-08-02,140.30899879183931,0.0,0.0,CASH,TQQQ
2022-08-03,140.30899879183931,0.0,0.0,CASH,TQQQ
2022-08-04,140.30899879183931,0.0,0.0,CASH,TQQQ
2022-08-05,140.30899879183931,0.0,0.0,CASH,TQQQ
2022-08-08,140.30899879183931,0.0,0.0,CASH,TQQQ
2022-08-09,140.30899879183931,0.0,0.0,CASH,TQQQ
2022-08-10,140.30899879183931,0.0,0.0,CASH,TQQQ
2022-08-11,140.30899879183931,0.0,0.0,CASH,TQQQ
2022-08-12,140.30899879183931,0.0,0.0,CASH,TQQQ
2022-08-15,140.30899879183931,0.0,0.0,CASH,TQQQ
2022-08-16,140.30899879183931,0.0,0.0,CASH,TQQQ
2022-08-17,140.30899879183931,0.0,0.0,CASH,TQQQ
2022-08-18,140.30899879183931,0.0,0.0,CASH,TQQQ
2022-08-19,140.30899879183931,0.0,0.0,CASH,TQQQ
2022-08-22,140.30899879183931,0.0,0.0,CASH,TQQQ
2022-08-23,140.30899879183931,0.0,0.0,CASH,TQQQ
2022-08-24,140.30899879183931,0.0,0.0,CASH,TQQQ
2022-08-25,140.30899879183931,0.0,0.0,CASH,TQQQ
2022-08-26,140.30899879183931,0.0,0.0,CASH,TQQQ
2022-08-29,140.30899879183931,0.0,0.0,CASH,TQQQ
2022-08-30,140.30899879183931,0.0,0.0,CASH,TQQQ
2022-08-31,140.30899879183931,0.0,0.0,CASH,TQQQ
2022-09-01,140.30899879183931,0.0,0.0,CASH,TQQQ
2022-09-02,140.30899879183931,0.0,0.0,CASH,TQQQ
2022-09-06,140.30899879183931,0.0,0.0,CASH,TQQQ
2022-09-07,140.30899879183931,0.0,0.0,CASH,TQQQ
2022-09-08,140.30899879183931,0.0,0.0,CASH,TQQQ
2022-09-09,140.30899879183931,0.0,0.0,CASH,TQQQ
2022-09-12,140.30899879183931,0.0,0.0,CASH,TQQQ
2022-09-13,140.30899879183931,0.0,0.0,CASH,TQQQ
2022-09-14,140.30899879183931,0.0,0.0,CASH,TQQQ
2022-09-15,140.30899879183931,0.0,0.0,CASH,TQQQ
2022-09-16,140.30899879183931,0.0,0.0,CASH,TQQQ
2022-09-19,140.30899879183931,0.0,0.0,CASH,TQQQ
2022-09-20,140.30899879183931,0.0,0.0,CASH,TQQQ
2022-09-21,140.30899879183931,0.0,0.0,CASH,TQQQ
2022-09-22,140.30899879183931,0.0,0.0,CASH,TQQQ
2022-09-23,140.30899879183931,0.0,0.0,CASH,TQQQ
2022-09-26,140.30899879183931,0.0,0.0,CASH,TQQQ
2022-09-27,140.30899879183931,0.0,0.0,CASH,TQQQ
2022-09-28,140.30899879183931,0.0,0.0,CASH,TQQQ
2022-09-29,140.30899879183931,0.0,0.0,CASH,TQQQ
2022-09-30,140.30899879183931,0.0,0.0,CASH,SOXL
2022-10-03,140.30899879183931,0.0,0.0,CASH,TQQQ
2022-10-04,140.30899879183931,0.0,0.0,CASH,TQQQ
2022-10-05,140.30899879183931,0.0,0.0,CASH,TQQQ
2022-10-06,140.30899879183931,0.0,0.0,CASH,TQQQ
2022-10-07,140.30899879183931,0.0,0.0,CASH,TQQQ
2022-10-10,140.30899879183931,0.0,0.0,CASH,TQQQ
2022-10-11,140.30899879183931,0.0,0.0,CASH,TQQQ
2022-10-12,140.30899879183931,0.0,0.0,CASH,TQQQ
2022-10-13,140.30899879183931,0.0,0.0,CASH,TQQQ
2022-10-14,140.30899879183931,0.0,0.0,CASH,TQQQ
2022-10-17,140.30899879183931,0.0,0.0,CASH,TQQQ
2022-10-18,140.30899879183931,0.0,0.0,CASH,TQQQ
2022-10-19,140.30899879183931,0.0,0.0,CASH,TQQQ
2022-10-20,140.30899879183931,0.0,0.0,CASH,TQQQ
2022-10-21,140.30899879183931,0.0,0.0,CASH,TQQQ
2022-10-24,140.30899879183931,0.0,0.0,CASH,TQQQ
2022-10-25,140.30899879183931,0.0,0.0,CASH,TQQQ
2022-10-26,140.30899879183931,0.0,0.0,CASH,TQQQ
2022-10-27,140.30899879183931,0.0,0.0,CASH,TQQQ
2022-10-28,140.30899879183931,0.0,0.0,CASH,TQQQ
2022-10-31,140.30899879183931,0.0,0.0,CASH,TQQQ
2022-11-01,140.30899879183931,0.0,0.0,CASH,TQQQ
2022-11-02,140.30899879183931,0.0,0.0,CASH,TQQQ
2022-11-03,140.30899879183931,0.0,0.0,CASH,TQQQ
2022-11-04,140.30899879183931,0.0,0.0,CASH,SOXL
2022-11-07,140.30899879183931,0.0,0.0,CASH,TQQQ
2022-11-08,140.30899879183931,0.0,0.0,CASH,TQQQ
2022-11-09,140.30899879183931,0.0,0.0,CASH,TQQQ
2022-11-10,140.30899879183931,0.0,0.0,CASH,TQQQ
2022-11-11,140.30899879183931,0.0,0.0,CASH,TQQQ
2022-11-14,140.30899879183931,0.0,0.0,CASH,TQQQ
2022-11-15,140.30899879183931,0.0,0.0,CASH,TQQQ
2022-11-16,140.30899879183931,0.0,0.0,CASH,TQQQ
2022-11-17,140.30899879183931,0.0,0.0,CASH,TQQQ
2022-11-18,140.30899879183931,0.0,0.0,CASH,TQQQ
2022-11-21,140.30899879183931,0.0,0.0,CASH,TQQQ
2022-11-22,140.30899879183931,0.0,0.0,CASH,TQQQ
2022-11-23,140.30899879183931,0.0,0.0,CASH,TQQQ
2022-11-25,140.30899879183931,0.0,0.0,CASH,TQQQ
2022-11-28,140.30899879183931,0.0,0.0,CASH,TQQQ
2022-11-29,140.30899879183931,0.0,0.0,CASH,TQQQ
2022-11-30,140.30899879183931,0.0,0.0,CASH,TQQQ
2022-12-01,140.30899879183931,0.0,0.0,CASH,TQQQ
2022-12-02,140.30899879183931,0.0,0.0,CASH,TQQQ
2022-12-05,140.30899879183931,0.0,0.0,CASH,TQQQ
2022-12-06,140.30899879183931,0.0,0.0,CASH,TQQQ
2022-12-07,140.30899879183931,0.0,0.0,CASH,TQQQ
2022-12-08,140.30899879183931,0.0,0.0,CASH,TQQQ
2022-12-09,140.30899879183931,0.0,0.0,CASH,TQQQ
2022-12-12,140.30899879183931,0.0,0.0,CASH,TQQQ
2022-12-13,140.30899879183931,0.0,0.0,CASH,TQQQ
2022-12-14,140.30899879183931,0.0,0.0,CASH,TQQQ
2022-12-15,140.30899879183931,0.0,0.0,CASH,TQQQ
2022-12-16,140.30899879183931,0.0,0.0,CASH,TQQQ
2022-12-19,140.30899879183931,0.0,0.0,CASH,TQQQ
2022-12-20,140.30899879183931,0.0,0.0,CASH,TQQQ
2022-12-21,140.30899879183931,0.0,0.0,CASH,TQQQ
2022-12-22,140.30899879183931,0.0,0.0,CASH,TQQQ
2022-12-23,140.30899879183931,0.0,0.0,CASH,TQQQ
2022-12-27,140.30899879183931,0.0,0.0,CASH,TQQQ
2022-12-28,140.30899879183931,0.0,0.0,CASH,TQQQ
2022-12-29,140.30899879183931,0.0,0.0,CASH,TQQQ
2022-12-30,140.30899879183931,0.0,0.0,CASH,TQQQ
2023-01-03,140.30899879183931,0.0,0.0,CASH,TQQQ
2023-01-04,140.30899879183931,0.0,0.0,CASH,SOXL
2023-01-05,140.30899879183931,0.0,0.0,CASH,SOXL
2023-01-06,140.30899879183931,0.0,0.0,CASH,SOXL
2023-01-09,140.30899879183931,0.0,0.0,CASH,SOXL
2023-01-10,140.30899879183931,0.0,0.0,CASH,SOXL
2023-01-11,140.30899879183931,0.0,0.0,CASH,SOXL
2023-01-12,140.30899879183931,0.0,0.0,CASH,SOXL
2023-01-13,140.30899879183931,0.0,0.0,CASH,SOXL
2023-01-17,140.30899879183931,0.0,0.0,CASH,SOXL
2023-01-18,140.30899879183931,0.0,0.0,CASH,SOXL
2023-01-19,140.30899879183931,0.0,0.0,CASH,SOXL
2023-01-20,140.30899879183931,0.0,0.0,CASH,SOXL
2023-01-23,140.30899879183931,0.0,0.0,CASH,SOXL
2023-01-24,137.45333195865217,1.0,1.0,SOXL,SOXL
2023-01-25,138.31001438177975,1.0,1.0,SOXL,SOXL
2023-01-26,145.06848371535673,1.0,1.0,SOXL,SOXL
2023-01-27,142.59354710203414,1.0,1.0,SOXL,SOXL
2023-01-30,131.36122168602233,1.0,1.0,SOXL,SOXL
2023-01-31,138.21484806205044,1.0,1.0,SOXL,SOXL
2023-02-01,159.91797351339756,1.0,1.0,SOXL,SOXL
2023-02-02,170.57921751552982,1.0,1.0,SOXL,SOXL
2023-02-03,161.15546965189344,1.0,1.0,SOXL,SOXL
2023-02-06,153.25477254960998,1.0,1.0,SOXL,SOXL
2023-02-07,167.4379496730946,1.0,1.0,SOXL,SOXL
2023-02-08,156.9671496377593,1.0,1.0,SOXL,SOXL
2023-02-09,157.82383206088687,1.0,1.0,SOXL,SOXL
2023-02-10,150.39907788458825,1.0,1.0,SOXL,SOXL
2023-02-13,156.3008184086467,1.0,1.0,SOXL,SOXL
2023-02-14,164.96303161432843,1.0,1.0,SOXL,SOXL
2023-02-15,166.9620438562226,1.0,1.0,SOXL,SOXL
2023-02-16,154.96818378225615,1.0,1.0,SOXL,SOXL
2023-02-17,147.54340177412294,1.0,1.0,SOXL,SOXL
2023-02-21,133.3602060960819,1.0,1.0,SOXL,SOXL
2023-02-22,131.64679486343576,1.0,1.0,SOXL,SOXL
2023-02-23,143.54544223128195,1.0,1.0,SOXL,SOXL
2023-02-24,136.21589148382543,1.0,1.0,SOXL,SOXL
2023-02-27,138.02447831347905,1.0,1.0,SOXL,SOXL
2023-02-28,139.4523163687117,1.0,1.0,SOXL,SOXL
2023-03-01,139.73788954612516,1.0,1.0,SOXL,SOXL
2023-03-02,142.87912027944756,1.0,1.0,SOXL,SOXL
2023-03-03,149.25681300676905,1.0,1.0,SOXL,SOXL
2023-03-06,144.40215248624415,1.0,1.0,SOXL,SOXL
2023-03-07,139.45231636871173,1.0,1.0,SOXL,SOXL
2023-03-08,150.49427203615218,1.0,1.0,SOXL,SOXL
2023-03-09,141.92723442747794,1.0,1.0,SOXL,SOXL
2023-03-10,133.74094559322467,1.0,1.0,SOXL,SOXL
2023-03-13,133.4553816930894,1.0,1.0,SOXL,SOXL
2023-03-14,144.87811396678535,1.0,1.0,SOXL,SOXL
2023-03-15,139.83307442041087,1.0,1.0,SOXL,SOXL
2023-03-16,156.30081840864673,1.0,1.0,SOXL,SOXL
2023-03-17,153.54031789518888,1.0,1.0,SOXL,SOXL
2023-03-20,158.10940523830035,1.0,1.0,SOXL,SOXL
2023-03-21,158.91975693411968,1.0,1.0,SOXL,SOXL
2023-03-22,154.82044312699304,1.0,1.0,SOXL,SOXL
2023-03-23,166.7370513054257,1.0,1.0,SOXL,SOXL
2023-03-24,157.96644238130793,1.0,1.0,SOXL,SOXL
2023-03-27,152.24645301437724,1.0,1.0,SOXL,SOXL
2023-03-28,149.00513900388194,1.0,1.0,SOXL,SOXL
2023-03-29,162.82836701065992,1.0,1.0,SOXL,SOXL
2023-03-30,171.12234649020638,1.0,1.0,SOXL,SOXL
2023-03-31,174.4589938114385,1.0,1.0,SOXL,SOXL
2023-04-03,169.78768013989097,1.0,1.0,SOXL,SOXL
2023-04-04,168.09345672099445,1.0,1.0,TQQQ,TQQQ
2023-04-05,162.70815650674749,1.0,1.0,TQQQ,TQQQ
2023-04-06,165.9756326301263,1.0,1.0,TQQQ,TQQQ
2023-04-10,165.61261292548977,1.0,1.0,TQQQ,TQQQ
2023-04-11,162.40562215931803,1.0,1.0,TQQQ,TQQQ
2023-04-12,158.1094886203747,1.0,1.0,TQQQ,TQQQ
2023-04-13,167.1858178249081,1.0,1.0,TQQQ,TQQQ
2023-04-14,166.21766966908268,1.0,1.0,TQQQ,TQQQ
2023-04-17,166.39919744829993,1.0,1.0,TQQQ,TQQQ
2023-04-18,166.52019206524614,1.0,1.0,TQQQ,TQQQ
2023-04-19,166.1571604093436,1.0,1.0,TQQQ,TQQQ
2023-04-20,162.28460363983987,1.0,1.0,TQQQ,TQQQ
2023-04-21,162.5871738410673,1.0,1.0,TQQQ,TQQQ
2023-04-24,161.6190256852419,1.0,1.0,TQQQ,TQQQ
2023-04-25,152.48216331843742,1.0,1.0,TQQQ,TQQQ
2023-04-26,154.44595975813758,1.0,1.0,SOXL,SOXL
2023-04-27,166.92460170367156,1.0,1.0,TQQQ,TQQQ
2023-04-28,170.30047136819468,1.0,1.0,TQQQ,TQQQ
2023-05-01,169.81823659155037,1.0,1.0,TQQQ,TQQQ
2023-05-02,165.2969744969922,1.0,1.0,TQQQ,TQQQ
2023-05-03,162.04164864320825,1.0,1.0,TQQQ,TQQQ
2023-05-04,160.23315809347,1.0,1.0,TQQQ,TQQQ
2023-05-05,170.05932421302865,1.0,1.0,TQQQ,TQQQ
2023-05-08,171.44583998475463,1.0,1.0,TQQQ,TQQQ
2023-05-09,168.1302779458137,1.0,1.0,TQQQ,TQQQ
2023-05-10,173.55579722197854,1.0,1.0,TQQQ,TQQQ
2023-05-11,175.00256108559904,1.0,1.0,TQQQ,TQQQ
2023-05-12,173.19408244259833,1.0,1.0,TQQQ,TQQQ
2023-05-15,175.84654636183612,1.0,1.0,TQQQ,TQQQ
2023-05-16,176.5096563882768,1.0,1.0,TQQQ,TQQQ
2023-05-17,182.83943284604825,1.0,1.0,TQQQ,TQQQ
2023-05-18,192.66561087234444,1.0,1.0,TQQQ,TQQQ
2023-05-19,191.33936700598804,1.0,1.0,TQQQ,TQQQ
2023-05-22,193.3287089920476,1.0,1.0,TQQQ,TQQQ
2023-05-23,185.85357582445363,1.0,1.0,TQQQ,TQQQ
2023-05-24,182.83943284604825,1.0,1.0,TQQQ,TQQQ
2023-05-25,196.04146863013003,1.0,1.0,TQQQ,TQQQ
2023-05-26,210.87120306131635,1.0,1.0,TQQQ,TQQQ
2023-05-30,213.825002693927,1.0,1.0,TQQQ,TQQQ
2023-05-31,209.48461584916518,1.0,1.0,TQQQ,TQQQ
2023-06-01,217.0803285477109,1.0,1.0,TQQQ,TQQQ
2023-06-02,221.96325779469913,1.0,1.0,TQQQ,TQQQ
2023-06-05,222.4455997319812,1.0,1.0,TQQQ,TQQQ
2023-06-06,222.20441685660265,1.0,1.0,TQQQ,TQQQ
2023-06-07,210.87120306131635,1.0,1.0,TQQQ,TQQQ
2023-06-08,218.10518907374436,1.0,1.0,TQQQ,TQQQ
2023-06-09,220.75762917950706,1.0,1.0,TQQQ,TQQQ
2023-06-12,232.03059488289884,1.0,1.0,TQQQ,TQQQ
2023-06-13,237.21497891063524,1.0,1.0,TQQQ,TQQQ
2023-06-14,242.27877150068235,1.0,1.0,TQQQ,TQQQ
2023-06-15,250.77872947409716,1.0,1.0,TQQQ,TQQQ
2023-06-16,245.95609594595356,1.0,1.0,TQQQ,TQQQ
2023-06-20,244.75041970381136,1.0,1.0,TQQQ,TQQQ
2023-06-21,234.94153026040664,1.0,1.0,TQQQ,TQQQ
2023-06-22,242.7427294352203,1.0,1.0,TQQQ,TQQQ
2023-06-23,235.54632108643244,1.0,1.0,TQQQ,TQQQ
2023-06-26,226.23327582066716,1.0,1.0,TQQQ,TQQQ
2023-06-27,237.42098928335446,1.0,1.0,TQQQ,TQQQ
2023-06-28,238.87237296113605,1.0,1.0,TQQQ,TQQQ
2023-06-29,237.23953060341918,1.0,1.0,TQQQ,TQQQ
2023-06-30,247.94347332032098,1.0,1.0,TQQQ,TQQQ
2023-07-03,249.63673046425782,1.0,1.0,TQQQ,TQQQ
2023-07-05,249.45531941127265,1.0,1.0,TQQQ,TQQQ
2023-07-06,243.5892746600261,1.0,1.0,TQQQ,TQQQ
2023-07-07,241.1098870775035,1.0,1.0,TQQQ,TQQQ
2023-07-10,241.29129813048866,1.0,1.0,TQQQ,TQQQ
2023-07-11,244.73837008543256,1.0,1.0,TQQQ,TQQQ
2023-07-12,253.80944663114244,1.0,1.0,TQQQ,TQQQ
2023-07-13,266.4484961446612,1.0,1.0,TQQQ,TQQQ
2023-07-14,266.206622678506,1.0,1.0,TQQQ,TQQQ
2023-07-17,273.584418266804,1.0,1.0,TQQQ,TQQQ
2023-07-18,280.1156686302963,1.0,1.0,TQQQ,TQQQ
2023-07-19,280.1156686302963,1.0,1.0,TQQQ,TQQQ
2023-07-20,260.4615741940247,1.0,1.0,TQQQ,TQQQ
2023-07-21,258.16357385101225,1.0,1.0,TQQQ,TQQQ
2023-07-24,259.1916015692283,1.0,1.0,TQQQ,TQQQ
2023-07-25,264.39239308127907,1.0,1.0,TQQQ,TQQQ
2023-07-26,261.6710605921761,1.0,1.0,TQQQ,TQQQ
2023-07-27,259.4334988488586,1.0,1.0,TQQQ,TQQQ
2023-07-28,273.4634696269889,1.0,1.0,TQQQ,TQQQ
2023-07-31,274.0077742263696,1.0,1.0,TQQQ,TQQQ
2023-08-01,271.89116112286723,1.0,1.0,TQQQ,TQQQ
2023-08-02,254.1118063239428,1.0,1.0,TQQQ,TQQQ
2023-08-03,252.29760054019084,1.0,1.0,TQQQ,TQQQ
2023-08-04,248.79008998555196,1.0,1.0,TQQQ,TQQQ
2023-08-07,254.95842298917364,1.0,1.0,TQQQ,TQQQ
2023-08-08,248.4272678795816,1.0,1.0,TQQQ,TQQQ
2023-08-09,240.14229795898245,1.0,1.0,TQQQ,TQQQ
2023-08-10,241.23083571731866,1.0,1.0,TQQQ,TQQQ
2023-08-11,236.39291393818837,1.0,1.0,TQQQ,TQQQ
2023-08-14,244.25452789922196,1.0,1.0,TQQQ,TQQQ
2023-08-15,236.75573604415874,1.0,1.0,TQQQ,TQQQ
2023-08-16,228.89414589660024,1.0,1.0,TQQQ,TQQQ
2023-08-17,221.1534805753818,1.0,1.0,TQQQ,TQQQ
2023-08-18,220.12540523021562,1.0,1.0,TQQQ,TQQQ
2023-08-21,230.76886172047233,1.0,1.0,TQQQ,TQQQ
2023-08-22,229.74073874835605,1.0,1.0,TQQQ,TQQQ
2023-08-23,240.56563010507298,1.0,1.0,TQQQ,TQQQ
2023-08-24,224.72142972971562,1.0,1.0,TQQQ,TQQQ
2023-08-25,230.04316988158152,1.0,1.0,TQQQ,TQQQ
2023-08-28,235.1834513535121,1.0,1.0,TQQQ,TQQQ
2023-08-29,250.18098743668847,1.0,1.0,TQQQ,TQQQ
2023-08-30,254.353679790098,1.0,1.0,TQQQ,TQQQ
2023-08-31,256.65170394658554,1.0,1.0,TQQQ,TQQQ
2023-09-01,255.74460105470956,1.0,1.0,TQQQ,TQQQ
2023-09-05,256.40980666695526,1.0,1.0,TQQQ,TQQQ
2023-09-06,249.63673046425788,1.0,1.0,TQQQ,TQQQ
2023-09-07,244.19406548605193,1.0,1.0,TQQQ,TQQQ
2023-09-08,244.91973351146768,1.0,1.0,TQQQ,TQQQ
2023-09-11,253.26518965871188,1.0,1.0,TQQQ,TQQQ
2023-09-12,245.16163079109793,1.0,1.0,TQQQ,TQQQ
2023-09-13,247.58060358740062,1.0,1.0,TQQQ,TQQQ
2023-09-14,253.38613829852704,1.0,1.0,TQQQ,TQQQ
2023-09-15,240.38421905208781,1.0,1.0,TQQQ,TQQQ
2023-09-18,240.92842839756824,1.0,1.0,TQQQ,TQQQ
2023-09-19,239.4770685332617,1.0,1.0,TQQQ,TQQQ
2023-09-20,229.09355993672855,1.0,1.0,TQQQ,TQQQ
2023-09-21,216.04584737775448,1.0,1.0,TQQQ,TQQQ
2023-09-22,216.22792520804123,1.0,1.0,TQQQ,TQQQ
2023-09-25,219.0801127425831,1.0,1.0,TQQQ,TQQQ
2023-09-26,209.30956299402033,1.0,1.0,TQQQ,TQQQ
2023-09-27,210.5840125521275,1.0,1.0,TQQQ,TQQQ
2023-09-28,215.68171553065594,1.0,1.0,TQQQ,TQQQ
2023-09-29,216.1672008466455,1.0,1.0,TQQQ,TQQQ
2023-10-02,221.32562818656962,1.0,1.0,TQQQ,TQQQ
2023-10-03,209.6130181066732,1.0,1.0,TQQQ,TQQQ
2023-10-04,218.10918973755398,1.0,1.0,TQQQ,TQQQ
2023-10-05,215.80311662649711,1.0,1.0,TQQQ,TQQQ
2023-10-06,226.66603810288026,1.0,1.0,TQQQ,TQQQ
2023-10-09,230.00383002078698,1.0,1.0,TQQQ,TQQQ
2023-10-10,233.76645433371286,1.0,1.0,TQQQ,TQQQ
2023-10-11,238.74275621640007,1.0,1.0,TQQQ,TQQQ
2023-10-12,235.9511739758786,1.0,1.0,TQQQ,TQQQ
2023-10-13,227.03016994997876,1.0,1.0,TQQQ,TQQQ
2023-10-16,234.67670060429637,1.0,1.0,TQQQ,TQQQ
2023-10-17,232.43130422768508,1.0,1.0,TQQQ,TQQQ
2023-10-18,222.6000063042516,1.0,1.0,TQQQ,TQQQ
2023-10-19,216.65268616263506,1.0,1.0,TQQQ,TQQQ
2023-10-20,206.8820887871222,1.0,1.0,TQQQ,TQQQ
2023-10-23,208.70267658218944,1.0,1.0,TQQQ,TQQQ
2023-10-24,214.58931998936043,1.0,1.0,TQQQ,TQQQ
2023-10-25,198.8713905654935,1.0,1.0,TQQQ,TQQQ
2023-10-26,187.2801815814383,1.0,1.0,TQQQ,TQQQ
2023-10-27,187.2801815814383,0.0,0.0,CASH,TQQQ
2023-10-30,187.2801815814383,0.0,0.0,CASH,TQQQ
2023-10-31,187.2801815814383,0.0,0.0,CASH,TQQQ
2023-11-01,187.2801815814383,0.0,0.0,CASH,TQQQ
2023-11-02,187.2801815814383,0.0,0.0,CASH,TQQQ
2023-11-03,187.2801815814383,0.0,0.0,CASH,TQQQ
2023-11-06,189.42307762707856,1.0,1.0,TQQQ,TQQQ
2023-11-07,194.75538488306205,1.0,1.0,TQQQ,TQQQ
2023-11-08,195.10424934487352,1.0,1.0,TQQQ,TQQQ
2023-11-09,190.4696123469644,1.0,1.0,TQQQ,TQQQ
2023-11-10,203.17754791356583,1.0,1.0,TQQQ,TQQQ
2023-11-13,201.3336701686856,1.0,1.0,TQQQ,TQQQ
2023-11-14,213.9917400190528,1.0,1.0,TQQQ,TQQQ
2023-11-15,214.58977662057285,1.0,1.0,TQQQ,TQQQ
2023-11-16,214.9385824168358,1.0,1.0,TQQQ,TQQQ
2023-11-17,215.08814045517292,1.0,1.0,TQQQ,TQQQ
2023-11-20,222.76272840100236,1.0,1.0,TQQQ,TQQQ
2023-11-21,218.7260693390648,1.0,1.0,TQQQ,TQQQ
2023-11-22,221.26771511793362,1.0,1.0,TQQQ,TQQQ
2023-11-24,220.1712951266307,1.0,1.0,TQQQ,TQQQ
2023-11-27,219.52347102960775,1.0,1.0,TQQQ,TQQQ
2023-11-28,221.26771511793365,1.0,1.0,TQQQ,TQQQ
2023-11-29,220.47033298257358,1.0,1.0,TQQQ,TQQQ
2023-11-30,218.62641612732767,1.0,1.0,TQQQ,TQQQ
2023-12-01,220.47033298257358,1.0,1.0,TQQQ,TQQQ
2023-12-04,214.1910855528929,1.0,1.0,TQQQ,TQQQ
2023-12-05,215.73598410737875,1.0,1.0,TQQQ,TQQQ
2023-12-06,211.898690134464,1.0,1.0,TQQQ,TQQQ
2023-12-07,220.7693121729679,1.0,1.0,TQQQ,TQQQ
2023-12-08,223.410591608391,1.0,1.0,TQQQ,TQQQ
2023-12-11,229.09176332618594,1.0,1.0,TQQQ,TQQQ
2023-12-12,234.62345522637514,1.0,1.0,TQQQ,TQQQ
2023-12-13,242.89606021854183,1.0,1.0,TQQQ,TQQQ
2023-12-14,242.49742781641032,1.0,1.0,TQQQ,TQQQ
2023-12-15,245.3878598363592,1.0,1.0,TQQQ,TQQQ
2023-12-18,250.5208802240512,1.0,1.0,TQQQ,TQQQ
2023-12-19,254.25846231968026,1.0,1.0,TQQQ,TQQQ
2023-12-20,242.96133541885163,1.0,1.0,TQQQ,TQQQ
2023-12-21,251.01998715559907,1.0,1.0,TQQQ,TQQQ
2023-12-22,252.0210756305718,1.0,1.0,TQQQ,TQQQ
2023-12-26,256.62600830575155,1.0,1.0,TQQQ,TQQQ
2023-12-27,257.97746699161416,1.0,1.0,TQQQ,TQQQ
2023-12-28,257.3267487275313,1.0,1.0,TQQQ,TQQQ
2023-12-29,253.77296579538688,1.0,1.0,TQQQ,TQQQ
2024-01-02,240.90911675602632,1.0,1.0,TQQQ,TQQQ
2024-01-03,225.5301238318991,1.0,1.0,SOXL,SOXL
2024-01-04,219.7737097875336,1.0,1.0,SOXL,SOXL
2024-01-05,222.7808155805386,1.0,1.0,SOXL,SOXL
2024-01-08,244.25983618737195,1.0,1.0,SOXL,SOXL
2024-01-09,244.17392030451694,1.0,1.0,SOXL,SOXL
2024-01-10,242.02602323314156,1.0,1.0,SOXL,SOXL
2024-01-11,244.5176004669635,1.0,1.0,SOXL,SOXL
2024-01-12,241.42461205315644,1.0,1.0,SOXL,SOXL
2024-01-16,250.7894931774326,1.0,1.0,SOXL,SOXL
2024-01-17,244.25983618737197,1.0,1.0,SOXL,SOXL
2024-01-18,267.9727362725417,1.0,1.0,SOXL,SOXL
2024-01-19,299.50396506649133,1.0,1.0,SOXL,SOXL
2024-01-22,302.9406669047979,1.0,1.0,SOXL,SOXL
2024-01-23,308.611081911176,1.0,1.0,SOXL,SOXL
2024-01-24,321.4985641255872,1.0,1.0,SOXL,SOXL
2024-01-25,318.9210211158308,1.0,1.0,SOXL,SOXL
2024-01-26,292.201081761762,1.0,1.0,SOXL,SOXL
2024-01-29,301.0505174819875,1.0,1.0,SOXL,SOXL
2024-01-30,288.07711938472124,1.0,1.0,SOXL,SOXL
2024-01-31,275.79109824337456,1.0,1.0,SOXL,SOXL
2024-02-01,278.7981707743266,1.0,1.0,SOXL,SOXL
2024-02-02,289.1081765030874,1.0,1.0,SOXL,SOXL
2024-02-05,301.56597951706465,1.0,1.0,SOXL,SOXL
2024-02-06,290.6546291324247,1.0,1.0,SOXL,SOXL
2024-02-07,303.79975920924204,1.0,1.0,SOXL,SOXL
2024-02-08,319.1788020264488,1.0,1.0,SOXL,SOXL
2024-02-09,337.8226151300931,1.0,1.0,SOXL,SOXL
2024-02-12,336.36201185950483,1.0,1.0,SOXL,SOXL
2024-02-13,316.5154096579433,1.0,1.0,SOXL,SOXL
2024-02-14,336.10426421093973,1.0,1.0,SOXL,SOXL
2024-02-15,336.0183815901377,1.0,1.0,SOXL,SOXL
2024-02-16,329.3169759894995,1.0,1.0,SOXL,SOXL
2024-02-20,312.90694257803256,1.0,1.0,SOXL,SOXL
2024-02-21,310.50126459603916,1.0,1.0,SOXL,SOXL
2024-02-22,355.8649837916993,1.0,1.0,SOXL,SOXL
2024-02-23,345.12546517276934,1.0,1.0,SOXL,SOXL
2024-02-26,354.0607835137969,1.0,1.0,SOXL,SOXL
2024-02-27,353.2016912093527,1.0,1.0,SOXL,SOXL
2024-02-28,341.9466440312397,1.0,1.0,SOXL,SOXL
2024-02-29,368.0651056812174,1.0,1.0,SOXL,SOXL
2024-03-01,415.23319146504474,1.0,1.0,SOXL,SOXL
2024-03-04,427.605078596167,1.0,1.0,SOXL,SOXL
2024-03-05,402.4316251334885,1.0,1.0,SOXL,SOXL
2024-03-06,431.4713265866956,1.0,1.0,SOXL,SOXL
2024-03-07,475.28859315301844,1.0,1.0,SOXL,SOXL
2024-03-08,420.55990967794975,1.0,1.0,SOXL,SOXL
2024-03-11,401.8302139535034,1.0,1.0,SOXL,SOXL
2024-03-12,425.9726768219217,1.0,1.0,SOXL,SOXL
2024-03-13,395.9019847744544,1.0,1.0,SOXL,SOXL
2024-03-14,373.9934013843725,1.0,1.0,SOXL,SOXL
2024-03-15,367.2059468526673,1.0,1.0,SOXL,SOXL
2024-03-18,365.48766245761993,1.0,1.0,SOXL,SOXL
2024-03-19,356.15805574053223,1.0,1.0,SOXL,SOXL
2024-03-20,373.18357018039603,1.0,1.0,SOXL,SOXL
2024-03-21,398.205714564055,1.0,1.0,SOXL,SOXL
2024-03-22,399.2375367096397,1.0,1.0,SOXL,SOXL
2024-03-25,394.59422063732285,1.0,1.0,SOXL,SOXL
2024-03-26,387.1993677560956,1.0,1.0,SOXL,SOXL
2024-03-27,399.8394468204196,1.0,1.0,SOXL,SOXL
2024-03-28,400.0973940413025,1.0,1.0,SOXL,SOXL
2024-04-01,412.65152396071846,1.0,1.0,SOXL,SOXL
2024-04-02,394.5082714924149,1.0,1.0,SOXL,SOXL
2024-04-03,397.1738591564173,1.0,1.0,SOXL,SOXL
2024-04-04,364.32681680851425,1.0,1.0,SOXL,SOXL
2024-04-05,375.0752163955906,1.0,1.0,SOXL,SOXL
2024-04-08,378.3427141703728,1.0,1.0,SOXL,SOXL
2024-04-09,390.29490071695585,1.0,1.0,SOXL,SOXL
2024-04-10,370.5178827302347,1.0,1.0,SOXL,SOXL
2024-04-11,393.820345712621,1.0,1.0,SOXL,SOXL
2024-04-12,356.931930665234,1.0,1.0,SOXL,SOXL
2024-04-15,342.05617597171266,1.0,1.0,SOXL,SOXL
2024-04-16,348.591238045383,1.0,1.0,SOXL,SOXL
2024-04-17,318.66776384441835,1.0,1.0,SOXL,SOXL
2024-04-18,300.18054848621784,1.0,1.0,SOXL,SOXL
2024-04-19,264.7539341433265,1.0,1.0,SOXL,SOXL
2024-04-22,275.7602476892328,1.0,1.0,SOXL,SOXL
2024-04-23,293.30159004675653,1.0,1.0,SOXL,SOXL
2024-04-24,305.1677941863786,1.0,1.0,SOXL,SOXL
2024-04-25,321.6772811362646,1.0,1.0,SOXL,SOXL
2024-04-26,342.2282073097405,1.0,1.0,SOXL,SOXL
2024-04-29,349.1930816320569,1.0,1.0,SOXL,SOXL
2024-04-30,328.29829235484294,1.0,1.0,SOXL,SOXL
2024-05-01,295.53723241390094,1.0,1.0,SOXL,SOXL
2024-05-02,313.42257092337456,1.0,1.0,SOXL,SOXL
2024-05-03,335.09126838734335,1.0,1.0,SOXL,SOXL
2024-05-06,355.1262668570004,1.0,1.0,SOXL,SOXL
2024-05-07,347.04342167187343,1.0,1.0,SOXL,SOXL
2024-05-08,347.47343349283733,1.0,1.0,SOXL,SOXL
2024-05-09,343.6040256072753,1.0,1.0,SOXL,SOXL
2024-05-10,352.80457555878905,1.0,1.0,SOXL,SOXL
2024-05-13,354.86828637406455,1.0,1.0,SOXL,SOXL
2024-05-14,371.54977139992553,1.0,1.0,SOXL,SOXL
2024-05-15,404.1388000028396,1.0,1.0,SOXL,SOXL
2024-05-16,397.77580252925014,1.0,1.0,SOXL,SOXL
2024-05-17,390.3809496480229,1.0,1.0,SOXL,SOXL
2024-05-20,414.88716632786304,1.0,1.0,SOXL,SOXL
2024-05-21,412.5655415537576,1.0,1.0,SOXL,SOXL
2024-05-22,424.6037105073017,1.0,1.0,SOXL,SOXL
2024-05-23,419.70248047615485,1.0,1.0,SOXL,SOXL
2024-05-24,442.31701767874733,1.0,1.0,SOXL,SOXL
2024-05-28,464.67364092250983,1.0,1.0,SOXL,SOXL
2024-05-29,438.36156086211827,1.0,1.0,SOXL,SOXL
2024-05-30,429.9348525732533,1.0,1.0,SOXL,SOXL
2024-05-31,417.8107344748012,1.0,1.0,SOXL,SOXL
2024-06-03,417.8107344748012,1.0,1.0,SOXL,SOXL
2024-06-04,420.920818056672,1.0,1.0,TQQQ,TQQQ
2024-06-05,446.3308933324852,1.0,1.0,TQQQ,TQQQ
2024-06-06,445.80153823038273,1.0,1.0,TQQQ,TQQQ
2024-06-07,444.1472713370971,1.0,1.0,TQQQ,TQQQ
2024-06-10,448.84542022527523,1.0,1.0,TQQQ,TQQQ
2024-06-11,458.10957242139875,1.0,1.0,TQQQ,TQQQ
2024-06-12,476.1745172235425,1.0,1.0,TQQQ,TQQQ
2024-06-13,483.78435100763556,1.0,1.0,TQQQ,TQQQ
2024-06-14,490.7985765839032,1.0,1.0,TQQQ,TQQQ
2024-06-17,508.59886959436807,1.0,1.0,TQQQ,TQQQ
2024-06-18,508.86352138604695,1.0,1.0,TQQQ,TQQQ
2024-06-20,496.8863405736882,1.0,1.0,TQQQ,TQQQ
2024-06-21,492.3205433407218,1.0,1.0,TQQQ,TQQQ
2024-06-24,475.6451106026954,1.0,1.0,TQQQ,TQQQ
2024-06-25,491.526433409451,1.0,1.0,TQQQ,TQQQ
2024-06-26,494.6019479136078,1.0,1.0,TQQQ,TQQQ
2024-06-27,498.18894051544567,1.0,1.0,TQQQ,TQQQ
2024-06-28,490.3507241359638,1.0,1.0,TQQQ,TQQQ
2024-07-01,498.38816350131725,1.0,1.0,TQQQ,TQQQ
2024-07-02,513.665944213559,1.0,1.0,TQQQ,TQQQ
2024-07-03,526.2868002225765,1.0,1.0,TQQQ,TQQQ
2024-07-05,542.228863629369,1.0,1.0,TQQQ,TQQQ
2024-07-08,545.8157531937175,1.0,1.0,TQQQ,TQQQ
2024-07-09,547.0115032589046,1.0,1.0,TQQQ,TQQQ
2024-07-10,564.1491106559052,1.0,1.0,TQQQ,TQQQ
2024-07-11,527.0838467222968,1.0,1.0,TQQQ,TQQQ
2024-07-12,535.6527019395419,1.0,1.0,TQQQ,TQQQ
2024-07-15,539.6382435506123,1.0,1.0,TQQQ,TQQQ
2024-07-16,540.0368440785896,1.0,1.0,TQQQ,TQQQ
2024-07-17,492.54279520548755,1.0,1.0,TQQQ,TQQQ
2024-07-18,485.16953549719545,1.0,1.0,TQQQ,TQQQ
2024-07-19,472.017315155031,1.0,1.0,TQQQ,TQQQ
2024-07-22,492.60930590493416,1.0,1.0,TQQQ,TQQQ
2024-07-23,487.2951989047621,1.0,1.0,TQQQ,TQQQ
2024-07-24,434.7528797542957,1.0,1.0,TQQQ,TQQQ
2024-07-25,420.2721713011468,1.0,1.0,TQQQ,TQQQ
2024-07-26,432.2952295556878,1.0,1.0,TQQQ,TQQQ
2024-07-29,434.81933893499763,1.0,1.0,TQQQ,TQQQ
2024-07-30,417.0837792272862,1.0,1.0,TQQQ,TQQQ
2024-07-31,453.55124540641816,1.0,1.0,TQQQ,TQQQ
2024-08-01,420.8699690556233,1.0,1.0,TQQQ,TQQQ
2024-08-02,390.18156654785315,1.0,1.0,TQQQ,TQQQ
2024-08-05,356.1718278454462,1.0,1.0,TQQQ,TQQQ
2024-08-06,356.1718278454462,0.0,0.0,CASH,SOXL
2024-08-07,356.1718278454462,0.0,0.0,CASH,TQQQ
2024-08-08,356.1718278454462,0.0,0.0,CASH,TQQQ
2024-08-09,356.1718278454462,0.0,0.0,CASH,TQQQ
2024-08-12,356.1718278454462,0.0,0.0,CASH,TQQQ
2024-08-13,356.1718278454462,0.0,0.0,CASH,TQQQ
2024-08-14,356.7882037465094,1.0,1.0,TQQQ,TQQQ
2024-08-15,383.6299791125514,1.0,1.0,TQQQ,TQQQ
2024-08-16,384.63868509815114,1.0,1.0,TQQQ,TQQQ
2024-08-19,399.5445336760829,1.0,1.0,TQQQ,TQQQ
2024-08-20,397.0789431481381,1.0,1.0,TQQQ,TQQQ
2024-08-21,402.51454238959667,1.0,1.0,TQQQ,TQQQ
2024-08-22,383.18167017026775,1.0,1.0,TQQQ,TQQQ
2024-08-23,395.2297285212564,1.0,1.0,TQQQ,TQQQ
2024-08-26,383.6299791125514,1.0,1.0,TQQQ,TQQQ
2024-08-27,386.8802298095693,1.0,1.0,TQQQ,TQQQ
2024-08-28,373.7674431533878,1.0,1.0,TQQQ,TQQQ
2024-08-29,371.8061838873198,1.0,1.0,TQQQ,TQQQ
2024-08-30,384.4706181393716,1.0,1.0,TQQQ,TQQQ
2024-09-03,349.39134523898286,1.0,1.0,TQQQ,TQQQ
2024-09-04,346.4213582563921,1.0,1.0,TQQQ,TQQQ
2024-09-05,347.54213061210123,1.0,1.0,TQQQ,TQQQ
2024-09-06,319.3554718810544,1.0,1.0,TQQQ,TQQQ
2024-09-09,331.2353763495714,1.0,1.0,TQQQ,TQQQ
2024-09-10,340.14522864272857,1.0,1.0,TQQQ,TQQQ
2024-09-11,361.8316032889699,1.0,1.0,TQQQ,TQQQ
2024-09-12,372.5346478894155,1.0,1.0,TQQQ,TQQQ
2024-09-13,377.4098500875581,1.0,1.0,TQQQ,TQQQ
2024-09-16,372.3665374687899,1.0,1.0,TQQQ,TQQQ
2024-09-17,372.5906702090087,1.0,1.0,TQQQ,TQQQ
2024-09-18,367.7154680108661,1.0,1.0,TQQQ,TQQQ
2024-09-19,395.50992704291457,1.0,1.0,TQQQ,TQQQ
2024-09-20,392.9882272716844,1.0,1.0,TQQQ,TQQQ
2024-09-23,395.90212674191287,1.0,1.0,TQQQ,TQQQ
2024-09-24,401.505792942151,1.0,1.0,TQQQ,TQQQ
2024-09-25,402.9113055824332,1.0,1.0,TQQQ,TQQQ
2024-09-26,411.45642606331256,1.0,1.0,TQQQ,TQQQ
2024-09-27,404.3729709278467,1.0,1.0,TQQQ,TQQQ
2024-09-30,407.5211297484299,1.0,1.0,TQQQ,TQQQ
2024-10-01,390.26234374758474,1.0,1.0,TQQQ,TQQQ
2024-10-02,391.7240090929983,1.0,1.0,TQQQ,TQQQ
2024-10-03,390.82452272659,1.0,1.0,TQQQ,TQQQ
2024-10-04,404.5977555957567,1.0,1.0,TQQQ,TQQQ
2024-10-07,391.27426590979417,1.0,1.0,TQQQ,TQQQ
2024-10-08,408.25194069021376,1.0,1.0,TQQQ,TQQQ
2024-10-09,418.09009455372825,1.0,1.0,TQQQ,TQQQ
2024-10-10,416.6283857464686,1.0,1.0,TQQQ,TQQQ
2024-10-11,417.6965909993477,1.0,1.0,TQQQ,TQQQ
2024-10-14,428.37786121490865,1.0,1.0,TQQQ,TQQQ
2024-10-15,411.287707176842,1.0,1.0,TQQQ,TQQQ
2024-10-16,411.06287904708597,1.0,1.0,TQQQ,TQQQ
2024-10-17,412.2996293390514,1.0,1.0,TQQQ,TQQQ
2024-10-18,419.60795606611936,1.0,1.0,TQQQ,TQQQ
2024-10-21,421.91286814911774,1.0,1.0,TQQQ,TQQQ
2024-10-22,423.14961844108313,1.0,1.0,TQQQ,TQQQ
2024-10-23,403.5858768953935,1.0,1.0,TQQQ,TQQQ
2024-10-24,413.1990722436137,1.0,1.0,TQQQ,TQQQ
2024-10-25,420.17009158327846,1.0,1.0,TQQQ,TQQQ
2024-10-28,420.56355167581296,1.0,1.0,TQQQ,TQQQ
2024-10-29,432.200634810298,1.0,1.0,TQQQ,TQQQ
2024-10-30,422.58743946207784,1.0,1.0,TQQQ,TQQQ
2024-10-31,390.4310191722094,1.0,1.0,TQQQ,TQQQ
2024-11-01,398.75118113779456,1.0,1.0,TQQQ,TQQQ
2024-11-04,395.0408433382061,1.0,1.0,TQQQ,TQQQ
2024-11-05,410.05095688487654,1.0,1.0,TQQQ,TQQQ
2024-11-06,443.3317351327555,1.0,1.0,TQQQ,TQQQ
2024-11-07,464.07603080343307,1.0,1.0,TQQQ,TQQQ
2024-11-08,465.20030183775134,1.0,1.0,TQQQ,TQQQ
2024-11-11,464.35714202385867,1.0,1.0,TQQQ,TQQQ
2024-11-12,461.8273148874121,1.0,1.0,TQQQ,TQQQ
2024-11-13,459.8034705629933,1.0,1.0,TQQQ,TQQQ
2024-11-14,450.077795957126,1.0,1.0,TQQQ,TQQQ
2024-11-15,417.5278286510308,1.0,1.0,TQQQ,TQQQ
2024-11-18,425.96051333610916,1.0,1.0,TQQQ,TQQQ
2024-11-19,434.50554689329647,1.0,1.0,TQQQ,TQQQ
2024-11-20,433.99960754311485,1.0,1.0,TQQQ,TQQQ
2024-11-21,438.2722112454006,1.0,1.0,TQQQ,TQQQ
2024-11-22,439.9025085535928,1.0,1.0,TQQQ,TQQQ
2024-11-25,441.92622249247336,1.0,1.0,TQQQ,TQQQ
2024-11-26,448.78489296002925,1.0,1.0,TQQQ,TQQQ
2024-11-27,437.93490385799754,1.0,1.0,TQQQ,TQQQ
2024-11-29,449.12211342374025,1.0,1.0,TQQQ,TQQQ
2024-12-02,463.6824837872064,1.0,1.0,TQQQ,TQQQ
2024-12-03,467.78636860302146,1.0,1.0,TQQQ,TQQQ
2024-12-04,484.8765226410881,1.0,1.0,TQQQ,TQQQ
2024-12-05,480.885073621074,1.0,1.0,TQQQ,TQQQ
2024-12-06,493.25292423549683,1.0,1.0,TQQQ,TQQQ
2024-12-09,481.7283638205049,1.0,1.0,TQQQ,TQQQ
2024-12-10,476.50012104667934,1.0,1.0,TQQQ,TQQQ
2024-12-11,501.9666766791547,1.0,1.0,TQQQ,TQQQ
2024-12-12,492.0161739435313,1.0,1.0,TQQQ,TQQQ
2024-12-13,502.5850518251374,1.0,1.0,TQQQ,TQQQ
2024-12-16,524.4536619919794,1.0,1.0,TQQQ,TQQQ
2024-12-17,517.4264464853371,1.0,1.0,TQQQ,TQQQ
2024-12-18,461.48996403816284,1.0,1.0,TQQQ,TQQQ
2024-12-19,454.9687313435483,1.0,1.0,TQQQ,TQQQ
2024-12-20,466.77440297896584,1.0,1.0,TQQQ,TQQQ
2024-12-23,479.7756230762679,1.0,1.0,TQQQ,TQQQ
2024-12-24,498.84037916714817,1.0,1.0,TQQQ,TQQQ
2024-12-26,497.768696966583,1.0,1.0,TQQQ,TQQQ
2024-12-27,477.51951864641387,1.0,1.0,TQQQ,TQQQ
2024-12-30,458.34202252681,1.0,1.0,TQQQ,TQQQ
2024-12-31,446.3278209539153,1.0,1.0,TQQQ,TQQQ
2025-01-02,443.50762522382877,1.0,1.0,TQQQ,TQQQ
2025-01-03,464.77215919204735,1.0,1.0,TQQQ,TQQQ
2025-01-06,480.6216948338477,1.0,1.0,TQQQ,TQQQ
2025-01-07,454.73212505350546,1.0,1.0,TQQQ,TQQQ
2025-01-08,455.0705624489066,1.0,1.0,TQQQ,TQQQ
2025-01-10,433.35485105656335,1.0,1.0,TQQQ,TQQQ
2025-01-13,428.8424683494711,1.0,1.0,TQQQ,TQQQ
2025-01-14,427.31960872478123,1.0,1.0,TQQQ,TQQQ
2025-01-15,456.19861466383367,1.0,1.0,TQQQ,TQQQ
2025-01-16,446.89195571599413,1.0,1.0,TQQQ,TQQQ
2025-01-17,468.94601758004643,1.0,1.0,TQQQ,TQQQ
2025-01-21,476.729816903196,1.0,1.0,TQQQ,TQQQ
2025-01-22,495.2304816938437,1.0,1.0,TQQQ,TQQQ
2025-01-23,498.27624440506963,1.0,1.0,TQQQ,TQQQ
2025-01-24,489.3080228526312,1.0,1.0,TQQQ,TQQQ
2025-01-27,446.38427789196936,1.0,1.0,TQQQ,TQQQ
2025-01-28,466.18219186432157,1.0,1.0,TQQQ,TQQQ
2025-01-29,463.3055826580271,1.0,1.0,TQQQ,TQQQ
2025-01-30,469.11521454682384,1.0,1.0,TQQQ,TQQQ
2025-01-31,466.5770427359305,1.0,1.0,TQQQ,TQQQ
2025-02-03,455.2961294300459,1.0,1.0,TQQQ,TQQQ
2025-02-04,471.82267024818674,1.0,1.0,TQQQ,TQQQ
2025-02-05,477.97069607053857,1.0,1.0,TQQQ,TQQQ
2025-02-06,485.13412100278595,1.0,1.0,TQQQ,TQQQ
2025-02-07,466.63341275029217,1.0,1.0,TQQQ,TQQQ
2025-02-10,483.0471266160173,1.0,1.0,TQQQ,TQQQ
2025-02-11,479.6064695713363,1.0,1.0,TQQQ,TQQQ
2025-02-12,480.5653248194858,1.0,1.0,TQQQ,TQQQ
2025-02-13,500.8145031396549,1.0,1.0,TQQQ,TQQQ
2025-02-14,506.68059196650563,1.0,1.0,TQQQ,TQQQ
2025-02-18,509.8392250919933,1.0,1.0,TQQQ,TQQQ
2025-02-19,509.895595106355,1.0,1.0,TQQQ,TQQQ
2025-02-20,503.6911123459492,1.0,1.0,TQQQ,TQQQ
2025-02-21,472.1610641817416,1.0,1.0,TQQQ,TQQQ
2025-02-24,455.183345939476,1.0,1.0,TQQQ,TQQQ
2025-02-25,437.81077682560135,1.0,1.0,TQQQ,TQQQ
2025-02-26,440.63105947938016,1.0,1.0,TQQQ,TQQQ
2025-02-27,404.0809507840556,1.0,1.0,TQQQ,TQQQ
2025-02-28,422.5816155747033,1.0,1.0,TQQQ,TQQQ
2025-03-03,395.2819261983947,1.0,1.0,TQQQ,TQQQ
2025-03-04,390.9387404580799,1.0,1.0,TQQQ,TQQQ
2025-03-05,406.1679451708241,1.0,1.0,TQQQ,TQQQ
2025-03-06,372.49448914364007,1.0,1.0,TQQQ,TQQQ
2025-03-07,372.49448914364007,0.0,0.0,CASH,TQQQ
2025-03-10,372.49448914364007,0.0,0.0,CASH,TQQQ
2025-03-11,372.49448914364007,0.0,0.0,CASH,TQQQ
2025-03-12,372.49448914364007,0.0,0.0,CASH,TQQQ
2025-03-13,372.49448914364007,0.0,0.0,CASH,TQQQ
2025-03-14,372.49448914364007,0.0,0.0,CASH,TQQQ
2025-03-17,372.49448914364007,0.0,0.0,CASH,TQQQ
2025-03-18,372.49448914364007,0.0,0.0,CASH,TQQQ
2025-03-19,372.49448914364007,0.0,0.0,CASH,TQQQ
2025-03-20,372.49448914364007,0.0,0.0,CASH,TQQQ
2025-03-21,372.49448914364007,0.0,0.0,CASH,TQQQ
2025-03-24,372.49448914364007,0.0,0.0,CASH,TQQQ
2025-03-25,372.49448914364007,0.0,0.0,CASH,TQQQ
2025-03-26,372.49448914364007,0.0,0.0,CASH,TQQQ
2025-03-27,372.49448914364007,0.0,0.0,CASH,TQQQ
2025-03-28,372.49448914364007,0.0,0.0,CASH,TQQQ
2025-03-31,372.49448914364007,0.0,0.0,CASH,TQQQ
2025-04-01,372.49448914364007,0.0,0.0,CASH,TQQQ
2025-04-02,372.49448914364007,0.0,0.0,CASH,TQQQ
2025-04-03,372.49448914364007,0.0,0.0,CASH,TQQQ
2025-04-04,372.49448914364007,0.0,0.0,CASH,TQQQ
2025-04-07,372.49448914364007,0.0,0.0,CASH,SOXL
2025-04-08,372.49448914364007,0.0,0.0,CASH,TQQQ
2025-04-09,372.49448914364007,0.0,0.0,CASH,TQQQ
2025-04-10,372.49448914364007,0.0,0.0,CASH,TQQQ
2025-04-11,372.49448914364007,0.0,0.0,CASH,TQQQ
2025-04-14,372.49448914364007,0.0,0.0,CASH,TQQQ
2025-04-15,372.49448914364007,0.0,0.0,CASH,TQQQ
2025-04-16,372.49448914364007,0.0,0.0,CASH,TQQQ
2025-04-17,372.49448914364007,0.0,0.0,CASH,TQQQ
2025-04-21,372.49448914364007,0.0,0.0,CASH,TQQQ
2025-04-22,372.49448914364007,0.0,0.0,CASH,TQQQ
2025-04-23,372.49448914364007,0.0,0.0,CASH,TQQQ
2025-04-24,372.49448914364007,0.0,0.0,CASH,TQQQ
2025-04-25,372.49448914364007,0.0,0.0,CASH,TQQQ
2025-04-28,372.49448914364007,0.0,0.0,CASH,TQQQ
2025-04-29,372.49448914364007,0.0,0.0,CASH,TQQQ
2025-04-30,372.49448914364007,0.0,0.0,CASH,TQQQ
2025-05-01,372.49448914364007,0.0,0.0,CASH,TQQQ
2025-05-02,372.49448914364007,0.0,0.0,CASH,TQQQ
2025-05-05,372.49448914364007,0.0,0.0,CASH,TQQQ
2025-05-06,372.49448914364007,0.0,0.0,CASH,TQQQ
2025-05-07,372.49448914364007,0.0,0.0,CASH,TQQQ
2025-05-08,372.49448914364007,0.0,0.0,CASH,TQQQ
2025-05-09,372.49448914364007,0.0,0.0,CASH,TQQQ
2025-05-12,372.49448914364007,0.0,0.0,CASH,TQQQ
2025-05-13,372.49448914364007,0.0,0.0,CASH,TQQQ
2025-05-14,379.0672629439035,1.0,1.0,TQQQ,TQQQ
2025-05-15,380.25253691346427,1.0,1.0,TQQQ,TQQQ
2025-05-16,384.9397002598476,1.0,1.0,TQQQ,TQQQ
2025-05-19,385.9633421980096,1.0,1.0,TQQQ,TQQQ
2025-05-20,381.9226655861762,1.0,1.0,TQQQ,TQQQ
2025-05-21,366.0294562339609,1.0,1.0,TQQQ,TQQQ
2025-05-22,367.91506668784103,1.0,1.0,TQQQ,TQQQ
2025-05-23,357.3016162757442,1.0,1.0,TQQQ,TQQQ
2025-05-27,382.19207989920426,1.0,1.0,TQQQ,TQQQ
2025-05-28,377.2893933806076,1.0,1.0,TQQQ,TQQQ
2025-05-29,379.12119547576333,1.0,1.0,TQQQ,TQQQ
2025-05-30,377.12776134920875,1.0,1.0,TQQQ,TQQQ
2025-06-02,385.80171016661075,1.0,1.0,TQQQ,TQQQ
2025-06-03,394.7988816557651,1.0,1.0,TQQQ,TQQQ
2025-06-04,397.9775069697901,1.0,1.0,TQQQ,TQQQ
2025-06-05,388.71096255865285,1.0,1.0,TQQQ,TQQQ
2025-06-06,399.80930906494586,1.0,1.0,TQQQ,TQQQ
2025-06-09,401.58722001928703,1.0,1.0,TQQQ,TQQQ
2025-06-10,409.34530918015633,1.0,1.0,TQQQ,TQQQ
2025-06-11,405.14291775483383,1.0,1.0,TQQQ,TQQQ
2025-06-12,407.7828800069835,1.0,1.0,TQQQ,TQQQ
2025-06-13,392.37448396687415,1.0,1.0,TQQQ,TQQQ
2025-06-16,408.37551699176385,1.0,1.0,TQQQ,TQQQ
2025-06-17,396.30737829707823,1.0,1.0,TQQQ,TQQQ
2025-06-18,395.76867384415766,1.0,1.0,TQQQ,TQQQ
2025-06-20,390.32724148159525,1.0,1.0,TQQQ,TQQQ
2025-06-23,402.44918853500513,1.0,1.0,TQQQ,TQQQ
2025-06-24,420.7667955761114,1.0,1.0,TQQQ,TQQQ
2025-06-25,423.99757360705377,1.0,1.0,TQQQ,TQQQ
2025-06-26,435.61322539591316,1.0,1.0,TQQQ,TQQQ
2025-06-27,439.88130440992455,1.0,1.0,TQQQ,TQQQ
2025-06-30,448.4174210469021,1.0,1.0,TQQQ,TQQQ
2025-07-01,437.0179132959337,1.0,1.0,TQQQ,TQQQ
2025-07-02,445.71615865685203,1.0,1.0,TQQQ,TQQQ
2025-07-03,458.1961382510044,1.0,1.0,TQQQ,TQQQ
2025-07-07,447.9852157532105,1.0,1.0,TQQQ,TQQQ
2025-07-08,448.579549770843,1.0,1.0,TQQQ,TQQQ
2025-07-09,457.8720463673034,1.0,1.0,TQQQ,TQQQ
2025-07-10,455.76499382175024,1.0,1.0,TQQQ,TQQQ
2025-07-11,452.3073514722172,1.0,1.0,TQQQ,TQQQ
2025-07-14,457.1156664078205,1.0,1.0,TQQQ,TQQQ
2025-07-15,458.3042516609951,1.0,1.0,TQQQ,TQQQ
2025-07-16,459.60086754207,1.0,1.0,TQQQ,TQQQ
2025-07-17,470.2980520385508,1.0,1.0,TQQQ,TQQQ
2025-07-18,468.67730288272975,1.0,1.0,TQQQ,TQQQ
2025-07-21,475.80873161968685,1.0,1.0,TQQQ,TQQQ
2025-07-22,468.4071435308886,1.0,1.0,TQQQ,TQQQ
2025-07-23,474.56608966151697,1.0,1.0,TQQQ,TQQQ
2025-07-24,477.69959873630387,1.0,1.0,TQQQ,TQQQ
2025-07-25,480.4009025173991,1.0,1.0,TQQQ,TQQQ
2025-07-28,485.1012696071924,1.0,1.0,TQQQ,TQQQ
2025-07-29,482.8861450426938,1.0,1.0,TQQQ,TQQQ
2025-07-30,484.5609509035102,1.0,1.0,TQQQ,TQQQ
2025-07-31,476.56511157916987,1.0,1.0,TQQQ,TQQQ
2025-08-01,447.9852157532106,1.0,1.0,TQQQ,TQQQ
2025-08-04,465.10093504701064,1.0,1.0,SOXL,SOXL
2025-08-05,456.17100226213563,1.0,1.0,SOXL,SOXL
2025-08-06,446.3108600113019,1.0,1.0,SOXL,SOXL
2025-08-07,465.10093504701064,1.0,1.0,SOXL,SOXL
2025-08-08,478.30978878166206,1.0,1.0,SOXL,SOXL
2025-08-11,476.4494053444394,1.0,1.0,SOXL,SOXL
2025-08-12,520.9130415735008,1.0,1.0,SOXL,SOXL
2025-08-13,544.5401916343169,1.0,1.0,SOXL,SOXL
2025-08-14,547.3307845374983,1.0,1.0,SOXL,SOXL
2025-08-15,509.19251588544444,1.0,1.0,SOXL,SOXL
2025-08-18,512.1691719786344,1.0,1.0,SOXL,SOXL
2025-08-19,488.1699310324958,1.0,1.0,SOXL,SOXL
2025-08-20,479.9841445235709,1.0,1.0,SOXL,SOXL
2025-08-21,471.6123658140269,1.0,1.0,SOXL,SOXL
2025-08-22,510.68084393203947,1.0,1.0,SOXL,SOXL
2025-08-25,507.89021553416336,1.0,1.0,SOXL,SOXL
2025-08-26,519.7968044122283,1.0,1.0,SOXL,SOXL
2025-08-27,524.2617885520132,1.0,1.0,SOXL,SOXL
2025-08-28,530.7731838243345,1.0,1.0,SOXL,SOXL
2025-08-29,484.4491641580505,1.0,1.0,SOXL,SOXL
2025-09-02,469.7519468821094,1.0,1.0,SOXL,SOXL
2025-09-03,463.4265793051019,1.0,1.0,SOXL,SOXL
2025-09-04,477.1935516203895,1.0,1.0,SOXL,SOXL
2025-09-05,492.0767965916444,1.0,1.0,SOXL,SOXL
2025-09-08,503.7973222797008,1.0,1.0,SOXL,SOXL
2025-09-09,505.6577412116182,1.0,1.0,SOXL,SOXL
2025-09-10,532.0754841756157,1.0,1.0,SOXL,SOXL
2025-09-11,542.6797727023994,1.0,1.0,SOXL,SOXL
2025-09-12,545.0982747202582,1.0,1.0,SOXL,SOXL
2025-09-15,558.1211362542905,1.0,1.0,SOXL,SOXL
2025-09-16,567.0510335444708,1.0,1.0,SOXL,SOXL
2025-09-17,566.8650058491569,1.0,1.0,SOXL,SOXL
2025-09-18,625.8398316588455,1.0,1.0,SOXL,SOXL
2025-09-19,614.3053336661029,1.0,1.0,SOXL,SOXL
2025-09-22,640.536977945397,1.0,1.0,SOXL,SOXL
2025-09-23,638.303864718346,1.0,1.0,SOXL,SOXL
2025-09-24,636.4429488607017,1.0,1.0,SOXL,SOXL
2025-09-25,629.9296013801677,1.0,1.0,SOXL,SOXL
2025-09-26,633.0932435254304,1.0,1.0,SOXL,SOXL
2025-09-29,633.0932435254304,1.0,1.0,SOXL,SOXL
2025-09-30,648.3529807241597,1.0,1.0,SOXL,SOXL
2025-10-01,685.9440631615679,1.0,1.0,SOXL,SOXL
2025-10-02,694.3171430673258,1.0,1.0,TQQQ,TQQQ
2025-10-03,684.8973280360551,1.0,1.0,TQQQ,TQQQ
2025-10-06,700.204565013355,1.0,1.0,TQQQ,TQQQ
2025-10-07,688.8877491002594,1.0,1.0,TQQQ,TQQQ
2025-10-08,712.2409174465286,1.0,1.0,TQQQ,TQQQ
2025-10-09,709.4280608813648,1.0,1.0,TQQQ,TQQQ
2025-10-10,634.9855965891243,1.0,1.0,TQQQ,TQQQ
2025-10-13,675.2813941161099,1.0,1.0,TQQQ,TQQQ
2025-10-14,661.5441596897863,1.0,1.0,TQQQ,TQQQ
2025-10-15,675.0850749528488,1.0,1.0,TQQQ,TQQQ
2025-10-16,667.5624110093428,1.0,1.0,TQQQ,TQQQ
2025-10-17,680.2529103101537,1.0,1.0,TQQQ,TQQQ
2025-10-20,705.7648384225959,1.0,1.0,TQQQ,TQQQ
2025-10-21,704.9798121127844,1.0,1.0,TQQQ,TQQQ
2025-10-22,684.2432312370646,1.0,1.0,TQQQ,TQQQ
2025-10-23,701.3820293751023,1.0,1.0,TQQQ,TQQQ
2025-10-24,723.2307350287755,1.0,1.0,TQQQ,TQQQ
2025-10-27,761.6294816052896,1.0,1.0,TQQQ,TQQQ
2025-10-28,779.0298884217358,1.0,1.0,TQQQ,TQQQ
2025-10-29,788.9730209471164,1.0,1.0,TQQQ,TQQQ
2025-10-30,752.8637633730098,1.0,1.0,TQQQ,TQQQ
2025-10-31,763.5264824871148,1.0,1.0,TQQQ,TQQQ
2025-11-03,773.9929325066053,1.0,1.0,TQQQ,TQQQ
2025-11-04,681.9039866646659,1.0,1.0,SOXL,SOXL
2025-11-05,695.1639451772478,1.0,1.0,TQQQ,TQQQ
2025-11-06,638.4582307540443,1.0,1.0,SOXL,SOXL
2025-11-07,619.605874524358,1.0,1.0,SOXL,SOXL
2025-11-10,660.1983227228988,1.0,1.0,TQQQ,TQQQ
2025-11-11,613.9433572457907,1.0,1.0,SOXL,SOXL
2025-11-12,641.843164355277,1.0,1.0,SOXL,SOXL
2025-11-13,575.9114668674587,1.0,1.0,SOXL,SOXL
2025-11-14,576.3516362597401,1.0,1.0,TQQQ,TQQQ
2025-11-17,546.3920235270684,1.0,1.0,SOXL,SOXL
2025-11-18,509.4615932868911,1.0,1.0,SOXL,SOXL
2025-11-19,518.2150381821467,1.0,1.0,TQQQ,TQQQ
2025-11-20,443.9990393806594,1.0,1.0,SOXL,SOXL
2025-11-21,453.84443612498876,1.0,1.0,TQQQ,TQQQ
2025-11-24,512.917175897939,1.0,1.0,SOXL,SOXL
2025-11-25,517.3511711456487,1.0,1.0,SOXL,SOXL
2025-11-26,560.5472135227221,1.0,1.0,SOXL,SOXL
2025-11-28,590.1550880209826,1.0,1.0,SOXL,SOXL
2025-12-01,590.8702978273787,1.0,1.0,SOXL,SOXL
2025-12-02,626.4855418468642,1.0,1.0,SOXL,SOXL
2025-12-03,666.2488172297656,1.0,1.0,SOXL,SOXL
2025-12-04,645.9380700233315,1.0,1.0,SOXL,SOXL
2025-12-05,665.1045251898098,1.0,1.0,SOXL,SOXL
2025-12-08,686.4165006497814,1.0,1.0,SOXL,SOXL
2025-12-09,683.5558251127395,1.0,1.0,SOXL,SOXL
2025-12-10,710.1600148503875,1.0,1.0,SOXL,SOXL
2025-12-11,697.859148235101,1.0,1.0,SOXL,SOXL
2025-12-12,596.5915943386148,1.0,1.0,SOXL,SOXL
2025-12-15,589.0108505438744,1.0,1.0,SOXL,SOXL
2025-12-16,579.1415772320701,1.0,1.0,SOXL,SOXL
2025-12-17,515.0626416285846,1.0,1.0,SOXL,SOXL
2025-12-18,551.8222322508734,1.0,1.0,SOXL,SOXL
2025-12-19,596.7346581250329,1.0,1.0,SOXL,SOXL
2025-12-22,618.7617342657054,1.0,1.0,SOXL,SOXL
2025-12-23,625.0552313597669,1.0,1.0,SOXL,SOXL
2025-12-24,632.3499021445184,1.0,1.0,SOXL,SOXL
2025-12-26,632.3499021445184,1.0,1.0,SOXL,SOXL
2025-12-29,626.771614856853,1.0,1.0,SOXL,SOXL
2025-12-30,624.6260945633597,1.0,1.0,SOXL,SOXL
2025-12-31,601.1686533727425,1.0,1.0,SOXL,SOXL
2026-01-02,675.6890083080101,1.0,1.0,SOXL,SOXL
2026-01-05,704.0095815427442,1.0,1.0,SOXL,SOXL
2026-01-06,772.5224578310915,1.0,1.0,SOXL,SOXL
2026-01-07,747.9207791633661,1.0,1.0,SOXL,SOXL
2026-01-08,710.1600148503874,1.0,1.0,SOXL,SOXL
2026-01-09,771.6642933639723,1.0,1.0,SOXL,SOXL
2026-01-12,781.6766304621948,1.0,1.0,SOXL,SOXL
2026-01-13,801.9873231057813,1.0,1.0,SOXL,SOXL
2026-01-14,792.1180497939771,1.0,1.0,SOXL,SOXL
2026-01-15,830.7370331369226,1.0,1.0,SOXL,SOXL
2026-01-16,868.9268796834608,1.0,1.0,SOXL,SOXL
2026-01-20,828.7345220669998,1.0,1.0,SOXL,SOXL
2026-01-21,907.9749452599659,1.0,1.0,SOXL,SOXL
2026-01-22,911.4077668169856,1.0,1.0,SOXL,SOXL
2026-01-23,881.084682512329,1.0,1.0,SOXL,SOXL
2026-01-26,868.2117244399122,1.0,1.0,SOXL,SOXL
2026-01-27,929.1438569335194,1.0,1.0,SOXL,SOXL
2026-01-28,1002.5198652659835,1.0,1.0,SOXL,SOXL
2026-01-29,1007.9551978929259,1.0,1.0,SOXL,SOXL
2026-01-30,883.8023488258003,1.0,1.0,SOXL,SOXL
2026-02-02,932.5766239276916,1.0,1.0,SOXL,SOXL
2026-02-03,875.3633860010932,1.0,1.0,SOXL,SOXL
2026-02-04,760.7937372357829,1.0,1.0,SOXL,SOXL
2026-02-05,761.6519562657498,1.0,1.0,SOXL,SOXL
2026-02-06,883.2302028058226,1.0,1.0,SOXL,SOXL
2026-02-09,915.8417620646957,1.0,1.0,SOXL,SOXL
2026-02-10,905.9724887528913,1.0,1.0,SOXL,SOXL
2026-02-11,973.3411821269782,1.0,1.0,SOXL,SOXL
2026-02-12,902.5396671958716,1.0,1.0,SOXL,SOXL
2026-02-13,923.8515880929955,1.0,1.0,SOXL,SOXL
2026-02-17,920.4188210988234,1.0,1.0,SOXL,SOXL
2026-02-18,948.1673028764271,1.0,1.0,SOXL,SOXL
2026-02-19,933.0058152869465,1.0,1.0,SOXL,SOXL
2026-02-20,959.8960234717358,1.0,1.0,SOXL,SOXL
2026-02-23,942.0168695687839,1.0,1.0,SOXL,SOXL
2026-02-24,980.2067161153223,1.0,1.0,SOXL,SOXL
2026-02-25,1027.8368083029527,1.0,1.0,SOXL,SOXL
2026-02-26,934.5790804347664,1.0,1.0,SOXL,SOXL
2026-02-27,897.8195989381728,1.0,1.0,SOXL,SOXL
2026-03-02,897.6765351517545,1.0,1.0,SOXL,SOXL
2026-03-03,764.0834950063842,1.0,1.0,SOXL,SOXL
2026-03-04,809.8541399105104,1.0,1.0,SOXL,SOXL
2026-03-05,783.8220961928403,1.0,1.0,SOXL,SOXL
2026-03-06,684.9861355998362,1.0,1.0,SOXL,SOXL
2026-03-09,762.6531845192868,1.0,1.0,SOXL,SOXL
2026-03-10,780.8184114322277,1.0,1.0,SOXL,SOXL
2026-03-11,802.2733961157699,1.0,1.0,SOXL,SOXL
2026-03-12,719.1710691322245,1.0,1.0,SOXL,SOXL
2026-03-13,725.464566226286,1.0,1.0,SOXL,SOXL
2026-03-16,767.9453987969632,1.0,1.0,SOXL,SOXL
2026-03-17,785.9676164863333,1.0,1.0,SOXL,SOXL
2026-03-18,772.6655216175094,1.0,1.0,SOXL,SOXL
2026-03-19,784.5372514363886,1.0,1.0,SOXL,SOXL
2026-03-20,731.4719357475109,1.0,1.0,SOXL,SOXL
2026-03-23,758.5052077187186,1.0,1.0,SOXL,SOXL
2026-03-24,786.1106257099041,1.0,1.0,SOXL,SOXL
2026-03-25,815.8615639945828,1.0,1.0,SOXL,SOXL
2026-03-26,700.4337507621533,1.0,1.0,SOXL,SOXL
2026-03-27,666.6778994633246,1.0,1.0,SOXL,SOXL
2026-03-30,581.0009699527263,1.0,1.0,SOXL,SOXL
2026-03-31,581.0009699527263,0.0,0.0,CASH,SOXL
2026-04-01,633.7530747493568,1.0,1.0,SOXL,SOXL
2026-04-02,639.6952883034035,1.0,1.0,SOXL,SOXL
2026-04-06,664.6767702444993,1.0,1.0,SOXL,SOXL
2026-04-07,685.7775936589326,1.0,1.0,SOXL,SOXL
2026-04-08,818.5674305304216,1.0,1.0,SOXL,SOXL
2026-04-09,872.8960947771297,1.0,1.0,SOXL,SOXL
2026-04-10,926.3757854608149,1.0,1.0,SOXL,SOXL
2026-04-13,976.9450400751872,1.0,1.0,SOXL,SOXL
2026-04-14,1034.5479333347355,1.0,1.0,SOXL,SOXL
2026-04-15,1042.4304530218399,1.0,1.0,SOXL,SOXL
2026-04-16,1071.6563864331256,1.0,1.0,SOXL,SOXL
2026-04-17,1148.1772529248487,1.0,1.0,SOXL,SOXL
2026-04-20,1163.4572042006564,1.0,1.0,SOXL,SOXL
2026-04-21,1189.5300187117869,1.0,1.0,SOXL,SOXL
2026-04-22,1281.0883386906644,1.0,1.0,SOXL,SOXL
2026-04-23,1367.5532798968763,1.0,1.0,SOXL,SOXL
2026-04-24,1556.1270915708242,1.0,1.0,SOXL,SOXL
2026-04-27,1496.3412556079231,1.0,1.0,SOXL,SOXL
2026-04-28,1328.6258620808496,1.0,1.0,SOXL,SOXL
2026-04-29,1430.613344872617,1.0,1.0,SOXL,SOXL
2026-04-30,1539.8769640982139,1.0,1.0,SOXL,SOXL
2026-05-01,1581.3509325189314,1.0,1.0,SOXL,SOXL
2026-05-04,1546.7893075885158,1.0,1.0,SOXL,SOXL
2026-05-05,1748.2175375251707,1.0,1.0,SOXL,SOXL
2026-05-06,2011.250568142363,1.0,1.0,SOXL,SOXL
2026-05-07,1844.505350812092,1.0,1.0,SOXL,SOXL
2026-05-08,2145.7381208371617,1.0,1.0,SOXL,SOXL
2026-05-11,2309.2090166334983,1.0,1.0,SOXL,SOXL
2026-05-12,2092.137134998603,1.0,1.0,SOXL,SOXL
2026-05-13,2234.2647095918524,1.0,1.0,SOXL,SOXL
2026-05-14,2257.912176132071,1.0,1.0,SOXL,SOXL
2026-05-15,1990.998440727669,1.0,1.0,SOXL,SOXL
2026-05-18,1840.2608530813548,1.0,1.0,SOXL,SOXL
2026-05-19,1841.9586151652118,1.0,1.0,SOXL,SOXL
2026-05-20,2100.3833551081398,1.0,1.0,SOXL,SOXL
