strategy,date,equity,daily_return,holding
Top1 current-member baseline,2020-01-03,0.9919015176965931,-0.008098482303406929,DXCM
Top1 current-member baseline,2020-01-06,0.9970717450732179,0.005212440231598059,DXCM
Top1 current-member baseline,2020-01-07,1.0295113333651689,0.03253485865209105,DXCM
Top1 current-member baseline,2020-01-08,1.0559114264147402,0.025643324355912878,DXCM
Top1 current-member baseline,2020-01-09,1.0752653602305797,0.018329126223734615,DXCM
Top1 current-member baseline,2020-01-10,1.1046852358088932,0.02736057225167632,DXCM
Top1 current-member baseline,2020-01-13,1.075219631337152,-0.026673303414040284,DXCM
Top1 current-member baseline,2020-01-14,1.0804813165006324,0.004893591048869661,DXCM
Top1 current-member baseline,2020-01-15,1.0772328196896468,-0.0030065275182235007,DXCM
Top1 current-member baseline,2020-01-16,1.073938524170129,-0.003058109128597719,DXCM
Top1 current-member baseline,2020-01-17,1.0806643717045528,0.0062627863542013,DXCM
Top1 current-member baseline,2020-01-21,1.0555453858220047,-0.023244021492933475,DXCM
Top1 current-member baseline,2020-01-22,1.0694088503770158,0.013133935064492785,DXCM
Top1 current-member baseline,2020-01-23,1.0799322905190811,0.009840427389725903,DXCM
Top1 current-member baseline,2020-01-24,1.0878935163271004,0.007371967555662717,DXCM
Top1 current-member baseline,2020-01-27,1.0478129441113337,-0.03684236702787336,DXCM
Top1 current-member baseline,2020-01-28,1.0791087515467543,0.029867742721925383,DXCM
Top1 current-member baseline,2020-01-29,1.081030412297289,0.0017807850671029968,DXCM
Top1 current-member baseline,2020-01-30,1.0882595569198363,0.006687272199109362,DXCM
Top1 current-member baseline,2020-01-31,1.0926977031109895,0.004078205574150617,DXCM
Top1 current-member baseline,2020-02-03,1.1028550328452145,0.009295644811283532,DXCM
Top1 current-member baseline,2020-02-04,1.4454376063885193,0.3106324615117264,TSLA
Top1 current-member baseline,2020-02-05,1.3477065455219748,-0.06761347597059497,TSLA
Top1 current-member baseline,2020-02-06,1.1457944527268302,-0.14981903402193752,TSLA
Top1 current-member baseline,2020-02-07,1.1959369663354291,0.0437622240963611,TSLA
Top1 current-member baseline,2020-02-10,1.3096290757399123,0.09506530244052636,TSLA
Top1 current-member baseline,2020-02-11,1.2585371966824275,-0.03901248071223451,TSLA
Top1 current-member baseline,2020-02-12,1.2734015337575584,0.011810804729740276,TSLA
Top1 current-member baseline,2020-02-13,1.2144191023614106,-0.04631880034108504,TSLA
Top1 current-member baseline,2020-02-14,1.2887078152024816,0.0611722202793239,TSLA
Top1 current-member baseline,2020-02-18,1.3777298180281072,0.06907850001021254,TSLA
Top1 current-member baseline,2020-02-19,1.5118030753722633,0.09731462264208668,TSLA
Top1 current-member baseline,2020-02-20,1.4928952938998352,-0.012506775373354984,TSLA
Top1 current-member baseline,2020-02-21,1.4847592273192847,-0.005449857477477171,TSLA
Top1 current-member baseline,2020-02-24,1.3734735509075868,-0.07495200188964168,TSLA
Top1 current-member baseline,2020-02-25,1.3898438522966532,0.011918905448342176,TSLA
Top1 current-member baseline,2020-02-26,1.2809810014730592,-0.07832739673863587,TSLA
Top1 current-member baseline,2020-02-27,1.195036591328553,-0.06709265012180099,TSLA
Top1 current-member baseline,2020-02-28,1.0308417995783257,-0.13739729221821373,TSLA
Top1 current-member baseline,2020-03-02,1.1643584580574318,0.12952196790402004,TSLA
Top1 current-member baseline,2020-03-03,1.3178143201064187,0.13179434648072763,TSLA
Top1 current-member baseline,2020-03-04,1.250630345420419,-0.050981366388987426,TSLA
Top1 current-member baseline,2020-03-05,1.1848377742250704,-0.052607528224682176,TSLA
Top1 current-member baseline,2020-03-06,1.1295551047563666,-0.04665842925615771,TSLA
Top1 current-member baseline,2020-03-09,0.9910454490871308,-0.12262319481891137,TSLA
Top1 current-member baseline,2020-03-10,1.0795109467196797,0.0892648240441809,TSLA
Top1 current-member baseline,2020-03-11,1.0480307003416214,-0.029161581430663275,TSLA
Top1 current-member baseline,2020-03-12,0.950938107644747,-0.09264288981727886,TSLA
Top1 current-member baseline,2020-03-13,0.974036679528394,0.024290299965848305,TSLA
Top1 current-member baseline,2020-03-16,0.768588563415046,-0.21092441427649444,TSLA
Top1 current-member baseline,2020-03-17,0.7203123702014743,-0.0628114904534457,TSLA
Top1 current-member baseline,2020-03-18,0.6368071314044041,-0.11592920273424356,TSLA
Top1 current-member baseline,2020-03-19,0.6133975217335813,-0.03676091004068316,TSLA
Top1 current-member baseline,2020-03-20,0.7173493383436392,0.169468921746325,TSLA
Top1 current-member baseline,2020-03-23,0.7098190015781081,-0.010497447147464811,TSLA
Top1 current-member baseline,2020-03-24,0.7813574584485807,0.10078408257798754,TSLA
Top1 current-member baseline,2020-03-25,0.8925940507462956,0.14236325652868276,TSLA
Top1 current-member baseline,2020-03-26,0.8960973825458352,0.003924888135441229,TSLA
Top1 current-member baseline,2020-03-27,0.8267034049949549,-0.07744021900134368,TSLA
Top1 current-member baseline,2020-03-30,0.835314201135935,0.010415822759351823,TSLA
Top1 current-member baseline,2020-03-31,0.8205645185560617,-0.017657646140596395,TSLA
Top1 current-member baseline,2020-04-01,0.8250662999184697,0.0054862003664619685,TSLA
Top1 current-member baseline,2020-04-02,0.7874636533688102,-0.0455753029221716,TSLA
Top1 current-member baseline,2020-04-03,0.8340700499872323,0.059185457537040076,TSLA
Top1 current-member baseline,2020-04-06,0.8368530443124813,0.0033366433973880394,TSLA
Top1 current-member baseline,2020-04-07,0.8921847978951679,0.06611884124547163,TSLA
Top1 current-member baseline,2020-04-08,0.9072455650982035,0.01688077093284579,TSLA
Top1 current-member baseline,2020-04-09,0.9201618061456602,0.014236764051922979,TSLA
Top1 current-member baseline,2020-04-13,0.966113435671067,0.04993864037661733,TSLA
Top1 current-member baseline,2020-04-14,1.1442393106269386,0.18437366501599728,TSLA
Top1 current-member baseline,2020-04-15,1.2146810091986169,0.061562033324202625,TSLA
Top1 current-member baseline,2020-04-16,1.173656900154038,-0.033773565844784526,TSLA
Top1 current-member baseline,2020-04-17,1.264250437674874,0.0771891150718289,TSLA
Top1 current-member baseline,2020-04-20,1.1994565970583138,-0.05125079547982969,TSLA
Top1 current-member baseline,2020-04-21,1.1952330214564573,-0.003521240878756937,TSLA
Top1 current-member baseline,2020-04-22,1.15244085391679,-0.03580236386668978,TSLA
Top1 current-member baseline,2020-04-23,1.1911077077545398,0.03355213736681839,TSLA
Top1 current-member baseline,2020-04-24,1.1636218216597958,-0.02307590314108543,TSLA
Top1 current-member baseline,2020-04-27,1.207494401738925,0.03770346968618132,TSLA
Top1 current-member baseline,2020-04-28,1.3024916460661766,0.07867303085666078,TSLA
Top1 current-member baseline,2020-04-29,1.2935370737833702,-0.006874955635877811,TSLA
Top1 current-member baseline,2020-04-30,1.3999771926908335,0.08228609837686718,TSLA
Top1 current-member baseline,2020-05-01,1.2359624384731922,-0.11715530443920719,TSLA
Top1 current-member baseline,2020-05-04,1.2670107751381572,0.025120776892960883,PCG
Top1 current-member baseline,2020-05-05,1.3828449273124337,0.09142317843480519,PCG
Top1 current-member baseline,2020-05-06,1.4258350373078599,0.03108816407851145,PCG
Top1 current-member baseline,2020-05-07,1.3804566607268587,-0.03182582514361598,PCG
Top1 current-member baseline,2020-05-08,1.345825784401432,-0.025086536441638274,PCG
Top1 current-member baseline,2020-05-11,1.3732917702195215,0.020408277309313938,PCG
Top1 current-member baseline,2020-05-12,1.3517965943533603,-0.01565230079455382,PCG
Top1 current-member baseline,2020-05-13,1.3171656889211871,-0.025618429264307352,PCG
Top1 current-member baseline,2020-05-14,1.3016414163800702,-0.011786119750683666,PCG
Top1 current-member baseline,2020-05-15,1.330301750822468,0.022018609796623956,PCG
Top1 current-member baseline,2020-05-18,1.4329997539009147,0.07719902872784545,PCG
Top1 current-member baseline,2020-05-19,1.4497180904274765,0.011666670898617504,PCG
Top1 current-member baseline,2020-05-20,1.4544951872741583,0.0032951902016158385,PCG
Top1 current-member baseline,2020-05-21,1.4353885171482865,-0.013136289685275138,PCG
Top1 current-member baseline,2020-05-22,1.412699070080376,-0.015807181677186644,PCG
Top1 current-member baseline,2020-05-26,1.4353883278089108,0.01606092777228474,PCG
Top1 current-member baseline,2020-05-27,1.3350782527116902,-0.06988358004160566,PCG
Top1 current-member baseline,2020-05-28,1.3291075786012547,-0.004472152923102768,PCG
Top1 current-member baseline,2020-05-29,1.44613550913215,0.08805000619592795,PCG
Top1 current-member baseline,2020-06-01,1.3756799915607658,-0.04871985863459338,PCG
Top1 current-member baseline,2020-06-02,1.4345231804493832,0.04277389309257695,TSLA
Top1 current-member baseline,2020-06-03,1.4239730787730613,-0.00735443094967414,TSLA
Top1 current-member baseline,2020-06-04,1.4267949653702778,0.0019816994009802524,TSLA
Top1 current-member baseline,2020-06-05,1.4074905747575361,-0.01352989818528827,TSLA
Top1 current-member baseline,2020-06-08,1.4734847204357189,0.046887806470427895,TSLA
Top1 current-member baseline,2020-06-09,1.5071712095838932,0.022861783825089743,TSLA
Top1 current-member baseline,2020-06-10,1.5903374132038857,0.05518032927589789,TSLA
Top1 current-member baseline,2020-06-11,1.5876437858388335,-0.0016937458319776777,TSLA
Top1 current-member baseline,2020-06-12,1.5712895410554726,-0.01030095348165272,TSLA
Top1 current-member baseline,2020-06-15,1.4715446848682323,-0.06347961567938609,TSLA
Top1 current-member baseline,2020-06-16,1.6223563488443222,0.10248527654435047,TSLA
Top1 current-member baseline,2020-06-17,1.5836514190671165,-0.02385723075252666,TSLA
Top1 current-member baseline,2020-06-18,1.608166730901937,0.015480244919845898,TSLA
Top1 current-member baseline,2020-06-19,1.6238475688440348,0.009750753849573357,TSLA
Top1 current-member baseline,2020-06-22,1.6032763660154676,-0.012668185871172133,TSLA
Top1 current-member baseline,2020-06-23,1.6015609217214708,-0.001069961692418686,TSLA
Top1 current-member baseline,2020-06-24,1.5939128915986684,-0.004775360099684378,TSLA
Top1 current-member baseline,2020-06-25,1.5300351149959976,-0.040076077519269226,TSLA
Top1 current-member baseline,2020-06-26,1.5949870397318437,0.04245126409142319,TSLA
Top1 current-member baseline,2020-06-29,1.5536686675458888,-0.02590514603360128,TSLA
Top1 current-member baseline,2020-06-30,1.6137783934159282,0.03868889624001115,TSLA
Top1 current-member baseline,2020-07-01,1.736435137546333,0.07600594023989493,TSLA
Top1 current-member baseline,2020-07-02,1.6537477500441264,-0.04761904761904767,MRNA
Top1 current-member baseline,2020-07-06,1.61378215838957,-0.024166679382324197,MRNA
Top1 current-member baseline,2020-07-07,1.620672774014754,0.004269854880574631,MRNA
Top1 current-member baseline,2020-07-08,1.6755221206538957,0.03384356639944541,MRNA
Top1 current-member baseline,2020-07-09,1.711353300876362,0.02138508336045275,MRNA
Top1 current-member baseline,2020-07-10,1.7819132427295268,0.04123049391205891,MRNA
Top1 current-member baseline,2020-07-13,1.7609657123491957,-0.01175563988078554,MRNA
Top1 current-member baseline,2020-07-14,2.039622225054423,0.1582407373131014,MRNA
Top1 current-member baseline,2020-07-15,2.4122666255390097,0.18270265733873514,MRNA
Top1 current-member baseline,2020-07-16,2.209407094995705,-0.08409498701163531,MRNA
Top1 current-member baseline,2020-07-17,2.297331207379319,0.03979534264317386,MRNA
Top1 current-member baseline,2020-07-20,2.421637972137408,0.054109204784577924,MRNA
Top1 current-member baseline,2020-07-21,2.2300789418712568,-0.07910308331392557,MRNA
Top1 current-member baseline,2020-07-22,2.1942476565063402,-0.01606727219030657,MRNA
Top1 current-member baseline,2020-07-23,2.261500132299303,0.030649446334622743,MRNA
Top1 current-member baseline,2020-07-24,1.9031881197897422,-0.158439969731622,MRNA
Top1 current-member baseline,2020-07-27,2.222361275731734,0.16770447052667237,MRNA
Top1 current-member baseline,2020-07-28,2.2325594625595704,0.004588896926526198,MRNA
Top1 current-member baseline,2020-07-29,2.259570768335647,0.01209880687572329,MRNA
Top1 current-member baseline,2020-07-30,2.149872075057364,-0.04854846540570401,MRNA
Top1 current-member baseline,2020-07-31,2.155384483443551,0.0025640634390025063,MRNA
Top1 current-member baseline,2020-08-03,2.0666335308304995,-0.041176390242569916,MRNA
Top1 current-member baseline,2020-08-04,2.155164104867648,0.04283806137683799,MRNA
Top1 current-member baseline,2020-08-05,2.135815160302217,-0.00897794489140269,MRNA
Top1 current-member baseline,2020-08-06,2.088959058164927,-0.02193827584343011,MRNA
Top1 current-member baseline,2020-08-07,2.0500958851021376,-0.018604085566391704,MRNA
Top1 current-member baseline,2020-08-10,2.0470639974042646,-0.0014789004357822488,MRNA
Top1 current-member baseline,2020-08-11,1.9161423005257714,-0.0639558397023765,MRNA
Top1 current-member baseline,2020-08-12,2.0856514869622744,0.08846377765888858,MRNA
Top1 current-member baseline,2020-08-13,1.904290433239059,-0.08695654804119046,MRNA
Top1 current-member baseline,2020-08-14,1.8759011305088857,-0.014908074017830009,MRNA
Top1 current-member baseline,2020-08-17,1.905668640478056,0.01586837892735593,MRNA
Top1 current-member baseline,2020-08-18,1.8819649059046315,-0.012438539455357889,MRNA
Top1 current-member baseline,2020-08-19,1.8395186884193109,-0.02255420244668027,MRNA
Top1 current-member baseline,2020-08-20,1.8684593581590434,0.015732740266205747,MRNA
Top1 current-member baseline,2020-08-21,1.8604662187996421,-0.004277930544487107,MRNA
Top1 current-member baseline,2020-08-24,1.8508193989813648,-0.0051851625795718,MRNA
Top1 current-member baseline,2020-08-25,1.7728175796359074,-0.04214447902825491,MRNA
Top1 current-member baseline,2020-08-26,1.8637737900022946,0.05130601783916622,MRNA
Top1 current-member baseline,2020-08-27,1.9288212183268223,0.03490092449709126,MRNA
Top1 current-member baseline,2020-08-28,1.8753499737842274,-0.027722239902036705,MRNA
Top1 current-member baseline,2020-08-31,1.8505437154765854,-0.013227535475730967,MRNA
Top1 current-member baseline,2020-09-01,1.7513188925309178,-0.05361928070967692,MRNA
Top1 current-member baseline,2020-09-02,1.7320251477519129,-0.011016694253279335,MRNA
Top1 current-member baseline,2020-09-03,1.8094757052302617,0.04471676267453506,MRNA
Top1 current-member baseline,2020-09-04,1.791284379043024,-0.010053368572264354,MRNA
Top1 current-member baseline,2020-09-08,1.5917322094174715,-0.1114017249076672,MRNA
Top1 current-member baseline,2020-09-09,1.5443247402706226,-0.029783570921266156,MRNA
Top1 current-member baseline,2020-09-10,1.5721904335981252,0.01804393376655966,MRNA
Top1 current-member baseline,2020-09-11,1.6121284779306937,0.025402803298558485,MRNA
Top1 current-member baseline,2020-09-14,1.6578821614762165,0.02838091639213003,MRNA
Top1 current-member baseline,2020-09-15,1.7923042608112776,0.08108061143221934,MRNA
Top1 current-member baseline,2020-09-16,1.8643249467269527,0.04018329225143691,MRNA
Top1 current-member baseline,2020-09-17,1.8880286813003773,0.012714379333409243,MRNA
Top1 current-member baseline,2020-09-18,1.8819649059046315,-0.0032116966526003488,MRNA
Top1 current-member baseline,2020-09-21,1.8907848854934708,0.0046865802657460875,MRNA
Top1 current-member baseline,2020-09-22,1.860466218799642,-0.016034963536275648,MRNA
Top1 current-member baseline,2020-09-23,1.870526458732638,0.005407375759548527,MRNA
Top1 current-member baseline,2020-09-24,1.805341293798171,-0.034848566097607,MRNA
Top1 current-member baseline,2020-09-25,1.8160079953847021,0.00590841278775045,MRNA
Top1 current-member baseline,2020-09-28,1.9180716644894265,0.05620221351674348,MRNA
Top1 current-member baseline,2020-09-29,1.9420510825676305,0.01250183636104496,MRNA
Top1 current-member baseline,2020-09-30,1.9985542148080981,0.029094565404409245,MRNA
Top1 current-member baseline,2020-10-01,1.917520507764768,-0.04054616404344635,MRNA
Top1 current-member baseline,2020-10-02,1.8332516010232003,-0.04394680860013278,TSLA
Top1 current-member baseline,2020-10-05,1.841778584225027,0.004651289106780254,TSLA
Top1 current-member baseline,2020-10-06,1.8436928090080795,0.001039334912159351,TSLA
Top1 current-member baseline,2020-10-07,1.8266388426044264,-0.009249895817963427,TSLA
Top1 current-member baseline,2020-10-08,1.907427413067527,0.04422799328405391,TSLA
Top1 current-member baseline,2020-10-09,1.871274812569043,-0.018953591759669264,TSLA
Top1 current-member baseline,2020-10-12,1.9229150688262877,0.027596297406658588,TSLA
Top1 current-member baseline,2020-10-13,1.9287883852330483,0.0030543816011310287,TSLA
Top1 current-member baseline,2020-10-14,1.9567619166678656,0.014503162528862523,TSLA
Top1 current-member baseline,2020-10-15,1.9590676693247717,0.001178351151085666,TSLA
Top1 current-member baseline,2020-10-16,1.9770351343842574,0.009171436668993893,TSLA
Top1 current-member baseline,2020-10-19,1.9413612892310146,-0.018044112890463815,TSLA
Top1 current-member baseline,2020-10-20,1.8783227125973647,-0.032471326683669366,TSLA
Top1 current-member baseline,2020-10-21,1.8389506616366642,-0.020961281411678412,TSLA
Top1 current-member baseline,2020-10-22,1.922567154688128,0.04546967724356743,TSLA
Top1 current-member baseline,2020-10-23,1.835209240392469,-0.045438160161344276,TSLA
Top1 current-member baseline,2020-10-26,1.790790940807365,-0.024203397960008588,TSLA
Top1 current-member baseline,2020-10-27,1.8435621669504765,0.029468110956223592,TSLA
Top1 current-member baseline,2020-10-28,1.8118906288576795,-0.01717953354683255,TSLA
Top1 current-member baseline,2020-10-29,1.7835255695490086,-0.015654951163665887,TSLA
Top1 current-member baseline,2020-10-30,1.770213024389551,-0.007464173985923805,TSLA
Top1 current-member baseline,2020-11-02,1.7140917057266196,-0.03170314413559616,TSLA
Top1 current-member baseline,2020-11-03,1.7119858258873824,-0.0012285689454081261,CVNA
Top1 current-member baseline,2020-11-04,1.7947602814426795,0.04834996546329018,CVNA
Top1 current-member baseline,2020-11-05,1.8845853652107705,0.05004851327325288,CVNA
Top1 current-member baseline,2020-11-06,1.8783588908345468,-0.003303896173218579,CVNA
Top1 current-member baseline,2020-11-09,1.8427402159752944,-0.01896265672819697,CVNA
Top1 current-member baseline,2020-11-10,1.7523658709620213,-0.04904345399844723,CVNA
Top1 current-member baseline,2020-11-11,1.7786448342569379,0.014996276594048119,CVNA
Top1 current-member baseline,2020-11-12,1.8798239949953832,0.056885533744410965,CVNA
Top1 current-member baseline,2020-11-13,1.9827426285484584,0.05474907960908748,CVNA
Top1 current-member baseline,2020-11-16,1.8862334982380462,-0.04867456265923198,CVNA
Top1 current-member baseline,2020-11-17,1.9243244599611442,0.020194192160556623,CVNA
Top1 current-member baseline,2020-11-18,2.0235805950809254,0.05157972950246936,CVNA
Top1 current-member baseline,2020-11-19,2.0608474029674535,0.018416270632916287,CVNA
Top1 current-member baseline,2020-11-20,2.0876758021534165,0.013018139599920042,CVNA
Top1 current-member baseline,2020-11-23,2.1762189852729756,0.04241232428341024,CVNA
Top1 current-member baseline,2020-11-24,2.196637881216276,0.00938273955033031,CVNA
Top1 current-member baseline,2020-11-25,2.1591878698174445,-0.017048787020870093,CVNA
Top1 current-member baseline,2020-11-27,2.2196205784566425,0.027988629189690473,CVNA
Top1 current-member baseline,2020-11-30,2.2990072535241697,0.03576587631149408,CVNA
Top1 current-member baseline,2020-12-01,2.302852955469767,0.0016727663384716873,CVNA
Top1 current-member baseline,2020-12-02,2.144278592611217,-0.06885996019932672,TSLA
Top1 current-member baseline,2020-12-03,2.2736814862978174,0.060347985626727274,TSLA
Top1 current-member baseline,2020-12-04,2.2774963620744897,0.001677840893573812,TSLA
Top1 current-member baseline,2020-12-07,2.3310995474708522,0.023536013619594787,TSLA
Top1 current-member baseline,2020-12-08,2.410444412446736,0.03403752751012701,TSLA
Top1 current-member baseline,2020-12-09,2.5190380107946155,0.0450512767633795,TSLA
Top1 current-member baseline,2020-12-10,2.2133730737144064,-0.12134193123341919,TSLA
Top1 current-member baseline,2020-12-11,2.3699819623334437,0.07075575757150676,TSLA
Top1 current-member baseline,2020-12-14,2.3853577145447695,0.006487708537742165,TSLA
Top1 current-member baseline,2020-12-15,2.4789223675701115,0.03922457938062274,TSLA
Top1 current-member baseline,2020-12-16,2.420926236115001,-0.02339570299329674,TSLA
Top1 current-member baseline,2020-12-17,2.420772060519477,-6.368454900618215e-05,TSLA
Top1 current-member baseline,2020-12-18,2.577650668229541,0.06480519594083511,TSLA
Top1 current-member baseline,2020-12-21,2.567400284356846,-0.003976638106565122,TSLA
Top1 current-member baseline,2020-12-22,2.4971112069917667,-0.02737752963312745,TSLA
Top1 current-member baseline,2020-12-23,2.4362249005285634,-0.02438269721137165,TSLA
Top1 current-member baseline,2020-12-24,2.4778048591059836,0.01706737278992554,TSLA
Top1 current-member baseline,2020-12-28,2.599269297243623,0.04902098633443841,TSLA
Top1 current-member baseline,2020-12-29,2.5472075149979387,-0.02002939145277982,TSLA
Top1 current-member baseline,2020-12-30,2.5895968072507203,0.016641475813491402,TSLA
Top1 current-member baseline,2020-12-31,2.6974581597209997,0.041651793888636934,TSLA
Top1 current-member baseline,2021-01-04,2.7724871664358983,0.027814706391093402,TSLA
Top1 current-member baseline,2021-01-05,2.788672075920302,0.005837685988357544,TSLA
Top1 current-member baseline,2021-01-06,2.922891810352201,0.04813033973799308,TSLA
Top1 current-member baseline,2021-01-07,2.9966489566051644,0.025234305967717585,TSLA
Top1 current-member baseline,2021-01-08,3.298653193504226,0.10078065241288559,TSLA
Top1 current-member baseline,2021-01-11,3.273219512311187,-0.007710322880599696,TSLA
Top1 current-member baseline,2021-01-12,3.202313908966293,-0.021662342864022577,TSLA
Top1 current-member baseline,2021-01-13,3.2861674398987097,0.026185293920633956,TSLA
Top1 current-member baseline,2021-01-14,3.2500596565487085,-0.01098780996719817,TSLA
Top1 current-member baseline,2021-01-15,3.283238809192878,0.010208782653363002,TSLA
Top1 current-member baseline,2021-01-19,3.228518115332388,-0.016666680994168126,TSLA
Top1 current-member baseline,2021-01-20,3.3092119285679695,0.024994071692632902,TSLA
Top1 current-member baseline,2021-01-21,3.2947995092252476,-0.004355242170591023,TSLA
Top1 current-member baseline,2021-01-22,3.2150692052605523,-0.024198833264802655,TSLA
Top1 current-member baseline,2021-01-25,3.2947995092252476,0.02479893864624727,TSLA
Top1 current-member baseline,2021-01-26,3.4349924013688784,0.04254974900630493,TSLA
Top1 current-member baseline,2021-01-27,3.3539517812445085,-0.023592663579714013,TSLA
Top1 current-member baseline,2021-01-28,3.159924793115795,-0.05785026165662954,TSLA
Top1 current-member baseline,2021-01-29,3.198460224687315,0.012195047064244458,TSLA
Top1 current-member baseline,2021-02-01,3.1379207251129007,-0.018927701244223716,TSLA
Top1 current-member baseline,2021-02-02,3.1427930426443473,0.001552721677272828,TPR
Top1 current-member baseline,2021-02-03,3.3230763929518794,0.05736405415860335,TPR
Top1 current-member baseline,2021-02-04,3.527723972532254,0.06158377219808253,TPR
Top1 current-member baseline,2021-02-05,3.5803475148698545,0.01491713715340004,TPR
Top1 current-member baseline,2021-02-08,3.664154307845367,0.023407446519492003,TPR
Top1 current-member baseline,2021-02-09,3.7606308786469578,0.026329832942631137,TPR
Top1 current-member baseline,2021-02-10,3.7733010851800035,0.0033691704774823084,TPR
Top1 current-member baseline,2021-02-11,3.8025347847080195,0.007747513084188862,TPR
Top1 current-member baseline,2021-02-12,3.7752501677476165,-0.007175376033410341,TPR
Top1 current-member baseline,2021-02-16,3.7547845978551866,-0.005420983771425192,TPR
Top1 current-member baseline,2021-02-17,3.790840949031981,0.009602774869533315,TPR
Top1 current-member baseline,2021-02-18,3.736269846062508,-0.014395513740403265,TPR
Top1 current-member baseline,2021-02-19,3.7518614320280625,0.004173035302036832,TPR
Top1 current-member baseline,2021-02-22,3.8912159542580493,0.03714276893074353,TPR
Top1 current-member baseline,2021-02-23,3.9428654902081863,0.013273366617861049,TPR
Top1 current-member baseline,2021-02-24,3.9711254513382905,0.007167366272140319,TPR
Top1 current-member baseline,2021-02-25,4.040316037221461,0.01742341981662987,TPR
Top1 current-member baseline,2021-02-26,4.141665178480321,0.02508445882083965,TPR
Top1 current-member baseline,2021-03-01,4.204033270908573,0.015058699759775473,TPR
Top1 current-member baseline,2021-03-02,4.177823283208393,-0.006234486268591133,MRNA
Top1 current-member baseline,2021-03-03,3.976144548171129,-0.04827363949256924,MRNA
Top1 current-member baseline,2021-03-04,3.5028393732847904,-0.11903620936116133,MRNA
Top1 current-member baseline,2021-03-05,3.6218597368506797,0.03397825332032789,MRNA
Top1 current-member baseline,2021-03-08,3.5150869806316236,-0.029480091438300216,MRNA
Top1 current-member baseline,2021-03-09,3.4595643001860568,-0.015795535288742668,MRNA
Top1 current-member baseline,2021-03-10,3.6367474052298214,0.05121543919106686,MRNA
Top1 current-member baseline,2021-03-11,3.619382888652364,-0.004774738149943114,MRNA
Top1 current-member baseline,2021-03-12,3.648178533106855,0.007955954188978431,MRNA
Top1 current-member baseline,2021-03-15,3.7224814872573195,0.020367137593780837,MRNA
Top1 current-member baseline,2021-03-16,4.041737834243949,0.08576438810495035,MRNA
Top1 current-member baseline,2021-03-17,4.089367741381503,0.011784511784511675,MRNA
Top1 current-member baseline,2021-03-18,3.931508537522783,-0.038602349762115185,MRNA
Top1 current-member baseline,2021-03-19,3.8936767993226615,-0.009622702796916571,MRNA
Top1 current-member baseline,2021-03-22,3.9244322436845716,0.00789881799312675,MRNA
Top1 current-member baseline,2021-03-23,3.963080461354494,0.00984810420210902,MRNA
Top1 current-member baseline,2021-03-24,3.735545574073952,-0.05741364312416086,MRNA
Top1 current-member baseline,2021-03-25,3.465552093164477,-0.07227685368994774,MRNA
Top1 current-member baseline,2021-03-26,3.6302155694714195,0.04751435611997512,MRNA
Top1 current-member baseline,2021-03-29,3.541215569564721,-0.024516450388001987,MRNA
Top1 current-member baseline,2021-03-30,3.3517846495242067,-0.05349319077567449,MRNA
Top1 current-member baseline,2021-03-31,3.295989532388819,-0.016646390794619825,MRNA
Top1 current-member baseline,2021-04-01,3.598099187559898,0.09165977385617508,MRNA
Top1 current-member baseline,2021-04-05,3.622247448603603,0.006711393929104359,OXY
Top1 current-member baseline,2021-04-06,3.4371103796528195,-0.05111110479825298,OXY
Top1 current-member baseline,2021-04-07,3.419669829063178,-0.0050741898464731205,OXY
Top1 current-member baseline,2021-04-08,3.3432007021392307,-0.022361552648752614,OXY
Top1 current-member baseline,2021-04-09,3.3203944321285603,-0.006821687371648677,OXY
Top1 current-member baseline,2021-04-12,3.324418750135263,0.0012119999864361741,OXY
Top1 current-member baseline,2021-04-13,3.2425826985675372,-0.024616649621650666,OXY
Top1 current-member baseline,2021-04-14,3.3539330527148365,0.03434001982323842,OXY
Top1 current-member baseline,2021-04-15,3.399546825269652,0.013600084389846057,OXY
Top1 current-member baseline,2021-04-16,3.3539331018416436,-0.013417589394254192,OXY
Top1 current-member baseline,2021-04-19,3.2841705869854727,-0.02080021059986681,OXY
Top1 current-member baseline,2021-04-20,3.286854174150434,0.0008171278238700008,OXY
Top1 current-member baseline,2021-04-21,3.0118320722671754,-0.08367335066039083,OXY
Top1 current-member baseline,2021-04-22,3.2962452828606703,0.09443196159983813,OXY
Top1 current-member baseline,2021-04-23,3.253314399449828,-0.01302417742819928,OXY
Top1 current-member baseline,2021-04-26,3.2774630335776522,0.0074227790993419696,OXY
Top1 current-member baseline,2021-04-27,3.3686895200321363,0.02783448219548701,OXY
Top1 current-member baseline,2021-04-28,3.400887871250918,0.009558123723576228,OXY
Top1 current-member baseline,2021-04-29,3.563218212538154,0.04773175342224012,OXY
Top1 current-member baseline,2021-04-30,3.427719474215652,-0.038027067173633355,OXY
Top1 current-member baseline,2021-05-03,3.4411359290129075,0.003914105252246669,OXY
Top1 current-member baseline,2021-05-04,3.5132249135048745,0.020949182473197325,TPL
Top1 current-member baseline,2021-05-05,3.6045179929186157,0.025985549363153337,TPL
Top1 current-member baseline,2021-05-06,3.691726011459966,0.024194086064399656,TPL
Top1 current-member baseline,2021-05-07,3.547720178890154,-0.039007724875243954,TPL
Top1 current-member baseline,2021-05-10,3.8229736086669597,0.07758600337609334,TPL
Top1 current-member baseline,2021-05-11,3.7473884504603636,-0.01977130002551919,TPL
Top1 current-member baseline,2021-05-12,3.750773856674615,0.0009034041330397979,TPL
Top1 current-member baseline,2021-05-13,3.6565106795723437,-0.025131661012973927,TPL
Top1 current-member baseline,2021-05-14,3.660158327080098,0.0009975760574507664,TPL
Top1 current-member baseline,2021-05-17,3.649782022089095,-0.0028349333727540893,TPL
Top1 current-member baseline,2021-05-18,3.6032077605925266,-0.012760833719573705,TPL
Top1 current-member baseline,2021-05-19,3.367275802470196,-0.06547831093801071,TPL
Top1 current-member baseline,2021-05-20,3.3603938896701613,-0.0020437627339542352,TPL
Top1 current-member baseline,2021-05-21,3.446007013518443,0.02547710972557593,TPL
Top1 current-member baseline,2021-05-24,3.364216914699333,-0.0237347453148683,TPL
Top1 current-member baseline,2021-05-25,3.3259658117949233,-0.011369987094850709,TPL
Top1 current-member baseline,2021-05-26,3.2765077135213936,-0.014870296651317227,TPL
Top1 current-member baseline,2021-05-27,3.1807144081956573,-0.029236404642180247,TPL
Top1 current-member baseline,2021-05-28,3.2200355792061353,0.012362370827497138,TPL
Top1 current-member baseline,2021-06-01,3.228468849397954,0.0026189990714009515,TPL
Top1 current-member baseline,2021-06-02,3.2540936449592444,0.007937135762071446,TPL
Top1 current-member baseline,2021-06-03,3.2132648826868087,-0.012546892230861806,TPL
Top1 current-member baseline,2021-06-04,3.2433889439665036,0.009374907572047508,TPL
Top1 current-member baseline,2021-06-07,3.2522686931299836,0.0027377996647606206,TPL
Top1 current-member baseline,2021-06-08,3.296959685271956,0.013741482134110417,TPL
Top1 current-member baseline,2021-06-09,3.342001382644972,0.013661585725244008,TPL
Top1 current-member baseline,2021-06-10,3.3247330825425165,-0.005167053548250977,TPL
Top1 current-member baseline,2021-06-11,3.2932825517466164,-0.009459565629806654,TPL
Top1 current-member baseline,2021-06-14,3.3523973121792756,0.017950102824097813,TPL
Top1 current-member baseline,2021-06-15,3.290787916811433,-0.018377712911299415,TPL
Top1 current-member baseline,2021-06-16,3.371700684521499,0.024587657957753084,TPL
Top1 current-member baseline,2021-06-17,3.431734420452045,0.01780517950663385,TPL
Top1 current-member baseline,2021-06-18,3.2439737931650945,-0.05471304136123023,TPL
Top1 current-member baseline,2021-06-21,3.3263307006359915,0.02538766115941482,TPL
Top1 current-member baseline,2021-06-22,3.4908261980644006,0.049452538617690056,TPL
Top1 current-member baseline,2021-06-23,3.486077201931805,-0.0013604218208368435,TPL
Top1 current-member baseline,2021-06-24,3.536306351553043,0.014408501794912487,TPL
Top1 current-member baseline,2021-06-25,3.4770373308488254,-0.016760148814083498,TPL
Top1 current-member baseline,2021-06-28,3.4144655469315515,-0.017995718182869935,TPL
Top1 current-member baseline,2021-06-29,3.424950377632513,0.003070709180353015,TPL
Top1 current-member baseline,2021-06-30,3.4755061991220098,0.014761037654636988,TPL
Top1 current-member baseline,2021-07-01,3.54991854801822,0.021410506738560375,TPL
Top1 current-member baseline,2021-07-02,3.5453232614915176,-0.0012944766096866234,TPL
Top1 current-member baseline,2021-07-06,3.501375524966421,-0.01239597443833873,TPL
Top1 current-member baseline,2021-07-07,3.3868670667359453,-0.03270384950542371,TPL
Top1 current-member baseline,2021-07-08,3.1826269958981586,-0.06030353917451525,TPL
Top1 current-member baseline,2021-07-09,3.255704384387088,0.02296134249571602,TPL
Top1 current-member baseline,2021-07-12,3.2938518025801917,0.011717101336362612,TPL
Top1 current-member baseline,2021-07-13,3.3985549389868823,0.03178744603041128,TPL
Top1 current-member baseline,2021-07-14,3.392339309510231,-0.0018289036335261688,TPL
Top1 current-member baseline,2021-07-15,3.175666238152674,-0.0638712851483123,TPL
Top1 current-member baseline,2021-07-16,3.2183444015909712,0.01343912119150259,TPL
Top1 current-member baseline,2021-07-19,2.9988062883605684,-0.06821461156297481,TPL
Top1 current-member baseline,2021-07-20,3.094119081930149,0.031783577998860224,TPL
Top1 current-member baseline,2021-07-21,3.2824492761066595,0.06086714479619437,TPL
Top1 current-member baseline,2021-07-22,3.3266806255034647,0.0134751052266886,TPL
Top1 current-member baseline,2021-07-23,3.2891898635058343,-0.011269720847325582,TPL
Top1 current-member baseline,2021-07-26,3.2504953551953273,-0.011764145554450822,TPL
Top1 current-member baseline,2021-07-27,3.258396865208578,0.0024308633453733464,TPL
Top1 current-member baseline,2021-07-28,3.1734784273370775,-0.026061416513812108,TPL
Top1 current-member baseline,2021-07-29,3.2610229614450956,0.0275863019435989,TPL
Top1 current-member baseline,2021-07-30,3.1892357300900875,-0.022013715390460264,TPL
Top1 current-member baseline,2021-08-02,3.2697555170946155,0.025247361380293265,TPL
Top1 current-member baseline,2021-08-03,3.1948051948015075,-0.02292230165260367,NUE
Top1 current-member baseline,2021-08-04,3.3103546019297787,0.03616790385726487,NUE
Top1 current-member baseline,2021-08-05,3.2631971979945806,-0.014245423710108729,NUE
Top1 current-member baseline,2021-08-06,3.2197879431666534,-0.013302675932243657,NUE
Top1 current-member baseline,2021-08-09,3.237589826439548,0.005528899289990674,NUE
Top1 current-member baseline,2021-08-10,3.375936958860855,0.04273151938256814,NUE
Top1 current-member baseline,2021-08-11,3.807844695390575,0.12793714509273868,NUE
Top1 current-member baseline,2021-08-12,3.812216863093883,0.001148200111364961,NUE
Top1 current-member baseline,2021-08-13,3.8824837782781922,0.018432035140645953,NUE
Top1 current-member baseline,2021-08-16,3.874676765088804,-0.0020108295707679247,NUE
Top1 current-member baseline,2021-08-17,3.847194285601543,-0.00709284442379321,NUE
Top1 current-member baseline,2021-08-18,3.7013516550827306,-0.037908829056187976,NUE
Top1 current-member baseline,2021-08-19,3.6460748418231907,-0.014934223605485686,NUE
Top1 current-member baseline,2021-08-20,3.684799672585537,0.010620964308835301,NUE
Top1 current-member baseline,2021-08-23,3.6879224297734723,0.0008474700025535853,NUE
Top1 current-member baseline,2021-08-24,3.8631209464300698,0.047506019986260695,NUE
Top1 current-member baseline,2021-08-25,3.8450082493090996,-0.00468861766746087,NUE
Top1 current-member baseline,2021-08-26,3.7684948662597524,-0.019899406734197655,NUE
Top1 current-member baseline,2021-08-27,3.7172781696220714,-0.013590756642986701,NUE
Top1 current-member baseline,2021-08-30,3.7822361961816746,0.017474620836946286,NUE
Top1 current-member baseline,2021-08-31,3.770993549668471,-0.0029724866269731365,NUE
Top1 current-member baseline,2021-09-01,3.6473239539900777,-0.0327949634624185,NUE
Top1 current-member baseline,2021-09-02,3.7453863205753266,0.026886113715775428,MRNA
Top1 current-member baseline,2021-09-03,3.741384813371207,-0.0010683830349188517,MRNA
Top1 current-member baseline,2021-09-07,3.9013447949178675,0.04275421789680256,MRNA
Top1 current-member baseline,2021-09-08,4.132091011511993,0.059145302126259125,MRNA
Top1 current-member baseline,2021-09-09,4.0959832456770116,-0.008738376220268518,MRNA
Top1 current-member baseline,2021-09-10,4.412540174996441,0.07728472269839748,MRNA
Top1 current-member baseline,2021-09-13,4.26813789529476,-0.032725431151864104,MRNA
Top1 current-member baseline,2021-09-14,3.994424393904176,-0.06412948880876812,MRNA
Top1 current-member baseline,2021-09-15,4.072403631075446,0.019522021067734485,MRNA
Top1 current-member baseline,2021-09-16,4.1081779137481,0.008784562119449557,MRNA
Top1 current-member baseline,2021-09-17,4.177916308065808,0.016975504903117056,MRNA
Top1 current-member baseline,2021-09-20,3.977628123383068,-0.04793973117557848,MRNA
Top1 current-member baseline,2021-09-21,4.042345662661327,0.016270384578640495,MRNA
Top1 current-member baseline,2021-09-22,4.126088896077723,0.02071649492766614,MRNA
Top1 current-member baseline,2021-09-23,4.189872856947754,0.015458697686000944,MRNA
Top1 current-member baseline,2021-09-24,4.268899934848782,0.01886145012013496,MRNA
Top1 current-member baseline,2021-09-27,4.102376120806284,-0.03900860094730629,MRNA
Top1 current-member baseline,2021-09-28,3.7971183685902252,-0.07440998660943421,MRNA
Top1 current-member baseline,2021-09-29,3.7461483601293475,-0.013423339362423348,MRNA
Top1 current-member baseline,2021-09-30,3.637634916165672,-0.02896667017211474,MRNA
Top1 current-member baseline,2021-10-01,3.413843291762387,-0.06152118878361146,MRNA
Top1 current-member baseline,2021-10-04,2.942728691828488,-0.13800123780452955,MRNA
Top1 current-member baseline,2021-10-05,3.1534679538896553,0.07161355467337449,MRNA
Top1 current-member baseline,2021-10-06,3.036379893166268,-0.0371299351810328,MRNA
Top1 current-member baseline,2021-10-07,2.8148749689126897,-0.07295033297780085,MRNA
Top1 current-member baseline,2021-10-08,2.9610205485632117,0.05191903060155245,MRNA
Top1 current-member baseline,2021-10-11,2.8516497010723287,-0.03693687554581593,MRNA
Top1 current-member baseline,2021-10-12,2.982313753758891,0.04582051317082447,MRNA
Top1 current-member baseline,2021-10-13,3.000081690128736,0.005957768979689249,MRNA
Top1 current-member baseline,2021-10-14,3.13441376685709,0.044776139653247116,MRNA
Top1 current-member baseline,2021-10-15,3.2488342530256715,0.03650458895326758,MRNA
Top1 current-member baseline,2021-10-18,3.0702012495953666,-0.05498372324286549,MRNA
Top1 current-member baseline,2021-10-19,3.2306851515069055,0.05227146003301564,MRNA
Top1 current-member baseline,2021-10-20,3.182144598411691,-0.015024847925082851,MRNA
Top1 current-member baseline,2021-10-21,3.2126311232175038,0.009580496380029224,MRNA
Top1 current-member baseline,2021-10-22,3.168130164766919,-0.013851873042310725,MRNA
Top1 current-member baseline,2021-10-25,3.118789193933353,-0.015574161498252748,MRNA
Top1 current-member baseline,2021-10-26,3.3535369177315992,0.07526886531955279,MRNA
Top1 current-member baseline,2021-10-27,3.2797019429804064,-0.022017045454545414,MRNA
Top1 current-member baseline,2021-10-28,3.268745843585445,-0.003340577767565356,MRNA
Top1 current-member baseline,2021-10-29,3.2817979151837413,0.003992990652335271,MRNA
Top1 current-member baseline,2021-11-01,3.1914809639816033,-0.027520570594634308,MRNA
Top1 current-member baseline,2021-11-02,3.227207564667664,0.011194364337203888,MRNA
Top1 current-member baseline,2021-11-03,3.334482730699033,0.03324086346532096,MRNA
Top1 current-member baseline,2021-11-04,2.818209509792154,-0.15482857840401798,MRNA
Top1 current-member baseline,2021-11-05,2.3014600505069898,-0.18336090964481733,MRNA
Top1 current-member baseline,2021-11-08,2.220384391645399,-0.03522792361472038,MRNA
Top1 current-member baseline,2021-11-09,2.344331971330263,0.05582257745606545,MRNA
Top1 current-member baseline,2021-11-10,2.192184276245471,-0.06490023467045813,MRNA
Top1 current-member baseline,2021-11-11,2.1690333634075105,-0.010560660017875367,MRNA
Top1 current-member baseline,2021-11-12,2.1517893474025445,-0.0079500925600684,MRNA
Top1 current-member baseline,2021-11-15,2.1990913318216307,0.021982627842351388,MRNA
Top1 current-member baseline,2021-11-16,2.2294351014114864,0.013798321675307701,MRNA
Top1 current-member baseline,2021-11-17,2.236866222724434,0.003333185751064338,MRNA
Top1 current-member baseline,2021-11-18,2.344808209708549,0.04825589741913361,MRNA
Top1 current-member baseline,2021-11-19,2.52863360703251,0.07839677316159244,MRNA
Top1 current-member baseline,2021-11-22,2.5539280286884884,0.01000319761061097,MRNA
Top1 current-member baseline,2021-11-23,2.646054860174405,0.03607260284982505,MRNA
Top1 current-member baseline,2021-11-24,2.6009918939184318,-0.017030246399729942,MRNA
Top1 current-member baseline,2021-11-26,3.0423820086005398,0.16970068830823903,MRNA
Top1 current-member baseline,2021-11-29,3.5281684139577854,0.15967304696910878,MRNA
Top1 current-member baseline,2021-11-30,3.34953541052748,-0.05063052056234485,MRNA
Top1 current-member baseline,2021-12-01,3.143940860373375,-0.06138001990005182,MRNA
Top1 current-member baseline,2021-12-02,2.976979140894668,-0.05310587154584023,TSLA
Top1 current-member baseline,2021-12-03,2.9383266843602924,-0.012983784805008503,TSLA
Top1 current-member baseline,2021-12-06,2.7127494541630153,-0.07677064344068596,TSLA
Top1 current-member baseline,2021-12-07,2.828382211178382,0.04262566778436372,TSLA
Top1 current-member baseline,2021-12-08,2.8514326807312456,0.008149701077090343,TSLA
Top1 current-member baseline,2021-12-09,2.8729124122162264,0.007532961107632463,TSLA
Top1 current-member baseline,2021-12-10,2.7323601214203928,-0.048923277367655116,TSLA
Top1 current-member baseline,2021-12-13,2.711611698202256,-0.007593590264869943,TSLA
Top1 current-member baseline,2021-12-14,2.55968308772468,-0.056028896238462744,TSLA
Top1 current-member baseline,2021-12-15,2.581921157860053,0.008687821645585236,TSLA
Top1 current-member baseline,2021-12-16,2.6937617256531152,0.04331680208459887,TSLA
Top1 current-member baseline,2021-12-17,2.477800368414514,-0.08017092053167418,TSLA
Top1 current-member baseline,2021-12-20,2.4667761876744185,-0.004449180361995486,TSLA
Top1 current-member baseline,2021-12-21,2.4834884042627996,0.0067749221319250985,TSLA
Top1 current-member baseline,2021-12-22,2.6156439171965338,0.05321366216443568,TSLA
Top1 current-member baseline,2021-12-23,2.7270782852808515,0.04260303451539915,TSLA
Top1 current-member baseline,2021-12-27,2.9082064055909314,0.06641837943842743,TSLA
Top1 current-member baseline,2021-12-28,3.0052303554364244,0.033362126449817175,TSLA
Top1 current-member baseline,2021-12-29,2.9758413849339074,-0.009779273808196653,TSLA
Top1 current-member baseline,2021-12-30,2.874781476443829,-0.033960112592601455,TSLA
Top1 current-member baseline,2021-12-31,2.9075832188582833,0.011410168975706236,TSLA
Top1 current-member baseline,2022-01-03,3.108863854022571,0.0692260960438904,TSLA
Top1 current-member baseline,2022-01-04,3.0425030847775703,-0.02134566592845044,BLDR
Top1 current-member baseline,2022-01-05,3.1081426609479554,0.021574202011099608,BLDR
Top1 current-member baseline,2022-01-06,2.9966994824934687,-0.03585523272618951,BLDR
Top1 current-member baseline,2022-01-07,2.9754208472984445,-0.007100690382646935,BLDR
Top1 current-member baseline,2022-01-10,2.793288915672736,-0.06121215820312498,BLDR
Top1 current-member baseline,2022-01-11,2.863977944003467,0.025306737134889845,BLDR
Top1 current-member baseline,2022-01-12,2.939355140058463,0.026319056057264367,BLDR
Top1 current-member baseline,2022-01-13,2.9429616557505596,0.001226975142590181,BLDR
Top1 current-member baseline,2022-01-14,2.844502429074736,-0.03345583061995849,BLDR
Top1 current-member baseline,2022-01-18,2.7853546912139278,-0.020793702707453066,BLDR
Top1 current-member baseline,2022-01-19,2.747846322665206,-0.013466280853579371,BLDR
Top1 current-member baseline,2022-01-20,2.6605671020232244,-0.03176277360275637,BLDR
Top1 current-member baseline,2022-01-21,2.4885337995586987,-0.06466038850653433,BLDR
Top1 current-member baseline,2022-01-24,2.3431890434070963,-0.05840577941009961,BLDR
Top1 current-member baseline,2022-01-25,2.449582769701237,0.04540552397745912,BLDR
Top1 current-member baseline,2022-01-26,2.496107565059954,0.018992946853717108,BLDR
Top1 current-member baseline,2022-01-27,2.4156811920041212,-0.03222071603869392,BLDR
Top1 current-member baseline,2022-01-28,2.3237135284783657,-0.038071109644007506,BLDR
Top1 current-member baseline,2022-01-31,2.382861266339174,0.025453971471061543,BLDR
Top1 current-member baseline,2022-02-01,2.4780747114399633,0.039957611651922686,BLDR
Top1 current-member baseline,2022-02-02,2.54118969910993,0.025469364332963096,BLDR
Top1 current-member baseline,2022-02-03,2.5422716263016083,0.000425756169268654,BLDR
Top1 current-member baseline,2022-02-04,2.4831238884408,-0.023265703494812606,BLDR
Top1 current-member baseline,2022-02-07,2.4232549575053763,-0.02411032780688871,BLDR
Top1 current-member baseline,2022-02-08,2.4445335927004006,0.008781013788548897,BLDR
Top1 current-member baseline,2022-02-09,2.5729274224236907,0.05252283302904304,BLDR
Top1 current-member baseline,2022-02-10,2.5224356524153246,-0.019624249626444157,BLDR
Top1 current-member baseline,2022-02-11,2.5141404186799448,-0.0032885809108497144,BLDR
Top1 current-member baseline,2022-02-14,2.4560746080108142,-0.02309569117051069,BLDR
Top1 current-member baseline,2022-02-15,2.517386475414488,0.024963357059144986,BLDR
Top1 current-member baseline,2022-02-16,2.548763464611185,0.012464112881805711,BLDR
Top1 current-member baseline,2022-02-17,2.551648787228666,0.0011320480136907118,BLDR
Top1 current-member baseline,2022-02-18,2.5545341098461467,0.0011307679301015838,BLDR
Top1 current-member baseline,2022-02-22,2.5545341098461467,0.0,BLDR
Top1 current-member baseline,2022-02-23,2.528927490724901,-0.010023987944630663,BLDR
Top1 current-member baseline,2022-02-24,2.3128937062425674,-0.08542506073213241,BLDR
Top1 current-member baseline,2022-02-25,2.5159438141057473,0.08779050559701118,BLDR
Top1 current-member baseline,2022-02-28,2.573648890657815,0.022935757240897692,BLDR
Top1 current-member baseline,2022-03-01,2.7590266038585574,0.07202913881285511,BLDR
Top1 current-member baseline,2022-03-02,2.8890336345121455,0.04712061510090937,APA
Top1 current-member baseline,2022-03-03,2.8274511329985885,-0.021315951734828475,APA
Top1 current-member baseline,2022-03-04,2.922485596198655,0.033611354796176274,APA
Top1 current-member baseline,2022-03-07,3.0342448870944088,0.038241177660934156,APA
Top1 current-member baseline,2022-03-08,2.9749438995562034,-0.019543902929664903,APA
Top1 current-member baseline,2022-03-09,2.812245726295216,-0.05468949289607061,APA
Top1 current-member baseline,2022-03-10,2.9696220527295787,0.05596108653054532,APA
Top1 current-member baseline,2022-03-11,3.007635021499104,0.01280060832474783,APA
Top1 current-member baseline,2022-03-14,2.889793158946728,-0.03918090516635886,APA
Top1 current-member baseline,2022-03-15,2.704286833791297,-0.06419363426794333,APA
Top1 current-member baseline,2022-03-16,2.7978002679870104,0.034579702503159115,APA
Top1 current-member baseline,2022-03-17,2.8753478427403145,0.027717337667244824,APA
Top1 current-member baseline,2022-03-18,2.9757036324237354,0.034902138861842236,APA
Top1 current-member baseline,2022-03-21,3.050970996022653,0.025293971744629662,APA
Top1 current-member baseline,2022-03-22,3.092786271007302,0.013705562930345971,APA
Top1 current-member baseline,2022-03-23,3.1475255300814706,0.01769901127255724,APA
Top1 current-member baseline,2022-03-24,3.1019093372510884,-0.014492715752237761,APA
Top1 current-member baseline,2022-03-25,3.0745388205341735,-0.008823764250044386,APA
Top1 current-member baseline,2022-03-28,3.079101128225044,0.0014838998487838317,APA
Top1 current-member baseline,2022-03-29,2.9559370881556983,-0.039999998356774924,APA
Top1 current-member baseline,2022-03-30,3.1513265813993905,0.06610069410022579,APA
Top1 current-member baseline,2022-03-31,3.1216764905990013,-0.009408764859661911,APA
Top1 current-member baseline,2022-04-01,3.1490459208596415,0.008767542166224995,APA
Top1 current-member baseline,2022-04-04,3.2691691025481195,0.03814589710895233,APA
Top1 current-member baseline,2022-04-05,3.286654911486475,0.00534870127235898,APA
Top1 current-member baseline,2022-04-06,3.1855385063948947,-0.030765750532004588,APA
Top1 current-member baseline,2022-04-07,3.160450344554318,-0.007875642309836395,APA
Top1 current-member baseline,2022-04-08,3.1452449217065768,-0.004811157015626399,APA
Top1 current-member baseline,2022-04-11,3.220511508792153,0.023930278550370332,APA
Top1 current-member baseline,2022-04-12,3.191621687313962,-0.008970569240110082,APA
Top1 current-member baseline,2022-04-13,3.2577649068539984,0.02072401619619968,APA
Top1 current-member baseline,2022-04-14,3.2972983766911703,0.012135151236357666,APA
Top1 current-member baseline,2022-04-18,3.35355939677024,0.017062762799018305,APA
Top1 current-member baseline,2022-04-19,3.310984029118245,-0.012695575838912676,APA
Top1 current-member baseline,2022-04-20,3.3778882405014037,0.020206745425158656,APA
Top1 current-member baseline,2022-04-21,3.42251125092942,0.013210327651749898,APA
Top1 current-member baseline,2022-04-22,3.1853975243478883,-0.06928062735137563,APA
Top1 current-member baseline,2022-04-25,2.979544305789873,-0.06462402792259259,APA
Top1 current-member baseline,2022-04-26,2.98869291927845,0.0030704740556464216,APA
Top1 current-member baseline,2022-04-27,2.961246083214926,-0.00918355843334695,APA
Top1 current-member baseline,2022-04-28,3.0862833671802723,0.04222455022366711,APA
Top1 current-member baseline,2022-04-29,3.167100272219216,0.026185834359331972,APA
Top1 current-member baseline,2022-05-02,3.0733222318325284,-0.029610063568014655,APA
Top1 current-member baseline,2022-05-03,3.060231874903457,-0.004259350612013657,CF
Top1 current-member baseline,2022-05-04,3.255307770010865,0.06374546213546717,CF
Top1 current-member baseline,2022-05-05,3.2744642222301517,0.005884682362682581,CF
Top1 current-member baseline,2022-05-06,3.2042247277041787,-0.02145068315271892,CF
Top1 current-member baseline,2022-05-09,3.0972677461320695,-0.03337998756683458,CF
Top1 current-member baseline,2022-05-10,2.975944199991191,-0.03917115215253508,CF
Top1 current-member baseline,2022-05-11,3.0254316256378493,0.016629151059621705,CF
Top1 current-member baseline,2022-05-12,3.059593886375552,0.011291698165712294,CF
Top1 current-member baseline,2022-05-13,3.2323389093909736,0.056460115110263276,CF
Top1 current-member baseline,2022-05-16,3.4016018306025537,0.0523654622724794,CF
Top1 current-member baseline,2022-05-17,3.4910423476375327,0.026293646784384395,CF
Top1 current-member baseline,2022-05-18,3.456741008892069,-0.009825529263108534,CF
Top1 current-member baseline,2022-05-19,3.2118227467490175,-0.07085236108607129,CF
Top1 current-member baseline,2022-05-20,3.259267507292559,0.014771911243098623,CF
Top1 current-member baseline,2022-05-23,3.095775170444326,-0.05016229458994137,CF
Top1 current-member baseline,2022-05-24,3.2057315286345136,0.03551819887954144,CF
Top1 current-member baseline,2022-05-25,3.1717510416412455,-0.010599916646089835,CF
Top1 current-member baseline,2022-05-26,3.1973968478533066,0.008085693320617704,CF
Top1 current-member baseline,2022-05-27,3.075899736921617,-0.03799875858802493,CF
Top1 current-member baseline,2022-05-31,3.1320000474081566,0.01823866682425912,CF
Top1 current-member baseline,2022-06-01,3.1714305088753365,0.012589546893465142,CF
Top1 current-member baseline,2022-06-02,3.2493738947824915,0.024576728289971372,EQT
Top1 current-member baseline,2022-06-03,3.208110044718111,-0.012699015687495319,EQT
Top1 current-member baseline,2022-06-06,3.2113841877145317,0.0010205831317449121,EQT
Top1 current-member baseline,2022-06-07,3.195009594800258,-0.005098920576652399,EQT
Top1 current-member baseline,2022-06-08,3.274917677001481,0.025010279259026325,EQT
Top1 current-member baseline,2022-06-09,3.153746408368817,-0.036999790707291424,EQT
Top1 current-member baseline,2022-06-10,3.117721797939598,-0.01142279871762153,EQT
Top1 current-member baseline,2022-06-13,3.0450185567407444,-0.023319348521378847,EQT
Top1 current-member baseline,2022-06-14,2.986724902409431,-0.019143940585277908,EQT
Top1 current-member baseline,2022-06-15,2.7221117611322505,-0.08859642247724697,EQT
Top1 current-member baseline,2022-06-16,2.6828127869191185,-0.01443694368991888,EQT
Top1 current-member baseline,2022-06-17,2.5321665275481893,-0.05615235625290427,EQT
Top1 current-member baseline,2022-06-21,2.402479801244388,-0.05121571780248291,EQT
Top1 current-member baseline,2022-06-22,2.2544531391026363,-0.06161411307811204,EQT
Top1 current-member baseline,2022-06-23,2.3101270684578417,0.02469509274314108,EQT
Top1 current-member baseline,2022-06-24,2.192230454229766,-0.051034688021200036,EQT
Top1 current-member baseline,2022-06-27,2.333051470875523,0.06423641108262657,EQT
Top1 current-member baseline,2022-06-28,2.461428539747775,0.05502539077034441,EQT
Top1 current-member baseline,2022-06-29,2.545266852461912,0.03406083555150774,EQT
Top1 current-member baseline,2022-06-30,2.3893799913091516,-0.06124578293312499,EQT
Top1 current-member baseline,2022-07-01,2.2858931017503448,-0.04331118948648505,EQT
Top1 current-member baseline,2022-07-05,2.2724266797926873,-0.00589109873394611,OXY
Top1 current-member baseline,2022-07-06,2.2539579405325596,-0.00812732020106921,OXY
Top1 current-member baseline,2022-07-07,2.3412995429832226,0.038750324875195474,OXY
Top1 current-member baseline,2022-07-08,2.4309499697006336,0.03829088293554306,OXY
Top1 current-member baseline,2022-07-11,2.2924338296187354,-0.056980251263236026,OXY
Top1 current-member baseline,2022-07-12,2.2093247303623684,-0.03625365242066303,OXY
Top1 current-member baseline,2022-07-13,2.188547444013175,-0.009404360555809066,OXY
Top1 current-member baseline,2022-07-14,2.1781585188674897,-0.004746949934352207,OXY
Top1 current-member baseline,2022-07-15,2.233564994470624,0.025437301795620648,OXY
Top1 current-member baseline,2022-07-18,2.310518121590494,0.03445305030763568,OXY
Top1 current-member baseline,2022-07-19,2.313211475175707,0.0011656924739282815,OXY
Top1 current-member baseline,2022-07-20,2.3586138328641892,0.019627413306443797,OXY
Top1 current-member baseline,2022-07-21,2.3740044994193608,0.00652530157362885,OXY
Top1 current-member baseline,2022-07-22,2.385547254050768,0.004862145220967395,OXY
Top1 current-member baseline,2022-07-25,2.3793910577413007,-0.002580622244649944,OXY
Top1 current-member baseline,2022-07-26,2.5313737517631067,0.06387461763686697,OXY
Top1 current-member baseline,2022-07-27,2.40978733705884,-0.048031790888082626,OXY
Top1 current-member baseline,2022-07-28,2.4359515964324907,0.010857497245206904,OXY
Top1 current-member baseline,2022-07-29,2.4625008743436823,0.010898934917292102,OXY
Top1 current-member baseline,2022-08-01,2.507517679102146,0.018280929451633954,OXY
Top1 current-member baseline,2022-08-02,2.4591622293515747,-0.01928419095648637,EQT
Top1 current-member baseline,2022-08-03,2.449257619112646,-0.004027635965090592,EQT
Top1 current-member baseline,2022-08-04,2.4725617022489876,0.009514753758236738,EQT
Top1 current-member baseline,2022-08-05,2.35021526436402,-0.04948165207512689,EQT
Top1 current-member baseline,2022-08-08,2.448623369482082,0.041871953863209965,EQT
Top1 current-member baseline,2022-08-09,2.4819497804910915,0.013610264209827694,EQT
Top1 current-member baseline,2022-08-10,2.5059216951337375,0.009658501082927984,EQT
Top1 current-member baseline,2022-08-11,2.6216871215577564,0.04619674535274765,EQT
Top1 current-member baseline,2022-08-12,2.674892753368053,0.02029442467516218,EQT
Top1 current-member baseline,2022-08-15,2.5725743489337907,-0.03825140439945851,EQT
Top1 current-member baseline,2022-08-16,2.811706914791464,0.09295457911907667,EQT
Top1 current-member baseline,2022-08-17,2.7742878854586075,-0.013308296514123574,EQT
Top1 current-member baseline,2022-08-18,2.7965054126699886,0.008008371203231723,EQT
Top1 current-member baseline,2022-08-19,2.7789655324223586,-0.006272070909701388,EQT
Top1 current-member baseline,2022-08-22,2.823400928004069,0.015989905259090165,EQT
Top1 current-member baseline,2022-08-23,2.925719009848255,0.03623930304383549,EQT
Top1 current-member baseline,2022-08-24,2.8081989269051033,-0.040167932240781745,EQT
Top1 current-member baseline,2022-08-25,2.918702815328167,0.03935044891739525,EQT
Top1 current-member baseline,2022-08-26,2.9052549503837883,-0.004607480033168909,EQT
Top1 current-member baseline,2022-08-29,2.86198941048913,-0.014892166310203736,EQT
Top1 current-member baseline,2022-08-30,2.857311878779182,-0.0016343637376172726,EQT
Top1 current-member baseline,2022-08-31,2.663199453454014,-0.06793532997458596,EQT
Top1 current-member baseline,2022-09-01,2.7567476814569125,0.03512625683426451,EQT
Top1 current-member baseline,2022-09-02,2.7450537898829652,-0.0042419158099253895,EQT
Top1 current-member baseline,2022-09-06,2.7152354942894488,-0.010862554206920616,EQT
Top1 current-member baseline,2022-09-07,2.602393159752733,-0.04155894940753402,EQT
Top1 current-member baseline,2022-09-08,2.714651034731775,0.04313640103085281,EQT
Top1 current-member baseline,2022-09-09,2.7935814674117867,0.029075719740828676,EQT
Top1 current-member baseline,2022-09-12,2.8479565306029166,0.019464284047355118,EQT
Top1 current-member baseline,2022-09-13,2.8923919535152587,0.015602563604766528,EQT
Top1 current-member baseline,2022-09-14,2.9122712409185016,0.006872957649838085,EQT
Top1 current-member baseline,2022-09-15,2.863158680758706,-0.016864006164585832,EQT
Top1 current-member baseline,2022-09-16,2.7877354506954166,-0.026342665032908053,EQT
Top1 current-member baseline,2022-09-19,2.629288063970159,-0.05683731097430067,EQT
Top1 current-member baseline,2022-09-20,2.7573324886007553,0.048699275817368104,EQT
Top1 current-member baseline,2022-09-21,2.7918279866433275,0.012510460086036845,EQT
Top1 current-member baseline,2022-09-22,2.680155053856535,-0.039999933133795795,EQT
Top1 current-member baseline,2022-09-23,2.4883813070560734,-0.07155322843150957,EQT
Top1 current-member baseline,2022-09-26,2.3866476095530778,-0.04088348406030817,EQT
Top1 current-member baseline,2022-09-27,2.338704050354511,-0.020088243864180844,EQT
Top1 current-member baseline,2022-09-28,2.310639763058063,-0.01199993102684116,EQT
Top1 current-member baseline,2022-09-29,2.349812702967128,0.016953287368871806,EQT
Top1 current-member baseline,2022-09-30,2.2860831603803966,-0.02712111586862198,EQT
Top1 current-member baseline,2022-10-03,2.38547832534898,0.04347836801879268,EQT
Top1 current-member baseline,2022-10-04,2.4858750751582948,0.04208663258117307,SMCI
Top1 current-member baseline,2022-10-05,2.5166690277827186,0.01238757045040284,SMCI
Top1 current-member baseline,2022-10-06,2.5381826744980613,0.008548460873417651,SMCI
Top1 current-member baseline,2022-10-07,2.531433196535055,-0.002659177383417033,SMCI
Top1 current-member baseline,2022-10-10,2.5255275290341204,-0.00233293436659443,SMCI
Top1 current-member baseline,2022-10-11,2.341185617945258,-0.07299144791320622,SMCI
Top1 current-member baseline,2022-10-12,2.3200937758875946,-0.009009043066040445,SMCI
Top1 current-member baseline,2022-10-13,2.1846846245836384,-0.05836365439675073,SMCI
Top1 current-member baseline,2022-10-14,2.3648082879489962,0.08244835951994034,SMCI
Top1 current-member baseline,2022-10-17,2.33865458885247,-0.011059543063090982,SMCI
Top1 current-member baseline,2022-10-18,2.4436915921896816,0.04491343178162577,SMCI
Top1 current-member baseline,2022-10-19,2.3057514117929374,-0.056447458770008785,SMCI
Top1 current-member baseline,2022-10-20,2.716618918085989,0.17819245569649844,SMCI
Top1 current-member baseline,2022-10-21,2.558008901435974,-0.05838508139439924,SMCI
Top1 current-member baseline,2022-10-24,2.7461474567373756,0.07354882744770253,SMCI
Top1 current-member baseline,2022-10-25,2.661358484995756,-0.03087560776592646,SMCI
Top1 current-member baseline,2022-10-26,2.804360522431363,0.05373272268348139,SMCI
Top1 current-member baseline,2022-10-27,2.8262959738043847,0.007821908487716023,SMCI
Top1 current-member baseline,2022-10-28,2.8170156678953036,-0.003283557700642814,SMCI
Top1 current-member baseline,2022-10-31,2.892945937238808,0.026954152299846657,SMCI
Top1 current-member baseline,2022-11-01,2.9612833204506614,0.02362207407065431,SMCI
Top1 current-member baseline,2022-11-02,2.968686431053199,0.0024999670080236847,FSLR
Top1 current-member baseline,2022-11-03,2.9866944182137676,0.006065978195676225,FSLR
Top1 current-member baseline,2022-11-04,3.205989282323258,0.07342393743804654,FSLR
Top1 current-member baseline,2022-11-07,3.0979425805922136,-0.03370151682252254,FSLR
Top1 current-member baseline,2022-11-08,2.9826927450585603,-0.03720205669906951,FSLR
Top1 current-member baseline,2022-11-09,2.9370726941033087,-0.015294921352804636,FSLR
Top1 current-member baseline,2022-11-10,3.1029447483632455,0.05647529752768943,FSLR
Top1 current-member baseline,2022-11-11,3.107746939334349,0.0015476237447142882,FSLR
Top1 current-member baseline,2022-11-14,3.029112703213526,-0.025302650973784147,FSLR
Top1 current-member baseline,2022-11-15,3.203988598399701,0.057731722890552284,FSLR
Top1 current-member baseline,2022-11-16,3.150165224334107,-0.016798865667773333,FSLR
Top1 current-member baseline,2022-11-17,3.131357024665734,-0.005970543869599387,FSLR
Top1 current-member baseline,2022-11-18,3.3076333680675902,0.05629391411242013,FSLR
Top1 current-member baseline,2022-11-21,3.315436737578076,0.002359200262586736,FSLR
Top1 current-member baseline,2022-11-22,3.3288425105674695,0.004043441045775031,FSLR
Top1 current-member baseline,2022-11-23,3.359255776101607,0.00913628849595316,FSLR
Top1 current-member baseline,2022-11-25,3.3818656721252585,0.0067306265228455064,FSLR
Top1 current-member baseline,2022-11-28,3.351652383391049,-0.008933911533873018,FSLR
Top1 current-member baseline,2022-11-29,3.310034310899096,-0.012417180462445776,FSLR
Top1 current-member baseline,2022-11-30,3.2618136456205016,-0.014568025811640739,FSLR
Top1 current-member baseline,2022-12-01,3.4526962334275044,0.05852038422344963,FSLR
Top1 current-member baseline,2022-12-02,3.371261100875319,-0.02358595342496861,FSLR
Top1 current-member baseline,2022-12-05,3.3614567421331842,-0.002908216969486288,FSLR
Top1 current-member baseline,2022-12-06,3.2540102761100163,-0.03196425664992564,FSLR
Top1 current-member baseline,2022-12-07,3.131557001465662,-0.03763149598615889,FSLR
Top1 current-member baseline,2022-12-08,3.125754621186826,-0.001852873914196862,FSLR
Top1 current-member baseline,2022-12-09,3.026111524674144,-0.031878093001058594,FSLR
Top1 current-member baseline,2022-12-12,2.9966987537558314,-0.009719658604280923,FSLR
Top1 current-member baseline,2022-12-13,3.0591257098397153,0.020831909115203162,FSLR
Top1 current-member baseline,2022-12-14,3.159169065260346,0.032703250833674424,FSLR
Top1 current-member baseline,2022-12-15,3.1713743668339864,0.0038634531174210895,FSLR
Top1 current-member baseline,2022-12-16,3.175176063189265,0.0011987535735409338,FSLR
Top1 current-member baseline,2022-12-19,3.120952430215723,-0.017077362607438418,FSLR
Top1 current-member baseline,2022-12-20,3.1375596638525187,0.005321206909791876,FSLR
Top1 current-member baseline,2022-12-21,3.141961595915674,0.0014029795556940172,FSLR
Top1 current-member baseline,2022-12-22,3.220995785636354,0.02515440985129125,FSLR
Top1 current-member baseline,2022-12-23,3.160969772383976,-0.01863585588036376,FSLR
Top1 current-member baseline,2022-12-27,3.1279555872184046,-0.010444321693298675,FSLR
Top1 current-member baseline,2022-12-28,3.0013006626189154,-0.04049127970903177,FSLR
Top1 current-member baseline,2022-12-29,2.9686864310532,-0.010866699218750053,FSLR
Top1 current-member baseline,2022-12-30,2.938873706535031,-0.010042395925120573,FSLR
Top1 current-member baseline,2023-01-03,3.021509310502969,0.028118120143844738,FSLR
Top1 current-member baseline,2023-01-04,2.9342714923638553,-0.028872265207282033,FSLR
Top1 current-member baseline,2023-01-05,2.913262631971996,-0.007159821593377691,FSLR
Top1 current-member baseline,2023-01-06,2.965284993605869,0.01785707922895341,FSLR
Top1 current-member baseline,2023-01-09,3.152366190365685,0.06309046083706105,FSLR
Top1 current-member baseline,2023-01-10,3.1933840271497624,0.01301176142208238,FSLR
Top1 current-member baseline,2023-01-11,3.4106782073356956,0.06804511400399216,FSLR
Top1 current-member baseline,2023-01-12,3.4635010867854645,0.015487500209242056,FSLR
Top1 current-member baseline,2023-01-13,3.555941049495538,0.026689745547580745,FSLR
Top1 current-member baseline,2023-01-17,3.6215694662268247,0.01845599120395902,FSLR
Top1 current-member baseline,2023-01-18,3.574149013456035,-0.013093895675069023,FSLR
Top1 current-member baseline,2023-01-19,3.5075201021089244,-0.01864189520254045,FSLR
Top1 current-member baseline,2023-01-20,3.3170374679017782,-0.05430692587980235,FSLR
Top1 current-member baseline,2023-01-23,3.3682596170278463,0.015442137636892284,FSLR
Top1 current-member baseline,2023-01-24,3.487711407824726,0.03546395004500402,FSLR
Top1 current-member baseline,2023-01-25,3.358655540393731,-0.03700302357054441,FSLR
Top1 current-member baseline,2023-01-26,3.405475757456644,0.01394016638497697,FSLR
Top1 current-member baseline,2023-01-27,3.465301793909094,0.017567600157321506,FSLR
Top1 current-member baseline,2023-01-30,3.5493381514008058,0.0242508048330512,FSLR
Top1 current-member baseline,2023-01-31,3.4250841696328225,-0.03500764831858705,FSLR
Top1 current-member baseline,2023-02-01,3.549538128200734,0.03633602924895518,FSLR
Top1 current-member baseline,2023-02-02,3.5315660546611105,-0.00506321467484383,PCG
Top1 current-member baseline,2023-02-03,3.491127845209613,-0.011450503494936815,PCG
Top1 current-member baseline,2023-02-06,3.48438831420362,-0.0019304738482266437,PCG
Top1 current-member baseline,2023-02-07,3.5023607146989675,0.005157978639201977,PCG
Top1 current-member baseline,2023-02-08,3.5023609643931315,7.129310319875515e-08,PCG
Top1 current-member baseline,2023-02-09,3.482142005343228,-0.005772951233599333,PCG
Top1 current-member baseline,2023-02-10,3.4843880943138794,0.0006450308365382185,PCG
Top1 current-member baseline,2023-02-13,3.4888812888851466,0.0012895218470638792,PCG
Top1 current-member baseline,2023-02-14,3.504607088822832,0.004507404705280216,PCG
Top1 current-member baseline,2023-02-15,3.484388354569173,-0.005769187170265644,PCG
Top1 current-member baseline,2023-02-16,3.5113467666731917,0.0077369137308322955,PCG
Top1 current-member baseline,2023-02-17,3.484387769928843,-0.007677679971748064,PCG
Top1 current-member baseline,2023-02-21,3.486635230187089,0.0006450086519194098,PCG
Top1 current-member baseline,2023-02-22,3.4417041605611898,-0.012886656234322613,PCG
Top1 current-member baseline,2023-02-23,3.5046072986942027,0.018276741753061154,PCG
Top1 current-member baseline,2023-02-24,3.448443874074808,-0.01602559711620788,PCG
Top1 current-member baseline,2023-02-27,3.563017304684636,0.033224676054954605,PCG
Top1 current-member baseline,2023-02-28,3.5248258695580508,-0.010718846376741253,PCG
Top1 current-member baseline,2023-03-01,3.491127628906514,-0.009560256846322446,PCG
Top1 current-member baseline,2023-03-02,3.5479528369936517,0.01627703542449299,WYNN
Top1 current-member baseline,2023-03-03,3.6190644558614085,0.020043000043938886,WYNN
Top1 current-member baseline,2023-03-06,3.693985466652428,0.02070176193454576,WYNN
Top1 current-member baseline,2023-03-07,3.657159981557344,-0.00996903897633794,WYNN
Top1 current-member baseline,2023-03-08,3.6019213235928933,-0.015104249812152859,WYNN
Top1 current-member baseline,2023-03-09,3.5812860813565113,-0.005728954183762847,WYNN
Top1 current-member baseline,2023-03-10,3.444460158341539,-0.03820580649148975,WYNN
Top1 current-member baseline,2023-03-13,3.396523635456067,-0.013916991540570689,WYNN
Top1 current-member baseline,2023-03-14,3.421285972402296,0.007290494518494395,WYNN
Top1 current-member baseline,2023-03-15,3.3571579935754334,-0.018743823037345897,WYNN
Top1 current-member baseline,2023-03-16,3.278110291830156,-0.0235460177616158,WYNN
Top1 current-member baseline,2023-03-17,3.4028723978777475,0.03805915449474928,WYNN
Top1 current-member baseline,2023-03-20,3.3955709854125677,-0.002145661550440048,WYNN
Top1 current-member baseline,2023-03-21,3.4752544200091653,0.02346687344747589,WYNN
Top1 current-member baseline,2023-03-22,3.457158855793665,-0.005206975383244772,WYNN
Top1 current-member baseline,2023-03-23,3.3876346310978414,-0.020110219864300394,WYNN
Top1 current-member baseline,2023-03-24,3.328586610131376,-0.017430457353462936,WYNN
Top1 current-member baseline,2023-03-27,3.3879521168151645,0.017835049418000626,WYNN
Top1 current-member baseline,2023-03-28,3.3866818528002254,-0.0003749356458241371,WYNN
Top1 current-member baseline,2023-03-29,3.440650444332043,0.015935536279321427,WYNN
Top1 current-member baseline,2023-03-30,3.5006505832908,0.017438603522656138,WYNN
Top1 current-member baseline,2023-03-31,3.474936738908005,-0.00734544730214759,WYNN
Top1 current-member baseline,2023-04-03,3.661603736482727,0.05371809952240514,WYNN
Top1 current-member baseline,2023-04-04,3.7256874949263885,0.017501554798285968,AXON
Top1 current-member baseline,2023-04-05,3.616156579987228,-0.029398846545320434,AXON
Top1 current-member baseline,2023-04-06,3.5474954280439666,-0.018987328237734746,AXON
Top1 current-member baseline,2023-04-10,3.5747963997913184,0.007695844096522242,AXON
Top1 current-member baseline,2023-04-11,3.672720441731215,0.027392900458782288,AXON
Top1 current-member baseline,2023-04-12,3.678278669630841,0.0015133816983374793,AXON
Top1 current-member baseline,2023-04-13,3.6694509105813915,-0.002399970160590237,AXON
Top1 current-member baseline,2023-04-14,3.6349568206348835,-0.009400341028419135,AXON
Top1 current-member baseline,2023-04-17,3.6782786696308407,0.011918119288248041,AXON
Top1 current-member baseline,2023-04-18,3.6939727683789303,0.004266696506076473,AXON
Top1 current-member baseline,2023-04-19,3.692174488829141,-0.00048681451178611557,AXON
Top1 current-member baseline,2023-04-20,3.667816020281861,-0.0065973232362060985,AXON
Top1 current-member baseline,2023-04-21,3.6719029965814505,0.001114280617400043,AXON
Top1 current-member baseline,2023-04-24,3.6727204417312147,0.00022262166253450566,AXON
Top1 current-member baseline,2023-04-25,3.660132484882692,-0.0034274203681533555,AXON
Top1 current-member baseline,2023-04-26,3.596539143639044,-0.017374600921224892,AXON
Top1 current-member baseline,2023-04-27,3.5435718409946353,-0.014727297696200181,AXON
Top1 current-member baseline,2023-04-28,3.4955092092488176,-0.013563329291026105,AXON
Top1 current-member baseline,2023-05-01,3.4548028355031777,-0.01164533443022675,AXON
Top1 current-member baseline,2023-05-02,3.5590426907308883,0.030172446935753605,NVDA
Top1 current-member baseline,2023-05-03,3.4548028838721025,-0.029288720568108384,NVDA
Top1 current-member baseline,2023-05-04,3.431348976375464,-0.006788783118749642,NVDA
Top1 current-member baseline,2023-05-05,3.4530658233960803,0.0063289531814265665,NVDA
Top1 current-member baseline,2023-05-08,3.539434958070217,0.025012304743496916,NVDA
Top1 current-member baseline,2023-05-09,3.5862193190960485,0.013218031007790954,NVDA
Top1 current-member baseline,2023-05-10,3.599373639201497,0.0036680188619262477,NVDA
Top1 current-member baseline,2023-05-11,3.585847061060425,-0.003758036674423426,NVDA
Top1 current-member baseline,2023-05-12,3.5403038249898913,-0.012700830597349944,NVDA
Top1 current-member baseline,2023-05-15,3.5376983761485223,-0.0007359393346350052,NVDA
Top1 current-member baseline,2023-05-16,3.579021675342277,0.011680842966251825,NVDA
Top1 current-member baseline,2023-05-17,3.6712243246512895,0.025761970078092444,NVDA
Top1 current-member baseline,2023-05-18,3.7737266651308885,0.027920478678277183,NVDA
Top1 current-member baseline,2023-05-19,3.913457487002867,0.03702727681977791,NVDA
Top1 current-member baseline,2023-05-22,3.834657225971227,-0.02013571408232917,NVDA
Top1 current-member baseline,2023-05-23,3.8469429075449115,0.0032038539169749747,NVDA
Top1 current-member baseline,2023-05-24,3.748907901616105,-0.02548387337294067,NVDA
Top1 current-member baseline,2023-05-25,4.7805087674764595,0.27517370203083535,NVDA
Top1 current-member baseline,2023-05-26,4.701956738688422,-0.01643172988667141,NVDA
Top1 current-member baseline,2023-05-30,5.037633801498347,0.07139092966294713,NVDA
Top1 current-member baseline,2023-05-31,4.900260465525515,-0.027269416830570936,NVDA
Top1 current-member baseline,2023-06-01,4.776289503344902,-0.02529885157182521,NVDA
Top1 current-member baseline,2023-06-02,4.897717726087296,0.025423128697989572,META
Top1 current-member baseline,2023-06-05,4.855325252773467,-0.008655556666328446,META
Top1 current-member baseline,2023-06-06,4.852452307290628,-0.0005917102013294206,META
Top1 current-member baseline,2023-06-07,4.879934316661911,0.005663530032019581,META
Top1 current-member baseline,2023-06-08,4.6814469633223,-0.0406741854417797,META
Top1 current-member baseline,2023-06-09,4.714857604947903,0.007136819425140217,META
Top1 current-member baseline,2023-06-12,4.7991025061794,0.01786796299915583,META
Top1 current-member baseline,2023-06-13,4.937594932784551,0.028857984680849214,META
Top1 current-member baseline,2023-06-14,4.883886519086912,-0.010877444267658909,META
Top1 current-member baseline,2023-06-15,4.891251090666425,0.0015079325759785878,META
Top1 current-member baseline,2023-06-16,5.1148874266129365,0.045721704284054976,META
Top1 current-member baseline,2023-06-20,5.006750699423248,-0.02114156542860557,META
Top1 current-member baseline,2023-06-21,5.09297248163111,0.017221105540125015,META
Top1 current-member baseline,2023-06-22,5.013037938769126,-0.01569506671207921,META
Top1 current-member baseline,2023-06-23,5.056688492525591,0.008707405427532677,META
Top1 current-member baseline,2023-06-26,5.185839565408098,0.025540642472520858,META
Top1 current-member baseline,2023-06-27,5.065668422982377,-0.023172938713206137,META
Top1 current-member baseline,2023-06-28,5.116144708174821,0.009964387910475825,META
Top1 current-member baseline,2023-06-29,5.110396311445866,-0.0011235797767350508,META
Top1 current-member baseline,2023-06-30,5.115067094500042,0.0009139766799914906,META
Top1 current-member baseline,2023-07-03,5.14991486555843,0.006812769102453764,META
Top1 current-member baseline,2023-07-05,5.267229562747084,0.022779929426257173,CVNA
Top1 current-member baseline,2023-07-06,5.030611928302497,-0.04492259766274187,CVNA
Top1 current-member baseline,2023-07-07,4.94113448832668,-0.017786591621669512,CVNA
Top1 current-member baseline,2023-07-10,5.837896180016653,0.1814890272281704,CVNA
Top1 current-member baseline,2023-07-11,6.842029946355687,0.1720026761997282,CVNA
Top1 current-member baseline,2023-07-12,7.4345686265685265,0.08660276041738846,CVNA
Top1 current-member baseline,2023-07-13,7.0925662094066935,-0.046001649098999065,CVNA
Top1 current-member baseline,2023-07-14,7.335149038120851,0.03420240594898161,CVNA
Top1 current-member baseline,2023-07-17,7.510126963870191,0.023854719902755672,CVNA
Top1 current-member baseline,2023-07-18,7.277486283627895,-0.030976930398312397,CVNA
Top1 current-member baseline,2023-07-19,10.735286542456798,0.47513662328816597,CVNA
Top1 current-member baseline,2023-07-20,10.61200617693084,-0.011483658590611179,CVNA
Top1 current-member baseline,2023-07-21,9.37324349028223,-0.11673218673218677,CVNA
Top1 current-member baseline,2023-07-24,9.106799410422063,-0.028426027781781604,CVNA
Top1 current-member baseline,2023-07-25,9.2161611473416,0.012008800456764224,CVNA
Top1 current-member baseline,2023-07-26,8.848309238966477,-0.039913788669074024,CVNA
Top1 current-member baseline,2023-07-27,8.679296507486706,-0.01910113298656735,CVNA
Top1 current-member baseline,2023-07-28,8.45858668985128,-0.025429459339825766,CVNA
Top1 current-member baseline,2023-07-31,8.548063181691633,0.010578184644925104,CVNA
Top1 current-member baseline,2023-08-01,8.880123924449338,0.038846313568308366,CVNA
Top1 current-member baseline,2023-08-02,9.5740699591094,0.07814598541237072,CVNA
Top1 current-member baseline,2023-08-03,10.158655204985388,0.06105922020339705,CVNA
Top1 current-member baseline,2023-08-04,10.389307171092673,0.022704970436844052,CVNA
Top1 current-member baseline,2023-08-07,9.202241570599716,-0.11425839865394116,CVNA
Top1 current-member baseline,2023-08-08,8.760820987193403,-0.04796881064463787,CVNA
Top1 current-member baseline,2023-08-09,9.446813113448885,0.07830226496560844,CVNA
Top1 current-member baseline,2023-08-10,8.323375935786185,-0.11892234599870788,CVNA
Top1 current-member baseline,2023-08-11,7.661244112541252,-0.07955087314969289,CVNA
Top1 current-member baseline,2023-08-14,7.943594587007387,0.03685438948537545,CVNA
Top1 current-member baseline,2023-08-15,8.109624484318505,0.02090110408991408,CVNA
Top1 current-member baseline,2023-08-16,7.738791163977927,-0.04572755755308455,CVNA
Top1 current-member baseline,2023-08-17,7.535975981015748,-0.02620760512394127,CVNA
Top1 current-member baseline,2023-08-18,7.31526521524486,-0.02928761534363855,CVNA
Top1 current-member baseline,2023-08-21,7.838210278357872,0.07148682210772139,CVNA
Top1 current-member baseline,2023-08-22,8.152374964239135,0.04008117602416261,CVNA
Top1 current-member baseline,2023-08-23,7.508138723802911,-0.0790243632392037,CVNA
Top1 current-member baseline,2023-08-24,8.046990655589621,0.07176904311562571,CVNA
Top1 current-member baseline,2023-08-25,7.526034306611621,-0.06473927599457718,CVNA
Top1 current-member baseline,2023-08-28,8.309457307179768,0.10409506104428856,CVNA
Top1 current-member baseline,2023-08-29,8.842344518764639,0.06413020632820765,CVNA
Top1 current-member baseline,2023-08-30,9.458743501988025,0.06970990351204986,CVNA
Top1 current-member baseline,2023-08-31,9.918060142270779,0.04856000590207521,CVNA
Top1 current-member baseline,2023-09-01,10.053270896335874,0.013632782230148743,CVNA
Top1 current-member baseline,2023-09-05,9.910107182001662,-0.014240510955135122,CVNA
Top1 current-member baseline,2023-09-06,9.838524850766824,-0.007223164181800468,CVNA
Top1 current-member baseline,2023-09-07,9.798757205014846,-0.00404203336934994,CVNA
Top1 current-member baseline,2023-09-08,9.440848393247046,-0.036525939390010365,CVNA
Top1 current-member baseline,2023-09-11,9.411021947831465,-0.003159297149281204,CVNA
Top1 current-member baseline,2023-09-12,9.931978770877198,0.055356031038241715,CVNA
Top1 current-member baseline,2023-09-13,9.959816028090035,0.002802790647767228,CVNA
Top1 current-member baseline,2023-09-14,9.836536610699543,-0.012377680174292638,CVNA
Top1 current-member baseline,2023-09-15,11.047462988270778,0.12310495304354063,CVNA
Top1 current-member baseline,2023-09-18,10.470830702663907,-0.0521959011059,CVNA
Top1 current-member baseline,2023-09-19,10.395272839429975,-0.007216033319563664,CVNA
Top1 current-member baseline,2023-09-20,9.520383684751003,-0.08416221182386452,CVNA
Top1 current-member baseline,2023-09-21,8.724035227474612,-0.08364667681954019,CVNA
Top1 current-member baseline,2023-09-22,8.726024415677356,0.00022801239917957794,CVNA
Top1 current-member baseline,2023-09-25,8.208049478664812,-0.05935978543469811,CVNA
Top1 current-member baseline,2023-09-26,7.814349975347326,-0.0479650499598997,CVNA
Top1 current-member baseline,2023-09-27,8.018158804275412,0.026081354120440103,CVNA
Top1 current-member baseline,2023-09-28,7.618494106688356,-0.04984494661965888,CVNA
Top1 current-member baseline,2023-09-29,8.44864454137942,0.1089651607083697,CVNA
Top1 current-member baseline,2023-10-02,8.25179455268681,-0.023299594121694356,CVNA
Top1 current-member baseline,2023-10-03,7.695046564023659,-0.06746992852383515,CVNA
Top1 current-member baseline,2023-10-04,7.651302438137123,-0.005684712304542927,CVNA
Top1 current-member baseline,2023-10-05,7.450475495242223,-0.026247419249028625,CVNA
Top1 current-member baseline,2023-10-06,6.9334956263987815,-0.06938884225222652,CVNA
Top1 current-member baseline,2023-10-09,7.309300495043021,0.05420135655864411,CVNA
Top1 current-member baseline,2023-10-10,7.796454392538612,0.06664849773599624,CVNA
Top1 current-member baseline,2023-10-11,7.84616418676245,0.0063759488250725305,CVNA
Top1 current-member baseline,2023-10-12,7.203915712325774,-0.08185508984380385,CVNA
Top1 current-member baseline,2023-10-13,6.762494654851729,-0.06127515577657039,CVNA
Top1 current-member baseline,2023-10-16,6.784366717794997,0.0032343187033170295,CVNA
Top1 current-member baseline,2023-10-17,6.758517700649438,-0.00381008548340378,CVNA
Top1 current-member baseline,2023-10-18,6.714773574762902,-0.006472443784874993,CVNA
Top1 current-member baseline,2023-10-19,6.460260357509606,-0.037903469777427756,CVNA
Top1 current-member baseline,2023-10-20,6.253468220345137,-0.032009876649025104,CVNA
Top1 current-member baseline,2023-10-23,6.0645716659893765,-0.030206686545747652,CVNA
Top1 current-member baseline,2023-10-24,6.36084076906193,0.04885243664182504,CVNA
Top1 current-member baseline,2023-10-25,6.217677528795449,-0.022506968098117253,CVNA
Top1 current-member baseline,2023-10-26,5.845849614353499,-0.059801736696689756,CVNA
Top1 current-member baseline,2023-10-27,5.891582454375047,0.007823129748199209,CVNA
Top1 current-member baseline,2023-10-30,5.760349128579974,-0.02227471597170294,CVNA
Top1 current-member baseline,2023-10-31,5.527707974269946,-0.04038664135057002,CVNA
Top1 current-member baseline,2023-11-01,5.271206516949371,-0.04640285965078539,CVNA
Top1 current-member baseline,2023-11-02,5.633092282919461,0.06865330827135296,CVNA
Top1 current-member baseline,2023-11-03,5.706662380153847,0.013060339426262058,CVNA
Top1 current-member baseline,2023-11-06,6.5596794718895515,0.1494774063912132,CVNA
Top1 current-member baseline,2023-11-07,6.5676329062264,0.0012124730134959183,CVNA
Top1 current-member baseline,2023-11-08,6.76050641478445,0.029367279096125687,CVNA
Top1 current-member baseline,2023-11-09,6.840041706288406,0.01176469433266436,CVNA
Top1 current-member baseline,2023-11-10,6.104339311741355,-0.10755817378579446,CVNA
Top1 current-member baseline,2023-11-13,5.7444417858385455,-0.058957654141303495,CVNA
Top1 current-member baseline,2023-11-14,6.239549591738718,0.0861890196399473,CVNA
Top1 current-member baseline,2023-11-15,6.680970649212763,0.07074566056154041,CVNA
Top1 current-member baseline,2023-11-16,6.625296134787087,-0.00833329726306109,CVNA
Top1 current-member baseline,2023-11-17,6.3588525289946505,-0.040216105117692025,CVNA
Top1 current-member baseline,2023-11-20,6.422480951824908,0.010006274330176534,CVNA
Top1 current-member baseline,2023-11-21,6.384701546140209,-0.00588236944073206,CVNA
Top1 current-member baseline,2023-11-22,6.2912476260298344,-0.014637163450008206,CVNA
Top1 current-member baseline,2023-11-24,6.207735380323588,-0.013274353621166801,CVNA
Top1 current-member baseline,2023-11-27,6.201770186054018,-0.0009609292123625712,CVNA
Top1 current-member baseline,2023-11-28,6.112292746078202,-0.014427725841409722,CVNA
Top1 current-member baseline,2023-11-29,6.496051049059291,0.06278467326803328,CVNA
Top1 current-member baseline,2023-11-30,6.466225551779174,-0.00459132741643653,CVNA
Top1 current-member baseline,2023-12-01,6.16796773457161,-0.04612548925477844,CVNA
Top1 current-member baseline,2023-12-04,6.411851589313495,0.03954039081218119,VRT
Top1 current-member baseline,2023-12-05,6.374984417373458,-0.0057498479848602235,VRT
Top1 current-member baseline,2023-12-06,6.4501351201415975,0.011788374346976438,VRT
Top1 current-member baseline,2023-12-07,6.281401515764054,-0.026159700724818102,VRT
Top1 current-member baseline,2023-12-08,6.361493269572121,0.012750618410089842,VRT
Top1 current-member baseline,2023-12-11,6.714752025964622,0.05553079150176665,VRT
Top1 current-member baseline,2023-12-12,6.738869942271167,0.0035917806366170257,VRT
Top1 current-member baseline,2023-12-13,7.0410562231537,0.04484227822635334,VRT
Top1 current-member baseline,2023-12-14,6.859461080122124,-0.025790895183370632,VRT
Top1 current-member baseline,2023-12-15,6.719008974447858,-0.020475676446547464,VRT
Top1 current-member baseline,2023-12-18,6.771499664843996,0.007812266748825403,VRT
Top1 current-member baseline,2023-12-19,6.797037973057094,0.00377144051940026,VRT
Top1 current-member baseline,2023-12-20,6.9318152865713065,0.01982883044768302,VRT
Top1 current-member baseline,2023-12-21,6.826830216382785,-0.015145393500589188,VRT
Top1 current-member baseline,2023-12-22,6.8906720841729,0.00935161206102797,VRT
Top1 current-member baseline,2023-12-26,6.941746350339615,0.007412087753243535,VRT
Top1 current-member baseline,2023-12-27,6.937489360682818,-0.00061324477184177,VRT
Top1 current-member baseline,2023-12-28,6.94742052924478,0.0014315219880904895,VRT
Top1 current-member baseline,2023-12-29,6.928977123138868,-0.0026547127855979236,VRT
Top1 current-member baseline,2024-01-02,6.736032664436383,-0.02784602334133257,VRT
Top1 current-member baseline,2024-01-03,5.684087069255993,-0.15616693795655878,COIN
Top1 current-member baseline,2024-01-04,5.937145740147527,0.044520547945205546,COIN
Top1 current-member baseline,2024-01-05,5.94376412640711,0.001114742091444576,COIN
Top1 current-member baseline,2024-01-08,6.143486005993512,0.03360191880748964,COIN
Top1 current-member baseline,2024-01-09,6.21356391059021,0.011406863225265074,COIN
Top1 current-member baseline,2024-01-10,5.809059381958167,-0.06510024431270722,COIN
Top1 current-member baseline,2024-01-11,6.197601605698817,0.06688556583659455,COIN
Top1 current-member baseline,2024-01-12,5.34109533498901,-0.13819963353601705,COIN
Top1 current-member baseline,2024-01-16,5.039371535079874,-0.05649099688084058,COIN
Top1 current-member baseline,2024-01-17,5.081028576609431,0.008266316789618644,COIN
Top1 current-member baseline,2024-01-18,5.187702753276447,0.020994602777494986,COIN
Top1 current-member baseline,2024-01-19,4.840817571065355,-0.06686681922783766,COIN
Top1 current-member baseline,2024-01-22,4.829527522518242,-0.00233226069385406,COIN
Top1 current-member baseline,2024-01-23,4.765678897009417,-0.013220470369228132,COIN
Top1 current-member baseline,2024-01-24,4.955278049563837,0.03978429026626151,COIN
Top1 current-member baseline,2024-01-25,4.764510684409159,-0.038497812483291316,COIN
Top1 current-member baseline,2024-01-26,4.964621671167271,0.04200032280606125,COIN
Top1 current-member baseline,2024-01-29,4.947880854904081,-0.0033720225572101414,COIN
Top1 current-member baseline,2024-01-30,5.296712761087227,0.07050127446731103,COIN
Top1 current-member baseline,2024-01-31,5.025745061332245,-0.05115771082503673,COIN
Top1 current-member baseline,2024-02-01,5.012508288813077,-0.002633793071003643,COIN
Top1 current-member baseline,2024-02-02,4.940483957272701,-0.014368920187348255,COIN
Top1 current-member baseline,2024-02-05,5.010561564841023,0.014184360919776706,COIN
Top1 current-member baseline,2024-02-06,4.617736785984555,-0.07839935180377977,COIN
Top1 current-member baseline,2024-02-07,4.659394124542488,0.009021159171386461,COIN
Top1 current-member baseline,2024-02-08,4.952942218420072,0.06300134438754057,COIN
Top1 current-member baseline,2024-02-09,5.53458793548754,0.11743438372939585,COIN
Top1 current-member baseline,2024-02-12,5.4933200011296925,-0.007456369803655827,COIN
Top1 current-member baseline,2024-02-13,5.387813740034559,-0.019206283463085283,COIN
Top1 current-member baseline,2024-02-14,5.9110613022809035,0.09711686177239454,COIN
Top1 current-member baseline,2024-02-15,6.571349440119956,0.11170382171206161,COIN
Top1 current-member baseline,2024-02-16,7.360114231433581,0.12003087014335168,COIN
Top1 current-member baseline,2024-02-20,7.002717215018796,-0.04855862357250018,COIN
Top1 current-member baseline,2024-02-21,6.394597952912993,-0.08684047112477478,COIN
Top1 current-member baseline,2024-02-22,6.417957452464142,0.0036530051964420718,COIN
Top1 current-member baseline,2024-02-23,6.51645562607123,0.015347277437819384,COIN
Top1 current-member baseline,2024-02-26,6.566288670660715,0.007647262169654168,COIN
Top1 current-member baseline,2024-02-27,7.988088652318134,0.21653022779980136,COIN
Top1 current-member baseline,2024-02-28,8.152771876634562,0.020616098729529853,COIN
Top1 current-member baseline,2024-02-29,8.03792229096437,-0.014087182544545884,COIN
Top1 current-member baseline,2024-03-01,7.891537202683101,-0.018211806855339296,COIN
Top1 current-member baseline,2024-03-04,7.844076412096987,-0.006014137596662139,CRWD
Top1 current-member baseline,2024-03-05,7.601830622734251,-0.03088264017789888,CRWD
Top1 current-member baseline,2024-03-06,8.900071647592197,0.17078005144910624,CRWD
Top1 current-member baseline,2024-03-07,8.151086586013319,-0.08415494742466556,CRWD
Top1 current-member baseline,2024-03-08,8.18198532212406,0.0037907505686125553,CRWD
Top1 current-member baseline,2024-03-11,7.889065152921506,-0.03580062266923145,CRWD
Top1 current-member baseline,2024-03-12,7.875716687699837,-0.0016920211663767892,CRWD
Top1 current-member baseline,2024-03-13,8.15059247780647,0.03490168590446241,CRWD
Top1 current-member baseline,2024-03-14,8.231423299901243,0.0099171713363011,CRWD
Top1 current-member baseline,2024-03-15,8.048008070427871,-0.02228232260580898,CRWD
Top1 current-member baseline,2024-03-18,7.886098994953061,-0.02011790669914204,CRWD
Top1 current-member baseline,2024-03-19,7.864346164032911,-0.0027583765983753006,CRWD
Top1 current-member baseline,2024-03-20,7.934795433238134,0.008958058017259907,CRWD
Top1 current-member baseline,2024-03-21,8.055671650997914,0.015233690493574814,CRWD
Top1 current-member baseline,2024-03-22,8.101154500029281,0.005646065406071266,CRWD
Top1 current-member baseline,2024-03-25,8.058390377681095,-0.005278768890043084,CRWD
Top1 current-member baseline,2024-03-26,8.058390377681095,0.0,CRWD
Top1 current-member baseline,2024-03-27,8.239827665599721,0.022515326189848528,CRWD
Top1 current-member baseline,2024-03-28,7.9698967293799505,-0.03275929390449506,CRWD
Top1 current-member baseline,2024-04-01,7.934795433238133,-0.004404234751552272,CRWD
Top1 current-member baseline,2024-04-02,7.856233102215973,-0.00990099009900991,SMCI
Top1 current-member baseline,2024-04-03,7.659827274660573,-0.025000000000000022,SMCI
Top1 current-member baseline,2024-04-04,8.097419434478683,0.057128201998197126,SMCI
Top1 current-member baseline,2024-04-05,7.604833882698268,-0.06083241158078001,SMCI
Top1 current-member baseline,2024-04-08,7.561624360882874,-0.005681849529113325,SMCI
Top1 current-member baseline,2024-04-09,7.267015619549775,-0.038961038961038974,SMCI
Top1 current-member baseline,2024-04-10,6.8832384646792795,-0.052810833905194254,SMCI
Top1 current-member baseline,2024-04-11,7.164884349467761,0.04091764163536138,SMCI
Top1 current-member baseline,2024-04-12,7.230091228068078,0.00910089757487298,SMCI
Top1 current-member baseline,2024-04-15,7.164884349467762,-0.009018818233879955,SMCI
Top1 current-member baseline,2024-04-16,7.080980316983278,-0.011710451752192874,SMCI
Top1 current-member baseline,2024-04-17,7.793461516820484,0.10061900583572658,SMCI
Top1 current-member baseline,2024-04-18,7.556753774473222,-0.03037260681102738,SMCI
Top1 current-member baseline,2024-04-19,6.84277891215351,-0.0944816893110273,SMCI
Top1 current-member baseline,2024-04-22,5.7501342376653275,-0.15967850028700015,SMCI
Top1 current-member baseline,2024-04-23,5.735050164617662,-0.0026232558100748316,SMCI
Top1 current-member baseline,2024-04-24,6.198489518349564,0.08080824760541527,SMCI
Top1 current-member baseline,2024-04-25,5.703311035630415,-0.07988695975902804,SMCI
Top1 current-member baseline,2024-04-26,6.278858389789973,0.10091460040736489,SMCI
Top1 current-member baseline,2024-04-29,6.591379692635808,0.04977358676443866,SMCI
Top1 current-member baseline,2024-04-30,6.882060077664591,0.04410008201371629,SMCI
Top1 current-member baseline,2024-05-01,6.107121369133676,-0.1126027235719641,SMCI
Top1 current-member baseline,2024-05-02,6.026988055219602,-0.013121290550910047,SMCI
Top1 current-member baseline,2024-05-03,6.0492994887063025,0.0037019209731763425,SMCI
Top1 current-member baseline,2024-05-06,6.2208009518362655,0.02835063191203324,SMCI
Top1 current-member baseline,2024-05-07,6.371404926020554,0.02420974008818466,SMCI
Top1 current-member baseline,2024-05-08,6.303448677513631,-0.010665818496230273,SMCI
Top1 current-member baseline,2024-05-09,6.508967524484779,0.03260419136976522,SMCI
Top1 current-member baseline,2024-05-10,6.421999446008893,-0.01336127091566186,SMCI
Top1 current-member baseline,2024-05-13,6.369990981479529,-0.008098484742424916,SMCI
Top1 current-member baseline,2024-05-14,6.088580654217384,-0.04417750795571518,SMCI
Top1 current-member baseline,2024-05-15,6.630739377322335,0.08904517389112909,SMCI
Top1 current-member baseline,2024-05-16,7.259159506324168,0.09477376401658621,SMCI
Top1 current-member baseline,2024-05-17,7.268586602441695,0.0012986484329644554,SMCI
Top1 current-member baseline,2024-05-20,7.086322018445606,-0.025075656928248202,SMCI
Top1 current-member baseline,2024-05-21,6.984191347746608,-0.014412366589205639,SMCI
Top1 current-member baseline,2024-05-22,7.150114952504896,0.02375702447096062,SMCI
Top1 current-member baseline,2024-05-23,7.341571075092179,0.02677664958662107,SMCI
Top1 current-member baseline,2024-05-24,6.740648241454516,-0.08185207600542332,SMCI
Top1 current-member baseline,2024-05-28,7.062753678768768,0.04778552830176275,SMCI
Top1 current-member baseline,2024-05-29,6.745597347039615,-0.044905478253128406,SMCI
Top1 current-member baseline,2024-05-30,6.536385701290486,-0.031014546968319068,SMCI
Top1 current-member baseline,2024-05-31,6.410686091531634,-0.01923075159625831,SMCI
Top1 current-member baseline,2024-06-03,6.300698708224006,-0.017156881765419518,SMCI
Top1 current-member baseline,2024-06-04,6.027391900120331,-0.043377222235200796,CVNA
Top1 current-member baseline,2024-06-05,6.192107771085355,0.027327884712745387,CVNA
Top1 current-member baseline,2024-06-06,6.572175178372943,0.06137932693328585,CVNA
Top1 current-member baseline,2024-06-07,6.295818000944189,-0.04204957566228029,CVNA
Top1 current-member baseline,2024-06-10,6.500188091336776,0.03246124496641056,CVNA
Top1 current-member baseline,2024-06-11,6.458094390966997,-0.0064757665129537845,CVNA
Top1 current-member baseline,2024-06-12,6.588036749784275,0.020120851593471656,CVNA
Top1 current-member baseline,2024-06-13,6.772274868070114,0.027965557158112553,CVNA
Top1 current-member baseline,2024-06-14,6.439182450230584,-0.04918471626277199,CVNA
Top1 current-member baseline,2024-06-17,6.217120450471927,-0.03448605494175827,CVNA
Top1 current-member baseline,2024-06-18,6.576445579068363,0.05779606997467135,CVNA
Top1 current-member baseline,2024-06-20,6.710048613795123,0.020315386650806344,CVNA
Top1 current-member baseline,2024-06-21,6.7015078124042855,-0.0012728374833645972,CVNA
Top1 current-member baseline,2024-06-24,6.899167439360776,0.029494799154099027,CVNA
Top1 current-member baseline,2024-06-25,7.226159700348609,0.04739590158695006,CVNA
Top1 current-member baseline,2024-06-26,7.720307895042145,0.06838323745733121,CVNA
Top1 current-member baseline,2024-06-27,7.746235743406084,0.003358395638675127,CVNA
Top1 current-member baseline,2024-06-28,8.139724077565866,0.05079736109177091,CVNA
Top1 current-member baseline,2024-07-01,7.869162776394298,-0.03323961581416124,CVNA
Top1 current-member baseline,2024-07-02,7.565920725476191,-0.038535490945461714,SMCI
Top1 current-member baseline,2024-07-03,7.92358407885015,0.04727294487366551,SMCI
Top1 current-member baseline,2024-07-05,8.019270313855323,0.012076130454724554,SMCI
Top1 current-member baseline,2024-07-08,8.177327273725842,0.019709643606530713,SMCI
Top1 current-member baseline,2024-07-09,8.59215584863605,0.05072911490812815,SMCI
Top1 current-member baseline,2024-07-10,8.411100514367996,-0.02107216599158812,SMCI
Top1 current-member baseline,2024-07-11,8.616007004200412,0.024361436352162258,SMCI
Top1 current-member baseline,2024-07-12,8.419712809860599,-0.02278250171385854,SMCI
Top1 current-member baseline,2024-07-15,8.896629052720494,0.056642815928515056,SMCI
Top1 current-member baseline,2024-07-16,8.530542589853685,-0.04114889591298221,SMCI
Top1 current-member baseline,2024-07-17,8.002234186785904,-0.061931395043517634,SMCI
Top1 current-member baseline,2024-07-18,7.865472205231166,-0.017090474780227405,SMCI
Top1 current-member baseline,2024-07-19,7.460201855812328,-0.051525240804906836,SMCI
Top1 current-member baseline,2024-07-22,7.632171929588395,0.023051664968298802,SMCI
Top1 current-member baseline,2024-07-23,7.368490693053888,-0.03454864997370777,SMCI
Top1 current-member baseline,2024-07-24,7.240341729075721,-0.017391480740956977,SMCI
Top1 current-member baseline,2024-07-25,6.625054701579214,-0.08498038497625615,SMCI
Top1 current-member baseline,2024-07-26,6.725567345830009,0.015171594617450657,SMCI
Top1 current-member baseline,2024-07-29,6.821348173835058,0.014241300856861594,SMCI
Top1 current-member baseline,2024-07-30,6.67247178954037,-0.021825067494097405,SMCI
Top1 current-member baseline,2024-07-31,6.719794284501648,0.007092198581560183,SMCI
Top1 current-member baseline,2024-08-01,6.668307531293883,-0.0076619537783341185,SMCI
Top1 current-member baseline,2024-08-02,6.327514994941349,-0.05110630167448338,CVNA
Top1 current-member baseline,2024-08-05,5.397011502023088,-0.14705670293348483,CVNA
Top1 current-member baseline,2024-08-06,6.246050533569169,0.1573165132643901,CVNA
Top1 current-member baseline,2024-08-07,6.362816232761724,0.01869432508831026,CVNA
Top1 current-member baseline,2024-08-08,5.905258428830148,-0.07191120836959597,CVNA
Top1 current-member baseline,2024-08-09,6.06004064646918,0.026210913460343654,CVNA
Top1 current-member baseline,2024-08-12,6.15734489224721,0.016056698536291547,CVNA
Top1 current-member baseline,2024-08-13,6.1519143309950115,-0.0008819647668324437,CVNA
Top1 current-member baseline,2024-08-14,6.5406798463699,0.0631942342591123,CVNA
Top1 current-member baseline,2024-08-15,6.625086185463823,0.012904826574070771,CVNA
Top1 current-member baseline,2024-08-16,6.759728453241939,0.020323096788315897,CVNA
Top1 current-member baseline,2024-08-19,7.057978571824319,0.04412161237621026,CVNA
Top1 current-member baseline,2024-08-20,7.078797018131622,0.002949632971458893,CVNA
Top1 current-member baseline,2024-08-21,7.0136255353565815,-0.009206576005514888,CVNA
Top1 current-member baseline,2024-08-22,7.041232830649406,0.003936237421523714,CVNA
Top1 current-member baseline,2024-08-23,6.994164945169084,-0.006684608592325336,CVNA
Top1 current-member baseline,2024-08-26,7.170218371693195,0.02517147192042013,CVNA
Top1 current-member baseline,2024-08-27,7.089659003863047,-0.011235273969922965,CVNA
Top1 current-member baseline,2024-08-28,7.13808517707669,0.006830536304673673,CVNA
Top1 current-member baseline,2024-08-29,7.060241521486158,-0.010905397408330186,CVNA
Top1 current-member baseline,2024-08-30,6.892786699418118,-0.023718001934980637,CVNA
Top1 current-member baseline,2024-09-03,6.734384107610955,-0.022980921754119477,CVNA
Top1 current-member baseline,2024-09-04,6.562403817832751,-0.025537641903116137,CVNA
Top1 current-member baseline,2024-09-05,6.525292392928308,-0.005655157155004087,CVNA
Top1 current-member baseline,2024-09-06,6.404000794412071,-0.018587917783988495,CVNA
Top1 current-member baseline,2024-09-09,6.215727957650243,-0.029399252561946754,CVNA
Top1 current-member baseline,2024-09-10,6.108466388069304,-0.017256477489321687,CVNA
Top1 current-member baseline,2024-09-11,5.8572850181942755,-0.0411202016868949,CVNA
Top1 current-member baseline,2024-09-12,6.20577106546085,0.05949617377062655,CVNA
Top1 current-member baseline,2024-09-13,6.417125729805337,0.034057760448304775,CVNA
Top1 current-member baseline,2024-09-16,6.478676406798729,0.009591627090538513,CVNA
Top1 current-member baseline,2024-09-17,7.013625535356579,0.08257074361616112,CVNA
Top1 current-member baseline,2024-09-18,7.121339435901776,0.015357806030874777,CVNA
Top1 current-member baseline,2024-09-19,7.569393541835249,0.06291711130558353,CVNA
Top1 current-member baseline,2024-09-20,7.676202348838412,0.014110616182504199,CVNA
Top1 current-member baseline,2024-09-23,7.716481385333212,0.005247260906416251,CVNA
Top1 current-member baseline,2024-09-24,7.824648048456182,0.014017614728982997,CVNA
Top1 current-member baseline,2024-09-25,7.773507026229956,-0.006535887864798751,CVNA
Top1 current-member baseline,2024-09-26,7.66307698183163,-0.014205949004188811,CVNA
Top1 current-member baseline,2024-09-27,7.74454144320381,0.01063077684921132,CVNA
Top1 current-member baseline,2024-09-30,7.598811455825653,-0.018817122801510933,CVNA
Top1 current-member baseline,2024-10-01,7.88891443768919,0.03817741544845532,CVNA
Top1 current-member baseline,2024-10-02,7.866285804297821,-0.0028684090276428487,CVNA
Top1 current-member baseline,2024-10-03,7.959969244294204,0.011909488458351936,CVNA
Top1 current-member baseline,2024-10-04,8.13738052693812,0.02228793569410925,CVNA
Top1 current-member baseline,2024-10-07,8.10117419557571,-0.004449384079133534,CVNA
Top1 current-member baseline,2024-10-08,8.242831477821477,0.01748601854816667,CVNA
Top1 current-member baseline,2024-10-09,8.745647411762823,0.06100038988959611,CVNA
Top1 current-member baseline,2024-10-10,8.542439452523663,-0.023235324918981615,CVNA
Top1 current-member baseline,2024-10-11,8.566425942034838,0.002807920342249526,CVNA
Top1 current-member baseline,2024-10-14,8.761035296817928,0.02271768367577387,CVNA
Top1 current-member baseline,2024-10-15,8.553753769219346,-0.02365947865475082,CVNA
Top1 current-member baseline,2024-10-16,8.729354864779198,0.020529126778438656,CVNA
Top1 current-member baseline,2024-10-17,8.780043556041166,0.005806693856207357,CVNA
Top1 current-member baseline,2024-10-18,8.65196397176644,-0.014587579601082923,CVNA
Top1 current-member baseline,2024-10-21,8.653321827886247,0.0001569419526292748,CVNA
Top1 current-member baseline,2024-10-22,8.618020158452355,-0.004079551198492237,CVNA
Top1 current-member baseline,2024-10-23,8.950666421313079,0.03859891909564306,CVNA
Top1 current-member baseline,2024-10-24,9.001581278057175,0.00568838724934051,CVNA
Top1 current-member baseline,2024-10-25,9.051591472872754,0.005555712187756079,CVNA
Top1 current-member baseline,2024-10-28,9.295984856989294,0.027000045776367276,CVNA
Top1 current-member baseline,2024-10-29,9.258873000471336,-0.003992245801697436,CVNA
Top1 current-member baseline,2024-10-30,9.521142953173436,0.02832633655184047,CVNA
Top1 current-member baseline,2024-10-31,10.780445306075128,0.13226377957931623,CVNA
Top1 current-member baseline,2024-11-01,11.192745843223966,0.038245223220648716,CVNA
Top1 current-member baseline,2024-11-04,10.580591418205175,-0.05469206873748367,APP
Top1 current-member baseline,2024-11-05,10.576013859468523,-0.000432637322028695,APP
Top1 current-member baseline,2024-11-06,11.460236141652091,0.0836063845918602,APP
Top1 current-member baseline,2024-11-07,15.0422551894506,0.3125606665974101,APP
Top1 current-member baseline,2024-11-08,16.290762130668988,0.08299998407778553,APP
Top1 current-member baseline,2024-11-11,19.039570683931945,0.1687341900406274,APP
Top1 current-member baseline,2024-11-12,18.377711774937474,-0.03476228114497526,APP
Top1 current-member baseline,2024-11-13,18.966321760611628,0.03202846975088969,APP
Top1 current-member baseline,2024-11-14,18.611194214933587,-0.018724112675107762,APP
Top1 current-member baseline,2024-11-15,18.3450112201778,-0.014302306003674103,APP
Top1 current-member baseline,2024-11-18,19.16906559929831,0.044919807855670735,APP
Top1 current-member baseline,2024-11-19,19.311639539038463,0.007437709417895233,APP
Top1 current-member baseline,2024-11-20,21.429327784616383,0.10965864608735143,APP
Top1 current-member baseline,2024-11-21,21.295908962349536,-0.006225991949342702,APP
Top1 current-member baseline,2024-11-22,20.20894284147929,-0.05104107661203705,APP
Top1 current-member baseline,2024-11-25,22.497981674656558,0.11326860841423958,APP
Top1 current-member baseline,2024-11-26,21.220043435801077,-0.056802350421284564,APP
Top1 current-member baseline,2024-11-27,21.26549768592906,0.00214204321803102,APP
Top1 current-member baseline,2024-11-29,21.745868915184026,0.022589230515532188,APP
Top1 current-member baseline,2024-12-02,21.960711799461105,0.009879710261982977,APP
Top1 current-member baseline,2024-12-03,22.10557501754045,0.0065964718904465425,APP
Top1 current-member baseline,2024-12-04,24.394613850717715,0.10355029585798814,APP
Top1 current-member baseline,2024-12-05,24.44039542573465,0.0018767083298425469,APP
Top1 current-member baseline,2024-12-06,25.04077713211025,0.024565138817002286,APP
Top1 current-member baseline,2024-12-09,24.198410522159662,-0.03363979502339032,APP
Top1 current-member baseline,2024-12-10,22.374372619640912,-0.07537841796875,APP
Top1 current-member baseline,2024-12-11,21.425403877715897,-0.04241320005066784,APP
Top1 current-member baseline,2024-12-12,21.987853818759007,0.026251544393433912,APP
Top1 current-member baseline,2024-12-13,21.320761703308243,-0.030339119085903254,APP
Top1 current-member baseline,2024-12-16,21.331226120337355,0.0004908087794766036,APP
Top1 current-member baseline,2024-12-17,22.27496365168955,0.044242066819235815,APP
Top1 current-member baseline,2024-12-18,22.172283430732136,-0.004609669517894988,APP
Top1 current-member baseline,2024-12-19,20.627509543226434,-0.06967139367181963,APP
Top1 current-member baseline,2024-12-20,20.483628299813947,-0.0069752115790311375,APP
Top1 current-member baseline,2024-12-23,22.73375339299186,0.10984992796409765,APP
Top1 current-member baseline,2024-12-24,22.563382784175904,-0.007494169830683406,APP
Top1 current-member baseline,2024-12-26,22.324669133606967,-0.010579692453577927,APP
Top1 current-member baseline,2024-12-27,22.5633827841759,0.010692819192091862,APP
Top1 current-member baseline,2024-12-30,21.499307450814115,-0.047159388445425776,APP
Top1 current-member baseline,2024-12-31,21.713823010202244,0.009977789278975413,APP
Top1 current-member baseline,2025-01-02,21.65169115780547,-0.00286139628049753,APP
Top1 current-member baseline,2025-01-03,22.332516947407928,0.03144446245054722,APP
Top1 current-member baseline,2025-01-06,23.471150503645834,0.05098545582297498,APP
Top1 current-member baseline,2025-01-07,22.60785505963702,-0.03678113025923957,APP
Top1 current-member baseline,2025-01-08,21.75306207920708,-0.037809556818862,APP
Top1 current-member baseline,2025-01-10,20.601349498595383,-0.05294484870305105,APP
Top1 current-member baseline,2025-01-13,20.27434395099863,-0.015873015873015928,APP
Top1 current-member baseline,2025-01-14,21.22396734270155,0.0468386742376512,APP
Top1 current-member baseline,2025-01-15,21.90937168898239,0.03229388432490854,APP
Top1 current-member baseline,2025-01-16,21.826312998410863,-0.003791011981110093,APP
Top1 current-member baseline,2025-01-17,22.35540773491639,0.02424114125661303,APP
Top1 current-member baseline,2025-01-21,22.824987222253295,0.021005185541907112,APP
Top1 current-member baseline,2025-01-22,22.563382784175893,-0.011461318051575908,APP
Top1 current-member baseline,2025-01-23,23.1637644905515,0.026608674422554435,APP
Top1 current-member baseline,2025-01-24,23.825623399545975,0.02857302876069423,APP
Top1 current-member baseline,2025-01-27,22.34494331788728,-0.06214654100874062,APP
Top1 current-member baseline,2025-01-28,22.735388021553142,0.017473515063844758,APP
Top1 current-member baseline,2025-01-29,23.54439942696615,0.03558379582728333,APP
Top1 current-member baseline,2025-01-30,24.720964748536556,0.049972195095486116,APP
Top1 current-member baseline,2025-01-31,24.266428234907153,-0.018386681840817376,APP
Top1 current-member baseline,2025-02-03,23.11994686486828,-0.04724557561337628,APP
Top1 current-member baseline,2025-02-04,24.44497198652956,0.05731090687213958,APP
Top1 current-member baseline,2025-02-05,24.680416379975913,0.009631608233222622,APP
Top1 current-member baseline,2025-02-06,24.17028852407837,-0.02066933750402311,APP
Top1 current-member baseline,2025-02-07,25.236980460668295,0.044132362570984185,APP
Top1 current-member baseline,2025-02-10,25.323310404245873,0.0034207715028398145,APP
Top1 current-member baseline,2025-02-11,24.957063791760813,-0.01446282522460618,APP
Top1 current-member baseline,2025-02-12,24.586238622597374,-0.014858525516365462,APP
Top1 current-member baseline,2025-02-13,32.65738978788642,0.3282792170523716,APP
Top1 current-member baseline,2025-02-14,30.971349264312906,-0.05162814709088959,APP
Top1 current-member baseline,2025-02-18,33.62270880719127,0.0856068465164812,APP
Top1 current-member baseline,2025-02-19,32.87975316107552,-0.022096840869550993,APP
Top1 current-member baseline,2025-02-20,31.97525669461163,-0.027509223139018935,APP
Top1 current-member baseline,2025-02-21,29.61165963855824,-0.07391956470052974,APP
Top1 current-member baseline,2025-02-24,26.936100008615597,-0.09035493662296168,APP
Top1 current-member baseline,2025-02-25,26.598632039873205,-0.012528464352094426,APP
Top1 current-member baseline,2025-02-26,21.482302523656372,-0.19235310705253938,APP
Top1 current-member baseline,2025-02-27,22.65756054155444,0.054708196042015045,APP
Top1 current-member baseline,2025-02-28,20.470547279556683,-0.09652465710007607,APP
Top1 current-member baseline,2025-03-03,22.906083959374584,0.11897760458266782,APP
Top1 current-member baseline,2025-03-04,21.18995948426954,-0.07492002902585626,APP
Top1 current-member baseline,2025-03-05,21.12455837475019,-0.0030864197530864335,APP
Top1 current-member baseline,2025-03-06,19.997043885319297,-0.0533745827689629,APP
Top1 current-member baseline,2025-03-07,16.752166479315967,-0.1622678544194993,APP
Top1 current-member baseline,2025-03-10,16.12333544997012,-0.03753729585497301,APP
Top1 current-member baseline,2025-03-11,15.683186262328578,-0.02729889165968813,APP
Top1 current-member baseline,2025-03-12,18.63931621301487,0.18849039354885377,APP
Top1 current-member baseline,2025-03-13,17.846327760092745,-0.04254385964912277,APP
Top1 current-member baseline,2025-03-14,18.58568682419697,0.04142919899507569,APP
Top1 current-member baseline,2025-03-17,19.47383500916449,0.047786675486817476,APP
Top1 current-member baseline,2025-03-18,19.58763230104545,0.005843599467049376,APP
Top1 current-member baseline,2025-03-19,18.717471017902525,-0.04442401561195741,APP
Top1 current-member baseline,2025-03-20,19.216154477987573,0.02664267301966583,APP
Top1 current-member baseline,2025-03-21,19.689003222447056,0.024606835098101465,APP
Top1 current-member baseline,2025-03-24,21.457449782697662,0.0898189989747391,APP
Top1 current-member baseline,2025-03-25,22.30177834609849,0.03934897072818311,APP
Top1 current-member baseline,2025-03-26,22.269077791338816,-0.0014662756598240456,APP
Top1 current-member baseline,2025-03-27,21.062426522353412,-0.05418505787674377,APP
Top1 current-member baseline,2025-03-28,18.75769206157421,-0.10942397630838985,APP
Top1 current-member baseline,2025-03-31,16.73810548027532,-0.1076671146252628,APP
Top1 current-member baseline,2025-04-01,17.280281237038103,0.032391703911873515,APP
Top1 current-member baseline,2025-04-02,17.876084386735318,0.03447878778848734,APP
Top1 current-member baseline,2025-04-03,17.299900771540518,-0.0322320930428337,APP
Top1 current-member baseline,2025-04-04,15.917322354160854,-0.07991828598543738,APP
Top1 current-member baseline,2025-04-07,13.327438018017885,-0.162708543467172,APP
Top1 current-member baseline,2025-04-08,16.680553182498667,0.251594879672115,APP
Top1 current-member baseline,2025-04-09,15.324133811808313,-0.08131740931191156,APP
Top1 current-member baseline,2025-04-10,17.658299570224607,0.15231958863591077,APP
Top1 current-member baseline,2025-04-11,16.892780461489338,-0.04335180211950229,APP
Top1 current-member baseline,2025-04-14,16.93496345861127,0.002497102073758528,APP
Top1 current-member baseline,2025-04-15,15.408501801935648,-0.09013669621468434,APP
Top1 current-member baseline,2025-04-16,15.338194810848961,-0.004562870030482391,APP
Top1 current-member baseline,2025-04-17,15.13316269176482,-0.013367421760683174,APP
Top1 current-member baseline,2025-04-21,15.273121026218561,0.00924845237604588,APP
Top1 current-member baseline,2025-04-22,15.173057408489294,-0.006551615583841319,APP
Top1 current-member baseline,2025-04-23,16.71031080708298,0.10131467621901935,APP
Top1 current-member baseline,2025-04-24,16.593896911973875,-0.006966590654900462,APP
Top1 current-member baseline,2025-04-25,17.808721323765727,0.07320910924276358,APP
Top1 current-member baseline,2025-04-28,18.223366114495864,0.02328324325996345,APP
Top1 current-member baseline,2025-04-29,18.737417877293893,0.028208386944996056,APP
Top1 current-member baseline,2025-04-30,16.213589300448174,-0.1346945770956044,APP
Top1 current-member baseline,2025-05-01,18.443112884456813,0.13750956328633612,APP
Top1 current-member baseline,2025-05-02,18.231088184932375,-0.011496144975782552,PLTR
Top1 current-member baseline,2025-05-05,19.005439771104584,0.042474238417221644,PLTR
Top1 current-member baseline,2025-05-06,17.316921196833043,-0.08884396228698299,PLTR
Top1 current-member baseline,2025-05-07,16.5886613250666,-0.04205481237043618,PLTR
Top1 current-member baseline,2025-05-08,17.250855351213062,0.039918472815274164,PLTR
Top1 current-member baseline,2025-05-09,18.278716641475572,0.059583207286601825,PLTR
Top1 current-member baseline,2025-05-12,18.55680718661999,0.015213898798202008,PLTR
Top1 current-member baseline,2025-05-13,18.42467549538003,-0.00712038929494474,PLTR
Top1 current-member baseline,2025-05-14,19.82127518965186,0.07580050430858476,PLTR
Top1 current-member baseline,2025-05-15,19.7229447922906,-0.004960851227805652,PLTR
Top1 current-member baseline,2025-05-16,19.855076483530567,0.006699389600868022,PLTR
Top1 current-member baseline,2025-05-19,19.161385690616147,-0.03493770439463295,PLTR
Top1 current-member baseline,2025-05-20,19.546258128782302,0.020085835355562853,PLTR
Top1 current-member baseline,2025-05-21,19.229757235537676,-0.016192403229269292,PLTR
Top1 current-member baseline,2025-05-22,18.736567334403155,-0.025647224512178268,PLTR
Top1 current-member baseline,2025-05-23,18.57217109142191,-0.008774085457979752,PLTR
Top1 current-member baseline,2025-05-27,19.484801337383814,0.049139663934252065,PLTR
Top1 current-member baseline,2025-05-28,19.086870693717284,-0.020422617443014657,PLTR
Top1 current-member baseline,2025-05-29,19.25894830300409,0.00901549615167907,PLTR
Top1 current-member baseline,2025-05-30,18.97932101572224,-0.014519343573825116,PLTR
Top1 current-member baseline,2025-06-02,20.193856035100158,0.06399254316694547,PLTR
Top1 current-member baseline,2025-06-03,20.44506121207971,0.012439683463273177,PLTR
Top1 current-member baseline,2025-06-04,20.403577379704643,-0.002029039284585643,PLTR
Top1 current-member baseline,2025-06-05,19.861223452080292,-0.026581315498321767,PLTR
Top1 current-member baseline,2025-06-06,19.010049997516877,-0.04285604341631133,PLTR
Top1 current-member baseline,2025-06-09,19.523979470457334,0.02703461974101007,PLTR
Top1 current-member baseline,2025-06-10,20.130095888781717,0.031044717048669623,PLTR
Top1 current-member baseline,2025-06-11,20.575654988991445,0.02213397803326078,PLTR
Top1 current-member baseline,2025-06-12,20.95668498571862,0.018518486868633666,PLTR
Top1 current-member baseline,2025-06-13,20.559523299216206,-0.018951551105199527,PLTR
Top1 current-member baseline,2025-06-16,21.514403990335694,0.0464446902402591,PLTR
Top1 current-member baseline,2025-06-17,21.73795249760467,0.010390643745901373,PLTR
Top1 current-member baseline,2025-06-18,21.36229816788151,-0.01728103554208038,PLTR
Top1 current-member baseline,2025-06-20,21.61580787197181,0.011867155026955789,PLTR
Top1 current-member baseline,2025-06-23,21.340788466720653,-0.012723068546873995,PLTR
Top1 current-member baseline,2025-06-24,21.660362844240144,0.01497481585639826,PLTR
Top1 current-member baseline,2025-06-25,22.199645631971226,0.024897218555804956,PLTR
Top1 current-member baseline,2025-06-26,22.25495662701078,0.002491526034086755,PLTR
Top1 current-member baseline,2025-06-27,22.258027766904046,0.00013799801746361418,PLTR
Top1 current-member baseline,2025-06-30,21.17024642738048,-0.048871416233068565,PLTR
Top1 current-member baseline,2025-07-01,20.783071806485175,-0.01828862135466469,PLTR
Top1 current-member baseline,2025-07-02,20.170965115003877,-0.029452176135497776,NRG
Top1 current-member baseline,2025-07-03,20.24877247001278,0.003857393762038086,NRG
Top1 current-member baseline,2025-07-07,20.545747367544234,0.014666316092555975,NRG
Top1 current-member baseline,2025-07-08,20.554827765653474,0.0004419599806617658,NRG
Top1 current-member baseline,2025-07-09,19.827303230459343,-0.03539433866771702,NRG
Top1 current-member baseline,2025-07-10,19.50179614994246,-0.016417113146119933,NRG
Top1 current-member baseline,2025-07-11,19.532920946857384,0.001595996423899404,NRG
Top1 current-member baseline,2025-07-14,19.527733749986982,-0.0002655617602976834,NRG
Top1 current-member baseline,2025-07-15,19.693730591663577,0.008500568668225794,NRG
Top1 current-member baseline,2025-07-16,19.055688266098908,-0.032398245857732766,NRG
Top1 current-member baseline,2025-07-17,18.942863354290633,-0.005920799618085559,NRG
Top1 current-member baseline,2025-07-18,19.422691235951053,0.025330272023090794,NRG
Top1 current-member baseline,2025-07-21,19.698915709905002,0.014221740468316924,NRG
Top1 current-member baseline,2025-07-22,19.7754302064357,0.003884198382158921,NRG
Top1 current-member baseline,2025-07-23,20.74935235427403,0.04924910040750352,NRG
Top1 current-member baseline,2025-07-24,20.880329631605345,0.006312354963905031,NRG
Top1 current-member baseline,2025-07-25,20.545750624100616,-0.016023645862290214,NRG
Top1 current-member baseline,2025-07-28,20.491280204087985,-0.0026511769274925046,NRG
Top1 current-member baseline,2025-07-29,20.692289367625236,0.009809497578250337,NRG
Top1 current-member baseline,2025-07-30,20.956847527293714,0.012785349893782216,NRG
Top1 current-member baseline,2025-07-31,21.69474491927409,0.03521032402508806,NRG
Top1 current-member baseline,2025-08-01,21.08625680124991,-0.028047719403402005,NRG
Top1 current-member baseline,2025-08-04,21.825567940901824,0.035061279326167094,HOOD
Top1 current-member baseline,2025-08-05,22.847756536223855,0.04683445572137512,HOOD
Top1 current-member baseline,2025-08-06,22.53189305048678,-0.013824704637249274,HOOD
Top1 current-member baseline,2025-08-07,23.26171945222586,0.03239081599152693,HOOD
Top1 current-member baseline,2025-08-08,24.04005685045945,0.03346001140767396,HOOD
Top1 current-member baseline,2025-08-11,25.057716919337846,0.04233184951303248,HOOD
Top1 current-member baseline,2025-08-12,24.803301902118246,-0.01015316032336766,HOOD
Top1 current-member baseline,2025-08-13,24.9348216272453,0.0053025087404117155,HOOD
Top1 current-member baseline,2025-08-14,23.25956293273163,-0.06718550946773882,HOOD
Top1 current-member baseline,2025-08-15,23.874041038136763,0.026418299741153728,HOOD
Top1 current-member baseline,2025-08-18,24.363465687012713,0.020500285146286545,HOOD
Top1 current-member baseline,2025-08-19,25.036156659222772,0.027610643775062282,HOOD
Top1 current-member baseline,2025-08-20,22.99760256469584,-0.08142440240626847,HOOD
Top1 current-member baseline,2025-08-21,22.645086472268904,-0.015328384401602335,HOOD
Top1 current-member baseline,2025-08-22,22.752889417786662,0.004760544661632116,HOOD
Top1 current-member baseline,2025-08-25,23.39108265785868,0.028048887697450953,HOOD
Top1 current-member baseline,2025-08-26,23.037489128155837,-0.015116595280126766,HOOD
Top1 current-member baseline,2025-08-27,23.434204823031223,0.017220439808717236,HOOD
Top1 current-member baseline,2025-08-28,22.42301266769311,-0.043150265305537894,HOOD
Top1 current-member baseline,2025-08-29,22.172909044519564,-0.011153881366436247,HOOD
Top1 current-member baseline,2025-09-02,21.63389431693079,-0.024309608022408002,HOOD
Top1 current-member baseline,2025-09-03,21.903401680725178,0.012457644465031503,HOOD
Top1 current-member baseline,2025-09-04,21.722293521827705,-0.008268494617292621,HOOD
Top1 current-member baseline,2025-09-05,22.634307164682575,0.041985144981971256,HOOD
Top1 current-member baseline,2025-09-08,23.85247913307928,0.0538197153344937,HOOD
Top1 current-member baseline,2025-09-09,25.12455421917728,0.05333093801280597,HOOD
Top1 current-member baseline,2025-09-10,26.051660208606936,0.03690039557884006,HOOD
Top1 current-member baseline,2025-09-11,25.415621843086736,-0.02441450412093371,HOOD
Top1 current-member baseline,2025-09-12,25.426402795615477,0.0004241860614428994,HOOD
Top1 current-member baseline,2025-09-15,24.86906176468177,-0.021919775102037464,HOOD
Top1 current-member baseline,2025-09-16,24.8076132961643,-0.002470880047623636,HOOD
Top1 current-member baseline,2025-09-17,25.2452929917756,0.017642958650882168,HOOD
Top1 current-member baseline,2025-09-18,25.88995579033031,0.0255359602586005,HOOD
Top1 current-member baseline,2025-09-19,26.2392362810447,0.013490965127288757,HOOD
Top1 current-member baseline,2025-09-22,26.654278279265018,0.015817609696214596,HOOD
Top1 current-member baseline,2025-09-23,27.03913558433576,0.014438856720803805,HOOD
Top1 current-member baseline,2025-09-24,27.492985063797764,0.01678491082107403,HOOD
Top1 current-member baseline,2025-09-25,26.590674936195718,-0.0328196492853805,HOOD
Top1 current-member baseline,2025-09-26,26.773939614587427,0.006892065689624305,HOOD
Top1 current-member baseline,2025-09-29,26.687696929184742,-0.0032211428965686073,HOOD
Top1 current-member baseline,2025-09-30,29.251250842001575,0.09605751742532043,HOOD
Top1 current-member baseline,2025-10-01,30.456486983317728,0.041202892410521,HOOD
Top1 current-member baseline,2025-10-02,30.784208858859454,0.01076033081954697,HOOD
Top1 current-member baseline,2025-10-03,31.655258500978412,0.028295339539585962,HOOD
Top1 current-member baseline,2025-10-06,32.98770132843316,0.04209230600386871,HOOD
Top1 current-member baseline,2025-10-07,31.549610430012482,-0.04359475927415235,HOOD
Top1 current-member baseline,2025-10-08,31.502176870793885,-0.0015034594269814905,HOOD
Top1 current-member baseline,2025-10-09,32.4508414753962,0.030114255547902813,HOOD
Top1 current-member baseline,2025-10-10,32.66537157409821,0.00661092560156451,HOOD
Top1 current-member baseline,2025-10-13,31.18092290879244,-0.04544410774383645,HOOD
Top1 current-member baseline,2025-10-14,29.47763768556583,-0.05462587583468592,HOOD
Top1 current-member baseline,2025-10-15,29.77409578573966,0.0100570508171689,HOOD
Top1 current-member baseline,2025-10-16,29.188726581150604,-0.01966035203223271,HOOD
Top1 current-member baseline,2025-10-17,27.632051784683433,-0.053331370662550115,HOOD
Top1 current-member baseline,2025-10-20,28.767216669390002,0.04108145473785618,HOOD
Top1 current-member baseline,2025-10-21,29.16931955064495,0.01397781668891196,HOOD
Top1 current-member baseline,2025-10-22,28.380204489767436,-0.027052912890457415,HOOD
Top1 current-member baseline,2025-10-23,27.65792343884455,-0.025450170776017744,HOOD
Top1 current-member baseline,2025-10-24,29.751458088348674,0.07569384788171885,HOOD
Top1 current-member baseline,2025-10-27,31.260699325597248,0.050728311626502265,HOOD
Top1 current-member baseline,2025-10-28,31.47846009118458,0.00696595950459189,HOOD
Top1 current-member baseline,2025-10-29,31.47846009118458,0.0,HOOD
Top1 current-member baseline,2025-10-30,30.700122692950995,-0.02472603157775044,HOOD
Top1 current-member baseline,2025-10-31,30.96100726865328,0.00849783495367551,HOOD
Top1 current-member baseline,2025-11-03,32.07999907962434,0.036141970487633124,HOOD
Top1 current-member baseline,2025-11-04,28.623999411512457,-0.1077306660618631,SNDK
Top1 current-member baseline,2025-11-05,30.715248676140305,0.07305929666092559,SNDK
Top1 current-member baseline,2025-11-06,32.254966127634205,0.05012876398067245,SNDK
Top1 current-member baseline,2025-11-07,31.71028293047601,-0.01688680108988061,SNDK
Top1 current-member baseline,2025-11-10,37.58007846002664,0.1851070059015245,SNDK
Top1 current-member baseline,2025-11-11,39.90639311902519,0.0619028686029226,SNDK
Top1 current-member baseline,2025-11-12,41.31982673505556,0.03541872631321619,SNDK
Top1 current-member baseline,2025-11-13,40.7751458594621,-0.013182070657894451,SNDK
Top1 current-member baseline,2025-11-14,35.90647172698901,-0.11940298507462688,SNDK
Top1 current-member baseline,2025-11-17,38.55381235789537,0.07372878769696789,SNDK
Top1 current-member baseline,2025-11-18,39.12436010779456,0.014798737530877348,SNDK
Top1 current-member baseline,2025-11-19,38.20539888677875,-0.023488210886616567,SNDK
Top1 current-member baseline,2025-11-20,38.36667334596656,0.00422124788346645,SNDK
Top1 current-member baseline,2025-11-21,31.246236962911723,-0.18558910017679187,SNDK
Top1 current-member baseline,2025-11-24,31.34969749544044,0.0033111357585722256,SNDK
Top1 current-member baseline,2025-11-25,34.750160691900774,0.10846877220920237,SNDK
Top1 current-member baseline,2025-11-26,34.38501106059118,-0.010507854468560618,SNDK
Top1 current-member baseline,2025-11-28,34.270901510611345,-0.0033185840707964376,SNDK
Top1 current-member baseline,2025-12-01,32.23062219979631,-0.05953386753433676,SNDK
Top1 current-member baseline,2025-12-02,32.21692961097426,-0.0004248316627947224,SNDK
Top1 current-member baseline,2025-12-03,29.926371692063388,-0.07109795832718413,SNDK
Top1 current-member baseline,2025-12-04,29.26149180218351,-0.022217190133216436,SNDK
Top1 current-member baseline,2025-12-05,32.31582362566423,0.10438059153405166,SNDK
Top1 current-member baseline,2025-12-08,35.85474262150703,0.1095104069398467,SNDK
Top1 current-member baseline,2025-12-09,33.817506882062915,-0.05681914275469113,SNDK
Top1 current-member baseline,2025-12-10,33.167842527472914,-0.019210888515693303,SNDK
Top1 current-member baseline,2025-12-11,34.99359532715032,0.05504587155963292,SNDK
Top1 current-member baseline,2025-12-12,35.314623620622854,0.009173915697180846,SNDK
Top1 current-member baseline,2025-12-15,32.62696437491955,-0.07610612743820322,SNDK
Top1 current-member baseline,2025-12-16,30.601139126160472,-0.062090521982987146,SNDK
Top1 current-member baseline,2025-12-17,32.86202976929025,0.07388256475710664,SNDK
Top1 current-member baseline,2025-12-18,33.888254245874876,0.031228274205497675,SNDK
Top1 current-member baseline,2025-12-19,33.820548131869096,-0.001997922746758918,SNDK
Top1 current-member baseline,2025-12-22,37.98250545632699,0.12306001985036086,SNDK
Top1 current-member baseline,2025-12-23,36.27466492966953,-0.04496387234436583,SNDK
Top1 current-member baseline,2025-12-24,37.260570791457205,0.027178910231126396,SNDK
Top1 current-member baseline,2025-12-26,39.4963583550799,0.0600041147017345,SNDK
Top1 current-member baseline,2025-12-29,36.75164201282194,-0.06949289647370593,SNDK
Top1 current-member baseline,2025-12-30,37.40815266182297,0.0178634371974995,SNDK
Top1 current-member baseline,2025-12-31,36.73034165635496,-0.018119339161052683,SNDK
Top1 current-member baseline,2026-01-02,37.176892312057106,0.01215754157366744,SNDK
Top1 current-member baseline,2026-01-05,43.24295524608458,0.1631675634184233,SNDK
Top1 current-member baseline,2026-01-06,43.93141526900371,0.01592074406111421,SNDK
Top1 current-member baseline,2026-01-07,51.86355193907027,0.18055727596063065,SNDK
Top1 current-member baseline,2026-01-08,54.883652290495874,0.05823165283730747,SNDK
Top1 current-member baseline,2026-01-09,51.97309729277609,-0.053031365010374865,SNDK
Top1 current-member baseline,2026-01-12,56.898064727005185,0.09475993717452802,SNDK
Top1 current-member baseline,2026-01-13,59.823835260014846,0.05142126620733767,SNDK
Top1 current-member baseline,2026-01-14,59.33696598951574,-0.008138382776413544,SNDK
Top1 current-member baseline,2026-01-15,60.68041371496807,0.022640991210937544,SNDK
Top1 current-member baseline,2026-01-16,64.75184394405012,0.06709628329507833,SNDK
Top1 current-member baseline,2026-01-20,62.70928485666281,-0.03154441577219358,SNDK
Top1 current-member baseline,2026-01-21,70.45123430030019,0.12345778557885745,SNDK
Top1 current-member baseline,2026-01-22,76.26930304593355,0.08258292141247248,SNDK
Top1 current-member baseline,2026-01-23,76.5964161605832,0.004288922300137443,SNDK
Top1 current-member baseline,2026-01-26,72.49531633415532,-0.05354166724759024,SNDK
Top1 current-member baseline,2026-01-27,73.18301952697,0.009486174108749745,SNDK
Top1 current-member baseline,2026-01-28,76.08824885518185,0.03969813417088086,SNDK
Top1 current-member baseline,2026-01-29,81.52746609442464,0.07148564096402343,SNDK
Top1 current-member baseline,2026-01-30,99.08208000622362,0.21532147082146924,SNDK
Top1 current-member baseline,2026-02-02,89.58512512672083,-0.09584936931992416,SNDK
Top1 current-member baseline,2026-02-03,105.59849864055809,0.17875036163856306,SNDK
Top1 current-member baseline,2026-02-04,99.5035275824187,-0.057718349565610616,SNDK
Top1 current-member baseline,2026-02-05,85.7723450681782,-0.13799694189602452,SNDK
Top1 current-member baseline,2026-02-06,93.49375795014724,0.09002217294900228,SNDK
Top1 current-member baseline,2026-02-09,90.09557220869445,-0.036346659027919004,SNDK
Top1 current-member baseline,2026-02-10,87.31358546613994,-0.030878173858648772,SNDK
Top1 current-member baseline,2026-02-11,88.01649955111503,0.00805045493461809,SNDK
Top1 current-member baseline,2026-02-12,97.45716112886183,0.10726013447358462,SNDK
Top1 current-member baseline,2026-02-13,92.88898104975767,-0.04687372406696633,SNDK
Top1 current-member baseline,2026-02-17,93.11339278354777,0.002415913397412428,SNDK
Top1 current-member baseline,2026-02-18,88.62356087120631,-0.04821897020526966,SNDK
Top1 current-member baseline,2026-02-19,90.88141258609464,0.025476878752023868,SNDK
Top1 current-member baseline,2026-02-20,93.7219770501069,0.03125572527078968,SNDK
Top1 current-member baseline,2026-02-23,100.35402818088903,0.07076303060952727,SNDK
Top1 current-member baseline,2026-02-24,103.83969048165254,0.034733656076869845,SNDK
Top1 current-member baseline,2026-02-25,98.027708878761,-0.05597071385645602,SNDK
Top1 current-member baseline,2026-02-26,98.24679958617266,0.002234987534826649,SNDK
Top1 current-member baseline,2026-02-27,95.40775806862823,-0.02889703816819289,SNDK
Top1 current-member baseline,2026-03-02,94.124406367972,-0.013451230032395123,SNDK
Top1 current-member baseline,2026-03-03,88.49424042906608,-0.05981621724014097,SNDK
Top1 current-member baseline,2026-03-04,89.28540183284476,0.008940258709976057,SNDK
Top1 current-member baseline,2026-03-05,90.43334130548942,0.012856967086218418,SNDK
Top1 current-member baseline,2026-03-06,83.41408103526155,-0.07761805733259786,SNDK
Top1 current-member baseline,2026-03-09,78.6595164527683,-0.05699954400364793,SNDK
Top1 current-member baseline,2026-03-10,91.17048454095487,0.15905218659332698,SNDK
Top1 current-member baseline,2026-03-11,95.23583227042455,0.044590612301105725,SNDK
Top1 current-member baseline,2026-03-12,98.43850511594022,0.03362886393874942,SNDK
Top1 current-member baseline,2026-03-13,95.96613153304372,-0.025115919629057237,SNDK
Top1 current-member baseline,2026-03-16,104.60346670778712,0.0900039945005946,SNDK
Top1 current-member baseline,2026-03-17,108.9365837140853,0.041424219891324165,SNDK
Top1 current-member baseline,2026-03-18,111.06891306674403,0.01957404280508035,SNDK
Top1 current-member baseline,2026-03-19,107.5900947388268,-0.03132126021460857,SNDK
Top1 current-member baseline,2026-03-20,117.56326754981285,0.09269601291081453,SNDK
Top1 current-member baseline,2026-03-23,108.9365837140853,-0.07337907507608465,SNDK
Top1 current-member baseline,2026-03-24,105.54220533880208,-0.031159214467309737,SNDK
Top1 current-member baseline,2026-03-25,99.04708938249935,-0.06154046085594567,SNDK
Top1 current-member baseline,2026-03-26,99.50352758241871,0.004608294930875667,SNDK
Top1 current-member baseline,2026-03-27,91.24960346721043,-0.08295107033639149,SNDK
Top1 current-member baseline,2026-03-30,97.69603156783735,0.07064609440131298,SNDK
Top1 current-member baseline,2026-03-31,89.46341013066079,-0.08426771594565807,SNDK
Top1 current-member baseline,2026-04-01,99.24335446541144,0.10931781295243614,SNDK
Top1 current-member baseline,2026-04-02,97.6914720146928,-0.015637142245725877,SNDK
Top1 current-member baseline,2026-04-06,109.5969017292559,0.12186764585523413,SNDK
Top1 current-member baseline,2026-04-07,108.89094175134515,-0.0064414227662632495,SNDK
Top1 current-member baseline,2026-04-08,119.2825162455906,0.0954310278441235,SNDK
Top1 current-member baseline,2026-04-09,124.31551073018716,0.04219389934929052,SNDK
Top1 current-member baseline,2026-04-10,132.96805679709095,0.06960150037659552,SNDK
Top1 current-member baseline,2026-04-13,131.92357553541027,-0.007855129170418418,SNDK
Top1 current-member baseline,2026-04-14,146.67185413368736,0.11179410911523124,SNDK
Top1 current-member baseline,2026-04-15,141.47530077020124,-0.03542979254049383,SNDK
Top1 current-member baseline,2026-04-16,136.41720552766236,-0.03575249683161852,SNDK
Top1 current-member baseline,2026-04-17,140.1021880905326,0.027012593819208508,SNDK
Top1 current-member baseline,2026-04-20,141.64341920223535,0.011000764033084476,SNDK
Top1 current-member baseline,2026-04-21,141.16872421721996,-0.0033513380832584927,SNDK
Top1 current-member baseline,2026-04-22,140.28019638834863,-0.006294084145041512,SNDK
Top1 current-member baseline,2026-04-23,144.31738818068135,0.028779484890057105,SNDK
Top1 current-member baseline,2026-04-24,145.2325490002218,0.006341306692681403,SNDK
Top1 current-member baseline,2026-04-27,155.13497909052535,0.06818326992448798,SNDK
Top1 current-member baseline,2026-04-28,156.34529436453838,0.007801691669464095,SNDK
Top1 current-member baseline,2026-04-29,162.8875752300491,0.0418450768991907,SNDK
Top1 current-member baseline,2026-04-30,169.2518570840027,0.03907162252839247,SNDK
Top1 current-member baseline,2026-05-01,161.12573046446684,-0.04801203815153843,SNDK
Top1 current-member baseline,2026-05-04,185.949887897719,0.1540669970072015,SNDK
Top1 current-member baseline,2026-05-05,196.11780284514933,0.054680941528844285,SNDK
Top1 current-member baseline,2026-05-06,218.69475990252903,0.1151193656559879,SNDK
Top1 current-member baseline,2026-05-07,209.8733339303572,-0.040336704803093926,SNDK
Top1 current-member baseline,2026-05-08,212.14791019761483,0.010837852645026347,SNDK
Top1 current-member baseline,2026-05-11,241.34169820735727,0.13761053777314403,SNDK
Top1 current-member baseline,2026-05-12,227.00193142655763,-0.059416863672182796,SNDK
Top1 current-member baseline,2026-05-13,230.11864137297147,0.01372988294340649,SNDK
Top1 current-member baseline,2026-05-14,212.1524790370183,-0.07807347648482754,SNDK
Top1 current-member baseline,2026-05-15,200.9849540311546,-0.052639144527343085,SNDK
Top1 PIT S&P membership,2020-01-03,0.9683080731113595,-0.03169192688864053,TGT
Top1 PIT S&P membership,2020-01-06,0.962948531802514,-0.005534954688154348,TGT
Top1 PIT S&P membership,2020-01-07,0.9554138654777878,-0.007824578444106778,TGT
Top1 PIT S&P membership,2020-01-08,0.9635699396480485,0.008536692280660896,TGT
Top1 PIT S&P membership,2020-01-09,0.9592978943938859,-0.004433560116791302,TGT
Top1 PIT S&P membership,2020-01-10,0.9686965348092308,0.009797415870784532,TGT
Top1 PIT S&P membership,2020-01-13,0.9677643691512209,-0.0009622886265341357,TGT
Top1 PIT S&P membership,2020-01-14,0.9600744608033979,-0.00794605442497065,TGT
Top1 PIT S&P membership,2020-01-15,0.9126144302349719,-0.049433697599570614,TGT
Top1 PIT S&P membership,2020-01-16,0.9098960502754281,-0.0029786729964854652,TGT
Top1 PIT S&P membership,2020-01-17,0.9048469779860586,-0.005549064959498473,TGT
Top1 PIT S&P membership,2020-01-21,0.9061675922244103,0.0014594890301684593,TGT
Top1 PIT S&P membership,2020-01-22,0.8865931724351113,-0.021601324034606906,TGT
Top1 PIT S&P membership,2020-01-23,0.881854707926923,-0.0053445759064144616,TGT
Top1 PIT S&P membership,2020-01-24,0.9010406907022445,0.021756398874848815,TGT
Top1 PIT S&P membership,2020-01-27,0.8773496315010706,-0.02629299591643275,TGT
Top1 PIT S&P membership,2020-01-28,0.9022058903112495,0.02833107568262383,TGT
Top1 PIT S&P membership,2020-01-29,0.8993319061308112,-0.0031855081099579907,TGT
Top1 PIT S&P membership,2020-01-30,0.8837190202682572,-0.01736053814628369,TGT
Top1 PIT S&P membership,2020-01-31,0.8809228295918876,-0.0031641173407366274,TGT
Top1 PIT S&P membership,2020-02-03,0.8632902600450687,-0.02001602064846897,TGT
Top1 PIT S&P membership,2020-02-04,0.8827091675468469,0.022494065322553825,TGT
Top1 PIT S&P membership,2020-02-05,0.8855831781522726,0.003255897538045227,TGT
Top1 PIT S&P membership,2020-02-06,0.9009632101832544,0.01736712305564736,TGT
Top1 PIT S&P membership,2020-02-07,0.8934284042864946,-0.008363056128814939,TGT
Top1 PIT S&P membership,2020-02-10,0.8979338130868953,0.005042831388373914,TGT
Top1 PIT S&P membership,2020-02-11,0.9093520756289517,0.012716151653542118,TGT
Top1 PIT S&P membership,2020-02-12,0.9061674793490097,-0.003502049827883713,TGT
Top1 PIT S&P membership,2020-02-13,0.9153329728590195,0.01011456901608776,TGT
Top1 PIT S&P membership,2020-02-14,0.9189063240258866,0.0039038811807530216,TGT
Top1 PIT S&P membership,2020-02-18,0.9135898448075614,-0.005785659625273554,TGT
Top1 PIT S&P membership,2020-02-19,0.9193709167968213,0.006327863671117706,TGT
Top1 PIT S&P membership,2020-02-20,0.9137461757356959,-0.006118032404943241,TGT
Top1 PIT S&P membership,2020-02-21,0.920464250498393,0.00735223297354759,TGT
Top1 PIT S&P membership,2020-02-24,0.8942947682411039,-0.02843074268568213,TGT
Top1 PIT S&P membership,2020-02-25,0.8920294566083146,-0.002533070429613149,TGT
Top1 PIT S&P membership,2020-02-26,0.8763277010310483,-0.01760228371489847,TGT
Top1 PIT S&P membership,2020-02-27,0.8466427035303479,-0.03387431147705855,TGT
Top1 PIT S&P membership,2020-02-28,0.798444003474827,-0.05692920975346616,TGT
Top1 PIT S&P membership,2020-03-02,0.8075838374455534,0.011447056939434486,TGT
Top1 PIT S&P membership,2020-03-03,0.8104653984918736,0.0035681261965752054,GE
Top1 PIT S&P membership,2020-03-04,0.7967776452192207,-0.016888757124145393,GE
Top1 PIT S&P membership,2020-03-05,0.763638502966657,-0.041591455848947634,GE
Top1 PIT S&P membership,2020-03-06,0.7023798057539682,-0.08021949780518545,GE
Top1 PIT S&P membership,2020-03-09,0.6007004759311961,-0.14476402793731313,GE
Top1 PIT S&P membership,2020-03-10,0.6331513171423292,0.05402166722246782,GE
Top1 PIT S&P membership,2020-03-11,0.6216131778354722,-0.018223351976796587,GE
Top1 PIT S&P membership,2020-03-12,0.5213762742935418,-0.16125286129062877,GE
Top1 PIT S&P membership,2020-03-13,0.5624807165088817,0.07883834428606451,GE
Top1 PIT S&P membership,2020-03-16,0.5040692719556312,-0.10384612812291516,GE
Top1 PIT S&P membership,2020-03-17,0.49830023552720426,-0.011444927809316607,GE
Top1 PIT S&P membership,2020-03-18,0.46945494250002284,-0.057887375864197455,GE
Top1 PIT S&P membership,2020-03-19,0.4615225733278781,-0.01689697658715006,GE
Top1 PIT S&P membership,2020-03-20,0.5055115463041353,0.09531272253720569,GE
Top1 PIT S&P membership,2020-03-23,0.4651282526117333,-0.07988599664567475,GE
Top1 PIT S&P membership,2020-03-24,0.48027207554880486,0.0325583811605461,GE
Top1 PIT S&P membership,2020-03-25,0.537241447496973,0.11861895548074397,GE
Top1 PIT S&P membership,2020-03-26,0.5502214992173764,0.024160555334808764,GE
Top1 PIT S&P membership,2020-03-27,0.5538270276802225,0.00655286728703719,GE
Top1 PIT S&P membership,2020-03-30,0.5437314306016401,-0.018228790893194846,GE
Top1 PIT S&P membership,2020-03-31,0.5675285908295892,0.043766387022389885,GE
Top1 PIT S&P membership,2020-04-01,0.5422891340774032,-0.04447257311793218,GE
Top1 PIT S&P membership,2020-04-02,0.5536582159071519,0.02096498180641393,REGN
Top1 PIT S&P membership,2020-04-03,0.5550807415872461,0.0025693209984491983,REGN
Top1 PIT S&P membership,2020-04-06,0.563839985934792,0.015780126549696183,REGN
Top1 PIT S&P membership,2020-04-07,0.5632015547525636,-0.0011322914269195072,REGN
Top1 PIT S&P membership,2020-04-08,0.5625294542394692,-0.0011933569916895426,REGN
Top1 PIT S&P membership,2020-04-09,0.5713671070438814,0.015710560109888805,REGN
Top1 PIT S&P membership,2020-04-13,0.5735065085585995,0.0037443554036333815,REGN
Top1 PIT S&P membership,2020-04-14,0.5876310374716799,0.024628367250059124,REGN
Top1 PIT S&P membership,2020-04-15,0.5883927545513646,0.0012962505911227051,REGN
Top1 PIT S&P membership,2020-04-16,0.5812464117368773,-0.01214553163547405,REGN
Top1 PIT S&P membership,2020-04-17,0.6160482398992144,0.05987448259395278,REGN
Top1 PIT S&P membership,2020-04-20,0.6347764860575182,0.030400616291619942,REGN
Top1 PIT S&P membership,2020-04-21,0.6340483931965057,-0.001147006666132988,REGN
Top1 PIT S&P membership,2020-04-22,0.622220013809355,-0.018655325861672623,REGN
Top1 PIT S&P membership,2020-04-23,0.626061974555825,0.0061746016862247455,REGN
Top1 PIT S&P membership,2020-04-24,0.642538778635575,0.02631816776835838,REGN
Top1 PIT S&P membership,2020-04-27,0.6307888677718398,-0.018286695300610445,REGN
Top1 PIT S&P membership,2020-04-28,0.6020356434390141,-0.04558296095869907,REGN
Top1 PIT S&P membership,2020-04-29,0.5966143669259762,-0.009004909546667106,REGN
Top1 PIT S&P membership,2020-04-30,0.5757243743852947,-0.035014229791877294,REGN
Top1 PIT S&P membership,2020-05-01,0.5871941487496745,0.019922335886206177,REGN
Top1 PIT S&P membership,2020-05-04,0.5916187430053471,0.007535147046499047,REGN
Top1 PIT S&P membership,2020-05-05,0.6306880257534188,0.06603793948380465,REGN
Top1 PIT S&P membership,2020-05-06,0.6263643896028149,-0.006855427682234461,REGN
Top1 PIT S&P membership,2020-05-07,0.6321777490403713,0.00928111421091904,REGN
Top1 PIT S&P membership,2020-05-08,0.6295007090139874,-0.004234631842780945,REGN
Top1 PIT S&P membership,2020-05-11,0.6331186690759267,0.005747348668766916,REGN
Top1 PIT S&P membership,2020-05-12,0.6462798859330494,0.020787914651659634,REGN
Top1 PIT S&P membership,2020-05-13,0.6279886184409864,-0.02830239326674311,REGN
Top1 PIT S&P membership,2020-05-14,0.6465038829781944,0.02948343965719169,REGN
Top1 PIT S&P membership,2020-05-15,0.6348548201307352,-0.018018550474587114,REGN
Top1 PIT S&P membership,2020-05-18,0.651902939383183,0.026853571418008704,REGN
Top1 PIT S&P membership,2020-05-19,0.6283806234331045,-0.036082543165605,REGN
Top1 PIT S&P membership,2020-05-20,0.6295791336754526,0.0019072998078777381,REGN
Top1 PIT S&P membership,2020-05-21,0.6468735906182235,0.027469869977752692,REGN
Top1 PIT S&P membership,2020-05-22,0.6251547332542337,-0.033575118352308864,REGN
Top1 PIT S&P membership,2020-05-26,0.6144241088669758,-0.017164749487538322,REGN
Top1 PIT S&P membership,2020-05-27,0.6034022875208994,-0.017938458447539052,REGN
Top1 PIT S&P membership,2020-05-28,0.6132591595240963,0.01633548994932421,REGN
Top1 PIT S&P membership,2020-05-29,0.6504467616619524,0.060639293454197274,REGN
Top1 PIT S&P membership,2020-06-01,0.6776653293656326,0.04184595774469568,REGN
Top1 PIT S&P membership,2020-06-02,0.7000817721855613,0.03307892826819536,NEM
Top1 PIT S&P membership,2020-06-03,0.656792599493916,-0.06183445193338255,NEM
Top1 PIT S&P membership,2020-06-04,0.6580627155733015,0.0019338160636466206,NEM
Top1 PIT S&P membership,2020-06-05,0.6229658842985861,-0.05333356600235162,NEM
Top1 PIT S&P membership,2020-06-08,0.6279302142667518,0.007968863292979744,NEM
Top1 PIT S&P membership,2020-06-09,0.659332570452008,0.050009309110767175,NEM
Top1 PIT S&P membership,2020-06-10,0.6724937439141714,0.01996135797317078,NEM
Top1 PIT S&P membership,2020-06-11,0.6828843564472903,0.015450868691568198,NEM
Top1 PIT S&P membership,2020-06-12,0.6566771779769206,-0.03837718381295574,NEM
Top1 PIT S&P membership,2020-06-15,0.6244667799534594,-0.049050582392240916,NEM
Top1 PIT S&P membership,2020-06-16,0.6569081461778573,0.05195050764240117,NEM
Top1 PIT S&P membership,2020-06-17,0.6496348356504793,-0.011072035823725068,NEM
Top1 PIT S&P membership,2020-06-18,0.642130571610975,-0.01155151113777686,NEM
Top1 PIT S&P membership,2020-06-19,0.6524055900690268,0.016001447232568022,NEM
Top1 PIT S&P membership,2020-06-22,0.6735328546987551,0.03238363519768894,NEM
Top1 PIT S&P membership,2020-06-23,0.6877331873965798,0.021083355620678645,NEM
Top1 PIT S&P membership,2020-06-24,0.6780353055153007,-0.014101227131397498,NEM
Top1 PIT S&P membership,2020-06-25,0.6750335822650747,-0.004427089896070657,NEM
Top1 PIT S&P membership,2020-06-26,0.6741100582157068,-0.0013681157110273512,NEM
Top1 PIT S&P membership,2020-06-29,0.6866940276343058,0.01866752953057449,NEM
Top1 PIT S&P membership,2020-06-30,0.6877331324497997,0.001513199145001698,NEM
Top1 PIT S&P membership,2020-07-01,0.713132034105034,0.03693133347343602,NEM
Top1 PIT S&P membership,2020-07-02,0.7013790434797497,-0.016480805886155525,DXCM
Top1 PIT S&P membership,2020-07-06,0.7187818840601895,0.02481231901954062,DXCM
Top1 PIT S&P membership,2020-07-07,0.7452871512918123,0.036875257737301714,DXCM
Top1 PIT S&P membership,2020-07-08,0.7485305905717976,0.004351932371789102,DXCM
Top1 PIT S&P membership,2020-07-09,0.7599348059745022,0.015235470061407907,DXCM
Top1 PIT S&P membership,2020-07-10,0.7660903108220828,0.008100043318435723,DXCM
Top1 PIT S&P membership,2020-07-13,0.7697522377966622,0.004780019956981185,DXCM
Top1 PIT S&P membership,2020-07-14,0.6915093006957657,-0.10164691086168076,DXCM
Top1 PIT S&P membership,2020-07-15,0.7236644178825439,0.046499905575275946,DXCM
Top1 PIT S&P membership,2020-07-16,0.7204035770923688,-0.00450601233057224,DXCM
Top1 PIT S&P membership,2020-07-17,0.7265590819399494,0.008544522880390204,DXCM
Top1 PIT S&P membership,2020-07-20,0.7511462450942649,0.033840555799903305,DXCM
Top1 PIT S&P membership,2020-07-21,0.7539536887382118,0.0037375460002393446,DXCM
Top1 PIT S&P membership,2020-07-22,0.7512508670179133,-0.003584864376513286,DXCM
Top1 PIT S&P membership,2020-07-23,0.7450430512085084,-0.008263306016599747,DXCM
Top1 PIT S&P membership,2020-07-24,0.7331853854439481,-0.01591541018378262,DXCM
Top1 PIT S&P membership,2020-07-27,0.7466124332788632,0.018313305340619923,DXCM
Top1 PIT S&P membership,2020-07-28,0.737911039596457,-0.011654498766103694,DXCM
Top1 PIT S&P membership,2020-07-29,0.7495244988464583,0.01573829178155739,DXCM
Top1 PIT S&P membership,2020-07-30,0.7382249053674024,-0.015075682644725252,DXCM
Top1 PIT S&P membership,2020-07-31,0.7581561800568505,0.026998919359850992,DXCM
Top1 PIT S&P membership,2020-08-03,0.7683397886117801,0.01343207220729381,DXCM
Top1 PIT S&P membership,2020-08-04,0.792085522139174,0.030905250358434833,REGN
Top1 PIT S&P membership,2020-08-05,0.7926785734539998,0.0007487213163852591,REGN
Top1 PIT S&P membership,2020-08-06,0.7611263461281809,-0.03980456692343026,REGN
Top1 PIT S&P membership,2020-08-07,0.7515892698086293,-0.012530214422436292,REGN
Top1 PIT S&P membership,2020-08-10,0.7540097704816422,0.003220509885178746,REGN
Top1 PIT S&P membership,2020-08-11,0.7275165907482622,-0.03513638784343176,REGN
Top1 PIT S&P membership,2020-08-12,0.7260521246160571,-0.002012965959579005,REGN
Top1 PIT S&P membership,2020-08-13,0.7400793636453771,0.019319878771428156,REGN
Top1 PIT S&P membership,2020-08-14,0.7383850560143397,-0.0022893593772048693,REGN
Top1 PIT S&P membership,2020-08-17,0.7440128630222183,0.007621778043906291,REGN
Top1 PIT S&P membership,2020-08-18,0.7540219539963589,0.01345284667993929,REGN
Top1 PIT S&P membership,2020-08-19,0.7612473981044766,0.009582538107574257,REGN
Top1 PIT S&P membership,2020-08-20,0.7382881349481323,-0.030160054685918758,REGN
Top1 PIT S&P membership,2020-08-21,0.7469659319125813,0.011753943418119084,REGN
Top1 PIT S&P membership,2020-08-24,0.7411565169032044,-0.007777349355816199,REGN
Top1 PIT S&P membership,2020-08-25,0.7219492728378519,-0.02591523332427359,REGN
Top1 PIT S&P membership,2020-08-26,0.7328298229085707,0.015071072830296295,REGN
Top1 PIT S&P membership,2020-08-27,0.7439281886392051,0.015144533401473037,REGN
Top1 PIT S&P membership,2020-08-28,0.7394863845597205,-0.005970743073480667,REGN
Top1 PIT S&P membership,2020-08-31,0.7289932162473897,-0.014189805967256941,REGN
Top1 PIT S&P membership,2020-09-01,0.7450899713823732,0.022080802367193675,REGN
Top1 PIT S&P membership,2020-09-02,0.7669508482675391,0.029339915613958878,PYPL
Top1 PIT S&P membership,2020-09-03,0.7454524001103635,-0.028031063797293254,PYPL
Top1 PIT S&P membership,2020-09-04,0.7284006851495506,-0.022874317606715655,PYPL
Top1 PIT S&P membership,2020-09-08,0.6693813822548013,-0.08102587504105907,PYPL
Top1 PIT S&P membership,2020-09-09,0.6922135515658886,0.03410935815719518,PYPL
Top1 PIT S&P membership,2020-09-10,0.7106604956417625,0.026649209675459584,PYPL
Top1 PIT S&P membership,2020-09-11,0.6938879132061875,-0.02360139973789943,PYPL
Top1 PIT S&P membership,2020-09-14,0.6740927949550537,-0.028527832628858163,PYPL
Top1 PIT S&P membership,2020-09-15,0.6887706552600895,0.02177424297498165,PYPL
Top1 PIT S&P membership,2020-09-16,0.6780612755010995,-0.0155485424316546,PYPL
Top1 PIT S&P membership,2020-09-17,0.6401344287152062,-0.055934246883314054,PYPL
Top1 PIT S&P membership,2020-09-18,0.6403881237808599,0.0003963152960899663,PYPL
Top1 PIT S&P membership,2020-09-21,0.6336472169593909,-0.010526283313423423,PYPL
Top1 PIT S&P membership,2020-09-22,0.6769558408853716,0.0683481640364505,PYPL
Top1 PIT S&P membership,2020-09-23,0.6827544895529285,0.008565770937101203,PYPL
Top1 PIT S&P membership,2020-09-24,0.6529639418956348,-0.043632884313658304,PYPL
Top1 PIT S&P membership,2020-09-25,0.6610457650395739,0.012377135436417275,PYPL
Top1 PIT S&P membership,2020-09-28,0.6922135414837128,0.04714919615629487,PYPL
Top1 PIT S&P membership,2020-09-29,0.6981571711272783,0.008586410532833044,PYPL
Top1 PIT S&P membership,2020-09-30,0.7033034507473741,0.007371233631800145,PYPL
Top1 PIT S&P membership,2020-10-01,0.722149023523804,0.02679579171181845,PYPL
Top1 PIT S&P membership,2020-10-02,0.6798058341051162,-0.05863497427728914,APA
Top1 PIT S&P membership,2020-10-05,0.7675724945859252,0.1291054828859235,APA
Top1 PIT S&P membership,2020-10-06,0.7721917918405874,0.006018059906060191,APA
Top1 PIT S&P membership,2020-10-07,0.7452458955101576,-0.0348953415655997,APA
Top1 PIT S&P membership,2020-10-08,0.749095076230024,0.0051649807708520346,APA
Top1 PIT S&P membership,2020-10-09,0.7906689453468837,0.05549878838623368,APA
Top1 PIT S&P membership,2020-10-12,0.7360069172371052,-0.06913390039088618,APA
Top1 PIT S&P membership,2020-10-13,0.7113710515447471,-0.033472329016741575,APA
Top1 PIT S&P membership,2020-10-14,0.7144503055424247,0.004328618645629501,APA
Top1 PIT S&P membership,2020-10-15,0.7005926879613373,-0.01939619519172353,APA
Top1 PIT S&P membership,2020-10-16,0.7421664814336953,0.0593408897733918,APA
Top1 PIT S&P membership,2020-10-19,0.7275385438523921,-0.019709779338249467,APA
Top1 PIT S&P membership,2020-10-20,0.709831147726439,-0.02433877390494077,APA
Top1 PIT S&P membership,2020-10-21,0.7263486663709139,0.023269644756192864,APA
Top1 PIT S&P membership,2020-10-22,0.7024199181675431,-0.03294388674646709,APA
Top1 PIT S&P membership,2020-10-23,0.7363832055872336,0.048351828502091854,APA
Top1 PIT S&P membership,2020-10-26,0.7001043123085133,-0.04926632357101279,APA
Top1 PIT S&P membership,2020-10-27,0.6607379657595734,-0.056229258778786706,APA
Top1 PIT S&P membership,2020-10-28,0.6144244933759091,-0.07009355415262553,APA
Top1 PIT S&P membership,2020-10-29,0.5920396164182677,-0.03643226661529941,APA
Top1 PIT S&P membership,2020-10-30,0.633721577564594,0.07040400674281666,APA
Top1 PIT S&P membership,2020-11-02,0.6491594803833806,0.024360702499849785,APA
Top1 PIT S&P membership,2020-11-03,0.6720172550466295,0.03521133920704589,FDX
Top1 PIT S&P membership,2020-11-04,0.6837797022110758,0.017503192181620664,FDX
Top1 PIT S&P membership,2020-11-05,0.6746118570699353,-0.013407600593429714,FDX
Top1 PIT S&P membership,2020-11-06,0.6882524449609301,0.020219905339702082,FDX
Top1 PIT S&P membership,2020-11-09,0.6776759969580833,-0.015367105602432152,FDX
Top1 PIT S&P membership,2020-11-10,0.6533107777318613,-0.035954083272229376,FDX
Top1 PIT S&P membership,2020-11-11,0.6700897858591894,0.025683041975185006,FDX
Top1 PIT S&P membership,2020-11-12,0.6652959674297599,-0.007153994181963053,FDX
Top1 PIT S&P membership,2020-11-13,0.6622314475050403,-0.004606250563277681,FDX
Top1 PIT S&P membership,2020-11-16,0.6758968605840208,0.02063540342347836,FDX
Top1 PIT S&P membership,2020-11-17,0.6965303881503891,0.0305276274675097,FDX
Top1 PIT S&P membership,2020-11-18,0.7059950340278122,0.013588274163538028,FDX
Top1 PIT S&P membership,2020-11-19,0.7012255559397202,-0.006755682204846791,FDX
Top1 PIT S&P membership,2020-11-20,0.6943065577362252,-0.009867008047393266,FDX
Top1 PIT S&P membership,2020-11-23,0.6924285859834558,-0.002704816383835462,FDX
Top1 PIT S&P membership,2020-11-24,0.7156075778438079,0.033474920489354076,FDX
Top1 PIT S&P membership,2020-11-25,0.7210933258382863,0.0076658606816426555,FDX
Top1 PIT S&P membership,2020-11-27,0.7185978834086517,-0.003460637257644339,FDX
Top1 PIT S&P membership,2020-11-30,0.7116537404646167,-0.009663461449532229,FDX
Top1 PIT S&P membership,2020-12-01,0.7254178401649843,0.019341006612824785,FDX
Top1 PIT S&P membership,2020-12-02,0.709750870684856,-0.021597165954128084,FDX
Top1 PIT S&P membership,2020-12-03,0.7208708778275849,0.015667479395973016,FDX
Top1 PIT S&P membership,2020-12-04,0.7273945831550486,0.009049755688735228,FDX
Top1 PIT S&P membership,2020-12-07,0.7336711758870277,0.008628869223571423,FDX
Top1 PIT S&P membership,2020-12-08,0.7363895015624897,0.0037051008200990054,FDX
Top1 PIT S&P membership,2020-12-09,0.749980629487016,0.018456439011811376,FDX
Top1 PIT S&P membership,2020-12-10,0.7197343978277713,-0.04032935047926911,FDX
Top1 PIT S&P membership,2020-12-11,0.7176805813380922,-0.002853575563260158,FDX
Top1 PIT S&P membership,2020-12-14,0.7330852827460916,0.021464564889407844,FDX
Top1 PIT S&P membership,2020-12-15,0.7083434715574788,-0.03375024948793348,FDX
Top1 PIT S&P membership,2020-12-16,0.7117367342237949,0.0047904199058335095,FDX
Top1 PIT S&P membership,2020-12-17,0.7167643963791274,0.007063935179368652,FDX
Top1 PIT S&P membership,2020-12-18,0.7021272588348079,-0.02042112808373553,FDX
Top1 PIT S&P membership,2020-12-21,0.672803886161882,-0.04176361521925309,FDX
Top1 PIT S&P membership,2020-12-22,0.6748844358315692,0.003092356795909801,FDX
Top1 PIT S&P membership,2020-12-23,0.6777078109990591,0.004183494265964205,FDX
Top1 PIT S&P membership,2020-12-24,0.6720609379455151,-0.008332312188079172,FDX
Top1 PIT S&P membership,2020-12-28,0.6682965440671748,-0.005601268673415372,FDX
Top1 PIT S&P membership,2020-12-29,0.6537091639142465,-0.021827705503534633,FDX
Top1 PIT S&P membership,2020-12-30,0.649374948183331,-0.006630189647278795,FDX
Top1 PIT S&P membership,2020-12-31,0.6429356036199763,-0.00991621956062394,FDX
Top1 PIT S&P membership,2021-01-04,0.6449170778655673,0.0030819171227018938,FDX
Top1 PIT S&P membership,2021-01-05,0.6486819012546756,0.005837685988357544,TSLA
Top1 PIT S&P membership,2021-01-06,0.6799031815439505,0.04813033973799308,TSLA
Top1 PIT S&P membership,2021-01-07,0.6970600664554552,0.025234305967717585,TSLA
Top1 PIT S&P membership,2021-01-08,0.7673102347238053,0.10078065241288559,TSLA
Top1 PIT S&P membership,2021-01-11,0.761394025064496,-0.007710322880599696,TSLA
Top1 PIT S&P membership,2021-01-12,0.7449004466389307,-0.021662342864022577,TSLA
Top1 PIT S&P membership,2021-01-13,0.7644058837757827,0.026185293920633956,TSLA
Top1 PIT S&P membership,2021-01-14,0.7560067371870463,-0.01098780996719817,TSLA
Top1 PIT S&P membership,2021-01-15,0.7637246456514669,0.010208782653363002,TSLA
Top1 PIT S&P membership,2021-01-19,0.7509958906150098,-0.016666680994168126,TSLA
Top1 PIT S&P membership,2021-01-20,0.769766335745914,0.024994071692632902,TSLA
Top1 PIT S&P membership,2021-01-21,0.766413816938972,-0.004355242170591023,TSLA
Top1 PIT S&P membership,2021-01-22,0.7478674967710248,-0.024198833264802655,TSLA
Top1 PIT S&P membership,2021-01-25,0.766413816938972,0.02479893864624727,TSLA
Top1 PIT S&P membership,2021-01-26,0.7990245324846894,0.04254974900630493,TSLA
Top1 PIT S&P membership,2021-01-27,0.7801734154978398,-0.023592663579714013,TSLA
Top1 PIT S&P membership,2021-01-28,0.7350401792737434,-0.05785026165662954,TSLA
Top1 PIT S&P membership,2021-01-29,0.7440040288540974,0.012195047064244458,TSLA
Top1 PIT S&P membership,2021-02-01,0.7299217428714483,-0.018927701244223716,TSLA
Top1 PIT S&P membership,2021-02-02,0.7310551081843175,0.001552721677272828,TPR
Top1 PIT S&P membership,2021-02-03,0.7729913930031264,0.05736405415860335,TPR
Top1 PIT S&P membership,2021-02-04,0.8205951188609094,0.06158377219808253,TPR
Top1 PIT S&P membership,2021-02-05,0.8328360487963682,0.01491713715340004,TPR
Top1 PIT S&P membership,2021-02-08,0.8523306140680742,0.023407446519492003,TPR
Top1 PIT S&P membership,2021-02-09,0.8747723367483768,0.026329832942631137,TPR
Top1 PIT S&P membership,2021-02-10,0.8777195938798676,0.0033691704774823084,TPR
Top1 PIT S&P membership,2021-02-11,0.8845197379177009,0.007747513084188862,TPR
Top1 PIT S&P membership,2021-02-12,0.8781729761891678,-0.007175376033410341,TPR
Top1 PIT S&P membership,2021-02-16,0.8734124147367421,-0.005420983771425192,TPR
Top1 PIT S&P membership,2021-02-17,0.8817995975237145,0.009602774869533315,TPR
Top1 PIT S&P membership,2021-02-18,0.8691056393012798,-0.014395513740403265,TPR
Top1 PIT S&P membership,2021-02-19,0.8727324478152834,0.004173035302036832,TPR
Top1 PIT S&P membership,2021-02-22,0.9051481474628487,0.03714276893074353,TPR
Top1 PIT S&P membership,2021-02-23,0.9171625106676008,0.013273366617861049,TPR
Top1 PIT S&P membership,2021-02-24,0.9237361503126313,0.007167366272140319,TPR
Top1 PIT S&P membership,2021-02-25,0.9398307930593258,0.01742341981662987,TPR
Top1 PIT S&P membership,2021-02-26,0.9634059398863796,0.02508445882083965,TPR
Top1 PIT S&P membership,2021-03-01,0.9779135806819128,0.015058699759775473,TPR
Top1 PIT S&P membership,2021-03-02,0.940737618293314,-0.038015590664642884,TPR
Top1 PIT S&P membership,2021-03-03,0.9584187646302154,0.018794981717621173,TPR
Top1 PIT S&P membership,2021-03-04,0.9294033433793557,-0.030274262484890513,TPR
Top1 PIT S&P membership,2021-03-05,0.940737736022424,0.012195343091682798,TPR
Top1 PIT S&P membership,2021-03-08,0.9593254972046593,0.01975870688554182,TPR
Top1 PIT S&P membership,2021-03-09,0.9951417287252663,0.03733480619974183,TPR
Top1 PIT S&P membership,2021-03-10,0.9883408983888434,-0.0068340319173776365,TPR
Top1 PIT S&P membership,2021-03-11,0.9767801221396528,-0.011697154562799739,TPR
Top1 PIT S&P membership,2021-03-12,0.9926485473125034,0.01624564711461418,TPR
Top1 PIT S&P membership,2021-03-15,1.0069290221310465,0.014386234541123422,TPR
Top1 PIT S&P membership,2021-03-16,1.044558746512174,0.037370781409685305,TPR
Top1 PIT S&P membership,2021-03-17,1.0277841036286832,-0.016059070817703525,TPR
Top1 PIT S&P membership,2021-03-18,1.0234772251505753,-0.004190450565349502,TPR
Top1 PIT S&P membership,2021-03-19,1.0123693364643693,-0.010853088288868995,TPR
Top1 PIT S&P membership,2021-03-22,1.0187165936317628,0.006269705075778731,TPR
Top1 PIT S&P membership,2021-03-23,0.9747400424452844,-0.043168582372552056,TPR
Top1 PIT S&P membership,2021-03-24,0.9400576198125805,-0.03558120229235451,TPR
Top1 PIT S&P membership,2021-03-25,0.8969874532028522,-0.04581651773464179,TPR
Top1 PIT S&P membership,2021-03-26,0.9629523810821267,0.07354052461239569,TPR
Top1 PIT S&P membership,2021-03-29,0.9407375225785555,-0.023069529646530418,TPR
Top1 PIT S&P membership,2021-03-30,0.8954007400833434,-0.048192807671734283,TPR
Top1 PIT S&P membership,2021-03-31,0.9262296080865221,0.03443024628314384,TPR
Top1 PIT S&P membership,2021-04-01,0.9436843066278221,0.01884489373791376,TPR
Top1 PIT S&P membership,2021-04-05,0.9500177437543151,0.006711393929104359,OXY
Top1 PIT S&P membership,2021-04-06,0.9014612872930885,-0.05111110479825298,OXY
Top1 PIT S&P membership,2021-04-07,0.8968871015821174,-0.0050741898464731205,OXY
Top1 PIT S&P membership,2021-04-08,0.8768313134401017,-0.022361552648752614,OXY
Top1 PIT S&P membership,2021-04-09,0.8708498443421412,-0.006821687371648677,OXY
Top1 PIT S&P membership,2021-04-12,0.8719053143416718,0.0012119999864361741,OXY
Top1 PIT S&P membership,2021-04-13,0.8504419267152677,-0.024616649621650666,OXY
Top1 PIT S&P membership,2021-04-14,0.8796461193371832,0.03434001982323842,OXY
Top1 PIT S&P membership,2021-04-15,0.8916093807933695,0.013600084389846057,OXY
Top1 PIT S&P membership,2021-04-16,0.8796461322218189,-0.013417589394254192,OXY
Top1 PIT S&P membership,2021-04-19,0.8613493074182468,-0.02080021059986681,OXY
Top1 PIT S&P membership,2021-04-20,0.8620531399034094,0.0008171278238700008,OXY
Top1 PIT S&P membership,2021-04-21,0.7899222652403805,-0.08367335066039083,OXY
Top1 PIT S&P membership,2021-04-22,0.8645161742584172,0.09443196159983813,OXY
Top1 PIT S&P membership,2021-04-23,0.8532565622153275,-0.01302417742819928,OXY
Top1 PIT S&P membership,2021-04-26,0.8595900971917159,0.0074227790993419696,OXY
Top1 PIT S&P membership,2021-04-27,0.8835163424474156,0.02783448219548701,OXY
Top1 PIT S&P membership,2021-04-28,0.8919611009603295,0.009558123723576228,OXY
Top1 PIT S&P membership,2021-04-29,0.9345359682935979,0.04773175342224012,OXY
Top1 PIT S&P membership,2021-04-30,0.8989983062511208,-0.038027067173633355,OXY
Top1 PIT S&P membership,2021-05-03,0.9025170802433792,0.003914105252246669,OXY
Top1 PIT S&P membership,2021-05-04,0.906408919754831,0.0043122059367588506,FANG
Top1 PIT S&P membership,2021-05-05,0.8656508208890314,-0.04496656859557813,FANG
Top1 PIT S&P membership,2021-05-06,0.9018683167996555,0.041838458459992456,FANG
Top1 PIT S&P membership,2021-05-07,0.8713808143341795,-0.03380482704355681,FANG
Top1 PIT S&P membership,2021-05-10,0.9239230758352746,0.06029770295234527,FANG
Top1 PIT S&P membership,2021-05-11,0.8610019705789339,-0.0681021038460985,FANG
Top1 PIT S&P membership,2021-05-12,0.8754447061931726,0.016774335144119856,FANG
Top1 PIT S&P membership,2021-05-13,0.8475199707767045,-0.031897771748369386,FANG
Top1 PIT S&P membership,2021-05-14,0.8441516522748577,-0.003974323459021156,FANG
Top1 PIT S&P membership,2021-05-17,0.8518661986740842,0.009138815731079886,FANG
Top1 PIT S&P membership,2021-05-18,0.8764225248204871,0.028826506069409064,FANG
Top1 PIT S&P membership,2021-05-19,0.8392619443465249,-0.042400302846590576,FANG
Top1 PIT S&P membership,2021-05-20,0.8448033784769161,0.006602746815484339,FANG
Top1 PIT S&P membership,2021-05-21,0.8464333099812557,0.0019293619626357117,FANG
Top1 PIT S&P membership,2021-05-24,0.8346983249617248,-0.013864039707736309,FANG
Top1 PIT S&P membership,2021-05-25,0.8414352228010226,0.008071057096714185,FANG
Top1 PIT S&P membership,2021-05-26,0.8201384672270124,-0.025310035754286697,FANG
Top1 PIT S&P membership,2021-05-27,0.8579509380251238,0.04610498386444406,FANG
Top1 PIT S&P membership,2021-05-28,0.8678386385926451,0.011524785543426619,FANG
Top1 PIT S&P membership,2021-06-01,0.9005440357618523,0.03768603483966193,FANG
Top1 PIT S&P membership,2021-06-02,0.9479184549971058,0.052606443831672456,FANG
Top1 PIT S&P membership,2021-06-03,0.9342277115117648,-0.01444295489044245,FANG
Top1 PIT S&P membership,2021-06-04,0.9486788506880549,0.015468540483460247,FANG
Top1 PIT S&P membership,2021-06-07,0.9378132043023583,-0.011453450635919626,FANG
Top1 PIT S&P membership,2021-06-08,0.9472664407548999,0.01008008461511678,FANG
Top1 PIT S&P membership,2021-06-09,0.9792113996578709,0.033723309016957526,FANG
Top1 PIT S&P membership,2021-06-10,0.9812760631489659,0.0021084961754085363,FANG
Top1 PIT S&P membership,2021-06-11,0.9469406964009489,-0.03499052716911588,FANG
Top1 PIT S&P membership,2021-06-14,0.9611745496846527,0.01503140939850045,FANG
Top1 PIT S&P membership,2021-06-15,0.947809894581961,-0.013904503721073769,FANG
Top1 PIT S&P membership,2021-06-16,0.9786679585595456,0.032557229201742865,FANG
Top1 PIT S&P membership,2021-06-17,0.9773643234679148,-0.0013320504469662708,FANG
Top1 PIT S&P membership,2021-06-18,0.9171687094313871,-0.061589739456561876,FANG
Top1 PIT S&P membership,2021-06-21,0.9412904481344988,0.026300219856024487,FANG
Top1 PIT S&P membership,2021-06-22,0.9830144758569634,0.044326411476028005,FANG
Top1 PIT S&P membership,2021-06-23,1.0035505555354471,0.020890922954701185,FANG
Top1 PIT S&P membership,2021-06-24,0.99170701862591,-0.01180163455065597,FANG
Top1 PIT S&P membership,2021-06-25,1.0297366977030646,0.03834769580419817,FANG
Top1 PIT S&P membership,2021-06-28,1.0379947584750846,0.008019584803028224,FANG
Top1 PIT S&P membership,2021-06-29,1.013981394024544,-0.02313437929669182,FANG
Top1 PIT S&P membership,2021-06-30,1.0162634498222183,0.002250589420202953,FANG
Top1 PIT S&P membership,2021-07-01,1.053966980347622,0.03710015403190914,FANG
Top1 PIT S&P membership,2021-07-02,1.0546190031248597,0.000618636816328566,NUE
Top1 PIT S&P membership,2021-07-06,1.0453833456440602,-0.008757340284438309,NUE
Top1 PIT S&P membership,2021-07-07,1.0143075973975215,-0.02972665326650381,NUE
Top1 PIT S&P membership,2021-07-08,1.0062669267329394,-0.007927250752348236,NUE
Top1 PIT S&P membership,2021-07-09,1.0399502817943655,0.03347357859687028,NUE
Top1 PIT S&P membership,2021-07-12,1.0432101127395523,0.0031346026846226227,NUE
Top1 PIT S&P membership,2021-07-13,1.0544017373467607,0.01072806376255131,NUE
Top1 PIT S&P membership,2021-07-14,1.0461438423189287,-0.007831829875974639,NUE
Top1 PIT S&P membership,2021-07-15,1.0297366672155595,-0.015683479116027077,NUE
Top1 PIT S&P membership,2021-07-16,1.0367992045992371,0.006858585897280944,NUE
Top1 PIT S&P membership,2021-07-19,0.9758429421275319,-0.05879273653114658,NUE
Top1 PIT S&P membership,2021-07-20,0.9779074718762709,0.002115637321962849,NUE
Top1 PIT S&P membership,2021-07-21,1.0065928780019664,0.02933345633473694,NUE
Top1 PIT S&P membership,2021-07-22,1.0253902552388683,0.018674260118165753,NUE
Top1 PIT S&P membership,2021-07-23,1.0316925579248155,0.0061462478834257706,NUE
Top1 PIT S&P membership,2021-07-26,1.0306059306314181,-0.0010532471956404832,NUE
Top1 PIT S&P membership,2021-07-27,1.0449486442112412,0.0139167776485003,NUE
Top1 PIT S&P membership,2021-07-28,1.0685268840253646,0.022564017805794645,NUE
Top1 PIT S&P membership,2021-07-29,1.0951477478448814,0.024913611643752498,NUE
Top1 PIT S&P membership,2021-07-30,1.116335831095683,0.01934723720383591,NUE
Top1 PIT S&P membership,2021-08-02,1.1376323128507395,0.019077128191929527,NUE
Top1 PIT S&P membership,2021-08-03,1.1115551618058257,-0.02292230165260367,NUE
Top1 PIT S&P membership,2021-08-04,1.1517577820300653,0.03616790385726487,NUE
Top1 PIT S&P membership,2021-08-05,1.135350504413632,-0.014245423710108729,NUE
Top1 PIT S&P membership,2021-08-06,1.120247304583908,-0.013302675932243657,NUE
Top1 PIT S&P membership,2021-08-09,1.126441039110836,0.005528899289990674,NUE
Top1 PIT S&P membership,2021-08-10,1.1745755762069208,0.04273151938256814,NUE
Top1 PIT S&P membership,2021-08-11,1.3248474221224926,0.12793714509273868,NUE
Top1 PIT S&P membership,2021-08-12,1.3263686120801153,0.001148200111364961,NUE
Top1 PIT S&P membership,2021-08-13,1.3508162849474257,0.018432035140645953,NUE
Top1 PIT S&P membership,2021-08-16,1.3481000236169784,-0.0020108295707679247,NUE
Top1 PIT S&P membership,2021-08-17,1.3385381598817512,-0.00709284442379321,NUE
Top1 PIT S&P membership,2021-08-18,1.2877957455936095,-0.037908829056187976,NUE
Top1 PIT S&P membership,2021-08-19,1.2685635159707214,-0.014934223605485686,NUE
Top1 PIT S&P membership,2021-08-20,1.282036883797337,0.010620964308835301,NUE
Top1 PIT S&P membership,2021-08-23,1.2831233715985226,0.0008474700025535853,NUE
Top1 PIT S&P membership,2021-08-24,1.3440794561345202,0.047506019986260695,NUE
Top1 PIT S&P membership,2021-08-25,1.3377775814500166,-0.00468861766746087,NUE
Top1 PIT S&P membership,2021-08-26,1.3111566012368514,-0.019899406734197655,NUE
Top1 PIT S&P membership,2021-08-27,1.2933369909485959,-0.013590756642986701,NUE
Top1 PIT S&P membership,2021-08-30,1.3159375644798197,0.017474620836946286,NUE
Top1 PIT S&P membership,2021-08-31,1.3120259576674718,-0.0029724866269731365,NUE
Top1 PIT S&P membership,2021-09-01,1.2689981143240223,-0.0327949634624185,NUE
Top1 PIT S&P membership,2021-09-02,1.3031165419308426,0.026886113715775428,MRNA
Top1 PIT S&P membership,2021-09-03,1.3017243143249215,-0.0010683830349188517,MRNA
Top1 PIT S&P membership,2021-09-07,1.3573785193011352,0.04275421789680256,MRNA
Top1 PIT S&P membership,2021-09-08,1.4376610819248952,0.059145302126259125,MRNA
Top1 PIT S&P membership,2021-09-09,1.4250982585137972,-0.008738376220268518,MRNA
Top1 PIT S&P membership,2021-09-10,1.5352365822410052,0.07728472269839748,MRNA
Top1 PIT S&P membership,2021-09-13,1.484995303167054,-0.032725431151864104,MRNA
Top1 PIT S&P membership,2021-09-14,1.3897633134915293,-0.06412948880876812,MRNA
Top1 PIT S&P membership,2021-09-15,1.4168943021766753,0.019522021067734485,MRNA
Top1 PIT S&P membership,2021-09-16,1.4293410981908405,0.008784562119449557,MRNA
Top1 PIT S&P membership,2021-09-17,1.4536048850114058,0.016975504903117056,MRNA
Top1 PIT S&P membership,2021-09-20,1.3839194575884515,-0.04793973117557848,MRNA
Top1 PIT S&P membership,2021-09-21,1.4064363593892792,0.016270384578640495,MRNA
Top1 PIT S&P membership,2021-09-22,1.4355727910946525,0.02071649492766614,MRNA
Top1 PIT S&P membership,2021-09-23,1.4577648768784333,0.015458697686000944,MRNA
Top1 PIT S&P membership,2021-09-24,1.4852604363905606,0.01886145012013496,MRNA
Top1 PIT S&P membership,2021-09-27,1.4273225047245792,-0.03900860094730629,MRNA
Top1 PIT S&P membership,2021-09-28,1.3211154562606793,-0.07440998660943421,MRNA
Top1 PIT S&P membership,2021-09-29,1.3033816751543494,-0.013423339362423348,MRNA
Top1 PIT S&P membership,2021-09-30,1.265627048061775,-0.02896667017211474,MRNA
Top1 PIT S&P membership,2021-10-01,1.1877641675083217,-0.06152118878361146,MRNA
Top1 PIT S&P membership,2021-10-04,1.0238512421723067,-0.13800123780452955,MRNA
Top1 PIT S&P membership,2021-10-05,1.0971728690810156,0.07161355467337449,MRNA
Top1 PIT S&P membership,2021-10-06,1.0564349115696496,-0.0371299351810328,MRNA
Top1 PIT S&P membership,2021-10-07,0.97936763300127,-0.07295033297780085,MRNA
Top1 PIT S&P membership,2021-10-08,1.030215451109233,0.05191903060155245,MRNA
Top1 PIT S&P membership,2021-10-11,0.9921625112062346,-0.03693687554581593,MRNA
Top1 PIT S&P membership,2021-10-12,1.0376239066185582,0.04582051317082447,MRNA
Top1 PIT S&P membership,2021-10-13,1.0438058301419941,0.005957768979689249,MRNA
Top1 PIT S&P membership,2021-10-14,1.0905434257633055,0.044776139653247116,MRNA
Top1 PIT S&P membership,2021-10-15,1.1303532652564834,0.03650458895326758,MRNA
Top1 PIT S&P membership,2021-10-18,1.0682022341529516,-0.05498372324286549,MRNA
Top1 PIT S&P membership,2021-10-19,1.1240387245426555,0.05227146003301564,MRNA
Top1 PIT S&P membership,2021-10-20,1.107150213644498,-0.015024847925082851,MRNA
Top1 PIT S&P membership,2021-10-21,1.1177572622584677,0.009580496380029224,MRNA
Top1 PIT S&P membership,2021-10-22,1.1022742305695425,-0.013851873042310725,MRNA
Top1 PIT S&P membership,2021-10-25,1.0851072336872902,-0.015574161498252748,MRNA
Top1 PIT S&P membership,2021-10-26,1.1667820239169713,0.07526886531955279,MRNA
Top1 PIT S&P membership,2021-10-27,1.1410929310608449,-0.022017045454545414,MRNA
Top1 PIT S&P membership,2021-10-28,1.137281021384617,-0.003340577767565356,MRNA
Top1 PIT S&P membership,2021-10-29,1.141822173872084,0.003992990652335271,MRNA
Top1 PIT S&P membership,2021-11-01,1.1103985761295185,-0.027520570594634308,MRNA
Top1 PIT S&P membership,2021-11-02,1.1228287823502248,0.011194364337203888,MRNA
Top1 PIT S&P membership,2021-11-03,1.1601525805992612,0.03324086346532096,MRNA
Top1 PIT S&P membership,2021-11-04,0.9805278058133247,-0.15482857840401798,MRNA
Top1 PIT S&P membership,2021-11-05,0.8007373354073567,-0.18336090964481733,MRNA
Top1 PIT S&P membership,2021-11-08,0.7725290217201716,-0.03522792361472038,MRNA
Top1 PIT S&P membership,2021-11-09,0.8156535828722044,0.05582257745606545,MRNA
Top1 PIT S&P membership,2021-11-10,0.7627174739339984,-0.06490023467045813,MRNA
Top1 PIT S&P membership,2021-11-11,0.7546626740020886,-0.010560660017875367,MRNA
Top1 PIT S&P membership,2021-11-12,0.7486630358921433,-0.0079500925600684,MRNA
Top1 PIT S&P membership,2021-11-15,0.7651206167894853,0.021982627842351388,MRNA
Top1 PIT S&P membership,2021-11-16,0.7756779971803565,0.013798321675307701,MRNA
Top1 PIT S&P membership,2021-11-17,0.7782634760279722,0.003333185751064338,MRNA
Top1 PIT S&P membership,2021-11-18,0.8158192784922363,0.04825589741913361,MRNA
Top1 PIT S&P membership,2021-11-19,0.8797768774090462,0.07839677316159244,MRNA
Top1 PIT S&P membership,2021-11-22,0.8885774593670152,0.01000319761061097,MRNA
Top1 PIT S&P membership,2021-11-23,0.920630761160068,0.03607260284982505,MRNA
Top1 PIT S&P membership,2021-11-24,0.9049521924543411,-0.017030246399729942,MRNA
Top1 PIT S&P membership,2021-11-26,1.0585232023998927,0.16970068830823903,MRNA
Top1 PIT S&P membership,2021-11-29,1.2275408274145823,0.15967304696910878,MRNA
Top1 PIT S&P membership,2021-11-30,1.1653897963110504,-0.05063052056234485,MRNA
Top1 PIT S&P membership,2021-12-01,1.093858147422161,-0.06138001990005182,MRNA
Top1 PIT S&P membership,2021-12-02,1.035767857155789,-0.05310587154584023,TSLA
Top1 PIT S&P membership,2021-12-03,1.0223196701905333,-0.012983784805008503,TSLA
Top1 PIT S&P membership,2021-12-06,0.9438355313079362,-0.07677064344068596,TSLA
Top1 PIT S&P membership,2021-12-07,0.9840671511085467,0.04262566778436372,TSLA
Top1 PIT S&P membership,2021-12-08,0.9920870042298653,0.008149701077090343,TSLA
Top1 PIT S&P membership,2021-12-09,0.9995603570481165,0.007532961107632463,TSLA
Top1 PIT S&P membership,2021-12-10,0.9506585884545391,-0.048923277367655116,TSLA
Top1 PIT S&P membership,2021-12-13,0.9434396766520358,-0.007593590264869943,TSLA
Top1 PIT S&P membership,2021-12-14,0.89057979290165,-0.056028896238462744,TSLA
Top1 PIT S&P membership,2021-12-15,0.8983169913035418,0.008687821645585236,TSLA
Top1 PIT S&P membership,2021-12-16,0.9372292106250697,0.04331680208459887,TSLA
Top1 PIT S&P membership,2021-12-17,0.8620906820600835,-0.08017092053167418,TSLA
Top1 PIT S&P membership,2021-12-20,0.8582550851272025,-0.004449180361995486,TSLA
Top1 PIT S&P membership,2021-12-21,0.864069696498268,0.0067749221319250985,TSLA
Top1 PIT S&P membership,2021-12-22,0.9100500094142533,0.05321366216443568,TSLA
Top1 PIT S&P membership,2021-12-23,0.948820901376068,0.04260303451539915,TSLA
Top1 PIT S&P membership,2021-12-27,1.0118400480227745,0.06641837943842743,TSLA
Top1 PIT S&P membership,2021-12-28,1.0455971836518994,0.033362126449817175,TSLA
Top1 PIT S&P membership,2021-12-29,1.0353720024998883,-0.009779273808196653,TSLA
Top1 PIT S&P membership,2021-12-30,1.0002106527197647,-0.033960112592601455,TSLA
Top1 PIT S&P membership,2021-12-31,1.0116232252785986,0.011410168975706236,TSLA
Top1 PIT S&P membership,2022-01-03,1.081653951831965,0.0692260960438904,TSLA
Top1 PIT S&P membership,2022-01-04,1.12104675320087,0.03641904261726836,TSLA
Top1 PIT S&P membership,2022-01-05,1.0806172923527488,-0.03606402742141224,TSLA
Top1 PIT S&P membership,2022-01-06,1.0149782401641025,-0.060742181948370555,TSLA
Top1 PIT S&P membership,2022-01-07,1.0181541368574423,0.0031290293403987146,TSLA
Top1 PIT S&P membership,2022-01-10,0.9424125080211516,-0.0743911222224849,TSLA
Top1 PIT S&P membership,2022-01-11,0.9929917409172613,0.05366995075470116,TSLA
Top1 PIT S&P membership,2022-01-12,1.0167217090027647,0.02389744758962764,TSLA
Top1 PIT S&P membership,2022-01-13,1.0452014152764382,0.028011309310595367,TSLA
Top1 PIT S&P membership,2022-01-14,0.9611476151901909,-0.08041875839214829,TSLA
Top1 PIT S&P membership,2022-01-18,0.9674900902894167,0.0065988564076817635,TSLA
Top1 PIT S&P membership,2022-01-19,0.9817204957181406,0.01470858003772113,TSLA
Top1 PIT S&P membership,2022-01-20,0.9515821342777209,-0.030699533698105297,TSLA
Top1 PIT S&P membership,2022-01-21,0.9389632748958386,-0.01326092507133958,TSLA
Top1 PIT S&P membership,2022-01-24,0.8526571239394337,-0.09191642875061223,TSLA
Top1 PIT S&P membership,2022-01-25,0.8615535000444692,0.01043370876200811,TSLA
Top1 PIT S&P membership,2022-01-26,0.8975818819599773,0.04181792763148029,TSLA
Top1 PIT S&P membership,2022-01-27,0.8796100978381812,-0.020022445286610013,TSLA
Top1 PIT S&P membership,2022-01-28,0.7836725477136159,-0.10906826827062477,TSLA
Top1 PIT S&P membership,2022-01-31,0.8224527579628841,0.04948522231946284,TSLA
Top1 PIT S&P membership,2022-02-01,0.8813535666768434,0.07161603890763213,TSLA
Top1 PIT S&P membership,2022-02-02,0.9136068534071702,0.03659517354872488,DVN
Top1 PIT S&P membership,2022-02-03,0.927629920978596,0.015349126945719327,DVN
Top1 PIT S&P membership,2022-02-04,0.9439315069187146,0.017573372280748956,DVN
Top1 PIT S&P membership,2022-02-07,0.9244746139588373,-0.02061261099694678,DVN
Top1 PIT S&P membership,2022-02-08,0.9185149427303845,-0.00644654935729605,DVN
Top1 PIT S&P membership,2022-02-09,0.9029141503836229,-0.016984799725072053,DVN
Top1 PIT S&P membership,2022-02-10,0.9067703726237202,0.00427086256036513,DVN
Top1 PIT S&P membership,2022-02-11,0.9227217116729247,0.017591376527940294,DVN
Top1 PIT S&P membership,2022-02-14,0.9435811716844474,0.022606447586134948,DVN
Top1 PIT S&P membership,2022-02-15,0.8920462022337946,-0.054616360517934504,DVN
Top1 PIT S&P membership,2022-02-16,0.9153595928439848,0.02613473444739811,DVN
Top1 PIT S&P membership,2022-02-17,0.9519951813922778,0.04002316557853258,DVN
Top1 PIT S&P membership,2022-02-18,0.9509434136978897,-0.001104803590339487,DVN
Top1 PIT S&P membership,2022-02-22,1.0172026149559865,0.06967733337616555,DVN
Top1 PIT S&P membership,2022-02-23,0.935342639182865,-0.08047558526642551,DVN
Top1 PIT S&P membership,2022-02-24,0.9413025228837218,0.00637187213667878,DVN
Top1 PIT S&P membership,2022-02-25,0.9349919636712988,-0.006704071283151758,DVN
Top1 PIT S&P membership,2022-02-28,0.9684722402405276,0.035808090197659626,DVN
Top1 PIT S&P membership,2022-03-01,1.0517345805815306,0.0859728724081179,DVN
Top1 PIT S&P membership,2022-03-02,1.1012929609414293,0.04712061510090937,APA
Top1 PIT S&P membership,2022-03-03,1.0778178533400955,-0.021315951734828475,APA
Top1 PIT S&P membership,2022-03-04,1.1140447716143624,0.033611354796176274,APA
Top1 PIT S&P membership,2022-03-07,1.156647155647902,0.038241177660934156,APA
Top1 PIT S&P membership,2022-03-08,1.1340417559140465,-0.019543902929664903,APA
Top1 PIT S&P membership,2022-03-09,1.0720215873601378,-0.05468949289607061,APA
Top1 PIT S&P membership,2022-03-10,1.132013080173011,0.05596108653054532,APA
Top1 PIT S&P membership,2022-03-11,1.1465035362307971,0.01280060832474783,APA
Top1 PIT S&P membership,2022-03-14,1.1015824899048432,-0.03918090516635886,APA
Top1 PIT S&P membership,2022-03-15,1.0308679064319213,-0.06419363426794333,APA
Top1 PIT S&P membership,2022-03-16,1.0665150119563915,0.034579702503159115,APA
Top1 PIT S&P membership,2022-03-17,1.0960759686699726,0.027717337667244824,APA
Top1 PIT S&P membership,2022-03-18,1.1343313643316202,0.034902138861842236,APA
Top1 PIT S&P membership,2022-03-21,1.1630231098100714,0.025293971744629662,APA
Top1 PIT S&P membership,2022-03-22,1.17896299623102,0.013705562930345971,APA
Top1 PIT S&P membership,2022-03-23,1.1998294755912406,0.01769901127255724,APA
Top1 PIT S&P membership,2022-03-24,1.1824406880503402,-0.014492715752237761,APA
Top1 PIT S&P membership,2022-03-25,1.1720071101793237,-0.008823764250044386,APA
Top1 PIT S&P membership,2022-03-28,1.1737462513528925,0.0014838998487838317,APA
Top1 PIT S&P membership,2022-03-29,1.126796403227506,-0.039999998356774924,APA
Top1 PIT S&P membership,2022-03-30,1.201278427590482,0.06610069410022579,APA
Top1 PIT S&P membership,2022-03-31,1.1899758813342987,-0.009408764859661911,APA
Top1 PIT S&P membership,2022-04-01,1.200409045050688,0.008767542166224995,APA
Top1 PIT S&P membership,2022-04-04,1.2461997249718473,0.03814589710895233,APA
Top1 PIT S&P membership,2022-04-05,1.2528652750264175,0.00534870127235898,APA
Top1 PIT S&P membership,2022-04-06,1.2143199345247435,-0.030765750532004588,APA
Top1 PIT S&P membership,2022-04-07,1.2047563850707226,-0.007875642309836395,APA
Top1 PIT S&P membership,2022-04-08,1.1989601129365688,-0.004811157015626399,APA
Top1 PIT S&P membership,2022-04-11,1.2276515624099245,0.023930278550370332,APA
Top1 PIT S&P membership,2022-04-12,1.2166388290665968,-0.008970569240110082,APA
Top1 PIT S&P membership,2022-04-13,1.2418524718650983,0.02072401619619968,APA
Top1 PIT S&P membership,2022-04-14,1.2569225394244259,0.012135151236357666,APA
Top1 PIT S&P membership,2022-04-18,1.2783691105713646,0.017062762799018305,APA
Top1 PIT S&P membership,2022-04-19,1.2621394785779825,-0.012695575838912676,APA
Top1 PIT S&P membership,2022-04-20,1.2876432097126502,0.020206745425158656,APA
Top1 PIT S&P membership,2022-04-21,1.3046533984115052,0.013210327651749898,APA
Top1 PIT S&P membership,2022-04-22,1.214266192493452,-0.06928062735137563,APA
Top1 PIT S&P membership,2022-04-25,1.1357954201642948,-0.06462402792259259,APA
Top1 PIT S&P membership,2022-04-26,1.1392828505344312,0.0030704740556464216,APA
Top1 PIT S&P membership,2022-04-27,1.1288201799044382,-0.00918355843334695,APA
Top1 PIT S&P membership,2022-04-28,1.1764841042843022,0.04222455022366711,APA
Top1 PIT S&P membership,2022-04-29,1.207291322165478,0.026185834359331972,APA
Top1 PIT S&P membership,2022-05-02,1.1715433493710457,-0.029610063568014655,APA
Top1 PIT S&P membership,2022-05-03,1.1665533354889015,-0.004259350612013657,CF
Top1 PIT S&P membership,2022-05-04,1.2409158169653123,0.06374546213546717,CF
Top1 PIT S&P membership,2022-05-05,1.2482182123869818,0.005884682362682581,CF
Top1 PIT S&P membership,2022-05-06,1.2214430790076154,-0.02145068315271892,CF
Top1 PIT S&P membership,2022-05-09,1.180671324216745,-0.03337998756683458,CF
Top1 PIT S&P membership,2022-05-10,1.1344230681337157,-0.03917115215253508,CF
Top1 PIT S&P membership,2022-05-11,1.1532875606992308,0.016629151059621705,CF
Top1 PIT S&P membership,2022-05-12,1.166310135732917,0.011291698165712294,CF
Top1 PIT S&P membership,2022-05-13,1.2321601402506643,0.056460115110263276,CF
Top1 PIT S&P membership,2022-05-16,1.2966827755886134,0.0523654622724794,CF
Top1 PIT S&P membership,2022-05-17,1.3307772944813356,0.026293646784384395,CF
Top1 PIT S&P membership,2022-05-18,1.3177017032317289,-0.009825529263108534,CF
Top1 PIT S&P membership,2022-05-19,1.2243394263506233,-0.07085236108607129,CF
Top1 PIT S&P membership,2022-05-20,1.242425259688101,0.014771911243098623,CF
Top1 PIT S&P membership,2022-05-23,1.180102357805642,-0.05016229458994137,CF
Top1 PIT S&P membership,2022-05-24,1.2220174680483986,0.03551819887954144,CF
Top1 PIT S&P membership,2022-05-25,1.2090641847470198,-0.010599916646089835,CF
Top1 PIT S&P membership,2022-05-26,1.2188403069498268,0.008085693320617704,CF
Top1 PIT S&P membership,2022-05-27,1.1725258883686862,-0.03799875858802493,CF
Top1 PIT S&P membership,2022-05-31,1.1939111973894612,0.01823866682425912,CF
Top1 PIT S&P membership,2022-06-01,1.2089419983956289,0.012589546893465142,CF
Top1 PIT S&P membership,2022-06-02,1.1913119585220433,-0.014583032020545339,OXY
Top1 PIT S&P membership,2022-06-03,1.1885732251522287,-0.0022989220835257784,OXY
Top1 PIT S&P membership,2022-06-06,1.1998702865293622,0.00950472477258324,OXY
Top1 PIT S&P membership,2022-06-07,1.1741955902094003,-0.02139789326246777,OXY
Top1 PIT S&P membership,2022-06-08,1.2080863388317575,0.028862950010154043,OXY
Top1 PIT S&P membership,2022-06-09,1.1661216953158453,-0.03473646060470548,OXY
Top1 PIT S&P membership,2022-06-10,1.1115884809778622,-0.0467645997472097,OXY
Top1 PIT S&P membership,2022-06-13,1.052424765214273,-0.05322447720179957,OXY
Top1 PIT S&P membership,2022-06-14,1.0594558782141417,0.006680869960749236,OXY
Top1 PIT S&P membership,2022-06-15,1.0489949988694622,-0.009873822553434386,OXY
Top1 PIT S&P membership,2022-06-16,1.0078377859439023,-0.03923489908904865,OXY
Top1 PIT S&P membership,2022-06-17,0.9680524879921354,-0.03947589434197041,OXY
Top1 PIT S&P membership,2022-06-21,0.9930897105099192,0.02586349689541545,OXY
Top1 PIT S&P membership,2022-06-22,0.9435297160022329,-0.04990485147836132,OXY
Top1 PIT S&P membership,2022-06-23,0.9975483617525758,0.05725166344439225,OXY
Top1 PIT S&P membership,2022-06-24,0.9915464451034417,-0.00601666734090911,OXY
Top1 PIT S&P membership,2022-06-27,0.9982344563980955,0.006745030782653982,OXY
Top1 PIT S&P membership,2022-06-28,1.045565430131946,0.047414686430113484,OXY
Top1 PIT S&P membership,2022-06-29,1.0652865460628804,0.01886167557055307,OXY
Top1 PIT S&P membership,2022-06-30,0.9937757271521388,-0.06712824748893487,OXY
Top1 PIT S&P membership,2022-07-01,1.0188131011296637,0.025194189487073082,OXY
Top1 PIT S&P membership,2022-07-05,1.012811172559471,-0.00589109873394611,OXY
Top1 PIT S&P membership,2022-07-06,1.00457973185686,-0.00812732020106921,OXY
Top1 PIT S&P membership,2022-07-07,1.04350752282935,0.038750324875195474,OXY
Top1 PIT S&P membership,2022-07-08,1.0834643472283672,0.03829088293554306,OXY
Top1 PIT S&P membership,2022-07-11,1.0217282764885367,-0.056980251263236026,OXY
Top1 PIT S&P membership,2022-07-12,0.9846868946843582,-0.03625365242066303,OXY
Top1 PIT S&P membership,2022-07-13,0.9754265440921666,-0.009404360555809066,OXY
Top1 PIT S&P membership,2022-07-14,0.9707962431227228,-0.004746949934352207,OXY
Top1 PIT S&P membership,2022-07-15,0.9954906801410902,0.025437301795620648,OXY
Top1 PIT S&P membership,2022-07-18,1.0297883706247737,0.03445305030763568,OXY
Top1 PIT S&P membership,2022-07-19,1.0309887871781498,0.0011656924739282815,OXY
Top1 PIT S&P membership,2022-07-20,1.0512244302184046,0.019627413306443797,OXY
Top1 PIT S&P membership,2022-07-21,1.0580839866471459,0.00652530157362885,OXY
Top1 PIT S&P membership,2022-07-22,1.0632285446462044,0.004862145220967395,OXY
Top1 PIT S&P membership,2022-07-25,1.0604847534127437,-0.002580622244649944,OXY
Top1 PIT S&P membership,2022-07-26,1.12822281154671,0.06387461763686697,OXY
Top1 PIT S&P membership,2022-07-27,1.0740322493873338,-0.048031790888082626,OXY
Top1 PIT S&P membership,2022-07-28,1.0856935515763202,0.010857497245206904,OXY
Top1 PIT S&P membership,2022-07-29,1.0975264549350743,0.010898934917292102,OXY
Top1 PIT S&P membership,2022-08-01,1.1175902586290443,0.018280929451633954,OXY
Top1 PIT S&P membership,2022-08-02,1.1199912478366734,0.0021483626839897685,OXY
Top1 PIT S&P membership,2022-08-03,1.1090159054255067,-0.009799489444552556,OXY
Top1 PIT S&P membership,2022-08-04,1.0291024354676022,-0.07205800166341458,OXY
Top1 PIT S&P membership,2022-08-05,0.976112495747679,-0.0514914141621341,OXY
Top1 PIT S&P membership,2022-08-08,1.000463794378746,0.02494722558839335,OXY
Top1 PIT S&P membership,2022-08-09,1.0573979209699422,0.05690773310447517,OXY
Top1 PIT S&P membership,2022-08-10,1.0628856351426732,0.005189828789995188,OXY
Top1 PIT S&P membership,2022-08-11,1.100956005719079,0.03581793686702284,OXY
Top1 PIT S&P membership,2022-08-12,1.1155326096022355,0.013239951285461071,OXY
Top1 PIT S&P membership,2022-08-15,1.0874085397965136,-0.025211338121034377,OXY
Top1 PIT S&P membership,2022-08-16,1.1109025101118082,0.021605467913366816,OXY
Top1 PIT S&P membership,2022-08-17,1.0877513459280772,-0.020839960278243308,OXY
Top1 PIT S&P membership,2022-08-18,1.0906666298590637,0.0026801014238222454,OXY
Top1 PIT S&P membership,2022-08-19,1.0995841098823462,0.008176173891407013,OXY
Top1 PIT S&P membership,2022-08-22,1.176410914863219,0.06986896617585092,OXY
Top1 PIT S&P membership,2022-08-23,1.213623793446277,0.03163255127345099,OXY
Top1 PIT S&P membership,2022-08-24,1.2715871696333543,0.047760579926074964,OXY
Top1 PIT S&P membership,2022-08-25,1.294737988224843,0.018206237955486815,OXY
Top1 PIT S&P membership,2022-08-26,1.2757026649540273,-0.014702065934524944,OXY
Top1 PIT S&P membership,2022-08-29,1.2552959596416722,-0.01599644327237526,OXY
Top1 PIT S&P membership,2022-08-30,1.2604401099643345,0.004097958161301429,OXY
Top1 PIT S&P membership,2022-08-31,1.2062501974966797,-0.042992849909535336,OXY
Top1 PIT S&P membership,2022-09-01,1.1873861845091278,-0.015638557429213495,OXY
Top1 PIT S&P membership,2022-09-02,1.1813787299466847,-0.005059394020932251,EPAM
Top1 PIT S&P membership,2022-09-06,1.147703209894592,-0.028505270323948007,EPAM
Top1 PIT S&P membership,2022-09-07,1.1490570303543985,0.0011795910720950875,EPAM
Top1 PIT S&P membership,2022-09-08,1.1713099000764382,0.01936620127129496,EPAM
Top1 PIT S&P membership,2022-09-09,1.2288460215797796,0.04912117749503064,EPAM
Top1 PIT S&P membership,2022-09-12,1.2268717108348468,-0.0016066380248314083,EPAM
Top1 PIT S&P membership,2022-09-13,1.189614320451846,-0.030367796448455442,EPAM
Top1 PIT S&P membership,2022-09-14,1.1915603997064859,0.001635890911182658,EPAM
Top1 PIT S&P membership,2022-09-15,1.1838043141782195,-0.006509183697424703,EPAM
Top1 PIT S&P membership,2022-09-16,1.1516235998941646,-0.027184150200022184,EPAM
Top1 PIT S&P membership,2022-09-19,1.1240401428037767,-0.023951799088628323,EPAM
Top1 PIT S&P membership,2022-09-20,1.1259862220584167,0.0017313254042561343,EPAM
Top1 PIT S&P membership,2022-09-21,1.097838651591872,-0.024998148214538607,EPAM
Top1 PIT S&P membership,2022-09-22,1.0717782317598148,-0.023737932522479133,EPAM
Top1 PIT S&P membership,2022-09-23,1.01443955854529,-0.053498635739575584,EPAM
Top1 PIT S&P membership,2022-09-26,1.026087802582836,0.011482442634876522,EPAM
Top1 PIT S&P membership,2022-09-27,1.022393092362373,-0.0036007739407512007,EPAM
Top1 PIT S&P membership,2022-09-28,1.011957597404786,-0.010206930226293154,EPAM
Top1 PIT S&P membership,2022-09-29,1.0247339821230292,0.012625415087557768,EPAM
Top1 PIT S&P membership,2022-09-30,1.0259749626932813,0.0012110270488745467,EPAM
Top1 PIT S&P membership,2022-10-03,1.0318695773661697,0.005745378676117463,EPAM
Top1 PIT S&P membership,2022-10-04,1.0715523937014972,0.03845720157446375,CEG
Top1 PIT S&P membership,2022-10-05,1.0640285012963664,-0.007021488122611386,CEG
Top1 PIT S&P membership,2022-10-06,1.0707027126803916,0.006272587036807442,CEG
Top1 PIT S&P membership,2022-10-07,1.040121472676237,-0.028561840408153794,CEG
Top1 PIT S&P membership,2022-10-10,1.0308990292065916,-0.008866698469281564,CEG
Top1 PIT S&P membership,2022-10-11,1.0243456969331144,-0.006356909927949905,CEG
Top1 PIT S&P membership,2022-10-12,1.008569741678671,-0.015401007005424572,CEG
Top1 PIT S&P membership,2022-10-13,0.9776243707223295,-0.030682430453283005,CEG
Top1 PIT S&P membership,2022-10-14,1.0219184555334981,0.045307877071887326,CEG
Top1 PIT S&P membership,2022-10-17,1.0099047010953188,-0.011756079336004865,CEG
Top1 PIT S&P membership,2022-10-18,1.0497086620637652,0.03941358122729399,CEG
Top1 PIT S&P membership,2022-10-19,1.0325975153151083,-0.016300853148163652,CEG
Top1 PIT S&P membership,2022-10-20,1.0481310106277293,0.015043126757748215,CEG
Top1 PIT S&P membership,2022-10-21,1.0278649797829282,-0.01933539857070321,CEG
Top1 PIT S&P membership,2022-10-24,1.0626690705680684,0.03386056677647509,CEG
Top1 PIT S&P membership,2022-10-25,1.061843943171422,-0.0007764669354733966,CEG
Top1 PIT S&P membership,2022-10-26,1.0882989285387714,0.024914193406176066,CEG
Top1 PIT S&P membership,2022-10-27,1.0898157680171587,0.0013937709930706976,CEG
Top1 PIT S&P membership,2022-10-28,1.127253336426034,0.03435219925014499,CEG
Top1 PIT S&P membership,2022-10-31,1.1424228262921317,0.013457037008373529,CEG
Top1 PIT S&P membership,2022-11-01,1.1557716737239523,0.011684681997422786,CEG
Top1 PIT S&P membership,2022-11-02,1.1489756853630058,-0.005880044056668754,CEG
Top1 PIT S&P membership,2022-11-03,1.1183947172542243,-0.026615853144985935,CEG
Top1 PIT S&P membership,2022-11-04,1.1539511740919028,0.03179240413882978,CEG
Top1 PIT S&P membership,2022-11-07,1.1535871670408082,-0.0003154440666703895,CEG
Top1 PIT S&P membership,2022-11-08,1.0868426619817069,-0.057858224299005445,CEG
Top1 PIT S&P membership,2022-11-09,1.0557763026376494,-0.0285840448031478,CEG
Top1 PIT S&P membership,2022-11-10,1.0982499783270523,0.040229805862558976,CEG
Top1 PIT S&P membership,2022-11-11,1.1563785001978253,0.052928315973490125,CEG
Top1 PIT S&P membership,2022-11-14,1.1181610356444143,-0.03304926937579089,CEG
Top1 PIT S&P membership,2022-11-15,1.148667364506812,0.027282589796930656,CEG
Top1 PIT S&P membership,2022-11-16,1.1462366396499548,-0.002116125983870787,CEG
Top1 PIT S&P membership,2022-11-17,1.099079524123986,-0.04114082022397225,CEG
Top1 PIT S&P membership,2022-11-18,1.0953118141328744,-0.003428059488338242,CEG
Top1 PIT S&P membership,2022-11-21,1.1433196893633566,0.04383032722831404,CEG
Top1 PIT S&P membership,2022-11-22,1.1492749076898592,0.005208707924743816,CEG
Top1 PIT S&P membership,2022-11-23,1.167141435943137,0.015545913457025717,CEG
Top1 PIT S&P membership,2022-11-25,1.1740692839311442,0.005935739898060399,CEG
Top1 PIT S&P membership,2022-11-28,1.1676274831299904,-0.005486729692462888,CEG
Top1 PIT S&P membership,2022-11-29,1.150855173072143,-0.0143644358326398,CEG
Top1 PIT S&P membership,2022-11-30,1.1441703410131965,-0.005808578016903487,CEG
Top1 PIT S&P membership,2022-12-01,1.1789307333414156,0.03038043469771967,CEG
Top1 PIT S&P membership,2022-12-02,1.1778165216315624,-0.0009451036251258982,DXCM
Top1 PIT S&P membership,2022-12-05,1.1911869848705885,0.011351906679407664,DXCM
Top1 PIT S&P membership,2022-12-06,1.1731571259718185,-0.01513604423803272,DXCM
Top1 PIT S&P membership,2022-12-07,1.1781203835016656,0.004230684381459682,DXCM
Top1 PIT S&P membership,2022-12-08,1.2529747304861,0.06353709521767947,DXCM
Top1 PIT S&P membership,2022-12-09,1.2322100374771898,-0.01657231586853669,DXCM
Top1 PIT S&P membership,2022-12-12,1.195238656790127,-0.030004122318916915,DXCM
Top1 PIT S&P membership,2022-12-13,1.2205615096882227,0.021186440677966045,DXCM
Top1 PIT S&P membership,2022-12-14,1.2126607919486911,-0.006473018915326811,DXCM
Top1 PIT S&P membership,2022-12-15,1.2111414053189624,-0.0012529362207605033,DXCM
Top1 PIT S&P membership,2022-12-16,1.1558363038630266,-0.04566362046004924,DXCM
Top1 PIT S&P membership,2022-12-19,1.1561401657331294,0.0002628935162247714,DXCM
Top1 PIT S&P membership,2022-12-20,1.134362496784924,-0.018836530027823928,DXCM
Top1 PIT S&P membership,2022-12-21,1.1534053316229893,0.01678725706468409,DXCM
Top1 PIT S&P membership,2022-12-22,1.1524936687334664,-0.0007904098104350998,DXCM
Top1 PIT S&P membership,2022-12-23,1.1594828008626894,0.006064356203278498,DXCM
Top1 PIT S&P membership,2022-12-27,1.1288927512854297,-0.02638249532852044,DXCM
Top1 PIT S&P membership,2022-12-28,1.1190675492755082,-0.008703397199365304,DXCM
Top1 PIT S&P membership,2022-12-29,1.1235243188357076,0.0039825742092911565,DXCM
Top1 PIT S&P membership,2022-12-30,1.1236256318854798,9.01743274033251e-05,DXCM
Top1 PIT S&P membership,2023-01-03,1.1577608654126301,0.030379543291363165,DXCM
Top1 PIT S&P membership,2023-01-04,1.1243336866598244,-0.028872265207282033,FSLR
Top1 PIT S&P membership,2023-01-05,1.1162836580519153,-0.007159821593377691,FSLR
Top1 PIT S&P membership,2023-01-06,1.1362172237757342,0.01785707922895341,FSLR
Top1 PIT S&P membership,2023-01-09,1.2079016920347514,0.06309046083706105,FSLR
Top1 PIT S&P membership,2023-01-10,1.2236186206728372,0.01301176142208238,FSLR
Top1 PIT S&P membership,2023-01-11,1.3068798892139282,0.06804511400399216,FSLR
Top1 PIT S&P membership,2023-01-12,1.3271201917715831,0.015487500209242056,FSLR
Top1 PIT S&P membership,2023-01-13,1.3625406920010232,0.026689745547580745,FSLR
Top1 PIT S&P membership,2023-01-17,1.3876877310276303,0.01845599120395902,FSLR
Top1 PIT S&P membership,2023-01-18,1.3695174926479814,-0.013093895675069023,FSLR
Top1 PIT S&P membership,2023-01-19,1.3439870910719918,-0.01864189520254045,FSLR
Top1 PIT S&P membership,2023-01-20,1.270999283733734,-0.05430692587980235,FSLR
Top1 PIT S&P membership,2023-01-23,1.2906262296095419,0.015442137636892284,FSLR
Top1 PIT S&P membership,2023-01-24,1.3363969337431865,0.03546395004500402,FSLR
Top1 PIT S&P membership,2023-01-25,1.286946206504284,-0.03700302357054441,FSLR
Top1 PIT S&P membership,2023-01-26,1.3048864507514686,0.01394016638497697,FSLR
Top1 PIT S&P membership,2023-01-27,1.3278101741689767,0.017567600157321506,FSLR
Top1 PIT S&P membership,2023-01-30,1.3600106395580882,0.0242508048330512,FSLR
Top1 PIT S&P membership,2023-01-31,1.312399865378902,-0.03500764831858705,FSLR
Top1 PIT S&P membership,2023-02-01,1.3600872652736347,0.03633602924895518,FSLR
Top1 PIT S&P membership,2023-02-02,1.353200851473033,-0.00506321467484383,PCG
Top1 PIT S&P membership,2023-02-03,1.3377060203938895,-0.011450503494936815,PCG
Top1 PIT S&P membership,2023-02-06,1.3351236139049039,-0.0019304738482266437,PCG
Top1 PIT S&P membership,2023-02-07,1.3420101529861195,0.005157978639201977,PCG
Top1 PIT S&P membership,2023-02-08,1.3420102486621879,7.129310319875515e-08,PCG
Top1 PIT S&P membership,2023-02-09,1.3342628889416706,-0.005772951233599333,PCG
Top1 PIT S&P membership,2023-02-10,1.3351235296490864,0.0006450308365382185,PCG
Top1 PIT S&P membership,2023-02-13,1.336845200609098,0.0012895218470638792,PCG
Top1 PIT S&P membership,2023-02-14,1.3428709029565549,0.004507404705280216,PCG
Top1 PIT S&P membership,2023-02-15,1.3351236293718949,-0.005769187170265644,PCG
Top1 PIT S&P membership,2023-02-16,1.3454533657123409,0.0077369137308322955,PCG
Top1 PIT S&P membership,2023-02-17,1.3351234053534902,-0.007677679971748064,PCG
Top1 PIT S&P membership,2023-02-21,1.3359845715013232,0.0006450086519194098,PCG
Top1 PIT S&P membership,2023-02-22,1.3187681975940269,-0.012886656234322613,PCG
Top1 PIT S&P membership,2023-02-23,1.3428709833736028,0.018276741753061154,PCG
Top1 PIT S&P membership,2023-02-24,1.3213506740150116,-0.01602559711620788,PCG
Top1 PIT S&P membership,2023-02-27,1.3652521221141563,0.033224676054954605,PCG
Top1 PIT S&P membership,2023-02-28,1.3506181943516946,-0.010718846376741253,PCG
Top1 PIT S&P membership,2023-03-01,1.337705937512376,-0.009560256846322446,PCG
Top1 PIT S&P membership,2023-03-02,1.3594798244448196,0.01627703542449299,WYNN
Top1 PIT S&P membership,2023-03-03,1.3867278786259012,0.020043000043938886,WYNN
Top1 PIT S&P membership,2023-03-06,1.4154355890372123,0.02070176193454576,WYNN
Top1 PIT S&P membership,2023-03-07,1.4013250564816044,-0.00996903897633794,WYNN
Top1 PIT S&P membership,2023-03-08,1.380159092760477,-0.015104249812152859,WYNN
Top1 PIT S&P membership,2023-03-09,1.3722522245517486,-0.005728954183762847,WYNN
Top1 PIT S&P membership,2023-03-10,1.319824221603008,-0.03820580649148975,WYNN
Top1 PIT S&P membership,2023-03-13,1.3014562390759188,-0.013916991540570689,WYNN
Top1 PIT S&P membership,2023-03-14,1.3109444986529621,0.007290494518494395,WYNN
Top1 PIT S&P membership,2023-03-15,1.286372386958429,-0.018743823037345897,WYNN
Top1 PIT S&P membership,2023-03-16,1.2560834398870537,-0.0235460177616158,WYNN
Top1 PIT S&P membership,2023-03-17,1.3038889135840113,0.03805915449474928,WYNN
Top1 PIT S&P membership,2023-03-20,1.301091209276089,-0.002145661550440048,WYNN
Top1 PIT S&P membership,2023-03-21,1.3316237520277943,0.02346687344747589,WYNN
Top1 PIT S&P membership,2023-03-22,1.3246900199312415,-0.005206975383244772,WYNN
Top1 PIT S&P membership,2023-03-23,1.2980502123783797,-0.020110219864300394,WYNN
Top1 PIT S&P membership,2023-03-24,1.2754246035088648,-0.017430457353462936,WYNN
Top1 PIT S&P membership,2023-03-27,1.2981718643413793,0.017835049418000626,WYNN
Top1 PIT S&P membership,2023-03-28,1.2976851334350317,-0.0003749356458241371,WYNN
Top1 PIT S&P membership,2023-03-29,1.3183644419580216,0.015935536279321427,WYNN
Top1 PIT S&P membership,2023-03-30,1.3413548767596954,0.017438603522656138,WYNN
Top1 PIT S&P membership,2023-03-31,1.3315020251989784,-0.00734544730214759,WYNN
Top1 PIT S&P membership,2023-04-03,1.4030277835029012,0.05371809952240514,WYNN
Top1 PIT S&P membership,2023-04-04,1.4263359224941863,0.01661274228874654,NVDA
Top1 PIT S&P membership,2023-04-05,1.3683461002271469,-0.04065649707933783,NVDA
Top1 PIT S&P membership,2023-04-06,1.3558504773345577,-0.009131916910871452,NVDA
Top1 PIT S&P membership,2023-04-10,1.3680401221989449,0.008990404965856236,NVDA
Top1 PIT S&P membership,2023-04-11,1.4139934157053122,0.03359060363851274,NVDA
Top1 PIT S&P membership,2023-04-12,1.3959384722747625,-0.01276876061091392,NVDA
Top1 PIT S&P membership,2023-04-13,1.3635006203041145,-0.02323730781471245,NVDA
Top1 PIT S&P membership,2023-04-14,1.3517702452138831,-0.008603131465840463,NVDA
Top1 PIT S&P membership,2023-04-17,1.3548813579649575,0.002301510010365826,NVDA
Top1 PIT S&P membership,2023-04-18,1.4042517367865335,0.03643889446949866,NVDA
Top1 PIT S&P membership,2023-04-19,1.395479590084646,-0.006246847678437972,NVDA
Top1 PIT S&P membership,2023-04-20,1.411290296971228,0.011329944915656531,NVDA
Top1 PIT S&P membership,2023-04-21,1.3746194015843636,-0.02598394920277125,NVDA
Top1 PIT S&P membership,2023-04-24,1.3777306249357755,0.0022633343802844763,NVDA
Top1 PIT S&P membership,2023-04-25,1.3810455756052233,0.0024060949284643307,NVDA
Top1 PIT S&P membership,2023-04-26,1.377169333131549,-0.0028067447897043296,NVDA
Top1 PIT S&P membership,2023-04-27,1.3955814535539486,0.013369539953762999,NVDA
Top1 PIT S&P membership,2023-04-28,1.3885430379101646,-0.005043357108150182,NVDA
Top1 PIT S&P membership,2023-05-01,1.4199095991553043,0.022589549181239788,NVDA
Top1 PIT S&P membership,2023-05-02,1.4627517461893849,0.030172446935753605,NVDA
Top1 PIT S&P membership,2023-05-03,1.4199096190347313,-0.029288720568108384,NVDA
Top1 PIT S&P membership,2023-05-04,1.410270160582878,-0.006788783118749642,NVDA
Top1 PIT S&P membership,2023-05-05,1.41919569440237,0.0063289531814265665,NVDA
Top1 PIT S&P membership,2023-05-08,1.4546930496014208,0.025012304743496916,NVDA
Top1 PIT S&P membership,2023-05-09,1.4739212274378704,0.013218031007790954,NVDA
Top1 PIT S&P membership,2023-05-10,1.479327598301106,0.0036680188619262477,NVDA
Top1 PIT S&P membership,2023-05-11,1.4737682309332039,-0.003758036674423426,NVDA
Top1 PIT S&P membership,2023-05-12,1.4550501502923652,-0.012700830597349944,NVDA
Top1 PIT S&P membership,2023-05-15,1.4539793216528984,-0.0007359393346350052,NVDA
Top1 PIT S&P membership,2023-05-16,1.4709630257853032,0.011680842966251825,NVDA
Top1 PIT S&P membership,2023-05-17,1.5088579312415646,0.025761970078092444,NVDA
Top1 PIT S&P membership,2023-05-18,1.5509859669393442,0.027920478678277183,NVDA
Top1 PIT S&P membership,2023-05-19,1.6084147536807982,0.03702727681977791,NVDA
Top1 PIT S&P membership,2023-05-22,1.5760281740748818,-0.02013571408232917,NVDA
Top1 PIT S&P membership,2023-05-23,1.5810775381136546,0.0032038539169749747,NVDA
Top1 PIT S&P membership,2023-05-24,1.5407855583395655,-0.02548387337294067,NVDA
Top1 PIT S&P membership,2023-05-25,1.9647692244635115,0.27517370203083535,NVDA
Top1 PIT S&P membership,2023-05-26,1.9324846672774822,-0.01643172988667141,NVDA
Top1 PIT S&P membership,2023-05-30,2.0704465442338127,0.07139092966294713,NVDA
Top1 PIT S&P membership,2023-05-31,2.013986674393686,-0.027269416830570936,NVDA
Top1 PIT S&P membership,2023-06-01,1.9630351244505662,-0.02529885157182521,NVDA
Top1 PIT S&P membership,2023-06-02,2.012941619058147,0.025423128697989572,META
Top1 PIT S&P membership,2023-06-05,1.9955184888083783,-0.008655556666328446,META
Top1 PIT S&P membership,2023-06-06,1.994337720161609,-0.0005917102013294206,META
Top1 PIT S&P membership,2023-06-07,2.0056327117337336,0.005663530032019581,META
Top1 PIT S&P membership,2023-06-08,1.9240552348885762,-0.0406741854417797,META
Top1 PIT S&P membership,2023-06-09,1.9377868696639717,0.007136819425140217,META
Top1 PIT S&P membership,2023-06-12,1.9724111737513776,0.01786796299915583,META
Top1 PIT S&P membership,2023-06-13,2.0293309851878307,0.028857984680849214,META
Top1 PIT S&P membership,2023-06-14,2.007257050495817,-0.010877444267658909,META
Top1 PIT S&P membership,2023-06-15,2.0102838587906224,0.0015079325759785878,META
Top1 PIT S&P membership,2023-06-16,2.102197462909256,0.045721704284054976,META
Top1 PIT S&P membership,2023-06-20,2.0577537177033114,-0.02114156542860557,META
Top1 PIT S&P membership,2023-06-21,2.0931905116514646,0.017221105540125015,META
Top1 PIT S&P membership,2023-06-22,2.0603377469300037,-0.01569506671207921,META
Top1 PIT S&P membership,2023-06-23,2.0782779430101725,0.008707405427532677,META
Top1 PIT S&P membership,2023-06-26,2.1313584969111212,0.025540642472520858,META
Top1 PIT S&P membership,2023-06-27,2.0819686570863287,-0.023172938713206137,META
Top1 PIT S&P membership,2023-06-28,2.1027142004029895,0.009964387910475825,META
Top1 PIT S&P membership,2023-06-29,2.100351633251163,-0.0011235797767350508,META
Top1 PIT S&P membership,2023-06-30,2.1022713056637365,0.0009139766799914906,META
Top1 PIT S&P membership,2023-07-03,2.1165935946599377,0.006812769102453764,META
Top1 PIT S&P membership,2023-07-05,2.0975768252862137,-0.008984610660120351,NVDA
Top1 PIT S&P membership,2023-07-06,2.083090571737295,-0.006906184972243823,NVDA
Top1 PIT S&P membership,2023-07-07,2.1068863339758446,0.011423296980651143,NVDA
Top1 PIT S&P membership,2023-07-10,2.1235635215646678,0.00791556113867431,NVDA
Top1 PIT S&P membership,2023-07-11,2.1148017263839805,-0.004125986857332897,NVDA
Top1 PIT S&P membership,2023-07-12,2.142281378208994,0.012993961316647873,NVDA
Top1 PIT S&P membership,2023-07-13,2.216208470398902,0.034508581805305694,NVDA
Top1 PIT S&P membership,2023-07-14,2.3190086520813775,0.04638560995300778,NVDA
Top1 PIT S&P membership,2023-07-17,2.304372747320289,-0.006311276479262995,NVDA
Top1 PIT S&P membership,2023-07-18,2.3248830901116126,0.008900618537159177,NVDA
Top1 PIT S&P membership,2023-07-19,2.3628671251254656,0.016338040899953166,NVDA
Top1 PIT S&P membership,2023-07-20,2.315225078948471,-0.020162812233660787,NVDA
Top1 PIT S&P membership,2023-07-21,2.2794317188566326,-0.015459991521902139,NVDA
Top1 PIT S&P membership,2023-07-24,2.2268122601873803,-0.02308446365554928,NVDA
Top1 PIT S&P membership,2023-07-25,2.2372662094981486,0.004694580453714847,NVDA
Top1 PIT S&P membership,2023-07-26,2.291031088428275,0.024031507158992493,NVDA
Top1 PIT S&P membership,2023-07-27,2.3158228686890556,0.0108212325821333,NVDA
Top1 PIT S&P membership,2023-07-28,2.3232403517744737,0.0032029578711332274,NVDA
Top1 PIT S&P membership,2023-07-31,2.3275213092784197,0.001842666644747304,NVDA
Top1 PIT S&P membership,2023-08-01,2.312885291203537,-0.00628824235315828,NVDA
Top1 PIT S&P membership,2023-08-02,2.2815726704254766,-0.013538337113885412,NVDA
Top1 PIT S&P membership,2023-08-03,2.1804645984243436,-0.04431507850340699,NVDA
Top1 PIT S&P membership,2023-08-04,2.239456457186212,0.027054719808107697,NVDA
Top1 PIT S&P membership,2023-08-07,2.2457295517650953,0.002801168363311346,NVDA
Top1 PIT S&P membership,2023-08-08,2.232885715918308,-0.005719226447677972,NVDA
Top1 PIT S&P membership,2023-08-09,2.2040612523384864,-0.012909063537973053,NVDA
Top1 PIT S&P membership,2023-08-10,2.0988217496286925,-0.047747993663123434,NVDA
Top1 PIT S&P membership,2023-08-11,2.0784607918124944,-0.00970113723082977,NVDA
Top1 PIT S&P membership,2023-08-14,2.015485924086087,-0.030298799945843946,NVDA
Top1 PIT S&P membership,2023-08-15,2.2182994940961978,0.10062762909251055,NVDA
Top1 PIT S&P membership,2023-08-16,2.2163075826377234,-0.0008979452340748262,NVDA
Top1 PIT S&P membership,2023-08-17,2.188927345299691,-0.012353988026087004,NVDA
Top1 PIT S&P membership,2023-08-18,2.1224679906395028,-0.030361608302302723,NVDA
Top1 PIT S&P membership,2023-08-21,2.215013719125365,0.04360288536458823,NVDA
Top1 PIT S&P membership,2023-08-22,2.396270831337572,0.08183114652841939,NVDA
Top1 PIT S&P membership,2023-08-23,2.2833150282185053,-0.047138162198475775,NVDA
Top1 PIT S&P membership,2023-08-24,2.499868083272811,0.09484151436749633,NVDA
Top1 PIT S&P membership,2023-08-25,2.340365381152648,-0.06380444759762816,NVDA
Top1 PIT S&P membership,2023-08-28,2.313980879006642,-0.011273667931719022,NVDA
Top1 PIT S&P membership,2023-08-29,2.3231405616851757,0.0039584089746089735,NVDA
Top1 PIT S&P membership,2023-08-30,2.4415230202833134,0.05095794053557601,NVDA
Top1 PIT S&P membership,2023-08-31,2.4582499199362546,0.006851010420127146,NVDA
Top1 PIT S&P membership,2023-09-01,2.477266906639128,0.007735985893316588,NVDA
Top1 PIT S&P membership,2023-09-05,2.4006518699440735,-0.030927243443055863,NVDA
Top1 PIT S&P membership,2023-09-06,2.411702802246682,0.004603304811066078,NVDA
Top1 PIT S&P membership,2023-09-07,2.266525803156952,-0.060196886181202114,NVDA
Top1 PIT S&P membership,2023-09-08,2.2872868066583645,0.009159835494700896,NVDA
Top1 PIT S&P membership,2023-09-11,2.297542645058487,0.004483844514062474,NVDA
Top1 PIT S&P membership,2023-09-12,2.2273441302287877,-0.030553737481513465,NVDA
Top1 PIT S&P membership,2023-09-13,2.2204733282989593,-0.00308475095364924,NVDA
Top1 PIT S&P membership,2023-09-14,2.287685001759438,0.030269074887725678,NVDA
Top1 PIT S&P membership,2023-09-15,2.2573648428714637,-0.013253642378498576,NVDA
Top1 PIT S&P membership,2023-09-18,2.128268631408171,-0.0571888996459593,NVDA
Top1 PIT S&P membership,2023-09-19,2.182287254535904,0.025381487247684298,NVDA
Top1 PIT S&P membership,2023-09-20,2.170687202414935,-0.005315547756995831,NVDA
Top1 PIT S&P membership,2023-09-21,2.0702675667882633,-0.04626167948793025,NVDA
Top1 PIT S&P membership,2023-09-22,2.0697201503744043,-0.0002644181953294078,NVDA
Top1 PIT S&P membership,2023-09-25,2.07066616164061,0.00045707206649869825,NVDA
Top1 PIT S&P membership,2023-09-26,2.091078774888384,0.009857993348189487,NVDA
Top1 PIT S&P membership,2023-09-27,2.107458244548578,0.00783302372770156,NVDA
Top1 PIT S&P membership,2023-09-28,2.113930482698423,0.0030711109776844214,NVDA
Top1 PIT S&P membership,2023-09-29,2.181988731138325,0.0321951213613354,NVDA
Top1 PIT S&P membership,2023-10-02,2.1920951377561217,0.004631740977197651,NVDA
Top1 PIT S&P membership,2023-10-03,2.230828810376621,0.01766970418088154,NVDA
Top1 PIT S&P membership,2023-10-04,2.17775698316248,-0.0237901837053921,NVDA
Top1 PIT S&P membership,2023-10-05,2.1930908475420727,0.007041127406844705,NVDA
Top1 PIT S&P membership,2023-10-06,2.2002103318134667,0.0032463243733715785,NVDA
Top1 PIT S&P membership,2023-10-09,2.2325216968786137,0.014685580100205708,NVDA
Top1 PIT S&P membership,2023-10-10,2.2558216911598796,0.01043662613171592,NVDA
Top1 PIT S&P membership,2023-10-11,2.299932639101318,0.01955427067409654,NVDA
Top1 PIT S&P membership,2023-10-12,2.3288586901390826,0.01257691227385993,NVDA
Top1 PIT S&P membership,2023-10-13,2.337969379228937,0.003912083257104015,NVDA
Top1 PIT S&P membership,2023-10-16,2.243524445241455,-0.04039613813018783,NVDA
Top1 PIT S&P membership,2023-10-17,2.190601872766902,-0.02358903313347116,NVDA
Top1 PIT S&P membership,2023-10-18,2.1204522239512973,-0.032023002302559056,NVDA
Top1 PIT S&P membership,2023-10-19,2.1314055993095042,0.00516558460241856,NVDA
Top1 PIT S&P membership,2023-10-20,2.0855521018695278,-0.021513266857716484,NVDA
Top1 PIT S&P membership,2023-10-23,2.0526434962597846,-0.015779325570549618,NVDA
Top1 PIT S&P membership,2023-10-24,2.1446489346940734,0.044822902078191396,NVDA
Top1 PIT S&P membership,2023-10-25,2.1606299214202034,0.007451563035611564,NVDA
Top1 PIT S&P membership,2023-10-26,2.0837101912181564,-0.03560060399028775,NVDA
Top1 PIT S&P membership,2023-10-27,2.047714621589658,-0.01727474856158151,NVDA
Top1 PIT S&P membership,2023-10-30,2.0455738590991315,-0.0010454398615685756,NVDA
Top1 PIT S&P membership,2023-10-31,2.0138600989385314,-0.015503600625091485,NVDA
Top1 PIT S&P membership,2023-11-01,2.0354671156561515,0.010729154785383832,NVDA
Top1 PIT S&P membership,2023-11-02,2.1571451520826304,0.05977892518654371,NVDA
Top1 PIT S&P membership,2023-11-03,2.191597143213172,0.015971104724816332,NVDA
Top1 PIT S&P membership,2023-11-06,2.2545770285781086,0.028736980954720437,NVDA
Top1 PIT S&P membership,2023-11-07,2.276184491134808,0.009583820948591226,NVDA
Top1 PIT S&P membership,2023-11-08,2.295152830127185,0.008333392598998124,NVDA
Top1 PIT S&P membership,2023-11-09,2.36321103295421,0.029653015665738414,NVDA
Top1 PIT S&P membership,2023-11-10,2.364854161101382,0.0006952947173395341,NVDA
Top1 PIT S&P membership,2023-11-13,2.4056784678896777,0.017262927862444988,NVDA
Top1 PIT S&P membership,2023-11-14,2.4733885267810076,0.02814593047038705,NVDA
Top1 PIT S&P membership,2023-11-15,2.486084177502227,0.005132897878256992,NVDA
Top1 PIT S&P membership,2023-11-16,2.4235523203977354,-0.025152751330937417,NVDA
Top1 PIT S&P membership,2023-11-17,2.465621827999222,0.01735861332450317,NVDA
Top1 PIT S&P membership,2023-11-20,2.455066928087115,-0.0042808267643671405,NVDA
Top1 PIT S&P membership,2023-11-21,2.4955929817336155,0.016507107477545135,NVDA
Top1 PIT S&P membership,2023-11-22,2.4819516045919365,-0.00546618669050869,NVDA
Top1 PIT S&P membership,2023-11-24,2.413146958807302,-0.027721993312575854,NVDA
Top1 PIT S&P membership,2023-11-27,2.3797898495088092,-0.01382307413013062,NVDA
Top1 PIT S&P membership,2023-11-28,2.4014969294656963,0.009121427239202395,NVDA
Top1 PIT S&P membership,2023-11-29,2.408616162460964,0.0029644980628193984,NVDA
Top1 PIT S&P membership,2023-11-30,2.3909420242180897,-0.007337880779150874,NVDA
Top1 PIT S&P membership,2023-12-01,2.3163125769763937,-0.031213407303801954,NVDA
Top1 PIT S&P membership,2023-12-04,2.3353062962311752,0.008199981057640748,MPC
Top1 PIT S&P membership,2023-12-05,2.357725241694359,0.00960000214933876,MPC
Top1 PIT S&P membership,2023-12-06,2.300432291976309,-0.024300096001379945,MPC
Top1 PIT S&P membership,2023-12-07,2.2358219278467195,-0.028086183781606877,MPC
Top1 PIT S&P membership,2023-12-08,2.22025361389803,-0.006963127856824847,MPC
Top1 PIT S&P membership,2023-12-11,2.218541085841004,-0.0007713209186132053,MPC
Top1 PIT S&P membership,2023-12-12,2.2190075789498773,0.00021027021399344648,MPC
Top1 PIT S&P membership,2023-12-13,2.229595195245101,0.004771329487857967,MPC
Top1 PIT S&P membership,2023-12-14,2.3206720343021243,0.0408490470607652,MPC
Top1 PIT S&P membership,2023-12-15,2.2685165624610106,-0.022474296699489416,MPC
Top1 PIT S&P membership,2023-12-18,2.349785367863304,0.03582464714920519,MPC
Top1 PIT S&P membership,2023-12-19,2.3644198545005053,0.00622800994395023,MPC
Top1 PIT S&P membership,2023-12-20,2.4027186381438437,0.016197962291019996,MPC
Top1 PIT S&P membership,2023-12-21,2.392131905820406,-0.00440614733467759,MPC
Top1 PIT S&P membership,2023-12-22,2.3952459495800476,0.0013017859726149883,MPC
Top1 PIT S&P membership,2023-12-26,2.363641404182781,-0.013194697355738194,MPC
Top1 PIT S&P membership,2023-12-27,2.3583477330318856,-0.002239625326213801,MPC
Top1 PIT S&P membership,2023-12-28,2.3198929610682764,-0.01630581081195004,MPC
Top1 PIT S&P membership,2023-12-29,2.3027675848825715,-0.007381968251594984,MPC
Top1 PIT S&P membership,2024-01-02,2.3202045195807073,0.007572164387152025,MPC
Top1 PIT S&P membership,2024-01-03,2.3299398655609926,0.004195899929565039,KEY
Top1 PIT S&P membership,2024-01-04,2.3039794176070267,-0.01114211072040494,KEY
Top1 PIT S&P membership,2024-01-05,2.326694886993091,0.009859232774595217,KEY
Top1 PIT S&P membership,2024-01-08,2.359144971098174,0.01394685838976506,KEY
Top1 PIT S&P membership,2024-01-09,2.3753703529298784,0.006877653569611564,KEY
Top1 PIT S&P membership,2024-01-10,2.3591451154942416,-0.006830613767501048,KEY
Top1 PIT S&P membership,2024-01-11,2.328317551863602,-0.01306726043606743,KEY
Top1 PIT S&P membership,2024-01-12,2.3445421173775944,0.006968364560498319,KEY
Top1 PIT S&P membership,2024-01-16,2.2601714683979,-0.035985981379624055,KEY
Top1 PIT S&P membership,2024-01-17,2.2179857695371914,-0.018664822315720975,KEY
Top1 PIT S&P membership,2024-01-18,2.182290295550368,-0.01609364427720006,KEY
Top1 PIT S&P membership,2024-01-19,2.1465946257912676,-0.016356975894491477,KEY
Top1 PIT S&P membership,2024-01-22,2.273151282674907,0.058956942947245405,KEY
Top1 PIT S&P membership,2024-01-23,2.31046944610982,0.01641692909721315,KEY
Top1 PIT S&P membership,2024-01-24,2.3688800496022937,0.02528083787942781,KEY
Top1 PIT S&P membership,2024-01-25,2.3769927386402876,0.0034246938925235337,KEY
Top1 PIT S&P membership,2024-01-26,2.375370304540166,-0.000682557449060428,KEY
Top1 PIT S&P membership,2024-01-29,2.375370016023252,-1.2146186800787717e-07,KEY
Top1 PIT S&P membership,2024-01-30,2.4094434363022152,0.014344468461384263,KEY
Top1 PIT S&P membership,2024-01-31,2.3559000644466455,-0.022222298747026525,KEY
Top1 PIT S&P membership,2024-02-01,2.3607674514121975,0.002066041356765025,KEY
Top1 PIT S&P membership,2024-02-02,2.3525605514761057,-0.003476369487889319,INTC
Top1 PIT S&P membership,2024-02-05,2.331770415695475,-0.008837237267957154,INTC
Top1 PIT S&P membership,2024-02-06,2.34299505173085,0.004813782677668632,INTC
Top1 PIT S&P membership,2024-02-07,2.3534205322277746,0.00444963829062428,INTC
Top1 PIT S&P membership,2024-02-08,2.3440926050792856,-0.0039635615567860105,INTC
Top1 PIT S&P membership,2024-02-09,2.334764419956373,-0.003979443944620464,INTC
Top1 PIT S&P membership,2024-02-12,2.380856024147475,0.019741436779288968,INTC
Top1 PIT S&P membership,2024-02-13,2.3594564614362477,-0.008988180089088083,INTC
Top1 PIT S&P membership,2024-02-14,2.4044506032773705,0.019069706339795767,INTC
Top1 PIT S&P membership,2024-02-15,2.4560293688832138,0.02145137252374374,INTC
Top1 PIT S&P membership,2024-02-16,2.4159736435781793,-0.01630913938266476,INTC
Top1 PIT S&P membership,2024-02-20,2.4285938143879804,0.0052236376184593425,INTC
Top1 PIT S&P membership,2024-02-21,2.4406654036008755,0.004970608564255574,INTC
Top1 PIT S&P membership,2024-02-22,2.4516398673586104,0.004496504822637082,INTC
Top1 PIT S&P membership,2024-02-23,2.3665895375728865,-0.034691200334148964,INTC
Top1 PIT S&P membership,2024-02-26,2.3868917768361952,0.008578690533775468,INTC
Top1 PIT S&P membership,2024-02-27,2.3731740879398715,-0.005747092947174348,INTC
Top1 PIT S&P membership,2024-02-28,2.3287285253989705,-0.018728319496983836,INTC
Top1 PIT S&P membership,2024-02-29,2.324887479588482,-0.001649417597884395,INTC
Top1 PIT S&P membership,2024-03-01,2.381953407044882,0.024545672836820742,INTC
Top1 PIT S&P membership,2024-03-04,2.4692110589145617,0.036632812216899735,AMD
Top1 PIT S&P membership,2024-03-05,2.4131254068787316,-0.022713996777774415,AMD
Top1 PIT S&P membership,2024-03-06,2.532638212943806,0.049526148008884,AMD
Top1 PIT S&P membership,2024-03-07,2.5577926273309326,0.0099320993652261,AMD
Top1 PIT S&P membership,2024-03-08,2.568504248973163,0.004187838188199011,AMD
Top1 PIT S&P membership,2024-03-11,2.443334541619738,-0.04873252882624779,AMD
Top1 PIT S&P membership,2024-03-12,2.4133661690638757,-0.012265357872768279,AMD
Top1 PIT S&P membership,2024-03-13,2.391822452862973,-0.008926832768712978,AMD
Top1 PIT S&P membership,2024-03-14,2.3218960053689783,-0.029235634697840407,AMD
Top1 PIT S&P membership,2024-03-15,2.224528545496062,-0.041934462029208586,AMD
Top1 PIT S&P membership,2024-03-18,2.3263490957316026,0.04577174360908698,AMD
Top1 PIT S&P membership,2024-03-19,2.2044292187582912,-0.05240824655122078,AMD
Top1 PIT S&P membership,2024-03-20,2.190829001837534,-0.006169495851818696,AMD
Top1 PIT S&P membership,2024-03-21,2.2382490516855227,0.0216447973841023,AMD
Top1 PIT S&P membership,2024-03-22,2.1328178032637575,-0.04710434182575429,AMD
Top1 PIT S&P membership,2024-03-25,2.080944479405406,-0.02432149796338523,AMD
Top1 PIT S&P membership,2024-03-26,2.160860445633934,0.03840369938719501,AMD
Top1 PIT S&P membership,2024-03-27,2.1659155332832913,0.002339386451156944,AMD
Top1 PIT S&P membership,2024-03-28,2.160018053457534,-0.0027228577177326185,AMD
Top1 PIT S&P membership,2024-04-01,2.167600501283831,0.003510363172270603,AMD
Top1 PIT S&P membership,2024-04-02,2.146139110182011,-0.00990099009900991,SMCI
Top1 PIT S&P membership,2024-04-03,2.0924856324274606,-0.025000000000000022,SMCI
Top1 PIT S&P membership,2024-04-04,2.212025574315102,0.057128201998197126,SMCI
Top1 PIT S&P membership,2024-04-05,2.0774627241511543,-0.06083241158078001,SMCI
Top1 PIT S&P membership,2024-04-08,2.0656588935501854,-0.005681849529113325,SMCI
Top1 PIT S&P membership,2024-04-09,1.98517867691836,-0.038961038961038974,SMCI
Top1 PIT S&P membership,2024-04-10,1.880339735539491,-0.052810833905194254,SMCI
Top1 PIT S&P membership,2024-04-11,1.9572788029910262,0.04091764163536138,SMCI
Top1 PIT S&P membership,2024-04-12,1.9750917969025175,0.00910089757487298,SMCI
Top1 PIT S&P membership,2024-04-15,1.9572788029910264,-0.009018818233879955,SMCI
Top1 PIT S&P membership,2024-04-16,1.9343581840030102,-0.011710451752192874,SMCI
Top1 PIT S&P membership,2024-04-17,2.1289913814075945,0.10061900583572658,SMCI
Top1 PIT S&P membership,2024-04-18,2.0643283632760356,-0.03037260681102738,SMCI
Top1 PIT S&P membership,2024-04-19,1.8692871322210478,-0.0944816893110273,SMCI
Top1 PIT S&P membership,2024-04-22,1.5708021663422036,-0.15967850028700015,SMCI
Top1 PIT S&P membership,2024-04-23,1.5666815504328684,-0.0026232558100748316,SMCI
Top1 PIT S&P membership,2024-04-24,1.6932823410790836,0.08080824760541527,SMCI
Top1 PIT S&P membership,2024-04-25,1.558011162836626,-0.07988695975902804,SMCI
Top1 PIT S&P membership,2024-04-26,1.715237236764498,0.10091460040736489,SMCI
Top1 PIT S&P membership,2024-04-29,1.8006107461901917,0.04977358676443866,SMCI
Top1 PIT S&P membership,2024-04-30,1.880017827771958,0.04410008201371629,SMCI
Top1 PIT S&P membership,2024-05-01,1.6683227000009877,-0.1126027235719641,SMCI
Top1 PIT S&P membership,2024-05-02,1.646432153121596,-0.013121290550910047,SMCI
Top1 PIT S&P membership,2024-05-03,1.6525271148401486,0.0037019209731763425,SMCI
Top1 PIT S&P membership,2024-05-06,1.699377302797636,0.02835063191203324,SMCI
Top1 PIT S&P membership,2024-05-07,1.740518785610127,0.02420974008818466,SMCI
Top1 PIT S&P membership,2024-05-08,1.7219547281535301,-0.010665818496230273,SMCI
Top1 PIT S&P membership,2024-05-09,1.77809766964032,0.03260419136976522,SMCI
Top1 PIT S&P membership,2024-05-10,1.7543400249617485,-0.01336127091566186,SMCI
Top1 PIT S&P membership,2024-05-13,1.7401325290365703,-0.008098484742424916,SMCI
Top1 PIT S&P membership,2024-05-14,1.6632578103910585,-0.04417750795571518,SMCI
Top1 PIT S&P membership,2024-05-15,1.8113628913431088,0.08904517389112909,SMCI
Top1 PIT S&P membership,2024-05-16,1.983032570555662,0.09477376401658621,SMCI
Top1 PIT S&P membership,2024-05-17,1.9856078326959314,0.0012986484329644554,SMCI
Top1 PIT S&P membership,2024-05-20,1.9358174118892058,-0.025075656928248202,SMCI
Top1 PIT S&P membership,2024-05-21,1.9079177016992912,-0.014412366589205639,SMCI
Top1 PIT S&P membership,2024-05-22,1.9532441492271402,0.02375702447096062,SMCI
Top1 PIT S&P membership,2024-05-23,2.0055454833681132,0.02677664958662107,SMCI
Top1 PIT S&P membership,2024-05-24,1.841387422031133,-0.08185207600542332,SMCI
Top1 PIT S&P membership,2024-05-28,1.9293790928011116,0.04778552830176275,SMCI
Top1 PIT S&P membership,2024-05-29,1.8427394019072907,-0.044905478253128406,SMCI
Top1 PIT S&P membership,2024-05-30,1.785587674176465,-0.031014546968319068,SMCI
Top1 PIT S&P membership,2024-05-31,1.7512494811610366,-0.01923075159625831,SMCI
Top1 PIT S&P membership,2024-06-03,1.7212035008710045,-0.017156881765419518,SMCI
Top1 PIT S&P membership,2024-06-04,1.62891961737563,-0.053615905062170066,SMCI
Top1 PIT S&P membership,2024-06-05,1.7061805925946985,0.04743080898217955,SMCI
Top1 PIT S&P membership,2024-06-06,1.7276419836965184,0.012578616352201255,SMCI
Top1 PIT S&P membership,2024-06-07,1.6388776360420072,-0.05137890170079584,SMCI
Top1 PIT S&P membership,2024-06-10,1.6346068729186187,-0.0026059072559575513,SMCI
Top1 PIT S&P membership,2024-06-11,1.6739885059419681,0.024092418596670218,SMCI
Top1 PIT S&P membership,2024-06-12,1.6847192014928782,0.0064102564102563875,SMCI
Top1 PIT S&P membership,2024-06-13,1.6847192014928782,0.0,SMCI
Top1 PIT S&P membership,2024-06-14,1.817629613615142,0.0788917298529559,SMCI
Top1 PIT S&P membership,2024-06-17,1.8400996272235783,0.012362262058299711,SMCI
Top1 PIT S&P membership,2024-06-18,1.9250867163382954,0.04618613462954135,SMCI
Top1 PIT S&P membership,2024-06-20,2.0630620180704877,0.07167225276720779,SMCI
Top1 PIT S&P membership,2024-06-21,1.931739858921305,-0.06365400458101778,SMCI
Top1 PIT S&P membership,2024-06-24,1.8907485233228671,-0.02121990464147061,SMCI
Top1 PIT S&P membership,2024-06-25,1.8167282391185633,-0.03914866693864605,SMCI
Top1 PIT S&P membership,2024-06-26,1.8102683066910417,-0.0035558055896438567,SMCI
Top1 PIT S&P membership,2024-06-27,1.7834630174157742,-0.0148073571062316,SMCI
Top1 PIT S&P membership,2024-06-28,1.9293790928011112,0.08181614867280418,SMCI
Top1 PIT S&P membership,2024-07-01,1.78438584151436,-0.07515021378004416,SMCI
Top1 PIT S&P membership,2024-07-02,1.7156236570754735,-0.038535490945461714,SMCI
Top1 PIT S&P membership,2024-07-03,1.7967262396403587,0.04727294487366551,SMCI
Top1 PIT S&P membership,2024-07-05,1.8184237401016823,0.012076130454724554,SMCI
Top1 PIT S&P membership,2024-07-08,1.854264223944741,0.019709643606530713,SMCI
Top1 PIT S&P membership,2024-07-09,1.9483294068312649,0.05072911490812815,SMCI
Top1 PIT S&P membership,2024-07-10,1.907273886164224,-0.02107216599158812,SMCI
Top1 PIT S&P membership,2024-07-11,1.953737817548155,0.024361436352162258,SMCI
Top1 PIT S&P membership,2024-07-12,1.909226782371434,-0.02278250171385854,SMCI
Top1 PIT S&P membership,2024-07-15,2.01737076357109,0.056642815928515056,SMCI
Top1 PIT S&P membership,2024-07-16,1.9343581840030097,-0.04114889591298221,SMCI
Top1 PIT S&P membership,2024-07-17,1.8145606831538579,-0.061931395043517634,SMCI
Top1 PIT S&P membership,2024-07-18,1.7835489795612247,-0.017090474780227405,SMCI
Top1 PIT S&P membership,2024-07-19,1.6916511889019867,-0.051525240804906836,SMCI
Top1 PIT S&P membership,2024-07-22,1.7306465653517797,0.023051664968298802,SMCI
Top1 PIT S&P membership,2024-07-23,1.6708550629372416,-0.03454864997370777,SMCI
Top1 PIT S&P membership,2024-07-24,1.641796419289238,-0.017391480740956977,SMCI
Top1 PIT S&P membership,2024-07-25,1.5022759275253996,-0.08498038497625615,SMCI
Top1 PIT S&P membership,2024-07-26,1.5250678489013696,0.015171594617450657,SMCI
Top1 PIT S&P membership,2024-07-29,1.5467867989647008,0.014241300856861594,SMCI
Top1 PIT S&P membership,2024-07-30,1.5130280726783174,-0.021825067494097405,SMCI
Top1 PIT S&P membership,2024-07-31,1.5237587682292273,0.007092198581560183,SMCI
Top1 PIT S&P membership,2024-08-01,1.5120837989777236,-0.0076619537783341185,SMCI
Top1 PIT S&P membership,2024-08-02,1.4133455031687736,-0.06529948662614082,VST
Top1 PIT S&P membership,2024-08-05,1.271230840477419,-0.10055196154990276,VST
Top1 PIT S&P membership,2024-08-06,1.331729451152633,0.04759057816162904,VST
Top1 PIT S&P membership,2024-08-07,1.4588145488869093,0.09542861549264536,VST
Top1 PIT S&P membership,2024-08-08,1.436365414730479,-0.01538861411380854,VST
Top1 PIT S&P membership,2024-08-09,1.483927088927916,0.03311251698883422,VST
Top1 PIT S&P membership,2024-08-12,1.5027614798267914,0.012692261661240156,VST
Top1 PIT S&P membership,2024-08-13,1.503522386768001,0.0005063391306099341,VST
Top1 PIT S&P membership,2024-08-14,1.527113026082316,0.015690248127948392,VST
Top1 PIT S&P membership,2024-08-15,1.513415397315004,-0.008969623422342421,VST
Top1 PIT S&P membership,2024-08-16,1.5434744425115456,0.019861728148048652,VST
Top1 PIT S&P membership,2024-08-19,1.5124640311439534,-0.020091302138525835,VST
Top1 PIT S&P membership,2024-08-20,1.5305374970705141,0.011949683135863198,VST
Top1 PIT S&P membership,2024-08-21,1.5153179491441964,-0.009943923592494963,VST
Top1 PIT S&P membership,2024-08-22,1.5678260040964938,0.03465150992367794,VST
Top1 PIT S&P membership,2024-08-23,1.5969339394199564,0.018565794448751394,VST
Top1 PIT S&P membership,2024-08-26,1.6420223420244302,0.028234356783005676,VST
Top1 PIT S&P membership,2024-08-27,1.6005484671658048,-0.02525780179549375,VST
Top1 PIT S&P membership,2024-08-28,1.6089195221371255,0.005230116515086758,VST
Top1 PIT S&P membership,2024-08-29,1.5828554628357554,-0.01619972841571915,VST
Top1 PIT S&P membership,2024-08-30,1.6184315741339141,0.022475906444687332,VST
Top1 PIT S&P membership,2024-09-03,1.6171002556149674,-0.0008225979647358272,VST
Top1 PIT S&P membership,2024-09-04,1.5949733888400128,-0.013683051930840184,MMM
Top1 PIT S&P membership,2024-09-05,1.6038485113136276,0.005564432946476572,MMM
Top1 PIT S&P membership,2024-09-06,1.5865845853324236,-0.010764062727510293,MMM
Top1 PIT S&P membership,2024-09-09,1.5730895549873813,-0.008505711242754121,MMM
Top1 PIT S&P membership,2024-09-10,1.5665244492377808,-0.0041733833453958535,MMM
Top1 PIT S&P membership,2024-09-11,1.5744266505000435,0.005044416169889709,MMM
Top1 PIT S&P membership,2024-09-12,1.584153228362133,0.006177853924792309,MMM
Top1 PIT S&P membership,2024-09-13,1.6033623864253805,0.012125820734594006,MMM
Top1 PIT S&P membership,2024-09-16,1.6288933113072774,0.01592336523424187,MMM
Top1 PIT S&P membership,2024-09-17,1.6302306529807933,0.0008210124409206987,MMM
Top1 PIT S&P membership,2024-09-18,1.6201398034325685,-0.006189829353149601,MMM
Top1 PIT S&P membership,2024-09-19,1.6339995038340454,0.008554632366980064,MMM
Top1 PIT S&P membership,2024-09-20,1.6171005727801078,-0.010342066208885337,MMM
Top1 PIT S&P membership,2024-09-23,1.6376470266758782,0.01270573657669738,MMM
Top1 PIT S&P membership,2024-09-24,1.6591662628438266,0.013140338435217336,MMM
Top1 PIT S&P membership,2024-09-25,1.6684058673427264,0.005568823755530694,MMM
Top1 PIT S&P membership,2024-09-26,1.6724181237704363,0.002404844352471791,MMM
Top1 PIT S&P membership,2024-09-27,1.6899251737884273,0.010468105893591817,MMM
Top1 PIT S&P membership,2024-09-30,1.6757005883622993,-0.008417287135997764,MMM
Top1 PIT S&P membership,2024-10-01,1.6534520205941432,-0.013277173692407773,MMM
Top1 PIT S&P membership,2024-10-02,1.6693281077444648,0.009601782786909485,HWM
Top1 PIT S&P membership,2024-10-03,1.6782585633281757,0.005349730554634613,HWM
Top1 PIT S&P membership,2024-10-04,1.6837160174372119,0.0032518553626286195,HWM
Top1 PIT S&P membership,2024-10-07,1.682723923989633,-0.0005892284906150458,HWM
Top1 PIT S&P membership,2024-10-08,1.7171224832186793,0.02044218825123112,HWM
Top1 PIT S&P membership,2024-10-09,1.7052154091842924,-0.006934318402300299,HWM
Top1 PIT S&P membership,2024-10-10,1.708357490634113,0.0018426302230776237,HWM
Top1 PIT S&P membership,2024-10-11,1.6895045062857008,-0.011035737222315434,HWM
Top1 PIT S&P membership,2024-10-14,1.716957312196044,0.016249027929908788,HWM
Top1 PIT S&P membership,2024-10-15,1.7017422935280961,-0.008861617327274862,HWM
Top1 PIT S&P membership,2024-10-16,1.7200992138132714,0.010787132901960872,HWM
Top1 PIT S&P membership,2024-10-17,1.7533403375861,0.01932512003138287,HWM
Top1 PIT S&P membership,2024-10-18,1.7655783593911814,0.006979832461922353,HWM
Top1 PIT S&P membership,2024-10-21,1.7548286967113644,-0.006088465359036066,HWM
Top1 PIT S&P membership,2024-10-22,1.7455678103904375,-0.005277373420142006,HWM
Top1 PIT S&P membership,2024-10-23,1.698269521992216,-0.027096219417360956,HWM
Top1 PIT S&P membership,2024-10-24,1.6570902177194649,-0.024247802683548314,HWM
Top1 PIT S&P membership,2024-10-25,1.6703205117005224,0.007984051706771522,HWM
Top1 PIT S&P membership,2024-10-28,1.6881812817520385,0.010693019648865043,HWM
Top1 PIT S&P membership,2024-10-29,1.6713126131837168,-0.009992213958689877,HWM
Top1 PIT S&P membership,2024-10-30,1.6554365099196158,-0.009499182342588952,HWM
Top1 PIT S&P membership,2024-10-31,1.66800518531063,0.0075923632925218865,HWM
Top1 PIT S&P membership,2024-11-01,1.6637053012264895,-0.00257786014216721,HWM
Top1 PIT S&P membership,2024-11-04,1.6562425365552118,-0.0044856289547049455,FICO
Top1 PIT S&P membership,2024-11-05,1.6609953439634966,0.0028696324984927024,FICO
Top1 PIT S&P membership,2024-11-06,1.716862155231345,0.033634538152610416,FICO
Top1 PIT S&P membership,2024-11-07,1.7709279604966621,0.03149105774192562,FICO
Top1 PIT S&P membership,2024-11-08,1.837351024309018,0.037507490589130166,FICO
Top1 PIT S&P membership,2024-11-11,1.964185452119019,0.06903113565776042,FICO
Top1 PIT S&P membership,2024-11-12,1.959507559394687,-0.0023815942223202047,FICO
Top1 PIT S&P membership,2024-11-13,1.95803165869181,-0.0007531998005319007,FICO
Top1 PIT S&P membership,2024-11-14,1.9549381708185802,-0.0015798967598392721,FICO
Top1 PIT S&P membership,2024-11-15,1.9136884765395135,-0.021100255186993766,FICO
Top1 PIT S&P membership,2024-11-18,1.8852964220388884,-0.014836299036489975,FICO
Top1 PIT S&P membership,2024-11-19,1.878017076199789,-0.003861114758403339,FICO
Top1 PIT S&P membership,2024-11-20,1.911562161664817,0.01786197042090132,FICO
Top1 PIT S&P membership,2024-11-21,1.9321577961490588,0.010774242604961737,FICO
Top1 PIT S&P membership,2024-11-22,1.958156652213405,0.013455865828434943,FICO
Top1 PIT S&P membership,2024-11-25,1.9696886278018972,0.0058891997100727345,FICO
Top1 PIT S&P membership,2024-11-26,1.9633764549613313,-0.0032046551680658952,FICO
Top1 PIT S&P membership,2024-11-27,1.9865236672952087,0.011789492674920243,FICO
Top1 PIT S&P membership,2024-11-29,1.981754166941043,-0.0024009280295460567,FICO
Top1 PIT S&P membership,2024-12-02,1.9817458204681027,-4.211659084485397e-06,FICO
Top1 PIT S&P membership,2024-12-03,1.951478980283269,-0.015272816459218963,PLTR
Top1 PIT S&P membership,2024-12-04,2.0901774861194586,0.07107353306775388,PLTR
Top1 PIT S&P membership,2024-12-05,2.0602045618740217,-0.01433989431255589,PLTR
Top1 PIT S&P membership,2024-12-06,2.1436587532888183,0.040507720912375866,PLTR
Top1 PIT S&P membership,2024-12-09,2.3678688621155817,0.10459225773821434,PLTR
Top1 PIT S&P membership,2024-12-10,2.1154488762954147,-0.10660218133644495,PLTR
Top1 PIT S&P membership,2024-12-11,2.144540501107008,0.01375198670011768,PLTR
Top1 PIT S&P membership,2024-12-12,2.1245584768793258,-0.009317625019144016,PLTR
Top1 PIT S&P membership,2024-12-13,2.1595268511336396,0.016459125335856806,PLTR
Top1 PIT S&P membership,2024-12-16,2.205661789163295,0.021363447278016867,PLTR
Top1 PIT S&P membership,2024-12-17,2.1533559615593485,-0.023714346352161297,PLTR
Top1 PIT S&P membership,2024-12-18,2.1833291099969587,0.013919272508900571,PLTR
Top1 PIT S&P membership,2024-12-19,2.1742195094130476,-0.004172344216087476,PLTR
Top1 PIT S&P membership,2024-12-20,2.1345493768970796,-0.01824568878359356,PLTR
Top1 PIT S&P membership,2024-12-23,2.369925825307011,0.11026985412353874,PLTR
Top1 PIT S&P membership,2024-12-24,2.3828552121422124,0.005455608229226527,PLTR
Top1 PIT S&P membership,2024-12-26,2.4436830326434493,0.025527283483813612,PLTR
Top1 PIT S&P membership,2024-12-27,2.392552420412743,-0.020923586057474797,PLTR
Top1 PIT S&P membership,2024-12-30,2.263844814594308,-0.0537951038064326,PLTR
Top1 PIT S&P membership,2024-12-31,2.27971291243913,0.007009357594886856,PLTR
Top1 PIT S&P membership,2025-01-02,2.2391610321049717,-0.017788152233068066,PLTR
Top1 PIT S&P membership,2025-01-03,2.2153589974338255,-0.010629889646110224,PLTR
Top1 PIT S&P membership,2025-01-06,2.3123306317547905,0.04377242443924101,PLTR
Top1 PIT S&P membership,2025-01-07,2.209775715546155,-0.0443513201789868,PLTR
Top1 PIT S&P membership,2025-01-08,2.0017278446957834,-0.09414886288536817,PLTR
Top1 PIT S&P membership,2025-01-10,1.939724808821306,-0.03097475815145112,PLTR
Top1 PIT S&P membership,2025-01-13,1.8891820284693932,-0.02605667573155679,PLTR
Top1 PIT S&P membership,2025-01-14,1.9741055753889998,0.044952548584432206,PLTR
Top1 PIT S&P membership,2025-01-15,2.014363539783761,0.020393014890720096,PLTR
Top1 PIT S&P membership,2025-01-16,2.029937721689186,0.007731564634602561,PLTR
Top1 PIT S&P membership,2025-01-17,2.0834189888585457,0.026346260083711215,PLTR
Top1 PIT S&P membership,2025-01-21,2.152180521993934,0.03300417894965091,PLTR
Top1 PIT S&P membership,2025-01-22,2.189206083631851,0.017203743486914558,PLTR
Top1 PIT S&P membership,2025-01-23,2.2344594980354895,0.02067115322855484,PLTR
Top1 PIT S&P membership,2025-01-24,2.3229093636513367,0.039584456864674156,PLTR
Top1 PIT S&P membership,2025-01-27,2.176570388543873,-0.06299814250067703,PLTR
Top1 PIT S&P membership,2025-01-28,2.2197668397560815,0.019846108097201,PLTR
Top1 PIT S&P membership,2025-01-29,2.3493559692005332,0.05837961317536022,PLTR
Top1 PIT S&P membership,2025-01-30,2.3514129323919635,0.0008755434333478362,PLTR
Top1 PIT S&P membership,2025-01-31,2.3802106412641604,0.0122469807303911,PLTR
Top1 PIT S&P membership,2025-02-03,2.3544984892751954,-0.010802469135802517,PLTR
Top1 PIT S&P membership,2025-02-04,3.020810631923235,0.2829953579002533,PLTR
Top1 PIT S&P membership,2025-02-05,2.9908374834856253,-0.00992222025467615,PLTR
Top1 PIT S&P membership,2025-02-06,2.970561543318546,-0.006779352030672259,PLTR
Top1 PIT S&P membership,2025-02-07,3.281164554569726,0.10456036904867205,PLTR
Top1 PIT S&P membership,2025-02-10,3.2920369782134973,0.0033135868265519175,PLTR
Top1 PIT S&P membership,2025-02-11,3.423389379102156,0.039900038109517366,PLTR
Top1 PIT S&P membership,2025-02-12,3.2409065901749647,-0.053304713171439144,PLTR
Top1 PIT S&P membership,2025-02-13,3.4471914137733024,0.06365034531501301,PLTR
Top1 PIT S&P membership,2025-02-14,3.464528867122934,0.005029443181008064,PLTR
Top1 PIT S&P membership,2025-02-18,3.5538602563647976,0.025784570620722702,PLTR
Top1 PIT S&P membership,2025-02-19,3.6396653269104213,0.02414418810980279,PLTR
Top1 PIT S&P membership,2025-02-20,3.0240430346800786,-0.16914255486037277,PLTR
Top1 PIT S&P membership,2025-02-21,3.1642108960210784,0.046351146373758034,PLTR
Top1 PIT S&P membership,2025-02-24,2.8174640709501704,-0.10958398048212714,PLTR
Top1 PIT S&P membership,2025-02-25,2.6637789908951763,-0.05454730785729767,PLTR
Top1 PIT S&P membership,2025-02-26,2.619994931996348,-0.01643682116590106,PLTR
Top1 PIT S&P membership,2025-02-27,2.700804552533094,0.030843426279138608,PLTR
Top1 PIT S&P membership,2025-02-28,2.350237717018723,-0.12980089032565256,PLTR
Top1 PIT S&P membership,2025-03-03,2.602069870960096,0.10715177963394362,PLTR
Top1 PIT S&P membership,2025-03-04,2.3555270829669968,-0.09474871937321616,PLTR
Top1 PIT S&P membership,2025-03-05,2.537422040015395,0.07722049063400505,PLTR
Top1 PIT S&P membership,2025-03-06,2.5713620447700807,0.01337578227801628,PLTR
Top1 PIT S&P membership,2025-03-07,2.3515600024577483,-0.08548078352458766,PLTR
Top1 PIT S&P membership,2025-03-10,2.4095959578229764,0.02467976802827554,PLTR
Top1 PIT S&P membership,2025-03-11,2.2269663230221735,-0.07579263826695881,PLTR
Top1 PIT S&P membership,2025-03-12,2.453086324974582,0.10153723458446606,PLTR
Top1 PIT S&P membership,2025-03-13,2.4344265861859244,-0.007606637646088821,PLTR
Top1 PIT S&P membership,2025-03-14,2.4380997507557765,0.001508841790791804,PLTR
Top1 PIT S&P membership,2025-03-17,2.598837468203252,0.06592745739695394,PLTR
Top1 PIT S&P membership,2025-03-18,2.5206724185445557,-0.030076928863403185,PLTR
Top1 PIT S&P membership,2025-03-19,2.484528604724828,-0.014338957158343102,PLTR
Top1 PIT S&P membership,2025-03-20,2.513620005344248,0.011709022212139875,PLTR
Top1 PIT S&P membership,2025-03-21,2.522729381735986,0.0036240069590351975,PLTR
Top1 PIT S&P membership,2025-03-24,2.7445886114319222,0.0879441256371567,PLTR
Top1 PIT S&P membership,2025-03-25,2.8568405117189157,0.0408993536661324,PLTR
Top1 PIT S&P membership,2025-03-26,2.829512158351529,-0.00956593595452182,PLTR
Top1 PIT S&P membership,2025-03-27,2.674504568665336,-0.05478244340766514,PLTR
Top1 PIT S&P membership,2025-03-28,2.6252840737524488,-0.018403593506460147,PLTR
Top1 PIT S&P membership,2025-03-31,2.350825324705343,-0.10454440027696055,PLTR
Top1 PIT S&P membership,2025-04-01,2.4651341881837663,0.04862499237060547,PLTR
Top1 PIT S&P membership,2025-04-02,2.4213501292849378,-0.01776132881881254,PLTR
Top1 PIT S&P membership,2025-04-03,2.3875569704038635,-0.013956328939117024,PLTR
Top1 PIT S&P membership,2025-04-04,2.352882287896773,-0.014523080679086586,PLTR
Top1 PIT S&P membership,2025-04-07,1.9585313934835733,-0.16760332484193563,PLTR
Top1 PIT S&P membership,2025-04-08,2.4475030430869107,0.24966240073059032,PLTR
Top1 PIT S&P membership,2025-04-09,2.29763797347538,-0.06123182156395346,PLTR
Top1 PIT S&P membership,2025-04-10,2.597662028637838,0.1305793421879451,PLTR
Top1 PIT S&P membership,2025-04-11,2.5853202494892566,-0.004751110426421845,PLTR
Top1 PIT S&P membership,2025-04-14,2.8151134160115165,0.08888383037562053,PLTR
Top1 PIT S&P membership,2025-04-15,2.748408621875386,-0.023695242172742992,PLTR
Top1 PIT S&P membership,2025-04-16,2.8292182424121317,0.02940233118669422,PLTR
Top1 PIT S&P membership,2025-04-17,2.7830833043824765,-0.01630660277035456,PLTR
Top1 PIT S&P membership,2025-04-21,2.7281326817083067,-0.01974451234989627,PLTR
Top1 PIT S&P membership,2025-04-22,2.733275201782969,0.0018849963233613654,PLTR
Top1 PIT S&P membership,2025-04-23,2.9050324129400007,0.06283934052633677,PLTR
Top1 PIT S&P membership,2025-04-24,2.98349115434592,0.027007871256939264,PLTR
Top1 PIT S&P membership,2025-04-25,3.175083543857022,0.06421751552104249,PLTR
Top1 PIT S&P membership,2025-04-28,3.3434612821914254,0.053030963125417996,PLTR
Top1 PIT S&P membership,2025-04-29,3.349338480018493,0.0017578184196036517,PLTR
Top1 PIT S&P membership,2025-04-30,3.2796951990649146,-0.02079314508493446,PLTR
Top1 PIT S&P membership,2025-05-01,3.527413426623427,0.07553086873107606,PLTR
Top1 PIT S&P membership,2025-05-02,3.486861770481442,-0.011496144975782552,PLTR
Top1 PIT S&P membership,2025-05-05,3.6349635686487662,0.042474238417221644,PLTR
Top1 PIT S&P membership,2025-05-06,3.312019002441178,-0.08884396228698299,PLTR
Top1 PIT S&P membership,2025-05-07,3.1727326647261953,-0.04205481237043618,PLTR
Top1 PIT S&P membership,2025-05-08,3.2993833073532004,0.039918472815274164,PLTR
Top1 PIT S&P membership,2025-05-09,3.4959711468731802,0.059583207286601825,PLTR
Top1 PIT S&P membership,2025-05-12,3.549158498103143,0.015213898798202008,PLTR
Top1 PIT S&P membership,2025-05-13,3.5238871079271874,-0.00712038929494474,PLTR
Top1 PIT S&P membership,2025-05-14,3.7909995278345883,0.07580050430858476,PLTR
Top1 PIT S&P membership,2025-05-15,3.7721929431723193,-0.004960851227805652,PLTR
Top1 PIT S&P membership,2025-05-16,3.797464333348276,0.006699389600868022,PLTR
Top1 PIT S&P membership,2025-05-19,3.664789647020592,-0.03493770439463295,PLTR
Top1 PIT S&P membership,2025-05-20,3.738400008483419,0.020085835355562853,PLTR
Top1 PIT S&P membership,2025-05-21,3.6778663281137516,-0.016192403229269292,PLTR
Top1 PIT S&P membership,2025-05-22,3.5835392646708373,-0.025647224512178268,PLTR
Top1 PIT S&P membership,2025-05-23,3.5520969849205892,-0.008774085457979752,PLTR
Top1 PIT S&P membership,2025-05-27,3.726645837021457,0.049139663934252065,PLTR
Top1 PIT S&P membership,2025-05-28,3.650537974746365,-0.020422617443014657,PLTR
Top1 PIT S&P membership,2025-05-29,3.683449385809249,0.00901549615167907,PLTR
Top1 PIT S&P membership,2025-05-30,3.6299681186398893,-0.014519343573825116,PLTR
Top1 PIT S&P membership,2025-06-02,3.8622590101665883,0.06399254316694547,PLTR
Top1 PIT S&P membership,2025-06-03,3.9103042897062354,0.012439683463273177,PLTR
Top1 PIT S&P membership,2025-06-04,3.9023701286877377,-0.002029039284585643,PLTR
Top1 PIT S&P membership,2025-06-05,3.7986399971058624,-0.026581315498321767,PLTR
Top1 PIT S&P membership,2025-06-06,3.635845316466957,-0.04285604341631133,PLTR
Top1 PIT S&P membership,2025-06-09,3.7341390120347735,0.02703461974101007,PLTR
Top1 PIT S&P membership,2025-06-10,3.850064301083792,0.031044717048669623,PLTR
Top1 PIT S&P membership,2025-06-11,3.935281539750622,0.02213397803326078,PLTR
Top1 PIT S&P membership,2025-06-12,4.00815699926887,0.018518486868633666,PLTR
Top1 PIT S&P membership,2025-06-13,3.9321962070595626,-0.018951551105199527,PLTR
Top1 PIT S&P membership,2025-06-16,4.114825841860366,0.0464446902402591,PLTR
Top1 PIT S&P membership,2025-06-17,4.157581531259566,0.010390643745901373,PLTR
Top1 PIT S&P membership,2025-06-18,4.085734217048772,-0.01728103554208038,PLTR
Top1 PIT S&P membership,2025-06-20,4.134220258401428,0.011867155026955789,PLTR
Top1 PIT S&P membership,2025-06-23,4.081620290665912,-0.012723068546873995,PLTR
Top1 PIT S&P membership,2025-06-24,4.142741802914372,0.01497481585639826,PLTR
Top1 PIT S&P membership,2025-06-25,4.245884551001801,0.024897218555804956,PLTR
Top1 PIT S&P membership,2025-06-26,4.256463282898348,0.002491526034086755,PLTR
Top1 PIT S&P membership,2025-06-27,4.257050666392795,0.00013799801746361418,PLTR
Top1 PIT S&P membership,2025-06-30,4.04900257135025,-0.048871416233068565,PLTR
Top1 PIT S&P membership,2025-07-01,3.974951896458762,-0.01828862135466469,PLTR
Top1 PIT S&P membership,2025-07-02,3.8578809130741276,-0.029452176135497776,NRG
Top1 PIT S&P membership,2025-07-03,3.8727622788429055,0.003857393762038086,NRG
Top1 PIT S&P membership,2025-07-07,3.929561434575743,0.014666316092555975,NRG
Top1 PIT S&P membership,2025-07-08,3.9312981434713774,0.0004419599806617658,NRG
Top1 PIT S&P membership,2025-07-09,3.7921524455775844,-0.03539433866771702,NRG
Top1 PIT S&P membership,2025-07-10,3.7298962498112016,-0.016417113146119933,NRG
Top1 PIT S&P membership,2025-07-11,3.735849150887416,0.001595996423899404,NRG
Top1 PIT S&P membership,2025-07-14,3.7348570522106996,-0.0002655617602976834,NRG
Top1 PIT S&P membership,2025-07-15,3.766605461049024,0.008500568668225794,NRG
Top1 PIT S&P membership,2025-07-16,3.644574051272879,-0.032398245857732766,NRG
Top1 PIT S&P membership,2025-07-17,3.622995258622018,-0.005920799618085559,NRG
Top1 PIT S&P membership,2025-07-18,3.7147667140612817,0.025330272023090794,NRG
Top1 PIT S&P membership,2025-07-21,3.767597162169004,0.014221740468316924,NRG
Top1 PIT S&P membership,2025-07-22,3.782231256970927,0.003884198382158921,NRG
Top1 PIT S&P membership,2025-07-23,3.9685027439098866,0.04924910040750352,NRG
Top1 PIT S&P membership,2025-07-24,3.993553341904677,0.006312354963905031,NRG
Top1 PIT S&P membership,2025-07-25,3.9295620574218306,-0.016023645862290214,NRG
Top1 PIT S&P membership,2025-07-28,3.919144093160044,-0.0026511769274925046,NRG
Top1 PIT S&P membership,2025-07-29,3.9575889276507112,0.009809497578250337,NRG
Top1 PIT S&P membership,2025-07-30,4.008188086826484,0.012785349893782216,NRG
Top1 PIT S&P membership,2025-07-31,4.149317688117143,0.03521032402508806,NRG
Top1 PIT S&P membership,2025-08-01,4.03293878988526,-0.028047719403402005,NRG
Top1 PIT S&P membership,2025-08-04,4.107086620514488,0.01838555814811582,SMCI
Top1 PIT S&P membership,2025-08-05,4.152987799628229,0.011176092289962858,SMCI
Top1 PIT S&P membership,2025-08-06,3.3423042946913006,-0.195204884784275,SMCI
Top1 PIT S&P membership,2025-08-07,3.3295932072254213,-0.003803091024976002,SMCI
Top1 PIT S&P membership,2025-08-08,3.3126450008100483,-0.005090173291618427,SMCI
Top1 PIT S&P membership,2025-08-11,3.183415970750413,-0.03901082972308678,SMCI
Top1 PIT S&P membership,2025-08-12,3.2250797615320588,0.01308776206579898,SMCI
Top1 PIT S&P membership,2025-08-13,3.278748857361905,0.01664116852860431,SMCI
Top1 PIT S&P membership,2025-08-14,3.202482332566629,-0.023260862027913887,SMCI
Top1 PIT S&P membership,2025-08-15,3.19612678883369,-0.0019845679297926244,SMCI
Top1 PIT S&P membership,2025-08-18,3.197539161816855,0.00044190142521860487,SMCI
Top1 PIT S&P membership,2025-08-19,3.2377908489979372,0.01258833282223537,SMCI
Top1 PIT S&P membership,2025-08-20,3.0577174690747855,-0.05561612479659783,SMCI
Top1 PIT S&P membership,2025-08-21,3.0082854921944326,-0.016166299659893024,SMCI
Top1 PIT S&P membership,2025-08-22,2.941199526481029,-0.02230039864483302,SMCI
Top1 PIT S&P membership,2025-08-25,3.0789025250570496,0.04681865250426376,SMCI
Top1 PIT S&P membership,2025-08-26,3.1113865649046315,0.0105505255795586,SMCI
Top1 PIT S&P membership,2025-08-27,3.1332776726871776,0.0070358045604073105,SMCI
Top1 PIT S&P membership,2025-08-28,3.165055391351875,0.010142005268701348,SMCI
Top1 PIT S&P membership,2025-08-29,3.022408952643477,-0.045069176071345196,SMCI
Top1 PIT S&P membership,2025-09-02,2.826799739288117,-0.06471963801730907,SMCI
Top1 PIT S&P membership,2025-09-03,2.806384604905384,-0.007221995282861493,GEV
Top1 PIT S&P membership,2025-09-04,2.780177187319412,-0.009338498201623135,GEV
Top1 PIT S&P membership,2025-09-05,2.8718429877245306,0.03297120803062947,GEV
Top1 PIT S&P membership,2025-09-08,2.845276763608688,-0.009250583764292775,GEV
Top1 PIT S&P membership,2025-09-09,2.9024300747222265,0.02008708321261876,GEV
Top1 PIT S&P membership,2025-09-10,2.9917026276180985,0.030757865167317044,GEV
Top1 PIT S&P membership,2025-09-11,3.1053871201406213,0.0379999306993406,GEV
Top1 PIT S&P membership,2025-09-12,3.0257840551975104,-0.02563386201573037,GEV
Top1 PIT S&P membership,2025-09-15,3.016354360525747,-0.003116446679519602,GEV
Top1 PIT S&P membership,2025-09-16,3.0132429274817314,-0.001031521058909357,GEV
Top1 PIT S&P membership,2025-09-17,2.9505367361049033,-0.020810201130790906,GEV
Top1 PIT S&P membership,2025-09-18,2.98193762481335,0.010642432722223871,GEV
Top1 PIT S&P membership,2025-09-19,2.927991402157171,-0.018090996339856558,GEV
Top1 PIT S&P membership,2025-09-22,2.9682952792191255,0.013765025755287708,GEV
Top1 PIT S&P membership,2025-09-23,3.0859050326264374,0.03962198580130871,GEV
Top1 PIT S&P membership,2025-09-24,3.0635035786173885,-0.007259281725200406,GEV
Top1 PIT S&P membership,2025-09-25,2.9433808623197493,-0.039210894720695166,GEV
Top1 PIT S&P membership,2025-09-26,2.9199016618259344,-0.007976949498581187,GEV
Top1 PIT S&P membership,2025-09-29,2.9316292472148304,0.00401643162926324,GEV
Top1 PIT S&P membership,2025-09-30,2.895393918777407,-0.012360133353099934,GEV
Top1 PIT S&P membership,2025-10-01,2.87031132680531,-0.008662929009220277,GEV
Top1 PIT S&P membership,2025-10-02,2.901196826236828,0.01076033081954697,HOOD
Top1 PIT S&P membership,2025-10-03,2.9832871755063683,0.028295339539585962,HOOD
Top1 PIT S&P membership,2025-10-06,3.1088606121951994,0.04209230600386871,HOOD
Top1 PIT S&P membership,2025-10-07,2.973330582189656,-0.04359475927415235,HOOD
Top1 PIT S&P membership,2025-10-08,2.9688603002963303,-0.0015034594269814905,HOOD
Top1 PIT S&P membership,2025-10-09,3.0582653180654775,0.030114255547902813,HOOD
Top1 PIT S&P membership,2025-10-10,3.0784832825530533,0.00661092560156451,HOOD
Top1 PIT S&P membership,2025-10-13,2.938584356573113,-0.04544410774383645,HOOD
Top1 PIT S&P membership,2025-10-14,2.7780616123811996,-0.05462587583468592,HOOD
Top1 PIT S&P membership,2025-10-15,2.8060007191901435,0.0100570508171689,HOOD
Top1 PIT S&P membership,2025-10-16,2.750833757248167,-0.01966035203223271,HOOD
Top1 PIT S&P membership,2025-10-17,2.6041280225093097,-0.053331370662550115,HOOD
Top1 PIT S&P membership,2025-10-20,2.711109389997609,0.04108145473785618,HOOD
Top1 PIT S&P membership,2025-10-21,2.7490047800745834,0.01397781668891196,HOOD
Top1 PIT S&P membership,2025-10-22,2.6746361932237748,-0.027052912890457415,HOOD
Top1 PIT S&P membership,2025-10-23,2.6065662453425116,-0.025450170776017744,HOOD
Top1 PIT S&P membership,2025-10-24,2.8038672742110906,0.07569384788171885,HOOD
Top1 PIT S&P membership,2025-10-27,2.9461027270566222,0.050728311626502265,HOOD
Top1 PIT S&P membership,2025-10-28,2.9666251593496664,0.00696595950459189,HOOD
Top1 PIT S&P membership,2025-10-29,2.9666251593496664,0.0,HOOD
Top1 PIT S&P membership,2025-10-30,2.893272291980238,-0.02472603157775044,HOOD
Top1 PIT S&P membership,2025-10-31,2.9178588423935286,0.00849783495367551,HOOD
Top1 PIT S&P membership,2025-11-03,3.023316010562395,0.036141970487633124,HOOD
Top1 PIT S&P membership,2025-11-04,2.842067442142216,-0.05995025587367009,HOOD
Top1 PIT S&P membership,2025-11-05,2.83729238239474,-0.0016801359730846954,HOOD
Top1 PIT S&P membership,2025-11-06,2.8447090569106397,0.0026139972608814066,HOOD
Top1 PIT S&P membership,2025-11-07,2.5148446988477446,-0.11595715114048544,HOOD
Top1 PIT S&P membership,2025-11-10,2.752255950551307,0.09440394144908426,HOOD
Top1 PIT S&P membership,2025-11-11,2.722589872585072,-0.010778822354909456,HOOD
Top1 PIT S&P membership,2025-11-12,2.7091790269050953,-0.004925767856193142,HOOD
Top1 PIT S&P membership,2025-11-13,2.6388739380771695,-0.02595069876509437,HOOD
Top1 PIT S&P membership,2025-11-14,2.3397732303138685,-0.11334406825861576,HOOD
Top1 PIT S&P membership,2025-11-17,2.4483801830405305,0.04641772600846994,HOOD
Top1 PIT S&P membership,2025-11-18,2.3145772792166186,-0.054649561677855174,HOOD
Top1 PIT S&P membership,2025-11-19,2.331442222235518,0.00728640308117412,HOOD
Top1 PIT S&P membership,2025-11-20,2.471442534134387,0.06004880179472294,HOOD
Top1 PIT S&P membership,2025-11-21,2.1912386734257683,-0.11337664414145843,HOOD
Top1 PIT S&P membership,2025-11-24,2.23340141853387,0.01924151194455903,HOOD
Top1 PIT S&P membership,2025-11-25,2.285215669055852,0.023199703417398077,HOOD
Top1 PIT S&P membership,2025-11-26,2.46534682202704,0.07882457459501402,HOOD
Top1 PIT S&P membership,2025-11-28,2.6024007413033354,0.05559214551549707,HOOD
Top1 PIT S&P membership,2025-12-01,2.508423745673252,-0.036111654188592635,HOOD
Top1 PIT S&P membership,2025-12-02,2.507358087842384,-0.0004248316627947224,SNDK
Top1 PIT S&P membership,2025-12-03,2.329090047001638,-0.07109795832718413,SNDK
Top1 PIT S&P membership,2025-12-04,2.277344210590021,-0.022217190133216436,SNDK
Top1 PIT S&P membership,2025-12-05,2.515054746418055,0.10438059153405166,SNDK
Top1 PIT S&P membership,2025-12-08,2.790479415174289,0.1095104069398467,SNDK
Top1 PIT S&P membership,2025-12-09,2.631926766929474,-0.05681914275469113,SNDK
Top1 PIT S&P membership,2025-12-10,2.581365115228523,-0.019210888515693303,SNDK
Top1 PIT S&P membership,2025-12-11,2.7234586078099094,0.05504587155963292,SNDK
Top1 PIT S&P membership,2025-12-12,2.748443387482719,0.009173915697180846,SNDK
Top1 PIT S&P membership,2025-12-15,2.5392700047782726,-0.07610612743820322,SNDK
Top1 PIT S&P membership,2025-12-16,2.3816054047258475,-0.062090521982987146,SNDK
Top1 PIT S&P membership,2025-12-17,2.55756452026638,0.07388256475710664,SNDK
Top1 PIT S&P membership,2025-12-18,2.6374328464035104,0.031228274205497675,SNDK
Top1 PIT S&P membership,2025-12-19,2.6321634593266316,-0.001997922746758918,SNDK
Top1 PIT S&P membership,2025-12-22,2.9560775468807616,0.12306001985036086,SNDK
Top1 PIT S&P membership,2025-12-23,2.823160853422769,-0.04496387234436583,SNDK
Top1 PIT S&P membership,2025-12-24,2.8998912888259767,0.027178910231126396,SNDK
Top1 PIT S&P membership,2025-12-26,3.073896698343251,0.0600041147017345,SNDK
Top1 PIT S&P membership,2025-12-29,2.860282713314417,-0.06949289647370593,SNDK
Top1 PIT S&P membership,2025-12-30,2.911377193930803,0.0178634371974995,SNDK
Top1 PIT S&P membership,2025-12-31,2.8586249631282166,-0.018119339161052683,SNDK
Top1 PIT S&P membership,2026-01-02,2.8933788149609714,0.01215754157366744,SNDK
Top1 PIT S&P membership,2026-01-05,3.365484386244638,0.1631675634184233,SNDK
Top1 PIT S&P membership,2026-01-06,3.419065401799715,0.01592074406111421,SNDK
Top1 PIT S&P membership,2026-01-07,4.036402537079911,0.18055727596063065,SNDK
Top1 PIT S&P membership,2026-01-08,4.271448928330775,0.05823165283730747,SNDK
Top1 PIT S&P membership,2026-01-09,4.044928161089292,-0.053031365010374865,SNDK
Top1 PIT S&P membership,2026-01-12,4.4282252995095925,0.09475993717452802,SNDK
Top1 PIT S&P membership,2026-01-13,4.655930251461743,0.05142126620733767,SNDK
Top1 PIT S&P membership,2026-01-14,4.618038508895063,-0.008138382776413544,SNDK
Top1 PIT S&P membership,2026-01-15,4.722595478186728,0.022640991210937544,SNDK
Top1 PIT S&P membership,2026-01-16,5.0394640822792,0.06709628329507833,SNDK
Top1 PIT S&P membership,2026-01-20,4.880497131998749,-0.03154441577219358,SNDK
Top1 PIT S&P membership,2026-01-21,5.483032500439279,0.12345778557885745,SNDK
Top1 PIT S&P membership,2026-01-22,5.9358373425250885,0.08258292141247248,SNDK
Top1 PIT S&P membership,2026-01-23,5.961295687673433,0.004288922300137443,SNDK
Top1 PIT S&P membership,2026-01-26,5.642117977599527,-0.05354166724759024,SNDK
Top1 PIT S&P membership,2026-01-27,5.695640091077143,0.009486174108749745,SNDK
Top1 PIT S&P membership,2026-01-28,5.921746375601772,0.03969813417088086,SNDK
Top1 PIT S&P membership,2026-01-29,6.345066210888047,0.07148564096402343,SNDK
Top1 PIT S&P membership,2026-01-30,7.7112951998760675,0.21532147082146924,SNDK
Top1 PIT S&P membership,2026-02-02,6.972172418328188,-0.09584936931992416,SNDK
Top1 PIT S&P membership,2026-02-03,8.218450759510766,0.17875036163856306,SNDK
Top1 PIT S&P membership,2026-02-04,7.744095345685565,-0.057718349565610616,SNDK
Top1 PIT S&P membership,2026-02-05,6.67543387022972,-0.13799694189602452,SNDK
Top1 PIT S&P membership,2026-02-06,7.276370932605167,0.09002217294900228,SNDK
Top1 PIT S&P membership,2026-02-09,7.011899159357107,-0.036346659027919004,SNDK
Top1 PIT S&P membership,2026-02-10,6.795384518035164,-0.030878173858648772,SNDK
Top1 PIT S&P membership,2026-02-11,6.850090454861008,0.00805045493461809,SNDK
Top1 PIT S&P membership,2026-02-12,7.5848320782056184,0.10726013447358462,SNDK
Top1 PIT S&P membership,2026-02-13,7.229302752277533,-0.04687372406696633,SNDK
Top1 PIT S&P membership,2026-02-17,7.246768121650711,0.002415913397412428,SNDK
Top1 PIT S&P membership,2026-02-18,6.897336425508337,-0.04821897020526966,SNDK
Top1 PIT S&P membership,2026-02-19,7.0730590293329305,0.025476878752023868,SNDK
Top1 PIT S&P membership,2026-02-20,7.294132619177839,0.03125572527078968,SNDK
Top1 PIT S&P membership,2026-02-23,7.810287548978672,0.07076303060952727,SNDK
Top1 PIT S&P membership,2026-02-24,8.081567390566356,0.034733656076869845,SNDK
Top1 PIT S&P membership,2026-02-25,7.6292362946373,-0.05597071385645602,SNDK
Top1 PIT S&P membership,2026-02-26,7.6462875426560615,0.002234987534826649,SNDK
Top1 PIT S&P membership,2026-02-27,7.425332479690951,-0.02889703816819289,SNDK
Top1 PIT S&P membership,2026-03-02,7.325452624439613,-0.013451230032395123,SNDK
Top1 PIT S&P membership,2026-03-03,6.887271758873773,-0.05981621724014097,SNDK
Top1 PIT S&P membership,2026-03-04,6.948845750204017,0.008940258709976057,SNDK
Top1 PIT S&P membership,2026-03-05,7.038186831301599,0.012856967086218418,SNDK
Top1 PIT S&P membership,2026-03-06,6.491896442312096,-0.07761805733259786,SNDK
Top1 PIT S&P membership,2026-03-09,6.121861305381402,-0.05699954400364793,SNDK
Top1 PIT S&P membership,2026-03-10,7.095556732023393,0.15905218659332698,SNDK
Top1 PIT S&P membership,2026-03-11,7.411951951321549,0.044590612301105725,SNDK
Top1 PIT S&P membership,2026-03-12,7.661207475013089,0.03362886393874942,SNDK
Top1 PIT S&P membership,2026-03-13,7.468789203809128,-0.025115919629057237,SNDK
Top1 PIT S&P membership,2026-03-16,8.141010066234864,0.0900039945005946,SNDK
Top1 PIT S&P membership,2026-03-17,8.47824505735606,0.041424219891324165,SNDK
Top1 PIT S&P membership,2026-03-18,8.644198589020709,0.01957404280508035,SNDK
Top1 PIT S&P membership,2026-03-19,8.373451395667239,-0.03132126021460857,SNDK
Top1 PIT S&P membership,2026-03-20,9.149636954348088,0.09269601291081453,SNDK
Top1 PIT S&P membership,2026-03-23,8.47824505735606,-0.07337907507608465,SNDK
Top1 PIT S&P membership,2026-03-24,8.214069601307495,-0.031159214467309737,SNDK
Top1 PIT S&P membership,2026-03-25,7.708571972540217,-0.06154046085594567,SNDK
Top1 PIT S&P membership,2026-03-26,7.744095345685564,0.004608294930875667,SNDK
Top1 PIT S&P membership,2026-03-27,7.101714347973879,-0.08295107033639149,SNDK
Top1 PIT S&P membership,2026-03-30,7.603422730212001,0.07064609440131298,SNDK
Top1 PIT S&P membership,2026-03-31,6.9626996633677365,-0.08426771594565807,SNDK
Top1 PIT S&P membership,2026-04-01,7.72384676281176,0.10931781295243614,SNDK
Top1 PIT S&P membership,2026-04-02,7.603067872297483,-0.015637142245725877,SNDK
Top1 PIT S&P membership,2026-04-06,8.529635855171941,0.12186764585523413,SNDK
Top1 PIT S&P membership,2026-04-07,8.474692864586501,-0.0064414227662632495,SNDK
Top1 PIT S&P membership,2026-04-08,9.28344151531725,0.0954310278441235,SNDK
Top1 PIT S&P membership,2026-04-09,9.675146112229571,0.04219389934929052,SNDK
Top1 PIT S&P membership,2026-04-10,10.348550798003535,0.06960150037659552,SNDK
Top1 PIT S&P membership,2026-04-13,10.26726159475858,-0.007855129170418418,SNDK
Top1 PIT S&P membership,2026-04-14,11.415080957797644,0.11179410911523124,SNDK
Top1 PIT S&P membership,2026-04-15,11.010647007629931,-0.03542979254049383,SNDK
Top1 PIT S&P membership,2026-04-16,10.616988885375571,-0.03575249683161852,SNDK
Top1 PIT S&P membership,2026-04-17,10.903781293719273,0.027012593819208508,SNDK
Top1 PIT S&P membership,2026-04-20,11.02373121879984,0.011000764033084476,SNDK
Top1 PIT S&P membership,2026-04-21,10.98678696854667,-0.0033513380832584927,SNDK
Top1 PIT S&P membership,2026-04-22,10.917635206882993,-0.006294084145041512,SNDK
Top1 PIT S&P membership,2026-04-23,11.231839124354638,0.028779484890057105,SNDK
Top1 PIT S&P membership,2026-04-24,11.303063660965028,0.006341306692681403,SNDK
Top1 PIT S&P membership,2026-04-27,12.073743501534278,0.06818326992448798,SNDK
Top1 PIT S&P membership,2026-04-28,12.167939125629443,0.007801691669464095,SNDK
Top1 PIT S&P membership,2026-04-29,12.677107474046078,0.0418450768991907,SNDK
Top1 PIT S&P membership,2026-04-30,13.172422632023869,0.03907162252839247,SNDK
Top1 PIT S&P membership,2026-05-01,12.539987774066951,-0.04801203815153843,SNDK
Top1 PIT S&P membership,2026-05-04,14.471986032924468,0.1540669970072015,SNDK
Top1 PIT S&P membership,2026-05-05,15.263327854997062,0.054680941528844285,SNDK
Top1 PIT S&P membership,2026-05-06,17.020432475463693,0.1151193656559879,SNDK
Top1 PIT S&P membership,2026-05-07,16.33388431507992,-0.040336704803093926,SNDK
Top1 PIT S&P membership,2026-05-08,16.510908546407663,0.010837852645026347,SNDK
Top1 PIT S&P membership,2026-05-11,18.782983550602022,0.13761053777314403,SNDK
Top1 PIT S&P membership,2026-05-12,17.66695757761905,-0.059416863672182796,SNDK
Top1 PIT S&P membership,2026-05-13,17.909522837125888,0.01372988294340649,SNDK
Top1 PIT S&P membership,2026-05-14,16.511264127047056,-0.07807347648482754,SNDK
Top1 PIT S&P membership,2026-05-15,15.642125308334291,-0.052639144527343085,SNDK
