Date,Equity,Cash,PositionValue,OpenPositions,OpenWatches
2020-01-02,102534.88090738628,66666.66666666666,35868.21424071963,1,1
2020-01-03,102169.6241318731,66666.66666666666,35502.95746520644,1,1
2020-01-06,102016.2169549627,66666.66666666666,35349.550288296035,1,1
2020-01-07,101858.93101825073,32695.351498770295,69163.57951948044,2,0
2020-01-08,101772.17355686928,32695.351498770295,69076.82205809899,2,0
2020-01-09,102659.97409392163,32695.351498770295,69964.62259515133,2,0
2020-01-10,101690.46015033868,32695.351498770295,68995.10865156839,2,0
2020-01-13,103131.92313089754,32695.351498770295,70436.57163212725,2,0
2020-01-14,103150.05378532578,32695.351498770295,70454.70228655549,2,0
2020-01-15,102380.6620975039,32695.351498770295,69685.3105987336,2,0
2020-01-16,103478.19515353258,32695.351498770295,70782.84365476228,2,0
2020-01-17,104284.32911019136,32695.351498770295,71588.97761142107,2,0
2020-01-21,104083.16626844712,32695.351498770295,71387.81476967683,2,0
2020-01-22,104374.51345851281,32695.351498770295,71679.16195974252,2,0
2020-01-23,105500.54558188173,32695.351498770295,72805.19408311143,2,0
2020-01-24,103846.87602929771,32695.351498770295,71151.52453052741,2,0
2020-01-27,101221.39158925612,32695.351498770295,68526.04009048583,2,0
2020-01-28,102850.57646184452,32695.351498770295,70155.22496307423,2,0
2020-01-29,100245.57044624281,32695.351498770295,67550.21894747252,2,0
2020-01-30,101255.84629257744,32695.351498770295,68560.49479380714,2,0
2020-01-31,98600.80529449899,64266.66839625953,34334.13689823946,1,1
2020-02-03,99345.92945094846,64266.66839625953,35079.26105468893,1,1
2020-02-04,100390.56405185122,64266.66839625953,36123.89565559169,1,1
2020-02-05,100675.46389088141,64266.66839625953,36408.79549462188,1,1
2020-02-06,100295.59650994513,64266.66839625953,36028.9281136856,1,1
2020-02-07,100595.10695439842,64266.66839625953,36328.43855813889,1,1
2020-02-10,102443.30534675496,64266.66839625953,38176.63695049544,1,1
2020-02-11,103568.29688414071,64266.66839625953,39301.628487881186,1,0
2020-02-12,103634.0432152006,64266.66839625953,39367.374818941076,1,0
2020-02-13,104101.5714419874,64266.66839625953,39834.90304572787,1,0
2020-02-14,104671.37390673584,64266.66839625953,40404.70551047631,1,0
2020-02-18,105825.58386827972,64266.66839625953,41558.91547202019,1,0
2020-02-19,107293.91766638804,64266.66839625953,43027.24927012851,1,0
2020-02-20,106103.1797979424,64266.66839625953,41836.51140168287,1,0
2020-02-21,103188.42950320443,64266.66839625953,38921.761106944905,1,0
2020-02-24,100149.49324240224,64266.66839625953,35882.82484614272,1,0
2020-02-25,99017.19779564897,64266.66839625953,34750.52939938945,1,0
2020-02-26,98958.75816064465,64266.66839625953,34692.08976438513,1,0
2020-02-27,96416.5685507874,64266.66839625953,32149.900154527873,1,0
2020-02-28,97490.42436253635,64266.66839625953,33223.75596627682,1,0
2020-03-02,98936.840859166,64266.66839625953,34670.17246290646,1,0
2020-03-03,98418.1769067424,64266.66839625953,34151.508510482876,1,0
2020-03-04,100872.70288406109,64266.66839625953,36606.03448780157,1,0
2020-03-05,99411.67578200836,64266.66839625953,35145.007385748824,1,0
2020-03-06,99762.32195209844,64266.66839625953,35495.653555838915,1,0
2020-03-09,95875.9900835732,64266.66839625953,31609.321687313666,1,0
2020-03-10,97417.37412210891,64266.66839625953,33150.705725849395,1,0
2020-03-11,97651.13823550232,64266.66839625953,33384.46983924279,1,0
2020-03-12,93472.60044496268,93472.60044496268,0.0,0,0
2020-03-13,93472.60044496268,93472.60044496268,0.0,0,0
2020-03-16,93472.60044496268,93472.60044496268,0.0,0,0
2020-03-17,93472.60044496268,93472.60044496268,0.0,0,0
2020-03-18,93472.60044496268,93472.60044496268,0.0,0,0
2020-03-19,93472.60044496268,93472.60044496268,0.0,0,0
2020-03-20,93472.60044496268,93472.60044496268,0.0,0,0
2020-03-23,93472.60044496268,93472.60044496268,0.0,0,0
2020-03-24,93472.60044496268,93472.60044496268,0.0,0,0
2020-03-25,93472.60044496268,93472.60044496268,0.0,0,0
2020-03-26,93472.60044496268,93472.60044496268,0.0,0,0
2020-03-27,93472.60044496268,93472.60044496268,0.0,0,0
2020-03-30,93472.60044496268,93472.60044496268,0.0,0,0
2020-03-31,93472.60044496268,93472.60044496268,0.0,0,0
2020-04-01,93472.60044496268,93472.60044496268,0.0,0,0
2020-04-02,93472.60044496268,93472.60044496268,0.0,0,0
2020-04-03,93472.60044496268,93472.60044496268,0.0,0,0
2020-04-06,93472.60044496268,93472.60044496268,0.0,0,0
2020-04-07,93472.60044496268,93472.60044496268,0.0,0,0
2020-04-08,93472.60044496268,93472.60044496268,0.0,0,0
2020-04-09,93472.60044496268,93472.60044496268,0.0,0,0
2020-04-13,93472.60044496268,93472.60044496268,0.0,0,0
2020-04-14,93472.60044496268,93472.60044496268,0.0,0,2
2020-04-15,93472.60044496268,93472.60044496268,0.0,0,2
2020-04-16,93472.60044496268,93472.60044496268,0.0,0,2
2020-04-17,93472.60044496268,93472.60044496268,0.0,0,2
2020-04-20,93472.60044496268,93472.60044496268,0.0,0,2
2020-04-21,93472.60044496268,93472.60044496268,0.0,0,3
2020-04-22,93472.60044496268,93472.60044496268,0.0,0,3
2020-04-23,93472.60044496268,93472.60044496268,0.0,0,3
2020-04-24,93472.60044496268,93472.60044496268,0.0,0,3
2020-04-27,93472.60044496268,93472.60044496268,0.0,0,3
2020-04-28,93472.60044496268,93472.60044496268,0.0,0,3
2020-04-29,93472.60044496268,93472.60044496268,0.0,0,3
2020-04-30,93472.60044496268,93472.60044496268,0.0,0,3
2020-05-01,93472.60044496268,93472.60044496268,0.0,0,3
2020-05-04,93472.60044496268,93472.60044496268,0.0,0,3
2020-05-05,93472.60044496268,93472.60044496268,0.0,0,3
2020-05-06,93472.60044496268,93472.60044496268,0.0,0,3
2020-05-07,93472.60044496268,93472.60044496268,0.0,0,3
2020-05-08,93472.60044496268,93472.60044496268,0.0,0,3
2020-05-11,93472.60044496268,93472.60044496268,0.0,0,3
2020-05-12,93472.60044496268,93472.60044496268,0.0,0,3
2020-05-13,93472.60044496268,93472.60044496268,0.0,0,3
2020-05-14,93472.60044496268,93472.60044496268,0.0,0,3
2020-05-15,93472.60044496268,93472.60044496268,0.0,0,3
2020-05-18,93472.60044496268,93472.60044496268,0.0,0,3
2020-05-19,93472.60044496268,93472.60044496268,0.0,0,3
2020-05-20,93472.60044496268,93472.60044496268,0.0,0,3
2020-05-21,93472.60044496268,93472.60044496268,0.0,0,3
2020-05-22,93472.60044496268,93472.60044496268,0.0,0,3
2020-05-26,93472.60044496268,93472.60044496268,0.0,0,3
2020-05-27,93472.60044496268,93472.60044496268,0.0,0,3
2020-05-28,93472.60044496268,93472.60044496268,0.0,0,3
2020-05-29,93472.60044496268,93472.60044496268,0.0,0,3
2020-06-01,93472.60044496268,93472.60044496268,0.0,0,3
2020-06-02,93472.60044496268,93472.60044496268,0.0,0,3
2020-06-03,93472.60044496268,93472.60044496268,0.0,0,3
2020-06-04,93472.60044496268,93472.60044496268,0.0,0,3
2020-06-05,93472.60044496268,93472.60044496268,0.0,0,3
2020-06-08,93472.60044496268,93472.60044496268,0.0,0,3
2020-06-09,93472.60044496268,93472.60044496268,0.0,0,3
2020-06-10,93472.60044496268,93472.60044496268,0.0,0,3
2020-06-11,93472.60044496268,93472.60044496268,0.0,0,3
2020-06-12,93472.60044496268,93472.60044496268,0.0,0,3
2020-06-15,93472.60044496268,93472.60044496268,0.0,0,3
2020-06-16,93472.60044496268,93472.60044496268,0.0,0,3
2020-06-17,93472.60044496268,93472.60044496268,0.0,0,3
2020-06-18,93472.60044496268,93472.60044496268,0.0,0,3
2020-06-19,92861.08901695005,62315.06696330845,30546.022053641605,1,2
2020-06-22,92664.9422231522,62315.06696330845,30349.875259843753,1,2
2020-06-23,92878.49521995192,62315.06696330845,30563.428256643474,1,2
2020-06-24,92152.40936609224,62315.06696330845,29837.342402783794,1,2
2020-06-25,92742.44874927044,62315.06696330845,30427.381785961992,1,2
2020-06-26,92302.68978502732,62315.06696330845,29987.622821718876,1,2
2020-06-29,92644.37921469467,62315.06696330845,30329.312251386218,1,2
2020-06-30,93079.39267122588,62315.06696330845,30764.32570791743,1,2
2020-07-01,92869.00420452812,62315.06696330845,30553.937241219675,1,2
2020-07-02,93400.51651755358,62315.06696330845,31085.449554245133,1,2
2020-07-06,94520.479511501,62315.06696330845,32205.412548192555,1,2
2020-07-07,94378.11685502609,62315.06696330845,32063.04989171764,1,2
2020-07-08,94666.01957248838,62315.06696330845,32350.952609179938,1,2
2020-07-09,94520.479511501,62315.06696330845,32205.412548192555,1,2
2020-07-10,94310.09104480324,62315.06696330845,31995.024081494797,1,2
2020-07-13,93884.57117857793,62315.06696330845,31569.504215269488,1,2
2020-07-14,94099.70000322339,62315.06696330845,31784.63303991494,1,2
2020-07-15,93326.1642220089,62315.06696330845,31011.097258700458,1,2
2020-07-16,93326.1642220089,62315.06696330845,31011.097258700458,1,2
2020-07-17,93509.65804516309,62315.06696330845,31194.591081854644,1,2
2020-07-20,94428.73388736496,62315.06696330845,32113.66692405651,1,2
2020-07-21,94507.82654085734,62315.06696330845,32192.759577548888,1,2
2020-07-22,94892.22296504967,62315.06696330845,32577.15600174123,1,2
2020-07-23,94572.68524609611,62315.06696330845,32257.618282787662,1,2
2020-07-24,92087.55581061766,62315.06696330845,29772.48884730922,1,2
2020-07-27,93489.10276135185,62315.06696330845,31174.03579804341,1,2
2020-07-28,92761.43592988224,62315.06696330845,30446.368966573795,1,2
2020-07-29,93182.22058792406,62315.06696330845,30867.15362461561,1,2
2020-07-30,99776.56054219588,0.0,99776.56054219588,3,0
2020-07-31,99424.9352459211,0.0,99424.9352459211,3,0
2020-08-03,103306.04143177737,0.0,103306.04143177737,3,0
2020-08-04,102790.82028556915,0.0,102790.82028556915,3,0
2020-08-05,103399.35020672072,0.0,103399.35020672072,3,0
2020-08-06,103638.74742040459,0.0,103638.74742040459,3,0
2020-08-07,101499.71643808909,0.0,101499.71643808909,3,0
2020-08-10,100527.1316198637,0.0,100527.1316198637,3,0
2020-08-11,100469.16226024227,0.0,100469.16226024227,3,0
2020-08-12,104931.95255305045,0.0,104931.95255305045,3,0
2020-08-13,104598.80555988656,0.0,104598.80555988656,3,0
2020-08-14,105015.5564763122,0.0,105015.5564763122,3,0
2020-08-17,105856.91620507304,0.0,105856.91620507304,3,0
2020-08-18,104726.3577804532,0.0,104726.3577804532,3,0
2020-08-19,104165.91891324226,0.0,104165.91891324226,3,0
2020-08-20,103008.35537619595,0.0,103008.35537619595,3,0
2020-08-21,103313.82471014156,0.0,103313.82471014156,3,0
2020-08-24,105301.09673950772,0.0,105301.09673950772,3,0
2020-08-25,105627.07143857768,0.0,105627.07143857768,3,0
2020-08-26,105848.96695250021,0.0,105848.96695250021,3,0
2020-08-27,103487.82482303356,0.0,103487.82482303356,3,0
2020-08-28,105424.34370395215,0.0,105424.34370395215,3,0
2020-08-31,104907.82792543899,0.0,104907.82792543899,3,0
2020-09-01,107140.63730094855,0.0,107140.63730094855,3,0
2020-09-02,109769.58531142882,0.0,109769.58531142882,3,0
2020-09-03,101888.63877260538,0.0,101888.63877260538,3,0
2020-09-04,99805.33444935028,0.0,99805.33444935028,3,0
2020-09-08,93512.68844434114,0.0,93512.68844434114,3,0
2020-09-09,97128.87678874587,0.0,97128.87678874587,3,0
2020-09-10,96071.0158732058,0.0,96071.0158732058,3,0
2020-09-11,96586.68331686706,27310.01956210488,69276.66375476218,2,1
2020-09-14,96569.30572707897,27310.01956210488,69259.2861649741,2,1
2020-09-15,99439.30210202884,27310.01956210488,72129.28253992397,2,1
2020-09-16,98469.09903656779,27310.01956210488,71159.07947446291,2,1
2020-09-17,98952.01054204504,27310.01956210488,71641.99097994016,2,1
2020-09-18,96971.8422290829,27310.01956210488,69661.82266697803,2,1
2020-09-21,97261.52349583189,27310.01956210488,69951.50393372701,2,1
2020-09-22,98831.60641930277,27310.01956210488,71521.5868571979,2,1
2020-09-23,96355.95631474878,27310.01956210488,69045.9367526439,2,1
2020-09-24,96696.27907342731,27310.01956210488,69386.25951132244,2,1
2020-09-25,97630.05351311548,27310.01956210488,70320.0339510106,2,1
2020-09-28,99669.99077911307,27310.01956210488,72359.97121700819,2,1
2020-09-29,99905.59624784013,27310.01956210488,72595.57668573526,2,1
2020-09-30,99555.12214467836,27310.01956210488,72245.10258257348,2,1
2020-10-01,101724.60705865375,27310.01956210488,74414.58749654888,2,1
2020-10-02,99217.77293153854,27310.01956210488,71907.75336943366,2,1
2020-10-05,102111.68301435754,27310.01956210488,74801.66345225266,2,1
2020-10-06,100704.90974932781,27310.01956210488,73394.89018722293,2,1
2020-10-07,102779.37799583639,27310.01956210488,75469.35843373151,2,1
2020-10-08,102746.4765440251,27310.01956210488,75436.45698192023,2,1
2020-10-09,104219.40420092673,27310.01956210488,76909.38463882185,2,1
2020-10-12,104797.88822444902,27310.01956210488,77487.86866234415,2,1
2020-10-13,104391.63554236882,27310.01956210488,77081.61598026394,2,1
2020-10-14,105193.14092374429,27310.01956210488,77883.12136163941,2,1
2020-10-15,104967.14936988238,27310.01956210488,77657.1298077775,2,1
2020-10-16,104810.00095121253,27310.01956210488,77499.98138910765,2,1
2020-10-19,104550.36970875257,27310.01956210488,77240.35014664769,2,1
2020-10-20,104794.48086179594,27310.01956210488,77484.46129969106,2,1
2020-10-21,104777.98129335065,27310.01956210488,77467.96173124577,2,1
2020-10-22,104654.7773386903,104654.7773386903,0.0,0,2
2020-10-23,104654.7773386903,104654.7773386903,0.0,0,2
2020-10-26,104654.7773386903,104654.7773386903,0.0,0,2
2020-10-27,104654.7773386903,104654.7773386903,0.0,0,0
2020-10-28,104654.7773386903,104654.7773386903,0.0,0,0
2020-10-29,104654.7773386903,104654.7773386903,0.0,0,0
2020-10-30,104654.7773386903,104654.7773386903,0.0,0,0
2020-11-02,104654.7773386903,104654.7773386903,0.0,0,0
2020-11-03,104654.7773386903,104654.7773386903,0.0,0,0
2020-11-04,104654.7773386903,104654.7773386903,0.0,0,0
2020-11-05,104654.7773386903,104654.7773386903,0.0,0,0
2020-11-06,104654.7773386903,104654.7773386903,0.0,0,0
2020-11-09,104654.7773386903,104654.7773386903,0.0,0,0
2020-11-10,104654.7773386903,104654.7773386903,0.0,0,0
2020-11-11,104654.7773386903,104654.7773386903,0.0,0,0
2020-11-12,104654.7773386903,104654.7773386903,0.0,0,0
2020-11-13,104654.7773386903,104654.7773386903,0.0,0,1
2020-11-16,104654.7773386903,104654.7773386903,0.0,0,1
2020-11-17,104654.7773386903,104654.7773386903,0.0,0,1
2020-11-18,104654.7773386903,104654.7773386903,0.0,0,1
2020-11-19,104654.7773386903,104654.7773386903,0.0,0,1
2020-11-20,104654.7773386903,104654.7773386903,0.0,0,2
2020-11-23,104654.7773386903,104654.7773386903,0.0,0,2
2020-11-24,104654.7773386903,104654.7773386903,0.0,0,2
2020-11-25,104654.7773386903,104654.7773386903,0.0,0,2
2020-11-27,104654.7773386903,104654.7773386903,0.0,0,2
2020-11-30,104654.7773386903,104654.7773386903,0.0,0,2
2020-12-01,104654.7773386903,104654.7773386903,0.0,0,2
2020-12-02,104654.7773386903,104654.7773386903,0.0,0,1
2020-12-03,104654.7773386903,104654.7773386903,0.0,0,1
2020-12-04,104654.7773386903,104654.7773386903,0.0,0,1
2020-12-07,104654.7773386903,104654.7773386903,0.0,0,1
2020-12-08,104654.7773386903,104654.7773386903,0.0,0,1
2020-12-09,104654.7773386903,104654.7773386903,0.0,0,0
2020-12-10,104654.7773386903,104654.7773386903,0.0,0,0
2020-12-11,104654.7773386903,104654.7773386903,0.0,0,0
2020-12-14,104654.7773386903,104654.7773386903,0.0,0,1
2020-12-15,104654.7773386903,104654.7773386903,0.0,0,1
2020-12-16,104654.7773386903,104654.7773386903,0.0,0,1
2020-12-17,104654.7773386903,104654.7773386903,0.0,0,1
2020-12-18,104894.0838918241,69769.85155912687,35124.23233269724,1,0
2020-12-21,104945.28101626397,69769.85155912687,35175.42945713711,1,0
2020-12-22,104611.76255144953,69769.85155912687,34841.91099232266,1,0
2020-12-23,104001.7871270772,69769.85155912687,34231.935567950335,1,0
2020-12-24,103874.52208141115,69769.85155912687,34104.670522284294,1,0
2020-12-28,103725.32312462802,69769.85155912687,33955.47156550116,1,0
2020-12-29,103400.58479762563,69769.85155912687,33630.73323849876,1,1
2020-12-30,103571.72940367801,69769.85155912687,33801.87784455115,1,1
2020-12-31,103384.4964862818,69769.85155912687,33614.64492715493,1,1
2021-01-04,102977.84463827996,69769.85155912687,33207.993079153086,1,1
2021-01-05,103934.49934366308,69769.85155912687,34164.6477845362,1,1
2021-01-06,103779.44539658495,69769.85155912687,34009.59383745809,1,1
2021-01-07,104989.16527191119,69769.85155912687,35219.313712784315,1,1
2021-01-08,105925.33690178358,69769.85155912687,36155.48534265671,1,1
2021-01-11,105550.86637173028,69769.85155912687,35781.01481260341,1,1
2021-01-12,108647.74202791599,34456.03924203368,74191.70278588231,2,0
2021-01-13,108336.90378031481,34456.03924203368,73880.86453828114,2,0
2021-01-14,111720.09488710441,34456.03924203368,77264.05564507074,2,0
2021-01-15,110850.22192612116,34456.03924203368,76394.18268408749,2,0
2021-01-19,113567.7037232098,34456.03924203368,79111.66448117612,2,0
2021-01-20,111957.34361776759,34456.03924203368,77501.30437573392,2,0
2021-01-21,111706.79389838746,34456.03924203368,77250.75465635379,2,0
2021-01-22,110564.40352700089,34456.03924203368,76108.3642849672,2,0
2021-01-25,111047.7983011585,34456.03924203368,76591.75905912483,2,0
2021-01-26,109768.05539105032,34456.03924203368,75312.01614901665,2,0
2021-01-27,105967.83335481197,34456.03924203368,71511.7941127783,2,0
2021-01-28,107363.14959522756,34456.03924203368,72907.11035319389,2,0
2021-01-29,104813.23428065213,34456.03924203368,70357.19503861846,2,0
2021-02-01,107427.18408091957,34456.03924203368,72971.1448388859,2,0
2021-02-02,108315.42074920793,34456.03924203368,73859.38150717426,2,0
2021-02-03,105725.21713293201,34456.03924203368,71269.17789089833,2,0
2021-02-04,107110.94883602564,34456.03924203368,72654.90959399196,2,0
2021-02-05,105879.58338118088,34456.03924203368,71423.54413914721,2,0
2021-02-08,108445.3751188342,34456.03924203368,73989.33587680053,2,0
2021-02-09,107756.66213893463,34456.03924203368,73300.62289690095,2,0
2021-02-10,107741.27089397277,34456.03924203368,73285.23165193909,2,0
2021-02-11,112280.37170546313,34456.03924203368,77824.33246342944,2,0
2021-02-12,112647.13084497798,34456.03924203368,78191.09160294429,2,0
2021-02-16,114887.61431076183,34456.03924203368,80431.57506872815,2,0
2021-02-17,112682.42624638099,34456.03924203368,78226.3870043473,2,0
2021-02-18,111746.5987214499,34456.03924203368,77290.55947941623,2,0
2021-02-19,109856.79167354235,66534.12068239733,43322.67099114501,1,1
2021-02-22,107955.75205214818,66534.12068239733,41421.631369750845,1,1
2021-02-23,108299.01535719857,66534.12068239733,41764.89467480123,1,1
2021-02-24,109563.31213732256,66534.12068239733,43029.19145492522,1,1
2021-02-25,106466.1162146504,66534.12068239733,39931.99553225307,1,1
2021-02-26,107309.8582791328,66534.12068239733,40775.73759673546,1,1
2021-03-01,109243.62861905133,66534.12068239733,42709.507936654,1,1
2021-03-02,107125.13940195399,66534.12068239733,40591.01871955666,1,1
2021-03-03,106337.72893759247,66534.12068239733,39803.60825519513,1,1
2021-03-04,104216.59021144212,66534.12068239733,37682.46952904478,1,1
2021-03-05,105297.4633361696,66534.12068239733,38763.34265377226,1,1
2021-03-08,102437.42378752331,66534.12068239733,35903.303105125975,1,1
2021-03-09,105065.56800957862,66534.12068239733,38531.4473271813,1,1
2021-03-10,103670.27241401482,66534.12068239733,37136.15173161749,1,1
2021-03-11,105361.66752210722,66534.12068239733,38827.54683970988,1,1
2021-03-12,105087.83991768512,66534.12068239733,38553.71923528779,1,1
2021-03-15,105702.30241292188,66534.12068239733,39168.18173052455,1,1
2021-03-16,106094.04160813018,66534.12068239733,39559.92092573285,1,1
2021-03-17,106544.72816080468,66534.12068239733,40010.60747840734,1,1
2021-03-18,104363.32576058854,66534.12068239733,37829.20507819121,1,1
2021-03-19,104708.17719080453,31565.54315610126,73142.63403470328,2,0
2021-03-22,107363.03415792083,31565.54315610126,75797.49100181958,2,0
2021-03-23,105103.1212205241,31565.54315610126,73537.57806442285,2,0
2021-03-24,104426.5748613548,31565.54315610126,72861.03170525355,2,0
2021-03-25,104614.80873016675,31565.54315610126,73049.2655740655,2,0
2021-03-26,108858.77880292918,31565.54315610126,77293.23564682793,2,0
2021-03-29,107919.38951596257,31565.54315610126,76353.84635986132,2,0
2021-03-30,107882.88432385071,31565.54315610126,76317.34116774946,2,0
2021-03-31,109754.73951020432,31565.54315610126,78189.19635410306,2,0
2021-04-01,112267.52034063061,31565.54315610126,80701.97718452936,2,0
2021-04-05,114373.34299275844,31565.54315610126,82807.79983665718,2,0
2021-04-06,112727.912875559,31565.54315610126,81162.36971945774,2,0
2021-04-07,113292.86710209027,31565.54315610126,81727.32394598902,2,0
2021-04-08,114515.23208825791,77950.02140441409,36565.21068384383,1,0
2021-04-09,115175.0913132237,77950.02140441409,37225.069908809615,1,0
2021-04-12,113620.86883528557,77950.02140441409,35670.84743087147,1,1
2021-04-13,113517.24561670658,77950.02140441409,35567.224212292494,1,1
2021-04-14,112955.54070877418,77950.02140441409,35005.51930436008,1,1
2021-04-15,113408.176369445,77950.02140441409,35458.15496503092,1,1
2021-04-16,113260.9346011066,77950.02140441409,35310.913196692505,1,1
2021-04-19,112650.15367830064,77950.02140441409,34700.13227388656,1,2
2021-04-20,112142.98225035588,77950.02140441409,34192.96084594179,1,2
2021-04-21,112688.32848666378,77950.02140441409,34738.30708224969,1,2
2021-04-22,112072.08781145743,77950.02140441409,34122.066407043334,1,2
2021-04-23,110256.0991400915,77950.02140441409,32306.0777356774,1,2
2021-04-26,109994.33523395,77950.02140441409,32044.31382953591,1,2
2021-04-27,109563.51571001779,77950.02140441409,31613.494305603694,1,2
2021-04-28,109372.64624277475,77950.02140441409,31422.624838360654,1,0
2021-04-29,109732.5713278085,77950.02140441409,31782.549923394417,1,0
2021-04-30,109323.5633660423,77950.02140441409,31373.541961628216,1,0
2021-05-03,109176.3238849902,77950.02140441409,31226.30248057611,1,0
2021-05-04,108917.15173219921,108917.15173219921,0.0,0,1
2021-05-05,108917.15173219921,108917.15173219921,0.0,0,1
2021-05-06,108917.15173219921,108917.15173219921,0.0,0,1
2021-05-07,108917.15173219921,108917.15173219921,0.0,0,1
2021-05-10,108917.15173219921,108917.15173219921,0.0,0,1
2021-05-11,108917.15173219921,108917.15173219921,0.0,0,1
2021-05-12,108917.15173219921,108917.15173219921,0.0,0,0
2021-05-13,108917.15173219921,108917.15173219921,0.0,0,0
2021-05-14,108917.15173219921,108917.15173219921,0.0,0,0
2021-05-17,108917.15173219921,108917.15173219921,0.0,0,0
2021-05-18,108917.15173219921,108917.15173219921,0.0,0,0
2021-05-19,108917.15173219921,108917.15173219921,0.0,0,0
2021-05-20,108917.15173219921,108917.15173219921,0.0,0,0
2021-05-21,108917.15173219921,108917.15173219921,0.0,0,0
2021-05-24,108917.15173219921,108917.15173219921,0.0,0,0
2021-05-25,108917.15173219921,108917.15173219921,0.0,0,0
2021-05-26,108917.15173219921,108917.15173219921,0.0,0,0
2021-05-27,108917.15173219921,108917.15173219921,0.0,0,0
2021-05-28,108917.15173219921,108917.15173219921,0.0,0,0
2021-06-01,108917.15173219921,108917.15173219921,0.0,0,0
2021-06-02,108917.15173219921,108917.15173219921,0.0,0,0
2021-06-03,108917.15173219921,108917.15173219921,0.0,0,0
2021-06-04,108917.15173219921,108917.15173219921,0.0,0,0
2021-06-07,108917.15173219921,108917.15173219921,0.0,0,0
2021-06-08,108917.15173219921,108917.15173219921,0.0,0,0
2021-06-09,108917.15173219921,108917.15173219921,0.0,0,0
2021-06-10,108917.15173219921,108917.15173219921,0.0,0,0
2021-06-11,108917.15173219921,108917.15173219921,0.0,0,0
2021-06-14,108917.15173219921,108917.15173219921,0.0,0,0
2021-06-15,108917.15173219921,108917.15173219921,0.0,0,0
2021-06-16,108917.15173219921,108917.15173219921,0.0,0,0
2021-06-17,108917.15173219921,108917.15173219921,0.0,0,0
2021-06-18,108917.15173219921,108917.15173219921,0.0,0,0
2021-06-21,108917.15173219921,108917.15173219921,0.0,0,0
2021-06-22,108917.15173219921,108917.15173219921,0.0,0,0
2021-06-23,108917.15173219921,108917.15173219921,0.0,0,0
2021-06-24,108917.15173219921,108917.15173219921,0.0,0,0
2021-06-25,108917.15173219921,108917.15173219921,0.0,0,0
2021-06-28,108917.15173219921,108917.15173219921,0.0,0,0
2021-06-29,108917.15173219921,108917.15173219921,0.0,0,0
2021-06-30,108917.15173219921,108917.15173219921,0.0,0,0
2021-07-01,108917.15173219921,108917.15173219921,0.0,0,0
2021-07-02,108917.15173219921,108917.15173219921,0.0,0,0
2021-07-06,108917.15173219921,108917.15173219921,0.0,0,0
2021-07-07,108917.15173219921,108917.15173219921,0.0,0,0
2021-07-08,108917.15173219921,108917.15173219921,0.0,0,0
2021-07-09,108917.15173219921,108917.15173219921,0.0,0,0
2021-07-12,108917.15173219921,108917.15173219921,0.0,0,0
2021-07-13,108917.15173219921,108917.15173219921,0.0,0,0
2021-07-14,108917.15173219921,108917.15173219921,0.0,0,0
2021-07-15,108917.15173219921,108917.15173219921,0.0,0,0
2021-07-16,108917.15173219921,108917.15173219921,0.0,0,0
2021-07-19,108917.15173219921,108917.15173219921,0.0,0,0
2021-07-20,108917.15173219921,108917.15173219921,0.0,0,0
2021-07-21,108917.15173219921,108917.15173219921,0.0,0,0
2021-07-22,108917.15173219921,108917.15173219921,0.0,0,0
2021-07-23,108917.15173219921,108917.15173219921,0.0,0,0
2021-07-26,108917.15173219921,108917.15173219921,0.0,0,0
2021-07-27,108917.15173219921,108917.15173219921,0.0,0,0
2021-07-28,108917.15173219921,108917.15173219921,0.0,0,0
2021-07-29,108917.15173219921,108917.15173219921,0.0,0,0
2021-07-30,108917.15173219921,108917.15173219921,0.0,0,0
2021-08-02,108917.15173219921,108917.15173219921,0.0,0,0
2021-08-03,108917.15173219921,108917.15173219921,0.0,0,0
2021-08-04,108917.15173219921,108917.15173219921,0.0,0,0
2021-08-05,108917.15173219921,108917.15173219921,0.0,0,0
2021-08-06,108917.15173219921,108917.15173219921,0.0,0,0
2021-08-09,108917.15173219921,108917.15173219921,0.0,0,0
2021-08-10,108917.15173219921,108917.15173219921,0.0,0,0
2021-08-11,108917.15173219921,108917.15173219921,0.0,0,0
2021-08-12,108917.15173219921,108917.15173219921,0.0,0,0
2021-08-13,108917.15173219921,108917.15173219921,0.0,0,0
2021-08-16,108917.15173219921,108917.15173219921,0.0,0,0
2021-08-17,108917.15173219921,108917.15173219921,0.0,0,0
2021-08-18,108917.15173219921,108917.15173219921,0.0,0,0
2021-08-19,108917.15173219921,108917.15173219921,0.0,0,0
2021-08-20,108917.15173219921,108917.15173219921,0.0,0,0
2021-08-23,108917.15173219921,108917.15173219921,0.0,0,0
2021-08-24,108917.15173219921,108917.15173219921,0.0,0,0
2021-08-25,108917.15173219921,108917.15173219921,0.0,0,0
2021-08-26,108917.15173219921,108917.15173219921,0.0,0,0
2021-08-27,108917.15173219921,108917.15173219921,0.0,0,0
2021-08-30,108917.15173219921,108917.15173219921,0.0,0,0
2021-08-31,108917.15173219921,108917.15173219921,0.0,0,0
2021-09-01,108917.15173219921,108917.15173219921,0.0,0,0
2021-09-02,108917.15173219921,108917.15173219921,0.0,0,0
2021-09-03,108917.15173219921,108917.15173219921,0.0,0,0
2021-09-07,108917.15173219921,108917.15173219921,0.0,0,0
2021-09-08,108917.15173219921,108917.15173219921,0.0,0,0
2021-09-09,108917.15173219921,108917.15173219921,0.0,0,1
2021-09-10,108917.15173219921,108917.15173219921,0.0,0,1
2021-09-13,108917.15173219921,108917.15173219921,0.0,0,1
2021-09-14,108917.15173219921,108917.15173219921,0.0,0,1
2021-09-15,108917.15173219921,108917.15173219921,0.0,0,1
2021-09-16,108917.15173219921,108917.15173219921,0.0,0,1
2021-09-17,108917.15173219921,108917.15173219921,0.0,0,1
2021-09-20,108917.15173219921,108917.15173219921,0.0,0,1
2021-09-21,108917.15173219921,108917.15173219921,0.0,0,1
2021-09-22,108917.15173219921,108917.15173219921,0.0,0,1
2021-09-23,108917.15173219921,108917.15173219921,0.0,0,2
2021-09-24,108917.15173219921,108917.15173219921,0.0,0,2
2021-09-27,108917.15173219921,108917.15173219921,0.0,0,2
2021-09-28,108917.15173219921,108917.15173219921,0.0,0,2
2021-09-29,108917.15173219921,108917.15173219921,0.0,0,2
2021-09-30,108917.15173219921,108917.15173219921,0.0,0,2
2021-10-01,108917.15173219921,108917.15173219921,0.0,0,2
2021-10-04,108917.15173219921,108917.15173219921,0.0,0,2
2021-10-05,108917.15173219921,108917.15173219921,0.0,0,2
2021-10-06,108917.15173219921,108917.15173219921,0.0,0,2
2021-10-07,108917.15173219921,108917.15173219921,0.0,0,2
2021-10-08,108917.15173219921,108917.15173219921,0.0,0,2
2021-10-11,108917.15173219921,108917.15173219921,0.0,0,2
2021-10-12,108917.15173219921,108917.15173219921,0.0,0,2
2021-10-13,108917.15173219921,108917.15173219921,0.0,0,2
2021-10-14,108917.15173219921,108917.15173219921,0.0,0,2
2021-10-15,108917.15173219921,108917.15173219921,0.0,0,2
2021-10-18,108917.15173219921,108917.15173219921,0.0,0,2
2021-10-19,108917.15173219921,108917.15173219921,0.0,0,2
2021-10-20,108917.15173219921,108917.15173219921,0.0,0,2
2021-10-21,108917.15173219921,108917.15173219921,0.0,0,2
2021-10-22,108917.15173219921,108917.15173219921,0.0,0,2
2021-10-25,108917.15173219921,108917.15173219921,0.0,0,2
2021-10-26,108917.15173219921,108917.15173219921,0.0,0,2
2021-10-27,110138.59476104859,72611.4344881328,37527.16027291579,1,1
2021-10-28,109794.87349275319,72611.4344881328,37183.4390046204,1,1
2021-10-29,109509.46074451476,72611.4344881328,36898.026256381956,1,1
2021-11-01,114917.91019672743,35596.78869411638,79321.12150261106,2,0
2021-11-02,117253.11929797911,35596.78869411638,81656.33060386273,2,0
2021-11-03,118671.04640136633,35596.78869411638,83074.25770724994,2,0
2021-11-04,122304.67364338579,35596.78869411638,86707.88494926941,2,0
2021-11-05,121405.87212188216,35596.78869411638,85809.08342776579,2,0
2021-11-08,125342.30642320545,35596.78869411638,89745.51772908907,2,0
2021-11-09,124575.10059883079,35596.78869411638,88978.31190471441,2,0
2021-11-10,120771.57700594366,35596.78869411638,85174.78831182729,2,0
2021-11-11,123682.03407190146,35596.78869411638,88085.24537778509,2,0
2021-11-12,124556.42292429082,35596.78869411638,88959.63423017443,2,0
2021-11-15,124572.91180087841,35596.78869411638,88976.12310676202,2,0
2021-11-16,128580.64983569496,35596.78869411638,92983.86114157859,2,0
2021-11-17,128440.75861725776,35596.78869411638,92843.96992314138,2,0
2021-11-18,130358.31251835055,35596.78869411638,94761.52382423417,2,0
2021-11-19,130388.77455096238,35596.78869411638,94791.985856846,2,0
2021-11-22,128289.83614937181,35596.78869411638,92693.04745525542,2,0
2021-11-23,127365.50180420032,35596.78869411638,91768.71311008395,2,0
2021-11-24,130400.99562660095,35596.78869411638,94804.20693248458,2,0
2021-11-26,127944.19841619668,35596.78869411638,92347.4097220803,2,0
2021-11-29,132145.65373463646,35596.78869411638,96548.86504052009,2,0
2021-11-30,129876.97382521431,35596.78869411638,94280.18513109794,2,0
2021-12-01,127235.8875607363,35596.78869411638,91639.09886661991,2,0
2021-12-02,128342.30516740005,35596.78869411638,92745.51647328367,2,0
2021-12-03,127418.098029479,35596.78869411638,91821.30933536263,2,1
2021-12-06,124315.1708659461,35596.78869411638,88718.38217182973,2,1
2021-12-07,128716.87956536264,35596.78869411638,93120.09087124627,2,1
2021-12-08,127936.8560703838,35596.78869411638,92340.06737626741,2,1
2021-12-09,125046.67391631554,35596.78869411638,89449.88522219915,2,1
2021-12-10,126642.16464908043,35596.78869411638,91045.37595496405,2,1
2021-12-13,123191.65848818084,35596.78869411638,87594.86979406446,2,1
2021-12-14,124041.4951524275,35596.78869411638,88444.70645831112,2,1
2021-12-15,129096.85036209552,35596.78869411638,93500.06166797914,2,1
2021-12-16,122668.32002989051,0.0,122668.32002989051,3,0
2021-12-17,122800.7545729834,0.0,122800.7545729834,3,0
2021-12-20,121300.36769800347,0.0,121300.36769800347,3,0
2021-12-21,127781.00867399914,0.0,127781.00867399914,3,0
2021-12-22,128336.6872415923,0.0,128336.6872415923,3,0
2021-12-23,130350.30146775443,0.0,130350.30146775443,3,0
2021-12-27,136401.00101315748,0.0,136401.00101315748,3,0
2021-12-28,134073.65117976256,0.0,134073.65117976256,3,0
2021-12-29,133502.47657385457,0.0,133502.47657385457,3,0
2021-12-30,130894.44628917519,0.0,130894.44628917519,3,0
2021-12-31,130699.45817649725,0.0,130699.45817649725,3,0
2022-01-03,134886.70612040992,0.0,134886.70612040992,3,0
2022-01-04,133740.06230305368,0.0,133740.06230305368,3,0
2022-01-05,127226.48266187528,0.0,127226.48266187528,3,0
2022-01-06,127836.3680077222,0.0,127836.3680077222,3,0
2022-01-07,123389.98295261755,0.0,123389.98295261755,3,0
2022-01-10,123440.5912399068,0.0,123440.5912399068,3,0
2022-01-11,126538.47473678712,0.0,126538.47473678712,3,0
2022-01-12,127524.01198828264,0.0,127524.01198828264,3,0
2022-01-13,123672.16088884766,0.0,123672.16088884766,3,0
2022-01-14,127495.30005265199,0.0,127495.30005265199,3,0
2022-01-18,121633.67635598173,0.0,121633.67635598173,3,0
2022-01-19,115925.9667605644,0.0,115925.9667605644,3,0
2022-01-20,110762.0033939293,0.0,110762.0033939293,3,0
2022-01-21,108753.92757695749,36462.23311183875,72291.69446511874,2,1
2022-01-24,108560.09260803017,67411.22752388282,41148.86508414736,1,2
2022-01-25,107058.09177540918,67411.22752388282,39646.86425152636,1,2
2022-01-26,108872.3883785735,108872.3883785735,0.0,0,3
2022-01-27,108872.3883785735,108872.3883785735,0.0,0,1
2022-01-28,108872.3883785735,108872.3883785735,0.0,0,1
2022-01-31,108872.3883785735,108872.3883785735,0.0,0,1
2022-02-01,108872.3883785735,108872.3883785735,0.0,0,1
2022-02-02,108872.3883785735,108872.3883785735,0.0,0,1
2022-02-03,108872.3883785735,108872.3883785735,0.0,0,0
2022-02-04,108872.3883785735,108872.3883785735,0.0,0,0
2022-02-07,108872.3883785735,108872.3883785735,0.0,0,0
2022-02-08,108872.3883785735,108872.3883785735,0.0,0,0
2022-02-09,108872.3883785735,108872.3883785735,0.0,0,0
2022-02-10,108872.3883785735,108872.3883785735,0.0,0,0
2022-02-11,108872.3883785735,108872.3883785735,0.0,0,0
2022-02-14,108872.3883785735,108872.3883785735,0.0,0,0
2022-02-15,108872.3883785735,108872.3883785735,0.0,0,0
2022-02-16,108872.3883785735,108872.3883785735,0.0,0,0
2022-02-17,108872.3883785735,108872.3883785735,0.0,0,0
2022-02-18,108872.3883785735,108872.3883785735,0.0,0,0
2022-02-22,108872.3883785735,108872.3883785735,0.0,0,0
2022-02-23,108872.3883785735,108872.3883785735,0.0,0,0
2022-02-24,108872.3883785735,108872.3883785735,0.0,0,0
2022-02-25,108872.3883785735,108872.3883785735,0.0,0,0
2022-02-28,108872.3883785735,108872.3883785735,0.0,0,0
2022-03-01,108872.3883785735,108872.3883785735,0.0,0,0
2022-03-02,108872.3883785735,108872.3883785735,0.0,0,0
2022-03-03,108872.3883785735,108872.3883785735,0.0,0,0
2022-03-04,108872.3883785735,108872.3883785735,0.0,0,0
2022-03-07,108872.3883785735,108872.3883785735,0.0,0,0
2022-03-08,108872.3883785735,108872.3883785735,0.0,0,0
2022-03-09,108872.3883785735,108872.3883785735,0.0,0,0
2022-03-10,108872.3883785735,108872.3883785735,0.0,0,0
2022-03-11,108872.3883785735,108872.3883785735,0.0,0,0
2022-03-14,108872.3883785735,108872.3883785735,0.0,0,0
2022-03-15,108872.3883785735,108872.3883785735,0.0,0,0
2022-03-16,108872.3883785735,108872.3883785735,0.0,0,0
2022-03-17,108872.3883785735,108872.3883785735,0.0,0,0
2022-03-18,108872.3883785735,108872.3883785735,0.0,0,0
2022-03-21,108872.3883785735,108872.3883785735,0.0,0,0
2022-03-22,108872.3883785735,108872.3883785735,0.0,0,0
2022-03-23,108872.3883785735,108872.3883785735,0.0,0,0
2022-03-24,108872.3883785735,108872.3883785735,0.0,0,0
2022-03-25,108872.3883785735,108872.3883785735,0.0,0,0
2022-03-28,108872.3883785735,108872.3883785735,0.0,0,0
2022-03-29,108872.3883785735,108872.3883785735,0.0,0,0
2022-03-30,108872.3883785735,108872.3883785735,0.0,0,0
2022-03-31,108872.3883785735,108872.3883785735,0.0,0,0
2022-04-01,108872.3883785735,108872.3883785735,0.0,0,0
2022-04-04,108872.3883785735,108872.3883785735,0.0,0,0
2022-04-05,108872.3883785735,108872.3883785735,0.0,0,0
2022-04-06,108872.3883785735,108872.3883785735,0.0,0,0
2022-04-07,108872.3883785735,108872.3883785735,0.0,0,0
2022-04-08,108872.3883785735,108872.3883785735,0.0,0,0
2022-04-11,108872.3883785735,108872.3883785735,0.0,0,0
2022-04-12,108872.3883785735,108872.3883785735,0.0,0,0
2022-04-13,108872.3883785735,108872.3883785735,0.0,0,0
2022-04-14,108872.3883785735,108872.3883785735,0.0,0,0
2022-04-18,108872.3883785735,108872.3883785735,0.0,0,0
2022-04-19,108872.3883785735,108872.3883785735,0.0,0,0
2022-04-20,108872.3883785735,108872.3883785735,0.0,0,0
2022-04-21,108872.3883785735,108872.3883785735,0.0,0,0
2022-04-22,108872.3883785735,108872.3883785735,0.0,0,0
2022-04-25,108872.3883785735,108872.3883785735,0.0,0,0
2022-04-26,108872.3883785735,108872.3883785735,0.0,0,0
2022-04-27,108872.3883785735,108872.3883785735,0.0,0,0
2022-04-28,108872.3883785735,108872.3883785735,0.0,0,0
2022-04-29,108872.3883785735,108872.3883785735,0.0,0,0
2022-05-02,108872.3883785735,108872.3883785735,0.0,0,0
2022-05-03,108872.3883785735,108872.3883785735,0.0,0,0
2022-05-04,108872.3883785735,108872.3883785735,0.0,0,0
2022-05-05,108872.3883785735,108872.3883785735,0.0,0,0
2022-05-06,108872.3883785735,108872.3883785735,0.0,0,0
2022-05-09,108872.3883785735,108872.3883785735,0.0,0,0
2022-05-10,108872.3883785735,108872.3883785735,0.0,0,0
2022-05-11,108872.3883785735,108872.3883785735,0.0,0,0
2022-05-12,108872.3883785735,108872.3883785735,0.0,0,0
2022-05-13,108872.3883785735,108872.3883785735,0.0,0,0
2022-05-16,108872.3883785735,108872.3883785735,0.0,0,0
2022-05-17,108872.3883785735,108872.3883785735,0.0,0,0
2022-05-18,108872.3883785735,108872.3883785735,0.0,0,0
2022-05-19,108872.3883785735,108872.3883785735,0.0,0,0
2022-05-20,108872.3883785735,108872.3883785735,0.0,0,0
2022-05-23,108872.3883785735,108872.3883785735,0.0,0,0
2022-05-24,108872.3883785735,108872.3883785735,0.0,0,0
2022-05-25,108872.3883785735,108872.3883785735,0.0,0,0
2022-05-26,108872.3883785735,108872.3883785735,0.0,0,0
2022-05-27,108872.3883785735,108872.3883785735,0.0,0,0
2022-05-31,108872.3883785735,108872.3883785735,0.0,0,0
2022-06-01,108872.3883785735,108872.3883785735,0.0,0,0
2022-06-02,108872.3883785735,108872.3883785735,0.0,0,0
2022-06-03,108872.3883785735,108872.3883785735,0.0,0,0
2022-06-06,108872.3883785735,108872.3883785735,0.0,0,0
2022-06-07,108872.3883785735,108872.3883785735,0.0,0,0
2022-06-08,108872.3883785735,108872.3883785735,0.0,0,0
2022-06-09,108872.3883785735,108872.3883785735,0.0,0,0
2022-06-10,108872.3883785735,108872.3883785735,0.0,0,0
2022-06-13,108872.3883785735,108872.3883785735,0.0,0,0
2022-06-14,108872.3883785735,108872.3883785735,0.0,0,0
2022-06-15,108872.3883785735,108872.3883785735,0.0,0,0
2022-06-16,108872.3883785735,108872.3883785735,0.0,0,0
2022-06-17,108872.3883785735,108872.3883785735,0.0,0,0
2022-06-21,108872.3883785735,108872.3883785735,0.0,0,0
2022-06-22,108872.3883785735,108872.3883785735,0.0,0,0
2022-06-23,108872.3883785735,108872.3883785735,0.0,0,0
2022-06-24,108872.3883785735,108872.3883785735,0.0,0,0
2022-06-27,108872.3883785735,108872.3883785735,0.0,0,0
2022-06-28,108872.3883785735,108872.3883785735,0.0,0,0
2022-06-29,108872.3883785735,108872.3883785735,0.0,0,0
2022-06-30,108872.3883785735,108872.3883785735,0.0,0,0
2022-07-01,108872.3883785735,108872.3883785735,0.0,0,0
2022-07-05,108872.3883785735,108872.3883785735,0.0,0,0
2022-07-06,108872.3883785735,108872.3883785735,0.0,0,0
2022-07-07,108872.3883785735,108872.3883785735,0.0,0,0
2022-07-08,108872.3883785735,108872.3883785735,0.0,0,0
2022-07-11,108872.3883785735,108872.3883785735,0.0,0,0
2022-07-12,108872.3883785735,108872.3883785735,0.0,0,0
2022-07-13,108872.3883785735,108872.3883785735,0.0,0,0
2022-07-14,108872.3883785735,108872.3883785735,0.0,0,0
2022-07-15,108872.3883785735,108872.3883785735,0.0,0,0
2022-07-18,108872.3883785735,108872.3883785735,0.0,0,0
2022-07-19,108872.3883785735,108872.3883785735,0.0,0,0
2022-07-20,108872.3883785735,108872.3883785735,0.0,0,0
2022-07-21,108872.3883785735,108872.3883785735,0.0,0,0
2022-07-22,108872.3883785735,108872.3883785735,0.0,0,0
2022-07-25,108872.3883785735,108872.3883785735,0.0,0,0
2022-07-26,108872.3883785735,108872.3883785735,0.0,0,0
2022-07-27,108872.3883785735,108872.3883785735,0.0,0,0
2022-07-28,108872.3883785735,108872.3883785735,0.0,0,0
2022-07-29,108872.3883785735,108872.3883785735,0.0,0,0
2022-08-01,108872.3883785735,108872.3883785735,0.0,0,0
2022-08-02,108872.3883785735,108872.3883785735,0.0,0,0
2022-08-03,108872.3883785735,108872.3883785735,0.0,0,0
2022-08-04,108872.3883785735,108872.3883785735,0.0,0,0
2022-08-05,108872.3883785735,108872.3883785735,0.0,0,0
2022-08-08,108872.3883785735,108872.3883785735,0.0,0,0
2022-08-09,108872.3883785735,108872.3883785735,0.0,0,0
2022-08-10,108872.3883785735,108872.3883785735,0.0,0,0
2022-08-11,108872.3883785735,108872.3883785735,0.0,0,0
2022-08-12,108872.3883785735,108872.3883785735,0.0,0,0
2022-08-15,108872.3883785735,108872.3883785735,0.0,0,0
2022-08-16,108872.3883785735,108872.3883785735,0.0,0,0
2022-08-17,108872.3883785735,108872.3883785735,0.0,0,0
2022-08-18,108872.3883785735,108872.3883785735,0.0,0,0
2022-08-19,108872.3883785735,108872.3883785735,0.0,0,0
2022-08-22,108872.3883785735,108872.3883785735,0.0,0,0
2022-08-23,108872.3883785735,108872.3883785735,0.0,0,1
2022-08-24,108872.3883785735,108872.3883785735,0.0,0,1
2022-08-25,108872.3883785735,108872.3883785735,0.0,0,1
2022-08-26,108872.3883785735,108872.3883785735,0.0,0,1
2022-08-29,108872.3883785735,108872.3883785735,0.0,0,1
2022-08-30,108872.3883785735,108872.3883785735,0.0,0,2
2022-08-31,108872.3883785735,108872.3883785735,0.0,0,2
2022-09-01,108872.3883785735,108872.3883785735,0.0,0,2
2022-09-02,108872.3883785735,108872.3883785735,0.0,0,2
2022-09-06,108872.3883785735,108872.3883785735,0.0,0,2
2022-09-07,108872.3883785735,108872.3883785735,0.0,0,2
2022-09-08,108872.3883785735,108872.3883785735,0.0,0,2
2022-09-09,108872.3883785735,108872.3883785735,0.0,0,2
2022-09-12,108872.3883785735,108872.3883785735,0.0,0,2
2022-09-13,108872.3883785735,108872.3883785735,0.0,0,2
2022-09-14,108872.3883785735,108872.3883785735,0.0,0,2
2022-09-15,108872.3883785735,108872.3883785735,0.0,0,2
2022-09-16,108872.3883785735,108872.3883785735,0.0,0,2
2022-09-19,108872.3883785735,108872.3883785735,0.0,0,2
2022-09-20,108872.3883785735,108872.3883785735,0.0,0,2
2022-09-21,108872.3883785735,108872.3883785735,0.0,0,2
2022-09-22,108872.3883785735,108872.3883785735,0.0,0,2
2022-09-23,108872.3883785735,108872.3883785735,0.0,0,2
2022-09-26,108872.3883785735,108872.3883785735,0.0,0,2
2022-09-27,108872.3883785735,108872.3883785735,0.0,0,2
2022-09-28,108872.3883785735,108872.3883785735,0.0,0,2
2022-09-29,108872.3883785735,108872.3883785735,0.0,0,2
2022-09-30,108872.3883785735,108872.3883785735,0.0,0,1
2022-10-03,108872.3883785735,108872.3883785735,0.0,0,1
2022-10-04,108872.3883785735,108872.3883785735,0.0,0,1
2022-10-05,108872.3883785735,108872.3883785735,0.0,0,1
2022-10-06,108872.3883785735,108872.3883785735,0.0,0,1
2022-10-07,108872.3883785735,108872.3883785735,0.0,0,1
2022-10-10,108872.3883785735,108872.3883785735,0.0,0,1
2022-10-11,108872.3883785735,108872.3883785735,0.0,0,1
2022-10-12,108872.3883785735,108872.3883785735,0.0,0,1
2022-10-13,108872.3883785735,108872.3883785735,0.0,0,1
2022-10-14,108872.3883785735,108872.3883785735,0.0,0,1
2022-10-17,108872.3883785735,108872.3883785735,0.0,0,1
2022-10-18,108872.3883785735,108872.3883785735,0.0,0,1
2022-10-19,108872.3883785735,108872.3883785735,0.0,0,1
2022-10-20,108872.3883785735,108872.3883785735,0.0,0,1
2022-10-21,108872.3883785735,108872.3883785735,0.0,0,0
2022-10-24,108872.3883785735,108872.3883785735,0.0,0,0
2022-10-25,108872.3883785735,108872.3883785735,0.0,0,0
2022-10-26,108872.3883785735,108872.3883785735,0.0,0,0
2022-10-27,108872.3883785735,108872.3883785735,0.0,0,0
2022-10-28,108872.3883785735,108872.3883785735,0.0,0,0
2022-10-31,108872.3883785735,108872.3883785735,0.0,0,0
2022-11-01,108872.3883785735,108872.3883785735,0.0,0,0
2022-11-02,108872.3883785735,108872.3883785735,0.0,0,0
2022-11-03,108872.3883785735,108872.3883785735,0.0,0,0
2022-11-04,108872.3883785735,108872.3883785735,0.0,0,0
2022-11-07,108872.3883785735,108872.3883785735,0.0,0,0
2022-11-08,108872.3883785735,108872.3883785735,0.0,0,0
2022-11-09,108872.3883785735,108872.3883785735,0.0,0,0
2022-11-10,108872.3883785735,108872.3883785735,0.0,0,0
2022-11-11,108872.3883785735,108872.3883785735,0.0,0,0
2022-11-14,108872.3883785735,108872.3883785735,0.0,0,0
2022-11-15,108872.3883785735,108872.3883785735,0.0,0,0
2022-11-16,108872.3883785735,108872.3883785735,0.0,0,0
2022-11-17,108872.3883785735,108872.3883785735,0.0,0,0
2022-11-18,108872.3883785735,108872.3883785735,0.0,0,0
2022-11-21,108872.3883785735,108872.3883785735,0.0,0,0
2022-11-22,108872.3883785735,108872.3883785735,0.0,0,0
2022-11-23,108872.3883785735,108872.3883785735,0.0,0,2
2022-11-25,108872.3883785735,108872.3883785735,0.0,0,2
2022-11-28,108872.3883785735,108872.3883785735,0.0,0,2
2022-11-29,108872.3883785735,108872.3883785735,0.0,0,2
2022-11-30,108932.4965302293,72581.59225238234,36350.90427784696,1,1
2022-12-01,108708.73718908557,72581.59225238234,36127.144936703226,1,2
2022-12-02,108600.56193113123,72581.59225238234,36018.96967874889,1,2
2022-12-05,108509.01938385994,72581.59225238234,35927.4271314776,1,2
2022-12-06,108016.20868540877,72581.59225238234,35434.61643302643,1,2
2022-12-07,108464.64218135091,72581.59225238234,35883.04992896856,1,2
2022-12-08,109188.61230592302,72581.59225238234,36607.02005354067,1,2
2022-12-09,108956.53515272812,72581.59225238234,36374.94290034578,1,2
2022-12-12,109649.98138347885,72581.59225238234,37068.38913109652,1,2
2022-12-13,110400.76953254516,72581.59225238234,37819.177280162825,1,2
2022-12-14,110140.03016045033,72581.59225238234,37558.437908067994,1,2
2022-12-15,108155.81973741986,72581.59225238234,35574.22748503752,1,2
2022-12-16,108228.87663934453,72581.59225238234,35647.28438696219,1,2
2022-12-19,108055.04165102346,72581.59225238234,35473.44939864112,1,2
2022-12-20,108263.07726830026,72581.59225238234,35681.48501591791,1,2
2022-12-21,109268.12534497741,72581.59225238234,36686.53309259507,1,2
2022-12-22,107147.99808558589,72581.59225238234,34566.40583320355,1,2
2022-12-23,107475.3149151214,72581.59225238234,34893.72266273906,1,2
2022-12-27,106893.74107139432,72581.59225238234,34312.148819011985,1,2
2022-12-28,106584.92154088257,72581.59225238234,34003.32928850023,1,2
2022-12-29,107703.6891124084,72581.59225238234,35122.09686002607,1,2
2022-12-30,107442.02909982034,72581.59225238234,34860.436847438,1,2
2023-01-03,107397.64898389202,72581.59225238234,34816.056731509685,1,2
2023-01-04,107737.90430846054,72581.59225238234,35156.3120560782,1,2
2023-01-05,107112.86807587909,72581.59225238234,34531.275823496755,1,2
2023-01-06,110684.31980321748,36133.91968536568,74550.4001178518,2,1
2023-01-09,110936.25415711015,36133.91968536568,74802.33447174446,2,1
2023-01-10,111544.51365924982,36133.91968536568,75410.59397388413,2,1
2023-01-11,112016.95540017559,36133.91968536568,75883.0357148099,2,1
2023-01-12,112253.58743063197,36133.91968536568,76119.66774526628,2,1
2023-01-13,112154.47195134158,36133.91968536568,76020.5522659759,2,1
2023-01-17,111791.71809401739,36133.91968536568,75657.7984086517,2,1
2023-01-18,111391.53840224296,36133.91968536568,75257.61871687727,2,1
2023-01-19,109482.33338086103,36133.91968536568,73348.41369549534,2,1
2023-01-20,111054.24334658295,36133.91968536568,74920.32366121726,2,1
2023-01-23,112835.60180614458,36133.91968536568,76701.68212077889,2,1
2023-01-24,112828.34901128316,36133.91968536568,76694.42932591747,2,1
2023-01-25,112822.01071541756,36133.91968536568,76688.09103005187,2,1
2023-01-26,114218.16089654769,36133.91968536568,78084.241211182,2,1
2023-01-27,111013.3067334012,36133.91968536568,74879.38704803553,2,1
2023-01-30,109319.78490950476,36133.91968536568,73185.86522413907,2,1
2023-01-31,109992.20987289897,36133.91968536568,73858.29018753329,2,1
2023-02-01,112730.1263185268,36133.91968536568,76596.20663316111,2,1
2023-02-02,113339.21690658946,36133.91968536568,77205.29722122377,2,1
2023-02-03,112261.9866456385,36133.91968536568,76128.06696027282,2,1
2023-02-06,112250.51501216096,36133.91968536568,76116.59532679527,2,1
2023-02-07,114134.26980196807,36133.91968536568,78000.35011660239,2,1
2023-02-08,112179.77051948197,36133.91968536568,76045.85083411628,2,1
2023-02-09,111958.09401436377,36133.91968536568,75824.17432899808,2,1
2023-02-10,110935.43947923605,36133.91968536568,74801.51979387036,2,1
2023-02-13,112092.03183472928,36133.91968536568,75958.1121493636,2,1
2023-02-14,112134.12029352272,36133.91968536568,76000.20060815704,2,1
2023-02-15,112677.20905237598,36133.91968536568,76543.28936701031,2,1
2023-02-16,111139.24678564904,36133.91968536568,75005.32710028335,2,1
2023-02-17,110365.90830352169,36133.91968536568,74231.988618156,2,1
2023-02-21,108574.98264312776,36133.91968536568,72441.06295776207,2,1
2023-02-22,108175.39169976293,36133.91968536568,72041.47201439724,2,1
2023-02-23,109650.49215973433,36133.91968536568,73516.57247436866,2,1
2023-02-24,108471.65832489607,36133.91968536568,72337.73863953038,2,1
2023-02-27,108895.65039871477,71298.04844537847,37597.6019533363,1,2
2023-02-28,109463.35462163185,71298.04844537847,38165.30617625337,1,2
2023-03-01,109417.11684954446,71298.04844537847,38119.06840416599,1,2
2023-03-02,109743.3565809777,71298.04844537847,38445.308135599225,1,2
2023-03-03,111933.89670985656,71298.04844537847,40635.84826447809,1,2
2023-03-06,111944.17234090352,71298.04844537847,40646.12389552505,1,2
2023-03-07,111445.18287013008,71298.04844537847,40147.1344247516,1,2
2023-03-08,111901.79370761264,71298.04844537847,40603.74526223417,1,2
2023-03-09,111276.27943146661,71298.04844537847,39978.230986088136,1,2
2023-03-10,110782.4354790885,71298.04844537847,39484.38703371002,1,2
2023-03-13,110887.75427825996,71298.04844537847,39589.7058328815,1,2
2023-03-14,111914.63182736147,71298.04844537847,40616.583381983,1,2
2023-03-15,111502.34331449975,71298.04844537847,40204.29486912128,1,2
2023-03-16,112174.08252461342,71298.04844537847,40876.03407923494,1,2
2023-03-17,111381.83636551705,34025.0661942953,77356.77017122175,2,1
2023-03-20,112939.15089537064,34025.0661942953,78914.08470107534,2,1
2023-03-21,113193.68777116977,34025.0661942953,79168.62157687447,2,1
2023-03-22,112411.99633483085,34025.0661942953,78386.93014053555,2,1
2023-03-23,113709.41660667984,34025.0661942953,79684.35041238453,2,1
2023-03-24,113055.02276055298,34025.0661942953,79029.95656625768,2,1
2023-03-27,112576.02462120095,34025.0661942953,78550.95842690565,2,1
2023-03-28,111947.43366030158,34025.0661942953,77922.36746600628,2,1
2023-03-29,112979.52121880345,34025.0661942953,78954.45502450815,2,1
2023-03-30,114617.99968501252,34025.0661942953,80592.93349071722,2,1
2023-03-31,115754.70616567707,34025.0661942953,81729.63997138177,2,1
2023-04-03,115215.74475937602,75581.45642961931,39634.2883297567,1,2
2023-04-04,114767.06390849638,75581.45642961931,39185.60747887707,1,2
2023-04-05,114523.272923811,75581.45642961931,38941.81649419169,1,2
2023-04-06,114520.6819717903,75581.45642961931,38939.22554217098,1,2
2023-04-10,114868.20927245199,75581.45642961931,39286.752842832684,1,2
2023-04-11,114816.34111446384,75581.45642961931,39234.88468484452,1,2
2023-04-12,114147.21240587218,75581.45642961931,38565.755976252876,1,2
2023-04-13,114136.84450465818,75581.45642961931,38555.38807503886,1,2
2023-04-14,113319.87599190188,75581.45642961931,37738.419562282565,1,2
2023-04-17,113104.61413136245,75581.45642961931,37523.15770174314,1,2
2023-04-18,112746.70255696212,75581.45642961931,37165.2461273428,1,2
2023-04-19,112137.22304868308,75581.45642961931,36555.766619063776,1,2
2023-04-20,112445.85741711599,75581.45642961931,36864.40098749667,1,2
2023-04-21,112342.1170080085,75581.45642961931,36760.66057838919,1,2
2023-04-24,111385.10201280547,75581.45642961931,35803.645583186146,1,2
2023-04-25,110464.39718407283,75581.45642961931,34882.94075445352,1,2
2023-04-26,110098.71275361034,75581.45642961931,34517.25632399103,1,2
2023-04-27,110072.77867461626,75581.45642961931,34491.32224499695,1,2
2023-04-28,110194.68439978684,75581.45642961931,34613.22797016752,1,2
2023-05-01,110243.94932636083,75581.45642961931,34662.49289674151,1,2
2023-05-02,109551.48158392697,75581.45642961931,33970.02515430766,1,2
2023-05-03,108720.96084879353,108720.96084879353,0.0,0,3
2023-05-04,108720.96084879353,108720.96084879353,0.0,0,3
2023-05-05,108720.96084879353,108720.96084879353,0.0,0,3
2023-05-08,108720.96084879353,108720.96084879353,0.0,0,3
2023-05-09,108720.96084879353,108720.96084879353,0.0,0,3
2023-05-10,108720.96084879353,108720.96084879353,0.0,0,3
2023-05-11,108720.96084879353,108720.96084879353,0.0,0,3
2023-05-12,108720.96084879353,108720.96084879353,0.0,0,3
2023-05-15,108720.96084879353,108720.96084879353,0.0,0,3
2023-05-16,108720.96084879353,108720.96084879353,0.0,0,3
2023-05-17,108720.96084879353,108720.96084879353,0.0,0,3
2023-05-18,110282.06451618957,72480.64056586236,37801.42395032721,1,2
2023-05-19,110170.42603794002,72480.64056586236,37689.78547207766,1,2
2023-05-22,109541.18585931626,72480.64056586236,37060.545293453906,1,2
2023-05-23,108748.63966793063,72480.64056586236,36267.99910206828,1,2
2023-05-24,108960.84822779933,72480.64056586236,36480.20766193698,1,2
2023-05-25,118380.86088598773,34966.77113851737,83414.08974747035,2,1
2023-05-26,121758.70472743263,34966.77113851737,86791.93358891527,2,1
2023-05-30,122979.2085845565,34966.77113851737,88012.43744603913,2,1
2023-05-31,121411.84754702327,0.0,121411.84754702327,3,0
2023-06-01,122064.11112263412,0.0,122064.11112263412,3,0
2023-06-02,120574.3788238473,0.0,120574.3788238473,3,0
2023-06-05,121094.75125279636,0.0,121094.75125279636,3,0
2023-06-06,122214.48329355996,0.0,122214.48329355996,3,0
2023-06-07,118115.8775514451,0.0,118115.8775514451,3,0
2023-06-08,120389.82483401467,0.0,120389.82483401467,3,0
2023-06-09,122079.174735064,0.0,122079.174735064,3,0
2023-06-12,124912.80691555218,0.0,124912.80691555218,3,0
2023-06-13,124520.1632134676,0.0,124520.1632134676,3,0
2023-06-14,124696.97175025774,0.0,124696.97175025774,3,0
2023-06-15,123886.31618293838,0.0,123886.31618293838,3,0
2023-06-16,121601.82466568501,0.0,121601.82466568501,3,0
2023-06-20,120134.30765898217,0.0,120134.30765898217,3,0
2023-06-21,116111.04069046164,0.0,116111.04069046164,3,0
2023-06-22,115422.55183003696,0.0,115422.55183003696,3,0
2023-06-23,114299.6970973511,0.0,114299.6970973511,3,0
2023-06-26,112813.63493950412,0.0,112813.63493950412,3,0
2023-06-27,115658.13433603923,0.0,115658.13433603923,3,0
2023-06-28,115702.39712126672,0.0,115702.39712126672,3,0
2023-06-29,116026.16284790446,0.0,116026.16284790446,3,0
2023-06-30,118635.27907229576,0.0,118635.27907229576,3,0
2023-07-03,119334.58562517853,0.0,119334.58562517853,3,0
2023-07-05,118084.13986684341,0.0,118084.13986684341,3,0
2023-07-06,117373.42612450941,0.0,117373.42612450941,3,0
2023-07-07,116770.83465691272,0.0,116770.83465691272,3,0
2023-07-10,119451.68320271831,0.0,119451.68320271831,3,0
2023-07-11,117582.90127939827,0.0,117582.90127939827,3,0
2023-07-12,119140.58907774065,0.0,119140.58907774065,3,0
2023-07-13,121394.83559959847,0.0,121394.83559959847,3,0
2023-07-14,122084.58095072472,0.0,122084.58095072472,3,0
2023-07-17,124184.74210442195,0.0,124184.74210442195,3,0
2023-07-18,124149.8551959929,0.0,124149.8551959929,3,0
2023-07-19,122837.48039795637,0.0,122837.48039795637,3,0
2023-07-20,119502.24304421025,0.0,119502.24304421025,3,0
2023-07-21,120615.25802167058,0.0,120615.25802167058,3,0
2023-07-24,119939.16171533961,0.0,119939.16171533961,3,0
2023-07-25,120850.395374988,0.0,120850.395374988,3,0
2023-07-26,118454.15122293512,0.0,118454.15122293512,3,0
2023-07-27,118913.56625768283,0.0,118913.56625768283,3,0
2023-07-28,119677.54175268288,0.0,119677.54175268288,3,0
2023-07-31,120242.5943035873,0.0,120242.5943035873,3,0
2023-08-01,121492.44123559934,0.0,121492.44123559934,3,0
2023-08-02,116602.52298887618,0.0,116602.52298887618,3,0
2023-08-03,117849.63954319652,0.0,117849.63954319652,3,0
2023-08-04,118996.82190698237,0.0,118996.82190698237,3,0
2023-08-07,120140.50826119975,0.0,120140.50826119975,3,0
2023-08-08,117551.67147974932,0.0,117551.67147974932,3,0
2023-08-09,115329.48744262758,0.0,115329.48744262758,3,0
2023-08-10,115516.71305694713,0.0,115516.71305694713,3,0
2023-08-11,114361.59411541073,0.0,114361.59411541073,3,0
2023-08-14,116831.82260325071,40120.93865990983,76710.88394334087,2,1
2023-08-15,116327.17636679485,40120.93865990983,76206.23770688502,2,1
2023-08-16,114362.60847795254,40120.93865990983,74241.6698180427,2,1
2023-08-17,112904.35936458959,40120.93865990983,72783.42070467977,2,1
2023-08-18,113306.48988817926,40120.93865990983,73185.55122826943,2,1
2023-08-21,115014.5353439821,79104.52801290169,35910.007331080415,1,2
2023-08-22,115095.93048389006,79104.52801290169,35991.40247098837,1,2
2023-08-23,116383.90391577702,79104.52801290169,37279.375902875334,1,2
2023-08-24,115499.71837149972,115499.71837149972,0.0,0,3
2023-08-25,115499.71837149972,115499.71837149972,0.0,0,3
2023-08-28,115499.71837149972,115499.71837149972,0.0,0,3
2023-08-29,115499.71837149972,115499.71837149972,0.0,0,3
2023-08-30,115499.71837149972,115499.71837149972,0.0,0,3
2023-08-31,115499.71837149972,115499.71837149972,0.0,0,3
2023-09-01,115499.71837149972,115499.71837149972,0.0,0,3
2023-09-05,115499.71837149972,115499.71837149972,0.0,0,3
2023-09-06,115499.71837149972,115499.71837149972,0.0,0,3
2023-09-07,115499.71837149972,115499.71837149972,0.0,0,3
2023-09-08,115499.71837149972,115499.71837149972,0.0,0,3
2023-09-11,115499.71837149972,115499.71837149972,0.0,0,3
2023-09-12,115499.71837149972,115499.71837149972,0.0,0,3
2023-09-13,115499.71837149972,115499.71837149972,0.0,0,3
2023-09-14,115499.71837149972,115499.71837149972,0.0,0,3
2023-09-15,115499.71837149972,115499.71837149972,0.0,0,3
2023-09-18,115499.71837149972,115499.71837149972,0.0,0,3
2023-09-19,115499.71837149972,115499.71837149972,0.0,0,3
2023-09-20,115499.71837149972,115499.71837149972,0.0,0,3
2023-09-21,115499.71837149972,115499.71837149972,0.0,0,3
2023-09-22,115499.71837149972,115499.71837149972,0.0,0,0
2023-09-25,115499.71837149972,115499.71837149972,0.0,0,0
2023-09-26,115499.71837149972,115499.71837149972,0.0,0,0
2023-09-27,115499.71837149972,115499.71837149972,0.0,0,0
2023-09-28,115499.71837149972,115499.71837149972,0.0,0,0
2023-09-29,115499.71837149972,115499.71837149972,0.0,0,0
2023-10-02,115499.71837149972,115499.71837149972,0.0,0,0
2023-10-03,115499.71837149972,115499.71837149972,0.0,0,0
2023-10-04,115499.71837149972,115499.71837149972,0.0,0,0
2023-10-05,115499.71837149972,115499.71837149972,0.0,0,0
2023-10-06,115499.71837149972,115499.71837149972,0.0,0,0
2023-10-09,115499.71837149972,115499.71837149972,0.0,0,0
2023-10-10,115499.71837149972,115499.71837149972,0.0,0,0
2023-10-11,115499.71837149972,115499.71837149972,0.0,0,0
2023-10-12,115499.71837149972,115499.71837149972,0.0,0,0
2023-10-13,115499.71837149972,115499.71837149972,0.0,0,0
2023-10-16,115499.71837149972,115499.71837149972,0.0,0,0
2023-10-17,115499.71837149972,115499.71837149972,0.0,0,0
2023-10-18,115499.71837149972,115499.71837149972,0.0,0,0
2023-10-19,115499.71837149972,115499.71837149972,0.0,0,0
2023-10-20,115499.71837149972,115499.71837149972,0.0,0,0
2023-10-23,115499.71837149972,115499.71837149972,0.0,0,0
2023-10-24,115499.71837149972,115499.71837149972,0.0,0,0
2023-10-25,115499.71837149972,115499.71837149972,0.0,0,0
2023-10-26,115499.71837149972,115499.71837149972,0.0,0,0
2023-10-27,115499.71837149972,115499.71837149972,0.0,0,0
2023-10-30,115499.71837149972,115499.71837149972,0.0,0,0
2023-10-31,115499.71837149972,115499.71837149972,0.0,0,0
2023-11-01,115499.71837149972,115499.71837149972,0.0,0,0
2023-11-02,115499.71837149972,115499.71837149972,0.0,0,0
2023-11-03,115499.71837149972,115499.71837149972,0.0,0,0
2023-11-06,115499.71837149972,115499.71837149972,0.0,0,0
2023-11-07,115499.71837149972,115499.71837149972,0.0,0,0
2023-11-08,115499.71837149972,115499.71837149972,0.0,0,0
2023-11-09,115499.71837149972,115499.71837149972,0.0,0,0
2023-11-10,115499.71837149972,115499.71837149972,0.0,0,0
2023-11-13,115499.71837149972,115499.71837149972,0.0,0,0
2023-11-14,115499.71837149972,115499.71837149972,0.0,0,0
2023-11-15,115499.71837149972,115499.71837149972,0.0,0,0
2023-11-16,115499.71837149972,115499.71837149972,0.0,0,0
2023-11-17,115499.71837149972,115499.71837149972,0.0,0,0
2023-11-20,115499.71837149972,115499.71837149972,0.0,0,0
2023-11-21,115499.71837149972,115499.71837149972,0.0,0,0
2023-11-22,115499.71837149972,115499.71837149972,0.0,0,1
2023-11-24,115499.71837149972,115499.71837149972,0.0,0,1
2023-11-27,115499.71837149972,115499.71837149972,0.0,0,1
2023-11-28,115499.71837149972,115499.71837149972,0.0,0,1
2023-11-29,115499.71837149972,115499.71837149972,0.0,0,1
2023-11-30,115499.71837149972,115499.71837149972,0.0,0,1
2023-12-01,115499.71837149972,115499.71837149972,0.0,0,1
2023-12-04,115499.71837149972,115499.71837149972,0.0,0,1
2023-12-05,115499.71837149972,115499.71837149972,0.0,0,1
2023-12-06,115499.71837149972,115499.71837149972,0.0,0,1
2023-12-07,116308.11385530705,76999.81224766647,39308.301607640584,1,0
2023-12-08,116476.53082707591,76999.81224766647,39476.71857940943,1,0
2023-12-11,118157.63077224528,76999.81224766647,41157.818524578804,1,0
2023-12-12,119137.50496379763,76999.81224766647,42137.69271613116,1,0
2023-12-13,119315.10789108035,76999.81224766647,42315.29564341388,1,0
2023-12-14,119256.92705788669,76999.81224766647,42257.11481022021,1,0
2023-12-15,119609.0678123417,76999.81224766647,42609.25556467524,1,0
2023-12-18,119532.5150681203,76999.81224766647,42532.70282045382,1,0
2023-12-19,119915.27878922736,76999.81224766647,42915.46654156089,1,0
2023-12-20,118482.21366015868,76999.81224766647,41482.40141249221,1,0
2023-12-21,119841.79114511638,76999.81224766647,42841.9788974499,1,2
2023-12-22,119746.86648986721,76999.81224766647,42747.05424220074,1,2
2023-12-26,120913.52956421617,76999.81224766647,43913.71731654969,1,2
2023-12-27,121728.05188411009,76999.81224766647,44728.23963644362,1,2
2023-12-28,122551.75548710919,76999.81224766647,45551.94323944271,1,2
2023-12-29,122138.37347175878,76999.81224766647,45138.56122409231,1,2
2024-01-02,119434.52998516941,76999.81224766647,42434.71773750294,1,2
2024-01-03,118436.28388258931,76999.81224766647,41436.47163492284,1,2
2024-01-04,118647.5655318171,76999.81224766647,41647.75328415063,1,2
2024-01-05,119434.52998516941,76999.81224766647,42434.71773750294,1,2
2024-01-08,121761.73060605515,76999.81224766647,44761.918358388684,1,2
2024-01-09,122704.86097555202,76999.81224766647,45705.04872788554,1,2
2024-01-10,122484.38869840166,76999.81224766647,45484.57645073518,1,2
2024-01-11,125066.2287182227,36224.75812948135,88841.47058874136,2,1
2024-01-12,124493.62687618905,36224.75812948135,88268.8687467077,2,1
2024-01-16,128117.57472603465,36224.75812948135,91892.81659655331,2,1
2024-01-17,128449.76512653357,36224.75812948135,92225.00699705223,2,1
2024-01-18,131098.09642228787,36224.75812948135,94873.33829280651,2,1
2024-01-19,136533.92350861974,36224.75812948135,100309.1653791384,2,1
2024-01-22,134040.53839971084,36224.75812948135,97815.7802702295,2,1
2024-01-23,134437.73579539882,36224.75812948135,98212.97766591748,2,1
2024-01-24,138569.90365223316,36224.75812948135,102345.1455227518,2,1
2024-01-25,137688.33256382446,36224.75812948135,101463.57443434311,2,1
2024-01-26,135450.34635362792,36224.75812948135,99225.58822414657,2,1
2024-01-29,137015.29446202738,36224.75812948135,100790.53633254603,2,1
2024-01-30,134383.01948358738,36224.75812948135,98158.26135410603,2,1
2024-01-31,132298.35681750285,36224.75812948135,96073.5986880215,2,1
2024-02-01,132604.35988844116,36224.75812948135,96379.60175895982,2,1
2024-02-02,135238.9688836428,36224.75812948135,99014.21075416145,2,1
2024-02-05,133851.73771138614,36224.75812948135,97626.9795819048,2,1
2024-02-06,131946.9405503179,36224.75812948135,95722.18242083654,2,1
2024-02-07,134396.80710845732,36224.75812948135,98172.04897897597,2,1
2024-02-08,139672.16287393123,0.0,139672.16287393123,3,0
2024-02-09,140029.41553403268,0.0,140029.41553403268,3,0
2024-02-12,139660.1791575438,0.0,139660.1791575438,3,0
2024-02-13,137049.1415956812,0.0,137049.1415956812,3,0
2024-02-14,141624.3236585927,0.0,141624.3236585927,3,0
2024-02-15,139423.52257062832,0.0,139423.52257062832,3,0
2024-02-16,137566.8873328635,0.0,137566.8873328635,3,0
2024-02-20,133227.5557723142,0.0,133227.5557723142,3,0
2024-02-21,133204.72503312366,0.0,133204.72503312366,3,0
2024-02-22,142977.82943047697,0.0,142977.82943047697,3,0
2024-02-23,138710.6678409293,0.0,138710.6678409293,3,0
2024-02-26,139450.1830494226,0.0,139450.1830494226,3,0
2024-02-27,139530.8774849903,0.0,139530.8774849903,3,0
2024-02-28,138104.42195179575,0.0,138104.42195179575,3,0
2024-02-29,146248.00851819097,0.0,146248.00851819097,3,0
2024-03-01,154590.17425426838,0.0,154590.17425426838,3,0
2024-03-04,156124.79772141957,0.0,156124.79772141957,3,0
2024-03-05,154643.8121524232,62813.05918372494,91830.75296869825,2,1
2024-03-06,157149.7175817417,62813.05918372494,94336.65839801673,2,1
2024-03-07,161617.53046332288,62813.05918372494,98804.47127959793,2,1
2024-03-08,153265.52402944688,62813.05918372494,90452.46484572196,2,1
2024-03-11,150520.44368198438,62813.05918372494,87707.38449825945,2,1
2024-03-12,151095.00960534194,62813.05918372494,88281.950421617,2,1
2024-03-13,146785.85676421167,62813.05918372494,83972.79758048675,2,1
2024-03-14,144919.6004596497,62813.05918372494,82106.54127592477,2,1
2024-03-15,145108.02744991728,62813.05918372494,82294.96826619236,2,1
2024-03-18,144621.90610602224,62813.05918372494,81808.84692229732,2,1
2024-03-19,141875.38596718147,62813.05918372494,79062.32678345653,2,1
2024-03-20,143120.77506285108,62813.05918372494,80307.71587912613,2,1
2024-03-21,144271.07925571775,62813.05918372494,81458.02007199283,2,1
2024-03-22,144075.4796146105,62813.05918372494,81262.42043088557,2,1
2024-03-25,143634.88775752072,62813.05918372494,80821.82857379579,2,1
2024-03-26,144888.84657499217,62813.05918372494,82075.78739126722,2,1
2024-03-27,148003.58658916567,62813.05918372494,85190.52740544075,2,1
2024-03-28,147296.7997413886,62813.05918372494,84483.74055766364,2,1
2024-04-01,148332.50103371748,62813.05918372494,85519.44184999252,2,1
2024-04-02,147505.58674495784,62813.05918372494,84692.52756123288,2,1
2024-04-03,147184.00426475058,62813.05918372494,84370.94508102564,2,1
2024-04-04,145391.1693674004,62813.05918372494,82578.11018367545,2,1
2024-04-05,147181.44393992075,62813.05918372494,84368.3847561958,2,1
2024-04-08,148200.6741818637,110326.02848571356,37874.645696150146,1,2
2024-04-09,148246.8134262673,110326.02848571356,37920.784940553734,1,2
2024-04-10,147376.2689251242,110326.02848571356,37050.24043941063,1,2
2024-04-11,148368.55378456894,110326.02848571356,38042.52529885539,1,2
2024-04-12,146917.0916333433,110326.02848571356,36591.06314762974,1,2
2024-04-15,146272.25151033397,110326.02848571356,35946.223024620405,1,2
2024-04-16,146767.00214921494,110326.02848571356,36440.973663501376,1,2
2024-04-17,145776.93588705204,110326.02848571356,35450.90740133847,1,2
2024-04-18,144809.11416316387,110326.02848571356,34483.085677450326,1,2
2024-04-19,143208.67871650448,110326.02848571356,32882.65023079091,1,2
2024-04-22,143715.1079963567,110326.02848571356,33389.07951064315,1,2
2024-04-23,144312.14148197422,110326.02848571356,33986.112996260665,1,2
2024-04-24,146026.54186136829,110326.02848571356,35700.51337565473,1,2
2024-04-25,147034.38790702756,110326.02848571356,36708.35942131402,1,2
2024-04-26,147973.30585576853,110326.02848571356,37647.27737005498,1,2
2024-04-29,148110.61429033836,110326.02848571356,37784.58580462482,1,2
2024-04-30,147534.14072487323,110326.02848571356,37208.112239159665,1,2
2024-05-01,146603.56663112706,110326.02848571356,36277.53814541351,1,2
2024-05-02,149955.65008732255,110326.02848571356,39629.62160160898,1,2
2024-05-03,149640.45424709126,149640.45424709126,0.0,0,2
2024-05-06,149640.45424709126,149640.45424709126,0.0,0,2
2024-05-07,149640.45424709126,149640.45424709126,0.0,0,2
2024-05-08,149640.45424709126,149640.45424709126,0.0,0,2
2024-05-09,149640.45424709126,149640.45424709126,0.0,0,2
2024-05-10,149640.45424709126,149640.45424709126,0.0,0,2
2024-05-13,149640.45424709126,149640.45424709126,0.0,0,1
2024-05-14,149640.45424709126,149640.45424709126,0.0,0,1
2024-05-15,149640.45424709126,149640.45424709126,0.0,0,1
2024-05-16,149640.45424709126,149640.45424709126,0.0,0,1
2024-05-17,149640.45424709126,149640.45424709126,0.0,0,1
2024-05-20,149640.45424709126,149640.45424709126,0.0,0,1
2024-05-21,149640.45424709126,149640.45424709126,0.0,0,1
2024-05-22,149640.45424709126,149640.45424709126,0.0,0,1
2024-05-23,149640.45424709126,149640.45424709126,0.0,0,1
2024-05-24,149640.45424709126,149640.45424709126,0.0,0,1
2024-05-28,149640.45424709126,149640.45424709126,0.0,0,1
2024-05-29,149640.45424709126,149640.45424709126,0.0,0,1
2024-05-30,149640.45424709126,149640.45424709126,0.0,0,1
2024-05-31,149640.45424709126,149640.45424709126,0.0,0,1
2024-06-03,149640.45424709126,149640.45424709126,0.0,0,1
2024-06-04,149640.45424709126,149640.45424709126,0.0,0,0
2024-06-05,149640.45424709126,149640.45424709126,0.0,0,0
2024-06-06,149640.45424709126,149640.45424709126,0.0,0,0
2024-06-07,149640.45424709126,149640.45424709126,0.0,0,0
2024-06-10,149640.45424709126,149640.45424709126,0.0,0,0
2024-06-11,149640.45424709126,149640.45424709126,0.0,0,0
2024-06-12,149640.45424709126,149640.45424709126,0.0,0,0
2024-06-13,149640.45424709126,149640.45424709126,0.0,0,0
2024-06-14,149640.45424709126,149640.45424709126,0.0,0,0
2024-06-17,149640.45424709126,149640.45424709126,0.0,0,0
2024-06-18,149640.45424709126,149640.45424709126,0.0,0,0
2024-06-20,149640.45424709126,149640.45424709126,0.0,0,0
2024-06-21,149640.45424709126,149640.45424709126,0.0,0,0
2024-06-24,149640.45424709126,149640.45424709126,0.0,0,0
2024-06-25,149640.45424709126,149640.45424709126,0.0,0,0
2024-06-26,149640.45424709126,149640.45424709126,0.0,0,0
2024-06-27,149640.45424709126,149640.45424709126,0.0,0,0
2024-06-28,149640.45424709126,149640.45424709126,0.0,0,0
2024-07-01,149640.45424709126,149640.45424709126,0.0,0,1
2024-07-02,149640.45424709126,149640.45424709126,0.0,0,1
2024-07-03,149640.45424709126,149640.45424709126,0.0,0,1
2024-07-05,149640.45424709126,149640.45424709126,0.0,0,1
2024-07-08,149640.45424709126,149640.45424709126,0.0,0,1
2024-07-09,151732.4331438168,99760.30283139416,51972.13031242265,1,1
2024-07-10,151795.8236095868,99760.30283139416,52035.52077819264,1,1
2024-07-11,151901.47316426202,99760.30283139416,52141.170332867856,1,1
2024-07-12,152669.1439086015,99760.30283139416,52908.84107720731,1,1
2024-07-15,153807.7535084289,99760.30283139416,54047.45067703473,1,1
2024-07-16,155263.29344816052,99760.30283139416,55502.99061676634,1,1
2024-07-17,150322.18547425495,48907.367150175014,101414.81832407994,2,0
2024-07-18,151275.32706326264,48907.367150175014,102367.95991308763,2,0
2024-07-19,148419.1468270762,48907.367150175014,99511.7796769012,2,0
2024-07-22,152707.20173543578,48907.367150175014,103799.83458526077,2,0
2024-07-23,153534.89141940203,48907.367150175014,104627.52426922703,2,0
2024-07-24,148372.72217178947,48907.367150175014,99465.35502161446,2,0
2024-07-25,147985.77845126056,48907.367150175014,99078.41130108555,2,0
2024-07-26,151403.2142755476,48907.367150175014,102495.84712537259,2,0
2024-07-29,151700.9847779239,48907.367150175014,102793.61762774888,2,0
2024-07-30,146067.86839334224,48907.367150175014,97160.50124316724,2,0
2024-07-31,152505.66676417686,48907.367150175014,103598.29961400185,2,0
2024-08-01,145522.14142322025,48907.367150175014,96614.77427304524,2,0
2024-08-02,142365.20478987545,95034.81287364443,47330.39191623101,1,0
2024-08-05,139554.0731772841,139554.0731772841,0.0,0,1
2024-08-06,139554.0731772841,139554.0731772841,0.0,0,1
2024-08-07,139554.0731772841,139554.0731772841,0.0,0,1
2024-08-08,139554.0731772841,139554.0731772841,0.0,0,0
2024-08-09,139554.0731772841,139554.0731772841,0.0,0,0
2024-08-12,139554.0731772841,139554.0731772841,0.0,0,0
2024-08-13,139554.0731772841,139554.0731772841,0.0,0,0
2024-08-14,139554.0731772841,139554.0731772841,0.0,0,0
2024-08-15,139554.0731772841,139554.0731772841,0.0,0,0
2024-08-16,139554.0731772841,139554.0731772841,0.0,0,0
2024-08-19,139554.0731772841,139554.0731772841,0.0,0,0
2024-08-20,139554.0731772841,139554.0731772841,0.0,0,0
2024-08-21,139554.0731772841,139554.0731772841,0.0,0,0
2024-08-22,139554.0731772841,139554.0731772841,0.0,0,0
2024-08-23,139554.0731772841,139554.0731772841,0.0,0,0
2024-08-26,139554.0731772841,139554.0731772841,0.0,0,0
2024-08-27,139554.0731772841,139554.0731772841,0.0,0,1
2024-08-28,139554.0731772841,139554.0731772841,0.0,0,1
2024-08-29,139554.0731772841,139554.0731772841,0.0,0,1
2024-08-30,139554.0731772841,139554.0731772841,0.0,0,1
2024-09-03,139554.0731772841,139554.0731772841,0.0,0,1
2024-09-04,139554.0731772841,139554.0731772841,0.0,0,1
2024-09-05,139554.0731772841,139554.0731772841,0.0,0,1
2024-09-06,139554.0731772841,139554.0731772841,0.0,0,0
2024-09-09,139554.0731772841,139554.0731772841,0.0,0,0
2024-09-10,139554.0731772841,139554.0731772841,0.0,0,0
2024-09-11,139554.0731772841,139554.0731772841,0.0,0,0
2024-09-12,139554.0731772841,139554.0731772841,0.0,0,0
2024-09-13,139554.0731772841,139554.0731772841,0.0,0,0
2024-09-16,139554.0731772841,139554.0731772841,0.0,0,0
2024-09-17,139554.0731772841,139554.0731772841,0.0,0,0
2024-09-18,139554.0731772841,139554.0731772841,0.0,0,1
2024-09-19,139554.0731772841,139554.0731772841,0.0,0,1
2024-09-20,139554.0731772841,139554.0731772841,0.0,0,2
2024-09-23,139554.0731772841,139554.0731772841,0.0,0,2
2024-09-24,139554.0731772841,139554.0731772841,0.0,0,2
2024-09-25,139554.0731772841,139554.0731772841,0.0,0,2
2024-09-26,139554.0731772841,139554.0731772841,0.0,0,2
2024-09-27,139554.0731772841,139554.0731772841,0.0,0,2
2024-09-30,139554.0731772841,139554.0731772841,0.0,0,2
2024-10-01,139554.0731772841,139554.0731772841,0.0,0,2
2024-10-02,139554.0731772841,139554.0731772841,0.0,0,2
2024-10-03,139554.0731772841,139554.0731772841,0.0,0,2
2024-10-04,139554.0731772841,139554.0731772841,0.0,0,2
2024-10-07,139554.0731772841,139554.0731772841,0.0,0,2
2024-10-08,139554.0731772841,139554.0731772841,0.0,0,2
2024-10-09,139554.0731772841,139554.0731772841,0.0,0,3
2024-10-10,139554.0731772841,139554.0731772841,0.0,0,3
2024-10-11,139554.0731772841,139554.0731772841,0.0,0,3
2024-10-14,139554.0731772841,139554.0731772841,0.0,0,3
2024-10-15,139554.0731772841,139554.0731772841,0.0,0,3
2024-10-16,139554.0731772841,139554.0731772841,0.0,0,3
2024-10-17,139554.0731772841,139554.0731772841,0.0,0,3
2024-10-18,139554.0731772841,139554.0731772841,0.0,0,3
2024-10-21,139554.0731772841,139554.0731772841,0.0,0,3
2024-10-22,139554.0731772841,139554.0731772841,0.0,0,3
2024-10-23,139554.0731772841,139554.0731772841,0.0,0,3
2024-10-24,139554.0731772841,139554.0731772841,0.0,0,3
2024-10-25,139554.0731772841,139554.0731772841,0.0,0,3
2024-10-28,139554.0731772841,139554.0731772841,0.0,0,3
2024-10-29,139554.0731772841,139554.0731772841,0.0,0,3
2024-10-30,139554.0731772841,139554.0731772841,0.0,0,3
2024-10-31,139554.0731772841,139554.0731772841,0.0,0,3
2024-11-01,139554.0731772841,139554.0731772841,0.0,0,2
2024-11-04,139554.0731772841,139554.0731772841,0.0,0,2
2024-11-05,139554.0731772841,139554.0731772841,0.0,0,2
2024-11-06,139554.0731772841,139554.0731772841,0.0,0,2
2024-11-07,139554.0731772841,139554.0731772841,0.0,0,2
2024-11-08,139554.0731772841,139554.0731772841,0.0,0,2
2024-11-11,139554.0731772841,139554.0731772841,0.0,0,2
2024-11-12,139554.0731772841,139554.0731772841,0.0,0,2
2024-11-13,139554.0731772841,139554.0731772841,0.0,0,2
2024-11-14,139554.0731772841,139554.0731772841,0.0,0,2
2024-11-15,139554.0731772841,139554.0731772841,0.0,0,1
2024-11-18,139554.0731772841,139554.0731772841,0.0,0,1
2024-11-19,139554.0731772841,139554.0731772841,0.0,0,1
2024-11-20,139554.0731772841,139554.0731772841,0.0,0,1
2024-11-21,139554.0731772841,139554.0731772841,0.0,0,1
2024-11-22,139554.0731772841,139554.0731772841,0.0,0,1
2024-11-25,139554.0731772841,139554.0731772841,0.0,0,1
2024-11-26,139554.0731772841,139554.0731772841,0.0,0,1
2024-11-27,139554.0731772841,139554.0731772841,0.0,0,1
2024-11-29,139554.0731772841,139554.0731772841,0.0,0,1
2024-12-02,140189.8194692654,93036.04878485607,47153.770684409326,1,0
2024-12-03,139727.3433503689,93036.04878485607,46691.29456551283,1,0
2024-12-04,150554.31004395138,93036.04878485607,57518.26125909531,1,0
2024-12-05,148227.287872671,93036.04878485607,55191.23908781494,1,0
2024-12-06,148295.44487895732,93036.04878485607,55259.39609410125,1,0
2024-12-09,145140.8211016531,93036.04878485607,52104.77231679701,1,0
2024-12-10,144970.43045110634,93036.04878485607,51934.38166625025,1,0
2024-12-11,147248.77171099506,93036.04878485607,54212.722926139,1,0
2024-12-12,146104.74045058762,93036.04878485607,53068.69166573154,1,0
2024-12-13,151829.7872257923,93036.04878485607,58793.73844093623,1,0
2024-12-16,153781.947727667,93036.04878485607,60745.898942810905,1,0
2024-12-17,147682.04674373267,93036.04878485607,54645.9979588766,1,0
2024-12-18,144288.8790399334,93036.04878485607,51252.83025507733,1,0
2024-12-19,146153.41390130317,93036.04878485607,53117.36511644709,1,0
2024-12-20,147511.65982352395,93036.04878485607,54475.61103866788,1,0
2024-12-23,148417.14715743638,93036.04878485607,55381.09837258031,1,0
2024-12-24,149483.28895961726,93036.04878485607,56447.24017476117,1,0
2024-12-26,149366.45477227736,93036.04878485607,56330.405987421276,1,0
2024-12-27,148348.99761182614,93036.04878485607,55312.948826970074,1,0
2024-12-30,147394.81817550797,93036.04878485607,54358.769390651905,1,0
2024-12-31,146805.76049597914,93036.04878485607,53769.71171112307,1,0
2025-01-02,148319.7816043151,93036.04878485607,55283.73281945902,1,0
2025-01-03,150568.91058703084,93036.04878485607,57532.86180217476,1,0
2025-01-06,150972.97334259542,93036.04878485607,57936.924557739345,1,0
2025-01-07,149619.6067025279,93036.04878485607,56583.55791767183,1,0
2025-01-08,150593.25104272662,93036.04878485607,57557.202257870566,1,0
2025-01-10,148718.02503254093,93036.04878485607,55681.97624768485,1,0
2025-01-13,149122.30041737366,93036.04878485607,56086.25163251758,1,0
2025-01-14,149146.64833374554,93036.04878485607,56110.59954888947,1,0
2025-01-15,149536.3082541467,93036.04878485607,56500.259469290606,1,0
2025-01-16,150305.87699131848,93036.04878485607,57269.82820646241,1,0
2025-01-17,153803.05398028414,93036.04878485607,60767.00519542806,1,0
2025-01-21,153325.7236553216,93036.04878485607,60289.67487046554,1,0
2025-01-22,154022.2337220256,93036.04878485607,60986.18493716953,1,0
2025-01-23,154436.24528913666,93036.04878485607,61400.19650428059,1,0
2025-01-24,153442.6175280701,93036.04878485607,60406.56874321404,1,0
2025-01-27,141903.90233689977,93036.04878485607,48867.853552043685,1,0
2025-01-28,143632.99981513573,93036.04878485607,50596.95103027967,1,0
2025-01-29,145050.38278626776,93036.04878485607,52014.334001411684,1,0
2025-01-30,146774.61217336459,93036.04878485607,53738.563388508504,1,0
2025-01-31,148006.90323174337,93036.04878485607,54970.85444688729,1,0
2025-02-03,148347.8523980486,93036.04878485607,55311.80361319251,1,0
2025-02-04,146462.89020558452,93036.04878485607,53426.84142072846,1,0
2025-02-05,149760.35981736536,93036.04878485607,56724.31103250928,1,0
2025-02-06,151114.41656996985,93036.04878485607,58078.36778511377,1,0
2025-02-07,146915.86515349906,93036.04878485607,53879.816368643005,1,0
2025-02-10,147977.67603321822,93036.04878485607,54941.62724836213,1,0
2025-02-11,146185.25606679273,93036.04878485607,53149.20728193666,1,0
2025-02-12,144383.09245741286,93036.04878485607,51347.043672556785,1,0
2025-02-13,143447.9153630586,93036.04878485607,50411.86657820252,1,0
2025-02-14,144914.00162761047,93036.04878485607,51877.952842754385,1,0
2025-02-18,145293.92163539524,93036.04878485607,52257.872850539155,1,0
2025-02-19,147120.433161147,93036.04878485607,54084.384376290924,1,0
2025-02-20,145985.55988062202,93036.04878485607,52949.51109576595,1,1
2025-02-21,143598.90825580945,93036.04878485607,50562.859470953386,1,1
2025-02-24,140725.1938540941,93036.04878485607,47689.145069238024,1,1
2025-02-25,138333.67040780434,93036.04878485607,45297.62162294826,1,1
2025-02-26,139259.1038592042,93036.04878485607,46223.05507434812,1,1
2025-02-27,135727.84277158833,93036.04878485607,42691.793986732264,1,1
2025-02-28,137758.92603532603,137758.92603532603,0.0,0,1
2025-03-03,137758.92603532603,137758.92603532603,0.0,0,0
2025-03-04,137758.92603532603,137758.92603532603,0.0,0,0
2025-03-05,137758.92603532603,137758.92603532603,0.0,0,0
2025-03-06,137758.92603532603,137758.92603532603,0.0,0,0
2025-03-07,137758.92603532603,137758.92603532603,0.0,0,0
2025-03-10,137758.92603532603,137758.92603532603,0.0,0,0
2025-03-11,137758.92603532603,137758.92603532603,0.0,0,0
2025-03-12,137758.92603532603,137758.92603532603,0.0,0,0
2025-03-13,137758.92603532603,137758.92603532603,0.0,0,0
2025-03-14,137758.92603532603,137758.92603532603,0.0,0,0
2025-03-17,137758.92603532603,137758.92603532603,0.0,0,0
2025-03-18,137758.92603532603,137758.92603532603,0.0,0,0
2025-03-19,137758.92603532603,137758.92603532603,0.0,0,0
2025-03-20,137758.92603532603,137758.92603532603,0.0,0,0
2025-03-21,137758.92603532603,137758.92603532603,0.0,0,0
2025-03-24,137758.92603532603,137758.92603532603,0.0,0,0
2025-03-25,137758.92603532603,137758.92603532603,0.0,0,0
2025-03-26,137758.92603532603,137758.92603532603,0.0,0,0
2025-03-27,137758.92603532603,137758.92603532603,0.0,0,0
2025-03-28,137758.92603532603,137758.92603532603,0.0,0,0
2025-03-31,137758.92603532603,137758.92603532603,0.0,0,0
2025-04-01,137758.92603532603,137758.92603532603,0.0,0,0
2025-04-02,137758.92603532603,137758.92603532603,0.0,0,0
2025-04-03,137758.92603532603,137758.92603532603,0.0,0,0
2025-04-04,137758.92603532603,137758.92603532603,0.0,0,0
2025-04-07,137758.92603532603,137758.92603532603,0.0,0,0
2025-04-08,137758.92603532603,137758.92603532603,0.0,0,0
2025-04-09,137758.92603532603,137758.92603532603,0.0,0,0
2025-04-10,137758.92603532603,137758.92603532603,0.0,0,0
2025-04-11,137758.92603532603,137758.92603532603,0.0,0,0
2025-04-14,137758.92603532603,137758.92603532603,0.0,0,0
2025-04-15,137758.92603532603,137758.92603532603,0.0,0,0
2025-04-16,137758.92603532603,137758.92603532603,0.0,0,0
2025-04-17,137758.92603532603,137758.92603532603,0.0,0,0
2025-04-21,137758.92603532603,137758.92603532603,0.0,0,0
2025-04-22,137758.92603532603,137758.92603532603,0.0,0,0
2025-04-23,137758.92603532603,137758.92603532603,0.0,0,0
2025-04-24,137758.92603532603,137758.92603532603,0.0,0,0
2025-04-25,137758.92603532603,137758.92603532603,0.0,0,0
2025-04-28,137758.92603532603,137758.92603532603,0.0,0,0
2025-04-29,137758.92603532603,137758.92603532603,0.0,0,0
2025-04-30,137758.92603532603,137758.92603532603,0.0,0,0
2025-05-01,137758.92603532603,137758.92603532603,0.0,0,0
2025-05-02,137758.92603532603,137758.92603532603,0.0,0,0
2025-05-05,137758.92603532603,137758.92603532603,0.0,0,0
2025-05-06,137758.92603532603,137758.92603532603,0.0,0,0
2025-05-07,137758.92603532603,137758.92603532603,0.0,0,0
2025-05-08,137758.92603532603,137758.92603532603,0.0,0,0
2025-05-09,137758.92603532603,137758.92603532603,0.0,0,1
2025-05-12,137758.92603532603,137758.92603532603,0.0,0,1
2025-05-13,137758.92603532603,137758.92603532603,0.0,0,1
2025-05-14,137758.92603532603,137758.92603532603,0.0,0,1
2025-05-15,137758.92603532603,137758.92603532603,0.0,0,1
2025-05-16,137758.92603532603,137758.92603532603,0.0,0,1
2025-05-19,137758.92603532603,137758.92603532603,0.0,0,1
2025-05-20,137758.92603532603,137758.92603532603,0.0,0,1
2025-05-21,137758.92603532603,137758.92603532603,0.0,0,1
2025-05-22,137758.92603532603,137758.92603532603,0.0,0,2
2025-05-23,137758.92603532603,137758.92603532603,0.0,0,3
2025-05-27,137758.92603532603,137758.92603532603,0.0,0,3
2025-05-28,137758.92603532603,137758.92603532603,0.0,0,3
2025-05-29,137758.92603532603,137758.92603532603,0.0,0,3
2025-05-30,137758.92603532603,137758.92603532603,0.0,0,3
2025-06-02,137758.92603532603,137758.92603532603,0.0,0,3
2025-06-03,137758.92603532603,137758.92603532603,0.0,0,3
2025-06-04,137758.92603532603,137758.92603532603,0.0,0,3
2025-06-05,142307.98890322883,91839.28402355069,50468.704879678146,1,2
2025-06-06,139783.87508264038,91839.28402355069,47944.59105908968,1,2
2025-06-09,139269.3455669171,91839.28402355069,47430.061543366406,1,2
2025-06-10,139337.3047749274,91839.28402355069,47498.020751376716,1,2
2025-06-11,140944.96982946532,91839.28402355069,49105.68580591462,1,2
2025-06-12,141558.52314502955,91839.28402355069,49719.23912147887,1,2
2025-06-13,140127.54486325572,91839.28402355069,48288.26083970504,1,2
2025-06-16,140787.6965599124,91839.28402355069,48948.41253636172,1,2
2025-06-17,140257.63026823458,91839.28402355069,48418.3462446839,1,2
2025-06-18,140624.59923939616,91839.28402355069,48785.31521584547,1,2
2025-06-20,139843.71252529483,45008.53006753576,94835.18245775907,2,1
2025-06-23,141150.97865291964,45008.53006753576,96142.4485853839,2,1
2025-06-24,145148.80391107197,45008.53006753576,100140.27384353623,2,1
2025-06-25,145519.11388021792,45008.53006753576,100510.58381268216,2,1
2025-06-26,147011.90509406052,45008.53006753576,102003.37502652478,2,1
2025-06-27,147036.04556131852,45008.53006753576,102027.51549378276,2,1
2025-06-30,148333.58901237912,45008.53006753576,103325.05894484335,2,1
2025-07-01,145939.80198655804,45008.53006753576,100931.27191902229,2,1
2025-07-02,147974.97015211527,45008.53006753576,102966.44008457953,2,1
2025-07-03,148992.3480828923,45008.53006753576,103983.81801535655,2,1
2025-07-07,148455.7915927157,45008.53006753576,103447.26152517993,2,1
2025-07-08,148855.10001868173,45008.53006753576,103846.56995114598,2,1
2025-07-09,150032.0748660114,45008.53006753576,105023.54479847563,2,1
2025-07-10,150183.4689151423,45008.53006753576,105174.93884760652,2,1
2025-07-11,150326.90289110862,45008.53006753576,105318.37282357286,2,1
2025-07-14,149487.48953833163,45008.53006753576,104478.95947079587,2,1
2025-07-15,151266.7630154508,45008.53006753576,106258.23294791502,2,1
2025-07-16,150884.21640601318,45008.53006753576,105875.6863384774,2,1
2025-07-17,152196.23047493855,45008.53006753576,107187.7004074028,2,1
2025-07-18,151524.61093530248,45008.53006753576,106516.08086776672,2,1
2025-07-21,153023.5905227487,45008.53006753576,108015.06045521295,2,1
2025-07-22,149084.40314497496,45008.53006753576,104075.8730774392,2,1
2025-07-23,149775.8601786398,45008.53006753576,104767.33011110403,2,1
2025-07-24,151099.8827596234,45008.53006753576,106091.35269208766,2,1
2025-07-25,150967.48232987884,45008.53006753576,105958.95226234307,2,1
2025-07-28,152616.51091383857,45008.53006753576,107607.98084630282,2,1
2025-07-29,153387.0453937907,45008.53006753576,108378.51532625493,2,1
2025-07-30,154475.61450211523,45008.53006753576,109467.08443457948,2,1
2025-07-31,150570.5946626698,45008.53006753576,105562.06459513406,2,1
2025-08-01,150366.66309548164,45008.53006753576,105358.13302794588,2,1
2025-08-04,153174.9319995611,45008.53006753576,108166.40193202534,2,1
2025-08-05,151359.78732483689,45008.53006753576,106351.25725730113,2,1
2025-08-06,152683.10587813676,45008.53006753576,107674.57581060102,2,1
2025-08-07,154728.10325698205,45008.53006753576,109719.5731894463,2,1
2025-08-08,156290.52328926724,45008.53006753576,111281.99322173148,2,1
2025-08-11,156209.86005698226,45008.53006753576,111201.3299894465,2,1
2025-08-12,159621.79334855665,45008.53006753576,114613.26328102089,2,1
2025-08-13,159639.0340587116,45008.53006753576,114630.50399117585,2,1
2025-08-14,160382.15633704312,45008.53006753576,115373.62626950737,2,1
2025-08-15,155413.95148784638,45008.53006753576,110405.42142031064,2,1
2025-08-18,154979.5523377488,45008.53006753576,109971.02227021306,2,1
2025-08-19,153607.94832720826,45008.53006753576,108599.4182596725,2,1
2025-08-20,152277.8443759945,45008.53006753576,107269.31430845874,2,1
2025-08-21,151594.62505108694,45008.53006753576,106586.09498355119,2,1
2025-08-22,153303.24868242678,45008.53006753576,108294.71861489103,2,1
2025-08-25,153960.43822719323,45008.53006753576,108951.90815965747,2,1
2025-08-26,155895.4369336946,45008.53006753576,110886.90686615885,2,1
2025-08-27,156351.80203240938,45008.53006753576,111343.27196487362,2,1
2025-08-28,158200.9569424439,45008.53006753576,113192.42687490817,2,1
2025-08-29,153998.74021301593,102886.48506184862,51112.255151167315,1,2
2025-09-02,152406.42740605737,102886.48506184862,49519.94234420876,1,2
2025-09-03,152768.7804904931,102886.48506184862,49882.2954286445,1,2
2025-09-04,154136.53485832596,102886.48506184862,51250.04979647734,1,2
2025-09-05,155427.73708015418,102886.48506184862,52541.252018305575,1,2
2025-09-08,156509.69442206464,102886.48506184862,53623.209360216,1,2
2025-09-09,156764.87606709744,102886.48506184862,53878.39100524881,1,2
2025-09-10,157678.41555779075,102886.48506184862,54791.930495942135,1,2
2025-09-11,171093.50682227546,48928.634331342204,122164.87249093325,2,1
2025-09-12,174592.27080649286,48928.634331342204,125663.63647515066,2,1
2025-09-15,175967.1570194708,109768.29391189228,66198.86310757851,1,2
2025-09-16,176407.7268721853,109768.29391189228,66639.43296029301,1,2
2025-09-17,176898.64811478768,109768.29391189228,67130.3542028954,1,2
2025-09-18,180633.00546299308,109768.29391189228,70864.7115511008,1,2
2025-09-19,179789.32514388312,50418.852481294794,129370.47266258832,2,1
2025-09-22,180585.62548425948,50418.852481294794,130166.77300296469,2,1
2025-09-23,180179.84044626472,50418.852481294794,129760.98796496991,2,1
2025-09-24,187082.75620156107,0.0,187082.75620156107,3,0
2025-09-25,189466.20321104626,0.0,189466.20321104626,3,0
2025-09-26,192437.1202746964,0.0,192437.1202746964,3,0
2025-09-29,192971.69702213336,0.0,192971.69702213336,3,0
2025-09-30,193043.2392552895,0.0,193043.2392552895,3,0
2025-10-01,204038.08097505482,0.0,204038.08097505482,3,0
2025-10-02,206584.99723455048,0.0,206584.99723455048,3,0
2025-10-03,207435.5527477067,0.0,207435.5527477067,3,0
2025-10-06,209278.6231470914,0.0,209278.6231470914,3,0
2025-10-07,206906.55257237895,0.0,206906.55257237895,3,0
2025-10-08,212708.08518875355,0.0,212708.08518875355,3,0
2025-10-09,211443.704347482,0.0,211443.704347482,3,0
2025-10-10,200606.96294733323,0.0,200606.96294733323,3,0
2025-10-13,207808.4647634567,0.0,207808.4647634567,3,0
2025-10-14,200458.36462133957,52506.93985739854,147951.42476394103,2,1
2025-10-15,205468.48058041852,52506.93985739854,152961.54072301998,2,1
2025-10-16,209310.78902245002,52506.93985739854,156803.84916505148,2,1
2025-10-17,209579.00606047708,52506.93985739854,157072.06620307855,2,1
2025-10-20,213545.67771602547,52506.93985739854,161038.73785862693,2,1
2025-10-21,211703.69428777677,52506.93985739854,159196.75443037823,2,1
2025-10-22,207762.04001323666,52506.93985739854,155255.10015583812,2,1
2025-10-23,213637.37936069097,52506.93985739854,161130.43950329244,2,1
2025-10-24,219039.55924838092,52506.93985739854,166532.61939098238,2,1
2025-10-27,221947.7126000561,52506.93985739854,169440.77274265757,2,1
2025-10-28,226584.51529035254,52506.93985739854,174077.575432954,2,1
2025-10-29,228196.07247288272,52506.93985739854,175689.13261548418,2,1
2025-10-30,224797.197905295,52506.93985739854,172290.25804789647,2,1
2025-10-31,224365.25068871488,52506.93985739854,171858.31083131634,2,1
2025-11-03,227999.6374226604,52506.93985739854,175492.69756526186,2,1
2025-11-04,216188.67622128964,52506.93985739854,163681.7363638911,2,1
2025-11-05,226993.2723186025,52506.93985739854,174486.33246120397,2,1
2025-11-06,225120.8283693881,52506.93985739854,172613.88851198956,2,1
2025-11-07,226682.5698322238,52506.93985739854,174175.62997482525,2,1
2025-11-10,233763.33242095957,52506.93985739854,181256.39256356104,2,1
2025-11-11,227534.86070568403,52506.93985739854,175027.9208482855,2,1
2025-11-12,229145.57265558298,52506.93985739854,176638.63279818444,2,1
2025-11-13,221950.35092672688,52506.93985739854,169443.41106932834,2,1
2025-11-14,225338.7143847584,52506.93985739854,172831.77452735987,2,1
2025-11-17,221711.80959406038,52506.93985739854,169204.86973666184,2,1
2025-11-18,215324.4702878197,52506.93985739854,162817.53043042117,2,1
2025-11-19,215760.82842810123,52506.93985739854,163253.8885707027,2,1
2025-11-20,202550.62344076927,52506.93985739854,150043.68358337073,2,1
2025-11-21,206784.14349561144,52506.93985739854,154277.2036382129,2,1
2025-11-24,216250.0764486042,52506.93985739854,163743.13659120566,2,1
2025-11-25,216579.91619242917,52506.93985739854,164072.97633503063,2,1
2025-11-26,220894.8915437111,52506.93985739854,168387.95168631256,2,1
2025-11-28,230812.04854394618,52506.93985739854,178305.10868654764,2,1
2025-12-01,231411.5721094683,52506.93985739854,178904.63225206977,2,1
2025-12-02,237745.0135522336,52506.93985739854,185238.07369483507,2,1
2025-12-03,236072.16069906516,52506.93985739854,183565.22084166663,2,1
2025-12-04,226567.9954329584,147666.77729182862,78901.21814112981,1,1
2025-12-05,228340.8373210833,147666.77729182862,80674.06002925469,1,1
2025-12-08,226178.358301475,147666.77729182862,78511.5810096464,1,1
2025-12-09,226567.9954329584,147666.77729182862,78901.21814112981,1,1
2025-12-10,227113.48295800912,147666.77729182862,79446.7056661805,1,1
2025-12-11,224639.2957195561,147666.77729182862,76972.5184277275,1,1
2025-12-12,221327.3986812225,147666.77729182862,73660.62138939387,1,2
2025-12-15,220742.9392681423,147666.77729182862,73076.16197631368,1,2
2025-12-16,220353.30956836903,147666.77729182862,72686.53227654041,1,2
2025-12-17,217898.60084222065,217898.60084222065,0.0,0,3
2025-12-18,217898.60084222065,217898.60084222065,0.0,0,3
2025-12-19,217898.60084222065,217898.60084222065,0.0,0,3
2025-12-22,217898.60084222065,217898.60084222065,0.0,0,3
2025-12-23,217898.60084222065,217898.60084222065,0.0,0,3
2025-12-24,217898.60084222065,217898.60084222065,0.0,0,3
2025-12-26,217898.60084222065,217898.60084222065,0.0,0,3
2025-12-29,217898.60084222065,217898.60084222065,0.0,0,3
2025-12-30,217898.60084222065,217898.60084222065,0.0,0,3
2025-12-31,217898.60084222065,217898.60084222065,0.0,0,2
2026-01-02,217898.60084222065,217898.60084222065,0.0,0,2
2026-01-05,217898.60084222065,217898.60084222065,0.0,0,2
2026-01-06,217898.60084222065,217898.60084222065,0.0,0,2
2026-01-07,217898.60084222065,217898.60084222065,0.0,0,2
2026-01-08,217898.60084222065,217898.60084222065,0.0,0,2
2026-01-09,217898.60084222065,217898.60084222065,0.0,0,2
2026-01-12,217898.60084222065,217898.60084222065,0.0,0,2
2026-01-13,217898.60084222065,217898.60084222065,0.0,0,2
2026-01-14,217898.60084222065,217898.60084222065,0.0,0,2
2026-01-15,217898.60084222065,217898.60084222065,0.0,0,2
2026-01-16,217898.60084222065,217898.60084222065,0.0,0,2
2026-01-20,217898.60084222065,217898.60084222065,0.0,0,2
2026-01-21,217898.60084222065,217898.60084222065,0.0,0,3
2026-01-22,217898.60084222065,217898.60084222065,0.0,0,3
2026-01-23,217898.60084222065,217898.60084222065,0.0,0,1
2026-01-26,217898.60084222065,217898.60084222065,0.0,0,1
2026-01-27,217898.60084222065,217898.60084222065,0.0,0,1
2026-01-28,219856.30973904426,145265.73389481375,74590.57584423051,1,2
2026-01-29,215650.91051289003,145265.73389481375,70385.17661807626,1,2
2026-01-30,213855.61778711426,145265.73389481375,68589.88389230051,1,2
2026-02-02,216019.80254094402,145265.73389481375,70754.06864613025,1,2
2026-02-03,213781.83844068038,145265.73389481375,68516.10454586663,1,2
2026-02-04,217397.007599479,145265.73389481375,72131.27370466523,1,2
2026-02-05,216536.25326186576,145265.73389481375,71270.51936705201,1,2
2026-02-06,218675.84490021755,145265.73389481375,73410.1110054038,1,1
2026-02-09,225217.57598443184,145265.73389481375,79951.84208961809,1,1
2026-02-10,228094.5250634016,69430.82512292995,158663.69994047168,2,0
2026-02-11,236118.17009119032,69430.82512292995,166687.34496826035,2,0
2026-02-12,232198.87907861994,69430.82512292995,162768.05395569,2,0
2026-02-13,233990.97143155808,69430.82512292995,164560.14630862814,2,0
2026-02-17,232699.09510897228,69430.82512292995,163268.26998604232,2,0
2026-02-18,232626.39381755318,69430.82512292995,163195.56869462322,2,0
2026-02-19,228309.60505162872,69430.82512292995,158878.7799286988,2,1
2026-02-20,230499.43037844094,69430.82512292995,161068.605255511,2,1
2026-02-23,231817.71011834283,69430.82512292995,162386.88499541287,2,1
2026-02-24,232600.42787094915,69430.82512292995,163169.6027480192,2,1
2026-02-25,233457.6964678443,69430.82512292995,164026.87134491434,2,1
2026-02-26,231290.98798181483,69430.82512292995,161860.1628588849,2,1
2026-02-27,227491.8134408131,69430.82512292995,158060.98831788317,2,1
2026-03-02,227172.1029395996,69430.82512292995,157741.27781666967,2,1
2026-03-03,219127.03927577578,69430.82512292995,149696.21415284585,2,1
2026-03-04,222322.97532508493,69430.82512292995,152892.150202155,2,1
2026-03-05,220368.27503669943,69430.82512292995,150937.44991376947,2,1
2026-03-06,211058.3888374942,69430.82512292995,141627.56371456425,2,1
2026-03-09,215870.4826467785,133410.1521866392,82460.33046013929,1,2
2026-03-10,215845.89893953138,133410.1521866392,82435.74675289218,1,2
2026-03-11,217173.91776711046,133410.1521866392,83763.76558047124,1,2
2026-03-12,215157.29170614848,133410.1521866392,81747.13951950926,1,2
2026-03-13,214247.3464334639,133410.1521866392,80837.1942468247,1,2
2026-03-16,215698.3402466636,133410.1521866392,82288.18806002442,1,2
2026-03-17,216509.91305743635,133410.1521866392,83099.76087079715,1,2
2026-03-18,215132.6985906705,133410.1521866392,81722.54640403131,1,2
2026-03-19,213140.6656451865,133410.1521866392,79730.5134585473,1,2
2026-03-20,209304.15844708623,133410.1521866392,75894.00626044704,1,2
2026-03-23,211271.59827709227,133410.1521866392,77861.44609045309,1,2
2026-03-24,212208.79919458926,133410.1521866392,78798.64700795007,1,2
2026-03-25,215834.27036618374,133410.1521866392,82424.11817954454,1,2
2026-03-26,216557.4304182883,61884.666934202425,154672.76348408588,2,1
2026-03-27,213537.83294638555,61884.666934202425,151653.16601218312,2,1
2026-03-30,205208.59380660648,61884.666934202425,143323.92687240406,2,1
2026-03-31,221633.13727825737,61884.666934202425,159748.47034405495,2,1
2026-04-01,227323.47720133778,61884.666934202425,165438.81026713536,2,1
2026-04-02,227131.2248036999,61884.666934202425,165246.55786949748,2,1
2026-04-06,231699.54973512166,61884.666934202425,169814.88280091924,2,1
2026-04-07,232193.63387718913,61884.666934202425,170308.9669429867,2,1
2026-04-08,241681.44283888114,61884.666934202425,179796.7759046787,2,1
2026-04-09,248666.1893131084,61884.666934202425,186781.52237890597,2,1
2026-04-10,255994.73999569146,61884.666934202425,194110.07306148903,2,1
2026-04-13,260182.0885657783,61884.666934202425,198297.42163157588,2,1
2026-04-14,263517.3893074151,61884.666934202425,201632.72237321272,2,1
2026-04-15,263554.5339142406,61884.666934202425,201669.86698003818,2,1
2026-04-16,264823.4743599484,61884.666934202425,202938.807425746,2,1
2026-04-17,276117.5355261737,61884.666934202425,214232.8685919713,2,1
2026-04-20,282845.57410221687,61884.666934202425,220960.90716801447,2,1
2026-04-21,285063.52805548976,61884.666934202425,223178.86112128734,2,0
2026-04-22,290969.6011740859,61884.666934202425,229084.9342398835,2,0
2026-04-23,309135.0944461592,184484.99798541534,124650.09646074384,1,0
2026-04-24,308193.9696402061,184484.99798541534,123708.97165479073,1,0
2026-04-27,303601.2874801588,184484.99798541534,119116.28949474347,1,0
2026-04-28,299851.83798163687,184484.99798541534,115366.83999622152,1,0
2026-04-29,302366.5321942819,184484.99798541534,117881.53420886658,1,0
2026-04-30,308826.402752605,184484.99798541534,124341.40476718964,1,0
2026-05-01,308675.8250813205,184484.99798541534,124190.82709590513,1,0
2026-05-04,307704.58933644637,184484.99798541534,123219.59135103106,1,0
2026-05-05,311536.8467890859,184484.99798541534,127051.84880367058,1,1
2026-05-06,314096.70166594244,184484.99798541534,129611.70368052709,1,1
2026-05-07,304956.49801005935,184484.99798541534,120471.50002464402,1,1
2026-05-08,312575.8522511269,184484.99798541534,128090.85426571159,1,1
2026-05-11,313110.40470743796,184484.99798541534,128625.4067220226,1,1
2026-05-12,308337.0224488453,184484.99798541534,123852.02446342999,1,1
2026-05-13,318463.5230632329,184484.99798541534,133978.52507781753,1,1
2026-05-14,321949.45302075194,184484.99798541534,137464.45503533664,1,1
2026-05-15,317665.451065919,184484.99798541534,133180.45308050368,1,2
2026-05-18,311672.36324674,184484.99798541534,127187.36526132467,1,2
2026-05-19,317198.65683843504,184484.99798541534,132713.6588530197,1,2
2026-05-20,325126.6912847169,184484.99798541534,140641.69329930155,1,2
2026-05-21,328055.4712213094,184484.99798541534,143570.47323589405,1,2
2026-05-22,332301.82588623627,184484.99798541534,147816.8279008209,1,2
2026-05-26,341283.91551984963,184484.99798541534,156798.91753443427,1,2
2026-05-27,334086.19484205457,184484.99798541534,149601.19685663923,1,1
2026-05-28,338701.4745667174,184484.99798541534,154216.4765813021,1,1
2026-05-29,338829.4661617263,184484.99798541534,154344.4681763109,1,0
