Date,Equity,Cash,PositionValue,OpenPositions,OpenWatches
2020-01-02,102534.88090738628,66666.66666666666,35868.21424071963,1,2
2020-01-03,102169.6241318731,66666.66666666666,35502.95746520644,1,2
2020-01-06,102016.2169549627,66666.66666666666,35349.550288296035,1,2
2020-01-07,101913.94550368909,66666.66666666666,35247.27883702243,1,2
2020-01-08,101607.13114986828,66666.66666666666,34940.46448320161,1,2
2020-01-09,102439.91615216824,66666.66666666666,35773.24948550159,1,2
2020-01-10,101855.50308199672,66666.66666666666,35188.83641533006,1,2
2020-01-13,102279.20227920226,66666.66666666666,35612.53561253561,1,2
2020-01-14,101884.7242928429,66666.66666666666,35218.05762617625,1,2
2020-01-15,102133.09901165939,66666.66666666666,35466.43234499273,1,2
2020-01-16,103024.32643565175,66666.66666666666,36357.65976898508,1,2
2020-01-17,103871.72204337482,66666.66666666666,37205.05537670815,1,2
2020-01-21,103959.38288922532,66666.66666666666,37292.71622255866,1,2
2020-01-22,104236.97881888799,66666.66666666666,37570.31215222133,1,2
2020-01-23,104441.5217214352,66666.66666666666,37774.855054768545,1,2
2020-01-24,103448.02284616925,66666.66666666666,36781.35617950259,1,2
2020-01-27,102651.76296408298,66666.66666666666,35985.09629741633,1,2
2020-01-28,103579.51550828904,66666.66666666666,36912.848841622384,1,2
2020-01-29,101373.36424978683,66666.66666666666,34706.69758312018,1,2
2020-01-30,102301.11679399289,66666.66666666666,35634.45012732623,1,2
2020-01-31,101000.80356490612,66666.66666666666,34334.13689823946,1,2
2020-02-03,101745.92772135558,66666.66666666666,35079.26105468893,1,2
2020-02-04,102790.56232225834,66666.66666666666,36123.89565559169,1,2
2020-02-05,103075.46216128854,66666.66666666666,36408.79549462188,1,2
2020-02-06,102695.59478035226,66666.66666666666,36028.9281136856,1,2
2020-02-07,102995.10522480555,66666.66666666666,36328.43855813889,1,2
2020-02-10,104843.3036171621,66666.66666666666,38176.63695049544,1,2
2020-02-11,105968.29515454784,66666.66666666666,39301.628487881186,1,2
2020-02-12,106034.04148560774,66666.66666666666,39367.374818941076,1,2
2020-02-13,106501.56971239453,66666.66666666666,39834.90304572787,1,2
2020-02-14,107071.37217714297,66666.66666666666,40404.70551047631,1,2
2020-02-18,108225.58213868685,66666.66666666666,41558.91547202019,1,2
2020-02-19,109693.91593679517,66666.66666666666,43027.24927012851,1,2
2020-02-20,108503.17806834952,66666.66666666666,41836.51140168287,1,2
2020-02-21,106011.06541933128,31470.524075462803,74540.54134386848,2,1
2020-02-24,101847.60943099708,31470.524075462803,70377.08535553428,2,1
2020-02-25,99713.27885406194,31470.524075462803,68242.75477859913,2,1
2020-02-26,99363.93902230958,31470.524075462803,67893.41494684678,2,1
2020-02-27,96323.53757573075,64173.637421202875,32149.900154527873,1,2
2020-02-28,97397.3933874797,64173.637421202875,33223.75596627682,1,2
2020-03-02,98843.80988410933,64173.637421202875,34670.17246290646,1,2
2020-03-03,98325.14593168575,64173.637421202875,34151.508510482876,1,2
2020-03-04,100779.67190900445,64173.637421202875,36606.03448780157,1,2
2020-03-05,99318.64480695169,64173.637421202875,35145.007385748824,1,2
2020-03-06,99669.29097704179,64173.637421202875,35495.653555838915,1,2
2020-03-09,95782.95910851654,64173.637421202875,31609.321687313666,1,2
2020-03-10,97324.34314705228,64173.637421202875,33150.705725849395,1,2
2020-03-11,97558.10726044566,64173.637421202875,33384.46983924279,1,2
2020-03-12,93379.56946990601,93379.56946990601,0.0,0,2
2020-03-13,93379.56946990601,93379.56946990601,0.0,0,2
2020-03-16,93379.56946990601,93379.56946990601,0.0,0,2
2020-03-17,93379.56946990601,93379.56946990601,0.0,0,2
2020-03-18,93379.56946990601,93379.56946990601,0.0,0,1
2020-03-19,93379.56946990601,93379.56946990601,0.0,0,1
2020-03-20,93379.56946990601,93379.56946990601,0.0,0,1
2020-03-23,93379.56946990601,93379.56946990601,0.0,0,0
2020-03-24,93379.56946990601,93379.56946990601,0.0,0,0
2020-03-25,93379.56946990601,93379.56946990601,0.0,0,0
2020-03-26,93379.56946990601,93379.56946990601,0.0,0,0
2020-03-27,93379.56946990601,93379.56946990601,0.0,0,0
2020-03-30,93379.56946990601,93379.56946990601,0.0,0,0
2020-03-31,93379.56946990601,93379.56946990601,0.0,0,0
2020-04-01,93379.56946990601,93379.56946990601,0.0,0,0
2020-04-02,93379.56946990601,93379.56946990601,0.0,0,0
2020-04-03,93379.56946990601,93379.56946990601,0.0,0,0
2020-04-06,93379.56946990601,93379.56946990601,0.0,0,2
2020-04-07,93379.56946990601,93379.56946990601,0.0,0,2
2020-04-08,93379.56946990601,93379.56946990601,0.0,0,2
2020-04-09,93379.56946990601,93379.56946990601,0.0,0,2
2020-04-13,93379.56946990601,93379.56946990601,0.0,0,2
2020-04-14,93379.56946990601,93379.56946990601,0.0,0,3
2020-04-15,93379.56946990601,93379.56946990601,0.0,0,3
2020-04-16,93379.56946990601,93379.56946990601,0.0,0,3
2020-04-17,93379.56946990601,93379.56946990601,0.0,0,3
2020-04-20,93379.56946990601,93379.56946990601,0.0,0,3
2020-04-21,93379.56946990601,93379.56946990601,0.0,0,3
2020-04-22,93379.56946990601,93379.56946990601,0.0,0,3
2020-04-23,93379.56946990601,93379.56946990601,0.0,0,3
2020-04-24,93379.56946990601,93379.56946990601,0.0,0,3
2020-04-27,93379.56946990601,93379.56946990601,0.0,0,3
2020-04-28,93379.56946990601,93379.56946990601,0.0,0,3
2020-04-29,93379.56946990601,93379.56946990601,0.0,0,3
2020-04-30,93379.56946990601,93379.56946990601,0.0,0,3
2020-05-01,93379.56946990601,93379.56946990601,0.0,0,3
2020-05-04,93379.56946990601,93379.56946990601,0.0,0,3
2020-05-05,93379.56946990601,93379.56946990601,0.0,0,3
2020-05-06,93379.56946990601,93379.56946990601,0.0,0,3
2020-05-07,93379.56946990601,93379.56946990601,0.0,0,3
2020-05-08,93379.56946990601,93379.56946990601,0.0,0,3
2020-05-11,93379.56946990601,93379.56946990601,0.0,0,3
2020-05-12,93379.56946990601,93379.56946990601,0.0,0,3
2020-05-13,93379.56946990601,93379.56946990601,0.0,0,3
2020-05-14,93379.56946990601,93379.56946990601,0.0,0,3
2020-05-15,93379.56946990601,93379.56946990601,0.0,0,3
2020-05-18,93379.56946990601,93379.56946990601,0.0,0,3
2020-05-19,93379.56946990601,93379.56946990601,0.0,0,3
2020-05-20,93379.56946990601,93379.56946990601,0.0,0,3
2020-05-21,93379.56946990601,93379.56946990601,0.0,0,3
2020-05-22,93379.56946990601,93379.56946990601,0.0,0,3
2020-05-26,93379.56946990601,93379.56946990601,0.0,0,3
2020-05-27,93379.56946990601,93379.56946990601,0.0,0,3
2020-05-28,93379.56946990601,93379.56946990601,0.0,0,3
2020-05-29,93379.56946990601,93379.56946990601,0.0,0,3
2020-06-01,93379.56946990601,93379.56946990601,0.0,0,3
2020-06-02,93379.56946990601,93379.56946990601,0.0,0,3
2020-06-03,93379.56946990601,93379.56946990601,0.0,0,3
2020-06-04,93379.56946990601,93379.56946990601,0.0,0,3
2020-06-05,94581.3659636429,62253.04631327068,32328.319650372217,1,2
2020-06-08,94115.90789846744,62253.04631327068,31862.861585196766,1,2
2020-06-09,93841.21114454183,62253.04631327068,31588.16483127115,1,2
2020-06-10,93803.05946444918,62253.04631327068,31550.013151178504,1,2
2020-06-11,91960.30449918701,62253.04631327068,29707.258185916326,1,2
2020-06-12,92038.51733538823,62253.04631327068,29785.471022117545,1,2
2020-06-15,92856.88207990391,62253.04631327068,30603.835766633223,1,2
2020-06-16,93150.65612926915,62253.04631327068,30897.60981599847,1,2
2020-06-17,93469.22716976197,62253.04631327068,31216.180856491297,1,2
2020-06-18,93255.57543261387,62253.04631327068,31002.5291193432,1,2
2020-06-19,92761.5591081125,31185.658813828395,61575.9002942841,2,1
2020-06-22,93765.08357812038,31185.658813828395,62579.42476429199,2,1
2020-06-23,94018.13320668269,31185.658813828395,62832.47439285429,2,1
2020-06-24,92707.55403130018,31185.658813828395,61521.89521747179,2,1
2020-06-25,93196.74800771133,31185.658813828395,62011.08919388293,2,1
2020-06-26,91764.82402462975,31185.658813828395,60579.16521080135,2,1
2020-06-29,92848.64393479339,31185.658813828395,61662.98512096499,2,1
2020-06-30,93726.22533615273,0.0,93726.22533615273,3,0
2020-07-01,93229.70290681935,0.0,93229.70290681935,3,0
2020-07-02,93628.68632584145,0.0,93628.68632584145,3,0
2020-07-06,95695.72179622044,0.0,95695.72179622044,3,0
2020-07-07,95355.7251981892,0.0,95355.7251981892,3,0
2020-07-08,95897.1719082817,0.0,95897.1719082817,3,0
2020-07-09,96406.12975453444,0.0,96406.12975453444,3,0
2020-07-10,96625.0387628914,0.0,96625.0387628914,3,0
2020-07-13,95421.98107220775,0.0,95421.98107220775,3,0
2020-07-14,98026.5326790449,0.0,98026.5326790449,3,0
2020-07-15,99322.86372084774,0.0,99322.86372084774,3,0
2020-07-16,98882.55369574233,0.0,98882.55369574233,3,0
2020-07-17,99735.06919209988,0.0,99735.06919209988,3,0
2020-07-20,100866.58469969413,0.0,100866.58469969413,3,0
2020-07-21,100534.24870715039,0.0,100534.24870715039,3,0
2020-07-22,100389.3674039723,0.0,100389.3674039723,3,0
2020-07-23,99265.87879060546,0.0,99265.87879060546,3,0
2020-07-24,98340.99268734854,0.0,98340.99268734854,3,0
2020-07-27,100913.21285718362,0.0,100913.21285718362,3,0
2020-07-28,100166.7990586701,0.0,100166.7990586701,3,0
2020-07-29,101279.45299006169,0.0,101279.45299006169,3,0
2020-07-30,101350.6757119506,0.0,101350.6757119506,3,0
2020-07-31,104575.22850093871,0.0,104575.22850093871,3,0
2020-08-03,105991.94678747746,0.0,105991.94678747746,3,0
2020-08-04,104336.73438783045,0.0,104336.73438783045,3,0
2020-08-05,103859.11480026053,0.0,103859.11480026053,3,0
2020-08-06,104791.42810841269,0.0,104791.42810841269,3,0
2020-08-07,103878.46205073083,0.0,103878.46205073083,3,0
2020-08-10,103390.79602685214,0.0,103390.79602685214,3,0
2020-08-11,101918.52104341086,0.0,101918.52104341086,3,0
2020-08-12,104065.54523144105,0.0,104065.54523144105,3,0
2020-08-13,104501.4078554147,0.0,104501.4078554147,3,0
2020-08-14,104201.0231763774,0.0,104201.0231763774,3,0
2020-08-17,104994.62063123182,0.0,104994.62063123182,3,0
2020-08-18,104146.60526987558,0.0,104146.60526987558,3,0
2020-08-19,103859.49711859715,0.0,103859.49711859715,3,0
2020-08-20,104062.36227527489,0.0,104062.36227527489,3,0
2020-08-21,106094.24392290787,0.0,106094.24392290787,3,0
2020-08-24,107229.90182875117,0.0,107229.90182875117,3,0
2020-08-25,107455.80625177422,0.0,107455.80625177422,3,0
2020-08-26,108820.90281843075,0.0,108820.90281843075,3,0
2020-08-27,108068.26885887733,0.0,108068.26885887733,3,0
2020-08-28,108281.16260149839,30455.04217672128,77826.12042477711,2,1
2020-08-31,109944.82180732435,30455.04217672128,79489.77963060307,2,1
2020-09-01,111276.01973074181,30455.04217672128,80820.97755402053,2,1
2020-09-02,110674.93756294988,30455.04217672128,80219.8953862286,2,1
2020-09-03,106234.1007781742,30455.04217672128,75779.05860145291,2,1
2020-09-04,106012.50691299584,30455.04217672128,75557.46473627456,2,1
2020-09-08,101390.34999116352,30455.04217672128,70935.30781444223,2,1
2020-09-09,103558.06266914442,30455.04217672128,73103.02049242314,2,1
2020-09-10,101224.22744450269,30455.04217672128,70769.1852677814,2,1
2020-09-11,100496.24212578103,30455.04217672128,70041.19994905975,2,1
2020-09-14,101782.37145624874,70938.58107084552,30843.790385403216,1,2
2020-09-15,101764.53361294085,70938.58107084552,30825.952542095325,1,2
2020-09-16,102605.55064825359,36951.675664074115,65653.87498417946,2,1
2020-09-17,101352.48262552664,3050.1845971695802,98302.29802835707,3,0
2020-09-18,100570.10354409256,3050.1845971695802,97519.91894692298,3,0
2020-09-21,99038.58287558312,3050.1845971695802,95988.39827841353,3,0
2020-09-22,100650.64524847633,3050.1845971695802,97600.46065130676,3,0
2020-09-23,98282.33477438585,33243.03623399159,65039.29854039426,2,1
2020-09-24,98699.58638865978,33243.03623399159,65456.55015466819,2,1
2020-09-25,99200.40680800918,33243.03623399159,65957.3705740176,2,1
2020-09-28,100037.62368903475,33243.03623399159,66794.58745504316,2,1
2020-09-29,99564.46075383262,33243.03623399159,66321.42451984104,2,1
2020-09-30,99988.2302058188,33243.03623399159,66745.19397182722,2,1
2020-10-01,99589.39711378628,33243.03623399159,66346.3608797947,2,1
2020-10-02,99339.26620576838,33243.03623399159,66096.22997177679,2,1
2020-10-05,100601.59723559636,33243.03623399159,67358.56100160477,2,1
2020-10-06,99378.60125365309,33243.03623399159,66135.5650196615,2,1
2020-10-07,100419.65497851167,33243.03623399159,67176.61874452008,2,1
2020-10-08,101084.57831617942,33243.03623399159,67841.54208218784,2,1
2020-10-09,101247.08657524304,33243.03623399159,68004.05034125145,2,1
2020-10-12,102894.95926710285,33243.03623399159,69651.92303311126,2,1
2020-10-13,102713.76140205111,33243.03623399159,69470.72516805952,2,1
2020-10-14,102585.05223953948,33243.03623399159,69342.01600554789,2,1
2020-10-15,102770.43360333654,33243.03623399159,69527.39736934495,2,1
2020-10-16,104925.70435889007,0.0,104925.70435889007,3,0
2020-10-19,103333.39329807195,0.0,103333.39329807195,3,0
2020-10-20,104003.87173419156,0.0,104003.87173419156,3,0
2020-10-21,103577.34460785588,0.0,103577.34460785588,3,0
2020-10-22,104542.4844880612,0.0,104542.4844880612,3,0
2020-10-23,104769.7754187639,0.0,104769.7754187639,3,0
2020-10-26,102059.23929867752,0.0,102059.23929867752,3,0
2020-10-27,100275.36300390291,0.0,100275.36300390291,3,0
2020-10-28,97090.49596590223,31236.56720306974,65853.9287628325,2,1
2020-10-29,97677.08194608777,31236.56720306974,66440.51474301802,2,1
2020-10-30,98303.99104106834,31236.56720306974,67067.42383799859,2,1
2020-11-02,100211.18409383536,31236.56720306974,68974.61689076561,2,1
2020-11-03,102311.14007184489,31236.56720306974,71074.57286877514,2,1
2020-11-04,97862.429750363,31236.56720306974,66625.86254729326,2,1
2020-11-05,101103.1075438353,31236.56720306974,69866.54034076555,2,1
2020-11-06,100805.8321939657,31236.56720306974,69569.26499089596,2,1
2020-11-09,104084.48268718923,0.0,104084.48268718923,3,0
2020-11-10,106295.8487638307,0.0,106295.8487638307,3,0
2020-11-11,106693.68239085763,0.0,106693.68239085763,3,0
2020-11-12,104787.13978099564,0.0,104787.13978099564,3,0
2020-11-13,107514.51845144629,0.0,107514.51845144629,3,0
2020-11-16,109575.92037148101,0.0,109575.92037148101,3,0
2020-11-17,109172.55884576855,0.0,109172.55884576855,3,0
2020-11-18,108632.30158316338,0.0,108632.30158316338,3,0
2020-11-19,108438.43106011991,0.0,108438.43106011991,3,0
2020-11-20,108155.89820040297,0.0,108155.89820040297,3,0
2020-11-23,109591.68910868347,0.0,109591.68910868347,3,0
2020-11-24,111592.88454826867,0.0,111592.88454826867,3,0
2020-11-25,110445.04855673207,0.0,110445.04855673207,3,0
2020-11-27,110314.63329436039,0.0,110314.63329436039,3,0
2020-11-30,109548.60829520633,0.0,109548.60829520633,3,0
2020-12-01,110764.79530312048,0.0,110764.79530312048,3,0
2020-12-02,110927.65612254268,0.0,110927.65612254268,3,0
2020-12-03,111582.09226511721,0.0,111582.09226511721,3,0
2020-12-04,114067.0237378237,0.0,114067.0237378237,3,0
2020-12-07,112822.3617738178,0.0,112822.3617738178,3,0
2020-12-08,112952.56017720679,0.0,112952.56017720679,3,0
2020-12-09,112866.43599040728,0.0,112866.43599040728,3,0
2020-12-10,112418.97900611293,39234.27821673571,73184.70078937722,2,1
2020-12-11,111744.13781993679,39234.27821673571,72509.85960320108,2,1
2020-12-14,110783.40612039051,39234.27821673571,71549.12790365481,2,1
2020-12-15,112546.77593388637,39234.27821673571,73312.49771715066,2,1
2020-12-16,111508.9790459361,39234.27821673571,72274.70082920039,2,1
2020-12-17,111683.47991365763,39234.27821673571,72449.20169692193,2,1
2020-12-18,111039.95681023359,2167.939005703287,108872.0178045303,3,0
2020-12-21,111670.28469282322,2167.939005703287,109502.34568711993,3,0
2020-12-22,111651.3787676579,2167.939005703287,109483.4397619546,3,0
2020-12-23,111180.00881894628,2167.939005703287,109012.069813243,3,0
2020-12-24,112034.87835110574,2167.939005703287,109866.93934540245,3,0
2020-12-28,113165.28026542587,2167.939005703287,110997.34125972258,3,0
2020-12-29,111923.57254878436,2167.939005703287,109755.63354308107,3,0
2020-12-30,112706.95909126782,2167.939005703287,110539.02008556454,3,0
2020-12-31,113013.95162829498,2167.939005703287,110846.01262259169,3,0
2021-01-04,111653.34048524543,2167.939005703287,109485.40147954214,3,0
2021-01-05,112172.90273373986,2167.939005703287,110004.96372803657,3,0
2021-01-06,115224.074487663,2167.939005703287,113056.13548195972,3,0
2021-01-07,117232.76054101187,2167.939005703287,115064.82153530858,3,0
2021-01-08,117883.03300715362,2167.939005703287,115715.09400145033,3,0
2021-01-11,117186.12840143115,2167.939005703287,115018.18939572787,3,0
2021-01-12,118425.38546628924,41891.50902085796,76533.87644543129,2,1
2021-01-13,117353.43952123166,41891.50902085796,75461.9305003737,2,1
2021-01-14,118534.93388828269,41891.50902085796,76643.42486742474,2,1
2021-01-15,119024.2822756485,41891.50902085796,77132.77325479053,2,1
2021-01-19,119158.34842870926,41891.50902085796,77266.83940785131,2,1
2021-01-20,119305.16970262857,41891.50902085796,77413.66068177062,2,1
2021-01-21,119166.20347085973,41891.50902085796,77274.69445000179,2,1
2021-01-22,118113.36916954574,41891.50902085796,76221.86014868777,2,1
2021-01-25,117880.76072535134,41891.50902085796,75989.25170449338,2,1
2021-01-26,118588.34105186333,41891.50902085796,76696.83203100538,2,1
2021-01-27,118957.65856015758,41891.50902085796,77066.14953929961,2,1
2021-01-28,119190.88005824326,41891.50902085796,77299.37103738531,2,1
2021-01-29,118918.89574456273,41891.50902085796,77027.38672370478,2,1
2021-02-01,119848.08229905114,41891.50902085796,77956.57327819319,2,1
2021-02-02,120753.27131223606,41891.50902085796,78861.76229137811,2,1
2021-02-03,120855.30266955605,41891.50902085796,78963.7936486981,2,1
2021-02-04,121984.8407569046,80939.41015069917,41045.430606205424,1,2
2021-02-05,122232.41053540443,80939.41015069917,41293.000384705265,1,2
2021-02-08,121998.94912605347,80939.41015069917,41059.5389753543,1,2
2021-02-09,121986.12084478242,80939.41015069917,41046.710694083245,1,2
2021-02-10,121801.40455547636,80939.41015069917,40861.994404777186,1,2
2021-02-11,121737.26706376292,80939.41015069917,40797.85691306375,1,2
2021-02-12,122411.99472927372,80939.41015069917,41472.58457857454,1,2
2021-02-16,121815.51683926707,80939.41015069917,40876.106688567896,1,2
2021-02-17,120988.14163030693,80939.41015069917,40048.73147960776,1,2
2021-02-18,120557.13956502068,80939.41015069917,39617.72941432151,1,2
2021-02-19,120826.5178131455,80939.41015069917,39887.10766244633,1,2
2021-02-22,118416.22977845464,80939.41015069917,37476.81962775547,1,2
2021-02-23,117764.59067044665,80939.41015069917,36825.180519747475,1,2
2021-02-24,117672.23252579362,80939.41015069917,36732.822375094445,1,2
2021-02-25,116889.75825860308,80939.41015069917,35950.34810790391,1,2
2021-02-26,116835.8810431214,80939.41015069917,35896.470892422214,1,2
2021-03-01,117874.90919180751,80939.41015069917,36935.49904110834,1,2
2021-03-02,117407.98637310558,80939.41015069917,36468.57622240641,1,2
2021-03-03,116720.43434096556,80939.41015069917,35781.024190266384,1,2
2021-03-04,115974.23385931982,76663.42291030433,39310.81094901548,1,2
2021-03-05,117460.69375982185,76663.42291030433,40797.27084951751,1,2
2021-03-08,117420.517231901,76663.42291030433,40757.09432159666,1,2
2021-03-09,116791.12233465546,76663.42291030433,40127.699424351136,1,2
2021-03-10,118023.14023503741,76663.42291030433,41359.71732473308,1,2
2021-03-11,120180.98072384342,37425.04432365702,82755.9364001864,2,1
2021-03-12,123467.73118348015,37425.04432365702,86042.68685982312,2,1
2021-03-15,124551.50506140896,0.0,124551.50506140896,3,0
2021-03-16,121411.32489461015,0.0,121411.32489461015,3,0
2021-03-17,123468.08135384924,0.0,123468.08135384924,3,0
2021-03-18,128008.22490502776,0.0,128008.22490502776,3,0
2021-03-19,127426.00948018493,0.0,127426.00948018493,3,0
2021-03-22,126005.68431945087,0.0,126005.68431945087,3,0
2021-03-23,123899.0512891126,0.0,123899.0512891126,3,0
2021-03-24,124141.74596698058,0.0,124141.74596698058,3,0
2021-03-25,126830.8060904519,0.0,126830.8060904519,3,0
2021-03-26,126444.71813281515,0.0,126444.71813281515,3,0
2021-03-29,125957.04227043853,0.0,125957.04227043853,3,0
2021-03-30,126950.35859958646,0.0,126950.35859958646,3,0
2021-03-31,126180.51978422183,0.0,126180.51978422183,3,0
2021-04-01,127974.34594309182,0.0,127974.34594309182,3,0
2021-04-05,128451.5377701115,0.0,128451.5377701115,3,0
2021-04-06,127301.81365358736,0.0,127301.81365358736,3,0
2021-04-07,127285.00555167974,0.0,127285.00555167974,3,0
2021-04-08,126171.78428753244,0.0,126171.78428753244,3,0
2021-04-09,125816.73444283122,0.0,125816.73444283122,3,0
2021-04-12,124910.4297706238,0.0,124910.4297706238,3,0
2021-04-13,125734.49875456141,0.0,125734.49875456141,3,0
2021-04-14,126324.30581202416,0.0,126324.30581202416,3,0
2021-04-15,126422.93505834084,0.0,126422.93505834084,3,0
2021-04-16,125276.8070663989,0.0,125276.8070663989,3,0
2021-04-19,124824.57492994345,0.0,124824.57492994345,3,0
2021-04-20,121659.59276302066,0.0,121659.59276302066,3,0
2021-04-21,123643.99514468128,0.0,123643.99514468128,3,0
2021-04-22,122340.35395256235,0.0,122340.35395256235,3,0
2021-04-23,124377.74575599543,0.0,124377.74575599543,3,0
2021-04-26,125209.22648981061,0.0,125209.22648981061,3,0
2021-04-27,126434.14696944905,0.0,126434.14696944905,3,0
2021-04-28,125085.4300994795,0.0,125085.4300994795,3,0
2021-04-29,125057.16142253025,0.0,125057.16142253025,3,0
2021-04-30,123167.26613682734,0.0,123167.26613682734,3,0
2021-05-03,124433.69244838445,0.0,124433.69244838445,3,0
2021-05-04,124953.99621209927,0.0,124953.99621209927,3,0
2021-05-05,125167.0764056386,0.0,125167.0764056386,3,0
2021-05-06,125957.89430702543,0.0,125957.89430702543,3,0
2021-05-07,127316.19900612484,0.0,127316.19900612484,3,0
2021-05-10,126465.52366209592,0.0,126465.52366209592,3,0
2021-05-11,123135.93481384018,0.0,123135.93481384018,3,0
2021-05-12,121586.83028364871,0.0,121586.83028364871,3,0
2021-05-13,122397.58241563757,0.0,122397.58241563757,3,0
2021-05-14,125233.9813900544,0.0,125233.9813900544,3,0
2021-05-17,126173.39594198321,0.0,126173.39594198321,3,0
2021-05-18,124403.79889302023,0.0,124403.79889302023,3,0
2021-05-19,123249.95872356072,0.0,123249.95872356072,3,0
2021-05-20,123514.8103436987,0.0,123514.8103436987,3,0
2021-05-21,124567.19346139817,0.0,124567.19346139817,3,0
2021-05-24,125350.77134931914,0.0,125350.77134931914,3,0
2021-05-25,124518.8982670191,0.0,124518.8982670191,3,0
2021-05-26,125336.50704155961,0.0,125336.50704155961,3,0
2021-05-27,127195.08237743561,39781.60199475954,87413.48038267606,2,1
2021-05-28,126543.93846739517,39781.60199475954,86762.33647263564,2,1
2021-06-01,129070.83126125307,0.0,129070.83126125307,3,0
2021-06-02,130048.72487969048,0.0,130048.72487969048,3,0
2021-06-03,128787.31622162105,0.0,128787.31622162105,3,0
2021-06-04,129124.48598296646,41359.99791027954,87764.48807268693,2,1
2021-06-07,128689.17586437991,41359.99791027954,87329.17795410036,2,1
2021-06-08,128697.65071896973,87621.40333319332,41076.24738577642,1,2
2021-06-09,128165.12623590262,87621.40333319332,40543.7229027093,1,2
2021-06-10,127881.10899985296,87621.40333319332,40259.70566665964,1,2
2021-06-11,127792.33990316695,87621.40333319332,40170.936569973645,1,2
2021-06-14,127419.58099127226,87621.40333319332,39798.177658078945,1,2
2021-06-15,128200.62447314583,87621.40333319332,40579.22113995251,1,2
2021-06-16,127685.84519143731,87621.40333319332,40064.441858244005,1,2
2021-06-17,125129.66656341244,87621.40333319332,37508.26323021912,1,2
2021-06-18,124277.61877252645,87621.40333319332,36656.21543933314,1,2
2021-06-21,127362.67648573438,45302.05495047146,82060.62153526292,2,1
2021-06-22,127637.04006398468,45302.05495047146,82334.98511351322,2,1
2021-06-23,127089.81183697916,45302.05495047146,81787.7568865077,2,1
2021-06-24,128118.45631081601,45302.05495047146,82816.40136034455,2,1
2021-06-25,130739.84536071646,2733.9140367219297,128005.93132399453,3,0
2021-06-28,126421.45484751018,2733.9140367219297,123687.54081078825,3,0
2021-06-29,127306.44134874726,2733.9140367219297,124572.52731202533,3,0
2021-06-30,127728.09716359168,2733.9140367219297,124994.18312686974,3,0
2021-07-01,130765.95781617446,2733.9140367219297,128032.04377945254,3,0
2021-07-02,130030.06871684743,2733.9140367219297,127296.15468012549,3,0
2021-07-06,125293.82048734091,2733.9140367219297,122559.90645061899,3,0
2021-07-07,123542.92824301432,2733.9140367219297,120809.0142062924,3,0
2021-07-08,123610.65002931963,2733.9140367219297,120876.7359925977,3,0
2021-07-09,126077.58913120374,2733.9140367219297,123343.6750944818,3,0
2021-07-12,125378.28092145588,2733.9140367219297,122644.36688473396,3,0
2021-07-13,124640.19966733846,2733.9140367219297,121906.28563061652,3,0
2021-07-14,119269.79722660774,36484.54298869261,82785.25423791514,2,1
2021-07-15,117594.07160861098,36484.54298869261,81109.52861991836,2,1
2021-07-16,115718.7922593352,36484.54298869261,79234.24927064258,2,1
2021-07-19,114795.87821898429,72013.41434259297,42782.46387639132,1,2
2021-07-20,114700.61031483024,72013.41434259297,42687.19597223727,1,2
2021-07-21,115189.26861574034,72013.41434259297,43175.85427314737,1,2
2021-07-22,114512.87296846035,72013.41434259297,42499.45862586738,1,2
2021-07-23,115630.74447853152,72013.41434259297,43617.33013593855,1,2
2021-07-26,116063.72941330534,72013.41434259297,44050.31507071237,1,2
2021-07-27,116526.924176183,72013.41434259297,44513.50983359003,1,2
2021-07-28,116126.94136743815,72013.41434259297,44113.527024845185,1,2
2021-07-29,117086.31760918975,72013.41434259297,45072.90326659679,1,2
2021-07-30,118606.24327875393,32984.01307686225,85622.23020189168,2,1
2021-08-02,118651.92092617294,32984.01307686225,85667.9078493107,2,1
2021-08-03,119038.3928091105,32984.01307686225,86054.37973224826,2,1
2021-08-04,119626.84756610023,32984.01307686225,86642.83448923798,2,1
2021-08-05,121929.98942381631,32984.01307686225,88945.97634695406,2,1
2021-08-06,122982.45744913,32984.01307686225,89998.44437226775,2,1
2021-08-09,124308.05950172576,32984.01307686225,91324.04642486351,2,1
2021-08-10,125698.45800984518,32984.01307686225,92714.44493298294,2,1
2021-08-11,125080.35714576351,32984.01307686225,92096.34406890126,2,1
2021-08-12,125336.0037315988,32984.01307686225,92351.99065473655,2,1
2021-08-13,125121.58196156718,32984.01307686225,92137.56888470493,2,1
2021-08-16,124061.34580037612,32984.01307686225,91077.33272351387,2,1
2021-08-17,120934.524765325,32984.01307686225,87950.51168846275,2,1
2021-08-18,120869.86891014838,32984.01307686225,87885.85583328613,2,1
2021-08-19,120738.33079427593,32984.01307686225,87754.31771741368,2,1
2021-08-20,122178.6881207796,32984.01307686225,89194.67504391735,2,1
2021-08-23,122714.73754160943,32984.01307686225,89730.72446474718,2,1
2021-08-24,123216.87275109625,32984.01307686225,90232.859674234,2,1
2021-08-25,124897.01390976542,32984.01307686225,91913.00083290317,2,1
2021-08-26,123500.7268131623,32984.01307686225,90516.71373630005,2,1
2021-08-27,124996.70403706854,32984.01307686225,92012.6909602063,2,1
2021-08-30,126055.67929957113,32984.01307686225,93071.66622270888,2,1
2021-08-31,126279.63750303835,32984.01307686225,93295.6244261761,2,1
2021-09-01,126473.66856990037,32984.01307686225,93489.65549303812,2,1
2021-09-02,127993.95310450262,32984.01307686225,95009.94002764038,2,1
2021-09-03,127531.94977940393,32984.01307686225,94547.93670254169,2,1
2021-09-07,126374.00599195705,32984.01307686225,93389.9929150948,2,1
2021-09-08,127071.47373786471,32984.01307686225,94087.46066100246,2,1
2021-09-09,127340.90369838038,32984.01307686225,94356.89062151813,2,1
2021-09-10,127069.22107987887,32984.01307686225,94085.20800301663,2,1
2021-09-13,123328.77469011764,32984.01307686225,90344.7616132554,2,1
2021-09-14,123191.82869636624,77836.7038941785,45355.12480218774,1,2
2021-09-15,123882.5753496892,77836.7038941785,46045.87145551071,1,2
2021-09-16,123421.3136586783,77836.7038941785,45584.6097644998,1,2
2021-09-17,122553.97384980634,77836.7038941785,44717.26995562784,1,2
2021-09-20,120312.68671681582,77836.7038941785,42475.98282263732,1,2
2021-09-21,120511.78431899237,77836.7038941785,42675.080424813874,1,2
2021-09-22,121850.24263935434,77836.7038941785,44013.53874517584,1,2
2021-09-23,123007.34627012096,77836.7038941785,45170.64237594247,1,2
2021-09-24,122465.26882268273,77836.7038941785,44628.56492850424,1,2
2021-09-27,121647.20040182966,77836.7038941785,43810.49650765116,1,2
2021-09-28,120503.89186970194,77836.7038941785,42667.18797552345,1,2
2021-09-29,121000.63938587529,77836.7038941785,43163.935491696786,1,2
2021-09-30,121000.63938587529,77836.7038941785,43163.935491696786,1,2
2021-10-01,120984.87355885937,77836.7038941785,43148.16966468087,1,2
2021-10-04,120259.46433626048,77836.7038941785,42422.76044208199,1,2
2021-10-05,121674.80649207829,77836.7038941785,43838.102597899786,1,2
2021-10-06,121670.85867813599,77836.7038941785,43834.15478395749,1,2
2021-10-07,121657.06675809123,77836.7038941785,43820.36286391273,1,2
2021-10-08,120229.89069622903,77836.7038941785,42393.186802050535,1,2
2021-10-11,120052.48382057599,77836.7038941785,42215.77992639749,1,2
2021-10-12,120586.6910688829,77836.7038941785,42749.987174704394,1,2
2021-10-13,121925.14621065071,77836.7038941785,44088.44231647221,1,2
2021-10-14,123437.07630710005,77836.7038941785,45600.372412921555,1,2
2021-10-15,122932.44587741877,77836.7038941785,45095.74198324027,1,2
2021-10-18,124537.0224577457,77836.7038941785,46700.3185635672,1,2
2021-10-19,124347.78167604824,77836.7038941785,46511.077781869746,1,2
2021-10-20,124194.0362552957,77836.7038941785,46357.332361117195,1,2
2021-10-21,123994.93865311914,77836.7038941785,46158.23475894064,1,2
2021-10-22,123472.56531085665,123472.56531085665,0.0,0,3
2021-10-25,127346.90792701935,82315.04354057109,45031.86438644825,1,2
2021-10-26,126446.51973371345,82315.04354057109,44131.47619314236,1,2
2021-10-27,125799.30952321875,82315.04354057109,43484.26598264766,1,2
2021-10-28,125596.05380628248,82315.04354057109,43281.01026571139,1,2
2021-10-29,127011.71323852256,82315.04354057109,44696.66969795146,1,2
2021-11-01,125751.16922378242,82315.04354057109,43436.12568321133,1,2
2021-11-02,125218.07015878402,82315.04354057109,42903.026618212934,1,2
2021-11-03,125037.99088778718,82315.04354057109,42722.94734721609,1,2
2021-11-04,130681.01338312577,82315.04354057109,48365.96984255468,1,2
2021-11-05,128693.02985976281,82315.04354057109,46377.98631919172,1,2
2021-11-08,128824.96611076387,82315.04354057109,46509.922570192786,1,2
2021-11-09,128434.50597763585,82315.04354057109,46119.46243706477,1,2
2021-11-10,126635.51155746268,82315.04354057109,44320.468016891595,1,2
2021-11-11,127484.19279789562,82315.04354057109,45169.149257324534,1,2
2021-11-12,130837.91348762374,82315.04354057109,48522.869947052655,1,2
2021-11-15,130939.5427063716,82315.04354057109,48624.49916580052,1,2
2021-11-16,133441.01550223015,82315.04354057109,51125.971961659074,1,2
2021-11-17,132651.17180098395,82315.04354057109,50336.12826041288,1,2
2021-11-18,134068.61047910317,82315.04354057109,51753.56693853209,1,2
2021-11-19,134801.4040487201,82315.04354057109,52486.36050814903,1,2
2021-11-22,132102.02143524104,82315.04354057109,49786.97789466996,1,2
2021-11-23,132153.728388114,82315.04354057109,49838.68484754291,1,2
2021-11-24,135252.48912859237,82315.04354057109,52937.44558802126,1,2
2021-11-26,134266.5202967237,82315.04354057109,51951.476756152595,1,2
2021-11-29,132501.40500335925,82315.04354057109,50186.36146278815,1,2
2021-11-30,131271.1680208723,82315.04354057109,48956.12448030123,1,2
2021-12-01,128543.26306213807,82315.04354057109,46228.21952156698,1,2
2021-12-02,126810.23948802488,82315.04354057109,44495.19594745378,1,2
2021-12-03,123559.92998348319,82315.04354057109,41244.8864429121,1,2
2021-12-06,122413.49439367992,82315.04354057109,40098.45085310883,1,2
2021-12-07,124651.09196697689,82315.04354057109,42336.0484264058,1,2
2021-12-08,126175.51120427862,82315.04354057109,43860.467663707524,1,2
2021-12-09,124107.29294166862,82315.04354057109,41792.249401097535,1,2
2021-12-10,122481.2472061785,82315.04354057109,40166.203665607405,1,2
2021-12-13,121489.92975443462,82315.04354057109,39174.88621386352,1,2
2021-12-14,121122.64334668659,82315.04354057109,38807.59980611549,1,2
2021-12-15,123167.6824427977,82315.04354057109,40852.63890222661,1,2
2021-12-16,121234.9670846254,82315.04354057109,38919.92354405431,1,2
2021-12-17,121825.12444293141,82315.04354057109,39510.080902360314,1,2
2021-12-20,121268.84349087469,82315.04354057109,38953.7999503036,1,2
2021-12-21,122392.0999141791,82315.04354057109,40077.056373608,1,2
2021-12-22,122449.15548692725,82315.04354057109,40134.111946356155,1,2
2021-12-23,122982.25455192564,82315.04354057109,40667.21101135455,1,2
2021-12-27,123263.96032111089,82315.04354057109,40948.9167805398,1,2
2021-12-28,121848.30088887081,82315.04354057109,39533.25734829973,1,2
2021-12-29,121880.39532868152,82315.04354057109,39565.351788110434,1,2
2021-12-30,121898.22315474573,82315.04354057109,39583.179614174645,1,2
2021-12-31,121350.8601965603,82315.04354057109,39035.81665598921,1,2
2022-01-03,119744.42425357297,82315.04354057109,37429.380713001876,1,2
2022-01-04,121167.0840444472,78752.83595151434,42414.24809293285,1,2
2022-01-05,120388.63604934956,78752.83595151434,41635.80009783523,1,2
2022-01-06,121242.68867598547,78752.83595151434,42489.85272447114,1,2
2022-01-07,122417.0463125779,78752.83595151434,43664.21036106357,1,2
2022-01-10,122372.55420286652,78752.83595151434,43619.718251352184,1,2
2022-01-11,124214.13993526873,78752.83595151434,45461.303983754384,1,2
2022-01-12,128708.98830046869,0.0,128708.98830046869,3,0
2022-01-13,127373.50062727358,0.0,127373.50062727358,3,0
2022-01-14,130237.65888397857,0.0,130237.65888397857,3,0
2022-01-18,130062.0324422282,0.0,130062.0324422282,3,0
2022-01-19,128894.6069283429,0.0,128894.6069283429,3,0
2022-01-20,126076.21050001848,0.0,126076.21050001848,3,0
2022-01-21,121275.92337055202,0.0,121275.92337055202,3,0
2022-01-24,120597.05993909956,37052.82555952067,83544.23437957889,2,1
2022-01-25,125794.8492717202,37052.82555952067,88742.02371219953,2,1
2022-01-26,126108.59587108617,37052.82555952067,89055.7703115655,2,1
2022-01-27,126905.86618384755,37052.82555952067,89853.04062432688,2,1
2022-01-28,127155.02693070492,37052.82555952067,90102.20137118424,2,1
2022-01-31,128002.029811155,37052.82555952067,90949.20425163432,2,1
2022-02-01,130615.42403599272,37052.82555952067,93562.59847647205,2,1
2022-02-02,130572.9898955635,37052.82555952067,93520.16433604283,2,1
2022-02-03,129778.24245065478,37052.82555952067,92725.41689113411,2,1
2022-02-04,130576.85629494865,37052.82555952067,93524.03073542798,2,1
2022-02-07,130526.710782361,37052.82555952067,93473.88522284033,2,1
2022-02-08,127604.72731662182,37052.82555952067,90551.90175710115,2,1
2022-02-09,129093.60370216797,37052.82555952067,92040.7781426473,2,1
2022-02-10,128839.38518770655,37052.82555952067,91786.55962818587,2,1
2022-02-11,131511.51380918274,37052.82555952067,94458.68824966205,2,1
2022-02-14,127546.00734261156,37052.82555952067,90493.18178309088,2,1
2022-02-15,126532.37662649101,37052.82555952067,89479.55106697034,2,1
2022-02-16,127132.08693733445,37052.82555952067,90079.26137781377,2,1
2022-02-17,127491.65862313152,37052.82555952067,90438.83306361084,2,1
2022-02-18,126768.61607027227,37052.82555952067,89715.7905107516,2,1
2022-02-22,124449.5312097211,37052.82555952067,87396.70565020043,2,1
2022-02-23,124548.76757551495,37052.82555952067,87495.94201599428,2,1
2022-02-24,126272.65979606159,37052.82555952067,89219.83423654092,2,1
2022-02-25,126687.85551984112,37052.82555952067,89635.02996032045,2,1
2022-02-28,132530.79805986045,37052.82555952067,95477.97250033978,2,1
2022-03-01,135247.60955285374,37052.82555952067,98194.78399333305,2,1
2022-03-02,136111.44392112497,37052.82555952067,99058.61836160431,2,1
2022-03-03,136415.91839201457,37052.82555952067,99363.0928324939,2,1
2022-03-04,138999.55689390755,37052.82555952067,101946.73133438686,2,1
2022-03-07,137701.16285018163,37052.82555952067,100648.33729066094,2,1
2022-03-08,137529.06426297803,37052.82555952067,100476.23870345738,2,1
2022-03-09,135805.16717677447,37052.82555952067,98752.34161725381,2,1
2022-03-10,140197.1784327217,37052.82555952067,103144.35287320105,2,1
2022-03-11,137541.17894069862,37052.82555952067,100488.35338117796,2,1
2022-03-14,135798.87937193294,37052.82555952067,98746.05381241225,2,1
2022-03-15,133799.60867495596,37052.82555952067,96746.78311543529,2,1
2022-03-16,133614.16738003673,37052.82555952067,96561.34182051607,2,1
2022-03-17,139000.08496088625,37052.82555952067,101947.25940136558,2,1
2022-03-18,137669.49079914496,37052.82555952067,100616.6652396243,2,1
2022-03-21,142864.5569947311,37052.82555952067,105811.73143521043,2,1
2022-03-22,141683.43793624645,37052.82555952067,104630.61237672577,2,1
2022-03-23,143147.3379777918,37052.82555952067,106094.51241827113,2,1
2022-03-24,142085.7649488186,37052.82555952067,105032.93938929794,2,1
2022-03-25,144593.47106846157,37052.82555952067,107540.6455089409,2,1
2022-03-28,140869.9317494082,37052.82555952067,103817.10618988753,2,1
2022-03-29,142136.19787819806,37052.82555952067,105083.3723186774,2,1
2022-03-30,142640.36751436436,91781.95510104805,50858.41241331633,1,2
2022-03-31,142800.8465324912,91781.95510104805,51018.891431443146,1,2
2022-04-01,143899.4897836094,91781.95510104805,52117.53468256136,1,2
2022-04-04,144837.6594235758,91781.95510104805,53055.70432252776,1,2
2022-04-05,143245.23499414237,91781.95510104805,51463.27989309433,1,2
2022-04-06,142158.93586695893,91781.95510104805,50376.98076591087,1,2
2022-04-07,142393.46881474426,142393.46881474426,0.0,0,3
2022-04-08,142393.46881474426,142393.46881474426,0.0,0,3
2022-04-11,142393.46881474426,142393.46881474426,0.0,0,3
2022-04-12,142393.46881474426,142393.46881474426,0.0,0,3
2022-04-13,142393.46881474426,142393.46881474426,0.0,0,3
2022-04-14,142393.46881474426,142393.46881474426,0.0,0,3
2022-04-18,142393.46881474426,142393.46881474426,0.0,0,3
2022-04-19,142393.46881474426,142393.46881474426,0.0,0,3
2022-04-20,142393.46881474426,142393.46881474426,0.0,0,3
2022-04-21,142393.46881474426,142393.46881474426,0.0,0,3
2022-04-22,142393.46881474426,142393.46881474426,0.0,0,3
2022-04-25,142393.46881474426,142393.46881474426,0.0,0,3
2022-04-26,142393.46881474426,142393.46881474426,0.0,0,3
2022-04-27,142393.46881474426,142393.46881474426,0.0,0,3
2022-04-28,142393.46881474426,142393.46881474426,0.0,0,3
2022-04-29,142393.46881474426,142393.46881474426,0.0,0,3
2022-05-02,142393.46881474426,142393.46881474426,0.0,0,3
2022-05-03,142393.46881474426,142393.46881474426,0.0,0,3
2022-05-04,142393.46881474426,142393.46881474426,0.0,0,3
2022-05-05,142393.46881474426,142393.46881474426,0.0,0,3
2022-05-06,142393.46881474426,142393.46881474426,0.0,0,3
2022-05-09,142393.46881474426,142393.46881474426,0.0,0,3
2022-05-10,142393.46881474426,142393.46881474426,0.0,0,3
2022-05-11,142393.46881474426,142393.46881474426,0.0,0,3
2022-05-12,142393.46881474426,142393.46881474426,0.0,0,3
2022-05-13,142393.46881474426,142393.46881474426,0.0,0,3
2022-05-16,142393.46881474426,142393.46881474426,0.0,0,3
2022-05-17,142393.46881474426,142393.46881474426,0.0,0,3
2022-05-18,142393.46881474426,142393.46881474426,0.0,0,3
2022-05-19,142393.46881474426,142393.46881474426,0.0,0,3
2022-05-20,142393.46881474426,142393.46881474426,0.0,0,3
2022-05-23,142393.46881474426,142393.46881474426,0.0,0,2
2022-05-24,142393.46881474426,142393.46881474426,0.0,0,2
2022-05-25,142393.46881474426,142393.46881474426,0.0,0,2
2022-05-26,142393.46881474426,142393.46881474426,0.0,0,3
2022-05-27,142393.46881474426,142393.46881474426,0.0,0,3
2022-05-31,142393.46881474426,142393.46881474426,0.0,0,3
2022-06-01,142393.46881474426,142393.46881474426,0.0,0,3
2022-06-02,142393.46881474426,142393.46881474426,0.0,0,3
2022-06-03,142393.46881474426,142393.46881474426,0.0,0,3
2022-06-06,142393.46881474426,142393.46881474426,0.0,0,3
2022-06-07,142393.46881474426,142393.46881474426,0.0,0,3
2022-06-08,142393.46881474426,142393.46881474426,0.0,0,3
2022-06-09,142393.46881474426,142393.46881474426,0.0,0,3
2022-06-10,142393.46881474426,142393.46881474426,0.0,0,3
2022-06-13,142393.46881474426,142393.46881474426,0.0,0,3
2022-06-14,142393.46881474426,142393.46881474426,0.0,0,3
2022-06-15,142393.46881474426,142393.46881474426,0.0,0,3
2022-06-16,142393.46881474426,142393.46881474426,0.0,0,3
2022-06-17,142393.46881474426,142393.46881474426,0.0,0,3
2022-06-21,142393.46881474426,142393.46881474426,0.0,0,3
2022-06-22,142393.46881474426,142393.46881474426,0.0,0,3
2022-06-23,142393.46881474426,142393.46881474426,0.0,0,3
2022-06-24,142393.46881474426,142393.46881474426,0.0,0,3
2022-06-27,142393.46881474426,142393.46881474426,0.0,0,3
2022-06-28,142393.46881474426,142393.46881474426,0.0,0,3
2022-06-29,142393.46881474426,142393.46881474426,0.0,0,2
2022-06-30,142393.46881474426,142393.46881474426,0.0,0,2
2022-07-01,142393.46881474426,142393.46881474426,0.0,0,1
2022-07-05,142393.46881474426,142393.46881474426,0.0,0,3
2022-07-06,142393.46881474426,142393.46881474426,0.0,0,3
2022-07-07,142393.46881474426,142393.46881474426,0.0,0,3
2022-07-08,142393.46881474426,142393.46881474426,0.0,0,3
2022-07-11,142393.46881474426,142393.46881474426,0.0,0,3
2022-07-12,142393.46881474426,142393.46881474426,0.0,0,3
2022-07-13,142393.46881474426,142393.46881474426,0.0,0,3
2022-07-14,142393.46881474426,142393.46881474426,0.0,0,2
2022-07-15,142393.46881474426,142393.46881474426,0.0,0,2
2022-07-18,142393.46881474426,142393.46881474426,0.0,0,2
2022-07-19,142393.46881474426,142393.46881474426,0.0,0,2
2022-07-20,142393.46881474426,142393.46881474426,0.0,0,2
2022-07-21,142393.46881474426,142393.46881474426,0.0,0,3
2022-07-22,142393.46881474426,142393.46881474426,0.0,0,3
2022-07-25,142393.46881474426,142393.46881474426,0.0,0,3
2022-07-26,142393.46881474426,142393.46881474426,0.0,0,3
2022-07-27,142393.46881474426,142393.46881474426,0.0,0,3
2022-07-28,142393.46881474426,142393.46881474426,0.0,0,2
2022-07-29,144550.04253297727,94928.9792098295,49621.06332314778,1,1
2022-08-01,145135.5752694329,94928.9792098295,50206.59605960341,1,1
2022-08-02,145609.00079264602,94928.9792098295,50680.02158281651,1,2
2022-08-03,145851.9357358954,94928.9792098295,50922.956526065886,1,2
2022-08-04,145305.23188017492,94928.9792098295,50376.25267034543,1,2
2022-08-05,145698.86132918458,94928.9792098295,50769.882119355076,1,2
2022-08-08,144911.63327221433,94928.9792098295,49982.65406238481,1,2
2022-08-09,144536.755181018,94928.9792098295,49607.775971188494,1,2
2022-08-10,145317.7430657335,94928.9792098295,50388.76385590399,1,2
2022-08-11,145105.30991997983,94928.9792098295,50176.330710150316,1,2
2022-08-12,145955.0168021203,94928.9792098295,51026.03759229083,1,2
2022-08-15,146942.16167911087,94928.9792098295,52013.18246928136,1,2
2022-08-16,146567.3041486139,94928.9792098295,51638.324938784404,1,2
2022-08-17,146286.14172508553,94928.9792098295,51357.16251525604,1,2
2022-08-18,146204.92696262646,94928.9792098295,51275.94775279697,1,2
2022-08-19,146123.7122001674,94928.9792098295,51194.732990337914,1,2
2022-08-22,145698.86132918458,94928.9792098295,50769.882119355076,1,2
2022-08-23,145905.03374198414,94928.9792098295,50976.05453215463,1,2
2022-08-24,146411.10451560086,94928.9792098295,51482.12530577137,1,2
2022-08-25,146523.5664009073,94928.9792098295,51594.58719107781,1,2
2022-08-26,145361.4705330904,94928.9792098295,50432.4913232609,1,2
2022-08-29,145174.02891740482,94928.9792098295,50245.04970757533,1,2
2022-08-30,144774.17471666494,94928.9792098295,49845.19550683543,1,2
2022-08-31,144617.98536400156,94928.9792098295,49689.00615417207,1,2
2022-09-01,144611.72977122228,94928.9792098295,49682.750561392786,1,2
2022-09-02,143805.75549661354,94928.9792098295,48876.77628678403,1,2
2022-09-06,143655.81145637977,94928.9792098295,48726.83224655028,1,2
2022-09-07,144980.34198928965,94928.9792098295,50051.36277946014,1,2
2022-09-08,144567.99716369054,94928.9792098295,49639.01795386103,1,2
2022-09-09,144599.2288660134,94928.9792098295,49670.2496561839,1,2
2022-09-12,144949.1154271416,94928.9792098295,50020.136217312116,1,2
2022-09-13,143130.9893249497,94928.9792098295,48202.01011512021,1,2
2022-09-14,142256.29605291595,94928.9792098295,47327.31684308644,1,2
2022-09-15,143424.65265368696,94928.9792098295,48495.673443857464,1,2
2022-09-16,142762.37196670752,94928.9792098295,47833.39275687801,1,2
2022-09-19,143680.79784627305,94928.9792098295,48751.81863644354,1,2
2022-09-20,143387.1499380603,94928.9792098295,48458.1707282308,1,2
2022-09-21,143624.5797540569,94928.9792098295,48695.60054422741,1,2
2022-09-22,143555.85561645706,94928.9792098295,48626.87640662756,1,2
2022-09-23,143380.90976580553,94928.9792098295,48451.93055597603,1,2
2022-09-26,143455.88949618465,94928.9792098295,48526.91028635517,1,2
2022-09-27,143143.4902301586,94928.9792098295,48214.5110203291,1,2
2022-09-28,144286.85016068668,94928.9792098295,49357.870950857185,1,2
2022-09-29,143712.0398289456,94928.9792098295,48783.06061911608,1,2
2022-09-30,143274.69319292868,94928.9792098295,48345.713983099195,1,2
2022-10-03,142806.10457423926,94928.9792098295,47877.12536440977,1,2
2022-10-04,144193.1190724942,94928.9792098295,49264.13986266472,1,2
2022-10-05,146254.9151629375,94928.9792098295,51325.93595310801,1,2
2022-10-06,146617.27692840042,94928.9792098295,51688.29771857092,1,2
2022-10-07,146654.76936367742,94928.9792098295,51725.790153847905,1,2
2022-10-10,146742.2448590906,94928.9792098295,51813.26564926109,1,2
2022-10-11,145755.08970175037,94928.9792098295,50826.110491920874,1,2
2022-10-12,146710.9977362432,94928.9792098295,51782.01852641371,1,2
2022-10-13,147941.81260148512,94928.9792098295,53012.83339165563,1,2
2022-10-14,147404.50498537067,94928.9792098295,52475.52577554119,1,2
2022-10-17,147754.38640632408,94928.9792098295,52825.40719649457,1,2
2022-10-18,148210.47925997945,94928.9792098295,53281.500050149945,1,2
2022-10-19,147329.5303951664,94928.9792098295,52400.55118533689,1,2
2022-10-20,146586.04008590273,94928.9792098295,51657.060876073214,1,2
2022-10-21,145986.25364461803,145986.25364461803,0.0,0,3
2022-10-24,145986.25364461803,145986.25364461803,0.0,0,3
2022-10-25,145986.25364461803,145986.25364461803,0.0,0,3
2022-10-26,145986.25364461803,145986.25364461803,0.0,0,3
2022-10-27,145986.25364461803,145986.25364461803,0.0,0,3
2022-10-28,145986.25364461803,145986.25364461803,0.0,0,3
2022-10-31,145986.25364461803,145986.25364461803,0.0,0,3
2022-11-01,145986.25364461803,145986.25364461803,0.0,0,3
2022-11-02,145986.25364461803,145986.25364461803,0.0,0,3
2022-11-03,145986.25364461803,145986.25364461803,0.0,0,3
2022-11-04,145986.25364461803,145986.25364461803,0.0,0,3
2022-11-07,145986.25364461803,145986.25364461803,0.0,0,3
2022-11-08,145986.25364461803,145986.25364461803,0.0,0,3
2022-11-09,145986.25364461803,145986.25364461803,0.0,0,3
2022-11-10,145986.25364461803,145986.25364461803,0.0,0,3
2022-11-11,142484.15716373798,97324.16909641202,45159.98806732595,1,2
2022-11-14,144622.44739943717,49044.59234120287,95577.8550582343,2,1
2022-11-15,144251.18422897047,49044.59234120287,95206.59188776759,2,1
2022-11-16,142327.53855882527,49044.59234120287,93282.9462176224,2,1
2022-11-17,142867.78736433334,49044.59234120287,93823.19502313048,2,1
2022-11-18,142656.2352602645,49044.59234120287,93611.64291906165,2,1
2022-11-21,142984.40167613642,49044.59234120287,93939.80933493355,2,1
2022-11-22,146605.21565116022,49044.59234120287,97560.62330995736,2,1
2022-11-23,147594.85163415977,49044.59234120287,98550.25929295691,2,1
2022-11-25,149079.93696161098,49044.59234120287,100035.34462040811,2,1
2022-11-28,147188.51251812864,49044.59234120287,98143.92017692576,2,1
2022-11-29,148042.02117551144,49044.59234120287,98997.42883430858,2,1
2022-11-30,148834.8193829793,49044.59234120287,99790.22704177642,2,1
2022-12-01,146924.26255226694,49044.59234120287,97879.67021106408,2,1
2022-12-02,147703.77473021956,49044.59234120287,98659.1823890167,2,1
2022-12-05,146272.62279480862,49044.59234120287,97228.03045360575,2,1
2022-12-06,145560.21035353522,49044.59234120287,96515.61801233236,2,1
2022-12-07,145411.56551224785,49044.59234120287,96366.97317104497,2,1
2022-12-08,145513.29616574277,49044.59234120287,96468.7038245399,2,1
2022-12-09,143919.30654711198,49044.59234120287,94874.71420590911,2,1
2022-12-12,144188.27380632062,49044.59234120287,95143.68146511776,2,1
2022-12-13,143807.9854549741,49044.59234120287,94763.39311377125,2,1
2022-12-14,141834.74396657618,49044.59234120287,92790.15162537331,2,1
2022-12-15,141496.55617795323,49044.59234120287,92451.96383675035,2,1
2022-12-16,141879.3763507097,49044.59234120287,92834.78400950682,2,1
2022-12-19,141029.80310269084,49044.59234120287,91985.21076148798,2,1
2022-12-20,141713.48345957758,49044.59234120287,92668.89111837471,2,1
2022-12-21,142446.39501476134,49044.59234120287,93401.80267355847,2,1
2022-12-22,140491.43186511798,89012.43147037605,51479.00039474193,1,2
2022-12-23,140617.81896359802,89012.43147037605,51605.38749322198,1,2
2022-12-27,140525.6928130893,89012.43147037605,51513.26134271324,1,2
2022-12-28,139820.57808303836,89012.43147037605,50808.14661266231,1,2
2022-12-29,139780.31022275033,89012.43147037605,50767.87875237429,1,2
2022-12-30,139794.52040739384,89012.43147037605,50782.0889370178,1,2
2023-01-03,139265.09935690975,89012.43147037605,50252.667886533716,1,2
2023-01-04,139169.1626540944,89012.43147037605,50156.73118371834,1,2
2023-01-05,138132.81717691274,89012.43147037605,49120.3857065367,1,2
2023-01-06,139523.29829847306,89012.43147037605,50510.866828097,1,2
2023-01-09,139728.19865177115,89012.43147037605,50715.767181395095,1,2
2023-01-10,140821.38486752682,89012.43147037605,51808.95339715078,1,2
2023-01-11,140353.5564050706,89012.43147037605,51341.124934694555,1,2
2023-01-12,140662.68368063692,89012.43147037605,51650.252210260864,1,2
2023-01-13,141081.96162397193,89012.43147037605,52069.530153595886,1,2
2023-01-17,140912.5848421277,89012.43147037605,51900.15337175165,1,2
2023-01-18,139466.4424386597,89012.43147037605,50454.01096828365,1,2
2023-01-19,137406.77843196376,89012.43147037605,48394.3469615877,1,2
2023-01-20,137643.66398671668,89012.43147037605,48631.232516340635,1,2
2023-01-23,137494.43247594594,89012.43147037605,48482.001005569895,1,2
2023-01-24,138362.5844082595,89012.43147037605,49350.152937883475,1,2
2023-01-25,138003.72337659582,89012.43147037605,48991.29190621979,1,2
2023-01-26,138899.12000183994,89012.43147037605,49886.688531463886,1,2
2023-01-27,138541.4270859131,89012.43147037605,49528.99561553706,1,2
2023-01-30,138828.05017707322,89012.43147037605,49815.61870669719,1,2
2023-01-31,139093.36366173284,89012.43147037605,50080.9321913568,1,2
2023-02-01,139584.88332588124,89012.43147037605,50572.4518555052,1,2
2023-02-02,137150.57829423549,43291.103386059505,93859.47490817598,2,1
2023-02-03,137055.0512353083,43291.103386059505,93763.9478492488,2,1
2023-02-06,137061.48470624146,43291.103386059505,93770.38132018197,2,1
2023-02-07,137202.3698980609,43291.103386059505,93911.26651200138,2,1
2023-02-08,136273.1957594835,43291.103386059505,92982.09237342398,2,1
2023-02-09,135561.17949735493,91615.57510078617,43945.60439656875,1,2
2023-02-10,136011.13092014776,91615.57510078617,44395.55581936158,1,2
2023-02-13,136536.08327864396,91615.57510078617,44920.508177857795,1,2
2023-02-14,135898.64619087806,91615.57510078617,44283.07109009188,1,2
2023-02-15,136048.63138799946,91615.57510078617,44433.05628721327,1,2
2023-02-16,135298.69706524978,91615.57510078617,43683.12196446362,1,2
2023-02-17,135448.67809379983,91615.57510078617,43833.102993013665,1,2
2023-02-21,134736.26091318726,91615.57510078617,43120.6858124011,1,2
2023-02-22,134698.7646139069,91615.57510078617,43083.18951312075,1,2
2023-02-23,134886.2419417373,91615.57510078617,43270.66684095114,1,2
2023-02-24,134773.7530438963,91615.57510078617,43158.1779431101,1,2
2023-02-27,133334.17818325787,133334.17818325787,0.0,0,3
2023-02-28,133334.17818325787,133334.17818325787,0.0,0,3
2023-03-01,133334.17818325787,133334.17818325787,0.0,0,3
2023-03-02,133334.17818325787,133334.17818325787,0.0,0,3
2023-03-03,133334.17818325787,133334.17818325787,0.0,0,3
2023-03-06,133334.17818325787,133334.17818325787,0.0,0,3
2023-03-07,133334.17818325787,133334.17818325787,0.0,0,3
2023-03-08,133334.17818325787,133334.17818325787,0.0,0,3
2023-03-09,133334.17818325787,133334.17818325787,0.0,0,3
2023-03-10,133334.17818325787,133334.17818325787,0.0,0,3
2023-03-13,133334.17818325787,133334.17818325787,0.0,0,3
2023-03-14,133334.17818325787,133334.17818325787,0.0,0,3
2023-03-15,133334.17818325787,133334.17818325787,0.0,0,3
2023-03-16,133334.17818325787,133334.17818325787,0.0,0,3
2023-03-17,133334.17818325787,133334.17818325787,0.0,0,3
2023-03-20,133334.17818325787,133334.17818325787,0.0,0,3
2023-03-21,133334.17818325787,133334.17818325787,0.0,0,3
2023-03-22,133334.17818325787,133334.17818325787,0.0,0,3
2023-03-23,133334.17818325787,133334.17818325787,0.0,0,3
2023-03-24,133334.17818325787,133334.17818325787,0.0,0,3
2023-03-27,133334.17818325787,133334.17818325787,0.0,0,3
2023-03-28,133334.17818325787,133334.17818325787,0.0,0,3
2023-03-29,133334.17818325787,133334.17818325787,0.0,0,3
2023-03-30,133334.17818325787,133334.17818325787,0.0,0,3
2023-03-31,133334.17818325787,133334.17818325787,0.0,0,3
2023-04-03,133334.17818325787,133334.17818325787,0.0,0,3
2023-04-04,133334.17818325787,133334.17818325787,0.0,0,3
2023-04-05,133334.17818325787,133334.17818325787,0.0,0,3
2023-04-06,133334.17818325787,133334.17818325787,0.0,0,3
2023-04-10,133334.17818325787,133334.17818325787,0.0,0,3
2023-04-11,133334.17818325787,133334.17818325787,0.0,0,3
2023-04-12,133334.17818325787,133334.17818325787,0.0,0,3
2023-04-13,133334.17818325787,133334.17818325787,0.0,0,3
2023-04-14,133334.17818325787,133334.17818325787,0.0,0,3
2023-04-17,133334.17818325787,133334.17818325787,0.0,0,3
2023-04-18,133334.17818325787,133334.17818325787,0.0,0,3
2023-04-19,133334.17818325787,133334.17818325787,0.0,0,3
2023-04-20,133334.17818325787,133334.17818325787,0.0,0,3
2023-04-21,133334.17818325787,133334.17818325787,0.0,0,3
2023-04-24,133334.17818325787,133334.17818325787,0.0,0,3
2023-04-25,133334.17818325787,133334.17818325787,0.0,0,3
2023-04-26,133334.17818325787,133334.17818325787,0.0,0,3
2023-04-27,133334.17818325787,133334.17818325787,0.0,0,3
2023-04-28,133334.17818325787,133334.17818325787,0.0,0,3
2023-05-01,133334.17818325787,133334.17818325787,0.0,0,3
2023-05-02,133334.17818325787,133334.17818325787,0.0,0,3
2023-05-03,133334.17818325787,133334.17818325787,0.0,0,3
2023-05-04,133334.17818325787,133334.17818325787,0.0,0,3
2023-05-05,133334.17818325787,133334.17818325787,0.0,0,3
2023-05-08,133334.17818325787,133334.17818325787,0.0,0,3
2023-05-09,133334.17818325787,133334.17818325787,0.0,0,3
2023-05-10,133334.17818325787,133334.17818325787,0.0,0,3
2023-05-11,133334.17818325787,133334.17818325787,0.0,0,3
2023-05-12,133334.17818325787,133334.17818325787,0.0,0,3
2023-05-15,133334.17818325787,133334.17818325787,0.0,0,3
2023-05-16,133334.17818325787,133334.17818325787,0.0,0,3
2023-05-17,133334.17818325787,133334.17818325787,0.0,0,3
2023-05-18,135248.69837261314,88889.4521221719,46359.24625044124,1,2
2023-05-19,135111.78618351158,88889.4521221719,46222.33406133968,1,2
2023-05-22,134340.09302111054,88889.4521221719,45450.64089893865,1,2
2023-05-23,133368.12317945654,88889.4521221719,44478.67105728463,1,2
2023-05-24,133628.37339903376,88889.4521221719,44738.92127686185,1,2
2023-05-25,145180.9722396774,42882.85954316057,102298.11269651682,2,1
2023-05-26,149323.52238929222,42882.85954316057,106440.66284613166,2,1
2023-05-30,151819.8548915429,0.0,151819.8548915429,3,0
2023-05-31,148488.34532359705,0.0,148488.34532359705,3,0
2023-06-01,146897.39815724205,0.0,146897.39815724205,3,0
2023-06-02,145624.94824500522,0.0,145624.94824500522,3,0
2023-06-05,145110.8294947948,0.0,145110.8294947948,3,0
2023-06-06,147778.38404357547,0.0,147778.38404357547,3,0
2023-06-07,142559.43655603047,0.0,142559.43655603047,3,0
2023-06-08,145012.00556734577,0.0,145012.00556734577,3,0
2023-06-09,148003.88039467338,0.0,148003.88039467338,3,0
2023-06-12,150386.94575348945,0.0,150386.94575348945,3,0
2023-06-13,147829.7514497797,0.0,147829.7514497797,3,0
2023-06-14,148706.24759898975,0.0,148706.24759898975,3,0
2023-06-15,147882.61045966344,0.0,147882.61045966344,3,0
2023-06-16,145426.62009017656,0.0,145426.62009017656,3,0
2023-06-20,145319.3275061386,0.0,145319.3275061386,3,0
2023-06-21,139790.28999353628,0.0,139790.28999353628,3,0
2023-06-22,139885.45296305112,0.0,139885.45296305112,3,0
2023-06-23,138195.6390004009,0.0,138195.6390004009,3,0
2023-06-26,136277.93839180644,0.0,136277.93839180644,3,0
2023-06-27,138925.83831395197,0.0,138925.83831395197,3,0
2023-06-28,139542.1745322068,0.0,139542.1745322068,3,0
2023-06-29,139750.87604527822,0.0,139750.87604527822,3,0
2023-06-30,141946.59785744065,0.0,141946.59785744065,3,0
2023-07-03,142710.167101202,0.0,142710.167101202,3,0
2023-07-05,142175.41907790655,0.0,142175.41907790655,3,0
2023-07-06,141045.52717707676,0.0,141045.52717707676,3,0
2023-07-07,140818.6725371739,0.0,140818.6725371739,3,0
2023-07-10,143278.17178602517,0.0,143278.17178602517,3,0
2023-07-11,143161.57281043177,0.0,143161.57281043177,3,0
2023-07-12,146126.64344387504,0.0,146126.64344387504,3,0
2023-07-13,148185.64829714433,0.0,148185.64829714433,3,0
2023-07-14,148582.27799076153,0.0,148582.27799076153,3,0
2023-07-17,150167.02606364884,0.0,150167.02606364884,3,0
2023-07-18,150118.56977377538,0.0,150118.56977377538,3,0
2023-07-19,150173.5930759434,0.0,150173.5930759434,3,0
2023-07-20,145562.43249975954,0.0,145562.43249975954,3,0
2023-07-21,146110.73579498456,0.0,146110.73579498456,3,0
2023-07-24,145111.60179623571,0.0,145111.60179623571,3,0
2023-07-25,146886.6054513792,0.0,146886.6054513792,3,0
2023-07-26,144705.16638192112,0.0,144705.16638192112,3,0
2023-07-27,144998.39192195417,0.0,144998.39192195417,3,0
2023-07-28,146154.72185349194,0.0,146154.72185349194,3,0
2023-07-31,146774.4267011587,0.0,146774.4267011587,3,0
2023-08-01,148233.24067258422,0.0,148233.24067258422,3,0
2023-08-02,142437.55666232607,0.0,142437.55666232607,3,0
2023-08-03,143005.9171506074,0.0,143005.9171506074,3,0
2023-08-04,144138.07816686394,0.0,144138.07816686394,3,0
2023-08-07,145162.09280732612,0.0,145162.09280732612,3,0
2023-08-08,141775.98047724305,0.0,141775.98047724305,3,0
2023-08-09,138614.3900264596,0.0,138614.3900264596,3,0
2023-08-10,139262.5001416138,0.0,139262.5001416138,3,0
2023-08-11,137846.05853167074,0.0,137846.05853167074,3,0
2023-08-14,141191.00034365768,49203.87331381223,91987.12702984546,2,1
2023-08-15,140255.05738632713,49203.87331381223,91051.18407251491,2,1
2023-08-16,138058.38011381734,49203.87331381223,88854.5068000051,2,1
2023-08-17,136211.9302818536,49203.87331381223,87008.05696804138,2,1
2023-08-18,136856.62194929252,49203.87331381223,87652.74863548028,2,1
2023-08-21,138922.4225108885,97012.91407683314,41909.508434055344,1,2
2023-08-22,138467.2990265475,97012.91407683314,41454.38494971436,1,2
2023-08-23,138942.4696241374,138942.4696241374,0.0,0,3
2023-08-24,138942.4696241374,138942.4696241374,0.0,0,3
2023-08-25,138942.4696241374,138942.4696241374,0.0,0,3
2023-08-28,138942.4696241374,138942.4696241374,0.0,0,3
2023-08-29,138942.4696241374,138942.4696241374,0.0,0,3
2023-08-30,138942.4696241374,138942.4696241374,0.0,0,3
2023-08-31,138942.4696241374,138942.4696241374,0.0,0,3
2023-09-01,138942.4696241374,138942.4696241374,0.0,0,3
2023-09-05,138942.4696241374,138942.4696241374,0.0,0,3
2023-09-06,138942.4696241374,138942.4696241374,0.0,0,3
2023-09-07,138942.4696241374,138942.4696241374,0.0,0,3
2023-09-08,138942.4696241374,138942.4696241374,0.0,0,3
2023-09-11,138942.4696241374,138942.4696241374,0.0,0,3
2023-09-12,138942.4696241374,138942.4696241374,0.0,0,3
2023-09-13,138942.4696241374,138942.4696241374,0.0,0,3
2023-09-14,138942.4696241374,138942.4696241374,0.0,0,3
2023-09-15,138942.4696241374,138942.4696241374,0.0,0,3
2023-09-18,138942.4696241374,138942.4696241374,0.0,0,3
2023-09-19,138942.4696241374,138942.4696241374,0.0,0,3
2023-09-20,138942.4696241374,138942.4696241374,0.0,0,3
2023-09-21,138942.4696241374,138942.4696241374,0.0,0,3
2023-09-22,138942.4696241374,138942.4696241374,0.0,0,3
2023-09-25,138942.4696241374,138942.4696241374,0.0,0,3
2023-09-26,138942.4696241374,138942.4696241374,0.0,0,3
2023-09-27,138942.4696241374,138942.4696241374,0.0,0,3
2023-09-28,138942.4696241374,138942.4696241374,0.0,0,3
2023-09-29,138942.4696241374,138942.4696241374,0.0,0,3
2023-10-02,138942.4696241374,138942.4696241374,0.0,0,3
2023-10-03,138942.4696241374,138942.4696241374,0.0,0,3
2023-10-04,138942.4696241374,138942.4696241374,0.0,0,3
2023-10-05,138942.4696241374,138942.4696241374,0.0,0,3
2023-10-06,138942.4696241374,138942.4696241374,0.0,0,3
2023-10-09,138942.4696241374,138942.4696241374,0.0,0,3
2023-10-10,138942.4696241374,138942.4696241374,0.0,0,3
2023-10-11,138942.4696241374,138942.4696241374,0.0,0,3
2023-10-12,138942.4696241374,138942.4696241374,0.0,0,3
2023-10-13,138942.4696241374,138942.4696241374,0.0,0,3
2023-10-16,138942.4696241374,138942.4696241374,0.0,0,3
2023-10-17,138942.4696241374,138942.4696241374,0.0,0,3
2023-10-18,138942.4696241374,138942.4696241374,0.0,0,3
2023-10-19,138942.4696241374,138942.4696241374,0.0,0,3
2023-10-20,138942.4696241374,138942.4696241374,0.0,0,3
2023-10-23,138942.4696241374,138942.4696241374,0.0,0,3
2023-10-24,138942.4696241374,138942.4696241374,0.0,0,3
2023-10-25,138942.4696241374,138942.4696241374,0.0,0,3
2023-10-26,138942.4696241374,138942.4696241374,0.0,0,3
2023-10-27,138942.4696241374,138942.4696241374,0.0,0,3
2023-10-30,138942.4696241374,138942.4696241374,0.0,0,3
2023-10-31,138942.4696241374,138942.4696241374,0.0,0,3
2023-11-01,138942.4696241374,138942.4696241374,0.0,0,3
2023-11-02,138942.4696241374,138942.4696241374,0.0,0,3
2023-11-03,138942.4696241374,138942.4696241374,0.0,0,3
2023-11-06,138942.4696241374,138942.4696241374,0.0,0,3
2023-11-07,138942.4696241374,138942.4696241374,0.0,0,3
2023-11-08,138942.4696241374,138942.4696241374,0.0,0,3
2023-11-09,138942.4696241374,138942.4696241374,0.0,0,3
2023-11-10,138942.4696241374,138942.4696241374,0.0,0,3
2023-11-13,138942.4696241374,138942.4696241374,0.0,0,3
2023-11-14,138942.4696241374,138942.4696241374,0.0,0,3
2023-11-15,138942.4696241374,138942.4696241374,0.0,0,3
2023-11-16,138942.4696241374,138942.4696241374,0.0,0,3
2023-11-17,138942.4696241374,138942.4696241374,0.0,0,3
2023-11-20,138942.4696241374,138942.4696241374,0.0,0,3
2023-11-21,138942.4696241374,138942.4696241374,0.0,0,2
2023-11-22,138942.4696241374,138942.4696241374,0.0,0,3
2023-11-24,138942.4696241374,138942.4696241374,0.0,0,3
2023-11-27,138942.4696241374,138942.4696241374,0.0,0,3
2023-11-28,138942.4696241374,138942.4696241374,0.0,0,3
2023-11-29,138942.4696241374,138942.4696241374,0.0,0,3
2023-11-30,141290.77058486716,45645.04534082667,95645.72524404048,2,1
2023-12-01,141089.30193279084,45645.04534082667,95444.25659196418,2,1
2023-12-04,140965.8838235107,45645.04534082667,95320.83848268402,2,1
2023-12-05,140124.36688051998,45645.04534082667,94479.32153969331,2,1
2023-12-06,138347.33805166098,45645.04534082667,92702.29271083431,2,1
2023-12-07,139665.33299564465,0.0,139665.33299564465,3,0
2023-12-08,139202.1839502418,0.0,139202.1839502418,3,0
2023-12-11,142497.458867173,0.0,142497.458867173,3,0
2023-12-12,143755.05143121598,0.0,143755.05143121598,3,0
2023-12-13,143281.06215072787,0.0,143281.06215072787,3,0
2023-12-14,143019.76851155102,44598.729676602685,98421.03883494835,2,1
2023-12-15,145623.55599122075,44598.729676602685,101024.82631461805,2,1
2023-12-18,144563.36143552558,44598.729676602685,99964.63175892289,2,1
2023-12-19,145499.84748730395,44598.729676602685,100901.11781070128,2,1
2023-12-20,142563.68690157245,44598.729676602685,97964.95722496975,2,1
2023-12-21,144143.1278456449,44598.729676602685,99544.3981690422,2,1
2023-12-22,144699.86173788016,44598.729676602685,100101.13206127749,2,1
2023-12-26,145843.73581444897,44598.729676602685,101245.0061378463,2,1
2023-12-27,146667.45278320796,44598.729676602685,102068.72310660528,2,1
2023-12-28,147076.19875518413,44598.729676602685,102477.46907858145,2,1
2023-12-29,146187.18127045594,44598.729676602685,101588.45159385324,2,1
2024-01-02,143311.24456946642,44598.729676602685,98712.51489286374,2,1
2024-01-03,142209.1510142376,44598.729676602685,97610.4213376349,2,1
2024-01-04,141380.95970377006,44598.729676602685,96782.23002716736,2,1
2024-01-05,142216.286041928,44598.729676602685,97617.55636532532,2,1
2024-01-08,145309.16663134372,44598.729676602685,100710.43695474102,2,1
2024-01-09,144786.9183916744,44598.729676602685,100188.18871507174,2,1
2024-01-10,144456.33109083134,44598.729676602685,99857.60141422866,2,1
2024-01-11,144381.5243666442,44598.729676602685,99782.79469004151,2,1
2024-01-12,143892.18938648916,44598.729676602685,99293.45970988649,2,1
2024-01-16,147654.6007934588,44598.729676602685,103055.87111685611,2,1
2024-01-17,148479.02901089596,44598.729676602685,103880.29933429328,2,1
2024-01-18,149525.0253466406,44598.729676602685,104926.29567003794,2,1
2024-01-19,153790.97358521022,44598.729676602685,109192.24390860755,2,1
2024-01-22,152640.6993328354,44598.729676602685,108041.9696562327,2,1
2024-01-23,153016.83702252095,44598.729676602685,108418.10734591827,2,1
2024-01-24,160436.89830586244,0.0,160436.89830586244,3,0
2024-01-25,162434.62281950243,0.0,162434.62281950243,3,0
2024-01-26,162103.13685543707,0.0,162103.13685543707,3,0
2024-01-29,163139.51382677542,0.0,163139.51382677542,3,0
2024-01-30,162173.76668366976,0.0,162173.76668366976,3,0
2024-01-31,159982.5040707363,0.0,159982.5040707363,3,0
2024-02-01,160930.25795992912,0.0,160930.25795992912,3,0
2024-02-02,163433.23318334605,0.0,163433.23318334605,3,0
2024-02-05,162500.80623953213,0.0,162500.80623953213,3,0
2024-02-06,159110.67469027574,0.0,159110.67469027574,3,0
2024-02-07,162311.52458834916,0.0,162311.52458834916,3,0
2024-02-08,161780.04752662938,0.0,161780.04752662938,3,0
2024-02-09,163224.59513716394,0.0,163224.59513716394,3,0
2024-02-12,162229.92747929302,0.0,162229.92747929302,3,0
2024-02-13,159586.22177659057,0.0,159586.22177659057,3,0
2024-02-14,164941.29139226297,0.0,164941.29139226297,3,0
2024-02-15,167267.65359191032,0.0,167267.65359191032,3,0
2024-02-16,165062.49718117257,0.0,165062.49718117257,3,0
2024-02-20,161014.2718237155,0.0,161014.2718237155,3,0
2024-02-21,160120.37786414527,0.0,160120.37786414527,3,0
2024-02-22,168949.79677049728,0.0,168949.79677049728,3,0
2024-02-23,167483.885171688,0.0,167483.885171688,3,0
2024-02-26,169313.71223447137,0.0,169313.71223447137,3,0
2024-02-27,172051.6516948937,54125.53321874857,117926.11847614511,2,1
2024-02-28,171061.80154288004,54125.53321874857,116936.26832413147,2,1
2024-02-29,177437.36923927537,54125.53321874857,123311.8360205268,2,1
2024-03-01,182562.43456655575,54125.53321874857,128436.90134780717,2,1
2024-03-04,183238.93771720817,54125.53321874857,129113.40449845961,2,1
2024-03-05,183464.90705650346,68055.94386496398,115408.9631915395,2,1
2024-03-06,183318.87091661416,68055.94386496398,115262.92705165019,2,1
2024-03-07,184890.18945812914,68055.94386496398,116834.24559316516,2,1
2024-03-08,185361.63756774043,68055.94386496398,117305.69370277645,2,1
2024-03-11,184868.47327566711,68055.94386496398,116812.52941070312,2,1
2024-03-12,185359.25485133808,68055.94386496398,117303.3109863741,2,1
2024-03-13,185734.70115152874,68055.94386496398,117678.75728656478,2,1
2024-03-14,183933.46879001235,68055.94386496398,115877.52492504838,2,1
2024-03-15,183914.51231599416,68055.94386496398,115858.56845103018,2,1
2024-03-18,185375.60128919364,68055.94386496398,117319.65742422966,2,1
2024-03-19,185286.71752010525,68055.94386496398,117230.77365514128,2,1
2024-03-20,188353.293485244,68055.94386496398,120297.34962028003,2,1
2024-03-21,189527.4196235551,68055.94386496398,121471.4757585911,2,1
2024-03-22,188957.22539733868,68055.94386496398,120901.28153237469,2,1
2024-03-25,189168.42492264352,68055.94386496398,121112.48105767953,2,1
2024-03-26,188453.47453755134,68055.94386496398,120397.53067258738,2,1
2024-03-27,188918.34644945202,68055.94386496398,120862.40258448804,2,1
2024-03-28,189241.70906592289,68055.94386496398,121185.7652009589,2,1
2024-04-01,188653.2424492162,68055.94386496398,120597.29858425222,2,1
2024-04-02,187530.38054825194,68055.94386496398,119474.43668328796,2,1
2024-04-03,188713.5793068295,68055.94386496398,120657.6354418655,2,1
2024-04-04,186044.6656337287,68055.94386496398,117988.72176876472,2,1
2024-04-05,187508.70792366547,68055.94386496398,119452.76405870149,2,1
2024-04-08,188602.7505324115,68055.94386496398,120546.80666744751,2,1
2024-04-09,187791.03431908332,68055.94386496398,119735.09045411934,2,1
2024-04-10,185633.80376946673,68055.94386496398,117577.85990450275,2,1
2024-04-11,186091.8729963812,68055.94386496398,118035.92913141722,2,1
2024-04-12,184766.3452351733,68055.94386496398,116710.40137020932,2,1
2024-04-15,183117.23227001654,68055.94386496398,115061.28840505256,2,1
2024-04-16,182940.5199301135,68055.94386496398,114884.57606514954,2,1
2024-04-17,183733.7947496542,68055.94386496398,115677.85088469021,2,1
2024-04-18,183233.6825833837,122148.51494653513,61085.16763684856,1,2
2024-04-19,185257.4735089176,122148.51494653513,63108.9585623825,1,2
2024-04-22,186297.22792457556,122148.51494653513,64148.71297804045,1,2
2024-04-23,187077.0360356894,122148.51494653513,64928.521089154274,1,2
2024-04-24,188098.20883201878,122148.51494653513,65949.69388548366,1,2
2024-04-25,187132.72698926763,122148.51494653513,64984.21204273249,1,2
2024-04-26,187411.24336219585,122148.51494653513,65262.728415660735,1,2
2024-04-29,187095.60995438835,122148.51494653513,64947.095007853204,1,2
2024-04-30,186249.9422082527,122148.51494653513,64101.427261717574,1,2
2024-05-01,187358.68656488234,122148.51494653513,65210.171618347216,1,2
2024-05-02,187903.67552597716,122148.51494653513,65755.16057944203,1,2
2024-05-03,188655.38018920884,122148.51494653513,66506.86524267371,1,2
2024-05-06,189350.70854282408,122148.51494653513,67202.19359628894,1,2
2024-05-07,188993.6534481668,122148.51494653513,66845.13850163168,1,2
2024-05-08,189707.76363748132,122148.51494653513,67559.24869094619,1,2
2024-05-09,189839.3134936728,122148.51494653513,67690.79854713766,1,2
2024-05-10,189914.47933961818,122148.51494653513,67765.96439308305,1,2
2024-05-13,189688.96640052274,122148.51494653513,67540.45145398761,1,2
2024-05-14,190609.79999260377,122148.51494653513,68461.28504606863,1,2
2024-05-15,191380.30959342365,122148.51494653513,69231.79464688852,1,2
2024-05-16,190778.93662208272,122148.51494653513,68630.42167554761,1,2
2024-05-17,191981.65946287563,122148.51494653513,69833.1445163405,1,2
2024-05-20,192870.21207328318,58574.32560883648,134295.8864644467,2,1
2024-05-21,195105.1930380962,58574.32560883648,136530.8674292597,2,1
2024-05-22,194171.99540806373,58574.32560883648,135597.66979922724,2,1
2024-05-23,192752.51064572932,58574.32560883648,134178.18503689283,2,1
2024-05-24,193780.37177190662,58574.32560883648,135206.04616307013,2,1
2024-05-28,191348.29378641112,58574.32560883648,132773.96817757463,2,1
2024-05-29,189013.41119912016,122844.87409877375,66168.53710034642,1,2
2024-05-30,189441.5153054136,122844.87409877375,66596.64120663985,1,2
2024-05-31,189767.25603860072,122844.87409877375,66922.38193982697,1,2
2024-06-03,189534.57888043634,122844.87409877375,66689.70478166259,1,2
2024-06-04,188994.81160295306,122844.87409877375,66149.93750417931,1,2
2024-06-05,189804.45523093498,122844.87409877375,66959.58113216123,1,2
2024-06-06,187598.85797761197,122844.87409877375,64753.98387883821,1,2
2024-06-07,187943.17644223716,122844.87409877375,65098.302343463416,1,2
2024-06-10,188724.9206759684,122844.87409877375,65880.04657719465,1,2
2024-06-11,188501.57246885964,122844.87409877375,65656.69837008588,1,2
2024-06-12,189078.5680916492,122844.87409877375,66233.69399287547,1,2
2024-06-13,188566.70749665966,122844.87409877375,65721.83339788589,1,2
2024-06-14,187459.24439447033,122844.87409877375,64614.37029569657,1,2
2024-06-17,187347.56664679444,122844.87409877375,64502.69254802068,1,2
2024-06-18,187152.1469869084,122844.87409877375,64307.27288813465,1,2
2024-06-20,186305.26043713416,122844.87409877375,63460.386338360404,1,2
2024-06-21,186286.638976238,122844.87409877375,63441.764877464244,1,2
2024-06-24,187194.28760800493,122844.87409877375,64349.41350923117,1,2
2024-06-25,186118.22225671215,122844.87409877375,63273.3481579384,1,2
2024-06-26,184518.13223284244,122844.87409877375,61673.25813406869,1,2
2024-06-27,185566.13784853826,122844.87409877375,62721.263749764505,1,2
2024-06-28,185042.13504069037,122844.87409877375,62197.2609419166,1,2
2024-07-01,184153.20261697873,122844.87409877375,61308.32851820499,1,2
2024-07-02,184901.77076851844,122844.87409877375,62056.8966697447,1,2
2024-07-03,185407.06465655405,122844.87409877375,62562.1905577803,1,2
2024-07-05,185341.56521660346,122844.87409877375,62496.69111782969,1,2
2024-07-08,185753.28535260545,122844.87409877375,62908.41125383169,1,2
2024-07-09,185669.0697045995,122844.87409877375,62824.19560582576,1,2
2024-07-10,186286.638976238,122844.87409877375,63441.764877464244,1,2
2024-07-11,191565.34807535322,60156.703728139015,131408.6443472142,2,1
2024-07-12,192304.44321317022,60156.703728139015,132147.7394850312,2,1
2024-07-15,192107.9990152218,60156.703728139015,131951.2952870828,2,1
2024-07-16,195499.6245336341,60156.703728139015,135342.9208054951,2,1
2024-07-17,190603.39769150107,0.0,190603.39769150107,3,0
2024-07-18,191082.5949993303,0.0,191082.5949993303,3,0
2024-07-19,187377.61538288795,0.0,187377.61538288795,3,0
2024-07-22,192371.58432231337,0.0,192371.58432231337,3,0
2024-07-23,190279.03971378691,0.0,190279.03971378691,3,0
2024-07-24,185566.45630704606,0.0,185566.45630704606,3,0
2024-07-25,182134.88635923987,0.0,182134.88635923987,3,0
2024-07-26,187741.48557968187,0.0,187741.48557968187,3,0
2024-07-29,189394.74384817717,0.0,189394.74384817717,3,0
2024-07-30,186129.46353939577,0.0,186129.46353939577,3,0
2024-07-31,196523.48191263026,0.0,196523.48191263026,3,0
2024-08-01,190566.87673877904,0.0,190566.87673877904,3,0
2024-08-02,187145.17545820595,0.0,187145.17545820595,3,0
2024-08-05,180142.92891071065,52664.252518876594,127478.67639183406,2,1
2024-08-06,181869.11396573044,52664.252518876594,129204.86144685386,2,1
2024-08-07,179305.71061184414,52664.252518876594,126641.45809296754,2,1
2024-08-08,183024.68173739052,52664.252518876594,130360.42921851392,2,1
2024-08-09,182912.41364203065,52664.252518876594,130248.16112315404,2,1
2024-08-12,183407.91582354368,52664.252518876594,130743.66330466708,2,1
2024-08-13,184909.65396783376,52664.252518876594,132245.40144895716,2,1
2024-08-14,185714.3442881895,116761.02637233297,68953.31791585652,1,2
2024-08-15,185952.88380646578,116761.02637233297,69191.85743413282,1,2
2024-08-16,187215.7638116046,116761.02637233297,70454.7374392716,1,2
2024-08-19,188590.91136167326,116761.02637233297,71829.8849893403,1,2
2024-08-20,188955.74495973386,116761.02637233297,72194.7185874009,1,2
2024-08-21,189545.0860146069,116761.02637233297,72784.05964227393,1,2
2024-08-22,188899.60566065944,116761.02637233297,72138.57928832647,1,2
2024-08-23,189783.6310594927,116761.02637233297,73022.60468715972,1,2
2024-08-26,190092.32535847888,116761.02637233297,73331.29898614589,1,2
2024-08-27,190709.7415894986,116761.02637233297,73948.71521716562,1,2
2024-08-28,189488.95224214194,116761.02637233297,72727.92586980898,1,2
2024-08-29,191383.27501315484,116761.02637233297,74622.24864082188,1,2
2024-08-30,191677.94830389612,116761.02637233297,74916.92193156313,1,2
2024-09-03,190106.36847316168,116761.02637233297,73345.34210082871,1,2
2024-09-04,189180.25794315577,116761.02637233297,72419.23157082281,1,2
2024-09-05,189983.96512644968,116761.02637233297,73222.93875411671,1,2
2024-09-06,187742.0241458992,116761.02637233297,70980.99777356623,1,2
2024-09-09,188277.8289347618,116761.02637233297,71516.80256242883,1,2
2024-09-10,189095.64002544276,116761.02637233297,72334.6136531098,1,2
2024-09-11,188306.04227614542,116761.02637233297,71545.01590381245,1,2
2024-09-12,191323.4992050441,116761.02637233297,74562.47283271112,1,2
2024-09-13,192493.81402804094,116761.02637233297,75732.78765570797,1,2
2024-09-16,191676.00846396945,116761.02637233297,74914.98209163647,1,2
2024-09-17,191647.80617580476,116761.02637233297,74886.77980347179,1,2
2024-09-18,191577.30321869778,116761.02637233297,74816.27684636482,1,2
2024-09-19,192225.9171602191,116761.02637233297,75464.89078788615,1,2
2024-09-20,193565.44018559458,116761.02637233297,76804.4138132616,1,2
2024-09-23,193579.54409298167,116761.02637233297,76818.51772064868,1,2
2024-09-24,195511.29858998698,116761.02637233297,78750.27221765403,1,2
2024-09-25,194679.36701209052,116761.02637233297,77918.34063975753,1,2
2024-09-26,195060.07303257106,116761.02637233297,78299.04666023808,1,2
2024-09-27,192761.73300230067,116761.02637233297,76000.70662996771,1,2
2024-09-30,192127.21744155695,116761.02637233297,75366.19106922398,1,2
2024-10-01,193100.13835383893,116761.02637233297,76339.11198150596,1,2
2024-10-02,192902.72786329564,116761.02637233297,76141.70149096267,1,2
2024-10-03,191774.70818263158,191774.70818263158,0.0,0,3
2024-10-04,191774.70818263158,191774.70818263158,0.0,0,3
2024-10-07,191774.70818263158,191774.70818263158,0.0,0,3
2024-10-08,191774.70818263158,191774.70818263158,0.0,0,3
2024-10-09,191774.70818263158,191774.70818263158,0.0,0,3
2024-10-10,191774.70818263158,191774.70818263158,0.0,0,3
2024-10-11,191774.70818263158,191774.70818263158,0.0,0,3
2024-10-14,191774.70818263158,191774.70818263158,0.0,0,3
2024-10-15,191774.70818263158,191774.70818263158,0.0,0,3
2024-10-16,191774.70818263158,191774.70818263158,0.0,0,3
2024-10-17,193509.69668984713,127849.80545508771,65659.89123475942,1,2
2024-10-18,194174.559136538,127849.80545508771,66324.75368145028,1,2
2024-10-21,195653.89284487528,127849.80545508771,67804.08738978756,1,2
2024-10-22,194831.12139453334,127849.80545508771,66981.31593944563,1,2
2024-10-23,193655.13294281345,127849.80545508771,65805.32748772575,1,2
2024-10-24,194523.61641457898,127849.80545508771,66673.81095949128,1,2
2024-10-25,193667.59927417207,127849.80545508771,65817.79381908436,1,2
2024-10-28,193505.5433858363,127849.80545508771,65655.7379307486,1,2
2024-10-29,193862.90727189893,127849.80545508771,66013.10181681124,1,2
2024-10-30,194814.50175916392,127849.80545508771,66964.6963040762,1,2
2024-10-31,192803.2755257435,127849.80545508771,64953.47007065578,1,2
2024-11-01,194087.30123635387,127849.80545508771,66237.49578126617,1,2
2024-11-04,194797.87570446834,127849.80545508771,66948.07024938063,1,2
2024-11-05,196360.32042830504,127849.80545508771,68510.51497321733,1,2
2024-11-06,204986.63469992107,61429.53562435524,143557.0990755658,2,1
2024-11-07,203746.06431136176,61429.53562435524,142316.5286870065,2,1
2024-11-08,207218.87911120208,61429.53562435524,145789.34348684686,2,1
2024-11-11,220051.12561812048,0.0,220051.12561812048,3,0
2024-11-12,219336.54291223508,0.0,219336.54291223508,3,0
2024-11-13,218370.47906277628,0.0,218370.47906277628,3,0
2024-11-14,218908.99702925835,0.0,218908.99702925835,3,0
2024-11-15,217389.5461377449,0.0,217389.5461377449,3,0
2024-11-18,218528.37304168748,0.0,218528.37304168748,3,0
2024-11-19,218570.78189709835,0.0,218570.78189709835,3,0
2024-11-20,222041.99294876689,0.0,222041.99294876689,3,0
2024-11-21,224083.31612654997,0.0,224083.31612654997,3,0
2024-11-22,223128.05646595545,0.0,223128.05646595545,3,0
2024-11-25,224221.548360501,0.0,224221.548360501,3,0
2024-11-26,224047.38048580015,0.0,224047.38048580015,3,0
2024-11-27,222435.36303363077,0.0,222435.36303363077,3,0
2024-11-29,222796.4514737437,0.0,222796.4514737437,3,0
2024-12-02,221038.0227921352,0.0,221038.0227921352,3,0
2024-12-03,219961.95152695448,0.0,219961.95152695448,3,0
2024-12-04,223643.40810337834,0.0,223643.40810337834,3,0
2024-12-05,226136.2971345978,0.0,226136.2971345978,3,0
2024-12-06,222800.79190252695,0.0,222800.79190252695,3,0
2024-12-09,219578.878983456,0.0,219578.878983456,3,0
2024-12-10,219358.50492427233,0.0,219358.50492427233,3,0
2024-12-11,224981.417542061,0.0,224981.417542061,3,0
2024-12-12,220903.52946767007,0.0,220903.52946767007,3,0
2024-12-13,219698.9483564557,0.0,219698.9483564557,3,0
2024-12-16,217761.07488800713,0.0,217761.07488800713,3,0
2024-12-17,215687.86898852233,0.0,215687.86898852233,3,0
2024-12-18,208983.53791629127,0.0,208983.53791629127,3,0
2024-12-19,212216.24988048413,0.0,212216.24988048413,3,0
2024-12-20,215612.16816071674,0.0,215612.16816071674,3,0
2024-12-23,219377.04465971427,0.0,219377.04465971427,3,0
2024-12-24,222074.04162726685,0.0,222074.04162726685,3,0
2024-12-26,221436.12482615723,0.0,221436.12482615723,3,0
2024-12-27,218672.47773694395,0.0,218672.47773694395,3,0
2024-12-30,221811.88346790517,0.0,221811.88346790517,3,0
2024-12-31,220728.08089135925,0.0,220728.08089135925,3,0
2025-01-02,220627.21097499575,0.0,220627.21097499575,3,0
2025-01-03,220337.68003665097,0.0,220337.68003665097,3,0
2025-01-06,222069.6291069397,0.0,222069.6291069397,3,0
2025-01-07,223094.34213536908,0.0,223094.34213536908,3,0
2025-01-08,224843.19713000295,0.0,224843.19713000295,3,0
2025-01-10,230239.48438490496,0.0,230239.48438490496,3,0
2025-01-13,230270.834927941,0.0,230270.834927941,3,0
2025-01-14,233403.01904901868,76123.2516133586,157279.7674356601,2,1
2025-01-15,235268.90617876162,76123.2516133586,159145.654565403,2,1
2025-01-16,238185.1430166259,76123.2516133586,162061.89140326728,2,1
2025-01-17,236465.54807440145,76123.2516133586,160342.29646104283,2,1
2025-01-21,240129.6273788364,76123.2516133586,164006.37576547777,2,1
2025-01-22,239433.6966236243,76123.2516133586,163310.44501026568,2,1
2025-01-23,239337.6350168808,76123.2516133586,163214.3834035222,2,1
2025-01-24,239183.94581563328,76123.2516133586,163060.69420227467,2,1
2025-01-27,231573.27907054411,76123.2516133586,155450.0274571855,2,1
2025-01-28,233722.2885309072,76123.2516133586,157599.03691754857,2,1
2025-01-29,235769.22366487375,76123.2516133586,159645.97205151513,2,1
2025-01-30,237567.79997533304,76123.2516133586,161444.54836197442,2,1
2025-01-31,235220.72795194038,76123.2516133586,159097.47633858176,2,1
2025-02-03,235990.3414120868,76123.2516133586,159867.0897987282,2,1
2025-02-04,238929.4660643395,156072.06016093405,82857.40590340544,1,2
2025-02-05,240200.52570054575,156072.06016093405,84128.46553961169,1,2
2025-02-06,237785.5111580867,156072.06016093405,81713.45099715264,1,2
2025-02-07,237277.08606993704,237277.08606993704,0.0,0,3
2025-02-10,237277.08606993704,237277.08606993704,0.0,0,3
2025-02-11,237277.08606993704,237277.08606993704,0.0,0,3
2025-02-12,237277.08606993704,237277.08606993704,0.0,0,3
2025-02-13,247981.66904036317,158184.72404662467,89796.9449937385,1,2
2025-02-14,247251.065298305,158184.72404662467,89066.34125168032,1,2
2025-02-18,246899.28431787033,158184.72404662467,88714.56027124567,1,2
2025-02-19,248022.25063004257,158184.72404662467,89837.52658341789,1,2
2025-02-20,246249.85456539725,158184.72404662467,88065.1305187726,1,2
2025-02-21,244071.5723374869,158184.72404662467,85886.84829086224,1,2
2025-02-24,243449.20598665538,158184.72404662467,85264.48194003072,1,2
2025-02-25,244315.0997113554,158184.72404662467,86130.37566473075,1,2
2025-02-26,244585.7012970918,158184.72404662467,86400.97725046713,1,2
2025-02-27,245424.5478354898,158184.72404662467,87239.82378886512,1,2
2025-02-28,247102.23010205946,158184.72404662467,88917.50605543479,1,2
2025-03-03,245992.79278815142,158184.72404662467,87808.06874152675,1,2
2025-03-04,245059.23785679095,158184.72404662467,86874.51381016627,1,2
2025-03-05,247413.42408770154,158184.72404662467,89228.70004107688,1,2
2025-03-06,246466.32934785058,158184.72404662467,88281.60530122589,1,2
2025-03-07,247927.55304730643,158184.72404662467,89742.82900068177,1,2
2025-03-10,246439.28216154856,158184.72404662467,88254.55811492387,1,2
2025-03-11,246101.0409896044,158184.72404662467,87916.31694297973,1,2
2025-03-12,245911.6187985663,158184.72404662467,87726.89475194164,1,2
2025-03-13,247142.83331219153,158184.72404662467,88958.10926556685,1,2
2025-03-14,247048.11410900272,158184.72404662467,88863.39006237805,1,2
2025-03-17,248360.4918019867,158184.72404662467,90175.76775536203,1,1
2025-03-18,249605.24071898928,158184.72404662467,91420.5166723646,1,1
2025-03-19,250065.2590906506,158184.72404662467,91880.5350440259,1,1
2025-03-20,251052.91379972827,158184.72404662467,92868.1897531036,1,1
2025-03-21,248901.6895683463,158184.72404662467,90716.96552172162,1,1
2025-03-24,249605.24071898928,158184.72404662467,91420.5166723646,1,1
2025-03-25,248130.49342638237,158184.72404662467,89945.76937975771,1,1
2025-03-26,249104.64075764857,158184.72404662467,90919.9167110239,1,1
2025-03-27,249632.2879052913,158184.72404662467,91447.56385866663,1,1
2025-03-28,249023.46676806346,158184.72404662467,90838.74272143879,1,1
2025-03-31,249848.7626877446,158184.72404662467,91664.03864111993,1,0
2025-04-01,250159.96748361306,158184.72404662467,91975.24343698837,1,0
2025-04-02,250281.72306287754,158184.72404662467,92096.99901625287,1,0
2025-04-03,249524.06672940415,158184.72404662467,91339.34268277949,1,2
2025-04-04,244315.0997113554,158184.72404662467,86130.37566473075,1,2
2025-04-07,244572.17229882762,158184.72404662467,86387.44825220294,1,2
2025-04-08,249686.42551880074,158184.72404662467,91501.70147217605,1,2
2025-04-09,253136.50925512885,158184.72404662467,94951.78520850417,1,2
2025-04-10,251499.40857823857,158184.72404662467,93314.6845316139,1,2
2025-04-11,252230.0177254099,158184.72404662467,94045.29367878524,1,2
2025-04-14,251810.58094342798,158184.72404662467,93625.85689680332,1,0
2025-04-15,251431.75818180447,158184.72404662467,93247.0341351798,1,0
2025-04-16,250931.1690306901,158184.72404662467,92746.44498406544,1,0
2025-04-17,249226.39633691305,158184.72404662467,91041.67229028839,1,1
2025-04-21,246358.0973617371,158184.72404662467,88173.37331511242,1,1
2025-04-22,247649.84373775168,158184.72404662467,89465.11969112701,1,1
2025-04-23,247813.86730200457,158184.72404662467,89629.1432553799,1,1
2025-04-24,248292.2900840093,158184.72404662467,90107.5660373846,1,1
2025-04-25,247472.13983206585,158184.72404662467,89287.41578544119,1,2
2025-04-28,246939.0443303479,158184.72404662467,88754.32028372324,1,2
2025-04-29,247075.7288321876,158184.72404662467,88891.00478556291,1,1
2025-04-30,249372.16142887814,158184.72404662467,91187.43738225345,1,1
2025-05-01,253117.52649767627,158184.72404662467,94932.80245105158,1,1
2025-05-02,250397.36005403375,158184.72404662467,92212.63600740906,1,2
2025-05-05,249905.25693059608,158184.72404662467,91720.5328839714,1,2
2025-05-06,248716.04555141393,158184.72404662467,90531.32150478926,1,2
2025-05-07,249467.84274221119,158184.72404662467,91283.1186955865,1,2
2025-05-08,250930.4555557517,158184.72404662467,92745.73150912703,1,2
2025-05-09,249727.55843002343,249727.55843002343,0.0,0,3
2025-05-12,249727.55843002343,249727.55843002343,0.0,0,3
2025-05-13,249727.55843002343,249727.55843002343,0.0,0,3
2025-05-14,249727.55843002343,249727.55843002343,0.0,0,3
2025-05-15,249727.55843002343,249727.55843002343,0.0,0,3
2025-05-16,249727.55843002343,249727.55843002343,0.0,0,3
2025-05-19,249727.55843002343,249727.55843002343,0.0,0,3
2025-05-20,256509.51596624876,166485.03895334894,90024.47701289984,1,2
2025-05-21,255258.6930694601,166485.03895334894,88773.65411611118,1,2
2025-05-22,255135.36410000199,166485.03895334894,88650.32514665306,1,2
2025-05-23,255796.02366179007,166485.03895334894,89310.98470844112,1,2
2025-05-27,255434.8616385315,166485.03895334894,88949.82268518256,1,2
2025-05-28,252607.28479273285,166485.03895334894,86122.24583938393,1,2
2025-05-29,251990.68794404046,166485.03895334894,85505.64899069151,1,2
2025-05-30,253398.25131472276,82435.29422979873,170962.95708492404,2,1
2025-06-02,252637.83356292365,82435.29422979873,170202.5393331249,2,1
2025-06-03,264899.91447376256,82435.29422979873,182464.62024396384,2,1
2025-06-04,263351.942932409,82435.29422979873,180916.64870261028,2,1
2025-06-05,265660.85535626864,82435.29422979873,183225.56112646993,2,1
2025-06-06,267950.23406069906,82435.29422979873,185514.93983090034,2,1
2025-06-09,268030.4815355929,82435.29422979873,185595.18730579416,2,1
2025-06-10,268225.8431482396,82435.29422979873,185790.54891844088,2,1
2025-06-11,266187.63525583304,82435.29422979873,183752.34102603432,2,1
2025-06-12,264205.7733809113,82435.29422979873,181770.4791511126,2,1
2025-06-13,261892.75699615473,82435.29422979873,179457.46276635598,2,1
2025-06-16,264811.4801439372,82435.29422979873,182376.18591413848,2,1
2025-06-17,262596.3148901887,82435.29422979873,180161.02066038997,2,1
2025-06-18,261449.63553106063,82435.29422979873,179014.3413012619,2,1
2025-06-20,261336.0669326085,82435.29422979873,178900.77270280977,2,1
2025-06-23,265625.5914049196,82435.29422979873,183190.2971751209,2,1
2025-06-24,264129.5704029094,82435.29422979873,181694.27617311067,2,1
2025-06-25,262317.4507877471,82435.29422979873,179882.15655794836,2,1
2025-06-26,262656.73290944897,82435.29422979873,180221.43867965025,2,1
2025-06-27,269107.1059841808,0.0,269107.1059841808,3,0
2025-06-30,269050.7775885317,0.0,269050.7775885317,3,0
2025-07-01,271075.76484130835,0.0,271075.76484130835,3,0
2025-07-02,272959.0080646342,0.0,272959.0080646342,3,0
2025-07-03,274944.4336513896,0.0,274944.4336513896,3,0
2025-07-07,276020.0576632959,0.0,276020.0576632959,3,0
2025-07-08,271931.8605768668,0.0,271931.8605768668,3,0
2025-07-09,274094.6109135607,0.0,274094.6109135607,3,0
2025-07-10,280780.8170441153,0.0,280780.8170441153,3,0
2025-07-11,281823.58234077966,0.0,281823.58234077966,3,0
2025-07-14,285118.6764004204,0.0,285118.6764004204,3,0
2025-07-15,282514.5119164733,0.0,282514.5119164733,3,0
2025-07-16,283238.32090628013,0.0,283238.32090628013,3,0
2025-07-17,279838.0037106673,0.0,279838.0037106673,3,0
2025-07-18,281917.69679807854,0.0,281917.69679807854,3,0
2025-07-21,279567.959146304,0.0,279567.959146304,3,0
2025-07-22,281500.99445707776,0.0,281500.99445707776,3,0
2025-07-23,283959.7636296469,0.0,283959.7636296469,3,0
2025-07-24,272371.62701891223,0.0,272371.62701891223,3,0
2025-07-25,275323.7402139341,0.0,275323.7402139341,3,0
2025-07-28,269823.8808814083,0.0,269823.8808814083,3,0
2025-07-29,266870.4206839015,0.0,266870.4206839015,3,0
2025-07-30,264735.2226096035,0.0,264735.2226096035,3,0
2025-07-31,263615.1372736147,0.0,263615.1372736147,3,0
2025-08-01,261462.32148388636,0.0,261462.32148388636,3,0
2025-08-04,263119.2778436722,0.0,263119.2778436722,3,0
2025-08-05,262474.31079757964,0.0,262474.31079757964,3,0
2025-08-06,263748.5966578544,0.0,263748.5966578544,3,0
2025-08-07,265374.5508633993,0.0,265374.5508633993,3,0
2025-08-08,265870.0494227699,0.0,265870.0494227699,3,0
2025-08-11,262392.00061258435,74671.48172365552,187720.5188889288,2,1
2025-08-12,264632.4786635845,74671.48172365552,189960.99693992897,2,1
2025-08-13,262555.1808734394,74671.48172365552,187883.69914978388,2,1
2025-08-14,261039.6941594595,176221.95810592105,84817.73605353845,1,2
2025-08-15,261781.12132304246,176221.95810592105,85559.16321712142,1,2
2025-08-18,262345.0651310164,176221.95810592105,86123.10702509536,1,2
2025-08-19,261435.115576081,176221.95810592105,85213.15747015996,1,2
2025-08-20,260671.2173880414,176221.95810592105,84449.25928212036,1,2
2025-08-21,261196.9570237483,176221.95810592105,84974.99891782727,1,2
2025-08-22,261563.18326203,176221.95810592105,85341.22515610895,1,2
2025-08-25,261219.42118682343,176221.95810592105,84997.46308090238,1,2
2025-08-26,262479.8706936116,176221.95810592105,86257.91258769059,1,2
2025-08-27,261949.6299916319,176221.95810592105,85727.67188571084,1,2
2025-08-28,262938.2041173302,176221.95810592105,86716.24601140914,1,2
2025-08-29,261140.78975467902,176221.95810592105,84918.83164875797,1,2
2025-09-02,260403.84993460585,176221.95810592105,84181.8918286848,1,2
2025-09-03,260343.18846064524,176221.95810592105,84121.23035472419,1,2
2025-09-04,260720.64678046445,176221.95810592105,84498.68867454342,1,2
2025-09-05,259914.05707664802,176221.95810592105,83692.09897072698,1,2
2025-09-08,260594.82276627037,176221.95810592105,84372.86466034933,1,2
2025-09-09,260132.001999042,176221.95810592105,83910.04389312096,1,2
2025-09-10,263884.1004500147,176221.95810592105,87662.14234409363,1,2
2025-09-11,263765.02117384836,176221.95810592105,87543.0630679273,1,2
2025-09-12,262167.56119126285,176221.95810592105,85945.60308534179,1,2
2025-09-15,262875.2989716147,176221.95810592105,86653.34086569361,1,2
2025-09-16,261203.70176177606,176221.95810592105,84981.74365585501,1,2
2025-09-17,260702.6768222807,176221.95810592105,84480.71871635962,1,2
2025-09-18,263991.94078326196,176221.95810592105,87769.9826773409,1,2
2025-09-19,263526.8557601342,176221.95810592105,87304.8976542131,1,2
2025-09-22,265198.4461085912,265198.4461085912,0.0,0,3
2025-09-23,265198.4461085912,265198.4461085912,0.0,0,3
2025-09-24,265198.4461085912,265198.4461085912,0.0,0,3
2025-09-25,265198.4461085912,265198.4461085912,0.0,0,3
2025-09-26,265198.4461085912,265198.4461085912,0.0,0,3
2025-09-29,265198.4461085912,265198.4461085912,0.0,0,3
2025-09-30,265198.4461085912,265198.4461085912,0.0,0,3
2025-10-01,276251.77939674485,176798.96407239413,99452.81532435071,1,2
2025-10-02,269263.5597510678,176798.96407239413,92464.59567867368,1,2
2025-10-03,271140.0253076168,176798.96407239413,94341.06123522266,1,2
2025-10-06,269134.1523065575,176798.96407239413,92335.18823416338,1,2
2025-10-07,269975.319899591,176798.96407239413,93176.35582719686,1,2
2025-10-08,272110.6067463994,176798.96407239413,95311.6426740053,1,2
2025-10-09,271075.3215853616,176798.96407239413,94276.3575129675,1,2
2025-10-10,267840.02665154374,176798.96407239413,91041.0625791496,1,2
2025-10-13,270234.14118985046,176798.96407239413,93435.17711745632,1,2
2025-10-14,269910.6225785747,176798.96407239413,93111.65850618057,1,2
2025-10-15,272240.0205921486,176798.96407239413,95441.05651975445,1,2
2025-10-16,272692.9594504123,176798.96407239413,95893.9953780182,1,2
2025-10-17,271140.0253076168,176798.96407239413,94341.06123522266,1,2
2025-10-20,271206.52254092606,86807.19077253046,184399.33176839558,2,1
2025-10-21,277175.3270939819,0.0,277175.3270939819,3,0
2025-10-22,276582.09030022845,0.0,276582.09030022845,3,0
2025-10-23,276798.4672686527,0.0,276798.4672686527,3,0
2025-10-24,279442.8805791878,0.0,279442.8805791878,3,0
2025-10-27,277723.3982667644,0.0,277723.3982667644,3,0
2025-10-28,277895.51817478356,0.0,277895.51817478356,3,0
2025-10-29,277150.7693233192,0.0,277150.7693233192,3,0
2025-10-30,274259.0252080919,0.0,274259.0252080919,3,0
2025-10-31,274399.8712306712,0.0,274399.8712306712,3,0
2025-11-03,271882.913573825,0.0,271882.913573825,3,0
2025-11-04,269556.84102358803,0.0,269556.84102358803,3,0
2025-11-05,274472.2850860501,0.0,274472.2850860501,3,0
2025-11-06,274480.79932515364,0.0,274480.79932515364,3,0
2025-11-07,273858.4125398581,0.0,273858.4125398581,3,0
2025-11-10,275709.7750469673,0.0,275709.7750469673,3,0
2025-11-11,278754.6050391262,0.0,278754.6050391262,3,0
2025-11-12,278367.0836464302,0.0,278367.0836464302,3,0
2025-11-13,276471.6021399375,0.0,276471.6021399375,3,0
2025-11-14,276096.58540115703,0.0,276096.58540115703,3,0
2025-11-17,274878.5483772092,0.0,274878.5483772092,3,0
2025-11-18,274010.6057670931,0.0,274010.6057670931,3,0
2025-11-19,274497.27780007187,0.0,274497.27780007187,3,0
2025-11-20,272576.75516468,0.0,272576.75516468,3,0
2025-11-21,277682.1850978432,0.0,277682.1850978432,3,0
2025-11-24,280400.9792974168,0.0,280400.9792974168,3,0
2025-11-25,281644.4275128222,0.0,281644.4275128222,3,0
2025-11-26,282148.43667013606,0.0,282148.43667013606,3,0
2025-11-28,282605.3790961833,0.0,282605.3790961833,3,0
2025-12-01,281343.5033482101,0.0,281343.5033482101,3,0
2025-12-02,279944.65704323875,0.0,279944.65704323875,3,0
2025-12-03,279214.7919160824,0.0,279214.7919160824,3,0
2025-12-04,279504.6249554304,0.0,279504.6249554304,3,0
2025-12-05,279964.1061931809,0.0,279964.1061931809,3,0
2025-12-08,278473.8018045173,0.0,278473.8018045173,3,0
2025-12-09,276896.5427896752,0.0,276896.5427896752,3,0
2025-12-10,277785.8903304253,0.0,277785.8903304253,3,0
2025-12-11,280364.4980551301,0.0,280364.4980551301,3,0
2025-12-12,277924.74586797366,0.0,277924.74586797366,3,0
2025-12-15,278930.2237930149,0.0,278930.2237930149,3,0
2025-12-16,276333.6845376331,0.0,276333.6845376331,3,0
2025-12-17,275198.45584305085,0.0,275198.45584305085,3,0
2025-12-18,276973.42209893133,0.0,276973.42209893133,3,0
2025-12-19,275244.83085497865,0.0,275244.83085497865,3,0
2025-12-22,278881.4749340283,0.0,278881.4749340283,3,0
2025-12-23,279416.0407743646,0.0,279416.0407743646,3,0
2025-12-24,279700.1019244116,91477.6654758784,188222.4364485332,2,1
2025-12-26,280073.0537186938,91477.6654758784,188595.3882428154,2,1
2025-12-29,280164.48501829815,91477.6654758784,188686.81954241975,2,1
2025-12-30,280442.91089388833,91477.6654758784,188965.24541800993,2,1
2025-12-31,279434.62603259913,91477.6654758784,187956.96055672073,2,1
2026-01-02,279506.89578014,91477.6654758784,188029.2303042616,2,1
2026-01-05,283568.7719537542,91477.6654758784,192091.1064778758,2,1
2026-01-06,286233.3605457857,91477.6654758784,194755.6950699073,2,1
2026-01-07,287854.93661815324,91477.6654758784,196377.2711422748,2,1
2026-01-08,287297.56282745546,91477.6654758784,195819.89735157703,2,1
2026-01-09,286961.6504504592,91477.6654758784,195483.98497458085,2,1
2026-01-12,286306.6434756899,91477.6654758784,194828.97799981156,2,1
2026-01-13,286613.5612660431,91477.6654758784,195135.89579016468,2,1
2026-01-14,286890.4857788972,186876.5654868441,100013.92029205305,1,2
2026-01-15,286861.4751852895,286861.4751852895,0.0,0,3
2026-01-16,286861.4751852895,286861.4751852895,0.0,0,3
2026-01-20,286861.4751852895,286861.4751852895,0.0,0,3
2026-01-21,286861.4751852895,286861.4751852895,0.0,0,3
2026-01-22,286861.4751852895,286861.4751852895,0.0,0,3
2026-01-23,286861.4751852895,286861.4751852895,0.0,0,3
2026-01-26,286861.4751852895,286861.4751852895,0.0,0,3
2026-01-27,286861.4751852895,286861.4751852895,0.0,0,3
2026-01-28,286861.4751852895,286861.4751852895,0.0,0,3
2026-01-29,286861.4751852895,286861.4751852895,0.0,0,3
2026-01-30,286861.4751852895,286861.4751852895,0.0,0,3
2026-02-02,286861.4751852895,286861.4751852895,0.0,0,3
2026-02-03,291463.6536180853,191240.98345685966,100222.67016122569,1,2
2026-02-04,297741.95804783894,191240.98345685966,106500.97459097928,1,2
2026-02-05,291825.23189693806,191240.98345685966,100584.24844007843,1,2
2026-02-06,295703.96847232844,191240.98345685966,104462.98501546877,1,2
2026-02-09,296690.098041944,191240.98345685966,105449.11458508433,1,2
2026-02-10,302468.5439205288,90678.83963424042,211789.70428628835,2,1
2026-02-11,309498.842462639,90678.83963424042,218820.00282839854,2,1
2026-02-12,304234.0673817799,90678.83963424042,213555.22774753947,2,1
2026-02-13,306084.56808693014,90678.83963424042,215405.72845268974,2,1
2026-02-17,302191.38579371484,90678.83963424042,211512.5461594744,2,1
2026-02-18,300762.03442661546,90678.83963424042,210083.19479237503,2,1
2026-02-19,296272.01772004267,90678.83963424042,205593.17808580227,2,1
2026-02-20,294946.4245063468,90678.83963424042,204267.58487210638,2,1
2026-02-23,294764.7341938463,90678.83963424042,204085.89455960586,2,1
2026-02-24,298072.3082102984,90678.83963424042,207393.468576058,2,1
2026-02-25,294160.21409108496,90678.83963424042,203481.37445684453,2,1
2026-02-26,291479.57909359486,90678.83963424042,200800.73945935446,2,1
2026-02-27,292877.42487915064,90678.83963424042,202198.5852449102,2,1
2026-03-02,292445.0471599143,90678.83963424042,201766.20752567385,2,1
2026-03-03,288308.22112651507,90678.83963424042,197629.38149227464,2,1
2026-03-04,292291.2014290853,90678.83963424042,201612.36179484485,2,1
2026-03-05,294354.2402551244,90678.83963424042,203675.40062088397,2,1
2026-03-06,286904.5918966509,90678.83963424042,196225.75226241047,2,1
2026-03-09,289634.752807242,175519.69187563623,114115.06093160577,1,2
2026-03-10,288237.83524636365,175519.69187563623,112718.14337072746,1,2
2026-03-11,289834.3087968823,175519.69187563623,114314.61692124607,1,2
2026-03-12,300510.78494320426,175519.69187563623,124991.09306756803,1,2
2026-03-13,297317.8122087708,175519.69187563623,121798.12033313458,1,2
2026-03-16,295255.6951990601,175519.69187563623,119736.00332342384,1,2
2026-03-17,298282.3584587618,175519.69187563623,122762.66658312558,1,2
2026-03-18,300876.62477418,175519.69187563623,125356.93289854379,1,2
2026-03-19,300211.4381420457,175519.69187563623,124691.74626640946,1,2
2026-03-20,297417.6030202891,175519.69187563623,121897.91114465284,1,2
2026-03-23,295388.7325254869,175519.69187563623,119869.04064985069,1,2
2026-03-24,302938.7546005889,175519.69187563623,127419.06272495264,1,2
2026-03-25,307295.8039412574,175519.69187563623,131776.11206562116,1,2
2026-03-26,306796.91396715667,175519.69187563623,131277.2220915204,1,2
2026-03-27,311287.01345095015,175519.69187563623,135767.3215753139,1,2
2026-03-30,314779.3073531459,175519.69187563623,139259.61547750968,1,2
2026-03-31,314047.6020577982,175519.69187563623,138527.91018216193,1,2
2026-04-01,310854.6293233647,175519.69187563623,135334.93744772847,1,2
2026-04-02,313216.093134234,175519.69187563623,137696.4012585978,1,2
2026-04-06,310422.2580124774,175519.69187563623,134902.56613684117,1,2
2026-04-07,313249.35246584076,175519.69187563623,137729.6605902045,1,2
2026-04-08,306164.9738499309,175519.69187563623,130645.28197429469,1,2
2026-04-09,302040.7398305094,175519.69187563623,126521.0479548732,1,2
2026-04-10,305266.94626315334,175519.69187563623,129747.25438751712,1,2
2026-04-13,308925.54964008083,175519.69187563623,133405.8577644446,1,2
2026-04-14,305765.8490539522,175519.69187563623,130246.15717831599,1,2
2026-04-15,304701.5376258392,175519.69187563623,129181.84575020295,1,2
2026-04-16,308293.60952285514,175519.69187563623,132773.91764721888,1,2
2026-04-17,293925.28348469705,175519.69187563623,118405.59160906084,1,2
2026-04-20,297816.7149995697,175519.69187563623,122297.02312393344,1,2
2026-04-21,302938.7546005889,175519.69187563623,127419.06272495264,1,2
2026-04-22,304601.759631019,175519.69187563623,129082.0677553828,1,2
2026-04-23,303670.4727126347,175519.69187563623,128150.78083699851,1,2
2026-04-24,304102.85684022016,175519.69187563623,128583.16496458395,1,2
2026-04-27,302240.2830034516,175519.69187563623,126720.59112781538,1,2
2026-04-28,301940.94901899114,175519.69187563623,126421.25714335493,1,2
2026-04-29,309774.88972887734,204708.65908000694,105066.23064887038,1,2
2026-04-30,308414.13553548075,204708.65908000694,103705.47645547382,1,2
2026-05-01,308190.01717801625,204708.65908000694,103481.35809800931,1,2
2026-05-04,310344.80521197594,204708.65908000694,105636.14613196897,1,2
2026-05-05,313536.9748517972,204708.65908000694,108828.31577179031,1,2
2026-05-06,313895.5720405729,204708.65908000694,109186.91296056597,1,2
2026-05-07,315176.28186965204,204708.65908000694,110467.62278964509,1,2
2026-05-08,318061.0838863857,204708.65908000694,113352.4248063788,1,2
2026-05-11,319428.2381113531,204708.65908000694,114719.57903134615,1,2
2026-05-12,318365.25637920824,204708.65908000694,113656.59729920131,1,2
2026-05-13,325914.5287441333,98328.63229533414,227585.89644879915,2,1
2026-05-14,335485.0300295617,98328.63229533414,237156.3977342276,2,1
2026-05-15,331207.25119091786,98328.63229533414,232878.61889558373,2,1
2026-05-18,336348.6670043073,98328.63229533414,238020.03470897317,2,1
2026-05-19,336211.757144693,98328.63229533414,237883.12484935884,2,1
2026-05-20,340029.43460172537,98328.63229533414,241700.80230639124,2,1
2026-05-21,341039.0894017395,98328.63229533414,242710.45710640535,2,1
2026-05-22,356955.8277023002,98328.63229533414,258627.1954069661,2,1
2026-05-26,359728.4349214994,98328.63229533414,261399.80262616527,2,1
2026-05-27,353860.4714932055,98328.63229533414,255531.8391978714,2,1
2026-05-28,355912.87027012603,98328.63229533414,257584.2379747919,2,1
2026-05-29,372961.2609734875,98328.63229533414,274632.6286781534,2,0
