Date,Equity,Cash,PositionValue,OpenPositions,OpenWatches
2020-01-02,100000.0,100000.0,0.0,0,3
2020-01-03,100000.0,100000.0,0.0,0,0
2020-01-06,100204.1253000648,66666.66666666666,33537.45863339815,1,2
2020-01-07,99978.0533710183,33375.566130992,66602.4872400263,2,1
2020-01-08,100881.88499981316,33375.566130992,67506.31886882115,2,1
2020-01-09,102028.41610386077,33375.566130992,68652.84997286876,2,0
2020-01-10,101560.29678796793,33375.566130992,68184.73065697594,2,0
2020-01-13,101029.02327148369,33375.566130992,67653.45714049168,2,1
2020-01-14,100071.76399658003,33375.566130992,66696.19786558802,2,1
2020-01-15,98975.11151013547,33375.566130992,65599.54537914347,2,1
2020-01-16,100694.20683202331,33375.566130992,67318.64070103131,2,0
2020-01-17,100438.40176912004,33375.566130992,67062.83563812805,2,0
2020-01-21,99632.13572745703,33375.566130992,66256.56959646502,2,1
2020-01-22,100072.97194073338,33375.566130992,66697.40580974138,2,1
2020-01-23,99303.56823444701,33375.566130992,65928.00210345502,2,1
2020-01-24,98135.23044699227,33375.566130992,64759.66431600026,2,0
2020-01-27,96601.46051224659,64487.2824645606,32114.17804768599,1,2
2020-01-28,97465.55237448687,64487.2824645606,32978.26990992626,1,2
2020-01-29,97017.44527135938,64487.2824645606,32530.162806798777,1,2
2020-01-30,96126.05089848881,64487.2824645606,31638.768433928213,1,0
2020-01-31,95717.74134825403,95717.74134825403,0.0,0,0
2020-02-03,95717.74134825403,95717.74134825403,0.0,0,3
2020-02-04,95717.74134825403,95717.74134825403,0.0,0,3
2020-02-05,95717.74134825403,95717.74134825403,0.0,0,3
2020-02-06,95717.74134825403,95717.74134825403,0.0,0,0
2020-02-07,95717.74134825403,95717.74134825403,0.0,0,0
2020-02-10,95717.74134825403,95717.74134825403,0.0,0,3
2020-02-11,95717.74134825403,95717.74134825403,0.0,0,3
2020-02-12,95717.74134825403,95717.74134825403,0.0,0,3
2020-02-13,95717.74134825403,95717.74134825403,0.0,0,0
2020-02-14,95717.74134825403,95717.74134825403,0.0,0,0
2020-02-18,96440.32305193516,63811.82756550268,32628.495486432483,1,2
2020-02-19,96253.62158706717,63811.82756550268,32441.794021564492,1,2
2020-02-20,96517.1901389835,63811.82756550268,32705.362573480812,1,2
2020-02-21,97099.2575832527,63811.82756550268,33287.430017750026,1,0
2020-02-24,97055.33148392223,63811.82756550268,33243.50391841954,1,2
2020-02-25,96396.38977904464,63811.82756550268,32584.562213541954,1,2
2020-02-26,95386.01775884304,63811.82756550268,31574.190193340357,1,2
2020-02-27,94957.70840053729,63811.82756550268,31145.880835034608,1,0
2020-02-28,94705.10822192684,63811.82756550268,30893.280656424165,1,0
2020-03-02,96407.37010828391,63811.82756550268,32595.542542781237,1,2
2020-03-03,96033.9719609213,63811.82756550268,32222.144395418618,1,2
2020-03-04,97813.10810788674,63811.82756550268,34001.28054238406,1,2
2020-03-05,100569.68724326935,63811.82756550268,36757.85967776666,1,0
2020-03-06,98999.20365490373,63811.82756550268,35187.37608940105,1,0
2020-03-09,98131.5974354929,63811.82756550268,34319.76986999023,1,2
2020-03-10,99614.21686926414,63811.82756550268,35802.38930376147,1,2
2020-03-11,97406.76897280628,63811.82756550268,33594.941407303595,1,2
2020-03-12,95792.3688498569,63811.82756550268,31980.54128435422,1,0
2020-03-13,97538.55444435778,63811.82756550268,33726.7268788551,1,0
2020-03-16,97966.86380266352,63811.82756550268,34155.03623716084,1,0
2020-03-17,100053.51373036922,63811.82756550268,36241.686164866536,1,0
2020-03-18,101052.90063895818,63811.82756550268,37241.073073455496,1,0
2020-03-19,101349.41735215238,63811.82756550268,37537.589786649696,1,0
2020-03-20,98702.68215933617,63811.82756550268,34890.85459383348,1,0
2020-03-23,97944.90075299828,63811.82756550268,34133.0731874956,1,0
2020-03-24,96923.54122999735,63811.82756550268,33111.71366449468,1,0
2020-03-25,94496.45088095366,63811.82756550268,30684.623315450975,1,0
2020-03-26,95660.57381355867,63811.82756550268,31848.746248056,1,0
2020-03-27,95803.34439672282,63811.82756550268,31991.516831220142,1,0
2020-03-30,96374.4267293794,63811.82756550268,32562.599163876712,1,0
2020-03-31,96890.60263346619,63811.82756550268,33078.775067963514,1,0
2020-04-01,97307.92209778594,63811.82756550268,33496.094532283256,1,0
2020-04-02,98515.98069446816,63811.82756550268,34704.15312896549,1,0
2020-04-03,99273.76210080605,63811.82756550268,35461.93453530337,1,0
2020-04-06,99647.16024816867,63811.82756550268,35835.33268266599,1,0
2020-04-07,98801.52186079646,63811.82756550268,34989.694295293775,1,0
2020-04-08,97879.00443044251,63811.82756550268,34067.17686493983,1,0
2020-04-09,97922.93292095968,63811.82756550268,34111.105355456995,1,0
2020-04-13,98219.45680771393,63811.82756550268,34407.629242211246,1,0
2020-04-14,99054.11725703353,63811.82756550268,35242.28969153086,1,0
2020-04-15,98988.22571685113,63811.82756550268,35176.39815134845,1,0
2020-04-16,98900.35917107007,63811.82756550268,35088.53160556739,1,0
2020-04-17,98878.39612140483,63811.82756550268,35066.56855590215,1,0
2020-04-20,98878.39612140483,63811.82756550268,35066.56855590215,1,0
2020-04-21,99141.96706450783,63811.82756550268,35330.13949900515,1,0
2020-04-22,99295.72993284467,63811.82756550268,35483.90236734198,1,0
2020-04-23,99921.72108525768,63811.82756550268,36109.893519754994,1,0
2020-04-24,100009.56850154529,63811.82756550268,36197.7409360426,1,0
2020-04-27,100361.00120805598,63811.82756550268,36549.1736425533,1,0
2020-04-28,99350.63397022773,63811.82756550268,35538.80640472506,1,0
2020-04-29,98428.12132224716,63811.82756550268,34616.293756744475,1,0
2020-04-30,98526.96102370745,63811.82756550268,34715.13345820477,1,0
2020-05-01,98911.34428268272,63811.82756550268,35099.516717180035,1,0
2020-05-04,99537.33304390905,63811.82756550268,35725.50547840637,1,2
2020-05-05,99844.84443346263,63811.82756550268,36033.016867959945,1,2
2020-05-06,99811.89388099805,63811.82756550268,36000.06631549537,1,2
2020-05-07,99702.06906792513,63811.82756550268,35890.24150242244,1,0
2020-05-08,100426.90231298511,63811.82756550268,36615.07474748243,1,0
2020-05-11,100855.21645366422,63811.82756550268,37043.38888816154,1,2
2020-05-12,100657.53465955696,100657.53465955696,0.0,0,2
2020-05-13,100657.53465955696,100657.53465955696,0.0,0,2
2020-05-14,100657.53465955696,100657.53465955696,0.0,0,0
2020-05-15,100657.53465955696,100657.53465955696,0.0,0,0
2020-05-18,100657.53465955696,100657.53465955696,0.0,0,3
2020-05-19,100657.53465955696,100657.53465955696,0.0,0,3
2020-05-20,100657.53465955696,100657.53465955696,0.0,0,3
2020-05-21,100657.53465955696,100657.53465955696,0.0,0,0
2020-05-22,100657.53465955696,100657.53465955696,0.0,0,0
2020-05-26,100647.44802369922,67105.02310637131,33542.42491732791,1,2
2020-05-27,100694.51782818459,67105.02310637131,33589.49472181328,1,2
2020-05-28,101168.58129993128,67105.02310637131,34063.558193559955,1,2
2020-05-29,102471.41192539941,67105.02310637131,35366.38881902811,1,0
2020-06-01,103969.24492725902,67105.02310637131,36864.221820887695,1,2
2020-06-02,103935.62400478544,67105.02310637131,36830.60089841413,1,2
2020-06-03,105162.80691341011,67105.02310637131,38057.78380703879,1,2
2020-06-04,104962.75896179126,67105.02310637131,37857.73585541995,1,0
2020-06-05,106393.3526838157,67105.02310637131,39288.32957744438,1,0
2020-06-08,106359.72919623018,67105.02310637131,39254.70608985886,1,2
2020-06-09,106467.31768721275,67105.02310637131,39362.29458084143,1,2
2020-06-10,106877.49961068128,67105.02310637131,39772.47650430996,1,2
2020-06-11,103937.3067182319,67105.02310637131,36832.283611860585,1,0
2020-06-12,104586.20052590827,67105.02310637131,37481.17741953694,1,0
2020-06-15,105601.56674923675,67105.02310637131,38496.54364286544,1,2
2020-06-16,107607.08414531656,67105.02310637131,40502.061038945256,1,2
2020-06-17,106953.14732752478,67105.02310637131,39848.12422115346,1,2
2020-06-18,107126.30008023194,67105.02310637131,40021.27697386062,1,0
2020-06-19,107084.273285862,67105.02310637131,39979.250179490686,1,0
2020-06-22,107598.68083853216,67105.02310637131,40493.65773216084,1,2
2020-06-23,107723.07850819553,67105.02310637131,40618.05540182421,1,2
2020-06-24,106347.96302766481,67105.02310637131,39242.9399212935,1,2
2020-06-25,106521.11321526,67105.02310637131,39416.0901088887,1,0
2020-06-26,106230.28851645137,67105.02310637131,39125.26541008006,1,0
2020-06-29,106134.46619403418,67105.02310637131,39029.443087662854,1,2
2020-06-30,107311.08032076983,31333.496673646834,75977.583647123,2,1
2020-07-01,108160.84286181623,31333.496673646834,76827.3461881694,2,1
2020-07-02,107716.53797695764,31333.496673646834,76383.0413033108,2,0
2020-07-06,108699.98603467116,0.0,108699.98603467116,3,0
2020-07-07,107870.3993137011,0.0,107870.3993137011,3,0
2020-07-08,108992.02355031366,0.0,108992.02355031366,3,0
2020-07-09,109518.31700487951,0.0,109518.31700487951,3,0
2020-07-10,109324.01171679539,0.0,109324.01171679539,3,0
2020-07-13,106161.72044025845,0.0,106161.72044025845,3,0
2020-07-14,108127.23436363824,0.0,108127.23436363824,3,0
2020-07-15,108176.6856531435,0.0,108176.6856531435,3,0
2020-07-16,107458.80121994004,0.0,107458.80121994004,3,0
2020-07-17,108404.34370370903,0.0,108404.34370370903,3,0
2020-07-20,109738.31767747478,0.0,109738.31767747478,3,0
2020-07-21,108521.87708400752,0.0,108521.87708400752,3,0
2020-07-22,108969.52448382665,0.0,108969.52448382665,3,0
2020-07-23,107720.67673426625,0.0,107720.67673426625,3,0
2020-07-24,106493.12905956863,0.0,106493.12905956863,3,0
2020-07-27,109294.71128207055,0.0,109294.71128207055,3,0
2020-07-28,108337.69141786973,0.0,108337.69141786973,3,0
2020-07-29,109896.16868808487,0.0,109896.16868808487,3,0
2020-07-30,114006.54790580142,0.0,114006.54790580142,3,0
2020-07-31,113608.14045318333,0.0,113608.14045318333,3,0
2020-08-03,115799.48754016132,0.0,115799.48754016132,3,0
2020-08-04,116842.20688093765,0.0,116842.20688093765,3,0
2020-08-05,117055.06733825337,0.0,117055.06733825337,3,0
2020-08-06,116892.96172712909,0.0,116892.96172712909,3,0
2020-08-07,115087.29312945539,0.0,115087.29312945539,3,0
2020-08-10,113611.80892416401,0.0,113611.80892416401,3,0
2020-08-11,113427.89498749378,0.0,113427.89498749378,3,0
2020-08-12,116856.43372255549,0.0,116856.43372255549,3,0
2020-08-13,117019.86976450573,0.0,117019.86976450573,3,0
2020-08-14,116567.95388149016,0.0,116567.95388149016,3,0
2020-08-17,117097.34699080916,0.0,117097.34699080916,3,0
2020-08-18,117799.82151224004,40797.931312981294,77001.89019925875,2,1
2020-08-19,117006.03049849175,1724.9365546071858,115281.09394388457,3,0
2020-08-20,116769.79241802476,1724.9365546071858,115044.85586341757,3,0
2020-08-21,117154.93221918325,1724.9365546071858,115429.99566457605,3,0
2020-08-24,118969.69215406617,1724.9365546071858,117244.75559945898,3,0
2020-08-25,119607.92277827862,1724.9365546071858,117882.98622367144,3,0
2020-08-26,119677.22764824211,1724.9365546071858,117952.29109363494,3,0
2020-08-27,119689.07085275292,1724.9365546071858,117964.13429814573,3,0
2020-08-28,120418.84627079088,1724.9365546071858,118693.9097161837,3,0
2020-08-31,120709.82837324799,1724.9365546071858,118984.8918186408,3,0
2020-09-01,121728.59661236312,1724.9365546071858,120003.66005775594,3,0
2020-09-02,123263.9269747737,1724.9365546071858,121538.9904201665,3,0
2020-09-03,119116.25248770611,1724.9365546071858,117391.31593309891,3,0
2020-09-04,118338.8594152657,1724.9365546071858,116613.92286065852,3,0
2020-09-08,113604.77686758037,1724.9365546071858,111879.84031297319,3,0
2020-09-09,117104.76660975444,1724.9365546071858,115379.83005514726,3,0
2020-09-10,115012.2985396178,1724.9365546071858,113287.36198501062,3,0
2020-09-11,115890.94499536013,1724.9365546071858,114166.00844075294,3,0
2020-09-14,116406.22180415798,1724.9365546071858,114681.2852495508,3,0
2020-09-15,118380.05759898864,1724.9365546071858,116655.12104438145,3,0
2020-09-16,117123.60786680039,1724.9365546071858,115398.6713121932,3,0
2020-09-17,117626.20390185842,1724.9365546071858,115901.26734725123,3,0
2020-09-18,115470.97444518813,1724.9365546071858,113746.03789058095,3,0
2020-09-21,115058.12733524686,1724.9365546071858,113333.19078063968,3,0
2020-09-22,116187.72886574635,1724.9365546071858,114462.79231113916,3,0
2020-09-23,113574.20585616988,36357.662989970864,77216.54286619902,2,1
2020-09-24,114402.31857989328,36357.662989970864,78044.65558992242,2,0
2020-09-25,115616.9949103409,36357.662989970864,79259.33192037004,2,0
2020-09-28,117437.14497099882,76704.76245508395,40732.38251591487,1,2
2020-09-29,117553.05350116969,76704.76245508395,40848.291046085746,1,2
2020-09-30,117058.2179749867,76704.76245508395,40353.45551990276,1,2
2020-10-01,116509.88759741501,76704.76245508395,39805.12514233107,1,0
2020-10-02,116670.37939676995,76704.76245508395,39965.61694168599,1,0
2020-10-05,117851.32045455929,37600.65658393912,80250.66387062016,2,1
2020-10-06,115421.80333480019,0.0,115421.80333480019,3,0
2020-10-07,117124.57247005626,0.0,117124.57247005626,3,0
2020-10-08,120151.20992552303,0.0,120151.20992552303,3,0
2020-10-09,121149.85129432876,0.0,121149.85129432876,3,0
2020-10-12,121553.03125305043,0.0,121553.03125305043,3,0
2020-10-13,119603.4098068655,0.0,119603.4098068655,3,0
2020-10-14,120660.3831914799,0.0,120660.3831914799,3,0
2020-10-15,120960.45704063567,0.0,120960.45704063567,3,0
2020-10-16,120612.03654430881,0.0,120612.03654430881,3,0
2020-10-19,119520.26814363568,0.0,119520.26814363568,3,0
2020-10-20,120618.69279549754,0.0,120618.69279549754,3,0
2020-10-21,120106.59881083395,0.0,120106.59881083395,3,0
2020-10-22,120435.44543186536,0.0,120435.44543186536,3,0
2020-10-23,121177.6057157573,0.0,121177.6057157573,3,0
2020-10-26,119392.8217875543,0.0,119392.8217875543,3,0
2020-10-27,118317.70642416485,0.0,118317.70642416485,3,0
2020-10-28,114187.62741816166,0.0,114187.62741816166,3,0
2020-10-29,115648.76148015964,0.0,115648.76148015964,3,0
2020-10-30,114085.61781036973,0.0,114085.61781036973,3,0
2020-11-02,115656.32322071082,0.0,115656.32322071082,3,0
2020-11-03,116505.54226505966,0.0,116505.54226505966,3,0
2020-11-04,113921.99401946842,0.0,113921.99401946842,3,0
2020-11-05,116884.60463668851,0.0,116884.60463668851,3,0
2020-11-06,117936.19507119659,0.0,117936.19507119659,3,0
2020-11-09,117508.06705642832,0.0,117508.06705642832,3,0
2020-11-10,119789.44192449456,0.0,119789.44192449456,3,0
2020-11-11,119423.43574173862,39501.99006619129,79921.44567554732,2,1
2020-11-12,118277.03162605554,39501.99006619129,78775.04155986424,2,0
2020-11-13,120115.86945874876,39501.99006619129,80613.87939255746,2,0
2020-11-16,122108.34886475405,39501.99006619129,82606.35879856275,2,1
2020-11-17,121474.3414590533,39501.99006619129,81972.35139286201,2,1
2020-11-18,121136.35866342735,39501.99006619129,81634.36859723605,2,1
2020-11-19,120953.28608482951,39501.99006619129,81451.29601863821,2,0
2020-11-20,120567.8810955371,39501.99006619129,81065.8910293458,2,0
2020-11-23,121737.57787821628,39501.99006619129,82235.58781202498,2,1
2020-11-24,123290.11143227102,39501.99006619129,83788.12136607974,2,1
2020-11-25,121785.50596831818,39501.99006619129,82283.51590212689,2,1
2020-11-27,122491.52344486956,39501.99006619129,82989.53337867826,2,0
2020-11-30,121432.41851480037,39501.99006619129,81930.42844860908,2,1
2020-12-01,121003.59049819742,39501.99006619129,81501.60043200613,2,1
2020-12-02,120466.32959284468,39501.99006619129,80964.33952665338,2,1
2020-12-03,120793.73975911096,39501.99006619129,81291.74969291966,2,0
2020-12-04,121580.1418583839,39501.99006619129,82078.1517921926,2,0
2020-12-07,121670.21115051673,39501.99006619129,82168.22108432543,2,1
2020-12-08,122418.1428964948,39501.99006619129,82916.15283030352,2,1
2020-12-09,123515.38043173915,39501.99006619129,84013.39036554785,2,1
2020-12-10,122396.20790329605,39501.99006619129,82894.21783710475,2,0
2020-12-11,122548.45509968893,39501.99006619129,83046.46503349763,2,0
2020-12-14,121286.30089979264,39501.99006619129,81784.31083360134,2,1
2020-12-15,123146.79249407127,39501.99006619129,83644.80242787997,2,1
2020-12-16,121857.0334003265,39501.99006619129,82355.04333413522,2,1
2020-12-17,122301.03827581168,39501.99006619129,82799.04820962038,2,0
2020-12-18,122704.35030797764,39501.99006619129,83202.36024178634,2,0
2020-12-21,123122.53206420041,39501.99006619129,83620.54199800911,2,1
2020-12-22,122222.60236040317,39501.99006619129,82720.61229421187,2,1
2020-12-23,122184.1675870551,39501.99006619129,82682.1775208638,2,1
2020-12-24,122674.93256633377,39501.99006619129,83172.94250014247,2,0
2020-12-28,122827.60415927388,39501.99006619129,83325.61409308258,2,1
2020-12-29,121800.83094845136,78985.55747640855,42815.273472042805,1,2
2020-12-30,122347.26180925517,122347.26180925517,0.0,0,3
2020-12-31,122347.26180925517,122347.26180925517,0.0,0,0
2021-01-04,122347.26180925517,122347.26180925517,0.0,0,3
2021-01-05,122347.26180925517,122347.26180925517,0.0,0,3
2021-01-06,126963.52825449029,39753.33739376871,87210.19086072157,2,1
2021-01-07,130146.38105266308,39753.33739376871,90393.04365889437,2,0
2021-01-08,129224.80792486563,39753.33739376871,89471.47053109691,2,0
2021-01-11,130564.52800675476,39753.33739376871,90811.19061298604,2,1
2021-01-12,131585.50723264363,39753.33739376871,91832.16983887492,2,1
2021-01-13,129947.82033639547,39753.33739376871,90194.48294262675,2,1
2021-01-14,131134.76681598922,39753.33739376871,91381.4294222205,2,0
2021-01-15,129798.54968087692,39753.33739376871,90045.21228710822,2,0
2021-01-19,130646.03172301597,39753.33739376871,90892.69432924726,2,1
2021-01-20,129536.94420988916,0.0,129536.94420988916,3,0
2021-01-21,129361.0638468581,0.0,129361.0638468581,3,0
2021-01-22,128537.96578016687,0.0,128537.96578016687,3,0
2021-01-25,129308.9829828534,0.0,129308.9829828534,3,0
2021-01-26,129456.82365275835,0.0,129456.82365275835,3,0
2021-01-27,131384.77609566404,0.0,131384.77609566404,3,0
2021-01-28,129920.50312369777,0.0,129920.50312369777,3,0
2021-01-29,128867.61928514174,0.0,128867.61928514174,3,0
2021-02-01,129718.658856266,0.0,129718.658856266,3,0
2021-02-02,130155.93784662813,0.0,130155.93784662813,3,0
2021-02-03,131185.1843360786,0.0,131185.1843360786,3,0
2021-02-04,132734.3525338992,0.0,132734.3525338992,3,0
2021-02-05,133805.85798036784,0.0,133805.85798036784,3,0
2021-02-08,135842.81343718487,0.0,135842.81343718487,3,0
2021-02-09,136540.62392931318,0.0,136540.62392931318,3,0
2021-02-10,138760.43739378243,0.0,138760.43739378243,3,0
2021-02-11,137222.2994081684,0.0,137222.2994081684,3,0
2021-02-12,137431.89778386592,0.0,137431.89778386592,3,0
2021-02-16,140643.4080038045,0.0,140643.4080038045,3,0
2021-02-17,139944.0426848073,0.0,139944.0426848073,3,0
2021-02-18,138812.32629156936,0.0,138812.32629156936,3,0
2021-02-19,140339.95791460248,0.0,140339.95791460248,3,0
2021-02-22,142078.81235386425,0.0,142078.81235386425,3,0
2021-02-23,143495.9122187715,0.0,143495.9122187715,3,0
2021-02-24,149302.57486516953,0.0,149302.57486516953,3,0
2021-02-25,146566.85627304134,0.0,146566.85627304134,3,0
2021-02-26,143747.40033835784,0.0,143747.40033835784,3,0
2021-03-01,146568.14627792535,0.0,146568.14627792535,3,0
2021-03-02,146053.67672071216,0.0,146053.67672071216,3,0
2021-03-03,145445.604174311,0.0,145445.604174311,3,0
2021-03-04,144543.3726931318,0.0,144543.3726931318,3,0
2021-03-05,147123.16217586715,0.0,147123.16217586715,3,0
2021-03-08,149046.23566304098,0.0,149046.23566304098,3,0
2021-03-09,146699.21393576203,0.0,146699.21393576203,3,0
2021-03-10,148594.69675717916,0.0,148594.69675717916,3,0
2021-03-11,148552.80681997037,0.0,148552.80681997037,3,0
2021-03-12,150680.64177196167,0.0,150680.64177196167,3,0
2021-03-15,150120.81596204097,0.0,150120.81596204097,3,0
2021-03-16,147300.59419702674,0.0,147300.59419702674,3,0
2021-03-17,148515.3703777469,0.0,148515.3703777469,3,0
2021-03-18,148839.14498481527,0.0,148839.14498481527,3,0
2021-03-19,147506.8375688538,0.0,147506.8375688538,3,0
2021-03-22,147640.74103545118,0.0,147640.74103545118,3,0
2021-03-23,145634.49414553196,0.0,145634.49414553196,3,0
2021-03-24,146526.4521787068,0.0,146526.4521787068,3,0
2021-03-25,149736.34342328116,0.0,149736.34342328116,3,0
2021-03-26,152125.0875203432,0.0,152125.0875203432,3,0
2021-03-29,148913.4960355104,0.0,148913.4960355104,3,0
2021-03-30,151213.2362682328,0.0,151213.2362682328,3,0
2021-03-31,150373.70265159244,0.0,150373.70265159244,3,0
2021-04-01,152969.5445466428,103411.83670104796,49557.707845594836,1,0
2021-04-05,153508.85908518365,52306.84802172982,101202.01106345384,2,1
2021-04-06,152708.0840068782,52306.84802172982,100401.23598514838,2,1
2021-04-07,153303.58189299266,52306.84802172982,100996.73387126284,2,1
2021-04-08,153033.7989384223,52306.84802172982,100726.95091669245,2,0
2021-04-09,153566.6687513725,52306.84802172982,101259.82072964267,2,0
2021-04-12,153022.12345093148,52306.84802172982,100715.27542920166,2,1
2021-04-13,153369.24043925246,52306.84802172982,101062.39241752264,2,1
2021-04-14,153010.45805223397,52306.84802172982,100703.61003050415,2,1
2021-04-15,153442.88556804595,102993.88234063727,50449.003227408684,1,0
2021-04-16,153558.16888096713,102993.88234063727,50564.28654032985,1,0
2021-04-19,153306.15894240994,102993.88234063727,50312.27660177267,1,2
2021-04-20,153063.18498571284,52105.42021067828,100957.76477503455,2,1
2021-04-21,153759.79570667,52105.42021067828,101654.37549599173,2,1
2021-04-22,153553.57145778596,52105.42021067828,101448.15124710769,2,0
2021-04-23,154755.55224898347,52105.42021067828,102650.1320383052,2,0
2021-04-26,154565.1039013211,527.2483298066727,154037.85557151443,3,0
2021-04-27,154745.92301055667,527.2483298066727,154218.67468075,3,0
2021-04-28,154023.76894611627,527.2483298066727,153496.5206163096,3,0
2021-04-29,154424.11941849536,527.2483298066727,153896.8710886887,3,0
2021-04-30,154190.23240538285,527.2483298066727,153662.98407557618,3,0
2021-05-03,154316.76981889876,527.2483298066727,153789.5214890921,3,0
2021-05-04,152901.15014799158,527.2483298066727,152373.9018181849,3,0
2021-05-05,153256.5153116598,527.2483298066727,152729.26698185314,3,0
2021-05-06,155060.99523681586,527.2483298066727,154533.7469070092,3,0
2021-05-07,159231.96851387888,527.2483298066727,158704.7201840722,3,0
2021-05-10,161288.59420556005,527.2483298066727,160761.34587575338,3,0
2021-05-11,160628.1596648175,527.2483298066727,160100.91133501084,3,0
2021-05-12,157443.08461028282,527.2483298066727,156915.83628047616,3,0
2021-05-13,159207.1311584307,527.2483298066727,158679.88282862405,3,0
2021-05-14,161502.32303981355,527.2483298066727,160975.07471000688,3,0
2021-05-17,162489.52672616774,527.2483298066727,161962.27839636107,3,0
2021-05-18,162293.29006098345,527.2483298066727,161766.04173117678,3,0
2021-05-19,160467.01685759795,527.2483298066727,159939.76852779128,3,0
2021-05-20,162917.09410720336,527.2483298066727,162389.8457773967,3,0
2021-05-21,162634.87517958612,527.2483298066727,162107.62684977945,3,0
2021-05-24,163905.0565863197,527.2483298066727,163377.80825651303,3,0
2021-05-25,163365.56009859583,527.2483298066727,162838.31176878916,3,0
2021-05-26,162492.82536338514,527.2483298066727,161965.57703357848,3,0
2021-05-27,162196.4170956086,527.2483298066727,161669.16876580194,3,0
2021-05-28,163563.78029341533,527.2483298066727,163036.53196360866,3,0
2021-06-01,165201.52697094032,527.2483298066727,164674.27864113366,3,0
2021-06-02,167743.06090736124,527.2483298066727,167215.81257755458,3,0
2021-06-03,168288.0935171071,527.2483298066727,167760.84518730044,3,0
2021-06-04,167884.88853537722,527.2483298066727,167357.64020557055,3,0
2021-06-07,168196.00067950017,527.2483298066727,167668.7523496935,3,0
2021-06-08,169270.0833945857,527.2483298066727,168742.83506477904,3,0
2021-06-09,168663.77555194902,527.2483298066727,168136.52722214235,3,0
2021-06-10,170812.0784849556,527.2483298066727,170284.83015514893,3,0
2021-06-11,171184.16973296038,527.2483298066727,170656.9214031537,3,0
2021-06-14,170428.3615600309,527.2483298066727,169901.11323022423,3,0
2021-06-15,170138.2300234452,527.2483298066727,169610.98169363855,3,0
2021-06-16,168892.26114754792,527.2483298066727,168365.01281774126,3,0
2021-06-17,167477.83799310605,527.2483298066727,166950.58966329938,3,0
2021-06-18,163134.0531696931,527.2483298066727,162606.80483988643,3,0
2021-06-21,167448.29227576687,527.2483298066727,166921.0439459602,3,0
2021-06-22,167497.90152228513,527.2483298066727,166970.65319247846,3,0
2021-06-23,167227.04263463698,527.2483298066727,166699.7943048303,3,0
2021-06-24,167830.70137946476,527.2483298066727,167303.4530496581,3,0
2021-06-25,168465.0581366818,527.2483298066727,167937.80980687513,3,0
2021-06-28,167044.0540003868,58392.46402470865,108651.58997567813,2,1
2021-06-29,166423.07468392525,58392.46402470865,108030.6106592166,2,1
2021-06-30,167225.2234195388,58392.46402470865,108832.75939483014,2,1
2021-07-01,168529.2895556733,58392.46402470865,110136.82553096465,2,0
2021-07-02,169299.60278554523,58392.46402470865,110907.13876083656,2,0
2021-07-06,169414.79323596944,58392.46402470865,111022.3292112608,2,1
2021-07-07,169695.22702495346,58392.46402470865,111302.76300024483,2,1
2021-07-08,169603.7743165315,58392.46402470865,111211.31029182283,2,1
2021-07-09,172126.69191977283,58392.46402470865,113734.22789506416,2,0
2021-07-12,172344.76356857287,58392.46402470865,113952.29954386421,2,1
2021-07-13,170973.21605608804,58392.46402470865,112580.75203137938,2,1
2021-07-14,170762.78587730398,115395.92086821434,55366.86500908964,1,2
2021-07-15,170546.64254535508,115395.92086821434,55150.72167714075,1,0
2021-07-16,169867.27059535327,115395.92086821434,54471.34972713893,1,0
2021-07-19,168446.821372973,115395.92086821434,53050.900504758676,1,2
2021-07-20,170222.5235749854,112894.88592687863,57327.63764810677,1,2
2021-07-21,170413.0268653255,112894.88592687863,57518.14093844685,1,2
2021-07-22,170402.43846975052,112894.88592687863,57507.55254287188,1,0
2021-07-23,171026.831765306,112894.88592687863,58131.94583842738,1,0
2021-07-26,171174.9961116811,112894.88592687863,58280.11018480248,1,2
2021-07-27,171323.16533750115,112894.88592687863,58428.279410622534,1,2
2021-07-28,171185.58938670106,112894.88592687863,58290.70345982241,1,2
2021-07-29,171725.30967377155,112894.88592687863,58830.42374689291,1,0
2021-07-30,171090.337741531,112894.88592687863,58195.45181465237,1,0
2021-08-02,171090.337741531,112894.88592687863,58195.45181465237,1,2
2021-08-03,171238.5020879061,112894.88592687863,58343.616161027465,1,2
2021-08-04,170952.76179073087,112894.88592687863,58057.87586385225,1,2
2021-08-05,171386.6517959463,112894.88592687863,58491.76586906767,1,0
2021-08-06,170973.93370243587,112894.88592687863,58079.04777555722,1,0
2021-08-09,171329.08567155385,56002.355803095044,115326.7298684588,2,1
2021-08-10,171410.25588130165,56002.355803095044,115407.90007820661,2,1
2021-08-11,171094.9816086747,56002.355803095044,115092.62580557964,2,1
2021-08-12,170762.62420401524,56002.355803095044,114760.2684009202,2,0
2021-08-13,171284.82877432075,56002.355803095044,115282.47297122571,2,0
2021-08-16,170797.04518106935,56002.355803095044,114794.68937797431,2,1
2021-08-17,170047.56916103218,56002.355803095044,114045.21335793714,2,1
2021-08-18,168402.68087591967,56002.355803095044,112400.32507282462,2,1
2021-08-19,168015.0130400546,56002.355803095044,112012.65723695955,2,0
2021-08-20,168245.0347185165,56002.355803095044,112242.67891542145,2,0
2021-08-23,167937.88908393568,56002.355803095044,111935.53328084062,2,1
2021-08-24,167801.77564452335,56002.355803095044,111799.4198414283,2,1
2021-08-25,167996.92113348248,56002.355803095044,111994.56533038744,2,1
2021-08-26,168085.433214945,56002.355803095044,112083.07741184995,2,0
2021-08-27,168723.54556145388,56002.355803095044,112721.18975835884,2,0
2021-08-30,169175.6220464632,56002.355803095044,113173.26624336815,2,1
2021-08-31,169877.43041552522,0.0,169877.43041552522,3,0
2021-09-01,172517.90670999433,0.0,172517.90670999433,3,0
2021-09-02,173432.04749163403,0.0,173432.04749163403,3,0
2021-09-03,173699.84145794244,0.0,173699.84145794244,3,0
2021-09-07,171705.7811040424,0.0,171705.7811040424,3,0
2021-09-08,172785.8191309568,0.0,172785.8191309568,3,0
2021-09-09,169881.19701242473,0.0,169881.19701242473,3,0
2021-09-10,167106.33908427253,0.0,167106.33908427253,3,0
2021-09-13,167434.63445749157,0.0,167434.63445749157,3,0
2021-09-14,165858.38166182803,53851.195930171794,112007.18573165624,2,1
2021-09-15,166627.11651642615,53851.195930171794,112775.92058625436,2,1
2021-09-16,167384.27277879787,53851.195930171794,113533.07684862608,2,0
2021-09-17,168064.42371339755,53851.195930171794,114213.22778322577,2,0
2021-09-20,166538.19826275262,53851.195930171794,112687.00233258083,2,1
2021-09-21,166593.91738513895,53851.195930171794,112742.72145496716,2,1
2021-09-22,167723.96332428633,53851.195930171794,113872.76739411455,2,1
2021-09-23,167279.78660673532,53851.195930171794,113428.59067656352,2,0
2021-09-24,165939.6924655798,53851.195930171794,112088.49653540802,2,0
2021-09-27,163226.98849531342,53851.195930171794,109375.79256514163,2,1
2021-09-28,161985.35216392446,106223.97731415903,55761.37484976544,1,2
2021-09-29,162874.3284832851,106223.97731415903,56650.35116912608,1,2
2021-09-30,162292.25949335968,106223.97731415903,56068.282179200665,1,0
2021-10-01,162884.89736108022,106223.97731415903,56660.92004692119,1,0
2021-10-04,163096.56280423532,106223.97731415903,56872.58549007631,1,2
2021-10-05,162874.3284832851,106223.97731415903,56650.35116912608,1,2
2021-10-06,163371.7147058356,106223.97731415903,57147.73739167656,1,2
2021-10-07,163268.35830257798,106223.97731415903,57044.380988418954,1,0
2021-10-08,162735.64489847783,106223.97731415903,56511.6675843188,1,0
2021-10-11,163109.38979337714,52032.03450165059,111077.35529172655,2,1
2021-10-12,164216.31342512608,109140.35573689645,55075.95768822962,1,2
2021-10-13,163126.04725483482,109140.35573689645,53985.691517938365,1,2
2021-10-14,163253.24695094378,109140.35573689645,54112.891214047326,1,0
2021-10-15,163788.00037576095,109140.35573689645,54647.6446388645,1,0
2021-10-18,162991.07434155582,109140.35573689645,53850.71860465936,1,2
2021-10-19,163502.4466317892,109140.35573689645,54362.09089489276,1,2
2021-10-20,164099.4868018734,109140.35573689645,54959.13106497694,1,2
2021-10-21,163946.33685703125,109140.35573689645,54805.981120134784,1,0
2021-10-22,164387.63161823514,109140.35573689645,55247.275881338675,1,0
2021-10-25,164296.78159360433,109140.35573689645,55156.42585670789,1,2
2021-10-26,162183.77084284628,109140.35573689645,53043.415105949825,1,2
2021-10-27,161742.46290669803,109140.35573689645,52602.10716980158,1,2
2021-10-28,162230.48919553263,109140.35573689645,53090.13345863617,1,0
2021-10-29,161765.8220830412,109140.35573689645,52625.46634614475,1,0
2021-11-01,161363.34628957114,55274.65448835699,106088.69180121414,2,1
2021-11-02,161449.97088971472,55274.65448835699,106175.31640135773,2,1
2021-11-03,157342.6352184196,105438.80449113363,51903.83072728598,1,2
2021-11-04,155592.91615678463,155592.91615678463,0.0,0,0
2021-11-05,155592.91615678463,155592.91615678463,0.0,0,0
2021-11-08,155592.91615678463,155592.91615678463,0.0,0,3
2021-11-09,155449.3317795871,103728.61077118976,51720.72100839734,1,2
2021-11-10,155244.81326270176,103728.61077118976,51516.202491512006,1,2
2021-11-11,155923.8326683959,103728.61077118976,52195.22189720612,1,0
2021-11-12,156803.34676716675,103728.61077118976,53074.735995977,1,0
2021-11-15,157608.8838823791,103728.61077118976,53880.27311118934,1,2
2021-11-16,157424.16957314074,51211.49510628178,106212.67446685895,2,1
2021-11-17,157141.49756815334,51211.49510628178,105930.00246187157,2,1
2021-11-18,158968.61605344745,51211.49510628178,107757.12094716568,2,0
2021-11-19,156373.61503160436,51211.49510628178,105162.1199253226,2,0
2021-11-22,156888.02978676392,51211.49510628178,105676.53468048215,2,1
2021-11-23,158149.46914094317,51211.49510628178,106937.97403466138,2,1
2021-11-24,157972.65758981733,51211.49510628178,106761.16248353555,2,1
2021-11-26,153431.3184555889,51211.49510628178,102219.82334930712,2,0
2021-11-29,154146.3583928272,51211.49510628178,102934.86328654544,2,1
2021-11-30,150755.26404989642,51211.49510628178,99543.76894361463,2,1
2021-12-01,147482.902731611,51211.49510628178,96271.4076253292,2,1
2021-12-02,150459.79732353287,51211.49510628178,99248.3022172511,2,0
2021-12-03,148274.85999571346,99605.88695748901,48668.97303822443,1,0
2021-12-06,148036.47515710766,99605.88695748901,48430.58819961866,1,2
2021-12-07,148940.64250372024,99605.88695748901,49334.75554623124,1,2
2021-12-08,149006.42012736725,99605.88695748901,49400.53316987823,1,2
2021-12-09,147707.69047907344,99605.88695748901,48101.803521584414,1,0
2021-12-10,149885.913538098,99605.88695748901,50280.02658060897,1,0
2021-12-13,149927.01722586312,99605.88695748901,50321.130268374116,1,2
2021-12-14,150765.43453288224,99605.88695748901,51159.547575393226,1,2
2021-12-15,151850.43603841867,99605.88695748901,52244.54908092965,1,2
2021-12-16,152466.91205074207,99605.88695748901,52861.02509325307,1,0
2021-12-17,152877.89376028656,99605.88695748901,53272.00680279754,1,0
2021-12-20,152327.18157958338,99605.88695748901,52721.29462209437,1,2
2021-12-21,155984.95120579214,99605.88695748901,56379.06424830313,1,2
2021-12-22,158565.9324784028,99605.88695748901,58960.04552091378,1,2
2021-12-23,159034.4614196225,99605.88695748901,59428.57446213349,1,0
2021-12-27,160631.01129655953,46166.975713495856,114464.03558306367,2,1
2021-12-28,161201.25197704314,46166.975713495856,115034.27626354728,2,1
2021-12-29,160771.7759771565,46166.975713495856,114604.80026366065,2,1
2021-12-30,159732.66963225184,46166.975713495856,113565.69391875598,2,0
2021-12-31,158892.9882151951,46166.975713495856,112726.01250169924,2,0
2022-01-03,157453.8143256729,46166.975713495856,111286.83861217705,2,1
2022-01-04,156438.03879322158,46166.975713495856,110271.06307972572,2,1
2022-01-05,151935.8809177096,95244.46863926893,56691.412278440686,1,2
2022-01-06,152157.81531639193,95244.46863926893,56913.346677123,1,0
2022-01-07,152075.6251808951,95244.46863926893,56831.15654162615,1,0
2022-01-10,150702.93578907617,95244.46863926893,55458.46714980724,1,2
2022-01-11,152092.06527679847,95244.46863926893,56847.59663752953,1,2
2022-01-12,151056.37716295882,95244.46863926893,55811.908523689875,1,2
2022-01-13,149149.39844630664,95244.46863926893,53904.929807037726,1,0
2022-01-14,149856.29498609868,95244.46863926893,54611.82634682975,1,0
2022-01-18,151176.25729110825,44796.4469561885,106379.81033491975,2,1
2022-01-19,149809.64531673273,44796.4469561885,105013.19836054424,2,1
2022-01-20,146896.934237762,44796.4469561885,102100.4872815735,2,1
2022-01-21,146928.66626901526,44796.4469561885,102132.21931282675,2,0
2022-01-24,149667.9109891248,44796.4469561885,104871.46403293629,2,1
2022-01-25,154419.0826519958,44796.4469561885,109622.63569580729,2,1
2022-01-26,151691.39947974109,44796.4469561885,106894.9525235526,2,1
2022-01-27,153224.47924000074,44796.4469561885,108428.03228381225,2,0
2022-01-28,155436.44259350433,44796.4469561885,110639.99563731583,2,0
2022-01-31,154450.41794087391,44796.4469561885,109653.97098468542,2,1
2022-02-01,159854.13916735048,44796.4469561885,115057.69221116198,2,1
2022-02-02,159812.61001098386,44796.4469561885,115016.16305479537,2,1
2022-02-03,158481.07846377813,105293.58627596172,53187.49218781642,1,0
2022-02-04,159394.6517096922,105293.58627596172,54101.06543373048,1,0
2022-02-07,159865.7228987197,105293.58627596172,54572.136622757964,1,2
2022-02-08,158362.1307521096,105293.58627596172,53068.544476147894,1,2
2022-02-09,158946.12507741625,52223.89509691821,106722.22998049804,2,1
2022-02-10,158642.75707138397,52223.89509691821,106418.86197446575,2,0
2022-02-11,162796.77819872045,52223.89509691821,110572.88310180223,2,0
2022-02-14,159625.38534700495,52223.89509691821,107401.49025008675,2,1
2022-02-15,157191.33630380937,52223.89509691821,104967.44120689116,2,1
2022-02-16,157534.4708876088,52223.89509691821,105310.57579069058,2,1
2022-02-17,157185.55384589007,52223.89509691821,104961.65874897187,2,0
2022-02-18,156092.7753293571,52223.89509691821,103868.88023243888,2,0
2022-02-22,154519.55790968248,52223.89509691821,102295.66281276428,2,1
2022-02-23,154828.61011764867,52223.89509691821,102604.71502073045,2,1
2022-02-24,154420.83649222372,52223.89509691821,102196.9413953055,2,1
2022-02-25,153800.98349782167,52223.89509691821,101577.08840090345,2,0
2022-02-28,157167.7674499685,52223.89509691821,104943.87235305029,2,1
2022-03-01,156641.66937783716,52223.89509691821,104417.77428091894,2,1
2022-03-02,158075.51331189586,52223.89509691821,105851.61821497766,2,1
2022-03-03,157079.77832499836,52223.89509691821,104855.88322808014,2,0
2022-03-04,159025.96776248605,52223.89509691821,106802.07266556783,2,0
2022-03-07,158677.78900820183,52223.89509691821,106453.89391128361,2,1
2022-03-08,158584.6414228991,52223.89509691821,106360.74632598089,2,1
2022-03-09,153702.91198418662,52223.89509691821,101479.0168872684,2,1
2022-03-10,157719.967028567,52223.89509691821,105496.0719316488,2,0
2022-03-11,155934.80359404703,52223.89509691821,103710.90849712881,2,0
2022-03-14,154519.9509493126,52223.89509691821,102296.05585239438,2,1
2022-03-15,152856.39951159875,98230.05513094089,54626.34438065787,1,2
2022-03-16,152462.8567417838,98230.05513094089,54232.801610842915,1,2
2022-03-17,154800.1449032134,98230.05513094089,56570.08977227251,1,0
2022-03-18,153806.6679855457,98230.05513094089,55576.61285460483,1,0
2022-03-21,157003.0484148456,98230.05513094089,58772.99328390471,1,2
2022-03-22,156220.74422773346,98230.05513094089,57990.68909679258,1,2
2022-03-23,157526.1724480576,98230.05513094089,59296.11731711671,1,2
2022-03-24,156307.14789484537,98230.05513094089,58077.09276390449,1,0
2022-03-25,157986.91855971253,98230.05513094089,59756.863428771656,1,0
2022-03-28,156396.5354051781,46151.67180422154,110244.86360095654,2,1
2022-03-29,156747.83622862207,46151.67180422154,110596.16442440051,2,1
2022-03-30,156670.35068911576,46151.67180422154,110518.67888489421,2,1
2022-03-31,156686.74526562184,46151.67180422154,110535.07346140029,2,0
2022-04-01,158272.85443685355,46151.67180422154,112121.18263263202,2,0
2022-04-04,159021.49501530756,46151.67180422154,112869.82321108603,2,1
2022-04-05,157851.33805676232,46151.67180422154,111699.66625254079,2,1
2022-04-06,158645.32300782687,46151.67180422154,112493.65120360532,2,1
2022-04-07,160389.5156843236,46151.67180422154,114237.84388010204,2,0
2022-04-08,164302.9813762006,46151.67180422154,118151.30957197904,2,0
2022-04-11,161809.61433042207,46151.67180422154,115657.94252620052,2,1
2022-04-12,163372.06474187394,105937.32911073632,57434.735631137635,1,2
2022-04-13,165369.97211002628,105937.32911073632,59432.64299928995,1,2
2022-04-14,164765.29015952468,105937.32911073632,58827.961048788355,1,0
2022-04-18,163747.94845349842,105937.32911073632,57810.61934276211,1,2
2022-04-19,163651.93423886772,105937.32911073632,57714.605128131414,1,2
2022-04-20,164219.8463797536,105937.32911073632,58282.517269017284,1,2
2022-04-21,163486.4638613125,105937.32911073632,57549.134750576195,1,0
2022-04-22,161180.090333449,105937.32911073632,55242.76122271268,1,0
2022-04-25,161437.48523504354,105937.32911073632,55500.15612430722,1,2
2022-04-26,160622.3899504727,105937.32911073632,54685.06083973637,1,2
2022-04-27,160532.5040374446,105937.32911073632,54595.17492670829,1,2
2022-04-28,160816.46322502976,105937.32911073632,54879.13411429345,1,0
2022-04-29,161752.0859306418,105937.32911073632,55814.75681990548,1,0
2022-05-02,159451.83447009645,105937.32911073632,53514.50535936015,1,1
2022-05-03,160912.47120537603,105937.32911073632,54975.142094639705,1,1
2022-05-04,161850.14499056817,105937.32911073632,55912.81587983186,1,1
2022-05-05,160352.73221138847,105937.32911073632,54415.40310065214,1,0
2022-05-06,157811.42590876075,105937.32911073632,51874.096798024446,1,0
2022-05-09,154066.881606533,154066.881606533,0.0,0,2
2022-05-10,154066.881606533,154066.881606533,0.0,0,2
2022-05-11,154066.881606533,154066.881606533,0.0,0,2
2022-05-12,154066.881606533,154066.881606533,0.0,0,0
2022-05-13,154066.881606533,154066.881606533,0.0,0,0
2022-05-16,154066.881606533,154066.881606533,0.0,0,2
2022-05-17,154066.881606533,154066.881606533,0.0,0,2
2022-05-18,154066.881606533,154066.881606533,0.0,0,2
2022-05-19,154066.881606533,154066.881606533,0.0,0,0
2022-05-20,154066.881606533,154066.881606533,0.0,0,0
2022-05-23,154066.881606533,154066.881606533,0.0,0,0
2022-05-24,154066.881606533,154066.881606533,0.0,0,0
2022-05-25,154066.881606533,154066.881606533,0.0,0,0
2022-05-26,154066.881606533,154066.881606533,0.0,0,0
2022-05-27,154066.881606533,154066.881606533,0.0,0,0
2022-05-31,154066.881606533,154066.881606533,0.0,0,0
2022-06-01,154066.881606533,154066.881606533,0.0,0,0
2022-06-02,154066.881606533,154066.881606533,0.0,0,0
2022-06-03,154066.881606533,154066.881606533,0.0,0,0
2022-06-06,154066.881606533,154066.881606533,0.0,0,0
2022-06-07,154066.881606533,154066.881606533,0.0,0,0
2022-06-08,154066.881606533,154066.881606533,0.0,0,0
2022-06-09,154066.881606533,154066.881606533,0.0,0,0
2022-06-10,154066.881606533,154066.881606533,0.0,0,0
2022-06-13,154066.881606533,154066.881606533,0.0,0,3
2022-06-14,154066.881606533,154066.881606533,0.0,0,3
2022-06-15,154066.881606533,154066.881606533,0.0,0,3
2022-06-16,154066.881606533,154066.881606533,0.0,0,0
2022-06-17,154066.881606533,154066.881606533,0.0,0,0
2022-06-21,154066.881606533,154066.881606533,0.0,0,1
2022-06-22,154066.881606533,154066.881606533,0.0,0,1
2022-06-23,154066.881606533,154066.881606533,0.0,0,1
2022-06-24,154066.881606533,154066.881606533,0.0,0,0
2022-06-27,154066.881606533,154066.881606533,0.0,0,1
2022-06-28,154066.881606533,154066.881606533,0.0,0,1
2022-06-29,154066.881606533,154066.881606533,0.0,0,1
2022-06-30,154066.881606533,154066.881606533,0.0,0,0
2022-07-01,154066.881606533,154066.881606533,0.0,0,0
2022-07-05,154066.881606533,154066.881606533,0.0,0,1
2022-07-06,154066.881606533,154066.881606533,0.0,0,1
2022-07-07,154066.881606533,154066.881606533,0.0,0,1
2022-07-08,154066.881606533,154066.881606533,0.0,0,0
2022-07-11,154066.881606533,154066.881606533,0.0,0,0
2022-07-12,154066.881606533,154066.881606533,0.0,0,0
2022-07-13,154066.881606533,154066.881606533,0.0,0,0
2022-07-14,154066.881606533,154066.881606533,0.0,0,0
2022-07-15,154066.881606533,154066.881606533,0.0,0,0
2022-07-18,154066.881606533,154066.881606533,0.0,0,1
2022-07-19,154066.881606533,154066.881606533,0.0,0,1
2022-07-20,154066.881606533,154066.881606533,0.0,0,1
2022-07-21,154066.881606533,154066.881606533,0.0,0,0
2022-07-22,154066.881606533,154066.881606533,0.0,0,0
2022-07-25,154066.881606533,154066.881606533,0.0,0,2
2022-07-26,154066.881606533,154066.881606533,0.0,0,2
2022-07-27,154066.881606533,154066.881606533,0.0,0,2
2022-07-28,154066.881606533,154066.881606533,0.0,0,0
2022-07-29,154066.881606533,154066.881606533,0.0,0,0
2022-08-01,154066.881606533,154066.881606533,0.0,0,3
2022-08-02,154066.881606533,154066.881606533,0.0,0,3
2022-08-03,154514.14695195507,51328.24450760618,103185.9024443489,2,1
2022-08-04,153990.80299991785,51328.24450760618,102662.55849231167,2,0
2022-08-05,154666.427501581,51328.24450760618,103338.18299397483,2,0
2022-08-08,153873.58811785094,51328.24450760618,102545.34361024476,2,1
2022-08-09,153955.42730430615,44.710812153993174,153910.71649215216,3,0
2022-08-10,154850.16863401068,44.710812153993174,154805.4578218567,3,0
2022-08-11,154001.09383637697,44.710812153993174,153956.38302422297,3,0
2022-08-12,156771.75440376764,44.710812153993174,156727.04359161365,3,0
2022-08-15,157848.20340242903,44.710812153993174,157803.49259027504,3,0
2022-08-16,157398.90429258483,44.710812153993174,157354.19348043084,3,0
2022-08-17,156905.09634795165,44.710812153993174,156860.38553579766,3,0
2022-08-18,157163.46429978608,44.710812153993174,157118.7534876321,3,0
2022-08-19,157282.34495044575,44.710812153993174,157237.63413829176,3,0
2022-08-22,155943.04698003078,44.710812153993174,155898.33616787678,3,0
2022-08-23,154962.7661382156,44.710812153993174,154918.0553260616,3,0
2022-08-24,156441.31794079862,44.710812153993174,156396.60712864462,3,0
2022-08-25,157735.52350576385,44.710812153993174,157690.81269360986,3,0
2022-08-26,153846.49419110108,44.710812153993174,153801.7833789471,3,0
2022-08-29,154743.652949231,44.710812153993174,154698.942137077,3,0
2022-08-30,154180.62869005327,44.710812153993174,154135.91787789928,3,0
2022-08-31,153171.44720183237,44.710812153993174,153126.73638967838,3,0
2022-09-01,153978.27526260653,44.710812153993174,153933.56445045254,3,0
2022-09-02,152403.51111292734,44.710812153993174,152358.80030077335,3,0
2022-09-06,151985.3748735893,44.710812153993174,151940.6640614353,3,0
2022-09-07,155476.11278257438,44.710812153993174,155431.40197042038,3,0
2022-09-08,155139.05123471183,44.710812153993174,155094.34042255784,3,0
2022-09-09,155674.4351409323,44.710812153993174,155629.7243287783,3,0
2022-09-12,156070.1997389079,44.710812153993174,156025.4889267539,3,0
2022-09-13,150243.54597411485,44.710812153993174,150198.83516196086,3,0
2022-09-14,150358.5704758774,44.710812153993174,150313.85966372341,3,0
2022-09-15,152284.34777368343,44.710812153993174,152239.63696152944,3,0
2022-09-16,151298.9272060095,44.710812153993174,151254.21639385552,3,0
2022-09-19,152317.85055514536,44.710812153993174,152273.13974299136,3,0
2022-09-20,151412.0041354959,44.710812153993174,151367.2933233419,3,0
2022-09-21,150059.47280073952,44.710812153993174,150014.76198858552,3,0
2022-09-22,149002.90200742794,44.710812153993174,148958.19119527395,3,0
2022-09-23,146312.00229868168,46801.536535669155,99510.46576301253,2,0
2022-09-26,146212.64331732254,46801.536535669155,99411.10678165339,2,1
2022-09-27,146043.5810269617,46801.536535669155,99242.04449129256,2,1
2022-09-28,148097.76475978218,46801.536535669155,101296.22822411303,2,1
2022-09-29,147153.46737891255,46801.536535669155,100351.9308432434,2,0
2022-09-30,146149.76729457147,46801.536535669155,99348.23075890233,2,0
2022-10-03,147438.22902932993,46801.536535669155,100636.69249366078,2,1
2022-10-04,149897.462348391,46801.536535669155,103095.92581272186,2,1
2022-10-05,152175.45663115196,46801.536535669155,105373.9200954828,2,1
2022-10-06,152371.7567184799,46801.536535669155,105570.22018281075,2,0
2022-10-07,151559.2132522172,46801.536535669155,104757.67671654804,2,0
2022-10-10,151168.48429661736,46801.536535669155,104366.94776094821,2,1
2022-10-11,151110.09011770113,46801.536535669155,104308.55358203198,2,1
2022-10-12,151612.72078270128,46801.536535669155,104811.18424703213,2,1
2022-10-13,154543.06341408263,46801.536535669155,107741.52687841348,2,0
2022-10-14,153573.5433782154,46801.536535669155,106772.00684254625,2,0
2022-10-17,152955.36968070758,46801.536535669155,106153.83314503843,2,1
2022-10-18,154110.23682147753,46801.536535669155,107308.70028580839,2,1
2022-10-19,153095.55175085182,46801.536535669155,106294.01521518266,2,1
2022-10-20,152562.6419160632,46801.536535669155,105761.10538039406,2,0
2022-10-21,153225.47836467574,46801.536535669155,106423.9418290066,2,0
2022-10-24,154882.08699713688,46801.536535669155,108080.55046146773,2,1
2022-10-25,156806.9425669513,46801.536535669155,110005.40603128215,2,1
2022-10-26,157149.03488860925,100146.44122130334,57002.59366730592,1,2
2022-10-27,157444.0496441877,100146.44122130334,57297.60842288437,1,0
2022-10-28,158924.55668064288,100146.44122130334,58778.11545933956,1,0
2022-10-31,158616.8447000154,100146.44122130334,58470.40347871207,1,2
2022-11-01,158989.68514515035,158989.68514515035,0.0,0,3
2022-11-02,158989.68514515035,158989.68514515035,0.0,0,3
2022-11-03,158989.68514515035,158989.68514515035,0.0,0,0
2022-11-04,158989.68514515035,158989.68514515035,0.0,0,0
2022-11-07,158989.68514515035,158989.68514515035,0.0,0,2
2022-11-08,158989.68514515035,158989.68514515035,0.0,0,2
2022-11-09,158989.68514515035,158989.68514515035,0.0,0,2
2022-11-10,158989.68514515035,158989.68514515035,0.0,0,0
2022-11-11,158989.68514515035,158989.68514515035,0.0,0,0
2022-11-14,158989.68514515035,158989.68514515035,0.0,0,3
2022-11-15,158989.68514515035,158989.68514515035,0.0,0,3
2022-11-16,158989.68514515035,158989.68514515035,0.0,0,3
2022-11-17,158989.68514515035,158989.68514515035,0.0,0,0
2022-11-18,158989.68514515035,158989.68514515035,0.0,0,0
2022-11-21,158989.68514515035,158989.68514515035,0.0,0,3
2022-11-22,158989.68514515035,158989.68514515035,0.0,0,3
2022-11-23,158485.7491461051,105993.12343010024,52492.62571600487,1,2
2022-11-25,158658.6974544061,105993.12343010024,52665.574024305846,1,0
2022-11-28,157755.19485324965,105993.12343010024,51762.07142314941,1,2
2022-11-29,157612.06694463835,105993.12343010024,51618.94351453812,1,2
2022-11-30,160550.71505430553,52682.47273612511,107868.24231818042,2,1
2022-12-01,161634.77845688877,52682.47273612511,108952.30572076366,2,0
2022-12-02,160692.7197792616,52682.47273612511,108010.24704313648,2,0
2022-12-05,159869.7939566305,52682.47273612511,107187.3212205054,2,1
2022-12-06,158944.50251518024,52682.47273612511,106262.02977905513,2,1
2022-12-07,158395.83574973597,52682.47273612511,105713.36301361085,2,1
2022-12-08,159987.35802820427,52682.47273612511,107304.88529207915,2,0
2022-12-09,159411.7991241792,52682.47273612511,106729.32638805409,2,0
2022-12-12,160838.756712435,52682.47273612511,108156.28397630986,2,1
2022-12-13,162149.03811201506,0.0,162149.03811201506,3,0
2022-12-14,159813.06327328278,0.0,159813.06327328278,3,0
2022-12-15,155475.4857684635,0.0,155475.4857684635,3,0
2022-12-16,153849.29567735916,0.0,153849.29567735916,3,0
2022-12-19,152463.40532283916,0.0,152463.40532283916,3,0
2022-12-20,152565.03583081672,0.0,152565.03583081672,3,0
2022-12-21,154744.12335570407,0.0,154744.12335570407,3,0
2022-12-22,152056.8629601057,0.0,152056.8629601057,3,0
2022-12-23,152285.4433829344,0.0,152285.4433829344,3,0
2022-12-27,152288.2483457339,0.0,152288.2483457339,3,0
2022-12-28,150782.85352995122,0.0,150782.85352995122,3,0
2022-12-29,154271.7779208225,0.0,154271.7779208225,3,0
2022-12-30,152899.66922289395,0.0,152899.66922289395,3,0
2023-01-03,153199.39534359862,0.0,153199.39534359862,3,0
2023-01-04,153097.35089440848,0.0,153097.35089440848,3,0
2023-01-05,151317.94234400807,0.0,151317.94234400807,3,0
2023-01-06,151336.45526108376,48447.078421876555,102889.3768392072,2,0
2023-01-09,151772.87520162322,48447.078421876555,103325.79677974666,2,1
2023-01-10,152627.46949507488,48447.078421876555,104180.39107319832,2,1
2023-01-11,154011.72410512413,0.0,154011.72410512413,3,0
2023-01-12,153628.90792954632,0.0,153628.90792954632,3,0
2023-01-13,154632.25023289523,0.0,154632.25023289523,3,0
2023-01-17,155415.10994832806,0.0,155415.10994832806,3,0
2023-01-18,152922.24509923666,0.0,152922.24509923666,3,0
2023-01-19,149123.86783705314,0.0,149123.86783705314,3,0
2023-01-20,152199.42807183068,0.0,152199.42807183068,3,0
2023-01-23,153258.18796839498,0.0,153258.18796839498,3,0
2023-01-24,153225.25568368967,0.0,153225.25568368967,3,0
2023-01-25,152545.5657818386,0.0,152545.5657818386,3,0
2023-01-26,152420.26209333207,0.0,152420.26209333207,3,0
2023-01-27,152478.28052535388,0.0,152478.28052535388,3,0
2023-01-30,152412.07973514276,0.0,152412.07973514276,3,0
2023-01-31,155177.99638992932,0.0,155177.99638992932,3,0
2023-02-01,157364.91704445396,0.0,157364.91704445396,3,0
2023-02-02,160672.73207202787,0.0,160672.73207202787,3,0
2023-02-03,158624.36865967576,0.0,158624.36865967576,3,0
2023-02-06,156861.1011684505,0.0,156861.1011684505,3,0
2023-02-07,159205.09372858427,0.0,159205.09372858427,3,0
2023-02-08,157214.25914616432,0.0,157214.25914616432,3,0
2023-02-09,157890.62004458427,0.0,157890.62004458427,3,0
2023-02-10,156945.24061737218,0.0,156945.24061737218,3,0
2023-02-13,159336.29166794015,0.0,159336.29166794015,3,0
2023-02-14,157983.5747163925,0.0,157983.5747163925,3,0
2023-02-15,159753.37363534523,0.0,159753.37363534523,3,0
2023-02-16,158962.88778637192,0.0,158962.88778637192,3,0
2023-02-17,159212.73792657943,0.0,159212.73792657943,3,0
2023-02-21,155718.9285529015,54562.03587573359,101156.8926771679,2,1
2023-02-22,155122.4811462621,54562.03587573359,100560.4452705285,2,1
2023-02-23,155438.72939884712,54562.03587573359,100876.69352311353,2,1
2023-02-24,154666.62428012508,54562.03587573359,100104.58840439148,2,0
2023-02-27,153924.21890464897,104954.34051444661,48969.87839020235,1,2
2023-02-28,153999.93727482253,104954.34051444661,49045.59676037592,1,2
2023-03-01,153821.13345030983,104954.34051444661,48866.792935863225,1,2
2023-03-02,154586.82304406154,104954.34051444661,49632.48252961493,1,0
2023-03-03,155213.66503324715,104954.34051444661,50259.32451880054,1,0
2023-03-06,155167.391733888,104954.34051444661,50213.05121944139,1,2
2023-03-07,154700.4092575996,104954.34051444661,49746.06874315298,1,2
2023-03-08,154835.0350859574,104954.34051444661,49880.6945715108,1,2
2023-03-09,154342.8050718853,104954.34051444661,49388.46455743868,1,0
2023-03-10,153392.02574400807,104954.34051444661,48437.68522956147,1,0
2023-03-13,153389.92005087057,104954.34051444661,48435.57953642395,1,2
2023-03-14,154206.08047701212,104954.34051444661,49251.73996256551,1,2
2023-03-15,153030.22056195198,104954.34051444661,48075.88004750538,1,2
2023-03-16,153406.75174272637,104954.34051444661,48452.411228279765,1,0
2023-03-17,153295.26429570367,104954.34051444661,48340.923781257065,1,0
2023-03-20,154153.49009824044,104954.34051444661,49199.14958379381,1,2
2023-03-21,154537.56956445475,53480.794006070064,101056.77555838469,2,1
2023-03-22,153220.69687738855,53480.794006070064,99739.90287131848,2,1
2023-03-23,153074.96029773162,53480.794006070064,99594.16629166156,2,0
2023-03-24,153843.70991762483,53480.794006070064,100362.91591155475,2,0
2023-03-27,154497.4344713609,1989.7008331792895,152507.7336381816,3,0
2023-03-28,155264.8055787767,1989.7008331792895,153275.1047455974,3,0
2023-03-29,156888.47688653076,1989.7008331792895,154898.77605335147,3,0
2023-03-30,157796.40825256778,1989.7008331792895,155806.7074193885,3,0
2023-03-31,159508.09051814047,1989.7008331792895,157518.38968496118,3,0
2023-04-03,159154.17696137517,1989.7008331792895,157164.47612819588,3,0
2023-04-04,156517.83636677335,1989.7008331792895,154528.13553359406,3,0
2023-04-05,154772.9641280112,1989.7008331792895,152783.2632948319,3,0
2023-04-06,153975.73239906598,50150.27268987025,103825.45970919574,2,0
2023-04-10,155709.0069220583,50150.27268987025,105558.73423218803,2,1
2023-04-11,156278.31076648203,0.0,156278.31076648203,3,0
2023-04-12,155983.05582256167,0.0,155983.05582256167,3,0
2023-04-13,157728.9780023352,0.0,157728.9780023352,3,0
2023-04-14,157102.05786076453,0.0,157102.05786076453,3,0
2023-04-17,156169.63799449304,0.0,156169.63799449304,3,0
2023-04-18,156343.0759772039,0.0,156343.0759772039,3,0
2023-04-19,156135.14005713453,0.0,156135.14005713453,3,0
2023-04-20,154837.66561551995,0.0,154837.66561551995,3,0
2023-04-21,157315.15223320219,0.0,157315.15223320219,3,0
2023-04-24,156935.58008336616,0.0,156935.58008336616,3,0
2023-04-25,152713.16928606416,0.0,152713.16928606416,3,0
2023-04-26,152879.87108114493,0.0,152879.87108114493,3,0
2023-04-27,154324.46304235264,0.0,154324.46304235264,3,0
2023-04-28,155465.18365873283,0.0,155465.18365873283,3,0
2023-05-01,154432.51059744533,0.0,154432.51059744533,3,0
2023-05-02,152885.40495846042,0.0,152885.40495846042,3,0
2023-05-03,151568.9569056124,0.0,151568.9569056124,3,0
2023-05-04,152512.48718318803,0.0,152512.48718318803,3,0
2023-05-05,155395.23736619574,0.0,155395.23736619574,3,0
2023-05-08,155571.16408873355,0.0,155571.16408873355,3,0
2023-05-09,155173.20860112048,0.0,155173.20860112048,3,0
2023-05-10,156057.26219391674,0.0,156057.26219391674,3,0
2023-05-11,155671.48721852695,0.0,155671.48721852695,3,0
2023-05-12,156003.92323495733,0.0,156003.92323495733,3,0
2023-05-15,158083.06250129157,0.0,158083.06250129157,3,0
2023-05-16,157956.2384243642,0.0,157956.2384243642,3,0
2023-05-17,159919.17799644935,0.0,159919.17799644935,3,0
2023-05-18,161587.58993358852,0.0,161587.58993358852,3,0
2023-05-19,163103.14157539268,0.0,163103.14157539268,3,0
2023-05-22,161954.04930229002,0.0,161954.04930229002,3,0
2023-05-23,158870.01022224795,0.0,158870.01022224795,3,0
2023-05-24,157098.49058920477,0.0,157098.49058920477,3,0
2023-05-25,157610.9056638239,0.0,157610.9056638239,3,0
2023-05-26,158238.17551802256,0.0,158238.17551802256,3,0
2023-05-30,158508.80519820272,0.0,158508.80519820272,3,0
2023-05-31,157707.02666925977,0.0,157707.02666925977,3,0
2023-06-01,159728.81890643176,0.0,159728.81890643176,3,0
2023-06-02,161281.98825888944,0.0,161281.98825888944,3,0
2023-06-05,162413.25781109714,0.0,162413.25781109714,3,0
2023-06-06,161521.51481193735,0.0,161521.51481193735,3,0
2023-06-07,160408.94211102382,0.0,160408.94211102382,3,0
2023-06-08,161608.82953753188,0.0,161608.82953753188,3,0
2023-06-09,160004.24120308473,0.0,160004.24120308473,3,0
2023-06-12,163343.81782435588,0.0,163343.81782435588,3,0
2023-06-13,164893.03917690646,0.0,164893.03917690646,3,0
2023-06-14,169716.43132110313,1511.6721367504724,168204.75918435265,3,0
2023-06-15,172089.17752175356,1511.6721367504724,170577.50538500308,3,0
2023-06-16,172122.05733189423,1511.6721367504724,170610.38519514375,3,0
2023-06-20,169463.7677218417,1511.6721367504724,167952.0955850912,3,0
2023-06-21,168846.7312488207,2269.5734089848993,166577.1578398358,3,0
2023-06-22,169358.4098969132,2269.5734089848993,167088.8364879283,3,0
2023-06-23,168818.74694490072,2269.5734089848993,166549.17353591582,3,0
2023-06-26,169587.3586291019,2269.5734089848993,167317.785220117,3,0
2023-06-27,173059.10926742267,2269.5734089848993,170789.53585843777,3,0
2023-06-28,173469.0746211753,2269.5734089848993,171199.5012121904,3,0
2023-06-29,172715.85188777364,2269.5734089848993,170446.27847878874,3,0
2023-06-30,175323.13640149886,2269.5734089848993,173053.56299251397,3,0
2023-07-03,174902.20863236024,2269.5734089848993,172632.63522337534,3,0
2023-07-05,175284.44793438996,2269.5734089848993,173014.87452540506,3,0
2023-07-06,172678.55032125898,56563.839108955835,116114.71121230314,2,1
2023-07-07,174186.10771394134,56563.839108955835,117622.2686049855,2,0
2023-07-10,175534.41437724768,56563.839108955835,118970.57526829184,2,1
2023-07-11,176714.67614523502,0.0,176714.67614523502,3,0
2023-07-12,176564.0632678521,0.0,176564.0632678521,3,0
2023-07-13,176643.97130211722,0.0,176643.97130211722,3,0
2023-07-14,175211.5942416197,0.0,175211.5942416197,3,0
2023-07-17,176582.6325041454,0.0,176582.6325041454,3,0
2023-07-18,177711.3407384957,0.0,177711.3407384957,3,0
2023-07-19,177971.15208688396,0.0,177971.15208688396,3,0
2023-07-20,180627.96747436942,0.0,180627.96747436942,3,0
2023-07-21,181209.7578497488,0.0,181209.7578497488,3,0
2023-07-24,181765.57844047283,0.0,181765.57844047283,3,0
2023-07-25,178783.5468712583,0.0,178783.5468712583,3,0
2023-07-26,179699.77492305482,0.0,179699.77492305482,3,0
2023-07-27,176445.62153915307,0.0,176445.62153915307,3,0
2023-07-28,177572.03096196882,0.0,177572.03096196882,3,0
2023-07-31,178329.22577272067,0.0,178329.22577272067,3,0
2023-08-01,177272.3035614013,0.0,177272.3035614013,3,0
2023-08-02,174913.20764568012,0.0,174913.20764568012,3,0
2023-08-03,175159.20063389873,0.0,175159.20063389873,3,0
2023-08-04,175020.61794522166,0.0,175020.61794522166,3,0
2023-08-07,177537.0990515098,0.0,177537.0990515098,3,0
2023-08-08,177952.7931634838,0.0,177952.7931634838,3,0
2023-08-09,175303.3374637593,0.0,175303.3374637593,3,0
2023-08-10,175512.88625875607,0.0,175512.88625875607,3,0
2023-08-11,174800.20132880966,0.0,174800.20132880966,3,0
2023-08-14,175497.27558838524,0.0,175497.27558838524,3,0
2023-08-15,172287.52106358108,0.0,172287.52106358108,3,0
2023-08-16,171344.97196540103,0.0,171344.97196540103,3,0
2023-08-17,169176.04701313074,0.0,169176.04701313074,3,0
2023-08-18,168775.5160633815,0.0,168775.5160633815,3,0
2023-08-21,169704.42477880509,0.0,169704.42477880509,3,0
2023-08-22,168925.7525711514,0.0,168925.7525711514,3,0
2023-08-23,170828.51701035764,0.0,170828.51701035764,3,0
2023-08-24,169204.43453254117,0.0,169204.43453254117,3,0
2023-08-25,169378.21932936338,0.0,169378.21932936338,3,0
2023-08-28,170505.29105232132,0.0,170505.29105232132,3,0
2023-08-29,172775.13568135427,0.0,172775.13568135427,3,0
2023-08-30,172665.05855994002,0.0,172665.05855994002,3,0
2023-08-31,171442.75416505858,0.0,171442.75416505858,3,0
2023-09-01,171957.83746311843,0.0,171957.83746311843,3,0
2023-09-05,169367.06665807805,0.0,169367.06665807805,3,0
2023-09-06,169370.81986599977,0.0,169370.81986599977,3,0
2023-09-07,168365.25963301054,0.0,168365.25963301054,3,0
2023-09-08,168177.7277216419,51893.956480741064,116283.77124090082,2,0
2023-09-11,168691.79165061048,51893.956480741064,116797.83516986942,2,1
2023-09-12,169374.42599475576,51893.956480741064,117480.4695140147,2,1
2023-09-13,169406.39643645188,51893.956480741064,117512.43995571081,2,1
2023-09-14,170104.32302052717,110865.93316776595,59238.38985276122,1,0
2023-09-15,170243.34732273594,110865.93316776595,59377.41415497,1,0
2023-09-18,170647.5032417286,110865.93316776595,59781.57007396266,1,2
2023-09-19,170131.56604090118,110865.93316776595,59265.63287313522,1,2
2023-09-20,169700.175991409,110865.93316776595,58834.242823643035,1,2
2023-09-21,168674.03111386276,110865.93316776595,57808.097946096816,1,0
2023-09-22,168510.65744542642,110865.93316776595,57644.72427766046,1,0
2023-09-25,168549.3506241433,110865.93316776595,57683.417456377334,1,2
2023-09-26,167530.3665404986,110865.93316776595,56664.433372732645,1,2
2023-09-27,167544.69701817614,110865.93316776595,56678.76385041021,1,2
2023-09-28,168112.23105054244,110865.93316776595,57246.297882776475,1,0
2023-09-29,167606.32162813947,110865.93316776595,56740.38846037352,1,0
2023-10-02,167597.7206745706,110865.93316776595,56731.787506804634,1,2
2023-10-03,166911.2356765935,166911.2356765935,0.0,0,3
2023-10-04,166911.2356765935,166911.2356765935,0.0,0,3
2023-10-05,166911.2356765935,166911.2356765935,0.0,0,0
2023-10-06,166911.2356765935,166911.2356765935,0.0,0,0
2023-10-09,166911.2356765935,166911.2356765935,0.0,0,3
2023-10-10,166911.2356765935,166911.2356765935,0.0,0,3
2023-10-11,166911.2356765935,166911.2356765935,0.0,0,3
2023-10-12,166911.2356765935,166911.2356765935,0.0,0,0
2023-10-13,166911.2356765935,166911.2356765935,0.0,0,0
2023-10-16,166911.2356765935,166911.2356765935,0.0,0,3
2023-10-17,166911.2356765935,166911.2356765935,0.0,0,3
2023-10-18,166911.2356765935,166911.2356765935,0.0,0,3
2023-10-19,166911.2356765935,166911.2356765935,0.0,0,0
2023-10-20,166911.2356765935,166911.2356765935,0.0,0,0
2023-10-23,166911.2356765935,166911.2356765935,0.0,0,3
2023-10-24,166911.2356765935,166911.2356765935,0.0,0,3
2023-10-25,166911.2356765935,166911.2356765935,0.0,0,3
2023-10-26,166911.2356765935,166911.2356765935,0.0,0,0
2023-10-27,166911.2356765935,166911.2356765935,0.0,0,0
2023-10-30,166911.2356765935,166911.2356765935,0.0,0,3
2023-10-31,166911.2356765935,166911.2356765935,0.0,0,3
2023-11-01,166911.2356765935,166911.2356765935,0.0,0,3
2023-11-02,166911.2356765935,166911.2356765935,0.0,0,0
2023-11-03,166911.2356765935,166911.2356765935,0.0,0,0
2023-11-06,166911.2356765935,166911.2356765935,0.0,0,3
2023-11-07,166911.2356765935,166911.2356765935,0.0,0,3
2023-11-08,166911.2356765935,166911.2356765935,0.0,0,3
2023-11-09,166911.2356765935,166911.2356765935,0.0,0,0
2023-11-10,166911.2356765935,166911.2356765935,0.0,0,0
2023-11-13,166979.11761518405,111274.15711772899,55704.96049745505,1,2
2023-11-14,167765.55812174603,244.2795407056983,167521.27858104033,3,0
2023-11-15,166096.69222760148,244.2795407056983,165852.41268689578,3,0
2023-11-16,166392.2575755189,244.2795407056983,166147.9780348132,3,0
2023-11-17,167134.92921476136,244.2795407056983,166890.64967405566,3,0
2023-11-20,168886.7307318011,244.2795407056983,168642.4511910954,3,0
2023-11-21,167479.18451313442,244.2795407056983,167234.90497242872,3,0
2023-11-22,169126.71858076804,244.2795407056983,168882.43904006234,3,0
2023-11-24,169352.83229180868,244.2795407056983,169108.55275110298,3,0
2023-11-27,170439.44529844387,244.2795407056983,170195.16575773817,3,0
2023-11-28,168761.07315559412,244.2795407056983,168516.79361488842,3,0
2023-11-29,168811.42039881885,244.2795407056983,168567.14085811315,3,0
2023-11-30,168661.8621422325,244.2795407056983,168417.5826015268,3,0
2023-12-01,168347.58403465198,244.2795407056983,168103.30449394629,3,0
2023-12-04,166632.5626465147,244.2795407056983,166388.283105809,3,0
2023-12-05,167027.40427001208,244.2795407056983,166783.12472930638,3,0
2023-12-06,165003.87951537562,244.2795407056983,164759.59997466992,3,0
2023-12-07,166372.15758511348,244.2795407056983,166127.8780444078,3,0
2023-12-08,167348.93187595363,244.2795407056983,167104.65233524793,3,0
2023-12-11,169589.88858326466,244.2795407056983,169345.60904255896,3,0
2023-12-12,171063.37502492464,244.2795407056983,170819.09548421894,3,0
2023-12-13,171200.77245327717,244.2795407056983,170956.49291257147,3,0
2023-12-14,169989.155943373,244.2795407056983,169744.87640266732,3,0
2023-12-15,170046.39328912977,52706.84519845895,117339.54809067083,2,0
2023-12-18,171743.7358658561,52706.84519845895,119036.89066739718,2,1
2023-12-19,172754.1294837803,0.0,172754.1294837803,3,0
2023-12-20,167172.9839975992,0.0,167172.9839975992,3,0
2023-12-21,173208.2213256812,0.0,173208.2213256812,3,0
2023-12-22,173797.43181968894,0.0,173797.43181968894,3,0
2023-12-26,174725.8349499557,0.0,174725.8349499557,3,0
2023-12-27,174761.95479649227,0.0,174761.95479649227,3,0
2023-12-28,174898.9538698937,0.0,174898.9538698937,3,0
2023-12-29,173690.8796086292,0.0,173690.8796086292,3,0
2024-01-02,169719.2934312565,0.0,169719.2934312565,3,0
2024-01-03,167717.4699752532,0.0,167717.4699752532,3,0
2024-01-04,166354.71205903284,0.0,166354.71205903284,3,0
2024-01-05,167249.11860993144,0.0,167249.11860993144,3,0
2024-01-08,170405.50472583517,0.0,170405.50472583517,3,0
2024-01-09,170796.071946471,0.0,170796.071946471,3,0
2024-01-10,169921.1712576828,0.0,169921.1712576828,3,0
2024-01-11,172220.02142828918,0.0,172220.02142828918,3,0
2024-01-12,170925.64099078428,0.0,170925.64099078428,3,0
2024-01-16,171944.14993304136,0.0,171944.14993304136,3,0
2024-01-17,170250.15162872896,0.0,170250.15162872896,3,0
2024-01-18,172257.00957499418,0.0,172257.00957499418,3,0
2024-01-19,175228.16615434526,0.0,175228.16615434526,3,0
2024-01-22,175062.67318466696,0.0,175062.67318466696,3,0
2024-01-23,174853.6995278743,0.0,174853.6995278743,3,0
2024-01-24,175206.9170879351,0.0,175206.9170879351,3,0
2024-01-25,176605.8308117166,0.0,176605.8308117166,3,0
2024-01-26,176022.86367418454,0.0,176022.86367418454,3,0
2024-01-29,177493.88430996423,0.0,177493.88430996423,3,0
2024-01-30,174340.3511240639,0.0,174340.3511240639,3,0
2024-01-31,172580.8512518833,0.0,172580.8512518833,3,0
2024-02-01,174362.97114730615,0.0,174362.97114730615,3,0
2024-02-02,179181.28366186362,0.0,179181.28366186362,3,0
2024-02-05,178520.27397650725,0.0,178520.27397650725,3,0
2024-02-06,177140.83813730124,0.0,177140.83813730124,3,0
2024-02-07,177427.08832100537,0.0,177427.08832100537,3,0
2024-02-08,177139.70329477472,0.0,177139.70329477472,3,0
2024-02-09,180281.52301643154,129925.70414674189,50355.81886968967,1,0
2024-02-12,180285.25561446752,69837.48737566354,110447.76823880398,2,1
2024-02-13,178567.87824092357,69837.48737566354,108730.39086526005,2,1
2024-02-14,180765.72588792362,69837.48737566354,110928.23851226007,2,1
2024-02-15,182751.2003146378,69837.48737566354,112913.71293897426,2,0
2024-02-16,180840.97619049478,69837.48737566354,111003.48881483125,2,0
2024-02-20,178686.7807502884,69837.48737566354,108849.29337462486,2,1
2024-02-21,178933.06341501235,69837.48737566354,109095.57603934882,2,1
2024-02-22,180216.693780946,69837.48737566354,110379.20640528246,2,1
2024-02-23,181529.61438214494,69837.48737566354,111692.1270064814,2,0
2024-02-26,179858.27120082127,69837.48737566354,110020.78382515773,2,1
2024-02-27,180585.1905318386,69837.48737566354,110747.70315617506,2,1
2024-02-28,179618.12600355863,69837.48737566354,109780.6386278951,2,1
2024-02-29,180979.64354198027,69837.48737566354,111142.15616631674,2,0
2024-03-01,181245.4345151448,69837.48737566354,111407.94713948127,2,0
2024-03-04,181339.5333613888,125826.08271322562,55513.45064816318,1,2
2024-03-05,180288.9338103472,65473.31264707646,114815.62116327073,2,1
2024-03-06,181443.7762655642,65473.31264707646,115970.46361848773,2,1
2024-03-07,182638.3675069367,65473.31264707646,117165.05485986022,2,0
2024-03-08,183036.6870373904,65473.31264707646,117563.37439031393,2,0
2024-03-11,183800.09644973374,65473.31264707646,118326.78380265727,2,1
2024-03-12,185695.57541334562,65473.31264707646,120222.26276626917,2,1
2024-03-13,187544.69236419047,65473.31264707646,122071.379717114,2,1
2024-03-14,186719.90149444639,65473.31264707646,121246.58884736992,2,0
2024-03-15,184778.24646242562,123838.36599581945,60939.88046660617,1,0
2024-03-18,184566.810529978,62260.204052166584,122306.60647781144,2,1
2024-03-19,185727.7898988785,62260.204052166584,123467.58584671191,2,1
2024-03-20,187276.12321388428,62260.204052166584,125015.9191617177,2,1
2024-03-21,186194.87855978878,62260.204052166584,123934.6745076222,2,0
2024-03-22,184795.01776833626,62260.204052166584,122534.81371616968,2,0
2024-03-25,183967.76373176996,62260.204052166584,121707.55967960338,2,1
2024-03-26,184420.20398301078,62260.204052166584,122159.9999308442,2,1
2024-03-27,186188.27327132746,62260.204052166584,123928.06921916088,2,1
2024-03-28,187758.8556725962,62260.204052166584,125498.65162042962,2,0
2024-04-01,185118.63560361584,62260.204052166584,122858.43155144926,2,1
2024-04-02,183882.0565782124,62260.204052166584,121621.8525260458,2,1
2024-04-03,184723.3136553848,62260.204052166584,122463.10960321821,2,1
2024-04-04,183374.5941808454,62260.204052166584,121114.3901286788,2,0
2024-04-05,184187.2257068828,62260.204052166584,121927.02165471623,2,0
2024-04-08,185834.86697135365,62260.204052166584,123574.66291918707,2,1
2024-04-09,185735.6533199395,62260.204052166584,123475.44926777293,2,1
2024-04-10,184225.3911110021,62260.204052166584,121965.18705883552,2,1
2024-04-11,183910.8657921135,62260.204052166584,121650.66173994693,2,0
2024-04-12,181795.79929637787,62260.204052166584,119535.59524421129,2,0
2024-04-15,181847.6463733126,62260.204052166584,119587.44232114602,2,1
2024-04-16,179404.89220341953,62260.204052166584,117144.68815125294,2,1
2024-04-17,178518.02014413048,62260.204052166584,116257.8160919639,2,1
2024-04-18,179502.39716512375,119991.9340067316,59510.46315839216,1,0
2024-04-19,180625.50745061616,119991.9340067316,60633.573443884576,1,0
2024-04-22,181471.4979991243,119991.9340067316,61479.56399239268,1,2
2024-04-23,182507.08702168262,119991.9340067316,62515.15301495103,1,2
2024-04-24,185657.64951591997,119991.9340067316,65665.71550918836,1,2
2024-04-25,185132.5509342283,119991.9340067316,65140.61692749669,1,0
2024-04-26,185147.13007914057,119991.9340067316,65155.19607240898,1,0
2024-04-29,185910.79873054565,58261.635170134876,127649.16356041077,2,1
2024-04-30,183781.86524381922,58261.635170134876,125520.23007368435,2,1
2024-05-01,183323.4447044208,58261.635170134876,125061.80953428595,2,1
2024-05-02,184200.4439379534,58261.635170134876,125938.8087678185,2,0
2024-05-03,185869.2957361465,58261.635170134876,127607.66056601162,2,0
2024-05-06,186657.39765583642,58261.635170134876,128395.76248570156,2,1
2024-05-07,185367.31184881175,58261.635170134876,127105.67667867686,2,1
2024-05-08,185083.89656822305,58261.635170134876,126822.26139808817,2,1
2024-05-09,186488.01815916726,58261.635170134876,128226.38298903237,2,0
2024-05-10,186334.1486176793,58261.635170134876,128072.51344754442,2,0
2024-05-13,185185.38975705433,58261.635170134876,126923.75458691947,2,1
2024-05-14,186217.40782018396,58261.635170134876,127955.77265004907,2,1
2024-05-15,185020.16846825829,58261.635170134876,126758.53329812342,2,1
2024-05-16,184108.3376575802,58261.635170134876,125846.70248744535,2,0
2024-05-17,186909.02490004193,58261.635170134876,128647.38972990707,2,0
2024-05-20,186880.05375916907,58261.635170134876,128618.41858903418,2,1
2024-05-21,188172.62729645817,58261.635170134876,129910.99212632328,2,1
2024-05-22,185668.36566517554,58261.635170134876,127406.73049504065,2,1
2024-05-23,184783.38159438618,58261.635170134876,126521.7464242513,2,0
2024-05-24,185436.64112962445,58261.635170134876,127175.00595948959,2,0
2024-05-28,185243.71830757882,58261.635170134876,126982.08313744396,2,1
2024-05-29,183822.17445347173,120420.092065251,63402.082388220726,1,2
2024-05-30,183797.3064021507,59162.57991773188,124634.72648441882,2,1
2024-05-31,186897.10422823334,59162.57991773188,127734.52431050147,2,0
2024-06-03,182166.58995425105,59162.57991773188,123004.01003651916,2,1
2024-06-04,183834.17896478839,59162.57991773188,124671.5990470565,2,1
2024-06-05,183809.18425402322,59162.57991773188,124646.60433629135,2,1
2024-06-06,183602.00013508284,59162.57991773188,124439.42021735097,2,0
2024-06-07,183239.92570657106,59162.57991773188,124077.34578883919,2,0
2024-06-10,183012.1144899186,59162.57991773188,123849.53457218672,2,1
2024-06-11,184067.98863731805,59162.57991773188,124905.40871958618,2,1
2024-06-12,183561.72696453263,59162.57991773188,124399.14704680076,2,1
2024-06-13,184124.61865390683,59162.57991773188,124962.03873617495,2,0
2024-06-14,183742.76531319745,59162.57991773188,124580.18539546558,2,0
2024-06-17,185945.3192756039,59162.57991773188,126782.73935787202,2,1
2024-06-18,187757.95826789679,0.0,187757.95826789679,3,0
2024-06-20,185288.31626101572,0.0,185288.31626101572,3,0
2024-06-21,186944.73791503918,0.0,186944.73791503918,3,0
2024-06-24,187018.46018710587,0.0,187018.46018710587,3,0
2024-06-25,183471.03423808236,0.0,183471.03423808236,3,0
2024-06-26,184186.47173304184,0.0,184186.47173304184,3,0
2024-06-27,183808.41043220164,0.0,183808.41043220164,3,0
2024-06-28,185489.8479444111,0.0,185489.8479444111,3,0
2024-07-01,183222.84872490482,0.0,183222.84872490482,3,0
2024-07-02,182953.63079191864,0.0,182953.63079191864,3,0
2024-07-03,181657.98337297965,0.0,181657.98337297965,3,0
2024-07-05,182229.39024413377,0.0,182229.39024413377,3,0
2024-07-08,182083.77592742475,0.0,182083.77592742475,3,0
2024-07-09,180834.38507076394,0.0,180834.38507076394,3,0
2024-07-10,182123.98124006134,0.0,182123.98124006134,3,0
2024-07-11,185293.65488811507,0.0,185293.65488811507,3,0
2024-07-12,188103.92906320252,0.0,188103.92906320252,3,0
2024-07-15,187419.56097804935,0.0,187419.56097804935,3,0
2024-07-16,192055.65999608082,0.0,192055.65999608082,3,0
2024-07-17,193290.34193528682,0.0,193290.34193528682,3,0
2024-07-18,191028.72563615217,0.0,191028.72563615217,3,0
2024-07-19,189422.31736184342,0.0,189422.31736184342,3,0
2024-07-22,188627.88943544804,0.0,188627.88943544804,3,0
2024-07-23,187530.64477860765,0.0,187530.64477860765,3,0
2024-07-24,187391.79790585864,59228.22380953724,128163.57409632139,2,1
2024-07-25,187056.49571543967,59228.22380953724,127828.27190590242,2,0
2024-07-26,187886.79103094,59228.22380953724,128658.56722140274,2,0
2024-07-29,187266.64684892603,59228.22380953724,128038.42303938878,2,1
2024-07-30,187216.27170188905,59228.22380953724,127988.04789235181,2,1
2024-07-31,186988.92575387828,0.0,186988.92575387828,3,0
2024-08-01,188435.85953669378,0.0,188435.85953669378,3,0
2024-08-02,188728.18227362548,0.0,188728.18227362548,3,0
2024-08-05,182992.287195081,0.0,182992.287195081,3,0
2024-08-06,186337.7955531977,0.0,186337.7955531977,3,0
2024-08-07,184511.20217406988,0.0,184511.20217406988,3,0
2024-08-08,187204.69676324248,0.0,187204.69676324248,3,0
2024-08-09,187974.84173017065,0.0,187974.84173017065,3,0
2024-08-12,188964.5697293121,0.0,188964.5697293121,3,0
2024-08-13,190244.73285146104,0.0,190244.73285146104,3,0
2024-08-14,191054.88355312886,0.0,191054.88355312886,3,0
2024-08-15,189163.48329879166,0.0,189163.48329879166,3,0
2024-08-16,191545.8800985568,0.0,191545.8800985568,3,0
2024-08-19,193993.55471801327,0.0,193993.55471801327,3,0
2024-08-20,194356.62980693032,0.0,194356.62980693032,3,0
2024-08-21,195661.7973618272,0.0,195661.7973618272,3,0
2024-08-22,196001.60899454547,0.0,196001.60899454547,3,0
2024-08-23,199230.30642875266,69650.77531069904,129579.53111805364,2,0
2024-08-26,199301.94635224677,69650.77531069904,129651.17104154773,2,1
2024-08-27,200050.9911211679,69650.77531069904,130400.21581046887,2,1
2024-08-28,197663.88841968303,69650.77531069904,128013.11310898399,2,1
2024-08-29,199607.02051676915,69650.77531069904,129956.24520607012,2,0
2024-08-30,200406.92199366572,69650.77531069904,130756.14668296668,2,0
2024-09-03,198715.79758265225,69650.77531069904,129065.0222719532,2,1
2024-09-04,197782.9465942082,69650.77531069904,128132.17128350913,2,1
2024-09-05,197018.7880292029,3763.9222732171474,193254.86575598575,3,0
2024-09-06,194470.64527510994,3763.9222732171474,190706.7230018928,3,0
2024-09-09,195999.00875566414,3763.9222732171474,192235.086482447,3,0
2024-09-10,197659.6820009817,3763.9222732171474,193895.75972776455,3,0
2024-09-11,196243.0577494811,3763.9222732171474,192479.13547626394,3,0
2024-09-12,199037.01470673925,70050.90258751015,128986.1121192291,2,0
2024-09-13,200496.37995674394,70050.90258751015,130445.47736923379,2,0
2024-09-16,200203.76487962503,70050.90258751015,130152.86229211488,2,1
2024-09-17,200016.4572208066,70050.90258751015,129965.55463329644,2,1
2024-09-18,199246.1893429946,70050.90258751015,129195.28675548444,2,1
2024-09-19,199527.20708302,70050.90258751015,129476.30449550986,2,0
2024-09-20,200624.27648472541,70050.90258751015,130573.37389721526,2,0
2024-09-23,200738.18374494452,70050.90258751015,130687.28115743437,2,1
2024-09-24,202393.55025625633,70050.90258751015,132342.64766874618,2,1
2024-09-25,201298.52132430515,70050.90258751015,131247.618736795,2,1
2024-09-26,201490.98753619537,70050.90258751015,131440.08494868522,2,0
2024-09-27,200992.68512567825,70050.90258751015,130941.7825381681,2,0
2024-09-30,200910.80185797374,3064.4371041386185,197846.36475383514,3,0
2024-10-01,199492.96996532672,3064.4371041386185,196428.5328611881,3,0
2024-10-02,198961.32246319723,3064.4371041386185,195896.88535905862,3,0
2024-10-03,196839.52949370496,3064.4371041386185,193775.09238956633,3,0
2024-10-04,196737.80143389874,66022.21630140481,130715.58513249391,2,0
2024-10-07,194260.65506533525,907.1015433414359,193353.5535219938,3,0
2024-10-08,196200.57830372386,907.1015433414359,195293.47676038241,3,0
2024-10-09,195158.52503648397,907.1015433414359,194251.42349314253,3,0
2024-10-10,195645.60562164595,907.1015433414359,194738.5040783045,3,0
2024-10-11,199697.82191341824,907.1015433414359,198790.7203700768,3,0
2024-10-14,201333.68759296875,907.1015433414359,200426.5860496273,3,0
2024-10-15,204079.27341002584,907.1015433414359,203172.1718666844,3,0
2024-10-16,204098.46846953392,907.1015433414359,203191.36692619248,3,0
2024-10-17,205063.07857372347,907.1015433414359,204155.97703038203,3,0
2024-10-18,207694.75210580134,907.1015433414359,206787.6505624599,3,0
2024-10-21,205864.4510819549,907.1015433414359,204957.34953861346,3,0
2024-10-22,206744.07711779742,907.1015433414359,205836.97557445598,3,0
2024-10-23,204815.99657809708,71082.11181986713,133733.88475822995,2,1
2024-10-24,204345.99540321776,71082.11181986713,133263.88358335063,2,0
2024-10-25,204070.38098170285,71082.11181986713,132988.26916183572,2,0
2024-10-28,203862.8562548491,71082.11181986713,132780.74443498196,2,1
2024-10-29,204489.34124015513,71082.11181986713,133407.229420288,2,1
2024-10-30,204199.92726334304,71082.11181986713,133117.8154434759,2,1
2024-10-31,201512.87116562383,71082.11181986713,130430.7593457567,2,0
2024-11-01,201605.87547357805,71082.11181986713,130523.76365371092,2,0
2024-11-04,202782.3061137635,71082.11181986713,131700.19429389638,2,1
2024-11-05,205006.90326337746,71082.11181986713,133924.79144351033,2,1
2024-11-06,209171.72928051007,71082.11181986713,138089.61746064294,2,1
2024-11-07,205857.03356697352,131622.28413288493,74234.74943408858,1,0
2024-11-08,205869.17991624906,131622.28413288493,74246.89578336415,1,0
2024-11-11,207938.53601006957,62324.530793776474,145614.0052162931,2,1
2024-11-12,206776.8008008043,62324.530793776474,144452.27000702784,2,1
2024-11-13,206086.22478754123,62324.530793776474,143761.69399376475,2,1
2024-11-14,202522.26187480625,62324.530793776474,140197.73108102978,2,0
2024-11-15,200438.28552763784,62324.530793776474,138113.75473386137,2,0
2024-11-18,201283.79281685458,62324.530793776474,138959.2620230781,2,1
2024-11-19,202378.6912755003,62324.530793776474,140054.16048172384,2,1
2024-11-20,204174.62987563576,62324.530793776474,141850.09908185928,2,1
2024-11-21,204862.0970259332,62324.530793776474,142537.56623215674,2,0
2024-11-22,206519.901490748,62324.530793776474,144195.3706969715,2,0
2024-11-25,206981.12618618333,62324.530793776474,144656.59539240686,2,1
2024-11-26,206593.41428641588,62324.530793776474,144268.8834926394,2,1
2024-11-27,200080.79209620945,62324.530793776474,137756.26130243298,2,1
2024-11-29,200351.73384492024,62324.530793776474,138027.20305114376,2,0
2024-12-02,201432.97695191592,62324.530793776474,139108.44615813944,2,1
2024-12-03,202791.58457632634,62324.530793776474,140467.05378254986,2,1
2024-12-04,203958.94179064766,62324.530793776474,141634.4109968712,2,1
2024-12-05,203777.37682095097,62324.530793776474,141452.8460271745,2,0
2024-12-06,203861.3435128962,62324.530793776474,141536.8127191197,2,0
2024-12-09,203979.9365229044,62324.530793776474,141655.40572912793,2,1
2024-12-10,205304.08492938543,62324.530793776474,142979.55413560895,2,1
2024-12-11,205815.24444227925,62324.530793776474,143490.71364850277,2,1
2024-12-12,205834.42409401247,62324.530793776474,143509.893300236,2,0
2024-12-13,203879.8610885412,62324.530793776474,141555.33029476472,2,0
2024-12-16,203186.1905576702,62324.530793776474,140861.65976389372,2,1
2024-12-17,202142.44874748148,62324.530793776474,139817.917953705,2,1
2024-12-18,200022.75358806585,0.0,200022.75358806585,3,0
2024-12-19,198791.38660698917,0.0,198791.38660698917,3,0
2024-12-20,204442.855939695,0.0,204442.855939695,3,0
2024-12-23,203775.00088179854,72285.99449536961,131489.00638642893,2,1
2024-12-24,204690.6236217228,72285.99449536961,132404.6291263532,2,1
2024-12-26,205248.586007022,72285.99449536961,132962.5915116524,2,1
2024-12-27,204337.21836716557,72285.99449536961,132051.22387179596,2,0
2024-12-30,202926.90236947805,72285.99449536961,130640.90787410844,2,1
2024-12-31,202413.6572509839,72285.99449536961,130127.66275561429,2,1
2025-01-02,200872.91654405993,72285.99449536961,128586.92204869034,2,1
2025-01-03,206309.4414248597,72285.99449536961,134023.44692949008,2,0
2025-01-06,207897.37421672177,72285.99449536961,135611.37972135216,2,1
2025-01-07,207521.25467219442,72285.99449536961,135235.2601768248,2,1
2025-01-08,209252.4448640797,72285.99449536961,136966.4503687101,2,1
2025-01-10,209590.8166958235,72285.99449536961,137304.8222004539,2,0
2025-01-13,208459.22680851712,72285.99449536961,136173.2323131475,2,1
2025-01-14,209322.31967160437,72285.99449536961,137036.32517623476,2,1
2025-01-15,209638.84607401205,72285.99449536961,137352.85157864244,2,1
2025-01-16,213366.5112057702,72285.99449536961,141080.51671040058,2,0
2025-01-17,214632.6281955225,72285.99449536961,142346.6337001529,2,0
2025-01-21,216797.07150502125,72285.99449536961,144511.07700965164,2,1
2025-01-22,218126.5328386687,72285.99449536961,145840.5383432991,2,1
2025-01-23,218718.38078812504,72285.99449536961,146432.38629275543,2,1
2025-01-24,220446.94302030426,72285.99449536961,148160.94852493465,2,0
2025-01-27,213145.56220114417,72285.99449536961,140859.56770577456,2,1
2025-01-28,214144.2500919999,72285.99449536961,141858.25559663028,2,1
2025-01-29,214099.45823849167,72285.99449536961,141813.46374312206,2,1
2025-01-30,215577.538294545,72285.99449536961,143291.5437991754,2,0
2025-01-31,215059.51166674588,72285.99449536961,142773.51717137627,2,0
2025-02-03,213877.7147649934,72285.99449536961,141591.7202696238,2,1
2025-02-04,214824.83118779922,72285.99449536961,142538.8366924296,2,1
2025-02-05,217191.15268874276,72285.99449536961,144905.15819337315,2,1
2025-02-06,218892.3456835419,72285.99449536961,146606.3511881723,2,0
2025-02-07,217585.57329389377,143485.20720124576,74100.366092648,1,0
2025-02-10,218082.83072300177,143485.20720124576,74597.623521756,1,2
2025-02-11,218441.21698626722,143485.20720124576,74956.00978502145,1,2
2025-02-12,219117.67097254237,143485.20720124576,75632.46377129662,1,2
2025-02-13,219045.9882390342,143485.20720124576,75560.78103778845,1,0
2025-02-14,219484.99788067339,143485.20720124576,75999.7906794276,1,0
2025-02-18,219641.87365548656,143485.20720124576,76156.66645424078,1,2
2025-02-19,219269.87431839135,143485.20720124576,75784.66711714558,1,2
2025-02-20,217938.74589375485,143485.20720124576,74453.53869250909,1,2
2025-02-21,216365.59661048223,143485.20720124576,72880.38940923646,1,0
2025-02-24,215208.0497437858,71887.72475884257,143320.32498494323,2,1
2025-02-25,214456.00030370377,71887.72475884257,142568.27554486122,2,1
2025-02-26,215231.88348242344,71887.72475884257,143344.15872358088,2,1
2025-02-27,212042.99772203027,71887.72475884257,140155.27296318772,2,0
2025-02-28,213426.59980572644,71887.72475884257,141538.87504688388,2,0
2025-03-03,209873.55076213396,71887.72475884257,137985.82600329138,2,1
2025-03-04,206696.254095199,71887.72475884257,134808.5293363564,2,1
2025-03-05,207463.54564570845,71887.72475884257,135575.8208868659,2,1
2025-03-06,200747.8578319949,71887.72475884257,128860.1330731523,2,0
2025-03-07,204598.08284070843,71887.72475884257,132710.35808186585,2,0
2025-03-10,203079.93610641884,71887.72475884257,131192.21134757626,2,1
2025-03-11,199262.37971110464,71887.72475884257,127374.65495226208,2,1
2025-03-12,199973.45796430466,71887.72475884257,128085.73320546211,2,1
2025-03-13,197133.544974232,71887.72475884257,125245.82021538944,2,0
2025-03-14,201264.29848608607,71887.72475884257,129376.57372724349,2,0
2025-03-17,204988.47378797224,71887.72475884257,133100.74902912969,2,1
2025-03-18,204100.60948905698,132671.42851606858,71429.1809729884,1,2
2025-03-19,204235.5564808097,132671.42851606858,71564.12796474111,1,2
2025-03-20,203574.01568469626,132671.42851606858,70902.5871686277,1,0
2025-03-21,204518.5938606603,132671.42851606858,71847.16534459172,1,0
2025-03-24,206285.97707696375,132671.42851606858,73614.54856089519,1,2
2025-03-25,206210.2794396895,132671.42851606858,73538.85092362092,1,2
2025-03-26,205973.3074049282,132671.42851606858,73301.87888885963,1,2
2025-03-27,206993.5933714275,132671.42851606858,74322.1648553589,1,0
2025-03-28,204666.69947864965,132671.42851606858,71995.27096258108,1,0
2025-03-31,204577.83306187775,132671.42851606858,71906.40454580917,1,2
2025-04-01,205374.3106964829,132671.42851606858,72702.88218041431,1,2
2025-04-02,204577.83306187775,132671.42851606858,71906.40454580917,1,2
2025-04-03,202915.77977503347,132671.42851606858,70244.3512589649,1,0
2025-04-04,197873.6399100595,132671.42851606858,65202.2113939909,1,0
2025-04-07,196166.8229117212,196166.8229117212,0.0,0,2
2025-04-08,196166.8229117212,196166.8229117212,0.0,0,2
2025-04-09,196166.8229117212,196166.8229117212,0.0,0,2
2025-04-10,196166.8229117212,196166.8229117212,0.0,0,0
2025-04-11,196166.8229117212,196166.8229117212,0.0,0,0
2025-04-14,196166.8229117212,196166.8229117212,0.0,0,1
2025-04-15,196166.8229117212,196166.8229117212,0.0,0,1
2025-04-16,196166.8229117212,196166.8229117212,0.0,0,1
2025-04-17,196166.8229117212,196166.8229117212,0.0,0,0
2025-04-21,196166.8229117212,196166.8229117212,0.0,0,0
2025-04-22,196166.8229117212,196166.8229117212,0.0,0,0
2025-04-23,196166.8229117212,196166.8229117212,0.0,0,0
2025-04-24,196166.8229117212,196166.8229117212,0.0,0,0
2025-04-25,196166.8229117212,196166.8229117212,0.0,0,0
2025-04-28,196166.8229117212,196166.8229117212,0.0,0,1
2025-04-29,196166.8229117212,196166.8229117212,0.0,0,1
2025-04-30,196166.8229117212,196166.8229117212,0.0,0,1
2025-05-01,196166.8229117212,196166.8229117212,0.0,0,0
2025-05-02,196166.8229117212,196166.8229117212,0.0,0,0
2025-05-05,196166.8229117212,196166.8229117212,0.0,0,1
2025-05-06,196166.8229117212,196166.8229117212,0.0,0,1
2025-05-07,196166.8229117212,196166.8229117212,0.0,0,1
2025-05-08,196166.8229117212,196166.8229117212,0.0,0,0
2025-05-09,196166.8229117212,196166.8229117212,0.0,0,0
2025-05-12,196166.8229117212,196166.8229117212,0.0,0,3
2025-05-13,196166.8229117212,196166.8229117212,0.0,0,3
2025-05-14,196166.8229117212,196166.8229117212,0.0,0,3
2025-05-15,196166.8229117212,196166.8229117212,0.0,0,0
2025-05-16,196166.8229117212,196166.8229117212,0.0,0,0
2025-05-19,197031.58944357472,130777.88194114747,66253.70750242726,1,2
2025-05-20,199744.35757360497,130777.88194114747,68966.47563245751,1,2
2025-05-21,198786.1198843204,130777.88194114747,68008.23794317292,1,2
2025-05-22,198691.6393091576,130777.88194114747,67913.75736801012,1,0
2025-05-23,199197.76123378566,130777.88194114747,68419.8792926382,1,0
2025-05-27,198921.08012768094,130777.88194114747,68143.19818653347,1,2
2025-05-28,196754.9135904765,130777.88194114747,65977.03164932904,1,2
2025-05-29,196282.5474857081,130777.88194114747,65504.66554456064,1,2
2025-05-30,196404.00750232738,130777.88194114747,65626.12556117991,1,0
2025-06-02,196350.02235438186,130777.88194114747,65572.14041323439,1,2
2025-06-03,206742.23950248872,130777.88194114747,75964.35756134125,1,2
2025-06-04,206202.3775170205,130777.88194114747,75424.49557587304,1,2
2025-06-05,207599.2517562464,130777.88194114747,76821.36981509894,1,0
2025-06-06,207356.32121699484,130777.88194114747,76578.43927584736,1,0
2025-06-09,207241.60080773314,130777.88194114747,76463.71886658568,1,2
2025-06-10,205844.72131550073,130777.88194114747,75066.83937435328,1,2
2025-06-11,205986.43167223193,130777.88194114747,75208.54973108445,1,2
2025-06-12,206249.61255159538,130777.88194114747,75471.73061044792,1,0
2025-06-13,206141.64750871086,130777.88194114747,75363.7655675634,1,0
2025-06-16,207407.71949762257,61625.36814130905,145782.3513563135,2,1
2025-06-17,207674.11730140273,61625.36814130905,146048.7491600937,2,1
2025-06-18,206683.42150084517,61625.36814130905,145058.0533595361,2,1
2025-06-20,206107.8938781129,61625.36814130905,144482.52573680386,2,0
2025-06-23,209891.69957580982,61625.36814130905,148266.33143450078,2,1
2025-06-24,207156.11259933893,61625.36814130905,145530.74445802986,2,1
2025-06-25,206756.0452309535,61625.36814130905,145130.67708964442,2,1
2025-06-26,208005.09417977365,61625.36814130905,146379.72603846458,2,0
2025-06-27,206344.07726726035,61625.36814130905,144718.70912595128,2,0
2025-06-30,208080.29048706457,61625.36814130905,146454.9223457555,2,1
2025-07-01,209528.6550040032,0.0,209528.6550040032,3,0
2025-07-02,209276.86841738023,0.0,209276.86841738023,3,0
2025-07-03,207944.09036284938,0.0,207944.09036284938,3,0
2025-07-07,210111.68955135514,0.0,210111.68955135514,3,0
2025-07-08,204812.62899523776,0.0,204812.62899523776,3,0
2025-07-09,206070.64546046001,0.0,206070.64546046001,3,0
2025-07-10,207215.21885532647,0.0,207215.21885532647,3,0
2025-07-11,207871.393172785,0.0,207871.393172785,3,0
2025-07-14,210234.22537080862,0.0,210234.22537080862,3,0
2025-07-15,203943.15215304046,0.0,203943.15215304046,3,0
2025-07-16,202194.15117174678,56347.40456623509,145846.7466055117,2,1
2025-07-17,199381.839030065,56347.40456623509,143034.4344638299,2,0
2025-07-18,200202.9303102285,56347.40456623509,143855.5257439934,2,0
2025-07-21,200499.64641939235,56347.40456623509,144152.24185315726,2,1
2025-07-22,204354.43786871177,0.0,204354.43786871177,3,0
2025-07-23,203589.83973953273,0.0,203589.83973953273,3,0
2025-07-24,202931.9907564588,0.0,202931.9907564588,3,0
2025-07-25,207179.56335842886,0.0,207179.56335842886,3,0
2025-07-28,202817.70340573642,0.0,202817.70340573642,3,0
2025-07-29,204728.29061144197,0.0,204728.29061144197,3,0
2025-07-30,201527.25952027057,0.0,201527.25952027057,3,0
2025-07-31,200572.53674882196,0.0,200572.53674882196,3,0
2025-08-01,202284.53575538174,0.0,202284.53575538174,3,0
2025-08-04,207504.45812026807,0.0,207504.45812026807,3,0
2025-08-05,209380.97846588888,0.0,209380.97846588888,3,0
2025-08-06,211013.6309593214,0.0,211013.6309593214,3,0
2025-08-07,214495.91045438484,0.0,214495.91045438484,3,0
2025-08-08,214441.03894007768,0.0,214441.03894007768,3,0
2025-08-11,212774.00679871114,53195.278907935004,159578.72789077612,2,1
2025-08-12,213635.39288845684,0.0,213635.39288845684,3,0
2025-08-13,212929.98578458707,78535.68323797255,134394.30254661452,2,1
2025-08-14,212973.83760238872,78535.68323797255,134438.15436441617,2,0
2025-08-15,214194.6072932896,78535.68323797255,135658.92405531704,2,0
2025-08-18,212591.57023583696,78535.68323797255,134055.8869978644,2,1
2025-08-19,209588.3163561809,78535.68323797255,131052.63311820835,2,1
2025-08-20,211259.5688452262,78535.68323797255,132723.88560725364,2,1
2025-08-21,211971.20659535128,78535.68323797255,133435.52335737873,2,0
2025-08-22,213843.27998252682,78535.68323797255,135307.59674455426,2,0
2025-08-25,213403.15418566484,7157.470050156102,206245.68413550872,3,0
2025-08-26,214574.68995718617,7157.470050156102,207417.21990703008,3,0
2025-08-27,213545.1215279745,7157.470050156102,206387.65147781838,3,0
2025-08-28,214362.63352548768,7157.470050156102,207205.16347533156,3,0
2025-08-29,214730.84454655292,7157.470050156102,207573.3744963968,3,0
2025-09-02,213819.48641417606,7157.470050156102,206662.01636401998,3,0
2025-09-03,213831.46561546554,7157.470050156102,206673.99556530945,3,0
2025-09-04,214819.01290138223,7157.470050156102,207661.5428512261,3,0
2025-09-05,215323.83040057495,7157.470050156102,208166.36035041886,3,0
2025-09-08,215027.91109775467,7157.470050156102,207870.44104759858,3,0
2025-09-09,215753.68354561218,1019.4605257817893,214734.2230198304,3,0
2025-09-10,214998.18651133712,22773.992000723563,192224.19451061357,3,0
2025-09-11,214983.82376195374,22773.992000723563,192209.8317612302,3,0
2025-09-12,214480.09314709768,22773.992000723563,191706.10114637413,3,0
2025-09-15,216324.6663129516,22773.992000723563,193550.67431222805,3,0
2025-09-16,216782.88023435685,22773.992000723563,194008.8882336333,3,0
2025-09-17,217593.60416523356,22773.992000723563,194819.61216450998,3,0
2025-09-18,218652.93650631403,22773.992000723563,195878.94450559048,3,0
2025-09-19,218892.18663860357,22773.992000723563,196118.19463788002,3,0
2025-09-22,215528.42237084312,22773.992000723563,192754.43037011957,3,0
2025-09-23,212564.24573383562,22773.992000723563,189790.25373311204,3,0
2025-09-24,212372.58238950424,89418.61524046338,122953.96714904085,2,1
2025-09-25,211357.90726805903,89418.61524046338,121939.29202759566,2,0
2025-09-26,211602.77799398045,89418.61524046338,122184.16275351707,2,0
2025-09-29,210669.1672645755,19109.90988605471,191559.2573785208,3,0
2025-09-30,210730.7513297482,19109.90988605471,191620.84144369347,3,0
2025-10-01,208893.32131469023,19109.90988605471,189783.41142863553,3,0
2025-10-02,209699.14828015427,19109.90988605471,190589.23839409958,3,0
2025-10-03,209289.54576267517,19109.90988605471,190179.63587662048,3,0
2025-10-06,208989.41249704902,0.0,208989.41249704902,3,0
2025-10-07,208652.6639964154,0.0,208652.6639964154,3,0
2025-10-08,206728.30942824797,0.0,206728.30942824797,3,0
2025-10-09,205395.33482011786,0.0,205395.33482011786,3,0
2025-10-10,202940.3975263699,67388.11253782826,135552.28498854165,2,0
2025-10-13,202852.90221621504,67388.11253782826,135464.78967838676,2,1
2025-10-14,206054.71611978364,67388.11253782826,138666.6035819554,2,1
2025-10-15,204503.39624766045,67388.11253782826,137115.2837098322,2,1
2025-10-16,202816.636534259,67388.11253782826,135428.52399643074,2,0
2025-10-17,204040.8121600878,67388.11253782826,136652.69962225956,2,0
2025-10-20,205381.7441712384,67388.11253782826,137993.63163341014,2,1
2025-10-21,205711.20481456287,67388.11253782826,138323.09227673462,2,1
2025-10-22,206237.39641180844,67388.11253782826,138849.28387398017,2,1
2025-10-23,205734.91362262983,67388.11253782826,138346.80108480155,2,0
2025-10-24,207077.51295923628,67388.11253782826,139689.400421408,2,0
2025-10-27,210081.09922362072,67388.11253782826,142692.98668579245,2,1
2025-10-28,209848.1039248996,67388.11253782826,142459.99138707132,2,1
2025-10-29,210179.37853143283,67388.11253782826,142791.26599360455,2,1
2025-10-30,209503.2208961015,67388.11253782826,142115.10835827322,2,0
2025-10-31,208326.66987054102,67388.11253782826,140938.55733271275,2,0
2025-11-03,209291.16255810542,67388.11253782826,141903.05002027718,2,1
2025-11-04,211601.7788770016,67388.11253782826,144213.66633917333,2,1
2025-11-05,210315.04622004024,67388.11253782826,142926.93368221197,2,1
2025-11-06,209769.20019819844,67388.11253782826,142381.08766037016,2,0
2025-11-07,210885.70811879454,67388.11253782826,143497.59558096627,2,0
2025-11-10,208649.14373491192,67388.11253782826,141261.03119708368,2,1
2025-11-11,209531.5945037732,67388.11253782826,142143.48196594496,2,1
2025-11-12,210824.6984307143,67388.11253782826,143436.58589288607,2,1
2025-11-13,209437.11834570812,67388.11253782826,142049.00580787988,2,0
2025-11-14,208734.25901011907,67388.11253782826,141346.1464722908,2,0
2025-11-17,209056.25827045663,129654.73184478378,79401.52642567284,1,2
2025-11-18,209229.3428210578,129654.73184478378,79574.61097627402,1,2
2025-11-19,209715.30706388553,129654.73184478378,80060.57521910175,1,2
2025-11-20,208919.7895227197,129654.73184478378,79265.05767793593,1,0
2025-11-21,211369.57419420744,129654.73184478378,81714.84234942368,1,0
2025-11-24,213473.38952166983,58641.237350781055,154832.1521708888,2,1
2025-11-25,217612.66668355925,58641.237350781055,158971.4293327782,2,1
2025-11-26,216114.8923951547,58641.237350781055,157473.65504437365,2,1
2025-11-28,214633.4523525412,58641.237350781055,155992.21500176014,2,0
2025-12-01,212171.56606307224,58641.237350781055,153530.3287122912,2,1
2025-12-02,211123.84162562847,58641.237350781055,152482.60427484743,2,1
2025-12-03,209079.7531271421,58641.237350781055,150438.51577636105,2,1
2025-12-04,208790.64660619973,58641.237350781055,150149.4092554187,2,0
2025-12-05,207314.51373958687,58641.237350781055,148673.27638880583,2,0
2025-12-08,205637.8626408578,58641.237350781055,146996.62529007674,2,1
2025-12-09,205358.11993952416,58641.237350781055,146716.8825887431,2,1
2025-12-10,203384.25969236734,58641.237350781055,144743.0223415863,2,1
2025-12-11,205371.8764552652,58641.237350781055,146730.63910448417,2,0
2025-12-12,204290.80291881255,58641.237350781055,145649.5655680315,2,0
2025-12-15,203540.37374779646,58641.237350781055,144899.13639701542,2,1
2025-12-16,201581.1656550867,123279.9115037678,78301.25415131889,1,2
2025-12-17,201924.51267020294,123279.9115037678,78644.60116643515,1,2
2025-12-18,201042.80943501095,123279.9115037678,77762.89793124315,1,0
2025-12-19,202112.85380533087,123279.9115037678,78832.94230156309,1,0
2025-12-22,201954.5113434177,201954.5113434177,0.0,0,3
2025-12-23,201954.5113434177,201954.5113434177,0.0,0,3
2025-12-24,201954.5113434177,201954.5113434177,0.0,0,3
2025-12-26,201954.5113434177,201954.5113434177,0.0,0,0
2025-12-29,201954.5113434177,201954.5113434177,0.0,0,3
2025-12-30,201954.5113434177,201954.5113434177,0.0,0,3
2025-12-31,201954.5113434177,201954.5113434177,0.0,0,3
2026-01-02,201954.5113434177,201954.5113434177,0.0,0,0
2026-01-05,207584.31012726342,66970.11024798443,140614.19987927898,2,1
2026-01-06,206181.86386039713,66970.11024798443,139211.75361241272,2,1
2026-01-07,204763.98151048372,66970.11024798443,137793.8712624993,2,1
2026-01-08,207624.49392411154,66970.11024798443,140654.38367612712,2,0
2026-01-09,210048.18410934584,66970.11024798443,143078.07386136142,2,0
2026-01-12,208618.46938585897,0.0,208618.46938585897,3,0
2026-01-13,210339.59430205,0.0,210339.59430205,3,0
2026-01-14,214882.50198947533,0.0,214882.50198947533,3,0
2026-01-15,216863.63858437148,0.0,216863.63858437148,3,0
2026-01-16,215042.73550139656,0.0,215042.73550139656,3,0
2026-01-20,215425.83755597065,0.0,215425.83755597065,3,0
2026-01-21,221646.83519742102,0.0,221646.83519742102,3,0
2026-01-22,223208.70187962078,0.0,223208.70187962078,3,0
2026-01-23,222851.4758665699,0.0,222851.4758665699,3,0
2026-01-26,223592.3866710678,0.0,223592.3866710678,3,0
2026-01-27,225027.37756932763,0.0,225027.37756932763,3,0
2026-01-28,220644.34714121284,0.0,220644.34714121284,3,0
2026-01-29,218837.97055902617,0.0,218837.97055902617,3,0
2026-01-30,216767.1488234242,0.0,216767.1488234242,3,0
2026-02-02,215625.65988546866,0.0,215625.65988546866,3,0
2026-02-03,218553.08035563244,0.0,218553.08035563244,3,0
2026-02-04,217739.64920335705,0.0,217739.64920335705,3,0
2026-02-05,214437.47695305955,0.0,214437.47695305955,3,0
2026-02-06,220375.7101283501,0.0,220375.7101283501,3,0
2026-02-09,222356.7717636852,0.0,222356.7717636852,3,0
2026-02-10,219793.2136551456,0.0,219793.2136551456,3,0
2026-02-11,226162.37807198957,0.0,226162.37807198957,3,0
2026-02-12,224292.1253592017,0.0,224292.1253592017,3,0
2026-02-13,225097.70504896532,0.0,225097.70504896532,3,0
2026-02-17,224581.889021867,0.0,224581.889021867,3,0
2026-02-18,226660.68868280083,0.0,226660.68868280083,3,0
2026-02-19,229714.5541927479,0.0,229714.5541927479,3,0
2026-02-20,228111.47364478826,0.0,228111.47364478826,3,0
2026-02-23,226750.45490915875,0.0,226750.45490915875,3,0
2026-02-24,230029.95693286712,0.0,230029.95693286712,3,0
2026-02-25,228238.09556870145,0.0,228238.09556870145,3,0
2026-02-26,227446.3668674793,0.0,227446.3668674793,3,0
2026-02-27,227518.00521020486,0.0,227518.00521020486,3,0
2026-03-02,228101.4463758034,0.0,228101.4463758034,3,0
2026-03-03,220198.17539884735,0.0,220198.17539884735,3,0
2026-03-04,217904.18137666836,0.0,217904.18137666836,3,0
2026-03-05,214263.27700522283,0.0,214263.27700522283,3,0
2026-03-06,215717.48969155588,0.0,215717.48969155588,3,0
2026-03-09,220564.7512719856,0.0,220564.7512719856,3,0
2026-03-10,221550.27525477056,0.0,221550.27525477056,3,0
2026-03-11,224878.9277737119,0.0,224878.9277737119,3,0
2026-03-12,223280.04312157183,0.0,223280.04312157183,3,0
2026-03-13,219793.75478135856,0.0,219793.75478135856,3,0
2026-03-16,220782.83928456384,0.0,220782.83928456384,3,0
2026-03-17,225543.33260545542,0.0,225543.33260545542,3,0
2026-03-18,226356.4585329044,0.0,226356.4585329044,3,0
2026-03-19,228557.0064911309,0.0,228557.0064911309,3,0
2026-03-20,222886.38600749453,0.0,222886.38600749453,3,0
2026-03-23,228601.58272334473,0.0,228601.58272334473,3,0
2026-03-24,234264.348367637,0.0,234264.348367637,3,0
2026-03-25,236021.61724866217,0.0,236021.61724866217,3,0
2026-03-26,233898.25346335623,0.0,233898.25346335623,3,0
2026-03-27,239508.30626329224,0.0,239508.30626329224,3,0
2026-03-30,234100.04783093443,0.0,234100.04783093443,3,0
2026-03-31,236471.7787746833,88682.56963114327,147789.20914354004,2,1
2026-04-01,238447.39697230994,88682.56963114327,149764.82734116667,2,1
2026-04-02,238410.29366297973,88682.56963114327,149727.72403183646,2,0
2026-04-06,238398.71613731387,88682.56963114327,149716.1465061706,2,1
2026-04-07,237443.87881949023,88682.56963114327,148761.30918834696,2,1
2026-04-08,241061.65135578733,174224.2898459005,66837.36150988683,1,2
2026-04-09,242007.39395824194,174224.2898459005,67783.10411234145,1,0
2026-04-10,242177.27496585023,174224.2898459005,67952.98511994972,1,0
2026-04-13,242656.48702194143,174224.2898459005,68432.19717604094,1,2
2026-04-14,243395.59241723397,174224.2898459005,69171.3025713335,1,2
2026-04-15,241027.4252493616,174224.2898459005,66803.13540346111,1,2
2026-04-16,240364.38562937028,174224.2898459005,66140.09578346979,1,0
2026-04-17,242121.49650170474,174224.2898459005,67897.20665580423,1,0
2026-04-20,243472.92323909927,174224.2898459005,69248.63339319876,1,2
2026-04-21,243838.03275172767,174224.2898459005,69613.74290582718,1,2
2026-04-22,243919.1742353288,174224.2898459005,69694.88438942829,1,2
2026-04-23,244946.05056036264,174224.2898459005,70721.76071446214,1,0
2026-04-24,244340.06997312457,174224.2898459005,70115.78012722408,1,0
2026-04-27,244627.8486638877,174224.2898459005,70403.55881798723,1,2
2026-04-28,243280.22482720716,174224.2898459005,69055.93498130668,1,2
2026-04-29,243434.8864709377,243434.8864709377,0.0,0,3
2026-04-30,243434.8864709377,243434.8864709377,0.0,0,0
2026-05-01,243434.8864709377,243434.8864709377,0.0,0,0
2026-05-04,242339.3211988415,162289.92431395844,80049.39688488307,1,2
2026-05-05,242934.05700527073,162289.92431395844,80644.13269131229,1,2
2026-05-06,241316.7889201725,162289.92431395844,79026.86460621406,1,2
2026-05-07,239177.83044042904,162289.92431395844,76887.9061264706,1,0
2026-05-08,239136.0936167604,162289.92431395844,76846.16930280194,1,0
2026-05-11,240169.0541309827,162289.92431395844,77879.12981702425,1,2
2026-05-12,239751.69385478136,162289.92431395844,77461.76954082292,1,2
2026-05-13,239323.90534302674,162289.92431395844,77033.98102906828,1,2
2026-05-14,237904.88518023328,162289.92431395844,75614.96086627484,1,0
2026-05-15,236976.26274494,162289.92431395844,74686.33843098157,1,0
2026-05-18,236308.48948721195,162289.92431395844,74018.5651732535,1,2
2026-05-19,234357.3283252567,234357.3283252567,0.0,0,3
2026-05-20,234357.3283252567,234357.3283252567,0.0,0,3
2026-05-21,234357.3283252567,234357.3283252567,0.0,0,0
2026-05-22,234357.3283252567,234357.3283252567,0.0,0,0
2026-05-26,234357.3283252567,234357.3283252567,0.0,0,3
2026-05-27,234357.3283252567,234357.3283252567,0.0,0,3
2026-05-28,234357.3283252567,234357.3283252567,0.0,0,3
2026-05-29,234357.3283252567,234357.3283252567,0.0,0,0
